MaCongNoPhaiTra,MaDonMuaHang,MaNhaCungCap,NgayHoaDon,HanThanhToan,SoTien,DaTra,ConLai
CNT000001,PO001713,NCC036,2024-08-04 01:55:44,2024-09-18 01:55:44,14282400.0,4929600.0,9352800.0
CNT000002,PO002763,NCC043,2024-08-05 03:06:24,2024-09-19 03:06:24,32234400.0,32115600.0,118800.0
CNT000003,PO002728,NCC028,2024-08-02 09:42:54,2024-09-16 09:42:54,6858500.0,6858500.0,0.0
CNT000004,PO001710,NCC016,2024-08-06 14:15:59,2024-09-20 14:15:59,26290800.0,26290800.0,0.0
CNT000005,PO001471,NCC002,2024-08-02 20:55:18,2024-09-16 20:55:18,250722400.0,250722400.0,0.0
CNT000006,PO003336,NCC042,2024-08-02 21:41:29,2024-09-16 21:41:29,100176500.0,100176500.0,0.0
CNT000007,PO002715,NCC017,2024-08-06 12:43:38,2024-09-20 12:43:38,112103500.0,112103500.0,0.0
CNT000008,PO002668,NCC041,2024-08-05 16:29:08,2024-09-19 16:29:08,292787500.0,292787500.0,0.0
CNT000009,PO003230,NCC013,2024-08-05 16:41:53,2024-09-19 16:41:53,12765600.0,12765600.0,0.0
CNT000010,PO001720,NCC010,2024-08-07 07:58:21,2024-09-21 07:58:21,74823700.0,65923100.0,8900600.0
CNT000011,PO003378,NCC025,2024-08-06 20:27:26,2024-09-20 20:27:26,562781100.0,81611400.0,481169700.0
CNT000012,PO001240,NCC044,2024-08-08 21:02:30,2024-09-22 21:02:30,43232600.0,43232600.0,0.0
CNT000013,PO002796,NCC031,2024-08-07 21:47:48,2024-09-21 21:47:48,20473600.0,20473600.0,0.0
CNT000014,PO002660,NCC002,2024-08-05 03:14:53,2024-09-19 03:14:53,13986000.0,493900.0,13492100.0
CNT000015,PO002328,NCC003,2024-08-09 05:24:12,2024-09-23 05:24:12,20182800.0,3504400.0,16678400.0
CNT000016,PO001425,NCC008,2024-08-07 05:46:22,2024-09-21 05:46:22,21926000.0,21926000.0,0.0
CNT000017,PO002287,NCC015,2024-08-07 06:44:47,2024-09-21 06:44:47,62083000.0,62083000.0,0.0
CNT000018,PO003248,NCC012,2024-08-07 13:19:50,2024-09-21 13:19:50,14022400.0,14022400.0,0.0
CNT000019,PO002095,NCC007,2024-08-06 15:48:49,2024-09-20 15:48:49,80626500.0,80626500.0,0.0
CNT000020,PO000218,NCC013,2024-08-09 01:07:54,2024-09-23 01:07:54,192504600.0,192504600.0,0.0
CNT000021,PO001969,NCC010,2024-08-09 03:24:29,2024-09-23 03:24:29,77653000.0,77653000.0,0.0
CNT000022,PO003279,NCC017,2024-08-08 21:56:39,2024-09-22 21:56:39,5302500.0,4003400.0,1299100.0
CNT000023,PO003460,NCC014,2024-08-07 07:05:58,2024-09-21 07:05:58,136758200.0,136758200.0,0.0
CNT000024,PO001818,NCC031,2024-08-09 01:18:49,2024-09-23 01:18:49,18822400.0,12304800.0,6517600.0
CNT000025,PO000731,NCC027,2024-08-08 04:38:29,2024-09-22 04:38:29,17373600.0,17373600.0,0.0
CNT000026,PO001038,NCC044,2024-08-08 08:14:34,2024-09-22 08:14:34,35628900.0,24931100.0,10697800.0
CNT000027,PO002630,NCC022,2024-08-11 12:41:17,2024-09-25 12:41:17,311000800.0,260089800.0,50911000.0
CNT000028,PO002893,NCC021,2024-08-08 15:04:48,2024-09-22 15:04:48,83452000.0,66914700.0,16537300.0
CNT000029,PO002164,NCC042,2024-08-12 21:06:34,2024-09-26 21:06:34,41440000.0,41440000.0,0.0
CNT000030,PO001085,NCC019,2024-08-10 21:11:04,2024-09-24 21:11:04,58134800.0,58134800.0,0.0
CNT000031,PO000898,NCC038,2024-08-12 23:50:46,2024-09-26 23:50:46,15638400.0,15638400.0,0.0
CNT000032,PO000683,NCC023,2024-08-12 06:46:25,2024-09-26 06:46:25,35110400.0,24336000.0,10774400.0
CNT000033,PO001070,NCC006,2024-08-09 09:10:44,2024-09-23 09:10:44,84083400.0,84083400.0,0.0
CNT000034,PO002849,NCC017,2024-08-09 09:30:25,2024-09-23 09:30:25,85991400.0,85991400.0,0.0
CNT000035,PO003374,NCC028,2024-08-11 17:08:18,2024-09-25 17:08:18,443125200.0,443125200.0,0.0
CNT000036,PO001336,NCC013,2024-08-10 19:00:00,2024-09-24 19:00:00,31724100.0,31724100.0,0.0
CNT000037,PO000409,NCC003,2024-08-12 07:44:26,2024-09-26 07:44:26,23700000.0,16143400.0,7556600.0
CNT000038,PO000877,NCC035,2024-08-13 21:44:08,2024-09-27 21:44:08,293178000.0,293178000.0,0.0
CNT000039,PO003240,NCC025,2024-08-13 22:41:19,2024-09-27 22:41:19,70786800.0,70786800.0,0.0
CNT000040,PO002967,NCC034,2024-08-13 02:51:13,2024-09-27 02:51:13,98775700.0,60137200.0,38638500.0
CNT000041,PO000527,NCC037,2024-08-11 05:04:27,2024-09-25 05:04:27,6541000.0,3027100.0,3513900.0
CNT000042,PO000102,NCC034,2024-08-13 07:02:37,2024-09-27 07:02:37,149044000.0,149044000.0,0.0
CNT000043,PO001307,NCC001,2024-08-15 12:06:01,2024-09-29 12:06:01,3892400.0,3892400.0,0.0
CNT000044,PO001504,NCC015,2024-08-12 02:01:33,2024-09-26 02:01:33,77361600.0,60392100.0,16969500.0
CNT000045,PO003200,NCC010,2024-08-16 07:25:55,2024-09-30 07:25:55,37709800.0,4910800.0,32799000.0
CNT000046,PO003016,NCC036,2024-08-16 21:51:42,2024-09-30 21:51:42,8043400.0,8043400.0,0.0
CNT000047,PO001174,NCC045,2024-08-14 01:23:43,2024-09-28 01:23:43,58961700.0,54021700.0,4940000.0
CNT000048,PO003404,NCC014,2024-08-13 12:11:35,2024-09-27 12:11:35,64612800.0,18089700.0,46523100.0
CNT000049,PO000295,NCC031,2024-08-15 13:31:51,2024-09-29 13:31:51,30551500.0,30551500.0,0.0
CNT000050,PO001408,NCC025,2024-08-16 14:27:11,2024-09-30 14:27:11,4335000.0,4335000.0,0.0
CNT000051,PO000185,NCC043,2024-08-14 17:43:56,2024-09-28 17:43:56,253900800.0,216151000.0,37749800.0
CNT000052,PO001951,NCC017,2024-08-17 00:18:58,2024-10-01 00:18:58,31939600.0,31939600.0,0.0
CNT000053,PO000293,NCC022,2024-08-18 04:13:01,2024-10-02 04:13:01,14924700.0,14924700.0,0.0
CNT000054,PO002514,NCC031,2024-08-17 05:55:24,2024-10-01 05:55:24,95733800.0,95733800.0,0.0
CNT000055,PO002078,NCC041,2024-08-18 11:38:48,2024-10-02 11:38:48,593743800.0,593743800.0,0.0
CNT000056,PO002382,NCC043,2024-08-17 14:40:41,2024-10-01 14:40:41,104690200.0,104690200.0,0.0
CNT000057,PO002009,NCC039,2024-08-17 14:41:50,2024-10-01 14:41:50,105489900.0,73373200.0,32116700.0
CNT000058,PO002230,NCC001,2024-08-15 16:49:16,2024-09-29 16:49:16,46785600.0,2323600.0,44462000.0
CNT000059,PO003163,NCC044,2024-08-16 02:03:49,2024-09-30 02:03:49,24557500.0,24557500.0,0.0
CNT000060,PO000967,NCC023,2024-08-17 02:49:33,2024-10-01 02:49:33,91103800.0,91103800.0,0.0
CNT000061,PO000899,NCC005,2024-08-19 18:36:26,2024-10-03 18:36:26,40723200.0,27695600.0,13027600.0
CNT000062,PO001838,NCC011,2024-08-16 22:06:09,2024-09-30 22:06:09,412800300.0,412800300.0,0.0
CNT000063,PO000141,NCC020,2024-08-15 22:29:07,2024-09-29 22:29:07,9300000.0,8806600.0,493400.0
CNT000064,PO002599,NCC018,2024-08-17 08:55:54,2024-10-01 08:55:54,107870400.0,95127200.0,12743200.0
CNT000065,PO000438,NCC007,2024-08-16 15:36:55,2024-09-30 15:36:55,67730400.0,8350700.0,59379700.0
CNT000066,PO000797,NCC045,2024-08-20 15:37:21,2024-10-04 15:37:21,3890000.0,3890000.0,0.0
CNT000067,PO002235,NCC025,2024-08-20 19:37:20,2024-10-04 19:37:20,87204000.0,87204000.0,0.0
CNT000068,PO002149,NCC029,2024-08-20 03:20:14,2024-10-04 03:20:14,9692400.0,9692400.0,0.0
CNT000069,PO003219,NCC012,2024-08-18 03:51:18,2024-10-02 03:51:18,16150900.0,16150900.0,0.0
CNT000070,PO003470,NCC016,2024-08-17 15:23:48,2024-10-01 15:23:48,28107600.0,4016600.0,24091000.0
CNT000071,PO001900,NCC022,2024-08-21 18:03:39,2024-10-05 18:03:39,11058000.0,5248100.0,5809900.0
CNT000072,PO000796,NCC026,2024-08-20 21:17:29,2024-10-04 21:17:29,133252500.0,35091600.0,98160900.0
CNT000073,PO000842,NCC008,2024-08-17 23:26:54,2024-10-01 23:26:54,23699600.0,23699600.0,0.0
CNT000074,PO001108,NCC002,2024-08-19 03:13:11,2024-10-03 03:13:11,3805200.0,2818700.0,986500.0
CNT000075,PO000071,NCC044,2024-08-22 05:57:27,2024-10-06 05:57:27,46064100.0,46064100.0,0.0
CNT000076,PO003318,NCC034,2024-08-18 06:21:25,2024-10-02 06:21:25,26275200.0,4327000.0,21948200.0
CNT000077,PO002197,NCC044,2024-08-19 07:45:53,2024-10-03 07:45:53,283581500.0,283581500.0,0.0
CNT000078,PO001934,NCC039,2024-08-20 12:18:28,2024-10-04 12:18:28,6495000.0,6495000.0,0.0
CNT000079,PO001746,NCC015,2024-08-18 17:01:42,2024-10-02 17:01:42,12426800.0,5284800.0,7142000.0
CNT000080,PO000938,NCC032,2024-08-20 18:57:54,2024-10-04 18:57:54,14112600.0,12025600.0,2087000.0
CNT000081,PO001467,NCC006,2024-08-20 19:36:56,2024-10-04 19:36:56,767491200.0,420149000.0,347342200.0
CNT000082,PO000911,NCC009,2024-08-19 00:00:22,2024-10-03 00:00:22,10689000.0,10689000.0,0.0
CNT000083,PO002058,NCC040,2024-08-22 06:47:20,2024-10-06 06:47:20,18260000.0,6299600.0,11960400.0
CNT000084,PO001133,NCC044,2024-08-20 11:50:28,2024-10-04 11:50:28,361414200.0,339220500.0,22193700.0
CNT000085,PO003152,NCC010,2024-08-22 22:10:45,2024-10-06 22:10:45,46904000.0,34870200.0,12033800.0
CNT000086,PO002779,NCC037,2024-08-22 12:07:33,2024-10-06 12:07:33,12583200.0,8548100.0,4035100.0
CNT000087,PO003068,NCC006,2024-08-23 14:49:34,2024-10-07 14:49:34,103372500.0,54757800.0,48614700.0
CNT000088,PO002064,NCC021,2024-08-20 19:01:56,2024-10-04 19:01:56,25121300.0,25121300.0,0.0
CNT000089,PO001043,NCC014,2024-08-21 21:57:18,2024-10-05 21:57:18,55083600.0,55083600.0,0.0
CNT000090,PO000399,NCC032,2024-08-21 22:50:42,2024-10-05 22:50:42,69378700.0,69378700.0,0.0
CNT000091,PO001568,NCC035,2024-08-24 23:31:07,2024-10-08 23:31:07,26910000.0,18694100.0,8215900.0
CNT000092,PO003213,NCC018,2024-08-25 01:17:07,2024-10-09 01:17:07,100763900.0,100763900.0,0.0
CNT000093,PO002393,NCC035,2024-08-22 03:06:33,2024-10-06 03:06:33,207175700.0,207175700.0,0.0
CNT000094,PO002642,NCC002,2024-08-21 04:08:29,2024-10-05 04:08:29,10137400.0,6334500.0,3802900.0
CNT000095,PO001909,NCC027,2024-08-23 05:12:12,2024-10-07 05:12:12,51258900.0,51258900.0,0.0
CNT000096,PO003233,NCC016,2024-08-22 17:20:00,2024-10-06 17:20:00,526564800.0,526564800.0,0.0
CNT000097,PO002545,NCC038,2024-08-24 18:53:47,2024-10-08 18:53:47,37984800.0,8808200.0,29176600.0
CNT000098,PO000211,NCC031,2024-08-23 01:36:46,2024-10-07 01:36:46,2815800.0,2815800.0,0.0
CNT000099,PO000556,NCC017,2024-08-25 14:42:58,2024-10-09 14:42:58,244617600.0,244617600.0,0.0
CNT000100,PO001626,NCC045,2024-08-23 16:45:28,2024-10-07 16:45:28,12990600.0,12990600.0,0.0
CNT000101,PO000551,NCC039,2024-08-26 06:29:51,2024-10-10 06:29:51,411387000.0,411387000.0,0.0
CNT000102,PO001069,NCC028,2024-08-25 06:56:07,2024-10-09 06:56:07,1728300.0,1728300.0,0.0
CNT000103,PO000092,NCC006,2024-08-25 17:33:36,2024-10-09 17:33:36,112597800.0,26615000.0,85982800.0
CNT000104,PO000945,NCC003,2024-08-26 18:45:32,2024-10-10 18:45:32,7322900.0,6283100.0,1039800.0
CNT000105,PO001176,NCC023,2024-08-25 23:16:02,2024-10-09 23:16:02,116742500.0,116742500.0,0.0
CNT000106,PO003487,NCC035,2024-08-24 01:20:51,2024-10-08 01:20:51,13308600.0,13308600.0,0.0
CNT000107,PO000608,NCC040,2024-08-24 07:53:45,2024-10-08 07:53:45,16786000.0,16786000.0,0.0
CNT000108,PO001933,NCC002,2024-08-26 09:40:01,2024-10-10 09:40:01,839800.0,839800.0,0.0
CNT000109,PO001955,NCC023,2024-08-26 10:12:11,2024-10-10 10:12:11,51349900.0,5548200.0,45801700.0
CNT000110,PO001412,NCC016,2024-08-27 11:34:19,2024-10-11 11:34:19,88182600.0,88182600.0,0.0
CNT000111,PO001782,NCC037,2024-08-26 03:22:02,2024-10-10 03:22:02,700392500.0,550543100.0,149849400.0
CNT000112,PO000066,NCC018,2024-08-28 09:23:51,2024-10-12 09:23:51,8143200.0,2595700.0,5547500.0
CNT000113,PO001675,NCC002,2024-08-25 10:13:03,2024-10-09 10:13:03,2310000.0,1680300.0,629700.0
CNT000114,PO001487,NCC019,2024-08-27 17:06:45,2024-10-11 17:06:45,99491800.0,99491800.0,0.0
CNT000115,PO001873,NCC017,2024-08-30 02:23:53,2024-10-14 02:23:53,26656000.0,26656000.0,0.0
CNT000116,PO003027,NCC012,2024-08-30 12:03:24,2024-10-14 12:03:24,363736000.0,363736000.0,0.0
CNT000117,PO000588,NCC041,2024-08-26 12:46:58,2024-10-10 12:46:58,75140000.0,46154100.0,28985900.0
CNT000118,PO003359,NCC001,2024-08-29 15:12:57,2024-10-13 15:12:57,19680000.0,19680000.0,0.0
CNT000119,PO000030,NCC031,2024-08-29 15:13:34,2024-10-13 15:13:34,289961600.0,289961600.0,0.0
CNT000120,PO001733,NCC029,2024-08-26 20:20:11,2024-10-10 20:20:11,896146800.0,820945400.0,75201400.0
CNT000121,PO000203,NCC014,2024-08-31 10:06:46,2024-10-15 10:06:46,52730700.0,52730700.0,0.0
CNT000122,PO003314,NCC023,2024-08-27 13:17:53,2024-10-11 13:17:53,41721300.0,41721300.0,0.0
CNT000123,PO000222,NCC010,2024-08-31 17:37:07,2024-10-15 17:37:07,34471500.0,34471500.0,0.0
CNT000124,PO002977,NCC027,2024-08-29 01:45:22,2024-10-13 01:45:22,6193400.0,6193400.0,0.0
CNT000125,PO001830,NCC012,2024-08-30 02:36:12,2024-10-14 02:36:12,3053500.0,251400.0,2802100.0
CNT000126,PO002952,NCC016,2024-08-29 05:04:19,2024-10-13 05:04:19,8124300.0,8124300.0,0.0
CNT000127,PO001020,NCC030,2024-08-30 11:55:33,2024-10-14 11:55:33,17639300.0,16338600.0,1300700.0
CNT000128,PO000703,NCC045,2024-08-28 21:49:35,2024-10-12 21:49:35,12459300.0,1920700.0,10538600.0
CNT000129,PO000659,NCC011,2024-08-29 23:34:32,2024-10-13 23:34:32,49138100.0,49138100.0,0.0
CNT000130,PO001656,NCC031,2024-08-30 08:16:53,2024-10-14 08:16:53,18188600.0,18188600.0,0.0
CNT000131,PO001334,NCC014,2024-09-01 19:16:20,2024-10-16 19:16:20,72346000.0,72346000.0,0.0
CNT000132,PO002757,NCC014,2024-09-02 08:02:30,2024-10-17 08:02:30,447863000.0,65326300.0,382536700.0
CNT000133,PO001045,NCC019,2024-09-03 09:59:59,2024-10-18 09:59:59,194454000.0,74288700.0,120165300.0
CNT000134,PO000065,NCC045,2024-09-03 12:21:44,2024-10-18 12:21:44,107589600.0,107589600.0,0.0
CNT000135,PO000333,NCC003,2024-09-04 00:16:03,2024-10-19 00:16:03,11893900.0,11893900.0,0.0
CNT000136,PO001580,NCC044,2024-09-01 12:35:21,2024-10-16 12:35:21,59377100.0,15334200.0,44042900.0
CNT000137,PO002816,NCC016,2024-09-04 14:41:14,2024-10-19 14:41:14,96904500.0,96904500.0,0.0
CNT000138,PO002705,NCC037,2024-09-02 19:51:44,2024-10-17 19:51:44,16770000.0,14277900.0,2492100.0
CNT000139,PO001129,NCC037,2024-08-31 22:40:15,2024-10-15 22:40:15,35848400.0,31353900.0,4494500.0
CNT000140,PO000568,NCC017,2024-09-03 10:54:23,2024-10-18 10:54:23,36627600.0,18962300.0,17665300.0
CNT000141,PO001335,NCC020,2024-09-05 11:03:38,2024-10-20 11:03:38,10949500.0,1243900.0,9705600.0
CNT000142,PO002119,NCC015,2024-09-01 14:47:09,2024-10-16 14:47:09,146144500.0,73120200.0,73024300.0
CNT000143,PO003316,NCC006,2024-09-05 19:15:46,2024-10-20 19:15:46,8451700.0,1061900.0,7389800.0
CNT000144,PO002574,NCC044,2024-09-03 19:43:39,2024-10-18 19:43:39,28665000.0,16850100.0,11814900.0
CNT000145,PO003225,NCC034,2024-09-03 00:44:49,2024-10-18 00:44:49,118981400.0,118981400.0,0.0
CNT000146,PO001260,NCC002,2024-09-02 08:20:08,2024-10-17 08:20:08,15202400.0,15202400.0,0.0
CNT000147,PO001588,NCC014,2024-09-04 13:34:19,2024-10-19 13:34:19,139298600.0,34483000.0,104815600.0
CNT000148,PO001262,NCC037,2024-09-03 02:50:20,2024-10-18 02:50:20,56737800.0,56737800.0,0.0
CNT000149,PO001997,NCC020,2024-09-05 08:56:15,2024-10-20 08:56:15,23544000.0,7461500.0,16082500.0
CNT000150,PO003112,NCC044,2024-09-04 14:59:39,2024-10-19 14:59:39,96586900.0,58327500.0,38259400.0
CNT000151,PO001974,NCC045,2024-09-05 22:48:14,2024-10-20 22:48:14,2299200.0,2299200.0,0.0
CNT000152,PO000208,NCC019,2024-09-05 00:17:51,2024-10-20 00:17:51,26216000.0,26216000.0,0.0
CNT000153,PO001981,NCC043,2024-09-05 02:42:37,2024-10-20 02:42:37,101517000.0,101517000.0,0.0
CNT000154,PO000283,NCC003,2024-09-08 03:06:39,2024-10-23 03:06:39,91616800.0,91616800.0,0.0
CNT000155,PO003063,NCC037,2024-09-05 07:22:51,2024-10-20 07:22:51,139107200.0,93953800.0,45153400.0
CNT000156,PO003474,NCC042,2024-09-07 15:29:43,2024-10-22 15:29:43,67850400.0,67850400.0,0.0
CNT000157,PO000812,NCC032,2024-09-08 20:30:29,2024-10-23 20:30:29,132750000.0,17025100.0,115724900.0
CNT000158,PO001044,NCC036,2024-09-05 19:08:01,2024-10-20 19:08:01,125457600.0,125457600.0,0.0
CNT000159,PO000230,NCC007,2024-09-09 19:15:10,2024-10-24 19:15:10,12220000.0,7024000.0,5196000.0
CNT000160,PO000800,NCC020,2024-09-10 07:45:45,2024-10-25 07:45:45,84760200.0,84760200.0,0.0
CNT000161,PO001631,NCC045,2024-09-08 23:56:12,2024-10-23 23:56:12,7812000.0,7812000.0,0.0
CNT000162,PO002155,NCC009,2024-09-10 01:11:11,2024-10-25 01:11:11,148318500.0,148318500.0,0.0
CNT000163,PO001601,NCC012,2024-09-07 01:27:12,2024-10-22 01:27:12,212652300.0,212652300.0,0.0
CNT000164,PO000342,NCC040,2024-09-07 05:15:25,2024-10-22 05:15:25,5733000.0,4180400.0,1552600.0
CNT000165,PO003274,NCC012,2024-09-11 06:41:36,2024-10-26 06:41:36,1065900.0,93400.0,972500.0
CNT000166,PO002707,NCC026,2024-09-09 11:32:18,2024-10-24 11:32:18,44760400.0,44760400.0,0.0
CNT000167,PO003437,NCC015,2024-09-10 03:42:34,2024-10-25 03:42:34,18599200.0,18599200.0,0.0
CNT000168,PO002771,NCC014,2024-09-12 08:22:19,2024-10-27 08:22:19,33633000.0,33549300.0,83700.0
CNT000169,PO000453,NCC034,2024-09-08 08:33:40,2024-10-23 08:33:40,12144600.0,4443200.0,7701400.0
CNT000170,PO001123,NCC024,2024-09-08 09:49:33,2024-10-23 09:49:33,315081200.0,315081200.0,0.0
CNT000171,PO001243,NCC014,2024-09-10 18:08:04,2024-10-25 18:08:04,70388500.0,70388500.0,0.0
CNT000172,PO001054,NCC019,2024-09-10 18:32:00,2024-10-25 18:32:00,102601800.0,102601800.0,0.0
CNT000173,PO002074,NCC034,2024-09-13 07:50:12,2024-10-28 07:50:12,57625900.0,57625900.0,0.0
CNT000174,PO003036,NCC022,2024-09-13 08:54:20,2024-10-28 08:54:20,5933200.0,5933200.0,0.0
CNT000175,PO002333,NCC031,2024-09-13 16:32:31,2024-10-28 16:32:31,24062400.0,24062400.0,0.0
CNT000176,PO000696,NCC027,2024-09-10 17:20:06,2024-10-25 17:20:06,156858800.0,156858800.0,0.0
CNT000177,PO002151,NCC045,2024-09-11 17:58:20,2024-10-26 17:58:20,810069800.0,810069800.0,0.0
CNT000178,PO003194,NCC019,2024-09-10 22:36:35,2024-10-25 22:36:35,26870200.0,26870200.0,0.0
CNT000179,PO001329,NCC004,2024-09-12 16:59:30,2024-10-27 16:59:30,20191200.0,20191200.0,0.0
CNT000180,PO002481,NCC008,2024-09-12 02:19:01,2024-10-27 02:19:01,78244400.0,78244400.0,0.0
CNT000181,PO003187,NCC036,2024-09-12 04:33:25,2024-10-27 04:33:25,101796800.0,101796800.0,0.0
CNT000182,PO001869,NCC029,2024-09-12 04:45:08,2024-10-27 04:45:08,143284000.0,143284000.0,0.0
CNT000183,PO002334,NCC013,2024-09-14 16:30:41,2024-10-29 16:30:41,9231000.0,9231000.0,0.0
CNT000184,PO002936,NCC014,2024-09-15 19:53:37,2024-10-30 19:53:37,21314400.0,7606800.0,13707600.0
CNT000185,PO003023,NCC045,2024-09-16 02:09:15,2024-10-31 02:09:15,80746200.0,80746200.0,0.0
CNT000186,PO003097,NCC041,2024-09-12 05:53:47,2024-10-27 05:53:47,284439000.0,136600800.0,147838200.0
CNT000187,PO001298,NCC034,2024-09-13 10:11:39,2024-10-28 10:11:39,70638400.0,70638400.0,0.0
CNT000188,PO000049,NCC033,2024-09-16 11:13:53,2024-10-31 11:13:53,19173000.0,19173000.0,0.0
CNT000189,PO002711,NCC019,2024-09-13 15:33:02,2024-10-28 15:33:02,175091400.0,165346300.0,9745100.0
CNT000190,PO000397,NCC003,2024-09-16 21:50:25,2024-10-31 21:50:25,37848600.0,37848600.0,0.0
CNT000191,PO001922,NCC030,2024-09-16 22:05:42,2024-10-31 22:05:42,43664200.0,43664200.0,0.0
CNT000192,PO001954,NCC028,2024-09-15 23:24:38,2024-10-30 23:24:38,15997500.0,15997500.0,0.0
CNT000193,PO001281,NCC007,2024-09-13 01:49:07,2024-10-28 01:49:07,277470400.0,277470400.0,0.0
CNT000194,PO002937,NCC027,2024-09-17 03:18:36,2024-11-01 03:18:36,28474000.0,28474000.0,0.0
CNT000195,PO003415,NCC044,2024-09-13 10:38:45,2024-10-28 10:38:45,10773600.0,9831800.0,941800.0
CNT000196,PO001828,NCC040,2024-09-15 12:30:33,2024-10-30 12:30:33,28437500.0,28437500.0,0.0
CNT000197,PO002515,NCC028,2024-09-17 23:12:52,2024-11-01 23:12:52,3812700.0,280900.0,3531800.0
CNT000198,PO002024,NCC007,2024-09-16 01:26:45,2024-10-31 01:26:45,26686000.0,26686000.0,0.0
CNT000199,PO000294,NCC025,2024-09-18 06:04:15,2024-11-02 06:04:15,114611400.0,114611400.0,0.0
CNT000200,PO003037,NCC013,2024-09-17 14:50:03,2024-11-01 14:50:03,312112500.0,102707400.0,209405100.0
CNT000201,PO001056,NCC015,2024-09-17 21:04:13,2024-11-01 21:04:13,39440000.0,39440000.0,0.0
CNT000202,PO003040,NCC039,2024-09-18 23:23:20,2024-11-02 23:23:20,67398200.0,8459900.0,58938300.0
CNT000203,PO001705,NCC042,2024-09-15 10:02:52,2024-10-30 10:02:52,7100000.0,7100000.0,0.0
CNT000204,PO001429,NCC013,2024-09-16 10:43:15,2024-10-31 10:43:15,764000.0,764000.0,0.0
CNT000205,PO002910,NCC001,2024-09-16 12:27:20,2024-10-31 12:27:20,10563300.0,10563300.0,0.0
CNT000206,PO000001,NCC039,2024-09-19 16:23:33,2024-11-03 16:23:33,34067900.0,34067900.0,0.0
CNT000207,PO003137,NCC018,2024-09-16 20:23:41,2024-10-31 20:23:41,17676400.0,17676400.0,0.0
CNT000208,PO000634,NCC023,2024-09-18 22:51:15,2024-11-02 22:51:15,30897500.0,30897500.0,0.0
CNT000209,PO000664,NCC044,2024-09-17 00:11:39,2024-11-01 00:11:39,103722000.0,103722000.0,0.0
CNT000210,PO000360,NCC030,2024-09-18 14:18:25,2024-11-02 14:18:25,436609000.0,436609000.0,0.0
CNT000211,PO001226,NCC042,2024-09-21 05:57:17,2024-11-05 05:57:17,11118600.0,11118600.0,0.0
CNT000212,PO002853,NCC039,2024-09-20 14:45:16,2024-11-04 14:45:16,152992600.0,49544000.0,103448600.0
CNT000213,PO002470,NCC002,2024-09-21 00:40:04,2024-11-05 00:40:04,5355000.0,5355000.0,0.0
CNT000214,PO002048,NCC011,2024-09-21 06:59:14,2024-11-05 06:59:14,19839400.0,8915800.0,10923600.0
CNT000215,PO000048,NCC043,2024-09-21 14:56:18,2024-11-05 14:56:18,216586800.0,216586800.0,0.0
CNT000216,PO002931,NCC041,2024-09-24 05:09:56,2024-11-08 05:09:56,22980400.0,22980400.0,0.0
CNT000217,PO002811,NCC032,2024-09-24 10:50:27,2024-11-08 10:50:27,18850500.0,12250900.0,6599600.0
CNT000218,PO001198,NCC027,2024-09-22 18:06:02,2024-11-06 18:06:02,66352100.0,36892200.0,29459900.0
CNT000219,PO001952,NCC040,2024-09-22 19:02:03,2024-11-06 19:02:03,96269200.0,18103400.0,78165800.0
CNT000220,PO000755,NCC017,2024-09-22 01:20:13,2024-11-06 01:20:13,61412800.0,61412800.0,0.0
CNT000221,PO000336,NCC023,2024-09-22 15:22:38,2024-11-06 15:22:38,241760000.0,241760000.0,0.0
CNT000222,PO000411,NCC012,2024-09-25 19:32:13,2024-11-09 19:32:13,39438300.0,39438300.0,0.0
CNT000223,PO003356,NCC027,2024-09-24 21:06:19,2024-11-08 21:06:19,37832400.0,33059000.0,4773400.0
CNT000224,PO001303,NCC016,2024-09-25 07:47:33,2024-11-09 07:47:33,79635200.0,79635200.0,0.0
CNT000225,PO001190,NCC018,2024-09-23 19:36:33,2024-11-07 19:36:33,18005600.0,7326800.0,10678800.0
CNT000226,PO002190,NCC009,2024-09-26 21:59:00,2024-11-10 21:59:00,85190100.0,81539400.0,3650700.0
CNT000227,PO000023,NCC020,2024-09-27 01:33:58,2024-11-11 01:33:58,115925000.0,25909700.0,90015300.0
CNT000228,PO001518,NCC025,2024-09-26 09:41:36,2024-11-10 09:41:36,17582400.0,14214100.0,3368300.0
CNT000229,PO003024,NCC036,2024-09-24 09:50:05,2024-11-08 09:50:05,4321800.0,1347500.0,2974300.0
CNT000230,PO001522,NCC045,2024-09-26 10:21:01,2024-11-10 10:21:01,378318200.0,378318200.0,0.0
CNT000231,PO000673,NCC036,2024-09-25 12:49:33,2024-11-09 12:49:33,13886000.0,13886000.0,0.0
CNT000232,PO001246,NCC015,2024-09-27 17:15:42,2024-11-11 17:15:42,41371200.0,41371200.0,0.0
CNT000233,PO001564,NCC039,2024-09-26 19:24:09,2024-11-10 19:24:09,40596400.0,33296500.0,7299900.0
CNT000234,PO002706,NCC030,2024-09-26 02:53:05,2024-11-10 02:53:05,564200.0,564200.0,0.0
CNT000235,PO001366,NCC022,2024-09-26 04:44:20,2024-11-10 04:44:20,301474600.0,213168100.0,88306500.0
CNT000236,PO002790,NCC022,2024-09-27 12:20:30,2024-11-11 12:20:30,222010500.0,204070900.0,17939600.0
CNT000237,PO000383,NCC005,2024-09-28 13:48:11,2024-11-12 13:48:11,38105600.0,24651600.0,13454000.0
CNT000238,PO002969,NCC029,2024-09-26 03:43:01,2024-11-10 03:43:01,22455300.0,22455300.0,0.0
CNT000239,PO003413,NCC001,2024-09-26 05:28:42,2024-11-10 05:28:42,40116600.0,10514800.0,29601800.0
CNT000240,PO002319,NCC021,2024-09-28 09:54:03,2024-11-12 09:54:03,529875800.0,529875800.0,0.0
CNT000241,PO003281,NCC032,2024-09-29 10:55:15,2024-11-13 10:55:15,14443000.0,4571800.0,9871200.0
CNT000242,PO002641,NCC011,2024-09-29 14:32:59,2024-11-13 14:32:59,292187500.0,292187500.0,0.0
CNT000243,PO000300,NCC022,2024-09-29 23:13:38,2024-11-13 23:13:38,40654800.0,27718400.0,12936400.0
CNT000244,PO000873,NCC024,2024-09-26 00:04:21,2024-11-10 00:04:21,32285800.0,32285800.0,0.0
CNT000245,PO000138,NCC026,2024-09-29 16:38:01,2024-11-13 16:38:01,477084600.0,291655200.0,185429400.0
CNT000246,PO001623,NCC023,2024-09-30 21:55:49,2024-11-14 21:55:49,9306900.0,9306900.0,0.0
CNT000247,PO001238,NCC012,2024-09-28 00:50:01,2024-11-12 00:50:01,38802000.0,16348200.0,22453800.0
CNT000248,PO000732,NCC024,2024-09-29 02:50:27,2024-11-13 02:50:27,59784900.0,59784900.0,0.0
CNT000249,PO002959,NCC008,2024-09-29 07:45:24,2024-11-13 07:45:24,61341600.0,58162600.0,3179000.0
CNT000250,PO002699,NCC010,2024-10-01 20:04:04,2024-11-15 20:04:04,22684000.0,22684000.0,0.0
CNT000251,PO001488,NCC025,2024-09-30 01:00:05,2024-11-14 01:00:05,17661000.0,14364600.0,3296400.0
CNT000252,PO002339,NCC022,2024-10-01 03:09:09,2024-11-15 03:09:09,30814200.0,30814200.0,0.0
CNT000253,PO000206,NCC044,2024-10-02 11:41:26,2024-11-16 11:41:26,23485000.0,23485000.0,0.0
CNT000254,PO003108,NCC022,2024-09-28 14:50:17,2024-11-12 14:50:17,40732200.0,21035600.0,19696600.0
CNT000255,PO000695,NCC014,2024-09-29 02:45:01,2024-11-13 02:45:01,20871800.0,9703000.0,11168800.0
CNT000256,PO002069,NCC006,2024-10-03 03:02:36,2024-11-17 03:02:36,6343300.0,5320100.0,1023200.0
CNT000257,PO000684,NCC041,2024-09-30 10:54:55,2024-11-14 10:54:55,102964400.0,36104800.0,66859600.0
CNT000258,PO000487,NCC043,2024-10-01 21:56:53,2024-11-15 21:56:53,55641600.0,55641600.0,0.0
CNT000259,PO001117,NCC037,2024-09-30 22:01:55,2024-11-14 22:01:55,6751900.0,6751900.0,0.0
CNT000260,PO002363,NCC002,2024-10-03 22:04:34,2024-11-17 22:04:34,103037000.0,103037000.0,0.0
CNT000261,PO000665,NCC045,2024-10-03 22:51:30,2024-11-17 22:51:30,7783600.0,7783600.0,0.0
CNT000262,PO002063,NCC017,2024-10-01 02:39:32,2024-11-15 02:39:32,121047000.0,121047000.0,0.0
CNT000263,PO001008,NCC020,2024-10-02 07:46:17,2024-11-16 07:46:17,21332500.0,16032900.0,5299600.0
CNT000264,PO001987,NCC010,2024-10-03 08:52:24,2024-11-17 08:52:24,435991400.0,435991400.0,0.0
CNT000265,PO000391,NCC016,2024-10-04 19:03:19,2024-11-18 19:03:19,590928000.0,590928000.0,0.0
CNT000266,PO002224,NCC012,2024-10-01 20:10:59,2024-11-15 20:10:59,30396100.0,25763000.0,4633100.0
CNT000267,PO002523,NCC032,2024-10-03 00:07:13,2024-11-17 00:07:13,30418100.0,30418100.0,0.0
CNT000268,PO003296,NCC025,2024-10-05 00:28:36,2024-11-19 00:28:36,110170100.0,110170100.0,0.0
CNT000269,PO001316,NCC019,2024-10-02 15:05:02,2024-11-16 15:05:02,438872000.0,438872000.0,0.0
CNT000270,PO002620,NCC034,2024-10-05 15:32:22,2024-11-19 15:32:22,10296000.0,508900.0,9787100.0
CNT000271,PO002866,NCC020,2024-10-02 18:14:30,2024-11-16 18:14:30,150825600.0,150825600.0,0.0
CNT000272,PO001230,NCC009,2024-10-05 08:19:52,2024-11-19 08:19:52,134277700.0,13462500.0,120815200.0
CNT000273,PO001664,NCC011,2024-10-06 11:22:05,2024-11-20 11:22:05,22053300.0,22053300.0,0.0
CNT000274,PO002458,NCC004,2024-10-03 13:29:55,2024-11-17 13:29:55,17611100.0,17611100.0,0.0
CNT000275,PO001061,NCC039,2024-10-05 14:48:54,2024-11-19 14:48:54,20373600.0,20373600.0,0.0
CNT000276,PO000565,NCC011,2024-10-04 15:08:02,2024-11-18 15:08:02,18119400.0,14010600.0,4108800.0
CNT000277,PO000850,NCC044,2024-10-06 20:59:56,2024-11-20 20:59:56,73686600.0,6454600.0,67232000.0
CNT000278,PO001849,NCC036,2024-10-04 22:57:25,2024-11-18 22:57:25,119119500.0,119119500.0,0.0
CNT000279,PO000523,NCC002,2024-10-03 23:46:38,2024-11-17 23:46:38,62189600.0,62189600.0,0.0
CNT000280,PO000302,NCC033,2024-10-06 00:45:11,2024-11-20 00:45:11,29016000.0,29016000.0,0.0
CNT000281,PO000974,NCC006,2024-10-05 18:16:29,2024-11-19 18:16:29,401706000.0,401706000.0,0.0
CNT000282,PO002129,NCC019,2024-10-07 20:57:31,2024-11-21 20:57:31,9561300.0,7493200.0,2068100.0
CNT000283,PO003425,NCC028,2024-10-07 22:48:50,2024-11-21 22:48:50,168762600.0,168762600.0,0.0
CNT000284,PO003407,NCC014,2024-10-04 23:58:11,2024-11-18 23:58:11,3135000.0,3135000.0,0.0
CNT000285,PO002441,NCC018,2024-10-08 02:59:56,2024-11-22 02:59:56,23605200.0,4844700.0,18760500.0
CNT000286,PO002123,NCC007,2024-10-05 05:17:18,2024-11-19 05:17:18,44175000.0,44175000.0,0.0
CNT000287,PO001896,NCC039,2024-10-05 20:22:49,2024-11-19 20:22:49,47740000.0,43636700.0,4103300.0
CNT000288,PO001263,NCC019,2024-10-05 07:28:28,2024-11-19 07:28:28,63337400.0,50793200.0,12544200.0
CNT000289,PO001107,NCC006,2024-10-06 20:04:24,2024-11-20 20:04:24,11251400.0,11251400.0,0.0
CNT000290,PO000292,NCC019,2024-10-08 20:22:31,2024-11-22 20:22:31,167384000.0,167384000.0,0.0
CNT000291,PO000381,NCC044,2024-10-09 03:41:40,2024-11-23 03:41:40,12907800.0,12907800.0,0.0
CNT000292,PO001632,NCC039,2024-10-09 06:55:25,2024-11-23 06:55:25,492703600.0,12473300.0,480230300.0
CNT000293,PO001462,NCC041,2024-10-07 09:50:32,2024-11-21 09:50:32,339652800.0,116104900.0,223547900.0
CNT000294,PO000009,NCC043,2024-10-07 16:15:14,2024-11-21 16:15:14,131224000.0,131224000.0,0.0
CNT000295,PO002732,NCC043,2024-10-11 03:53:27,2024-11-25 03:53:27,84291200.0,50660200.0,33631000.0
CNT000296,PO002903,NCC044,2024-10-10 08:02:56,2024-11-24 08:02:56,187020200.0,165840500.0,21179700.0
CNT000297,PO001578,NCC030,2024-10-09 12:32:45,2024-11-23 12:32:45,8942400.0,8942400.0,0.0
CNT000298,PO000390,NCC038,2024-10-08 14:09:54,2024-11-22 14:09:54,5206000.0,5206000.0,0.0
CNT000299,PO000329,NCC009,2024-10-08 15:59:07,2024-11-22 15:59:07,8635200.0,5886700.0,2748500.0
CNT000300,PO003181,NCC011,2024-10-08 16:26:17,2024-11-22 16:26:17,17867300.0,17867300.0,0.0
CNT000301,PO002097,NCC021,2024-10-09 17:42:01,2024-11-23 17:42:01,221869200.0,100622500.0,121246700.0
CNT000302,PO002139,NCC016,2024-10-11 18:06:45,2024-11-25 18:06:45,5810000.0,3953700.0,1856300.0
CNT000303,PO002181,NCC009,2024-10-08 20:19:54,2024-11-22 20:19:54,4207500.0,4207500.0,0.0
CNT000304,PO000260,NCC001,2024-10-07 21:24:34,2024-11-21 21:24:34,150221500.0,52417000.0,97804500.0
CNT000305,PO000892,NCC002,2024-10-07 21:33:11,2024-11-21 21:33:11,30075000.0,30075000.0,0.0
CNT000306,PO001200,NCC030,2024-10-10 22:00:49,2024-11-24 22:00:49,21761600.0,6618900.0,15142700.0
CNT000307,PO000906,NCC043,2024-10-08 09:32:25,2024-11-22 09:32:25,274842400.0,274842400.0,0.0
CNT000308,PO002265,NCC024,2024-10-08 10:27:27,2024-11-22 10:27:27,46421000.0,43834700.0,2586300.0
CNT000309,PO002290,NCC001,2024-10-08 15:27:14,2024-11-22 15:27:14,53876400.0,18188900.0,35687500.0
CNT000310,PO000895,NCC007,2024-10-13 06:49:49,2024-11-27 06:49:49,25734800.0,25734800.0,0.0
CNT000311,PO000792,NCC028,2024-10-12 07:35:32,2024-11-26 07:35:32,5508300.0,5508300.0,0.0
CNT000312,PO001579,NCC043,2024-10-11 09:49:06,2024-11-25 09:49:06,13579200.0,13579200.0,0.0
CNT000313,PO003070,NCC041,2024-10-12 16:24:47,2024-11-26 16:24:47,49111200.0,32281700.0,16829500.0
CNT000314,PO000957,NCC019,2024-10-10 22:41:14,2024-11-24 22:41:14,31546400.0,31546400.0,0.0
CNT000315,PO002736,NCC013,2024-10-11 23:41:31,2024-11-25 23:41:31,80964000.0,12454500.0,68509500.0
CNT000316,PO003441,NCC019,2024-10-11 01:03:23,2024-11-25 01:03:23,143669500.0,52492400.0,91177100.0
CNT000317,PO000534,NCC004,2024-10-14 01:33:27,2024-11-28 01:33:27,24594400.0,24594400.0,0.0
CNT000318,PO001620,NCC040,2024-10-14 03:14:45,2024-11-28 03:14:45,64102500.0,46135100.0,17967400.0
CNT000319,PO003307,NCC029,2024-10-11 08:58:04,2024-11-25 08:58:04,3604000.0,3604000.0,0.0
CNT000320,PO003373,NCC045,2024-10-12 09:38:18,2024-11-26 09:38:18,79270400.0,20756400.0,58514000.0
CNT000321,PO003297,NCC034,2024-10-14 16:07:54,2024-11-28 16:07:54,31230000.0,31230000.0,0.0
CNT000322,PO003095,NCC023,2024-10-13 16:58:11,2024-11-27 16:58:11,24884400.0,24884400.0,0.0
CNT000323,PO001188,NCC025,2024-10-13 21:15:40,2024-11-27 21:15:40,30048200.0,30048200.0,0.0
CNT000324,PO000607,NCC040,2024-10-12 05:07:34,2024-11-26 05:07:34,41944600.0,8169700.0,33774900.0
CNT000325,PO003313,NCC005,2024-10-11 06:34:19,2024-11-25 06:34:19,33480000.0,33480000.0,0.0
CNT000326,PO002359,NCC027,2024-10-14 08:41:11,2024-11-28 08:41:11,60952500.0,60952500.0,0.0
CNT000327,PO000018,NCC018,2024-10-12 09:16:21,2024-11-26 09:16:21,17826500.0,17826500.0,0.0
CNT000328,PO001740,NCC001,2024-10-15 15:14:31,2024-11-29 15:14:31,191808000.0,191808000.0,0.0
CNT000329,PO001857,NCC024,2024-10-13 18:11:53,2024-11-27 18:11:53,79023100.0,79023100.0,0.0
CNT000330,PO001531,NCC009,2024-10-11 23:07:23,2024-11-25 23:07:23,41811700.0,37379900.0,4431800.0
CNT000331,PO001294,NCC013,2024-10-12 00:33:11,2024-11-26 00:33:11,12185600.0,12185600.0,0.0
CNT000332,PO002081,NCC031,2024-10-13 08:07:35,2024-11-27 08:07:35,9583900.0,9583900.0,0.0
CNT000333,PO000839,NCC012,2024-10-13 12:13:46,2024-11-27 12:13:46,78120000.0,78120000.0,0.0
CNT000334,PO001295,NCC022,2024-10-13 07:51:34,2024-11-27 07:51:34,426462400.0,426462400.0,0.0
CNT000335,PO001416,NCC030,2024-10-15 08:58:04,2024-11-29 08:58:04,396070200.0,396070200.0,0.0
CNT000336,PO001916,NCC033,2024-10-16 09:46:15,2024-11-30 09:46:15,15028200.0,9722900.0,5305300.0
CNT000337,PO001395,NCC030,2024-10-17 13:20:29,2024-12-01 13:20:29,33903800.0,33903800.0,0.0
CNT000338,PO003400,NCC014,2024-10-14 17:24:19,2024-11-28 17:24:19,24949400.0,24949400.0,0.0
CNT000339,PO000423,NCC039,2024-10-15 00:43:57,2024-11-29 00:43:57,275896800.0,275896800.0,0.0
CNT000340,PO002693,NCC032,2024-10-18 03:10:32,2024-12-02 03:10:32,44424400.0,44424400.0,0.0
CNT000341,PO000270,NCC036,2024-10-18 05:06:21,2024-12-02 05:06:21,270578000.0,270578000.0,0.0
CNT000342,PO001902,NCC014,2024-10-16 06:46:39,2024-11-30 06:46:39,333592700.0,230862300.0,102730400.0
CNT000343,PO003106,NCC033,2024-10-17 13:29:21,2024-12-01 13:29:21,17292000.0,16882100.0,409900.0
CNT000344,PO000196,NCC007,2024-10-15 15:05:58,2024-11-29 15:05:58,25122500.0,25122500.0,0.0
CNT000345,PO000614,NCC021,2024-10-17 04:49:30,2024-12-01 04:49:30,501553300.0,501553300.0,0.0
CNT000346,PO001659,NCC038,2024-10-16 11:16:39,2024-11-30 11:16:39,327916400.0,260316200.0,67600200.0
CNT000347,PO003335,NCC021,2024-10-16 02:35:49,2024-11-30 02:35:49,54690100.0,232600.0,54457500.0
CNT000348,PO002068,NCC045,2024-10-17 10:56:51,2024-12-01 10:56:51,276524500.0,276524500.0,0.0
CNT000349,PO001641,NCC017,2024-10-16 13:30:48,2024-11-30 13:30:48,53191600.0,53191600.0,0.0
CNT000350,PO001945,NCC028,2024-10-19 14:06:59,2024-12-03 14:06:59,64335600.0,64335600.0,0.0
CNT000351,PO001617,NCC029,2024-10-16 18:22:43,2024-11-30 18:22:43,150902000.0,150902000.0,0.0
CNT000352,PO000715,NCC043,2024-10-16 20:00:48,2024-11-30 20:00:48,15554100.0,15554100.0,0.0
CNT000353,PO001881,NCC018,2024-10-18 23:32:44,2024-12-02 23:32:44,437382900.0,276137900.0,161245000.0
CNT000354,PO000749,NCC003,2024-10-20 02:27:02,2024-12-04 02:27:02,27174400.0,27174400.0,0.0
CNT000355,PO001482,NCC016,2024-10-18 04:18:36,2024-12-02 04:18:36,26737500.0,26737500.0,0.0
CNT000356,PO002913,NCC038,2024-10-19 08:00:17,2024-12-03 08:00:17,53216900.0,5649700.0,47567200.0
CNT000357,PO002516,NCC007,2024-10-17 15:42:39,2024-12-01 15:42:39,35185500.0,35185500.0,0.0
CNT000358,PO001532,NCC038,2024-10-20 18:26:20,2024-12-04 18:26:20,77787200.0,77787200.0,0.0
CNT000359,PO001985,NCC011,2024-10-17 19:10:54,2024-12-01 19:10:54,259111000.0,259111000.0,0.0
CNT000360,PO000008,NCC038,2024-10-22 01:04:59,2024-12-06 01:04:59,18510800.0,18510800.0,0.0
CNT000361,PO002864,NCC043,2024-10-20 07:30:57,2024-12-04 07:30:57,4455600.0,2879800.0,1575800.0
CNT000362,PO002810,NCC008,2024-10-22 15:24:14,2024-12-06 15:24:14,6787200.0,6787200.0,0.0
CNT000363,PO003069,NCC030,2024-10-18 21:57:20,2024-12-02 21:57:20,21907200.0,15133800.0,6773400.0
CNT000364,PO002305,NCC028,2024-10-22 01:57:09,2024-12-06 01:57:09,54877500.0,23632900.0,31244600.0
CNT000365,PO002223,NCC002,2024-10-20 05:54:40,2024-12-04 05:54:40,20331000.0,20331000.0,0.0
CNT000366,PO000657,NCC044,2024-10-22 11:13:16,2024-12-06 11:13:16,172416600.0,172416600.0,0.0
CNT000367,PO002061,NCC043,2024-10-22 11:31:16,2024-12-06 11:31:16,47277000.0,47277000.0,0.0
CNT000368,PO000622,NCC004,2024-10-23 13:32:55,2024-12-07 13:32:55,8745300.0,3131800.0,5613500.0
CNT000369,PO001980,NCC044,2024-10-19 16:37:56,2024-12-03 16:37:56,391330800.0,391330800.0,0.0
CNT000370,PO000475,NCC027,2024-10-24 03:33:50,2024-12-08 03:33:50,52193400.0,52193400.0,0.0
CNT000371,PO000274,NCC014,2024-10-21 06:42:03,2024-12-05 06:42:03,86128200.0,30604100.0,55524100.0
CNT000372,PO003456,NCC008,2024-10-20 08:02:51,2024-12-04 08:02:51,9714600.0,9714600.0,0.0
CNT000373,PO001322,NCC006,2024-10-21 12:32:07,2024-12-05 12:32:07,62614400.0,62614400.0,0.0
CNT000374,PO002723,NCC012,2024-10-21 16:52:04,2024-12-05 16:52:04,51484800.0,41153500.0,10331300.0
CNT000375,PO001134,NCC042,2024-10-24 17:48:07,2024-12-08 17:48:07,20440400.0,20440400.0,0.0
CNT000376,PO002447,NCC016,2024-10-22 19:04:40,2024-12-06 19:04:40,67520200.0,67520200.0,0.0
CNT000377,PO002717,NCC010,2024-10-25 02:15:43,2024-12-09 02:15:43,21439300.0,9752500.0,11686800.0
CNT000378,PO001618,NCC035,2024-10-25 08:30:07,2024-12-09 08:30:07,16684400.0,16684400.0,0.0
CNT000379,PO003114,NCC040,2024-10-24 12:46:25,2024-12-08 12:46:25,822350100.0,822350100.0,0.0
CNT000380,PO001667,NCC026,2024-10-21 17:53:22,2024-12-05 17:53:22,36354500.0,36354500.0,0.0
CNT000381,PO001778,NCC024,2024-10-22 04:28:11,2024-12-06 04:28:11,60009600.0,31166000.0,28843600.0
CNT000382,PO001495,NCC024,2024-10-26 05:25:59,2024-12-10 05:25:59,75292800.0,54669200.0,20623600.0
CNT000383,PO000372,NCC025,2024-10-25 11:07:45,2024-12-09 11:07:45,52958400.0,52958400.0,0.0
CNT000384,PO001478,NCC003,2024-10-25 11:46:24,2024-12-09 11:46:24,83722700.0,83722700.0,0.0
CNT000385,PO002769,NCC004,2024-10-24 13:41:40,2024-12-08 13:41:40,36129800.0,23176400.0,12953400.0
CNT000386,PO000585,NCC034,2024-10-26 22:05:18,2024-12-10 22:05:18,15023600.0,15023600.0,0.0
CNT000387,PO001185,NCC035,2024-10-24 06:27:34,2024-12-08 06:27:34,102455200.0,102455200.0,0.0
CNT000388,PO002065,NCC005,2024-10-24 13:30:00,2024-12-08 13:30:00,544070600.0,544070600.0,0.0
CNT000389,PO000290,NCC008,2024-10-24 18:24:40,2024-12-08 18:24:40,2805500.0,2805500.0,0.0
CNT000390,PO002371,NCC037,2024-10-25 18:29:14,2024-12-09 18:29:14,48751800.0,48751800.0,0.0
CNT000391,PO000694,NCC028,2024-10-26 06:22:03,2024-12-10 06:22:03,22077000.0,13590200.0,8486800.0
CNT000392,PO002120,NCC032,2024-10-26 08:07:58,2024-12-10 08:07:58,91552800.0,91552800.0,0.0
CNT000393,PO001187,NCC008,2024-10-26 09:25:32,2024-12-10 09:25:32,14893000.0,14893000.0,0.0
CNT000394,PO001684,NCC003,2024-10-28 09:58:42,2024-12-12 09:58:42,108172800.0,108172800.0,0.0
CNT000395,PO000311,NCC002,2024-10-27 11:26:53,2024-12-11 11:26:53,182485500.0,182485500.0,0.0
CNT000396,PO000593,NCC005,2024-10-24 17:39:43,2024-12-08 17:39:43,2308800.0,2308800.0,0.0
CNT000397,PO002241,NCC007,2024-10-24 21:13:26,2024-12-08 21:13:26,61798200.0,61798200.0,0.0
CNT000398,PO003440,NCC011,2024-10-26 00:57:34,2024-12-10 00:57:34,149408000.0,149408000.0,0.0
CNT000399,PO000674,NCC022,2024-10-25 03:23:31,2024-12-09 03:23:31,9563100.0,9563100.0,0.0
CNT000400,PO001850,NCC021,2024-10-27 12:42:45,2024-12-11 12:42:45,21268800.0,21268800.0,0.0
CNT000401,PO000592,NCC043,2024-10-30 02:58:30,2024-12-14 02:58:30,27945000.0,3722800.0,24222200.0
CNT000402,PO000702,NCC002,2024-10-26 09:01:34,2024-12-10 09:01:34,51883600.0,51883600.0,0.0
CNT000403,PO000353,NCC024,2024-10-29 09:44:40,2024-12-13 09:44:40,28994000.0,17487100.0,11506900.0
CNT000404,PO001681,NCC020,2024-10-30 16:17:34,2024-12-14 16:17:34,428132800.0,428132800.0,0.0
CNT000405,PO001374,NCC043,2024-10-31 12:20:24,2024-12-15 12:20:24,10527000.0,10527000.0,0.0
CNT000406,PO002632,NCC043,2024-10-28 12:49:25,2024-12-12 12:49:25,41321500.0,24983800.0,16337700.0
CNT000407,PO001387,NCC002,2024-10-28 21:05:37,2024-12-12 21:05:37,188925600.0,188925600.0,0.0
CNT000408,PO003167,NCC004,2024-10-31 21:32:51,2024-12-15 21:32:51,340632600.0,340632600.0,0.0
CNT000409,PO002368,NCC004,2024-10-31 22:21:48,2024-12-15 22:21:48,207312300.0,207312300.0,0.0
CNT000410,PO003345,NCC021,2024-10-29 23:59:13,2024-12-13 23:59:13,9575600.0,9575600.0,0.0
CNT000411,PO002279,NCC013,2024-10-28 08:12:37,2024-12-12 08:12:37,16309800.0,16309800.0,0.0
CNT000412,PO002379,NCC004,2024-10-30 09:37:33,2024-12-14 09:37:33,13410600.0,8267000.0,5143600.0
CNT000413,PO000577,NCC011,2024-10-29 11:07:11,2024-12-13 11:07:11,368601600.0,368601600.0,0.0
CNT000414,PO002146,NCC039,2024-10-28 11:51:15,2024-12-12 11:51:15,56721600.0,56721600.0,0.0
CNT000415,PO001047,NCC037,2024-10-29 14:23:08,2024-12-13 14:23:08,38178000.0,11837400.0,26340600.0
CNT000416,PO001264,NCC044,2024-10-31 18:27:43,2024-12-15 18:27:43,40872600.0,40872600.0,0.0
CNT000417,PO001375,NCC026,2024-10-30 21:08:34,2024-12-14 21:08:34,28590200.0,20101500.0,8488700.0
CNT000418,PO000939,NCC007,2024-10-28 21:57:58,2024-12-12 21:57:58,82058400.0,11726200.0,70332200.0
CNT000419,PO002451,NCC038,2024-11-01 21:35:49,2024-12-16 21:35:49,69597700.0,69597700.0,0.0
CNT000420,PO000984,NCC009,2024-11-01 00:00:49,2024-12-16 00:00:49,527850000.0,527850000.0,0.0
CNT000421,PO002941,NCC044,2024-11-03 07:18:55,2024-12-18 07:18:55,72127500.0,7687600.0,64439900.0
CNT000422,PO003350,NCC017,2024-11-03 08:32:35,2024-12-18 08:32:35,12909200.0,12909200.0,0.0
CNT000423,PO001402,NCC014,2024-10-31 12:33:04,2024-12-15 12:33:04,44237600.0,44237600.0,0.0
CNT000424,PO001290,NCC044,2024-11-03 15:57:27,2024-12-18 15:57:27,29545000.0,29545000.0,0.0
CNT000425,PO002589,NCC001,2024-10-31 01:02:57,2024-12-15 01:02:57,72711000.0,72711000.0,0.0
CNT000426,PO000564,NCC005,2024-11-02 05:45:00,2024-12-17 05:45:00,52419800.0,5673400.0,46746400.0
CNT000427,PO000280,NCC030,2024-11-03 08:20:09,2024-12-18 08:20:09,59623200.0,59623200.0,0.0
CNT000428,PO001401,NCC022,2024-11-01 11:34:42,2024-12-16 11:34:42,390050400.0,390050400.0,0.0
CNT000429,PO000401,NCC030,2024-10-31 16:14:39,2024-12-15 16:14:39,32883000.0,32883000.0,0.0
CNT000430,PO002380,NCC032,2024-11-04 00:17:00,2024-12-19 00:17:00,28886900.0,28886900.0,0.0
CNT000431,PO002034,NCC009,2024-11-03 02:44:43,2024-12-18 02:44:43,58921200.0,58921200.0,0.0
CNT000432,PO002996,NCC011,2024-11-01 13:04:01,2024-12-16 13:04:01,464580600.0,16746100.0,447834500.0
CNT000433,PO001437,NCC017,2024-11-04 14:13:28,2024-12-19 14:13:28,98183700.0,15060000.0,83123700.0
CNT000434,PO002625,NCC009,2024-11-01 17:47:21,2024-12-16 17:47:21,295680000.0,295680000.0,0.0
CNT000435,PO000810,NCC001,2024-11-05 04:00:26,2024-12-20 04:00:26,39003300.0,24192200.0,14811100.0
CNT000436,PO002861,NCC012,2024-11-02 09:03:16,2024-12-17 09:03:16,20680000.0,20680000.0,0.0
CNT000437,PO001493,NCC014,2024-11-05 13:44:27,2024-12-20 13:44:27,28815200.0,28815200.0,0.0
CNT000438,PO002701,NCC026,2024-11-04 14:44:39,2024-12-19 14:44:39,117276000.0,117276000.0,0.0
CNT000439,PO001484,NCC019,2024-11-06 14:54:29,2024-12-21 14:54:29,608971000.0,381109600.0,227861400.0
CNT000440,PO001413,NCC002,2024-11-04 19:46:06,2024-12-19 19:46:06,16253800.0,16253800.0,0.0
CNT000441,PO000573,NCC026,2024-11-04 23:38:26,2024-12-19 23:38:26,36926400.0,18863800.0,18062600.0
CNT000442,PO000748,NCC039,2024-11-06 05:57:22,2024-12-21 05:57:22,504327600.0,504327600.0,0.0
CNT000443,PO001452,NCC022,2024-11-03 12:53:34,2024-12-18 12:53:34,42527100.0,20805800.0,21721300.0
CNT000444,PO003012,NCC008,2024-11-05 18:09:44,2024-12-20 18:09:44,26272800.0,26272800.0,0.0
CNT000445,PO003343,NCC020,2024-11-08 02:46:43,2024-12-23 02:46:43,5375100.0,1668700.0,3706400.0
CNT000446,PO002204,NCC002,2024-11-07 05:48:01,2024-12-22 05:48:01,703836000.0,526244000.0,177592000.0
CNT000447,PO002292,NCC035,2024-11-05 19:03:57,2024-12-20 19:03:57,11989200.0,1062200.0,10927000.0
CNT000448,PO000944,NCC007,2024-11-06 19:48:28,2024-12-21 19:48:28,127694400.0,54701500.0,72992900.0
CNT000449,PO003086,NCC041,2024-11-06 02:15:53,2024-12-21 02:15:53,25403600.0,22155000.0,3248600.0
CNT000450,PO002610,NCC008,2024-11-08 04:12:40,2024-12-23 04:12:40,530587200.0,530587200.0,0.0
CNT000451,PO000778,NCC025,2024-11-07 07:11:19,2024-12-22 07:11:19,426378000.0,426378000.0,0.0
CNT000452,PO003447,NCC022,2024-11-08 12:32:55,2024-12-23 12:32:55,47533400.0,47533400.0,0.0
CNT000453,PO000145,NCC015,2024-11-09 13:51:28,2024-12-24 13:51:28,6356000.0,6356000.0,0.0
CNT000454,PO001157,NCC002,2024-11-05 20:44:12,2024-12-20 20:44:12,29646000.0,27099100.0,2546900.0
CNT000455,PO002768,NCC001,2024-11-09 03:42:25,2024-12-24 03:42:25,2502400.0,2502400.0,0.0
CNT000456,PO002651,NCC002,2024-11-07 07:34:26,2024-12-22 07:34:26,27825600.0,27825600.0,0.0
CNT000457,PO003486,NCC034,2024-11-06 10:44:57,2024-12-21 10:44:57,108113000.0,108113000.0,0.0
CNT000458,PO002906,NCC004,2024-11-11 03:41:23,2024-12-26 03:41:23,11427600.0,11427600.0,0.0
CNT000459,PO000667,NCC029,2024-11-07 05:34:51,2024-12-22 05:34:51,28729500.0,28729500.0,0.0
CNT000460,PO003278,NCC004,2024-11-09 07:09:00,2024-12-24 07:09:00,13362000.0,13362000.0,0.0
CNT000461,PO001731,NCC003,2024-11-08 20:59:35,2024-12-23 20:59:35,581454500.0,581454500.0,0.0
CNT000462,PO002534,NCC044,2024-11-10 22:47:50,2024-12-25 22:47:50,120202500.0,120202500.0,0.0
CNT000463,PO002203,NCC011,2024-11-08 06:15:05,2024-12-23 06:15:05,51435200.0,51435200.0,0.0
CNT000464,PO001640,NCC012,2024-11-12 06:42:31,2024-12-27 06:42:31,76484500.0,10585500.0,65899000.0
CNT000465,PO003208,NCC004,2024-11-08 08:36:20,2024-12-23 08:36:20,92003600.0,15669300.0,76334300.0
CNT000466,PO000337,NCC028,2024-11-11 18:42:45,2024-12-26 18:42:45,79874200.0,79874200.0,0.0
CNT000467,PO001799,NCC022,2024-11-11 21:37:18,2024-12-26 21:37:18,581365900.0,581365900.0,0.0
CNT000468,PO001325,NCC006,2024-11-08 22:06:57,2024-12-23 22:06:57,38021500.0,38021500.0,0.0
CNT000469,PO000857,NCC006,2024-11-12 22:29:09,2024-12-27 22:29:09,8375400.0,1552600.0,6822800.0
CNT000470,PO001342,NCC029,2024-11-09 23:46:10,2024-12-24 23:46:10,54062500.0,32955600.0,21106900.0
CNT000471,PO002079,NCC025,2024-11-13 00:08:02,2024-12-28 00:08:02,11517500.0,11050400.0,467100.0
CNT000472,PO000146,NCC028,2024-11-13 06:27:10,2024-12-28 06:27:10,15680000.0,3364100.0,12315900.0
CNT000473,PO002985,NCC037,2024-11-11 06:45:01,2024-12-26 06:45:01,6018000.0,889300.0,5128700.0
CNT000474,PO002381,NCC033,2024-11-11 11:51:22,2024-12-26 11:51:22,18179200.0,5624200.0,12555000.0
CNT000475,PO002664,NCC027,2024-11-10 14:54:40,2024-12-25 14:54:40,65073100.0,48480400.0,16592700.0
CNT000476,PO001360,NCC032,2024-11-11 19:16:46,2024-12-26 19:16:46,14798100.0,5239200.0,9558900.0
CNT000477,PO001405,NCC043,2024-11-12 00:37:54,2024-12-27 00:37:54,41506500.0,13747600.0,27758900.0
CNT000478,PO001088,NCC044,2024-11-14 02:58:56,2024-12-29 02:58:56,57950200.0,57950200.0,0.0
CNT000479,PO002686,NCC013,2024-11-14 04:23:21,2024-12-29 04:23:21,9563400.0,1372800.0,8190600.0
CNT000480,PO002501,NCC016,2024-11-12 11:25:44,2024-12-27 11:25:44,155770000.0,155746700.0,23300.0
CNT000481,PO001638,NCC044,2024-11-14 13:56:57,2024-12-29 13:56:57,3543300.0,3543300.0,0.0
CNT000482,PO001844,NCC010,2024-11-13 22:11:07,2024-12-28 22:11:07,85866000.0,85866000.0,0.0
CNT000483,PO000134,NCC044,2024-11-12 22:13:13,2024-12-27 22:13:13,46156000.0,32556500.0,13599500.0
CNT000484,PO000686,NCC027,2024-11-13 22:41:04,2024-12-28 22:41:04,80252800.0,80252800.0,0.0
CNT000485,PO002532,NCC014,2024-11-11 05:40:26,2024-12-26 05:40:26,179641000.0,104708000.0,74933000.0
CNT000486,PO002522,NCC040,2024-11-15 06:19:07,2024-12-30 06:19:07,6710000.0,6710000.0,0.0
CNT000487,PO000183,NCC020,2024-11-16 14:00:49,2024-12-31 14:00:49,1973400.0,377700.0,1595700.0
CNT000488,PO001199,NCC011,2024-11-16 19:02:38,2024-12-31 19:02:38,118313000.0,118313000.0,0.0
CNT000489,PO002519,NCC014,2024-11-15 19:16:52,2024-12-30 19:16:52,9060800.0,9060800.0,0.0
CNT000490,PO000849,NCC009,2024-11-13 19:53:12,2024-12-28 19:53:12,94976600.0,47381300.0,47595300.0
CNT000491,PO001858,NCC031,2024-11-14 07:14:58,2024-12-29 07:14:58,10060200.0,10060200.0,0.0
CNT000492,PO001476,NCC030,2024-11-15 09:46:35,2024-12-30 09:46:35,9777600.0,3144400.0,6633200.0
CNT000493,PO002817,NCC009,2024-11-16 16:13:45,2024-12-31 16:13:45,24038500.0,24038500.0,0.0
CNT000494,PO000661,NCC027,2024-11-16 18:50:41,2024-12-31 18:50:41,61953500.0,5708000.0,56245500.0
CNT000495,PO003273,NCC035,2024-11-15 23:06:13,2024-12-30 23:06:13,1764000.0,1764000.0,0.0
CNT000496,PO001979,NCC037,2024-11-14 02:10:17,2024-12-29 02:10:17,265771400.0,265771400.0,0.0
CNT000497,PO002954,NCC027,2024-11-17 02:55:36,2025-01-01 02:55:36,71720100.0,6356300.0,65363800.0
CNT000498,PO000896,NCC035,2024-11-16 05:40:09,2024-12-31 05:40:09,83266900.0,83266900.0,0.0
CNT000499,PO000558,NCC025,2024-11-14 06:49:40,2024-12-29 06:49:40,46410000.0,6902200.0,39507800.0
CNT000500,PO002885,NCC021,2024-11-15 10:35:30,2024-12-30 10:35:30,17018000.0,10366600.0,6651400.0
CNT000501,PO001995,NCC031,2024-11-18 14:34:09,2025-01-02 14:34:09,56815200.0,56815200.0,0.0
CNT000502,PO000012,NCC022,2024-11-16 05:30:59,2024-12-31 05:30:59,51863000.0,51863000.0,0.0
CNT000503,PO002211,NCC020,2024-11-16 11:37:38,2024-12-31 11:37:38,85192700.0,85192700.0,0.0
CNT000504,PO000820,NCC027,2024-11-18 07:25:55,2025-01-02 07:25:55,63243400.0,63243400.0,0.0
CNT000505,PO001691,NCC010,2024-11-17 12:30:29,2025-01-01 12:30:29,59719400.0,59719400.0,0.0
CNT000506,PO003492,NCC032,2024-11-18 16:21:17,2025-01-02 16:21:17,8952600.0,8718900.0,233700.0
CNT000507,PO000589,NCC043,2024-11-19 20:40:00,2025-01-03 20:40:00,189789600.0,29096800.0,160692800.0
CNT000508,PO002419,NCC031,2024-11-19 01:07:54,2025-01-03 01:07:54,54657600.0,54657600.0,0.0
CNT000509,PO001708,NCC030,2024-11-19 12:40:46,2025-01-03 12:40:46,297336000.0,297336000.0,0.0
CNT000510,PO003366,NCC002,2024-11-17 17:29:20,2025-01-01 17:29:20,66598800.0,55163600.0,11435200.0
CNT000511,PO002825,NCC036,2024-11-20 05:00:57,2025-01-04 05:00:57,43617600.0,43617600.0,0.0
CNT000512,PO000291,NCC037,2024-11-23 07:39:11,2025-01-07 07:39:11,74708000.0,71193800.0,3514200.0
CNT000513,PO002554,NCC024,2024-11-23 08:13:08,2025-01-07 08:13:08,7149500.0,7149500.0,0.0
CNT000514,PO003094,NCC035,2024-11-21 11:49:50,2025-01-05 11:49:50,15654600.0,3600.0,15651000.0
CNT000515,PO002585,NCC009,2024-11-23 14:18:36,2025-01-07 14:18:36,40568600.0,30101800.0,10466800.0
CNT000516,PO003226,NCC027,2024-11-21 22:21:31,2025-01-05 22:21:31,12796900.0,12796900.0,0.0
CNT000517,PO001112,NCC034,2024-11-21 00:11:59,2025-01-05 00:11:59,6753600.0,4532900.0,2220700.0
CNT000518,PO000869,NCC041,2024-11-23 07:22:06,2025-01-07 07:22:06,13938000.0,5860800.0,8077200.0
CNT000519,PO001926,NCC008,2024-11-20 15:35:02,2025-01-04 15:35:02,17315900.0,12124500.0,5191400.0
CNT000520,PO002373,NCC026,2024-11-23 01:21:45,2025-01-07 01:21:45,6009200.0,6009200.0,0.0
CNT000521,PO001669,NCC045,2024-11-22 06:37:21,2025-01-06 06:37:21,11378100.0,11378100.0,0.0
CNT000522,PO001768,NCC043,2024-11-24 10:27:41,2025-01-08 10:27:41,27059200.0,27059200.0,0.0
CNT000523,PO000500,NCC041,2024-11-23 12:13:21,2025-01-07 12:13:21,13132800.0,13132800.0,0.0
CNT000524,PO000675,NCC004,2024-11-25 13:43:35,2025-01-09 13:43:35,352169000.0,352169000.0,0.0
CNT000525,PO000887,NCC039,2024-11-21 18:01:12,2025-01-05 18:01:12,14715900.0,9629200.0,5086700.0
CNT000526,PO002513,NCC034,2024-11-23 20:22:37,2025-01-07 20:22:37,80855000.0,80855000.0,0.0
CNT000527,PO000807,NCC041,2024-11-22 21:01:38,2025-01-06 21:01:38,84814800.0,84814800.0,0.0
CNT000528,PO002347,NCC039,2024-11-23 23:19:45,2025-01-07 23:19:45,12591300.0,12591300.0,0.0
CNT000529,PO001071,NCC017,2024-11-23 02:24:55,2025-01-07 02:24:55,26897400.0,26897400.0,0.0
CNT000530,PO001695,NCC005,2024-11-25 05:44:27,2025-01-09 05:44:27,48223000.0,48223000.0,0.0
CNT000531,PO003327,NCC037,2024-11-23 15:28:17,2025-01-07 15:28:17,89772500.0,57385300.0,32387200.0
CNT000532,PO000681,NCC036,2024-11-26 21:14:40,2025-01-10 21:14:40,21232100.0,1090300.0,20141800.0
CNT000533,PO000278,NCC024,2024-11-24 01:28:22,2025-01-08 01:28:22,65639700.0,65639700.0,0.0
CNT000534,PO000195,NCC026,2024-11-25 02:56:25,2025-01-09 02:56:25,96278200.0,96278200.0,0.0
CNT000535,PO000319,NCC010,2024-11-26 03:03:25,2025-01-10 03:03:25,491723400.0,158493900.0,333229500.0
CNT000536,PO000668,NCC006,2024-11-26 06:25:01,2025-01-10 06:25:01,7321600.0,7321600.0,0.0
CNT000537,PO000910,NCC043,2024-11-26 19:07:44,2025-01-10 19:07:44,65317000.0,65317000.0,0.0
CNT000538,PO001885,NCC027,2024-11-24 03:16:46,2025-01-08 03:16:46,34675400.0,34675400.0,0.0
CNT000539,PO003449,NCC034,2024-11-26 05:11:36,2025-01-10 05:11:36,21785400.0,21785400.0,0.0
CNT000540,PO003174,NCC043,2024-11-28 09:01:28,2025-01-12 09:01:28,13026400.0,6573900.0,6452500.0
CNT000541,PO002975,NCC021,2024-11-24 15:23:12,2025-01-08 15:23:12,87765600.0,42709100.0,45056500.0
CNT000542,PO000153,NCC033,2024-11-27 00:01:54,2025-01-11 00:01:54,27231000.0,27231000.0,0.0
CNT000543,PO001498,NCC032,2024-11-27 03:59:27,2025-01-11 03:59:27,88306000.0,88306000.0,0.0
CNT000544,PO003493,NCC040,2024-11-27 07:54:35,2025-01-11 07:54:35,112295200.0,112295200.0,0.0
CNT000545,PO002541,NCC008,2024-11-26 09:00:59,2025-01-10 09:00:59,25260000.0,25260000.0,0.0
CNT000546,PO002497,NCC022,2024-11-28 09:54:47,2025-01-12 09:54:47,237737500.0,47589300.0,190148200.0
CNT000547,PO002756,NCC038,2024-11-28 04:25:49,2025-01-12 04:25:49,82838500.0,82838500.0,0.0
CNT000548,PO003218,NCC038,2024-11-29 04:56:52,2025-01-13 04:56:52,8944000.0,8944000.0,0.0
CNT000549,PO000705,NCC012,2024-11-26 06:37:19,2025-01-10 06:37:19,48334000.0,48334000.0,0.0
CNT000550,PO001081,NCC030,2024-11-29 08:53:39,2025-01-13 08:53:39,351775800.0,351775800.0,0.0
CNT000551,PO001257,NCC006,2024-11-30 10:53:28,2025-01-14 10:53:28,35791500.0,32692600.0,3098900.0
CNT000552,PO003438,NCC034,2024-11-30 12:50:50,2025-01-14 12:50:50,44036000.0,44036000.0,0.0
CNT000553,PO000175,NCC021,2024-11-27 22:12:58,2025-01-11 22:12:58,28931700.0,13439700.0,15492000.0
CNT000554,PO002179,NCC016,2024-11-27 04:49:55,2025-01-11 04:49:55,121378900.0,86491000.0,34887900.0
CNT000555,PO001184,NCC028,2024-12-01 15:15:28,2025-01-15 15:15:28,19975200.0,17966500.0,2008700.0
CNT000556,PO001357,NCC008,2024-11-27 21:00:44,2025-01-11 21:00:44,23530000.0,4723900.0,18806100.0
CNT000557,PO000630,NCC028,2024-11-28 04:01:40,2025-01-12 04:01:40,13878000.0,5632700.0,8245300.0
CNT000558,PO002353,NCC033,2024-12-01 08:05:57,2025-01-15 08:05:57,95156300.0,95156300.0,0.0
CNT000559,PO001358,NCC040,2024-11-30 09:01:36,2025-01-14 09:01:36,26026000.0,20438400.0,5587600.0
CNT000560,PO002997,NCC043,2024-11-28 13:18:02,2025-01-12 13:18:02,5207300.0,4132100.0,1075200.0
CNT000561,PO001716,NCC009,2024-11-30 21:03:05,2025-01-14 21:03:05,58778400.0,58778400.0,0.0
CNT000562,PO002674,NCC045,2024-12-02 21:34:41,2025-01-16 21:34:41,38062800.0,19023900.0,19038900.0
CNT000563,PO002751,NCC031,2024-12-01 11:01:08,2025-01-15 11:01:08,123420500.0,123420500.0,0.0
CNT000564,PO001480,NCC001,2024-12-03 22:27:45,2025-01-17 22:27:45,880425000.0,396869600.0,483555400.0
CNT000565,PO000740,NCC013,2024-11-30 02:18:41,2025-01-14 02:18:41,55945500.0,55945500.0,0.0
CNT000566,PO002638,NCC008,2024-12-02 03:50:29,2025-01-16 03:50:29,21535400.0,7396500.0,14138900.0
CNT000567,PO003044,NCC036,2024-12-02 05:59:22,2025-01-16 05:59:22,421314000.0,421314000.0,0.0
CNT000568,PO000720,NCC035,2024-12-05 01:53:43,2025-01-19 01:53:43,22104600.0,22104600.0,0.0
CNT000569,PO000855,NCC023,2024-12-03 02:25:10,2025-01-17 02:25:10,262338500.0,262338500.0,0.0
CNT000570,PO002914,NCC001,2024-12-04 06:48:13,2025-01-18 06:48:13,30308800.0,30308800.0,0.0
CNT000571,PO000400,NCC028,2024-12-02 20:28:49,2025-01-16 20:28:49,18480000.0,117200.0,18362800.0
CNT000572,PO001021,NCC007,2024-12-03 01:59:13,2025-01-17 01:59:13,13672100.0,13672100.0,0.0
CNT000573,PO002125,NCC032,2024-12-06 04:25:27,2025-01-20 04:25:27,243957200.0,243957200.0,0.0
CNT000574,PO002475,NCC009,2024-12-05 06:54:37,2025-01-19 06:54:37,376736000.0,270196700.0,106539300.0
CNT000575,PO002372,NCC045,2024-12-05 13:14:19,2025-01-19 13:14:19,47405000.0,47405000.0,0.0
CNT000576,PO001539,NCC037,2024-12-06 18:36:27,2025-01-20 18:36:27,15346800.0,15346800.0,0.0
CNT000577,PO001527,NCC028,2024-12-06 19:19:31,2025-01-20 19:19:31,15055300.0,15055300.0,0.0
CNT000578,PO002505,NCC010,2024-12-05 21:02:33,2025-01-19 21:02:33,166431000.0,146829600.0,19601400.0
CNT000579,PO002256,NCC003,2024-12-05 23:53:05,2025-01-19 23:53:05,586888400.0,105053100.0,481835300.0
CNT000580,PO001436,NCC045,2024-12-06 01:02:52,2025-01-20 01:02:52,101118500.0,38555600.0,62562900.0
CNT000581,PO000744,NCC035,2024-12-07 01:39:42,2025-01-21 01:39:42,23279800.0,1653700.0,21626100.0
CNT000582,PO001169,NCC002,2024-12-05 04:21:47,2025-01-19 04:21:47,123868500.0,102760100.0,21108400.0
CNT000583,PO001377,NCC043,2024-12-03 09:32:31,2025-01-17 09:32:31,64079000.0,1186200.0,62892800.0
CNT000584,PO002311,NCC002,2024-12-07 15:40:06,2025-01-21 15:40:06,886600.0,886600.0,0.0
CNT000585,PO001812,NCC002,2024-12-05 17:56:22,2025-01-19 17:56:22,32893800.0,32893800.0,0.0
CNT000586,PO002398,NCC037,2024-12-04 00:11:55,2025-01-18 00:11:55,81262200.0,81262200.0,0.0
CNT000587,PO002911,NCC006,2024-12-07 00:25:59,2025-01-21 00:25:59,243010400.0,243010400.0,0.0
CNT000588,PO001106,NCC008,2024-12-05 02:46:40,2025-01-19 02:46:40,153697400.0,92940300.0,60757100.0
CNT000589,PO001309,NCC014,2024-12-07 03:01:33,2025-01-21 03:01:33,89728800.0,89728800.0,0.0
CNT000590,PO001829,NCC017,2024-12-08 03:59:23,2025-01-22 03:59:23,4826900.0,3245100.0,1581800.0
CNT000591,PO000488,NCC042,2024-12-06 05:25:28,2025-01-20 05:25:28,43474200.0,43474200.0,0.0
CNT000592,PO000524,NCC043,2024-12-08 18:45:01,2025-01-22 18:45:01,73143000.0,73143000.0,0.0
CNT000593,PO000769,NCC012,2024-12-06 08:29:06,2025-01-20 08:29:06,240573200.0,240573200.0,0.0
CNT000594,PO000537,NCC025,2024-12-06 17:43:45,2025-01-20 17:43:45,9394000.0,9394000.0,0.0
CNT000595,PO002130,NCC027,2024-12-07 00:54:45,2025-01-21 00:54:45,94983000.0,8285300.0,86697700.0
CNT000596,PO003033,NCC005,2024-12-07 01:44:44,2025-01-21 01:44:44,97576400.0,89194800.0,8381600.0
CNT000597,PO001308,NCC035,2024-12-08 06:17:09,2025-01-22 06:17:09,6601500.0,6601500.0,0.0
CNT000598,PO001755,NCC021,2024-12-09 08:29:11,2025-01-23 08:29:11,28475200.0,28475200.0,0.0
CNT000599,PO003146,NCC004,2024-12-08 12:24:11,2025-01-22 12:24:11,53775500.0,53775500.0,0.0
CNT000600,PO001642,NCC037,2024-12-11 04:01:16,2025-01-25 04:01:16,2452800.0,2452800.0,0.0
CNT000601,PO002781,NCC017,2024-12-07 06:53:23,2025-01-21 06:53:23,56712200.0,38741400.0,17970800.0
CNT000602,PO000166,NCC017,2024-12-11 13:44:17,2025-01-25 13:44:17,19056800.0,19056800.0,0.0
CNT000603,PO001201,NCC023,2024-12-09 15:46:11,2025-01-23 15:46:11,10549000.0,8450800.0,2098200.0
CNT000604,PO002812,NCC042,2024-12-08 18:20:42,2025-01-22 18:20:42,28616000.0,17731500.0,10884500.0
CNT000605,PO003306,NCC024,2024-12-11 04:47:07,2025-01-25 04:47:07,16946400.0,16946400.0,0.0
CNT000606,PO001935,NCC021,2024-12-08 07:43:12,2025-01-22 07:43:12,50503500.0,38870700.0,11632800.0
CNT000607,PO000187,NCC041,2024-12-12 13:34:22,2025-01-26 13:34:22,38398000.0,22347500.0,16050500.0
CNT000608,PO000821,NCC023,2024-12-12 15:35:58,2025-01-26 15:35:58,20175800.0,20175800.0,0.0
CNT000609,PO000645,NCC007,2024-12-08 21:23:26,2025-01-22 21:23:26,88268800.0,87881900.0,386900.0
CNT000610,PO001651,NCC041,2024-12-12 00:06:55,2025-01-26 00:06:55,532300800.0,319654400.0,212646400.0
CNT000611,PO001833,NCC008,2024-12-12 02:53:39,2025-01-26 02:53:39,116837700.0,116837700.0,0.0
CNT000612,PO000216,NCC042,2024-12-13 08:26:57,2025-01-27 08:26:57,21470400.0,21470400.0,0.0
CNT000613,PO002679,NCC027,2024-12-09 20:15:59,2025-01-23 20:15:59,21602100.0,21602100.0,0.0
CNT000614,PO001682,NCC007,2024-12-13 08:31:14,2025-01-27 08:31:14,473303200.0,71924600.0,401378600.0
CNT000615,PO002412,NCC009,2024-12-12 08:41:04,2025-01-26 08:41:04,950400.0,950400.0,0.0
CNT000616,PO001717,NCC012,2024-12-14 14:23:48,2025-01-28 14:23:48,195116300.0,195116300.0,0.0
CNT000617,PO001072,NCC022,2024-12-15 05:39:39,2025-01-29 05:39:39,131185600.0,131185600.0,0.0
CNT000618,PO002567,NCC003,2024-12-12 15:00:10,2025-01-26 15:00:10,193328000.0,193328000.0,0.0
CNT000619,PO002457,NCC024,2024-12-12 17:53:00,2025-01-26 17:53:00,33221600.0,33221600.0,0.0
CNT000620,PO003032,NCC003,2024-12-15 22:23:04,2025-01-29 22:23:04,297236100.0,297236100.0,0.0
CNT000621,PO001279,NCC032,2024-12-14 00:38:29,2025-01-28 00:38:29,18308400.0,18308400.0,0.0
CNT000622,PO000062,NCC020,2024-12-15 03:26:42,2025-01-29 03:26:42,382036800.0,214683700.0,167353100.0
CNT000623,PO000288,NCC024,2024-12-15 11:08:43,2025-01-29 11:08:43,65182000.0,27083400.0,38098600.0
CNT000624,PO001762,NCC038,2024-12-13 15:32:24,2025-01-27 15:32:24,30535600.0,30535600.0,0.0
CNT000625,PO002049,NCC023,2024-12-17 01:48:20,2025-01-31 01:48:20,102304000.0,28208600.0,74095400.0
CNT000626,PO002957,NCC005,2024-12-17 22:01:47,2025-01-31 22:01:47,126322000.0,126322000.0,0.0
CNT000627,PO001194,NCC003,2024-12-14 23:07:00,2025-01-28 23:07:00,27650700.0,18105900.0,9544800.0
CNT000628,PO003013,NCC022,2024-12-14 02:32:17,2025-01-28 02:32:17,107484000.0,107484000.0,0.0
CNT000629,PO001540,NCC031,2024-12-16 08:24:08,2025-01-30 08:24:08,91324800.0,91324800.0,0.0
CNT000630,PO001285,NCC023,2024-12-14 14:56:31,2025-01-28 14:56:31,22958600.0,22958600.0,0.0
CNT000631,PO001050,NCC034,2024-12-18 17:34:04,2025-02-01 17:34:04,7161300.0,7161300.0,0.0
CNT000632,PO002921,NCC021,2024-12-16 00:16:01,2025-01-30 00:16:01,2849000.0,1934900.0,914100.0
CNT000633,PO000847,NCC018,2024-12-18 03:17:55,2025-02-01 03:17:55,3579600.0,3579600.0,0.0
CNT000634,PO000217,NCC011,2024-12-17 14:30:56,2025-01-31 14:30:56,11529000.0,11529000.0,0.0
CNT000635,PO001694,NCC001,2024-12-17 18:41:46,2025-01-31 18:41:46,52447500.0,8867200.0,43580300.0
CNT000636,PO001451,NCC002,2024-12-17 22:42:31,2025-01-31 22:42:31,208221000.0,141250800.0,66970200.0
CNT000637,PO001645,NCC019,2024-12-20 15:24:14,2025-02-03 15:24:14,54756100.0,54756100.0,0.0
CNT000638,PO001506,NCC043,2024-12-19 01:57:16,2025-02-02 01:57:16,444715200.0,444715200.0,0.0
CNT000639,PO001041,NCC011,2024-12-18 03:33:12,2025-02-01 03:33:12,18360000.0,4430800.0,13929200.0
CNT000640,PO002619,NCC042,2024-12-20 05:03:34,2025-02-03 05:03:34,109343300.0,109343300.0,0.0
CNT000641,PO001283,NCC045,2024-12-19 06:03:49,2025-02-02 06:03:49,44438400.0,42337200.0,2101200.0
CNT000642,PO002926,NCC035,2024-12-20 10:08:53,2025-02-03 10:08:53,32697800.0,29282000.0,3415800.0
CNT000643,PO001450,NCC015,2024-12-22 04:40:03,2025-02-05 04:40:03,36427600.0,36427600.0,0.0
CNT000644,PO002369,NCC044,2024-12-18 08:17:19,2025-02-01 08:17:19,59159200.0,7790900.0,51368300.0
CNT000645,PO000604,NCC002,2024-12-20 10:59:38,2025-02-03 10:59:38,656447000.0,656447000.0,0.0
CNT000646,PO002096,NCC023,2024-12-20 12:39:57,2025-02-03 12:39:57,123008400.0,37899200.0,85109200.0
CNT000647,PO003372,NCC031,2024-12-21 17:25:22,2025-02-04 17:25:22,91219500.0,91068500.0,151000.0
CNT000648,PO003388,NCC045,2024-12-19 20:01:37,2025-02-02 20:01:37,14582400.0,11571300.0,3011100.0
CNT000649,PO001049,NCC014,2024-12-18 23:30:07,2025-02-01 23:30:07,134970000.0,15397700.0,119572300.0
CNT000650,PO001094,NCC005,2024-12-19 08:51:50,2025-02-02 08:51:50,111516100.0,106325200.0,5190900.0
CNT000651,PO001417,NCC042,2024-12-19 17:54:38,2025-02-02 17:54:38,12201000.0,9015200.0,3185800.0
CNT000652,PO000676,NCC020,2024-12-20 18:50:25,2025-02-03 18:50:25,842000.0,842000.0,0.0
CNT000653,PO001950,NCC024,2024-12-19 19:31:44,2025-02-02 19:31:44,61560000.0,48442500.0,13117500.0
CNT000654,PO000767,NCC025,2024-12-20 23:26:35,2025-02-03 23:26:35,463999200.0,152766900.0,311232300.0
CNT000655,PO001948,NCC018,2024-12-20 00:38:58,2025-02-03 00:38:58,39412000.0,7701400.0,31710600.0
CNT000656,PO000526,NCC042,2024-12-21 00:43:50,2025-02-04 00:43:50,81987400.0,13180800.0,68806600.0
CNT000657,PO000618,NCC012,2024-12-22 07:44:15,2025-02-05 07:44:15,90897000.0,90897000.0,0.0
CNT000658,PO002577,NCC034,2024-12-24 15:38:31,2025-02-07 15:38:31,169706100.0,169706100.0,0.0
CNT000659,PO001861,NCC001,2024-12-20 18:12:01,2025-02-03 18:12:01,9430200.0,4087400.0,5342800.0
CNT000660,PO000384,NCC012,2024-12-22 22:17:05,2025-02-05 22:17:05,35048000.0,25791800.0,9256200.0
CNT000661,PO002598,NCC037,2024-12-21 00:07:42,2025-02-04 00:07:42,28118400.0,28118400.0,0.0
CNT000662,PO002315,NCC042,2024-12-22 02:28:51,2025-02-05 02:28:51,56041600.0,56041600.0,0.0
CNT000663,PO002517,NCC008,2024-12-24 04:40:45,2025-02-07 04:40:45,362215000.0,362215000.0,0.0
CNT000664,PO003202,NCC018,2024-12-21 09:23:13,2025-02-04 09:23:13,209444300.0,162242200.0,47202100.0
CNT000665,PO000913,NCC024,2024-12-21 09:56:54,2025-02-04 09:56:54,369211800.0,168189200.0,201022600.0
CNT000666,PO001461,NCC029,2024-12-23 14:23:24,2025-02-06 14:23:24,42560000.0,42560000.0,0.0
CNT000667,PO000462,NCC031,2024-12-23 15:53:47,2025-02-06 15:53:47,48203400.0,48203400.0,0.0
CNT000668,PO001036,NCC028,2024-12-22 20:01:53,2025-02-05 20:01:53,98642000.0,65082900.0,33559100.0
CNT000669,PO002963,NCC035,2024-12-22 04:32:59,2025-02-05 04:32:59,603348400.0,265473600.0,337874800.0
CNT000670,PO003357,NCC012,2024-12-24 13:52:34,2025-02-07 13:52:34,24714200.0,24714200.0,0.0
CNT000671,PO003142,NCC034,2024-12-25 16:07:49,2025-02-08 16:07:49,35960000.0,14215400.0,21744600.0
CNT000672,PO001603,NCC004,2024-12-22 21:04:48,2025-02-05 21:04:48,115936800.0,115936800.0,0.0
CNT000673,PO002568,NCC001,2024-12-26 21:52:18,2025-02-09 21:52:18,12621200.0,3545500.0,9075700.0
CNT000674,PO002325,NCC025,2024-12-23 00:59:08,2025-02-06 00:59:08,13486200.0,6186900.0,7299300.0
CNT000675,PO001441,NCC034,2024-12-26 01:31:28,2025-02-09 01:31:28,4204800.0,656700.0,3548100.0
CNT000676,PO002250,NCC018,2024-12-26 02:59:18,2025-02-09 02:59:18,21793000.0,6915700.0,14877300.0
CNT000677,PO003271,NCC012,2024-12-25 03:22:19,2025-02-08 03:22:19,101134500.0,101134500.0,0.0
CNT000678,PO002653,NCC040,2024-12-25 15:09:15,2025-02-08 15:09:15,2204000.0,1016100.0,1187900.0
CNT000679,PO002273,NCC005,2024-12-28 00:31:06,2025-02-11 00:31:06,123828800.0,103964500.0,19864300.0
CNT000680,PO002621,NCC037,2024-12-26 00:55:10,2025-02-09 00:55:10,98366400.0,98366400.0,0.0
CNT000681,PO001679,NCC023,2024-12-25 05:40:54,2025-02-08 05:40:54,33203200.0,33203200.0,0.0
CNT000682,PO000425,NCC015,2024-12-24 12:11:46,2025-02-07 12:11:46,123027200.0,123027200.0,0.0
CNT000683,PO002435,NCC026,2024-12-27 12:36:40,2025-02-10 12:36:40,100717000.0,37207100.0,63509900.0
CNT000684,PO001551,NCC023,2024-12-24 16:06:15,2025-02-07 16:06:15,54271500.0,34234800.0,20036700.0
CNT000685,PO003338,NCC031,2024-12-24 18:02:01,2025-02-07 18:02:01,1128400.0,1128400.0,0.0
CNT000686,PO001932,NCC033,2024-12-28 17:55:58,2025-02-11 17:55:58,112351000.0,112351000.0,0.0
CNT000687,PO002688,NCC009,2024-12-26 20:29:48,2025-02-09 20:29:48,44280000.0,44280000.0,0.0
CNT000688,PO002060,NCC014,2024-12-29 05:57:28,2025-02-12 05:57:28,376184900.0,376184900.0,0.0
CNT000689,PO002272,NCC001,2024-12-27 06:13:38,2025-02-10 06:13:38,25857900.0,25857900.0,0.0
CNT000690,PO001784,NCC043,2024-12-26 13:51:49,2025-02-09 13:51:49,98101800.0,17165900.0,80935900.0
CNT000691,PO000374,NCC022,2024-12-26 16:04:59,2025-02-09 16:04:59,3525200.0,1088500.0,2436700.0
CNT000692,PO003201,NCC008,2024-12-28 17:43:50,2025-02-11 17:43:50,33095100.0,33095100.0,0.0
CNT000693,PO001554,NCC039,2024-12-26 22:00:39,2025-02-09 22:00:39,103756800.0,92461800.0,11295000.0
CNT000694,PO000881,NCC035,2024-12-28 00:07:49,2025-02-11 00:07:49,9625400.0,9625400.0,0.0
CNT000695,PO002227,NCC022,2024-12-31 00:39:36,2025-02-14 00:39:36,6633000.0,6633000.0,0.0
CNT000696,PO003197,NCC035,2024-12-28 03:27:33,2025-02-11 03:27:33,10431200.0,963000.0,9468200.0
CNT000697,PO002583,NCC037,2024-12-31 06:41:28,2025-02-14 06:41:28,2475000.0,2475000.0,0.0
CNT000698,PO000112,NCC013,2024-12-29 06:42:10,2025-02-12 06:42:10,210783600.0,210783600.0,0.0
CNT000699,PO002459,NCC040,2024-12-29 10:19:09,2025-02-12 10:19:09,304659300.0,274829700.0,29829600.0
CNT000700,PO002251,NCC025,2024-12-31 18:59:10,2025-02-14 18:59:10,110640800.0,110640800.0,0.0
CNT000701,PO002934,NCC005,2024-12-30 03:38:36,2025-02-13 03:38:36,31128800.0,31128800.0,0.0
CNT000702,PO000868,NCC035,2025-01-01 07:49:27,2025-02-15 07:49:27,186322400.0,186322400.0,0.0
CNT000703,PO000014,NCC022,2024-12-31 10:13:13,2025-02-14 10:13:13,6653100.0,6653100.0,0.0
CNT000704,PO001743,NCC002,2024-12-29 16:42:11,2025-02-12 16:42:11,5943000.0,5943000.0,0.0
CNT000705,PO001606,NCC029,2024-12-28 18:27:36,2025-02-11 18:27:36,43832800.0,13118100.0,30714700.0
CNT000706,PO001996,NCC002,2024-12-30 03:29:54,2025-02-13 03:29:54,6918800.0,5576000.0,1342800.0
CNT000707,PO002263,NCC039,2024-12-31 04:01:58,2025-02-14 04:01:58,390261300.0,133853100.0,256408200.0
CNT000708,PO000922,NCC004,2024-12-30 14:21:32,2025-02-13 14:21:32,492534900.0,379472000.0,113062900.0
CNT000709,PO000609,NCC005,2025-01-01 19:22:49,2025-02-15 19:22:49,17300000.0,12807200.0,4492800.0
CNT000710,PO000548,NCC038,2024-12-30 00:53:49,2025-02-13 00:53:49,82530000.0,82530000.0,0.0
CNT000711,PO000867,NCC042,2024-12-30 01:05:39,2025-02-13 01:05:39,15246000.0,14287900.0,958100.0
CNT000712,PO000149,NCC009,2024-12-30 02:25:12,2025-02-13 02:25:12,13041000.0,13041000.0,0.0
CNT000713,PO001205,NCC034,2025-01-03 08:40:05,2025-02-17 08:40:05,21296000.0,21296000.0,0.0
CNT000714,PO001147,NCC023,2025-01-03 09:00:38,2025-02-17 09:00:38,3376800.0,2036000.0,1340800.0
CNT000715,PO000244,NCC007,2024-12-31 11:08:27,2025-02-14 11:08:27,16972400.0,10535100.0,6437300.0
CNT000716,PO002000,NCC001,2024-12-31 11:08:58,2025-02-14 11:08:58,58024200.0,58024200.0,0.0
CNT000717,PO000477,NCC035,2025-01-03 18:55:58,2025-02-17 18:55:58,3863200.0,3863200.0,0.0
CNT000718,PO002831,NCC045,2024-12-31 00:34:55,2025-02-14 00:34:55,49730600.0,49730600.0,0.0
CNT000719,PO000975,NCC003,2024-12-31 01:00:01,2025-02-14 01:00:01,71769600.0,60437700.0,11331900.0
CNT000720,PO001779,NCC024,2024-12-31 04:34:39,2025-02-14 04:34:39,13741400.0,2068700.0,11672700.0
CNT000721,PO001189,NCC020,2025-01-03 04:41:35,2025-02-17 04:41:35,41370000.0,20784200.0,20585800.0
CNT000722,PO002270,NCC002,2025-01-03 09:01:34,2025-02-17 09:01:34,399936800.0,139988900.0,259947900.0
CNT000723,PO000999,NCC031,2025-01-03 09:10:31,2025-02-17 09:10:31,25593800.0,25593800.0,0.0
CNT000724,PO000355,NCC022,2025-01-03 09:15:54,2025-02-17 09:15:54,28044000.0,28044000.0,0.0
CNT000725,PO001587,NCC040,2025-01-01 00:22:18,2025-02-15 00:22:18,91572000.0,57371000.0,34201000.0
CNT000726,PO000240,NCC013,2025-01-02 03:52:38,2025-02-16 03:52:38,576232800.0,576232800.0,0.0
CNT000727,PO001897,NCC020,2025-01-03 09:27:50,2025-02-17 09:27:50,134222400.0,134222400.0,0.0
CNT000728,PO001856,NCC020,2025-01-03 13:30:28,2025-02-17 13:30:28,5707800.0,5488400.0,219400.0
CNT000729,PO001634,NCC043,2025-01-05 22:45:04,2025-02-19 22:45:04,73261900.0,21874800.0,51387100.0
CNT000730,PO000204,NCC005,2025-01-05 03:04:23,2025-02-19 03:04:23,26814200.0,26814200.0,0.0
CNT000731,PO000961,NCC005,2025-01-03 04:43:45,2025-02-17 04:43:45,72864000.0,7937100.0,64926900.0
CNT000732,PO003041,NCC022,2025-01-05 12:23:42,2025-02-19 12:23:42,231269700.0,231269700.0,0.0
CNT000733,PO000095,NCC035,2025-01-05 12:24:48,2025-02-19 12:24:48,28747000.0,28747000.0,0.0
CNT000734,PO000611,NCC027,2025-01-03 18:59:26,2025-02-17 18:59:26,497118000.0,497118000.0,0.0
CNT000735,PO002159,NCC021,2025-01-03 19:18:24,2025-02-17 19:18:24,8466000.0,2392400.0,6073600.0
CNT000736,PO002170,NCC020,2025-01-03 21:19:00,2025-02-17 21:19:00,15945600.0,15945600.0,0.0
CNT000737,PO000753,NCC004,2025-01-04 03:25:14,2025-02-18 03:25:14,126846000.0,72399400.0,54446600.0
CNT000738,PO003011,NCC040,2025-01-03 06:12:17,2025-02-17 06:12:17,165993100.0,165993100.0,0.0
CNT000739,PO002747,NCC034,2025-01-07 18:22:48,2025-02-21 18:22:48,97459400.0,97459400.0,0.0
CNT000740,PO000416,NCC019,2025-01-03 21:36:58,2025-02-17 21:36:58,34624200.0,34624200.0,0.0
CNT000741,PO002597,NCC014,2025-01-05 01:13:46,2025-02-19 01:13:46,139941000.0,139941000.0,0.0
CNT000742,PO002196,NCC010,2025-01-07 03:11:04,2025-02-21 03:11:04,21578400.0,21578400.0,0.0
CNT000743,PO003172,NCC027,2025-01-07 07:25:24,2025-02-21 07:25:24,40677000.0,40677000.0,0.0
CNT000744,PO000914,NCC033,2025-01-04 08:51:50,2025-02-18 08:51:50,5810000.0,3846400.0,1963600.0
CNT000745,PO001162,NCC040,2025-01-06 10:37:36,2025-02-20 10:37:36,6075000.0,4533300.0,1541700.0
CNT000746,PO002504,NCC038,2025-01-07 19:19:07,2025-02-21 19:19:07,18381900.0,18381900.0,0.0
CNT000747,PO003091,NCC020,2025-01-06 01:18:29,2025-02-20 01:18:29,118748800.0,100428800.0,18320000.0
CNT000748,PO000264,NCC029,2025-01-09 07:29:30,2025-02-23 07:29:30,4076600.0,4076600.0,0.0
CNT000749,PO000516,NCC006,2025-01-05 07:54:37,2025-02-19 07:54:37,139570000.0,89020500.0,50549500.0
CNT000750,PO001393,NCC038,2025-01-06 15:21:45,2025-02-20 15:21:45,74705400.0,74230100.0,475300.0
CNT000751,PO002945,NCC028,2025-01-05 20:07:03,2025-02-19 20:07:03,22151600.0,22151600.0,0.0
CNT000752,PO003471,NCC035,2025-01-10 09:33:41,2025-02-24 09:33:41,202794000.0,75008900.0,127785100.0
CNT000753,PO002351,NCC025,2025-01-08 17:58:48,2025-02-22 17:58:48,324093100.0,39027300.0,285065800.0
CNT000754,PO000594,NCC023,2025-01-07 18:50:32,2025-02-21 18:50:32,34057800.0,34057800.0,0.0
CNT000755,PO003046,NCC025,2025-01-10 20:54:17,2025-02-24 20:54:17,33958400.0,27725900.0,6232500.0
CNT000756,PO001889,NCC024,2025-01-08 21:05:03,2025-02-22 21:05:03,22499200.0,22499200.0,0.0
CNT000757,PO000122,NCC021,2025-01-08 02:50:49,2025-02-22 02:50:49,54306900.0,54306900.0,0.0
CNT000758,PO002730,NCC043,2025-01-08 14:07:06,2025-02-22 14:07:06,80811000.0,8753100.0,72057900.0
CNT000759,PO003055,NCC032,2025-01-10 20:38:53,2025-02-24 20:38:53,29446200.0,17844200.0,11602000.0
CNT000760,PO002306,NCC041,2025-01-08 13:25:50,2025-02-22 13:25:50,140770100.0,140770100.0,0.0
CNT000761,PO000161,NCC040,2025-01-08 20:03:53,2025-02-22 20:03:53,16492000.0,12670800.0,3821200.0
CNT000762,PO000518,NCC043,2025-01-11 05:32:16,2025-02-25 05:32:16,119146500.0,73984400.0,45162100.0
CNT000763,PO001901,NCC022,2025-01-13 06:49:49,2025-02-27 06:49:49,14606000.0,4427200.0,10178800.0
CNT000764,PO002198,NCC014,2025-01-09 12:43:16,2025-02-23 12:43:16,49420800.0,49420800.0,0.0
CNT000765,PO000247,NCC014,2025-01-12 13:57:06,2025-02-26 13:57:06,10500000.0,6041500.0,4458500.0
CNT000766,PO003444,NCC008,2025-01-12 19:12:46,2025-02-26 19:12:46,335679600.0,141341400.0,194338200.0
CNT000767,PO000373,NCC024,2025-01-09 19:31:51,2025-02-23 19:31:51,543253300.0,514587800.0,28665500.0
CNT000768,PO002786,NCC034,2025-01-12 20:22:30,2025-02-26 20:22:30,7585400.0,7585400.0,0.0
CNT000769,PO002737,NCC039,2025-01-13 22:49:18,2025-02-27 22:49:18,44461200.0,44461200.0,0.0
CNT000770,PO000190,NCC026,2025-01-10 06:55:57,2025-02-24 06:55:57,13108000.0,13108000.0,0.0
CNT000771,PO002370,NCC005,2025-01-13 19:49:56,2025-02-27 19:49:56,85756500.0,85756500.0,0.0
CNT000772,PO001167,NCC014,2025-01-13 03:32:36,2025-02-27 03:32:36,214146500.0,91815800.0,122330700.0
CNT000773,PO002872,NCC002,2025-01-13 05:29:02,2025-02-27 05:29:02,54670200.0,39581900.0,15088300.0
CNT000774,PO001351,NCC002,2025-01-14 11:17:53,2025-02-28 11:17:53,36334200.0,36334200.0,0.0
CNT000775,PO000442,NCC020,2025-01-16 08:14:39,2025-03-02 08:14:39,5179200.0,1906000.0,3273200.0
CNT000776,PO001796,NCC006,2025-01-16 09:38:34,2025-03-02 09:38:34,32851200.0,21508800.0,11342400.0
CNT000777,PO002649,NCC028,2025-01-15 13:01:31,2025-03-01 13:01:31,77090000.0,73797400.0,3292600.0
CNT000778,PO001937,NCC011,2025-01-15 15:23:18,2025-03-01 15:23:18,41075000.0,41075000.0,0.0
CNT000779,PO003043,NCC033,2025-01-16 20:47:49,2025-03-02 20:47:49,8633800.0,8633800.0,0.0
CNT000780,PO001968,NCC018,2025-01-13 05:12:24,2025-02-27 05:12:24,56624400.0,56624400.0,0.0
CNT000781,PO001347,NCC002,2025-01-17 10:10:31,2025-03-03 10:10:31,198424000.0,198424000.0,0.0
CNT000782,PO000538,NCC018,2025-01-17 18:19:21,2025-03-03 18:19:21,292555500.0,292555500.0,0.0
CNT000783,PO001293,NCC045,2025-01-16 01:21:52,2025-03-02 01:21:52,62657200.0,46809300.0,15847900.0
CNT000784,PO001883,NCC010,2025-01-14 01:24:26,2025-02-28 01:24:26,233913000.0,233913000.0,0.0
CNT000785,PO000809,NCC003,2025-01-18 01:27:40,2025-03-04 01:27:40,60279600.0,60279600.0,0.0
CNT000786,PO001481,NCC003,2025-01-14 01:38:26,2025-02-28 01:38:26,14442500.0,1097300.0,13345200.0
CNT000787,PO000511,NCC039,2025-01-15 03:37:13,2025-03-01 03:37:13,1361100.0,957800.0,403300.0
CNT000788,PO001171,NCC016,2025-01-17 07:53:02,2025-03-03 07:53:02,44913200.0,22727900.0,22185300.0
CNT000789,PO001725,NCC028,2025-01-14 09:55:23,2025-02-28 09:55:23,43846400.0,43846400.0,0.0
CNT000790,PO001736,NCC043,2025-01-17 11:48:41,2025-03-03 11:48:41,145485200.0,98784100.0,46701100.0
CNT000791,PO001477,NCC033,2025-01-18 12:17:02,2025-03-04 12:17:02,126741600.0,126741600.0,0.0
CNT000792,PO002709,NCC009,2025-01-16 13:28:19,2025-03-02 13:28:19,13496000.0,8935700.0,4560300.0
CNT000793,PO000213,NCC002,2025-01-18 14:38:50,2025-03-04 14:38:50,28482900.0,28482900.0,0.0
CNT000794,PO000328,NCC034,2025-01-14 20:22:37,2025-02-28 20:22:37,28779300.0,28779300.0,0.0
CNT000795,PO003347,NCC045,2025-01-17 22:25:43,2025-03-03 22:25:43,120710100.0,22588500.0,98121600.0
CNT000796,PO002858,NCC037,2025-01-15 00:19:09,2025-03-01 00:19:09,210927500.0,210927500.0,0.0
CNT000797,PO001891,NCC030,2025-01-18 10:41:42,2025-03-04 10:41:42,17449600.0,17449600.0,0.0
CNT000798,PO002734,NCC024,2025-01-15 11:51:36,2025-03-01 11:51:36,6072000.0,6072000.0,0.0
CNT000799,PO001348,NCC027,2025-01-18 16:36:35,2025-03-04 16:36:35,15593300.0,15593300.0,0.0
CNT000800,PO000486,NCC024,2025-01-19 17:27:20,2025-03-05 17:27:20,547540700.0,547540700.0,0.0
CNT000801,PO001376,NCC026,2025-01-20 07:33:36,2025-03-06 07:33:36,11130000.0,5999600.0,5130400.0
CNT000802,PO003302,NCC044,2025-01-16 09:43:01,2025-03-02 09:43:01,141189300.0,141189300.0,0.0
CNT000803,PO001256,NCC017,2025-01-19 20:44:48,2025-03-05 20:44:48,53606000.0,53606000.0,0.0
CNT000804,PO001841,NCC018,2025-01-20 21:02:15,2025-03-06 21:02:15,27838800.0,18606900.0,9231900.0
CNT000805,PO001686,NCC008,2025-01-21 04:20:57,2025-03-07 04:20:57,26906400.0,8305900.0,18600500.0
CNT000806,PO002675,NCC012,2025-01-19 05:55:33,2025-03-05 05:55:33,57337500.0,2035300.0,55302200.0
CNT000807,PO001611,NCC039,2025-01-17 06:29:12,2025-03-03 06:29:12,34749000.0,34749000.0,0.0
CNT000808,PO002823,NCC042,2025-01-19 06:44:34,2025-03-05 06:44:34,104585500.0,104585500.0,0.0
CNT000809,PO002935,NCC035,2025-01-19 07:34:34,2025-03-05 07:34:34,120944100.0,120944100.0,0.0
CNT000810,PO000327,NCC019,2025-01-21 09:19:25,2025-03-07 09:19:25,16247000.0,2656000.0,13591000.0
CNT000811,PO001892,NCC042,2025-01-19 13:12:13,2025-03-05 13:12:13,52638000.0,52638000.0,0.0
CNT000812,PO002917,NCC024,2025-01-18 21:15:56,2025-03-04 21:15:56,17887100.0,5862800.0,12024300.0
CNT000813,PO000582,NCC012,2025-01-21 02:47:30,2025-03-07 02:47:30,54723600.0,10780700.0,43942900.0
CNT000814,PO001920,NCC022,2025-01-22 08:30:52,2025-03-08 08:30:52,97133000.0,67900400.0,29232600.0
CNT000815,PO000989,NCC013,2025-01-19 10:22:58,2025-03-05 10:22:58,13869300.0,13869300.0,0.0
CNT000816,PO000716,NCC013,2025-01-21 11:54:44,2025-03-07 11:54:44,106693200.0,106693200.0,0.0
CNT000817,PO001443,NCC015,2025-01-21 14:05:22,2025-03-07 14:05:22,123340300.0,123340300.0,0.0
CNT000818,PO002408,NCC007,2025-01-20 16:30:02,2025-03-06 16:30:02,7948800.0,2489200.0,5459600.0
CNT000819,PO002147,NCC015,2025-01-20 03:18:44,2025-03-06 03:18:44,53835600.0,53835600.0,0.0
CNT000820,PO000722,NCC039,2025-01-21 08:48:49,2025-03-07 08:48:49,146441400.0,143797400.0,2644000.0
CNT000821,PO001562,NCC039,2025-01-23 12:39:57,2025-03-09 12:39:57,39020800.0,39020800.0,0.0
CNT000822,PO001545,NCC002,2025-01-21 20:03:21,2025-03-07 20:03:21,13867000.0,13867000.0,0.0
CNT000823,PO002689,NCC024,2025-01-20 07:08:22,2025-03-06 07:08:22,11867700.0,11867700.0,0.0
CNT000824,PO000394,NCC042,2025-01-24 08:51:17,2025-03-10 08:51:17,3188500.0,2408400.0,780100.0
CNT000825,PO001464,NCC011,2025-01-23 08:56:42,2025-03-09 08:56:42,561076800.0,561076800.0,0.0
CNT000826,PO000728,NCC040,2025-01-22 12:17:27,2025-03-08 12:17:27,54358200.0,33656700.0,20701500.0
CNT000827,PO001310,NCC038,2025-01-21 17:02:11,2025-03-07 17:02:11,11988000.0,10005000.0,1983000.0
CNT000828,PO002362,NCC023,2025-01-24 17:24:27,2025-03-10 17:24:27,39612600.0,1653200.0,37959400.0
CNT000829,PO002867,NCC031,2025-01-21 18:53:33,2025-03-07 18:53:33,32528000.0,3569800.0,28958200.0
CNT000830,PO000343,NCC022,2025-01-25 10:35:18,2025-03-11 10:35:18,21338000.0,20069700.0,1268300.0
CNT000831,PO003216,NCC024,2025-01-23 15:57:01,2025-03-09 15:57:01,35653200.0,23270300.0,12382900.0
CNT000832,PO002859,NCC024,2025-01-21 16:35:01,2025-03-07 16:35:01,75297000.0,75297000.0,0.0
CNT000833,PO002062,NCC036,2025-01-23 16:48:54,2025-03-09 16:48:54,184375500.0,124569300.0,59806200.0
CNT000834,PO003239,NCC037,2025-01-24 01:45:16,2025-03-10 01:45:16,5232300.0,5232300.0,0.0
CNT000835,PO001633,NCC013,2025-01-23 12:21:03,2025-03-09 12:21:03,25589200.0,25589200.0,0.0
CNT000836,PO002560,NCC029,2025-01-26 01:20:12,2025-03-12 01:20:12,79248000.0,48377700.0,30870300.0
CNT000837,PO000976,NCC025,2025-01-25 02:23:28,2025-03-11 02:23:28,459338400.0,459338400.0,0.0
CNT000838,PO000052,NCC042,2025-01-27 07:03:28,2025-03-13 07:03:28,94032400.0,94032400.0,0.0
CNT000839,PO002385,NCC015,2025-01-25 13:55:21,2025-03-11 13:55:21,46246200.0,46246200.0,0.0
CNT000840,PO001957,NCC041,2025-01-27 16:25:09,2025-03-13 16:25:09,495012600.0,50662800.0,444349800.0
CNT000841,PO000954,NCC028,2025-01-23 19:58:00,2025-03-09 19:58:00,78278400.0,78278400.0,0.0
CNT000842,PO003435,NCC002,2025-01-23 23:23:51,2025-03-09 23:23:51,24367000.0,24367000.0,0.0
CNT000843,PO000042,NCC023,2025-01-28 09:23:55,2025-03-14 09:23:55,13900300.0,5351300.0,8549000.0
CNT000844,PO002425,NCC018,2025-01-26 17:28:23,2025-03-12 17:28:23,14812000.0,14812000.0,0.0
CNT000845,PO003105,NCC024,2025-01-28 05:27:23,2025-03-14 05:27:23,5448000.0,342500.0,5105500.0
CNT000846,PO000021,NCC043,2025-01-29 16:42:43,2025-03-15 16:42:43,9632100.0,3224600.0,6407500.0
CNT000847,PO001583,NCC033,2025-01-29 19:39:42,2025-03-15 19:39:42,82102800.0,82102800.0,0.0
CNT000848,PO002087,NCC005,2025-01-25 21:16:57,2025-03-11 21:16:57,210160000.0,128621300.0,81538700.0
CNT000849,PO000444,NCC040,2025-01-30 14:17:51,2025-03-16 14:17:51,103778500.0,2718500.0,101060000.0
CNT000850,PO000916,NCC031,2025-01-27 23:34:04,2025-03-13 23:34:04,42233400.0,30243500.0,11989900.0
CNT000851,PO003160,NCC031,2025-01-28 00:33:32,2025-03-14 00:33:32,90526200.0,90526200.0,0.0
CNT000852,PO003458,NCC008,2025-01-31 05:53:18,2025-03-17 05:53:18,59924800.0,14992600.0,44932200.0
CNT000853,PO000412,NCC026,2025-01-29 09:25:45,2025-03-15 09:25:45,20956000.0,20956000.0,0.0
CNT000854,PO003199,NCC023,2025-01-30 15:53:01,2025-03-16 15:53:01,58150400.0,58150400.0,0.0
CNT000855,PO001027,NCC003,2025-01-27 17:11:35,2025-03-13 17:11:35,80937900.0,26211300.0,54726600.0
CNT000856,PO001150,NCC005,2025-01-31 11:22:40,2025-03-17 11:22:40,30429000.0,30429000.0,0.0
CNT000857,PO001177,NCC016,2025-02-01 15:49:46,2025-03-18 15:49:46,26532000.0,13375500.0,13156500.0
CNT000858,PO000255,NCC036,2025-01-30 17:00:42,2025-03-16 17:00:42,265105000.0,265105000.0,0.0
CNT000859,PO002186,NCC006,2025-01-31 19:10:37,2025-03-17 19:10:37,559876800.0,272342200.0,287534600.0
CNT000860,PO002850,NCC040,2025-01-30 08:19:55,2025-03-16 08:19:55,2199500.0,2199500.0,0.0
CNT000861,PO000471,NCC025,2025-02-01 09:29:50,2025-03-18 09:29:50,116659200.0,116659200.0,0.0
CNT000862,PO000570,NCC017,2025-02-02 13:51:11,2025-03-19 13:51:11,12625200.0,12625200.0,0.0
CNT000863,PO002094,NCC031,2025-01-30 13:55:45,2025-03-16 13:55:45,51357000.0,51357000.0,0.0
CNT000864,PO001096,NCC005,2025-02-01 17:51:12,2025-03-18 17:51:12,62199800.0,62199800.0,0.0
CNT000865,PO000617,NCC028,2025-01-30 01:57:26,2025-03-16 01:57:26,64542400.0,64542400.0,0.0
CNT000866,PO002280,NCC045,2025-01-30 03:06:15,2025-03-16 03:06:15,486805000.0,88258500.0,398546500.0
CNT000867,PO001785,NCC043,2025-02-01 10:23:20,2025-03-18 10:23:20,6360900.0,6360900.0,0.0
CNT000868,PO002761,NCC012,2025-01-30 14:45:44,2025-03-16 14:45:44,11448000.0,11448000.0,0.0
CNT000869,PO000368,NCC035,2025-01-30 15:45:43,2025-03-16 15:45:43,415590400.0,415590400.0,0.0
CNT000870,PO001625,NCC014,2025-02-01 16:43:07,2025-03-18 16:43:07,142920000.0,5349000.0,137571000.0
CNT000871,PO002877,NCC012,2025-02-01 17:33:29,2025-03-18 17:33:29,80893500.0,61337200.0,19556300.0
CNT000872,PO001790,NCC017,2025-02-02 19:43:50,2025-03-19 19:43:50,231052800.0,176513200.0,54539600.0
CNT000873,PO001075,NCC004,2025-01-31 20:30:12,2025-03-17 20:30:12,677386800.0,677386800.0,0.0
CNT000874,PO000389,NCC014,2025-02-04 22:45:09,2025-03-21 22:45:09,1785600.0,1785600.0,0.0
CNT000875,PO000308,NCC037,2025-02-02 00:14:56,2025-03-19 00:14:56,14541600.0,14541600.0,0.0
CNT000876,PO001209,NCC043,2025-02-05 10:04:15,2025-03-22 10:04:15,59818500.0,47499000.0,12319500.0
CNT000877,PO002249,NCC033,2025-02-03 14:20:59,2025-03-20 14:20:59,8549000.0,8549000.0,0.0
CNT000878,PO002750,NCC023,2025-02-04 16:45:31,2025-03-21 16:45:31,381173400.0,225334100.0,155839300.0
CNT000879,PO002057,NCC026,2025-02-03 00:22:11,2025-03-20 00:22:11,13590000.0,13590000.0,0.0
CNT000880,PO002417,NCC027,2025-02-05 05:26:44,2025-03-22 05:26:44,253387800.0,253387800.0,0.0
CNT000881,PO001816,NCC029,2025-02-06 09:39:28,2025-03-23 09:39:28,77289600.0,77289600.0,0.0
CNT000882,PO003155,NCC045,2025-02-05 09:41:58,2025-03-22 09:41:58,117717600.0,117717600.0,0.0
CNT000883,PO001977,NCC010,2025-02-04 12:27:33,2025-03-21 12:27:33,5886000.0,5886000.0,0.0
CNT000884,PO002483,NCC036,2025-02-06 15:11:23,2025-03-23 15:11:23,63732000.0,63732000.0,0.0
CNT000885,PO000656,NCC011,2025-02-05 15:13:00,2025-03-22 15:13:00,43262100.0,43262100.0,0.0
CNT000886,PO001384,NCC004,2025-02-03 15:56:44,2025-03-20 15:56:44,68043600.0,61583400.0,6460200.0
CNT000887,PO001131,NCC014,2025-02-02 21:35:12,2025-03-19 21:35:12,75255800.0,75255800.0,0.0
CNT000888,PO002217,NCC031,2025-02-07 01:52:19,2025-03-24 01:52:19,13258800.0,13258800.0,0.0
CNT000889,PO003469,NCC032,2025-02-07 09:47:08,2025-03-24 09:47:08,89619600.0,89619600.0,0.0
CNT000890,PO000298,NCC032,2025-02-07 23:18:27,2025-03-24 23:18:27,464520000.0,464520000.0,0.0
CNT000891,PO003130,NCC045,2025-02-07 16:32:59,2025-03-24 16:32:59,323654000.0,323654000.0,0.0
CNT000892,PO001155,NCC028,2025-02-06 16:55:59,2025-03-23 16:55:59,213560000.0,213560000.0,0.0
CNT000893,PO001304,NCC025,2025-02-06 22:48:37,2025-03-23 22:48:37,31812800.0,31812800.0,0.0
CNT000894,PO002329,NCC028,2025-02-08 03:44:52,2025-03-25 03:44:52,29435400.0,29435400.0,0.0
CNT000895,PO001058,NCC024,2025-02-08 04:48:39,2025-03-25 04:48:39,212022900.0,71547700.0,140475200.0
CNT000896,PO000871,NCC015,2025-02-07 09:36:45,2025-03-24 09:36:45,39491200.0,38722400.0,768800.0
CNT000897,PO002160,NCC041,2025-02-05 10:41:21,2025-03-22 10:41:21,12475200.0,12475200.0,0.0
CNT000898,PO000013,NCC015,2025-02-09 11:24:11,2025-03-26 11:24:11,21308900.0,21308900.0,0.0
CNT000899,PO002236,NCC037,2025-02-09 13:36:58,2025-03-26 13:36:58,97828500.0,97828500.0,0.0
CNT000900,PO001496,NCC026,2025-02-08 19:42:36,2025-03-25 19:42:36,239557500.0,239557500.0,0.0
CNT000901,PO000786,NCC030,2025-02-06 19:43:31,2025-03-23 19:43:31,54644800.0,54644800.0,0.0
CNT000902,PO002676,NCC004,2025-02-08 02:23:29,2025-03-25 02:23:29,396627200.0,396627200.0,0.0
CNT000903,PO001242,NCC045,2025-02-06 03:33:41,2025-03-23 03:33:41,76729600.0,25434800.0,51294800.0
CNT000904,PO001505,NCC005,2025-02-10 06:11:52,2025-03-27 06:11:52,8349000.0,8349000.0,0.0
CNT000905,PO000926,NCC007,2025-02-08 16:29:37,2025-03-25 16:29:37,19529400.0,14977300.0,4552100.0
CNT000906,PO002132,NCC007,2025-02-06 18:39:15,2025-03-23 18:39:15,34599200.0,23223200.0,11376000.0
CNT000907,PO002150,NCC008,2025-02-06 21:31:44,2025-03-23 21:31:44,17442000.0,17079000.0,363000.0
CNT000908,PO002596,NCC011,2025-02-10 22:46:19,2025-03-27 22:46:19,83813400.0,14922000.0,68891400.0
CNT000909,PO000693,NCC042,2025-02-07 07:29:14,2025-03-24 07:29:14,142370800.0,142370800.0,0.0
CNT000910,PO001801,NCC019,2025-02-08 07:54:01,2025-03-25 07:54:01,98175000.0,98175000.0,0.0
CNT000911,PO001792,NCC009,2025-02-11 11:51:55,2025-03-28 11:51:55,36223200.0,26838400.0,9384800.0
CNT000912,PO001326,NCC001,2025-02-07 13:11:05,2025-03-24 13:11:05,23638400.0,23638400.0,0.0
CNT000913,PO002561,NCC011,2025-02-09 17:13:27,2025-03-26 17:13:27,52406200.0,9400800.0,43005400.0
CNT000914,PO000179,NCC020,2025-02-10 01:34:01,2025-03-27 01:34:01,21390700.0,21390700.0,0.0
CNT000915,PO001164,NCC012,2025-02-08 01:45:47,2025-03-25 01:45:47,102873600.0,102873600.0,0.0
CNT000916,PO002115,NCC042,2025-02-10 16:07:42,2025-03-27 16:07:42,124146000.0,117084200.0,7061800.0
CNT000917,PO001254,NCC024,2025-02-11 17:20:18,2025-03-28 17:20:18,739622400.0,739622400.0,0.0
CNT000918,PO000912,NCC012,2025-02-10 18:57:45,2025-03-27 18:57:45,10454400.0,10454400.0,0.0
CNT000919,PO003154,NCC020,2025-02-11 00:01:06,2025-03-28 00:01:06,130637500.0,21520400.0,109117100.0
CNT000920,PO001340,NCC015,2025-02-12 00:23:53,2025-03-29 00:23:53,130583800.0,130583800.0,0.0
CNT000921,PO000880,NCC035,2025-02-11 03:30:31,2025-03-28 03:30:31,5096000.0,5096000.0,0.0
CNT000922,PO000266,NCC029,2025-02-11 04:35:57,2025-03-28 04:35:57,231792000.0,231792000.0,0.0
CNT000923,PO000591,NCC043,2025-02-13 04:36:50,2025-03-30 04:36:50,32484800.0,32484800.0,0.0
CNT000924,PO002133,NCC040,2025-02-10 12:10:40,2025-03-27 12:10:40,24104400.0,24104400.0,0.0
CNT000925,PO003270,NCC043,2025-02-09 12:19:11,2025-03-26 12:19:11,32385000.0,32385000.0,0.0
CNT000926,PO001819,NCC012,2025-02-10 13:54:17,2025-03-27 13:54:17,3741500.0,3741500.0,0.0
CNT000927,PO000746,NCC010,2025-02-11 15:53:50,2025-03-28 15:53:50,128904000.0,24923400.0,103980600.0
CNT000928,PO001911,NCC018,2025-02-11 22:45:25,2025-03-28 22:45:25,157235100.0,124616800.0,32618300.0
CNT000929,PO001662,NCC040,2025-02-09 23:10:30,2025-03-26 23:10:30,15790400.0,5511200.0,10279200.0
CNT000930,PO000998,NCC025,2025-02-12 06:30:39,2025-03-29 06:30:39,31864800.0,31864800.0,0.0
CNT000931,PO003455,NCC026,2025-02-12 07:27:13,2025-03-29 07:27:13,11143500.0,11143500.0,0.0
CNT000932,PO002262,NCC038,2025-02-14 03:48:02,2025-03-31 03:48:02,429318000.0,321235500.0,108082500.0
CNT000933,PO003360,NCC022,2025-02-15 05:41:36,2025-04-01 05:41:36,9499000.0,6652900.0,2846100.0
CNT000934,PO001306,NCC030,2025-02-14 11:20:37,2025-03-31 11:20:37,184681900.0,184681900.0,0.0
CNT000935,PO002035,NCC044,2025-02-14 12:19:29,2025-03-31 12:19:29,17312500.0,17312500.0,0.0
CNT000936,PO002720,NCC022,2025-02-13 12:58:50,2025-03-30 12:58:50,14775000.0,14775000.0,0.0
CNT000937,PO001983,NCC027,2025-02-11 22:48:03,2025-03-28 22:48:03,16828700.0,16828700.0,0.0
CNT000938,PO001010,NCC033,2025-02-14 01:40:02,2025-03-31 01:40:02,6107400.0,3074800.0,3032600.0
CNT000939,PO000074,NCC044,2025-02-12 10:17:53,2025-03-29 10:17:53,87227400.0,87227400.0,0.0
CNT000940,PO000772,NCC041,2025-02-16 13:02:24,2025-04-02 13:02:24,232042000.0,232042000.0,0.0
CNT000941,PO000666,NCC038,2025-02-13 13:49:15,2025-03-30 13:49:15,10058000.0,7605000.0,2453000.0
CNT000942,PO000186,NCC030,2025-02-15 17:50:16,2025-04-01 17:50:16,71721000.0,71721000.0,0.0
CNT000943,PO002040,NCC034,2025-02-13 21:43:06,2025-03-30 21:43:06,137881400.0,91950900.0,45930500.0
CNT000944,PO000417,NCC014,2025-02-15 23:49:30,2025-04-01 23:49:30,3426200.0,630300.0,2795900.0
CNT000945,PO000882,NCC024,2025-02-13 05:52:13,2025-03-30 05:52:13,29792000.0,29792000.0,0.0
CNT000946,PO002528,NCC007,2025-02-17 06:02:29,2025-04-03 06:02:29,310257200.0,207226300.0,103030900.0
CNT000947,PO001165,NCC034,2025-02-15 12:55:45,2025-04-01 12:55:45,27115000.0,27115000.0,0.0
CNT000948,PO000354,NCC037,2025-02-13 15:35:00,2025-03-30 15:35:00,24260800.0,24260800.0,0.0
CNT000949,PO003007,NCC020,2025-02-15 22:31:03,2025-04-01 22:31:03,2927400.0,2520700.0,406700.0
CNT000950,PO000966,NCC043,2025-02-14 23:23:37,2025-03-31 23:23:37,205881900.0,147228900.0,58653000.0
CNT000951,PO000237,NCC037,2025-02-16 03:14:48,2025-04-02 03:14:48,10283100.0,6857800.0,3425300.0
CNT000952,PO001927,NCC008,2025-02-14 11:38:48,2025-03-31 11:38:48,92774400.0,32466700.0,60307700.0
CNT000953,PO000841,NCC010,2025-02-16 06:46:54,2025-04-02 06:46:54,20632500.0,20632500.0,0.0
CNT000954,PO000719,NCC015,2025-02-16 06:57:31,2025-04-02 06:57:31,52222500.0,45286800.0,6935700.0
CNT000955,PO000088,NCC007,2025-02-17 12:54:06,2025-04-03 12:54:06,138117300.0,64472200.0,73645100.0
CNT000956,PO003402,NCC002,2025-02-18 22:32:01,2025-04-04 22:32:01,27034900.0,27034900.0,0.0
CNT000957,PO000583,NCC043,2025-02-19 00:36:32,2025-04-05 00:36:32,47016000.0,4533000.0,42483000.0
CNT000958,PO000364,NCC028,2025-02-16 01:40:02,2025-04-02 01:40:02,15791600.0,15791600.0,0.0
CNT000959,PO001353,NCC002,2025-02-16 03:43:22,2025-04-02 03:43:22,229631400.0,209593500.0,20037900.0
CNT000960,PO000476,NCC008,2025-02-20 05:53:51,2025-04-06 05:53:51,14476000.0,8226800.0,6249200.0
CNT000961,PO001331,NCC016,2025-02-17 16:06:06,2025-04-03 16:06:06,63509000.0,63509000.0,0.0
CNT000962,PO003111,NCC007,2025-02-20 21:48:41,2025-04-06 21:48:41,26734400.0,26734400.0,0.0
CNT000963,PO001536,NCC033,2025-02-17 02:53:49,2025-04-03 02:53:49,507452600.0,507452600.0,0.0
CNT000964,PO002991,NCC033,2025-02-19 09:18:30,2025-04-05 09:18:30,22418100.0,22418100.0,0.0
CNT000965,PO000596,NCC042,2025-02-17 15:41:12,2025-04-03 15:41:12,14550900.0,14550900.0,0.0
CNT000966,PO001836,NCC024,2025-02-21 16:38:21,2025-04-07 16:38:21,107598000.0,107598000.0,0.0
CNT000967,PO001034,NCC008,2025-02-19 16:49:03,2025-04-05 16:49:03,600336000.0,600336000.0,0.0
CNT000968,PO001748,NCC016,2025-02-20 17:57:42,2025-04-06 17:57:42,90720000.0,90720000.0,0.0
CNT000969,PO000815,NCC036,2025-02-18 20:13:27,2025-04-04 20:13:27,75191800.0,75191800.0,0.0
CNT000970,PO002525,NCC019,2025-02-21 22:32:45,2025-04-07 22:32:45,16197600.0,16197600.0,0.0
CNT000971,PO000232,NCC009,2025-02-22 11:44:39,2025-04-08 11:44:39,10833100.0,7209400.0,3623700.0
CNT000972,PO003072,NCC004,2025-02-20 18:04:16,2025-04-06 18:04:16,8142600.0,3887400.0,4255200.0
CNT000973,PO001963,NCC036,2025-02-19 18:59:50,2025-04-05 18:59:50,43865600.0,43865600.0,0.0
CNT000974,PO001566,NCC009,2025-02-20 00:18:33,2025-04-06 00:18:33,149498200.0,149498200.0,0.0
CNT000975,PO001421,NCC022,2025-02-21 00:50:21,2025-04-07 00:50:21,55426400.0,1114100.0,54312300.0
CNT000976,PO000324,NCC012,2025-02-20 07:42:45,2025-04-06 07:42:45,10505100.0,10505100.0,0.0
CNT000977,PO001035,NCC032,2025-02-19 09:02:49,2025-04-05 09:02:49,25985400.0,18953400.0,7032000.0
CNT000978,PO002361,NCC037,2025-02-22 10:21:12,2025-04-08 10:21:12,10348800.0,10348800.0,0.0
CNT000979,PO001046,NCC041,2025-02-19 11:29:22,2025-04-05 11:29:22,34034000.0,34034000.0,0.0
CNT000980,PO002670,NCC019,2025-02-19 14:07:07,2025-04-05 14:07:07,21032800.0,13771700.0,7261100.0
CNT000981,PO000273,NCC030,2025-02-23 00:24:12,2025-04-09 00:24:12,1314400.0,183500.0,1130900.0
CNT000982,PO003370,NCC041,2025-02-23 01:49:29,2025-04-09 01:49:29,80791000.0,30591300.0,50199700.0
CNT000983,PO003020,NCC015,2025-02-21 07:50:33,2025-04-07 07:50:33,46900000.0,33364200.0,13535800.0
CNT000984,PO000973,NCC023,2025-02-22 11:24:56,2025-04-08 11:24:56,373680400.0,373680400.0,0.0
CNT000985,PO001571,NCC016,2025-02-20 13:40:20,2025-04-06 13:40:20,144330000.0,144330000.0,0.0
CNT000986,PO003277,NCC044,2025-02-24 15:41:47,2025-04-10 15:41:47,51570600.0,51570600.0,0.0
CNT000987,PO000498,NCC033,2025-02-24 22:04:26,2025-04-10 22:04:26,12954800.0,12954800.0,0.0
CNT000988,PO002474,NCC040,2025-02-21 02:53:44,2025-04-07 02:53:44,108125700.0,15499400.0,92626300.0
CNT000989,PO000521,NCC032,2025-02-25 06:15:07,2025-04-11 06:15:07,43335500.0,43335500.0,0.0
CNT000990,PO001906,NCC011,2025-02-21 15:40:53,2025-04-07 15:40:53,4162500.0,4162500.0,0.0
CNT000991,PO001589,NCC028,2025-02-23 21:54:11,2025-04-09 21:54:11,103808400.0,103808400.0,0.0
CNT000992,PO000038,NCC004,2025-02-25 22:53:19,2025-04-11 22:53:19,42346000.0,42346000.0,0.0
CNT000993,PO000917,NCC027,2025-02-23 04:35:14,2025-04-09 04:35:14,112299600.0,112299600.0,0.0
CNT000994,PO002799,NCC044,2025-02-25 05:27:48,2025-04-11 05:27:48,29037600.0,29037600.0,0.0
CNT000995,PO003321,NCC006,2025-02-25 11:57:37,2025-04-11 11:57:37,4690400.0,4690400.0,0.0
CNT000996,PO002742,NCC020,2025-02-25 14:32:39,2025-04-11 14:32:39,40002100.0,18320200.0,21681900.0
CNT000997,PO002981,NCC026,2025-02-24 18:46:40,2025-04-10 18:46:40,78984400.0,58214300.0,20770100.0
CNT000998,PO001687,NCC045,2025-02-22 23:51:58,2025-04-08 23:51:58,30090600.0,30090600.0,0.0
CNT000999,PO002122,NCC012,2025-02-28 00:23:47,2025-04-14 00:23:47,27825600.0,17820100.0,10005500.0
CNT001000,PO003495,NCC045,2025-02-28 04:33:46,2025-04-14 04:33:46,19830200.0,12250600.0,7579600.0
CNT001001,PO002436,NCC030,2025-02-28 05:23:25,2025-04-14 05:23:25,69561400.0,69561400.0,0.0
CNT001002,PO000561,NCC016,2025-02-26 19:01:54,2025-04-12 19:01:54,220310100.0,220310100.0,0.0
CNT001003,PO002038,NCC020,2025-02-27 15:12:28,2025-04-13 15:12:28,62686200.0,50066500.0,12619700.0
CNT001004,PO001771,NCC031,2025-02-25 16:24:51,2025-04-11 16:24:51,1672000.0,1672000.0,0.0
CNT001005,PO002349,NCC009,2025-02-27 01:00:15,2025-04-13 01:00:15,19172200.0,19172200.0,0.0
CNT001006,PO003408,NCC025,2025-03-01 03:40:57,2025-04-15 03:40:57,4785000.0,4785000.0,0.0
CNT001007,PO001086,NCC012,2025-02-28 06:35:52,2025-04-14 06:35:52,69840000.0,55216000.0,14624000.0
CNT001008,PO003291,NCC024,2025-03-03 00:41:38,2025-04-17 00:41:38,126796500.0,116659000.0,10137500.0
CNT001009,PO002894,NCC015,2025-03-02 02:54:11,2025-04-16 02:54:11,70127400.0,11276100.0,58851300.0
CNT001010,PO001268,NCC018,2025-02-27 05:19:42,2025-04-13 05:19:42,32845200.0,32845200.0,0.0
CNT001011,PO001272,NCC022,2025-03-03 11:30:30,2025-04-17 11:30:30,94752000.0,94752000.0,0.0
CNT001012,PO002300,NCC041,2025-03-03 23:37:58,2025-04-17 23:37:58,247596900.0,206282100.0,41314800.0
CNT001013,PO002524,NCC011,2025-03-01 00:00:05,2025-04-15 00:00:05,51190600.0,51190600.0,0.0
CNT001014,PO001196,NCC005,2025-03-04 10:27:17,2025-04-18 10:27:17,7270800.0,7270800.0,0.0
CNT001015,PO001939,NCC034,2025-03-03 14:09:04,2025-04-17 14:09:04,173473500.0,173473500.0,0.0
CNT001016,PO000414,NCC025,2025-02-28 15:47:16,2025-04-14 15:47:16,27623500.0,27623500.0,0.0
CNT001017,PO003442,NCC014,2025-02-28 21:14:23,2025-04-14 21:14:23,331066200.0,160900300.0,170165900.0
CNT001018,PO000252,NCC023,2025-02-28 21:46:12,2025-04-14 21:46:12,36285400.0,23649900.0,12635500.0
CNT001019,PO001919,NCC008,2025-03-02 22:05:33,2025-04-16 22:05:33,270522700.0,270522700.0,0.0
CNT001020,PO001613,NCC024,2025-03-05 05:01:26,2025-04-19 05:01:26,7958400.0,7866200.0,92200.0
CNT001021,PO001207,NCC034,2025-03-01 17:18:10,2025-04-15 17:18:10,21088900.0,21017200.0,71700.0
CNT001022,PO001284,NCC035,2025-03-03 21:08:57,2025-04-17 21:08:57,37674000.0,14071800.0,23602200.0
CNT001023,PO000540,NCC009,2025-03-04 21:17:56,2025-04-18 21:17:56,14536000.0,3489700.0,11046300.0
CNT001024,PO003173,NCC030,2025-03-06 00:15:58,2025-04-20 00:15:58,50285600.0,50285600.0,0.0
CNT001025,PO001559,NCC009,2025-03-06 05:36:42,2025-04-20 05:36:42,27394400.0,12386500.0,15007900.0
CNT001026,PO000349,NCC044,2025-03-06 09:45:21,2025-04-20 09:45:21,27184800.0,27184800.0,0.0
CNT001027,PO001730,NCC010,2025-03-06 13:40:50,2025-04-20 13:40:50,24804000.0,24804000.0,0.0
CNT001028,PO002738,NCC012,2025-03-03 00:44:04,2025-04-17 00:44:04,70195500.0,70195500.0,0.0
CNT001029,PO002923,NCC008,2025-03-07 13:00:14,2025-04-21 13:00:14,40299000.0,40299000.0,0.0
CNT001030,PO003188,NCC009,2025-03-03 15:12:22,2025-04-17 15:12:22,1850400.0,939900.0,910500.0
CNT001031,PO002053,NCC030,2025-03-06 02:06:54,2025-04-20 02:06:54,10747600.0,9151900.0,1595700.0
CNT001032,PO002383,NCC010,2025-03-07 03:46:16,2025-04-21 03:46:16,14356000.0,12280000.0,2076000.0
CNT001033,PO001089,NCC023,2025-03-08 06:20:23,2025-04-22 06:20:23,30712000.0,5042800.0,25669200.0
CNT001034,PO002284,NCC004,2025-03-06 09:43:36,2025-04-20 09:43:36,69759600.0,69759600.0,0.0
CNT001035,PO002177,NCC044,2025-03-08 17:50:13,2025-04-22 17:50:13,16203200.0,16203200.0,0.0
CNT001036,PO003186,NCC032,2025-03-05 03:01:31,2025-04-19 03:01:31,11880000.0,10088500.0,1791500.0
CNT001037,PO000057,NCC006,2025-03-06 04:23:15,2025-04-20 04:23:15,169458500.0,29567900.0,139890600.0
CNT001038,PO002183,NCC029,2025-03-07 12:52:08,2025-04-21 12:52:08,3313200.0,100000.0,3213200.0
CNT001039,PO001612,NCC002,2025-03-06 17:38:10,2025-04-20 17:38:10,169608000.0,169608000.0,0.0
CNT001040,PO000144,NCC041,2025-03-07 19:16:40,2025-04-21 19:16:40,19078400.0,8155600.0,10922800.0
CNT001041,PO000876,NCC002,2025-03-05 22:55:50,2025-04-19 22:55:50,19512600.0,5926400.0,13586200.0
CNT001042,PO003217,NCC008,2025-03-06 02:51:50,2025-04-20 02:51:50,85552200.0,85552200.0,0.0
CNT001043,PO002564,NCC042,2025-03-10 07:37:59,2025-04-24 07:37:59,13207900.0,11546600.0,1661300.0
CNT001044,PO000436,NCC004,2025-03-08 08:46:48,2025-04-22 08:46:48,184089600.0,184089600.0,0.0
CNT001045,PO000894,NCC023,2025-03-10 12:03:27,2025-04-24 12:03:27,94996800.0,94996800.0,0.0
CNT001046,PO001319,NCC018,2025-03-07 12:34:40,2025-04-21 12:34:40,14074400.0,6198000.0,7876400.0
CNT001047,PO002547,NCC026,2025-03-10 04:06:33,2025-04-24 04:06:33,41265000.0,22493900.0,18771100.0
CNT001048,PO000713,NCC015,2025-03-09 07:45:04,2025-04-23 07:45:04,17507600.0,11426000.0,6081600.0
CNT001049,PO000067,NCC026,2025-03-10 11:09:29,2025-04-24 11:09:29,80546000.0,52799700.0,27746300.0
CNT001050,PO000235,NCC042,2025-03-09 00:05:46,2025-04-23 00:05:46,277835000.0,277835000.0,0.0
CNT001051,PO003323,NCC034,2025-03-10 23:37:03,2025-04-24 23:37:03,39212600.0,39212600.0,0.0
CNT001052,PO000323,NCC004,2025-03-11 23:49:15,2025-04-25 23:49:15,13936500.0,13936500.0,0.0
CNT001053,PO002157,NCC019,2025-03-10 02:47:34,2025-04-24 02:47:34,10820500.0,4536500.0,6284000.0
CNT001054,PO002663,NCC021,2025-03-11 08:24:38,2025-04-25 08:24:38,106479600.0,14960600.0,91519000.0
CNT001055,PO002540,NCC036,2025-03-12 09:00:18,2025-04-26 09:00:18,48049600.0,36064700.0,11984900.0
CNT001056,PO000467,NCC019,2025-03-09 09:29:45,2025-04-23 09:29:45,37406700.0,4572300.0,32834400.0
CNT001057,PO002355,NCC042,2025-03-10 09:38:32,2025-04-24 09:38:32,15484200.0,9594800.0,5889400.0
CNT001058,PO002188,NCC041,2025-03-10 12:48:20,2025-04-24 12:48:20,132097500.0,127523600.0,4573900.0
CNT001059,PO000795,NCC036,2025-03-10 22:56:25,2025-04-24 22:56:25,2702500.0,1689200.0,1013300.0
CNT001060,PO001219,NCC002,2025-03-11 05:24:38,2025-04-25 05:24:38,147571200.0,71188100.0,76383100.0
CNT001061,PO002243,NCC038,2025-03-12 06:04:46,2025-04-26 06:04:46,11090300.0,11090300.0,0.0
CNT001062,PO001350,NCC040,2025-03-11 08:20:44,2025-04-25 08:20:44,15633200.0,15633200.0,0.0
CNT001063,PO001265,NCC040,2025-03-13 09:01:46,2025-04-27 09:01:46,11092000.0,11092000.0,0.0
CNT001064,PO003352,NCC002,2025-03-12 14:07:18,2025-04-26 14:07:18,6644300.0,1730600.0,4913700.0
CNT001065,PO000738,NCC031,2025-03-11 16:36:06,2025-04-25 16:36:06,1173000.0,96900.0,1076100.0
CNT001066,PO001698,NCC019,2025-03-10 17:24:50,2025-04-24 17:24:50,6474000.0,6474000.0,0.0
CNT001067,PO001181,NCC012,2025-03-11 23:23:31,2025-04-25 23:23:31,48389000.0,9930200.0,38458800.0
CNT001068,PO000545,NCC034,2025-03-12 01:16:41,2025-04-26 01:16:41,30008300.0,30008300.0,0.0
CNT001069,PO001439,NCC002,2025-03-12 07:54:44,2025-04-26 07:54:44,357201000.0,357201000.0,0.0
CNT001070,PO003433,NCC013,2025-03-11 09:12:22,2025-04-25 09:12:22,23993600.0,17397100.0,6596500.0
CNT001071,PO000470,NCC028,2025-03-11 10:40:14,2025-04-25 10:40:14,20628300.0,20628300.0,0.0
CNT001072,PO000479,NCC023,2025-03-11 12:15:23,2025-04-25 12:15:23,21122700.0,21122700.0,0.0
CNT001073,PO000930,NCC044,2025-03-13 12:34:49,2025-04-27 12:34:49,8302500.0,8302500.0,0.0
CNT001074,PO002229,NCC010,2025-03-12 14:08:02,2025-04-26 14:08:02,4821600.0,4821600.0,0.0
CNT001075,PO002172,NCC028,2025-03-11 14:15:55,2025-04-25 14:15:55,230477400.0,203769000.0,26708400.0
CNT001076,PO001986,NCC032,2025-03-13 16:30:07,2025-04-27 16:30:07,16252000.0,16252000.0,0.0
CNT001077,PO000947,NCC014,2025-03-13 20:26:31,2025-04-27 20:26:31,23573800.0,13552200.0,10021600.0
CNT001078,PO003339,NCC027,2025-03-12 07:41:40,2025-04-26 07:41:40,201711600.0,189536600.0,12175000.0
CNT001079,PO001282,NCC011,2025-03-15 10:07:04,2025-04-29 10:07:04,435448000.0,435448000.0,0.0
CNT001080,PO001251,NCC014,2025-03-13 19:37:52,2025-04-27 19:37:52,674141200.0,597351500.0,76789700.0
CNT001081,PO002889,NCC023,2025-03-15 00:22:37,2025-04-29 00:22:37,22230000.0,27900.0,22202100.0
CNT001082,PO001241,NCC009,2025-03-17 00:45:23,2025-05-01 00:45:23,32832000.0,32832000.0,0.0
CNT001083,PO001118,NCC029,2025-03-15 03:02:28,2025-04-29 03:02:28,476000200.0,336136800.0,139863400.0
CNT001084,PO000491,NCC042,2025-03-16 09:08:30,2025-04-30 09:08:30,25675300.0,17653900.0,8021400.0
CNT001085,PO000016,NCC016,2025-03-15 15:07:23,2025-04-29 15:07:23,105472500.0,105472500.0,0.0
CNT001086,PO001392,NCC012,2025-03-15 15:53:10,2025-04-29 15:53:10,6449100.0,6449100.0,0.0
CNT001087,PO001341,NCC023,2025-03-17 21:06:37,2025-05-01 21:06:37,25702400.0,25702400.0,0.0
CNT001088,PO000566,NCC009,2025-03-16 10:50:05,2025-04-30 10:50:05,19856000.0,14168500.0,5687500.0
CNT001089,PO001820,NCC021,2025-03-18 18:40:16,2025-05-02 18:40:16,130139000.0,130139000.0,0.0
CNT001090,PO001212,NCC014,2025-03-19 18:56:59,2025-05-03 18:56:59,54107500.0,54107500.0,0.0
CNT001091,PO003211,NCC022,2025-03-16 03:52:41,2025-04-30 03:52:41,70910400.0,70910400.0,0.0
CNT001092,PO000226,NCC025,2025-03-16 05:47:10,2025-04-30 05:47:10,238665000.0,238665000.0,0.0
CNT001093,PO002995,NCC028,2025-03-17 10:11:43,2025-05-01 10:11:43,109702400.0,80206400.0,29496000.0
CNT001094,PO000142,NCC033,2025-03-17 12:07:52,2025-05-01 12:07:52,470389500.0,294137800.0,176251700.0
CNT001095,PO003439,NCC018,2025-03-18 14:30:35,2025-05-02 14:30:35,3459600.0,3459600.0,0.0
CNT001096,PO002662,NCC028,2025-03-17 14:54:22,2025-05-01 14:54:22,28940800.0,28940800.0,0.0
CNT001097,PO003010,NCC002,2025-03-16 20:01:26,2025-04-30 20:01:26,3300000.0,2509700.0,790300.0
CNT001098,PO001655,NCC032,2025-03-18 23:20:39,2025-05-02 23:20:39,148051800.0,104056600.0,43995200.0
CNT001099,PO000114,NCC042,2025-03-19 08:34:43,2025-05-03 08:34:43,94406100.0,35293400.0,59112700.0
CNT001100,PO003497,NCC039,2025-03-18 11:25:22,2025-05-02 11:25:22,16045600.0,16045600.0,0.0
CNT001101,PO000341,NCC015,2025-03-22 00:00:10,2025-05-06 00:00:10,96726000.0,62008000.0,34718000.0
CNT001102,PO001005,NCC032,2025-03-22 00:50:08,2025-05-06 00:50:08,58669700.0,58669700.0,0.0
CNT001103,PO002085,NCC023,2025-03-21 03:25:40,2025-05-05 03:25:40,49675500.0,17233800.0,32441700.0
CNT001104,PO000971,NCC007,2025-03-22 05:04:52,2025-05-06 05:04:52,32596600.0,32596600.0,0.0
CNT001105,PO000605,NCC040,2025-03-20 09:14:01,2025-05-04 09:14:01,86699700.0,72913300.0,13786400.0
CNT001106,PO002683,NCC029,2025-03-21 12:57:05,2025-05-05 12:57:05,65395800.0,65395800.0,0.0
CNT001107,PO002342,NCC008,2025-03-19 21:52:18,2025-05-03 21:52:18,197185000.0,197185000.0,0.0
CNT001108,PO001275,NCC012,2025-03-21 22:32:24,2025-05-05 22:32:24,98585800.0,98585800.0,0.0
CNT001109,PO002780,NCC019,2025-03-22 23:59:23,2025-05-06 23:59:23,194020200.0,194020200.0,0.0
CNT001110,PO001719,NCC005,2025-03-21 13:44:20,2025-05-05 13:44:20,14957400.0,14957400.0,0.0
CNT001111,PO002922,NCC035,2025-03-24 14:35:07,2025-05-08 14:35:07,123690300.0,123690300.0,0.0
CNT001112,PO001923,NCC022,2025-03-22 17:30:44,2025-05-06 17:30:44,49320000.0,49320000.0,0.0
CNT001113,PO002960,NCC011,2025-03-21 05:19:49,2025-05-05 05:19:49,25024600.0,25024600.0,0.0
CNT001114,PO003317,NCC041,2025-03-25 08:48:20,2025-05-09 08:48:20,4139200.0,2699900.0,1439300.0
CNT001115,PO002143,NCC032,2025-03-23 15:57:05,2025-05-07 15:57:05,10339200.0,4886500.0,5452700.0
CNT001116,PO003342,NCC042,2025-03-23 16:40:55,2025-05-07 16:40:55,91645300.0,91645300.0,0.0
CNT001117,PO001685,NCC031,2025-03-22 03:07:00,2025-05-06 03:07:00,13604500.0,13604500.0,0.0
CNT001118,PO001661,NCC015,2025-03-22 03:38:38,2025-05-06 03:38:38,12713600.0,12713600.0,0.0
CNT001119,PO001586,NCC036,2025-03-22 17:24:39,2025-05-06 17:24:39,5910300.0,5910300.0,0.0
CNT001120,PO002032,NCC006,2025-03-23 17:45:45,2025-05-07 17:45:45,109824000.0,109824000.0,0.0
CNT001121,PO002232,NCC039,2025-03-23 19:00:53,2025-05-07 19:00:53,12103000.0,12103000.0,0.0
CNT001122,PO002848,NCC033,2025-03-26 01:25:13,2025-05-10 01:25:13,11583000.0,3047700.0,8535300.0
CNT001123,PO001445,NCC021,2025-03-23 03:26:28,2025-05-07 03:26:28,264063000.0,197523000.0,66540000.0
CNT001124,PO001039,NCC003,2025-03-27 05:50:28,2025-05-11 05:50:28,29920500.0,29920500.0,0.0
CNT001125,PO000798,NCC029,2025-03-26 12:38:44,2025-05-10 12:38:44,22770000.0,17456400.0,5313600.0
CNT001126,PO000885,NCC022,2025-03-25 16:59:52,2025-05-09 16:59:52,29830200.0,29830200.0,0.0
CNT001127,PO000093,NCC028,2025-03-23 20:14:12,2025-05-07 20:14:12,38647700.0,38647700.0,0.0
CNT001128,PO001332,NCC042,2025-03-25 03:48:33,2025-05-09 03:48:33,674800.0,358700.0,316100.0
CNT001129,PO003141,NCC028,2025-03-26 17:39:27,2025-05-10 17:39:27,2230400.0,2230400.0,0.0
CNT001130,PO000751,NCC031,2025-03-26 00:35:12,2025-05-10 00:35:12,397731400.0,301678100.0,96053300.0
CNT001131,PO000502,NCC033,2025-03-26 04:17:56,2025-05-10 04:17:56,15019200.0,15019200.0,0.0
CNT001132,PO003418,NCC003,2025-03-25 07:38:59,2025-05-09 07:38:59,125522700.0,115202700.0,10320000.0
CNT001133,PO001349,NCC011,2025-03-29 13:51:55,2025-05-13 13:51:55,47715700.0,47715700.0,0.0
CNT001134,PO000587,NCC019,2025-03-28 16:02:52,2025-05-12 16:02:52,73422800.0,49538300.0,23884500.0
CNT001135,PO002946,NCC025,2025-03-26 23:46:33,2025-05-10 23:46:33,22873500.0,22873500.0,0.0
CNT001136,PO002357,NCC016,2025-03-28 02:06:51,2025-05-12 02:06:51,34655700.0,34655700.0,0.0
CNT001137,PO003426,NCC011,2025-03-30 20:47:13,2025-05-14 20:47:13,70207200.0,25566100.0,44641100.0
CNT001138,PO002546,NCC022,2025-03-26 23:36:19,2025-05-10 23:36:19,10348000.0,7894500.0,2453500.0
CNT001139,PO000721,NCC027,2025-03-29 04:19:38,2025-05-13 04:19:38,4262400.0,2223800.0,2038600.0
CNT001140,PO001453,NCC001,2025-03-31 04:35:43,2025-05-15 04:35:43,18076800.0,18076800.0,0.0
CNT001141,PO001817,NCC009,2025-03-31 08:19:44,2025-05-15 08:19:44,14432600.0,14432600.0,0.0
CNT001142,PO000891,NCC038,2025-03-30 09:50:17,2025-05-14 09:50:17,53044000.0,53044000.0,0.0
CNT001143,PO001797,NCC034,2025-03-30 14:58:39,2025-05-14 14:58:39,61618900.0,61618900.0,0.0
CNT001144,PO000037,NCC039,2025-04-01 01:00:57,2025-05-16 01:00:57,102691000.0,68375400.0,34315600.0
CNT001145,PO003122,NCC042,2025-03-28 06:07:31,2025-05-12 06:07:31,11134000.0,3682000.0,7452000.0
CNT001146,PO002449,NCC042,2025-04-01 14:11:48,2025-05-16 14:11:48,6621500.0,1416400.0,5205100.0
CNT001147,PO003171,NCC027,2025-03-28 20:27:33,2025-05-12 20:27:33,18622100.0,18622100.0,0.0
CNT001148,PO001455,NCC041,2025-03-30 20:32:13,2025-05-14 20:32:13,108257800.0,108257800.0,0.0
CNT001149,PO000846,NCC022,2025-03-31 16:52:37,2025-05-15 16:52:37,49767400.0,25119900.0,24647500.0
CNT001150,PO003260,NCC037,2025-04-01 17:24:43,2025-05-16 17:24:43,65168100.0,32987300.0,32180800.0
CNT001151,PO002354,NCC020,2025-03-31 23:55:55,2025-05-15 23:55:55,39842900.0,7842300.0,32000600.0
CNT001152,PO001756,NCC025,2025-03-31 00:20:14,2025-05-15 00:20:14,23411700.0,16399400.0,7012300.0
CNT001153,PO002289,NCC032,2025-04-02 05:35:42,2025-05-17 05:35:42,157636800.0,36351400.0,121285400.0
CNT001154,PO002438,NCC023,2025-03-30 08:28:37,2025-05-14 08:28:37,63382500.0,63382500.0,0.0
CNT001155,PO000051,NCC009,2025-03-31 13:02:13,2025-05-15 13:02:13,25138400.0,21291300.0,3847100.0
CNT001156,PO002696,NCC002,2025-04-04 14:48:31,2025-05-19 14:48:31,2490600.0,2490600.0,0.0
CNT001157,PO003180,NCC019,2025-04-01 23:55:15,2025-05-16 23:55:15,127834800.0,47279200.0,80555600.0
CNT001158,PO002348,NCC020,2025-04-01 11:03:32,2025-05-16 11:03:32,18272600.0,11497700.0,6774900.0
CNT001159,PO001595,NCC044,2025-04-04 12:17:55,2025-05-19 12:17:55,58211400.0,58211400.0,0.0
CNT001160,PO002080,NCC013,2025-04-03 19:41:16,2025-05-18 19:41:16,35404200.0,27399000.0,8005200.0
CNT001161,PO001215,NCC017,2025-04-02 19:49:00,2025-05-17 19:49:00,42059600.0,42059600.0,0.0
CNT001162,PO000759,NCC010,2025-04-02 16:27:06,2025-05-17 16:27:06,70766000.0,70766000.0,0.0
CNT001163,PO000576,NCC024,2025-04-02 17:32:17,2025-05-17 17:32:17,97424600.0,97424600.0,0.0
CNT001164,PO000379,NCC013,2025-04-06 19:44:55,2025-05-21 19:44:55,19767600.0,19767600.0,0.0
CNT001165,PO002010,NCC038,2025-04-06 22:03:13,2025-05-21 22:03:13,11495800.0,11495800.0,0.0
CNT001166,PO001787,NCC030,2025-04-02 22:47:50,2025-05-17 22:47:50,50265600.0,50265600.0,0.0
CNT001167,PO000377,NCC006,2025-04-06 05:50:43,2025-05-21 05:50:43,9768600.0,9768600.0,0.0
CNT001168,PO000724,NCC045,2025-04-06 13:35:43,2025-05-21 13:35:43,683841600.0,683841600.0,0.0
CNT001169,PO003029,NCC003,2025-04-06 15:04:07,2025-05-21 15:04:07,24663600.0,24663600.0,0.0
CNT001170,PO000723,NCC027,2025-04-07 15:05:24,2025-05-22 15:05:24,88157700.0,87640300.0,517400.0
CNT001171,PO002407,NCC040,2025-04-05 22:18:11,2025-05-20 22:18:11,53089900.0,48239500.0,4850400.0
CNT001172,PO003387,NCC035,2025-04-05 22:20:16,2025-05-20 22:20:16,27384000.0,4410500.0,22973500.0
CNT001173,PO003082,NCC024,2025-04-05 09:09:24,2025-05-20 09:09:24,150842900.0,150842900.0,0.0
CNT001174,PO001292,NCC011,2025-04-07 11:09:47,2025-05-22 11:09:47,32219200.0,8355000.0,23864200.0
CNT001175,PO003123,NCC042,2025-04-07 18:47:32,2025-05-22 18:47:32,70971600.0,70971600.0,0.0
CNT001176,PO003001,NCC035,2025-04-06 19:21:30,2025-05-21 19:21:30,868789500.0,868789500.0,0.0
CNT001177,PO000318,NCC009,2025-04-08 19:42:24,2025-05-23 19:42:24,13190500.0,13190500.0,0.0
CNT001178,PO000496,NCC027,2025-04-04 23:13:10,2025-05-19 23:13:10,524835000.0,524835000.0,0.0
CNT001179,PO001944,NCC015,2025-04-05 10:12:54,2025-05-20 10:12:54,27390400.0,27390400.0,0.0
CNT001180,PO002444,NCC033,2025-04-09 16:55:33,2025-05-24 16:55:33,116319700.0,66501300.0,49818400.0
CNT001181,PO002374,NCC022,2025-04-09 19:47:22,2025-05-24 19:47:22,24095000.0,4483900.0,19611100.0
CNT001182,PO002345,NCC004,2025-04-09 00:44:58,2025-05-24 00:44:58,115300500.0,13287900.0,102012600.0
CNT001183,PO002740,NCC027,2025-04-10 09:07:38,2025-05-25 09:07:38,7199700.0,4897100.0,2302600.0
CNT001184,PO003480,NCC033,2025-04-08 13:36:23,2025-05-23 13:36:23,63888000.0,51702900.0,12185100.0
CNT001185,PO002039,NCC045,2025-04-10 17:15:19,2025-05-25 17:15:19,207635400.0,207635400.0,0.0
CNT001186,PO000415,NCC018,2025-04-08 20:21:52,2025-05-23 20:21:52,354072600.0,126396100.0,227676500.0
CNT001187,PO000234,NCC037,2025-04-09 05:05:02,2025-05-24 05:05:02,594344400.0,287146800.0,307197600.0
CNT001188,PO000689,NCC019,2025-04-11 15:00:19,2025-05-26 15:00:19,35135100.0,35135100.0,0.0
CNT001189,PO001059,NCC025,2025-04-10 18:28:45,2025-05-25 18:28:45,443240000.0,332622400.0,110617600.0
CNT001190,PO002762,NCC033,2025-04-07 19:00:25,2025-05-22 19:00:25,47829800.0,47829800.0,0.0
CNT001191,PO002002,NCC027,2025-04-08 22:23:58,2025-05-23 22:23:58,47740000.0,43245600.0,4494400.0
CNT001192,PO001138,NCC037,2025-04-11 00:05:12,2025-05-26 00:05:12,5678400.0,778000.0,4900400.0
CNT001193,PO002051,NCC017,2025-04-13 02:00:44,2025-05-28 02:00:44,384156400.0,245865700.0,138290700.0
CNT001194,PO001949,NCC032,2025-04-13 04:09:03,2025-05-28 04:09:03,758483200.0,146025300.0,612457900.0
CNT001195,PO001573,NCC032,2025-04-13 04:31:37,2025-05-28 04:31:37,100722400.0,46921900.0,53800500.0
CNT001196,PO001834,NCC032,2025-04-12 06:57:06,2025-05-27 06:57:06,98497200.0,98497200.0,0.0
CNT001197,PO000504,NCC019,2025-04-10 09:49:25,2025-05-25 09:49:25,29077200.0,29077200.0,0.0
CNT001198,PO002648,NCC039,2025-04-11 13:38:47,2025-05-26 13:38:47,23290600.0,23290600.0,0.0
CNT001199,PO000315,NCC013,2025-04-11 14:29:05,2025-05-26 14:29:05,46779200.0,16558700.0,30220500.0
CNT001200,PO000108,NCC037,2025-04-09 15:18:24,2025-05-24 15:18:24,12483600.0,12483600.0,0.0
CNT001201,PO001286,NCC023,2025-04-10 16:19:54,2025-05-25 16:19:54,127575000.0,110297000.0,17278000.0
CNT001202,PO002153,NCC009,2025-04-12 20:40:29,2025-05-27 20:40:29,54966100.0,54966100.0,0.0
CNT001203,PO000201,NCC017,2025-04-10 00:17:49,2025-05-25 00:17:49,559899600.0,358379900.0,201519700.0
CNT001204,PO001064,NCC035,2025-04-12 03:28:00,2025-05-27 03:28:00,104472900.0,104472900.0,0.0
CNT001205,PO001921,NCC021,2025-04-11 06:31:39,2025-05-26 06:31:39,18909000.0,18909000.0,0.0
CNT001206,PO001132,NCC015,2025-04-14 06:44:15,2025-05-29 06:44:15,38086000.0,38086000.0,0.0
CNT001207,PO000039,NCC015,2025-04-12 07:25:35,2025-05-27 07:25:35,29991100.0,29991100.0,0.0
CNT001208,PO001788,NCC031,2025-04-14 07:42:50,2025-05-29 07:42:50,208828000.0,208828000.0,0.0
CNT001209,PO000546,NCC040,2025-04-15 08:55:32,2025-05-30 08:55:32,19247800.0,9556600.0,9691200.0
CNT001210,PO002802,NCC001,2025-04-13 10:56:42,2025-05-28 10:56:42,26371800.0,26371800.0,0.0
CNT001211,PO000126,NCC028,2025-04-13 11:54:50,2025-05-28 11:54:50,72787200.0,62462200.0,10325000.0
CNT001212,PO001142,NCC023,2025-04-15 13:58:18,2025-05-30 13:58:18,75420000.0,3327100.0,72092900.0
CNT001213,PO000174,NCC039,2025-04-11 18:05:34,2025-05-26 18:05:34,53217200.0,48257500.0,4959700.0
CNT001214,PO000494,NCC013,2025-04-12 01:14:16,2025-05-27 01:14:16,8456800.0,8456800.0,0.0
CNT001215,PO000760,NCC043,2025-04-14 05:25:02,2025-05-29 05:25:02,17819500.0,10250900.0,7568600.0
CNT001216,PO001715,NCC021,2025-04-12 06:20:07,2025-05-27 06:20:07,233974300.0,233974300.0,0.0
CNT001217,PO001529,NCC043,2025-04-13 11:02:19,2025-05-28 11:02:19,430220700.0,430220700.0,0.0
CNT001218,PO000225,NCC012,2025-04-16 14:00:49,2025-05-31 14:00:49,52480000.0,52480000.0,0.0
CNT001219,PO001280,NCC030,2025-04-15 17:16:56,2025-05-30 17:16:56,17104400.0,17104400.0,0.0
CNT001220,PO001248,NCC005,2025-04-17 04:46:48,2025-06-01 04:46:48,108691200.0,82904300.0,25786900.0
CNT001221,PO003051,NCC017,2025-04-14 05:53:17,2025-05-29 05:53:17,205363200.0,164739800.0,40623400.0
CNT001222,PO002136,NCC041,2025-04-14 13:48:11,2025-05-29 13:48:11,48500000.0,48500000.0,0.0
CNT001223,PO002920,NCC004,2025-04-17 14:55:50,2025-06-01 14:55:50,172850800.0,172850800.0,0.0
CNT001224,PO002494,NCC021,2025-04-13 15:43:59,2025-05-28 15:43:59,45501800.0,45501800.0,0.0
CNT001225,PO002276,NCC003,2025-04-17 00:08:03,2025-06-01 00:08:03,75521400.0,75521400.0,0.0
CNT001226,PO002294,NCC008,2025-04-18 05:35:34,2025-06-02 05:35:34,370804800.0,370804800.0,0.0
CNT001227,PO002746,NCC018,2025-04-17 11:12:43,2025-06-01 11:12:43,49676900.0,49676900.0,0.0
CNT001228,PO000171,NCC013,2025-04-16 14:24:55,2025-05-31 14:24:55,55450800.0,35928500.0,19522300.0
CNT001229,PO001026,NCC006,2025-04-18 22:29:07,2025-06-02 22:29:07,520925900.0,509581900.0,11344000.0
CNT001230,PO000612,NCC005,2025-04-16 00:25:56,2025-05-31 00:25:56,25377300.0,25377300.0,0.0
CNT001231,PO001696,NCC021,2025-04-15 11:00:28,2025-05-30 11:00:28,87628800.0,7946900.0,79681900.0
CNT001232,PO003348,NCC006,2025-04-15 22:26:41,2025-05-30 22:26:41,34587800.0,34587800.0,0.0
CNT001233,PO000613,NCC007,2025-04-16 01:22:31,2025-05-31 01:22:31,38923500.0,25831500.0,13092000.0
CNT001234,PO002209,NCC007,2025-04-16 02:57:23,2025-05-31 02:57:23,32209500.0,32209500.0,0.0
CNT001235,PO002503,NCC043,2025-04-20 04:51:51,2025-06-04 04:51:51,70629300.0,44649600.0,25979700.0
CNT001236,PO002999,NCC044,2025-04-18 07:04:11,2025-06-02 07:04:11,60791600.0,60791600.0,0.0
CNT001237,PO002592,NCC024,2025-04-18 07:39:17,2025-06-02 07:39:17,196009500.0,158493900.0,37515600.0
CNT001238,PO002418,NCC006,2025-04-20 13:41:35,2025-06-04 13:41:35,219817200.0,219817200.0,0.0
CNT001239,PO000861,NCC041,2025-04-18 15:24:59,2025-06-02 15:24:59,63116400.0,63116400.0,0.0
CNT001240,PO001250,NCC004,2025-04-16 15:30:32,2025-05-31 15:30:32,24012300.0,8957500.0,15054800.0
CNT001241,PO002617,NCC031,2025-04-17 19:45:28,2025-06-01 19:45:28,14790800.0,11465000.0,3325800.0
CNT001242,PO003124,NCC005,2025-04-17 01:11:57,2025-06-01 01:11:57,37056000.0,37056000.0,0.0
CNT001243,PO000901,NCC025,2025-04-17 07:21:35,2025-06-01 07:21:35,12136500.0,12136500.0,0.0
CNT001244,PO000718,NCC044,2025-04-22 15:07:34,2025-06-06 15:07:34,658817600.0,658817600.0,0.0
CNT001245,PO000934,NCC034,2025-04-21 16:26:40,2025-06-05 16:26:40,97795200.0,97795200.0,0.0
CNT001246,PO001947,NCC031,2025-04-21 04:33:07,2025-06-05 04:33:07,64520000.0,64520000.0,0.0
CNT001247,PO000827,NCC013,2025-04-22 09:36:37,2025-06-06 09:36:37,111034000.0,111034000.0,0.0
CNT001248,PO003341,NCC025,2025-04-19 16:21:55,2025-06-03 16:21:55,13406800.0,8220600.0,5186200.0
CNT001249,PO001903,NCC005,2025-04-20 17:23:21,2025-06-04 17:23:21,39774000.0,39774000.0,0.0
CNT001250,PO000362,NCC036,2025-04-19 23:59:35,2025-06-03 23:59:35,17940000.0,7412800.0,10527200.0
CNT001251,PO001440,NCC038,2025-04-20 17:41:01,2025-06-04 17:41:01,42867600.0,18032700.0,24834900.0
CNT001252,PO001140,NCC024,2025-04-22 18:12:35,2025-06-06 18:12:35,327492800.0,269021600.0,58471200.0
CNT001253,PO000992,NCC001,2025-04-20 19:21:19,2025-06-04 19:21:19,579056500.0,579056500.0,0.0
CNT001254,PO003462,NCC017,2025-04-23 00:22:54,2025-06-07 00:22:54,43909900.0,2902000.0,41007900.0
CNT001255,PO003079,NCC025,2025-04-21 19:20:48,2025-06-05 19:20:48,895400.0,547600.0,347800.0
CNT001256,PO002844,NCC016,2025-04-25 20:11:34,2025-06-09 20:11:34,642142000.0,642142000.0,0.0
CNT001257,PO000964,NCC035,2025-04-24 20:23:54,2025-06-08 20:23:54,13096800.0,5089600.0,8007200.0
CNT001258,PO000752,NCC018,2025-04-21 23:45:07,2025-06-05 23:45:07,70638200.0,70638200.0,0.0
CNT001259,PO000927,NCC045,2025-04-23 01:58:26,2025-06-07 01:58:26,625060800.0,499299200.0,125761600.0
CNT001260,PO000082,NCC038,2025-04-25 02:15:17,2025-06-09 02:15:17,26346600.0,26346600.0,0.0
CNT001261,PO001839,NCC012,2025-04-25 05:27:41,2025-06-09 05:27:41,44928000.0,16448700.0,28479300.0
CNT001262,PO001758,NCC045,2025-04-23 06:13:31,2025-06-07 06:13:31,126112600.0,77867700.0,48244900.0
CNT001263,PO003058,NCC040,2025-04-25 09:54:12,2025-06-09 09:54:12,255076000.0,255076000.0,0.0
CNT001264,PO000241,NCC038,2025-04-24 23:27:21,2025-06-08 23:27:21,102478700.0,75673300.0,26805400.0
CNT001265,PO001224,NCC015,2025-04-25 08:57:47,2025-06-09 08:57:47,22079200.0,9241900.0,12837300.0
CNT001266,PO000072,NCC018,2025-04-26 11:13:45,2025-06-10 11:13:45,19741500.0,19741500.0,0.0
CNT001267,PO002666,NCC015,2025-04-23 16:48:41,2025-06-07 16:48:41,82825600.0,17581200.0,65244400.0
CNT001268,PO003143,NCC016,2025-04-27 23:08:54,2025-06-11 23:08:54,13566000.0,13566000.0,0.0
CNT001269,PO000245,NCC005,2025-04-27 23:19:12,2025-06-11 23:19:12,68356500.0,24612800.0,43743700.0
CNT001270,PO000125,NCC043,2025-04-25 02:34:10,2025-06-09 02:34:10,6131800.0,5328900.0,802900.0
CNT001271,PO002830,NCC038,2025-04-27 11:08:44,2025-06-11 11:08:44,94890400.0,94890400.0,0.0
CNT001272,PO001208,NCC006,2025-04-25 16:43:40,2025-06-09 16:43:40,28535500.0,28535500.0,0.0
CNT001273,PO000555,NCC041,2025-04-28 17:03:00,2025-06-12 17:03:00,9234000.0,9234000.0,0.0
CNT001274,PO002544,NCC001,2025-04-28 22:34:17,2025-06-12 22:34:17,14219700.0,7011200.0,7208500.0
CNT001275,PO000492,NCC044,2025-04-27 02:08:26,2025-06-11 02:08:26,3834600.0,3834600.0,0.0
CNT001276,PO003264,NCC004,2025-04-26 12:20:07,2025-06-10 12:20:07,25148200.0,25148200.0,0.0
CNT001277,PO002391,NCC024,2025-04-26 22:32:18,2025-06-10 22:32:18,20988000.0,20988000.0,0.0
CNT001278,PO001622,NCC008,2025-04-29 23:25:23,2025-06-13 23:25:23,7430400.0,7430400.0,0.0
CNT001279,PO003326,NCC016,2025-04-27 04:06:46,2025-06-11 04:06:46,97644000.0,97644000.0,0.0
CNT001280,PO001842,NCC037,2025-04-27 05:14:30,2025-06-11 05:14:30,140089500.0,140089500.0,0.0
CNT001281,PO001442,NCC044,2025-04-30 06:36:34,2025-06-14 06:36:34,56237400.0,6577900.0,49659500.0
CNT001282,PO000852,NCC028,2025-04-27 12:31:16,2025-06-11 12:31:16,1997600.0,1363400.0,634200.0
CNT001283,PO002609,NCC026,2025-04-26 12:38:18,2025-06-10 12:38:18,27504400.0,17599200.0,9905200.0
CNT001284,PO000228,NCC015,2025-04-29 22:21:35,2025-06-13 22:21:35,23660100.0,15780300.0,7879800.0
CNT001285,PO003250,NCC034,2025-04-27 23:46:40,2025-06-11 23:46:40,19521000.0,19521000.0,0.0
CNT001286,PO002862,NCC014,2025-05-01 06:35:54,2025-06-15 06:35:54,101617500.0,45825500.0,55792000.0
CNT001287,PO001893,NCC003,2025-04-30 10:28:06,2025-06-14 10:28:06,87622600.0,87622600.0,0.0
CNT001288,PO001397,NCC021,2025-04-28 11:11:25,2025-06-12 11:11:25,147612800.0,147612800.0,0.0
CNT001289,PO003030,NCC045,2025-04-28 11:48:25,2025-06-12 11:48:25,40150000.0,40150000.0,0.0
CNT001290,PO001800,NCC009,2025-04-29 21:45:00,2025-06-13 21:45:00,8887500.0,8887500.0,0.0
CNT001291,PO000697,NCC021,2025-04-30 23:02:31,2025-06-14 23:02:31,521978100.0,521978100.0,0.0
CNT001292,PO002807,NCC008,2025-05-01 02:54:55,2025-06-15 02:54:55,87410400.0,71672100.0,15738300.0
CNT001293,PO001701,NCC045,2025-05-01 04:37:16,2025-06-15 04:37:16,24896000.0,875100.0,24020900.0
CNT001294,PO001515,NCC028,2025-04-29 08:48:42,2025-06-13 08:48:42,5448400.0,4414000.0,1034400.0
CNT001295,PO002108,NCC033,2025-05-02 14:37:41,2025-06-16 14:37:41,94019600.0,94019600.0,0.0
CNT001296,PO003363,NCC043,2025-05-02 03:52:59,2025-06-16 03:52:59,21169200.0,18379800.0,2789400.0
CNT001297,PO002925,NCC021,2025-04-29 05:23:58,2025-06-13 05:23:58,226244200.0,88491600.0,137752600.0
CNT001298,PO002260,NCC042,2025-05-01 12:49:37,2025-06-15 12:49:37,51752400.0,51752400.0,0.0
CNT001299,PO002165,NCC021,2025-04-29 23:48:56,2025-06-13 23:48:56,65241200.0,65241200.0,0.0
CNT001300,PO000856,NCC037,2025-05-01 08:03:19,2025-06-15 08:03:19,210887600.0,210887600.0,0.0
CNT001301,PO001988,NCC040,2025-05-02 09:46:33,2025-06-16 09:46:33,180652500.0,180652500.0,0.0
CNT001302,PO003088,NCC025,2025-05-01 13:09:55,2025-06-15 13:09:55,73504200.0,54938300.0,18565900.0
CNT001303,PO002482,NCC012,2025-05-03 18:44:52,2025-06-17 18:44:52,19376800.0,12814900.0,6561900.0
CNT001304,PO000777,NCC041,2025-05-01 18:57:33,2025-06-15 18:57:33,34989000.0,34989000.0,0.0
CNT001305,PO001178,NCC015,2025-05-02 20:23:30,2025-06-16 20:23:30,33620400.0,30254900.0,3365500.0
CNT001306,PO002075,NCC016,2025-05-01 04:05:52,2025-06-15 04:05:52,291379200.0,242741400.0,48637800.0
CNT001307,PO002739,NCC006,2025-05-02 16:52:11,2025-06-16 16:52:11,97255200.0,76515500.0,20739700.0
CNT001308,PO000489,NCC014,2025-05-05 17:19:57,2025-06-19 17:19:57,27816800.0,27816800.0,0.0
CNT001309,PO001848,NCC031,2025-05-02 21:38:28,2025-06-16 21:38:28,136363700.0,136363700.0,0.0
CNT001310,PO000599,NCC026,2025-05-03 03:02:59,2025-06-17 03:02:59,23859000.0,23859000.0,0.0
CNT001311,PO003309,NCC023,2025-05-02 18:39:57,2025-06-16 18:39:57,10150000.0,4293200.0,5856800.0
CNT001312,PO000025,NCC027,2025-05-04 00:03:28,2025-06-18 00:03:28,18374400.0,10617500.0,7756900.0
CNT001313,PO000953,NCC029,2025-05-07 03:06:48,2025-06-21 03:06:48,3248000.0,3248000.0,0.0
CNT001314,PO000181,NCC011,2025-05-04 07:04:55,2025-06-18 07:04:55,129181200.0,129181200.0,0.0
CNT001315,PO002450,NCC045,2025-05-04 08:19:23,2025-06-18 08:19:23,145276800.0,84232400.0,61044400.0
CNT001316,PO003280,NCC037,2025-05-06 09:06:16,2025-06-20 09:06:16,140669000.0,140669000.0,0.0
CNT001317,PO002366,NCC045,2025-05-06 19:08:01,2025-06-20 19:08:01,31278400.0,31278400.0,0.0
CNT001318,PO001766,NCC028,2025-05-08 21:18:22,2025-06-22 21:18:22,384397200.0,384397200.0,0.0
CNT001319,PO002163,NCC004,2025-05-05 21:53:45,2025-06-19 21:53:45,73273200.0,73273200.0,0.0
CNT001320,PO002245,NCC015,2025-05-07 01:02:14,2025-06-21 01:02:14,5062900.0,5062900.0,0.0
CNT001321,PO002415,NCC015,2025-05-05 09:31:30,2025-06-19 09:31:30,80862600.0,80862600.0,0.0
CNT001322,PO001388,NCC011,2025-05-07 12:56:16,2025-06-21 12:56:16,738629500.0,500025700.0,238603800.0
CNT001323,PO003113,NCC024,2025-05-07 18:44:58,2025-06-21 18:44:58,129064200.0,21013900.0,108050300.0
CNT001324,PO000530,NCC026,2025-05-07 19:46:08,2025-06-21 19:46:08,10787000.0,10787000.0,0.0
CNT001325,PO002698,NCC018,2025-05-10 05:57:59,2025-06-24 05:57:59,95564700.0,95564700.0,0.0
CNT001326,PO003259,NCC044,2025-05-09 06:45:52,2025-06-23 06:45:52,128582400.0,128582400.0,0.0
CNT001327,PO001364,NCC025,2025-05-10 11:15:43,2025-06-24 11:15:43,69984000.0,69984000.0,0.0
CNT001328,PO001338,NCC026,2025-05-10 13:25:41,2025-06-24 13:25:41,9363600.0,6085100.0,3278500.0
CNT001329,PO001101,NCC029,2025-05-06 13:30:14,2025-06-20 13:30:14,37000000.0,37000000.0,0.0
CNT001330,PO003206,NCC006,2025-05-08 21:23:26,2025-06-22 21:23:26,22052700.0,22052700.0,0.0
CNT001331,PO001808,NCC036,2025-05-09 05:04:57,2025-06-23 05:04:57,4302800.0,1801700.0,2501100.0
CNT001332,PO002452,NCC041,2025-05-10 05:13:55,2025-06-24 05:13:55,24568000.0,19623500.0,4944500.0
CNT001333,PO001854,NCC021,2025-05-10 09:35:19,2025-06-24 09:35:19,23622000.0,23622000.0,0.0
CNT001334,PO002837,NCC004,2025-05-07 15:27:02,2025-06-21 15:27:02,92723400.0,92723400.0,0.0
CNT001335,PO001890,NCC036,2025-05-08 19:13:39,2025-06-22 19:13:39,58370200.0,58370200.0,0.0
CNT001336,PO003379,NCC013,2025-05-10 20:58:17,2025-06-24 20:58:17,19399200.0,19399200.0,0.0
CNT001337,PO002880,NCC036,2025-05-07 23:02:25,2025-06-21 23:02:25,389732400.0,389732400.0,0.0
CNT001338,PO000870,NCC022,2025-05-11 00:23:58,2025-06-25 00:23:58,13183800.0,8472200.0,4711600.0
CNT001339,PO002784,NCC029,2025-05-09 04:24:04,2025-06-23 04:24:04,101277000.0,101277000.0,0.0
CNT001340,PO001066,NCC026,2025-05-11 22:07:08,2025-06-25 22:07:08,80766400.0,58883200.0,21883200.0
CNT001341,PO000418,NCC014,2025-05-11 23:51:59,2025-06-25 23:51:59,9137400.0,8190000.0,947400.0
CNT001342,PO001567,NCC014,2025-05-09 01:42:28,2025-06-23 01:42:28,103293300.0,103293300.0,0.0
CNT001343,PO003067,NCC014,2025-05-10 11:13:00,2025-06-24 11:13:00,8171900.0,8171900.0,0.0
CNT001344,PO000758,NCC028,2025-05-13 11:14:23,2025-06-27 11:14:23,10641300.0,10445900.0,195400.0
CNT001345,PO003256,NCC016,2025-05-13 17:27:44,2025-06-27 17:27:44,25129200.0,25129200.0,0.0
CNT001346,PO000248,NCC034,2025-05-14 22:42:03,2025-06-28 22:42:03,217034100.0,217034100.0,0.0
CNT001347,PO000002,NCC034,2025-05-15 03:45:46,2025-06-29 03:45:46,127030800.0,127030800.0,0.0
CNT001348,PO002486,NCC036,2025-05-12 11:41:57,2025-06-26 11:41:57,17384900.0,14521400.0,2863500.0
CNT001349,PO002005,NCC018,2025-05-13 06:59:48,2025-06-27 06:59:48,50350500.0,50350500.0,0.0
CNT001350,PO003100,NCC002,2025-05-14 08:03:20,2025-06-28 08:03:20,37805600.0,37805600.0,0.0
CNT001351,PO000653,NCC012,2025-05-12 15:52:56,2025-06-26 15:52:56,54590400.0,25131800.0,29458600.0
CNT001352,PO000699,NCC002,2025-05-12 18:13:10,2025-06-26 18:13:10,26751200.0,17362400.0,9388800.0
CNT001353,PO003428,NCC030,2025-05-14 23:29:11,2025-06-28 23:29:11,17400000.0,11104800.0,6295200.0
CNT001354,PO000955,NCC039,2025-05-15 01:56:20,2025-06-29 01:56:20,203708000.0,178380200.0,25327800.0
CNT001355,PO000231,NCC008,2025-05-15 09:04:08,2025-06-29 09:04:08,429900800.0,429900800.0,0.0
CNT001356,PO001500,NCC040,2025-05-14 12:18:23,2025-06-28 12:18:23,112940100.0,12996800.0,99943300.0
CNT001357,PO001803,NCC009,2025-05-16 18:23:54,2025-06-30 18:23:54,521958500.0,521958500.0,0.0
CNT001358,PO001862,NCC028,2025-05-16 20:23:34,2025-06-30 20:23:34,41387600.0,15325600.0,26062000.0
CNT001359,PO002782,NCC041,2025-05-17 11:19:46,2025-07-01 11:19:46,43289600.0,43289600.0,0.0
CNT001360,PO002658,NCC045,2025-05-17 13:20:15,2025-07-01 13:20:15,28297600.0,6623000.0,21674600.0
CNT001361,PO003073,NCC042,2025-05-16 21:23:02,2025-06-30 21:23:02,126650400.0,77305400.0,49345000.0
CNT001362,PO002194,NCC042,2025-05-20 04:32:44,2025-07-04 04:32:44,358324800.0,273490600.0,84834200.0
CNT001363,PO002029,NCC025,2025-05-16 10:24:13,2025-06-30 10:24:13,565249500.0,54777000.0,510472500.0
CNT001364,PO000223,NCC001,2025-05-16 14:54:18,2025-06-30 14:54:18,2180100.0,385400.0,1794700.0
CNT001365,PO002535,NCC033,2025-05-19 20:14:14,2025-07-03 20:14:14,19285000.0,19285000.0,0.0
CNT001366,PO002690,NCC008,2025-05-18 20:17:51,2025-07-02 20:17:51,398320000.0,398320000.0,0.0
CNT001367,PO000242,NCC012,2025-05-18 10:03:11,2025-07-02 10:03:11,54834000.0,43970000.0,10864000.0
CNT001368,PO000813,NCC042,2025-05-19 10:53:37,2025-07-03 10:53:37,232062400.0,66376000.0,165686400.0
CNT001369,PO002185,NCC021,2025-05-17 12:54:43,2025-07-01 12:54:43,80199600.0,80199600.0,0.0
CNT001370,PO000054,NCC008,2025-05-21 15:58:10,2025-07-05 15:58:10,60687100.0,60687100.0,0.0
CNT001371,PO000284,NCC008,2025-05-20 16:56:32,2025-07-04 16:56:32,39877200.0,31232800.0,8644400.0
CNT001372,PO003005,NCC016,2025-05-21 19:33:34,2025-07-05 19:33:34,150482200.0,150482200.0,0.0
CNT001373,PO000431,NCC026,2025-05-22 05:59:16,2025-07-06 05:59:16,32848500.0,27312900.0,5535600.0
CNT001374,PO001742,NCC005,2025-05-19 16:29:29,2025-07-03 16:29:29,55281600.0,55281600.0,0.0
CNT001375,PO001000,NCC032,2025-05-22 17:30:13,2025-07-06 17:30:13,13520000.0,9722500.0,3797500.0
CNT001376,PO000639,NCC022,2025-05-22 18:44:11,2025-07-06 18:44:11,6270000.0,758300.0,5511700.0
CNT001377,PO001967,NCC034,2025-05-19 20:14:46,2025-07-03 20:14:46,34457500.0,34457500.0,0.0
CNT001378,PO001510,NCC006,2025-05-20 20:52:46,2025-07-04 20:52:46,462603700.0,462603700.0,0.0
CNT001379,PO000982,NCC039,2025-05-18 23:22:50,2025-07-02 23:22:50,430069500.0,319375300.0,110694200.0
CNT001380,PO002421,NCC001,2025-05-20 05:15:45,2025-07-04 05:15:45,426217500.0,426217500.0,0.0
CNT001381,PO002543,NCC001,2025-05-19 07:36:36,2025-07-03 07:36:36,63126000.0,41190100.0,21935900.0
CNT001382,PO002052,NCC044,2025-05-23 08:16:01,2025-07-07 08:16:01,1827000.0,1827000.0,0.0
CNT001383,PO000959,NCC034,2025-05-19 10:06:33,2025-07-03 10:06:33,61671000.0,47196300.0,14474700.0
CNT001384,PO003344,NCC028,2025-05-21 11:39:53,2025-07-05 11:39:53,40415600.0,11528200.0,28887400.0
CNT001385,PO001976,NCC043,2025-05-19 15:29:24,2025-07-03 15:29:24,49165500.0,49165500.0,0.0
CNT001386,PO000946,NCC032,2025-05-19 17:17:53,2025-07-03 17:17:53,19613800.0,3651300.0,15962500.0
CNT001387,PO001525,NCC028,2025-05-21 02:30:33,2025-07-05 02:30:33,33368000.0,33368000.0,0.0
CNT001388,PO002106,NCC015,2025-05-23 05:57:02,2025-07-07 05:57:02,88423500.0,87174600.0,1248900.0
CNT001389,PO002826,NCC042,2025-05-20 13:36:36,2025-07-04 13:36:36,37407000.0,37407000.0,0.0
CNT001390,PO000395,NCC005,2025-05-22 16:06:53,2025-07-06 16:06:53,8140300.0,8140300.0,0.0
CNT001391,PO002135,NCC029,2025-05-25 01:17:56,2025-07-09 01:17:56,325840500.0,290681300.0,35159200.0
CNT001392,PO002466,NCC026,2025-05-22 09:28:47,2025-07-06 09:28:47,36016200.0,36016200.0,0.0
CNT001393,PO000468,NCC039,2025-05-25 11:39:38,2025-07-09 11:39:38,70195000.0,70195000.0,0.0
CNT001394,PO002627,NCC029,2025-05-24 00:30:31,2025-07-08 00:30:31,8947200.0,8947200.0,0.0
CNT001395,PO003087,NCC020,2025-05-24 07:26:17,2025-07-08 07:26:17,672613200.0,599242200.0,73371000.0
CNT001396,PO001002,NCC020,2025-05-24 09:41:11,2025-07-08 09:41:11,119765800.0,119765800.0,0.0
CNT001397,PO001895,NCC007,2025-05-25 11:44:10,2025-07-09 11:44:10,20440400.0,20440400.0,0.0
CNT001398,PO001339,NCC005,2025-05-26 22:51:12,2025-07-10 22:51:12,40440000.0,25033200.0,15406800.0
CNT001399,PO000322,NCC017,2025-05-23 23:16:18,2025-07-07 23:16:18,35158800.0,35158800.0,0.0
CNT001400,PO000200,NCC006,2025-05-26 01:04:36,2025-07-10 01:04:36,589831000.0,589831000.0,0.0
CNT001401,PO002071,NCC037,2025-05-26 01:28:15,2025-07-10 01:28:15,12163800.0,7718400.0,4445400.0
CNT001402,PO001269,NCC022,2025-05-24 01:37:25,2025-07-08 01:37:25,44517600.0,27633600.0,16884000.0
CNT001403,PO001770,NCC020,2025-05-26 03:24:48,2025-07-10 03:24:48,62728900.0,62728900.0,0.0
CNT001404,PO001984,NCC032,2025-05-24 08:42:20,2025-07-08 08:42:20,84936600.0,66766200.0,18170400.0
CNT001405,PO003003,NCC044,2025-05-23 14:13:05,2025-07-07 14:13:05,92730000.0,92730000.0,0.0
CNT001406,PO002205,NCC022,2025-05-23 16:39:02,2025-07-07 16:39:02,107245000.0,94725300.0,12519700.0
CNT001407,PO001013,NCC030,2025-05-26 04:46:13,2025-07-10 04:46:13,26676000.0,26676000.0,0.0
CNT001408,PO000285,NCC044,2025-05-27 05:40:26,2025-07-11 05:40:26,25547600.0,25547600.0,0.0
CNT001409,PO001524,NCC033,2025-05-25 18:05:53,2025-07-09 18:05:53,574976100.0,574976100.0,0.0
CNT001410,PO003478,NCC043,2025-05-27 18:22:44,2025-07-11 18:22:44,15642000.0,7247900.0,8394100.0
CNT001411,PO001670,NCC024,2025-05-26 09:49:45,2025-07-10 09:49:45,19915500.0,19915500.0,0.0
CNT001412,PO002962,NCC021,2025-05-26 14:47:42,2025-07-10 14:47:42,53863500.0,5239900.0,48623600.0
CNT001413,PO001530,NCC002,2025-05-25 16:39:21,2025-07-09 16:39:21,28087800.0,5484600.0,22603200.0
CNT001414,PO002876,NCC029,2025-05-26 19:45:18,2025-07-10 19:45:18,96509600.0,4075700.0,92433900.0
CNT001415,PO000900,NCC003,2025-05-29 07:01:52,2025-07-13 07:01:52,11296000.0,11296000.0,0.0
CNT001416,PO002611,NCC037,2025-05-29 07:13:10,2025-07-13 07:13:10,3085500.0,2660500.0,425000.0
CNT001417,PO000227,NCC012,2025-05-29 09:37:46,2025-07-13 09:37:46,205440300.0,205440300.0,0.0
CNT001418,PO001608,NCC019,2025-05-27 12:11:38,2025-07-11 12:11:38,293416200.0,293416200.0,0.0
CNT001419,PO002655,NCC020,2025-05-27 13:34:07,2025-07-11 13:34:07,25222500.0,25222500.0,0.0
CNT001420,PO000782,NCC033,2025-05-28 13:43:53,2025-07-12 13:43:53,15942400.0,15942400.0,0.0
CNT001421,PO002340,NCC013,2025-05-27 16:36:57,2025-07-11 16:36:57,48262500.0,39587000.0,8675500.0
CNT001422,PO001966,NCC037,2025-05-31 05:28:32,2025-07-15 05:28:32,11906400.0,900700.0,11005700.0
CNT001423,PO002442,NCC037,2025-05-29 21:41:43,2025-07-13 21:41:43,2296000.0,2296000.0,0.0
CNT001424,PO000056,NCC040,2025-05-31 02:06:23,2025-07-15 02:06:23,196684800.0,196684800.0,0.0
CNT001425,PO000830,NCC011,2025-05-29 06:34:37,2025-07-13 06:34:37,816689200.0,60960500.0,755728700.0
CNT001426,PO003490,NCC023,2025-05-29 08:24:44,2025-07-13 08:24:44,15084300.0,15084300.0,0.0
CNT001427,PO002622,NCC027,2025-05-29 16:11:46,2025-07-13 16:11:46,81270200.0,28234500.0,53035700.0
CNT001428,PO001161,NCC013,2025-05-31 17:34:40,2025-07-15 17:34:40,14840400.0,2811500.0,12028900.0
CNT001429,PO003290,NCC027,2025-05-29 00:38:50,2025-07-13 00:38:50,38940000.0,38940000.0,0.0
CNT001430,PO001556,NCC018,2025-06-01 01:13:32,2025-07-16 01:13:32,121983400.0,93819900.0,28163500.0
CNT001431,PO002901,NCC035,2025-05-29 05:04:37,2025-07-13 05:04:37,3660300.0,2446300.0,1214000.0
CNT001432,PO003489,NCC044,2025-05-29 17:17:55,2025-07-13 17:17:55,458487500.0,307450800.0,151036700.0
CNT001433,PO002022,NCC008,2025-06-03 03:44:07,2025-07-18 03:44:07,141925800.0,141925800.0,0.0
CNT001434,PO003386,NCC002,2025-06-01 11:19:35,2025-07-16 11:19:35,33779200.0,31164700.0,2614500.0
CNT001435,PO001019,NCC033,2025-05-30 14:43:24,2025-07-14 14:43:24,54444300.0,54444300.0,0.0
CNT001436,PO001127,NCC035,2025-06-02 19:12:39,2025-07-17 19:12:39,27738000.0,26532300.0,1205700.0
CNT001437,PO002168,NCC045,2025-06-01 03:40:12,2025-07-16 03:40:12,34958000.0,31246100.0,3711900.0
CNT001438,PO003275,NCC042,2025-05-31 05:03:42,2025-07-15 05:03:42,180895000.0,180895000.0,0.0
CNT001439,PO003390,NCC028,2025-06-01 06:16:55,2025-07-16 06:16:55,11470700.0,7327900.0,4142800.0
CNT001440,PO000823,NCC013,2025-06-03 12:58:33,2025-07-18 12:58:33,74082600.0,74082600.0,0.0
CNT001441,PO001802,NCC011,2025-06-01 21:19:16,2025-07-16 21:19:16,75918600.0,75918600.0,0.0
CNT001442,PO000854,NCC041,2025-06-03 03:36:26,2025-07-18 03:36:26,12751200.0,12751200.0,0.0
CNT001443,PO002791,NCC026,2025-06-05 08:56:51,2025-07-20 08:56:51,2840800.0,2840800.0,0.0
CNT001444,PO001385,NCC004,2025-06-03 11:21:56,2025-07-18 11:21:56,2769500.0,2769500.0,0.0
CNT001445,PO001644,NCC028,2025-06-03 18:23:30,2025-07-18 18:23:30,32592600.0,32592600.0,0.0
CNT001446,PO002733,NCC037,2025-06-02 05:08:33,2025-07-17 05:08:33,74225700.0,74225700.0,0.0
CNT001447,PO000351,NCC005,2025-06-02 11:24:55,2025-07-17 11:24:55,10202700.0,10202700.0,0.0
CNT001448,PO000765,NCC007,2025-06-06 18:56:58,2025-07-21 18:56:58,27781600.0,27781600.0,0.0
CNT001449,PO002304,NCC034,2025-06-05 19:04:35,2025-07-20 19:04:35,149877000.0,149877000.0,0.0
CNT001450,PO001475,NCC013,2025-06-06 02:38:15,2025-07-21 02:38:15,23731200.0,22935700.0,795500.0
CNT001451,PO002072,NCC039,2025-06-07 05:54:19,2025-07-22 05:54:19,55257000.0,55257000.0,0.0
CNT001452,PO000638,NCC005,2025-06-05 15:38:52,2025-07-20 15:38:52,51219000.0,24694300.0,26524700.0
CNT001453,PO002027,NCC045,2025-06-03 23:27:03,2025-07-18 23:27:03,87387300.0,87387300.0,0.0
CNT001454,PO000554,NCC027,2025-06-04 00:20:13,2025-07-19 00:20:13,16975000.0,15817300.0,1157700.0
CNT001455,PO000977,NCC030,2025-06-08 01:15:33,2025-07-23 01:15:33,512825000.0,188482200.0,324342800.0
CNT001456,PO002912,NCC028,2025-06-06 21:15:32,2025-07-21 21:15:32,16508700.0,16508700.0,0.0
CNT001457,PO000637,NCC037,2025-06-09 03:35:52,2025-07-24 03:35:52,34047000.0,34047000.0,0.0
CNT001458,PO000358,NCC022,2025-06-07 11:29:36,2025-07-22 11:29:36,126700200.0,109578300.0,17121900.0
CNT001459,PO000097,NCC011,2025-06-09 13:18:45,2025-07-24 13:18:45,5018300.0,5018300.0,0.0
CNT001460,PO000296,NCC034,2025-06-08 17:11:34,2025-07-23 17:11:34,90501000.0,90501000.0,0.0
CNT001461,PO002809,NCC015,2025-06-09 20:10:21,2025-07-24 20:10:21,6842500.0,3355100.0,3487400.0
CNT001462,PO003195,NCC040,2025-06-09 01:38:16,2025-07-24 01:38:16,37209600.0,31765700.0,5443900.0
CNT001463,PO001406,NCC005,2025-06-08 03:49:29,2025-07-23 03:49:29,85748000.0,85748000.0,0.0
CNT001464,PO002145,NCC022,2025-06-10 08:25:01,2025-07-25 08:25:01,85347000.0,39630000.0,45717000.0
CNT001465,PO001411,NCC044,2025-06-07 11:26:53,2025-07-22 11:26:53,350840000.0,143216300.0,207623700.0
CNT001466,PO003092,NCC033,2025-06-08 11:54:51,2025-07-23 11:54:51,34456000.0,34456000.0,0.0
CNT001467,PO000960,NCC037,2025-06-09 17:11:03,2025-07-24 17:11:03,57630600.0,57630600.0,0.0
CNT001468,PO000904,NCC014,2025-06-09 17:18:17,2025-07-24 17:18:17,9158400.0,7332100.0,1826300.0
CNT001469,PO003448,NCC005,2025-06-10 21:41:28,2025-07-25 21:41:28,69090000.0,69090000.0,0.0
CNT001470,PO002487,NCC028,2025-06-08 00:15:39,2025-07-23 00:15:39,78298900.0,59176000.0,19122900.0
CNT001471,PO000430,NCC017,2025-06-08 02:01:42,2025-07-23 02:01:42,237395800.0,237395800.0,0.0
CNT001472,PO002731,NCC008,2025-06-09 06:48:42,2025-07-24 06:48:42,153208800.0,153208800.0,0.0
CNT001473,PO001378,NCC041,2025-06-10 08:14:55,2025-07-25 08:14:55,30105600.0,30105600.0,0.0
CNT001474,PO000779,NCC037,2025-06-10 08:35:10,2025-07-25 08:35:10,22932900.0,3770300.0,19162600.0
CNT001475,PO000750,NCC013,2025-06-11 09:41:46,2025-07-26 09:41:46,80032000.0,47764300.0,32267700.0
CNT001476,PO003177,NCC039,2025-06-10 10:15:58,2025-07-25 10:15:58,17992800.0,17755600.0,237200.0
CNT001477,PO003380,NCC011,2025-06-11 12:24:54,2025-07-26 12:24:54,36453200.0,32199800.0,4253400.0
CNT001478,PO001972,NCC002,2025-06-12 17:06:24,2025-07-27 17:06:24,111826000.0,111826000.0,0.0
CNT001479,PO001781,NCC010,2025-06-09 18:17:00,2025-07-24 18:17:00,77498800.0,75924400.0,1574400.0
CNT001480,PO001913,NCC031,2025-06-11 18:31:46,2025-07-26 18:31:46,2032800.0,2032800.0,0.0
CNT001481,PO000090,NCC013,2025-06-11 20:21:01,2025-07-26 20:21:01,113785100.0,96417500.0,17367600.0
CNT001482,PO000635,NCC002,2025-06-12 20:32:53,2025-07-27 20:32:53,8999500.0,4272600.0,4726900.0
CNT001483,PO000940,NCC012,2025-06-10 10:23:00,2025-07-25 10:23:00,164461700.0,164461700.0,0.0
CNT001484,PO000135,NCC040,2025-06-10 12:29:20,2025-07-25 12:29:20,12846400.0,8852300.0,3994100.0
CNT001485,PO002154,NCC013,2025-06-11 13:31:57,2025-07-26 13:31:57,21811500.0,19214500.0,2597000.0
CNT001486,PO002401,NCC045,2025-06-10 16:41:24,2025-07-25 16:41:24,105734200.0,105734200.0,0.0
CNT001487,PO000742,NCC030,2025-06-14 03:25:35,2025-07-29 03:25:35,7929600.0,4914100.0,3015500.0
CNT001488,PO002434,NCC036,2025-06-11 07:10:09,2025-07-26 07:10:09,15451200.0,10874700.0,4576500.0
CNT001489,PO001126,NCC037,2025-06-15 10:47:26,2025-07-30 10:47:26,106258800.0,47246800.0,59012000.0
CNT001490,PO000086,NCC007,2025-06-13 11:10:15,2025-07-28 11:10:15,47613000.0,47613000.0,0.0
CNT001491,PO002283,NCC002,2025-06-12 13:46:18,2025-07-27 13:46:18,91263600.0,91263600.0,0.0
CNT001492,PO003376,NCC020,2025-06-12 15:33:07,2025-07-27 15:33:07,4026100.0,123800.0,3902300.0
CNT001493,PO003134,NCC031,2025-06-15 15:34:44,2025-07-30 15:34:44,2864700.0,2487200.0,377500.0
CNT001494,PO002137,NCC008,2025-06-11 19:40:56,2025-07-26 19:40:56,61774000.0,41200700.0,20573300.0
CNT001495,PO002879,NCC045,2025-06-12 00:46:09,2025-07-27 00:46:09,96170400.0,96170400.0,0.0
CNT001496,PO000560,NCC022,2025-06-12 06:51:21,2025-07-27 06:51:21,23385600.0,23385600.0,0.0
CNT001497,PO000334,NCC008,2025-06-12 09:09:12,2025-07-27 09:09:12,7774800.0,511600.0,7263200.0
CNT001498,PO002716,NCC029,2025-06-14 09:45:41,2025-07-29 09:45:41,24237300.0,24237300.0,0.0
CNT001499,PO000701,NCC013,2025-06-16 04:35:15,2025-07-31 04:35:15,21554300.0,1611700.0,19942600.0
CNT001500,PO001886,NCC026,2025-06-17 07:16:35,2025-08-01 07:16:35,144601600.0,144601600.0,0.0
CNT001501,PO002760,NCC034,2025-06-15 09:40:25,2025-07-30 09:40:25,300170500.0,300170500.0,0.0
CNT001502,PO002050,NCC009,2025-06-17 11:13:50,2025-08-01 11:13:50,76857700.0,76857700.0,0.0
CNT001503,PO001810,NCC025,2025-06-17 13:08:00,2025-08-01 13:08:00,13125200.0,13125200.0,0.0
CNT001504,PO003021,NCC035,2025-06-16 19:18:41,2025-07-31 19:18:41,41908300.0,19901600.0,22006700.0
CNT001505,PO001811,NCC022,2025-06-14 21:13:03,2025-07-29 21:13:03,84087200.0,5380600.0,78706600.0
CNT001506,PO001982,NCC040,2025-06-15 05:37:50,2025-07-30 05:37:50,6786000.0,6786000.0,0.0
CNT001507,PO001333,NCC013,2025-06-14 22:59:21,2025-07-29 22:59:21,106631600.0,106631600.0,0.0
CNT001508,PO001365,NCC013,2025-06-15 22:59:50,2025-07-30 22:59:50,513350700.0,486991600.0,26359100.0
CNT001509,PO001182,NCC003,2025-06-17 01:28:00,2025-08-01 01:28:00,193285800.0,157658000.0,35627800.0
CNT001510,PO000403,NCC023,2025-06-18 02:49:38,2025-08-02 02:49:38,80535000.0,80535000.0,0.0
CNT001511,PO002533,NCC028,2025-06-19 03:12:14,2025-08-03 03:12:14,5580800.0,5580800.0,0.0
CNT001512,PO000279,NCC005,2025-06-16 12:37:51,2025-07-31 12:37:51,38278800.0,38278800.0,0.0
CNT001513,PO002392,NCC009,2025-06-16 13:01:44,2025-07-31 13:01:44,926900.0,752000.0,174900.0
CNT001514,PO003231,NCC019,2025-06-16 14:26:56,2025-07-31 14:26:56,65472000.0,65472000.0,0.0
CNT001515,PO002835,NCC021,2025-06-18 15:19:50,2025-08-02 15:19:50,26902800.0,11023100.0,15879700.0
CNT001516,PO001643,NCC009,2025-06-15 17:33:13,2025-07-30 17:33:13,44580900.0,44580900.0,0.0
CNT001517,PO002422,NCC035,2025-06-17 20:29:11,2025-08-01 20:29:11,10048700.0,7982100.0,2066600.0
CNT001518,PO001323,NCC029,2025-06-19 05:06:49,2025-08-03 05:06:49,62750200.0,62750200.0,0.0
CNT001519,PO003473,NCC034,2025-06-17 20:01:44,2025-08-01 20:01:44,106134000.0,106134000.0,0.0
CNT001520,PO003305,NCC024,2025-06-17 23:05:41,2025-08-01 23:05:41,10817400.0,9397400.0,1420000.0
CNT001521,PO001874,NCC002,2025-06-21 00:55:13,2025-08-05 00:55:13,151041600.0,102387200.0,48654400.0
CNT001522,PO000781,NCC013,2025-06-21 03:53:33,2025-08-05 03:53:33,48341400.0,48341400.0,0.0
CNT001523,PO000314,NCC041,2025-06-20 04:17:29,2025-08-04 04:17:29,142048800.0,24819900.0,117228900.0
CNT001524,PO001300,NCC024,2025-06-21 09:36:31,2025-08-05 09:36:31,11787600.0,9315800.0,2471800.0
CNT001525,PO000714,NCC034,2025-06-18 11:01:41,2025-08-02 11:01:41,49813200.0,49813200.0,0.0
CNT001526,PO002070,NCC045,2025-06-21 17:47:22,2025-08-05 17:47:22,243225600.0,149550000.0,93675600.0
CNT001527,PO003331,NCC030,2025-06-18 19:03:19,2025-08-02 19:03:19,98640900.0,90511800.0,8129100.0
CNT001528,PO002678,NCC027,2025-06-20 19:25:42,2025-08-04 19:25:42,14113400.0,10619500.0,3493900.0
CNT001529,PO000802,NCC028,2025-06-20 01:03:15,2025-08-04 01:03:15,16470600.0,2461400.0,14009200.0
CNT001530,PO002445,NCC006,2025-06-21 02:03:57,2025-08-05 02:03:57,64638000.0,51830600.0,12807400.0
CNT001531,PO001846,NCC002,2025-06-21 08:09:47,2025-08-05 08:09:47,30729600.0,30729600.0,0.0
CNT001532,PO002530,NCC017,2025-06-22 08:15:34,2025-08-06 08:15:34,106381600.0,70703300.0,35678300.0
CNT001533,PO002045,NCC016,2025-06-18 09:41:01,2025-08-02 09:41:01,69091000.0,60617300.0,8473700.0
CNT001534,PO001619,NCC007,2025-06-18 10:13:47,2025-08-02 10:13:47,11832000.0,10067000.0,1765000.0
CNT001535,PO002994,NCC035,2025-06-21 10:29:11,2025-08-05 10:29:11,85113200.0,85113200.0,0.0
CNT001536,PO001144,NCC016,2025-06-22 18:30:04,2025-08-06 18:30:04,2209800.0,946800.0,1263000.0
CNT001537,PO003049,NCC001,2025-06-22 18:56:53,2025-08-06 18:56:53,22317800.0,22317800.0,0.0
CNT001538,PO002629,NCC042,2025-06-20 19:46:22,2025-08-04 19:46:22,41714400.0,39750600.0,1963800.0
CNT001539,PO001511,NCC042,2025-06-20 23:24:55,2025-08-04 23:24:55,14516800.0,14516800.0,0.0
CNT001540,PO003257,NCC024,2025-06-20 08:33:56,2025-08-04 08:33:56,173343600.0,121216700.0,52126900.0
CNT001541,PO001410,NCC036,2025-06-20 10:03:42,2025-08-04 10:03:42,109710000.0,109710000.0,0.0
CNT001542,PO003355,NCC036,2025-06-20 16:23:15,2025-08-04 16:23:15,165763200.0,75502100.0,90261100.0
CNT001543,PO001610,NCC035,2025-06-23 18:44:14,2025-08-07 18:44:14,1728000.0,1728000.0,0.0
CNT001544,PO003084,NCC022,2025-06-21 04:33:19,2025-08-05 04:33:19,103776000.0,90387600.0,13388400.0
CNT001545,PO003310,NCC016,2025-06-23 05:23:56,2025-08-07 05:23:56,32281600.0,32281600.0,0.0
CNT001546,PO000741,NCC040,2025-06-23 00:06:49,2025-08-07 00:06:49,68127300.0,64691000.0,3436300.0
CNT001547,PO000387,NCC003,2025-06-21 05:39:14,2025-08-05 05:39:14,66724700.0,66724700.0,0.0
CNT001548,PO000386,NCC004,2025-06-22 10:03:26,2025-08-06 10:03:26,16108800.0,16108800.0,0.0
CNT001549,PO001671,NCC012,2025-06-24 22:52:05,2025-08-08 22:52:05,16641000.0,16641000.0,0.0
CNT001550,PO003263,NCC012,2025-06-26 12:28:33,2025-08-10 12:28:33,327107400.0,8887400.0,318220000.0
CNT001551,PO000952,NCC040,2025-06-23 20:00:11,2025-08-07 20:00:11,71517600.0,53977200.0,17540400.0
CNT001552,PO001723,NCC003,2025-06-22 20:54:29,2025-08-06 20:54:29,7913700.0,7913700.0,0.0
CNT001553,PO002182,NCC038,2025-06-24 00:13:50,2025-08-08 00:13:50,4116000.0,326200.0,3789800.0
CNT001554,PO000169,NCC034,2025-06-27 10:30:55,2025-08-11 10:30:55,34879800.0,13790700.0,21089100.0
CNT001555,PO001111,NCC018,2025-06-24 11:03:56,2025-08-08 11:03:56,11934000.0,11934000.0,0.0
CNT001556,PO000075,NCC004,2025-06-27 23:25:37,2025-08-11 23:25:37,3888000.0,3028800.0,859200.0
CNT001557,PO000915,NCC029,2025-06-26 00:55:07,2025-08-10 00:55:07,108623200.0,108623200.0,0.0
CNT001558,PO000026,NCC011,2025-06-24 00:56:25,2025-08-08 00:56:25,54304900.0,54304900.0,0.0
CNT001559,PO003472,NCC004,2025-06-28 04:03:54,2025-08-12 04:03:54,16016000.0,12338000.0,3678000.0
CNT001560,PO003205,NCC011,2025-06-28 08:46:36,2025-08-12 08:46:36,401230800.0,401230800.0,0.0
CNT001561,PO002575,NCC034,2025-06-27 09:12:08,2025-08-11 09:12:08,4161500.0,4161500.0,0.0
CNT001562,PO001706,NCC028,2025-06-28 09:53:50,2025-08-12 09:53:50,218453700.0,204407200.0,14046500.0
CNT001563,PO001832,NCC011,2025-06-27 14:32:03,2025-08-11 14:32:03,42822000.0,2891200.0,39930800.0
CNT001564,PO001722,NCC021,2025-06-27 21:39:18,2025-08-11 21:39:18,353385200.0,353385200.0,0.0
CNT001565,PO000068,NCC019,2025-06-29 00:24:09,2025-08-13 00:24:09,18832500.0,18832500.0,0.0
CNT001566,PO002928,NCC040,2025-06-27 00:31:09,2025-08-11 00:31:09,2535900.0,1695800.0,840100.0
CNT001567,PO002819,NCC013,2025-06-26 07:05:53,2025-08-10 07:05:53,111555000.0,64285900.0,47269100.0
CNT001568,PO001753,NCC004,2025-06-28 08:31:03,2025-08-12 08:31:03,5846400.0,776900.0,5069500.0
CNT001569,PO001023,NCC015,2025-06-29 08:45:55,2025-08-13 08:45:55,55780400.0,55780400.0,0.0
CNT001570,PO003451,NCC008,2025-06-29 15:44:36,2025-08-13 15:44:36,37094400.0,27183100.0,9911300.0
CNT001571,PO001398,NCC035,2025-06-29 20:57:14,2025-08-13 20:57:14,2439600.0,2439600.0,0.0
CNT001572,PO000832,NCC019,2025-06-29 22:44:10,2025-08-13 22:44:10,345907300.0,123008800.0,222898500.0
CNT001573,PO000641,NCC026,2025-06-26 04:23:29,2025-08-10 04:23:29,50123700.0,50123700.0,0.0
CNT001574,PO003008,NCC038,2025-06-26 09:39:17,2025-08-10 09:39:17,45066000.0,13288300.0,31777700.0
CNT001575,PO002618,NCC036,2025-06-29 12:59:07,2025-08-13 12:59:07,32961300.0,32961300.0,0.0
CNT001576,PO003045,NCC007,2025-06-29 15:35:36,2025-08-13 15:35:36,152553300.0,85620700.0,66932600.0
CNT001577,PO000970,NCC023,2025-06-29 00:04:08,2025-08-13 00:04:08,5256000.0,5256000.0,0.0
CNT001578,PO002015,NCC031,2025-06-27 04:07:01,2025-08-11 04:07:01,59705100.0,46288700.0,13416400.0
CNT001579,PO003128,NCC041,2025-06-27 04:36:30,2025-08-11 04:36:30,63201600.0,51368600.0,11833000.0
CNT001580,PO003004,NCC034,2025-06-29 04:38:39,2025-08-13 04:38:39,3964800.0,3964800.0,0.0
CNT001581,PO002054,NCC014,2025-06-29 06:59:05,2025-08-13 06:59:05,88504000.0,88504000.0,0.0
CNT001582,PO003117,NCC007,2025-06-28 10:00:00,2025-08-12 10:00:00,44620500.0,44620500.0,0.0
CNT001583,PO003243,NCC017,2025-06-30 15:33:36,2025-08-14 15:33:36,297265600.0,297265600.0,0.0
CNT001584,PO003292,NCC028,2025-06-30 02:09:25,2025-08-14 02:09:25,31149900.0,31149900.0,0.0
CNT001585,PO002552,NCC027,2025-06-28 03:08:56,2025-08-12 03:08:56,190152600.0,190152600.0,0.0
CNT001586,PO002836,NCC037,2025-06-28 03:38:38,2025-08-12 03:38:38,433552000.0,283057500.0,150494500.0
CNT001587,PO002021,NCC021,2025-06-30 10:38:14,2025-08-14 10:38:14,9613500.0,4058600.0,5554900.0
CNT001588,PO002744,NCC019,2025-07-02 11:21:29,2025-08-16 11:21:29,62062200.0,62062200.0,0.0
CNT001589,PO000306,NCC026,2025-07-02 13:47:03,2025-08-16 13:47:03,43379400.0,43379400.0,0.0
CNT001590,PO002088,NCC042,2025-06-28 14:28:53,2025-08-12 14:28:53,20384000.0,11312700.0,9071300.0
CNT001591,PO003214,NCC030,2025-07-02 15:32:36,2025-08-16 15:32:36,132797700.0,132797700.0,0.0
CNT001592,PO003485,NCC012,2025-07-02 17:55:04,2025-08-16 17:55:04,73030900.0,73030900.0,0.0
CNT001593,PO000426,NCC002,2025-07-01 23:46:09,2025-08-15 23:46:09,32226900.0,32226900.0,0.0
CNT001594,PO003101,NCC041,2025-06-29 03:32:07,2025-08-13 03:32:07,352740500.0,352740500.0,0.0
CNT001595,PO002084,NCC009,2025-06-29 03:49:19,2025-08-13 03:49:19,72465600.0,72465600.0,0.0
CNT001596,PO003165,NCC017,2025-06-30 05:43:20,2025-08-14 05:43:20,104978800.0,68558000.0,36420800.0
CNT001597,PO000257,NCC005,2025-07-02 08:45:07,2025-08-16 08:45:07,44138000.0,44138000.0,0.0
CNT001598,PO003221,NCC013,2025-06-29 09:03:25,2025-08-13 09:03:25,10047100.0,1567200.0,8479900.0
CNT001599,PO001852,NCC011,2025-07-01 23:14:11,2025-08-15 23:14:11,30145500.0,6768000.0,23377500.0
CNT001600,PO000259,NCC010,2025-07-02 04:29:03,2025-08-16 04:29:03,19958400.0,19192400.0,766000.0
CNT001601,PO003126,NCC032,2025-07-02 06:57:07,2025-08-16 06:57:07,86671000.0,86671000.0,0.0
CNT001602,PO001943,NCC043,2025-07-01 15:53:51,2025-08-15 15:53:51,213696000.0,213696000.0,0.0
CNT001603,PO001938,NCC027,2025-07-03 23:00:00,2025-08-17 23:00:00,9268400.0,9268400.0,0.0
CNT001604,PO001693,NCC043,2025-07-02 01:28:07,2025-08-16 01:28:07,90061000.0,90061000.0,0.0
CNT001605,PO000490,NCC016,2025-07-02 02:53:45,2025-08-16 02:53:45,31393700.0,12376900.0,19016800.0
CNT001606,PO001676,NCC014,2025-07-05 08:10:56,2025-08-19 08:10:56,63636300.0,63636300.0,0.0
CNT001607,PO001321,NCC029,2025-07-05 09:03:13,2025-08-19 09:03:13,38205800.0,24169000.0,14036800.0
CNT001608,PO001063,NCC025,2025-07-01 13:34:56,2025-08-15 13:34:56,14612700.0,14536700.0,76000.0
CNT001609,PO000133,NCC026,2025-07-03 15:09:44,2025-08-17 15:09:44,158694200.0,122805500.0,35888700.0
CNT001610,PO003319,NCC023,2025-07-03 09:11:38,2025-08-17 09:11:38,23191300.0,23191300.0,0.0
CNT001611,PO003132,NCC039,2025-07-06 20:06:32,2025-08-20 20:06:32,12974400.0,10469500.0,2504900.0
CNT001612,PO002650,NCC040,2025-07-03 23:02:34,2025-08-17 23:02:34,23622800.0,3688700.0,19934100.0
CNT001613,PO000790,NCC034,2025-07-07 13:24:22,2025-08-21 13:24:22,7182000.0,7182000.0,0.0
CNT001614,PO002657,NCC026,2025-07-05 19:27:30,2025-08-19 19:27:30,17168000.0,17168000.0,0.0
CNT001615,PO000070,NCC027,2025-07-05 20:53:14,2025-08-19 20:53:14,408095200.0,408095200.0,0.0
CNT001616,PO000826,NCC030,2025-07-05 02:55:16,2025-08-19 02:55:16,29410000.0,29410000.0,0.0
CNT001617,PO001650,NCC027,2025-07-07 05:21:14,2025-08-21 05:21:14,76734000.0,76734000.0,0.0
CNT001618,PO001273,NCC031,2025-07-09 10:58:00,2025-08-23 10:58:00,30303000.0,30303000.0,0.0
CNT001619,PO000801,NCC026,2025-07-05 11:32:50,2025-08-19 11:32:50,7502000.0,7502000.0,0.0
CNT001620,PO002795,NCC043,2025-07-07 12:52:46,2025-08-21 12:52:46,43612800.0,15308600.0,28304200.0
CNT001621,PO003443,NCC010,2025-07-07 15:43:10,2025-08-21 15:43:10,23783200.0,23783200.0,0.0
CNT001622,PO002851,NCC005,2025-07-09 04:08:19,2025-08-23 04:08:19,392498400.0,159955400.0,232543000.0
CNT001623,PO002646,NCC040,2025-07-09 04:58:38,2025-08-23 04:58:38,25131400.0,25131400.0,0.0
CNT001624,PO001649,NCC031,2025-07-10 12:10:25,2025-08-24 12:10:25,77355000.0,56962100.0,20392900.0
CNT001625,PO003399,NCC011,2025-07-08 14:15:51,2025-08-22 14:15:51,88252800.0,88252800.0,0.0
CNT001626,PO000304,NCC002,2025-07-09 14:40:33,2025-08-23 14:40:33,13810400.0,9891100.0,3919300.0
CNT001627,PO001018,NCC044,2025-07-07 15:14:12,2025-08-21 15:14:12,13141800.0,13141800.0,0.0
CNT001628,PO000150,NCC033,2025-07-08 16:57:22,2025-08-22 16:57:22,14962800.0,14962800.0,0.0
CNT001629,PO000794,NCC033,2025-07-10 17:05:17,2025-08-24 17:05:17,2980800.0,513300.0,2467500.0
CNT001630,PO002572,NCC006,2025-07-09 21:54:26,2025-08-23 21:54:26,99275500.0,51553600.0,47721900.0
CNT001631,PO003076,NCC029,2025-07-10 00:21:13,2025-08-24 00:21:13,27221700.0,27221700.0,0.0
CNT001632,PO000113,NCC014,2025-07-07 09:34:34,2025-08-21 09:34:34,50296800.0,1714300.0,48582500.0
CNT001633,PO002043,NCC010,2025-07-07 12:33:05,2025-08-21 12:33:05,110853600.0,110853600.0,0.0
CNT001634,PO001025,NCC037,2025-07-09 12:51:37,2025-08-23 12:51:37,24079200.0,24079200.0,0.0
CNT001635,PO003135,NCC031,2025-07-08 20:10:48,2025-08-22 20:10:48,98826400.0,30993200.0,67833200.0
CNT001636,PO000574,NCC041,2025-07-08 01:36:31,2025-08-22 01:36:31,23803200.0,23803200.0,0.0
CNT001637,PO000513,NCC042,2025-07-10 10:32:12,2025-08-24 10:32:12,11662200.0,11662200.0,0.0
CNT001638,PO000932,NCC011,2025-07-12 08:47:37,2025-08-26 08:47:37,12690900.0,12690900.0,0.0
CNT001639,PO002829,NCC029,2025-07-13 09:47:00,2025-08-27 09:47:00,2554300.0,2554300.0,0.0
CNT001640,PO001683,NCC004,2025-07-13 11:18:23,2025-08-27 11:18:23,20049900.0,20049900.0,0.0
CNT001641,PO000937,NCC003,2025-07-13 19:13:20,2025-08-27 19:13:20,43431200.0,43431200.0,0.0
CNT001642,PO000563,NCC015,2025-07-13 22:36:35,2025-08-27 22:36:35,12574900.0,6265200.0,6309700.0
CNT001643,PO000469,NCC025,2025-07-10 02:11:55,2025-08-24 02:11:55,400124400.0,400124400.0,0.0
CNT001644,PO000921,NCC026,2025-07-14 04:13:51,2025-08-28 04:13:51,55672500.0,55672500.0,0.0
CNT001645,PO001120,NCC036,2025-07-11 05:58:29,2025-08-25 05:58:29,25750800.0,19540200.0,6210600.0
CNT001646,PO003383,NCC013,2025-07-11 07:51:13,2025-08-25 07:51:13,327970500.0,327970500.0,0.0
CNT001647,PO000983,NCC008,2025-07-14 12:46:30,2025-08-28 12:46:30,80492400.0,80492400.0,0.0
CNT001648,PO002832,NCC043,2025-07-11 14:38:33,2025-08-25 14:38:33,58597200.0,2408600.0,56188600.0
CNT001649,PO002059,NCC029,2025-07-13 20:15:07,2025-08-27 20:15:07,85585500.0,35460100.0,50125400.0
CNT001650,PO000250,NCC034,2025-07-14 22:15:46,2025-08-28 22:15:46,17257500.0,17257500.0,0.0
CNT001651,PO001993,NCC004,2025-07-13 05:17:28,2025-08-27 05:17:28,30859600.0,14295200.0,16564400.0
CNT001652,PO002510,NCC008,2025-07-12 07:51:06,2025-08-26 07:51:06,26142300.0,11759700.0,14382600.0
CNT001653,PO002691,NCC015,2025-07-13 02:56:33,2025-08-27 02:56:33,71520600.0,49402800.0,22117800.0
CNT001654,PO000557,NCC032,2025-07-13 17:40:19,2025-08-27 17:40:19,128247000.0,128247000.0,0.0
CNT001655,PO000188,NCC004,2025-07-16 23:07:10,2025-08-30 23:07:10,4007500.0,4007500.0,0.0
CNT001656,PO001114,NCC006,2025-07-16 02:47:56,2025-08-30 02:47:56,30992500.0,30992500.0,0.0
CNT001657,PO000297,NCC011,2025-07-16 10:02:37,2025-08-30 10:02:37,637605300.0,625533500.0,12071800.0
CNT001658,PO003322,NCC038,2025-07-14 16:52:52,2025-08-28 16:52:52,17274900.0,11170100.0,6104800.0
CNT001659,PO000616,NCC034,2025-07-17 19:28:23,2025-08-31 19:28:23,7924200.0,7719500.0,204700.0
CNT001660,PO003498,NCC005,2025-07-13 19:53:44,2025-08-27 19:53:44,62100000.0,62100000.0,0.0
CNT001661,PO001203,NCC031,2025-07-15 02:53:16,2025-08-29 02:53:16,14288100.0,14288100.0,0.0
CNT001662,PO002869,NCC039,2025-07-14 09:26:19,2025-08-28 09:26:19,7353000.0,7353000.0,0.0
CNT001663,PO002403,NCC013,2025-07-14 12:07:57,2025-08-28 12:07:57,6953600.0,4781200.0,2172400.0
CNT001664,PO003110,NCC012,2025-07-17 12:35:32,2025-08-31 12:35:32,37364300.0,37364300.0,0.0
CNT001665,PO001863,NCC022,2025-07-14 16:20:30,2025-08-28 16:20:30,9789000.0,6421100.0,3367900.0
CNT001666,PO002703,NCC025,2025-07-18 16:21:24,2025-09-01 16:21:24,367116300.0,190324200.0,176792100.0
CNT001667,PO003164,NCC002,2025-07-18 16:50:32,2025-09-01 16:50:32,94774200.0,94774200.0,0.0
CNT001668,PO003196,NCC039,2025-07-17 17:28:08,2025-08-31 17:28:08,5801600.0,5801600.0,0.0
CNT001669,PO003207,NCC033,2025-07-15 22:22:38,2025-08-29 22:22:38,66596800.0,66596800.0,0.0
CNT001670,PO000003,NCC044,2025-07-15 11:17:07,2025-08-29 11:17:07,404139200.0,18943900.0,385195300.0
CNT001671,PO002840,NCC033,2025-07-17 15:07:46,2025-08-31 15:07:46,54941400.0,54941400.0,0.0
CNT001672,PO001823,NCC012,2025-07-16 15:34:54,2025-08-30 15:34:54,3616200.0,3616200.0,0.0
CNT001673,PO001940,NCC023,2025-07-16 11:07:53,2025-08-30 11:07:53,24903100.0,24550300.0,352800.0
CNT001674,PO003333,NCC012,2025-07-17 15:51:50,2025-08-31 15:51:50,16244800.0,16244800.0,0.0
CNT001675,PO001925,NCC039,2025-07-18 17:55:04,2025-09-01 17:55:04,19195200.0,19195200.0,0.0
CNT001676,PO002433,NCC021,2025-07-20 20:02:10,2025-09-03 20:02:10,42573600.0,42147000.0,426600.0
CNT001677,PO002247,NCC024,2025-07-20 21:27:29,2025-09-03 21:27:29,49776000.0,36911800.0,12864200.0
CNT001678,PO001431,NCC045,2025-07-17 01:29:33,2025-08-31 01:29:33,62918000.0,62918000.0,0.0
CNT001679,PO003140,NCC001,2025-07-20 03:57:19,2025-09-03 03:57:19,39321200.0,39321200.0,0.0
CNT001680,PO001233,NCC015,2025-07-19 14:04:02,2025-09-02 14:04:02,59358600.0,39355500.0,20003100.0
CNT001681,PO000648,NCC040,2025-07-19 15:31:35,2025-09-02 15:31:35,39852600.0,24628500.0,15224100.0
CNT001682,PO000007,NCC008,2025-07-21 23:23:17,2025-09-04 23:23:17,315936500.0,315936500.0,0.0
CNT001683,PO000457,NCC016,2025-07-19 09:35:52,2025-09-02 09:35:52,39316200.0,37872000.0,1444200.0
CNT001684,PO000385,NCC011,2025-07-18 14:45:54,2025-09-01 14:45:54,53887800.0,1734800.0,52153000.0
CNT001685,PO000775,NCC035,2025-07-22 07:00:59,2025-09-05 07:00:59,14360000.0,14360000.0,0.0
CNT001686,PO001031,NCC016,2025-07-23 09:59:46,2025-09-06 09:59:46,9849600.0,9849600.0,0.0
CNT001687,PO002431,NCC008,2025-07-22 10:59:13,2025-09-05 10:59:13,10600700.0,10277300.0,323400.0
CNT001688,PO000994,NCC031,2025-07-21 15:11:05,2025-09-04 15:11:05,43094000.0,43094000.0,0.0
CNT001689,PO000981,NCC043,2025-07-22 15:43:50,2025-09-05 15:43:50,21280900.0,7462000.0,13818900.0
CNT001690,PO002562,NCC012,2025-07-20 00:20:34,2025-09-03 00:20:34,16495200.0,1788900.0,14706300.0
CNT001691,PO001882,NCC024,2025-07-22 01:19:29,2025-09-05 01:19:29,15540200.0,4845700.0,10694500.0
CNT001692,PO003392,NCC015,2025-07-23 08:40:04,2025-09-06 08:40:04,4419100.0,4419100.0,0.0
CNT001693,PO002118,NCC030,2025-07-24 10:21:34,2025-09-07 10:21:34,60299200.0,30633200.0,29666000.0
CNT001694,PO002215,NCC044,2025-07-24 16:22:11,2025-09-07 16:22:11,80611500.0,80611500.0,0.0
CNT001695,PO000087,NCC030,2025-07-21 16:22:53,2025-09-04 16:22:53,26392100.0,26392100.0,0.0
CNT001696,PO002253,NCC040,2025-07-21 21:40:41,2025-09-04 21:40:41,15725000.0,15725000.0,0.0
CNT001697,PO001535,NCC043,2025-07-25 00:06:59,2025-09-08 00:06:59,10773000.0,4981500.0,5791500.0
CNT001698,PO000382,NCC016,2025-07-22 11:22:21,2025-09-05 11:22:21,42828700.0,42828700.0,0.0
CNT001699,PO002388,NCC031,2025-07-22 16:47:12,2025-09-05 16:47:12,127640000.0,52419400.0,75220600.0
CNT001700,PO000536,NCC021,2025-07-22 07:11:42,2025-09-05 07:11:42,6849700.0,6849700.0,0.0
CNT001701,PO001454,NCC041,2025-07-26 09:06:11,2025-09-09 09:06:11,19852200.0,15411500.0,4440700.0
CNT001702,PO003397,NCC035,2025-07-26 09:17:50,2025-09-09 09:17:50,71348200.0,71348200.0,0.0
CNT001703,PO000261,NCC045,2025-07-23 12:19:30,2025-09-06 12:19:30,34989400.0,34989400.0,0.0
CNT001704,PO002214,NCC019,2025-07-23 16:36:51,2025-09-06 16:36:51,98380800.0,5808900.0,92571900.0
CNT001705,PO002240,NCC021,2025-07-25 19:34:41,2025-09-08 19:34:41,69761300.0,69761300.0,0.0
CNT001706,PO001017,NCC026,2025-07-23 22:46:36,2025-09-06 22:46:36,64004100.0,64004100.0,0.0
CNT001707,PO001879,NCC003,2025-07-25 00:53:36,2025-09-08 00:53:36,20563200.0,3990200.0,16573000.0
CNT001708,PO001270,NCC030,2025-07-23 01:21:15,2025-09-06 01:21:15,83195500.0,50624000.0,32571500.0
CNT001709,PO000004,NCC007,2025-07-23 10:24:06,2025-09-06 10:24:06,38557200.0,38557200.0,0.0
CNT001710,PO001055,NCC041,2025-07-25 21:40:52,2025-09-08 21:40:52,116407200.0,95160800.0,21246400.0
CNT001711,PO000032,NCC031,2025-07-28 00:10:48,2025-09-11 00:10:48,18419400.0,17955500.0,463900.0
CNT001712,PO000031,NCC006,2025-07-28 06:51:32,2025-09-11 06:51:32,123942000.0,123942000.0,0.0
CNT001713,PO001572,NCC028,2025-07-24 16:25:14,2025-09-07 16:25:14,17570000.0,17570000.0,0.0
CNT001714,PO000624,NCC043,2025-07-28 16:45:26,2025-09-11 16:45:26,439200.0,439200.0,0.0
CNT001715,PO001860,NCC028,2025-07-26 16:53:28,2025-09-09 16:53:28,2070300.0,2070300.0,0.0
CNT001716,PO000361,NCC001,2025-07-28 00:37:26,2025-09-11 00:37:26,483758600.0,483758600.0,0.0
CNT001717,PO002615,NCC024,2025-07-25 03:40:38,2025-09-08 03:40:38,131236600.0,131236600.0,0.0
CNT001718,PO000717,NCC035,2025-07-29 07:36:42,2025-09-12 07:36:42,399503200.0,399503200.0,0.0
CNT001719,PO000879,NCC035,2025-07-26 10:52:11,2025-09-09 10:52:11,121094400.0,121094400.0,0.0
CNT001720,PO000137,NCC017,2025-07-29 03:43:43,2025-09-12 03:43:43,18051800.0,18051800.0,0.0
CNT001721,PO000299,NCC043,2025-07-26 08:05:55,2025-09-09 08:05:55,26448000.0,26448000.0,0.0
CNT001722,PO001953,NCC044,2025-07-29 08:40:19,2025-09-12 08:40:19,83096000.0,38426700.0,44669300.0
CNT001723,PO001865,NCC008,2025-07-30 10:35:39,2025-09-13 10:35:39,12994400.0,5737000.0,7257400.0
CNT001724,PO000484,NCC019,2025-07-26 15:29:58,2025-09-09 15:29:58,26582400.0,26582400.0,0.0
CNT001725,PO002580,NCC034,2025-07-30 23:23:43,2025-09-13 23:23:43,60316100.0,60316100.0,0.0
CNT001726,PO000078,NCC039,2025-07-29 00:57:51,2025-09-12 00:57:51,26817500.0,17107600.0,9709900.0
CNT001727,PO000819,NCC020,2025-07-28 02:25:27,2025-09-11 02:25:27,71688000.0,26836400.0,44851600.0
CNT001728,PO000193,NCC035,2025-07-27 03:47:39,2025-09-10 03:47:39,36892800.0,36892800.0,0.0
CNT001729,PO000006,NCC045,2025-07-27 05:33:55,2025-09-10 05:33:55,20853000.0,20853000.0,0.0
CNT001730,PO000178,NCC043,2025-07-30 13:15:50,2025-09-13 13:15:50,340841600.0,340841600.0,0.0
CNT001731,PO001827,NCC011,2025-07-30 16:20:50,2025-09-13 16:20:50,54208000.0,35288600.0,18919400.0
CNT001732,PO001773,NCC014,2025-07-29 18:37:04,2025-09-12 18:37:04,48993800.0,6120600.0,42873200.0
CNT001733,PO003185,NCC022,2025-07-29 05:40:00,2025-09-12 05:40:00,22537500.0,17679300.0,4858200.0
CNT001734,PO000572,NCC041,2025-07-30 17:11:08,2025-09-13 17:11:08,16927300.0,13731300.0,3196000.0
CNT001735,PO000350,NCC043,2025-07-31 22:32:14,2025-09-14 22:32:14,20716800.0,19080100.0,1636700.0
CNT001736,PO000780,NCC006,2025-08-01 00:05:22,2025-09-15 00:05:22,6412000.0,6412000.0,0.0
CNT001737,PO002192,NCC023,2025-08-02 02:32:52,2025-09-16 02:32:52,28710000.0,21154300.0,7555700.0
CNT001738,PO003060,NCC016,2025-08-02 03:15:41,2025-09-16 03:15:41,175740500.0,175740500.0,0.0
CNT001739,PO002465,NCC011,2025-07-29 04:55:24,2025-09-12 04:55:24,28488400.0,28488400.0,0.0
CNT001740,PO001843,NCC032,2025-07-31 05:47:17,2025-09-14 05:47:17,37469400.0,37469400.0,0.0
CNT001741,PO003162,NCC007,2025-08-02 09:54:12,2025-09-16 09:54:12,83973600.0,79674500.0,4299100.0
CNT001742,PO001368,NCC012,2025-07-31 10:49:06,2025-09-14 10:49:06,139552000.0,76075700.0,63476300.0
CNT001743,PO002550,NCC036,2025-07-29 12:03:02,2025-09-12 12:03:02,30617600.0,26324500.0,4293100.0
CNT001744,PO002891,NCC013,2025-07-29 16:16:06,2025-09-12 16:16:06,21150800.0,21150800.0,0.0
CNT001745,PO003417,NCC043,2025-07-31 19:26:26,2025-09-14 19:26:26,25142800.0,25142800.0,0.0
CNT001746,PO000925,NCC037,2025-07-31 20:18:35,2025-09-14 20:18:35,21896800.0,21896800.0,0.0
CNT001747,PO001399,NCC044,2025-08-02 00:37:18,2025-09-16 00:37:18,69426000.0,69426000.0,0.0
CNT001748,PO003301,NCC001,2025-08-02 03:06:41,2025-09-16 03:06:41,20194200.0,20194200.0,0.0
CNT001749,PO000115,NCC014,2025-07-31 16:42:34,2025-09-14 16:42:34,21399300.0,21399300.0,0.0
CNT001750,PO000320,NCC016,2025-08-04 03:47:23,2025-09-18 03:47:23,10933000.0,8844600.0,2088400.0
CNT001751,PO000454,NCC032,2025-08-06 10:32:34,2025-09-20 10:32:34,6674800.0,5362100.0,1312700.0
CNT001752,PO000920,NCC035,2025-08-05 12:56:41,2025-09-19 12:56:41,285084800.0,285084800.0,0.0
CNT001753,PO000277,NCC018,2025-08-05 13:57:14,2025-09-19 13:57:14,46028800.0,30009800.0,16019000.0
CNT001754,PO001761,NCC010,2025-08-06 17:40:17,2025-09-20 17:40:17,14232900.0,14232900.0,0.0
CNT001755,PO000993,NCC031,2025-08-02 21:51:25,2025-09-16 21:51:25,37572000.0,37572000.0,0.0
CNT001756,PO001814,NCC010,2025-08-07 00:43:07,2025-09-21 00:43:07,32413500.0,10725600.0,21687900.0
CNT001757,PO001915,NCC011,2025-08-04 01:56:29,2025-09-18 01:56:29,134852400.0,120526600.0,14325800.0
CNT001758,PO001030,NCC013,2025-08-07 02:31:32,2025-09-21 02:31:32,17243700.0,17243700.0,0.0
CNT001759,PO002933,NCC028,2025-08-05 03:38:01,2025-09-19 03:38:01,7111700.0,4078500.0,3033200.0
CNT001760,PO001143,NCC043,2025-08-07 09:32:30,2025-09-21 09:32:30,43470000.0,36025800.0,7444200.0
CNT001761,PO001363,NCC043,2025-08-07 20:44:00,2025-09-21 20:44:00,69342000.0,69342000.0,0.0
CNT001762,PO002397,NCC037,2025-08-08 17:14:33,2025-09-22 17:14:33,26953500.0,18912500.0,8041000.0
CNT001763,PO000762,NCC021,2025-08-06 06:08:50,2025-09-20 06:08:50,122737600.0,122737600.0,0.0
CNT001764,PO001105,NCC029,2025-08-07 08:07:36,2025-09-21 08:07:36,73382400.0,60214800.0,13167600.0
CNT001765,PO000276,NCC017,2025-08-08 08:34:22,2025-09-22 08:34:22,447671100.0,378884200.0,68786900.0
CNT001766,PO003109,NCC041,2025-08-08 11:25:17,2025-09-22 11:25:17,97908900.0,26975200.0,70933700.0
CNT001767,PO001125,NCC034,2025-08-09 17:22:56,2025-09-23 17:22:56,3686400.0,3686400.0,0.0
CNT001768,PO001492,NCC039,2025-08-09 02:46:40,2025-09-23 02:46:40,70195200.0,70195200.0,0.0
CNT001769,PO000789,NCC016,2025-08-10 07:41:36,2025-09-24 07:41:36,43654500.0,7815200.0,35839300.0
CNT001770,PO001824,NCC038,2025-08-07 04:44:00,2025-09-21 04:44:00,30617600.0,30617600.0,0.0
CNT001771,PO000440,NCC045,2025-08-09 08:48:38,2025-09-23 08:48:38,64908400.0,21544400.0,43364000.0
CNT001772,PO002437,NCC031,2025-08-11 01:59:29,2025-09-25 01:59:29,9561500.0,9561500.0,0.0
CNT001773,PO002502,NCC042,2025-08-11 09:28:27,2025-09-25 09:28:27,66278400.0,66278400.0,0.0
CNT001774,PO002677,NCC037,2025-08-11 16:56:37,2025-09-25 16:56:37,34623300.0,34623300.0,0.0
CNT001775,PO000543,NCC045,2025-08-08 22:53:23,2025-09-22 22:53:23,60162300.0,21283300.0,38879000.0
CNT001776,PO001942,NCC029,2025-08-09 23:35:00,2025-09-23 23:35:00,146618100.0,146618100.0,0.0
CNT001777,PO002993,NCC045,2025-08-09 12:48:43,2025-09-23 12:48:43,67284000.0,67284000.0,0.0
CNT001778,PO001884,NCC022,2025-08-11 13:05:15,2025-09-25 13:05:15,10759000.0,10759000.0,0.0
CNT001779,PO001324,NCC029,2025-08-10 14:49:49,2025-09-24 14:49:49,21300300.0,21300300.0,0.0
CNT001780,PO002846,NCC011,2025-08-10 14:52:16,2025-09-24 14:52:16,49987500.0,49987500.0,0.0
CNT001781,PO000028,NCC002,2025-08-11 17:13:55,2025-09-25 17:13:55,29803200.0,29803200.0,0.0
CNT001782,PO000047,NCC032,2025-08-10 19:16:09,2025-09-24 19:16:09,20254500.0,20254500.0,0.0
CNT001783,PO003193,NCC015,2025-08-14 19:19:54,2025-09-28 19:19:54,9906400.0,9906400.0,0.0
CNT001784,PO002066,NCC044,2025-08-13 20:07:20,2025-09-27 20:07:20,91783800.0,91547900.0,235900.0
CNT001785,PO001630,NCC028,2025-08-13 23:57:36,2025-09-27 23:57:36,7425600.0,7425600.0,0.0
CNT001786,PO002468,NCC009,2025-08-12 00:04:34,2025-09-26 00:04:34,29188500.0,29188500.0,0.0
CNT001787,PO000905,NCC034,2025-08-12 16:44:18,2025-09-26 16:44:18,28614000.0,28614000.0,0.0
CNT001788,PO001673,NCC031,2025-08-15 19:49:22,2025-09-29 19:49:22,32192500.0,32192500.0,0.0
CNT001789,PO001448,NCC001,2025-08-13 22:46:17,2025-09-27 22:46:17,43995600.0,17102900.0,26892700.0
CNT001790,PO002322,NCC029,2025-08-14 23:08:48,2025-09-28 23:08:48,30291300.0,10730700.0,19560600.0
CNT001791,PO001261,NCC016,2025-08-14 07:31:47,2025-09-28 07:31:47,69678000.0,69678000.0,0.0
CNT001792,PO001028,NCC042,2025-08-15 08:04:56,2025-09-29 08:04:56,72837600.0,44955500.0,27882100.0
CNT001793,PO000117,NCC006,2025-08-16 09:00:13,2025-09-30 09:00:13,452586700.0,342950200.0,109636500.0
CNT001794,PO001581,NCC021,2025-08-14 09:18:21,2025-09-28 09:18:21,213920400.0,101689500.0,112230900.0
CNT001795,PO002367,NCC014,2025-08-16 09:43:18,2025-09-30 09:43:18,28235300.0,13695000.0,14540300.0
CNT001796,PO002637,NCC029,2025-08-16 09:45:48,2025-09-30 09:45:48,64787000.0,64787000.0,0.0
CNT001797,PO001287,NCC032,2025-08-16 11:01:44,2025-09-30 11:01:44,93636000.0,13767500.0,79868500.0
CNT001798,PO002980,NCC010,2025-08-16 11:15:51,2025-09-30 11:15:51,151051800.0,5118600.0,145933200.0
CNT001799,PO001598,NCC030,2025-08-15 18:13:11,2025-09-29 18:13:11,54856800.0,54856800.0,0.0
CNT001800,PO002007,NCC045,2025-08-15 20:55:02,2025-09-29 20:55:02,22133900.0,22133900.0,0.0
CNT001801,PO000649,NCC002,2025-08-12 21:03:26,2025-09-26 21:03:26,19317000.0,18891100.0,425900.0
CNT001802,PO000669,NCC038,2025-08-13 21:22:10,2025-09-27 21:22:10,172978200.0,172978200.0,0.0
CNT001803,PO001745,NCC022,2025-08-17 05:17:15,2025-10-01 05:17:15,66001600.0,61009100.0,4992500.0
CNT001804,PO000478,NCC031,2025-08-13 12:56:13,2025-09-27 12:56:13,6642700.0,6642700.0,0.0
CNT001805,PO002884,NCC035,2025-08-17 16:42:00,2025-10-01 16:42:00,26020600.0,26020600.0,0.0
CNT001806,PO000687,NCC043,2025-08-16 17:17:12,2025-09-30 17:17:12,3597000.0,1239500.0,2357500.0
CNT001807,PO001548,NCC042,2025-08-15 17:33:05,2025-09-29 17:33:05,9824000.0,247800.0,9576200.0
CNT001808,PO000140,NCC018,2025-08-17 18:56:40,2025-10-01 18:56:40,249823600.0,249823600.0,0.0
CNT001809,PO000312,NCC004,2025-08-17 00:04:43,2025-10-01 00:04:43,508602000.0,290526100.0,218075900.0
CNT001810,PO003220,NCC007,2025-08-14 01:49:09,2025-09-28 01:49:09,7421000.0,7421000.0,0.0
CNT001811,PO001616,NCC003,2025-08-15 03:02:18,2025-09-29 03:02:18,16311600.0,14282100.0,2029500.0
CNT001812,PO001973,NCC002,2025-08-16 03:11:45,2025-09-30 03:11:45,14476000.0,14476000.0,0.0
CNT001813,PO000784,NCC004,2025-08-18 05:49:25,2025-10-02 05:49:25,84937600.0,84365600.0,572000.0
CNT001814,PO002726,NCC039,2025-08-16 20:15:07,2025-09-30 20:15:07,18662800.0,18662800.0,0.0
CNT001815,PO002883,NCC037,2025-08-14 22:23:01,2025-09-28 22:23:01,54368100.0,23758200.0,30609900.0
CNT001816,PO001668,NCC014,2025-08-16 03:04:13,2025-09-30 03:04:13,33477600.0,22118800.0,11358800.0
CNT001817,PO003496,NCC024,2025-08-15 03:28:00,2025-09-29 03:28:00,41881500.0,41881500.0,0.0
CNT001818,PO000059,NCC045,2025-08-16 06:20:30,2025-09-30 06:20:30,20724900.0,18258100.0,2466800.0
CNT001819,PO003028,NCC031,2025-08-19 20:31:03,2025-10-03 20:31:03,299975200.0,9264500.0,290710700.0
CNT001820,PO001372,NCC042,2025-08-16 23:42:57,2025-09-30 23:42:57,20563200.0,20563200.0,0.0
CNT001821,PO002808,NCC004,2025-08-17 06:19:00,2025-10-01 06:19:00,61807600.0,61807600.0,0.0
CNT001822,PO001809,NCC020,2025-08-17 15:14:34,2025-10-01 15:14:34,83221800.0,39026900.0,44194900.0
CNT001823,PO000103,NCC028,2025-08-18 14:18:59,2025-10-02 14:18:59,57761200.0,32683500.0,25077700.0
CNT001824,PO001415,NCC017,2025-08-17 22:18:38,2025-10-01 22:18:38,8361600.0,1232000.0,7129600.0
CNT001825,PO001312,NCC025,2025-08-19 23:18:12,2025-10-03 23:18:12,381598200.0,381598200.0,0.0
CNT001826,PO002821,NCC006,2025-08-21 00:17:41,2025-10-05 00:17:41,21526500.0,3988900.0,17537600.0
CNT001827,PO003381,NCC030,2025-08-20 02:57:48,2025-10-04 02:57:48,4363200.0,2553600.0,1809600.0
CNT001828,PO001092,NCC037,2025-08-20 04:42:13,2025-10-04 04:42:13,6446700.0,4433600.0,2013100.0
CNT001829,PO001605,NCC026,2025-08-18 07:06:24,2025-10-02 07:06:24,67472100.0,49280800.0,18191300.0
CNT001830,PO000170,NCC025,2025-08-19 09:41:50,2025-10-03 09:41:50,48810000.0,48810000.0,0.0
CNT001831,PO001113,NCC014,2025-08-18 10:09:01,2025-10-02 10:09:01,504332800.0,504332800.0,0.0
CNT001832,PO001520,NCC027,2025-08-21 12:53:47,2025-10-05 12:53:47,265341700.0,265341700.0,0.0
CNT001833,PO003064,NCC001,2025-08-20 17:22:49,2025-10-04 17:22:49,56056400.0,56056400.0,0.0
CNT001834,PO000943,NCC027,2025-08-20 01:08:34,2025-10-04 01:08:34,9414200.0,6450600.0,2963600.0
CNT001835,PO003477,NCC017,2025-08-23 05:05:30,2025-10-07 05:05:30,44377200.0,43039700.0,1337500.0
CNT001836,PO001098,NCC007,2025-08-23 14:34:05,2025-10-07 14:34:05,338988000.0,338988000.0,0.0
CNT001837,PO001459,NCC030,2025-08-21 05:17:12,2025-10-05 05:17:12,46520600.0,39232300.0,7288300.0
CNT001838,PO000642,NCC041,2025-08-21 17:20:47,2025-10-05 17:20:47,9699600.0,9699600.0,0.0
CNT001839,PO001560,NCC018,2025-08-21 22:41:22,2025-10-05 22:41:22,14777700.0,14777700.0,0.0
CNT001840,PO003153,NCC044,2025-08-22 02:52:42,2025-10-06 02:52:42,6817400.0,6817400.0,0.0
CNT001841,PO003156,NCC019,2025-08-24 13:24:09,2025-10-08 13:24:09,210452400.0,135562700.0,74889700.0
CNT001842,PO002800,NCC028,2025-08-25 20:07:41,2025-10-09 20:07:41,66078800.0,40993900.0,25084900.0
CNT001843,PO001148,NCC016,2025-08-25 00:18:21,2025-10-09 00:18:21,232192500.0,232192500.0,0.0
CNT001844,PO000907,NCC021,2025-08-26 02:45:38,2025-10-10 02:45:38,91060800.0,30723300.0,60337500.0
CNT001845,PO002875,NCC033,2025-08-23 07:55:15,2025-10-07 07:55:15,35457400.0,35457400.0,0.0
CNT001846,PO000633,NCC045,2025-08-23 11:22:11,2025-10-07 11:22:11,1507500.0,254300.0,1253200.0
CNT001847,PO002624,NCC038,2025-08-26 15:49:42,2025-10-10 15:49:42,110495000.0,55063800.0,55431200.0
CNT001848,PO000771,NCC036,2025-08-27 08:01:59,2025-10-11 08:01:59,226718100.0,166620600.0,60097500.0
CNT001849,PO000101,NCC034,2025-08-23 12:05:02,2025-10-07 12:05:02,38740000.0,38740000.0,0.0
CNT001850,PO000532,NCC036,2025-08-23 14:42:10,2025-10-07 14:42:10,27968000.0,27968000.0,0.0
CNT001851,PO001153,NCC001,2025-08-27 16:51:48,2025-10-11 16:51:48,50843100.0,50843100.0,0.0
CNT001852,PO000036,NCC016,2025-08-25 16:53:13,2025-10-09 16:53:13,1816000.0,1507100.0,308900.0
CNT001853,PO001876,NCC041,2025-08-23 19:20:39,2025-10-07 19:20:39,34521300.0,34521300.0,0.0
CNT001854,PO001928,NCC034,2025-08-24 22:09:26,2025-10-08 22:09:26,21213200.0,21213200.0,0.0
CNT001855,PO000629,NCC043,2025-08-26 23:48:10,2025-10-10 23:48:10,68105400.0,68105400.0,0.0
CNT001856,PO000831,NCC009,2025-08-26 06:54:55,2025-10-10 06:54:55,44268000.0,44268000.0,0.0
CNT001857,PO000345,NCC021,2025-08-28 23:43:38,2025-10-12 23:43:38,350282400.0,350282400.0,0.0
CNT001858,PO002772,NCC013,2025-08-26 00:03:28,2025-10-10 00:03:28,192924000.0,192924000.0,0.0
CNT001859,PO000105,NCC023,2025-08-25 03:16:42,2025-10-09 03:16:42,64660000.0,55272400.0,9387600.0
CNT001860,PO002330,NCC007,2025-08-29 08:43:14,2025-10-13 08:43:14,1083600.0,1083600.0,0.0
CNT001861,PO002386,NCC033,2025-08-29 18:52:21,2025-10-13 18:52:21,23064300.0,14093000.0,8971300.0
CNT001862,PO002725,NCC023,2025-08-29 12:39:57,2025-10-13 12:39:57,429099900.0,355805900.0,73294000.0
CNT001863,PO003401,NCC036,2025-08-27 21:32:29,2025-10-11 21:32:29,37667500.0,37667500.0,0.0
CNT001864,PO001738,NCC005,2025-08-29 03:41:07,2025-10-13 03:41:07,11016000.0,11016000.0,0.0
CNT001865,PO001732,NCC036,2025-08-31 06:33:29,2025-10-15 06:33:29,40905900.0,32790200.0,8115700.0
CNT001866,PO003077,NCC019,2025-08-29 09:44:20,2025-10-13 09:44:20,28913500.0,6584600.0,22328900.0
CNT001867,PO002943,NCC014,2025-08-29 11:29:40,2025-10-13 11:29:40,75400500.0,75400500.0,0.0
CNT001868,PO003300,NCC018,2025-08-31 14:12:29,2025-10-15 14:12:29,80681400.0,80681400.0,0.0
CNT001869,PO000559,NCC022,2025-08-27 16:09:49,2025-10-11 16:09:49,560000.0,324200.0,235800.0
CNT001870,PO001424,NCC033,2025-08-27 18:46:44,2025-10-11 18:46:44,498465400.0,333906000.0,164559400.0
CNT001871,PO001959,NCC039,2025-08-29 06:10:07,2025-10-13 06:10:07,85277600.0,20294800.0,64982800.0
CNT001872,PO001793,NCC023,2025-09-01 09:22:59,2025-10-16 09:22:59,132792000.0,132792000.0,0.0
CNT001873,PO001660,NCC021,2025-08-29 19:58:02,2025-10-13 19:58:02,31956600.0,31956600.0,0.0
CNT001874,PO002680,NCC020,2025-08-31 05:13:26,2025-10-15 05:13:26,72427200.0,40130300.0,32296900.0
CNT001875,PO003358,NCC041,2025-08-31 05:54:48,2025-10-15 05:54:48,6955200.0,6955200.0,0.0
CNT001876,PO002797,NCC015,2025-08-30 10:40:15,2025-10-14 10:40:15,2618000.0,2618000.0,0.0
CNT001877,PO000197,NCC027,2025-09-02 12:47:14,2025-10-17 12:47:14,88611600.0,59794600.0,28817000.0
CNT001878,PO002671,NCC028,2025-08-31 14:33:10,2025-10-15 14:33:10,6820800.0,5946800.0,874000.0
CNT001879,PO000739,NCC023,2025-09-02 00:48:18,2025-10-17 00:48:18,860200.0,280500.0,579700.0
CNT001880,PO002261,NCC029,2025-08-30 05:35:57,2025-10-14 05:35:57,17712000.0,17712000.0,0.0
CNT001881,PO002587,NCC044,2025-09-01 14:55:16,2025-10-16 14:55:16,7644200.0,400700.0,7243500.0
CNT001882,PO002105,NCC009,2025-09-03 01:23:38,2025-10-18 01:23:38,21884100.0,21884100.0,0.0
CNT001883,PO001514,NCC022,2025-09-04 05:28:12,2025-10-19 05:28:12,50893800.0,50893800.0,0.0
CNT001884,PO003284,NCC020,2025-08-31 06:50:55,2025-10-15 06:50:55,19932000.0,14919800.0,5012200.0
CNT001885,PO000388,NCC031,2025-09-01 12:30:19,2025-10-16 12:30:19,259050000.0,120796600.0,138253400.0
CNT001886,PO002409,NCC036,2025-09-01 14:13:59,2025-10-16 14:13:59,24065600.0,20323500.0,3742100.0
CNT001887,PO002845,NCC023,2025-09-01 08:15:22,2025-10-16 08:15:22,86842800.0,69491900.0,17350900.0
CNT001888,PO001577,NCC026,2025-09-05 08:15:46,2025-10-20 08:15:46,92152600.0,92152600.0,0.0
CNT001889,PO002320,NCC029,2025-09-05 08:21:43,2025-10-20 08:21:43,30396000.0,30396000.0,0.0
CNT001890,PO000396,NCC022,2025-09-05 16:48:26,2025-10-20 16:48:26,19527800.0,17779400.0,1748400.0
CNT001891,PO001508,NCC017,2025-09-05 20:28:42,2025-10-20 20:28:42,122616000.0,122616000.0,0.0
CNT001892,PO001068,NCC018,2025-09-05 21:19:02,2025-10-20 21:19:02,6322900.0,707400.0,5615500.0
CNT001893,PO001485,NCC025,2025-09-06 02:59:22,2025-10-21 02:59:22,75712200.0,75712200.0,0.0
CNT001894,PO000456,NCC029,2025-09-05 08:44:09,2025-10-20 08:44:09,98440500.0,98440500.0,0.0
CNT001895,PO002258,NCC009,2025-09-06 12:28:02,2025-10-21 12:28:02,20254000.0,20254000.0,0.0
CNT001896,PO001087,NCC017,2025-09-03 04:13:25,2025-10-18 04:13:25,5195700.0,5195700.0,0.0
CNT001897,PO001289,NCC001,2025-09-03 09:07:52,2025-10-18 09:07:52,27445600.0,27445600.0,0.0
CNT001898,PO000305,NCC041,2025-09-04 12:49:49,2025-10-19 12:49:49,15011400.0,15011400.0,0.0
CNT001899,PO002915,NCC038,2025-09-05 16:52:21,2025-10-20 16:52:21,49216000.0,49216000.0,0.0
CNT001900,PO002174,NCC030,2025-09-05 17:31:03,2025-10-20 17:31:03,59598000.0,29901900.0,29696100.0
CNT001901,PO002473,NCC026,2025-09-03 18:11:55,2025-10-18 18:11:55,152950600.0,152950600.0,0.0
CNT001902,PO002968,NCC039,2025-09-04 18:54:52,2025-10-19 18:54:52,38629600.0,35247900.0,3381700.0
CNT001903,PO000652,NCC035,2025-09-06 04:14:26,2025-10-21 04:14:26,16276900.0,16276900.0,0.0
CNT001904,PO000712,NCC013,2025-09-05 04:37:18,2025-10-20 04:37:18,27111500.0,22768700.0,4342800.0
CNT001905,PO000301,NCC037,2025-09-05 08:18:28,2025-10-20 08:18:28,76196400.0,75555400.0,641000.0
CNT001906,PO003328,NCC003,2025-09-08 09:34:08,2025-10-23 09:34:08,15037800.0,12438500.0,2599300.0
CNT001907,PO001237,NCC009,2025-09-04 17:49:50,2025-10-19 17:49:50,94833300.0,94833300.0,0.0
CNT001908,PO002083,NCC019,2025-09-07 19:59:09,2025-10-22 19:59:09,111045600.0,96963400.0,14082200.0
CNT001909,PO002741,NCC030,2025-09-08 00:18:41,2025-10-23 00:18:41,11550700.0,11550700.0,0.0
CNT001910,PO001474,NCC035,2025-09-06 00:22:36,2025-10-21 00:22:36,81715000.0,71979400.0,9735600.0
CNT001911,PO002201,NCC032,2025-09-08 04:40:19,2025-10-23 04:40:19,42262000.0,42262000.0,0.0
CNT001912,PO002476,NCC004,2025-09-09 10:15:48,2025-10-24 10:15:48,24258000.0,24258000.0,0.0
CNT001913,PO001432,NCC004,2025-09-09 15:22:08,2025-10-24 15:22:08,8159700.0,5190800.0,2968900.0
CNT001914,PO001704,NCC027,2025-09-06 07:16:07,2025-10-21 07:16:07,20003900.0,20003900.0,0.0
CNT001915,PO000707,NCC007,2025-09-07 08:05:43,2025-10-22 08:05:43,115615500.0,52077800.0,63537700.0
CNT001916,PO001734,NCC025,2025-09-10 09:02:27,2025-10-25 09:02:27,508472500.0,508472500.0,0.0
CNT001917,PO000202,NCC034,2025-09-10 18:40:01,2025-10-25 18:40:01,24283700.0,4404800.0,19878900.0
CNT001918,PO002992,NCC018,2025-09-08 23:02:53,2025-10-23 23:02:53,135181200.0,135181200.0,0.0
CNT001919,PO002221,NCC027,2025-09-07 10:50:54,2025-10-22 10:50:54,114156500.0,114156500.0,0.0
CNT001920,PO000866,NCC017,2025-09-09 23:54:28,2025-10-24 23:54:28,32564100.0,32564100.0,0.0
CNT001921,PO002908,NCC022,2025-09-08 00:50:48,2025-10-23 00:50:48,286335000.0,286335000.0,0.0
CNT001922,PO002785,NCC002,2025-09-09 06:14:18,2025-10-24 06:14:18,33415000.0,33415000.0,0.0
CNT001923,PO000163,NCC021,2025-09-11 08:58:09,2025-10-26 08:58:09,227976000.0,227976000.0,0.0
CNT001924,PO001220,NCC030,2025-09-09 09:33:13,2025-10-24 09:33:13,219744000.0,219744000.0,0.0
CNT001925,PO000510,NCC041,2025-09-10 09:53:26,2025-10-25 09:53:26,44749600.0,44749600.0,0.0
CNT001926,PO002973,NCC017,2025-09-11 17:30:51,2025-10-26 17:30:51,17660500.0,17660500.0,0.0
CNT001927,PO000173,NCC014,2025-09-10 19:42:15,2025-10-25 19:42:15,12110300.0,12110300.0,0.0
CNT001928,PO000432,NCC003,2025-09-09 22:54:27,2025-10-24 22:54:27,81118400.0,64464800.0,16653600.0
CNT001929,PO000380,NCC020,2025-09-09 23:48:56,2025-10-24 23:48:56,12398400.0,12398400.0,0.0
CNT001930,PO001183,NCC021,2025-09-13 05:36:04,2025-10-28 05:36:04,57476500.0,23269600.0,34206900.0
CNT001931,PO001032,NCC003,2025-09-14 07:09:31,2025-10-29 07:09:31,31522800.0,31522800.0,0.0
CNT001932,PO003083,NCC034,2025-09-14 12:42:41,2025-10-29 12:42:41,260911800.0,254259500.0,6652300.0
CNT001933,PO002752,NCC045,2025-09-14 15:34:53,2025-10-29 15:34:53,105595300.0,105595300.0,0.0
CNT001934,PO001004,NCC041,2025-09-10 17:44:23,2025-10-25 17:44:23,2227200.0,1683300.0,543900.0
CNT001935,PO002932,NCC045,2025-09-14 22:55:13,2025-10-29 22:55:13,25574400.0,25574400.0,0.0
CNT001936,PO001544,NCC042,2025-09-13 06:24:11,2025-10-28 06:24:11,2724400.0,807000.0,1917400.0
CNT001937,PO000120,NCC042,2025-09-11 11:09:03,2025-10-26 11:09:03,3977000.0,510200.0,3466800.0
CNT001938,PO002026,NCC003,2025-09-14 01:12:59,2025-10-29 01:12:59,140925600.0,138341800.0,2583800.0
CNT001939,PO003048,NCC001,2025-09-14 01:17:46,2025-10-29 01:17:46,96446000.0,64061000.0,32385000.0
CNT001940,PO002886,NCC017,2025-09-13 07:48:36,2025-10-28 07:48:36,59868900.0,38954300.0,20914600.0
CNT001941,PO002907,NCC029,2025-09-15 13:06:08,2025-10-30 13:06:08,73192200.0,73192200.0,0.0
CNT001942,PO002479,NCC020,2025-09-12 14:07:05,2025-10-27 14:07:05,74236000.0,57196800.0,17039200.0
CNT001943,PO003057,NCC028,2025-09-14 21:50:12,2025-10-29 21:50:12,619282800.0,619282800.0,0.0
CNT001944,PO002356,NCC022,2025-09-16 07:19:10,2025-10-31 07:19:10,25687000.0,19525000.0,6162000.0
CNT001945,PO001159,NCC034,2025-09-14 10:16:53,2025-10-29 10:16:53,17286600.0,17286600.0,0.0
CNT001946,PO000590,NCC042,2025-09-13 10:59:14,2025-10-28 10:59:14,49885600.0,49885600.0,0.0
CNT001947,PO003080,NCC043,2025-09-14 12:07:26,2025-10-29 12:07:26,21094000.0,21094000.0,0.0
CNT001948,PO000077,NCC030,2025-09-15 18:37:40,2025-10-30 18:37:40,4787200.0,4787200.0,0.0
CNT001949,PO000375,NCC026,2025-09-14 19:52:15,2025-10-29 19:52:15,7402400.0,5890600.0,1511800.0
CNT001950,PO002669,NCC023,2025-09-17 20:01:21,2025-11-01 20:01:21,51584700.0,51584700.0,0.0
CNT001951,PO001314,NCC044,2025-09-14 20:39:54,2025-10-29 20:39:54,81721500.0,9199800.0,72521700.0
CNT001952,PO000168,NCC034,2025-09-16 05:58:34,2025-10-31 05:58:34,64548000.0,64548000.0,0.0
CNT001953,PO000249,NCC036,2025-09-14 06:27:32,2025-10-29 06:27:32,12354300.0,8935900.0,3418400.0
CNT001954,PO000128,NCC005,2025-09-18 12:15:05,2025-11-02 12:15:05,5805800.0,3762700.0,2043100.0
CNT001955,PO002654,NCC025,2025-09-16 14:17:17,2025-10-31 14:17:17,475117200.0,475117200.0,0.0
CNT001956,PO000239,NCC024,2025-09-15 14:29:49,2025-10-30 14:29:49,55752000.0,29801900.0,25950100.0
CNT001957,PO002581,NCC006,2025-09-15 17:16:08,2025-10-30 17:16:08,15089000.0,15089000.0,0.0
CNT001958,PO001574,NCC007,2025-09-15 20:05:02,2025-10-30 20:05:02,26108000.0,26108000.0,0.0
CNT001959,PO000029,NCC018,2025-09-15 02:40:06,2025-10-30 02:40:06,504804000.0,504804000.0,0.0
CNT001960,PO002492,NCC014,2025-09-17 16:28:29,2025-11-01 16:28:29,50928800.0,30682400.0,20246400.0
CNT001961,PO000562,NCC035,2025-09-17 17:45:15,2025-11-01 17:45:15,2273700.0,2273700.0,0.0
CNT001962,PO001877,NCC021,2025-09-19 05:03:24,2025-11-03 05:03:24,36651300.0,36651300.0,0.0
CNT001963,PO001409,NCC025,2025-09-20 21:32:30,2025-11-04 21:32:30,93744000.0,93744000.0,0.0
CNT001964,PO001154,NCC029,2025-09-17 00:24:17,2025-11-01 00:24:17,4870700.0,4870700.0,0.0
CNT001965,PO001115,NCC011,2025-09-17 03:40:26,2025-11-01 03:40:26,237820000.0,163744300.0,74075700.0
CNT001966,PO000433,NCC024,2025-09-19 11:38:20,2025-11-03 11:38:20,10060800.0,10060800.0,0.0
CNT001967,PO002293,NCC026,2025-09-21 13:39:19,2025-11-05 13:39:19,36779600.0,36779600.0,0.0
CNT001968,PO000406,NCC034,2025-09-20 02:45:44,2025-11-04 02:45:44,74784000.0,74784000.0,0.0
CNT001969,PO003161,NCC001,2025-09-19 03:01:06,2025-11-03 03:01:06,35328000.0,35328000.0,0.0
CNT001970,PO000547,NCC005,2025-09-18 06:38:32,2025-11-02 06:38:32,94624500.0,60458600.0,34165900.0
CNT001971,PO001594,NCC012,2025-09-22 06:43:25,2025-11-06 06:43:25,3639600.0,2286000.0,1353600.0
CNT001972,PO000165,NCC021,2025-09-20 10:41:55,2025-11-04 10:41:55,65467500.0,11524600.0,53942900.0
CNT001973,PO002020,NCC035,2025-09-18 11:44:30,2025-11-02 11:44:30,5342400.0,5342400.0,0.0
CNT001974,PO003019,NCC012,2025-09-21 20:05:28,2025-11-05 20:05:28,14596200.0,10323200.0,4273000.0
CNT001975,PO001749,NCC022,2025-09-19 20:22:11,2025-11-03 20:22:11,101738000.0,72000800.0,29737200.0
CNT001976,PO002358,NCC006,2025-09-18 23:22:42,2025-11-02 23:22:42,15800400.0,15083300.0,717100.0
CNT001977,PO002131,NCC014,2025-09-21 02:01:51,2025-11-05 02:01:51,417821200.0,9486000.0,408335200.0
CNT001978,PO002464,NCC030,2025-09-20 11:31:10,2025-11-04 11:31:10,64246600.0,64246600.0,0.0
CNT001979,PO002673,NCC010,2025-09-20 12:42:32,2025-11-04 12:42:32,8499500.0,8499500.0,0.0
CNT001980,PO001653,NCC035,2025-09-19 18:38:20,2025-11-03 18:38:20,9644400.0,4148400.0,5496000.0
CNT001981,PO002948,NCC013,2025-09-23 20:30:34,2025-11-07 20:30:34,44402000.0,44402000.0,0.0
CNT001982,PO002765,NCC030,2025-09-21 23:56:17,2025-11-05 23:56:17,11882800.0,11882800.0,0.0
CNT001983,PO000263,NCC010,2025-09-21 01:22:30,2025-11-05 01:22:30,128074500.0,128074500.0,0.0
CNT001984,PO001080,NCC032,2025-09-23 04:47:00,2025-11-07 04:47:00,26516600.0,26516600.0,0.0
CNT001985,PO003349,NCC041,2025-09-24 06:17:00,2025-11-08 06:17:00,2175400.0,2175400.0,0.0
CNT001986,PO003500,NCC001,2025-09-24 13:10:05,2025-11-08 13:10:05,110936000.0,14810400.0,96125600.0
CNT001987,PO001990,NCC040,2025-09-21 17:23:05,2025-11-05 17:23:05,162977100.0,162977100.0,0.0
CNT001988,PO000787,NCC023,2025-09-21 19:38:30,2025-11-05 19:38:30,586686200.0,534292400.0,52393800.0
CNT001989,PO000709,NCC002,2025-09-21 20:33:23,2025-11-05 20:33:23,17633600.0,17633600.0,0.0
CNT001990,PO000517,NCC024,2025-09-22 00:31:43,2025-11-06 00:31:43,45841100.0,45841100.0,0.0
CNT001991,PO001910,NCC041,2025-09-23 01:50:12,2025-11-07 01:50:12,3673800.0,3673800.0,0.0
CNT001992,PO000275,NCC021,2025-09-24 07:47:18,2025-11-08 07:47:18,17180800.0,13937000.0,3243800.0
CNT001993,PO003362,NCC020,2025-09-21 08:10:19,2025-11-05 08:10:19,32105600.0,32105600.0,0.0
CNT001994,PO002700,NCC012,2025-09-22 13:34:53,2025-11-06 13:34:53,114199200.0,103212400.0,10986800.0
CNT001995,PO001637,NCC020,2025-09-23 20:00:12,2025-11-07 20:00:12,15931500.0,14330600.0,1600900.0
CNT001996,PO000803,NCC018,2025-09-25 22:57:24,2025-11-09 22:57:24,26361500.0,26361500.0,0.0
CNT001997,PO003479,NCC045,2025-09-22 04:33:16,2025-11-06 04:33:16,8273100.0,8273100.0,0.0
CNT001998,PO000890,NCC026,2025-09-22 05:03:48,2025-11-06 05:03:48,16867000.0,16867000.0,0.0
CNT001999,PO001870,NCC042,2025-09-26 05:54:07,2025-11-10 05:54:07,28809000.0,28809000.0,0.0
CNT002000,PO000022,NCC018,2025-09-25 09:40:35,2025-11-09 09:40:35,472894000.0,196926200.0,275967800.0
CNT002001,PO001259,NCC004,2025-09-26 12:31:45,2025-11-10 12:31:45,400740800.0,267471000.0,133269800.0
CNT002002,PO001880,NCC020,2025-09-24 05:56:22,2025-11-08 05:56:22,20528800.0,20528800.0,0.0
CNT002003,PO001965,NCC033,2025-09-26 06:10:58,2025-11-10 06:10:58,25714000.0,10906600.0,14807400.0
CNT002004,PO001394,NCC037,2025-09-23 07:03:40,2025-11-07 07:03:40,419358400.0,419358400.0,0.0
CNT002005,PO001465,NCC037,2025-09-25 08:06:29,2025-11-09 08:06:29,15680000.0,15680000.0,0.0
CNT002006,PO000644,NCC028,2025-09-23 14:33:00,2025-11-07 14:33:00,71626600.0,64817600.0,6809000.0
CNT002007,PO002277,NCC007,2025-09-27 17:21:20,2025-11-11 17:21:20,3097500.0,3097500.0,0.0
CNT002008,PO000132,NCC005,2025-09-26 01:04:19,2025-11-10 01:04:19,111352000.0,11197100.0,100154900.0
CNT002009,PO001234,NCC024,2025-09-27 01:06:25,2025-11-11 01:06:25,129421400.0,129421400.0,0.0
CNT002010,PO002565,NCC040,2025-09-27 02:14:17,2025-11-11 02:14:17,18242200.0,18242200.0,0.0
CNT002011,PO000525,NCC001,2025-09-27 15:19:34,2025-11-11 15:19:34,140244000.0,140244000.0,0.0
CNT002012,PO002207,NCC008,2025-09-28 12:38:39,2025-11-12 12:38:39,150861900.0,150861900.0,0.0
CNT002013,PO001602,NCC034,2025-09-27 14:28:56,2025-11-11 14:28:56,101306800.0,64769800.0,36537000.0
CNT002014,PO002019,NCC032,2025-09-26 15:24:55,2025-11-10 15:24:55,70175700.0,3513500.0,66662200.0
CNT002015,PO001346,NCC041,2025-09-27 18:13:42,2025-11-11 18:13:42,60891300.0,40344200.0,20547100.0
CNT002016,PO002104,NCC011,2025-09-27 20:37:51,2025-11-11 20:37:51,31562000.0,19029500.0,12532500.0
CNT002017,PO002570,NCC027,2025-09-29 22:03:03,2025-11-13 22:03:03,57059800.0,57059800.0,0.0
CNT002018,PO000506,NCC016,2025-09-28 03:21:03,2025-11-12 03:21:03,76380000.0,76380000.0,0.0
CNT002019,PO001688,NCC011,2025-09-27 06:15:21,2025-11-11 06:15:21,6201400.0,3791200.0,2410200.0
CNT002020,PO002285,NCC032,2025-09-30 08:15:25,2025-11-14 08:15:25,67687200.0,17104500.0,50582700.0
CNT002021,PO002411,NCC018,2025-09-28 09:11:27,2025-11-12 09:11:27,33280800.0,30657000.0,2623800.0
CNT002022,PO001011,NCC001,2025-09-30 10:22:37,2025-11-14 10:22:37,125860000.0,125860000.0,0.0
CNT002023,PO000182,NCC005,2025-09-28 11:37:20,2025-11-12 11:37:20,38295000.0,37249600.0,1045400.0
CNT002024,PO002788,NCC012,2025-09-30 13:21:27,2025-11-14 13:21:27,281681400.0,281681400.0,0.0
CNT002025,PO003116,NCC032,2025-09-27 15:24:13,2025-11-11 15:24:13,193989600.0,193989600.0,0.0
CNT002026,PO001296,NCC016,2025-09-28 19:20:15,2025-11-12 19:20:15,254885600.0,160489800.0,94395800.0
CNT002027,PO001486,NCC036,2025-09-30 22:03:03,2025-11-14 22:03:03,7276200.0,7276200.0,0.0
CNT002028,PO002818,NCC034,2025-10-01 01:28:04,2025-11-15 01:28:04,160248100.0,160248100.0,0.0
CNT002029,PO002645,NCC021,2025-09-30 08:19:26,2025-11-14 08:19:26,20678000.0,14866300.0,5811700.0
CNT002030,PO002405,NCC019,2025-09-27 08:36:19,2025-11-11 08:36:19,37085600.0,37085600.0,0.0
CNT002031,PO003061,NCC010,2025-10-01 09:36:10,2025-11-15 09:36:10,51362300.0,51362300.0,0.0
CNT002032,PO001607,NCC009,2025-09-27 09:46:41,2025-11-11 09:46:41,73432800.0,53440200.0,19992600.0
CNT002033,PO001076,NCC009,2025-09-30 14:39:40,2025-11-14 14:39:40,78083900.0,78083900.0,0.0
CNT002034,PO001864,NCC020,2025-09-29 17:08:50,2025-11-13 17:08:50,42154900.0,31565100.0,10589800.0
CNT002035,PO001674,NCC010,2025-09-29 19:42:13,2025-11-13 19:42:13,39711000.0,39711000.0,0.0
CNT002036,PO002490,NCC013,2025-09-30 00:26:10,2025-11-14 00:26:10,16414100.0,8179700.0,8234400.0
CNT002037,PO002297,NCC040,2025-10-02 04:52:08,2025-11-16 04:52:08,69919200.0,37650800.0,32268400.0
CNT002038,PO003459,NCC025,2025-10-02 07:59:42,2025-11-16 07:59:42,373302500.0,373302500.0,0.0
CNT002039,PO001517,NCC030,2025-10-01 08:36:57,2025-11-15 08:36:57,1100000.0,1100000.0,0.0
CNT002040,PO000768,NCC024,2025-09-29 14:52:57,2025-11-13 14:52:57,21413700.0,12381600.0,9032100.0
CNT002041,PO003129,NCC037,2025-09-29 16:22:09,2025-11-13 16:22:09,40958400.0,40958400.0,0.0
CNT002042,PO001956,NCC041,2025-10-01 20:13:14,2025-11-15 20:13:14,62992400.0,49834500.0,13157900.0
CNT002043,PO000061,NCC040,2025-10-01 21:16:13,2025-11-15 21:16:13,42192700.0,42192700.0,0.0
CNT002044,PO003445,NCC030,2025-09-28 23:45:40,2025-11-12 23:45:40,104780900.0,79086600.0,25694300.0
CNT002045,PO003411,NCC036,2025-10-02 07:14:08,2025-11-16 07:14:08,25676100.0,25676100.0,0.0
CNT002046,PO000180,NCC029,2025-10-02 20:23:40,2025-11-16 20:23:40,14916000.0,14916000.0,0.0
CNT002047,PO001542,NCC033,2025-09-30 23:10:40,2025-11-14 23:10:40,123704000.0,12498900.0,111205100.0
CNT002048,PO002488,NCC010,2025-10-02 01:12:07,2025-11-16 01:12:07,39186000.0,39186000.0,0.0
CNT002049,PO003050,NCC012,2025-10-02 02:07:45,2025-11-16 02:07:45,104098000.0,86945700.0,17152300.0
CNT002050,PO001678,NCC032,2025-10-03 03:24:29,2025-11-17 03:24:29,4171800.0,2977700.0,1194100.0
CNT002051,PO001629,NCC023,2025-10-04 04:24:08,2025-11-18 04:24:08,614245200.0,614245200.0,0.0
CNT002052,PO003147,NCC014,2025-10-01 05:06:45,2025-11-15 05:06:45,20836800.0,16109700.0,4727100.0
CNT002053,PO002834,NCC027,2025-09-30 05:34:54,2025-11-14 05:34:54,9112400.0,9112400.0,0.0
CNT002054,PO001497,NCC041,2025-10-01 02:38:33,2025-11-15 02:38:33,490049500.0,332507200.0,157542300.0
CNT002055,PO000806,NCC042,2025-10-02 03:37:22,2025-11-16 03:37:22,33316400.0,24763200.0,8553200.0
CNT002056,PO002865,NCC016,2025-10-01 05:39:44,2025-11-15 05:39:44,46545000.0,46545000.0,0.0
CNT002057,PO003118,NCC043,2025-10-04 07:52:28,2025-11-18 07:52:28,34647200.0,34647200.0,0.0
CNT002058,PO000451,NCC042,2025-10-05 12:43:51,2025-11-19 12:43:51,3438500.0,1558000.0,1880500.0
CNT002059,PO001964,NCC002,2025-10-05 21:54:32,2025-11-19 21:54:32,23865000.0,14688200.0,9176800.0
CNT002060,PO003229,NCC016,2025-10-04 11:35:30,2025-11-18 11:35:30,83225700.0,80464600.0,2761100.0
CNT002061,PO002613,NCC042,2025-10-03 16:25:28,2025-11-17 16:25:28,64320300.0,64320300.0,0.0
CNT002062,PO002868,NCC002,2025-10-06 00:27:49,2025-11-20 00:27:49,83879400.0,45056500.0,38822900.0
CNT002063,PO001236,NCC011,2025-10-06 01:05:55,2025-11-20 01:05:55,18291000.0,18291000.0,0.0
CNT002064,PO001389,NCC041,2025-10-06 05:46:06,2025-11-20 05:46:06,391745200.0,250321800.0,141423400.0
CNT002065,PO002107,NCC014,2025-10-05 10:09:14,2025-11-19 10:09:14,276843200.0,276843200.0,0.0
CNT002066,PO000603,NCC041,2025-10-07 13:50:34,2025-11-21 13:50:34,66446100.0,66446100.0,0.0
CNT002067,PO001714,NCC039,2025-10-07 17:53:27,2025-11-21 17:53:27,365668000.0,246203400.0,119464600.0
CNT002068,PO001317,NCC037,2025-10-03 20:23:13,2025-11-17 20:23:13,21376000.0,21376000.0,0.0
CNT002069,PO000743,NCC016,2025-10-05 21:10:10,2025-11-19 21:10:10,109466800.0,53182400.0,56284400.0
CNT002070,PO000761,NCC015,2025-10-05 05:16:31,2025-11-19 05:16:31,36058800.0,22616600.0,13442200.0
CNT002071,PO001721,NCC036,2025-10-07 07:25:45,2025-11-21 07:25:45,1987200.0,297900.0,1689300.0
CNT002072,PO001541,NCC039,2025-10-08 14:41:05,2025-11-22 14:41:05,20689200.0,20689200.0,0.0
CNT002073,PO000104,NCC045,2025-10-07 20:28:50,2025-11-21 20:28:50,23738400.0,23738400.0,0.0
CNT002074,PO001780,NCC009,2025-10-07 23:46:50,2025-11-21 23:46:50,80231400.0,54825300.0,25406100.0
CNT002075,PO000348,NCC012,2025-10-06 12:02:04,2025-11-20 12:02:04,64330000.0,64330000.0,0.0
CNT002076,PO000428,NCC042,2025-10-08 18:18:28,2025-11-22 18:18:28,14566400.0,14566400.0,0.0
CNT002077,PO001404,NCC010,2025-10-06 00:37:12,2025-11-20 00:37:12,13629600.0,11130100.0,2499500.0
CNT002078,PO002014,NCC003,2025-10-06 05:12:36,2025-11-20 05:12:36,51505700.0,43987300.0,7518400.0
CNT002079,PO001135,NCC034,2025-10-09 06:10:56,2025-11-23 06:10:56,525090400.0,525090400.0,0.0
CNT002080,PO002073,NCC023,2025-10-07 04:16:32,2025-11-21 04:16:32,48424700.0,38277700.0,10147000.0
CNT002081,PO002955,NCC013,2025-10-11 19:40:11,2025-11-25 19:40:11,96755000.0,96755000.0,0.0
CNT002082,PO001330,NCC021,2025-10-08 08:15:54,2025-11-22 08:15:54,29462400.0,25824500.0,3637900.0
CNT002083,PO001073,NCC013,2025-10-09 08:56:20,2025-11-23 08:56:20,12008500.0,12008500.0,0.0
CNT002084,PO001805,NCC004,2025-10-12 00:14:38,2025-11-26 00:14:38,429852000.0,429852000.0,0.0
CNT002085,PO001446,NCC007,2025-10-09 12:56:33,2025-11-23 12:56:33,64584000.0,40994000.0,23590000.0
CNT002086,PO003251,NCC022,2025-10-09 13:12:26,2025-11-23 13:12:26,29340800.0,9453200.0,19887600.0
CNT002087,PO003371,NCC010,2025-10-12 17:48:26,2025-11-26 17:48:26,24915600.0,24915600.0,0.0
CNT002088,PO002317,NCC007,2025-10-12 22:34:40,2025-11-26 22:34:40,53157600.0,36181000.0,16976600.0
CNT002089,PO001074,NCC044,2025-10-11 06:03:19,2025-11-25 06:03:19,33991800.0,33991800.0,0.0
CNT002090,PO002863,NCC028,2025-10-13 08:16:29,2025-11-27 08:16:29,441636000.0,208358900.0,233277100.0
CNT002091,PO002093,NCC031,2025-10-10 09:34:12,2025-11-24 09:34:12,38336200.0,26784500.0,11551700.0
CNT002092,PO003209,NCC012,2025-10-12 14:33:38,2025-11-26 14:33:38,39960000.0,23325800.0,16634200.0
CNT002093,PO001095,NCC032,2025-10-10 21:58:50,2025-11-24 21:58:50,46176000.0,46176000.0,0.0
CNT002094,PO000811,NCC039,2025-10-10 23:43:01,2025-11-24 23:43:01,9760800.0,9760800.0,0.0
CNT002095,PO001546,NCC023,2025-10-12 23:57:11,2025-11-26 23:57:11,21286000.0,21286000.0,0.0
CNT002096,PO003252,NCC038,2025-10-13 10:49:04,2025-11-27 10:49:04,6568800.0,6568800.0,0.0
CNT002097,PO003120,NCC040,2025-10-15 15:56:10,2025-11-29 15:56:10,8939100.0,8939100.0,0.0
CNT002098,PO003412,NCC012,2025-10-11 22:00:36,2025-11-25 22:00:36,333325200.0,333325200.0,0.0
CNT002099,PO000595,NCC037,2025-10-16 01:15:17,2025-11-30 01:15:17,15289200.0,11385500.0,3903700.0
CNT002100,PO002200,NCC002,2025-10-12 11:12:38,2025-11-26 11:12:38,10213800.0,10213800.0,0.0
CNT002101,PO002527,NCC010,2025-10-13 11:34:16,2025-11-27 11:34:16,75349500.0,7631900.0,67717600.0
CNT002102,PO002924,NCC042,2025-10-14 12:03:16,2025-11-28 12:03:16,332207400.0,332207400.0,0.0
CNT002103,PO000410,NCC039,2025-10-12 17:39:38,2025-11-26 17:39:38,132010000.0,7946100.0,124063900.0
CNT002104,PO000034,NCC016,2025-10-13 01:37:01,2025-11-27 01:37:01,4451700.0,384100.0,4067600.0
CNT002105,PO002161,NCC025,2025-10-13 04:01:13,2025-11-27 04:01:13,66384000.0,66384000.0,0.0
CNT002106,PO003337,NCC011,2025-10-17 06:21:32,2025-12-01 06:21:32,457072100.0,70397600.0,386674500.0
CNT002107,PO000933,NCC042,2025-10-17 06:44:32,2025-12-01 06:44:32,83140200.0,24161300.0,58978900.0
CNT002108,PO001501,NCC009,2025-10-14 12:03:09,2025-11-28 12:03:09,3059900.0,3059900.0,0.0
CNT002109,PO003382,NCC038,2025-10-14 16:44:48,2025-11-28 16:44:48,44289000.0,55700.0,44233300.0
CNT002110,PO002338,NCC038,2025-10-17 17:26:19,2025-12-01 17:26:19,3117400.0,3117400.0,0.0
CNT002111,PO002344,NCC021,2025-10-17 22:19:44,2025-12-01 22:19:44,16341500.0,16341500.0,0.0
CNT002112,PO002773,NCC011,2025-10-14 04:53:31,2025-11-28 04:53:31,24174000.0,22780400.0,1393600.0
CNT002113,PO000024,NCC038,2025-10-16 07:38:17,2025-11-30 07:38:17,113447200.0,113447200.0,0.0
CNT002114,PO001381,NCC029,2025-10-16 08:00:16,2025-11-30 08:00:16,173229500.0,173229500.0,0.0
CNT002115,PO002614,NCC021,2025-10-16 13:43:53,2025-11-30 13:43:53,4992000.0,730500.0,4261500.0
CNT002116,PO001759,NCC016,2025-10-15 20:27:29,2025-11-29 20:27:29,4221000.0,776200.0,3444800.0
CNT002117,PO001590,NCC015,2025-10-20 06:50:17,2025-12-04 06:50:17,30707600.0,18738000.0,11969600.0
CNT002118,PO001223,NCC027,2025-10-20 18:12:57,2025-12-04 18:12:57,37523200.0,37523200.0,0.0
CNT002119,PO001765,NCC023,2025-10-17 20:14:04,2025-12-01 20:14:04,381011700.0,63104500.0,317907200.0
CNT002120,PO003127,NCC011,2025-10-18 07:04:31,2025-12-02 07:04:31,114168000.0,114168000.0,0.0
CNT002121,PO002899,NCC033,2025-10-19 07:15:37,2025-12-03 07:15:37,7797900.0,680400.0,7117500.0
CNT002122,PO000344,NCC029,2025-10-19 15:01:13,2025-12-03 15:01:13,12998300.0,12998300.0,0.0
CNT002123,PO002767,NCC014,2025-10-19 16:34:20,2025-12-03 16:34:20,393822000.0,120639500.0,273182500.0
CNT002124,PO001328,NCC012,2025-10-22 02:18:50,2025-12-06 02:18:50,3726800.0,3291600.0,435200.0
CNT002125,PO000773,NCC044,2025-10-18 06:49:44,2025-12-02 06:49:44,747759600.0,58502800.0,689256800.0
CNT002126,PO003499,NCC006,2025-10-20 09:13:45,2025-12-04 09:13:45,96012800.0,28781400.0,67231400.0
CNT002127,PO000094,NCC020,2025-10-21 10:19:56,2025-12-05 10:19:56,6160800.0,1328200.0,4832600.0
CNT002128,PO001908,NCC028,2025-10-21 14:41:39,2025-12-05 14:41:39,7722000.0,4670800.0,3051200.0
CNT002129,PO002067,NCC023,2025-10-22 15:13:37,2025-12-06 15:13:37,35622400.0,16322200.0,19300200.0
CNT002130,PO002916,NCC033,2025-10-23 02:37:02,2025-12-07 02:37:02,61038100.0,40185500.0,20852600.0
CNT002131,PO002578,NCC018,2025-10-22 04:55:23,2025-12-06 04:55:23,16787500.0,16787500.0,0.0
CNT002132,PO003099,NCC033,2025-10-20 05:25:57,2025-12-04 05:25:57,79605900.0,59314900.0,20291000.0
CNT002133,PO003293,NCC024,2025-10-20 05:49:44,2025-12-04 05:49:44,77377300.0,77377300.0,0.0
CNT002134,PO001426,NCC024,2025-10-23 09:40:14,2025-12-07 09:40:14,146262600.0,65682700.0,80579900.0
CNT002135,PO003295,NCC007,2025-10-20 13:47:46,2025-12-04 13:47:46,240036000.0,240036000.0,0.0
CNT002136,PO000198,NCC033,2025-10-20 19:39:45,2025-12-04 19:39:45,280292400.0,44225800.0,236066600.0
CNT002137,PO001875,NCC016,2025-10-19 21:59:48,2025-12-03 21:59:48,14157500.0,14157500.0,0.0
CNT002138,PO000020,NCC019,2025-10-23 22:14:35,2025-12-07 22:14:35,19385600.0,19385600.0,0.0
CNT002139,PO001992,NCC006,2025-10-24 06:03:04,2025-12-08 06:03:04,6435000.0,978100.0,5456900.0
CNT002140,PO001547,NCC012,2025-10-20 11:58:48,2025-12-04 11:58:48,520322400.0,520322400.0,0.0
CNT002141,PO001930,NCC024,2025-10-20 14:26:18,2025-12-04 14:26:18,17493000.0,17493000.0,0.0
CNT002142,PO001003,NCC004,2025-10-20 20:36:31,2025-12-04 20:36:31,308074000.0,234869800.0,73204200.0
CNT002143,PO003282,NCC002,2025-10-21 02:58:37,2025-12-05 02:58:37,30114500.0,30114500.0,0.0
CNT002144,PO002037,NCC042,2025-10-22 17:44:12,2025-12-06 17:44:12,87397000.0,87397000.0,0.0
CNT002145,PO000482,NCC020,2025-10-23 02:26:26,2025-12-07 02:26:26,14056200.0,11718900.0,2337300.0
CNT002146,PO003340,NCC023,2025-10-22 08:11:04,2025-12-06 08:11:04,9516000.0,980300.0,8535700.0
CNT002147,PO003269,NCC006,2025-10-24 09:54:18,2025-12-08 09:54:18,95126400.0,95126400.0,0.0
CNT002148,PO002216,NCC030,2025-10-25 15:10:42,2025-12-09 15:10:42,5306400.0,5306400.0,0.0
CNT002149,PO001929,NCC007,2025-10-24 19:18:25,2025-12-08 19:18:25,47541000.0,47541000.0,0.0
CNT002150,PO000512,NCC033,2025-10-23 01:13:10,2025-12-07 01:13:10,7013100.0,7013100.0,0.0
CNT002151,PO003104,NCC036,2025-10-23 16:02:59,2025-12-07 16:02:59,36875000.0,36875000.0,0.0
CNT002152,PO002248,NCC028,2025-10-24 16:38:49,2025-12-08 16:38:49,52582500.0,52582500.0,0.0
CNT002153,PO000119,NCC029,2025-10-25 18:58:47,2025-12-09 18:58:47,58422900.0,47865100.0,10557800.0
CNT002154,PO003325,NCC003,2025-10-24 10:59:21,2025-12-08 10:59:21,460947600.0,220912300.0,240035300.0
CNT002155,PO002239,NCC021,2025-10-28 11:07:44,2025-12-12 11:07:44,28465800.0,28465800.0,0.0
CNT002156,PO000419,NCC003,2025-10-25 21:27:45,2025-12-09 21:27:45,230785500.0,230785500.0,0.0
CNT002157,PO000033,NCC004,2025-10-26 22:14:23,2025-12-10 22:14:23,43703800.0,27772700.0,15931100.0
CNT002158,PO000688,NCC011,2025-10-25 04:05:10,2025-12-09 04:05:10,75810000.0,75810000.0,0.0
CNT002159,PO001628,NCC013,2025-10-29 11:26:40,2025-12-13 11:26:40,8674200.0,8533100.0,141100.0
CNT002160,PO002743,NCC011,2025-10-25 15:04:57,2025-12-09 15:04:57,73994400.0,73994400.0,0.0
CNT002161,PO001569,NCC042,2025-10-25 16:38:42,2025-12-09 16:38:42,183560000.0,183560000.0,0.0
CNT002162,PO001690,NCC042,2025-10-29 20:48:50,2025-12-13 20:48:50,294512400.0,294512400.0,0.0
CNT002163,PO002842,NCC019,2025-10-25 21:50:16,2025-12-09 21:50:16,90517000.0,90517000.0,0.0
CNT002164,PO000988,NCC032,2025-10-29 00:11:18,2025-12-13 00:11:18,19776000.0,9185700.0,10590300.0
CNT002165,PO002713,NCC010,2025-10-30 03:52:03,2025-12-14 03:52:03,7854000.0,632000.0,7222000.0
CNT002166,PO002566,NCC003,2025-10-29 07:40:43,2025-12-13 07:40:43,78480000.0,78480000.0,0.0
CNT002167,PO000553,NCC029,2025-10-28 13:17:41,2025-12-12 13:17:41,229747200.0,186182400.0,43564800.0
CNT002168,PO001558,NCC041,2025-10-30 02:08:17,2025-12-14 02:08:17,87795200.0,87795200.0,0.0
CNT002169,PO001100,NCC016,2025-10-28 08:39:02,2025-12-12 08:39:02,356135600.0,280667200.0,75468400.0
CNT002170,PO003434,NCC035,2025-10-27 09:16:26,2025-12-11 09:16:26,9696000.0,9168800.0,527200.0
CNT002171,PO003354,NCC017,2025-10-30 09:42:22,2025-12-14 09:42:22,47619400.0,47619400.0,0.0
CNT002172,PO001961,NCC033,2025-10-28 21:29:58,2025-12-12 21:29:58,3901500.0,3901500.0,0.0
CNT002173,PO002004,NCC001,2025-10-28 00:28:07,2025-12-12 00:28:07,100193700.0,100193700.0,0.0
CNT002174,PO002406,NCC001,2025-11-01 00:28:57,2025-12-16 00:28:57,40031400.0,40031400.0,0.0
CNT002175,PO002551,NCC034,2025-11-01 03:36:44,2025-12-16 03:36:44,17636200.0,13606600.0,4029600.0
CNT002176,PO000497,NCC015,2025-10-28 04:33:26,2025-12-12 04:33:26,105643000.0,33809900.0,71833100.0
CNT002177,PO001999,NCC043,2025-10-29 11:16:17,2025-12-13 11:16:17,451878800.0,163447700.0,288431100.0
CNT002178,PO000233,NCC014,2025-10-28 13:50:22,2025-12-12 13:50:22,22408200.0,22408200.0,0.0
CNT002179,PO000996,NCC028,2025-10-29 14:59:44,2025-12-13 14:59:44,2563600.0,2563600.0,0.0
CNT002180,PO000129,NCC013,2025-10-28 22:05:30,2025-12-12 22:05:30,72471000.0,72471000.0,0.0
CNT002181,PO000420,NCC029,2025-10-30 03:10:17,2025-12-14 03:10:17,2475900.0,1610600.0,865300.0
CNT002182,PO000924,NCC018,2025-10-29 15:22:45,2025-12-13 15:22:45,43322400.0,43322400.0,0.0
CNT002183,PO002460,NCC031,2025-11-01 22:26:24,2025-12-16 22:26:24,32799100.0,32799100.0,0.0
CNT002184,PO002965,NCC009,2025-11-03 02:29:29,2025-12-18 02:29:29,10791600.0,10520800.0,270800.0
CNT002185,PO001299,NCC032,2025-10-30 02:43:15,2025-12-14 02:43:15,83370000.0,83370000.0,0.0
CNT002186,PO001383,NCC024,2025-11-02 08:41:00,2025-12-17 08:41:00,11530400.0,11530400.0,0.0
CNT002187,PO003288,NCC040,2025-10-30 12:00:15,2025-12-14 12:00:15,25050400.0,25050400.0,0.0
CNT002188,PO001221,NCC019,2025-11-03 18:00:47,2025-12-18 18:00:47,24166800.0,24166800.0,0.0
CNT002189,PO000698,NCC038,2025-11-03 18:11:15,2025-12-18 18:11:15,234964500.0,234964500.0,0.0
CNT002190,PO003182,NCC037,2025-11-02 05:44:02,2025-12-17 05:44:02,4333400.0,4333400.0,0.0
CNT002191,PO001291,NCC029,2025-11-02 08:03:55,2025-12-17 08:03:55,98499800.0,98499800.0,0.0
CNT002192,PO003457,NCC015,2025-11-02 17:38:12,2025-12-17 17:38:12,380809200.0,380809200.0,0.0
CNT002193,PO001065,NCC034,2025-11-05 02:36:36,2025-12-20 02:36:36,23859600.0,23859600.0,0.0
CNT002194,PO000151,NCC038,2025-11-04 12:18:00,2025-12-19 12:18:00,1487400.0,166300.0,1321100.0
CNT002195,PO000727,NCC018,2025-11-01 17:35:15,2025-12-16 17:35:15,4198400.0,4198400.0,0.0
CNT002196,PO000636,NCC020,2025-11-02 17:47:58,2025-12-17 17:47:58,259660800.0,259660800.0,0.0
CNT002197,PO002463,NCC025,2025-11-03 02:51:51,2025-12-18 02:51:51,19404000.0,14618000.0,4786000.0
CNT002198,PO003312,NCC002,2025-11-04 04:58:17,2025-12-19 04:58:17,95896800.0,95896800.0,0.0
CNT002199,PO000628,NCC037,2025-11-06 05:46:11,2025-12-21 05:46:11,11429000.0,10579700.0,849300.0
CNT002200,PO001077,NCC016,2025-11-03 06:58:25,2025-12-18 06:58:25,409206700.0,409206700.0,0.0
CNT002201,PO000091,NCC034,2025-11-03 12:56:18,2025-12-18 12:56:18,46464500.0,7658900.0,38805600.0
CNT002202,PO000883,NCC007,2025-11-04 21:53:31,2025-12-19 21:53:31,77106600.0,1862300.0,75244300.0
CNT002203,PO001887,NCC040,2025-11-04 03:08:32,2025-12-19 03:08:32,7328400.0,6756300.0,572100.0
CNT002204,PO000601,NCC036,2025-11-04 03:57:33,2025-12-19 03:57:33,27556000.0,20055900.0,7500100.0
CNT002205,PO002631,NCC027,2025-11-07 16:07:06,2025-12-22 16:07:06,335286000.0,335286000.0,0.0
CNT002206,PO003053,NCC041,2025-11-07 00:21:23,2025-12-22 00:21:23,4026000.0,713900.0,3312100.0
CNT002207,PO001172,NCC017,2025-11-08 00:26:54,2025-12-23 00:26:54,35739700.0,35739700.0,0.0
CNT002208,PO002623,NCC032,2025-11-08 05:02:56,2025-12-23 05:02:56,108080000.0,108080000.0,0.0
CNT002209,PO000272,NCC006,2025-11-05 11:52:05,2025-12-20 11:52:05,119806400.0,119806400.0,0.0
CNT002210,PO000651,NCC021,2025-11-06 13:21:54,2025-12-21 13:21:54,1767300.0,1767300.0,0.0
CNT002211,PO002857,NCC017,2025-11-08 19:12:42,2025-12-23 19:12:42,196389600.0,161101800.0,35287800.0
CNT002212,PO000833,NCC037,2025-11-08 03:00:15,2025-12-23 03:00:15,65481000.0,65481000.0,0.0
CNT002213,PO000785,NCC017,2025-11-08 03:06:42,2025-12-23 03:06:42,13876900.0,9344000.0,4532900.0
CNT002214,PO001726,NCC024,2025-11-09 10:00:37,2025-12-24 10:00:37,32423100.0,32423100.0,0.0
CNT002215,PO000972,NCC024,2025-11-05 12:31:37,2025-12-20 12:31:37,98027400.0,14347600.0,83679800.0
CNT002216,PO001813,NCC008,2025-11-05 17:52:03,2025-12-20 17:52:03,6604500.0,6339700.0,264800.0
CNT002217,PO000700,NCC039,2025-11-07 19:53:09,2025-12-22 19:53:09,140471200.0,138293200.0,2178000.0
CNT002218,PO000733,NCC023,2025-11-06 00:21:20,2025-12-21 00:21:20,24142800.0,15311900.0,8830900.0
CNT002219,PO002169,NCC006,2025-11-10 01:30:01,2025-12-25 01:30:01,3341800.0,489900.0,2851900.0
CNT002220,PO000620,NCC033,2025-11-06 11:25:46,2025-12-21 11:25:46,98444800.0,98444800.0,0.0
CNT002221,PO003367,NCC022,2025-11-08 15:42:00,2025-12-23 15:42:00,66467700.0,66467700.0,0.0
CNT002222,PO002600,NCC022,2025-11-09 18:31:13,2025-12-24 18:31:13,21650500.0,19588000.0,2062500.0
CNT002223,PO001151,NCC013,2025-11-09 20:06:12,2025-12-24 20:06:12,57070800.0,43033100.0,14037700.0
CNT002224,PO001472,NCC007,2025-11-09 03:34:33,2025-12-24 03:34:33,45226100.0,45226100.0,0.0
CNT002225,PO002331,NCC019,2025-11-11 05:53:30,2025-12-26 05:53:30,58065800.0,58065800.0,0.0
CNT002226,PO000941,NCC006,2025-11-08 12:44:21,2025-12-23 12:44:21,67153800.0,67153800.0,0.0
CNT002227,PO001121,NCC034,2025-11-07 20:05:49,2025-12-22 20:05:49,67942800.0,67942800.0,0.0
CNT002228,PO001724,NCC020,2025-11-11 03:46:40,2025-12-26 03:46:40,26180000.0,10016600.0,16163400.0
CNT002229,PO003157,NCC015,2025-11-10 06:47:07,2025-12-25 06:47:07,9135000.0,9135000.0,0.0
CNT002230,PO000253,NCC036,2025-11-12 12:03:46,2025-12-27 12:03:46,27144000.0,21495600.0,5648400.0
CNT002231,PO001400,NCC010,2025-11-09 12:04:14,2025-12-24 12:04:14,815683500.0,478953400.0,336730100.0
CNT002232,PO003006,NCC007,2025-11-09 01:58:31,2025-12-24 01:58:31,92119200.0,92119200.0,0.0
CNT002233,PO000076,NCC023,2025-11-12 04:00:50,2025-12-27 04:00:50,98627400.0,98627400.0,0.0
CNT002234,PO000507,NCC018,2025-11-11 08:17:35,2025-12-26 08:17:35,62922300.0,62922300.0,0.0
CNT002235,PO002162,NCC003,2025-11-10 08:32:25,2025-12-25 08:32:25,17038700.0,13350700.0,3688000.0
CNT002236,PO000764,NCC018,2025-11-13 00:50:49,2025-12-28 00:50:49,42310500.0,42310500.0,0.0
CNT002237,PO002764,NCC018,2025-11-14 02:02:09,2025-12-29 02:02:09,67957500.0,67957500.0,0.0
CNT002238,PO003159,NCC012,2025-11-12 02:41:54,2025-12-27 02:41:54,238062000.0,238062000.0,0.0
CNT002239,PO000357,NCC041,2025-11-11 14:33:35,2025-12-26 14:33:35,464640000.0,464640000.0,0.0
CNT002240,PO001692,NCC008,2025-11-12 20:24:00,2025-12-27 20:24:00,32178300.0,32178300.0,0.0
CNT002241,PO002702,NCC011,2025-11-14 20:39:28,2025-12-29 20:39:28,151351500.0,151351500.0,0.0
CNT002242,PO001278,NCC040,2025-11-12 02:50:32,2025-12-27 02:50:32,421610000.0,421610000.0,0.0
CNT002243,PO002855,NCC008,2025-11-11 11:11:38,2025-12-26 11:11:38,104177000.0,83975800.0,20201200.0
CNT002244,PO002233,NCC001,2025-11-14 14:24:40,2025-12-29 14:24:40,68295800.0,68295800.0,0.0
CNT002245,PO000254,NCC021,2025-11-11 15:25:08,2025-12-26 15:25:08,14619600.0,11200500.0,3419100.0
CNT002246,PO002873,NCC012,2025-11-12 16:51:34,2025-12-27 16:51:34,189134400.0,169106700.0,20027700.0
CNT002247,PO000258,NCC039,2025-11-12 19:05:53,2025-12-27 19:05:53,6074200.0,2026700.0,4047500.0
CNT002248,PO000931,NCC001,2025-11-12 20:53:06,2025-12-27 20:53:06,15490100.0,15490100.0,0.0
CNT002249,PO000569,NCC033,2025-11-13 23:29:27,2025-12-28 23:29:27,69309000.0,69309000.0,0.0
CNT002250,PO002489,NCC027,2025-11-12 07:04:39,2025-12-27 07:04:39,109792800.0,28293200.0,81499600.0
CNT002251,PO002727,NCC008,2025-11-12 14:09:52,2025-12-27 14:09:52,27820000.0,9705900.0,18114100.0
CNT002252,PO000346,NCC006,2025-11-12 14:33:30,2025-12-27 14:33:30,527846200.0,527846200.0,0.0
CNT002253,PO003266,NCC006,2025-11-15 14:50:49,2025-12-30 14:50:49,45628800.0,45628800.0,0.0
CNT002254,PO001051,NCC021,2025-11-12 20:09:51,2025-12-27 20:09:51,18031600.0,5005800.0,13025800.0
CNT002255,PO002665,NCC042,2025-11-15 21:10:54,2025-12-30 21:10:54,30769200.0,30769200.0,0.0
CNT002256,PO002987,NCC044,2025-11-18 01:17:07,2026-01-02 01:17:07,144872500.0,42122600.0,102749900.0
CNT002257,PO003192,NCC019,2025-11-15 03:51:03,2025-12-30 03:51:03,86291400.0,9770600.0,76520800.0
CNT002258,PO000995,NCC044,2025-11-18 13:56:49,2026-01-02 13:56:49,40495000.0,40495000.0,0.0
CNT002259,PO000147,NCC032,2025-11-16 16:13:20,2025-12-31 16:13:20,52347100.0,28244000.0,24103100.0
CNT002260,PO002777,NCC031,2025-11-14 17:52:40,2025-12-29 17:52:40,26092400.0,26092400.0,0.0
CNT002261,PO003238,NCC037,2025-11-17 18:55:19,2026-01-01 18:55:19,77662000.0,39562800.0,38099200.0
CNT002262,PO002947,NCC045,2025-11-14 20:48:38,2025-12-29 20:48:38,46239200.0,46239200.0,0.0
CNT002263,PO000987,NCC008,2025-11-17 06:54:30,2026-01-01 06:54:30,63176900.0,63176900.0,0.0
CNT002264,PO003422,NCC038,2025-11-20 09:52:37,2026-01-04 09:52:37,466992000.0,280803100.0,186188900.0
CNT002265,PO002640,NCC030,2025-11-20 10:51:11,2026-01-04 10:51:11,208255300.0,208255300.0,0.0
CNT002266,PO001391,NCC017,2025-11-17 15:41:02,2026-01-01 15:41:02,276816000.0,110683500.0,166132500.0
CNT002267,PO001917,NCC038,2025-11-20 19:06:19,2026-01-04 19:06:19,27311000.0,27311000.0,0.0
CNT002268,PO000902,NCC040,2025-11-18 21:37:57,2026-01-02 21:37:57,24497100.0,24497100.0,0.0
CNT002269,PO001302,NCC026,2025-11-19 21:49:47,2026-01-03 21:49:47,162061200.0,162061200.0,0.0
CNT002270,PO001845,NCC025,2025-11-19 02:03:11,2026-01-03 02:03:11,53648200.0,24171900.0,29476300.0
CNT002271,PO003375,NCC022,2025-11-19 05:26:21,2026-01-03 05:26:21,15147000.0,15147000.0,0.0
CNT002272,PO001024,NCC037,2025-11-21 15:14:36,2026-01-05 15:14:36,45938000.0,17550900.0,28387100.0
CNT002273,PO002427,NCC031,2025-11-20 22:24:02,2026-01-04 22:24:02,358230600.0,358230600.0,0.0
CNT002274,PO002302,NCC039,2025-11-20 00:28:30,2026-01-04 00:28:30,24505900.0,24505900.0,0.0
CNT002275,PO003031,NCC007,2025-11-19 01:47:44,2026-01-03 01:47:44,516906000.0,151152700.0,365753300.0
CNT002276,PO002426,NCC033,2025-11-20 18:26:55,2026-01-04 18:26:55,6191500.0,6191500.0,0.0
CNT002277,PO003189,NCC024,2025-11-22 19:25:28,2026-01-06 19:25:28,259790000.0,259790000.0,0.0
CNT002278,PO002404,NCC040,2025-11-19 02:54:28,2026-01-03 02:54:28,87906600.0,11442800.0,76463800.0
CNT002279,PO000919,NCC022,2025-11-22 04:35:28,2026-01-06 04:35:28,42532000.0,42207500.0,324500.0
CNT002280,PO003151,NCC043,2025-11-21 09:22:42,2026-01-05 09:22:42,69763200.0,60840800.0,8922400.0
CNT002281,PO000207,NCC025,2025-11-21 13:48:01,2026-01-05 13:48:01,292950000.0,161284700.0,131665300.0
CNT002282,PO002594,NCC028,2025-11-21 08:43:56,2026-01-05 08:43:56,58749200.0,58749200.0,0.0
CNT002283,PO002428,NCC010,2025-11-24 02:10:25,2026-01-08 02:10:25,19430400.0,11644000.0,7786400.0
CNT002284,PO002871,NCC032,2025-11-25 04:37:37,2026-01-09 04:37:37,58586100.0,43622500.0,14963600.0
CNT002285,PO000268,NCC015,2025-11-21 12:20:17,2026-01-05 12:20:17,122185800.0,81287600.0,40898200.0
CNT002286,PO001872,NCC012,2025-11-21 15:21:14,2026-01-05 15:21:14,30626100.0,30626100.0,0.0
CNT002287,PO003494,NCC023,2025-11-24 16:33:37,2026-01-08 16:33:37,89318000.0,11292300.0,78025700.0
CNT002288,PO000055,NCC035,2025-11-24 20:08:34,2026-01-08 20:08:34,19149600.0,14633300.0,4516300.0
CNT002289,PO000159,NCC032,2025-11-22 00:24:36,2026-01-06 00:24:36,191513400.0,191513400.0,0.0
CNT002290,PO000948,NCC023,2025-11-26 02:05:56,2026-01-10 02:05:56,7574800.0,6332400.0,1242400.0
CNT002291,PO001170,NCC025,2025-11-24 09:32:09,2026-01-08 09:32:09,3843000.0,3843000.0,0.0
CNT002292,PO001998,NCC042,2025-11-26 18:36:30,2026-01-10 18:36:30,20363400.0,19110400.0,1253000.0
CNT002293,PO003396,NCC005,2025-11-26 21:24:16,2026-01-10 21:24:16,90915000.0,16657200.0,74257800.0
CNT002294,PO003145,NCC023,2025-11-25 23:33:07,2026-01-09 23:33:07,25937600.0,25937600.0,0.0
CNT002295,PO001367,NCC003,2025-11-23 02:42:01,2026-01-07 02:42:01,16095000.0,2728800.0,13366200.0
CNT002296,PO003463,NCC034,2025-11-27 07:52:26,2026-01-11 07:52:26,24988800.0,24988800.0,0.0
CNT002297,PO002274,NCC019,2025-11-23 09:36:28,2026-01-07 09:36:28,82942200.0,82942200.0,0.0
CNT002298,PO000110,NCC014,2025-11-23 10:03:54,2026-01-07 10:03:54,8593500.0,8593500.0,0.0
CNT002299,PO000459,NCC045,2025-11-23 20:16:46,2026-01-07 20:16:46,81581100.0,81581100.0,0.0
CNT002300,PO003283,NCC003,2025-11-28 07:33:51,2026-01-12 07:33:51,276060000.0,244875900.0,31184100.0
CNT002301,PO001318,NCC038,2025-11-28 18:00:47,2026-01-12 18:00:47,1749600.0,624300.0,1125300.0
CNT002302,PO002448,NCC013,2025-11-26 02:21:03,2026-01-10 02:21:03,256467000.0,256467000.0,0.0
CNT002303,PO002964,NCC035,2025-11-26 06:03:35,2026-01-10 06:03:35,31942900.0,31942900.0,0.0
CNT002304,PO002396,NCC023,2025-11-26 06:28:01,2026-01-10 06:28:01,65929500.0,43836800.0,22092700.0
CNT002305,PO000058,NCC015,2025-11-27 13:21:59,2026-01-11 13:21:59,14385600.0,9989200.0,4396400.0
CNT002306,PO002114,NCC037,2025-11-29 14:44:06,2026-01-13 14:44:06,35670000.0,5587500.0,30082500.0
CNT002307,PO001222,NCC035,2025-11-29 18:00:50,2026-01-13 18:00:50,149227700.0,149227700.0,0.0
CNT002308,PO001179,NCC044,2025-11-30 01:02:39,2026-01-14 01:02:39,3203900.0,777200.0,2426700.0
CNT002309,PO003308,NCC030,2025-11-26 03:22:58,2026-01-10 03:22:58,39826600.0,39826600.0,0.0
CNT002310,PO003453,NCC015,2025-11-30 07:55:50,2026-01-14 07:55:50,10084200.0,10084200.0,0.0
CNT002311,PO002219,NCC039,2025-11-30 11:37:48,2026-01-14 11:37:48,16601400.0,774900.0,15826500.0
CNT002312,PO003429,NCC044,2025-11-29 14:51:51,2026-01-13 14:51:51,120888000.0,120888000.0,0.0
CNT002313,PO001550,NCC027,2025-11-30 16:45:11,2026-01-14 16:45:11,35370000.0,21651700.0,13718300.0
CNT002314,PO000281,NCC012,2025-11-29 18:23:10,2026-01-13 18:23:10,396637800.0,137932800.0,258705000.0
CNT002315,PO001760,NCC019,2025-11-30 20:47:11,2026-01-14 20:47:11,22914600.0,22914600.0,0.0
CNT002316,PO001941,NCC038,2025-11-27 09:49:20,2026-01-11 09:49:20,32073600.0,29476900.0,2596700.0
CNT002317,PO001084,NCC029,2025-11-29 10:52:37,2026-01-13 10:52:37,48403000.0,47259800.0,1143200.0
CNT002318,PO001970,NCC032,2025-12-01 11:32:47,2026-01-15 11:32:47,108808000.0,108808000.0,0.0
CNT002319,PO000069,NCC015,2025-11-27 13:23:12,2026-01-11 13:23:12,19563600.0,11617000.0,7946600.0
CNT002320,PO000464,NCC042,2025-11-27 19:54:40,2026-01-11 19:54:40,10136000.0,2817900.0,7318100.0
CNT002321,PO001519,NCC009,2025-11-29 20:19:27,2026-01-13 20:19:27,59768100.0,59768100.0,0.0
CNT002322,PO000005,NCC039,2025-12-01 20:32:29,2026-01-15 20:32:29,24130400.0,2555300.0,21575100.0
CNT002323,PO000192,NCC035,2025-11-29 06:58:05,2026-01-13 06:58:05,521831200.0,521831200.0,0.0
CNT002324,PO000111,NCC003,2025-11-29 10:52:02,2026-01-13 10:52:02,392554800.0,392554800.0,0.0
CNT002325,PO001584,NCC007,2025-11-30 11:23:53,2026-01-14 11:23:53,36685000.0,23887100.0,12797900.0
CNT002326,PO001271,NCC024,2025-11-30 16:09:50,2026-01-14 16:09:50,30353600.0,30353600.0,0.0
CNT002327,PO000332,NCC001,2025-12-01 16:41:22,2026-01-15 16:41:22,9164700.0,3095600.0,6069100.0
CNT002328,PO000586,NCC007,2025-12-02 19:03:04,2026-01-16 19:03:04,174260000.0,62515800.0,111744200.0
CNT002329,PO000788,NCC042,2025-11-30 05:25:07,2026-01-14 05:25:07,4712400.0,1859800.0,2852600.0
CNT002330,PO003223,NCC041,2025-11-30 09:34:44,2026-01-14 09:34:44,317651500.0,195027600.0,122623900.0
CNT002331,PO002113,NCC040,2025-11-29 11:19:07,2026-01-13 11:19:07,9495000.0,3422500.0,6072500.0
CNT002332,PO001067,NCC014,2025-12-02 14:20:49,2026-01-16 14:20:49,51352400.0,39011700.0,12340700.0
CNT002333,PO003081,NCC038,2025-12-03 19:02:37,2026-01-17 19:02:37,104458200.0,104458200.0,0.0
CNT002334,PO000990,NCC030,2025-12-02 06:25:06,2026-01-16 06:25:06,41565600.0,5254500.0,36311100.0
CNT002335,PO000579,NCC005,2025-12-03 14:45:50,2026-01-17 14:45:50,51736000.0,51736000.0,0.0
CNT002336,PO003294,NCC020,2025-12-03 23:46:29,2026-01-17 23:46:29,303324000.0,303324000.0,0.0
CNT002337,PO002555,NCC032,2025-12-05 01:30:21,2026-01-19 01:30:21,56180800.0,56180800.0,0.0
CNT002338,PO001624,NCC013,2025-12-02 15:57:30,2026-01-16 15:57:30,222971000.0,1696200.0,221274800.0
CNT002339,PO003042,NCC030,2025-12-04 08:13:56,2026-01-18 08:13:56,8634600.0,8634600.0,0.0
CNT002340,PO000164,NCC019,2025-12-06 11:08:45,2026-01-20 11:08:45,34496000.0,34496000.0,0.0
CNT002341,PO002210,NCC044,2025-12-03 18:34:10,2026-01-17 18:34:10,47108400.0,47108400.0,0.0
CNT002342,PO002978,NCC034,2025-12-04 01:43:36,2026-01-18 01:43:36,18508000.0,18508000.0,0.0
CNT002343,PO002124,NCC020,2025-12-05 08:43:45,2026-01-19 08:43:45,24375400.0,24375400.0,0.0
CNT002344,PO000116,NCC031,2025-12-05 09:32:11,2026-01-19 09:32:11,43961900.0,25711400.0,18250500.0
CNT002345,PO003365,NCC007,2025-12-07 13:18:37,2026-01-21 13:18:37,28265900.0,28265900.0,0.0
CNT002346,PO003289,NCC014,2025-12-07 02:09:31,2026-01-21 02:09:31,15982800.0,15932000.0,50800.0
CNT002347,PO000816,NCC016,2025-12-07 07:34:11,2026-01-21 07:34:11,13360400.0,13360400.0,0.0
CNT002348,PO003244,NCC040,2025-12-04 14:05:12,2026-01-18 14:05:12,313761000.0,313761000.0,0.0
CNT002349,PO002895,NCC008,2025-12-07 20:02:22,2026-01-21 20:02:22,396536400.0,285258600.0,111277800.0
CNT002350,PO002656,NCC001,2025-12-07 09:00:09,2026-01-21 09:00:09,15275900.0,15275900.0,0.0
CNT002351,PO001516,NCC013,2025-12-08 16:25:04,2026-01-22 16:25:04,110551600.0,110551600.0,0.0
CNT002352,PO003351,NCC001,2025-12-05 19:15:20,2026-01-19 19:15:20,95450700.0,7993700.0,87457000.0
CNT002353,PO002498,NCC025,2025-12-07 19:22:17,2026-01-21 19:22:17,15912000.0,15912000.0,0.0
CNT002354,PO002102,NCC039,2025-12-07 02:09:16,2026-01-21 02:09:16,29206800.0,29206800.0,0.0
CNT002355,PO001301,NCC008,2025-12-07 06:29:48,2026-01-21 06:29:48,251152600.0,251152600.0,0.0
CNT002356,PO003136,NCC004,2025-12-07 07:42:02,2026-01-21 07:42:02,37303200.0,37303200.0,0.0
CNT002357,PO001989,NCC012,2025-12-06 08:41:40,2026-01-20 08:41:40,29187000.0,29187000.0,0.0
CNT002358,PO002601,NCC037,2025-12-08 09:35:27,2026-01-22 09:35:27,68422600.0,40981500.0,27441100.0
CNT002359,PO002633,NCC040,2025-12-06 11:33:28,2026-01-20 11:33:28,18563500.0,18563500.0,0.0
CNT002360,PO000522,NCC026,2025-12-09 13:51:48,2026-01-23 13:51:48,50540400.0,50540400.0,0.0
CNT002361,PO003285,NCC001,2025-12-08 16:52:53,2026-01-22 16:52:53,14675500.0,7044900.0,7630600.0
CNT002362,PO003215,NCC010,2025-12-08 19:09:25,2026-01-22 19:09:25,42636000.0,42636000.0,0.0
CNT002363,PO001040,NCC011,2025-12-09 09:49:38,2026-01-23 09:49:38,8841000.0,8841000.0,0.0
CNT002364,PO001090,NCC003,2025-12-09 20:19:38,2026-01-23 20:19:38,130713000.0,94440200.0,36272800.0
CNT002365,PO000704,NCC001,2025-12-07 23:59:44,2026-01-21 23:59:44,86538600.0,86538600.0,0.0
CNT002366,PO002116,NCC019,2025-12-08 10:28:58,2026-01-22 10:28:58,122638300.0,122638300.0,0.0
CNT002367,PO001231,NCC018,2025-12-09 11:13:17,2026-01-23 11:13:17,18600000.0,17629800.0,970200.0
CNT002368,PO000109,NCC024,2025-12-12 15:54:23,2026-01-26 15:54:23,37566400.0,2996700.0,34569700.0
CNT002369,PO001210,NCC019,2025-12-12 20:24:18,2026-01-26 20:24:18,411765600.0,411765600.0,0.0
CNT002370,PO000818,NCC034,2025-12-09 01:08:04,2026-01-23 01:08:04,22086400.0,14842800.0,7243600.0
CNT002371,PO003179,NCC038,2025-12-14 04:27:47,2026-01-28 04:27:47,105932200.0,105932200.0,0.0
CNT002372,PO002607,NCC038,2025-12-14 09:02:55,2026-01-28 09:02:55,17821000.0,17821000.0,0.0
CNT002373,PO002754,NCC041,2025-12-12 11:48:43,2026-01-26 11:48:43,2639000.0,2639000.0,0.0
CNT002374,PO003446,NCC015,2025-12-12 16:03:56,2026-01-26 16:03:56,81583500.0,81583500.0,0.0
CNT002375,PO002156,NCC032,2025-12-11 14:12:23,2026-01-25 14:12:23,6141000.0,6141000.0,0.0
CNT002376,PO001621,NCC007,2025-12-13 21:12:40,2026-01-27 21:12:40,66783000.0,6518500.0,60264500.0
CNT002377,PO002976,NCC004,2025-12-15 04:30:47,2026-01-29 04:30:47,45317200.0,19527100.0,25790100.0
CNT002378,PO001083,NCC032,2025-12-16 05:07:54,2026-01-30 05:07:54,60991200.0,50767800.0,10223400.0
CNT002379,PO003464,NCC012,2025-12-16 07:52:50,2026-01-30 07:52:50,5611500.0,5611500.0,0.0
CNT002380,PO002878,NCC011,2025-12-15 13:43:18,2026-01-29 13:43:18,180526500.0,123822600.0,56703900.0
CNT002381,PO003183,NCC030,2025-12-13 02:41:39,2026-01-27 02:41:39,95520200.0,36741300.0,58778900.0
CNT002382,PO000452,NCC044,2025-12-16 04:29:11,2026-01-30 04:29:11,35910000.0,35910000.0,0.0
CNT002383,PO002838,NCC018,2025-12-16 07:29:19,2026-01-30 07:29:19,50809600.0,50809600.0,0.0
CNT002384,PO000461,NCC008,2025-12-15 08:18:34,2026-01-29 08:18:34,7560000.0,7560000.0,0.0
CNT002385,PO002414,NCC021,2025-12-13 15:19:50,2026-01-27 15:19:50,76388400.0,76388400.0,0.0
CNT002386,PO002793,NCC042,2025-12-18 02:09:50,2026-02-01 02:09:50,25234000.0,25234000.0,0.0
CNT002387,PO001962,NCC035,2025-12-15 10:24:51,2026-01-29 10:24:51,639883400.0,95258100.0,544625300.0
CNT002388,PO002144,NCC002,2025-12-15 00:43:06,2026-01-29 00:43:06,20235000.0,20235000.0,0.0
CNT002389,PO000508,NCC040,2025-12-16 19:18:32,2026-01-30 19:18:32,80136000.0,80136000.0,0.0
CNT002390,PO000136,NCC031,2025-12-19 22:14:24,2026-02-02 22:14:24,77397600.0,13751900.0,63645700.0
CNT002391,PO000495,NCC027,2025-12-18 01:37:56,2026-02-01 01:37:56,9044000.0,9044000.0,0.0
CNT002392,PO002758,NCC008,2025-12-16 02:40:24,2026-01-30 02:40:24,16261900.0,9254300.0,7007600.0
CNT002393,PO002099,NCC037,2025-12-17 14:50:02,2026-01-31 14:50:02,396798800.0,396798800.0,0.0
CNT002394,PO001711,NCC021,2025-12-20 21:06:59,2026-02-03 21:06:59,4485000.0,4485000.0,0.0
CNT002395,PO002321,NCC044,2025-12-16 22:23:42,2026-01-30 22:23:42,39452400.0,39452400.0,0.0
CNT002396,PO001380,NCC029,2025-12-17 05:10:25,2026-01-31 05:10:25,51855600.0,51855600.0,0.0
CNT002397,PO000837,NCC013,2025-12-19 12:26:25,2026-02-02 12:26:25,62462900.0,41067600.0,21395300.0
CNT002398,PO001703,NCC037,2025-12-19 15:29:00,2026-02-02 15:29:00,41205600.0,41205600.0,0.0
CNT002399,PO003262,NCC019,2025-12-21 18:47:57,2026-02-04 18:47:57,55386800.0,55386800.0,0.0
CNT002400,PO002036,NCC023,2025-12-19 22:04:09,2026-02-02 22:04:09,35419200.0,22457900.0,12961300.0
CNT002401,PO001320,NCC038,2025-12-18 10:00:35,2026-02-01 10:00:35,26836700.0,26836700.0,0.0
CNT002402,PO002225,NCC029,2025-12-21 17:47:19,2026-02-04 17:47:19,67045500.0,51566200.0,15479300.0
CNT002403,PO002343,NCC029,2025-12-23 01:09:52,2026-02-06 01:09:52,23241200.0,23241200.0,0.0
CNT002404,PO002724,NCC016,2025-12-19 04:30:44,2026-02-02 04:30:44,11908800.0,5906300.0,6002500.0
CNT002405,PO001014,NCC003,2025-12-23 04:34:25,2026-02-06 04:34:25,2313500.0,2313500.0,0.0
CNT002406,PO003102,NCC043,2025-12-23 05:15:30,2026-02-06 05:15:30,7822000.0,7822000.0,0.0
CNT002407,PO000626,NCC039,2025-12-19 09:49:00,2026-02-02 09:49:00,163060200.0,163060200.0,0.0
CNT002408,PO000942,NCC006,2025-12-23 13:45:18,2026-02-06 13:45:18,40758400.0,15131400.0,25627000.0
CNT002409,PO002776,NCC016,2025-12-19 14:12:16,2026-02-02 14:12:16,34694000.0,14716100.0,19977900.0
CNT002410,PO001647,NCC039,2025-12-20 15:48:02,2026-02-03 15:48:02,63081500.0,63081500.0,0.0
CNT002411,PO000434,NCC011,2025-12-19 16:28:21,2026-02-02 16:28:21,59674200.0,18694300.0,40979900.0
CNT002412,PO001855,NCC026,2025-12-22 04:47:41,2026-02-05 04:47:41,6246000.0,6246000.0,0.0
CNT002413,PO003436,NCC029,2025-12-20 05:35:32,2026-02-03 05:35:32,21890000.0,21890000.0,0.0
CNT002414,PO001599,NCC016,2025-12-21 06:02:39,2026-02-04 06:02:39,27477000.0,16440800.0,11036200.0
CNT002415,PO001795,NCC015,2025-12-23 08:53:55,2026-02-06 08:53:55,86367400.0,86367400.0,0.0
CNT002416,PO001837,NCC031,2025-12-21 13:27:11,2026-02-04 13:27:11,55575000.0,55575000.0,0.0
CNT002417,PO000836,NCC019,2025-12-23 15:59:49,2026-02-06 15:59:49,613360000.0,568971800.0,44388200.0
CNT002418,PO000309,NCC043,2025-12-24 17:59:52,2026-02-07 17:59:52,90548500.0,56850700.0,33697800.0
CNT002419,PO001826,NCC023,2025-12-23 19:44:31,2026-02-06 19:44:31,1483500.0,1483500.0,0.0
CNT002420,PO002375,NCC008,2025-12-20 20:17:10,2026-02-03 20:17:10,146730800.0,146730800.0,0.0
CNT002421,PO001702,NCC031,2025-12-20 23:19:24,2026-02-03 23:19:24,11320800.0,11320800.0,0.0
CNT002422,PO001276,NCC011,2025-12-24 01:51:28,2026-02-07 01:51:28,13462400.0,13462400.0,0.0
CNT002423,PO002018,NCC007,2025-12-23 13:40:52,2026-02-06 13:40:52,10872400.0,10872400.0,0.0
CNT002424,PO002222,NCC001,2025-12-22 15:34:26,2026-02-05 15:34:26,53676000.0,89400.0,53586600.0
CNT002425,PO000631,NCC013,2025-12-22 16:31:43,2026-02-05 16:31:43,30516400.0,30516400.0,0.0
CNT002426,PO001119,NCC031,2025-12-24 18:31:27,2026-02-07 18:31:27,35996600.0,33261600.0,2735000.0
CNT002427,PO002350,NCC028,2025-12-25 18:57:46,2026-02-08 18:57:46,206529000.0,95541700.0,110987300.0
CNT002428,PO000544,NCC012,2025-12-21 21:34:05,2026-02-04 21:34:05,51521400.0,36828500.0,14692900.0
CNT002429,PO000107,NCC030,2025-12-24 08:22:07,2026-02-07 08:22:07,152783700.0,152783700.0,0.0
CNT002430,PO002030,NCC007,2025-12-22 17:08:43,2026-02-05 17:08:43,78593400.0,57603800.0,20989600.0
CNT002431,PO001082,NCC018,2025-12-23 19:39:16,2026-02-06 19:39:16,7798800.0,2594500.0,5204300.0
CNT002432,PO002420,NCC021,2025-12-24 20:08:42,2026-02-07 20:08:42,9373200.0,9373200.0,0.0
CNT002433,PO002667,NCC034,2025-12-23 23:06:53,2026-02-06 23:06:53,11058500.0,11058500.0,0.0
CNT002434,PO000817,NCC023,2025-12-24 07:13:37,2026-02-07 07:13:37,31350400.0,31350400.0,0.0
CNT002435,PO001137,NCC039,2025-12-27 19:25:16,2026-02-10 19:25:16,3227300.0,3227300.0,0.0
CNT002436,PO001767,NCC017,2025-12-26 22:18:48,2026-02-09 22:18:48,6787800.0,6787800.0,0.0
CNT002437,PO000106,NCC037,2025-12-25 03:08:53,2026-02-08 03:08:53,19344600.0,14675700.0,4668900.0
CNT002438,PO000575,NCC039,2025-12-26 14:55:06,2026-02-09 14:55:06,5553300.0,4298300.0,1255000.0
CNT002439,PO001109,NCC045,2025-12-28 16:48:09,2026-02-11 16:48:09,325753600.0,325753600.0,0.0
CNT002440,PO002365,NCC012,2025-12-28 17:13:57,2026-02-11 17:13:57,20034000.0,16150800.0,3883200.0
CNT002441,PO002998,NCC023,2025-12-28 20:56:18,2026-02-11 20:56:18,588965000.0,588965000.0,0.0
CNT002442,PO001907,NCC031,2025-12-26 22:55:30,2026-02-09 22:55:30,464115600.0,214552100.0,249563500.0
CNT002443,PO001665,NCC005,2025-12-26 00:22:05,2026-02-09 00:22:05,36738000.0,23059600.0,13678400.0
CNT002444,PO002918,NCC008,2025-12-28 12:46:24,2026-02-11 12:46:24,26942600.0,19217300.0,7725300.0
CNT002445,PO003420,NCC016,2025-12-25 14:44:37,2026-02-08 14:44:37,11144000.0,11144000.0,0.0
CNT002446,PO002833,NCC011,2025-12-29 01:24:29,2026-02-12 01:24:29,150319400.0,104648300.0,45671100.0
CNT002447,PO000199,NCC036,2025-12-29 01:44:32,2026-02-12 01:44:32,6894000.0,6894000.0,0.0
CNT002448,PO002874,NCC033,2025-12-26 05:43:50,2026-02-09 05:43:50,9860400.0,9860400.0,0.0
CNT002449,PO000597,NCC016,2025-12-29 11:47:19,2026-02-12 11:47:19,464265000.0,464265000.0,0.0
CNT002450,PO002590,NCC030,2025-12-27 11:55:11,2026-02-10 11:55:11,569060000.0,569060000.0,0.0
CNT002451,PO002804,NCC023,2025-12-28 13:36:56,2026-02-11 13:36:56,21667500.0,21667500.0,0.0
CNT002452,PO000991,NCC027,2025-12-28 20:40:09,2026-02-11 20:40:09,60181800.0,60181800.0,0.0
CNT002453,PO001193,NCC024,2025-12-30 21:32:08,2026-02-13 21:32:08,3109300.0,3109300.0,0.0
CNT002454,PO002778,NCC007,2025-12-31 01:45:33,2026-02-14 01:45:33,37440000.0,23140300.0,14299700.0
CNT002455,PO002606,NCC004,2025-12-29 01:46:03,2026-02-12 01:46:03,15450400.0,15450400.0,0.0
CNT002456,PO000581,NCC027,2025-12-29 03:22:16,2026-02-12 03:22:16,36832800.0,36832800.0,0.0
CNT002457,PO001288,NCC004,2025-12-31 08:01:38,2026-02-14 08:01:38,27084400.0,27084400.0,0.0
CNT002458,PO002536,NCC008,2025-12-28 19:12:44,2026-02-11 19:12:44,19250100.0,15830000.0,3420100.0
CNT002459,PO001503,NCC018,2025-12-29 19:52:18,2026-02-12 19:52:18,54448000.0,34254000.0,20194000.0
CNT002460,PO003227,NCC022,2025-12-31 01:34:58,2026-02-14 01:34:58,101516000.0,28419900.0,73096100.0
CNT002461,PO002815,NCC013,2025-12-30 04:46:58,2026-02-13 04:46:58,73840900.0,50481700.0,23359200.0
CNT002462,PO001727,NCC001,2025-12-28 07:40:02,2026-02-11 07:40:02,145220000.0,145220000.0,0.0
CNT002463,PO001022,NCC035,2025-12-30 10:41:09,2026-02-13 10:41:09,11102000.0,7276500.0,3825500.0
CNT002464,PO000089,NCC042,2025-12-29 18:46:13,2026-02-12 18:46:13,286748000.0,286748000.0,0.0
CNT002465,PO003119,NCC034,2025-12-30 22:25:12,2026-02-13 22:25:12,5238300.0,5238300.0,0.0
CNT002466,PO003166,NCC035,2025-12-31 07:46:46,2026-02-14 07:46:46,473947500.0,21616400.0,452331100.0
CNT002467,PO000799,NCC019,2025-12-30 23:59:51,2026-02-13 23:59:51,16869600.0,16869600.0,0.0
CNT002468,PO002500,NCC026,2026-01-02 02:02:20,2026-02-16 02:02:20,35379300.0,34039200.0,1340100.0
CNT002469,PO001235,NCC015,2025-12-31 12:37:19,2026-02-14 12:37:19,110105600.0,20710800.0,89394800.0
CNT002470,PO002158,NCC028,2025-12-30 20:15:58,2026-02-13 20:15:58,41176800.0,41176800.0,0.0
CNT002471,PO001145,NCC033,2026-01-03 23:01:37,2026-02-17 23:01:37,29580000.0,29580000.0,0.0
CNT002472,PO003450,NCC026,2026-01-01 14:43:20,2026-02-15 14:43:20,67061500.0,67061500.0,0.0
CNT002473,PO003000,NCC017,2026-01-03 21:08:24,2026-02-17 21:08:24,36922300.0,36922300.0,0.0
CNT002474,PO000886,NCC017,2026-01-01 21:55:42,2026-02-15 21:55:42,74097900.0,74097900.0,0.0
CNT002475,PO002582,NCC025,2026-01-03 00:40:29,2026-02-17 00:40:29,107253100.0,1100200.0,106152900.0
CNT002476,PO002178,NCC001,2026-01-04 04:01:20,2026-02-18 04:01:20,5358000.0,747600.0,4610400.0
CNT002477,PO000541,NCC016,2026-01-01 20:27:30,2026-02-15 20:27:30,168417500.0,157522100.0,10895400.0
CNT002478,PO000845,NCC004,2026-01-06 12:16:48,2026-02-20 12:16:48,35978600.0,26291600.0,9687000.0
CNT002479,PO002694,NCC014,2026-01-02 16:47:04,2026-02-16 16:47:04,18837000.0,18837000.0,0.0
CNT002480,PO003405,NCC026,2026-01-02 17:30:27,2026-02-16 17:30:27,20026000.0,14935900.0,5090100.0
CNT002481,PO000460,NCC033,2026-01-05 19:58:12,2026-02-19 19:58:12,113657100.0,113657100.0,0.0
CNT002482,PO002006,NCC024,2026-01-02 22:58:19,2026-02-16 22:58:19,45119700.0,45119700.0,0.0
CNT002483,PO002628,NCC009,2026-01-03 23:26:14,2026-02-17 23:26:14,113871100.0,113871100.0,0.0
CNT002484,PO000515,NCC035,2026-01-05 23:51:43,2026-02-19 23:51:43,18211200.0,17284800.0,926400.0
CNT002485,PO002364,NCC033,2026-01-07 00:56:08,2026-02-21 00:56:08,46116000.0,46116000.0,0.0
CNT002486,PO001337,NCC022,2026-01-05 10:48:27,2026-02-19 10:48:27,12762900.0,12762900.0,0.0
CNT002487,PO000549,NCC008,2026-01-07 19:11:31,2026-02-21 19:11:31,423977400.0,288408700.0,135568700.0
CNT002488,PO003018,NCC011,2026-01-04 07:28:19,2026-02-18 07:28:19,210207900.0,204267000.0,5940900.0
CNT002489,PO003466,NCC004,2026-01-07 08:21:21,2026-02-21 08:21:21,24213600.0,24213600.0,0.0
CNT002490,PO001396,NCC038,2026-01-08 14:39:20,2026-02-22 14:39:20,67836800.0,67836800.0,0.0
CNT002491,PO002324,NCC027,2026-01-07 20:28:34,2026-02-21 20:28:34,7591900.0,1948000.0,5643900.0
CNT002492,PO000670,NCC041,2026-01-07 03:53:35,2026-02-21 03:53:35,130831800.0,130831800.0,0.0
CNT002493,PO001229,NCC030,2026-01-09 06:51:22,2026-02-23 06:51:22,294117500.0,259366600.0,34750900.0
CNT002494,PO001776,NCC029,2026-01-05 12:47:07,2026-02-19 12:47:07,47722500.0,47722500.0,0.0
CNT002495,PO000851,NCC006,2026-01-07 14:17:31,2026-02-21 14:17:31,71289600.0,50725500.0,20564100.0
CNT002496,PO001152,NCC017,2026-01-06 17:57:43,2026-02-20 17:57:43,17964600.0,15173600.0,2791000.0
CNT002497,PO002803,NCC045,2026-01-05 18:54:00,2026-02-19 18:54:00,13752900.0,5216200.0,8536700.0
CNT002498,PO000421,NCC011,2026-01-05 20:29:01,2026-02-19 20:29:01,64374200.0,64374200.0,0.0
CNT002499,PO003121,NCC027,2026-01-06 23:58:56,2026-02-20 23:58:56,181552800.0,181552800.0,0.0
CNT002500,PO003236,NCC028,2026-01-07 05:53:56,2026-02-21 05:53:56,61087500.0,24477500.0,36610000.0
CNT002501,PO003249,NCC023,2026-01-08 12:19:36,2026-02-22 12:19:36,85225500.0,85225500.0,0.0
CNT002502,PO003144,NCC027,2026-01-06 14:55:19,2026-02-20 14:55:19,46425600.0,22841000.0,23584600.0
CNT002503,PO002909,NCC012,2026-01-10 22:21:02,2026-02-24 22:21:02,10655400.0,6040800.0,4614600.0
CNT002504,PO002237,NCC014,2026-01-08 01:32:03,2026-02-22 01:32:03,358900100.0,358900100.0,0.0
CNT002505,PO003025,NCC033,2026-01-08 07:43:37,2026-02-22 07:43:37,143852800.0,10630000.0,133222800.0
CNT002506,PO000313,NCC032,2026-01-10 20:47:20,2026-02-24 20:47:20,11423200.0,11423200.0,0.0
CNT002507,PO001130,NCC025,2026-01-08 00:16:27,2026-02-22 00:16:27,75515700.0,60879300.0,14636400.0
CNT002508,PO003311,NCC036,2026-01-09 03:07:39,2026-02-23 03:07:39,134731800.0,126628600.0,8103200.0
CNT002509,PO002493,NCC028,2026-01-10 03:29:33,2026-02-24 03:29:33,454824900.0,454824900.0,0.0
CNT002510,PO000747,NCC001,2026-01-09 05:59:12,2026-02-23 05:59:12,137378000.0,108889600.0,28488400.0
CNT002511,PO000429,NCC037,2026-01-12 08:58:41,2026-02-26 08:58:41,232668000.0,183040400.0,49627600.0
CNT002512,PO000160,NCC004,2026-01-10 12:35:58,2026-02-24 12:35:58,48774600.0,45380600.0,3394000.0
CNT002513,PO000997,NCC017,2026-01-12 16:21:47,2026-02-26 16:21:47,6584400.0,6584400.0,0.0
CNT002514,PO002687,NCC022,2026-01-12 16:38:31,2026-02-26 16:38:31,41382400.0,39797700.0,1584700.0
CNT002515,PO002312,NCC037,2026-01-10 20:08:53,2026-02-24 20:08:53,62694000.0,62694000.0,0.0
CNT002516,PO000627,NCC023,2026-01-12 00:19:00,2026-02-26 00:19:00,83756800.0,83756800.0,0.0
CNT002517,PO000473,NCC027,2026-01-11 05:55:34,2026-02-25 05:55:34,17836000.0,17836000.0,0.0
CNT002518,PO001418,NCC033,2026-01-13 09:55:03,2026-02-27 09:55:03,49926400.0,49926400.0,0.0
CNT002519,PO002416,NCC030,2026-01-12 13:20:32,2026-02-26 13:20:32,20829200.0,8457500.0,12371700.0
CNT002520,PO001305,NCC041,2026-01-13 13:27:49,2026-02-27 13:27:49,56429000.0,56417400.0,11600.0
CNT002521,PO003391,NCC045,2026-01-12 15:02:33,2026-02-26 15:02:33,56974800.0,418600.0,56556200.0
CNT002522,PO002101,NCC018,2026-01-10 21:24:17,2026-02-24 21:24:17,12390400.0,12390400.0,0.0
CNT002523,PO000221,NCC022,2026-01-13 02:25:00,2026-02-27 02:25:00,100903500.0,76217800.0,24685700.0
CNT002524,PO003272,NCC040,2026-01-13 19:32:09,2026-02-27 19:32:09,18100500.0,18100500.0,0.0
CNT002525,PO000220,NCC015,2026-01-10 21:27:23,2026-02-24 21:27:23,26361000.0,26361000.0,0.0
CNT002526,PO002360,NCC040,2026-01-15 08:55:01,2026-03-01 08:55:01,38133000.0,23904700.0,14228300.0
CNT002527,PO002887,NCC011,2026-01-13 09:38:39,2026-02-27 09:38:39,16214400.0,16214400.0,0.0
CNT002528,PO002012,NCC043,2026-01-11 10:00:37,2026-02-25 10:00:37,168608100.0,168608100.0,0.0
CNT002529,PO002140,NCC013,2026-01-11 12:30:37,2026-02-25 12:30:37,9194900.0,9194900.0,0.0
CNT002530,PO001871,NCC019,2026-01-12 15:31:16,2026-02-26 15:31:16,154341200.0,70905300.0,83435900.0
CNT002531,PO003085,NCC009,2026-01-12 17:30:26,2026-02-26 17:30:26,2143200.0,2000000.0,143200.0
CNT002532,PO000965,NCC031,2026-01-13 20:03:56,2026-02-27 20:03:56,7588400.0,7588400.0,0.0
CNT002533,PO002822,NCC020,2026-01-13 23:41:46,2026-02-27 23:41:46,173983700.0,173983700.0,0.0
CNT002534,PO001037,NCC006,2026-01-12 00:45:20,2026-02-26 00:45:20,380782800.0,380782800.0,0.0
CNT002535,PO001099,NCC012,2026-01-12 05:04:02,2026-02-26 05:04:02,3740800.0,3740800.0,0.0
CNT002536,PO000176,NCC041,2026-01-15 07:50:50,2026-03-01 07:50:50,95420000.0,47164300.0,48255700.0
CNT002537,PO002226,NCC008,2026-01-16 09:05:40,2026-03-02 09:05:40,65394700.0,27960200.0,37434500.0
CNT002538,PO000691,NCC037,2026-01-14 09:40:54,2026-02-28 09:40:54,11562300.0,1905400.0,9656900.0
CNT002539,PO000441,NCC033,2026-01-12 10:27:24,2026-02-26 10:27:24,35537700.0,14083100.0,21454600.0
CNT002540,PO002904,NCC020,2026-01-15 18:06:42,2026-03-01 18:06:42,592754400.0,125501000.0,467253400.0
CNT002541,PO002402,NCC025,2026-01-13 22:15:15,2026-02-27 22:15:15,7062000.0,3111300.0,3950700.0
CNT002542,PO003330,NCC034,2026-01-14 01:14:48,2026-02-28 01:14:48,5062200.0,628400.0,4433800.0
CNT002543,PO002626,NCC030,2026-01-14 15:07:21,2026-02-28 15:07:21,9345800.0,7446600.0,1899200.0
CNT002544,PO001218,NCC026,2026-01-16 19:50:25,2026-03-02 19:50:25,27252700.0,27252700.0,0.0
CNT002545,PO003047,NCC003,2026-01-15 23:54:27,2026-03-01 23:54:27,81939200.0,81939200.0,0.0
CNT002546,PO002299,NCC008,2026-01-15 03:38:44,2026-03-01 03:38:44,22712800.0,22156800.0,556000.0
CNT002547,PO000365,NCC003,2026-01-14 07:37:53,2026-02-28 07:37:53,159795600.0,111583400.0,48212200.0
CNT002548,PO002672,NCC040,2026-01-15 10:15:48,2026-03-01 10:15:48,5632200.0,3430000.0,2202200.0
CNT002549,PO001798,NCC019,2026-01-18 16:52:25,2026-03-04 16:52:25,9941600.0,6278200.0,3663400.0
CNT002550,PO000363,NCC005,2026-01-16 09:26:25,2026-03-02 09:26:25,682442800.0,509843500.0,172599300.0
CNT002551,PO002112,NCC008,2026-01-16 18:23:57,2026-03-02 18:23:57,20543400.0,20543400.0,0.0
CNT002552,PO002681,NCC002,2026-01-17 23:17:38,2026-03-03 23:17:38,30800900.0,30800900.0,0.0
CNT002553,PO003483,NCC015,2026-01-20 12:50:00,2026-03-06 12:50:00,47775600.0,6749200.0,41026400.0
CNT002554,PO002440,NCC042,2026-01-20 15:03:38,2026-03-06 15:03:38,305798800.0,299869100.0,5929700.0
CNT002555,PO000238,NCC038,2026-01-16 15:06:45,2026-03-02 15:06:45,62325000.0,62325000.0,0.0
CNT002556,PO000552,NCC026,2026-01-18 17:52:08,2026-03-04 17:52:08,741600000.0,285516400.0,456083600.0
CNT002557,PO000726,NCC031,2026-01-18 10:00:27,2026-03-04 10:00:27,14497800.0,14497800.0,0.0
CNT002558,PO000366,NCC025,2026-01-20 15:41:12,2026-03-06 15:41:12,451675800.0,451675800.0,0.0
CNT002559,PO000725,NCC007,2026-01-19 16:37:33,2026-03-05 16:37:33,6541700.0,6541700.0,0.0
CNT002560,PO001110,NCC023,2026-01-18 18:28:20,2026-03-04 18:28:20,19936400.0,4522800.0,15413600.0
CNT002561,PO002591,NCC041,2026-01-18 18:33:08,2026-03-04 18:33:08,11774400.0,9962400.0,1812000.0
CNT002562,PO000121,NCC005,2026-01-17 20:49:36,2026-03-03 20:49:36,129312300.0,129312300.0,0.0
CNT002563,PO003170,NCC036,2026-01-19 10:11:05,2026-03-05 10:11:05,58201200.0,7829000.0,50372200.0
CNT002564,PO001866,NCC036,2026-01-24 06:14:46,2026-03-10 06:14:46,144108900.0,16835200.0,127273700.0
CNT002565,PO000951,NCC008,2026-01-23 07:48:05,2026-03-09 07:48:05,81423000.0,81135400.0,287600.0
CNT002566,PO000307,NCC033,2026-01-23 10:25:32,2026-03-09 10:25:32,33147400.0,15551600.0,17595800.0
CNT002567,PO002805,NCC009,2026-01-22 13:13:58,2026-03-08 13:13:58,55622000.0,40516900.0,15105100.0
CNT002568,PO000194,NCC006,2026-01-24 17:19:36,2026-03-10 17:19:36,131299500.0,100161200.0,31138300.0
CNT002569,PO000889,NCC032,2026-01-25 11:38:04,2026-03-11 11:38:04,5755200.0,5755200.0,0.0
CNT002570,PO003454,NCC020,2026-01-22 13:16:59,2026-03-08 13:16:59,3876600.0,3876600.0,0.0
CNT002571,PO000677,NCC041,2026-01-24 17:23:05,2026-03-10 17:23:05,14868000.0,14868000.0,0.0
CNT002572,PO002206,NCC038,2026-01-24 17:23:31,2026-03-10 17:23:31,47572800.0,27711300.0,19861500.0
CNT002573,PO003242,NCC002,2026-01-26 05:47:51,2026-03-12 05:47:51,149094000.0,149094000.0,0.0
CNT002574,PO001783,NCC035,2026-01-23 06:03:25,2026-03-09 06:03:25,59266800.0,59266800.0,0.0
CNT002575,PO002813,NCC015,2026-01-26 09:43:43,2026-03-12 09:43:43,52387300.0,52387300.0,0.0
CNT002576,PO001214,NCC019,2026-01-23 17:57:51,2026-03-09 17:57:51,92970800.0,92970800.0,0.0
CNT002577,PO002267,NCC031,2026-01-22 19:48:46,2026-03-08 19:48:46,111484800.0,111484800.0,0.0
CNT002578,PO000658,NCC005,2026-01-26 20:22:31,2026-03-12 20:22:31,92643600.0,63989400.0,28654200.0
CNT002579,PO000472,NCC007,2026-01-23 21:05:12,2026-03-09 21:05:12,43405800.0,2880200.0,40525600.0
CNT002580,PO002455,NCC016,2026-01-23 02:43:48,2026-03-09 02:43:48,314106100.0,47739100.0,266367000.0
CNT002581,PO001646,NCC004,2026-01-24 09:24:52,2026-03-10 09:24:52,101673000.0,63111500.0,38561500.0
CNT002582,PO000443,NCC030,2026-01-27 14:30:25,2026-03-13 14:30:25,81696400.0,6069900.0,75626500.0
CNT002583,PO002770,NCC031,2026-01-26 17:14:32,2026-03-12 17:14:32,240937600.0,240937600.0,0.0
CNT002584,PO003247,NCC020,2026-01-25 23:40:39,2026-03-11 23:40:39,139053200.0,139053200.0,0.0
CNT002585,PO002897,NCC008,2026-01-28 08:00:39,2026-03-14 08:00:39,43641000.0,43641000.0,0.0
CNT002586,PO001615,NCC010,2026-01-24 09:10:35,2026-03-10 09:10:35,84411000.0,37296600.0,47114400.0
CNT002587,PO000980,NCC028,2026-01-28 10:00:56,2026-03-14 10:00:56,10193400.0,10193400.0,0.0
CNT002588,PO001079,NCC023,2026-01-28 17:49:18,2026-03-14 17:49:18,107802000.0,90681200.0,17120800.0
CNT002589,PO001663,NCC033,2026-01-27 06:20:01,2026-03-13 06:20:01,4608400.0,1934200.0,2674200.0
CNT002590,PO002193,NCC036,2026-01-29 13:46:50,2026-03-15 13:46:50,41546700.0,30818400.0,10728300.0
CNT002591,PO002729,NCC019,2026-01-27 14:56:50,2026-03-13 14:56:50,424809600.0,424809600.0,0.0
CNT002592,PO000427,NCC030,2026-01-28 23:46:41,2026-03-14 23:46:41,333594600.0,260404000.0,73190600.0
CNT002593,PO000316,NCC035,2026-01-26 03:40:13,2026-03-12 03:40:13,81719100.0,56739200.0,24979900.0
CNT002594,PO003184,NCC030,2026-01-28 10:51:08,2026-03-14 10:51:08,21136400.0,21136400.0,0.0
CNT002595,PO001097,NCC039,2026-01-28 22:01:47,2026-03-14 22:01:47,40421000.0,27986000.0,12435000.0
CNT002596,PO001794,NCC014,2026-01-27 03:37:01,2026-03-13 03:37:01,83407500.0,33325900.0,50081600.0
CNT002597,PO000610,NCC031,2026-01-27 15:24:19,2026-03-13 15:24:19,46603200.0,4504700.0,42098500.0
CNT002598,PO001509,NCC010,2026-01-29 17:33:18,2026-03-15 17:33:18,28427400.0,28427400.0,0.0
CNT002599,PO002335,NCC035,2026-01-31 02:00:36,2026-03-17 02:00:36,8825000.0,8825000.0,0.0
CNT002600,PO002282,NCC031,2026-01-29 03:47:21,2026-03-15 03:47:21,54133700.0,54133700.0,0.0
CNT002601,PO002604,NCC045,2026-01-29 11:22:08,2026-03-15 11:22:08,618880000.0,398999300.0,219880700.0
CNT002602,PO001859,NCC029,2026-01-30 15:33:58,2026-03-16 15:33:58,727138800.0,353246000.0,373892800.0
CNT002603,PO000156,NCC005,2026-01-30 16:43:29,2026-03-16 16:43:29,215491600.0,5980000.0,209511600.0
CNT002604,PO002507,NCC043,2026-02-02 02:10:08,2026-03-19 02:10:08,43002100.0,10690600.0,32311500.0
CNT002605,PO002031,NCC029,2026-02-01 04:53:07,2026-03-18 04:53:07,335020700.0,309454600.0,25566100.0
CNT002606,PO002605,NCC028,2026-01-31 06:11:43,2026-03-17 06:11:43,18259500.0,16324500.0,1935000.0
CNT002607,PO003014,NCC016,2026-01-31 07:20:27,2026-03-17 07:20:27,89677300.0,89677300.0,0.0
CNT002608,PO003393,NCC012,2026-01-31 07:53:05,2026-03-17 07:53:05,18224000.0,18224000.0,0.0
CNT002609,PO000143,NCC021,2026-01-30 12:29:57,2026-03-16 12:29:57,337101800.0,48803900.0,288297900.0
CNT002610,PO002983,NCC032,2026-01-29 13:09:35,2026-03-15 13:09:35,33449000.0,28294800.0,5154200.0
CNT002611,PO002439,NCC009,2026-02-02 13:29:29,2026-03-19 13:29:29,36436400.0,36436400.0,0.0
CNT002612,PO003203,NCC030,2026-02-02 16:03:57,2026-03-19 16:03:57,26308800.0,26308800.0,0.0
CNT002613,PO002521,NCC038,2026-01-30 21:26:34,2026-03-16 21:26:34,113172400.0,113172400.0,0.0
CNT002614,PO000736,NCC009,2026-01-30 22:11:39,2026-03-16 22:11:39,94572400.0,78470100.0,16102300.0
CNT002615,PO002259,NCC030,2026-02-01 22:38:13,2026-03-18 22:38:13,128808200.0,48420000.0,80388200.0
CNT002616,PO000619,NCC023,2026-02-03 02:37:41,2026-03-20 02:37:41,33392500.0,33392500.0,0.0
CNT002617,PO002814,NCC003,2026-02-03 08:40:47,2026-03-20 08:40:47,9559200.0,9559200.0,0.0
CNT002618,PO000449,NCC036,2026-01-31 13:24:45,2026-03-17 13:24:45,177306500.0,129144300.0,48162200.0
CNT002619,PO001191,NCC045,2026-02-01 14:45:50,2026-03-18 14:45:50,7891200.0,7891200.0,0.0
CNT002620,PO000287,NCC024,2026-01-30 15:01:14,2026-03-16 15:01:14,9241500.0,9241500.0,0.0
CNT002621,PO002127,NCC001,2026-01-30 15:56:24,2026-03-16 15:56:24,111305500.0,111305500.0,0.0
CNT002622,PO000754,NCC008,2026-02-01 18:24:13,2026-03-18 18:24:13,415195800.0,415195800.0,0.0
CNT002623,PO002755,NCC035,2026-01-30 18:27:40,2026-03-16 18:27:40,78554600.0,55437000.0,23117600.0
CNT002624,PO001700,NCC020,2026-02-04 04:03:22,2026-03-21 04:03:22,31441800.0,4859600.0,26582200.0
CNT002625,PO000376,NCC029,2026-01-31 12:26:02,2026-03-17 12:26:02,52006100.0,52006100.0,0.0
CNT002626,PO001904,NCC045,2026-02-03 17:45:00,2026-03-20 17:45:00,76076000.0,53323900.0,22752100.0
CNT002627,PO002213,NCC022,2026-02-02 18:41:20,2026-03-19 18:41:20,66151800.0,66151800.0,0.0
CNT002628,PO000730,NCC001,2026-02-02 20:56:21,2026-03-19 20:56:21,55130400.0,33719100.0,21411300.0
CNT002629,PO002314,NCC029,2026-02-01 23:36:18,2026-03-18 23:36:18,31803200.0,21311800.0,10491400.0
CNT002630,PO001457,NCC019,2026-02-03 03:30:45,2026-03-20 03:30:45,6758000.0,6758000.0,0.0
CNT002631,PO001483,NCC005,2026-02-03 08:36:39,2026-03-20 08:36:39,34652400.0,27977100.0,6675300.0
CNT002632,PO001750,NCC015,2026-02-04 13:33:58,2026-03-21 13:33:58,24766500.0,24766500.0,0.0
CNT002633,PO002298,NCC015,2026-02-03 16:50:25,2026-03-20 16:50:25,62180900.0,39291100.0,22889800.0
CNT002634,PO003017,NCC043,2026-02-03 17:02:32,2026-03-20 17:02:32,22816500.0,20893900.0,1922600.0
CNT002635,PO001001,NCC029,2026-02-01 18:25:44,2026-03-18 18:25:44,99118600.0,75830700.0,23287900.0
CNT002636,PO002264,NCC036,2026-02-03 21:18:07,2026-03-20 21:18:07,17905900.0,8286300.0,9619600.0
CNT002637,PO003377,NCC039,2026-02-02 09:13:55,2026-03-19 09:13:55,10488000.0,1448800.0,9039200.0
CNT002638,PO001244,NCC044,2026-02-04 11:41:20,2026-03-21 11:41:20,137550400.0,81913400.0,55637000.0
CNT002639,PO000672,NCC003,2026-02-05 16:17:06,2026-03-22 16:17:06,31448400.0,9657700.0,21790700.0
CNT002640,PO003035,NCC021,2026-02-03 05:50:29,2026-03-20 05:50:29,6625300.0,6625300.0,0.0
CNT002641,PO000908,NCC027,2026-02-07 06:05:25,2026-03-24 06:05:25,71762000.0,71762000.0,0.0
CNT002642,PO001078,NCC020,2026-02-03 09:17:16,2026-03-20 09:17:16,539784000.0,539784000.0,0.0
CNT002643,PO002990,NCC032,2026-02-06 15:56:14,2026-03-23 15:56:14,8962800.0,8962800.0,0.0
CNT002644,PO002218,NCC042,2026-02-05 22:41:12,2026-03-22 22:41:12,125682200.0,125682200.0,0.0
CNT002645,PO002025,NCC017,2026-02-07 12:06:09,2026-03-24 12:06:09,23567500.0,10145000.0,13422500.0
CNT002646,PO001502,NCC041,2026-02-08 00:11:24,2026-03-25 00:11:24,54195700.0,54195700.0,0.0
CNT002647,PO001053,NCC015,2026-02-05 00:36:37,2026-03-22 00:36:37,633974200.0,474355100.0,159619100.0
CNT002648,PO002787,NCC001,2026-02-09 03:20:14,2026-03-26 03:20:14,36140100.0,36140100.0,0.0
CNT002649,PO001007,NCC017,2026-02-07 06:49:04,2026-03-24 06:49:04,52303500.0,34604700.0,17698800.0
CNT002650,PO002017,NCC032,2026-02-05 10:16:58,2026-03-22 10:16:58,218322100.0,132662700.0,85659400.0
CNT002651,PO001994,NCC013,2026-02-08 19:39:08,2026-03-25 19:39:08,100817500.0,100817500.0,0.0
CNT002652,PO002234,NCC044,2026-02-06 03:55:26,2026-03-23 03:55:26,264550000.0,45519400.0,219030600.0
CNT002653,PO000339,NCC024,2026-02-09 12:31:00,2026-03-26 12:31:00,26128000.0,26128000.0,0.0
CNT002654,PO000986,NCC040,2026-02-07 02:01:45,2026-03-24 02:01:45,20255400.0,5728900.0,14526500.0
CNT002655,PO000205,NCC025,2026-02-08 06:19:25,2026-03-25 06:19:25,286365900.0,286365900.0,0.0
CNT002656,PO002086,NCC028,2026-02-08 09:32:25,2026-03-25 09:32:25,20829600.0,20829600.0,0.0
CNT002657,PO000064,NCC031,2026-02-09 10:31:05,2026-03-26 10:31:05,37437500.0,5646400.0,31791100.0
CNT002658,PO000505,NCC044,2026-02-09 12:48:19,2026-03-26 12:48:19,18712800.0,16885000.0,1827800.0
CNT002659,PO001739,NCC015,2026-02-11 16:12:48,2026-03-28 16:12:48,3013200.0,1873900.0,1139300.0
CNT002660,PO001274,NCC010,2026-02-08 19:11:05,2026-03-25 19:11:05,32671600.0,27998400.0,4673200.0
CNT002661,PO002077,NCC004,2026-02-12 12:06:06,2026-03-29 12:06:06,454953400.0,454953400.0,0.0
CNT002662,PO001491,NCC003,2026-02-08 12:19:35,2026-03-25 12:19:35,165974400.0,165974400.0,0.0
CNT002663,PO001102,NCC015,2026-02-09 14:22:58,2026-03-26 14:22:58,61354800.0,61354800.0,0.0
CNT002664,PO002176,NCC007,2026-02-12 21:39:41,2026-03-29 21:39:41,15261100.0,15261100.0,0.0
CNT002665,PO002526,NCC033,2026-02-12 22:38:51,2026-03-29 22:38:51,111059600.0,39464300.0,71595300.0
CNT002666,PO001033,NCC014,2026-02-11 00:45:03,2026-03-28 00:45:03,40887000.0,19919100.0,20967900.0
CNT002667,PO000679,NCC016,2026-02-12 00:57:18,2026-03-29 00:57:18,26885800.0,26885800.0,0.0
CNT002668,PO001867,NCC012,2026-02-10 11:51:15,2026-03-27 11:51:15,126197500.0,84745800.0,41451700.0
CNT002669,PO003320,NCC012,2026-02-12 15:51:57,2026-03-29 15:51:57,63399500.0,63399500.0,0.0
CNT002670,PO003169,NCC024,2026-02-10 16:55:34,2026-03-27 16:55:34,156038000.0,156038000.0,0.0
CNT002671,PO002252,NCC041,2026-02-10 03:36:06,2026-03-27 03:36:06,110466000.0,40105800.0,70360200.0
CNT002672,PO001447,NCC020,2026-02-14 04:08:51,2026-03-31 04:08:51,17297600.0,17297600.0,0.0
CNT002673,PO002684,NCC029,2026-02-12 04:46:13,2026-03-29 04:46:13,151815200.0,151815200.0,0.0
CNT002674,PO000127,NCC010,2026-02-12 06:53:05,2026-03-29 06:53:05,27538500.0,18044600.0,9493900.0
CNT002675,PO000763,NCC028,2026-02-14 14:15:30,2026-03-31 14:15:30,84436000.0,2324800.0,82111200.0
CNT002676,PO003071,NCC004,2026-02-11 18:25:24,2026-03-28 18:25:24,108954800.0,101450300.0,7504500.0
CNT002677,PO002595,NCC018,2026-02-13 08:39:02,2026-03-30 08:39:02,34273200.0,34273200.0,0.0
CNT002678,PO002841,NCC012,2026-02-14 14:25:30,2026-03-31 14:25:30,388222200.0,388222200.0,0.0
CNT002679,PO002569,NCC008,2026-02-15 15:34:35,2026-04-01 15:34:35,147117600.0,129079900.0,18037700.0
CNT002680,PO003198,NCC031,2026-02-13 19:21:05,2026-03-30 19:21:05,31475400.0,26688500.0,4786900.0
CNT002681,PO000804,NCC016,2026-02-13 19:46:26,2026-03-30 19:46:26,91646600.0,12244400.0,79402200.0
CNT002682,PO003475,NCC034,2026-02-12 05:23:53,2026-03-29 05:23:53,822402600.0,151814700.0,670587900.0
CNT002683,PO000212,NCC015,2026-02-16 09:59:25,2026-04-02 09:59:25,21384000.0,9473100.0,11910900.0
CNT002684,PO001213,NCC015,2026-02-15 15:03:43,2026-04-01 15:03:43,88322500.0,75205400.0,13117100.0
CNT002685,PO002538,NCC016,2026-02-14 18:58:53,2026-03-31 18:58:53,21372000.0,21372000.0,0.0
CNT002686,PO001371,NCC006,2026-02-14 01:51:08,2026-03-31 01:51:08,417698400.0,295869400.0,121829000.0
CNT002687,PO000256,NCC021,2026-02-15 14:45:48,2026-04-01 14:45:48,45060400.0,33947500.0,11112900.0
CNT002688,PO002961,NCC021,2026-02-13 16:49:39,2026-03-30 16:49:39,52430000.0,52430000.0,0.0
CNT002689,PO002971,NCC022,2026-02-17 00:34:41,2026-04-03 00:34:41,392384400.0,392384400.0,0.0
CNT002690,PO000950,NCC014,2026-02-14 09:54:26,2026-03-31 09:54:26,25589900.0,25589900.0,0.0
CNT002691,PO001247,NCC023,2026-02-16 14:22:24,2026-04-02 14:22:24,562501800.0,125854300.0,436647500.0
CNT002692,PO002557,NCC034,2026-02-17 18:51:48,2026-04-03 18:51:48,37303200.0,37303200.0,0.0
CNT002693,PO001362,NCC020,2026-02-15 12:32:10,2026-04-01 12:32:10,31159900.0,22697300.0,8462600.0
CNT002694,PO000493,NCC005,2026-02-18 18:57:18,2026-04-04 18:57:18,21672000.0,21672000.0,0.0
CNT002695,PO003334,NCC019,2026-02-15 19:10:23,2026-04-01 19:10:23,61239000.0,20139500.0,41099500.0
CNT002696,PO001469,NCC041,2026-02-17 23:27:34,2026-04-03 23:27:34,401667600.0,401667600.0,0.0
CNT002697,PO003052,NCC001,2026-02-19 02:31:36,2026-04-05 02:31:36,86917600.0,52895200.0,34022400.0
CNT002698,PO002430,NCC013,2026-02-18 05:13:29,2026-04-04 05:13:29,103950000.0,103950000.0,0.0
CNT002699,PO002121,NCC017,2026-02-16 10:53:31,2026-04-02 10:53:31,259632000.0,259632000.0,0.0
CNT002700,PO003222,NCC007,2026-02-20 15:17:02,2026-04-06 15:17:02,41697000.0,41697000.0,0.0
CNT002701,PO002616,NCC022,2026-02-19 09:17:53,2026-04-05 09:17:53,89080200.0,89080200.0,0.0
CNT002702,PO000422,NCC025,2026-02-17 15:01:21,2026-04-03 15:01:21,93979800.0,31212300.0,62767500.0
CNT002703,PO001313,NCC039,2026-02-19 21:54:14,2026-04-05 21:54:14,7950000.0,5629500.0,2320500.0
CNT002704,PO000884,NCC044,2026-02-18 00:04:17,2026-04-04 00:04:17,38438400.0,38438400.0,0.0
CNT002705,PO003406,NCC042,2026-02-20 03:23:11,2026-04-06 03:23:11,53580000.0,53580000.0,0.0
CNT002706,PO002189,NCC027,2026-02-22 05:23:00,2026-04-08 05:23:00,213318300.0,69649200.0,143669100.0
CNT002707,PO001774,NCC014,2026-02-18 06:27:51,2026-04-04 06:27:51,7617600.0,4778600.0,2839000.0
CNT002708,PO000571,NCC044,2026-02-22 06:57:46,2026-04-08 06:57:46,104249200.0,104249200.0,0.0
CNT002709,PO000660,NCC036,2026-02-20 13:36:47,2026-04-06 13:36:47,53264400.0,53264400.0,0.0
CNT002710,PO001128,NCC001,2026-02-20 19:12:07,2026-04-06 19:12:07,9268600.0,7076600.0,2192000.0
CNT002711,PO002377,NCC025,2026-02-20 20:21:40,2026-04-06 20:21:40,55538400.0,55538400.0,0.0
CNT002712,PO003395,NCC010,2026-02-23 05:44:19,2026-04-09 05:44:19,44401500.0,32013600.0,12387900.0
CNT002713,PO000215,NCC009,2026-02-20 08:28:32,2026-04-06 08:28:32,414786000.0,313583500.0,101202500.0
CNT002714,PO000262,NCC014,2026-02-22 19:14:58,2026-04-08 19:14:58,12862500.0,12862500.0,0.0
CNT002715,PO002839,NCC013,2026-02-21 19:49:20,2026-04-07 19:49:20,2601300.0,2223900.0,377400.0
CNT002716,PO000859,NCC039,2026-02-23 01:51:16,2026-04-09 01:51:16,24421800.0,8617300.0,15804500.0
CNT002717,PO000046,NCC037,2026-02-24 08:21:07,2026-04-10 08:21:07,13024800.0,13024800.0,0.0
CNT002718,PO002553,NCC027,2026-02-21 16:05:59,2026-04-07 16:05:59,75755500.0,75755500.0,0.0
CNT002719,PO002254,NCC015,2026-02-23 23:20:36,2026-04-09 23:20:36,55087600.0,42936900.0,12150700.0
CNT002720,PO002255,NCC020,2026-02-23 02:49:34,2026-04-09 02:49:34,32184000.0,32184000.0,0.0
CNT002721,PO001978,NCC021,2026-02-21 08:31:19,2026-04-07 08:31:19,70512000.0,53994300.0,16517700.0
CNT002722,PO002103,NCC003,2026-02-23 08:48:15,2026-04-09 08:48:15,157727700.0,21810300.0,135917400.0
CNT002723,PO002485,NCC029,2026-02-23 15:44:25,2026-04-09 15:44:25,4816800.0,194700.0,4622100.0
CNT002724,PO002542,NCC013,2026-02-22 15:49:40,2026-04-08 15:49:40,22576800.0,22576800.0,0.0
CNT002725,PO002652,NCC013,2026-02-25 16:44:16,2026-04-11 16:44:16,3785900.0,2381200.0,1404700.0
CNT002726,PO002313,NCC001,2026-02-21 16:47:52,2026-04-07 16:47:52,26663000.0,4406800.0,22256200.0
CNT002727,PO002269,NCC022,2026-02-23 11:05:51,2026-04-09 11:05:51,31360700.0,31360700.0,0.0
CNT002728,PO003298,NCC008,2026-02-22 19:51:00,2026-04-08 19:51:00,92532300.0,92532300.0,0.0
CNT002729,PO000063,NCC015,2026-02-22 22:27:49,2026-04-08 22:27:49,8707400.0,8707400.0,0.0
CNT002730,PO002090,NCC027,2026-02-25 22:29:06,2026-04-11 22:29:06,8481000.0,3114400.0,5366600.0
CNT002731,PO003467,NCC042,2026-02-22 22:52:46,2026-04-08 22:52:46,703192000.0,703192000.0,0.0
CNT002732,PO001042,NCC035,2026-02-25 00:42:40,2026-04-11 00:42:40,99715000.0,99715000.0,0.0
CNT002733,PO001737,NCC013,2026-02-25 02:05:17,2026-04-11 02:05:17,345604600.0,318293800.0,27310800.0
CNT002734,PO003416,NCC014,2026-02-27 09:44:42,2026-04-13 09:44:42,41097500.0,33759300.0,7338200.0
CNT002735,PO001407,NCC020,2026-02-27 10:26:15,2026-04-13 10:26:15,74981000.0,74981000.0,0.0
CNT002736,PO002446,NCC001,2026-02-25 17:34:02,2026-04-11 17:34:02,1612800.0,1060300.0,552500.0
CNT002737,PO002556,NCC008,2026-02-24 18:53:08,2026-04-10 18:53:08,54560000.0,49706300.0,4853700.0
CNT002738,PO000073,NCC034,2026-02-27 09:52:51,2026-04-13 09:52:51,98336400.0,60109700.0,38226700.0
CNT002739,PO001355,NCC033,2026-02-25 14:32:58,2026-04-11 14:32:58,10694700.0,6872400.0,3822300.0
CNT002740,PO001369,NCC025,2026-02-27 01:20:40,2026-04-13 01:20:40,28008700.0,28008700.0,0.0
CNT002741,PO003394,NCC031,2026-02-25 02:47:09,2026-04-11 02:47:09,49069400.0,16525300.0,32544100.0
CNT002742,PO002529,NCC040,2026-02-28 14:57:21,2026-04-14 14:57:21,7766400.0,7766400.0,0.0
CNT002743,PO003098,NCC005,2026-02-27 20:45:58,2026-04-13 20:45:58,190162000.0,190162000.0,0.0
CNT002744,PO001197,NCC008,2026-02-27 21:13:15,2026-04-13 21:13:15,30502600.0,20689700.0,9812900.0
CNT002745,PO000154,NCC038,2026-03-02 10:37:04,2026-04-16 10:37:04,38372000.0,22871500.0,15500500.0
CNT002746,PO001769,NCC009,2026-02-27 13:30:13,2026-04-13 13:30:13,320530600.0,257011600.0,63519000.0
CNT002747,PO001526,NCC007,2026-02-26 15:01:41,2026-04-12 15:01:41,226710000.0,226710000.0,0.0
CNT002748,PO001141,NCC037,2026-02-27 00:57:40,2026-04-13 00:57:40,10570500.0,10570500.0,0.0
CNT002749,PO001438,NCC007,2026-03-02 06:31:40,2026-04-16 06:31:40,59559500.0,59559500.0,0.0
CNT002750,PO002635,NCC011,2026-02-28 23:38:04,2026-04-14 23:38:04,68918500.0,68918500.0,0.0
CNT002751,PO001593,NCC030,2026-03-02 01:35:39,2026-04-16 01:35:39,86923200.0,71313200.0,15610000.0
CNT002752,PO000662,NCC014,2026-03-01 05:49:24,2026-04-15 05:49:24,35526000.0,21682200.0,13843800.0
CNT002753,PO001245,NCC001,2026-03-03 12:01:42,2026-04-17 12:01:42,31672500.0,21680100.0,9992400.0
CNT002754,PO000219,NCC039,2026-03-01 16:43:38,2026-04-15 16:43:38,222123000.0,222123000.0,0.0
CNT002755,PO003403,NCC002,2026-02-28 19:40:20,2026-04-14 19:40:20,1880000.0,1880000.0,0.0
CNT002756,PO003066,NCC045,2026-03-02 19:48:22,2026-04-16 19:48:22,127452600.0,100353000.0,27099600.0
CNT002757,PO002685,NCC008,2026-03-02 22:53:08,2026-04-16 22:53:08,29352500.0,27799800.0,1552700.0
CNT002758,PO000969,NCC022,2026-03-04 07:05:34,2026-04-18 07:05:34,19225300.0,8411500.0,10813800.0
CNT002759,PO001227,NCC027,2026-03-01 10:18:19,2026-04-15 10:18:19,9452000.0,471900.0,8980100.0
CNT002760,PO002387,NCC026,2026-03-01 13:34:59,2026-04-15 13:34:59,14086800.0,5114800.0,8972000.0
CNT002761,PO002927,NCC018,2026-03-02 01:08:16,2026-04-16 01:08:16,2838600.0,2838600.0,0.0
CNT002762,PO002856,NCC003,2026-03-02 13:34:36,2026-04-16 13:34:36,18321900.0,13149000.0,5172900.0
CNT002763,PO001345,NCC028,2026-03-03 17:18:27,2026-04-17 17:18:27,472554400.0,472554400.0,0.0
CNT002764,PO001192,NCC044,2026-03-06 18:36:41,2026-04-20 18:36:41,15175500.0,15175500.0,0.0
CNT002765,PO003059,NCC003,2026-03-03 20:39:59,2026-04-17 20:39:59,6388800.0,6388800.0,0.0
CNT002766,PO000393,NCC033,2026-03-07 01:01:34,2026-04-21 01:01:34,19624800.0,19624800.0,0.0
CNT002767,PO000729,NCC020,2026-03-03 01:41:05,2026-04-17 01:41:05,40845400.0,40845400.0,0.0
CNT002768,PO003421,NCC041,2026-03-05 07:40:58,2026-04-19 07:40:58,25091500.0,5276800.0,19814700.0
CNT002769,PO000080,NCC023,2026-03-07 08:48:12,2026-04-21 08:48:12,330113700.0,330113700.0,0.0
CNT002770,PO001430,NCC023,2026-03-07 15:03:18,2026-04-21 15:03:18,273920000.0,141643500.0,132276500.0
CNT002771,PO003409,NCC007,2026-03-05 19:23:22,2026-04-19 19:23:22,56594800.0,1985100.0,54609700.0
CNT002772,PO002537,NCC022,2026-03-04 21:11:05,2026-04-18 21:11:05,19632200.0,2656800.0,16975400.0
CNT002773,PO000367,NCC009,2026-03-04 04:29:02,2026-04-18 04:29:02,7315300.0,291500.0,7023800.0
CNT002774,PO000835,NCC018,2026-03-06 06:31:42,2026-04-20 06:31:42,11194000.0,9638300.0,1555700.0
CNT002775,PO002295,NCC031,2026-03-05 10:14:34,2026-04-19 10:14:34,242642400.0,242642400.0,0.0
CNT002776,PO003034,NCC010,2026-03-08 11:45:46,2026-04-22 11:45:46,8164800.0,7843500.0,321300.0
CNT002777,PO000458,NCC039,2026-03-07 11:50:50,2026-04-21 11:50:50,14742000.0,8546400.0,6195600.0
CNT002778,PO003488,NCC030,2026-03-06 13:49:56,2026-04-20 13:49:56,162522800.0,59306700.0,103216100.0
CNT002779,PO002395,NCC008,2026-03-04 21:40:03,2026-04-18 21:40:03,30681700.0,2812600.0,27869100.0
CNT002780,PO000692,NCC003,2026-03-07 07:47:23,2026-04-21 07:47:23,28480000.0,20767300.0,7712700.0
CNT002781,PO001835,NCC027,2026-03-08 09:14:04,2026-04-22 09:14:04,576433000.0,576433000.0,0.0
CNT002782,PO000632,NCC014,2026-03-06 14:25:40,2026-04-20 14:25:40,1365000.0,52800.0,1312200.0
CNT002783,PO003253,NCC006,2026-03-09 04:36:52,2026-04-23 04:36:52,19152000.0,741800.0,18410200.0
CNT002784,PO001122,NCC005,2026-03-10 04:57:46,2026-04-24 04:57:46,99271000.0,99271000.0,0.0
CNT002785,PO001490,NCC023,2026-03-09 17:23:11,2026-04-23 17:23:11,35683200.0,26010700.0,9672500.0
CNT002786,PO002939,NCC034,2026-03-06 18:16:12,2026-04-20 18:16:12,54609100.0,20779500.0,33829600.0
CNT002787,PO002454,NCC016,2026-03-07 22:07:24,2026-04-21 22:07:24,20959900.0,20959900.0,0.0
CNT002788,PO001186,NCC026,2026-03-07 03:42:40,2026-04-21 03:42:40,41434800.0,15239100.0,26195700.0
CNT002789,PO001435,NCC044,2026-03-11 18:21:25,2026-04-25 18:21:25,97515600.0,97515600.0,0.0
CNT002790,PO001390,NCC018,2026-03-10 18:27:29,2026-04-24 18:27:29,6009900.0,6009900.0,0.0
CNT002791,PO000289,NCC025,2026-03-09 21:28:51,2026-04-23 21:28:51,7432500.0,7432500.0,0.0
CNT002792,PO001470,NCC008,2026-03-10 23:31:03,2026-04-24 23:31:03,39932000.0,30227700.0,9704300.0
CNT002793,PO001343,NCC043,2026-03-08 00:50:49,2026-04-22 00:50:49,94798000.0,94798000.0,0.0
CNT002794,PO002443,NCC037,2026-03-11 15:42:32,2026-04-25 15:42:32,12896400.0,12896400.0,0.0
CNT002795,PO000863,NCC029,2026-03-08 18:18:32,2026-04-22 18:18:32,151182000.0,50314200.0,100867800.0
CNT002796,PO000271,NCC019,2026-03-09 19:43:22,2026-04-23 19:43:22,59042500.0,59042500.0,0.0
CNT002797,PO001553,NCC016,2026-03-10 00:05:10,2026-04-24 00:05:10,25821000.0,25821000.0,0.0
CNT002798,PO000474,NCC038,2026-03-12 10:11:41,2026-04-26 10:11:41,68975200.0,47063700.0,21911500.0
CNT002799,PO002308,NCC036,2026-03-09 11:08:44,2026-04-23 11:08:44,105695100.0,105695100.0,0.0
CNT002800,PO002228,NCC042,2026-03-09 13:48:48,2026-04-23 13:48:48,6398700.0,3484000.0,2914700.0
CNT002801,PO001971,NCC014,2026-03-09 19:06:08,2026-04-23 19:06:08,552323700.0,552323700.0,0.0
CNT002802,PO003368,NCC013,2026-03-10 05:23:33,2026-04-24 05:23:33,18757200.0,8782100.0,9975100.0
CNT002803,PO000100,NCC015,2026-03-14 10:14:23,2026-04-28 10:14:23,19461200.0,19461200.0,0.0
CNT002804,PO000152,NCC004,2026-03-11 20:21:50,2026-04-25 20:21:50,49186500.0,2646000.0,46540500.0
CNT002805,PO002512,NCC021,2026-03-14 20:30:58,2026-04-28 20:30:58,11438000.0,11438000.0,0.0
CNT002806,PO003115,NCC041,2026-03-12 23:07:09,2026-04-26 23:07:09,66915100.0,66915100.0,0.0
CNT002807,PO002509,NCC041,2026-03-12 02:33:02,2026-04-26 02:33:02,365420000.0,68251600.0,297168400.0
CNT002808,PO000044,NCC035,2026-03-11 06:04:26,2026-04-25 06:04:26,157848600.0,79395300.0,78453300.0
CNT002809,PO000251,NCC002,2026-03-14 14:53:26,2026-04-28 14:53:26,129601800.0,102177300.0,27424500.0
CNT002810,PO001960,NCC035,2026-03-16 02:26:58,2026-04-30 02:26:58,101163600.0,101163600.0,0.0
CNT002811,PO000685,NCC031,2026-03-12 04:26:49,2026-04-26 04:26:49,260208900.0,260208900.0,0.0
CNT002812,PO002759,NCC009,2026-03-15 05:43:53,2026-04-29 05:43:53,41699200.0,41699200.0,0.0
CNT002813,PO002499,NCC025,2026-03-16 08:30:02,2026-04-30 08:30:02,26007300.0,26007300.0,0.0
CNT002814,PO000929,NCC043,2026-03-14 10:27:11,2026-04-28 10:27:11,137712000.0,137712000.0,0.0
CNT002815,PO002988,NCC024,2026-03-15 12:43:59,2026-04-29 12:43:59,7540000.0,778800.0,6761200.0
CNT002816,PO001648,NCC010,2026-03-13 18:13:11,2026-04-27 18:13:11,9483300.0,9483300.0,0.0
CNT002817,PO000520,NCC005,2026-03-15 20:12:44,2026-04-29 20:12:44,113247200.0,113247200.0,0.0
CNT002818,PO000509,NCC041,2026-03-14 22:41:50,2026-04-28 22:41:50,235209000.0,235209000.0,0.0
CNT002819,PO001239,NCC023,2026-03-15 03:46:28,2026-04-29 03:46:28,43593600.0,14122800.0,29470800.0
CNT002820,PO003353,NCC031,2026-03-14 01:52:58,2026-04-28 01:52:58,13270400.0,13270400.0,0.0
CNT002821,PO002661,NCC007,2026-03-14 02:36:50,2026-04-28 02:36:50,107004200.0,107004200.0,0.0
CNT002822,PO000189,NCC029,2026-03-17 04:40:07,2026-05-01 04:40:07,50811600.0,40460600.0,10351000.0
CNT002823,PO002900,NCC002,2026-03-14 05:58:38,2026-04-28 05:58:38,39004000.0,39004000.0,0.0
CNT002824,PO003430,NCC010,2026-03-17 06:41:37,2026-05-01 06:41:37,23591100.0,23591100.0,0.0
CNT002825,PO000269,NCC015,2026-03-17 14:15:47,2026-05-01 14:15:47,51418800.0,51418800.0,0.0
CNT002826,PO003432,NCC003,2026-03-16 14:38:01,2026-04-30 14:38:01,186382300.0,186382300.0,0.0
CNT002827,PO002789,NCC013,2026-03-16 15:41:07,2026-04-30 15:41:07,64528000.0,64528000.0,0.0
CNT002828,PO000708,NCC037,2026-03-15 16:09:53,2026-04-29 16:09:53,11319000.0,11319000.0,0.0
CNT002829,PO000640,NCC017,2026-03-14 20:35:28,2026-04-28 20:35:28,57366400.0,57366400.0,0.0
CNT002830,PO002496,NCC043,2026-03-16 21:22:28,2026-04-30 21:22:28,53209200.0,53209200.0,0.0
CNT002831,PO002719,NCC007,2026-03-17 01:14:00,2026-05-01 01:14:00,11518000.0,11518000.0,0.0
CNT002832,PO001456,NCC045,2026-03-18 11:40:25,2026-05-02 11:40:25,11298500.0,11298500.0,0.0
CNT002833,PO003299,NCC018,2026-03-18 17:01:40,2026-05-02 17:01:40,7514400.0,7514400.0,0.0
CNT002834,PO000499,NCC007,2026-03-16 19:45:24,2026-04-30 19:45:24,2105600.0,2105600.0,0.0
CNT002835,PO000139,NCC005,2026-03-17 02:43:33,2026-05-01 02:43:33,119162400.0,119162400.0,0.0
CNT002836,PO001460,NCC012,2026-03-17 08:43:36,2026-05-01 08:43:36,60588000.0,8058000.0,52530000.0
CNT002837,PO001052,NCC010,2026-03-17 18:26:51,2026-05-01 18:26:51,34088400.0,28540000.0,5548400.0
CNT002838,PO001757,NCC021,2026-03-19 10:54:52,2026-05-03 10:54:52,30098300.0,21155300.0,8943000.0
CNT002839,PO003427,NCC042,2026-03-19 16:17:18,2026-05-03 16:17:18,64842900.0,43430300.0,21412600.0
CNT002840,PO000501,NCC002,2026-03-19 17:40:57,2026-05-03 17:40:57,63726000.0,63010700.0,715300.0
CNT002841,PO000828,NCC015,2026-03-19 09:42:54,2026-05-03 09:42:54,108205500.0,87980100.0,20225400.0
CNT002842,PO000448,NCC033,2026-03-20 11:43:46,2026-05-04 11:43:46,5355000.0,4473000.0,882000.0
CNT002843,PO002394,NCC019,2026-03-21 16:40:57,2026-05-05 16:40:57,32709600.0,30577800.0,2131800.0
CNT002844,PO000158,NCC019,2026-03-19 18:15:25,2026-05-03 18:15:25,141221300.0,68330200.0,72891100.0
CNT002845,PO001658,NCC014,2026-03-20 09:05:17,2026-05-04 09:05:17,46175400.0,46175400.0,0.0
CNT002846,PO000359,NCC018,2026-03-21 15:34:55,2026-05-05 15:34:55,41321800.0,41321800.0,0.0
CNT002847,PO001741,NCC028,2026-03-23 17:27:48,2026-05-07 17:27:48,252688800.0,252688800.0,0.0
CNT002848,PO003268,NCC031,2026-03-19 20:14:08,2026-05-03 20:14:08,14903600.0,6097400.0,8806200.0
CNT002849,PO002307,NCC032,2026-03-24 02:55:47,2026-05-08 02:55:47,3823200.0,3823200.0,0.0
CNT002850,PO000184,NCC031,2026-03-23 03:48:48,2026-05-07 03:48:48,8361400.0,3199100.0,5162300.0
CNT002851,PO002056,NCC001,2026-03-21 05:16:07,2026-05-05 05:16:07,69078000.0,69078000.0,0.0
CNT002852,PO002076,NCC045,2026-03-22 05:53:51,2026-05-06 05:53:51,24939000.0,24939000.0,0.0
CNT002853,PO001057,NCC035,2026-03-24 08:24:14,2026-05-08 08:24:14,14931000.0,14931000.0,0.0
CNT002854,PO001898,NCC038,2026-03-20 12:59:27,2026-05-04 12:59:27,41104700.0,24894500.0,16210200.0
CNT002855,PO000770,NCC017,2026-03-24 15:01:32,2026-05-08 15:01:32,312262200.0,183483100.0,128779100.0
CNT002856,PO000936,NCC039,2026-03-20 22:49:54,2026-05-04 22:49:54,73293300.0,73293300.0,0.0
CNT002857,PO003254,NCC005,2026-03-22 00:41:51,2026-05-06 00:41:51,12136800.0,11407500.0,729300.0
CNT002858,PO001228,NCC044,2026-03-21 05:15:51,2026-05-05 05:15:51,73704000.0,73704000.0,0.0
CNT002859,PO000347,NCC022,2026-03-22 07:41:05,2026-05-06 07:41:05,7404800.0,5465400.0,1939400.0
CNT002860,PO001840,NCC023,2026-03-24 09:45:25,2026-05-08 09:45:25,19442300.0,19442300.0,0.0
CNT002861,PO000838,NCC023,2026-03-24 12:50:40,2026-05-08 12:50:40,115605000.0,44661500.0,70943500.0
CNT002862,PO000043,NCC016,2026-03-22 13:32:36,2026-05-06 13:32:36,240973200.0,36980200.0,203993000.0
CNT002863,PO003176,NCC045,2026-03-25 16:38:17,2026-05-09 16:38:17,117008800.0,117008800.0,0.0
CNT002864,PO001825,NCC025,2026-03-22 16:52:24,2026-05-06 16:52:24,95576000.0,95576000.0,0.0
CNT002865,PO002539,NCC015,2026-03-21 21:32:01,2026-05-05 21:32:01,2202900.0,771900.0,1431000.0
CNT002866,PO002091,NCC036,2026-03-26 03:38:25,2026-05-10 03:38:25,21654400.0,21654400.0,0.0
CNT002867,PO001513,NCC037,2026-03-25 06:41:38,2026-05-09 06:41:38,88030400.0,88030400.0,0.0
CNT002868,PO002929,NCC030,2026-03-22 14:55:42,2026-05-06 14:55:42,13559000.0,13559000.0,0.0
CNT002869,PO001699,NCC045,2026-03-22 15:58:44,2026-05-06 15:58:44,8596800.0,8596800.0,0.0
CNT002870,PO000745,NCC029,2026-03-23 19:55:12,2026-05-07 19:55:12,87126600.0,60454800.0,26671800.0
CNT002871,PO000711,NCC009,2026-03-25 04:09:38,2026-05-09 04:09:38,3297600.0,3297600.0,0.0
CNT002872,PO003178,NCC044,2026-03-23 09:03:44,2026-05-07 09:03:44,223278300.0,63927300.0,159351000.0
CNT002873,PO002588,NCC025,2026-03-26 09:57:10,2026-05-10 09:57:10,24856000.0,17337800.0,7518200.0
CNT002874,PO002167,NCC016,2026-03-27 12:24:18,2026-05-11 12:24:18,6004000.0,4106200.0,1897800.0
CNT002875,PO003131,NCC043,2026-03-27 14:10:36,2026-05-11 14:10:36,87449700.0,87449700.0,0.0
CNT002876,PO000118,NCC019,2026-03-25 16:05:21,2026-05-09 16:05:21,14448000.0,14448000.0,0.0
CNT002877,PO002612,NCC026,2026-03-27 18:48:34,2026-05-11 18:48:34,64250600.0,35600000.0,28650600.0
CNT002878,PO001563,NCC043,2026-03-24 21:07:29,2026-05-08 21:07:29,9510000.0,8218600.0,1291400.0
CNT002879,PO003062,NCC036,2026-03-25 21:29:58,2026-05-09 21:29:58,93416700.0,93416700.0,0.0
CNT002880,PO002902,NCC022,2026-03-24 23:24:51,2026-05-08 23:24:51,104824800.0,104824800.0,0.0
CNT002881,PO001528,NCC005,2026-03-24 03:45:59,2026-05-08 03:45:59,291927600.0,291927600.0,0.0
CNT002882,PO002271,NCC013,2026-03-25 08:07:51,2026-05-09 08:07:51,48994200.0,15169500.0,33824700.0
CNT002883,PO002984,NCC026,2026-03-26 10:35:12,2026-05-10 10:35:12,19891900.0,16477400.0,3414500.0
CNT002884,PO000480,NCC039,2026-03-28 19:31:05,2026-05-12 19:31:05,18283200.0,16377700.0,1905500.0
CNT002885,PO001124,NCC045,2026-03-28 00:37:25,2026-05-12 00:37:25,59014800.0,16234800.0,42780000.0
CNT002886,PO000455,NCC027,2026-03-27 07:26:24,2026-05-11 07:26:24,132243900.0,126431100.0,5812800.0
CNT002887,PO002471,NCC029,2026-03-26 12:31:22,2026-05-10 12:31:22,183780000.0,183780000.0,0.0
CNT002888,PO003419,NCC022,2026-03-25 12:48:14,2026-05-09 12:48:14,3228300.0,2250000.0,978300.0
CNT002889,PO001552,NCC045,2026-03-28 02:32:39,2026-05-12 02:32:39,36003600.0,26574700.0,9428900.0
CNT002890,PO002173,NCC030,2026-03-30 04:53:09,2026-05-14 04:53:09,150141500.0,150141500.0,0.0
CNT002891,PO001697,NCC003,2026-03-28 15:05:50,2026-05-12 15:05:50,16827000.0,16827000.0,0.0
CNT002892,PO001136,NCC038,2026-03-30 05:27:15,2026-05-14 05:27:15,1616800.0,1011500.0,605300.0
CNT002893,PO003423,NCC032,2026-03-27 11:43:11,2026-05-11 11:43:11,61455000.0,39018700.0,22436300.0
CNT002894,PO000814,NCC010,2026-03-31 15:25:08,2026-05-15 15:25:08,5587200.0,1306100.0,4281100.0
CNT002895,PO002953,NCC008,2026-03-30 16:00:56,2026-05-14 16:00:56,77391300.0,48096600.0,29294700.0
CNT002896,PO000325,NCC035,2026-04-01 00:35:20,2026-05-16 00:35:20,540621200.0,540621200.0,0.0
CNT002897,PO002152,NCC014,2026-03-28 02:49:36,2026-05-12 02:49:36,33686400.0,31199900.0,2486500.0
CNT002898,PO002506,NCC012,2026-03-30 03:18:36,2026-05-14 03:18:36,47855000.0,29342600.0,18512400.0
CNT002899,PO001609,NCC003,2026-04-01 04:45:35,2026-05-16 04:45:35,186501900.0,186501900.0,0.0
CNT002900,PO002508,NCC037,2026-03-30 09:52:58,2026-05-14 09:52:58,378144000.0,378144000.0,0.0
CNT002901,PO000483,NCC038,2026-03-29 23:51:28,2026-05-13 23:51:28,108580700.0,108580700.0,0.0
CNT002902,PO000123,NCC020,2026-04-02 02:16:21,2026-05-17 02:16:21,23480800.0,23480800.0,0.0
CNT002903,PO000124,NCC039,2026-03-30 02:29:21,2026-05-14 02:29:21,16864000.0,7063900.0,9800100.0
CNT002904,PO000875,NCC035,2026-04-02 03:47:13,2026-05-17 03:47:13,24805000.0,24805000.0,0.0
CNT002905,PO001267,NCC019,2026-04-02 08:33:36,2026-05-17 08:33:36,3019800.0,3019800.0,0.0
CNT002906,PO001458,NCC025,2026-03-29 10:08:54,2026-05-13 10:08:54,172563300.0,172563300.0,0.0
CNT002907,PO002735,NCC020,2026-03-29 11:08:36,2026-05-13 11:08:36,87652500.0,63416800.0,24235700.0
CNT002908,PO001093,NCC030,2026-04-03 03:37:22,2026-05-18 03:37:22,2415000.0,2415000.0,0.0
CNT002909,PO001175,NCC014,2026-04-03 07:55:35,2026-05-18 07:55:35,24945200.0,24945200.0,0.0
CNT002910,PO000860,NCC030,2026-04-02 20:21:07,2026-05-17 20:21:07,71824500.0,71824500.0,0.0
CNT002911,PO000081,NCC038,2026-03-30 21:46:40,2026-05-14 21:46:40,2184000.0,2184000.0,0.0
CNT002912,PO003056,NCC008,2026-03-31 03:47:23,2026-05-15 03:47:23,407175400.0,407175400.0,0.0
CNT002913,PO001521,NCC024,2026-03-31 11:08:47,2026-05-15 11:08:47,19925400.0,7255800.0,12669600.0
CNT002914,PO000405,NCC006,2026-04-05 00:19:48,2026-05-20 00:19:48,336465600.0,336465600.0,0.0
CNT002915,PO001777,NCC039,2026-04-04 13:18:14,2026-05-19 13:18:14,119565000.0,119565000.0,0.0
CNT002916,PO003332,NCC021,2026-04-03 16:16:45,2026-05-18 16:16:45,101139300.0,101139300.0,0.0
CNT002917,PO002171,NCC022,2026-04-01 16:47:58,2026-05-16 16:47:58,18446000.0,9200500.0,9245500.0
CNT002918,PO000956,NCC017,2026-04-05 18:32:12,2026-05-20 18:32:12,31663200.0,31663200.0,0.0
CNT002919,PO000646,NCC034,2026-04-02 22:36:50,2026-05-17 22:36:50,79242000.0,1124900.0,78117100.0
CNT002920,PO000529,NCC012,2026-04-05 07:50:44,2026-05-20 07:50:44,238872000.0,76348800.0,162523200.0
CNT002921,PO003125,NCC016,2026-04-02 08:35:21,2026-05-17 08:35:21,61182000.0,61182000.0,0.0
CNT002922,PO000834,NCC043,2026-04-07 09:18:08,2026-05-22 09:18:08,8514300.0,3773500.0,4740800.0
CNT002923,PO000330,NCC019,2026-04-07 13:43:18,2026-05-22 13:43:18,88687800.0,88687800.0,0.0
CNT002924,PO003237,NCC014,2026-04-06 14:54:50,2026-05-21 14:54:50,9109800.0,5726300.0,3383500.0
CNT002925,PO002682,NCC035,2026-04-03 22:35:09,2026-05-18 22:35:09,812646100.0,744166800.0,68479300.0
CNT002926,PO001791,NCC011,2026-04-06 23:32:40,2026-05-21 23:32:40,29951200.0,25599800.0,4351400.0
CNT002927,PO001423,NCC019,2026-04-08 00:22:15,2026-05-23 00:22:15,4726800.0,4726800.0,0.0
CNT002928,PO003133,NCC043,2026-04-08 12:13:09,2026-05-23 12:13:09,23280000.0,20428800.0,2851200.0
CNT002929,PO000246,NCC026,2026-04-04 13:43:14,2026-05-19 13:43:14,42031200.0,38816900.0,3214300.0
CNT002930,PO001414,NCC014,2026-04-05 14:26:35,2026-05-20 14:26:35,26317500.0,26317500.0,0.0
CNT002931,PO000485,NCC014,2026-04-08 18:06:46,2026-05-23 18:06:46,16097200.0,1964400.0,14132800.0
CNT002932,PO000840,NCC023,2026-04-07 03:22:10,2026-05-22 03:22:10,37440000.0,37440000.0,0.0
CNT002933,PO000647,NCC044,2026-04-09 03:29:22,2026-05-24 03:29:22,14011800.0,4661500.0,9350300.0
CNT002934,PO000865,NCC014,2026-04-05 03:48:36,2026-05-20 03:48:36,393938400.0,270009700.0,123928700.0
CNT002935,PO000085,NCC006,2026-04-07 07:28:38,2026-05-22 07:28:38,8554000.0,5850200.0,2703800.0
CNT002936,PO002384,NCC040,2026-04-08 09:17:23,2026-05-23 09:17:23,83692800.0,10575700.0,73117100.0
CNT002937,PO001636,NCC023,2026-04-09 10:54:41,2026-05-24 10:54:41,66740000.0,34075400.0,32664600.0
CNT002938,PO000392,NCC031,2026-04-06 18:07:44,2026-05-21 18:07:44,250962400.0,250962400.0,0.0
CNT002939,PO001225,NCC043,2026-04-07 18:53:01,2026-05-22 18:53:01,56684100.0,54958100.0,1726000.0
CNT002940,PO000598,NCC005,2026-04-10 01:10:52,2026-05-25 01:10:52,32045000.0,32045000.0,0.0
CNT002941,PO000167,NCC005,2026-04-09 02:58:30,2026-05-24 02:58:30,89198900.0,89198900.0,0.0
CNT002942,PO000439,NCC030,2026-04-08 02:59:30,2026-05-23 02:59:30,16051200.0,1721200.0,14330000.0
CNT002943,PO003241,NCC025,2026-04-09 07:49:00,2026-05-24 07:49:00,30069700.0,30069700.0,0.0
CNT002944,PO003093,NCC004,2026-04-07 13:41:44,2026-05-22 13:41:44,22250800.0,22250800.0,0.0
CNT002945,PO000528,NCC041,2026-04-10 16:34:55,2026-05-25 16:34:55,231953400.0,150307500.0,81645900.0
CNT002946,PO000542,NCC038,2026-04-10 01:22:31,2026-05-25 01:22:31,871500.0,871500.0,0.0
CNT002947,PO001266,NCC001,2026-04-07 01:33:52,2026-05-22 01:33:52,583303800.0,583303800.0,0.0
CNT002948,PO000210,NCC015,2026-04-07 11:57:31,2026-05-22 11:57:31,122342700.0,115142200.0,7200500.0
CNT002949,PO001931,NCC030,2026-04-08 13:28:40,2026-05-23 13:28:40,110890000.0,67903500.0,42986500.0
CNT002950,PO002477,NCC043,2026-04-08 13:30:04,2026-05-23 13:30:04,52004400.0,52004400.0,0.0
CNT002951,PO003424,NCC030,2026-04-10 14:47:24,2026-05-25 14:47:24,475092000.0,475092000.0,0.0
CNT002952,PO002531,NCC045,2026-04-09 06:56:38,2026-05-24 06:56:38,139724200.0,21199400.0,118524800.0
CNT002953,PO000935,NCC010,2026-04-10 09:35:37,2026-05-25 09:35:37,450616500.0,15257500.0,435359000.0
CNT002954,PO003015,NCC036,2026-04-09 13:47:39,2026-05-24 13:47:39,51538000.0,50939900.0,598100.0
CNT002955,PO001894,NCC020,2026-04-08 16:59:55,2026-05-23 16:59:55,33170200.0,33170200.0,0.0
CNT002956,PO000844,NCC035,2026-04-10 21:35:36,2026-05-25 21:35:36,87825000.0,87825000.0,0.0
CNT002957,PO001427,NCC038,2026-04-11 00:36:58,2026-05-26 00:36:58,504037800.0,62177400.0,441860400.0
CNT002958,PO003461,NCC037,2026-04-11 08:33:14,2026-05-26 08:33:14,29463000.0,29463000.0,0.0
CNT002959,PO000531,NCC037,2026-04-10 10:02:27,2026-05-25 10:02:27,258440000.0,25425700.0,233014300.0
CNT002960,PO002710,NCC029,2026-04-11 01:17:56,2026-05-26 01:17:56,54771200.0,54771200.0,0.0
CNT002961,PO001103,NCC008,2026-04-10 05:12:42,2026-05-25 05:12:42,16359000.0,6947700.0,9411300.0
CNT002962,PO001168,NCC044,2026-04-10 07:13:59,2026-05-25 07:13:59,133257400.0,133257400.0,0.0
CNT002963,PO000793,NCC032,2026-04-10 08:17:23,2026-05-25 08:17:23,185484800.0,185484800.0,0.0
CNT002964,PO001048,NCC035,2026-04-12 12:06:56,2026-05-27 12:06:56,11498500.0,9725000.0,1773500.0
CNT002965,PO000340,NCC045,2026-04-12 13:07:28,2026-05-27 13:07:28,9216900.0,1559600.0,7657300.0
CNT002966,PO002708,NCC035,2026-04-13 14:35:07,2026-05-28 14:35:07,59859200.0,45503000.0,14356200.0
CNT002967,PO002309,NCC038,2026-04-11 02:52:11,2026-05-26 02:52:11,135194200.0,135194200.0,0.0
CNT002968,PO000243,NCC022,2026-04-12 03:52:04,2026-05-27 03:52:04,46726400.0,10734900.0,35991500.0
CNT002969,PO001815,NCC045,2026-04-14 05:29:34,2026-05-29 05:29:34,26761500.0,18100100.0,8661400.0
CNT002970,PO001680,NCC006,2026-04-14 06:24:17,2026-05-29 06:24:17,211349600.0,211349600.0,0.0
CNT002971,PO001936,NCC002,2026-04-11 08:17:46,2026-05-26 08:17:46,43159500.0,43159500.0,0.0
CNT002972,PO002286,NCC025,2026-04-11 08:39:15,2026-05-26 08:39:15,39141300.0,28747100.0,10394200.0
CNT002973,PO003245,NCC015,2026-04-13 13:38:36,2026-05-28 13:38:36,292320000.0,292320000.0,0.0
CNT002974,PO000825,NCC007,2026-04-14 00:53:38,2026-05-29 00:53:38,489418400.0,128550000.0,360868400.0
CNT002975,PO001555,NCC029,2026-04-13 01:41:47,2026-05-28 01:41:47,52390000.0,52390000.0,0.0
CNT002976,PO000872,NCC008,2026-04-12 09:08:07,2026-05-27 09:08:07,48429800.0,30581800.0,17848000.0
CNT002977,PO003210,NCC008,2026-04-13 11:38:02,2026-05-28 11:38:02,39618000.0,39618000.0,0.0
CNT002978,PO002326,NCC004,2026-04-15 13:42:53,2026-05-30 13:42:53,18513600.0,18513600.0,0.0
CNT002979,PO002571,NCC021,2026-04-13 15:16:06,2026-05-28 15:16:06,9196000.0,9196000.0,0.0
CNT002980,PO002549,NCC042,2026-04-14 19:12:35,2026-05-29 19:12:35,60341500.0,60341500.0,0.0
CNT002981,PO001735,NCC020,2026-04-15 00:56:13,2026-05-30 00:56:13,15695000.0,15695000.0,0.0
CNT002982,PO000623,NCC033,2026-04-17 03:32:35,2026-06-01 03:32:35,3070200.0,3070200.0,0.0
CNT002983,PO003054,NCC003,2026-04-14 09:45:26,2026-05-29 09:45:26,67609600.0,67609600.0,0.0
CNT002984,PO000465,NCC035,2026-04-14 20:29:35,2026-05-29 20:29:35,10102400.0,10102400.0,0.0
CNT002985,PO001712,NCC036,2026-04-17 23:51:55,2026-06-01 23:51:55,91233000.0,91233000.0,0.0
CNT002986,PO001352,NCC045,2026-04-16 08:32:14,2026-05-31 08:32:14,125419200.0,125419200.0,0.0
CNT002987,PO002400,NCC033,2026-04-18 16:54:47,2026-06-02 16:54:47,30603200.0,2176800.0,28426400.0
CNT002988,PO000229,NCC018,2026-04-14 21:48:17,2026-05-29 21:48:17,29390700.0,29390700.0,0.0
CNT002989,PO002559,NCC015,2026-04-16 22:06:02,2026-05-31 22:06:02,63408800.0,63408800.0,0.0
CNT002990,PO001888,NCC017,2026-04-18 22:44:42,2026-06-02 22:44:42,4602000.0,4602000.0,0.0
CNT002991,PO000858,NCC011,2026-04-17 23:50:43,2026-06-01 23:50:43,31716100.0,31716100.0,0.0
CNT002992,PO000378,NCC029,2026-04-18 01:55:19,2026-06-02 01:55:19,85965600.0,64818500.0,21147100.0
CNT002993,PO002938,NCC042,2026-04-17 15:08:53,2026-06-01 15:08:53,18965600.0,18965600.0,0.0
CNT002994,PO002896,NCC041,2026-04-19 17:33:50,2026-06-03 17:33:50,52398500.0,52398500.0,0.0
CNT002995,PO000550,NCC017,2026-04-15 18:45:30,2026-05-30 18:45:30,25696200.0,17488800.0,8207400.0
CNT002996,PO001249,NCC011,2026-04-16 14:33:26,2026-05-31 14:33:26,97656200.0,2673100.0,94983100.0
CNT002997,PO002413,NCC029,2026-04-18 19:01:38,2026-06-02 19:01:38,13560800.0,5543600.0,8017200.0
CNT002998,PO000578,NCC013,2026-04-19 21:56:45,2026-06-03 21:56:45,84289600.0,84289600.0,0.0
CNT002999,PO001370,NCC012,2026-04-19 23:26:25,2026-06-03 23:26:25,16590000.0,13240500.0,3349500.0
CNT003000,PO000853,NCC030,2026-04-21 00:03:40,2026-06-05 00:03:40,193361400.0,193361400.0,0.0
CNT003001,PO000503,NCC032,2026-04-17 12:02:38,2026-06-01 12:02:38,67182900.0,64743900.0,2439000.0
CNT003002,PO002195,NCC004,2026-04-21 00:22:47,2026-06-05 00:22:47,82016000.0,82016000.0,0.0
CNT003003,PO001359,NCC043,2026-04-21 04:25:40,2026-06-05 04:25:40,32270700.0,32270700.0,0.0
CNT003004,PO001751,NCC006,2026-04-18 04:49:12,2026-06-02 04:49:12,117011800.0,89571400.0,27440400.0
CNT003005,PO003304,NCC006,2026-04-20 06:53:37,2026-06-04 06:53:37,449789600.0,186322400.0,263467200.0
CNT003006,PO003191,NCC005,2026-04-19 07:38:49,2026-06-03 07:38:49,578259000.0,369341100.0,208917900.0
CNT003007,PO002220,NCC042,2026-04-21 18:29:22,2026-06-05 18:29:22,38057900.0,38057900.0,0.0
CNT003008,PO000402,NCC035,2026-04-20 19:06:41,2026-06-04 19:06:41,598361200.0,466252000.0,132109200.0
CNT003009,PO000567,NCC024,2026-04-20 21:41:48,2026-06-04 21:41:48,18356300.0,10879500.0,7476800.0
CNT003010,PO000236,NCC020,2026-04-22 10:54:31,2026-06-06 10:54:31,95233800.0,95233800.0,0.0
CNT003011,PO001635,NCC008,2026-04-23 16:04:18,2026-06-07 16:04:18,112942800.0,112942800.0,0.0
CNT003012,PO002257,NCC007,2026-04-19 22:49:42,2026-06-03 22:49:42,302761900.0,202561000.0,100200900.0
CNT003013,PO000655,NCC032,2026-04-22 23:14:25,2026-06-06 23:14:25,51608600.0,51608600.0,0.0
CNT003014,PO003258,NCC002,2026-04-21 06:03:34,2026-06-05 06:03:34,20441800.0,17994100.0,2447700.0
CNT003015,PO001585,NCC018,2026-04-24 07:07:53,2026-06-08 07:07:53,322555200.0,322555200.0,0.0
CNT003016,PO001604,NCC038,2026-04-20 10:07:29,2026-06-04 10:07:29,305384000.0,36473600.0,268910400.0
CNT003017,PO000963,NCC029,2026-04-23 13:39:41,2026-06-07 13:39:41,61286400.0,11951300.0,49335100.0
CNT003018,PO000978,NCC027,2026-04-21 15:21:23,2026-06-05 15:21:23,18701700.0,18701700.0,0.0
CNT003019,PO000690,NCC044,2026-04-20 15:49:55,2026-06-04 15:49:55,123097600.0,123097600.0,0.0
CNT003020,PO002100,NCC001,2026-04-21 22:15:59,2026-06-05 22:15:59,35311800.0,35311800.0,0.0
CNT003021,PO003482,NCC029,2026-04-25 01:47:55,2026-06-09 01:47:55,251652000.0,251652000.0,0.0
CNT003022,PO003481,NCC041,2026-04-22 08:00:12,2026-06-06 08:00:12,303368000.0,303368000.0,0.0
CNT003023,PO002828,NCC005,2026-04-22 14:26:47,2026-06-06 14:26:47,29263200.0,12318500.0,16944700.0
CNT003024,PO001386,NCC024,2026-04-21 15:59:45,2026-06-05 15:59:45,3366000.0,1053400.0,2312600.0
CNT003025,PO001104,NCC034,2026-04-22 18:13:18,2026-06-06 18:13:18,39505100.0,6666900.0,32838200.0
CNT003026,PO002128,NCC015,2026-04-24 00:04:58,2026-06-08 00:04:58,117450900.0,117450900.0,0.0
CNT003027,PO001204,NCC009,2026-04-26 07:57:41,2026-06-10 07:57:41,12426400.0,8839700.0,3586700.0
CNT003028,PO001433,NCC013,2026-04-24 13:51:13,2026-06-08 13:51:13,174460000.0,174460000.0,0.0
CNT003029,PO000083,NCC001,2026-04-23 14:21:34,2026-06-07 14:21:34,53865000.0,53865000.0,0.0
CNT003030,PO002041,NCC042,2026-04-26 20:39:04,2026-06-10 20:39:04,235269600.0,235269600.0,0.0
CNT003031,PO000131,NCC040,2026-04-26 02:45:21,2026-06-10 02:45:21,69552500.0,34668100.0,34884400.0
CNT003032,PO001158,NCC038,2026-04-26 03:59:36,2026-06-10 03:59:36,46702500.0,46702500.0,0.0
CNT003033,PO002424,NCC006,2026-04-24 07:47:08,2026-06-08 07:47:08,104346000.0,11536200.0,92809800.0
CNT003034,PO002495,NCC026,2026-04-27 07:15:16,2026-06-11 07:15:16,34806400.0,33855400.0,951000.0
CNT003035,PO003103,NCC032,2026-04-25 10:30:26,2026-06-09 10:30:26,22066000.0,22066000.0,0.0
CNT003036,PO000625,NCC026,2026-04-26 22:59:12,2026-06-10 22:59:12,4989600.0,4989600.0,0.0
CNT003037,PO002453,NCC025,2026-04-27 01:43:39,2026-06-11 01:43:39,133301000.0,133301000.0,0.0
CNT003038,PO002783,NCC005,2026-04-27 10:45:39,2026-06-11 10:45:39,94428000.0,82041100.0,12386900.0
CNT003039,PO000079,NCC013,2026-04-25 10:47:27,2026-06-09 10:47:27,19000000.0,12518500.0,6481500.0
CNT003040,PO000680,NCC023,2026-04-29 11:26:40,2026-06-13 11:26:40,110724400.0,110724400.0,0.0
CNT003041,PO002142,NCC022,2026-04-28 12:23:57,2026-06-12 12:23:57,100900800.0,100900800.0,0.0
CNT003042,PO002352,NCC013,2026-04-29 21:09:45,2026-06-13 21:09:45,13720000.0,4234100.0,9485900.0
CNT003043,PO002469,NCC027,2026-04-28 02:51:27,2026-06-12 02:51:27,28706000.0,28706000.0,0.0
CNT003044,PO002775,NCC036,2026-04-26 03:28:08,2026-06-10 03:28:08,36974000.0,26387600.0,10586400.0
CNT003045,PO002520,NCC024,2026-04-28 08:29:43,2026-06-12 08:29:43,37592700.0,23649100.0,13943600.0
CNT003046,PO000445,NCC004,2026-04-29 19:44:05,2026-06-13 19:44:05,21562800.0,21562800.0,0.0
CNT003047,PO001831,NCC016,2026-05-01 11:18:25,2026-06-15 11:18:25,6140000.0,2354100.0,3785900.0
CNT003048,PO000466,NCC007,2026-04-27 14:00:39,2026-06-11 14:00:39,10086000.0,3849100.0,6236900.0
CNT003049,PO001582,NCC030,2026-04-30 22:03:12,2026-06-14 22:03:12,95809500.0,95809500.0,0.0
CNT003050,PO000615,NCC040,2026-04-29 23:24:05,2026-06-13 23:24:05,3284100.0,1398500.0,1885600.0
CNT003051,PO000060,NCC021,2026-05-01 07:09:07,2026-06-15 07:09:07,56073300.0,9503600.0,46569700.0
CNT003052,PO002491,NCC045,2026-04-29 12:22:41,2026-06-13 12:22:41,83562500.0,51565100.0,31997400.0
CNT003053,PO002860,NCC032,2026-04-30 03:23:11,2026-06-14 03:23:11,241200000.0,241200000.0,0.0
CNT003054,PO001807,NCC001,2026-05-02 04:19:20,2026-06-16 04:19:20,34083800.0,3893500.0,30190300.0
CNT003055,PO000035,NCC019,2026-04-30 08:42:10,2026-06-14 08:42:10,74340300.0,74340300.0,0.0
CNT003056,PO002881,NCC028,2026-05-02 15:39:04,2026-06-16 15:39:04,13529600.0,13529600.0,0.0
CNT003057,PO000824,NCC028,2026-05-03 18:03:23,2026-06-17 18:03:23,615967600.0,615967600.0,0.0
CNT003058,PO002399,NCC027,2026-05-03 23:20:49,2026-06-17 23:20:49,100942400.0,100942400.0,0.0
CNT003059,PO002013,NCC034,2026-05-05 00:35:12,2026-06-19 00:35:12,12312000.0,3777900.0,8534100.0
CNT003060,PO000317,NCC031,2026-05-04 01:28:35,2026-06-18 01:28:35,8613000.0,6504600.0,2108400.0
CNT003061,PO001591,NCC027,2026-05-03 08:48:44,2026-06-17 08:48:44,33079200.0,22834300.0,10244900.0
CNT003062,PO001494,NCC039,2026-05-01 13:23:23,2026-06-15 13:23:23,12074400.0,12074400.0,0.0
CNT003063,PO000671,NCC036,2026-05-01 15:42:17,2026-06-15 15:42:17,39955000.0,5611500.0,34343500.0
CNT003064,PO002244,NCC001,2026-05-05 16:30:52,2026-06-19 16:30:52,7363000.0,7363000.0,0.0
CNT003065,PO000326,NCC001,2026-05-02 17:33:46,2026-06-16 17:33:46,52788400.0,52788400.0,0.0
CNT003066,PO000096,NCC017,2026-05-02 23:32:38,2026-06-16 23:32:38,111162400.0,93382600.0,17779800.0
CNT003067,PO002890,NCC028,2026-05-06 16:21:23,2026-06-20 16:21:23,293500800.0,293500800.0,0.0
CNT003068,PO000130,NCC034,2026-05-06 01:19:08,2026-06-20 01:19:08,12608000.0,12608000.0,0.0
CNT003069,PO002586,NCC033,2026-05-06 04:12:53,2026-06-20 04:12:53,48108600.0,3424300.0,44684300.0
CNT003070,PO003267,NCC039,2026-05-05 09:01:20,2026-06-19 09:01:20,92460000.0,66917800.0,25542200.0
CNT003071,PO002016,NCC001,2026-05-07 12:36:09,2026-06-21 12:36:09,700920000.0,116022900.0,584897100.0
CNT003072,PO000968,NCC044,2026-05-05 07:25:12,2026-06-19 07:25:12,78625500.0,49208900.0,29416600.0
CNT003073,PO000776,NCC018,2026-05-04 10:51:53,2026-06-18 10:51:53,75654000.0,75654000.0,0.0
CNT003074,PO002942,NCC001,2026-05-08 15:39:50,2026-06-22 15:39:50,456091500.0,456091500.0,0.0
CNT003075,PO000303,NCC026,2026-05-04 18:56:27,2026-06-18 18:56:27,60506700.0,7995500.0,52511200.0
CNT003076,PO002870,NCC021,2026-05-07 21:04:03,2026-06-21 21:04:03,19671600.0,19671600.0,0.0
CNT003077,PO002704,NCC009,2026-05-07 23:46:17,2026-06-21 23:46:17,46992000.0,38318900.0,8673100.0
CNT003078,PO002180,NCC009,2026-05-09 06:12:36,2026-06-23 06:12:36,5755200.0,5755200.0,0.0
CNT003079,PO001277,NCC038,2026-05-09 06:31:55,2026-06-23 06:31:55,14352000.0,11741800.0,2610200.0
CNT003080,PO000822,NCC022,2026-05-05 08:46:22,2026-06-19 08:46:22,24994400.0,24994400.0,0.0
CNT003081,PO000958,NCC041,2026-05-06 10:01:18,2026-06-20 10:01:18,75060000.0,75060000.0,0.0
CNT003082,PO002721,NCC021,2026-05-08 10:36:34,2026-06-22 10:36:34,24982800.0,16262900.0,8719900.0
CNT003083,PO003389,NCC002,2026-05-08 13:08:32,2026-06-22 13:08:32,14889600.0,14889600.0,0.0
CNT003084,PO002472,NCC005,2026-05-08 21:23:42,2026-06-22 21:23:42,10446500.0,10293600.0,152900.0
CNT003085,PO001853,NCC021,2026-05-07 21:35:34,2026-06-21 21:35:34,92083500.0,50755500.0,41328000.0
CNT003086,PO003287,NCC014,2026-05-07 22:01:50,2026-06-21 22:01:50,15559500.0,9409700.0,6149800.0
CNT003087,PO001639,NCC031,2026-05-09 04:36:44,2026-06-23 04:36:44,124184200.0,124184200.0,0.0
CNT003088,PO002246,NCC041,2026-05-08 19:56:16,2026-06-22 19:56:16,48818700.0,17209500.0,31609200.0
CNT003089,PO001763,NCC034,2026-05-09 20:41:06,2026-06-23 20:41:06,37949000.0,14589300.0,23359700.0
CNT003090,PO002518,NCC039,2026-05-09 22:24:19,2026-06-23 22:24:19,43243200.0,34643800.0,8599400.0
CNT003091,PO002278,NCC041,2026-05-07 02:09:56,2026-06-21 02:09:56,43137600.0,27876700.0,15260900.0
CNT003092,PO001804,NCC025,2026-05-10 04:38:57,2026-06-24 04:38:57,19656000.0,4246700.0,15409300.0
CNT003093,PO002603,NCC004,2026-05-10 07:04:44,2026-06-24 07:04:44,22103400.0,14882100.0,7221300.0
CNT003094,PO000371,NCC034,2026-05-11 14:54:14,2026-06-25 14:54:14,138372800.0,138372800.0,0.0
CNT003095,PO001747,NCC025,2026-05-11 18:07:23,2026-06-25 18:07:23,29313600.0,3329800.0,25983800.0
CNT003096,PO002110,NCC027,2026-05-11 19:24:55,2026-06-25 19:24:55,564020600.0,564020600.0,0.0
CNT003097,PO002636,NCC027,2026-05-11 20:38:50,2026-06-25 20:38:50,24128000.0,2189300.0,21938700.0
CNT003098,PO002184,NCC043,2026-05-10 00:11:50,2026-06-24 00:11:50,24220500.0,24220500.0,0.0
CNT003099,PO001382,NCC034,2026-05-09 02:22:24,2026-06-23 02:22:24,9460000.0,9460000.0,0.0
CNT003100,PO003261,NCC036,2026-05-08 17:02:53,2026-06-22 17:02:53,127993900.0,46105800.0,81888100.0
CNT003101,PO002639,NCC034,2026-05-08 19:49:26,2026-06-22 19:49:26,259464000.0,259464000.0,0.0
CNT003102,PO002774,NCC020,2026-05-13 04:04:26,2026-06-27 04:04:26,95915800.0,95915800.0,0.0
CNT003103,PO003038,NCC029,2026-05-13 04:50:04,2026-06-27 04:50:04,2711700.0,2207800.0,503900.0
CNT003104,PO002944,NCC038,2026-05-13 05:17:25,2026-06-27 05:17:25,14881600.0,8958400.0,5923200.0
CNT003105,PO001538,NCC006,2026-05-11 15:23:04,2026-06-25 15:23:04,32481600.0,32481600.0,0.0
CNT003106,PO003224,NCC016,2026-05-12 15:42:44,2026-06-26 15:42:44,30103800.0,30103800.0,0.0
CNT003107,PO002634,NCC045,2026-05-12 17:20:22,2026-06-26 17:20:22,4873200.0,4873200.0,0.0
CNT003108,PO002882,NCC009,2026-05-09 20:43:53,2026-06-23 20:43:53,6302400.0,6302400.0,0.0
CNT003109,PO001232,NCC003,2026-05-12 20:48:18,2026-06-26 20:48:18,170145100.0,170145100.0,0.0
CNT003110,PO000519,NCC009,2026-05-12 21:04:38,2026-06-26 21:04:38,30871200.0,30871200.0,0.0
CNT003111,PO001914,NCC031,2026-05-10 05:49:38,2026-06-24 05:49:38,530956200.0,530956200.0,0.0
CNT003112,PO000848,NCC001,2026-05-10 13:28:42,2026-06-24 13:28:42,36251100.0,35344100.0,907000.0
CNT003113,PO000209,NCC006,2026-05-12 17:32:10,2026-06-26 17:32:10,67642900.0,17147500.0,50495400.0
CNT003114,PO000310,NCC014,2026-05-13 19:33:25,2026-06-27 19:33:25,15379400.0,11600400.0,3779000.0
CNT003115,PO003265,NCC027,2026-05-10 22:11:39,2026-06-24 22:11:39,94293500.0,94293500.0,0.0
CNT003116,PO001533,NCC014,2026-05-13 10:18:13,2026-06-27 10:18:13,150680400.0,120350700.0,30329700.0
CNT003117,PO000903,NCC030,2026-05-11 17:03:33,2026-06-25 17:03:33,569867000.0,59493800.0,510373200.0
CNT003118,PO001029,NCC018,2026-05-12 17:53:36,2026-06-26 17:53:36,659353200.0,659353200.0,0.0
CNT003119,PO002001,NCC017,2026-05-14 19:03:53,2026-06-28 19:03:53,237072000.0,237072000.0,0.0
CNT003120,PO002643,NCC020,2026-05-11 22:11:04,2026-06-25 22:11:04,38223000.0,1794300.0,36428700.0
CNT003121,PO002584,NCC035,2026-05-14 02:48:38,2026-06-28 02:48:38,390448000.0,258287000.0,132161000.0
CNT003122,PO000514,NCC022,2026-05-13 18:41:12,2026-06-27 18:41:12,55254400.0,37953500.0,17300900.0
CNT003123,PO001905,NCC011,2026-05-12 21:19:48,2026-06-26 21:19:48,25428000.0,20499200.0,4928800.0
CNT003124,PO000370,NCC033,2026-05-13 12:09:51,2026-06-27 12:09:51,45423000.0,45423000.0,0.0
CNT003125,PO001709,NCC004,2026-05-14 13:02:47,2026-06-28 13:02:47,126983700.0,126983700.0,0.0
CNT003126,PO001149,NCC005,2026-05-17 13:19:20,2026-07-01 13:19:20,27702000.0,24546900.0,3155100.0
CNT003127,PO002336,NCC002,2026-05-13 15:46:04,2026-06-27 15:46:04,21014000.0,21014000.0,0.0
CNT003128,PO001180,NCC002,2026-05-14 23:05:46,2026-06-28 23:05:46,21645000.0,21645000.0,0.0
CNT003129,PO002341,NCC033,2026-05-16 01:59:50,2026-06-30 01:59:50,8183000.0,8183000.0,0.0
CNT003130,PO000600,NCC014,2026-05-16 10:25:24,2026-06-30 10:25:24,269315000.0,48176000.0,221139000.0
CNT003131,PO002111,NCC011,2026-05-18 20:54:16,2026-07-02 20:54:16,10298000.0,4698000.0,5600000.0
CNT003132,PO002843,NCC010,2026-05-16 02:29:51,2026-06-30 02:29:51,24155400.0,24155400.0,0.0
CNT003133,PO003150,NCC030,2026-05-16 10:06:51,2026-06-30 10:06:51,32574200.0,20498300.0,12075900.0
CNT003134,PO001549,NCC009,2026-05-18 12:51:48,2026-07-02 12:51:48,36288000.0,36288000.0,0.0
CNT003135,PO003096,NCC006,2026-05-16 15:33:46,2026-06-30 15:33:46,19292000.0,19292000.0,0.0
CNT003136,PO001822,NCC035,2026-05-16 21:38:22,2026-06-30 21:38:22,4949600.0,4949600.0,0.0
CNT003137,PO000172,NCC013,2026-05-21 00:28:12,2026-07-05 00:28:12,13521600.0,10534400.0,2987200.0
CNT003138,PO001600,NCC009,2026-05-20 11:58:25,2026-07-04 11:58:25,524574000.0,524574000.0,0.0
CNT003139,PO003026,NCC037,2026-05-18 12:26:44,2026-07-02 12:26:44,488094300.0,488094300.0,0.0
CNT003140,PO000710,NCC026,2026-05-20 19:16:57,2026-07-04 19:16:57,143430300.0,143430300.0,0.0
CNT003141,PO002275,NCC016,2026-05-20 03:20:18,2026-07-04 03:20:18,5041000.0,5041000.0,0.0
CNT003142,PO001772,NCC025,2026-05-22 09:42:37,2026-07-06 09:42:37,97549200.0,47115600.0,50433600.0
CNT003143,PO002712,NCC020,2026-05-22 10:40:09,2026-07-06 10:40:09,6934500.0,6934500.0,0.0
CNT003144,PO000446,NCC003,2026-05-18 12:12:09,2026-07-02 12:12:09,41589100.0,41589100.0,0.0
CNT003145,PO001344,NCC007,2026-05-21 20:11:54,2026-07-05 20:11:54,6027000.0,6027000.0,0.0
CNT003146,PO000606,NCC034,2026-05-23 09:42:06,2026-07-07 09:42:06,71412600.0,71412600.0,0.0
CNT003147,PO002318,NCC005,2026-05-19 16:24:33,2026-07-03 16:24:33,106177500.0,78890700.0,27286800.0
CNT003148,PO000874,NCC042,2026-05-20 23:05:39,2026-07-04 23:05:39,480731200.0,480731200.0,0.0
CNT003149,PO002423,NCC016,2026-05-20 01:16:09,2026-07-04 01:16:09,140436400.0,140436400.0,0.0
CNT003150,PO002109,NCC007,2026-05-21 02:01:29,2026-07-05 02:01:29,19203800.0,19203800.0,0.0
CNT003151,PO002647,NCC019,2026-05-23 06:35:28,2026-07-07 06:35:28,13990800.0,13990800.0,0.0
CNT003152,PO003398,NCC023,2026-05-24 16:48:25,2026-07-08 16:48:25,97370400.0,97370400.0,0.0
CNT003153,PO000783,NCC041,2026-05-23 16:59:55,2026-07-07 16:59:55,51914200.0,35703200.0,16211000.0
CNT003154,PO000224,NCC029,2026-05-23 23:35:12,2026-07-07 23:35:12,53737200.0,53737200.0,0.0
CNT003155,PO000011,NCC023,2026-05-21 00:38:54,2026-07-05 00:38:54,73272500.0,58721600.0,14550900.0
CNT003156,PO002563,NCC001,2026-05-24 11:47:11,2026-07-08 11:47:11,90844600.0,63223500.0,27621100.0
CNT003157,PO001428,NCC027,2026-05-21 13:45:08,2026-07-05 13:45:08,92400000.0,92400000.0,0.0
CNT003158,PO002558,NCC037,2026-05-21 14:54:14,2026-07-05 14:54:14,4779000.0,3835900.0,943100.0
CNT003159,PO000050,NCC011,2026-05-21 21:21:24,2026-07-05 21:21:24,143430600.0,86189100.0,57241500.0
CNT003160,PO002098,NCC014,2026-05-23 23:26:23,2026-07-07 23:26:23,262306600.0,243293700.0,19012900.0
CNT003161,PO000015,NCC016,2026-05-22 03:06:19,2026-07-06 03:06:19,180630100.0,50389800.0,130240300.0
CNT003162,PO000010,NCC008,2026-05-23 03:51:31,2026-07-07 03:51:31,15007200.0,15007200.0,0.0
CNT003163,PO000404,NCC029,2026-05-24 05:47:28,2026-07-08 05:47:28,874200.0,874200.0,0.0
CNT003164,PO002323,NCC030,2026-05-23 07:36:23,2026-07-07 07:36:23,18818100.0,18818100.0,0.0
CNT003165,PO001652,NCC012,2026-05-23 22:14:28,2026-07-07 22:14:28,96917100.0,96917100.0,0.0
CNT003166,PO001718,NCC023,2026-05-27 00:22:26,2026-07-11 00:22:26,89486700.0,89486700.0,0.0
CNT003167,PO001918,NCC020,2026-05-27 03:40:29,2026-07-11 03:40:29,67550000.0,6811300.0,60738700.0
CNT003168,PO002949,NCC020,2026-05-26 05:41:41,2026-07-10 05:41:41,74344200.0,74344200.0,0.0
CNT003169,PO000678,NCC010,2026-05-25 06:10:59,2026-07-09 06:10:59,35535000.0,35535000.0,0.0
CNT003170,PO003078,NCC005,2026-05-26 13:50:21,2026-07-10 13:50:21,101806000.0,101806000.0,0.0
CNT003171,PO003090,NCC020,2026-05-25 00:47:41,2026-07-09 00:47:41,19277000.0,19277000.0,0.0
CNT003172,PO001466,NCC015,2026-05-25 04:06:06,2026-07-09 04:06:06,309168900.0,309168900.0,0.0
CNT003173,PO001139,NCC040,2026-05-28 10:42:07,2026-07-12 10:42:07,674060800.0,343213400.0,330847400.0
CNT003174,PO003175,NCC009,2026-05-27 12:00:58,2026-07-11 12:00:58,292129500.0,47793900.0,244335600.0
CNT003175,PO002187,NCC003,2026-05-28 13:15:40,2026-07-12 13:15:40,46828700.0,46828700.0,0.0
CNT003176,PO001523,NCC004,2026-05-24 15:57:07,2026-07-08 15:57:07,61677200.0,61677200.0,0.0
CNT003177,PO001614,NCC041,2026-05-27 17:58:46,2026-07-11 17:58:46,463382400.0,199287700.0,264094700.0
CNT003178,PO003414,NCC031,2026-05-24 18:29:14,2026-07-08 18:29:14,81327100.0,17050900.0,64276200.0
CNT003179,PO002801,NCC023,2026-05-27 11:44:37,2026-07-11 11:44:37,110004000.0,12402300.0,97601700.0
CNT003180,PO002266,NCC015,2026-05-26 12:20:43,2026-07-10 12:20:43,119304900.0,106527600.0,12777300.0
CNT003181,PO001534,NCC032,2026-05-25 13:49:20,2026-07-09 13:49:20,21883200.0,21883200.0,0.0
CNT003182,PO001657,NCC025,2026-05-29 20:12:01,2026-07-13 20:12:01,23194400.0,23132700.0,61700.0
CNT003183,PO002644,NCC025,2026-05-27 08:26:49,2026-07-11 08:26:49,69580800.0,69580800.0,0.0
CNT003184,PO001754,NCC039,2026-05-30 10:43:35,2026-07-14 10:43:35,43848900.0,43195600.0,653300.0
CNT003185,PO000191,NCC001,2026-05-27 21:10:45,2026-07-11 21:10:45,1499400.0,1111300.0,388100.0
CNT003186,PO000878,NCC004,2026-05-27 05:45:12,2026-07-11 05:45:12,236406000.0,196882400.0,39523600.0
CNT003187,PO002854,NCC035,2026-05-31 06:21:38,2026-07-15 06:21:38,168432000.0,145209300.0,23222700.0
CNT003188,PO002432,NCC024,2026-05-28 21:18:56,2026-07-12 21:18:56,15067600.0,12606000.0,2461600.0
CNT003189,PO001403,NCC001,2026-06-01 07:13:24,2026-07-16 07:13:24,36852000.0,23867400.0,12984600.0
CNT003190,PO000335,NCC045,2026-05-28 11:01:22,2026-07-12 11:01:22,21296200.0,21296200.0,0.0
CNT003191,PO001975,NCC002,2026-05-28 18:20:31,2026-07-12 18:20:31,4662000.0,1622400.0,3039600.0
CNT003192,PO003212,NCC014,2026-05-29 22:41:57,2026-07-13 22:41:57,170854200.0,103173800.0,67680400.0
CNT003193,PO003190,NCC017,2026-06-02 04:01:27,2026-07-17 04:01:27,10231500.0,9637200.0,594300.0
CNT003194,PO001561,NCC040,2026-06-02 09:50:27,2026-07-17 09:50:27,83107200.0,83107200.0,0.0
CNT003195,PO002456,NCC010,2026-05-30 11:31:39,2026-07-14 11:31:39,33910100.0,3446900.0,30463200.0
CNT003196,PO000282,NCC012,2026-05-29 13:45:26,2026-07-13 13:45:26,763173500.0,763173500.0,0.0
CNT003197,PO002268,NCC041,2026-05-30 14:31:03,2026-07-14 14:31:03,20147800.0,14476700.0,5671100.0
CNT003198,PO000321,NCC032,2026-05-30 20:41:11,2026-07-14 20:41:11,283096800.0,41992400.0,241104400.0
CNT003199,PO002003,NCC020,2026-05-31 22:01:06,2026-07-15 22:01:06,27521700.0,10843900.0,16677800.0
CNT003200,PO002138,NCC035,2026-05-31 22:23:38,2026-07-15 22:23:38,52986400.0,44644000.0,8342400.0
CNT003201,PO000888,NCC016,2026-05-31 10:44:56,2026-07-15 10:44:56,109440900.0,109440900.0,0.0
CNT003202,PO002745,NCC036,2026-06-03 12:47:46,2026-07-18 12:47:46,452330100.0,61502200.0,390827900.0
CNT003203,PO000979,NCC001,2026-06-01 12:56:48,2026-07-16 12:56:48,365272200.0,31756400.0,333515800.0
CNT003204,PO000408,NCC017,2026-05-31 16:31:41,2026-07-15 16:31:41,403069200.0,403069200.0,0.0
CNT003205,PO001468,NCC008,2026-06-03 00:13:21,2026-07-18 00:13:21,105543900.0,105543900.0,0.0
CNT003206,PO000682,NCC027,2026-06-02 00:30:17,2026-07-17 00:30:17,209295400.0,209295400.0,0.0
CNT003207,PO003369,NCC043,2026-06-03 08:16:30,2026-07-18 08:16:30,31685200.0,31685200.0,0.0
CNT003208,PO001060,NCC009,2026-06-01 08:47:37,2026-07-16 08:47:37,277378400.0,277378400.0,0.0
CNT003209,PO003204,NCC041,2026-06-02 12:19:07,2026-07-17 12:19:07,120695300.0,120695300.0,0.0
CNT003210,PO003232,NCC028,2026-06-04 18:20:17,2026-07-19 18:20:17,7417300.0,104700.0,7312600.0
CNT003211,PO001473,NCC027,2026-06-04 02:55:45,2026-07-19 02:55:45,55784700.0,55784700.0,0.0
CNT003212,PO002467,NCC034,2026-06-04 06:12:47,2026-07-19 06:12:47,16385600.0,4019900.0,12365700.0
CNT003213,PO002608,NCC005,2026-06-02 15:18:28,2026-07-17 15:18:28,500377500.0,221304300.0,279073200.0
CNT003214,PO001912,NCC018,2026-06-02 22:06:27,2026-07-17 22:06:27,13250600.0,1407700.0,11842900.0
CNT003215,PO002166,NCC006,2026-06-04 01:28:37,2026-07-19 01:28:37,16994500.0,16994500.0,0.0
CNT003216,PO001507,NCC005,2026-06-04 02:15:07,2026-07-19 02:15:07,35729400.0,35729400.0,0.0
CNT003217,PO002332,NCC023,2026-06-02 02:30:42,2026-07-17 02:30:42,17809200.0,17809200.0,0.0
CNT003218,PO001356,NCC022,2026-06-02 04:10:11,2026-07-17 04:10:11,32412000.0,1770200.0,30641800.0
CNT003219,PO002478,NCC030,2026-06-03 07:21:19,2026-07-18 07:21:19,4703400.0,4703400.0,0.0
CNT003220,PO003107,NCC027,2026-06-02 14:20:42,2026-07-17 14:20:42,92197800.0,92197800.0,0.0
CNT003221,PO000862,NCC017,2026-06-03 16:51:04,2026-07-18 16:51:04,48530600.0,48530600.0,0.0
CNT003222,PO001764,NCC032,2026-06-07 01:07:16,2026-07-22 01:07:16,115783200.0,115783200.0,0.0
CNT003223,PO002238,NCC038,2026-06-06 03:47:29,2026-07-21 03:47:29,1491000.0,121300.0,1369700.0
CNT003224,PO002134,NCC012,2026-06-05 04:02:59,2026-07-20 04:02:59,71677400.0,54931300.0,16746100.0
CNT003225,PO002602,NCC017,2026-06-06 04:28:05,2026-07-21 04:28:05,116116000.0,86404300.0,29711700.0
CNT003226,PO002046,NCC031,2026-06-07 09:33:59,2026-07-22 09:33:59,32496800.0,32496800.0,0.0
CNT003227,PO002390,NCC037,2026-06-06 15:08:12,2026-07-21 15:08:12,5121600.0,2453700.0,2667900.0
CNT003228,PO000155,NCC008,2026-06-04 19:47:47,2026-07-19 19:47:47,3220800.0,3220800.0,0.0
CNT003229,PO000027,NCC035,2026-06-03 21:19:00,2026-07-18 21:19:00,87464000.0,38976000.0,48488000.0
CNT003230,PO000463,NCC031,2026-06-07 00:16:48,2026-07-22 00:16:48,85583400.0,85583400.0,0.0
CNT003231,PO000447,NCC043,2026-06-04 02:30:54,2026-07-19 02:30:54,52021200.0,40493200.0,11528000.0
CNT003232,PO002593,NCC004,2026-06-04 07:47:24,2026-07-19 07:47:24,44945400.0,44945400.0,0.0
CNT003233,PO003329,NCC028,2026-06-05 23:54:32,2026-07-20 23:54:32,12034400.0,12034400.0,0.0
CNT003234,PO001434,NCC005,2026-06-05 04:13:19,2026-07-20 04:13:19,15256000.0,15256000.0,0.0
CNT003235,PO001015,NCC036,2026-06-09 06:01:56,2026-07-24 06:01:56,42253000.0,42253000.0,0.0
CNT003236,PO002231,NCC043,2026-06-08 11:04:59,2026-07-23 11:04:59,105661500.0,105661500.0,0.0
CNT003237,PO001006,NCC012,2026-06-07 22:59:48,2026-07-22 22:59:48,29815200.0,24211500.0,5603700.0
CNT003238,PO001311,NCC018,2026-06-07 05:23:03,2026-07-22 05:23:03,32050200.0,32050200.0,0.0
CNT003239,PO000413,NCC024,2026-06-09 06:16:14,2026-07-24 06:16:14,10756500.0,10756500.0,0.0
CNT003240,PO003009,NCC031,2026-06-06 06:46:50,2026-07-21 06:46:50,66758400.0,66758400.0,0.0
CNT003241,PO002753,NCC017,2026-06-08 12:19:08,2026-07-23 12:19:08,360942400.0,360942400.0,0.0
CNT003242,PO003476,NCC043,2026-06-09 12:41:58,2026-07-24 12:41:58,100158500.0,100158500.0,0.0
CNT003243,PO001958,NCC012,2026-06-09 17:55:26,2026-07-24 17:55:26,4309000.0,4309000.0,0.0
CNT003244,PO001297,NCC006,2026-06-07 21:33:23,2026-07-22 21:33:23,4885600.0,4885600.0,0.0
CNT003245,PO000829,NCC034,2026-06-07 22:25:49,2026-07-22 22:25:49,437487600.0,437487600.0,0.0
CNT003246,PO000805,NCC024,2026-06-07 23:17:00,2026-07-22 23:17:00,18464600.0,18253100.0,211500.0
CNT003247,PO001146,NCC016,2026-06-09 01:39:39,2026-07-24 01:39:39,56260400.0,56260400.0,0.0
CNT003248,PO002722,NCC011,2026-06-08 06:36:29,2026-07-23 06:36:29,40420700.0,4574500.0,35846200.0
CNT003249,PO002970,NCC018,2026-06-11 07:14:57,2026-07-26 07:14:57,40125800.0,2211700.0,37914100.0
CNT003250,PO003149,NCC028,2026-06-08 07:52:36,2026-07-23 07:52:36,7765700.0,6214200.0,1551500.0
CNT003251,PO002766,NCC033,2026-06-11 11:52:02,2026-07-26 11:52:02,5895100.0,5895100.0,0.0
CNT003252,PO002281,NCC038,2026-06-11 11:54:27,2026-07-26 11:54:27,73496800.0,58753400.0,14743400.0
CNT003253,PO000663,NCC012,2026-06-11 16:43:37,2026-07-26 16:43:37,16074000.0,14677900.0,1396100.0
CNT003254,PO001315,NCC019,2026-06-11 19:52:32,2026-07-26 19:52:32,330204600.0,330204600.0,0.0
CNT003255,PO000267,NCC010,2026-06-09 20:52:44,2026-07-24 20:52:44,22820000.0,22820000.0,0.0
CNT003256,PO002950,NCC042,2026-06-07 22:59:16,2026-07-22 22:59:16,153630000.0,153630000.0,0.0
CNT003257,PO002242,NCC030,2026-06-09 01:08:12,2026-07-24 01:08:12,122120000.0,122120000.0,0.0
CNT003258,PO001253,NCC019,2026-06-09 01:44:59,2026-07-24 01:44:59,5335200.0,5157200.0,178000.0
CNT003259,PO000706,NCC034,2026-06-08 03:10:47,2026-07-23 03:10:47,14299000.0,6666200.0,7632800.0
CNT003260,PO001654,NCC043,2026-06-09 03:44:43,2026-07-24 03:44:43,43335000.0,43335000.0,0.0
CNT003261,PO000918,NCC035,2026-06-11 16:29:50,2026-07-26 16:29:50,90942000.0,90942000.0,0.0
CNT003262,PO002979,NCC041,2026-06-12 21:39:31,2026-07-27 21:39:31,93993000.0,93993000.0,0.0
CNT003263,PO003346,NCC014,2026-06-12 22:29:01,2026-07-27 22:29:01,48940500.0,48940500.0,0.0
CNT003264,PO000265,NCC033,2026-06-09 01:17:52,2026-07-24 01:17:52,51617100.0,51617100.0,0.0
CNT003265,PO000533,NCC015,2026-06-10 01:21:15,2026-07-25 01:21:15,38560000.0,38560000.0,0.0
CNT003266,PO002212,NCC009,2026-06-13 03:48:14,2026-07-28 03:48:14,67856200.0,67856200.0,0.0
CNT003267,PO000019,NCC020,2026-06-13 13:19:59,2026-07-28 13:19:59,6496000.0,5644600.0,851400.0
CNT003268,PO001463,NCC020,2026-06-10 18:33:32,2026-07-25 18:33:32,136934600.0,107860800.0,29073800.0
CNT003269,PO000157,NCC005,2026-06-13 18:36:46,2026-07-28 18:36:46,3444000.0,1537300.0,1906700.0
CNT003270,PO000621,NCC013,2026-06-13 11:30:34,2026-07-28 11:30:34,28042900.0,21581100.0,6461800.0
CNT003271,PO001255,NCC012,2026-06-11 14:15:23,2026-07-26 14:15:23,39216000.0,39216000.0,0.0
CNT003272,PO001851,NCC028,2026-06-11 08:30:01,2026-07-26 08:30:01,10825200.0,4025200.0,6800000.0
CNT003273,PO000481,NCC043,2026-06-13 09:33:03,2026-07-28 09:33:03,22760400.0,22760400.0,0.0
CNT003274,PO002966,NCC011,2026-06-14 10:17:57,2026-07-29 10:17:57,55334300.0,48394600.0,6939700.0
CNT003275,PO000893,NCC012,2026-06-11 20:11:20,2026-07-26 20:11:20,722076800.0,722076800.0,0.0
CNT003276,PO002930,NCC007,2026-06-16 02:13:12,2026-07-31 02:13:12,201008000.0,201008000.0,0.0
CNT003277,PO002794,NCC005,2026-06-16 11:12:06,2026-07-31 11:12:06,96259200.0,96259200.0,0.0
CNT003278,PO002958,NCC040,2026-06-15 14:45:44,2026-07-30 14:45:44,226066000.0,226066000.0,0.0
CNT003279,PO001373,NCC038,2026-06-13 15:00:28,2026-07-28 15:00:28,58179000.0,58179000.0,0.0
CNT003280,PO001379,NCC003,2026-06-14 15:30:02,2026-07-29 15:30:02,632269200.0,632269200.0,0.0
CNT003281,PO002484,NCC043,2026-06-16 23:59:38,2026-07-31 23:59:38,497175000.0,361515300.0,135659700.0
CNT003282,PO001009,NCC036,2026-06-14 03:52:48,2026-07-29 03:52:48,8104200.0,8104200.0,0.0
CNT003283,PO001327,NCC019,2026-06-14 08:39:13,2026-07-29 08:39:13,105228000.0,105228000.0,0.0
CNT003284,PO000424,NCC025,2026-06-16 10:18:11,2026-07-31 10:18:11,13572900.0,8382500.0,5190400.0
CNT003285,PO002327,NCC028,2026-06-13 10:56:49,2026-07-28 10:56:49,59178000.0,59178000.0,0.0
CNT003286,PO002175,NCC024,2026-06-17 11:10:23,2026-08-01 11:10:23,10700000.0,8204000.0,2496000.0
CNT003287,PO000331,NCC010,2026-06-13 14:43:56,2026-07-28 14:43:56,93294600.0,70371900.0,22922700.0
CNT003288,PO000928,NCC023,2026-06-16 15:36:35,2026-07-31 15:36:35,48100000.0,6319000.0,41781000.0
CNT003289,PO002951,NCC022,2026-06-17 17:34:48,2026-08-01 17:34:48,206388000.0,206388000.0,0.0
CNT003290,PO002905,NCC031,2026-06-18 10:49:43,2026-08-02 10:49:43,79560000.0,79560000.0,0.0
CNT003291,PO001878,NCC001,2026-06-14 16:27:06,2026-07-29 16:27:06,62086500.0,58278500.0,3808000.0
CNT003292,PO002576,NCC012,2026-06-15 17:02:14,2026-07-30 17:02:14,51529500.0,51529500.0,0.0
CNT003293,PO000654,NCC021,2026-06-15 17:21:32,2026-07-30 17:21:32,2692800.0,2692800.0,0.0
CNT003294,PO003075,NCC043,2026-06-17 12:52:08,2026-08-01 12:52:08,4498000.0,4498000.0,0.0
CNT003295,PO003074,NCC012,2026-06-16 17:16:59,2026-07-31 17:16:59,8028000.0,4832500.0,3195500.0
CNT003296,PO001597,NCC031,2026-06-17 22:26:47,2026-08-01 22:26:47,40906000.0,40906000.0,0.0
CNT003297,PO002852,NCC004,2026-06-19 05:41:11,2026-08-03 05:41:11,19163700.0,16608100.0,2555600.0
CNT003298,PO002659,NCC015,2026-06-18 08:36:53,2026-08-02 08:36:53,26741000.0,26741000.0,0.0
CNT003299,PO001596,NCC011,2026-06-16 08:37:20,2026-07-31 08:37:20,18006300.0,16919300.0,1087000.0
CNT003300,PO000214,NCC023,2026-06-18 15:04:45,2026-08-02 15:04:45,354830000.0,354830000.0,0.0
CNT003301,PO003246,NCC016,2026-06-18 22:16:21,2026-08-02 22:16:21,810601500.0,810601500.0,0.0
CNT003302,PO003276,NCC001,2026-06-18 20:05:33,2026-08-02 20:05:33,35709100.0,35709100.0,0.0
CNT003303,PO003255,NCC040,2026-06-19 22:44:44,2026-08-03 22:44:44,176029600.0,176029600.0,0.0
CNT003304,PO000098,NCC020,2026-06-19 11:20:45,2026-08-03 11:20:45,11490000.0,11490000.0,0.0
CNT003305,PO002202,NCC030,2026-06-18 12:02:48,2026-08-02 12:02:48,281984400.0,281984400.0,0.0
CNT003306,PO000369,NCC031,2026-06-20 21:09:05,2026-08-04 21:09:05,131499200.0,18454000.0,113045200.0
CNT003307,PO001677,NCC014,2026-06-19 08:20:57,2026-08-03 08:20:57,81793600.0,54657700.0,27135900.0
CNT003308,PO002023,NCC017,2026-06-22 08:39:32,2026-08-06 08:39:32,2593500.0,920400.0,1673100.0
CNT003309,PO002548,NCC045,2026-06-19 09:50:48,2026-08-03 09:50:48,13645900.0,1987500.0,11658400.0
CNT003310,PO001666,NCC040,2026-06-19 20:49:32,2026-08-03 20:49:32,301880900.0,301880900.0,0.0
CNT003311,PO001512,NCC007,2026-06-22 03:13:14,2026-08-06 03:13:14,25823900.0,25823900.0,0.0
CNT003312,PO002748,NCC041,2026-06-24 01:02:08,2026-08-08 01:02:08,28917000.0,3292600.0,25624400.0
CNT003313,PO001016,NCC031,2026-06-25 08:00:52,2026-08-09 08:00:52,605198600.0,432611800.0,172586800.0
CNT003314,PO001786,NCC044,2026-06-24 08:28:38,2026-08-08 08:28:38,2153400.0,168800.0,1984600.0
CNT003315,PO001728,NCC009,2026-06-25 09:53:17,2026-08-09 09:53:17,16960800.0,12171300.0,4789500.0
CNT003316,PO001160,NCC018,2026-06-21 11:09:37,2026-08-05 11:09:37,54953000.0,37478600.0,17474400.0
CNT003317,PO001361,NCC043,2026-06-24 11:09:51,2026-08-08 11:09:51,108822400.0,21691200.0,87131200.0
CNT003318,PO003468,NCC002,2026-06-24 13:33:45,2026-08-08 13:33:45,6232800.0,4930000.0,1302800.0
CNT003319,PO000040,NCC029,2026-06-25 15:17:16,2026-08-09 15:17:16,11577600.0,7130500.0,4447100.0
CNT003320,PO002296,NCC041,2026-06-26 09:25:44,2026-08-10 09:25:44,25307600.0,25307600.0,0.0
CNT003321,PO000791,NCC018,2026-06-26 10:16:31,2026-08-10 10:16:31,160682400.0,126999300.0,33683100.0
CNT003322,PO003465,NCC035,2026-06-26 12:27:25,2026-08-10 12:27:25,8267700.0,5570100.0,2697600.0
CNT003323,PO001444,NCC016,2026-06-23 12:36:04,2026-08-07 12:36:04,31133100.0,31133100.0,0.0
CNT003324,PO002511,NCC026,2026-06-25 19:33:24,2026-08-09 19:33:24,86065200.0,86065200.0,0.0
CNT003325,PO000985,NCC016,2026-06-24 08:41:55,2026-08-08 08:41:55,53584400.0,52904900.0,679500.0
CNT003326,PO000909,NCC038,2026-06-26 10:14:15,2026-08-10 10:14:15,503144000.0,503144000.0,0.0
CNT003327,PO003364,NCC028,2026-06-24 12:10:41,2026-08-08 12:10:41,22181000.0,22181000.0,0.0
CNT003328,PO002376,NCC042,2026-06-26 15:00:22,2026-08-10 15:00:22,88559000.0,88559000.0,0.0
CNT003329,PO002888,NCC025,2026-06-27 20:05:25,2026-08-11 20:05:25,190020900.0,44370800.0,145650100.0
CNT003330,PO001576,NCC042,2026-06-24 22:12:18,2026-08-08 22:12:18,122031000.0,122031000.0,0.0
CNT003331,PO000864,NCC019,2026-06-24 00:05:28,2026-08-08 00:05:28,9879000.0,9879000.0,0.0
CNT003332,PO003384,NCC024,2026-06-28 00:07:31,2026-08-12 00:07:31,46875600.0,26473600.0,20402000.0
CNT003333,PO002480,NCC022,2026-06-28 01:44:18,2026-08-12 01:44:18,63533600.0,63533600.0,0.0
CNT003334,PO003303,NCC027,2026-06-29 00:35:30,2026-08-13 00:35:30,61867400.0,61867400.0,0.0
CNT003335,PO001195,NCC033,2026-06-25 05:09:27,2026-08-09 05:09:27,28957000.0,3810100.0,25146900.0
CNT003336,PO003065,NCC012,2026-06-29 06:37:31,2026-08-13 06:37:31,407419700.0,358346100.0,49073600.0
CNT003337,PO000407,NCC019,2026-06-29 13:24:22,2026-08-13 13:24:22,341524200.0,341524200.0,0.0
CNT003338,PO002089,NCC015,2026-06-30 05:42:52,2026-08-14 05:42:52,19713600.0,7197700.0,12515900.0
CNT003339,PO003148,NCC022,2026-06-28 07:55:41,2026-08-12 07:55:41,29214600.0,18258700.0,10955900.0
CNT003340,PO000602,NCC036,2026-06-30 10:24:32,2026-08-14 10:24:32,22045700.0,12852900.0,9192800.0
CNT003341,PO001206,NCC001,2026-07-01 01:20:13,2026-08-15 01:20:13,24660000.0,24660000.0,0.0
CNT003342,PO001479,NCC033,2026-06-29 01:28:52,2026-08-13 01:28:52,23436000.0,23436000.0,0.0
CNT003343,PO003234,NCC028,2026-07-01 09:23:45,2026-08-15 09:23:45,52391600.0,47224600.0,5167000.0
CNT003344,PO001729,NCC042,2026-06-30 15:38:08,2026-08-14 15:38:08,38033700.0,38033700.0,0.0
CNT003345,PO002972,NCC022,2026-06-30 16:08:20,2026-08-14 16:08:20,11118000.0,11118000.0,0.0
CNT003346,PO001991,NCC008,2026-06-30 17:32:04,2026-08-14 17:32:04,106696800.0,106696800.0,0.0
CNT003347,PO002573,NCC002,2026-07-01 19:42:47,2026-08-15 19:42:47,43347200.0,27472400.0,15874800.0
CNT003348,PO003228,NCC003,2026-07-02 03:30:24,2026-08-16 03:30:24,296396900.0,296396900.0,0.0
CNT003349,PO002092,NCC020,2026-07-02 03:42:25,2026-08-16 03:42:25,101791200.0,101791200.0,0.0
CNT003350,PO001499,NCC022,2026-07-01 05:15:57,2026-08-15 05:15:57,15151500.0,5603300.0,9548200.0
CNT003351,PO000962,NCC038,2026-06-28 06:03:05,2026-08-12 06:03:05,325654400.0,325654400.0,0.0
CNT003352,PO003410,NCC033,2026-07-02 06:59:46,2026-08-16 06:59:46,115057400.0,115057400.0,0.0
CNT003353,PO000737,NCC018,2026-06-29 09:00:49,2026-08-13 09:00:49,161368000.0,128735500.0,32632500.0
CNT003354,PO001672,NCC024,2026-06-30 14:09:51,2026-08-14 14:09:51,5733900.0,5733900.0,0.0
CNT003355,PO002718,NCC009,2026-06-29 16:08:03,2026-08-13 16:08:03,19123500.0,11744500.0,7379000.0
CNT003356,PO001217,NCC035,2026-07-02 19:23:23,2026-08-16 19:23:23,60848100.0,60848100.0,0.0
CNT003357,PO002303,NCC036,2026-06-29 22:43:52,2026-08-13 22:43:52,139132800.0,139132800.0,0.0
CNT003358,PO003385,NCC005,2026-06-29 23:57:45,2026-08-13 23:57:45,437081700.0,429806700.0,7275000.0
CNT003359,PO001575,NCC017,2026-06-29 08:14:43,2026-08-13 08:14:43,46817600.0,969300.0,45848300.0
CNT003360,PO000338,NCC031,2026-06-29 12:40:29,2026-08-13 12:40:29,242814300.0,242814300.0,0.0
CNT003361,PO001419,NCC028,2026-06-30 13:30:39,2026-08-14 13:30:39,82913700.0,54213100.0,28700600.0
CNT003362,PO000580,NCC016,2026-07-01 11:26:54,2026-08-15 11:26:54,155393600.0,155393600.0,0.0
CNT003363,PO000148,NCC037,2026-07-01 20:43:19,2026-08-15 20:43:19,148480000.0,148480000.0,0.0
CNT003364,PO002044,NCC031,2026-07-02 22:37:50,2026-08-16 22:37:50,413644000.0,413644000.0,0.0
CNT003365,PO000756,NCC019,2026-07-02 08:10:34,2026-08-16 08:10:34,101238000.0,33087000.0,68151000.0
CNT003366,PO000897,NCC038,2026-07-03 01:22:38,2026-08-17 01:22:38,13558500.0,13558500.0,0.0
CNT003367,PO002047,NCC041,2026-07-06 14:43:57,2026-08-20 14:43:57,53487300.0,53487300.0,0.0
CNT003368,PO002429,NCC018,2026-07-06 17:34:31,2026-08-20 17:34:31,33609000.0,19176300.0,14432700.0
CNT003369,PO003452,NCC030,2026-07-03 23:56:24,2026-08-17 23:56:24,139274900.0,139274900.0,0.0
CNT003370,PO001775,NCC033,2026-07-05 00:28:33,2026-08-19 00:28:33,36199800.0,36199800.0,0.0
CNT003371,PO002117,NCC029,2026-07-03 05:28:06,2026-08-17 05:28:06,52097900.0,52097900.0,0.0
CNT003372,PO000435,NCC008,2026-07-03 07:33:35,2026-08-17 07:33:35,169713000.0,18009600.0,151703400.0
CNT003373,PO002461,NCC010,2026-07-07 11:02:35,2026-08-21 11:02:35,30069900.0,30069900.0,0.0
CNT003374,PO001211,NCC002,2026-07-06 22:59:28,2026-08-20 22:59:28,243747000.0,39975200.0,203771800.0
CNT003375,PO000808,NCC021,2026-07-06 04:26:21,2026-08-20 04:26:21,16102800.0,16102800.0,0.0
CNT003376,PO001489,NCC009,2026-07-04 06:51:06,2026-08-18 06:51:06,84330000.0,84330000.0,0.0
CNT003377,PO001689,NCC018,2026-07-06 22:09:28,2026-08-20 22:09:28,21268800.0,6068900.0,15199900.0
CNT003378,PO003484,NCC033,2026-07-07 07:12:14,2026-08-21 07:12:14,25088400.0,22263800.0,2824600.0
CNT003379,PO002082,NCC017,2026-07-07 07:41:22,2026-08-21 07:41:22,44217600.0,44217600.0,0.0
CNT003380,PO003022,NCC010,2026-07-05 11:58:54,2026-08-19 11:58:54,17974400.0,17974400.0,0.0
CNT003381,PO001012,NCC010,2026-07-07 08:56:44,2026-08-21 08:56:44,80787700.0,80787700.0,0.0
CNT003382,PO002008,NCC029,2026-07-07 11:06:17,2026-08-21 11:06:17,13652800.0,13262100.0,390700.0
CNT003383,PO002310,NCC030,2026-07-09 12:21:37,2026-08-23 12:21:37,149343400.0,104217800.0,45125600.0
CNT003384,PO000535,NCC004,2026-07-08 22:27:29,2026-08-22 22:27:29,27282300.0,27282300.0,0.0
CNT003385,PO002316,NCC001,2026-07-07 05:46:28,2026-08-21 05:46:28,242046000.0,50172200.0,191873800.0
CNT003386,PO002042,NCC030,2026-07-10 08:00:21,2026-08-24 08:00:21,32873800.0,32873800.0,0.0
CNT003387,PO002695,NCC010,2026-07-11 09:23:28,2026-08-25 09:23:28,65171700.0,65171700.0,0.0
CNT003388,PO002692,NCC014,2026-07-10 16:21:25,2026-08-24 16:21:25,7604500.0,7604500.0,0.0
CNT003389,PO002126,NCC016,2026-07-11 17:32:49,2026-08-25 17:32:49,11327800.0,1264200.0,10063600.0
CNT003390,PO000949,NCC011,2026-07-07 20:56:02,2026-08-21 20:56:02,3528000.0,3528000.0,0.0
CNT003391,PO000735,NCC013,2026-07-12 01:26:43,2026-08-26 01:26:43,18142800.0,13160700.0,4982100.0
CNT003392,PO000017,NCC039,2026-07-09 02:03:34,2026-08-23 02:03:34,25722000.0,3156800.0,22565200.0
CNT003393,PO001565,NCC021,2026-07-09 02:48:38,2026-08-23 02:48:38,25287900.0,22276100.0,3011800.0
CNT003394,PO001258,NCC011,2026-07-12 08:07:53,2026-08-26 08:07:53,45036400.0,30181700.0,14854700.0
CNT003395,PO001163,NCC013,2026-07-12 09:40:47,2026-08-26 09:40:47,7053300.0,7053300.0,0.0
CNT003396,PO001202,NCC037,2026-07-10 19:40:09,2026-08-24 19:40:09,77475200.0,73032500.0,4442700.0
CNT003397,PO001924,NCC032,2026-07-10 00:04:04,2026-08-24 00:04:04,36613500.0,36613500.0,0.0
CNT003398,PO001091,NCC026,2026-07-13 11:23:33,2026-08-27 11:23:33,78538000.0,33867800.0,44670200.0
CNT003399,PO001062,NCC039,2026-07-09 20:54:36,2026-08-23 20:54:36,35693200.0,35693200.0,0.0
CNT003400,PO000774,NCC026,2026-07-11 23:15:28,2026-08-25 23:15:28,201364800.0,201364800.0,0.0
CNT003401,PO001252,NCC030,2026-07-12 06:41:55,2026-08-26 06:41:55,483992000.0,483992000.0,0.0
CNT003402,PO003361,NCC007,2026-07-10 11:04:31,2026-08-24 11:04:31,27179100.0,27179100.0,0.0
CNT003403,PO002898,NCC012,2026-07-10 12:05:05,2026-08-24 12:05:05,51002500.0,51002500.0,0.0
CNT003404,PO001557,NCC027,2026-07-10 12:33:14,2026-08-24 12:33:14,37999200.0,25396900.0,12602300.0
CNT003405,PO002989,NCC006,2026-07-10 16:33:24,2026-08-24 16:33:24,18796800.0,2962500.0,15834300.0
CNT003406,PO003324,NCC005,2026-07-14 00:29:12,2026-08-28 00:29:12,26017200.0,23082700.0,2934500.0
CNT003407,PO003089,NCC002,2026-07-12 01:45:17,2026-08-26 01:45:17,120690000.0,120690000.0,0.0
CNT003408,PO001847,NCC032,2026-07-12 02:12:04,2026-08-26 02:12:04,80302500.0,80302500.0,0.0
CNT003409,PO002827,NCC044,2026-07-14 06:35:16,2026-08-28 06:35:16,192695600.0,35686000.0,157009600.0
CNT003410,PO001543,NCC004,2026-07-12 10:36:06,2026-08-26 10:36:06,5392900.0,5392900.0,0.0
CNT003411,PO002055,NCC034,2026-07-11 15:19:59,2026-08-25 15:19:59,72270000.0,44618500.0,27651500.0
CNT003412,PO001166,NCC029,2026-07-12 00:43:57,2026-08-26 00:43:57,397131500.0,397131500.0,0.0
CNT003413,PO001752,NCC039,2026-07-16 09:52:13,2026-08-30 09:52:13,16822300.0,290100.0,16532200.0
CNT003414,PO002141,NCC039,2026-07-13 13:01:02,2026-08-27 13:01:02,10040800.0,10040800.0,0.0
CNT003415,PO001946,NCC040,2026-07-16 14:52:13,2026-08-30 14:52:13,81098000.0,81098000.0,0.0
CNT003416,PO001899,NCC035,2026-07-16 15:25:59,2026-08-30 15:25:59,78062400.0,67458400.0,10604000.0
CNT003417,PO003431,NCC026,2026-07-16 01:33:29,2026-08-30 01:33:29,11680800.0,11680800.0,0.0
CNT003418,PO002288,NCC021,2026-07-14 13:29:58,2026-08-28 13:29:58,123953700.0,98072800.0,25880900.0
CNT003419,PO001821,NCC038,2026-07-16 16:45:36,2026-08-30 16:45:36,34076800.0,34076800.0,0.0
CNT003420,PO002291,NCC010,2026-07-17 17:13:22,2026-08-31 17:13:22,7774800.0,7774800.0,0.0
CNT003421,PO003286,NCC003,2026-07-15 07:55:53,2026-08-29 07:55:53,7797200.0,7797200.0,0.0
CNT003422,PO002410,NCC027,2026-07-17 12:45:06,2026-08-31 12:45:06,74048000.0,74048000.0,0.0
CNT003423,PO002301,NCC025,2026-07-17 04:51:00,2026-08-31 04:51:00,10272500.0,3808700.0,6463800.0
CNT003424,PO000045,NCC012,2026-07-17 06:57:12,2026-08-31 06:57:12,6375600.0,392700.0,5982900.0
CNT003425,PO000286,NCC006,2026-07-16 07:17:35,2026-08-30 07:17:35,30803300.0,9401300.0,21402000.0
CNT003426,PO002579,NCC003,2026-07-18 10:23:36,2026-09-01 10:23:36,430436600.0,140442500.0,289994100.0
CNT003427,PO002346,NCC004,2026-07-19 11:41:02,2026-09-02 11:41:02,57278200.0,57278200.0,0.0
CNT003428,PO002806,NCC016,2026-07-17 07:06:22,2026-08-31 07:06:22,27427900.0,27427900.0,0.0
CNT003429,PO001627,NCC002,2026-07-19 08:11:47,2026-09-02 08:11:47,73745000.0,60294400.0,13450600.0
CNT003430,PO000041,NCC033,2026-07-17 10:33:54,2026-08-31 10:33:54,15752800.0,15752800.0,0.0
CNT003431,PO001789,NCC035,2026-07-18 11:22:22,2026-09-01 11:22:22,129780300.0,129780300.0,0.0
CNT003432,PO002028,NCC045,2026-07-18 12:12:48,2026-09-01 12:12:48,35978800.0,34848100.0,1130700.0
CNT003433,PO001707,NCC023,2026-07-16 15:30:43,2026-08-30 15:30:43,62835000.0,50181900.0,12653100.0
CNT003434,PO000162,NCC015,2026-07-19 22:24:43,2026-09-02 22:24:43,44239100.0,44239100.0,0.0
CNT003435,PO002337,NCC025,2026-07-19 16:58:12,2026-09-02 16:58:12,12129600.0,7670200.0,4459400.0
CNT003436,PO003168,NCC018,2026-07-18 23:24:52,2026-09-01 23:24:52,14618700.0,1680600.0,12938100.0
CNT003437,PO002697,NCC037,2026-07-22 09:06:25,2026-09-05 09:06:25,27212200.0,27212200.0,0.0
CNT003438,PO002208,NCC006,2026-07-20 17:06:43,2026-09-03 17:06:43,30056000.0,27651100.0,2404900.0
CNT003439,PO001806,NCC040,2026-07-18 21:20:29,2026-09-01 21:20:29,18886000.0,18886000.0,0.0
CNT003440,PO000450,NCC040,2026-07-20 23:21:02,2026-09-03 23:21:02,77851000.0,10690100.0,67160900.0
CNT003441,PO002749,NCC042,2026-07-24 00:48:28,2026-09-07 00:48:28,60852600.0,60852600.0,0.0
CNT003442,PO001173,NCC045,2026-07-22 10:33:09,2026-09-05 10:33:09,18990400.0,3064300.0,15926100.0
CNT003443,PO001570,NCC004,2026-07-22 14:34:52,2026-09-05 14:34:52,22648000.0,3581800.0,19066200.0
CNT003444,PO000734,NCC035,2026-07-20 18:50:18,2026-09-03 18:50:18,13293600.0,10600800.0,2692800.0
CNT003445,PO000352,NCC038,2026-07-21 22:42:37,2026-09-04 22:42:37,17072400.0,6219500.0,10852900.0
CNT003446,PO003491,NCC033,2026-07-22 09:48:34,2026-09-05 09:48:34,16993200.0,16993200.0,0.0
CNT003447,PO002191,NCC021,2026-07-22 16:08:45,2026-09-05 16:08:45,80538000.0,35054600.0,45483400.0
CNT003448,PO002199,NCC028,2026-07-22 08:19:40,2026-09-05 08:19:40,32710600.0,25708300.0,7002300.0
CNT003449,PO003002,NCC001,2026-07-26 15:02:37,2026-09-09 15:02:37,76360000.0,76360000.0,0.0
CNT003450,PO002792,NCC006,2026-07-26 17:30:59,2026-09-09 17:30:59,102067200.0,102067200.0,0.0
CNT003451,PO002714,NCC042,2026-07-25 12:29:36,2026-09-08 12:29:36,71534000.0,71534000.0,0.0
CNT003452,PO000650,NCC010,2026-07-23 13:34:29,2026-09-06 13:34:29,27488300.0,12642800.0,14845500.0
CNT003453,PO002956,NCC012,2026-07-26 17:28:42,2026-09-09 17:28:42,95735400.0,15991600.0,79743800.0
CNT003454,PO001354,NCC034,2026-07-27 18:35:58,2026-09-10 18:35:58,5241600.0,1804200.0,3437400.0
CNT003455,PO002378,NCC010,2026-07-27 19:17:35,2026-09-10 19:17:35,56492000.0,56492000.0,0.0
CNT003456,PO003139,NCC005,2026-07-24 21:31:58,2026-09-07 21:31:58,11791500.0,11791500.0,0.0
CNT003457,PO003315,NCC032,2026-07-23 23:54:05,2026-09-06 23:54:05,5476800.0,4057500.0,1419300.0
CNT003458,PO003039,NCC007,2026-07-28 00:32:17,2026-09-11 00:32:17,2692000.0,2184500.0,507500.0
CNT003459,PO002974,NCC016,2026-07-27 01:28:59,2026-09-10 01:28:59,26987300.0,26987300.0,0.0
CNT003460,PO002011,NCC013,2026-07-27 06:36:54,2026-09-10 06:36:54,118764800.0,96395300.0,22369500.0
CNT003461,PO001868,NCC040,2026-07-27 15:30:52,2026-09-10 15:30:52,86328000.0,76573600.0,9754400.0
CNT003462,PO000099,NCC033,2026-07-25 20:27:57,2026-09-08 20:27:57,247555800.0,177242100.0,70313700.0
CNT003463,PO000923,NCC007,2026-07-28 07:18:19,2026-09-11 07:18:19,136721000.0,132420300.0,4300700.0
CNT003464,PO000766,NCC017,2026-07-27 18:46:49,2026-09-10 18:46:49,17136000.0,12667800.0,4468200.0
CNT003465,PO002892,NCC015,2026-07-25 18:56:43,2026-09-08 18:56:43,91408000.0,91408000.0,0.0
CNT003466,PO000398,NCC026,2026-07-28 01:34:03,2026-09-11 01:34:03,68229000.0,31021200.0,37207800.0
CNT003467,PO002919,NCC016,2026-07-29 09:51:42,2026-09-12 09:51:42,21093000.0,21093000.0,0.0
CNT003468,PO001537,NCC042,2026-07-29 18:56:49,2026-09-12 18:56:49,140625900.0,78386900.0,62239000.0
CNT003469,PO003138,NCC002,2026-07-26 19:11:14,2026-09-09 19:11:14,64032200.0,64032200.0,0.0
CNT003470,PO001744,NCC031,2026-07-29 20:50:57,2026-09-12 20:50:57,9795300.0,6304900.0,3490400.0
CNT003471,PO002820,NCC027,2026-07-30 07:00:10,2026-09-13 07:00:10,99663400.0,39087300.0,60576100.0
CNT003472,PO002462,NCC024,2026-07-29 07:14:56,2026-09-12 07:14:56,369987200.0,369987200.0,0.0
CNT003473,PO000584,NCC044,2026-07-27 16:01:57,2026-09-10 16:01:57,176675000.0,25776500.0,150898500.0
CNT003474,PO001592,NCC007,2026-07-28 18:43:19,2026-09-11 18:43:19,15229000.0,15229000.0,0.0
CNT003475,PO002824,NCC041,2026-07-28 23:21:59,2026-09-11 23:21:59,94208400.0,94208400.0,0.0
CNT003476,PO002847,NCC016,2026-07-31 06:09:55,2026-09-14 06:09:55,65832300.0,17479500.0,48352800.0
CNT003477,PO001449,NCC005,2026-07-30 07:32:05,2026-09-13 07:32:05,65032800.0,50724100.0,14308700.0
CNT003478,PO001156,NCC005,2026-07-31 08:34:45,2026-09-14 08:34:45,69820700.0,69820700.0,0.0
CNT003479,PO000757,NCC015,2026-07-30 13:37:56,2026-09-13 13:37:56,210664000.0,33861600.0,176802400.0
CNT003480,PO003235,NCC015,2026-07-30 18:20:33,2026-09-13 18:20:33,30056400.0,27364900.0,2691500.0
CNT003481,PO002389,NCC015,2026-07-30 18:45:59,2026-09-13 18:45:59,2400000.0,2400000.0,0.0
CNT003482,PO001116,NCC010,2026-07-29 00:17:22,2026-09-12 00:17:22,901600.0,391700.0,509900.0
CNT003483,PO002798,NCC001,2026-07-30 04:58:42,2026-09-13 04:58:42,323425000.0,323425000.0,0.0
CNT003484,PO000053,NCC038,2026-08-01 10:37:29,2026-09-15 10:37:29,36936000.0,36936000.0,0.0
CNT003485,PO000084,NCC024,2026-08-01 17:34:23,2026-09-15 17:34:23,106459600.0,43903800.0,62555800.0
CNT003486,PO000437,NCC009,2026-07-31 17:44:22,2026-09-14 17:44:22,3743000.0,1368900.0,2374100.0
CNT003487,PO000356,NCC018,2026-08-03 03:45:24,2026-09-17 03:45:24,493857900.0,334854300.0,159003600.0
CNT003488,PO002982,NCC044,2026-07-31 05:53:46,2026-09-14 05:53:46,73669800.0,13592200.0,60077600.0
CNT003489,PO002986,NCC011,2026-08-01 06:30:41,2026-09-15 06:30:41,6130500.0,1732800.0,4397700.0
CNT003490,PO000843,NCC023,2026-08-02 13:12:52,2026-09-16 13:12:52,4723200.0,4723200.0,0.0
CNT003491,PO003158,NCC006,2026-08-02 15:17:49,2026-09-16 15:17:49,29226600.0,6554500.0,22672100.0
CNT003492,PO002148,NCC037,2026-08-03 00:18:30,2026-09-17 00:18:30,98749600.0,98749600.0,0.0
CNT003493,PO000643,NCC015,2026-08-02 04:01:12,2026-09-16 04:01:12,10467300.0,10467300.0,0.0
CNT003494,PO002033,NCC017,2026-08-03 09:47:10,2026-09-17 09:47:10,7792800.0,1328400.0,6464400.0
CNT003495,PO000539,NCC004,2026-08-04 12:25:12,2026-09-18 12:25:12,18636800.0,13718100.0,4918700.0
CNT003496,PO000177,NCC032,2026-07-31 16:21:57,2026-09-14 16:21:57,162129600.0,162129600.0,0.0
CNT003497,PO002940,NCC011,2026-08-01 19:44:41,2026-09-15 19:44:41,4652600.0,3851800.0,800800.0
CNT003498,PO001420,NCC023,2026-08-05 04:56:37,2026-09-19 04:56:37,97136900.0,97136900.0,0.0
CNT003499,PO001422,NCC027,2026-08-04 07:40:37,2026-09-18 07:40:37,284991000.0,284991000.0,0.0
CNT003500,PO001216,NCC006,2026-08-02 19:06:16,2026-09-16 19:06:16,69583800.0,10276600.0,59307200.0
