MaDonHang,MaKhachHang,NgayDatHang,KenhBan,NhanVienBanHang,TrangThai
DH007790,,04/06/2025 19:50:00,Bán lẻ,NV05,Đang xử lý
DH009898,KH0218,15/08/2024 00:15:00,TMĐT - Shopee,NV01,Đã giao
DH008590,KH0061,10/07/2026 02:10:00,Lazada,NV21,Đã giao
DH004335,KH0404,04/05/2026 19:14:00,Đại lý,NV02,Đã giao
DH000658,KH0380,03/02/2025 06:57:00,TMĐT - Tiki,NV18,Đang xử lý
DH001688,KH0035,12/03/2025 04:36:00,TMĐT - Lazada,NV18,Mới
DH003074,KH0034,27/11/2025 08:24:00,Showroom,NV30,Đã giao
DH006158,KH0106,25/03/2026 21:17:00,Lazada,NV01,Đã hủy
DH004908,KH0447,07/09/2024 08:01:00,Lazada,NV12,Đã giao
DH002386,KH0446,09/01/2026 20:34:00,Sàn Lazada,NV14,Đang xử lý
DH007242,KH0200,08/10/2024 07:26:00,Ban le,NV06,Đã giao
DH007803,KH0223,13/12/2024 17:18:00,TMĐT - Tiki,NV02,Đã giao
DH010138,KH0183,09/02/2025 21:30:00,TMĐT - Tiki,NV23,Đã giao
DH008443,KH0253,16/11/2025 02:41:00,Shopee,NV02,Đã giao
DH002794,KH0271,28/02/2025 04:48:00,TMĐT - Tiki,NV05,Đã giao
DH000714,,12/06/2025 02:20:00,Đại lý,NV09,Đã giao
DH002931,KH0070,14/03/2025 12:57:00,Shopee,NV23,Đã giao
DH000948,KH0306,29/06/2025 00:40:00,Đại lý,NV17,Đang xử lý
DH010354,KH0241,29/12/2024 16:41:00,Shopee,NV19,Đã giao
DH010375,KH0180,13/09/2025 22:18:00,TMĐT - Tiki,NV09,Đang xử lý
DH010466,KH0070,22/09/2025 12:07:00,Showroom,NV26,Đã giao
DH008804,KH0104,18/07/2026 02:05:00,Bán lẻ trực tiếp,NV07,Đang xử lý
DH005332,KH9004,29/05/2025 07:14:00,Showroom,NV29,Đã giao
DH003085,KH0137,09/05/2026 06:21:00,Shopee,NV11,Đã giao
DH006282,KH0236,11/11/2024 17:51:00,Bán lẻ trực tiếp,NV10,Đã giao
DH009761,KH0070,23/08/2025 12:50:00,Showroom,NV13,Đang xử lý
DH010979,KH0008,23/07/2025 09:30:00,Showroom,NV02,Đang xử lý
DH002933,KH0087,10/10/2025 19:19:00,Showroom,NV18,Đã giao
DH000600,,16/04/2026 14:17:00,TMĐT - Tiki,NV21,Đã giao
DH000679,KH0447,15/06/2025 09:36:00,Sàn Lazada,NV16,Đã giao
DH000389,,12/03/2026 09:18:00,Sàn Shopee,NV30,Đã giao
DH011002,KH0070,03/01/2026 08:24:00,Sàn Lazada,NV20,Đã giao
DH007590,KH0384,29/08/2025 15:14:00,Ban le,NV07,Đã giao
DH009109,KH0194,21/12/2024 13:25:00,Shopee,NV23,Đã giao
DH004782,KH0119,17/11/2024 09:15:00,Đại lý,NV17,Đã giao
DH010656,KH0155,28/12/2024 00:25:00,Sàn Lazada,NV15,Đang xử lý
DH001770,KH0070,16/03/2025 08:53:00,Bán lẻ,NV24,Đã giao
DH007536,,27/01/2025 19:21:00,Bán lẻ,NV12,Đã giao
DH001452,KH0246,27/04/2025 20:13:00,Bán lẻ,NV03,Đã giao
DH002939,KH0433,07/12/2025 09:19:00,Sàn Shopee,NV25,Đã giao
DH011392,KH0383,08/01/2026 23:24:00,Ban le,NV06,Đã giao
DH001531,KH0447,07/31/2025 10:53:00,TMĐT - Tiki,NV20,Đã giao
DH006017,KH0183,05/12/2025 22:36:00,TMĐT - Shopee,NV07,Đã hủy
DH000419,KH0447,16/12/2025 09:30:00,Đại lý,NV27,Đã giao
DH010554,KH0424,03/12/2024 00:57:00,Bán lẻ,NV06,Đã giao
DH008940,KH0353,12/05/2025 19:46:00,Đại lý,NV07,Đã giao
DH007554,KH0413,17/03/2026 09:42:00,Sàn Shopee,NV01,Đã giao
DH001134,KH0141,11/07/2025 01:41:00,Đại lý,NV15,Đã giao
DH007254,KH0040,06/12/2025 06:27:00,Shopee,NV24,Đã giao
DH010288,KH0325,10/01/2025 10:08:00,Đại lý,NV02,Đã giao
DH009486,KH0204,31/05/2025 02:42:00,Ban le,NV01,Đã giao
DH009904,KH0171,06/11/2025 01:51:00,Sàn Lazada,NV27,Đã giao
DH011848,KH0447,15/06/2026 23:37:00,Đại lý,NV16,Đã giao
DH010691,KH0367,13/12/2025 09:28:00,Sàn Lazada,NV26,Đã giao
DH010227,KH0035,17/12/2025 11:32:00,Bán lẻ,NV09,Đã giao
DH004935,KH0018,22/08/2024 05:56:00,Showroom,NV14,Đã giao
DH002102,KH0140,03/04/2026 17:16:00,Showroom,NV01,Đã giao
DH000967,KH0194,08/01/2026 03:09:00,Đại lý,NV24,Đã giao
DH011520,KH0218,13/11/2025 16:10:00,Bán lẻ,NV07,Đã giao
DH011163,KH0367,01/07/2025 22:51:00,Sàn Lazada,NV20,Đã giao
DH009923,KH0199,07/07/2025 11:48:00,Bán lẻ,NV07,Đã giao
DH007563,KH0384,03/03/2026 11:05:00,Sàn Lazada,NV15,Đã giao
DH010315,KH0141,10/10/2024 03:17:00,Sàn Lazada,NV29,Đã giao
DH009000,KH0376,26/04/2025 17:01:00,Shopee,NV14,Đã hủy
DH006420,KH0044,13/01/2026 01:51:00,Đại lý,NV11,Đã giao
DH007705,KH0262,16/06/2025 00:35:00,Showroom,NV14,Đã hủy
DH008481,KH0256,19/12/2025 21:07:00,Bán lẻ,NV16,Đã giao
DH004643,KH0433,23/01/2026 10:08:00,Showroom,NV23,Đã giao
DH006103,KH0291,05/01/2026 12:18:00,Sàn Shopee,NV22,Đã giao
DH9900134,KH0056,07/12/2025 14:00:00,Đại lý,NV01,Đã giao
DH005165,KH0384,14/06/2025 07:15:00,TMĐT - Tiki,NV06,Đã giao
DH010547,KH0215,04/11/2025 20:44:00,Bán lẻ trực tiếp,NV19,Đã giao
DH001323,KH0274,10/12/2024 16:21:00,Đại lý,NV16,Đã giao
DH005120,KH0105,10/01/2025 20:15:00,TMĐT - Tiki,NV01,Đã giao
DH002196,KH0262,12/09/2024 04:32:00,Sàn Shopee,NV20,Đã giao
DH005587,KH0278,12/11/2024 04:25:00,Bán lẻ,NV23,Đã giao
DH003837,KH0352,01/10/2025 23:02:00,Lazada,NV01,Đã giao
DH004176,KH0192,31/12/2025 02:55:00,Ban le,NV13,Đã giao
DH010974,KH9012,07/06/2025 22:11:00,Đại lý,NV12,Đã giao
DH003199,KH0306,08/04/2026 20:11:00,Đại lý,NV19,Đã giao
DH010266,KH0089,13/04/2026 13:57:00,Bán lẻ,NV14,Đã giao
DH006560,KH0206,01/12/2025 10:12:00,Bán lẻ trực tiếp,NV28,Đã giao
DH006237,KH0116,23/03/2026 12:23:00,Showroom,NV28,Đã giao
DH003034,KH0396,08/26/2024 23:50:00,Lazada,NV19,Đã giao
DH001018,KH0242,15/07/2026 20:20:00,Bán lẻ,NV28,Đã giao
DH002880,KH0262,22/02/2026 15:16:00,TMĐT - Tiki,NV21,Đã giao
DH003240,KH0155,22/01/2025 16:33:00,Showroom,NV20,Trả hàng
DH001536,KH0428,2025-11-15 18:07:00,Sàn Lazada,NV17,Đã giao
DH004562,KH0204,04/10/2025 17:41:00,Ban le,NV02,Đã giao
DH003774,KH0194,09/12/2025 12:02:00,Showroom,NV02,Đã giao
DH008913,KH0070,26/12/2024 05:11:00,Lazada,NV19,Đã giao
DH007768,KH0012,12/03/2026 06:03:00,Shopee,NV10,Trả hàng
DH005525,KH0321,28/09/2025 14:05:00,Lazada,NV21,Đã giao
DH005701,KH0306,2025-11-15 17:44:00,TMĐT - Tiki,NV06,Đã giao
DH000692,KH0105,19/04/2025 04:28:00,Sàn Shopee,NV04,Đã giao
DH9900022,KH0262,29/01/2026 23:55:00,Lazada,NV05,Đã giao
DH005135,KH0184,09/06/2026 16:36:00,Ban le,NV11,Đã giao
DH009512,KH9012,30/07/2025 00:44:00,TMĐT - Tiki,NV28,Đã giao
DH000725,KH0157,05/09/2024 22:54:00,Đại lý,NV03,Đã giao
DH002824,KH0412,04/05/2025 04:29:00,Lazada,NV19,Đã giao
DH004139,KH0122,04/12/2025 22:25:00,Đại lý,NV04,Trả hàng
DH007513,KH0035,21/05/2026 17:14:00,Sàn Lazada,NV25,Đã giao
DH002494,KH0246,30/07/2025 01:15:00,Sàn Shopee,NV05,Đã giao
DH003389,KH0412,01/06/2025 12:05:00,Showroom,NV19,Đang xử lý
DH005310,KH0262,02/02/2026 09:00:00,TMĐT - Tiki,NV27,Đã giao
DH011153,KH0219,06/05/2026 01:00:00,Lazada,NV05,Đã giao
DH004843,KH0404,07/09/2024 04:34:00,Đại lý,NV21,Đã giao
DH002551,KH0248,05/04/2026 03:18:00,Showroom,NV10,Đã giao
DH011886,KH0249,18/09/2024 23:43:00,Lazada,NV20,Trả hàng
DH010991,KH0399,23/05/2025 06:42:00,Sàn Shopee,NV10,Đã giao
DH002085,KH0427,23/06/2025 13:19:00,TMĐT - Tiki,NV17,Đã giao
DH006334,KH9000,20/10/2024 04:56:00,Đại lý,NV04,Đã giao
DH9900177,KH0221,04/06/2026 09:01:00,Đại lý,NV23,Đang xử lý
DH009618,KH0051,30/12/2025 12:33:00,Sàn Shopee,NV02,Đang xử lý
DH006338,KH0001,24/12/2025 00:56:00,Đại lý,NV21,Đã giao
DH008240,KH0447,30/10/2024 08:59:00,TMĐT - Tiki,NV21,Đã giao
DH004057,KH0424,19/08/2024 04:12:00,Shopee,NV27,Đã giao
DH004233,KH0056,20/06/2025 19:55:00,Showroom,NV11,Đã giao
DH006620,KH0394,14/12/2025 01:53:00,Đại lý,NV25,Đã giao
DH010889,KH0056,27/05/2025 12:28:00,TMĐT - Lazada,NV03,Đã giao
DH007267,KH0248,19/12/2025 10:36:00,Showroom,NV17,Đã giao
DH005751,KH0447,08/09/2025 04:15:00,Đại lý,NV23,Đã giao
DH002512,KH0141,21/12/2024 02:45:00,Sàn Shopee,NV27,Đã giao
DH001718,KH0271,28/11/2025 13:25:00,Ban le,NV03,Đã giao
DH001982,KH0181,29/09/2025 14:07:00,Sàn Lazada,NV28,Đã giao
DH003113,KH0003,12/01/2025 11:12:00,Ban le,NV04,Đã giao
DH003032,KH0314,22/10/2024 15:20:00,Đại lý,NV04,Trả hàng
DH006011,KH0306,12/12/2024 20:15:00,Bán lẻ,NV09,Đã giao
DH008603,KH0306,14/11/2025 13:01:00,Đại lý,NV26,Đã giao
DH010325,KH9009,04/23/2025 22:59:00,Đại lý,NV24,Đã giao
DH010183,KH0281,28/02/2025 12:52:00,TMĐT - Tiki,NV04,Đã giao
DH011672,KH0155,29/01/2025 16:51:00,Đại lý,NV06,Đã giao
DH008461,KH0121,07/06/2026 18:17:00,Showroom,NV16,Đã giao
DH007057,KH0051,18/11/2024 11:00:00,TMĐT - Tiki,NV13,Đã giao
DH9900172,KH0053,15/07/2025 12:29:00,Shopee,NV23,Đã giao
DH010717,KH0024,07/10/2024 10:15:00,TMĐT - Tiki,NV27,Mới
DH011184,KH0365,24/07/2026 07:42:00,Ban le,NV19,Trả hàng
DH007120,KH0262,15/10/2025 14:59:00,Showroom,NV28,Đã giao
DH001535,,15/02/2026 03:40:00,Sàn Shopee,NV28,Đã giao
DH004161,KH0384,15/10/2025 03:47:00,Showroom,NV30,Đã giao
DH005678,KH0447,23/01/2026 04:14:00,TMĐT - Tiki,NV03,Đã giao
DH000861,KH0152,16/05/2026 08:48:00,Showroom,NV17,Đã giao
DH011507,KH0014,2025-10-04 05:38:00,TMĐT - Tiki,NV30,Đã giao
DH002857,KH0447,01/02/2026 03:11:00,Bán lẻ trực tiếp,NV24,Đã giao
DH004162,KH0356,09/08/2024 20:49:00,Showroom,NV17,Đã giao
DH005448,,14/05/2026 18:40:00,Sàn Lazada,NV09,Đã giao
DH9900151,KH0396,11/06/2026 22:50:00,TMĐT - Tiki,NV13,Đã giao
DH005866,KH0123,20/08/2025 22:03:00,TMĐT - Tiki,NV07,Mới
DH008286,KH0155,23/07/2026 14:13:00,Ban le,NV05,Đã giao
DH002226,KH0407,15/09/2024 05:08:00,TMĐT - Tiki,NV28,Đang xử lý
DH002492,KH0012,08/25/2025 09:12:00,Showroom,NV01,Đã giao
DH002356,KH0183,24/04/2026 13:23:00,Sàn Shopee,NV30,Trả hàng
DH007626,KH0393,29/11/2024 11:27:00,Sàn Shopee,NV17,Đã giao
DH011601,KH0432,18/12/2025 03:41:00,Đại lý,NV19,Đã giao
DH011654,KH0264,26/05/2025 09:43:00,Showroom,NV05,Đã giao
DH001247,KH0412,16/02/2026 05:39:00,Shopee,NV13,Đã giao
DH011529,KH0141,14/09/2024 03:51:00,Bán lẻ,NV05,Đang xử lý
DH005378,KH0246,27/11/2024 06:50:00,Sàn Lazada,NV08,Đã giao
DH001495,KH0233,17/07/2025 15:10:00,TMĐT - Tiki,NV11,Đã giao
DH007161,KH0095,02/03/2026 14:18:00,Lazada,NV18,Đã giao
DH009604,KH9013,11/06/2026 23:15:00,Sàn Shopee,NV16,Đã giao
DH005109,KH0391,09/04/2025 19:27:00,Sàn Shopee,NV17,Đã giao
DH007899,KH0227,30/04/2025 03:45:00,Showroom,NV20,Đang xử lý
DH007214,KH0412,10/12/2024 03:29:00,TMĐT - Tiki,NV12,Trả hàng
DH003697,KH0041,21/11/2025 21:25:00,Showroom,NV07,Đã giao
DH009410,KH0447,06/03/2025 05:26:00,Bán lẻ trực tiếp,NV17,Đã giao
DH000242,KH0135,03/07/2026 14:32:00,Shopee,NV26,Đang xử lý
DH002795,KH0081,19/03/2026 13:40:00,Bán lẻ trực tiếp,NV17,Đã giao
DH002886,KH0280,04/02/2026 08:43:00,Sàn Lazada,NV25,Đang xử lý
DH010524,KH0279,2024-12-12 21:10:00,Shopee,NV14,Đang xử lý
DH011988,KH0002,07/06/2025 05:09:00,Ban le,NV28,Đã giao
DH011910,KH0051,29/09/2024 03:24:00,TMĐT - Shopee,NV17,Đã hủy
DH006769,KH0140,11/12/2025 07:26:00,Bán lẻ,NV27,Đã giao
DH010479,KH0402,25/07/2026 20:31:00,Showroom,NV26,Đã giao
DH009452,,11/08/2024 04:57:00,TMĐT - Tiki,NV30,Đã giao
DH000288,KH0026,26/05/2026 22:29:00,Lazada,NV01,Trả hàng
DH004175,KH0081,15/11/2025 13:35:00,Đại lý,NV13,Đã giao
DH006955,,19/12/2024 10:53:00,TMĐT - Tiki,NV06,Đã hủy
DH004181,KH0447,24/05/2026 23:22:00,Shopee,NV08,Đã giao
DH006606,KH9014,2025-06-06 10:27:00,Bán lẻ,NV22,Trả hàng
DH001433,KH0070,03/02/2025 15:01:00,Sàn Lazada,NV09,Đã giao
DH008044,KH0211,13/08/2025 23:37:00,Shopee,NV23,Đã giao
DH9900050,KH0396,06/10/2025 14:55:00,Showroom,NV27,Mới
DH011350,KH0035,02/12/2024 00:51:00,Bán lẻ,NV07,Đang xử lý
DH008032,KH0391,18/03/2025 19:29:00,Lazada,NV25,Đã giao
DH009574,KH0155,23/12/2025 03:38:00,Sàn Shopee,NV28,Đã giao
DH000067,KH0192,15/12/2024 17:08:00,Shopee,NV26,Đã giao
DH003588,KH0227,31/10/2024 00:49:00,Ban le,NV25,Đã giao
DH001709,KH0227,18/02/2025 05:02:00,Ban le,NV30,Trả hàng
DH010412,KH0155,03/02/2026 13:31:00,Ban le,NV22,Đã giao
DH001356,KH0130,21/04/2025 13:28:00,Đại lý,NV21,Đang xử lý
DH009096,KH0108,07/12/2026 23:50:00,Bán lẻ,NV30,Đã giao
DH008654,KH0213,30/07/2026 03:51:00,Bán lẻ trực tiếp,NV09,Đang xử lý
DH005498,KH0447,06/09/2025 12:51:00,Đại lý,NV02,Đã giao
DH001930,KH0064,19/07/2026 06:11:00,Bán lẻ trực tiếp,NV16,Đã giao
DH009338,KH0297,28/05/2026 00:29:00,TMĐT - Tiki,NV28,Đã giao
DH001445,KH0306,31/01/2025 17:28:00,Sàn Lazada,NV06,Đang xử lý
DH003747,KH0201,26/07/2026 07:44:00,Đại lý,NV02,Đã giao
DH003834,,26/06/2025 19:53:00,Lazada,NV28,Đã hủy
DH007862,KH0009,16/10/2025 15:20:00,Đại lý,NV28,Đang xử lý
DH011029,,31/05/2026 20:12:00,Bán lẻ,NV10,Đã giao
DH007929,KH0248,07/07/2026 03:18:00,Sàn Shopee,NV20,Đang xử lý
DH9900132,KH0264,15/03/2025 22:46:00,Đại lý,NV27,Đã giao
DH002864,KH0141,31/10/2024 00:42:00,Bán lẻ,NV28,Đã giao
DH010870,KH0326,02/11/2025 19:40:00,Bán lẻ,NV01,Đã giao
DH000681,KH0403,26/05/2026 08:14:00,Đại lý,NV11,Đã giao
DH007296,KH0012,19/10/2024 19:45:00,Showroom,NV09,Đã giao
DH003221,KH0363,16/08/2024 09:39:00,Sàn Lazada,NV10,Đã giao
DH007685,KH0093,07/06/2026 09:40:00,Đại lý,NV05,Đang xử lý
DH009945,KH0192,22/08/2025 14:30:00,Showroom,NV16,Đã giao
DH006250,KH0199,16/07/2026 19:30:00,TMĐT - Tiki,NV23,Trả hàng
DH002410,KH0442,04/05/2025 08:58:00,Showroom,NV11,Đã giao
DH004892,,30/10/2025 15:11:00,TMĐT - Tiki,NV27,Đã giao
DH001195,KH0447,15/12/2025 22:25:00,TMĐT - Tiki,NV07,Đã giao
DH008101,KH0127,30/11/2024 11:10:00,Đại lý,NV07,Đã giao
DH006632,KH0214,04/12/2025 02:28:00,Đại lý,NV20,Đã giao
DH005465,KH0009,01/04/2025 16:55:00,Bán lẻ,NV04,Đã hủy
DH9900070,KH0165,04/03/2026 01:22:00,Showroom,NV06,Đã giao
DH010433,KH0367,09/01/2026 04:03:00,Ban le,NV04,Đã giao
DH010607,KH0140,01/12/2024 16:17:00,Đại lý,NV26,Đã giao
DH006681,KH0155,29/08/2024 19:59:00,Đại lý,NV16,Đã giao
DH003658,KH0447,05/08/2024 21:35:00,Sàn Lazada,NV26,Đang xử lý
DH000446,KH0262,03/08/2025 01:38:00,Sàn Shopee,NV06,Đã giao
DH009011,KH0247,04/12/2025 04:15:00,Lazada,NV07,Đã giao
DH011377,KH0193,18/12/2024 09:10:00,Đại lý,NV26,Đã giao
DH005856,KH0448,13/05/2026 09:26:00,Đại lý,NV08,Đã giao
DH006796,KH0187,26/01/2025 11:16:00,Đại lý,NV16,Đã giao
DH004339,KH0082,09/06/2026 18:53:00,Ban le,NV20,Đã giao
DH004026,KH0409,17/11/2025 11:01:00,Showroom,NV10,Đang xử lý
DH005630,KH0153,19/01/2026 14:22:00,Showroom,NV24,Đã giao
DH003819,KH0373,22/07/2026 02:23:00,Showroom,NV17,Đã giao
DH004388,KH0140,01/06/2026 10:24:00,Đại lý,NV10,Mới
DH9900027,KH0075,27/10/2024 21:01:00,Showroom,NV29,Đã giao
DH005402,KH0150,15/06/2026 04:09:00,Sàn Lazada,NV27,Đang xử lý
DH009695,KH0002,26/12/2025 10:44:00,Sàn Lazada,NV05,Đã giao
DH009773,KH0397,26/12/2024 14:00:00,Showroom,NV17,Đã giao
DH004692,KH0114,29/12/2024 21:16:00,TMĐT - Tiki,NV22,Đã giao
DH010604,KH0053,10/02/2026 18:57:00,Ban le,NV11,Đã giao
DH007975,KH0250,08/12/2024 13:35:00,Đại lý,NV30,Đã giao
DH005768,KH0053,06/10/2025 21:17:00,Bán lẻ trực tiếp,NV13,Đã giao
DH000515,KH0051,30/08/2025 19:02:00,Bán lẻ,NV13,Đã giao
DH010715,KH0140,13/05/2026 20:52:00,Shopee,NV27,Trả hàng
DH009327,KH0413,02/12/2025 06:01:00,Đại lý,NV20,Đã giao
DH007785,KH0442,29/11/2025 17:29:00,Đại lý,NV07,Đã giao
DH011396,KH9011,16/12/2025 13:30:00,Lazada,NV22,Đã hủy
DH008079,KH0056,21/05/2025 06:01:00,Showroom,NV05,Đã giao
DH008693,KH0204,09/03/2025 02:51:00,Lazada,NV16,Đã giao
DH009481,KH0412,24/11/2025 20:49:00,Bán lẻ,NV27,Đã giao
DH001744,KH0012,22/12/2024 05:44:00,TMĐT - Tiki,NV17,Mới
DH005649,KH0303,26/12/2025 07:48:00,Đại lý,NV28,Đã giao
DH005334,KH0274,16/12/2025 08:21:00,Showroom,NV17,Đã giao
DH009680,KH0242,22/01/2026 00:04:00,Showroom,NV11,Đã giao
DH001870,KH0367,25/03/2025 12:27:00,Đại lý,NV19,Đã giao
DH007997,KH0326,09/04/2026 07:49:00,Đại lý,NV25,Đã giao
DH011622,KH0199,27/11/2024 20:08:00,Lazada,NV08,Đã giao
DH007068,KH0105,24/12/2025 01:47:00,Sàn Lazada,NV20,Đã giao
DH009264,KH0002,03/12/2025 17:55:00,Showroom,NV20,Đang xử lý
DH009456,KH0391,21/10/2024 10:53:00,Sàn Shopee,NV01,Đã giao
DH002689,KH0391,01/05/2025 13:04:00,Đại lý,NV01,Đang xử lý
DH009144,KH0368,04/08/2024 06:55:00,Shopee,NV30,Đã giao
DH002125,KH0219,15/12/2024 02:16:00,Sàn Shopee,NV10,Đang xử lý
DH002896,KH0344,04/12/2024 08:56:00,TMĐT - Tiki,NV25,Đã giao
DH001151,KH0102,22/12/2024 19:08:00,TMĐT - Tiki,NV06,Đã giao
DH008357,KH0262,28/05/2025 15:07:00,TMĐT - Tiki,NV12,Đã giao
DH010869,KH0267,17/08/2024 01:12:00,Bán lẻ,NV06,Mới
DH001068,,06/03/2026 13:50:00,Lazada,NV02,Đã giao
DH005466,KH0051,31/01/2026 23:50:00,Sàn Lazada,NV27,Đã giao
DH000821,KH0119,28/04/2026 16:49:00,Bán lẻ,NV24,Đã giao
DH003323,KH0363,07/29/2026 13:31:00,TMĐT - Tiki,NV01,Đã giao
DH011262,,16/02/2025 05:34:00,Shopee,NV20,Mới
DH004885,KH0391,09/06/2026 13:41:00,Đại lý,NV30,Đã giao
DH002665,KH0412,03/08/2025 02:01:00,Showroom,NV03,Đã giao
DH008580,KH0151,20/11/2024 09:00:00,Đại lý,NV29,Đã giao
DH003619,KH0163,22/08/2024 20:11:00,Ban le,NV08,Đã giao
DH011953,KH0442,20/03/2025 18:06:00,Đại lý,NV07,Đã giao
DH010219,KH0391,2025-12-27 10:13:00,Ban le,NV13,Đã giao
DH002484,KH0212,02/12/2024 11:41:00,Ban le,NV27,Đã giao
DH009183,KH0034,08/10/2025 12:53:00,TMĐT - Tiki,NV21,Đã giao
DH005719,KH0140,13/01/2026 00:10:00,Đại lý,NV07,Đã giao
DH000598,KH0241,14/01/2026 16:31:00,Ban le,NV26,Đã giao
DH007850,KH0396,12/07/2025 19:43:00,Sàn Lazada,NV11,Đã giao
DH008588,KH0074,06/01/2025 07:22:00,Showroom,NV16,Đã giao
DH008050,KH0243,22/07/2025 20:32:00,Sàn Shopee,NV27,Đã giao
DH009817,KH0003,07/06/2026 04:08:00,Ban le,NV07,Đã giao
DH008037,KH0359,13/01/2026 08:04:00,Sàn Shopee,NV19,Đã hủy
DH004711,KH0113,15/12/2025 14:20:00,Sàn Lazada,NV15,Đã giao
DH011518,KH0274,19/12/2025 20:37:00,Showroom,NV05,Đã giao
DH001143,KH0135,09/02/2025 05:15:00,Đại lý,NV02,Đã giao
DH008081,KH0274,10/05/2026 03:35:00,Showroom,NV06,Đã giao
DH001442,KH0096,07/10/2025 04:23:00,Đại lý,NV22,Đã hủy
DH001298,KH0179,25/06/2026 05:27:00,Đại lý,NV23,Đã giao
DH001380,,02/08/2024 13:30:00,Đại lý,NV20,Đã giao
DH003686,KH0273,27/07/2026 15:02:00,Ban le,NV10,Đã giao
DH006983,KH0035,13/12/2025 17:46:00,Bán lẻ,NV25,Đã giao
DH008791,KH0314,14/12/2025 19:51:00,Đại lý,NV13,Đã giao
DH000993,KH0428,10/13/2025 23:47:00,Showroom,NV07,Đã giao
DH000461,KH0341,13/11/2025 10:03:00,TMĐT - Tiki,NV05,Đã giao
DH011555,KH0377,06/07/2025 03:52:00,TMĐT - Tiki,NV18,Đã giao
DH000738,KH0390,16/04/2026 16:21:00,Showroom,NV29,Đã hủy
DH011476,KH0304,24/05/2025 21:09:00,Showroom,NV14,Đã giao
DH008084,KH0076,22/01/2026 09:27:00,TMĐT - Tiki,NV17,Đã giao
DH008230,KH0442,08/15/2025 23:34:00,Lazada,NV16,Đã giao
DH000956,KH0317,19/05/2025 23:40:00,Showroom,NV16,Đang xử lý
DH004456,KH9003,02/09/2025 12:13:00,Bán lẻ,NV11,Đã hủy
DH000906,KH0051,25/01/2026 20:21:00,Đại lý,NV26,Đang xử lý
DH009789,KH0010,14/11/2025 04:23:00,Lazada,NV19,Đã giao
DH006000,KH0062,18/07/2026 01:26:00,Đại lý,NV13,Đã giao
DH006298,KH9013,10/12/2024 19:58:00,Lazada,NV08,Đã giao
DH001242,KH0409,15/11/2024 04:56:00,Shopee,NV08,Đã giao
DH011281,KH0447,01/05/2026 07:59:00,Bán lẻ,NV29,Mới
DH007972,KH0208,04/04/2025 20:34:00,TMĐT - Tiki,NV20,Mới
DH007332,KH0315,03/12/2024 06:07:00,Sàn Lazada,NV22,Mới
DH004345,KH0093,12/02/2025 15:55:00,Shopee,NV03,Đã giao
DH000980,KH0327,03/12/2025 13:57:00,Showroom,NV01,Đã giao
DH004910,KH0220,07/12/2025 07:44:00,Ban le,NV20,Đã giao
DH007957,KH0140,14/06/2026 19:10:00,Showroom,NV12,Đã giao
DH009257,KH0226,21/09/2024 10:54:00,Shopee,NV10,Đã hủy
DH003117,KH0262,08/01/2025 13:47:00,TMĐT - Tiki,NV19,Đang xử lý
DH008455,KH0192,27/03/2026 07:48:00,TMĐT - Tiki,NV11,Đang xử lý
DH007606,KH0359,31/01/2025 16:43:00,Lazada,NV01,Đang xử lý
DH008094,KH0413,02/01/2026 07:17:00,Lazada,NV24,Đã giao
DH005967,KH0419,20/11/2025 23:07:00,Bán lẻ,NV05,Đã giao
DH000106,KH0070,25/05/2025 01:38:00,TMĐT - Tiki,NV19,Đã giao
DH005770,KH0249,02/01/2026 00:49:00,TMĐT - Tiki,NV11,Đã giao
DH001099,KH0183,12/01/2026 13:18:00,TMĐT - Tiki,NV16,Đã giao
DH001527,KH0228,14/11/2024 00:37:00,Sàn Lazada,NV06,Đã giao
DH003859,KH0262,16/10/2024 06:16:00,TMĐT - Shopee,NV29,Đã giao
DH010738,KH0262,12/02/2026 19:42:00,Sàn Lazada,NV21,Đã hủy
DH006773,KH0064,20/11/2024 01:24:00,Shopee,NV15,Đã giao
DH007592,KH0084,06/04/2026 04:28:00,Bán lẻ,NV22,Đang xử lý
DH009459,KH0271,22/08/2025 22:08:00,TMĐT - Lazada,NV19,Đã giao
DH010924,KH0141,02/09/2024 05:20:00,Bán lẻ,NV23,Đã giao
DH005268,KH0105,21/07/2025 09:25:00,Bán lẻ,NV12,Đã giao
DH008151,KH0044,09/06/2026 14:29:00,Bán lẻ trực tiếp,NV26,Mới
DH004418,KH0035,30/01/2025 15:51:00,TMĐT - Tiki,NV15,Đã giao
DH005718,KH0359,29/08/2024 05:30:00,Sàn Lazada,NV22,Đã giao
DH003364,KH0447,29/05/2025 09:26:00,TMĐT - Tiki,NV08,Mới
DH006263,KH0212,24/07/2025 16:06:00,TMĐT - Tiki,NV20,Trả hàng
DH005018,KH0421,06/04/2026 12:02:00,Sàn Shopee,NV26,Đã hủy
DH011487,KH0006,20/10/2025 23:50:00,Showroom,NV05,Đã giao
DH003638,KH0282,13/11/2024 09:02:00,Đại lý,NV16,Mới
DH008541,KH0420,20/05/2025 01:24:00,Đại lý,NV30,Đang xử lý
DH011686,KH0105,19/07/2026 18:21:00,Lazada,NV15,Đã giao
DH011908,KH0254,13/04/2026 10:23:00,TMĐT - Tiki,NV14,Đã giao
DH004875,KH0281,08/06/2025 02:39:00,Showroom,NV04,Đã giao
DH011410,KH0367,12/11/2024 02:48:00,Đại lý,NV04,Đã giao
DH004918,KH0231,20/09/2025 11:29:00,Sàn Shopee,NV26,Đã giao
DH008035,KH0135,12/01/2026 21:39:00,Bán lẻ,NV22,Đã giao
DH008245,KH0044,03/07/2025 05:46:00,Shopee,NV22,Đã giao
DH004409,KH0241,30/01/2026 10:29:00,TMĐT - Tiki,NV04,Đã giao
DH003802,KH0447,08/09/2025 12:31:00,Lazada,NV30,Đã giao
DH011826,KH0447,01/01/2026 01:16:00,Showroom,NV05,Đã giao
DH009585,KH0441,06/10/2024 12:15:00,Bán lẻ,NV24,Đã giao
DH011535,KH0035,23/07/2025 19:53:00,Sàn Lazada,NV21,Đã giao
DH001154,KH0368,07/05/2025 15:28:00,Đại lý,NV17,Mới
DH001716,KH0262,02/03/2026 11:33:00,Shopee,NV03,Đã giao
DH006421,KH0049,27/08/2024 01:12:00,Showroom,NV06,Đã giao
DH002402,KH0274,30/12/2024 02:57:00,Sàn Lazada,NV14,Đã giao
DH003326,KH0221,22/08/2024 03:22:00,Đại lý,NV16,Đã giao
DH008723,KH0117,21/03/2026 09:54:00,TMĐT - Tiki,NV01,Đã giao
DH010318,KH0021,19/09/2024 22:23:00,Lazada,NV24,Đã giao
DH004532,KH0447,12/13/2025 14:58:00,Đại lý,NV25,Đã giao
DH011200,KH0282,08/01/2025 23:27:00,Sàn Shopee,NV22,Đã giao
DH003188,KH0257,15/06/2025 00:28:00,Showroom,NV13,Đã giao
DH009133,KH0063,30/07/2025 21:47:00,Showroom,NV27,Đã giao
DH009960,KH0249,08/09/2024 20:49:00,Sàn Lazada,NV28,Đã giao
DH003009,KH0386,09/05/2026 00:10:00,Đại lý,NV14,Đã giao
DH000167,KH0424,05/05/2026 01:42:00,Showroom,NV22,Đã giao
DH007456,KH0001,11/12/2024 13:12:00,Bán lẻ,NV23,Đã giao
DH005144,KH0140,04/01/2025 17:34:00,Showroom,NV19,Đã giao
DH003988,KH0257,07/08/2024 06:39:00,Sàn Lazada,NV19,Đã giao
DH009812,KH0322,11/05/2025 10:00:00,TMĐT - Tiki,NV02,Đã giao
DH002229,KH0208,28/08/2024 22:12:00,Showroom,NV29,Đã giao
DH001069,KH9004,05/11/2024 00:18:00,Sàn Lazada,NV30,Đã giao
DH005128,KH0447,09/10/2025 19:04:00,Lazada,NV24,Đã giao
DH011844,KH0248,03/01/2025 16:41:00,Showroom,NV02,Đã giao
DH001992,KH0409,22/02/2026 04:59:00,Sàn Lazada,NV07,Đã giao
DH009248,KH0105,17/06/2026 10:43:00,Sàn Shopee,NV09,Đã giao
DH000469,KH0241,30/05/2026 14:45:00,Sàn Shopee,NV21,Đã giao
DH001813,KH0442,04/08/2024 22:34:00,Bán lẻ,NV02,Đang xử lý
DH007887,KH0035,11/05/2025 03:12:00,Sàn Shopee,NV21,Đã giao
DH001254,KH0173,08/11/2024 06:35:00,TMĐT - Tiki,NV14,Đang xử lý
DH007005,KH0248,28/12/2024 05:24:00,Showroom,NV25,Trả hàng
DH009090,KH0262,11/04/2025 23:23:00,TMĐT - Tiki,NV16,Đã giao
DH003282,KH0391,14/10/2024 09:48:00,Bán lẻ,NV27,Đã giao
DH006129,KH0051,01/04/2026 10:14:00,Bán lẻ,NV11,Đã giao
DH001290,KH0377,26/04/2025 13:26:00,TMĐT - Shopee,NV15,Đã giao
DH007112,KH0012,10/11/2025 17:32:00,TMĐT - Tiki,NV08,Đã giao
DH002137,,09/02/2025 03:34:00,Đại lý,NV19,Đã giao
DH010568,KH0407,22/12/2025 17:59:00,Lazada,NV23,Đã giao
DH000259,KH0288,25/11/2025 09:40:00,Bán lẻ,NV26,Đã giao
DH007945,KH0116,23/05/2025 00:03:00,Showroom,NV12,Đã giao
DH004206,KH0297,26/11/2025 05:41:00,Shopee,NV21,Đã giao
DH000723,KH0074,17/12/2024 01:58:00,Ban le,NV12,Đã giao
DH007036,KH9008,05/06/2025 11:31:00,Ban le,NV22,Trả hàng
DH010040,KH0054,05/01/2025 18:35:00,Showroom,NV02,Đã giao
DH001320,,29/10/2024 04:33:00,Đại lý,NV10,Đang xử lý
DH011414,KH0105,12/05/2025 08:59:00,Showroom,NV15,Đang xử lý
DH004490,KH0114,05/02/2025 16:02:00,Lazada,NV20,Đã giao
DH001469,KH0088,16/12/2025 00:57:00,Sàn Shopee,NV28,Đã giao
DH005179,KH0155,29/04/2025 21:31:00,Sàn Shopee,NV05,Đang xử lý
DH010120,KH0162,07/06/2026 09:18:00,Showroom,NV01,Mới
DH010631,KH0216,06/10/2024 08:10:00,Shopee,NV21,Đang xử lý
DH003843,KH0049,04/11/2025 22:49:00,Sàn Shopee,NV04,Đã hủy
DH005407,KH0155,14/10/2025 03:59:00,Sàn Shopee,NV02,Đã giao
DH004285,KH0227,21/07/2026 12:20:00,Shopee,NV12,Đã giao
DH000422,,13/04/2025 15:16:00,TMĐT - Tiki,NV19,Đã giao
DH009007,KH0442,15/10/2024 10:48:00,Sàn Lazada,NV29,Đã hủy
DH011645,KH0314,22/04/2025 00:53:00,Sàn Lazada,NV26,Đang xử lý
DH010411,,03/10/2025 23:03:00,TMĐT - Tiki,NV17,Đã giao
DH003727,KH0141,05/06/2025 23:09:00,Bán lẻ,NV10,Đã giao
DH007223,KH0386,21/12/2025 13:53:00,Sàn Shopee,NV13,Đã giao
DH009580,KH0010,28/08/2024 04:51:00,Đại lý,NV21,Đã hủy
DH005744,KH0193,02/07/2026 07:47:00,Showroom,NV26,Đã hủy
DH010610,KH0365,06/09/2025 20:39:00,Bán lẻ,NV18,Mới
DH004359,KH0345,19/11/2025 10:55:00,Showroom,NV13,Đã giao
DH010590,KH0140,14/11/2025 18:40:00,Sàn Lazada,NV25,Đang xử lý
DH004217,KH0160,04/07/2026 16:19:00,Đại lý,NV10,Đã hủy
DH006146,KH0063,03/10/2024 12:43:00,Sàn Lazada,NV20,Đã giao
DH002531,KH0259,06/11/2025 09:10:00,TMĐT - Tiki,NV26,Đã giao
DH002937,KH0391,25/01/2026 06:16:00,TMĐT - Tiki,NV06,Đã giao
DH007747,KH0368,11/02/2026 23:55:00,Sàn Shopee,NV14,Đã giao
DH005178,KH0353,18/04/2025 08:13:00,TMĐT - Tiki,NV04,Đang xử lý
DH006521,KH0262,12/12/2025 11:18:00,Showroom,NV16,Đã giao
DH004505,KH0227,07/08/2024 20:03:00,Showroom,NV29,Đã giao
DH009907,KH0447,24/03/2025 17:14:00,Đại lý,NV02,Đã giao
DH000790,KH0306,23/01/2025 16:54:00,Showroom,NV06,Đã giao
DH005664,KH0247,22/06/2025 19:36:00,Shopee,NV22,Đã giao
DH010933,KH0442,15/01/2025 07:35:00,Showroom,NV09,Đã giao
DH006117,KH0442,27/11/2024 05:06:00,Đại lý,NV26,Đã giao
DH005849,KH0447,10/12/2024 01:11:00,Bán lẻ,NV28,Đang xử lý
DH000179,KH0246,03/10/2024 13:53:00,Ban le,NV30,Mới
DH001931,KH0281,07/11/2024 01:47:00,Đại lý,NV07,Đã hủy
DH006696,KH0183,01/04/2025 16:36:00,Bán lẻ,NV19,Trả hàng
DH008670,KH0229,13/08/2025 21:44:00,Sàn Lazada,NV08,Đang xử lý
DH006191,KH0035,14/01/2025 16:31:00,TMĐT - Tiki,NV16,Đã giao
DH010694,KH0183,26/07/2026 23:07:00,Showroom,NV05,Đã giao
DH000526,KH0406,11/04/2026 23:43:00,Sàn Shopee,NV24,Đã giao
DH001097,KH0353,05/10/2024 15:55:00,Sàn Shopee,NV01,Đang xử lý
DH008811,KH0053,14/06/2025 03:20:00,TMĐT - Shopee,NV28,Đã giao
DH007431,KH0391,01/05/2026 00:34:00,TMĐT - Lazada,NV05,Đã giao
DH010097,KH0264,07/08/2024 15:32:00,Ban le,NV14,Mới
DH003368,KH0384,22/02/2026 03:22:00,Đại lý,NV06,Đã giao
DH006175,KH0421,21/11/2025 17:32:00,Showroom,NV16,Đã hủy
DH011445,KH0447,03/02/2025 14:26:00,Đại lý,NV11,Đang xử lý
DH005047,KH0089,07/03/2025 04:19:00,Shopee,NV06,Đang xử lý
DH010457,KH0391,25/10/2024 19:13:00,Đại lý,NV19,Đã giao
DH011937,KH0272,02/06/2025 02:20:00,Shopee,NV17,Đã giao
DH002243,KH0349,01/01/2026 04:09:00,Sàn Shopee,NV03,Đã giao
DH005273,KH0010,15/10/2025 11:56:00,TMĐT - Tiki,NV29,Đã giao
DH010750,KH0249,25/09/2025 08:42:00,Ban le,NV25,Đã giao
DH007043,KH0119,06/07/2025 06:52:00,Shopee,NV27,Mới
DH006887,KH0089,14/12/2025 11:11:00,TMĐT - Tiki,NV27,Đã giao
DH008873,KH0166,08/04/2026 08:00:00,Bán lẻ,NV04,Đang xử lý
DH001084,KH0119,20/01/2025 22:47:00,Bán lẻ,NV15,Đã giao
DH002960,,27/10/2024 01:05:00,Ban le,NV08,Đã giao
DH004881,KH0130,19/05/2025 05:06:00,Lazada,NV28,Đã giao
DH009009,KH0246,30/01/2026 19:38:00,Lazada,NV23,Mới
DH007367,KH0137,24/10/2025 19:59:00,Ban le,NV06,Đã giao
DH010055,KH0322,24/12/2025 03:49:00,Đại lý,NV13,Đã giao
DH000003,KH0042,18/10/2025 19:47:00,Showroom,NV27,Đã giao
DH006771,KH0293,04/08/2025 16:37:00,Lazada,NV24,Đang xử lý
DH005558,KH0447,19/01/2026 22:34:00,Đại lý,NV11,Đã giao
DH9900117,KH0356,13/04/2026 11:46:00,Shopee,NV15,Đã giao
DH004435,KH0155,26/09/2024 09:49:00,Shopee,NV08,Đã giao
DH003609,KH0056,05/12/2024 17:36:00,Đại lý,NV18,Đang xử lý
DH001943,KH0122,19/12/2025 01:06:00,Bán lẻ,NV07,Đã giao
DH009784,KH0415,29/04/2026 15:17:00,TMĐT - Tiki,NV04,Đang xử lý
DH009743,KH0119,23/05/2026 00:04:00,TMĐT - Tiki,NV09,Đã giao
DH003359,KH0355,10/01/2025 21:31:00,Sàn Shopee,NV04,Đã giao
DH003261,KH0442,19/09/2024 15:40:00,Shopee,NV18,Đã giao
DH010347,KH0309,19/01/2026 20:15:00,TMĐT - Tiki,NV04,Đã giao
DH008308,KH0338,29/05/2026 03:06:00,Showroom,NV23,Đã hủy
DH001054,KH0051,20/12/2024 13:38:00,Sàn Shopee,NV20,Trả hàng
DH008166,KH0020,04/05/2025 16:13:00,TMĐT - Tiki,NV03,Đã giao
DH002828,KH0412,09/08/2024 00:30:00,Ban le,NV22,Đã giao
DH011100,KH0012,2025-03-27 10:10:00,Bán lẻ trực tiếp,NV23,Đã giao
DH006692,KH0227,30/04/2026 11:37:00,Ban le,NV28,Đã giao
DH002753,KH0366,27/12/2024 10:12:00,Sàn Shopee,NV20,Đã giao
DH000228,KH0413,05/04/2026 08:53:00,Showroom,NV07,Đã giao
DH003817,KH0012,20/07/2026 07:10:00,Đại lý,NV17,Đã giao
DH005872,KH0389,07/25/2026 11:12:00,Sàn Shopee,NV05,Đã giao
DH004479,,04/04/2025 05:57:00,TMĐT - Tiki,NV18,Đã giao
DH007572,KH0314,15/02/2026 17:31:00,Đại lý,NV13,Đã giao
DH005331,KH0304,26/11/2025 19:49:00,Sàn Shopee,NV10,Đã giao
DH008242,KH0368,09/07/2026 06:27:00,Bán lẻ trực tiếp,NV02,Đã giao
DH9900047,KH0252,22/12/2025 05:51:00,Đại lý,NV25,Đã giao
DH011692,KH0157,13/12/2025 16:27:00,Sàn Lazada,NV13,Đã giao
DH001613,KH0235,26/12/2025 11:42:00,TMĐT - Tiki,NV28,Đã giao
DH002453,KH0035,03/08/2025 15:53:00,Showroom,NV19,Đã giao
DH9900023,KH0383,30/01/2026 00:17:00,TMĐT - Tiki,NV10,Đã giao
DH003975,KH0325,24/07/2025 10:28:00,Lazada,NV26,Đã giao
DH008879,KH0232,28/09/2025 14:27:00,TMĐT - Tiki,NV27,Đã giao
DH009696,KH0184,31/07/2025 14:37:00,TMĐT - Tiki,NV17,Đã giao
DH008172,KH0397,30/04/2026 01:32:00,Showroom,NV04,Đang xử lý
DH007046,KH0442,17/10/2024 05:58:00,TMĐT - Tiki,NV18,Đã giao
DH008884,KH0293,02/01/2025 23:30:00,Lazada,NV20,Đã giao
DH002841,KH0155,17/02/2025 19:31:00,Shopee,NV28,Đã giao
DH005831,KH0095,09/12/2025 07:09:00,TMĐT - Tiki,NV27,Trả hàng
DH003128,KH0051,22/04/2026 02:04:00,TMĐT - Tiki,NV10,Đã giao
DH008482,KH0243,11/06/2026 17:37:00,Đại lý,NV02,Đang xử lý
DH004397,KH0237,19/09/2025 05:57:00,Showroom,NV20,Đã giao
DH006962,KH0272,31/10/2024 23:37:00,Bán lẻ,NV21,Đã giao
DH011241,KH0433,12/07/2026 05:56:00,TMĐT - Tiki,NV11,Đã giao
DH001339,KH0035,18/08/2025 19:14:00,Đại lý,NV10,Mới
DH004931,KH0135,20/03/2025 08:56:00,Sàn Lazada,NV28,Đã giao
DH000873,KH0262,01/09/2024 05:24:00,Showroom,NV06,Đã giao
DH008164,KH0248,16/12/2025 16:34:00,Đại lý,NV28,Đã giao
DH002655,KH0374,05/12/2024 20:24:00,Đại lý,NV13,Đã giao
DH008351,KH0138,17/03/2025 14:48:00,Đại lý,NV02,Đã giao
DH003250,KH0389,03/01/2026 11:41:00,Lazada,NV13,Đang xử lý
DH009121,KH0127,03/11/2025 18:14:00,Bán lẻ,NV27,Đang xử lý
DH008583,KH0122,17/11/2024 02:31:00,Đại lý,NV30,Đã giao
DH010331,KH0249,13/08/2025 15:59:00,Sàn Shopee,NV29,Đã giao
DH011675,KH0231,21/11/2025 00:15:00,Đại lý,NV13,Đang xử lý
DH001886,KH0442,19/05/2025 02:26:00,Showroom,NV18,Đã giao
DH008401,KH0412,05/11/2024 04:48:00,Showroom,NV04,Đã giao
DH007076,KH0271,31/12/2025 15:16:00,Bán lẻ,NV12,Đã giao
DH005185,KH0198,23/10/2024 02:38:00,Đại lý,NV19,Đã giao
DH9900010,KH0442,24/06/2025 07:03:00,Bán lẻ,NV03,Đã giao
DH010308,KH0353,31/01/2025 12:23:00,Đại lý,NV13,Đã giao
DH000524,KH0279,20/09/2025 07:04:00,Lazada,NV25,Đã giao
DH010898,KH0243,21/05/2025 17:04:00,Showroom,NV12,Đã hủy
DH002108,KH0071,31/08/2024 16:57:00,Bán lẻ,NV11,Đã giao
DH002241,KH0116,01/27/2025 12:08:00,Showroom,NV01,Đã giao
DH008689,KH0397,04/09/2024 01:11:00,Sàn Lazada,NV15,Đã giao
DH008969,KH0220,22/04/2026 22:59:00,Sàn Lazada,NV16,Đang xử lý
DH000039,,28/06/2025 03:01:00,Đại lý,NV20,Đã giao
DH008400,KH0063,04/10/2025 20:59:00,Đại lý,NV04,Đã giao
DH000103,KH9000,20/12/2024 15:44:00,TMĐT - Tiki,NV06,Đã giao
DH000444,KH0251,10/06/2025 08:12:00,Ban le,NV21,Đã giao
DH008302,KH0268,15/12/2025 21:15:00,TMĐT - Tiki,NV14,Đã giao
DH005927,KH0054,03/09/2024 02:16:00,Bán lẻ,NV22,Đã giao
DH006082,KH0262,15/09/2025 07:05:00,Ban le,NV27,Đã giao
DH001412,KH0035,01/02/2026 10:27:00,Showroom,NV30,Mới
DH005056,KH0297,16/06/2026 06:12:00,Đại lý,NV02,Đã giao
DH011594,KH0051,23/10/2025 19:33:00,Showroom,NV26,Đã giao
DH007732,KH0438,05/04/2025 18:55:00,Đại lý,NV13,Đã giao
DH002027,KH0314,09/11/2024 22:36:00,Bán lẻ,NV10,Đang xử lý
DH007672,KH0261,17/01/2025 13:08:00,Showroom,NV23,Đã giao
DH000813,KH0257,03/10/2025 09:42:00,Sàn Lazada,NV03,Đang xử lý
DH9900144,KH0242,19/03/2025 17:13:00,Lazada,NV09,Đã giao
DH003889,KH0438,17/03/2026 10:33:00,Sàn Shopee,NV30,Đã giao
DH003297,KH0151,11/09/2025 12:20:00,Showroom,NV25,Đã giao
DH005385,KH0396,20/11/2024 08:10:00,Sàn Shopee,NV16,Mới
DH011968,KH0391,13/07/2025 17:09:00,TMĐT - Tiki,NV21,Đã giao
DH000466,KH0036,16/07/2026 03:09:00,Showroom,NV06,Đang xử lý
DH007608,KH0205,11/03/2025 05:14:00,Bán lẻ trực tiếp,NV13,Đã giao
DH000071,KH0229,05/11/2025 09:44:00,Sàn Shopee,NV22,Đã giao
DH005048,KH0147,05/03/2025 23:44:00,Sàn Shopee,NV19,Đang xử lý
DH002390,KH0442,29/06/2025 13:09:00,Lazada,NV13,Đã giao
DH010531,KH0114,07/11/2025 11:38:00,Đại lý,NV24,Đã giao
DH005094,KH0077,10/23/2025 17:59:00,TMĐT - Lazada,NV17,Đã giao
DH004472,KH0056,27/06/2026 06:52:00,Showroom,NV28,Đã giao
DH003434,KH0077,18/08/2024 22:06:00,Đại lý,NV07,Đã giao
DH010951,KH0258,29/03/2026 21:03:00,TMĐT - Tiki,NV20,Đã giao
DH011428,KH0406,13/06/2026 12:59:00,Sàn Lazada,NV17,Đã giao
DH004493,KH0155,27/10/2025 12:11:00,Đại lý,NV01,Đã giao
DH9900135,KH0325,08/08/2024 00:24:00,Showroom,NV02,Đã giao
DH011539,KH0168,12/09/2024 16:49:00,Ban le,NV06,Đã giao
DH005902,KH0002,01/03/2025 07:44:00,Sàn Lazada,NV22,Đã giao
DH003801,KH0419,18/03/2025 17:25:00,TMĐT - Tiki,NV20,Đã giao
DH008928,KH0161,07/07/2026 06:11:00,TMĐT - Lazada,NV01,Đang xử lý
DH004940,KH0227,28/06/2025 18:08:00,Đại lý,NV11,Đã giao
DH004220,KH0317,08/12/2024 21:28:00,Đại lý,NV07,Đã giao
DH008387,KH0400,24/06/2026 20:22:00,Showroom,NV28,Đã giao
DH003254,KH0135,18/06/2025 07:49:00,TMĐT - Lazada,NV29,Đã giao
DH008783,KH0070,28/10/2024 06:44:00,Sàn Lazada,NV07,Đã giao
DH005009,KH0330,17/11/2025 15:11:00,Showroom,NV03,Đã giao
DH008696,,23/03/2025 12:03:00,Showroom,NV12,Mới
DH011326,KH0002,05/05/2026 12:57:00,Ban le,NV24,Đã giao
DH010070,KH0092,03/04/2026 09:04:00,TMĐT - Tiki,NV05,Đã giao
DH007503,KH0242,02/09/2024 15:25:00,Ban le,NV30,Đang xử lý
DH002856,KH0070,20/11/2024 09:46:00,TMĐT - Tiki,NV25,Đã hủy
DH001913,KH0246,13/07/2025 18:19:00,Ban le,NV17,Đã giao
DH002330,KH0406,10/01/2025 01:40:00,Đại lý,NV21,Đang xử lý
DH000870,KH0249,05/02/2025 00:06:00,Shopee,NV25,Đã giao
DH005713,KH0012,30/07/2026 23:13:00,Đại lý,NV16,Đã giao
DH005250,KH0262,2026-04-18 23:25:00,Ban le,NV19,Đã giao
DH005427,KH0032,02/08/2024 04:15:00,TMĐT - Lazada,NV05,Đã giao
DH003791,KH0197,09/19/2024 09:11:00,Showroom,NV11,Đã giao
DH003903,KH0119,27/05/2026 16:57:00,Đại lý,NV28,Đã giao
DH006988,KH0309,18/04/2026 13:35:00,Bán lẻ,NV05,Đang xử lý
DH008529,KH0314,17/12/2025 16:36:00,TMĐT - Tiki,NV06,Đã giao
DH009616,KH0053,16/03/2026 17:58:00,Ban le,NV15,Đã giao
DH008821,KH0245,12/11/2025 08:09:00,TMĐT - Tiki,NV11,Mới
DH008678,KH0402,01/07/2026 21:27:00,TMĐT - Tiki,NV04,Đã giao
DH003091,KH0054,16/10/2024 02:51:00,Sàn Lazada,NV23,Đã giao
DH010173,KH0404,28/11/2025 14:39:00,Showroom,NV16,Đã giao
DH009663,KH0047,26/05/2025 21:23:00,Đại lý,NV21,Đã giao
DH000856,KH0128,30/04/2026 05:04:00,Showroom,NV06,Đang xử lý
DH007728,KH0227,26/05/2025 17:53:00,Lazada,NV16,Đã giao
DH004948,KH0121,06/09/2025 23:14:00,Showroom,NV11,Đã giao
DH006428,KH0023,28/10/2025 23:36:00,Showroom,NV21,Đã giao
DH007250,KH0199,30/05/2026 14:07:00,Đại lý,NV12,Đã hủy
DH010497,KH0035,12/11/2025 16:18:00,Showroom,NV24,Đã giao
DH9900013,KH0391,08/02/2026 09:47:00,Sàn Shopee,NV01,Đã giao
DH011230,KH0056,30/07/2026 14:38:00,Đại lý,NV02,Đã giao
DH009970,KH0135,23/10/2024 00:24:00,Sàn Shopee,NV07,Đã giao
DH004204,KH0119,05/04/2026 15:52:00,Đại lý,NV07,Đang xử lý
DH011957,KH0177,14/07/2025 09:43:00,TMĐT - Tiki,NV02,Đã giao
DH011490,KH0070,19/03/2025 15:57:00,Sàn Shopee,NV16,Đã giao
DH010484,KH0201,06/03/2025 22:29:00,Đại lý,NV26,Đã giao
DH002986,KH0099,08/01/2025 17:16:00,Ban le,NV19,Đang xử lý
DH003325,KH0242,05/06/2026 08:46:00,Bán lẻ,NV15,Đã giao
DH011152,KH0306,18/01/2026 00:24:00,Lazada,NV17,Đã giao
DH000624,KH0316,15/08/2024 22:40:00,Showroom,NV21,Đã giao
DH001698,,02/01/2026 04:09:00,TMĐT - Tiki,NV20,Đã giao
DH010847,KH0183,02/10/2025 20:56:00,Đại lý,NV17,Đã giao
DH003559,KH0230,28/10/2024 04:05:00,Ban le,NV14,Đã giao
DH000780,KH0314,10/12/2024 08:43:00,Showroom,NV22,Trả hàng
DH9900078,KH0141,01/05/2025 21:11:00,Bán lẻ,NV30,Đang xử lý
DH007357,KH0391,07/11/2024 13:42:00,Showroom,NV18,Đang xử lý
DH009861,KH0359,20/12/2024 14:09:00,Bán lẻ,NV21,Đã hủy
DH005994,KH0359,10/08/2025 18:39:00,Showroom,NV21,Đã giao
DH000265,KH0075,11/09/2025 03:00:00,Lazada,NV21,Đã giao
DH006305,KH0257,21/04/2025 07:37:00,Shopee,NV12,Đã giao
DH009315,KH0405,21/02/2025 16:37:00,Sàn Lazada,NV12,Đã giao
DH010521,KH0273,01/01/2026 15:26:00,Showroom,NV16,Đã giao
DH008671,KH0314,09/12/2024 09:41:00,Showroom,NV23,Đã giao
DH011505,KH0306,14/11/2025 07:06:00,TMĐT - Tiki,NV15,Đã giao
DH011065,KH0227,12/01/2026 22:14:00,Showroom,NV14,Đã giao
DH010207,KH0227,19/10/2024 00:19:00,Lazada,NV14,Đang xử lý
DH004765,KH0268,03/10/2024 14:24:00,TMĐT - Shopee,NV11,Đã giao
DH009034,KH0386,04/04/2025 14:51:00,Sàn Shopee,NV07,Đã giao
DH9900104,KH0391,06/08/2024 12:52:00,Sàn Shopee,NV14,Đã giao
DH003847,KH0248,10/07/2025 12:53:00,Ban le,NV22,Đã giao
DH000369,KH0035,16/11/2025 23:15:00,Đại lý,NV05,Đã giao
DH004117,KH0407,29/04/2025 15:02:00,Bán lẻ,NV11,Đã giao
DH007177,,02/11/2024 06:27:00,Showroom,NV24,Đã giao
DH005838,KH0424,10/09/2025 05:01:00,Sàn Lazada,NV15,Đã giao
DH003549,KH0316,02/07/2026 18:52:00,Sàn Shopee,NV21,Đang xử lý
DH002220,KH0391,05/05/2026 21:16:00,Showroom,NV01,Đã giao
DH009810,KH0173,14/12/2024 01:37:00,Shopee,NV16,Đã giao
DH005419,KH0327,05/04/2025 10:47:00,Đại lý,NV03,Đã hủy
DH006102,KH0404,19/01/2026 10:03:00,TMĐT - Tiki,NV21,Đã giao
DH008737,KH0116,08/04/2026 14:07:00,TMĐT - Tiki,NV26,Đang xử lý
DH001996,KH0141,08/09/2025 18:49:00,TMĐT - Tiki,NV30,Đã giao
DH008442,KH0249,02/08/2024 23:32:00,Sàn Shopee,NV13,Đã giao
DH009281,KH0248,26/09/2025 07:29:00,Bán lẻ,NV29,Đã giao
DH009835,KH0384,10/04/2025 05:52:00,Ban le,NV05,Đã hủy
DH004506,KH0391,13/12/2025 12:09:00,Shopee,NV12,Đã giao
DH000172,KH0306,20/09/2025 21:44:00,Lazada,NV11,Đã giao
DH006986,KH0364,20/12/2025 14:50:00,Đại lý,NV16,Đã giao
DH008877,KH0070,19/12/2025 13:47:00,Bán lẻ,NV30,Đã giao
DH003547,KH0020,02/11/2024 22:45:00,Sàn Shopee,NV18,Đã giao
DH004893,KH0135,01/09/2025 03:05:00,Sàn Lazada,NV12,Đã giao
DH006351,KH0257,09/10/2024 15:08:00,TMĐT - Tiki,NV14,Mới
DH006235,KH0135,04/08/2024 07:55:00,Bán lẻ,NV22,Đã hủy
DH007758,KH0447,03/09/2024 23:44:00,Đại lý,NV03,Đã giao
DH007459,KH0404,02/01/2025 20:52:00,Lazada,NV06,Đã giao
DH011827,KH0306,15/12/2024 00:54:00,Showroom,NV19,Đã giao
DH003341,KH0012,19/09/2024 12:55:00,TMĐT - Tiki,NV13,Đã giao
DH9900167,KH0192,05/06/2025 20:58:00,Đại lý,NV24,Đã giao
DH009259,KH0391,10/07/2025 18:08:00,Lazada,NV14,Trả hàng
DH000026,KH0274,2025-10-07 06:34:00,Sàn Shopee,NV15,Đang xử lý
DH006380,KH0242,19/03/2025 17:13:00,Lazada,NV09,Đã giao
DH008660,KH0391,10/05/2026 23:26:00,TMĐT - Tiki,NV16,Đã giao
DH007885,KH0198,20/05/2025 16:01:00,Showroom,NV16,Mới
DH005769,KH0056,28/06/2025 10:01:00,Showroom,NV06,Mới
DH004264,KH0226,25/09/2024 13:42:00,TMĐT - Tiki,NV03,Mới
DH011404,KH0442,18/09/2024 11:55:00,Sàn Shopee,NV09,Đã giao
DH008615,KH0396,23/02/2025 11:00:00,Đại lý,NV11,Mới
DH010827,KH0034,28/12/2025 14:43:00,Đại lý,NV30,Đã giao
DH005108,KH0070,22/08/2024 13:17:00,TMĐT - Tiki,NV30,Đã giao
DH002286,KH0322,12/12/2025 23:51:00,Sàn Shopee,NV03,Đã giao
DH001989,KH0105,13/12/2024 08:14:00,Đại lý,NV21,Đã giao
DH004010,KH0285,18/05/2025 16:52:00,Đại lý,NV11,Đã giao
DH000129,KH0324,05/12/2025 12:26:00,Ban le,NV13,Đã giao
DH011101,KH0002,06/12/2024 17:58:00,Lazada,NV22,Đã giao
DH009351,KH0079,05/01/2026 00:35:00,Ban le,NV28,Đã giao
DH006707,KH0249,10/01/2026 02:13:00,Sàn Shopee,NV26,Đã giao
DH010617,KH0442,08/11/2024 23:09:00,Bán lẻ,NV18,Đã giao
DH005860,KH0393,30/11/2025 00:49:00,Showroom,NV22,Đã giao
DH001586,KH0262,11/05/2026 05:06:00,Đại lý,NV01,Đã giao
DH001730,KH0293,15/09/2024 02:52:00,Showroom,NV10,Đã giao
DH002346,KH0155,22/04/2026 18:06:00,Shopee,NV22,Đã giao
DH010100,KH0268,16/06/2025 11:28:00,Shopee,NV17,Đã giao
DH002903,KH0391,10/04/2026 06:02:00,Đại lý,NV14,Đã giao
DH004845,KH9008,20/11/2025 09:17:00,Ban le,NV23,Đã giao
DH9900121,KH0377,06/07/2025 03:52:00,TMĐT - Tiki,NV18,Đã giao
DH010564,KH0281,26/04/2025 14:18:00,Showroom,NV15,Đã giao
DH003809,KH0266,22/06/2025 03:24:00,Shopee,NV19,Đã giao
DH005667,KH0074,07/01/2026 07:20:00,Đại lý,NV17,Đang xử lý
DH000043,KH0234,11/11/2025 15:55:00,Shopee,NV15,Đã giao
DH004292,KH0098,01/01/2026 03:12:00,Đại lý,NV29,Đã giao
DH005591,KH0055,29/05/2025 03:45:00,TMĐT - Tiki,NV18,Đang xử lý
DH001512,KH0105,28/02/2025 13:17:00,Shopee,NV01,Đã giao
DH008140,KH0056,06/02/2026 05:37:00,Bán lẻ,NV17,Đã giao
DH000128,KH0262,19/07/2025 22:34:00,Sàn Lazada,NV15,Trả hàng
DH000059,KH0096,05/09/2025 10:57:00,Showroom,NV15,Đã hủy
DH000280,KH0268,19/10/2024 20:53:00,Ban le,NV13,Đã hủy
DH010033,KH0071,26/01/2026 00:41:00,Đại lý,NV16,Đã giao
DH010044,KH0366,22/05/2026 13:42:00,TMĐT - Tiki,NV13,Đã giao
DH005623,KH0442,29/04/2025 01:47:00,Đại lý,NV25,Đã giao
DH011533,,19/07/2026 01:48:00,Sàn Lazada,NV09,Đã giao
DH000404,KH0008,05/09/2025 21:28:00,TMĐT - Tiki,NV05,Đã giao
DH007392,KH0128,19/09/2025 22:57:00,TMĐT - Tiki,NV06,Đã giao
DH006294,KH0297,31/12/2024 11:50:00,Showroom,NV22,Đang xử lý
DH006669,KH0306,09/19/2025 13:07:00,Ban le,NV25,Đã hủy
DH006125,KH0231,27/10/2024 17:15:00,Bán lẻ,NV15,Đã giao
DH004631,KH0377,09/06/2025 23:48:00,Lazada,NV18,Đã giao
DH005906,KH0326,27/12/2025 19:07:00,TMĐT - Tiki,NV17,Đã giao
DH010757,KH0051,26/09/2024 04:31:00,Sàn Lazada,NV01,Đã giao
DH007102,KH0327,29/06/2026 23:23:00,TMĐT - Shopee,NV11,Đã giao
DH003167,KH0438,24/05/2026 23:48:00,Showroom,NV15,Mới
DH004983,KH0102,16/09/2025 12:48:00,TMĐT - Tiki,NV06,Đã giao
DH010987,KH0442,23/12/2024 04:26:00,TMĐT - Tiki,NV02,Đã giao
DH010940,KH0188,05/06/2025 10:08:00,Showroom,NV20,Đã giao
DH011541,KH0277,11/09/2025 22:26:00,Sàn Lazada,NV14,Đã giao
DH003714,KH0262,12/08/2025 01:56:00,Shopee,NV30,Đã hủy
DH002781,KH0227,08/09/2025 05:05:00,Đại lý,NV19,Đang xử lý
DH010212,KH9007,2025-12-03 11:43:00,TMĐT - Tiki,NV11,Trả hàng
DH008389,KH0113,01/03/2026 08:48:00,Đại lý,NV19,Đã giao
DH010942,,21/11/2025 16:58:00,Sàn Shopee,NV27,Đã giao
DH009043,KH0128,28/03/2026 10:22:00,Showroom,NV16,Đã giao
DH004564,KH0199,27/01/2026 19:26:00,Showroom,NV14,Đã hủy
DH000405,KH0447,12/06/2026 05:16:00,Showroom,NV10,Đã giao
DH003283,KH0447,16/03/2025 22:08:00,Lazada,NV15,Đã giao
DH011904,KH0056,20/06/2025 01:51:00,Lazada,NV04,Đã hủy
DH006008,KH0127,08/06/2026 16:38:00,Showroom,NV22,Đã giao
DH006610,KH0273,19/05/2025 18:58:00,Ban le,NV04,Trả hàng
DH007257,KH0397,22/06/2026 05:04:00,Bán lẻ,NV10,Đã giao
DH001060,KH0276,22/12/2024 15:07:00,Showroom,NV22,Đã giao
DH010023,KH0442,06/01/2026 03:59:00,Shopee,NV06,Đã giao
DH011374,KH0227,02/08/2025 10:06:00,Shopee,NV29,Đang xử lý
DH006064,KH0162,29/06/2026 15:28:00,Bán lẻ,NV12,Đã giao
DH009228,KH0314,01/09/2024 09:15:00,Sàn Lazada,NV12,Đã giao
DH009302,KH0447,06/10/2025 08:14:00,Đại lý,NV11,Đang xử lý
DH009461,KH0447,20/03/2026 22:41:00,Ban le,NV10,Đã giao
DH008041,KH0390,15/09/2025 07:18:00,Shopee,NV03,Đã hủy
DH004682,KH0447,23/12/2025 03:44:00,Lazada,NV13,Đã giao
DH010383,KH0306,19/10/2025 08:32:00,Đại lý,NV09,Đã giao
DH008156,KH0145,28/02/2025 16:46:00,Đại lý,NV24,Đã giao
DH000590,KH0262,19/12/2024 01:17:00,Đại lý,NV21,Đã giao
DH007806,KH0325,05/02/2026 07:31:00,TMĐT - Tiki,NV21,Đã giao
DH004480,KH0063,26/11/2024 15:04:00,Sàn Shopee,NV17,Đã giao
DH010471,KH0367,23/01/2025 07:05:00,TMĐT - Lazada,NV04,Mới
DH011037,KH0442,01/11/2024 02:58:00,Đại lý,NV12,Đã giao
DH006829,KH0105,05/05/2025 22:26:00,Ban le,NV26,Đã giao
DH006422,KH0430,01/02/2026 08:19:00,Đại lý,NV04,Đã giao
DH004761,KH0273,25/06/2026 04:39:00,Đại lý,NV21,Đang xử lý
DH010593,KH0274,20/07/2025 17:27:00,Đại lý,NV24,Đã giao
DH010376,KH0332,12/03/2025 12:13:00,Shopee,NV09,Đã giao
DH008882,KH0442,22/04/2025 20:47:00,Shopee,NV09,Đã giao
DH005968,KH0264,02/07/2025 03:42:00,Đại lý,NV29,Đã giao
DH010429,KH0351,08/06/2025 09:09:00,TMĐT - Tiki,NV24,Đang xử lý
DH003904,KH0365,08/01/2026 23:12:00,TMĐT - Shopee,NV27,Đã giao
DH005980,KH0400,14/12/2025 19:36:00,TMĐT - Tiki,NV24,Đang xử lý
DH009232,KH0183,23/12/2024 07:28:00,Showroom,NV02,Đã giao
DH011158,KH0442,23/11/2025 13:08:00,Bán lẻ,NV02,Đã giao
DH007532,KH0198,23/05/2025 21:43:00,Lazada,NV03,Đã giao
DH002231,KH0056,02/11/2024 04:25:00,Đại lý,NV24,Đã giao
DH008510,KH0002,14/02/2025 08:28:00,Showroom,NV01,Mới
DH002576,KH0075,03/12/2024 08:25:00,TMĐT - Tiki,NV05,Đã giao
DH001035,KH0220,21/07/2025 09:20:00,Shopee,NV14,Đã giao
DH000392,KH0447,2025-02-24 18:16:00,Showroom,NV22,Đã giao
DH010058,KH0227,11/10/2024 10:21:00,Showroom,NV27,Đã giao
DH000328,KH0068,27/04/2026 04:56:00,Đại lý,NV16,Đã hủy
DH001489,KH0227,08/04/2026 15:23:00,TMĐT - Lazada,NV16,Trả hàng
DH002644,KH9014,08/08/2024 00:57:00,TMĐT - Tiki,NV15,Đang xử lý
DH004232,KH0241,04/11/2024 02:46:00,Đại lý,NV23,Đã giao
DH001588,KH0214,08/06/2026 00:40:00,TMĐT - Tiki,NV16,Đã giao
DH010080,KH0008,03/03/2025 23:02:00,Ban le,NV26,Đã giao
DH004453,KH0034,03/11/2024 22:13:00,Bán lẻ trực tiếp,NV04,Đã giao
DH011727,KH0271,29/11/2024 08:57:00,Đại lý,NV22,Đã giao
DH002179,KH0262,30/10/2025 15:51:00,TMĐT - Lazada,NV29,Đã giao
DH000451,KH0412,22/11/2025 20:36:00,Bán lẻ,NV13,Đã giao
DH011353,KH0397,24/04/2026 16:15:00,TMĐT - Tiki,NV06,Đã giao
DH001077,KH0009,13/07/2026 22:27:00,Bán lẻ,NV11,Đang xử lý
DH006832,KH0391,14/06/2025 02:09:00,Showroom,NV02,Đã hủy
DH007294,KH0231,17/05/2026 23:07:00,Đại lý,NV30,Đã giao
DH008288,KH0396,11/06/2026 22:50:00,TMĐT - Tiki,NV13,Đã giao
DH003620,KH0387,16/08/2024 04:29:00,Bán lẻ trực tiếp,NV03,Đã giao
DH009170,KH0391,06/07/2025 01:56:00,Showroom,NV25,Đã giao
DH010124,KH0063,04/03/2025 11:47:00,Đại lý,NV11,Mới
DH004776,KH0094,18/10/2024 06:52:00,TMĐT - Shopee,NV27,Đã giao
DH001844,KH0248,08/12/2024 06:34:00,Showroom,NV16,Đã giao
DH011715,KH0227,24/01/2026 21:11:00,TMĐT - Tiki,NV15,Đang xử lý
DH005990,KH0141,21/07/2026 18:15:00,Showroom,NV06,Đang xử lý
DH007823,KH0231,05/09/2024 11:06:00,Showroom,NV27,Đã giao
DH000929,KH0044,16/09/2024 20:54:00,Bán lẻ trực tiếp,NV16,Đã giao
DH000930,KH9006,26/06/2026 02:53:00,Lazada,NV02,Đang xử lý
DH001194,KH0257,06/05/2026 20:30:00,TMĐT - Tiki,NV14,Đang xử lý
DH001748,KH0016,29/10/2025 20:34:00,Đại lý,NV21,Đã giao
DH010190,KH0273,29/11/2025 19:40:00,TMĐT - Tiki,NV06,Đã giao
DH008034,KH0119,16/05/2026 08:35:00,Đại lý,NV20,Đã giao
DH002099,KH0243,15/12/2024 10:07:00,Shopee,NV26,Đã giao
DH006035,KH0227,09/09/2024 12:34:00,Đại lý,NV09,Trả hàng
DH008920,,14/12/2024 17:01:00,TMĐT - Tiki,NV11,Đã giao
DH001558,KH0270,03/08/2024 18:50:00,Showroom,NV15,Đã giao
DH010052,KH0116,11/10/2025 11:44:00,Showroom,NV28,Đã giao
DH010420,KH0302,28/08/2025 09:41:00,TMĐT - Tiki,NV29,Đã giao
DH002423,KH0194,13/06/2025 11:20:00,Ban le,NV13,Đã giao
DH008264,KH0307,21/12/2025 21:20:00,TMĐT - Tiki,NV16,Đã giao
DH009893,KH0049,17/05/2026 13:58:00,Đại lý,NV12,Đã giao
DH009527,KH0337,01/10/2024 11:22:00,TMĐT - Tiki,NV15,Đã giao
DH006253,KH0105,19/12/2025 07:17:00,Showroom,NV30,Đã giao
DH006392,KH0248,06/03/2026 14:38:00,TMĐT - Tiki,NV26,Trả hàng
DH004442,KH0402,24/11/2025 01:34:00,TMĐT - Tiki,NV18,Đã giao
DH008640,KH0167,17/03/2026 12:54:00,Bán lẻ,NV07,Đã giao
DH009166,KH0008,01/07/2026 02:53:00,Ban le,NV24,Mới
DH003804,KH9004,27/04/2025 14:10:00,Showroom,NV28,Đã giao
DH004236,KH0070,27/07/2026 22:27:00,Ban le,NV12,Đã giao
DH011415,KH0036,12/07/2026 13:38:00,Bán lẻ,NV08,Mới
DH001540,KH0421,26/08/2024 04:03:00,Showroom,NV04,Đã giao
DH011812,KH0397,23/12/2024 01:36:00,Showroom,NV05,Đã giao
DH005979,KH0315,19/11/2024 19:40:00,Đại lý,NV11,Đang xử lý
DH002150,KH0175,08/17/2025 11:44:00,Bán lẻ,NV30,Đã giao
DH001136,,24/11/2024 23:58:00,Bán lẻ,NV22,Đã giao
DH007670,KH0377,06/07/2026 04:14:00,Đại lý,NV06,Đã giao
DH006779,KH0305,06/12/2024 01:18:00,Sàn Lazada,NV18,Đã giao
DH007403,KH0352,03/07/2025 05:21:00,TMĐT - Tiki,NV11,Đã giao
DH006510,KH0245,21/09/2025 00:14:00,Đại lý,NV30,Đã giao
DH005321,KH0005,03/02/2025 21:29:00,Showroom,NV17,Đã giao
DH002941,KH0262,09/30/2025 20:29:00,Ban le,NV19,Đã giao
DH9900101,KH0010,28/08/2024 08:58:00,Ban le,NV25,Đã giao
DH008049,KH0412,01/02/2026 19:10:00,TMĐT - Tiki,NV25,Đang xử lý
DH001988,KH0396,30/12/2025 10:57:00,Lazada,NV01,Đã giao
DH004919,KH0436,27/04/2025 15:34:00,Showroom,NV09,Đã giao
DH009559,KH0091,11/08/2025 02:57:00,Shopee,NV04,Đã giao
DH009078,KH0151,17/06/2025 16:12:00,Showroom,NV06,Đã giao
DH003576,KH0439,06/06/2025 14:02:00,TMĐT - Tiki,NV26,Trả hàng
DH005598,KH0051,04/08/2025 21:15:00,Bán lẻ trực tiếp,NV26,Đã giao
DH000435,KH0447,08/12/2025 23:43:00,Đại lý,NV24,Đã giao
DH010770,KH9012,04/11/2025 00:19:00,Showroom,NV23,Đã hủy
DH000156,KH0428,26/12/2024 00:38:00,Ban le,NV18,Đã giao
DH011966,KH0108,2025-07-06 21:16:00,Lazada,NV14,Đã giao
DH004353,KH0442,07/07/2025 21:28:00,Đại lý,NV11,Đã giao
DH007681,KH0391,06/01/2025 03:55:00,Shopee,NV30,Đã giao
DH009765,KH0420,24/09/2024 04:58:00,TMĐT - Tiki,NV12,Đã giao
DH006336,KH0184,21/06/2025 09:39:00,TMĐT - Tiki,NV18,Đang xử lý
DH004277,KH0280,11/04/2026 23:25:00,Showroom,NV08,Đã giao
DH005441,KH0447,29/08/2025 16:37:00,Đại lý,NV09,Mới
DH000817,KH0193,22/08/2025 11:01:00,TMĐT - Tiki,NV14,Đã giao
DH006113,KH0246,06/10/2024 05:04:00,Showroom,NV21,Đã giao
DH000327,KH0427,02/12/2025 02:13:00,TMĐT - Tiki,NV28,Đã giao
DH007951,KH0447,11/07/2025 20:02:00,Bán lẻ,NV07,Đã giao
DH006689,,2025-03-15 00:09:00,Sàn Shopee,NV08,Đã giao
DH005582,KH0076,24/09/2024 06:31:00,Showroom,NV17,Đang xử lý
DH000229,KH0004,2026-05-01 10:24:00,TMĐT - Tiki,NV11,Đang xử lý
DH008718,KH0135,13/08/2024 04:48:00,Sàn Shopee,NV28,Đã giao
DH007429,KH0221,22/06/2026 14:14:00,Đại lý,NV09,Đã giao
DH007350,KH0413,12/01/2025 00:19:00,TMĐT - Tiki,NV27,Mới
DH010485,KH0391,19/12/2025 17:38:00,Showroom,NV16,Đã giao
DH010525,KH0058,05/05/2025 07:09:00,Shopee,NV14,Đã giao
DH009102,KH0158,01/07/2026 02:54:00,Sàn Lazada,NV27,Đã giao
DH000068,KH0391,07/10/2025 20:08:00,Lazada,NV24,Đã giao
DH009993,KH0410,27/01/2026 08:55:00,Showroom,NV22,Đã giao
DH011866,KH0262,14/01/2025 05:58:00,Bán lẻ trực tiếp,NV26,Đã giao
DH001330,KH9009,24/01/2026 01:53:00,Sàn Shopee,NV21,Đã giao
DH011043,KH0316,24/07/2025 00:51:00,Bán lẻ,NV02,Đã giao
DH005349,KH0257,25/03/2025 10:59:00,TMĐT - Lazada,NV12,Đã giao
DH001708,KH0379,06/12/2025 03:43:00,Sàn Lazada,NV01,Đã giao
DH003562,KH0262,02/09/2024 10:06:00,Showroom,NV19,Đã giao
DH003723,KH0299,04/10/2025 11:46:00,Ban le,NV08,Đã giao
DH003604,KH0241,12/11/2025 11:49:00,Sàn Shopee,NV11,Đã giao
DH004557,KH0262,20/09/2025 11:57:00,Bán lẻ,NV05,Đã giao
DH005209,KH0227,08/07/2025 02:45:00,Showroom,NV20,Đã giao
DH002073,KH0093,25/02/2026 14:55:00,TMĐT - Tiki,NV08,Đã giao
DH005010,KH0077,29/01/2025 14:18:00,Ban le,NV13,Đã giao
DH006881,KH0442,10/28/2025 22:50:00,Showroom,NV29,Đã giao
DH000532,KH0012,11/08/2025 02:07:00,Đại lý,NV06,Đã giao
DH006257,KH0198,11/01/2026 09:29:00,Bán lẻ,NV12,Trả hàng
DH005641,KH0179,09/04/2025 23:23:00,Đại lý,NV21,Đã giao
DH000034,KH0065,26/12/2025 22:39:00,Showroom,NV03,Đã giao
DH007215,KH0051,18/10/2025 08:11:00,Showroom,NV02,Đã giao
DH011965,KH0337,17/02/2025 20:08:00,Đại lý,NV01,Đã giao
DH003807,KH0204,27/10/2024 10:48:00,Showroom,NV06,Đã giao
DH010540,KH0187,22/12/2025 00:52:00,TMĐT - Tiki,NV19,Đã giao
DH007824,KH0442,19/10/2025 19:39:00,TMĐT - Tiki,NV17,Đã giao
DH006685,KH0074,24/03/2026 08:59:00,Bán lẻ,NV21,Đã giao
DH007258,KH0402,12/01/2025 16:50:00,Bán lẻ,NV16,Đã hủy
DH002819,KH0012,15/03/2025 19:32:00,Sàn Shopee,NV19,Đã giao
DH011608,KH0271,08/11/2024 11:00:00,TMĐT - Tiki,NV04,Đang xử lý
DH011127,KH0113,04/03/2025 09:33:00,Shopee,NV13,Đã giao
DH010168,KH0412,12/29/2024 06:46:00,Đại lý,NV15,Đã hủy
DH003708,KH0391,23/07/2025 18:16:00,Lazada,NV26,Đã hủy
DH002355,KH0034,15/10/2024 07:46:00,TMĐT - Tiki,NV14,Mới
DH005824,KH0111,09/11/2025 20:46:00,Showroom,NV14,Đã giao
DH004567,KH0320,06/12/2024 21:24:00,Sàn Shopee,NV02,Đã giao
DH011335,KH0249,06/07/2026 03:37:00,Bán lẻ,NV19,Đã giao
DH008233,KH0374,03/09/2025 04:19:00,Showroom,NV30,Đã giao
DH006552,KH0121,23/07/2026 06:01:00,Bán lẻ,NV19,Đã giao
DH005508,KH0075,13/04/2025 13:06:00,Bán lẻ,NV28,Đã giao
DH003583,KH0158,19/10/2024 22:05:00,Lazada,NV17,Đã giao
DH001135,KH0166,20/02/2026 14:20:00,Bán lẻ,NV15,Đã giao
DH006057,KH0157,25/08/2024 05:55:00,Sàn Shopee,NV13,Đã giao
DH001080,KH0068,02/12/2024 01:21:00,TMĐT - Tiki,NV16,Đã giao
DH007374,KH0325,11/02/2025 07:56:00,Shopee,NV14,Đã giao
DH008313,KH0293,08/11/2024 15:31:00,Showroom,NV27,Đã giao
DH011067,KH0280,12/06/2026 21:35:00,Showroom,NV08,Đã giao
DH005808,KH0054,19/01/2025 12:46:00,Showroom,NV06,Đã giao
DH009086,KH9005,22/08/2024 18:49:00,Đại lý,NV14,Đã giao
DH9900014,KH0242,22/12/2024 12:19:00,Sàn Lazada,NV29,Trả hàng
DH004004,KH0053,27/01/2026 04:55:00,Sàn Lazada,NV20,Đã giao
DH007100,KH0337,22/04/2025 05:04:00,TMĐT - Lazada,NV10,Đã giao
DH010157,KH0012,13/10/2025 14:29:00,Showroom,NV16,Đã hủy
DH000047,KH9005,30/09/2024 22:01:00,Showroom,NV20,Đã giao
DH001132,KH0354,15/08/2024 20:17:00,Bán lẻ,NV28,Đã giao
DH005652,KH0248,30/12/2025 16:58:00,Sàn Lazada,NV22,Đã hủy
DH004616,,05/08/2025 03:59:00,Đại lý,NV14,Đã giao
DH010295,KH0412,14/09/2024 06:17:00,Shopee,NV29,Trả hàng
DH008348,KH0391,30/12/2025 00:36:00,Đại lý,NV17,Đã giao
DH009748,KH0044,22/11/2025 02:38:00,Shopee,NV25,Đã giao
DH009176,KH0198,14/04/2026 10:50:00,TMĐT - Tiki,NV10,Đã giao
DH011044,KH0199,10/09/2025 17:02:00,Sàn Lazada,NV25,Đã giao
DH011701,KH0029,09/03/2026 19:28:00,Shopee,NV07,Mới
DH011748,KH0262,12/09/2025 07:01:00,TMĐT - Tiki,NV03,Đã hủy
DH008912,KH0257,07/11/2025 18:54:00,Ban le,NV09,Đã giao
DH001686,KH0055,07/06/2025 14:28:00,Shopee,NV12,Đã giao
DH004114,KH0141,27/07/2025 08:39:00,Bán lẻ,NV19,Đã giao
DH010838,KH0070,30/12/2025 19:08:00,Đại lý,NV11,Đang xử lý
DH003856,KH0213,06/11/2025 11:26:00,Showroom,NV27,Đã giao
DH010926,KH0384,31/10/2025 09:27:00,Bán lẻ,NV27,Đã giao
DH005870,KH0273,10/12/2025 07:13:00,Showroom,NV26,Đã giao
DH004485,KH0314,10/01/2026 17:18:00,Đại lý,NV09,Mới
DH001314,KH0241,15/01/2025 22:22:00,Shopee,NV15,Trả hàng
DH002005,,04/11/2024 02:21:00,Lazada,NV02,Trả hàng
DH010913,KH0413,16/01/2026 19:55:00,Sàn Lazada,NV03,Đã giao
DH000436,KH0076,19/11/2025 06:33:00,Showroom,NV01,Đã hủy
DH000940,KH0253,07/06/2025 11:50:00,Đại lý,NV13,Đã giao
DH007271,KH0179,18/10/2024 16:02:00,Showroom,NV04,Đã giao
DH007734,KH0253,19/12/2025 01:09:00,Ban le,NV23,Đang xử lý
DH007881,KH0423,20/09/2025 23:18:00,Showroom,NV15,Đã giao
DH011477,KH0012,2025-12-19 03:05:00,Đại lý,NV13,Đã giao
DH008287,KH0299,13/12/2025 02:57:00,TMĐT - Tiki,NV25,Đã giao
DH001004,KH0390,16/01/2025 22:23:00,TMĐT - Shopee,NV01,Đã giao
DH011989,KH0253,01/10/2024 01:41:00,TMĐT - Tiki,NV11,Đã giao
DH001215,KH0070,16/01/2025 00:55:00,Đại lý,NV24,Đã giao
DH011083,KH0353,16/05/2026 12:55:00,TMĐT - Tiki,NV23,Đã giao
DH007623,KH0035,19/08/2025 14:59:00,TMĐT - Tiki,NV20,Đã giao
DH007275,KH0186,25/06/2025 22:38:00,Shopee,NV21,Đã giao
DH008135,KH0315,09/09/2025 17:41:00,Shopee,NV12,Đang xử lý
DH006322,KH0119,29/08/2024 20:50:00,Đại lý,NV25,Trả hàng
DH010840,KH0155,30/04/2025 13:17:00,Ban le,NV16,Đang xử lý
DH007420,KH0412,04/07/2025 09:03:00,Bán lẻ,NV23,Đã giao
DH001468,KH0351,30/09/2024 00:38:00,Sàn Lazada,NV26,Đã giao
DH002066,KH0377,24/08/2024 12:15:00,Shopee,NV18,Đã giao
DH002633,KH0262,10/12/2024 13:13:00,Đại lý,NV28,Đã hủy
DH005280,KH0391,21/01/2025 13:04:00,Ban le,NV07,Đã giao
DH001552,KH0253,20/07/2026 19:06:00,TMĐT - Tiki,NV18,Đã giao
DH004140,KH0400,10/09/2024 19:06:00,Showroom,NV23,Trả hàng
DH001462,KH0004,21/05/2025 08:48:00,Lazada,NV19,Đã giao
DH003788,KH0070,13/01/2026 19:54:00,Đại lý,NV09,Mới
DH009873,KH0355,17/06/2025 12:20:00,TMĐT - Tiki,NV10,Trả hàng
DH000579,KH0428,04/10/2025 07:47:00,Showroom,NV13,Đã giao
DH008073,KH0215,12/01/2026 00:03:00,Ban le,NV06,Đã hủy
DH008119,KH0046,14/12/2024 10:10:00,Bán lẻ,NV05,Đã giao
DH011690,KH0229,24/08/2025 23:39:00,Sàn Lazada,NV22,Đã giao
DH001411,KH0012,12/02/2024 15:55:00,Đại lý,NV06,Đã giao
DH009067,KH0315,31/03/2025 06:56:00,Bán lẻ,NV10,Đã giao
DH9900026,KH0092,31/12/2025 10:13:00,Ban le,NV17,Đã hủy
DH008131,KH0367,23/08/2025 15:15:00,Đại lý,NV23,Đã giao
DH009129,KH0200,30/12/2025 16:09:00,Showroom,NV20,Đã giao
DH006037,KH0438,26/03/2025 09:54:00,Lazada,NV19,Đã giao
DH007021,KH0035,20/09/2024 22:37:00,Đại lý,NV03,Đã giao
DH009613,,24/05/2026 12:04:00,Sàn Lazada,NV15,Đã giao
DH003086,KH0089,29/03/2026 01:08:00,Đại lý,NV09,Mới
DH001874,KH0274,24/01/2025 05:16:00,Shopee,NV10,Đã giao
DH007379,KH0404,08/08/2025 07:16:00,Bán lẻ,NV10,Đã giao
DH009864,KH0034,18/10/2025 01:36:00,Sàn Shopee,NV20,Đã giao
DH008411,KH0157,01/05/2026 08:53:00,Lazada,NV21,Đã giao
DH001226,KH0352,20/12/2025 21:57:00,TMĐT - Tiki,NV18,Đã hủy
DH004588,KH0257,10/07/2026 02:23:00,Ban le,NV05,Đã giao
DH003569,KH0325,19/06/2025 23:23:00,TMĐT - Tiki,NV05,Đã giao
DH004197,KH0173,11/02/2026 04:46:00,Bán lẻ,NV04,Đã giao
DH011890,KH0262,03/07/2025 06:58:00,TMĐT - Tiki,NV10,Đã giao
DH011805,KH0314,20/05/2026 14:22:00,Đại lý,NV24,Đã giao
DH008632,KH0243,08/02/2026 11:35:00,Showroom,NV16,Mới
DH003829,KH0132,01/02/2025 06:36:00,Bán lẻ,NV24,Đã giao
DH000582,KH0241,16/06/2025 18:31:00,Đại lý,NV07,Trả hàng
DH007558,KH0056,03/09/2024 10:46:00,Bán lẻ,NV08,Đã giao
DH003467,KH0347,06/06/2025 20:51:00,Lazada,NV07,Đã giao
DH006939,KH0156,22/12/2025 17:58:00,Shopee,NV01,Đã giao
DH007204,KH0413,23/06/2025 11:55:00,Ban le,NV21,Đã giao
DH010514,KH0262,15/12/2024 03:56:00,Sàn Shopee,NV14,Đã giao
DH008015,KH0157,11/01/2025 14:13:00,TMĐT - Shopee,NV03,Đã giao
DH009550,KH0049,06/06/2026 23:46:00,TMĐT - Tiki,NV27,Đã giao
DH006674,KH0242,26/01/2026 22:35:00,TMĐT - Tiki,NV15,Đã giao
DH006208,KH0089,06/07/2026 08:57:00,Sàn Shopee,NV19,Đã giao
DH004603,KH0141,02/08/2025 04:56:00,TMĐT - Tiki,NV29,Mới
DH003529,KH0222,26/11/2025 08:43:00,TMĐT - Shopee,NV13,Đã giao
DH007743,KH0166,06/10/2025 05:52:00,Showroom,NV21,Đã giao
DH005033,KH0262,23/04/2025 13:04:00,Ban le,NV29,Đã giao
DH006744,KH0391,2025-04-06 12:40:00,Đại lý,NV15,Đã giao
DH002250,,16/08/2025 02:48:00,Bán lẻ trực tiếp,NV22,Đã giao
DH011473,KH0309,20/06/2025 07:17:00,Shopee,NV11,Đã giao
DH011903,KH0053,29/05/2025 19:51:00,TMĐT - Tiki,NV05,Đã giao
DH000104,KH0193,11/04/2025 14:56:00,Bán lẻ,NV24,Đã giao
DH009048,KH0137,10/07/2025 07:42:00,TMĐT - Tiki,NV01,Đã giao
DH001952,KH0412,22/03/2025 12:24:00,Ban le,NV20,Đã giao
DH009819,KH0281,09/02/2026 12:06:00,TMĐT - Tiki,NV16,Đã giao
DH008938,KH0242,25/02/2026 10:16:00,Shopee,NV05,Đã giao
DH000775,KH0404,07/12/2024 20:11:00,Showroom,NV27,Trả hàng
DH006597,KH0089,19/08/2024 14:43:00,Sàn Lazada,NV08,Đã giao
DH009268,,27/10/2024 01:48:00,TMĐT - Tiki,NV26,Đã hủy
DH002076,KH0374,15/06/2025 11:00:00,Sàn Shopee,NV29,Đã giao
DH002348,KH0198,13/12/2025 20:16:00,TMĐT - Tiki,NV17,Trả hàng
DH002024,KH0229,22/11/2025 22:02:00,TMĐT - Tiki,NV25,Đang xử lý
DH010213,KH0189,16/08/2025 09:37:00,Bán lẻ,NV09,Đã giao
DH002400,KH0314,03/06/2026 19:21:00,Lazada,NV04,Đã giao
DH001193,KH0080,13/02/2025 03:00:00,Lazada,NV22,Đã hủy
DH010163,KH0179,06/05/2025 01:08:00,Ban le,NV30,Đã giao
DH001312,KH0387,07/03/2026 17:39:00,Showroom,NV03,Đã giao
DH004654,KH0448,03/08/2024 04:36:00,Ban le,NV02,Trả hàng
DH005415,KH0121,27/03/2026 08:24:00,Ban le,NV05,Đã giao
DH011962,KH0012,2026-06-21 12:44:00,Sàn Lazada,NV01,Đã giao
DH001570,KH0119,05/12/2024 04:30:00,Shopee,NV29,Đã giao
DH005343,KH0447,03/18/2026 16:23:00,Sàn Shopee,NV05,Đã hủy
DH004836,KH0082,03/12/2025 01:12:00,Lazada,NV08,Đã giao
DH003735,KH0447,2026-04-20 23:40:00,Showroom,NV29,Đã giao
DH9900103,KH0413,10/04/2025 09:36:00,Bán lẻ,NV24,Đã giao
DH010931,KH0187,19/09/2025 15:08:00,TMĐT - Tiki,NV30,Đang xử lý
DH007596,KH0007,31/10/2024 16:34:00,Sàn Shopee,NV07,Đã giao
DH007710,KH0206,07/03/2026 08:44:00,Đại lý,NV08,Đã giao
DH009088,KH0447,30/01/2026 06:55:00,TMĐT - Tiki,NV09,Đã giao
DH003565,KH0010,20/12/2025 23:01:00,Sàn Shopee,NV30,Đã giao
DH008908,KH0359,19/06/2025 17:14:00,Shopee,NV07,Đã giao
DH010634,KH0054,22/07/2026 04:39:00,TMĐT - Tiki,NV02,Đã hủy
DH003659,KH0044,28/12/2025 11:00:00,TMĐT - Shopee,NV17,Đã giao
DH008447,KH0272,28/06/2025 22:49:00,TMĐT - Tiki,NV25,Đang xử lý
DH011635,KH0421,23/08/2025 12:27:00,Bán lẻ trực tiếp,NV24,Trả hàng
DH000455,KH0306,22/10/2024 02:40:00,Bán lẻ,NV28,Đã giao
DH009632,KH0391,24/02/2026 07:40:00,Shopee,NV21,Đã giao
DH003768,KH0376,16/12/2025 17:00:00,Showroom,NV08,Đã giao
DH008626,KH0415,20/01/2025 02:21:00,Đại lý,NV08,Đã giao
DH000556,,17/12/2024 03:39:00,Ban le,NV11,Trả hàng
DH001962,KH0325,22/01/2026 15:32:00,TMĐT - Tiki,NV07,Đang xử lý
DH003172,KH0012,19/06/2026 23:36:00,Đại lý,NV19,Đã hủy
DH005926,KH0138,11/06/2026 10:26:00,TMĐT - Tiki,NV27,Đã giao
DH008538,KH0315,27/12/2025 18:43:00,Lazada,NV20,Đã giao
DH011407,KH0089,27/12/2024 19:20:00,Showroom,NV08,Đã giao
DH007917,KH0406,31/03/2025 12:47:00,Lazada,NV08,Đã giao
DH009679,KH0248,03/01/2025 11:12:00,Sàn Shopee,NV29,Đã giao
DH001986,KH9008,03/03/2026 03:27:00,Sàn Shopee,NV06,Đã giao
DH002943,KH0183,26/01/2025 13:06:00,Lazada,NV14,Đã giao
DH007090,KH0093,24/02/2025 02:39:00,TMĐT - Tiki,NV13,Đã giao
DH007442,KH0150,29/03/2026 16:51:00,Showroom,NV13,Đã giao
DH001502,KH0035,19/08/2024 07:56:00,Ban le,NV15,Đã giao
DH004102,KH0198,02/05/2026 01:38:00,TMĐT - Tiki,NV02,Đang xử lý
DH002064,KH0442,21/12/2025 10:37:00,Showroom,NV27,Đã giao
DH000509,KH0365,17/02/2025 14:43:00,Showroom,NV24,Đã giao
DH006534,KH0053,09/09/2024 02:31:00,Showroom,NV17,Đã hủy
DH000643,KH0257,21/12/2024 15:47:00,Đại lý,NV22,Đã giao
DH001021,KH0077,28/07/2025 02:52:00,Đại lý,NV03,Đã giao
DH006555,KH0413,28/02/2025 16:43:00,TMĐT - Tiki,NV16,Đã giao
DH002589,KH0192,27/02/2026 00:35:00,Sàn Shopee,NV26,Đã giao
DH003558,KH0296,24/05/2026 05:55:00,TMĐT - Tiki,NV06,Đã giao
DH010602,KH0048,30/09/2024 07:26:00,TMĐT - Tiki,NV25,Đã giao
DH008460,KH0442,05/01/2026 10:11:00,Bán lẻ trực tiếp,NV10,Đã giao
DH011839,KH0095,07/04/2026 23:28:00,TMĐT - Tiki,NV21,Đã giao
DH004022,KH0175,04/03/2025 20:26:00,Bán lẻ,NV03,Đã giao
DH008251,KH0249,20/06/2026 15:53:00,Lazada,NV28,Đã giao
DH007180,KH0006,03/02/2025 17:19:00,Sàn Lazada,NV19,Đã giao
DH003540,KH0034,07/03/2025 00:37:00,Đại lý,NV29,Trả hàng
DH003580,KH0446,27/09/2024 00:19:00,Showroom,NV23,Đã giao
DH000907,KH0012,13/02/2025 03:27:00,Sàn Shopee,NV11,Đã giao
DH001964,KH0072,01/12/2025 20:52:00,Bán lẻ,NV24,Đã giao
DH007882,KH0049,22/07/2025 05:02:00,Đại lý,NV18,Đã giao
DH001899,KH0389,23/01/2026 21:41:00,Sàn Shopee,NV06,Đã giao
DH007240,KH0242,01/25/2026 13:19:00,Bán lẻ,NV15,Đã giao
DH007903,KH0140,13/08/2024 09:57:00,Lazada,NV16,Đã giao
DH004079,KH0192,19/02/2026 23:33:00,Bán lẻ,NV08,Đã giao
DH006864,KH0243,16/04/2026 05:01:00,Sàn Shopee,NV18,Đã hủy
DH004463,KH0051,05/10/2025 04:38:00,Sàn Shopee,NV03,Đã hủy
DH011032,KH0243,07/02/2025 07:20:00,Showroom,NV11,Đã giao
DH005932,KH0268,27/09/2025 11:40:00,Sàn Shopee,NV28,Đã hủy
DH006396,KH0271,06/12/2024 01:21:00,Đại lý,NV14,Trả hàng
DH010653,KH0116,08/11/2024 18:11:00,Shopee,NV11,Đã giao
DH007069,KH0306,12/12/2025 07:52:00,TMĐT - Tiki,NV26,Đang xử lý
DH003854,,27/09/2025 18:48:00,Showroom,NV04,Đã giao
DH003713,KH0262,04/08/2025 15:29:00,Sàn Lazada,NV15,Đã giao
DH002978,KH0213,01/03/2026 04:38:00,TMĐT - Tiki,NV11,Đang xử lý
DH007264,,14/01/2026 06:34:00,Ban le,NV21,Đã giao
DH005092,KH0442,16/02/2026 16:31:00,TMĐT - Tiki,NV24,Đã giao
DH010581,KH0259,19/07/2026 00:20:00,Showroom,NV19,Đã giao
DH000508,KH0052,26/05/2025 20:42:00,Showroom,NV20,Đã giao
DH002305,KH0187,29/09/2024 11:28:00,Đại lý,NV04,Đã giao
DH003051,KH0161,26/05/2025 06:05:00,Đại lý,NV19,Đã giao
DH010891,KH0200,23/07/2026 16:12:00,Showroom,NV15,Đã giao
DH003233,KH0424,31/01/2025 02:59:00,Ban le,NV06,Đang xử lý
DH005574,KH0358,28/10/2024 03:40:00,Đại lý,NV17,Đã hủy
DH008643,KH0326,23/07/2026 12:09:00,Đại lý,NV12,Đã giao
DH011217,KH0121,21/03/2025 11:42:00,Shopee,NV13,Đã giao
DH011155,KH0391,07/08/2024 00:08:00,Showroom,NV07,Đang xử lý
DH009587,KH0265,04/01/2026 19:41:00,TMĐT - Tiki,NV07,Đã giao
DH001222,KH0197,03/19/2026 19:46:00,TMĐT - Tiki,NV23,Đã giao
DH000031,KH0249,19/07/2025 21:33:00,Shopee,NV29,Đã giao
DH010553,KH0367,18/10/2024 00:54:00,Sàn Shopee,NV15,Trả hàng
DH002211,KH0155,01/03/2026 19:29:00,Bán lẻ,NV14,Đang xử lý
DH000733,KH0013,06/04/2025 23:57:00,Đại lý,NV04,Đang xử lý
DH9900036,KH0044,25/08/2024 14:30:00,Bán lẻ,NV06,Đang xử lý
DH007010,,26/06/2026 14:23:00,Bán lẻ trực tiếp,NV13,Đã giao
DH009062,KH0359,24/07/2026 00:19:00,Sàn Shopee,NV05,Đang xử lý
DH009892,KH0442,26/09/2025 06:12:00,Đại lý,NV19,Đã giao
DH011363,KH0365,20/11/2024 23:50:00,Bán lẻ,NV04,Mới
DH010707,KH0359,11/10/2024 15:35:00,TMĐT - Tiki,NV09,Đã giao
DH004425,KH0025,17/04/2026 12:48:00,Đại lý,NV19,Đã giao
DH004655,KH0034,26/08/2025 07:49:00,Sàn Lazada,NV26,Đã giao
DH006198,KH0081,01/02/2026 12:41:00,Showroom,NV03,Đã giao
DH9900076,,28/10/2025 01:46:00,Ban le,NV18,Đã hủy
DH006041,KH0051,25/03/2026 07:00:00,Shopee,NV19,Trả hàng
DH009524,KH0412,09/01/2025 01:38:00,Showroom,NV28,Đã giao
DH011616,KH0367,19/05/2025 09:06:00,TMĐT - Lazada,NV11,Đã giao
DH003951,,06/10/2025 05:04:00,Showroom,NV19,Đã giao
DH006391,KH0442,23/11/2025 23:07:00,Ban le,NV05,Đã giao
DH002313,KH0325,02/07/2026 22:12:00,TMĐT - Tiki,NV20,Mới
DH008354,KH0151,28/12/2024 22:15:00,Ban le,NV26,Đã giao
DH004822,KH0362,30/08/2024 08:14:00,Sàn Lazada,NV02,Đã giao
DH009777,KH0193,12/20/2024 10:10:00,Sàn Lazada,NV16,Đã giao
DH000945,KH0155,14/07/2025 12:16:00,Đại lý,NV02,Đã giao
DH000660,KH0243,03/07/2026 12:57:00,Bán lẻ,NV30,Đã giao
DH000953,,30/03/2026 20:34:00,Đại lý,NV29,Đã giao
DH001372,KH0262,10/11/2024 15:01:00,Sàn Shopee,NV15,Đang xử lý
DH003918,KH0063,18/01/2025 08:05:00,Bán lẻ trực tiếp,NV17,Đã giao
DH006019,KH0256,01/07/2025 17:51:00,Ban le,NV13,Mới
DH010265,KH0217,01/10/2025 03:55:00,Ban le,NV21,Đã giao
DH008911,KH0139,14/06/2026 18:00:00,Sàn Shopee,NV22,Đã giao
DH003378,KH0262,13/11/2024 14:27:00,Sàn Lazada,NV17,Đã giao
DH004585,KH0402,09/28/2025 02:20:00,Shopee,NV24,Đã hủy
DH009871,KH0051,14/04/2026 08:21:00,Lazada,NV19,Đã giao
DH002908,KH0242,04/11/2025 00:31:00,Sàn Shopee,NV11,Đã giao
DH005190,KH0263,09/09/2025 07:45:00,Ban le,NV25,Đã giao
DH010799,,23/05/2026 20:03:00,TMĐT - Tiki,NV11,Đã giao
DH007969,KH0273,27/04/2026 15:26:00,TMĐT - Tiki,NV01,Đã giao
DH009186,KH0241,09/05/2026 22:29:00,Shopee,NV03,Đang xử lý
DH004944,KH0121,04/04/2025 16:34:00,Sàn Shopee,NV05,Đã giao
DH003691,KH0034,22/04/2025 23:06:00,Ban le,NV22,Đã giao
DH003857,KH0360,22/06/2025 10:09:00,Sàn Lazada,NV24,Đã giao
DH001441,KH0070,28/03/2026 20:32:00,Lazada,NV21,Đã giao
DH001629,KH0053,24/08/2025 02:50:00,Sàn Shopee,NV20,Đã giao
DH009610,KH0214,25/05/2025 18:24:00,TMĐT - Tiki,NV02,Đã giao
DH000808,KH0366,14/12/2025 01:12:00,Sàn Lazada,NV21,Đã giao
DH000887,KH0274,2024-12-02 01:11:00,Lazada,NV01,Đã giao
DH007016,KH0367,10/08/2025 12:38:00,Bán lẻ,NV14,Đã giao
DH007938,KH0122,17/11/2024 03:41:00,Showroom,NV04,Đã giao
DH000616,KH0248,08/06/2026 20:05:00,Showroom,NV07,Đã giao
DH007907,KH0314,18/01/2026 01:24:00,TMĐT - Tiki,NV21,Đã giao
DH008014,KH0273,27/09/2025 03:08:00,Bán lẻ,NV01,Đã giao
DH007742,KH0447,26/12/2025 11:03:00,Bán lẻ,NV16,Đã giao
DH000806,KH0307,25/08/2024 03:04:00,Shopee,NV12,Đã giao
DH003072,KH0391,11/12/2025 00:14:00,Sàn Shopee,NV01,Đã giao
DH000413,KH0204,15/07/2025 23:40:00,Showroom,NV23,Đã giao
DH002541,KH0070,14/05/2026 19:58:00,Đại lý,NV07,Đang xử lý
DH002527,KH0442,26/03/2026 00:09:00,Đại lý,NV26,Đã giao
DH000443,,12/10/2024 07:46:00,Đại lý,NV26,Đã giao
DH006757,KH0051,05/08/2024 23:38:00,Sàn Lazada,NV24,Đã giao
DH003883,KH0070,01/11/2024 08:23:00,Lazada,NV03,Đã giao
DH001451,KH0389,22/11/2025 12:22:00,Đại lý,NV21,Đã giao
DH007205,KH0250,08/01/2025 00:00:00,Bán lẻ trực tiếp,NV18,Mới
DH010700,KH0428,14/10/2025 22:27:00,Đại lý,NV02,Đã giao
DH009683,KH0052,14/05/2026 15:51:00,Đại lý,NV29,Đã giao
DH000908,,12/07/2025 11:26:00,TMĐT - Tiki,NV01,Đang xử lý
DH004667,KH0155,03/08/2024 22:05:00,TMĐT - Tiki,NV01,Đã giao
DH006739,KH0077,18/08/2025 04:06:00,Đại lý,NV23,Trả hàng
DH000314,KH0036,26/06/2026 10:34:00,Lazada,NV14,Đã giao
DH003123,KH0267,2024-12-10 01:20:00,TMĐT - Lazada,NV05,Đã giao
DH004153,KH0184,01/12/2024 04:40:00,Đại lý,NV12,Đã giao
DH000388,KH0197,24/08/2024 10:26:00,Ban le,NV18,Đã giao
DH005063,KH0306,17/12/2024 04:55:00,Đại lý,NV09,Đã giao
DH008776,KH0024,10/02/2025 04:24:00,Shopee,NV21,Đã giao
DH002435,KH0128,24/04/2026 07:44:00,TMĐT - Tiki,NV19,Đã giao
DH003959,KH0300,17/09/2025 09:20:00,Ban le,NV06,Đã giao
DH001293,KH0391,22/06/2026 11:01:00,TMĐT - Shopee,NV09,Đã giao
DH007741,KH0227,05/12/2024 07:34:00,Showroom,NV20,Trả hàng
DH002812,KH0262,27/12/2024 18:48:00,TMĐT - Tiki,NV19,Mới
DH004540,KH0081,09/03/2026 05:23:00,Sàn Shopee,NV28,Đang xử lý
DH010349,KH0193,29/12/2024 17:50:00,Lazada,NV02,Đã giao
DH002046,KH0141,28/11/2024 17:25:00,Shopee,NV07,Đã giao
DH006970,KH0012,30/12/2024 11:19:00,Shopee,NV18,Đã giao
DH003019,KH0035,30/12/2024 12:04:00,Lazada,NV02,Đã giao
DH000111,KH0322,21/12/2025 22:50:00,Showroom,NV03,Đã giao
DH000626,KH0095,13/12/2024 22:21:00,Sàn Lazada,NV08,Đã giao
DH006297,KH0394,06/08/2024 16:08:00,Showroom,NV17,Đã giao
DH002539,KH0220,16/11/2024 01:23:00,Showroom,NV14,Đã giao
DH010221,KH0397,23/01/2026 00:18:00,Ban le,NV06,Đã giao
DH004279,KH0389,27/10/2024 05:54:00,Bán lẻ,NV20,Đang xử lý
DH002334,KH0281,08/10/2024 06:34:00,Sàn Shopee,NV23,Đã giao
DH011511,KH0140,25/04/2025 13:06:00,TMĐT - Tiki,NV14,Đã giao
DH011556,KH0242,23/11/2024 05:45:00,Showroom,NV30,Đã giao
DH008253,KH0276,31/01/2025 10:36:00,Sàn Lazada,NV22,Đã giao
DH006107,KH0353,15/12/2024 06:43:00,TMĐT - Tiki,NV14,Đang xử lý
DH004559,KH0070,25/08/2025 13:23:00,Bán lẻ trực tiếp,NV25,Đang xử lý
DH005016,KH0365,01/07/2026 12:49:00,Lazada,NV05,Đang xử lý
DH008158,KH0155,04/01/2025 14:07:00,Lazada,NV28,Đã giao
DH004786,KH0111,10/08/2025 00:01:00,TMĐT - Tiki,NV22,Đã giao
DH001741,KH0316,08/09/2025 05:57:00,Sàn Lazada,NV19,Đã giao
DH008002,KH0067,04/05/2025 11:37:00,Showroom,NV08,Đã giao
DH005288,KH0181,24/06/2026 22:35:00,Shopee,NV01,Đã hủy
DH001692,KH0204,12/02/2026 10:14:00,Sàn Shopee,NV21,Đã giao
DH006469,KH0308,04/05/2026 02:18:00,Lazada,NV16,Đã giao
DH009202,KH0248,10/12/2025 15:54:00,Showroom,NV02,Đã giao
DH010600,KH0135,13/04/2026 10:09:00,Bán lẻ,NV06,Đã giao
DH005583,KH0157,18/11/2025 07:03:00,Đại lý,NV08,Đã giao
DH005592,KH0396,14/02/2025 08:41:00,Đại lý,NV27,Đã giao
DH011673,KH0160,20/01/2026 11:38:00,Lazada,NV04,Mới
DH011846,KH0216,17/12/2024 15:42:00,TMĐT - Tiki,NV28,Đã giao
DH003729,KH0074,29/09/2024 08:22:00,Showroom,NV02,Đang xử lý
DH004244,KH0092,23/12/2024 15:15:00,Đại lý,NV18,Đã giao
DH010159,KH0397,13/01/2025 13:26:00,Showroom,NV01,Đã giao
DH002294,KH0447,02/10/2024 18:58:00,Ban le,NV16,Đã giao
DH008789,KH0306,08/11/2025 00:00:00,Showroom,NV28,Đang xử lý
DH001924,KH0248,14/09/2025 20:18:00,TMĐT - Tiki,NV03,Đã giao
DH007381,KH0056,02/09/2024 22:15:00,Sàn Lazada,NV22,Đã giao
DH002483,KH0325,13/06/2026 12:10:00,Sàn Lazada,NV12,Đang xử lý
DH005780,KH0258,21/06/2025 23:38:00,Showroom,NV19,Đã giao
DH003739,KH0186,10/07/2025 13:25:00,TMĐT - Tiki,NV01,Đã giao
DH000261,KH0070,07/06/2025 09:17:00,Đại lý,NV01,Đã giao
DH004205,KH0141,06/08/2025 07:25:00,Ban le,NV17,Đã giao
DH003410,KH0114,27/09/2024 12:41:00,Đại lý,NV18,Trả hàng
DH003761,KH0314,08/02/2025 07:01:00,Đại lý,NV14,Đã giao
DH007585,KH0200,15/06/2025 17:36:00,Lazada,NV11,Mới
DH008530,KH0262,25/10/2024 18:05:00,Bán lẻ,NV19,Đã hủy
DH000304,KH0108,13/03/2025 22:50:00,Showroom,NV12,Đang xử lý
DH002519,KH0391,26/12/2024 04:21:00,TMĐT - Tiki,NV21,Đã giao
DH003159,KH0392,22/01/2025 09:02:00,Đại lý,NV22,Đang xử lý
DH002773,KH9010,02/08/2025 12:19:00,Ban le,NV04,Trả hàng
DH003722,KH0253,21/02/2025 01:38:00,Đại lý,NV07,Mới
DH001284,KH0352,10/01/2026 16:10:00,Lazada,NV14,Đã giao
DH001221,KH0051,14/01/2026 15:47:00,Đại lý,NV05,Trả hàng
DH001475,KH0233,03/08/2025 17:01:00,TMĐT - Tiki,NV15,Đã giao
DH000072,KH0144,23/10/2025 16:58:00,Đại lý,NV06,Đã giao
DH002618,KH0389,30/05/2026 05:29:00,Sàn Shopee,NV24,Đã giao
DH008622,KH0257,06/02/2025 04:28:00,Ban le,NV27,Đã giao
DH002726,KH0447,20/06/2025 12:27:00,Sàn Shopee,NV26,Đã giao
DH008991,KH0262,28/11/2024 12:37:00,Sàn Shopee,NV26,Đã giao
DH011653,KH0070,14/11/2024 06:12:00,TMĐT - Tiki,NV23,Đang xử lý
DH001427,KH0262,07/09/2025 07:48:00,Sàn Shopee,NV03,Đã giao
DH009159,KH0367,28/01/2026 22:13:00,TMĐT - Tiki,NV09,Đã giao
DH008547,KH0251,08/12/2025 01:03:00,Lazada,NV09,Đã giao
DH009990,KH0262,22/06/2025 18:03:00,TMĐT - Lazada,NV21,Đã giao
DH002417,KH0199,05/02/2026 12:28:00,Đại lý,NV12,Đã giao
DH003155,KH0105,13/10/2024 12:28:00,Ban le,NV01,Đã giao
DH009853,KH0406,19/01/2025 19:34:00,Showroom,NV04,Đã giao
DH007085,KH0122,18/07/2026 18:13:00,Đại lý,NV30,Mới
DH004717,KH0227,05/11/2025 10:24:00,Đại lý,NV11,Đã giao
DH010622,KH0155,05/01/2025 09:07:00,Sàn Lazada,NV16,Đã giao
DH007961,KH0314,23/02/2026 13:10:00,Sàn Lazada,NV14,Đã giao
DH010418,KH0262,19/05/2025 21:42:00,Bán lẻ,NV17,Đã giao
DH006514,KH0367,20/07/2026 11:58:00,Đại lý,NV14,Đã giao
DH9900136,KH0394,30/12/2024 04:44:00,Sàn Lazada,NV05,Đã giao
DH007360,KH0390,23/10/2024 10:17:00,TMĐT - Tiki,NV15,Đã hủy
DH002507,KH0306,25/03/2025 04:01:00,Ban le,NV04,Đã hủy
DH001927,KH0137,23/06/2026 04:12:00,Sàn Lazada,NV20,Đã giao
DH000438,KH0365,06/05/2026 10:35:00,TMĐT - Tiki,NV11,Đã giao
DH000379,KH0404,29/07/2026 19:05:00,Shopee,NV19,Đã giao
DH001547,KH0391,20/10/2024 13:14:00,TMĐT - Tiki,NV03,Đã giao
DH007156,KH9001,28/11/2025 23:59:00,Sàn Lazada,NV29,Đã giao
DH001145,,01/10/2025 06:10:00,Sàn Shopee,NV30,Đã giao
DH002398,KH0446,06/10/2025 03:14:00,Sàn Shopee,NV12,Đã giao
DH009850,KH0325,24/01/2026 08:36:00,TMĐT - Tiki,NV09,Mới
DH010890,KH0396,12/04/2025 18:47:00,Shopee,NV26,Đã giao
DH008601,KH0151,15/07/2025 19:11:00,TMĐT - Lazada,NV13,Đã giao
DH002360,KH0286,19/04/2025 15:46:00,TMĐT - Tiki,NV30,Đã giao
DH007354,KH0199,05/12/2025 13:56:00,Đại lý,NV20,Đã giao
DH005894,KH0262,18/04/2025 23:55:00,TMĐT - Tiki,NV09,Đã giao
DH008107,KH0447,30/04/2025 13:49:00,Đại lý,NV10,Đã hủy
DH007295,KH0270,03/11/2024 13:23:00,TMĐT - Tiki,NV25,Đã giao
DH011629,KH0051,21/11/2025 06:20:00,Ban le,NV28,Đã giao
DH006522,KH9004,14/07/2026 05:15:00,Lazada,NV09,Mới
DH003587,KH0448,11/01/2026 18:40:00,TMĐT - Tiki,NV28,Đã giao
DH003488,,07/09/2024 22:06:00,Sàn Lazada,NV28,Đã giao
DH006500,KH0120,2026-02-02 05:38:00,Showroom,NV26,Đã giao
DH003815,KH0105,20/04/2025 18:46:00,Đại lý,NV21,Đã giao
DH000652,KH0070,17/03/2025 16:53:00,Showroom,NV06,Đã giao
DH002127,KH0035,05/02/2025 17:13:00,Ban le,NV08,Đã giao
DH010719,KH0447,22/07/2025 15:07:00,Ban le,NV21,Đã giao
DH009443,KH0325,27/06/2025 19:46:00,Showroom,NV19,Đã giao
DH009120,KH0010,02/05/2025 23:48:00,Showroom,NV01,Đã giao
DH009472,KH0231,28/02/2025 11:25:00,TMĐT - Lazada,NV29,Đã giao
DH002729,KH9011,03/08/2025 14:10:00,Đại lý,NV02,Đã giao
DH010904,KH0140,19/06/2025 16:10:00,TMĐT - Tiki,NV28,Đã giao
DH001118,KH0274,27/10/2024 05:47:00,Sàn Shopee,NV05,Đã giao
DH005959,KH0262,18/07/2026 00:50:00,Bán lẻ,NV07,Đã giao
DH010341,KH0248,11/07/2026 16:47:00,Đại lý,NV04,Đã giao
DH008208,KH0155,19/02/2025 00:34:00,TMĐT - Shopee,NV20,Đang xử lý
DH001464,KH0249,08/07/2025 21:20:00,Ban le,NV04,Đã giao
DH001912,KH0412,18/09/2024 21:56:00,Đại lý,NV02,Đã giao
DH011620,KH0003,29/05/2025 06:29:00,TMĐT - Tiki,NV30,Đã giao
DH005213,KH0177,17/07/2025 08:28:00,Bán lẻ,NV13,Đã giao
DH000995,KH0447,05/07/2025 03:11:00,Đại lý,NV13,Trả hàng
DH002488,,28/10/2025 10:01:00,Ban le,NV14,Đã giao
DH008004,KH0107,18/01/2025 20:15:00,Showroom,NV04,Đã giao
DH005952,KH0198,21/11/2025 15:27:00,Sàn Lazada,NV26,Đã giao
DH007368,KH0397,01/14/2025 04:40:00,Ban le,NV10,Đã giao
DH010759,KH0002,31/10/2024 11:14:00,TMĐT - Tiki,NV14,Đang xử lý
DH000333,KH0406,19/06/2026 14:12:00,Showroom,NV26,Đã giao
DH000555,KH0204,08/06/2025 06:07:00,TMĐT - Tiki,NV23,Đã giao
DH9900142,KH0366,19/07/2025 00:46:00,Showroom,NV12,Đã giao
DH002630,KH0389,20/05/2025 17:06:00,TMĐT - Tiki,NV30,Đang xử lý
DH010210,KH0438,07/12/2026 08:24:00,Đại lý,NV17,Đã giao
DH004621,KH0140,20/06/2025 15:01:00,Đại lý,NV11,Đang xử lý
DH003662,KH0063,11/22/2025 12:44:00,TMĐT - Tiki,NV14,Đã giao
DH009968,KH0365,17/11/2024 06:06:00,TMĐT - Tiki,NV15,Đã giao
DH007341,KH0391,19/05/2025 16:51:00,Shopee,NV24,Đang xử lý
DH008895,KH0184,24/11/2024 06:11:00,Lazada,NV21,Đã giao
DH011405,KH0198,26/11/2025 00:50:00,Bán lẻ,NV24,Đã giao
DH009620,KH0070,30/05/2025 01:25:00,TMĐT - Shopee,NV12,Đã giao
DH000640,KH0391,2025-08-18 22:49:00,Đại lý,NV25,Đã giao
DH007027,KH0200,26/11/2025 22:56:00,Đại lý,NV14,Đã giao
DH007522,KH0193,07/10/2025 10:28:00,Bán lẻ trực tiếp,NV19,Đang xử lý
DH005251,KH0053,29/09/2024 16:29:00,Đại lý,NV20,Đã giao
DH001944,KH0358,07/12/2025 16:50:00,Sàn Lazada,NV22,Đã giao
DH003169,KH0439,13/06/2026 23:59:00,Showroom,NV20,Đã giao
DH011565,KH0236,11/05/2025 12:13:00,TMĐT - Tiki,NV27,Đã giao
DH004238,KH0102,04/09/2024 08:53:00,Shopee,NV23,Đã giao
DH001236,KH0096,24/04/2025 06:30:00,TMĐT - Lazada,NV16,Đang xử lý
DH011167,KH0265,09/02/2025 09:25:00,Bán lẻ,NV06,Đã hủy
DH006300,KH0233,23/07/2025 13:21:00,Showroom,NV25,Đã giao
DH003692,KH0272,21/01/2025 12:51:00,Showroom,NV17,Đã giao
DH005516,KH0387,30/10/2024 15:35:00,Showroom,NV18,Đã giao
DH002622,KH0409,10/03/2026 21:44:00,Sàn Shopee,NV22,Đã giao
DH004171,KH0442,05/05/2026 03:14:00,Đại lý,NV10,Đã giao
DH011977,KH0071,2025-12-17 06:40:00,Đại lý,NV10,Đã giao
DH010455,KH0009,11/08/2024 04:58:00,TMĐT - Tiki,NV14,Đã giao
DH006906,KH0074,17/12/2024 16:49:00,TMĐT - Shopee,NV30,Đã giao
DH000964,KH0384,27/11/2025 09:41:00,Showroom,NV15,Đã giao
DH010230,KH0154,16/11/2025 07:05:00,Sàn Shopee,NV18,Đã giao
DH010244,KH0412,21/05/2025 17:41:00,Shopee,NV26,Đã giao
DH006780,KH0054,2025-01-30 12:24:00,Sàn Shopee,NV03,Đã giao
DH004795,KH0135,20/07/2025 14:18:00,Sàn Lazada,NV11,Mới
DH010630,KH0107,26/01/2025 12:00:00,Bán lẻ,NV28,Đã giao
DH006981,KH0035,14/02/2025 17:12:00,Showroom,NV17,Đã giao
DH009313,KH0154,09/10/2025 21:14:00,Ban le,NV27,Đã giao
DH008975,,27/12/2024 07:39:00,Sàn Lazada,NV11,Đã giao
DH011590,KH0391,30/10/2024 05:19:00,Đại lý,NV21,Đã giao
DH005580,KH0044,22/12/2024 16:56:00,Showroom,NV13,Đã giao
DH009856,KH0367,17/09/2024 13:43:00,TMĐT - Tiki,NV03,Đã giao
DH005399,KH0052,05/11/2025 01:05:00,Showroom,NV11,Đã giao
DH004308,KH0102,08/05/2026 14:52:00,Lazada,NV08,Đã giao
DH002081,KH0192,19/01/2025 15:17:00,TMĐT - Tiki,NV24,Đã giao
DH001345,KH0249,17/01/2025 18:12:00,Shopee,NV12,Đã giao
DH010010,KH0140,20/01/2026 01:35:00,Ban le,NV08,Đã giao
DH003509,KH0155,20/09/2025 21:58:00,TMĐT - Tiki,NV28,Đã giao
DH009364,KH0413,29/07/2026 15:57:00,Đại lý,NV02,Mới
DH010592,KH0147,12/10/2024 04:33:00,Shopee,NV19,Đã giao
DH004169,KH0018,03/08/2024 11:27:00,Đại lý,NV07,Đã giao
DH010693,KH0365,08/12/2024 14:00:00,Sàn Shopee,NV20,Đã giao
DH009272,KH0034,29/03/2026 00:30:00,Bán lẻ,NV18,Đã giao
DH003227,KH0070,23/12/2025 23:32:00,TMĐT - Tiki,NV17,Đã giao
DH006221,KH0229,07/02/2025 17:57:00,Bán lẻ trực tiếp,NV20,Đã giao
DH009023,KH0193,15/01/2025 02:44:00,TMĐT - Tiki,NV03,Đã giao
DH001329,KH0034,14/05/2025 16:07:00,Đại lý,NV03,Đã giao
DH011813,KH0113,28/01/2025 08:47:00,Ban le,NV20,Đã giao
DH000330,KH0227,01/09/2024 04:42:00,Showroom,NV18,Đã hủy
DH002620,KH0097,18/07/2026 19:10:00,TMĐT - Tiki,NV11,Đang xử lý
DH004620,KH0338,26/09/2025 02:22:00,Đại lý,NV29,Đã giao
DH008161,KH0161,07/04/2026 08:18:00,Lazada,NV16,Đã giao
DH001752,KH0012,16/09/2025 13:48:00,TMĐT - Tiki,NV12,Đã giao
DH008278,KH0438,04/12/2024 07:46:00,Sàn Lazada,NV28,Đã giao
DH009347,KH0002,24/02/2026 19:56:00,Showroom,NV09,Đã giao
DH006137,KH0356,28/07/2026 15:15:00,Showroom,NV02,Đã giao
DH011492,KH0281,2026-07-15 19:38:00,TMĐT - Tiki,NV09,Đã giao
DH008363,KH0179,13/12/2024 08:49:00,Đại lý,NV05,Đã giao
DH008414,KH0365,04/06/2026 03:34:00,Đại lý,NV21,Đang xử lý
DH008695,KH0140,28/06/2025 00:07:00,Showroom,NV04,Đã giao
DH008589,KH0368,15/08/2025 00:00:00,TMĐT - Tiki,NV17,Đã giao
DH004491,KH0277,16/09/2025 15:06:00,TMĐT - Tiki,NV29,Đã hủy
DH008516,KH0338,01/11/2024 05:04:00,TMĐT - Shopee,NV11,Trả hàng
DH009672,KH0262,01/05/2025 09:28:00,Đại lý,NV27,Đã giao
DH007158,KH0155,21/03/2025 21:43:00,Shopee,NV18,Đã giao
DH001359,KH0128,17/09/2024 04:31:00,Showroom,NV29,Đã giao
DH010664,KH0349,14/08/2025 03:42:00,Lazada,NV05,Đã giao
DH004455,KH0422,21/07/2025 19:00:00,Đại lý,NV13,Đã giao
DH009611,KH0199,30/09/2025 00:23:00,Đại lý,NV12,Đã giao
DH001643,KH0242,07/11/2025 09:27:00,Đại lý,NV20,Trả hàng
DH008812,KH0141,16/12/2024 07:35:00,TMĐT - Tiki,NV06,Mới
DH002717,KH0121,07/12/2024 21:54:00,Đại lý,NV27,Đã giao
DH000385,KH0448,11/09/2024 17:49:00,Showroom,NV30,Đã hủy
DH008839,KH0140,22/11/2025 23:03:00,Đại lý,NV08,Đã giao
DH001602,KH0187,10/06/2025 05:14:00,Ban le,NV19,Đang xử lý
DH007870,KH0409,19/01/2026 23:59:00,TMĐT - Tiki,NV08,Đã hủy
DH007263,KH0268,04/01/2025 03:32:00,Showroom,NV02,Đã giao
DH005272,KH0117,13/04/2025 14:45:00,Sàn Shopee,NV05,Đã giao
DH003466,KH0008,2025-07-29 13:31:00,Ban le,NV28,Đã giao
DH008506,KH0095,20/12/2025 23:40:00,Bán lẻ,NV26,Đã giao
DH005527,KH0121,17/01/2026 17:49:00,TMĐT - Tiki,NV07,Đã giao
DH007060,KH0255,21/11/2025 22:48:00,Lazada,NV19,Đã giao
DH006731,KH0035,29/12/2025 23:04:00,Shopee,NV03,Đã giao
DH002544,KH0322,20/09/2024 10:23:00,Showroom,NV12,Đã giao
DH011938,KH0413,08/08/2025 01:12:00,Showroom,NV24,Đang xử lý
DH001232,KH0002,16/02/2026 03:31:00,TMĐT - Tiki,NV13,Đã giao
DH000766,,28/06/2026 08:10:00,TMĐT - Tiki,NV24,Đã giao
DH003421,KH0352,20/01/2025 09:50:00,Showroom,NV02,Đang xử lý
DH9900081,KH0066,30/12/2025 02:10:00,Showroom,NV04,Đã giao
DH002123,KH0262,09/11/2025 08:24:00,TMĐT - Tiki,NV29,Đang xử lý
DH011987,KH0353,15/07/2026 01:45:00,Sàn Lazada,NV09,Đã giao
DH000697,KH9006,15/11/2024 17:10:00,Đại lý,NV24,Trả hàng
DH004764,KH0035,29/08/2024 23:17:00,TMĐT - Tiki,NV03,Đã hủy
DH010515,KH0309,01/10/2024 00:40:00,Showroom,NV04,Đã giao
DH007434,KH0026,27/02/2025 11:58:00,Đại lý,NV12,Mới
DH003400,KH0396,07/09/2024 17:46:00,Lazada,NV27,Đã giao
DH004366,KH0184,25/03/2026 05:53:00,Lazada,NV25,Đã giao
DH005746,KH0208,04/05/2026 17:30:00,Showroom,NV26,Đang xử lý
DH000188,KH0234,24/11/2025 22:38:00,Ban le,NV04,Đang xử lý
DH006031,KH0262,05/04/2025 06:51:00,Showroom,NV11,Đã giao
DH004119,KH0242,14/04/2026 01:34:00,TMĐT - Shopee,NV18,Đã giao
DH9900138,KH0157,12/01/2024 09:21:00,TMĐT - Tiki,NV29,Đã giao
DH006415,KH0303,12/06/2026 21:13:00,Showroom,NV16,Đã giao
DH003594,KH0189,25/10/2025 23:08:00,Ban le,NV22,Đã giao
DH006961,KH0242,27/05/2025 08:21:00,Sàn Lazada,NV18,Mới
DH000131,KH0326,06/09/2025 14:37:00,Bán lẻ,NV17,Đã giao
DH001258,KH0241,27/08/2024 16:02:00,Shopee,NV25,Đã giao
DH001491,KH9007,29/10/2024 22:45:00,Đại lý,NV23,Đã giao
DH006851,KH0182,15/05/2026 10:47:00,TMĐT - Tiki,NV27,Đã giao
DH004439,KH0367,29/12/2025 18:47:00,Shopee,NV04,Đã giao
DH005615,KH0104,21/04/2026 04:13:00,Showroom,NV08,Đã giao
DH003611,KH0070,12/02/2025 20:51:00,Đại lý,NV06,Đã giao
DH011052,KH0402,30/12/2024 08:45:00,Shopee,NV23,Đã giao
DH003732,KH0248,17/02/2026 18:29:00,TMĐT - Tiki,NV06,Đã giao
DH010787,KH0207,19/12/2025 03:19:00,Shopee,NV12,Đã giao
DH004867,,01/11/2024 06:53:00,Bán lẻ,NV03,Đã giao
DH005488,KH0341,05/08/2024 03:54:00,TMĐT - Tiki,NV21,Đã giao
DH001056,KH0035,12/06/2026 05:36:00,Lazada,NV10,Đang xử lý
DH004200,KH0391,22/11/2025 09:13:00,Sàn Lazada,NV07,Trả hàng
DH002152,KH0115,09/08/2024 19:06:00,Shopee,NV12,Đã giao
DH9900090,KH0374,25/10/2025 03:36:00,Bán lẻ,NV07,Đã giao
DH005357,KH0406,07/06/2025 12:27:00,Đại lý,NV01,Đã giao
DH005589,KH9013,19/01/2026 09:17:00,Shopee,NV18,Đã giao
DH003022,KH0249,22/12/2025 05:36:00,Lazada,NV17,Đã giao
DH005792,KH0315,20/02/2026 01:20:00,Sàn Shopee,NV26,Đã giao
DH006765,KH0012,24/06/2025 01:14:00,Bán lẻ,NV11,Đã giao
DH004343,KH0250,01/10/2025 17:28:00,Showroom,NV15,Đang xử lý
DH003376,KH0212,18/11/2025 10:16:00,Sàn Shopee,NV26,Mới
DH009325,KH0056,14/01/2025 20:19:00,Showroom,NV19,Đã giao
DH004129,KH0056,16/09/2024 15:57:00,Showroom,NV02,Mới
DH011017,KH0034,01/09/2024 01:51:00,TMĐT - Tiki,NV28,Đã giao
DH010996,KH0173,11/04/2026 09:32:00,Bán lẻ,NV07,Đã giao
DH006561,KH0002,22/04/2025 06:38:00,Đại lý,NV22,Đã giao
DH002632,KH0448,19/07/2025 01:42:00,Bán lẻ,NV22,Đã giao
DH010414,KH0277,03/04/2025 08:58:00,Bán lẻ,NV25,Đã giao
DH007289,KH0070,22/05/2025 04:03:00,Sàn Lazada,NV13,Đã giao
DH005628,KH0044,06/14/2026 00:30:00,Lazada,NV19,Đã giao
DH010995,KH0374,28/10/2025 06:14:00,TMĐT - Lazada,NV04,Đang xử lý
DH000344,KH0017,27/12/2024 11:07:00,TMĐT - Tiki,NV07,Đang xử lý
DH000186,KH0089,19/12/2024 23:40:00,Đại lý,NV18,Đã giao
DH011286,KH0396,23/08/2025 10:46:00,Đại lý,NV17,Mới
DH006325,KH0436,24/04/2026 00:08:00,Showroom,NV22,Đã hủy
DH011265,KH0191,15/09/2024 08:24:00,TMĐT - Tiki,NV07,Đã giao
DH006874,KH0447,07/12/2024 01:24:00,Showroom,NV08,Trả hàng
DH008360,KH0209,12/31/2025 13:51:00,Sàn Lazada,NV23,Đã hủy
DH002051,KH0413,15/10/2025 20:10:00,TMĐT - Tiki,NV04,Đã hủy
DH006386,KH0054,2026-07-06 12:18:00,Ban le,NV16,Trả hàng
DH009184,KH0262,25/02/2025 04:26:00,Showroom,NV12,Đã giao
DH005732,,20/09/2025 17:42:00,TMĐT - Tiki,NV29,Đã giao
DH007064,KH0391,28/06/2025 14:56:00,TMĐT - Tiki,NV30,Đã hủy
DH007398,KH0155,09/11/2025 12:24:00,Sàn Lazada,NV07,Mới
DH009655,KH0095,01/09/2025 20:35:00,Showroom,NV18,Đã giao
DH010363,KH0201,14/11/2024 15:35:00,Ban le,NV02,Đã giao
DH002949,,15/07/2026 00:58:00,Shopee,NV15,Mới
DH009548,KH0155,22/01/2026 06:37:00,Lazada,NV06,Đang xử lý
DH009306,KH0087,02/05/2026 22:09:00,Bán lẻ,NV17,Đã hủy
DH002503,KH0070,12/01/2026 04:44:00,Đại lý,NV04,Đã giao
DH000175,KH0070,15/06/2025 23:37:00,Showroom,NV28,Mới
DH002536,KH0391,16/05/2025 08:48:00,Sàn Shopee,NV14,Đã giao
DH010756,KH0179,29/05/2026 11:04:00,Sàn Lazada,NV25,Đã giao
DH010134,KH0442,19/12/2025 17:04:00,TMĐT - Tiki,NV27,Đã giao
DH009881,KH0218,26/04/2025 13:51:00,TMĐT - Tiki,NV18,Mới
DH002575,KH0325,06/11/2024 02:09:00,Lazada,NV25,Đang xử lý
DH008259,KH0056,19/09/2024 01:23:00,Shopee,NV15,Đã giao
DH002372,KH0446,01/08/2024 03:52:00,Ban le,NV14,Đã giao
DH006251,KH0439,06/06/2025 01:12:00,Đại lý,NV06,Đã giao
DH008897,KH0279,06/10/2025 20:09:00,TMĐT - Tiki,NV21,Đã giao
DH002865,KH0116,16/01/2025 13:21:00,TMĐT - Tiki,NV03,Đã giao
DH011515,,03/04/2025 02:36:00,TMĐT - Tiki,NV07,Đã giao
DH005741,KH0026,30/07/2025 02:55:00,TMĐT - Lazada,NV21,Đã giao
DH9900114,,07/12/2025 00:23:00,TMĐT - Shopee,NV16,Đã giao
DH000023,KH0246,04/08/2025 09:28:00,Showroom,NV29,Đã giao
DH001160,KH0141,14/07/2025 02:02:00,TMĐT - Tiki,NV12,Đã giao
DH002875,KH0402,06/01/2026 04:49:00,Đại lý,NV07,Mới
DH003827,KH0242,07/03/2025 10:08:00,Shopee,NV24,Đã giao
DH003081,KH0413,18/06/2025 22:57:00,TMĐT - Tiki,NV15,Đang xử lý
DH004972,KH0391,31/08/2025 03:27:00,Lazada,NV19,Đã hủy
DH007137,KH0337,01/11/2025 04:21:00,TMĐT - Tiki,NV08,Đã giao
DH007421,KH0402,22/12/2025 08:41:00,Đại lý,NV12,Đã giao
DH002988,KH0248,15/07/2026 21:39:00,TMĐT - Tiki,NV16,Đã giao
DH001066,KH0412,27/12/2024 09:46:00,Đại lý,NV04,Đã giao
DH011905,KH0267,19/10/2025 16:19:00,TMĐT - Tiki,NV05,Đã giao
DH010819,KH9008,26/01/2026 04:01:00,Shopee,NV12,Trả hàng
DH004069,KH0183,12/03/2026 00:08:00,Bán lẻ trực tiếp,NV05,Đã giao
DH009343,KH0436,2025-09-21 08:05:00,TMĐT - Tiki,NV03,Đã hủy
DH004835,KH0151,23/10/2025 13:35:00,Đại lý,NV11,Đã giao
DH010313,KH0409,21/05/2026 16:03:00,Showroom,NV13,Đã giao
DH001470,KH0399,2025-09-01 21:11:00,Đại lý,NV20,Đang xử lý
DH011795,KH0141,12/05/2025 06:28:00,Lazada,NV06,Đã giao
DH006989,KH0240,18/04/2026 16:57:00,Shopee,NV02,Đang xử lý
DH9900107,KH0391,22/11/2025 23:59:00,Showroom,NV28,Đã giao
DH007967,KH0386,29/07/2026 12:43:00,TMĐT - Tiki,NV10,Đã giao
DH004774,KH0442,09/11/2024 10:31:00,TMĐT - Tiki,NV14,Đã giao
DH007292,KH0155,21/12/2024 06:46:00,Showroom,NV09,Đã giao
DH004212,,02/24/2026 23:37:00,Showroom,NV26,Đã giao
DH002210,KH0087,16/08/2024 01:22:00,Sàn Lazada,NV10,Đã giao
DH009914,KH0259,20/01/2026 15:55:00,TMĐT - Lazada,NV21,Đã giao
DH006453,KH0250,13/01/2025 03:08:00,Sàn Shopee,NV13,Trả hàng
DH004685,KH0250,08/01/2025 05:25:00,Showroom,NV02,Đã giao
DH004027,KH0246,19/12/2025 13:02:00,Sàn Shopee,NV08,Đã giao
DH005784,KH0155,30/09/2024 16:41:00,Lazada,NV02,Trả hàng
DH008409,KH0340,27/09/2024 09:50:00,TMĐT - Tiki,NV30,Đang xử lý
DH001487,KH0070,20/04/2026 20:19:00,Bán lẻ trực tiếp,NV17,Đã giao
DH011874,KH0111,03/12/2025 08:29:00,Lazada,NV26,Đang xử lý
DH002788,KH0318,02/08/2024 09:04:00,Sàn Shopee,NV28,Đã giao
DH002054,KH0227,2025-01-29 04:13:00,TMĐT - Tiki,NV02,Đã giao
DH004405,KH0446,2025-09-22 05:37:00,Shopee,NV23,Đã giao
DH000673,KH0404,17/02/2025 20:21:00,Showroom,NV28,Đã giao
DH010690,KH0265,03/07/2026 09:21:00,TMĐT - Tiki,NV05,Đang xử lý
DH002790,KH9004,20/09/2025 12:17:00,TMĐT - Tiki,NV15,Đã giao
DH009772,KH0365,16/06/2025 00:59:00,Showroom,NV22,Đã giao
DH002722,KH0413,16/03/2026 13:56:00,Đại lý,NV02,Đã giao
DH006440,KH0201,16/11/2025 02:13:00,Ban le,NV21,Đã giao
DH007276,KH0070,28/08/2025 06:04:00,Showroom,NV08,Đang xử lý
DH003757,KH0119,26/01/2025 13:42:00,TMĐT - Tiki,NV19,Đã giao
DH002062,KH0236,12/11/2024 15:11:00,TMĐT - Shopee,NV07,Đã giao
DH009038,KH0227,18/02/2025 08:20:00,Shopee,NV07,Đã giao
DH003289,KH0030,21/09/2025 14:24:00,Ban le,NV26,Đã giao
DH010848,KH0070,28/01/2025 00:04:00,Shopee,NV25,Đã hủy
DH005700,KH0391,12/03/2026 11:48:00,Showroom,NV15,Đã giao
DH007789,KH0442,11/05/2025 08:26:00,Đại lý,NV29,Đã giao
DH003209,KH0262,23/09/2024 01:38:00,Ban le,NV01,Đã giao
DH002972,KH9014,08/06/2025 21:40:00,Sàn Shopee,NV23,Đã giao
DH011357,KH0360,21/06/2026 11:56:00,TMĐT - Tiki,NV11,Trả hàng
DH000450,KH0061,20/12/2024 04:24:00,Showroom,NV06,Đã giao
DH003247,KH0347,15/01/2025 23:56:00,Đại lý,NV06,Đã giao
DH002584,KH0054,07/01/2026 11:26:00,TMĐT - Tiki,NV28,Đã giao
DH002560,KH0113,14/05/2026 06:25:00,Shopee,NV26,Trả hàng
DH9900024,KH0179,23/06/2026 06:24:00,Showroom,NV20,Đã giao
DH011628,KH0271,2025-07-29 02:01:00,Bán lẻ,NV17,Đã giao
DH001833,KH0262,07/09/2024 04:24:00,Lazada,NV22,Đã giao
DH005881,KH0155,02/04/2026 19:12:00,Showroom,NV11,Đã giao
DH009134,KH0314,14/05/2026 01:30:00,Bán lẻ,NV22,Đã giao
DH005440,KH0442,09/11/2024 16:25:00,Ban le,NV10,Đã giao
DH011257,KH0002,22/01/2025 09:22:00,Showroom,NV22,Mới
DH004164,KH0070,29/03/2026 05:16:00,TMĐT - Tiki,NV11,Đã giao
DH000638,KH0386,12/06/2026 05:41:00,TMĐT - Tiki,NV13,Đã giao
DH001978,KH0243,02/10/2025 04:31:00,Đại lý,NV08,Đã giao
DH006613,KH0070,23/10/2025 08:10:00,Lazada,NV20,Đã giao
DH000729,KH0277,15/09/2024 17:05:00,Lazada,NV16,Đã hủy
DH007209,KH0303,06/07/2025 20:22:00,Đại lý,NV04,Đã giao
DH000058,KH0384,31/03/2026 08:14:00,Đại lý,NV11,Đã giao
DH001402,KH0248,17/12/2024 06:48:00,TMĐT - Tiki,NV03,Trả hàng
DH007520,KH0179,09/09/2024 17:55:00,Lazada,NV25,Đã giao
DH004975,KH0268,20/06/2026 09:21:00,Bán lẻ,NV29,Đã giao
DH004190,KH0412,21/01/2025 19:14:00,Đại lý,NV26,Đã giao
DH005007,KH0262,24/12/2025 01:16:00,Đại lý,NV14,Đã giao
DH008946,KH0400,16/03/2025 05:34:00,Sàn Lazada,NV22,Đã giao
DH005313,KH0443,14/12/2025 04:27:00,Showroom,NV25,Đã giao
DH002894,KH0204,03/12/2024 06:58:00,Sàn Shopee,NV04,Đã giao
DH006824,KH0262,05/02/2025 06:55:00,Showroom,NV24,Mới
DH005434,,20/09/2024 11:21:00,Showroom,NV05,Đang xử lý
DH000221,KH0339,27/11/2025 13:59:00,Showroom,NV25,Đã giao
DH005788,KH0198,22/11/2025 18:34:00,Ban le,NV15,Đã giao
DH011611,KH0242,23/09/2024 02:07:00,Bán lẻ,NV12,Đã giao
DH007677,KH0391,28/05/2025 08:06:00,Shopee,NV13,Đang xử lý
DH008799,KH0248,13/12/2025 22:18:00,Sàn Shopee,NV23,Đã giao
DH001963,KH0002,14/12/2024 21:12:00,Lazada,NV27,Đã giao
DH008659,,07/08/2025 09:03:00,TMĐT - Tiki,NV06,Đã giao
DH001379,KH0257,12/05/2026 02:55:00,TMĐT - Tiki,NV20,Đã giao
DH004659,KH0220,30/01/2026 19:04:00,Bán lẻ trực tiếp,NV16,Đã giao
DH005244,KH0204,08/06/2026 05:40:00,Ban le,NV17,Đã giao
DH003853,KH0412,05/03/2026 08:48:00,TMĐT - Tiki,NV20,Đã giao
DH006349,KH9003,11/05/2025 08:47:00,Ban le,NV09,Đã giao
DH003575,KH0199,09/24/2025 08:05:00,Showroom,NV25,Trả hàng
DH001188,KH0229,30/04/2026 05:13:00,Đại lý,NV20,Đã giao
DH007730,KH0442,26/11/2025 20:20:00,Lazada,NV21,Đã giao
DH009647,KH0241,10/12/2025 21:20:00,Sàn Shopee,NV21,Đã giao
DH001799,KH0239,27/10/2025 10:20:00,Sàn Lazada,NV06,Đã giao
DH003242,KH0137,07/01/2026 18:18:00,Sàn Shopee,NV22,Đã giao
DH005640,KH0391,21/01/2025 04:07:00,Đại lý,NV21,Đã giao
DH005003,KH0295,03/12/2025 16:11:00,Đại lý,NV06,Đã giao
DH005476,KH0074,22/04/2025 13:05:00,Ban le,NV21,Đã giao
DH010635,KH0012,26/11/2025 10:43:00,Bán lẻ,NV24,Đã giao
DH011522,KH0116,2025-12-25 06:41:00,Đại lý,NV18,Đã giao
DH004351,KH0306,20/01/2025 15:27:00,TMĐT - Tiki,NV13,Đã giao
DH000042,KH0267,23/11/2024 03:57:00,Sàn Lazada,NV08,Đang xử lý
DH004358,,05/02/2026 17:43:00,Showroom,NV20,Đã giao
DH005579,KH0338,08/10/2024 13:00:00,TMĐT - Tiki,NV23,Đã giao
DH007020,KH0391,2025-04-05 08:05:00,Shopee,NV04,Đã giao
DH008476,KH0199,05/12/2025 08:22:00,TMĐT - Tiki,NV16,Mới
DH010765,KH0391,17/05/2025 14:32:00,Ban le,NV27,Đã giao
DH010359,KH0391,13/08/2024 01:30:00,Sàn Shopee,NV11,Đã hủy
DH009224,KH0337,25/04/2026 16:19:00,Showroom,NV03,Đã giao
DH003012,KH0056,12/08/2024 22:33:00,Shopee,NV21,Đang xử lý
DH008498,KH0076,03/12/2024 18:07:00,Showroom,NV23,Đã hủy
DH010993,KH0282,11/01/2026 19:29:00,Ban le,NV27,Đã giao
DH008923,KH0356,07/10/2025 02:25:00,Đại lý,NV15,Đã giao
DH004663,KH0045,22/11/2024 03:39:00,TMĐT - Lazada,NV11,Đã giao
DH006290,KH0442,17/04/2026 10:47:00,Bán lẻ trực tiếp,NV12,Đã giao
DH006483,KH9006,22/10/2024 18:38:00,Bán lẻ,NV15,Đã giao
DH008774,KH9009,11/08/2025 01:47:00,TMĐT - Tiki,NV03,Đã giao
DH002246,,02/10/2024 21:53:00,Shopee,NV16,Đã giao
DH004876,KH0036,04/12/2025 00:54:00,TMĐT - Tiki,NV08,Đã giao
DH004999,KH0034,14/08/2025 03:00:00,Bán lẻ,NV20,Đã hủy
DH008963,KH0052,17/12/2025 17:27:00,Lazada,NV30,Đã giao
DH009181,KH0301,28/09/2024 09:49:00,Ban le,NV02,Đã giao
DH011316,KH0265,14/04/2025 19:23:00,Bán lẻ,NV07,Đã giao
DH010091,KH0026,25/01/2026 07:52:00,TMĐT - Tiki,NV23,Đã giao
DH9900029,KH0117,25/04/2026 10:06:00,Showroom,NV26,Đang xử lý
DH003397,KH0056,23/09/2024 07:18:00,Sàn Lazada,NV25,Đang xử lý
DH002222,KH0322,12/07/2025 09:23:00,Bán lẻ trực tiếp,NV03,Đã hủy
DH001030,KH0257,11/11/2024 14:44:00,Showroom,NV12,Đã giao
DH001163,KH0262,22/12/2025 22:09:00,Shopee,NV16,Đã hủy
DH008509,KH0262,18/05/2025 08:32:00,Bán lẻ,NV16,Đã giao
DH006255,KH0276,27/01/2025 11:13:00,Lazada,NV26,Đã giao
DH009139,KH0447,11/11/2024 07:29:00,Đại lý,NV11,Đã giao
DH007028,KH0316,30/12/2025 08:46:00,Sàn Shopee,NV03,Đã giao
DH9900120,KH0158,05/08/2025 09:13:00,Showroom,NV28,Đã giao
DH004803,KH0034,13/07/2025 05:20:00,Shopee,NV06,Mới
DH007591,KH0044,03/03/2026 19:49:00,TMĐT - Shopee,NV18,Đã giao
DH002505,KH0035,14/06/2026 23:32:00,Ban le,NV13,Đã giao
DH008438,KH0391,07/08/2025 01:41:00,TMĐT - Tiki,NV24,Đã giao
DH007731,KH0243,23/01/2026 22:57:00,Showroom,NV01,Đã giao
DH002206,KH0239,13/10/2025 06:59:00,Ban le,NV27,Đã giao
DH007659,KH0402,2025-10-29 09:39:00,Sàn Shopee,NV26,Đã giao
DH004334,KH0158,16/06/2025 17:20:00,Showroom,NV15,Đã giao
DH002893,KH0034,12/02/2026 06:47:00,Đại lý,NV30,Đã giao
DH010716,KH0241,16/10/2024 20:27:00,Showroom,NV07,Đã giao
DH002927,KH0116,03/11/2024 09:14:00,Showroom,NV29,Đang xử lý
DH003787,KH0321,13/12/2025 17:08:00,TMĐT - Tiki,NV17,Đang xử lý
DH000282,KH0306,20/04/2026 11:19:00,Đại lý,NV09,Đã hủy
DH001657,KH0391,12/05/2025 02:18:00,Ban le,NV04,Đã giao
DH000264,KH0249,09/03/2025 04:10:00,TMĐT - Tiki,NV30,Đã giao
DH006398,KH0243,20/12/2024 14:48:00,Đại lý,NV29,Đã giao
DH010577,KH0236,27/12/2024 21:39:00,Bán lẻ,NV25,Đã giao
DH007867,KH0068,18/09/2024 02:09:00,Ban le,NV29,Đã giao
DH002409,KH0070,10/09/2024 11:56:00,Showroom,NV19,Đã giao
DH008217,KH0344,24/06/2026 16:49:00,TMĐT - Tiki,NV16,Đã giao
DH005779,KH0035,12/12/2024 01:50:00,Đại lý,NV28,Đang xử lý
DH011945,KH0421,20/11/2025 17:19:00,Showroom,NV13,Đã giao
DH011605,KH0155,28/06/2025 08:09:00,Đại lý,NV01,Đã giao
DH004441,KH0446,06/01/2026 20:20:00,TMĐT - Tiki,NV09,Đã giao
DH000885,KH0115,15/02/2026 10:54:00,Showroom,NV21,Đang xử lý
DH000892,KH0119,23/04/2025 12:31:00,Showroom,NV26,Đang xử lý
DH011393,KH0262,20/11/2025 00:29:00,Shopee,NV04,Đã giao
DH010570,KH0140,13/02/2026 07:48:00,Đại lý,NV29,Đã giao
DH003627,KH0070,11/01/2025 20:57:00,TMĐT - Tiki,NV12,Đã giao
DH010049,KH0003,15/10/2024 16:39:00,TMĐT - Tiki,NV06,Đã giao
DH003523,KH0243,17/06/2026 10:33:00,Showroom,NV23,Trả hàng
DH000337,KH0321,30/07/2026 13:45:00,Sàn Shopee,NV19,Đã giao
DH009983,KH0395,14/08/2025 04:15:00,Showroom,NV15,Đã giao
DH000895,KH0391,18/05/2025 21:34:00,Showroom,NV20,Đã giao
DH000769,KH0096,23/04/2026 04:22:00,Showroom,NV21,Đã giao
DH000375,KH0412,16/06/2025 22:05:00,Showroom,NV14,Đang xử lý
DH001807,KH0063,13/05/2026 06:29:00,TMĐT - Tiki,NV14,Đã giao
DH008750,KH0248,28/09/2025 03:57:00,Shopee,NV12,Đã giao
DH007636,KH0095,03/12/2025 03:56:00,Lazada,NV03,Đã giao
DH000296,KH0173,22/01/2025 10:50:00,TMĐT - Lazada,NV24,Đã giao
DH007377,KH0326,2025-02-12 21:03:00,Shopee,NV26,Đã giao
DH011882,KH0065,22/01/2026 05:58:00,Bán lẻ,NV28,Đã giao
DH000214,KH0051,27/07/2025 10:59:00,Bán lẻ,NV22,Đã giao
DH000094,KH0359,23/10/2025 20:23:00,Shopee,NV09,Đã giao
DH009786,KH0227,28/10/2025 13:30:00,TMĐT - Tiki,NV07,Đã giao
DH004696,KH0447,20/07/2026 13:05:00,Sàn Shopee,NV15,Đang xử lý
DH008711,KH0004,04/11/2024 07:06:00,Showroom,NV19,Đã giao
DH003551,KH0151,16/04/2026 19:40:00,TMĐT - Tiki,NV16,Đã giao
DH010583,KH0413,11/05/2026 11:58:00,Bán lẻ,NV09,Đang xử lý
DH009158,KH0250,30/11/2025 01:27:00,Showroom,NV24,Đã giao
DH004059,KH0359,10/02/2026 05:06:00,Lazada,NV16,Đã giao
DH007518,KH0442,27/12/2024 20:27:00,Đại lý,NV23,Đã hủy
DH009241,KH0155,06/10/2025 13:26:00,Shopee,NV26,Đã hủy
DH005114,KH0052,07/08/2024 21:43:00,Sàn Lazada,NV01,Đã giao
DH007579,KH0422,04/02/2026 04:46:00,Ban le,NV28,Đã giao
DH9900102,KH0219,24/10/2024 23:47:00,Ban le,NV09,Trả hàng
DH009440,KH0074,10/11/2024 01:41:00,TMĐT - Tiki,NV24,Đã giao
DH007099,KH0051,20/01/2026 12:14:00,Sàn Shopee,NV06,Đã giao
DH007327,KH0105,04/09/2024 00:16:00,Sàn Shopee,NV24,Đã giao
DH002325,KH0063,17/01/2026 08:19:00,TMĐT - Shopee,NV27,Đã giao
DH009831,KH0013,29/06/2025 05:08:00,TMĐT - Tiki,NV27,Đã giao
DH001838,KH0220,09/04/2025 10:41:00,Đại lý,NV29,Đã giao
DH006935,KH0155,13/07/2026 14:27:00,Showroom,NV11,Đã giao
DH006324,KH0044,21/08/2025 13:09:00,Đại lý,NV24,Đã giao
DH010000,KH0051,03/03/2025 20:50:00,Đại lý,NV05,Đã hủy
DH003677,KH0385,27/04/2025 00:39:00,Đại lý,NV18,Đã giao
DH003279,KH0070,24/07/2025 11:28:00,Ban le,NV27,Đã giao
DH001085,KH0447,26/12/2024 01:00:00,TMĐT - Lazada,NV15,Đã giao
DH010587,KH0012,25/01/2025 08:11:00,Showroom,NV15,Đã giao
DH004984,KH0170,18/03/2026 03:27:00,Ban le,NV15,Mới
DH005953,KH9003,25/06/2025 17:41:00,Lazada,NV24,Đã giao
DH009763,KH0297,22/08/2024 04:11:00,Lazada,NV04,Đã giao
DH007173,,10/01/2026 23:00:00,Sàn Shopee,NV22,Đã giao
DH9900062,KH0066,27/08/2024 22:27:00,Đại lý,NV21,Đã giao
DH001610,KH0035,21/09/2025 03:21:00,Sàn Shopee,NV24,Đã giao
DH001678,KH0179,24/06/2025 23:13:00,Ban le,NV11,Đã hủy
DH000759,KH0293,03/01/2025 19:47:00,Sàn Shopee,NV24,Đã giao
DH007687,KH0140,11/07/2025 15:51:00,Đại lý,NV28,Đã giao
DH003515,KH0063,03/11/2024 01:08:00,Showroom,NV04,Đã giao
DH007369,KH0164,08/05/2026 23:19:00,Bán lẻ trực tiếp,NV29,Đã giao
DH006995,KH0175,10/26/2025 18:27:00,Đại lý,NV01,Đã giao
DH008526,KH0051,23/12/2024 12:29:00,Shopee,NV24,Trả hàng
DH011056,KH0199,06/09/2025 17:58:00,Đại lý,NV30,Đã giao
DH004298,KH0333,03/01/2025 06:05:00,Đại lý,NV18,Trả hàng
DH004896,KH0012,18/10/2025 08:17:00,TMĐT - Tiki,NV04,Đang xử lý
DH002514,KH0122,22/08/2025 20:09:00,TMĐT - Lazada,NV28,Đã giao
DH003510,KH0151,16/11/2024 06:10:00,Lazada,NV30,Mới
DH009082,KH9008,16/09/2025 04:25:00,Lazada,NV23,Đã giao
DH009942,KH0362,07/12/2025 09:09:00,TMĐT - Tiki,NV08,Đã giao
DH000210,KH0113,22/12/2024 10:21:00,Showroom,NV12,Mới
DH003654,KH0241,29/01/2026 05:19:00,Bán lẻ,NV15,Đang xử lý
DH008056,KH0342,10/04/2026 17:38:00,Sàn Shopee,NV26,Đã giao
DH006722,KH0012,09/02/2026 09:31:00,Đại lý,NV13,Đang xử lý
DH008338,KH0262,09/09/2024 21:17:00,Ban le,NV29,Đã giao
DH007982,KH0200,18/11/2025 16:46:00,Showroom,NV30,Đã giao
DH005146,KH0034,04/11/2024 23:43:00,TMĐT - Tiki,NV02,Đã giao
DH002961,KH0361,02/06/2025 08:53:00,Showroom,NV29,Đang xử lý
DH000765,KH0070,2025-05-24 18:01:00,Đại lý,NV30,Đã giao
DH000113,KH0126,15/11/2024 14:52:00,TMĐT - Tiki,NV05,Đã giao
DH007163,KH0102,25/09/2025 14:45:00,Sàn Shopee,NV24,Đã giao
DH010815,KH0071,22/01/2025 04:54:00,TMĐT - Tiki,NV28,Đã giao
DH010297,KH0070,24/02/2026 18:22:00,Shopee,NV13,Đã giao
DH003295,KH0003,29/11/2025 16:37:00,Đại lý,NV20,Đã giao
DH008305,KH0213,13/02/2025 07:37:00,Sàn Shopee,NV07,Đã giao
DH001064,KH0211,05/02/2026 13:54:00,TMĐT - Tiki,NV22,Đã giao
DH006228,KH0002,30/10/2025 15:11:00,Showroom,NV29,Mới
DH007126,KH9004,06/02/2026 23:52:00,Bán lẻ,NV21,Đã giao
DH008521,KH0416,11/02/2025 00:56:00,Bán lẻ,NV23,Đang xử lý
DH002055,,07/05/2026 23:12:00,Lazada,NV05,Đã giao
DH011562,KH0447,27/05/2025 06:46:00,Đại lý,NV03,Đã hủy
DH002042,KH0248,12/09/2024 12:25:00,TMĐT - Tiki,NV26,Đã hủy
DH005412,KH0446,02/07/2025 11:10:00,Sàn Shopee,NV27,Đã hủy
DH004903,KH0391,15/10/2025 13:11:00,Đại lý,NV12,Đã giao
DH000073,KH9008,05/07/2025 13:58:00,Showroom,NV06,Đang xử lý
DH003914,KH0367,23/03/2026 20:54:00,Đại lý,NV15,Đã giao
DH002448,KH0006,31/05/2026 22:45:00,Lazada,NV16,Đã hủy
DH006155,KH0108,19/12/2025 12:29:00,Bán lẻ trực tiếp,NV06,Đã giao
DH001203,KH9004,07/11/2025 03:52:00,Showroom,NV10,Trả hàng
DH000024,KH0120,16/02/2026 00:21:00,Bán lẻ,NV10,Đang xử lý
DH008568,KH0051,20/08/2024 08:18:00,Đại lý,NV04,Đang xử lý
DH001676,KH0308,25/09/2024 04:55:00,Ban le,NV02,Đã giao
DH009103,,31/12/2025 05:50:00,Đại lý,NV05,Đã giao
DH011380,,18/01/2025 05:23:00,Sàn Shopee,NV18,Đã giao
DH009634,KH0448,05/12/2025 00:38:00,TMĐT - Tiki,NV26,Đã giao
DH006417,KH0306,23/10/2024 11:42:00,Showroom,NV10,Trả hàng
DH009484,KH0034,09/11/2024 03:45:00,Shopee,NV16,Đã giao
DH009453,KH0412,06/21/2026 17:30:00,Đại lý,NV30,Đã giao
DH010810,KH0391,03/01/2026 22:59:00,Đại lý,NV21,Đang xử lý
DH008606,KH0155,05/08/2024 14:05:00,Đại lý,NV25,Đã giao
DH001262,KH0262,08/05/2026 15:16:00,Bán lẻ,NV23,Đã giao
DH005518,KH0141,11/01/2026 20:23:00,Sàn Lazada,NV16,Đã giao
DH001837,KH0397,29/05/2026 10:08:00,TMĐT - Tiki,NV11,Đã giao
DH011046,KH9007,31/07/2026 07:21:00,Đại lý,NV19,Đã giao
DH006268,KH0367,28/05/2026 20:51:00,Đại lý,NV29,Đã giao
DH010417,KH0418,19/04/2025 20:45:00,Sàn Shopee,NV14,Trả hàng
DH001274,KH0326,04/12/2024 06:58:00,Đại lý,NV06,Đã giao
DH006043,KH0327,17/07/2026 13:38:00,TMĐT - Tiki,NV03,Đã giao
DH009496,KH0056,06/02/2026 04:44:00,TMĐT - Tiki,NV26,Đã giao
DH007232,KH0113,30/10/2024 00:18:00,TMĐT - Shopee,NV08,Đã giao
DH009944,KH0166,19/08/2024 23:28:00,TMĐT - Tiki,NV24,Đã giao
DH001120,KH0248,29/12/2025 21:37:00,Shopee,NV05,Đã giao
DH006994,KH0243,12/04/2025 00:23:00,Shopee,NV04,Đã giao
DH000897,KH0307,18/12/2024 05:32:00,Sàn Lazada,NV09,Đã giao
DH006350,KH0359,12/11/2024 17:40:00,Ban le,NV16,Đã giao
DH005676,KH0035,24/04/2026 02:06:00,Shopee,NV24,Đã giao
DH009161,KH0199,10/03/2025 05:39:00,TMĐT - Tiki,NV11,Đã giao
DH008956,KH0155,06/12/2024 14:55:00,Đại lý,NV21,Đã giao
DH008171,KH0262,20/09/2024 05:27:00,Bán lẻ,NV09,Đang xử lý
DH002052,KH9009,19/10/2024 04:28:00,Sàn Shopee,NV04,Đã hủy
DH006749,KH0044,19/12/2024 12:44:00,Shopee,NV13,Mới
DH008381,KH0391,13/09/2025 04:22:00,Bán lẻ,NV25,Đã hủy
DH009219,KH0085,12/04/2026 16:47:00,Showroom,NV08,Đã giao
DH002340,KH0031,29/12/2024 19:18:00,TMĐT - Tiki,NV05,Đã giao
DH003293,KH0012,10/09/2025 15:21:00,Shopee,NV18,Mới
DH010293,KH0242,01/10/2025 05:16:00,TMĐT - Tiki,NV17,Đã giao
DH000348,KH0262,21/09/2025 10:45:00,Lazada,NV05,Đã giao
DH002501,KH0306,17/11/2024 06:20:00,TMĐT - Tiki,NV25,Đã giao
DH009150,KH0170,05/06/2026 06:45:00,Sàn Lazada,NV26,Đã giao
DH005814,KH0003,15/01/2026 19:22:00,Showroom,NV28,Đã giao
DH004374,KH0306,28/12/2025 10:11:00,Showroom,NV29,Trả hàng
DH002476,KH0180,31/07/2026 04:47:00,Đại lý,NV13,Đã giao
DH007640,,11/03/2026 06:03:00,Bán lẻ,NV25,Đã giao
DH000050,KH0350,16/09/2024 12:47:00,Lazada,NV15,Mới
DH010802,KH0108,17/11/2025 04:05:00,Đại lý,NV27,Đã giao
DH010832,,24/06/2026 23:40:00,Showroom,NV28,Đang xử lý
DH005035,KH0424,29/05/2025 21:22:00,Sàn Lazada,NV15,Đã giao
DH005103,KH0128,17/01/2025 07:20:00,Đại lý,NV28,Đã giao
DH000387,KH0367,17/01/2025 15:36:00,Ban le,NV15,Đã hủy
DH011617,KH0367,10/03/2025 15:22:00,Ban le,NV10,Đã giao
DH003475,KH0428,21/07/2025 05:09:00,Showroom,NV29,Đã giao
DH010836,KH0392,2024-12-09 19:58:00,TMĐT - Tiki,NV18,Đã giao
DH004265,KH0242,30/11/2024 00:13:00,Showroom,NV08,Đã giao
DH004973,KH0155,31/03/2025 11:42:00,Showroom,NV07,Đã giao
DH005546,KH0388,28/03/2025 04:59:00,Sàn Lazada,NV25,Mới
DH004815,KH0322,11/04/2026 02:31:00,Ban le,NV03,Đang xử lý
DH002408,KH0052,10/03/2025 19:52:00,Đại lý,NV07,Mới
DH007632,KH0128,02/02/2025 18:47:00,Đại lý,NV21,Mới
DH010967,KH0274,10/07/2026 08:01:00,Lazada,NV20,Đã giao
DH008029,KH0233,25/07/2026 14:36:00,Showroom,NV09,Đã giao
DH000266,KH0138,31/12/2025 19:35:00,TMĐT - Tiki,NV30,Đã giao
DH004548,KH0359,29/04/2026 13:29:00,TMĐT - Tiki,NV24,Đã giao
DH010899,KH0051,19/12/2025 11:27:00,Lazada,NV01,Đã giao
DH004000,KH0325,12/04/2025 14:59:00,Đại lý,NV04,Đã giao
DH003066,KH0233,14/04/2025 20:24:00,TMĐT - Lazada,NV26,Đã giao
DH010609,KH0391,13/10/2025 19:39:00,TMĐT - Tiki,NV02,Đã hủy
DH011498,KH0364,12/02/2026 16:47:00,Sàn Shopee,NV11,Mới
DH001090,KH0257,19/07/2025 05:16:00,Bán lẻ,NV28,Đã giao
DH010456,KH0340,16/04/2025 22:04:00,Sàn Lazada,NV12,Đã giao
DH005067,KH0281,25/12/2025 13:53:00,Sàn Shopee,NV26,Đang xử lý
DH010017,KH0227,15/06/2025 13:13:00,Showroom,NV27,Đang xử lý
DH005758,KH0367,11/04/2025 17:08:00,Đại lý,NV24,Đã giao
DH003574,KH0227,25/12/2024 16:09:00,TMĐT - Tiki,NV03,Đã giao
DH001174,KH0274,02/11/2024 16:06:00,TMĐT - Tiki,NV11,Đang xử lý
DH001031,KH0446,01/06/2026 01:41:00,Bán lẻ trực tiếp,NV26,Đã giao
DH005512,KH0105,21/10/2024 15:49:00,Đại lý,NV01,Đã giao
DH000060,KH0070,13/02/2025 21:08:00,Đại lý,NV22,Đã giao
DH006886,KH0227,17/07/2025 02:53:00,Shopee,NV02,Đã giao
DH006186,KH0155,24/01/2026 20:42:00,Shopee,NV28,Đã giao
DH000518,KH0035,21/06/2026 01:57:00,Đại lý,NV13,Đã giao
DH009869,KH0262,29/05/2026 10:46:00,TMĐT - Tiki,NV23,Đã giao
DH009331,KH0183,06/01/2026 12:09:00,Showroom,NV04,Đã giao
DH011954,KH0096,05/05/2026 13:39:00,Đại lý,NV30,Đã giao
DH009627,KH0406,09/01/2026 00:39:00,Đại lý,NV10,Đã giao
DH010379,KH0198,24/05/2025 18:55:00,TMĐT - Tiki,NV03,Đang xử lý
DH007467,KH0193,28/01/2025 21:11:00,Showroom,NV02,Đã giao
DH004051,KH0163,14/02/2025 04:16:00,Sàn Shopee,NV10,Đang xử lý
DH008751,KH0432,01/02/2026 05:51:00,Sàn Shopee,NV15,Đã giao
DH007820,KH0081,27/12/2024 15:18:00,Showroom,NV17,Đã giao
DH004311,KH0447,01/02/2026 15:14:00,Bán lẻ,NV28,Đã giao
DH006770,KH0056,23/05/2026 20:08:00,Lazada,NV25,Đã giao
DH001573,KH0262,17/04/2026 18:42:00,Đại lý,NV02,Mới
DH004636,KH0250,24/09/2024 18:01:00,Lazada,NV22,Đã giao
DH011423,KH0068,25/01/2025 21:32:00,Lazada,NV16,Đang xử lý
DH006112,KH0241,16/12/2024 21:32:00,TMĐT - Lazada,NV30,Đã giao
DH010809,KH0155,23/06/2025 08:20:00,Bán lẻ,NV16,Đã giao
DH009808,KH0029,03/06/2025 08:38:00,Showroom,NV14,Mới
DH004536,KH0184,16/08/2025 04:29:00,Showroom,NV09,Đã giao
DH005611,KH0391,12/06/2026 10:26:00,Đại lý,NV29,Mới
DH010177,KH0264,09/04/2026 09:01:00,TMĐT - Tiki,NV02,Đã giao
DH004841,KH0063,12/11/2024 16:57:00,TMĐT - Tiki,NV06,Đã giao
DH001477,KH0227,22/11/2025 03:22:00,Đại lý,NV10,Đã giao
DH009754,KH0155,09/10/2024 22:21:00,TMĐT - Tiki,NV23,Đã giao
DH008631,KH0135,16/08/2025 04:16:00,Sàn Shopee,NV16,Đã giao
DH005533,KH0428,27/07/2026 20:20:00,Đại lý,NV05,Đã hủy
DH011588,KH0262,22/10/2024 07:45:00,TMĐT - Tiki,NV28,Đã giao
DH004309,KH0002,02/10/2024 07:35:00,Sàn Lazada,NV10,Đã giao
DH008030,KH0262,20/11/2025 12:31:00,Showroom,NV02,Đã giao
DH006109,KH0447,16/02/2026 17:06:00,Đại lý,NV30,Đã giao
DH003200,KH0035,05/03/2025 19:41:00,Showroom,NV11,Đã hủy
DH001659,KH0292,18/02/2025 20:05:00,Showroom,NV12,Đã giao
DH010326,KH0177,14/10/2024 04:48:00,Sàn Lazada,NV25,Đã giao
DH002629,KH0183,16/11/2025 23:48:00,Shopee,NV07,Đã giao
DH011642,KH0314,27/07/2025 02:40:00,TMĐT - Tiki,NV21,Đã giao
DH004005,KH0198,05/10/2025 18:19:00,Showroom,NV14,Trả hàng
DH002375,KH0355,25/12/2025 02:17:00,Showroom,NV03,Đã giao
DH001866,KH0391,15/11/2024 13:32:00,TMĐT - Tiki,NV09,Đang xử lý
DH011327,KH0406,26/06/2025 10:51:00,Lazada,NV14,Mới
DH002446,KH0409,07/03/2026 07:03:00,Shopee,NV13,Đã giao
DH010849,KH0327,04/10/2025 10:18:00,Ban le,NV01,Đã giao
DH003628,KH0070,04/05/2026 05:58:00,Showroom,NV13,Đã giao
DH001481,KH0155,04/11/2025 14:23:00,Bán lẻ,NV26,Trả hàng
DH005767,KH0258,24/04/2025 10:29:00,Đại lý,NV02,Đã giao
DH001299,KH0155,02/01/2026 12:48:00,Bán lẻ,NV04,Đã giao
DH005125,KH0246,13/05/2026 15:45:00,Ban le,NV24,Đã giao
DH003180,KH0035,19/06/2025 12:02:00,Sàn Lazada,NV08,Đã giao
DH008674,KH0365,23/10/2025 19:31:00,Sàn Shopee,NV09,Đã giao
DH007144,KH0215,08/02/2025 10:52:00,Showroom,NV02,Đã giao
DH002332,,05/01/2026 08:55:00,Ban le,NV23,Mới
DH007750,KH0070,05/03/2025 19:50:00,TMĐT - Tiki,NV14,Đã giao
DH007486,KH0081,24/12/2024 20:54:00,Đại lý,NV08,Trả hàng
DH010034,KH0447,27/07/2026 15:00:00,Showroom,NV26,Đã giao
DH000736,KH0236,19/03/2025 19:05:00,Showroom,NV21,Đã giao
DH008769,KH0002,12/02/2025 02:27:00,Đại lý,NV04,Đã giao
DH007146,KH0248,31/03/2025 02:43:00,Showroom,NV12,Đã giao
DH010328,KH0325,29/04/2026 10:47:00,Shopee,NV11,Đã giao
DH006389,KH0413,09/10/2024 18:51:00,Lazada,NV28,Đã giao
DH006272,KH0403,15/10/2024 12:39:00,Đại lý,NV29,Đã giao
DH009255,KH0249,16/12/2025 12:01:00,Showroom,NV02,Đã giao
DH9900001,KH0052,07/08/2024 21:43:00,Sàn Lazada,NV01,Đã giao
DH006704,KH0272,20/12/2025 18:04:00,Đại lý,NV30,Đang xử lý
DH000021,KH0155,27/10/2025 09:00:00,Đại lý,NV17,Đã giao
DH004191,KH0281,27/06/2025 22:09:00,Shopee,NV16,Đã giao
DH002043,KH0166,03/09/2025 16:46:00,Đại lý,NV28,Đã giao
DH009546,KH0377,05/06/2026 05:05:00,TMĐT - Tiki,NV29,Đã giao
DH009603,KH0447,27/10/2025 19:36:00,Showroom,NV15,Trả hàng
DH000919,KH0212,01/08/2024 22:30:00,Sàn Lazada,NV15,Đang xử lý
DH001742,KH0070,20/02/2026 23:27:00,Showroom,NV10,Mới
DH004100,KH0163,17/09/2025 04:08:00,Đại lý,NV01,Mới
DH001076,KH0241,22/03/2025 06:45:00,Showroom,NV30,Đã giao
DH007593,KH0365,21/08/2025 12:43:00,TMĐT - Tiki,NV18,Đang xử lý
DH005478,KH0242,31/03/2025 15:01:00,Sàn Lazada,NV29,Đang xử lý
DH009659,KH0242,07/08/2024 09:56:00,Sàn Lazada,NV24,Trả hàng
DH011763,KH0412,02/11/2024 06:47:00,Đại lý,NV18,Đã giao
DH010596,,11/10/2024 13:29:00,Bán lẻ,NV28,Đang xử lý
DH009051,KH0367,30/09/2025 18:29:00,TMĐT - Tiki,NV16,Đã giao
DH000983,KH0135,31/08/2024 23:53:00,Ban le,NV03,Đang xử lý
DH009428,KH0338,25/10/2025 13:00:00,Showroom,NV09,Đã giao
DH005863,KH0433,23/06/2025 16:33:00,Đại lý,NV16,Đã giao
DH001473,KH0328,25/08/2025 12:34:00,Ban le,NV08,Đã giao
DH010249,KH0274,12/06/2025 08:11:00,TMĐT - Tiki,NV03,Đã giao
DH007693,KH0116,30/03/2025 02:09:00,TMĐT - Tiki,NV05,Đang xử lý
DH003203,KH0070,11/22/2025 16:55:00,Lazada,NV03,Đã giao
DH011929,KH0258,04/07/2025 05:04:00,TMĐT - Tiki,NV19,Đã giao
DH002897,KH0262,21/08/2025 21:34:00,Bán lẻ,NV10,Đã giao
DH006861,KH0044,07/02/2026 07:42:00,Đại lý,NV19,Đã giao
DH007639,KH0204,23/08/2025 12:14:00,Bán lẻ trực tiếp,NV09,Đã giao
DH007293,KH0060,05/12/2025 23:55:00,Sàn Shopee,NV27,Đã giao
DH006400,,04/10/2024 06:31:00,Showroom,NV17,Đã giao
DH001881,KH0166,01/02/2025 16:46:00,Đại lý,NV29,Đã giao
DH000835,KH0184,08/10/2024 13:07:00,Showroom,NV24,Đã giao
DH002262,KH0306,05/08/2025 07:07:00,Ban le,NV30,Mới
DH009727,KH0246,19/05/2026 12:18:00,TMĐT - Tiki,NV14,Trả hàng
DH003029,KH0439,01/11/2025 23:10:00,Sàn Shopee,NV06,Mới
DH009699,KH0271,30/05/2026 23:05:00,TMĐT - Tiki,NV23,Đã giao
DH002392,KH0051,08/11/2024 13:24:00,Sàn Lazada,NV14,Đã giao
DH002471,KH0183,23/12/2025 08:58:00,Bán lẻ,NV21,Đã giao
DH011952,KH0400,18/02/2026 23:11:00,Lazada,NV10,Đã giao
DH008844,KH0325,27/04/2025 02:53:00,Sàn Shopee,NV18,Đã giao
DH004105,KH0157,12/09/2025 19:26:00,Shopee,NV09,Đã giao
DH008665,KH0189,21/08/2025 13:53:00,Sàn Lazada,NV05,Đã hủy
DH001015,KH0063,13/02/2026 08:19:00,TMĐT - Tiki,NV23,Đã giao
DH010624,KH0350,08/03/2026 12:38:00,TMĐT - Tiki,NV22,Đang xử lý
DH003004,KH0053,02/03/2026 20:41:00,Showroom,NV01,Đã giao
DH011951,,10/09/2024 03:50:00,Showroom,NV08,Đã giao
DH008905,KH0184,20/07/2026 17:23:00,TMĐT - Tiki,NV04,Đã giao
DH001599,KH0119,21/05/2026 18:58:00,Lazada,NV03,Đã giao
DH007140,KH0010,13/07/2025 01:43:00,Đại lý,NV02,Đã giao
DH003940,KH0184,09/08/2025 15:40:00,Đại lý,NV30,Mới
DH003712,KH0035,15/10/2025 09:02:00,Showroom,NV13,Đã giao
DH005618,KH0215,2026-07-31 21:15:00,Sàn Lazada,NV17,Đã giao
DH004450,KH0140,02/01/2025 06:06:00,TMĐT - Tiki,NV15,Đã giao
DH010628,KH0063,01/08/2024 12:11:00,TMĐT - Tiki,NV28,Đã hủy
DH011204,KH0280,24/06/2025 09:20:00,Bán lẻ,NV21,Đã giao
DH003255,KH0447,30/08/2024 13:43:00,TMĐT - Tiki,NV01,Trả hàng
DH005633,KH0242,28/11/2024 08:53:00,Showroom,NV22,Đã giao
DH001584,KH0391,19/03/2026 18:21:00,Đại lý,NV09,Đã giao
DH004800,KH0177,11/04/2025 23:24:00,Ban le,NV02,Đang xử lý
DH000293,KH0121,28/03/2026 19:16:00,Sàn Shopee,NV05,Đã giao
DH004879,KH0128,30/04/2026 00:19:00,TMĐT - Tiki,NV26,Đang xử lý
DH006862,KH0054,10/12/2024 20:41:00,Sàn Lazada,NV29,Đã giao
DH002467,KH0359,20/08/2024 05:32:00,Sàn Shopee,NV02,Đã giao
DH001326,KH0306,26/06/2025 17:37:00,Đại lý,NV06,Đã giao
DH005196,KH0222,01/09/2024 12:36:00,Bán lẻ,NV09,Đã giao
DH009939,KH0359,25/10/2025 04:21:00,Sàn Shopee,NV17,Đã hủy
DH005705,KH0105,07/12/2024 05:52:00,Ban le,NV21,Đã giao
DH006965,KH0306,29/05/2025 22:02:00,TMĐT - Tiki,NV17,Đã hủy
DH001041,KH0070,16/05/2025 23:08:00,Bán lẻ,NV21,Đã giao
DH011215,KH0337,30/11/2024 04:54:00,Bán lẻ,NV29,Trả hàng
DH006220,KH0248,13/10/2024 07:55:00,TMĐT - Shopee,NV18,Đã giao
DH007113,KH0409,07/01/2025 17:19:00,Showroom,NV08,Đã giao
DH007999,KH0126,15/11/2025 19:28:00,Đại lý,NV13,Đã giao
DH005566,KH0394,01/12/2025 03:57:00,Bán lẻ,NV29,Đang xử lý
DH000950,,06/08/2024 18:31:00,Shopee,NV11,Đã giao
DH005947,KH0095,25/07/2025 06:16:00,Showroom,NV14,Đã giao
DH003037,KH0356,29/05/2025 12:48:00,TMĐT - Tiki,NV14,Đã giao
DH004734,KH0122,16/01/2026 19:18:00,Shopee,NV10,Trả hàng
DH008727,,04/11/2025 02:13:00,Đại lý,NV12,Đã giao
DH003178,KH0262,03/01/2026 07:49:00,Bán lẻ,NV25,Đã giao
DH004166,KH0046,2024-11-18 14:42:00,TMĐT - Tiki,NV30,Mới
DH008095,KH0071,30/04/2025 09:19:00,Sàn Shopee,NV14,Đã giao
DH010170,KH0238,08/10/2024 13:31:00,Bán lẻ,NV08,Đã giao
DH010001,KH0420,15/07/2026 13:31:00,Showroom,NV13,Đang xử lý
DH005763,KH0409,21/08/2024 02:33:00,Đại lý,NV14,Đã giao
DH011395,KH0438,23/10/2024 09:41:00,Lazada,NV16,Đã giao
DH008998,KH0113,30/12/2025 05:37:00,Showroom,NV01,Đã giao
DH009710,KH0368,21/05/2026 21:35:00,TMĐT - Shopee,NV16,Đã giao
DH010598,KH0099,25/12/2024 08:23:00,Bán lẻ,NV01,Đã giao
DH000629,,20/04/2025 17:36:00,Lazada,NV12,Đã giao
DH008523,KH0439,02/07/2025 00:01:00,Showroom,NV09,Đã giao
DH011888,KH0293,10/06/2025 15:30:00,Showroom,NV15,Đã giao
DH011885,KH0274,08/07/2025 11:05:00,Shopee,NV02,Đã giao
DH009397,KH0314,2026-02-14 04:12:00,TMĐT - Tiki,NV17,Đã giao
DH009828,KH0265,23/07/2026 02:11:00,Đại lý,NV28,Đã giao
DH005495,KH0127,22/12/2025 19:17:00,Ban le,NV03,Đã giao
DH000809,KH0385,04/06/2025 01:50:00,TMĐT - Tiki,NV28,Đã giao
DH006115,KH0348,03/05/2026 15:57:00,TMĐT - Tiki,NV06,Đã giao
DH007949,KH0008,18/06/2025 12:12:00,Đại lý,NV01,Đã giao
DH004316,KH0070,31/08/2024 00:54:00,Ban le,NV20,Đã giao
DH008150,KH0160,10/12/2024 19:05:00,Sàn Lazada,NV20,Đã giao
DH003623,KH0262,19/02/2026 01:20:00,Ban le,NV01,Đã giao
DH009554,KH0131,21/11/2025 22:47:00,Sàn Shopee,NV19,Đang xử lý
DH003556,KH0350,01/06/2026 19:57:00,Sàn Shopee,NV28,Đã giao
DH011398,KH0447,01/03/2025 11:08:00,TMĐT - Tiki,NV13,Đã giao
DH004668,KH0262,01/01/2025 13:50:00,Đại lý,NV25,Đã giao
DH003599,KH0391,27/12/2025 06:17:00,Lazada,NV04,Đã giao
DH002976,KH0070,16/06/2026 19:44:00,Shopee,NV22,Đã giao
DH001520,KH0306,2025-11-03 18:51:00,Đại lý,NV30,Đã giao
DH003968,KH0306,17/09/2024 15:41:00,TMĐT - Tiki,NV25,Đã giao
DH010238,KH0200,18/05/2026 14:06:00,TMĐT - Tiki,NV03,Đã giao
DH007322,KH0115,22/01/2026 21:47:00,Sàn Shopee,NV26,Đã giao
DH004411,KH0036,27/06/2025 12:50:00,TMĐT - Tiki,NV22,Đã giao
DH000812,KH0054,2024-08-30 08:02:00,Đại lý,NV06,Đang xử lý
DH011185,KH0262,30/11/2024 11:41:00,Sàn Shopee,NV17,Đã hủy
DH004201,KH0186,30/11/2025 23:39:00,Bán lẻ,NV14,Đã giao
DH011721,KH0314,25/03/2026 00:41:00,TMĐT - Tiki,NV10,Đã giao
DH007476,KH0012,13/10/2025 16:51:00,Showroom,NV30,Đã giao
DH007619,KH0036,13/05/2025 09:19:00,Sàn Shopee,NV02,Đã giao
DH011147,KH0262,22/03/2025 20:38:00,Shopee,NV17,Đã giao
DH007735,KH0227,29/06/2025 20:05:00,Đại lý,NV20,Đã giao
DH004423,KH0391,30/07/2026 16:36:00,Ban le,NV14,Đã giao
DH010594,KH0220,01/12/2024 12:04:00,Đại lý,NV28,Đã giao
DH002619,KH0414,14/12/2025 11:11:00,Bán lẻ trực tiếp,NV19,Đã giao
DH004693,KH0257,10/05/2026 05:04:00,Ban le,NV13,Đang xử lý
DH009882,,17/06/2025 04:18:00,Showroom,NV05,Trả hàng
DH011814,KH0035,02/04/2025 13:23:00,Sàn Shopee,NV16,Đã giao
DH003999,KH0309,11/12/2025 08:34:00,Showroom,NV01,Đã giao
DH008575,KH0242,01/07/2025 04:45:00,Bán lẻ,NV26,Đã giao
DH007984,KH0262,06/12/2024 14:47:00,Showroom,NV06,Đã giao
DH000459,KH0183,06/12/2025 02:17:00,Đại lý,NV30,Đã giao
DH008370,KH0105,12/01/2025 16:14:00,Ban le,NV11,Mới
DH009821,KH9005,23/12/2025 17:37:00,TMĐT - Tiki,NV02,Đã giao
DH007184,KH0141,29/08/2025 05:34:00,TMĐT - Tiki,NV07,Đã giao
DH000784,KH0262,05/11/2024 16:18:00,Shopee,NV12,Đã giao
DH003655,,10/05/2026 02:11:00,Bán lẻ,NV04,Trả hàng
DH005749,KH0365,05/12/2025 01:33:00,Đại lý,NV02,Đã giao
DH008766,,13/01/2025 21:30:00,Bán lẻ trực tiếp,NV03,Đã giao
DH001546,KH0148,13/10/2024 12:06:00,TMĐT - Tiki,NV29,Đã giao
DH004133,KH0421,23/03/2026 03:30:00,Đại lý,NV09,Đã giao
DH010336,KH0442,30/10/2024 13:12:00,Ban le,NV16,Đã giao
DH010122,KH0158,16/12/2025 22:16:00,Sàn Shopee,NV04,Đã giao
DH001842,KH0412,01/01/2026 07:54:00,Shopee,NV20,Đã giao
DH008130,KH0239,28/10/2025 02:59:00,Shopee,NV16,Đã giao
DH011581,KH9013,21/10/2025 02:26:00,Lazada,NV03,Đã hủy
DH002441,KH0293,12/01/2026 11:54:00,Shopee,NV18,Đã hủy
DH000510,KH0253,28/07/2025 17:09:00,TMĐT - Lazada,NV24,Đã giao
DH011596,KH0183,26/06/2025 01:26:00,Đại lý,NV03,Đã giao
DH002701,KH0113,24/12/2024 08:59:00,Shopee,NV04,Đã giao
DH011528,KH0070,26/08/2025 22:12:00,Showroom,NV05,Đã giao
DH001578,KH0391,07/01/2026 06:40:00,TMĐT - Tiki,NV10,Đã giao
DH000255,KH9008,20/06/2025 02:21:00,Sàn Shopee,NV30,Mới
DH001114,KH0293,16/01/2025 03:54:00,Shopee,NV15,Đã hủy
DH002019,KH0242,15/06/2026 10:09:00,Shopee,NV15,Đã giao
DH007548,KH0155,08/06/2025 17:19:00,Showroom,NV17,Đã giao
DH005536,KH0442,02/03/2025 03:03:00,Đại lý,NV07,Mới
DH008598,KH0140,10/12/2025 21:55:00,Shopee,NV24,Đã giao
DH002692,KH0137,13/09/2024 10:40:00,Sàn Lazada,NV16,Đang xử lý
DH006352,KH0391,13/05/2026 04:55:00,Showroom,NV03,Đã giao
DH001241,KH0151,27/04/2026 22:42:00,Đại lý,NV27,Đã giao
DH008876,KH0052,05/03/2026 15:12:00,Ban le,NV03,Đã giao
DH010038,KH0253,15/04/2025 18:08:00,Showroom,NV20,Đang xử lý
DH002028,KH9001,16/05/2025 20:53:00,Đại lý,NV12,Mới
DH005137,KH0160,02/12/2024 13:40:00,Showroom,NV17,Đã giao
DH010021,KH0344,05/01/2026 07:37:00,Showroom,NV03,Đang xử lý
DH008406,KH0358,09/08/2024 18:26:00,TMĐT - Tiki,NV30,Đã giao
DH005822,KH0141,29/11/2024 17:58:00,TMĐT - Tiki,NV19,Đã giao
DH001211,KH0316,15/07/2025 04:30:00,Lazada,NV19,Đã giao
DH008904,KH0031,02/09/2024 09:10:00,Showroom,NV04,Đang xử lý
DH9900164,KH0003,16/12/2024 13:33:00,TMĐT - Lazada,NV10,Trả hàng
DH011683,KH0127,15/02/2026 03:51:00,TMĐT - Tiki,NV04,Đã giao
DH001734,KH0152,16/02/2026 14:29:00,Đại lý,NV01,Đã giao
DH011449,KH0379,06/06/2026 09:32:00,Sàn Shopee,NV14,Đã giao
DH008577,KH0242,06/03/2026 22:32:00,Ban le,NV24,Trả hàng
DH002653,KH0367,21/09/2024 12:53:00,TMĐT - Tiki,NV14,Đã giao
DH005790,KH0164,17/07/2025 02:09:00,Đại lý,NV21,Đã giao
DH010941,KH0415,23/08/2024 23:30:00,Bán lẻ,NV30,Đã giao
DH011307,KH0227,12/02/2025 14:24:00,TMĐT - Tiki,NV15,Mới
DH006573,KH0054,21/08/2025 18:01:00,Lazada,NV01,Mới
DH009653,KH0442,11/12/2024 07:32:00,Bán lẻ,NV30,Đã giao
DH007109,KH0413,14/03/2025 14:12:00,Bán lẻ trực tiếp,NV02,Đã giao
DH006121,KH0391,24/10/2025 15:50:00,Sàn Shopee,NV24,Đã giao
DH000943,KH0249,10/03/2025 13:42:00,Ban le,NV10,Đã giao
DH002751,KH0367,19/03/2025 20:26:00,Sàn Lazada,NV26,Đã giao
DH006333,KH0391,03/09/2024 04:12:00,Showroom,NV01,Đã giao
DH007539,KH0150,27/10/2025 20:50:00,Showroom,NV16,Đang xử lý
DH004770,KH0394,08/06/2026 07:40:00,Bán lẻ,NV29,Đã giao
DH004379,KH0155,13/08/2025 06:14:00,Showroom,NV24,Đã giao
DH009736,KH0070,08/01/2025 19:59:00,Showroom,NV06,Đã giao
DH001460,KH0212,20/01/2025 16:51:00,Lazada,NV24,Đã giao
DH002474,,30/05/2025 05:17:00,Shopee,NV23,Đã giao
DH9900170,KH0163,22/09/2025 22:33:00,Đại lý,NV25,Đã giao
DH000470,KH0266,09/09/2024 03:02:00,TMĐT - Tiki,NV10,Đã giao
DH003793,KH0447,25/11/2024 23:25:00,TMĐT - Tiki,NV03,Đang xử lý
DH009712,KH0326,01/06/2025 11:43:00,TMĐT - Tiki,NV23,Đã giao
DH006789,KH0114,25/01/2025 14:21:00,Shopee,NV22,Đã giao
DH006168,KH0278,23/05/2025 08:32:00,Sàn Shopee,NV04,Đã giao
DH005690,KH0314,08/11/2024 01:30:00,Sàn Shopee,NV26,Đã giao
DH011448,KH0386,09/22/2025 03:23:00,Shopee,NV10,Đã giao
DH005474,KH0407,11/02/2025 05:34:00,Showroom,NV28,Đã giao
DH009628,KH0177,18/12/2025 18:07:00,TMĐT - Tiki,NV09,Đã giao
DH009399,KH0246,02/06/2026 12:25:00,Showroom,NV29,Mới
DH009720,KH0413,06/08/2024 05:01:00,Đại lý,NV29,Đã giao
DH003073,KH0365,27/05/2026 09:59:00,Showroom,NV03,Đã giao
DH006675,KH0248,18/12/2024 07:21:00,Sàn Lazada,NV28,Đã giao
DH000029,KH0070,05/06/2026 22:44:00,Sàn Shopee,NV07,Đã giao
DH003132,KH0442,30/01/2025 07:28:00,Bán lẻ,NV18,Đã giao
DH000093,KH0122,17/05/2025 19:30:00,Ban le,NV13,Đã giao
DH008741,KH0070,25/05/2026 19:30:00,Đại lý,NV13,Đã giao
DH011568,,25/03/2025 15:38:00,Sàn Shopee,NV06,Đang xử lý
DH006068,KH0002,05/01/2025 23:25:00,Ban le,NV09,Đã giao
DH007067,KH0423,06/08/2025 13:05:00,Lazada,NV10,Trả hàng
DH002069,KH0445,23/04/2026 19:11:00,Showroom,NV25,Đã giao
DH005079,KH0447,25/11/2024 20:10:00,Showroom,NV04,Đã giao
DH004852,KH0262,15/10/2025 00:28:00,TMĐT - Lazada,NV08,Đã giao
DH001995,KH0273,23/11/2024 10:55:00,Đại lý,NV16,Đã giao
DH005046,KH0144,18/04/2025 01:14:00,Showroom,NV04,Đã giao
DH000596,KH0035,29/06/2026 05:36:00,Sàn Lazada,NV16,Mới
DH003710,KH0246,20/06/2026 23:55:00,Đại lý,NV21,Trả hàng
DH010009,KH0089,03/12/2025 10:31:00,Đại lý,NV29,Đã giao
DH008492,KH0293,15/10/2024 12:03:00,Showroom,NV27,Đã giao
DH000079,KH0419,27/12/2024 04:46:00,Sàn Shopee,NV28,Đã giao
DH010633,KH0257,08/03/2025 06:14:00,Đại lý,NV23,Đã giao
DH004466,KH0184,19/06/2026 22:55:00,Sàn Lazada,NV27,Đã giao
DH004586,KH0241,30/01/2026 11:12:00,Đại lý,NV26,Trả hàng
DH006588,KH0023,26/09/2024 05:02:00,Sàn Lazada,NV18,Đã giao
DH002387,KH0272,04/11/2024 00:52:00,Shopee,NV30,Đã giao
DH002378,KH0164,04/06/2025 17:47:00,Ban le,NV14,Đã giao
DH008682,KH0166,28/12/2025 16:51:00,Đại lý,NV24,Đã giao
DH002202,KH0442,25/05/2025 03:18:00,Đại lý,NV19,Đã giao
DH005909,KH0183,20/11/2024 21:13:00,Showroom,NV14,Đã giao
DH011631,,09/07/2026 05:47:00,Ban le,NV28,Đã giao
DH003487,KH0253,10/02/2025 22:12:00,TMĐT - Tiki,NV29,Đang xử lý
DH001205,KH0352,28/05/2025 00:13:00,Sàn Shopee,NV10,Đã giao
DH008244,KH0108,13/08/2024 16:06:00,TMĐT - Tiki,NV04,Đang xử lý
DH004207,KH0271,14/10/2024 12:37:00,Ban le,NV05,Đã giao
DH000237,KH0391,08/09/2025 11:28:00,TMĐT - Tiki,NV03,Trả hàng
DH004927,KH0173,10/12/2024 04:52:00,Ban le,NV22,Đang xử lý
DH005240,KH0071,20/07/2025 11:36:00,Lazada,NV16,Đã giao
DH001171,KH0183,08/11/2024 16:27:00,Showroom,NV07,Đã giao
DH003065,KH9010,05/08/2025 02:28:00,Showroom,NV20,Đã giao
DH009707,KH0081,04/09/2024 17:15:00,Sàn Lazada,NV17,Đang xử lý
DH001796,KH0095,27/03/2025 21:10:00,Đại lý,NV05,Đã giao
DH003011,KH0362,28/03/2026 16:13:00,Bán lẻ,NV18,Đã giao
DH004936,KH0269,02/05/2025 10:32:00,Shopee,NV21,Đã giao
DH002525,KH0171,03/01/2025 04:36:00,Sàn Shopee,NV12,Đã giao
DH007720,KH0048,10/09/2024 14:18:00,TMĐT - Tiki,NV03,Đang xử lý
DH006863,KH0113,22/03/2025 23:10:00,TMĐT - Lazada,NV27,Đã giao
DH001905,KH0114,25/03/2025 02:41:00,Đại lý,NV05,Trả hàng
DH011115,KH0306,18/12/2024 00:20:00,Bán lẻ trực tiếp,NV14,Đã giao
DH004802,KH0155,2025-03-14 20:20:00,Đại lý,NV27,Đã giao
DH003216,KH0439,03/12/2024 20:27:00,Ban le,NV18,Đã giao
DH003759,KH0081,15/06/2025 19:50:00,Sàn Shopee,NV21,Đã giao
DH002485,KH0222,14/08/2025 06:17:00,Sàn Lazada,NV19,Đã giao
DH001161,KH0447,17/05/2025 10:29:00,Showroom,NV23,Đã giao
DH009361,KH0002,21/09/2024 20:11:00,Bán lẻ,NV27,Đang xử lý
DH000989,KH0193,16/12/2024 02:15:00,Showroom,NV09,Đang xử lý
DH004269,KH0366,01/04/2026 23:29:00,Đại lý,NV13,Đã giao
DH004344,KH0290,18/10/2024 20:03:00,Lazada,NV18,Đã giao
DH009188,KH0262,14/12/2025 23:45:00,TMĐT - Tiki,NV30,Đã giao
DH010443,KH0012,03/04/2026 15:07:00,Lazada,NV18,Đã giao
DH004872,KH0304,06/01/2026 15:30:00,Showroom,NV15,Đã giao
DH008886,KH0391,15/01/2025 15:45:00,Ban le,NV18,Đã giao
DH004753,KH0447,07/02/2025 04:20:00,Bán lẻ,NV02,Đã giao
DH002774,KH0447,23/10/2025 14:31:00,TMĐT - Shopee,NV09,Đã giao
DH007974,KH0135,13/10/2024 14:06:00,Showroom,NV07,Đã giao
DH004549,KH0115,24/10/2025 14:28:00,Ban le,NV24,Đang xử lý
DH010985,KH0412,24/08/2025 22:06:00,Showroom,NV14,Đã giao
DH006036,KH0391,05/05/2025 07:37:00,Showroom,NV08,Đã hủy
DH006164,KH0428,11/04/2026 01:38:00,TMĐT - Tiki,NV07,Đang xử lý
DH006123,KH0194,15/01/2026 07:48:00,TMĐT - Tiki,NV13,Đã giao
DH010856,KH0365,21/07/2025 23:47:00,Đại lý,NV13,Đã giao
DH003552,KH0274,2025-04-15 15:11:00,Bán lẻ trực tiếp,NV18,Đang xử lý
DH008629,KH0442,26/06/2025 20:13:00,TMĐT - Tiki,NV11,Trả hàng
DH001815,KH0229,09/09/2024 03:38:00,Shopee,NV22,Đã giao
DH9900110,KH0394,07/09/2025 23:16:00,Đại lý,NV10,Đã giao
DH003782,KH0262,20/11/2024 18:10:00,Showroom,NV13,Đã giao
DH008451,KH0412,18/05/2025 02:30:00,TMĐT - Tiki,NV09,Đã hủy
DH011208,KH0211,13/12/2025 14:10:00,TMĐT - Tiki,NV18,Trả hàng
DH010257,KH0391,11/11/2024 04:10:00,Đại lý,NV04,Đã giao
DH004678,KH0128,06/12/2025 16:00:00,TMĐT - Tiki,NV02,Đã giao
DH000185,KH0102,20/03/2025 01:06:00,Shopee,NV12,Đã giao
DH001457,KH0289,23/12/2025 03:53:00,Đại lý,NV01,Đã giao
DH004522,KH0325,08/12/2025 00:24:00,Lazada,NV11,Đã giao
DH004967,KH0265,04/08/2024 06:01:00,Đại lý,NV15,Đã giao
DH009686,KH0035,15/10/2024 18:03:00,Ban le,NV25,Đã giao
DH003865,KH0261,23/05/2025 14:21:00,TMĐT - Lazada,NV03,Đang xử lý
DH007475,KH0442,30/11/2025 06:48:00,TMĐT - Tiki,NV17,Đã giao
DH002766,KH0192,21/09/2024 00:04:00,Bán lẻ,NV06,Đã giao
DH004209,KH0179,12/12/2024 02:14:00,Ban le,NV27,Đã giao
DH007238,KH0384,06/12/2025 02:10:00,Bán lẻ,NV19,Đã giao
DH010434,KH0179,07/11/2024 10:12:00,Sàn Lazada,NV10,Đã giao
DH008297,KH0265,20/12/2025 01:45:00,TMĐT - Shopee,NV05,Đã giao
DH005206,KH0128,20/10/2025 16:51:00,Ban le,NV23,Trả hàng
DH006670,KH0250,12/07/2025 13:02:00,Bán lẻ trực tiếp,NV23,Đã giao
DH008754,KH0197,18/10/2025 11:50:00,Sàn Shopee,NV17,Đã giao
DH011636,KH0139,19/12/2024 21:59:00,Bán lẻ trực tiếp,NV28,Đang xử lý
DH004608,KH0155,15/01/2026 18:36:00,Đại lý,NV28,Đã giao
DH002990,KH0421,21/04/2025 00:11:00,Ban le,NV02,Đã giao
DH007839,KH0426,31/12/2024 06:58:00,TMĐT - Tiki,NV26,Đã giao
DH000364,KH0055,06/10/2024 14:32:00,Bán lẻ trực tiếp,NV30,Đã hủy
DH005655,KH0044,31/01/2025 00:20:00,Lazada,NV16,Đã giao
DH005493,KH0122,27/02/2026 17:29:00,Shopee,NV30,Đã hủy
DH001455,KH0447,18/12/2025 18:04:00,Đại lý,NV21,Đã giao
DH001735,KH0314,19/08/2025 01:47:00,Sàn Lazada,NV29,Đã giao
DH002289,KH0139,12/10/2025 07:41:00,TMĐT - Tiki,NV29,Đã giao
DH009650,KH0089,11/12/2024 09:47:00,Showroom,NV09,Đã giao
DH000837,KH0262,15/09/2025 03:33:00,Lazada,NV03,Đã giao
DH006964,KH0447,03/08/2025 10:01:00,Sàn Shopee,NV24,Đã hủy
DH008708,KH0199,03/01/2026 08:02:00,Lazada,NV28,Đã giao
DH000610,KH0243,16/04/2026 22:52:00,Ban le,NV06,Đã giao
DH010912,,14/07/2026 13:35:00,TMĐT - Tiki,NV09,Đã giao
DH005403,KH0074,24/04/2026 02:18:00,Bán lẻ,NV18,Đã giao
DH002096,KH0442,29/04/2025 03:11:00,TMĐT - Tiki,NV01,Đang xử lý
DH005590,KH0108,08/02/2025 19:54:00,Sàn Shopee,NV16,Đã hủy
DH004013,KH0442,26/10/2024 22:45:00,Sàn Lazada,NV16,Đã giao
DH002373,,01/11/2024 20:59:00,Đại lý,NV22,Đã giao
DH005388,KH0242,08/06/2025 22:18:00,Đại lý,NV29,Đang xử lý
DH006810,KH0227,16/04/2026 09:25:00,Showroom,NV11,Trả hàng
DH000753,KH0020,21/03/2026 15:07:00,Sàn Lazada,NV02,Đã giao
DH006712,KH0077,06/08/2024 06:45:00,Showroom,NV21,Đã giao
DH007426,KH0418,10/09/2025 06:45:00,Đại lý,NV19,Đã giao
DH006479,KH0222,24/12/2024 12:53:00,Showroom,NV17,Đã giao
DH002770,KH0436,25/08/2024 11:25:00,Sàn Lazada,NV23,Đã giao
DH008522,KH0008,07/04/2025 06:00:00,TMĐT - Tiki,NV15,Đã giao
DH009596,KH0021,16/09/2025 23:44:00,Ban le,NV16,Đang xử lý
DH007484,KH0442,24/11/2025 00:38:00,Đại lý,NV06,Đã hủy
DH006489,KH0155,07/11/2024 13:59:00,Đại lý,NV22,Đã giao
DH010208,KH0257,16/12/2025 07:14:00,Sàn Lazada,NV03,Đang xử lý
DH010252,KH0267,02/05/2026 05:12:00,Đại lý,NV24,Đã giao
DH011263,KH0039,28/09/2024 03:26:00,Đại lý,NV15,Đã giao
DH011875,KH0128,24/02/2025 23:32:00,Showroom,NV01,Mới
DH009995,KH0265,21/04/2026 20:28:00,Bán lẻ,NV23,Đã giao
DH003961,KH0054,04/11/2024 21:19:00,TMĐT - Tiki,NV30,Đã giao
DH009210,KH0261,25/11/2024 14:53:00,Lazada,NV20,Đã giao
DH000655,KH0447,18/11/2025 09:28:00,Showroom,NV06,Đã giao
DH011787,KH0114,29/11/2025 19:31:00,Ban le,NV11,Đã giao
DH001116,KH0413,12/12/2024 02:13:00,Sàn Lazada,NV26,Đã giao
DH006751,KH0093,10/06/2026 16:24:00,TMĐT - Tiki,NV01,Mới
DH010360,KH0008,23/11/2024 05:49:00,Ban le,NV12,Trả hàng
DH010323,KH0396,08/08/2024 10:13:00,Đại lý,NV04,Đã giao
DH004733,KH0442,03/09/2024 10:45:00,Showroom,NV23,Đã hủy
DH010344,KH0127,26/02/2026 03:25:00,Đại lý,NV18,Đã giao
DH000154,KH0193,09/10/2025 00:29:00,Đại lý,NV07,Đã giao
DH011797,KH0111,09/10/2025 00:48:00,Showroom,NV08,Đã giao
DH004797,KH0368,11/06/2025 00:07:00,Ban le,NV26,Đã giao
DH001539,KH0141,29/06/2026 22:04:00,Showroom,NV05,Đã giao
DH011633,KH0162,02/04/2026 20:11:00,Ban le,NV05,Đã giao
DH003705,KH0248,18/10/2024 12:55:00,Sàn Shopee,NV06,Đã giao
DH004546,KH0273,27/04/2025 20:22:00,TMĐT - Tiki,NV01,Mới
DH005648,KH0262,29/07/2026 09:16:00,Bán lẻ,NV03,Đã giao
DH005473,KH0053,13/12/2025 17:46:00,Bán lẻ,NV15,Đã giao
DH009495,KH0424,19/12/2024 21:11:00,Sàn Shopee,NV22,Đang xử lý
DH008535,KH0438,05/12/2024 07:08:00,TMĐT - Shopee,NV22,Mới
DH008448,KH0447,09/02/2026 23:26:00,Ban le,NV17,Đã giao
DH005510,KH0155,26/03/2025 12:13:00,Bán lẻ,NV06,Đã giao
DH003745,KH0199,09/09/2025 09:39:00,Sàn Lazada,NV10,Đã giao
DH001351,KH0445,07/03/2026 14:04:00,TMĐT - Tiki,NV30,Đã giao
DH000900,KH0227,04/20/2026 21:22:00,Đại lý,NV02,Đã giao
DH007303,KH0070,08/09/2025 04:08:00,Sàn Shopee,NV28,Đang xử lý
DH006108,KH0227,09/01/2026 03:25:00,TMĐT - Shopee,NV12,Đã giao
DH001571,KH0384,10/02/2026 19:21:00,TMĐT - Tiki,NV09,Đã giao
DH002238,KH0114,22/08/2025 22:08:00,Bán lẻ,NV09,Đã giao
DH006280,KH0010,18/08/2025 11:25:00,Lazada,NV17,Mới
DH008279,KH0122,2024-12-14 01:36:00,Shopee,NV21,Đã giao
DH008394,KH0192,04/04/2025 18:13:00,Đại lý,NV02,Đã giao
DH003370,KH0262,05/05/2025 15:53:00,Sàn Lazada,NV15,Đã hủy
DH000924,KH0051,23/04/2026 21:13:00,Sàn Shopee,NV17,Đã giao
DH003651,KH0262,12/05/2026 14:25:00,Ban le,NV18,Đã giao
DH009566,KH0262,15/11/2025 09:16:00,Bán lẻ,NV30,Đã giao
DH005562,KH0421,30/10/2025 13:05:00,TMĐT - Tiki,NV22,Đã giao
DH005226,KH0122,25/12/2025 03:17:00,Ban le,NV14,Đã giao
DH005115,KH0008,12/01/2025 22:34:00,Showroom,NV07,Đang xử lý
DH011873,KH0442,18/10/2024 18:53:00,TMĐT - Tiki,NV19,Đã giao
DH007828,KH0262,04/08/2024 05:11:00,Ban le,NV08,Đang xử lý
DH003621,,19/03/2025 10:23:00,TMĐT - Tiki,NV09,Đã giao
DH009962,KH9001,14/03/2026 00:47:00,Đại lý,NV16,Đã giao
DH009142,KH0391,27/12/2024 13:42:00,Đại lý,NV11,Đã giao
DH006568,KH0404,08/11/2024 04:44:00,Đại lý,NV27,Đã giao
DH009146,KH0325,14/09/2025 03:00:00,Bán lẻ,NV04,Đã giao
DH007256,KH0131,21/10/2025 19:46:00,TMĐT - Lazada,NV19,Đã giao
DH004198,KH0070,10/02/2025 00:04:00,Bán lẻ,NV18,Đã hủy
DH001714,KH0215,08/11/2024 09:42:00,TMĐT - Tiki,NV26,Đã giao
DH001808,KH0382,08/07/2026 02:42:00,Bán lẻ,NV15,Đã hủy
DH010846,KH0281,19/08/2025 06:23:00,Showroom,NV18,Đã giao
DH000036,KH0447,21/04/2026 00:04:00,Ban le,NV05,Đã giao
DH008450,KH0402,04/11/2025 18:10:00,TMĐT - Tiki,NV01,Đã giao
DH009450,KH0365,01/02/2026 06:33:00,Ban le,NV10,Đã giao
DH000726,KH0391,14/12/2024 11:24:00,Đại lý,NV11,Đã giao
DH007516,KH0070,23/01/2025 02:54:00,Sàn Shopee,NV15,Đã giao
DH006541,KH0227,24/08/2024 03:21:00,Lazada,NV29,Đã giao
DH004336,KH0046,24/04/2026 11:45:00,Sàn Shopee,NV09,Đã giao
DH000789,KH0108,29/07/2026 17:39:00,Sàn Lazada,NV07,Đã giao
DH007676,KH0364,25/09/2025 16:37:00,Sàn Lazada,NV10,Đã giao
DH011850,KH0272,21/06/2026 12:35:00,TMĐT - Tiki,NV05,Đang xử lý
DH003162,KH9000,11/02/2025 08:51:00,TMĐT - Tiki,NV03,Đã giao
DH005905,,09/11/2024 23:18:00,Đại lý,NV28,Đã giao
DH011767,KH0241,09/07/2025 12:32:00,Đại lý,NV11,Đã giao
DH002740,KH0018,25/02/2025 10:07:00,Bán lẻ,NV23,Đã giao
DH007556,KH0258,27/06/2025 23:30:00,Lazada,NV22,Đã giao
DH001948,KH0135,11/04/2025 19:27:00,TMĐT - Lazada,NV02,Đang xử lý
DH005139,KH0282,16/01/2025 13:24:00,Shopee,NV27,Đã hủy
DH007509,KH0018,28/03/2025 06:24:00,TMĐT - Tiki,NV19,Đã giao
DH004977,KH0012,10/10/2024 13:39:00,Showroom,NV09,Đang xử lý
DH008410,KH0100,05/06/2025 05:18:00,Sàn Shopee,NV08,Đã giao
DH005642,KH0249,17/04/2026 08:44:00,Shopee,NV02,Đã giao
DH005826,KH0063,18/05/2026 15:31:00,Sàn Lazada,NV23,Đã giao
DH001396,KH0377,01/04/2026 18:40:00,Sàn Lazada,NV11,Đã giao
DH005159,KH9007,26/04/2025 12:13:00,Lazada,NV14,Đã giao
DH002570,KH0262,30/08/2024 11:50:00,TMĐT - Tiki,NV06,Đã giao
DH002625,KH0446,31/03/2025 03:05:00,TMĐT - Tiki,NV22,Đã giao
DH010639,KH0326,18/07/2025 04:33:00,Shopee,NV08,Đang xử lý
DH003944,KH0053,09/09/2024 17:15:00,Lazada,NV25,Đã giao
DH011285,KH0391,10/08/2025 10:02:00,Showroom,NV30,Đã giao
DH007048,KH0428,29/03/2026 23:56:00,Lazada,NV02,Đã giao
DH002876,KH0070,04/11/2025 03:19:00,Bán lẻ,NV05,Đã giao
DH009701,KH0179,17/09/2024 20:36:00,Showroom,NV05,Đã giao
DH007764,KH0402,20/03/2026 11:48:00,Đại lý,NV22,Đã giao
DH005622,KH0192,06/06/2025 01:50:00,Sàn Lazada,NV15,Đã giao
DH006873,KH0265,11/10/2024 22:40:00,Bán lẻ,NV03,Đã giao
DH002481,KH0283,23/12/2025 14:30:00,Shopee,NV06,Đã giao
DH009562,KH0155,07/04/2025 06:46:00,TMĐT - Tiki,NV28,Đã giao
DH002922,KH0077,28/10/2025 16:42:00,TMĐT - Tiki,NV22,Đã giao
DH005639,KH0249,31/07/2025 17:32:00,Showroom,NV05,Đã giao
DH009624,KH0314,11/02/2024 04:46:00,Sàn Shopee,NV03,Đã giao
DH011313,KH0249,01/07/2026 02:33:00,Showroom,NV02,Đã giao
DH006503,KH0184,14/01/2025 13:55:00,TMĐT - Tiki,NV18,Đã giao
DH000866,KH0056,17/01/2025 08:09:00,TMĐT - Tiki,NV06,Đã giao
DH007892,KH0413,2024-09-28 07:45:00,Lazada,NV24,Trả hàng
DH000457,KH0045,14/11/2024 22:57:00,Sàn Shopee,NV07,Đã hủy
DH001167,KH0057,14/07/2026 02:58:00,TMĐT - Tiki,NV20,Đã giao
DH001240,KH0070,30/12/2024 19:54:00,TMĐT - Tiki,NV08,Đã giao
DH001404,KH0409,01/06/2026 03:42:00,Ban le,NV17,Đã giao
DH001780,KH0160,22/06/2026 17:13:00,Sàn Shopee,NV15,Đã hủy
DH011832,KH0008,27/05/2026 13:04:00,Ban le,NV15,Đã giao
DH002599,KH0281,11/12/2024 03:50:00,Sàn Shopee,NV03,Đã giao
DH002178,KH0124,24/07/2026 09:35:00,Đại lý,NV20,Đã hủy
DH000411,KH0377,16/01/2025 13:49:00,Showroom,NV20,Trả hàng
DH000368,KH0343,20/06/2025 00:36:00,Bán lẻ,NV29,Đã giao
DH000491,KH0391,15/08/2025 09:41:00,TMĐT - Tiki,NV22,Đã giao
DH004116,KH0184,10/01/2025 10:01:00,Sàn Lazada,NV27,Đã giao
DH005756,KH0070,11/05/2025 16:34:00,Sàn Shopee,NV01,Đã giao
DH009415,KH0012,14/01/2025 05:12:00,Lazada,NV03,Đã giao
DH010232,KH0265,03/11/2025 10:05:00,Shopee,NV02,Đã giao
DH009378,KH0002,08/11/2024 19:24:00,Ban le,NV02,Đã giao
DH005050,KH0070,02/10/2025 16:50:00,Lazada,NV15,Đã giao
DH003265,KH0151,09/05/2025 17:45:00,TMĐT - Tiki,NV04,Đã giao
DH003276,KH0008,27/09/2025 10:37:00,Lazada,NV02,Đã hủy
DH010356,KH0262,03/01/2026 00:15:00,Lazada,NV22,Trả hàng
DH001985,KH0367,06/07/2025 21:44:00,Sàn Lazada,NV22,Đã giao
DH004438,KH0051,31/05/2026 02:19:00,Đại lý,NV03,Đã giao
DH001321,KH0367,18/10/2024 09:13:00,Sàn Shopee,NV19,Đã giao
DH007680,KH0302,05/08/2025 01:44:00,Đại lý,NV14,Đã giao
DH005995,KH0413,26/11/2024 06:11:00,Bán lẻ,NV20,Đã giao
DH001231,KH0261,09/01/2025 20:26:00,Bán lẻ,NV15,Đã giao
DH010277,KH0034,20/11/2025 01:54:00,Showroom,NV23,Đã giao
DH004048,KH0447,10/12/2024 00:39:00,TMĐT - Tiki,NV08,Trả hàng
DH005325,KH0035,18/12/2025 17:56:00,TMĐT - Tiki,NV11,Đã giao
DH004443,KH0271,01/06/2025 01:19:00,Đại lý,NV28,Đã giao
DH002159,KH0212,01/11/2025 21:32:00,TMĐT - Shopee,NV26,Trả hàng
DH002508,KH0409,19/02/2025 12:30:00,TMĐT - Tiki,NV25,Đã giao
DH001550,KH0053,15/07/2025 12:29:00,Shopee,NV23,Đã giao
DH001129,KH0035,11/05/2026 04:01:00,TMĐT - Tiki,NV10,Đã giao
DH000166,KH0204,21/11/2025 11:02:00,TMĐT - Tiki,NV02,Đang xử lý
DH005237,KH0227,05/05/2025 05:03:00,TMĐT - Tiki,NV14,Đã giao
DH000355,KH0442,28/09/2025 21:08:00,Sàn Shopee,NV06,Đã giao
DH005520,KH0070,15/05/2026 06:00:00,Bán lẻ,NV16,Đã giao
DH000025,KH0053,07/12/2025 23:34:00,TMĐT - Tiki,NV26,Đã giao
DH004135,KH0391,28/04/2026 18:12:00,Bán lẻ trực tiếp,NV19,Đã hủy
DH005938,KH0251,14/11/2024 00:02:00,Showroom,NV04,Đã giao
DH006051,KH0367,03/06/2026 12:33:00,Đại lý,NV07,Đã giao
DH002920,KH0093,09/08/2024 04:22:00,TMĐT - Tiki,NV05,Đã giao
DH008383,KH0019,30/09/2025 08:04:00,Ban le,NV08,Đã giao
DH010060,KH0288,28/11/2024 10:28:00,Bán lẻ,NV10,Đang xử lý
DH010881,KH0081,23/04/2026 17:41:00,Đại lý,NV02,Đã giao
DH002703,KH0135,01/12/2025 17:01:00,Đại lý,NV07,Đang xử lý
DH006853,KH0262,29/05/2025 02:07:00,Bán lẻ,NV06,Đã giao
DH009737,KH0135,23/11/2025 05:14:00,Sàn Shopee,NV25,Đã giao
DH009115,KH0255,12/12/2025 13:12:00,Sàn Shopee,NV15,Mới
DH000831,KH0248,23/12/2024 18:11:00,Lazada,NV16,Đã giao
DH005916,,19/12/2024 09:06:00,Bán lẻ,NV27,Đã giao
DH007253,KH0081,25/10/2025 17:00:00,Showroom,NV26,Đã giao
DH010337,KH0296,24/02/2025 20:35:00,Bán lẻ,NV25,Đã giao
DH006491,KH0349,18/11/2025 11:24:00,Ban le,NV12,Đã giao
DH002120,KH0447,19/06/2026 11:17:00,Shopee,NV04,Đã giao
DH009076,KH0315,21/07/2026 16:50:00,Đại lý,NV04,Đã giao
DH000152,KH0002,29/09/2025 04:12:00,Bán lẻ,NV20,Đang xử lý
DH006563,KH0026,26/03/2025 14:59:00,TMĐT - Tiki,NV28,Đang xử lý
DH004889,KH0140,30/12/2025 06:07:00,Sàn Shopee,NV10,Đã giao
DH010310,KH0262,01/28/2026 02:17:00,TMĐT - Tiki,NV09,Trả hàng
DH001217,KH0002,07/11/2025 09:36:00,Showroom,NV13,Đã giao
DH005829,KH0113,25/11/2024 06:33:00,Showroom,NV20,Đã giao
DH007091,KH0274,26/12/2025 23:32:00,Sàn Lazada,NV07,Đã hủy
DH008246,,07/10/2025 20:01:00,Bán lẻ trực tiếp,NV05,Đã giao
DH006048,KH0220,22/08/2024 06:52:00,TMĐT - Tiki,NV13,Đã giao
DH004719,KH0262,13/01/2026 11:00:00,Bán lẻ,NV14,Đã giao
DH000377,KH0116,17/12/2024 08:29:00,Đại lý,NV21,Đang xử lý
DH002142,KH0296,09/07/2025 04:55:00,Showroom,NV19,Đã giao
DH006833,KH9005,24/11/2025 03:58:00,Shopee,NV14,Đã giao
DH002261,KH0265,19/11/2024 20:40:00,Bán lẻ,NV24,Đã giao
DH007818,KH0248,29/01/2026 02:29:00,Lazada,NV15,Đã giao
DH002681,KH0108,21/08/2024 18:55:00,TMĐT - Tiki,NV20,Đã giao
DH003570,KH0155,17/01/2026 00:42:00,Sàn Lazada,NV06,Đã giao
DH011907,KH0013,03/03/2025 05:35:00,Đại lý,NV05,Đã giao
DH006376,KH0187,18/11/2024 04:15:00,Lazada,NV10,Đã giao
DH002065,KH0442,14/09/2025 04:40:00,TMĐT - Tiki,NV02,Đã giao
DH002883,KH0262,23/10/2024 10:57:00,Sàn Lazada,NV25,Đã giao
DH004228,KH0141,19/04/2025 05:56:00,Bán lẻ trực tiếp,NV05,Đã giao
DH010959,KH0160,16/06/2025 03:24:00,Ban le,NV30,Đã giao
DH008642,KH9002,13/04/2026 11:59:00,TMĐT - Tiki,NV28,Đang xử lý
DH004107,KH0001,06/11/2025 05:59:00,TMĐT - Tiki,NV22,Đã giao
DH001207,KH0265,21/08/2025 07:27:00,Đại lý,NV05,Đã giao
DH004038,KH0092,21/07/2026 06:48:00,TMĐT - Shopee,NV06,Đã giao
DH008594,KH0287,18/04/2026 03:43:00,Lazada,NV01,Đã giao
DH9900106,KH0079,23/02/2025 19:11:00,Ban le,NV15,Đã giao
DH010216,KH0322,09/01/2026 22:50:00,Shopee,NV19,Đã giao
DH011077,KH0002,08/09/2024 15:26:00,TMĐT - Tiki,NV26,Đã giao
DH000285,KH0204,18/06/2025 02:59:00,Shopee,NV21,Đã giao
DH001346,KH0199,27/12/2024 11:29:00,Showroom,NV03,Đã giao
DH007065,KH0046,26/05/2025 03:52:00,Lazada,NV21,Đã giao
DH000799,KH0405,11/01/2025 05:45:00,TMĐT - Tiki,NV25,Đã giao
DH009844,KH0222,18/03/2026 20:30:00,Đại lý,NV19,Đã giao
DH002004,KH0094,04/02/2026 09:05:00,Đại lý,NV03,Đã giao
DH005212,KH0281,02/02/2026 08:05:00,Đại lý,NV06,Trả hàng
DH008734,KH0143,24/08/2025 00:30:00,Bán lẻ,NV16,Đã giao
DH002235,KH0249,31/12/2025 21:17:00,TMĐT - Tiki,NV18,Đã giao
DH010533,KH0273,02/06/2026 00:17:00,Bán lẻ,NV26,Đã giao
DH006293,KH0442,24/11/2025 18:27:00,Showroom,NV15,Đã giao
DH001483,KH0330,01/05/2025 07:47:00,Lazada,NV26,Đã giao
DH004144,KH0248,15/04/2025 21:37:00,Ban le,NV16,Đã giao
DH011220,KH0193,01/04/2025 02:26:00,Ban le,NV17,Mới
DH002308,KH0003,16/12/2024 13:33:00,Sàn Lazada,NV10,Trả hàng
DH003831,KH0271,22/02/2025 19:28:00,Lazada,NV26,Đã giao
DH009309,KH0442,15/06/2026 23:34:00,Showroom,NV22,Đang xử lý
DH005604,KH0257,19/01/2026 00:41:00,Sàn Shopee,NV10,Đã hủy
DH008699,KH0382,01/12/2025 07:31:00,TMĐT - Tiki,NV15,Đã giao
DH010488,KH0081,30/07/2025 11:27:00,Ban le,NV03,Đã giao
DH008147,KH0262,03/07/2025 01:21:00,Lazada,NV28,Đang xử lý
DH011733,KH0199,31/01/2025 01:54:00,Lazada,NV22,Mới
DH002782,KH0314,07/01/2025 23:57:00,Shopee,NV03,Đã giao
DH000378,KH0012,17/09/2025 02:33:00,Lazada,NV22,Đã giao
DH008899,KH0243,25/07/2025 02:53:00,Showroom,NV29,Đã giao
DH004750,KH0155,30/11/2025 15:50:00,Showroom,NV28,Đã giao
DH001760,KH0412,10/24/2024 14:24:00,Bán lẻ,NV16,Đã giao
DH003607,KH0197,27/12/2024 05:02:00,TMĐT - Tiki,NV03,Đã giao
DH010405,KH0142,27/07/2025 15:42:00,Lazada,NV11,Đã giao
DH001313,KH0227,26/01/2025 19:41:00,Đại lý,NV04,Đã giao
DH004393,,16/05/2026 05:34:00,TMĐT - Tiki,NV16,Đã giao
DH004943,KH0391,27/01/2026 13:56:00,Ban le,NV20,Đã giao
DH001144,KH0010,31/12/2024 12:05:00,Đại lý,NV20,Đã giao
DH006180,KH0035,15/12/2025 12:30:00,Ban le,NV06,Đã giao
DH001486,KH0119,07/03/2026 02:52:00,Bán lẻ trực tiếp,NV03,Đã giao
DH002257,KH0390,16/06/2026 22:50:00,Showroom,NV10,Đã giao
DH011799,KH0258,13/11/2025 14:26:00,TMĐT - Tiki,NV26,Đã giao
DH002209,KH0265,15/12/2025 19:54:00,Đại lý,NV10,Đã giao
DH008088,KH0155,2026-05-04 16:30:00,Đại lý,NV16,Đã giao
DH002767,KH0115,16/02/2026 03:53:00,TMĐT - Tiki,NV30,Đã giao
DH009664,KH0322,05/01/2026 03:31:00,Sàn Shopee,NV16,Đã giao
DH000864,KH0138,12/02/2025 15:42:00,TMĐT - Tiki,NV09,Đang xử lý
DH005024,KH0266,06/04/2025 04:08:00,Showroom,NV05,Đã giao
DH002171,KH0192,30/12/2024 07:19:00,Bán lẻ trực tiếp,NV18,Đã giao
DH007134,KH0155,31/10/2025 02:06:00,Showroom,NV14,Đã giao
DH006798,KH0305,13/05/2025 04:54:00,Showroom,NV23,Đã hủy
DH001705,KH0311,16/06/2026 03:21:00,TMĐT - Tiki,NV30,Đã giao
DH007218,KH0193,23/01/2026 04:14:00,Showroom,NV09,Đã giao
DH009897,KH0396,02/09/2024 23:04:00,Lazada,NV05,Đã giao
DH005806,KH0432,02/09/2025 11:19:00,Ban le,NV16,Đã giao
DH010866,KH0396,09/01/2025 16:41:00,TMĐT - Shopee,NV12,Đã giao
DH011159,KH0071,09/01/2026 22:51:00,Đại lý,NV19,Đã giao
DH000483,KH0325,08/08/2024 00:24:00,Showroom,NV02,Đã giao
DH007493,KH0204,23/12/2025 14:14:00,Sàn Lazada,NV15,Đã giao
DH001428,KH0289,20/07/2026 18:15:00,Ban le,NV01,Đã hủy
DH008415,KH0155,27/03/2025 19:03:00,TMĐT - Tiki,NV14,Đang xử lý
DH009335,KH0239,25/11/2025 09:53:00,Shopee,NV28,Đã giao
DH003891,KH0338,30/08/2024 15:41:00,Đại lý,NV09,Mới
DH006151,KH0241,05/06/2026 23:04:00,TMĐT - Tiki,NV11,Đã giao
DH005239,KH0113,05/10/2025 07:55:00,Sàn Shopee,NV12,Đã giao
DH003480,KH0371,07/05/2026 10:59:00,Showroom,NV11,Trả hàng
DH006644,KH0179,08/03/2025 18:28:00,TMĐT - Tiki,NV26,Đã giao
DH000289,KH0071,04/03/2025 14:19:00,TMĐT - Tiki,NV19,Đã giao
DH009599,KH0151,22/06/2025 04:58:00,Ban le,NV10,Đã giao
DH006896,KH0413,26/05/2026 17:06:00,Lazada,NV22,Đã giao
DH009352,KH0012,02/05/2025 16:08:00,Shopee,NV25,Đã giao
DH005347,KH0063,08/06/2025 19:30:00,Lazada,NV17,Mới
DH008557,KH0197,18/06/2025 20:23:00,Đại lý,NV24,Đã giao
DH010050,,14/05/2025 16:50:00,Sàn Shopee,NV20,Đã giao
DH011020,KH0306,05/12/2025 00:34:00,Showroom,NV10,Đã giao
DH007269,KH0177,16/04/2025 05:45:00,Lazada,NV26,Đã giao
DH011282,,20/02/2026 19:21:00,Showroom,NV24,Đã giao
DH007054,KH0359,23/06/2025 14:15:00,Sàn Shopee,NV21,Đã giao
DH009499,KH0243,24/11/2024 02:37:00,Showroom,NV26,Đã giao
DH010025,KH9000,01/01/2026 20:54:00,Ban le,NV17,Đã giao
DH008213,KH0012,20/01/2026 13:42:00,Sàn Shopee,NV21,Đã giao
DH011867,KH0306,05/06/2025 02:16:00,Lazada,NV17,Đã giao
DH005166,KH0267,2024-12-15 19:10:00,Sàn Shopee,NV30,Đã giao
DH001959,KH0242,17/11/2025 08:44:00,Bán lẻ,NV13,Mới
DH002898,KH0306,29/03/2025 14:56:00,Showroom,NV03,Đã giao
DH008572,KH0323,02/05/2025 03:03:00,Shopee,NV28,Đã giao
DH008684,,17/12/2024 16:17:00,Bán lẻ,NV01,Đang xử lý
DH006201,KH0246,02/08/2024 22:17:00,Bán lẻ trực tiếp,NV06,Đã giao
DH007220,KH0195,11/04/2026 03:04:00,Sàn Lazada,NV09,Đã giao
DH007049,KH0210,26/05/2026 08:00:00,Đại lý,NV21,Đang xử lý
DH001515,KH0306,17/09/2025 01:56:00,Lazada,NV07,Đã giao
DH006888,KH0246,09/09/2024 08:16:00,TMĐT - Tiki,NV17,Đang xử lý
DH011293,KH0151,26/06/2025 07:52:00,TMĐT - Tiki,NV09,Đã giao
DH007346,KH0367,31/05/2026 13:25:00,Lazada,NV09,Đã giao
DH011406,KH0406,21/10/2024 21:34:00,Bán lẻ,NV09,Đã giao
DH005360,KH0051,06/12/2025 10:10:00,Sàn Shopee,NV13,Đã giao
DH006246,KH0076,21/07/2025 19:07:00,Showroom,NV05,Đang xử lý
DH009565,KH0385,02/11/2024 06:38:00,Đại lý,NV28,Đã giao
DH011790,KH0141,28/12/2025 11:39:00,Đại lý,NV17,Đã giao
DH005867,KH0309,22/11/2024 22:21:00,Bán lẻ trực tiếp,NV09,Đã giao
DH004587,KH0035,24/08/2024 04:13:00,Showroom,NV10,Mới
DH000292,KH0272,08/08/2024 07:09:00,Sàn Lazada,NV29,Đã giao
DH007073,KH0352,15/08/2025 02:51:00,Đại lý,NV11,Đã giao
DH000553,KH0215,27/01/2026 09:22:00,Đại lý,NV14,Đã giao
DH009039,KH0170,28/07/2025 04:17:00,Sàn Lazada,NV09,Đã giao
DH006372,KH0193,24/03/2025 13:51:00,Lazada,NV08,Đã giao
DH004015,KH0368,12/01/2025 14:47:00,Bán lẻ,NV08,Đã giao
DH006622,KH0039,22/07/2026 00:40:00,TMĐT - Tiki,NV11,Đã giao
DH003631,KH0042,25/05/2025 00:28:00,Shopee,NV07,Đã giao
DH011491,,10/07/2026 18:39:00,Showroom,NV20,Trả hàng
DH008374,KH0128,27/07/2026 08:06:00,Shopee,NV25,Đã giao
DH009033,KH0335,01/05/2026 19:27:00,Sàn Lazada,NV16,Đã giao
DH001902,KH0419,09/06/2026 07:38:00,Sàn Shopee,NV14,Đã giao
DH003516,KH0286,17/12/2025 14:27:00,Showroom,NV22,Đã giao
DH003343,KH0325,07/05/2025 08:30:00,Sàn Lazada,NV11,Đã giao
DH008706,KH0122,18/11/2025 18:39:00,Lazada,NV11,Trả hàng
DH003284,KH0066,24/03/2025 05:46:00,Showroom,NV16,Đã giao
DH000583,KH0054,02/03/2025 13:09:00,TMĐT - Tiki,NV09,Đã giao
DH008800,KH0177,13/06/2025 22:50:00,Sàn Lazada,NV24,Đã giao
DH005330,KH0070,17/03/2026 21:17:00,Shopee,NV08,Đã giao
DH001192,KH0306,18/02/2025 00:00:00,TMĐT - Tiki,NV13,Mới
DH003426,KH0230,19/07/2026 15:24:00,Sàn Lazada,NV14,Đã giao
DH005059,KH0072,06/09/2025 12:35:00,Lazada,NV18,Mới
DH005356,KH0135,31/05/2026 12:37:00,TMĐT - Tiki,NV06,Đã giao
DH011837,KH0306,03/10/2024 17:06:00,Sàn Lazada,NV16,Đã giao
DH010831,KH0151,20/01/2026 12:31:00,Sàn Lazada,NV29,Đã giao
DH005210,KH0242,30/05/2025 05:05:00,Sàn Shopee,NV03,Mới
DH002439,KH0265,16/10/2025 04:58:00,Showroom,NV29,Đã giao
DH9900178,KH0273,23/08/2024 05:59:00,Ban le,NV25,Mới
DH000896,KH0207,19/06/2025 15:30:00,Bán lẻ trực tiếp,NV17,Đã giao
DH003592,KH0412,10/01/2026 21:41:00,Đại lý,NV12,Đang xử lý
DH002518,KH0171,17/08/2025 10:28:00,Lazada,NV22,Đã hủy
DH003102,KH0415,28/10/2024 07:01:00,Sàn Lazada,NV19,Đã giao
DH002039,KH0008,28/01/2025 05:01:00,Showroom,NV04,Đã giao
DH007900,KH0139,12/02/2025 17:09:00,Bán lẻ,NV27,Trả hàng
DH009262,KH0051,21/05/2026 17:27:00,Showroom,NV12,Đã giao
DH007078,KH0359,21/12/2025 02:56:00,Showroom,NV23,Đang xử lý
DH006566,KH0236,05/07/2025 02:22:00,Bán lẻ,NV24,Mới
DH001763,KH0447,02/08/2024 00:16:00,Shopee,NV25,Đã giao
DH011674,KH0306,09/06/2025 15:53:00,TMĐT - Tiki,NV14,Đã giao
DH002296,KH9006,07/01/2026 06:45:00,Đại lý,NV09,Đã giao
DH004348,KH0155,31/10/2024 23:17:00,Lazada,NV12,Đã giao
DH008456,KH0445,10/03/2026 09:54:00,Đại lý,NV21,Đã giao
DH004871,KH0052,13/08/2025 19:48:00,Showroom,NV11,Đã giao
DH011735,KH0448,28/02/2026 21:54:00,Shopee,NV30,Đã giao
DH001892,KH0326,17/09/2024 22:31:00,Showroom,NV20,Đã giao
DH002008,KH0034,19/01/2026 11:08:00,Sàn Lazada,NV30,Mới
DH009569,KH0391,02/02/2026 13:31:00,Bán lẻ trực tiếp,NV17,Đã giao
DH011504,KH0447,31/07/2025 22:20:00,Đại lý,NV06,Đã giao
DH011462,KH0138,09/07/2026 17:14:00,Ban le,NV11,Đã giao
DH005409,KH0258,18/09/2024 23:37:00,Đại lý,NV29,Đã giao
DH010102,KH0325,30/05/2025 22:42:00,Lazada,NV04,Đã giao
DH009126,KH0262,03/09/2025 18:14:00,Lazada,NV24,Đã giao
DH009145,KH0442,29/10/2025 06:50:00,TMĐT - Tiki,NV18,Đã giao
DH005366,KH0117,29/06/2026 02:59:00,Shopee,NV12,Đã giao
DH000585,KH0315,06/12/2024 12:23:00,Đại lý,NV14,Đã giao
DH001302,KH0391,2025-09-19 01:40:00,Đại lý,NV29,Đã giao
DH005228,KH0155,04/04/2026 14:35:00,Sàn Shopee,NV14,Đã giao
DH000512,KH0160,30/09/2024 02:02:00,TMĐT - Tiki,NV03,Đã giao
DH006114,KH0155,01/01/2026 05:40:00,Sàn Lazada,NV29,Mới
DH010262,KH0183,04/09/2024 10:04:00,Sàn Shopee,NV29,Đã giao
DH003415,KH0113,25/01/2026 23:26:00,Đại lý,NV15,Đã giao
DH000306,KH0134,21/12/2025 02:50:00,Sàn Lazada,NV24,Đang xử lý
DH003593,KH0200,29/06/2026 06:47:00,Đại lý,NV08,Đã giao
DH001916,KH0280,03/04/2025 03:40:00,Showroom,NV01,Đã giao
DH005015,KH0070,16/10/2025 15:15:00,Shopee,NV11,Đã giao
DH008047,KH0249,19/10/2024 17:01:00,Đại lý,NV27,Đang xử lý
DH010512,KH0418,06/05/2025 08:02:00,TMĐT - Tiki,NV12,Đã giao
DH007382,KH0077,03/01/2026 02:45:00,Đại lý,NV04,Đã giao
DH003892,KH0140,06/01/2026 16:30:00,Bán lẻ,NV05,Đã giao
DH006915,KH0250,18/10/2024 23:24:00,Showroom,NV11,Đã hủy
DH006919,KH0249,08/09/2025 18:28:00,TMĐT - Tiki,NV30,Đã giao
DH009002,KH0325,24/10/2025 17:41:00,Đại lý,NV22,Đã giao
DH003491,KH0248,15/09/2025 19:10:00,TMĐT - Tiki,NV16,Đã giao
DH004760,KH9003,29/01/2025 03:24:00,TMĐT - Tiki,NV13,Mới
DH002860,KH0220,28/08/2025 22:15:00,Showroom,NV02,Đã giao
DH010542,KH0328,11/01/2025 14:59:00,Đại lý,NV04,Đã giao
DH008524,KH0391,18/09/2025 16:24:00,Showroom,NV21,Đã giao
DH006882,KH0199,21/08/2024 23:06:00,Shopee,NV14,Đã giao
DH009412,KH0262,01/10/2025 12:26:00,Lazada,NV25,Đã giao
DH000700,KH0119,16/07/2025 04:29:00,TMĐT - Tiki,NV13,Đã giao
DH009615,KH9006,01/03/2026 04:23:00,TMĐT - Tiki,NV28,Đã giao
DH011255,KH0141,19/08/2025 07:20:00,TMĐT - Tiki,NV10,Đã giao
DH008465,KH0368,10/12/2025 23:52:00,Showroom,NV08,Đã giao
DH007411,KH0155,05/12/2025 10:50:00,TMĐT - Lazada,NV24,Đã giao
DH010182,KH0183,29/08/2024 09:08:00,Showroom,NV01,Đã giao
DH009291,KH9014,25/09/2024 07:20:00,TMĐT - Tiki,NV11,Đã giao
DH010626,KH0003,11/07/2025 10:29:00,Showroom,NV26,Đã giao
DH000471,KH0391,03/06/2026 02:36:00,Bán lẻ,NV23,Đang xử lý
DH010688,KH0428,21/08/2024 14:29:00,TMĐT - Shopee,NV07,Đã hủy
DH001275,KH0379,12/01/2025 05:46:00,Lazada,NV28,Đã giao
DH001533,KH0205,26/01/2026 07:04:00,Shopee,NV14,Đã giao
DH009910,KH0391,03/08/2025 06:17:00,Đại lý,NV13,Đã giao
DH002869,KH0314,12/08/2025 15:37:00,Showroom,NV12,Đã giao
DH006204,KH0158,13/10/2024 12:46:00,TMĐT - Tiki,NV21,Đã giao
DH001805,,06/05/2025 00:25:00,TMĐT - Lazada,NV27,Đã giao
DH008553,KH0249,27/04/2026 07:28:00,Lazada,NV17,Đã giao
DH006716,KH0155,06/04/2026 07:02:00,TMĐT - Tiki,NV22,Trả hàng
DH010556,KH0207,10/06/2026 22:21:00,Đại lý,NV12,Đã giao
DH004408,KH0118,20/04/2025 04:39:00,Đại lý,NV26,Đã giao
DH007920,KH0309,05/08/2025 06:18:00,Lazada,NV12,Đang xử lý
DH003674,KH0391,08/01/2026 19:11:00,Bán lẻ,NV14,Đã hủy
DH000273,KH0305,20/08/2024 10:34:00,Showroom,NV15,Đã giao
DH007082,KH0315,08/11/2024 20:09:00,Bán lẻ,NV27,Đã giao
DH007538,KH0034,02/11/2025 12:15:00,Sàn Shopee,NV29,Đã giao
DH006778,KH0128,17/08/2025 18:16:00,Sàn Lazada,NV11,Đã giao
DH002365,KH0140,07/10/2025 02:09:00,Showroom,NV24,Đang xử lý
DH003007,KH0076,12/02/2025 04:29:00,TMĐT - Tiki,NV11,Đã giao
DH002187,KH0113,27/08/2025 23:00:00,Bán lẻ,NV10,Đã giao
DH006880,KH0325,10/01/2026 00:02:00,Đại lý,NV28,Đã giao
DH010161,KH0115,05/01/2026 10:47:00,Sàn Lazada,NV04,Đã giao
DH007394,KH9002,25/01/2026 20:21:00,Shopee,NV23,Đã giao
DH005253,KH0077,26/09/2025 19:36:00,Sàn Lazada,NV28,Đã giao
DH005893,KH0085,28/10/2024 13:49:00,TMĐT - Tiki,NV03,Đã giao
DH011743,KH0107,21/02/2026 09:36:00,Showroom,NV29,Đã giao
DH001058,KH0447,17/02/2026 13:49:00,Bán lẻ,NV10,Đã giao
DH011439,KH0211,31/08/2024 02:19:00,Ban le,NV13,Đã giao
DH001291,KH0054,30/01/2025 13:57:00,Sàn Lazada,NV02,Đã giao
DH009485,KH0384,06/07/2026 10:14:00,Sàn Lazada,NV18,Đã giao
DH000573,KH0367,29/11/2024 07:46:00,Đại lý,NV04,Đã giao
DH000486,KH0363,12/09/2024 10:43:00,Showroom,NV09,Đã hủy
DH005760,KH0265,14/11/2024 15:54:00,Showroom,NV06,Đang xử lý
DH001086,KH0386,09/09/2025 16:39:00,Sàn Lazada,NV14,Đang xử lý
DH006331,KH0016,18/05/2025 03:47:00,Shopee,NV11,Đã giao
DH009692,KH0412,2026-01-23 12:16:00,TMĐT - Tiki,NV30,Đã giao
DH011098,KH0032,07/05/2025 14:41:00,Shopee,NV20,Đã giao
DH003976,KH0359,10/07/2026 13:36:00,Showroom,NV06,Đã giao
DH005714,KH0122,12/08/2025 20:48:00,Sàn Shopee,NV19,Trả hàng
DH009658,KH0116,21/08/2025 11:33:00,Showroom,NV11,Đã giao
DH011076,KH0071,22/12/2024 13:38:00,Sàn Shopee,NV05,Đã giao
DH011129,KH0063,28/01/2026 20:23:00,Sàn Lazada,NV24,Đã giao
DH004276,KH0442,18/10/2024 17:41:00,Bán lẻ,NV17,Đã giao
DH9900080,KH0140,20/06/2026 01:03:00,Lazada,NV14,Đã giao
DH011291,KH0446,22/10/2025 03:11:00,TMĐT - Tiki,NV27,Đã giao
DH000671,KH0128,07/03/2026 02:01:00,TMĐT - Tiki,NV01,Đã giao
DH004597,KH0141,06/02/2025 17:35:00,Đại lý,NV16,Đã giao
DH008974,KH0063,12/07/2025 09:56:00,Shopee,NV06,Đã giao
DH009409,KH0034,20/04/2026 16:24:00,Đại lý,NV06,Đã giao
DH000974,KH0280,09/09/2025 08:42:00,Bán lẻ,NV28,Đã giao
DH011778,KH0448,04/11/2024 14:19:00,Ban le,NV24,Đã giao
DH007268,KH9010,24/02/2026 14:44:00,Showroom,NV20,Đã giao
DH007719,KH0267,02/05/2026 07:12:00,Showroom,NV02,Trả hàng
DH000682,KH0262,16/01/2025 11:18:00,Shopee,NV13,Đã giao
DH007149,KH0419,06/04/2025 14:57:00,Đại lý,NV30,Đã giao
DH007142,KH0034,21/07/2026 00:25:00,Lazada,NV02,Đã giao
DH003033,KH0155,25/05/2025 07:49:00,Showroom,NV05,Đã giao
DH000224,KH0193,24/07/2026 21:20:00,Đại lý,NV10,Đã giao
DH011365,KH0409,22/09/2024 22:29:00,Sàn Shopee,NV14,Đã giao
DH011433,KH0447,18/09/2024 16:30:00,Đại lý,NV30,Trả hàng
DH011586,KH0268,01/11/2025 15:44:00,Showroom,NV28,Đã hủy
DH009297,KH0334,13/06/2025 19:11:00,Đại lý,NV17,Đã giao
DH007123,KH0213,20/07/2025 10:22:00,Ban le,NV06,Đã giao
DH009829,KH0141,22/06/2026 14:27:00,TMĐT - Tiki,NV24,Đã giao
DH007993,KH0013,27/12/2024 18:10:00,Ban le,NV13,Đã giao
DH001270,KH0037,26/04/2026 19:39:00,Showroom,NV09,Đã giao
DH000886,KH0105,13/05/2025 14:29:00,TMĐT - Tiki,NV28,Đã giao
DH008494,KH0180,17/11/2024 08:19:00,Ban le,NV03,Đã giao
DH009667,KH0122,13/05/2026 00:15:00,Showroom,NV25,Đã giao
DH002965,KH0051,23/05/2025 10:55:00,Bán lẻ,NV16,Đã giao
DH007101,KH0246,15/04/2026 09:13:00,Showroom,NV12,Đã giao
DH011566,KH0446,25/07/2026 01:38:00,Showroom,NV25,Đã giao
DH009598,KH0193,18/02/2026 21:57:00,Showroom,NV22,Đã giao
DH009742,KH0377,19/10/2024 03:16:00,Sàn Shopee,NV10,Đã giao
DH005359,KH0338,08/03/2026 19:51:00,Đại lý,NV20,Đã giao
DH010732,KH0227,30/08/2025 07:36:00,TMĐT - Tiki,NV10,Đã giao
DH000501,KH0277,16/08/2025 12:04:00,Sàn Shopee,NV13,Đã giao
DH008846,KH0089,11/07/2025 22:29:00,Sàn Lazada,NV15,Đã giao
DH006688,KH0442,10/05/2026 04:04:00,Showroom,NV24,Đã giao
DH010192,KH0158,25/11/2024 05:40:00,Đại lý,NV27,Đã hủy
DH000972,KH0394,02/07/2025 06:10:00,Shopee,NV01,Đã giao
DH009985,KH0187,05/12/2025 07:41:00,Lazada,NV20,Đã giao
DH010247,KH0052,19/07/2026 21:12:00,Lazada,NV11,Đã giao
DH001419,KH0391,03/08/2024 04:19:00,Bán lẻ,NV27,Đã giao
DH007836,KH0352,11/12/2025 21:51:00,Shopee,NV06,Đã giao
DH009283,KH0189,30/10/2025 00:34:00,Lazada,NV19,Đã giao
DH003635,KH0391,16/11/2025 07:16:00,Showroom,NV17,Đã giao
DH000623,KH0262,26/09/2025 11:40:00,Showroom,NV01,Đã giao
DH003044,KH0280,23/04/2026 14:24:00,Sàn Lazada,NV16,Đã giao
DH009956,KH9008,26/08/2025 20:33:00,Showroom,NV01,Đang xử lý
DH006885,KH0283,16/06/2026 16:18:00,Ban le,NV19,Đã giao
DH008397,KH0127,18/11/2025 20:04:00,Showroom,NV21,Đã giao
DH004242,KH0260,22/11/2025 08:22:00,Showroom,NV18,Mới
DH011996,KH0164,20/06/2025 11:05:00,TMĐT - Tiki,NV24,Đã giao
DH004362,KH0249,04/06/2025 02:39:00,Shopee,NV30,Đã giao
DH004721,KH0070,06/01/2026 04:37:00,Showroom,NV26,Đã giao
DH008224,KH0242,21/05/2026 22:36:00,Bán lẻ,NV29,Đã giao
DH000220,KH0121,11/01/2026 14:50:00,TMĐT - Tiki,NV27,Đã giao
DH010150,KH0213,05/05/2026 13:54:00,Lazada,NV03,Đã giao
DH007286,KH0249,18/07/2026 06:39:00,Showroom,NV29,Đã giao
DH006339,KH0119,03/11/2024 16:15:00,Đại lý,NV18,Đã hủy
DH011614,KH0204,11/09/2024 13:17:00,TMĐT - Tiki,NV19,Đang xử lý
DH009740,KH0070,02/08/2025 04:15:00,TMĐT - Tiki,NV22,Đã giao
DH008155,KH0409,05/10/2025 09:28:00,Đại lý,NV27,Đã giao
DH010155,KH0325,06/11/2024 03:35:00,Đại lý,NV01,Đang xử lý
DH006059,KH0445,28/12/2024 18:28:00,Ban le,NV23,Mới
DH002316,KH0446,17/06/2025 02:10:00,Đại lý,NV22,Đã giao
DH010689,KH0362,30/03/2026 17:49:00,Sàn Shopee,NV30,Đã giao
DH000985,KH0046,19/10/2025 23:32:00,Ban le,NV06,Đã giao
DH004604,KH0372,13/04/2025 15:24:00,TMĐT - Tiki,NV28,Đã giao
DH006385,KH9000,29/07/2025 15:14:00,TMĐT - Tiki,NV07,Đã giao
DH000646,KH0297,25/10/2024 23:48:00,Showroom,NV25,Đã giao
DH008497,KH0397,15/06/2025 21:35:00,TMĐT - Shopee,NV27,Đang xử lý
DH002846,KH0442,02/10/2024 18:17:00,Đại lý,NV08,Đã giao
DH008623,KH0253,14/03/2025 07:54:00,Đại lý,NV29,Đã hủy
DH005176,KH0118,24/01/2025 12:54:00,Showroom,NV05,Đã giao
DH005809,KH0249,02/10/2025 17:45:00,Showroom,NV09,Đã giao
DH002833,KH0448,05/04/2025 12:32:00,Đại lý,NV24,Đã giao
DH011004,KH0419,30/07/2026 13:40:00,Sàn Lazada,NV05,Đã giao
DH007987,KH0251,11/11/2024 22:48:00,Shopee,NV13,Đã giao
DH007202,KH0012,07/10/2024 18:54:00,TMĐT - Tiki,NV08,Đã giao
DH004440,KH0446,03/29/2026 18:34:00,Bán lẻ,NV02,Đang xử lý
DH008336,KH0159,30/09/2025 16:55:00,Sàn Shopee,NV21,Đã hủy
DH002919,KH0056,22/10/2024 00:03:00,TMĐT - Tiki,NV15,Đã hủy
DH002318,KH9008,2026-01-18 12:25:00,Sàn Lazada,NV03,Mới
DH004148,KH0391,14/09/2024 11:42:00,TMĐT - Tiki,NV01,Đã giao
DH006326,KH0262,12/09/2024 16:47:00,Showroom,NV11,Đã giao
DH004261,KH0207,15/11/2025 18:55:00,Showroom,NV27,Đã giao
DH009256,KH0050,24/02/2025 10:51:00,Đại lý,NV01,Đã giao
DH000462,KH0243,09/12/2024 08:11:00,Shopee,NV11,Đã hủy
DH003087,KH0086,07/11/2025 17:52:00,Đại lý,NV13,Đã giao
DH011460,KH0229,18/07/2026 17:49:00,TMĐT - Tiki,NV27,Đã giao
DH002748,KH0306,04/05/2025 17:17:00,Đại lý,NV28,Đã giao
DH9900161,KH0113,26/11/2024 09:09:00,Sàn Lazada,NV09,Đã hủy
DH001626,KH0002,26/01/2026 08:55:00,TMĐT - Tiki,NV16,Đã giao
DH005222,KH0262,10/12/2025 17:30:00,Đại lý,NV24,Đã giao
DH010185,KH0140,13/04/2025 07:31:00,Shopee,NV29,Đang xử lý
DH9900005,KH0372,13/04/2025 15:24:00,TMĐT - Tiki,NV28,Đã giao
DH002201,KH0413,27/12/2024 17:54:00,Ban le,NV23,Đã giao
DH003641,KH0140,14/11/2025 13:49:00,Bán lẻ,NV22,Mới
DH004406,KH0248,17/01/2025 05:57:00,TMĐT - Tiki,NV30,Đã giao
DH001185,KH0428,11/01/2025 18:46:00,Đại lý,NV01,Đã giao
DH000027,KH0141,17/11/2024 08:35:00,Showroom,NV16,Đã giao
DH009131,KH0377,02/10/2025 10:25:00,Sàn Shopee,NV16,Đã giao
DH000797,KH0447,05/08/2025 14:56:00,Showroom,NV22,Đang xử lý
DH007443,KH0447,15/07/2025 08:17:00,Lazada,NV29,Đã giao
DH008707,KH0323,20/12/2024 01:05:00,Đại lý,NV02,Đã giao
DH011345,KH0105,10/04/2026 11:54:00,Shopee,NV24,Đã hủy
DH006686,KH0365,20/03/2026 13:01:00,TMĐT - Tiki,NV27,Đã giao
DH008445,KH0155,06/08/2024 03:01:00,TMĐT - Tiki,NV18,Đã giao
DH011337,KH0213,19/10/2025 02:50:00,Sàn Lazada,NV21,Đã giao
DH010784,KH0194,07/07/2026 08:43:00,Showroom,NV22,Đã giao
DH003061,KH0070,27/01/2026 06:36:00,Sàn Shopee,NV13,Đã giao
DH011194,KH0442,30/12/2024 16:57:00,TMĐT - Lazada,NV27,Đã giao
DH001917,KH0035,19/07/2026 11:52:00,Showroom,NV13,Đã giao
DH005537,KH0128,10/09/2025 21:08:00,Showroom,NV19,Đã giao
DH001619,KH0241,13/01/2026 22:23:00,Đại lý,NV16,Đã giao
DH005150,KH0243,11/12/2024 19:46:00,Sàn Shopee,NV25,Đã giao
DH010400,KH0249,19/11/2024 01:48:00,Đại lý,NV23,Đã giao
DH007320,KH0391,01/06/2026 20:10:00,Lazada,NV20,Đã giao
DH006310,,07/08/2024 00:20:00,Showroom,NV18,Đã giao
DH001761,KH0272,11/07/2026 23:25:00,Showroom,NV25,Đã giao
DH008565,KH0352,14/12/2025 13:01:00,Ban le,NV03,Đã giao
DH9900066,KH0034,20/04/2026 16:24:00,Đại lý,NV06,Đã giao
DH003925,KH0212,11/15/2025 03:34:00,Bán lẻ trực tiếp,NV01,Đã giao
DH000249,KH0367,17/09/2024 21:08:00,Đại lý,NV13,Đã giao
DH003964,KH0402,11/10/2024 05:12:00,Shopee,NV18,Đang xử lý
DH003335,KH0070,04/07/2026 22:50:00,Bán lẻ trực tiếp,NV25,Đã giao
DH001929,KH0140,31/05/2025 03:28:00,Đại lý,NV17,Đã hủy
DH000009,KH0446,12/01/2026 11:12:00,TMĐT - Tiki,NV02,Đã giao
DH007472,KH0325,01/12/2024 19:19:00,Sàn Shopee,NV20,Đã giao
DH005142,KH0447,25/11/2024 01:02:00,Đại lý,NV26,Đã giao
DH007079,KH0147,17/07/2026 18:50:00,Ban le,NV28,Đã giao
DH005571,KH0428,29/10/2025 07:05:00,TMĐT - Tiki,NV30,Đã hủy
DH010282,KH0367,08/08/2025 20:11:00,Lazada,NV25,Đã giao
DH011431,KH0198,12/10/2025 15:13:00,Ban le,NV01,Đã giao
DH008473,KH0445,03/11/2024 20:29:00,Ban le,NV21,Đã giao
DH008880,KH0442,31/12/2025 08:49:00,Sàn Lazada,NV18,Đã giao
DH006094,KH0140,05/03/2025 14:31:00,Đại lý,NV25,Mới
DH002697,KH0155,28/04/2026 01:07:00,Sàn Shopee,NV23,Đã giao
DH010104,KH0096,08/04/2025 03:32:00,Sàn Shopee,NV20,Đã giao
DH006947,KH0155,29/10/2025 17:18:00,Đại lý,NV16,Đã giao
DH011452,KH0227,14/11/2025 06:56:00,Đại lý,NV04,Đã giao
DH000684,KH0344,12/11/2025 09:29:00,Sàn Shopee,NV19,Đã giao
DH003707,KH0187,01/11/2024 10:59:00,TMĐT - Tiki,NV20,Trả hàng
DH011199,KH0281,21/10/2024 08:19:00,Shopee,NV30,Đã giao
DH005172,KH0070,13/08/2024 14:13:00,Sàn Lazada,NV27,Đã giao
DH011150,KH0151,02/07/2026 13:38:00,TMĐT - Tiki,NV18,Đã giao
DH002025,KH0445,20/12/2024 10:19:00,TMĐT - Tiki,NV15,Đã giao
DH007277,KH0281,18/01/2025 12:38:00,Sàn Lazada,NV03,Đã giao
DH001253,KH0278,14/01/2025 15:19:00,Showroom,NV14,Đã giao
DH004019,KH0257,07/09/2025 21:45:00,Sàn Lazada,NV24,Đã giao
DH007015,KH0051,24/10/2024 04:31:00,Lazada,NV04,Mới
DH007479,KH0155,02/07/2025 06:07:00,Bán lẻ,NV26,Đã giao
DH008012,KH0390,13/05/2025 05:39:00,Sàn Shopee,NV07,Đã giao
DH001368,KH0070,04/05/2025 11:36:00,Lazada,NV17,Đang xử lý
DH002100,KH0314,02/09/2024 04:36:00,Đại lý,NV26,Đã giao
DH005352,KH0397,14/01/2025 15:01:00,TMĐT - Lazada,NV30,Đã giao
DH000227,KH9006,11/07/2025 11:04:00,Showroom,NV24,Đã giao
DH010480,KH0397,24/10/2025 09:57:00,Bán lẻ,NV03,Đã giao
DH007337,KH0365,30/07/2026 12:29:00,Bán lẻ,NV04,Đã giao
DH008666,KH0105,09/11/2025 19:47:00,Sàn Lazada,NV07,Đang xử lý
DH003090,KH0391,29/08/2024 01:15:00,TMĐT - Shopee,NV25,Đã giao
DH011738,KH0110,14/07/2026 23:11:00,Bán lẻ,NV28,Đã giao
DH011416,KH0141,16/10/2024 04:39:00,Sàn Shopee,NV24,Đã giao
DH000069,KH0220,19/06/2026 17:43:00,Đại lý,NV03,Trả hàng
DH008141,,22/06/2025 09:10:00,Ban le,NV15,Đang xử lý
DH009277,KH0155,06/06/2026 15:07:00,Shopee,NV12,Đã giao
DH001681,KH0290,15/11/2024 23:52:00,Bán lẻ,NV24,Đã giao
DH000299,KH0262,16/11/2025 03:22:00,Showroom,NV12,Đã giao
DH006837,KH0201,08/02/2026 13:22:00,Showroom,NV06,Đã giao
DH008070,KH0265,18/12/2024 11:26:00,Shopee,NV14,Đã giao
DH002760,KH0264,01/01/2025 09:01:00,Đại lý,NV20,Đang xử lý
DH011537,KH0413,22/10/2024 05:38:00,Sàn Lazada,NV24,Đã giao
DH007801,KH0113,2025-05-02 18:50:00,Showroom,NV13,Đang xử lý
DH001667,KH0227,09/10/2025 06:45:00,Đại lý,NV04,Đã giao
DH006655,KH0035,21/12/2024 21:05:00,Đại lý,NV17,Đã giao
DH009980,KH0314,11/06/2025 18:19:00,Đại lý,NV07,Đang xử lý
DH002910,KH0242,22/01/2026 04:33:00,Sàn Lazada,NV08,Mới
DH004499,KH0098,30/03/2026 16:49:00,Sàn Shopee,NV23,Đã giao
DH006189,KH0421,18/02/2025 04:54:00,Đại lý,NV03,Đã giao
DH004299,KH0442,03/01/2026 22:38:00,Đại lý,NV12,Đã giao
DH001098,KH0239,2025-10-27 08:47:00,Đại lý,NV04,Đã hủy
DH009746,KH0391,09/11/2024 09:08:00,TMĐT - Tiki,NV21,Đã giao
DH010290,KH0397,17/02/2025 12:19:00,Shopee,NV11,Đã giao
DH004093,KH0365,08/12/2024 22:05:00,Bán lẻ,NV05,Đã hủy
DH001820,KH0183,25/03/2025 22:20:00,Showroom,NV06,Đã giao
DH010702,KH0120,06/07/2026 21:30:00,Sàn Lazada,NV18,Đã giao
DH008759,KH0215,26/09/2025 04:13:00,Showroom,NV22,Đã giao
DH008502,KH0397,14/09/2025 09:02:00,Ban le,NV11,Đã giao
DH008486,,23/08/2025 09:46:00,Sàn Lazada,NV17,Đã giao
DH006733,KH0262,23/09/2025 08:38:00,Showroom,NV30,Đã hủy
DH006247,KH0184,29/04/2025 21:57:00,Showroom,NV18,Đã giao
DH007428,KH0089,19/10/2025 13:14:00,Shopee,NV12,Đang xử lý
DH003054,KH0087,07/09/2024 01:51:00,Bán lẻ,NV02,Đã giao
DH000432,KH0446,09/02/2025 03:16:00,Bán lẻ,NV24,Đã hủy
DH005485,KH0088,04/03/2025 09:19:00,Showroom,NV16,Đã giao
DH003036,KH0412,29/06/2025 05:46:00,Đại lý,NV06,Đã giao
DH001005,KH0381,27/07/2026 09:01:00,Đại lý,NV06,Đã giao
DH005970,KH0227,23/03/2026 00:38:00,Showroom,NV11,Đã giao
DH001574,KH0447,22/06/2025 04:03:00,Showroom,NV30,Đã giao
DH000407,KH0187,16/03/2026 05:51:00,Lazada,NV13,Trả hàng
DH003648,,22/12/2025 10:50:00,Sàn Shopee,NV19,Đã giao
DH001725,KH0412,16/08/2025 05:38:00,Bán lẻ trực tiếp,NV05,Đã giao
DH008977,KH0376,18/04/2026 18:58:00,Showroom,NV16,Đã giao
DH011936,KH0227,12/06/2025 06:54:00,Đại lý,NV27,Đã giao
DH010625,KH0021,04/06/2026 10:34:00,TMĐT - Tiki,NV02,Đã hủy
DH009639,KH0420,23/07/2026 19:23:00,TMĐT - Tiki,NV18,Đang xử lý
DH005398,KH0155,15/11/2025 04:45:00,TMĐT - Tiki,NV12,Đã giao
DH002207,KH0243,10/08/2024 20:32:00,Sàn Lazada,NV13,Đã giao
DH008650,KH0344,15/03/2025 02:42:00,Đại lý,NV23,Trả hàng
DH010751,KH0325,28/05/2025 00:52:00,Bán lẻ,NV26,Đã giao
DH004039,KH0391,03/10/2025 21:27:00,TMĐT - Tiki,NV16,Đã giao
DH006903,KH0070,28/03/2026 17:47:00,Sàn Shopee,NV30,Đã hủy
DH003413,KH0281,01/03/2025 02:04:00,Sàn Lazada,NV03,Đã giao
DH008459,KH0328,21/12/2024 12:00:00,Đại lý,NV21,Đã giao
DH004280,KH9013,16/04/2025 02:21:00,Shopee,NV08,Đã giao
DH006601,KH0155,30/07/2025 12:06:00,Showroom,NV06,Đã giao
DH011847,KH0231,01/07/2025 08:46:00,Showroom,NV29,Đã hủy
DH002153,KH0289,02/02/2025 05:20:00,Shopee,NV06,Đã hủy
DH004031,KH0122,19/04/2026 10:40:00,Bán lẻ,NV23,Đã giao
DH007063,KH9011,01/07/2025 19:11:00,Sàn Lazada,NV02,Đã giao
DH010373,,09/12/2025 04:47:00,Shopee,NV29,Đã giao
DH005934,KH0390,16/11/2025 12:27:00,Đại lý,NV30,Đã giao
DH001198,KH0071,10/01/2025 19:52:00,Ban le,NV26,Đã giao
DH010446,KH0408,22/09/2024 09:59:00,Đại lý,NV21,Đang xử lý
DH008222,KH0391,18/11/2025 11:52:00,Đại lý,NV09,Đã giao
DH004720,KH0402,14/01/2025 21:57:00,Đại lý,NV28,Đã hủy
DH011574,KH0433,29/12/2024 18:34:00,Đại lý,NV12,Đã giao
DH011355,KH0220,20/05/2025 01:56:00,Ban le,NV21,Đã giao
DH008870,KH0266,19/03/2026 21:14:00,Đại lý,NV15,Đã giao
DH001375,KH0400,02/12/2024 09:56:00,Bán lẻ trực tiếp,NV11,Đã giao
DH006764,KH0105,03/06/2025 13:43:00,TMĐT - Shopee,NV15,Mới
DH005956,KH0075,09/12/2025 09:47:00,Bán lẻ,NV05,Đã giao
DH010127,KH0199,03/06/2025 20:31:00,TMĐT - Tiki,NV12,Đã giao
DH001073,KH0367,15/11/2025 02:00:00,Showroom,NV28,Đang xử lý
DH005298,KH0046,16/05/2025 13:48:00,Ban le,NV09,Đã giao
DH002437,KH0341,01/09/2024 06:54:00,Đại lý,NV28,Đã giao
DH006157,KH0093,18/12/2025 18:34:00,Đại lý,NV16,Đã giao
DH010705,KH0427,19/11/2024 05:35:00,Lazada,NV13,Đã giao
DH003313,KH0113,29/05/2026 01:57:00,Lazada,NV20,Đã giao
DH010057,KH0183,29/03/2025 06:06:00,Sàn Shopee,NV06,Đang xử lý
DH003158,KH9007,14/09/2025 17:03:00,Bán lẻ,NV06,Đã giao
DH002647,KH0241,26/08/2024 11:53:00,Lazada,NV20,Đã hủy
DH003938,KH0083,25/07/2026 14:00:00,TMĐT - Tiki,NV11,Đã giao
DH006570,KH0218,02/06/2026 01:17:00,Showroom,NV02,Đã giao
DH008322,,03/08/2024 22:43:00,Sàn Shopee,NV10,Đã giao
DH001364,KH0446,16/01/2025 01:47:00,Lazada,NV06,Đang xử lý
DH001803,KH0421,04/10/2024 07:13:00,Showroom,NV24,Đã giao
DH003232,KH0184,13/12/2024 20:05:00,Sàn Shopee,NV08,Đã giao
DH003267,,04/04/2025 04:55:00,Sàn Lazada,NV08,Đã hủy
DH007618,KH0009,31/01/2025 17:29:00,Sàn Shopee,NV18,Đã giao
DH001973,KH0374,04/01/2026 23:24:00,Bán lẻ,NV10,Trả hàng
DH009466,KH0008,14/02/2025 19:51:00,Showroom,NV28,Đã giao
DH010449,KH0364,28/12/2025 00:10:00,Lazada,NV14,Đã giao
DH005759,KH0135,27/04/2025 05:02:00,Showroom,NV09,Đã giao
DH008325,KH0141,23/06/2025 14:20:00,Ban le,NV14,Đang xử lý
DH000467,KH0396,18/06/2026 13:13:00,TMĐT - Tiki,NV16,Đã giao
DH001013,KH0296,18/03/2026 07:54:00,Sàn Shopee,NV16,Đã giao
DH000056,KH0394,06/29/2026 12:56:00,Bán lẻ,NV26,Mới
DH006007,KH0288,10/07/2026 17:46:00,Đại lý,NV06,Trả hàng
DH008772,KH0051,30/09/2024 11:44:00,Đại lý,NV29,Đã giao
DH007704,KH0359,21/06/2025 21:53:00,Sàn Shopee,NV29,Đã giao
DH004143,KH0005,10/05/2026 10:45:00,Bán lẻ,NV04,Mới
DH009194,KH0390,24/06/2026 08:11:00,TMĐT - Lazada,NV14,Đã giao
DH011856,KH0265,17/12/2025 20:39:00,Lazada,NV24,Đã giao
DH011182,KH0412,09/11/2024 16:12:00,Bán lẻ,NV04,Đã giao
DH010382,KH0063,07/01/2025 12:52:00,Bán lẻ,NV29,Đã hủy
DH001875,KH0046,13/05/2025 14:19:00,TMĐT - Tiki,NV05,Đã giao
DH003161,KH0186,01/12/2025 19:48:00,Shopee,NV10,Đang xử lý
DH004398,KH0156,15/06/2026 22:54:00,Showroom,NV21,Đã hủy
DH004254,KH0409,19/12/2025 03:07:00,Bán lẻ,NV16,Đã giao
DH005095,KH0406,22/11/2024 19:38:00,Showroom,NV28,Đã giao
DH007512,KH0070,13/11/2025 03:22:00,Sàn Shopee,NV10,Đã giao
DH006174,KH0044,09/10/2025 11:28:00,Showroom,NV07,Đang xử lý
DH008563,KH0436,03/01/2026 11:13:00,Showroom,NV06,Đã giao
DH009225,KH0349,11/11/2025 01:44:00,TMĐT - Lazada,NV10,Đã giao
DH010283,KH0113,12/11/2025 05:33:00,TMĐT - Tiki,NV16,Đã giao
DH010708,KH0231,02/01/2026 13:42:00,Showroom,NV01,Đã giao
DH006182,KH0438,22/09/2024 05:01:00,Lazada,NV08,Mới
DH005286,KH0280,10/01/2026 16:10:00,Bán lẻ,NV28,Đã giao
DH000474,KH0262,16/10/2024 04:41:00,Sàn Lazada,NV14,Đã giao
DH008349,KH0016,06/11/2024 05:32:00,Showroom,NV09,Đã giao
DH011927,KH0323,08/08/2025 01:53:00,TMĐT - Tiki,NV12,Đã giao
DH000276,KH0003,22/02/2025 01:06:00,Shopee,NV05,Đã hủy
DH011444,KH0391,31/07/2026 21:07:00,Showroom,NV04,Đã giao
DH002635,KH0113,13/11/2025 03:12:00,Lazada,NV23,Trả hàng
DH008641,KH0135,14/09/2025 22:51:00,Sàn Lazada,NV17,Trả hàng
DH002293,KH0155,24/04/2026 19:07:00,Showroom,NV21,Đang xử lý
DH001634,KH0141,17/12/2024 14:11:00,Sàn Shopee,NV01,Đã giao
DH007011,KH0442,11/03/2026 16:20:00,TMĐT - Shopee,NV13,Đã giao
DH002284,KH0229,22/03/2025 00:43:00,Đại lý,NV10,Đã giao
DH009345,KH0246,01/04/2025 13:59:00,Ban le,NV14,Đã giao
DH002115,KH0397,04/06/2025 21:52:00,Lazada,NV27,Đã giao
DH011015,KH0442,06/12/2024 23:31:00,TMĐT - Tiki,NV19,Đã giao
DH009430,KH0074,09/02/2025 16:11:00,Bán lẻ,NV16,Đã giao
DH003838,KH0012,22/04/2025 21:26:00,Showroom,NV10,Đã giao
DH010274,KH0155,02/11/2025 11:24:00,Sàn Lazada,NV07,Đã giao
DH011240,KH0003,09/01/2026 05:25:00,Đại lý,NV13,Đã giao
DH000390,KH0281,06/01/2025 01:44:00,Shopee,NV07,Đang xử lý
DH010679,,12/03/2025 11:38:00,Sàn Shopee,NV02,Mới
DH005567,KH0298,16/02/2025 01:30:00,Sàn Shopee,NV12,Đã giao
DH002935,KH0113,22/01/2025 10:51:00,Showroom,NV04,Đã hủy
DH007066,KH0288,22/07/2025 02:20:00,TMĐT - Tiki,NV13,Đã giao
DH003356,KH0391,16/08/2025 16:42:00,Shopee,NV09,Đã giao
DH006637,KH0391,01/02/2025 02:34:00,Showroom,NV27,Đã giao
DH006403,KH0280,17/03/2025 07:08:00,Shopee,NV30,Đã giao
DH010842,,02/04/2025 03:55:00,Ban le,NV10,Đã giao
DH011254,KH0447,30/05/2026 20:05:00,Showroom,NV21,Mới
DH006462,KH0229,19/11/2025 06:27:00,Showroom,NV04,Trả hàng
DH006085,KH0002,12/01/2026 12:06:00,Sàn Lazada,NV04,Đã giao
DH001435,KH0383,30/01/2026 00:17:00,TMĐT - Tiki,NV10,Đã giao
DH005654,KH0177,17/01/2025 00:09:00,Lazada,NV21,Mới
DH010153,KH0442,24/10/2025 20:37:00,Đại lý,NV12,Đã giao
DH005058,KH0051,16/11/2024 06:06:00,Sàn Shopee,NV27,Mới
DH009836,KH0215,2025-10-29 20:10:00,Sàn Lazada,NV07,Đã giao
DH001281,KH0046,28/07/2026 06:28:00,Đại lý,NV28,Đã giao
DH010828,KH0194,19/08/2025 12:01:00,TMĐT - Tiki,NV21,Đã giao
DH001649,,08/04/2026 18:02:00,TMĐT - Tiki,NV13,Đã giao
DH003236,KH0241,24/11/2024 13:34:00,TMĐT - Tiki,NV19,Đã giao
DH000586,KH0214,01/05/2025 14:46:00,Bán lẻ,NV19,Đã hủy
DH9900044,KH0400,05/04/2026 09:34:00,TMĐT - Tiki,NV07,Đã hủy
DH004288,KH0289,09/12/2024 22:31:00,Showroom,NV12,Đã giao
DH001183,KH0402,07/13/2026 01:05:00,Đại lý,NV29,Đã giao
DH010545,KH0391,05/07/2025 00:50:00,TMĐT - Tiki,NV01,Đã giao
DH007307,KH0428,12/08/2024 22:12:00,TMĐT - Tiki,NV04,Đã giao
DH011176,KH0035,24/02/2025 02:17:00,Bán lẻ,NV04,Đã giao
DH005612,KH0262,13/01/2025 21:33:00,TMĐT - Tiki,NV19,Đã giao
DH010109,KH0384,18/01/2026 11:58:00,TMĐT - Tiki,NV11,Đã giao
DH002113,KH0447,12/04/2026 19:34:00,Sàn Lazada,NV10,Đã giao
DH001529,KH0257,11/12/2025 08:15:00,Đại lý,NV30,Đã hủy
DH004665,KH0446,05/12/2024 06:58:00,Bán lẻ,NV23,Đã giao
DH009791,KH0246,30/10/2025 13:53:00,TMĐT - Tiki,NV01,Đang xử lý
DH005963,KH0306,22/01/2026 17:47:00,Đại lý,NV30,Đang xử lý
DH007908,KH0076,10/12/2025 09:48:00,Showroom,NV21,Đã giao
DH010107,KH0143,02/07/2025 04:36:00,Bán lẻ,NV26,Đã giao
DH004794,KH0155,09/09/2024 06:45:00,TMĐT - Tiki,NV04,Đã giao
DH001979,KH0216,26/03/2026 02:19:00,Sàn Lazada,NV14,Đã giao
DH009483,KH0140,08/07/2026 09:31:00,TMĐT - Tiki,NV17,Đã giao
DH008898,KH0412,16/12/2024 03:06:00,Shopee,NV15,Đang xử lý
DH010035,KH0051,30/01/2026 12:24:00,Bán lẻ,NV18,Đang xử lý
DH004664,KH0147,04/05/2026 01:45:00,TMĐT - Tiki,NV07,Đã giao
DH005491,KH0070,04/11/2025 14:21:00,TMĐT - Tiki,NV02,Mới
DH003432,KH0211,01/09/2024 15:46:00,Shopee,NV20,Đã giao
DH003902,KH0314,01/12/2024 23:54:00,Showroom,NV09,Đã giao
DH009591,KH0314,11/04/2026 07:38:00,Shopee,NV19,Đã giao
DH006693,KH0253,25/12/2025 07:52:00,TMĐT - Tiki,NV13,Đã giao
DH009498,KH0162,27/05/2025 18:38:00,Đại lý,NV14,Đã giao
DH011186,KH0054,18/06/2026 13:40:00,Đại lý,NV22,Đã giao
DH009470,KH0259,25/05/2026 17:58:00,Lazada,NV13,Đang xử lý
DH9900034,KH0070,24/12/2025 07:13:00,Đại lý,NV05,Đã hủy
DH005149,KH0436,02/04/2026 00:07:00,TMĐT - Lazada,NV04,Đã giao
DH010032,KH0222,25/12/2025 04:52:00,Showroom,NV09,Đã giao
DH002119,,20/10/2024 17:13:00,Đại lý,NV06,Đã giao
DH004387,KH0220,31/07/2025 16:00:00,Showroom,NV01,Đã giao
DH005857,KH0012,26/12/2024 08:55:00,TMĐT - Tiki,NV14,Đã giao
DH011746,KH0051,02/01/2025 21:24:00,Sàn Lazada,NV28,Đã giao
DH002380,KH0135,23/07/2025 02:12:00,Đại lý,NV19,Đã hủy
DH011187,KH0249,06/03/2026 13:53:00,TMĐT - Shopee,NV21,Trả hàng
DH005635,KH0187,06/05/2025 15:14:00,TMĐT - Tiki,NV06,Đã giao
DH004462,KH0248,30/12/2024 12:02:00,Ban le,NV27,Trả hàng
DH002555,KH0071,03/08/2024 11:29:00,Đại lý,NV17,Mới
DH004952,KH0421,26/10/2025 11:35:00,Đại lý,NV13,Đã giao
DH001197,KH0021,20/02/2026 23:31:00,Showroom,NV20,Đã giao
DH009778,KH0314,20/12/2025 16:50:00,Bán lẻ,NV04,Đã giao
DH011190,KH0365,11/12/2024 07:09:00,TMĐT - Shopee,NV21,Đã giao
DH006619,KH0442,06/04/2026 03:05:00,Đại lý,NV25,Đã giao
DH000881,KH0442,17/03/2025 08:34:00,Đại lý,NV26,Đã giao
DH008103,KH0262,05/10/2025 04:07:00,Sàn Lazada,NV29,Đang xử lý
DH003800,KH9013,21/01/2025 10:32:00,Ban le,NV15,Đang xử lý
DH010184,KH0384,02/10/2025 03:35:00,Sàn Lazada,NV22,Đã giao
DH011131,KH0079,23/02/2025 19:11:00,Bán lẻ,NV15,Đã giao
DH010264,KH0368,19/06/2026 18:09:00,Bán lẻ,NV27,Đã giao
DH002263,KH0039,05/09/2025 12:02:00,Lazada,NV20,Đã giao
DH009526,KH0436,26/11/2025 11:32:00,Đại lý,NV19,Đã hủy
DH011438,KH0141,10/09/2025 21:24:00,Showroom,NV30,Đã giao
DH009289,KH0306,22/12/2025 21:15:00,Sàn Shopee,NV14,Đã giao
DH005643,KH9003,04/07/2025 08:55:00,Shopee,NV05,Đang xử lý
DH008907,KH0337,27/07/2025 17:25:00,Sàn Lazada,NV26,Đã giao
DH006892,KH0306,27/10/2024 17:56:00,Shopee,NV02,Mới
DH009353,KH0421,27/07/2025 00:15:00,Ban le,NV24,Đã giao
DH003833,KH0140,17/10/2025 20:07:00,Bán lẻ,NV06,Đang xử lý
DH001526,KH0227,04/09/2024 00:30:00,TMĐT - Shopee,NV16,Đã giao
DH008283,KH0002,04/02/2026 01:18:00,Đại lý,NV11,Đã hủy
DH002586,KH0070,23/06/2026 05:44:00,Sàn Shopee,NV13,Đã hủy
DH004399,KH0428,29/01/2026 05:32:00,Ban le,NV09,Đã giao
DH002516,KH0250,31/12/2025 16:33:00,Showroom,NV08,Đã giao
DH009216,KH0313,30/06/2025 02:23:00,Đại lý,NV30,Đã giao
DH001747,KH0187,29/12/2025 05:17:00,Bán lẻ,NV20,Đang xử lý
DH008444,KH0229,13/09/2024 15:09:00,TMĐT - Tiki,NV04,Trả hàng
DH010088,KH0361,10/07/2026 08:26:00,Ban le,NV09,Đã giao
DH002236,KH0034,04/02/2026 13:31:00,Shopee,NV12,Đã giao
DH002198,KH0365,16/05/2025 12:10:00,Showroom,NV03,Đang xử lý
DH011021,KH0140,13/04/2025 21:03:00,Lazada,NV07,Đã giao
DH010077,KH0409,04/05/2026 10:40:00,Lazada,NV29,Đã giao
DH010980,KH0391,22/01/2025 07:26:00,Shopee,NV13,Đã giao
DH004513,KH0064,17/07/2025 09:35:00,Ban le,NV26,Đã giao
DH004291,KH0257,06/10/2025 05:20:00,Showroom,NV23,Đã giao
DH9900146,KH0070,04/11/2025 03:19:00,Ban le,NV05,Đã giao
DH009058,KH0100,09/05/2026 20:51:00,Sàn Shopee,NV04,Đã giao
DH004349,KH0262,19/12/2025 08:57:00,TMĐT - Tiki,NV27,Đã giao
DH009845,KH0302,02/07/2025 10:42:00,Showroom,NV28,Đã giao
DH007187,KH0199,12/08/2024 21:36:00,Bán lẻ,NV27,Đã giao
DH001660,KH0031,26/11/2024 08:59:00,TMĐT - Tiki,NV19,Đã giao
DH001632,,13/11/2025 20:48:00,Đại lý,NV19,Đã giao
DH006009,KH0261,08/12/2025 10:42:00,Showroom,NV13,Đã giao
DH003014,KH0119,06/01/2026 20:09:00,Showroom,NV16,Đã hủy
DH000401,KH0141,09/05/2025 08:00:00,Showroom,NV02,Đã giao
DH002691,KH0384,07/05/2026 21:26:00,Lazada,NV08,Đã giao
DH006736,KH0109,18/01/2025 17:58:00,Ban le,NV08,Đã giao
DH001381,KH0227,19/11/2025 09:36:00,Shopee,NV17,Mới
DH007804,KH0075,23/09/2024 08:58:00,Đại lý,NV16,Đã giao
DH010372,KH0323,06/12/2024 10:41:00,Lazada,NV11,Đã giao
DH009865,KH0268,29/10/2025 04:26:00,Sàn Shopee,NV20,Đang xử lý
DH006482,KH0051,01/12/2025 06:45:00,TMĐT - Tiki,NV17,Mới
DH010585,KH0155,19/09/2024 09:44:00,Sàn Shopee,NV10,Mới
DH007589,KH0274,06/09/2025 13:31:00,TMĐT - Tiki,NV30,Đã giao
DH006446,,06/07/2025 03:55:00,Shopee,NV09,Đã giao
DH010474,KH0367,20/05/2026 21:27:00,TMĐT - Tiki,NV11,Đã giao
DH004056,KH0001,02/12/2026 22:55:00,Sàn Lazada,NV22,Đã giao
DH006854,KH0347,05/04/2025 06:09:00,Showroom,NV16,Đang xử lý
DH010932,KH0391,24/02/2025 00:40:00,Ban le,NV02,Đã giao
DH000381,KH0406,24/06/2026 21:42:00,TMĐT - Tiki,NV11,Đã giao
DH000163,KH0070,20/04/2025 20:35:00,Lazada,NV19,Đã giao
DH009381,KH0391,13/02/2026 10:08:00,Đại lý,NV10,Đã giao
DH001855,KH0389,18/07/2025 06:15:00,Showroom,NV27,Đang xử lý
DH010867,KH0419,07/01/2025 15:19:00,Đại lý,NV11,Đã giao
DH009793,KH0447,02/02/2026 07:45:00,Showroom,NV27,Đã giao
DH007578,KH0265,20/12/2024 20:31:00,TMĐT - Tiki,NV07,Đã giao
DH011088,KH0391,17/09/2024 21:42:00,Bán lẻ,NV08,Đã giao
DH002487,KH0442,12/01/2025 19:49:00,Bán lẻ,NV03,Đã giao
DH011777,KH0246,29/06/2025 07:53:00,Ban le,NV30,Đã giao
DH008027,KH0445,20/01/2025 13:27:00,Showroom,NV30,Đang xử lý
DH005528,KH0394,04/01/2026 18:08:00,Đại lý,NV28,Đã giao
DH010241,KH0002,11/05/2025 13:19:00,TMĐT - Tiki,NV23,Đã giao
DH008429,KH0442,31/07/2025 17:37:00,TMĐT - Tiki,NV22,Đã giao
DH005715,KH0227,29/04/2025 09:53:00,Shopee,NV14,Đã giao
DH007966,KH0391,28/05/2025 16:39:00,TMĐT - Tiki,NV03,Đã giao
DH003185,,04/12/2024 09:36:00,Sàn Lazada,NV22,Trả hàng
DH003281,KH0012,15/06/2026 23:53:00,Lazada,NV13,Đã giao
DH001417,,06/01/2026 09:09:00,TMĐT - Tiki,NV11,Đang xử lý
DH001137,KH0306,31/05/2025 18:08:00,Shopee,NV05,Trả hàng
DH004550,KH0034,13/04/2025 14:23:00,Đại lý,NV09,Đã giao
DH008232,KH0422,2024-11-22 20:53:00,Bán lẻ,NV29,Đã giao
DH008817,KH0002,26/10/2025 03:08:00,Lazada,NV26,Đã giao
DH000607,KH0120,02/09/2025 15:46:00,TMĐT - Tiki,NV22,Đã giao
DH003605,KH0272,21/02/2026 16:28:00,Showroom,NV12,Đã giao
DH004035,KH0201,06/01/2026 16:54:00,Đại lý,NV02,Đã giao
DH007252,KH0330,06/04/2025 07:45:00,Đại lý,NV16,Đã giao
DH004726,KH0183,13/07/2026 05:19:00,Đại lý,NV15,Đã giao
DH006740,KH0268,03/09/2025 02:28:00,Sàn Shopee,NV05,Mới
DH006130,KH0249,19/07/2026 14:47:00,Bán lẻ trực tiếp,NV12,Đã giao
DH008422,KH0035,21/12/2024 05:03:00,Lazada,NV25,Đang xử lý
DH007059,KH0439,26/01/2026 11:35:00,Lazada,NV29,Trả hàng
DH007251,KH0303,03/03/2025 11:53:00,Đại lý,NV30,Mới
DH9900028,KH0114,10/08/2025 01:33:00,Sàn Lazada,NV15,Đã giao
DH010595,KH0346,24/01/2026 01:24:00,Bán lẻ,NV18,Đã giao
DH007890,KH0391,25/11/2024 01:02:00,Sàn Shopee,NV19,Đã giao
DH003721,KH0087,15/01/2025 10:19:00,Sàn Lazada,NV13,Đã giao
DH007222,KH0246,02/08/2024 18:02:00,Sàn Shopee,NV14,Đã giao
DH000362,KH0268,26/04/2025 22:38:00,TMĐT - Tiki,NV22,Đã giao
DH009602,KH0215,13/09/2025 23:04:00,Ban le,NV26,Đã giao
DH008266,KH0297,25/10/2024 00:48:00,Đại lý,NV13,Đã giao
DH007241,KH0409,06/08/2025 12:02:00,Sàn Lazada,NV13,Đã giao
DH005851,KH0114,22/09/2024 11:21:00,Sàn Shopee,NV09,Đang xử lý
DH006405,KH0246,22/06/2025 03:08:00,Sàn Shopee,NV12,Đã giao
DH006006,KH0400,06/08/2025 23:13:00,Showroom,NV03,Đã giao
DH005296,KH0413,26/02/2026 16:37:00,Sàn Lazada,NV16,Đang xử lý
DH9900011,KH0365,19/05/2025 18:44:00,Lazada,NV30,Đã giao
DH009457,KH0242,22/12/2024 12:19:00,Lazada,NV29,Trả hàng
DH009314,KH0421,22/10/2025 03:21:00,Sàn Lazada,NV13,Đã giao
DH009252,KH0404,22/02/2026 05:44:00,Sàn Shopee,NV02,Đang xử lý
DH003144,KH0274,24/12/2025 17:13:00,Shopee,NV29,Đã giao
DH006478,KH0113,23/05/2026 11:22:00,Sàn Lazada,NV21,Trả hàng
DH008146,KH0327,20/12/2025 02:28:00,Sàn Lazada,NV30,Đã giao
DH006507,KH0447,21/08/2025 03:21:00,Sàn Shopee,NV26,Đã giao
DH004545,KH0193,12/08/2025 12:08:00,Đại lý,NV01,Đã giao
DH001548,KH0140,28/11/2024 19:50:00,TMĐT - Tiki,NV09,Đã giao
DH004125,KH0141,31/03/2025 15:29:00,Showroom,NV06,Đã giao
DH001566,KH0266,10/07/2026 18:27:00,TMĐT - Tiki,NV21,Đã giao
DH008005,KH0034,18/04/2026 22:19:00,Sàn Shopee,NV13,Đã giao
DH005113,KH0268,25/06/2025 22:18:00,TMĐT - Tiki,NV09,Đang xử lý
DH007733,KH0262,09/06/2026 12:48:00,Sàn Shopee,NV05,Đã giao
DH001265,KH0314,29/10/2025 04:54:00,TMĐT - Tiki,NV03,Đã giao
DH011591,KH0447,05/09/2025 20:10:00,Showroom,NV27,Đã giao
DH008778,KH0337,30/10/2024 00:13:00,Đại lý,NV02,Đã giao
DH002086,KH0141,19/01/2026 04:06:00,Đại lý,NV11,Đã giao
DH000737,KH0394,05/11/2025 06:19:00,TMĐT - Tiki,NV02,Đã giao
DH002213,KH0104,04/10/2025 00:22:00,Sàn Shopee,NV25,Đã giao
DH011144,KH0070,21/01/2026 01:31:00,Đại lý,NV07,Đã giao
DH9900108,KH0025,11/12/2024 21:04:00,Đại lý,NV29,Mới
DH005673,KH0305,19/02/2026 04:14:00,Bán lẻ trực tiếp,NV07,Đã giao
DH004286,KH0360,20/07/2025 15:40:00,Đại lý,NV08,Đang xử lý
DH004657,KH0044,24/09/2025 00:47:00,Đại lý,NV23,Đã giao
DH001864,KH0008,31/07/2025 11:25:00,Lazada,NV02,Đã giao
DH004082,KH0224,24/10/2025 19:22:00,Sàn Shopee,NV14,Đã giao
DH009909,KH0056,28/07/2025 08:47:00,Đại lý,NV20,Đã giao
DH002548,KH0002,20/10/2024 20:03:00,Shopee,NV13,Đã giao
DH006040,KH0415,01/07/2025 05:30:00,TMĐT - Tiki,NV02,Đã giao
DH008864,KH0395,07/05/2026 16:27:00,Lazada,NV17,Đã giao
DH009729,KH0246,28/07/2026 17:58:00,TMĐT - Lazada,NV14,Mới
DH002362,KH0204,01/06/2026 09:10:00,Shopee,NV03,Đang xử lý
DH005616,KH0262,13/09/2025 11:12:00,Đại lý,NV12,Đã giao
DH010871,KH0391,01/04/2026 03:59:00,Lazada,NV12,Đã giao
DH001914,KH0227,24/05/2025 13:48:00,Đại lý,NV12,Đang xử lý
DH000825,KH0272,01/12/2025 16:13:00,Bán lẻ,NV29,Đang xử lý
DH010007,KH0406,07/04/2025 14:32:00,Ban le,NV16,Đã giao
DH004382,KH0389,25/10/2024 03:33:00,Sàn Lazada,NV30,Đã giao
DH009966,KH0442,15/05/2025 13:53:00,Sàn Lazada,NV26,Đã giao
DH010193,KH0053,06/03/2025 15:43:00,Lazada,NV26,Đã giao
DH007438,KH0243,03/03/2026 17:17:00,Shopee,NV16,Trả hàng
DH011707,KH0035,27/10/2025 11:26:00,TMĐT - Tiki,NV05,Đã giao
DH007935,KH0227,05/05/2025 13:37:00,Shopee,NV15,Đã giao
DH002741,KH0199,01/01/2026 10:44:00,Ban le,NV28,Đã giao
DH011435,KH0144,02/04/2025 05:46:00,Ban le,NV17,Đã giao
DH000030,KH0241,22/11/2024 00:24:00,TMĐT - Tiki,NV23,Đang xử lý
DH010217,KH0034,19/10/2025 14:33:00,Sàn Shopee,NV14,Đã hủy
DH002502,KH0130,25/10/2024 12:46:00,Lazada,NV01,Đã giao
DH006800,KH0155,14/05/2025 10:44:00,TMĐT - Tiki,NV25,Đã giao
DH005923,KH0187,07/04/2025 19:38:00,Showroom,NV20,Đã giao
DH004994,KH0262,13/07/2026 23:21:00,Showroom,NV17,Đã giao
DH000421,KH0442,13/12/2024 21:45:00,TMĐT - Tiki,NV22,Đã giao
DH009080,KH0438,06/01/2025 10:44:00,Sàn Lazada,NV09,Đã giao
DH010209,KH0051,03/12/2025 08:59:00,Shopee,NV07,Đã giao
DH000525,KH0026,26/09/2025 06:27:00,Showroom,NV24,Đã giao
DH008195,,26/12/2024 12:37:00,TMĐT - Tiki,NV29,Đã giao
DH001951,KH0379,27/05/2026 07:23:00,Đại lý,NV23,Đã giao
DH005117,KH0135,26/10/2024 14:37:00,Sàn Lazada,NV10,Đã giao
DH010486,KH0151,23/04/2026 19:17:00,Ban le,NV14,Đã giao
DH003052,KH0391,19/09/2024 00:40:00,TMĐT - Lazada,NV11,Đã giao
DH005565,KH0184,03/10/2024 03:37:00,Sàn Shopee,NV17,Đã giao
DH004758,KH0120,19/08/2024 15:56:00,Đại lý,NV08,Đã giao
DH008700,KH0262,05/02/2025 03:45:00,Đại lý,NV03,Đang xử lý
DH001148,KH0367,04/07/2025 09:31:00,Sàn Shopee,NV19,Đang xử lý
DH011140,KH0052,04/12/2024 23:56:00,Sàn Shopee,NV14,Đã giao
DH003550,KH0126,01/02/2026 22:59:00,Đại lý,NV09,Đã giao
DH009227,KH0337,09/27/2024 17:24:00,Shopee,NV02,Đã giao
DH008007,KH0070,06/04/2025 23:43:00,Ban le,NV10,Đang xử lý
DH001732,KH0035,08/06/2025 16:21:00,Showroom,NV04,Đã giao
DH011436,KH0396,05/01/2026 06:43:00,TMĐT - Tiki,NV09,Đã giao
DH008992,KH0127,17/03/2025 17:51:00,TMĐT - Tiki,NV08,Đã giao
DH010338,KH0409,30/06/2026 07:20:00,Đại lý,NV16,Đã hủy
DH009303,KH0442,18/07/2026 16:47:00,Sàn Lazada,NV24,Đang xử lý
DH000994,KH0243,08/12/2025 13:13:00,TMĐT - Tiki,NV28,Đã giao
DH007290,KH0015,09/08/2025 02:17:00,Sàn Shopee,NV27,Đang xử lý
DH002853,KH0135,16/04/2025 06:10:00,Đại lý,NV21,Đã giao
DH000804,KH0198,05/03/2025 06:08:00,Lazada,NV13,Đã giao
DH004073,KH0013,24/02/2026 06:24:00,Showroom,NV25,Đã giao
DH009674,KH0325,25/11/2025 13:57:00,Ban le,NV23,Đã giao
DH011607,KH0358,06/06/2025 22:17:00,Bán lẻ trực tiếp,NV20,Đã giao
DH009132,KH0095,09/06/2025 12:07:00,Đại lý,NV18,Đã giao
DH007194,KH0281,14/07/2026 17:03:00,Đại lý,NV14,Đã giao
DH002817,KH0171,30/04/2026 04:14:00,Đại lý,NV28,Đã giao
DH005997,KH0155,06/10/2025 07:18:00,Đại lý,NV26,Đang xử lý
DH009984,KH0262,05/04/2026 14:46:00,Showroom,NV20,Đã giao
DH001646,KH0063,18/12/2025 02:08:00,Sàn Shopee,NV28,Trả hàng
DH006023,KH0314,22/12/2025 08:05:00,TMĐT - Tiki,NV04,Đã giao
DH011114,KH0347,18/12/2025 11:47:00,TMĐT - Tiki,NV30,Mới
DH001538,KH0399,02/04/2026 12:20:00,Sàn Lazada,NV21,Đã giao
DH004956,KH0394,14/07/2025 22:48:00,TMĐT - Tiki,NV22,Đã giao
DH008174,KH0407,29/07/2026 05:51:00,Shopee,NV10,Đã giao
DH007039,KH0252,02/09/2024 02:40:00,Showroom,NV02,Đã giao
DH008861,KH0039,18/05/2025 12:30:00,Sàn Shopee,NV13,Trả hàng
DH002981,KH0367,04/08/2024 15:01:00,Đại lý,NV10,Đã giao
DH008735,KH0073,05/02/2025 14:38:00,Đại lý,NV16,Đã giao
DH001664,KH0315,07/01/2025 21:21:00,Showroom,NV24,Đang xử lý
DH010527,KH0391,06/04/2025 17:09:00,TMĐT - Tiki,NV05,Đã giao
DH006092,KH0070,14/01/2025 07:52:00,Lazada,NV28,Mới
DH007502,KH0386,03/09/2024 16:22:00,TMĐT - Tiki,NV11,Đã giao
DH003099,KH0071,16/09/2025 16:14:00,Showroom,NV28,Mới
DH006979,KH0155,01/10/2025 11:49:00,TMĐT - Tiki,NV11,Đã giao
DH007283,KH0272,17/10/2025 04:10:00,Lazada,NV30,Đã giao
DH006379,KH0102,31/05/2025 07:50:00,Đại lý,NV15,Đã giao
DH001781,KH0135,15/05/2026 22:03:00,Showroom,NV29,Đã giao
DH010275,KH0158,05/04/2025 20:01:00,Showroom,NV26,Đã giao
DH003319,KH0157,17/01/2026 04:53:00,Bán lẻ,NV27,Đã giao
DH002227,KH0253,12/08/2025 23:27:00,Đại lý,NV05,Đang xử lý
DH010841,KH0021,19/09/2024 22:53:00,Lazada,NV11,Mới
DH009725,KH0031,16/07/2025 06:50:00,Showroom,NV01,Đã giao
DH002728,KH0396,12/02/2026 20:52:00,TMĐT - Tiki,NV08,Đã hủy
DH002444,,28/08/2024 17:59:00,Lazada,NV23,Đã giao
DH005942,KH0367,20/12/2024 02:52:00,TMĐT - Lazada,NV10,Đã giao
DH009275,KH0141,20/12/2025 02:43:00,Đại lý,NV12,Đã giao
DH003608,KH0157,31/08/2025 18:24:00,Đại lý,NV27,Đã giao
DH000087,KH0278,25/04/2025 19:39:00,Ban le,NV01,Đã giao
DH011320,KH0442,19/02/2025 15:30:00,Đại lý,NV23,Đã giao
DH008782,KH0281,26/12/2025 05:18:00,TMĐT - Tiki,NV11,Đã giao
DH000641,KH0041,07/02/2025 04:21:00,Shopee,NV22,Đã giao
DH002695,KH0442,01/03/2026 05:42:00,TMĐT - Tiki,NV12,Đã hủy
DH9900163,KH0328,11/01/2025 14:59:00,Đại lý,NV04,Đã giao
DH002975,KH0365,30/01/2025 00:51:00,Showroom,NV13,Đang xử lý
DH006618,KH0140,27/01/2025 17:54:00,TMĐT - Tiki,NV02,Đã giao
DH004524,KH0436,27/06/2025 12:49:00,Ban le,NV19,Đã giao
DH9900089,KH0130,16/01/2025 12:25:00,TMĐT - Tiki,NV16,Đã giao
DH011711,KH0155,17/12/2024 13:01:00,TMĐT - Tiki,NV14,Đã giao
DH003124,KH0356,12/02/2026 19:41:00,TMĐT - Tiki,NV04,Đang xử lý
DH002808,KH0250,07/09/2025 00:42:00,Showroom,NV22,Đã giao
DH008719,KH0229,31/08/2025 11:43:00,Sàn Lazada,NV29,Đang xử lý
DH010877,KH0248,30/09/2025 19:02:00,Shopee,NV11,Trả hàng
DH002533,,12/06/2025 11:05:00,Shopee,NV06,Đã giao
DH010574,KH0210,08/07/2026 14:35:00,Đại lý,NV04,Đã giao
DH006073,KH0262,28/11/2025 15:46:00,TMĐT - Tiki,NV28,Đã giao
DH009779,KH0239,10/07/2026 04:40:00,Ban le,NV14,Đang xử lý
DH000189,KH0262,30/07/2025 22:18:00,TMĐT - Tiki,NV16,Đã giao
DH004947,KH0409,30/06/2025 17:42:00,Đại lý,NV08,Đã giao
DH008475,KH0352,18/10/2025 00:43:00,Sàn Shopee,NV20,Đã giao
DH006100,KH0155,19/03/2026 01:46:00,Sàn Shopee,NV16,Đã giao
DH003695,KH0114,17/08/2024 12:43:00,Bán lẻ,NV18,Mới
DH007038,KH0366,19/07/2025 00:46:00,Showroom,NV12,Đã giao
DH008952,KH0035,14/12/2024 01:08:00,TMĐT - Tiki,NV18,Đã giao
DH004085,KH0402,26/12/2025 16:23:00,Sàn Shopee,NV27,Đã giao
DH010805,KH0325,08/04/2025 06:28:00,Đại lý,NV09,Đã giao
DH003664,KH0298,13/06/2026 14:45:00,Sàn Shopee,NV05,Đã giao
DH001414,KH0420,28/12/2024 16:20:00,Shopee,NV29,Đã giao
DH004407,KH0274,04/11/2024 15:12:00,Shopee,NV06,Đang xử lý
DH003455,KH0383,16/08/2025 17:31:00,Shopee,NV30,Đã giao
DH006859,KH0295,24/06/2026 02:28:00,Sàn Lazada,NV08,Đã giao
DH011836,KH0447,13/11/2024 10:05:00,Sàn Shopee,NV30,Đã giao
DH011901,KH0446,04/09/2024 15:35:00,TMĐT - Tiki,NV21,Đã giao
DH001712,KH0399,07/10/2025 02:58:00,Đại lý,NV28,Đã giao
DH006340,KH0105,14/11/2024 08:31:00,Sàn Shopee,NV29,Đang xử lý
DH005689,KH0442,24/11/2024 20:48:00,Bán lẻ,NV11,Đã giao
DH008000,KH0391,14/04/2025 03:29:00,Shopee,NV27,Đã giao
DH008334,KH0219,05/09/2024 15:26:00,Bán lẻ,NV27,Đã giao
DH010892,KH0127,22/04/2026 06:10:00,Đại lý,NV18,Mới
DH005778,KH0241,26/06/2025 17:41:00,Sàn Shopee,NV09,Đã giao
DH006599,KH0241,20/11/2025 17:47:00,Lazada,NV10,Đã giao
DH006946,KH0227,30/12/2024 23:15:00,Đại lý,NV15,Mới
DH007980,KH0106,08/12/2025 22:38:00,Shopee,NV01,Đã giao
DH011143,KH0092,17/08/2025 12:53:00,Showroom,NV12,Đã giao
DH008239,KH0259,19/06/2025 16:19:00,Showroom,NV07,Đã giao
DH002138,KH0070,04/03/2026 21:35:00,Đại lý,NV15,Đã giao
DH010675,KH0179,06/01/2026 10:24:00,Showroom,NV24,Đã giao
DH008163,KH0338,02/07/2026 10:14:00,TMĐT - Tiki,NV11,Đã giao
DH003860,KH0081,2026-07-04 10:41:00,Sàn Lazada,NV27,Đã giao
DH007124,KH0306,03/09/2024 11:25:00,Sàn Shopee,NV09,Đã giao
DH006266,KH0237,01/01/2026 19:17:00,Sàn Lazada,NV12,Đã giao
DH008350,KH0306,18/06/2026 08:39:00,Đại lý,NV13,Đã giao
DH001514,KH0148,15/03/2025 15:23:00,Sàn Lazada,NV24,Đang xử lý
DH002723,KH0412,15/02/2025 13:38:00,Shopee,NV27,Đã giao
DH005907,KH0428,31/12/2025 23:58:00,TMĐT - Tiki,NV01,Đang xử lý
DH008260,KH0447,11/01/2025 04:35:00,Bán lẻ,NV06,Trả hàng
DH000779,KH0442,28/03/2026 21:51:00,Showroom,NV13,Mới
DH003361,KH0309,20/06/2025 11:34:00,TMĐT - Tiki,NV24,Trả hàng
DH011384,KH0365,03/09/2024 21:24:00,Shopee,NV21,Đã giao
DH004817,KH0114,17/06/2025 13:41:00,Sàn Shopee,NV05,Đã giao
DH009027,KH0116,28/08/2025 08:30:00,Đại lý,NV11,Đã giao
DH011418,KH0262,2026-01-13 03:38:00,Sàn Lazada,NV02,Mới
DH004792,KH0120,25/12/2024 10:06:00,Ban le,NV23,Đang xử lý
DH009221,KH0337,02/06/2026 04:28:00,Đại lý,NV09,Đã giao
DH010424,KH0155,29/05/2026 13:54:00,Showroom,NV10,Đã giao
DH000529,KH0360,05/03/2025 10:53:00,Bán lẻ,NV17,Đã giao
DH000595,KH0003,06/10/2025 20:39:00,Sàn Lazada,NV16,Đã giao
DH002333,KH0123,26/09/2025 01:41:00,Đại lý,NV17,Đã hủy
DH011851,KH0034,05/02/2026 22:39:00,Showroom,NV09,Đã giao
DH010407,KH0199,09/08/2025 17:50:00,Showroom,NV04,Đang xử lý
DH011855,KH0008,19/06/2026 11:01:00,Lazada,NV13,Đã giao
DH005177,KH0105,20/07/2025 12:01:00,TMĐT - Tiki,NV17,Đã giao
DH005227,KH0424,27/10/2024 05:34:00,Shopee,NV12,Đã giao
DH006587,KH9003,23/04/2026 02:20:00,TMĐT - Tiki,NV11,Đã giao
DH009073,KH0397,23/05/2025 17:42:00,Sàn Lazada,NV16,Đã giao
DH005467,KH0199,25/04/2026 20:50:00,Bán lẻ,NV17,Đã hủy
DH009054,KH0352,12/01/2026 22:47:00,Bán lẻ,NV21,Đã giao
DH010432,,11/01/2025 09:35:00,Sàn Lazada,NV17,Đang xử lý
DH001999,KH0356,30/11/2025 22:47:00,Ban le,NV02,Đã giao
DH000384,KH0385,10/20/2025 01:57:00,Đại lý,NV02,Đã giao
DH007042,KH0179,09/11/2024 01:29:00,Showroom,NV28,Đã giao
DH004247,KH0155,09/06/2025 03:49:00,Bán lẻ,NV07,Đã giao
DH006604,KH0012,16/01/2025 18:17:00,Sàn Shopee,NV05,Đã giao
DH002456,KH0273,03/01/2025 07:04:00,Shopee,NV17,Đã giao
DH010105,KH0107,13/04/2026 17:49:00,Showroom,NV13,Đang xử lý
DH011650,,01/11/2025 12:27:00,Showroom,NV11,Đã giao
DH010047,KH0140,23/01/2025 10:02:00,Showroom,NV28,Đã giao
DH007489,KH0197,31/01/2025 19:22:00,Ban le,NV29,Đã giao
DH009999,KH0325,11/11/2024 22:16:00,Lazada,NV15,Đã giao
DH006523,KH0246,09/09/2025 15:53:00,Bán lẻ,NV16,Đã giao
DH002048,KH0447,25/05/2026 18:55:00,Bán lẻ,NV25,Đã giao
DH008008,KH0328,01/11/2024 22:52:00,TMĐT - Lazada,NV02,Đã giao
DH010016,KH0141,09/05/2026 17:32:00,Lazada,NV19,Đã giao
DH005659,KH0230,07/10/2024 05:06:00,Đại lý,NV24,Đã giao
DH000004,KH0249,17/09/2024 07:15:00,Ban le,NV28,Đã giao
DH003535,KH0053,14/07/2026 06:39:00,Bán lẻ,NV16,Đã giao
DH007534,KH0184,24/11/2024 11:25:00,TMĐT - Tiki,NV14,Đã giao
DH008661,KH0323,29/05/2025 23:48:00,Đại lý,NV21,Đã giao
DH008125,KH0220,06/12/2025 22:53:00,Lazada,NV20,Đã giao
DH009969,KH0362,28/02/2025 14:12:00,TMĐT - Tiki,NV19,Đang xử lý
DH007087,KH0134,05/12/2024 19:16:00,Shopee,NV08,Đã giao
DH003795,KH0314,25/12/2024 06:26:00,Showroom,NV25,Đã giao
DH005375,KH0325,10/03/2026 10:06:00,Showroom,NV23,Đã giao
DH008436,KH0141,26/11/2024 14:13:00,Showroom,NV27,Đã giao
DH011981,KH0193,12/01/2025 18:14:00,Showroom,NV15,Đã giao
DH9900006,KH0409,11/11/2024 17:19:00,Bán lẻ,NV24,Đã giao
DH005112,KH0198,26/09/2025 04:51:00,Ban le,NV04,Trả hàng
DH001956,,2025-08-28 22:25:00,Lazada,NV26,Đã giao
DH001376,KH0341,10/03/2025 06:11:00,Ban le,NV07,Đã giao
DH000046,KH0436,31/10/2024 14:35:00,TMĐT - Tiki,NV23,Mới
DH008209,KH0183,29/06/2026 07:53:00,TMĐT - Tiki,NV11,Đang xử lý
DH008760,KH0391,29/05/2025 12:11:00,Đại lý,NV26,Đã giao
DH009278,KH0135,18/09/2025 04:26:00,Sàn Shopee,NV14,Đã giao
DH007510,KH0051,02/12/2024 03:00:00,Đại lý,NV21,Đã giao
DH010045,KH0446,10/09/2024 19:57:00,Showroom,NV23,Mới
DH005721,KH0046,06/11/2024 21:53:00,TMĐT - Tiki,NV30,Đã giao
DH003131,KH0141,27/07/2025 11:57:00,Showroom,NV22,Đang xử lý
DH006366,KH0391,19/05/2025 05:53:00,Lazada,NV26,Đã giao
DH006485,KH0135,23/06/2026 18:31:00,Showroom,NV10,Đã giao
DH007035,KH0028,01/07/2026 18:09:00,Đại lý,NV15,Đã giao
DH000349,KH0424,13/05/2025 12:24:00,TMĐT - Tiki,NV10,Đã giao
DH006441,KH0338,22/08/2025 18:31:00,Đại lý,NV19,Đã giao
DH006684,KH0257,13/05/2025 17:15:00,Lazada,NV19,Đã giao
DH011857,KH0004,03/12/2024 08:45:00,Shopee,NV09,Đang xử lý
DH011151,KH0428,07/04/2025 03:40:00,TMĐT - Tiki,NV25,Đã giao
DH003213,KH0442,08/02/2025 06:20:00,TMĐT - Tiki,NV20,Đã hủy
DH009099,KH0447,06/05/2025 17:26:00,TMĐT - Shopee,NV25,Đã giao
DH002639,KH0183,26/04/2026 23:25:00,Shopee,NV30,Đã giao
DH003444,,13/07/2026 19:53:00,Ban le,NV11,Đã hủy
DH007033,KH0299,16/03/2025 01:20:00,Lazada,NV23,Đã giao
DH001936,KH0248,03/04/2026 09:05:00,Showroom,NV21,Đang xử lý
DH001316,KH0042,25/04/2025 06:56:00,Ban le,NV09,Đã giao
DH005941,KH0404,13/06/2026 12:56:00,Sàn Lazada,NV06,Đã hủy
DH007992,KH0199,21/09/2025 23:23:00,Đại lý,NV03,Đã giao
DH009515,KH0294,25/04/2026 19:04:00,Showroom,NV04,Đã giao
DH007200,KH0002,22/10/2025 04:45:00,Sàn Lazada,NV29,Đã giao
DH003395,KH0402,2024-09-07 05:53:00,Showroom,NV12,Đã giao
DH010791,KH0119,16/02/2026 14:35:00,Đại lý,NV10,Đã giao
DH011823,KH0155,22/08/2024 04:26:00,Showroom,NV08,Đã giao
DH008359,KH0448,07/01/2025 00:41:00,Sàn Shopee,NV21,Đã giao
DH000206,KH0070,23/06/2025 09:16:00,Ban le,NV23,Đã giao
DH011391,,31/01/2026 22:30:00,TMĐT - Tiki,NV27,Đã giao
DH002489,KH0391,01/08/2025 09:10:00,TMĐT - Tiki,NV09,Trả hàng
DH010997,KH0262,17/08/2025 22:13:00,Sàn Shopee,NV16,Đã giao
DH005180,,14/03/2026 16:21:00,Showroom,NV23,Đã giao
DH000420,KH0116,24/05/2025 17:14:00,Đại lý,NV01,Đã giao
DH000608,KH0447,25/12/2025 16:02:00,Đại lý,NV29,Đã giao
DH003527,KH0012,05/12/2025 13:35:00,Shopee,NV30,Đã giao
DH010220,KH0041,03/12/2025 04:55:00,Sàn Shopee,NV02,Đã giao
DH009087,KH0121,2026-03-06 11:19:00,Showroom,NV18,Trả hàng
DH001277,KH0220,2024-10-25 16:31:00,Bán lẻ,NV07,Đã giao
DH002447,KH0356,24/11/2025 04:07:00,Lazada,NV19,Đã giao
DH011071,,16/08/2025 06:38:00,Showroom,NV02,Đã giao
DH005807,KH0248,27/09/2025 05:50:00,TMĐT - Tiki,NV29,Trả hàng
DH002649,KH0389,24/01/2026 19:20:00,TMĐT - Tiki,NV26,Đã giao
DH011028,KH9004,29/01/2026 03:25:00,Sàn Lazada,NV22,Đã giao
DH005661,KH0013,25/01/2026 13:16:00,Showroom,NV21,Đã giao
DH004370,KH0429,04/10/2025 12:36:00,Ban le,NV11,Đã giao
DH007706,KH0192,14/09/2025 02:59:00,Showroom,NV21,Đã giao
DH008474,KH0248,20/09/2025 09:46:00,TMĐT - Tiki,NV28,Đã giao
DH000734,KH0353,14/07/2025 23:57:00,Lazada,NV04,Đã giao
DH007888,KH0266,07/12/2025 23:06:00,TMĐT - Tiki,NV27,Đã giao
DH003406,KH0262,10/12/2024 09:01:00,Bán lẻ,NV29,Đã giao
DH006406,KH0082,26/11/2025 11:25:00,Ban le,NV01,Đã giao
DH011587,KH0155,05/11/2025 03:30:00,Showroom,NV10,Đã giao
DH001980,KH0227,27/09/2025 21:35:00,TMĐT - Tiki,NV21,Đã giao
DH009389,KH0249,01/06/2025 07:55:00,Lazada,NV09,Đã giao
DH001082,KH0108,30/01/2025 11:38:00,Shopee,NV23,Đã giao
DH008384,KH0155,21/07/2025 05:55:00,TMĐT - Tiki,NV04,Đã giao
DH000439,KH0323,01/07/2026 21:00:00,TMĐT - Tiki,NV11,Đã hủy
DH000040,,10/03/2025 20:24:00,Showroom,NV28,Đã giao
DH009751,KH0088,26/08/2024 21:30:00,Ban le,NV26,Đã giao
DH9900093,KH0155,10/02/2025 18:07:00,Ban le,NV18,Đã giao
DH008679,KH0305,08/03/2026 09:14:00,Ban le,NV22,Đã giao
DH006274,KH0026,19/06/2026 16:30:00,Ban le,NV21,Đã giao
DH003201,KH0193,02/03/2025 07:07:00,Shopee,NV29,Đang xử lý
DH010747,,03/04/2026 10:57:00,Ban le,NV08,Đang xử lý
DH001890,KH0243,25/09/2024 13:16:00,Sàn Shopee,NV07,Đã giao
DH005311,KH0299,31/07/2025 04:12:00,Đại lý,NV27,Đã giao
DH001450,KH0411,20/08/2024 08:53:00,Ban le,NV27,Đã giao
DH005470,KH0386,07/05/2026 17:42:00,Sàn Lazada,NV22,Đã giao
DH011225,KH0157,01/12/2024 09:21:00,TMĐT - Tiki,NV29,Đã giao
DH003675,KH0265,25/03/2025 07:23:00,Ban le,NV06,Đã giao
DH011256,KH0406,04/04/2025 02:30:00,Shopee,NV04,Đã hủy
DH007136,KH0052,04/01/2026 19:43:00,Sàn Shopee,NV23,Đã giao
DH001901,KH0198,15/12/2024 21:09:00,Showroom,NV10,Mới
DH007950,KH0070,28/07/2025 03:00:00,TMĐT - Tiki,NV10,Đã hủy
DH007500,KH0092,12/03/2026 07:08:00,Ban le,NV29,Đã giao
DH004698,KH0183,01/07/2026 23:43:00,Sàn Lazada,NV05,Đã giao
DH008378,KH0262,07/01/2026 16:52:00,TMĐT - Tiki,NV09,Đã giao
DH004641,KH0155,11/10/2025 11:51:00,Đại lý,NV02,Đã giao
DH004231,KH0002,10/01/2025 07:33:00,TMĐT - Tiki,NV25,Mới
DH009731,KH0075,25/11/2024 05:52:00,Showroom,NV20,Mới
DH006996,KH0140,06/11/2025 11:29:00,TMĐT - Tiki,NV26,Đã giao
DH000145,KH0404,11/08/2024 18:55:00,Showroom,NV30,Đã giao
DH008525,KH0391,08/02/2026 09:47:00,Sàn Shopee,NV01,Đã giao
DH005163,KH0391,09/08/2024 15:07:00,Bán lẻ trực tiếp,NV21,Đã giao
DH007599,KH0274,08/07/2025 20:59:00,Ban le,NV11,Đã giao
DH004342,KH0326,14/02/2026 02:10:00,Shopee,NV14,Đã giao
DH009593,KH0309,01/11/2024 15:30:00,Sàn Shopee,NV22,Đã giao
DH003166,KH0147,28/09/2025 13:50:00,Bán lẻ,NV19,Đã giao
DH004653,KH0198,03/10/2025 05:23:00,Showroom,NV19,Đang xử lý
DH010358,KH0231,11/07/2025 15:08:00,Bán lẻ trực tiếp,NV28,Đã giao
DH006544,KH0248,02/01/2025 13:28:00,TMĐT - Tiki,NV26,Đang xử lý
DH008301,KH9006,12/07/2026 20:18:00,Bán lẻ,NV04,Đã giao
DH000986,KH0442,30/07/2026 03:33:00,TMĐT - Lazada,NV03,Đã giao
DH000434,KH0435,15/01/2026 21:47:00,Đại lý,NV29,Mới
DH003288,KH0204,19/07/2025 11:43:00,TMĐT - Lazada,NV23,Đã giao
DH005116,KH0421,18/01/2025 10:13:00,TMĐT - Tiki,NV07,Đã giao
DH000238,KH0160,27/02/2026 09:13:00,Bán lẻ,NV27,Đã giao
DH002654,KH0262,02/05/2026 18:27:00,Sàn Shopee,NV13,Đã giao
DH003396,KH0051,18/12/2025 12:55:00,TMĐT - Tiki,NV04,Mới
DH009270,KH0360,06/04/2026 18:59:00,Showroom,NV10,Đã hủy
DH011648,KH0089,09/10/2024 20:40:00,Đại lý,NV30,Đã giao
DH001603,KH0242,29/11/2024 08:46:00,Sàn Lazada,NV12,Đã giao
DH007298,KH0012,22/01/2025 04:47:00,TMĐT - Tiki,NV03,Đã giao
DH009912,KH0447,19/01/2026 13:40:00,Sàn Shopee,NV22,Đang xử lý
DH001423,KH0098,02/05/2025 09:24:00,Đại lý,NV09,Đã giao
DH001184,KH9007,14/10/2024 22:19:00,Đại lý,NV09,Đã giao
DH002844,KH0391,08/12/2025 03:14:00,Đại lý,NV24,Đã hủy
DH002160,KH0012,23/02/2026 04:42:00,Showroom,NV25,Đã giao
DH003496,KH0192,27/03/2026 13:37:00,Lazada,NV13,Đang xử lý
DH002592,KH0246,19/03/2026 19:09:00,Sàn Lazada,NV22,Đang xử lý
DH010669,KH0400,20/09/2025 15:05:00,Shopee,NV12,Đã giao
DH000057,KH0070,27/02/2026 00:35:00,Bán lẻ,NV12,Đã giao
DH000666,KH0305,01/01/2026 09:26:00,Sàn Shopee,NV04,Đã giao
DH011530,KH0314,27/06/2026 07:04:00,Sàn Lazada,NV12,Đã giao
DH005054,KH0070,29/03/2026 04:20:00,Lazada,NV18,Mới
DH008849,KH0249,06/11/2024 10:16:00,Bán lẻ,NV16,Đã giao
DH000982,KH0147,29/01/2025 02:25:00,Sàn Shopee,NV04,Đã giao
DH003382,KH0316,21/08/2025 01:19:00,Shopee,NV11,Đã giao
DH005275,KH0446,14/05/2025 01:15:00,TMĐT - Tiki,NV23,Đã hủy
DH009816,KH0396,28/11/2025 13:18:00,Bán lẻ trực tiếp,NV05,Đã giao
DH001966,KH0306,12/12/2024 01:51:00,Ban le,NV22,Đã hủy
DH002367,KH0215,15/05/2025 20:25:00,Showroom,NV04,Đã giao
DH008983,KH0122,03/11/2025 01:09:00,Showroom,NV12,Đã giao
DH010822,,17/03/2026 09:32:00,Đại lý,NV01,Đã giao
DH005126,KH0384,09/08/2024 18:29:00,Showroom,NV04,Đã giao
DH010393,KH0402,11/03/2025 07:38:00,Ban le,NV16,Đã giao
DH004651,KH0140,26/05/2025 04:51:00,Showroom,NV21,Đã giao
DH001804,KH0339,04/04/2026 11:20:00,Lazada,NV18,Đã giao
DH008841,KH0257,11/09/2024 09:14:00,Ban le,NV01,Đã giao
DH006909,KH0426,16/04/2025 18:44:00,Showroom,NV15,Đã giao
DH007971,KH0391,17/03/2025 10:40:00,Showroom,NV29,Đã giao
DH010785,KH0447,29/12/2025 08:55:00,Showroom,NV08,Đã giao
DH011458,KH0447,29/08/2024 15:59:00,Shopee,NV22,Đang xử lý
DH000519,KH0143,10/06/2026 03:29:00,Sàn Shopee,NV06,Đã giao
DH003699,KH0070,14/06/2025 08:47:00,Ban le,NV19,Đang xử lý
DH008740,KH0247,23/03/2025 16:07:00,Showroom,NV08,Đã hủy
DH010994,KH0384,28/07/2026 17:58:00,Đại lý,NV28,Đã giao
DH011745,KH0070,28/02/2026 17:55:00,Showroom,NV22,Đã giao
DH002971,KH0119,31/07/2025 15:08:00,Showroom,NV21,Đã giao
DH007555,KH0166,13/11/2025 07:36:00,Bán lẻ,NV30,Đã giao
DH001600,KH0248,25/02/2025 11:02:00,Lazada,NV23,Đã giao
DH004012,KH0122,05/11/2025 02:55:00,Showroom,NV02,Đã giao
DH008743,KH0364,29/12/2025 06:43:00,Showroom,NV22,Đã giao
DH003646,KH0079,31/08/2025 16:12:00,Showroom,NV10,Đã giao
DH007342,KH0227,13/08/2024 11:23:00,TMĐT - Shopee,NV27,Đã giao
DH011561,KH0275,12/12/2024 08:06:00,Đại lý,NV30,Trả hàng
DH010399,KH0248,20/04/2026 08:46:00,Showroom,NV02,Đã giao
DH005515,KH0012,27/01/2025 21:59:00,Bán lẻ trực tiếp,NV21,Đã giao
DH006732,KH0318,25/07/2025 16:08:00,Showroom,NV01,Mới
DH000772,KH0051,30/01/2026 11:03:00,Sàn Lazada,NV21,Đã giao
DH011801,KH0325,01/04/2025 08:55:00,Đại lý,NV04,Đã giao
DH006929,KH0448,18/12/2025 06:10:00,Bán lẻ,NV26,Đã giao
DH002491,KH0224,07/06/2025 19:00:00,Đại lý,NV08,Đã giao
DH005530,KH0035,18/06/2025 23:48:00,Ban le,NV24,Đã giao
DH010422,KH0384,30/08/2024 01:09:00,Showroom,NV15,Đang xử lý
DH004270,KH0391,08/28/2025 08:22:00,Sàn Shopee,NV29,Đã giao
DH000302,KH0442,12/06/2026 19:36:00,Đại lý,NV19,Mới
DH010068,KH0242,10/11/2024 11:32:00,Đại lý,NV17,Đang xử lý
DH005855,KH0035,22/02/2025 02:30:00,Sàn Lazada,NV11,Đã giao
DH004650,KH0262,17/05/2025 03:01:00,TMĐT - Tiki,NV12,Đã giao
DH006021,KH0381,19/09/2025 11:34:00,TMĐT - Tiki,NV30,Đã giao
DH005248,KH0306,26/02/2026 15:43:00,Đại lý,NV01,Đang xử lý
DH010949,KH0428,07/07/2025 09:43:00,Đại lý,NV14,Đã hủy
DH001991,KH0234,16/03/2026 21:07:00,Shopee,NV30,Trả hàng
DH9900038,KH0155,30/08/2024 17:02:00,Sàn Shopee,NV09,Đã giao
DH009501,KH0248,07/02/2025 06:29:00,Đại lý,NV28,Đang xử lý
DH010948,KH0013,28/07/2025 08:09:00,Shopee,NV16,Đã giao
DH003844,KH0281,20/07/2025 20:34:00,Sàn Lazada,NV15,Đã giao
DH004552,KH0236,13/08/2025 04:46:00,Sàn Lazada,NV26,Đã giao
DH011979,KH0322,26/11/2025 22:05:00,Sàn Shopee,NV11,Đã giao
DH008860,KH0442,11/02/2026 06:46:00,Sàn Shopee,NV05,Đã giao
DH007612,KH0447,01/05/2026 11:31:00,Đại lý,NV27,Đã giao
DH005955,KH0391,07/06/2026 16:53:00,Đại lý,NV07,Đã giao
DH006052,KH0036,02/02/2026 19:41:00,Đại lý,NV01,Đã giao
DH007749,KH0365,07/05/2026 04:33:00,Bán lẻ,NV13,Đã giao
DH005299,KH0442,17/06/2025 01:42:00,Sàn Shopee,NV04,Đang xử lý
DH001569,KH0039,29/08/2025 17:49:00,Sàn Shopee,NV17,Đang xử lý
DH003096,KH0142,03/12/2024 17:30:00,Sàn Shopee,NV16,Đã giao
DH000437,KH0193,11/05/2025 21:44:00,Bán lẻ,NV17,Đang xử lý
DH002188,KH0016,23/12/2025 13:44:00,Showroom,NV27,Đã giao
DH004213,KH0386,31/01/2026 21:09:00,Showroom,NV18,Đã giao
DH010352,KH0021,08/11/2024 21:32:00,Đại lý,NV01,Đã giao
DH002077,KH0262,04/06/2025 03:05:00,Ban le,NV03,Đã giao
DH000279,,23/05/2026 19:57:00,Đại lý,NV27,Đã giao
DH010195,KH0044,29/10/2024 08:51:00,Sàn Lazada,NV20,Đã giao
DH002802,KH0369,25/01/2026 09:45:00,Showroom,NV13,Trả hàng
DH002499,KH0367,31/10/2025 09:00:00,Đại lý,NV30,Đã giao
DH005287,KH0151,01/03/2025 03:09:00,Showroom,NV08,Mới
DH010902,KH0223,08/09/2025 11:15:00,Showroom,NV04,Mới
DH003542,KH0262,10/30/2024 11:58:00,Ban le,NV21,Đang xử lý
DH008046,KH0396,13/01/2026 09:49:00,Showroom,NV01,Đã giao
DH003194,KH9007,29/01/2025 19:35:00,Shopee,NV27,Đã giao
DH000482,KH0391,24/09/2024 02:34:00,Bán lẻ,NV16,Đã giao
DH006600,KH0171,10/01/2026 03:26:00,TMĐT - Shopee,NV30,Đang xử lý
DH003150,KH0241,02/12/2024 08:17:00,Đại lý,NV12,Đã giao
DH002615,KH0230,14/08/2025 13:22:00,TMĐT - Tiki,NV27,Mới
DH000931,KH0089,28/12/2024 17:13:00,Đại lý,NV24,Đang xử lý
DH001324,KH0066,25/04/2025 20:10:00,Đại lý,NV21,Đã giao
DH008808,KH0409,16/01/2025 13:16:00,TMĐT - Tiki,NV05,Đã giao
DH9900061,KH0039,28/09/2024 03:26:00,Đại lý,NV15,Đã giao
DH004619,KH0051,10/12/2025 22:50:00,Ban le,NV27,Đã giao
DH006330,KH0279,07/02/2026 05:45:00,Showroom,NV01,Đã hủy
DH005509,KH0093,26/11/2025 16:49:00,Lazada,NV18,Đã giao
DH001508,KH0297,29/10/2025 14:00:00,TMĐT - Tiki,NV04,Đã giao
DH001001,KH0185,14/11/2024 15:43:00,Shopee,NV20,Đã giao
DH008317,KH0184,21/03/2026 12:26:00,Showroom,NV09,Đã giao
DH000589,KH0035,05/08/2024 01:44:00,TMĐT - Tiki,NV05,Mới
DH008392,KH0397,16/07/2025 22:37:00,Shopee,NV01,Đã giao
DH002185,KH0051,04/07/2025 12:00:00,Đại lý,NV23,Đã giao
DH007601,KH0160,19/05/2025 22:44:00,Lazada,NV22,Đã giao
DH004516,KH0442,04/12/2024 21:04:00,Showroom,NV15,Đang xử lý
DH010731,KH0070,15/06/2025 10:49:00,TMĐT - Tiki,NV29,Mới
DH011099,KH0003,13/04/2026 02:25:00,Đại lý,NV24,Mới
DH001181,KH0140,24/11/2024 21:29:00,Shopee,NV06,Đã giao
DH001202,,05/02/2025 04:00:00,Showroom,NV13,Đã giao
DH000458,KH0199,22/09/2025 10:16:00,Đại lý,NV26,Đã giao
DH005247,KH0447,10/04/2025 14:33:00,Lazada,NV07,Đã giao
DH007906,KH0035,11/10/2025 08:35:00,Đại lý,NV12,Mới
DH002866,KH0061,01/05/2026 05:16:00,Ban le,NV23,Đang xử lý
DH010535,KH0414,25/12/2025 17:17:00,TMĐT - Tiki,NV06,Đang xử lý
DH008863,KH0179,12/12/2024 19:08:00,Lazada,NV02,Đã giao
DH000492,KH0060,07/10/2025 05:35:00,Đại lý,NV22,Đã giao
DH003050,KH0131,14/01/2026 16:51:00,Shopee,NV02,Đang xử lý
DH009205,KH0271,08/07/2025 14:32:00,TMĐT - Tiki,NV13,Đã giao
DH011862,KH0306,14/04/2026 09:54:00,Đại lý,NV26,Đã giao
DH004471,KH0262,14/12/2025 12:17:00,TMĐT - Tiki,NV06,Đã giao
DH004317,KH0347,20/02/2025 15:53:00,Đại lý,NV26,Trả hàng
DH009081,KH0163,14/09/2024 22:50:00,Đại lý,NV15,Đã giao
DH000271,,10/01/2025 18:15:00,Shopee,NV23,Đang xử lý
DH002598,KH0262,05/10/2025 15:55:00,Showroom,NV14,Đã giao
DH008943,KH0415,08/10/2024 23:38:00,TMĐT - Tiki,NV18,Đã giao
DH011580,KH0446,21/12/2025 06:21:00,Ban le,NV24,Đã giao
DH000939,KH0117,17/12/2024 15:27:00,Đại lý,NV15,Đã giao
DH011593,,28/06/2025 08:06:00,Đại lý,NV19,Đã giao
DH000570,KH0087,30/07/2026 17:11:00,Đại lý,NV21,Đã giao
DH001840,KH0413,2025-11-26 13:41:00,Đại lý,NV07,Đã giao
DH001909,KH0175,07/11/2024 13:10:00,TMĐT - Tiki,NV06,Đã giao
DH007178,KH0242,02/09/2024 16:39:00,Ban le,NV15,Đã giao
DH003151,KH0166,19/09/2024 12:19:00,TMĐT - Tiki,NV20,Đã giao
DH009332,KH0155,17/08/2024 05:38:00,Ban le,NV11,Đã giao
DH003546,KH0391,21/11/2025 15:25:00,Đại lý,NV22,Đã giao
DH001971,KH0141,14/08/2025 15:42:00,Lazada,NV12,Đã giao
DH006793,KH0422,26/12/2025 16:51:00,Bán lẻ,NV17,Đã hủy
DH007794,KH0389,12/09/2024 20:34:00,TMĐT - Tiki,NV11,Đã giao
DH005052,KH0205,22/02/2025 08:37:00,Đại lý,NV20,Đang xử lý
DH009738,KH0265,24/09/2025 17:55:00,Sàn Lazada,NV15,Đã giao
DH003309,KH0029,08/12/2024 21:17:00,TMĐT - Tiki,NV09,Đã giao
DH000647,KH0249,08/12/2024 10:22:00,Showroom,NV01,Đang xử lý
DH004145,KH0367,17/10/2025 16:36:00,TMĐT - Tiki,NV09,Đã giao
DH010194,KH0246,15/02/2025 12:54:00,Đại lý,NV18,Đã giao
DH004431,KH0227,03/03/2026 15:01:00,Bán lẻ trực tiếp,NV15,Đã giao
DH000776,KH0079,25/05/2026 03:38:00,Lazada,NV07,Đã giao
DH002874,KH0160,08/01/2026 16:32:00,Showroom,NV17,Đã giao
DH000914,KH0243,11/01/2026 05:01:00,TMĐT - Shopee,NV18,Đã giao
DH002640,KH0229,01/09/2024 11:50:00,TMĐT - Tiki,NV06,Đã giao
DH010460,KH0396,13/05/2026 09:55:00,TMĐT - Tiki,NV22,Đang xử lý
DH004115,KH0204,11/07/2025 00:50:00,Đại lý,NV01,Đã giao
DH011789,KH0208,26/08/2024 15:49:00,Showroom,NV26,Đã giao
DH003329,KH0249,03/01/2026 10:10:00,Shopee,NV04,Mới
DH006908,KH0332,02/09/2024 09:20:00,TMĐT - Tiki,NV14,Đã giao
DH009367,KH0413,10/08/2025 21:59:00,Lazada,NV08,Đang xử lý
DH003301,KH0447,17/05/2026 08:36:00,Shopee,NV02,Đã giao
DH000687,KH0413,18/08/2024 09:11:00,Ban le,NV01,Đang xử lý
DH002938,,05/12/2025 13:35:00,Đại lý,NV01,Đã giao
DH010312,KH0266,12/03/2026 07:55:00,Sàn Shopee,NV02,Đã giao
DH007668,KH0242,17/08/2024 21:53:00,Ban le,NV14,Đã giao
DH003437,KH0446,08/07/2025 14:23:00,Đại lý,NV07,Đã giao
DH002504,KH9012,22/02/2025 03:21:00,Đại lý,NV16,Đã hủy
DH003305,KH0137,09/12/2025 15:28:00,Sàn Lazada,NV15,Đã giao
DH007230,KH0412,13/03/2025 12:28:00,Sàn Shopee,NV28,Đã hủy
DH009052,KH0229,21/03/2025 04:16:00,Showroom,NV19,Đã giao
DH011210,KH0399,15/10/2025 06:17:00,Showroom,NV13,Đã hủy
DH008981,KH0140,07/10/2024 05:00:00,Sàn Shopee,NV15,Đã giao
DH005726,KH0140,23/10/2025 05:17:00,Showroom,NV27,Đã giao
DH007213,KH0257,29/12/2025 12:11:00,TMĐT - Tiki,NV04,Đang xử lý
DH006980,KH0265,18/11/2024 06:27:00,Lazada,NV16,Đã giao
DH007791,KH0445,27/08/2025 19:59:00,TMĐT - Tiki,NV01,Đã giao
DH009902,KH0396,30/07/2026 06:32:00,TMĐT - Tiki,NV08,Mới
DH002725,KH0413,11/05/2026 19:06:00,TMĐT - Tiki,NV27,Đã giao
DH008866,KH0221,16/04/2026 19:03:00,Shopee,NV20,Đã hủy
DH003905,KH0365,12/10/2024 21:02:00,Lazada,NV01,Đã giao
DH004189,KH0427,22/03/2026 05:40:00,Đại lý,NV29,Đã giao
DH002538,KH0359,05/01/2026 03:36:00,Sàn Shopee,NV12,Đang xử lý
DH005384,KH0193,05/12/2025 02:29:00,Đại lý,NV06,Trả hàng
DH003220,KH0198,2026-06-14 20:23:00,Đại lý,NV10,Đã giao
DH001261,KH0262,08/04/2025 03:35:00,Đại lý,NV09,Đã giao
DH010816,KH9008,28/01/2025 16:27:00,Đại lý,NV15,Đã giao
DH011546,KH0222,07/09/2025 19:40:00,Shopee,NV08,Trả hàng
DH010857,KH0053,02/10/2025 09:16:00,TMĐT - Lazada,NV06,Đã giao
DH010720,KH0198,18/01/2025 11:37:00,Bán lẻ trực tiếp,NV28,Đã giao
DH006276,KH0367,24/07/2026 04:48:00,Bán lẻ,NV10,Đã giao
DH000937,KH0035,19/04/2025 10:17:00,Đại lý,NV01,Đã hủy
DH009337,KH0012,25/11/2025 00:42:00,Đại lý,NV30,Đã giao
DH002337,KH0419,12/01/2025 10:05:00,Đại lý,NV28,Đã hủy
DH006233,KH0013,11/06/2026 16:38:00,Showroom,NV18,Đã giao
DH000899,KH0280,16/06/2026 18:24:00,Showroom,NV03,Đã giao
DH009298,KH0053,03/01/2026 19:21:00,TMĐT - Tiki,NV02,Mới
DH002280,KH0439,09/02/2025 19:06:00,TMĐT - Tiki,NV01,Đang xử lý
DH009442,KH0013,30/06/2026 12:09:00,Đại lý,NV11,Đã giao
DH009511,KH0314,08/06/2026 10:04:00,Showroom,NV09,Đang xử lý
DH010103,KH0218,05/05/2026 21:28:00,Showroom,NV10,Đã giao
DH004868,KH0409,06/04/2026 10:13:00,Sàn Lazada,NV08,Đã giao
DH005625,KH0404,07/03/2026 13:07:00,Sàn Shopee,NV02,Đã giao
DH005346,KH0364,10/04/2026 02:15:00,Sàn Shopee,NV16,Đã giao
DH010388,KH0442,10/09/2025 18:29:00,Đại lý,NV09,Đang xử lý
DH002992,KH0244,08/10/2024 05:32:00,Bán lẻ trực tiếp,NV09,Đã giao
DH008180,KH0025,11/12/2024 21:04:00,Đại lý,NV29,Mới
DH005989,KH0066,12/10/2025 18:24:00,Lazada,NV16,Đã giao
DH003114,KH0391,11/05/2025 13:58:00,Lazada,NV19,Đã hủy
DH005255,KH0122,25/04/2025 08:33:00,Sàn Lazada,NV10,Đã giao
DH005086,KH0187,21/03/2025 01:23:00,Ban le,NV16,Đã giao
DH002522,KH0422,29/09/2024 22:49:00,Đại lý,NV17,Đã giao
DH007259,,04/05/2026 16:36:00,Đại lý,NV09,Đã giao
DH011569,KH0155,13/06/2026 16:42:00,Showroom,NV14,Đã giao
DH003982,KH0337,27/08/2024 22:12:00,Đại lý,NV12,Đã giao
DH008944,KH0051,08/04/2026 04:29:00,Đại lý,NV24,Đã giao
DH005022,KH0070,23/02/2025 14:51:00,Bán lẻ trực tiếp,NV11,Đã giao
DH005957,KH0390,31/10/2024 01:07:00,Bán lẻ,NV12,Đã giao
DH002020,KH0198,27/04/2025 09:53:00,Sàn Shopee,NV08,Đã giao
DH006490,KH0262,12/12/2024 17:20:00,TMĐT - Shopee,NV22,Đã giao
DH002671,KH0412,24/12/2025 04:29:00,Bán lẻ,NV11,Đã giao
DH006792,KH0179,11/01/2026 07:12:00,TMĐT - Tiki,NV22,Đã giao
DH9900071,KH0390,25/11/2025 10:46:00,Showroom,NV12,Đã giao
DH003146,KH0262,27/12/2025 04:02:00,TMĐT - Tiki,NV21,Đã giao
DH000786,KH0438,11/03/2026 05:06:00,TMĐT - Tiki,NV20,Mới
DH011634,KH0281,08/08/2024 15:24:00,Sàn Lazada,NV21,Đã giao
DH001278,KH0070,24/06/2025 03:09:00,Đại lý,NV13,Đã hủy
DH005897,KH0325,27/01/2026 00:51:00,Showroom,NV30,Trả hàng
DH002394,KH0280,10/01/2025 07:58:00,TMĐT - Shopee,NV01,Đã giao
DH006187,KH0281,15/11/2024 15:39:00,Sàn Lazada,NV18,Đã giao
DH006676,KH0135,24/11/2025 12:22:00,Ban le,NV14,Đã giao
DH009250,KH0218,16/06/2025 06:36:00,TMĐT - Tiki,NV02,Đã giao
DH010078,KH0404,25/01/2025 12:52:00,Shopee,NV01,Đã giao
DH004179,KH0367,05/03/2025 21:14:00,Sàn Shopee,NV15,Đã giao
DH010385,KH0447,11/22/2024 03:11:00,Shopee,NV05,Đã giao
DH008685,KH0039,19/01/2025 13:34:00,Shopee,NV20,Đã giao
DH009545,KH0419,26/04/2026 22:34:00,Showroom,NV07,Đã giao
DH009424,KH0396,16/01/2025 12:35:00,Ban le,NV09,Đã giao
DH003746,KH0242,17/05/2025 17:54:00,Showroom,NV20,Đã giao
DH002707,KH0365,07/03/2026 00:20:00,Showroom,NV24,Đang xử lý
DH008340,KH0262,2024-11-25 18:14:00,Sàn Lazada,NV10,Đang xử lý
DH000992,KH0248,27/01/2025 18:47:00,TMĐT - Tiki,NV29,Đang xử lý
DH003977,KH0314,13/06/2026 13:00:00,TMĐT - Tiki,NV17,Đã giao
DH010200,KH0180,26/11/2024 10:21:00,Sàn Lazada,NV06,Đã giao
DH003928,KH0116,07/11/2025 15:07:00,Showroom,NV30,Đã giao
DH001503,KH0077,17/12/2025 23:50:00,Sàn Shopee,NV03,Đã giao
DH000963,KH0306,07/11/2024 13:17:00,Đại lý,NV20,Đã giao
DH9900060,KH0160,14/09/2024 06:32:00,TMĐT - Tiki,NV04,Đã giao
DH006347,KH0119,26/08/2024 05:57:00,TMĐT - Lazada,NV26,Đang xử lý
DH010865,KH0192,21/10/2024 20:06:00,Shopee,NV06,Đã giao
DH009594,KH0442,31/08/2024 08:23:00,Ban le,NV27,Đã giao
DH004446,KH0283,27/05/2025 21:55:00,TMĐT - Tiki,NV18,Mới
DH008985,KH0248,21/01/2026 10:22:00,Đại lý,NV25,Đã giao
DH009344,KH0155,03/08/2024 13:34:00,Showroom,NV21,Mới
DH003974,KH0063,24/07/2025 11:53:00,Đại lý,NV27,Đã giao
DH006671,KH0442,16/03/2026 17:41:00,TMĐT - Lazada,NV26,Đã hủy
DH000193,KH0249,30/08/2025 04:39:00,TMĐT - Tiki,NV10,Đã giao
DH011493,KH0257,02/01/2026 10:10:00,TMĐT - Tiki,NV02,Đã giao
DH004066,KH0054,07/05/2026 09:10:00,Sàn Lazada,NV19,Đã giao
DH009621,KH0249,08/10/2024 01:25:00,TMĐT - Tiki,NV24,Đã giao
DH008691,KH0248,29/09/2025 11:19:00,Ban le,NV08,Đã giao
DH011068,KH0299,07/02/2026 21:49:00,Bán lẻ,NV08,Đã giao
DH9900074,KH0105,28/12/2024 22:56:00,Đại lý,NV22,Đang xử lý
DH011961,KH0242,23/05/2025 23:24:00,Đại lý,NV23,Đang xử lý
DH9900043,KH0082,12/01/2026 13:32:00,TMĐT - Tiki,NV26,Đã giao
DH008129,KH0056,06/12/2025 02:59:00,Showroom,NV27,Đã giao
DH008203,KH0309,20/09/2024 18:36:00,Sàn Shopee,NV30,Đã giao
DH004050,KH0428,01/06/2025 07:20:00,Ban le,NV10,Đang xử lý
DH007916,KH0232,21/05/2026 12:18:00,Lazada,NV18,Đã giao
DH000005,KH9010,03/03/2025 08:49:00,Đại lý,NV08,Đã giao
DH003792,KH0248,28/03/2026 05:49:00,Đại lý,NV10,Đã giao
DH005506,KH0249,16/05/2026 20:22:00,Đại lý,NV24,Đã giao
DH001301,KH0012,21/12/2024 04:57:00,Showroom,NV30,Đã giao
DH005023,KH0314,23/05/2026 03:06:00,TMĐT - Shopee,NV08,Đã giao
DH005593,KH0070,20/10/2024 15:00:00,Shopee,NV17,Đã giao
DH9900095,KH0141,10/10/2024 03:17:00,Lazada,NV29,Đã giao
DH010205,KH0421,16/12/2025 04:11:00,Ban le,NV01,Đã giao
DH009140,KH0250,06/12/2024 06:17:00,Đại lý,NV23,Đã giao
DH001306,KH0442,18/12/2024 09:46:00,Showroom,NV09,Trả hàng
DH009429,KH9003,10/12/2025 03:15:00,Đại lý,NV25,Đã giao
DH008247,KH0248,07/12/2025 16:32:00,Sàn Lazada,NV15,Đang xử lý
DH003098,KH0218,02/10/2025 03:02:00,Bán lẻ,NV08,Đã giao
DH000554,KH0442,14/05/2026 00:35:00,Sàn Lazada,NV20,Đã giao
DH009235,KH0427,01/12/2025 12:30:00,Ban le,NV16,Đã giao
DH004992,KH0052,27/06/2025 22:40:00,Sàn Lazada,NV28,Đã giao
DH003433,KH0257,13/09/2025 11:48:00,Sàn Shopee,NV18,Đã giao
DH005295,KH0241,10/09/2025 11:03:00,Lazada,NV30,Đã giao
DH010601,KH0070,15/08/2025 13:05:00,Lazada,NV22,Đã giao
DH011121,KH0391,07/11/2024 18:04:00,Đại lý,NV15,Đã giao
DH009380,KH0447,05/09/2024 09:15:00,TMĐT - Tiki,NV12,Đã giao
DH007471,KH0054,07/02/2026 03:27:00,Lazada,NV22,Đã giao
DH002940,KH0446,03/09/2025 09:36:00,Sàn Lazada,NV30,Đã giao
DH001119,KH0035,17/01/2026 08:36:00,TMĐT - Tiki,NV29,Đã giao
DH011189,KH0383,13/12/2024 09:33:00,TMĐT - Tiki,NV26,Đã hủy
DH010444,KH0218,07/04/2026 04:50:00,Bán lẻ,NV03,Đã giao
DH002030,KH0367,23/11/2025 12:03:00,Ban le,NV10,Đã giao
DH006609,KH0365,19/09/2024 19:18:00,Sàn Shopee,NV16,Đã giao
DH006110,KH0034,30/03/2026 04:57:00,Bán lẻ trực tiếp,NV06,Đã giao
DH011373,KH0395,15/07/2026 05:04:00,Đại lý,NV10,Đã giao
DH011990,KH0384,10/22/2024 14:58:00,Lazada,NV20,Mới
DH003253,KH0377,19/01/2025 04:59:00,Đại lý,NV06,Đã giao
DH000764,KH0306,04/08/2025 11:32:00,Bán lẻ trực tiếp,NV18,Đã giao
DH010559,KH0135,25/11/2024 04:50:00,TMĐT - Lazada,NV18,Đã giao
DH000627,KH0074,17/07/2026 01:18:00,Đại lý,NV19,Đã giao
DH000147,KH0265,28/02/2026 04:11:00,Đại lý,NV11,Đã giao
DH011085,KH0194,09/17/2024 17:51:00,TMĐT - Shopee,NV17,Đã giao
DH011157,KH0158,06/01/2026 12:41:00,TMĐT - Tiki,NV28,Đã giao
DH004313,KH0306,08/06/2026 07:28:00,TMĐT - Tiki,NV03,Đã giao
DH010423,KH0018,17/07/2025 17:53:00,Đại lý,NV02,Đã giao
DH009392,KH0013,05/04/2025 03:22:00,Bán lẻ,NV14,Đã giao
DH004661,KH0128,31/12/2025 14:40:00,Shopee,NV04,Đã giao
DH001723,KH0214,28/10/2024 06:19:00,TMĐT - Tiki,NV06,Đã giao
DH011728,KH0070,06/06/2025 17:27:00,TMĐT - Tiki,NV14,Đã giao
DH004321,KH0447,17/09/2024 18:25:00,Showroom,NV24,Đã giao
DH007994,KH0243,01/02/2025 20:57:00,Đại lý,NV24,Đã giao
DH009859,KH0413,29/11/2025 21:34:00,Showroom,NV22,Đã giao
DH009411,KH0265,19/05/2026 19:08:00,Bán lẻ,NV29,Đã hủy
DH007405,KH0391,18/02/2026 22:58:00,Bán lẻ,NV03,Đã giao
DH002832,KH0387,12/12/2025 13:13:00,Lazada,NV09,Đang xử lý
DH011457,KH0135,13/06/2025 18:32:00,Đại lý,NV17,Đang xử lý
DH003640,KH0377,30/05/2025 16:06:00,Sàn Shopee,NV11,Đã giao
DH007584,KH0280,2025-03-31 19:25:00,Sàn Shopee,NV01,Đã giao
DH001369,KH0114,10/08/2025 01:33:00,Lazada,NV15,Đã giao
DH007373,KH0019,08/12/2025 06:35:00,Đại lý,NV22,Đã giao
DH005836,KH0390,21/01/2026 21:42:00,TMĐT - Lazada,NV12,Đang xử lý
DH006812,KH0068,03/11/2024 12:01:00,Showroom,NV21,Đã hủy
DH000912,KH0192,03/11/2024 22:04:00,Sàn Lazada,NV11,Đã giao
DH005430,KH0406,07/08/2024 23:11:00,Shopee,NV12,Đã giao
DH011710,KH0413,03/12/2025 17:46:00,Đại lý,NV01,Đã giao
DH006475,KH0439,20/11/2024 09:24:00,Ban le,NV07,Đã giao
DH011994,KH0306,26/06/2026 06:35:00,Lazada,NV07,Đã giao
DH005194,KH0205,21/11/2024 22:04:00,Showroom,NV27,Đã giao
DH009311,KH0171,17/12/2024 00:24:00,Showroom,NV04,Đã hủy
DH000544,KH0384,10/06/2026 13:44:00,Shopee,NV26,Đã giao
DH010905,KH0374,10/06/2026 05:24:00,TMĐT - Lazada,NV20,Đang xử lý
DH001719,KH0325,06/04/2025 03:08:00,Sàn Lazada,NV17,Trả hàng
DH011385,KH0360,17/11/2024 03:46:00,Bán lẻ,NV24,Đã giao
DH004330,KH0268,11/11/2024 22:15:00,Shopee,NV28,Đã hủy
DH009870,KH0241,15/08/2024 21:32:00,Sàn Lazada,NV06,Đã giao
DH000946,KH0309,20/01/2026 16:29:00,Showroom,NV11,Đã giao
DH008059,KH0173,09/07/2026 17:53:00,TMĐT - Lazada,NV12,Mới
DH010804,KH0217,22/08/2025 04:49:00,Đại lý,NV02,Đã giao
DH001173,KH0220,2025-01-18 02:58:00,Bán lẻ,NV24,Đã hủy
DH008068,KH0041,24/08/2024 15:16:00,Bán lẻ,NV16,Đã giao
DH007260,KH0074,30/06/2026 15:46:00,TMĐT - Tiki,NV12,Đang xử lý
DH009229,KH0391,12/10/2024 13:48:00,Showroom,NV24,Đã giao
DH003372,KH0141,14/05/2026 21:15:00,Sàn Shopee,NV10,Đã giao
DH010125,,21/03/2026 18:22:00,Đại lý,NV17,Đã giao
DH001576,KH0248,27/10/2024 17:54:00,Ban le,NV21,Đã giao
DH003981,KH0034,25/08/2024 08:01:00,Đại lý,NV03,Đã giao
DH008231,KH0179,20/03/2026 21:57:00,Bán lẻ,NV13,Đã giao
DH004267,KH0421,21/01/2025 10:06:00,TMĐT - Tiki,NV08,Đã giao
DH001713,KH0426,02/13/2025 09:13:00,Lazada,NV03,Đã giao
DH001138,KH0087,07/01/2025 01:51:00,Lazada,NV11,Đang xử lý
DH002776,KH0304,04/03/2025 11:39:00,TMĐT - Shopee,NV15,Đã giao
DH003864,KH0151,09/11/2024 10:18:00,TMĐT - Lazada,NV09,Đã giao
DH011332,KH0041,24/07/2025 01:46:00,TMĐT - Tiki,NV21,Đã hủy
DH004824,KH0140,22/09/2024 17:01:00,Sàn Lazada,NV27,Đã giao
DH002601,KH0127,17/08/2024 23:00:00,Sàn Shopee,NV18,Đã giao
DH001092,KH0395,30/07/2025 10:56:00,Sàn Lazada,NV05,Đã giao
DH003924,KH0154,25/06/2025 18:30:00,Sàn Shopee,NV22,Đã giao
DH008964,KH0306,10/10/2024 00:26:00,Đại lý,NV05,Đã giao
DH010783,KH0012,15/08/2024 18:49:00,Đại lý,NV28,Đã giao
DH010451,KH0359,26/01/2026 20:05:00,Showroom,NV03,Đã giao
DH011259,KH0230,25/10/2024 21:14:00,TMĐT - Tiki,NV20,Đã giao
DH009167,KH0412,28/12/2025 15:39:00,Lazada,NV23,Mới
DH009231,KH0012,11/09/2025 01:14:00,Đại lý,NV18,Mới
DH003122,KH9000,05/06/2025 14:11:00,Lazada,NV08,Đã giao
DH001757,KH0054,07/12/2025 16:02:00,Showroom,NV09,Đã giao
DH003324,KH0031,09/09/2025 02:55:00,Sàn Lazada,NV13,Đã giao
DH009200,KH0077,18/12/2024 02:16:00,Đại lý,NV26,Đã giao
DH009323,KH0233,02/05/2025 03:30:00,Showroom,NV04,Đã giao
DH004708,KH0160,24/07/2025 06:14:00,Sàn Lazada,NV23,Đã giao
DH010823,KH0201,30/06/2026 08:08:00,Bán lẻ,NV22,Đang xử lý
DH001717,KH0183,01/02/2026 05:20:00,Bán lẻ,NV02,Đã giao
DH011917,KH0105,18/02/2025 22:48:00,Bán lẻ,NV28,Đã hủy
DH007237,KH0062,11/03/2025 18:55:00,Lazada,NV13,Đã hủy
DH005735,KH0034,27/09/2024 14:17:00,Showroom,NV15,Đã giao
DH003553,KH0413,16/03/2025 23:55:00,Bán lẻ trực tiếp,NV25,Đã giao
DH004928,KH0314,22/10/2024 15:43:00,Showroom,NV19,Đang xử lý
DH003129,KH0076,09/11/2024 17:13:00,TMĐT - Tiki,NV05,Đã giao
DH009390,KH0155,13/10/2025 22:17:00,Sàn Shopee,NV13,Đã giao
DH000975,KH0047,18/11/2025 05:41:00,Ban le,NV23,Đã giao
DH001653,KH0273,12/11/2025 15:20:00,Sàn Shopee,NV16,Đã giao
DH010526,KH0135,18/12/2024 04:11:00,Showroom,NV16,Đã giao
DH009019,KH0187,03/11/2025 18:13:00,TMĐT - Tiki,NV03,Đã giao
DH006378,KH0010,21/05/2025 11:44:00,Showroom,NV15,Đang xử lý
DH010314,KH0175,20/10/2024 13:26:00,Đại lý,NV19,Đã giao
DH001593,KH0413,24/07/2025 12:13:00,Sàn Lazada,NV08,Đã giao
DH000944,KH0155,18/11/2024 10:12:00,Sàn Shopee,NV27,Mới
DH008091,KH0010,04/04/2025 20:48:00,Shopee,NV13,Đã giao
DH001787,KH0224,20/12/2024 00:03:00,Shopee,NV18,Đang xử lý
DH008552,KH0265,29/01/2026 03:46:00,Showroom,NV13,Đã giao
DH005605,KH0265,07/12/2025 22:07:00,TMĐT - Tiki,NV15,Đã giao
DH011600,KH0054,01/12/2024 03:57:00,Đại lý,NV02,Đã giao
DH010019,KH0385,05/11/2024 00:43:00,TMĐT - Tiki,NV28,Đã giao
DH005426,,29/08/2025 10:09:00,Sàn Lazada,NV14,Đã hủy
DH010758,KH0314,06/08/2025 08:20:00,Sàn Lazada,NV09,Đã giao
DH004098,KH0051,05/01/2025 07:11:00,Showroom,NV11,Đã giao
DH003600,KH0442,29/03/2025 06:11:00,Đại lý,NV30,Đã giao
DH008262,KH0114,14/10/2025 18:13:00,Sàn Lazada,NV08,Đã giao
DH007978,KH0049,22/02/2025 16:50:00,Lazada,NV11,Đang xử lý
DH007371,KH0447,22/12/2024 19:36:00,Đại lý,NV27,Đang xử lý
DH005832,KH0041,2025-04-22 02:09:00,Showroom,NV17,Đã giao
DH004837,KH0246,19/08/2025 01:13:00,Đại lý,NV24,Đã giao
DH007819,KH0116,28/01/2026 01:55:00,Ban le,NV20,Đang xử lý
DH007602,KH0053,10/03/2026 06:07:00,Đại lý,NV29,Đã giao
DH009245,KH0227,2025-12-01 16:28:00,Shopee,NV12,Đã giao
DH009199,KH0421,25/07/2025 07:30:00,TMĐT - Tiki,NV19,Đã giao
DH010188,KH9007,19/01/2025 11:47:00,Đại lý,NV06,Đã giao
DH004808,KH0322,24/05/2026 22:45:00,Sàn Shopee,NV09,Đã giao
DH007391,KH0285,26/06/2025 14:25:00,Đại lý,NV26,Đã giao
DH010004,KH0082,27/09/2025 17:34:00,Showroom,NV15,Mới
DH011166,KH0051,26/10/2025 20:48:00,Ban le,NV18,Đã giao
DH003152,KH0179,27/04/2026 02:03:00,Sàn Shopee,NV10,Đã giao
DH001918,KH0314,05/12/2024 08:47:00,TMĐT - Tiki,NV26,Đã giao
DH011830,KH0391,08/12/2025 09:37:00,Sàn Shopee,NV12,Trả hàng
DH005542,KH0056,12/16/2024 09:47:00,Đại lý,NV09,Đã giao
DH005985,KH0119,24/01/2026 21:43:00,Shopee,NV03,Đã giao
DH004416,KH0246,26/01/2026 12:02:00,Shopee,NV15,Đã giao
DH003089,KH0213,25/10/2024 21:58:00,TMĐT - Tiki,NV30,Đã giao
DH005497,KH0198,26/07/2026 02:22:00,Ban le,NV28,Đã giao
DH003021,KH0391,13/12/2024 15:38:00,Showroom,NV12,Đã giao
DH001871,KH0306,28/03/2025 02:48:00,Showroom,NV23,Đã giao
DH004573,KH0246,19/02/2025 04:41:00,Showroom,NV19,Đã giao
DH007094,KH0332,18/02/2025 02:13:00,TMĐT - Tiki,NV13,Đã hủy
DH010083,KH0262,15/04/2026 17:03:00,Ban le,NV03,Đang xử lý
DH9900030,KH0314,04/10/2024 07:00:00,Showroom,NV07,Đã giao
DH003306,KH0416,08/04/2026 05:18:00,Showroom,NV11,Đã giao
DH001331,KH0133,12/09/2024 08:40:00,Showroom,NV18,Đang xử lý
DH000095,KH0012,06/01/2026 12:31:00,Sàn Lazada,NV29,Đã giao
DH000243,KH0280,01/07/2026 15:57:00,Showroom,NV24,Đang xử lý
DH000325,KH0179,27/05/2025 12:20:00,Showroom,NV06,Mới
DH009911,KH0199,22/10/2025 18:00:00,Đại lý,NV14,Đã hủy
DH001614,KH0026,06/11/2025 16:51:00,Đại lý,NV20,Đã giao
DH008869,KH0012,30/07/2025 16:25:00,TMĐT - Tiki,NV07,Đã giao
DH008962,KH0323,15/12/2025 23:00:00,TMĐT - Tiki,NV26,Đã giao
DH011485,KH0268,02/01/2026 15:21:00,TMĐT - Tiki,NV15,Đã giao
DH008078,KH0051,28/12/2024 19:22:00,TMĐT - Tiki,NV01,Đã hủy
DH000341,KH0113,05/09/2025 09:03:00,Bán lẻ,NV01,Đã hủy
DH009855,KH0200,01/01/2026 21:20:00,Shopee,NV01,Đã giao
DH004745,,19/09/2024 15:04:00,Sàn Shopee,NV13,Đã giao
DH001049,KH0447,18/02/2025 20:39:00,Đại lý,NV27,Đã giao
DH001687,KH0415,28/07/2026 17:01:00,Đại lý,NV25,Đang xử lý
DH011055,KH0262,08/03/2025 13:25:00,Lazada,NV21,Đã giao
DH006957,KH0412,01/12/2024 06:46:00,Showroom,NV23,Đã giao
DH003929,KH0198,15/11/2025 02:30:00,Bán lẻ,NV24,Đã giao
DH010281,KH0075,19/05/2025 03:12:00,Showroom,NV30,Đang xử lý
DH006650,KH0442,11/07/2026 15:42:00,Đại lý,NV04,Đang xử lý
DH001122,KH0353,17/01/2025 18:11:00,TMĐT - Lazada,NV07,Đã giao
DH008997,KH0026,28/06/2026 07:25:00,Sàn Shopee,NV25,Đã giao
DH008875,KH0155,17/05/2026 19:49:00,TMĐT - Tiki,NV08,Đã giao
DH011798,KH0068,26/10/2024 07:30:00,Bán lẻ,NV02,Đã giao
DH009471,KH0012,2025-08-27 01:41:00,Ban le,NV08,Đã giao
DH006936,KH0309,13/04/2025 03:02:00,Showroom,NV10,Đã hủy
DH002385,KH0306,02/07/2025 17:44:00,Đại lý,NV08,Đã giao
DH008989,KH0297,26/07/2026 22:43:00,Đại lý,NV29,Đã giao
DH011902,KH0391,20/01/2025 10:21:00,Ban le,NV09,Đã giao
DH000988,KH0151,30/05/2025 16:16:00,Sàn Lazada,NV07,Đã giao
DH009675,,30/01/2025 12:01:00,TMĐT - Tiki,NV09,Đã giao
DH009780,KH0447,10/01/2026 02:46:00,Bán lẻ,NV10,Đã giao
DH004118,KH0418,24/10/2025 04:58:00,TMĐT - Lazada,NV04,Đã giao
DH009854,KH0215,28/05/2025 08:25:00,Ban le,NV18,Đã giao
DH008390,KH0095,09/03/2025 02:01:00,TMĐT - Tiki,NV26,Đã giao
DH000889,KH0391,25/10/2024 09:56:00,Sàn Lazada,NV22,Đã giao
DH007650,KH0243,28/07/2026 17:53:00,Đại lý,NV12,Đã giao
DH005077,KH0314,20/07/2026 16:56:00,Showroom,NV24,Đã giao
DH006241,KH9012,18/07/2025 10:01:00,TMĐT - Tiki,NV01,Đang xử lý
DH006467,KH0403,10/01/2025 16:06:00,Lazada,NV25,Đã giao
DH003303,KH0140,04/06/2026 11:18:00,Showroom,NV05,Đã giao
DH011840,,26/10/2025 08:25:00,Showroom,NV24,Đã hủy
DH010228,KH0108,02/02/2025 01:06:00,TMĐT - Tiki,NV08,Đã giao
DH011540,KH0116,11/09/2025 16:14:00,Bán lẻ,NV19,Đang xử lý
DH007197,KH0091,09/04/2025 01:49:00,TMĐT - Tiki,NV18,Đã giao
DH005682,KH0248,19/05/2026 13:07:00,Shopee,NV19,Đã giao
DH003737,KH0442,2025-01-17 23:05:00,TMĐT - Tiki,NV17,Đã hủy
DH002537,KH0400,15/02/2026 20:59:00,Ban le,NV07,Đã hủy
DH005549,KH0183,04/10/2024 03:16:00,Lazada,NV15,Đã giao
DH002291,KH0092,13/08/2025 02:56:00,Sàn Shopee,NV02,Trả hàng
DH006582,KH0422,27/05/2025 22:36:00,TMĐT - Tiki,NV24,Đã giao
DH008183,KH0012,14/09/2024 10:53:00,Shopee,NV15,Đã giao
DH009661,KH0330,11/03/2026 12:25:00,TMĐT - Tiki,NV23,Đã hủy
DH004391,KH0438,12/12/2024 02:11:00,TMĐT - Tiki,NV23,Đã giao
DH008467,KH0306,06/07/2026 12:39:00,Showroom,NV09,Đã giao
DH007056,KH0070,03/12/2025 12:59:00,Shopee,NV01,Đã giao
DH000140,KH0053,23/10/2025 12:46:00,Ban le,NV17,Đã giao
DH000476,,02/12/2025 21:24:00,Sàn Shopee,NV18,Đã giao
DH007084,KH0208,15/10/2025 13:37:00,Shopee,NV02,Đã giao
DH010199,KH0249,01/03/2026 05:47:00,Bán lẻ trực tiếp,NV28,Đã giao
DH005556,KH0281,18/07/2025 02:51:00,Đại lý,NV15,Đã giao
DH011641,KH0275,19/11/2025 08:05:00,TMĐT - Tiki,NV25,Đã giao
DH007550,KH0352,18/07/2026 10:09:00,TMĐT - Tiki,NV23,Đã giao
DH001696,KH0023,10/07/2025 10:37:00,Shopee,NV01,Đã giao
DH010835,KH0257,11/09/2024 20:43:00,TMĐT - Tiki,NV20,Đang xử lý
DH001401,KH0365,19/09/2025 01:36:00,Đại lý,NV21,Đã giao
DH010041,KH0261,05/12/2024 12:35:00,Lazada,NV10,Đã giao
DH004842,KH0435,27/05/2025 05:25:00,Lazada,NV21,Mới
DH000777,KH0321,25/05/2025 05:34:00,TMĐT - Tiki,NV06,Đã giao
DH006567,KH0274,19/08/2025 02:33:00,Shopee,NV06,Đã giao
DH010818,KH0197,03/04/2025 04:56:00,Shopee,NV09,Đã giao
DH003088,KH0160,24/01/2025 10:59:00,Đại lý,NV15,Mới
DH010361,KH0138,27/12/2024 00:06:00,Bán lẻ,NV30,Đã giao
DH003688,KH0281,06/10/2025 12:43:00,Đại lý,NV13,Đã giao
DH002449,KH0122,05/09/2024 12:46:00,TMĐT - Tiki,NV18,Đã hủy
DH001616,KH0140,23/12/2025 02:07:00,Lazada,NV15,Đã giao
DH006515,KH0115,29/05/2026 12:31:00,Đại lý,NV08,Đã giao
DH009572,KH0107,16/01/2025 01:38:00,TMĐT - Tiki,NV14,Đã giao
DH006548,KH0332,27/04/2025 09:23:00,TMĐT - Shopee,NV03,Đã giao
DH006271,KH0391,25/12/2025 11:11:00,Bán lẻ,NV26,Đã giao
DH005551,KH0385,29/04/2025 03:11:00,Đại lý,NV06,Đã giao
DH000274,KH0391,15/01/2026 01:08:00,Đại lý,NV24,Trả hàng
DH003473,KH0051,17/05/2026 10:39:00,TMĐT - Tiki,NV10,Đã giao
DH000217,KH0306,05/03/2025 15:09:00,Lazada,NV28,Đã giao
DH005609,KH0394,05/09/2024 23:41:00,Showroom,NV21,Đã giao
DH007002,KH0262,23/12/2025 11:29:00,Shopee,NV15,Đã giao
DH000634,KH0253,31/03/2026 21:23:00,Showroom,NV07,Đã giao
DH007494,KH0241,23/01/2026 19:12:00,Lazada,NV30,Đã giao
DH007008,KH0446,31/08/2025 18:23:00,Bán lẻ,NV08,Đã hủy
DH003399,KH0314,12/10/2024 10:26:00,TMĐT - Tiki,NV04,Đã giao
DH004846,KH0368,18/06/2026 11:32:00,Đại lý,NV28,Đã giao
DH006735,KH0179,18/01/2026 20:02:00,Lazada,NV20,Đã giao
DH002945,KH0179,23/04/2026 10:32:00,Showroom,NV28,Đã giao
DH006845,KH0274,23/12/2025 07:32:00,Bán lẻ,NV18,Đã giao
DH9900067,KH0248,09/12/2024 12:25:00,TMĐT - Tiki,NV26,Đã hủy
DH000934,KH0171,26/07/2025 07:39:00,Sàn Shopee,NV21,Đã giao
DH004404,KH0044,10/03/2025 03:22:00,Lazada,NV28,Mới
DH001702,KH0396,13/12/2025 12:13:00,Shopee,NV10,Đã giao
DH011417,KH0281,13/10/2024 11:21:00,Showroom,NV26,Đã giao
DH002571,KH9012,14/07/2026 15:13:00,Đại lý,NV16,Mới
DH002479,KH0379,06/06/2026 23:35:00,Showroom,NV27,Đã giao
DH002003,KH0332,08/10/2024 07:16:00,Showroom,NV30,Đã hủy
DH004727,KH0051,27/04/2025 17:17:00,TMĐT - Tiki,NV06,Đã giao
DH008582,KH0288,02/08/2024 16:22:00,TMĐT - Shopee,NV27,Đã giao
DH007952,KH0081,11/05/2026 05:17:00,TMĐT - Tiki,NV07,Đã giao
DH000667,KH0095,22/04/2026 17:59:00,Ban le,NV06,Đã giao
DH006342,,18/12/2025 14:22:00,Bán lẻ,NV27,Đang xử lý
DH000150,KH0155,24/08/2025 14:18:00,Bán lẻ,NV04,Đã giao
DH001984,KH0032,08/12/2025 07:13:00,Showroom,NV02,Đã giao
DH004417,KH0367,12/02/2026 01:58:00,Showroom,NV22,Đã giao
DH006787,KH0273,01/10/2024 09:20:00,Đại lý,NV18,Đã giao
DH002569,KH0277,25/06/2025 12:03:00,Showroom,NV24,Đã giao
DH007525,KH0184,23/04/2025 04:09:00,Đại lý,NV19,Đã giao
DH009365,KH0306,01/06/2026 02:11:00,Đại lý,NV23,Đã giao
DH005160,KH0250,18/11/2025 19:01:00,Shopee,NV01,Đã giao
DH006371,KH0377,14/12/2025 05:06:00,Đại lý,NV11,Đã giao
DH008490,KH0197,29/08/2024 16:43:00,TMĐT - Tiki,NV27,Đã hủy
DH005960,KH0325,17/12/2025 14:49:00,Đại lý,NV13,Đã giao
DH011868,KH0338,02/11/2025 11:04:00,Showroom,NV07,Đã giao
DH001180,KH0300,17/11/2024 00:07:00,TMĐT - Tiki,NV01,Đã giao
DH008368,KH0396,07/12/2024 17:30:00,Sàn Lazada,NV14,Đã giao
DH005289,KH0367,09/09/2024 01:01:00,Ban le,NV16,Đã giao
DH006747,KH0148,18/01/2025 19:51:00,Sàn Shopee,NV12,Đã giao
DH002011,KH9008,10/08/2025 01:37:00,TMĐT - Tiki,NV24,Đang xử lý
DH004256,KH0128,19/06/2026 21:45:00,Shopee,NV03,Đã giao
DH005999,KH0070,14/07/2026 12:36:00,Lazada,NV27,Đã giao
DH000572,KH0368,17/10/2024 03:04:00,TMĐT - Tiki,NV28,Trả hàng
DH009750,KH0262,29/08/2025 19:00:00,Showroom,NV27,Đã giao
DH008160,KH0134,23/07/2026 18:29:00,Ban le,NV04,Đã giao
DH010661,KH0391,10/05/2025 17:49:00,Showroom,NV14,Đang xử lý
DH000082,KH0442,15/11/2024 23:59:00,Bán lẻ,NV22,Đã giao
DH003440,KH0262,05/11/2024 20:05:00,Đại lý,NV19,Mới
DH000997,KH0105,14/06/2025 08:55:00,Ban le,NV01,Đã giao
DH011340,KH0447,25/09/2024 15:07:00,Đại lý,NV08,Đã giao
DH001620,KH0093,11/01/2025 19:27:00,Đại lý,NV23,Đã giao
DH009758,KH0391,20/10/2025 19:04:00,Sàn Lazada,NV16,Đã giao
DH002452,KH0122,04/08/2024 21:37:00,Đại lý,NV16,Đã giao
DH009359,KH0306,09/02/2026 06:20:00,Đại lý,NV25,Đã giao
DH005261,KH0039,20/01/2026 13:24:00,Sàn Shopee,NV25,Đã giao
DH003656,KH0442,08/01/2025 06:27:00,Ban le,NV14,Đã giao
DH011677,KH0070,29/06/2026 19:55:00,Lazada,NV27,Đã giao
DH004783,KH0106,26/09/2025 12:27:00,Đại lý,NV06,Đã giao
DH005561,KH0262,13/12/2024 01:19:00,TMĐT - Tiki,NV04,Đã giao
DH006952,KH0262,26/08/2025 17:41:00,Bán lẻ,NV01,Trả hàng
DH002404,KH0137,06/08/2024 13:33:00,TMĐT - Tiki,NV28,Đã giao
DH002993,KH0029,24/07/2025 22:34:00,Sàn Shopee,NV13,Đã giao
DH002384,KH0140,16/05/2026 04:15:00,Shopee,NV19,Đang xử lý
DH009377,KH0116,27/11/2024 22:03:00,Lazada,NV16,Đã giao
DH008132,KH0128,30/05/2026 20:09:00,Showroom,NV26,Đã giao
DH000603,KH0371,11/11/2024 13:37:00,Shopee,NV26,Đã giao
DH002742,KH0062,01/09/2025 22:21:00,Bán lẻ,NV25,Mới
DH009555,KH0009,01/04/2025 21:28:00,Đại lý,NV22,Đã giao
DH007773,KH0306,01/01/2025 06:17:00,Đại lý,NV07,Đã giao
DH007962,KH0113,27/12/2025 14:48:00,Sàn Lazada,NV09,Đã giao
DH002001,KH0299,21/07/2025 20:50:00,TMĐT - Tiki,NV06,Mới
DH011786,KH0070,30/08/2024 17:58:00,Đại lý,NV29,Đã giao
DH009848,KH0257,13/01/2026 22:04:00,Sàn Shopee,NV25,Đã giao
DH001413,KH0229,06/07/2026 13:01:00,Sàn Shopee,NV22,Mới
DH009069,KH0154,19/12/2024 17:27:00,TMĐT - Tiki,NV12,Mới
DH003224,KH0212,05/10/2025 18:01:00,Bán lẻ trực tiếp,NV21,Đã giao
DH007195,KH0155,03/01/2026 17:24:00,Đại lý,NV18,Đã giao
DH005408,KH0257,21/04/2025 21:42:00,Đại lý,NV06,Đã giao
DH004184,KH9002,17/06/2026 16:03:00,Bán lẻ,NV24,Đã giao
DH009211,KH0205,21/08/2025 11:56:00,Sàn Shopee,NV24,Đã giao
DH011173,KH0412,03/07/2026 11:41:00,Đại lý,NV22,Đã giao
DH003946,KH0155,18/03/2025 16:19:00,Lazada,NV16,Đang xử lý
DH002836,KH0280,12/03/2026 03:03:00,TMĐT - Tiki,NV15,Đã giao
DH010106,KH0002,24/05/2026 06:45:00,TMĐT - Tiki,NV08,Trả hàng
DH003751,KH0051,24/11/2025 22:49:00,TMĐT - Tiki,NV10,Đã giao
DH003349,KH0141,07/07/2026 00:27:00,TMĐT - Tiki,NV30,Đã hủy
DH010346,KH0432,10/01/2025 18:30:00,Đại lý,NV26,Đã giao
DH000745,KH0249,06/05/2026 12:18:00,Đại lý,NV16,Đã giao
DH006795,KH0183,05/04/2026 07:54:00,TMĐT - Tiki,NV01,Đã giao
DH001436,KH0155,18/02/2025 18:43:00,TMĐT - Tiki,NV29,Đang xử lý
DH009662,KH0262,06/12/2024 05:38:00,TMĐT - Shopee,NV22,Đang xử lý
DH003392,KH0105,25/11/2024 17:04:00,TMĐT - Tiki,NV04,Đang xử lý
DH010380,KH0072,26/06/2026 18:40:00,TMĐT - Tiki,NV29,Đã giao
DH004593,KH0262,26/01/2026 17:10:00,Shopee,NV09,Đã giao
DH000012,KH0128,10/01/2026 05:22:00,Sàn Lazada,NV16,Trả hàng
DH010237,KH0236,26/04/2025 17:04:00,Lazada,NV03,Đã giao
DH010140,KH0268,02/02/2026 22:37:00,Sàn Shopee,NV24,Đang xử lý
DH011704,KH0140,17/12/2025 08:50:00,TMĐT - Tiki,NV09,Đã giao
DH006278,KH0115,12/12/2025 04:15:00,TMĐT - Tiki,NV06,Đang xử lý
DH000488,KH0409,21/11/2024 20:05:00,Showroom,NV06,Đã giao
DH007604,KH0265,25/07/2026 12:21:00,Lazada,NV04,Đã giao
DH001024,KH0070,27/11/2024 10:45:00,Sàn Lazada,NV15,Đã giao
DH003863,KH0122,25/03/2025 07:48:00,TMĐT - Tiki,NV10,Trả hàng
DH000291,KH0044,25/08/2024 14:30:00,Bán lẻ,NV06,Đang xử lý
DH000536,KH0367,15/05/2026 07:59:00,Sàn Shopee,NV29,Mới
DH000190,KH0035,14/12/2024 19:54:00,Đại lý,NV06,Đã giao
DH002816,KH0266,28/02/2026 16:06:00,TMĐT - Shopee,NV29,Đã giao
DH006424,KH0056,03/12/2024 18:54:00,Showroom,NV10,Đang xử lý
DH009258,KH0449,01/05/2026 21:40:00,Sàn Shopee,NV23,Đã giao
DH011502,KH0409,03/08/2025 15:13:00,Ban le,NV08,Đã giao
DH006546,KH0274,15/11/2024 22:14:00,Đại lý,NV30,Đã giao
DH006958,KH0220,25/12/2025 00:29:00,Shopee,NV27,Đã giao
DH003141,KH0321,09/10/2024 02:13:00,Đại lý,NV03,Đã giao
DH003534,KH0445,22/07/2026 11:46:00,TMĐT - Tiki,NV09,Đã giao
DH000055,KH0262,02/12/2025 20:16:00,Ban le,NV23,Đã hủy
DH000571,KH0404,06/01/2025 00:31:00,Bán lẻ trực tiếp,NV08,Đã giao
DH002616,KH0036,12/01/2026 17:27:00,TMĐT - Tiki,NV22,Đã hủy
DH000086,KH0384,05/03/2026 05:01:00,Đại lý,NV02,Đã giao
DH006343,KH0140,01/04/2025 17:10:00,Ban le,NV14,Mới
DH010425,KH0233,14/12/2024 03:25:00,Sàn Lazada,NV05,Đã giao
DH004043,KH0128,06/07/2025 20:36:00,Shopee,NV27,Đã giao
DH000925,KH0342,11/06/2025 15:32:00,Sàn Shopee,NV09,Đã giao
DH004681,KH0352,18/01/2026 18:12:00,Đại lý,NV12,Đã giao
DH000370,KH0155,23/03/2026 16:17:00,Đại lý,NV18,Đã giao
DH000165,KH0243,06/02/2025 04:03:00,Lazada,NV29,Đã giao
DH001497,KH0288,24/02/2025 18:43:00,TMĐT - Tiki,NV14,Đã hủy
DH001893,KH0029,21/07/2025 22:23:00,Sàn Lazada,NV28,Đã giao
DH000357,KH0402,21/09/2024 00:09:00,TMĐT - Tiki,NV21,Đã giao
DH003401,KH0155,01/08/2025 00:02:00,Bán lẻ,NV04,Đã giao
DH010895,KH0390,11/03/2025 00:21:00,Lazada,NV22,Đang xử lý
DH009838,KH0248,15/01/2026 23:32:00,Sàn Lazada,NV16,Đã giao
DH004820,KH0424,03/06/2026 06:28:00,Sàn Lazada,NV25,Đã giao
DH001974,KH0298,10/10/2025 19:12:00,Sàn Shopee,NV03,Đã giao
DH003041,KH0003,15/10/2024 11:38:00,Shopee,NV05,Đã giao
DH010094,KH0114,27/03/2026 00:04:00,Sàn Lazada,NV02,Mới
DH004250,KH0158,19/03/2026 12:38:00,Sàn Shopee,NV04,Đã giao
DH004669,KH0421,22/12/2024 07:13:00,Ban le,NV21,Đã giao
DH007399,,30/05/2025 23:38:00,Sàn Lazada,NV10,Đã giao
DH011804,KH0155,12/12/2024 02:19:00,Shopee,NV09,Đã giao
DH004861,KH0257,29/11/2025 18:52:00,Shopee,NV18,Đã giao
DH006558,KH0053,09/07/2025 15:01:00,TMĐT - Tiki,NV16,Đã giao
DH004819,KH0274,05/04/2026 17:52:00,Lazada,NV26,Đã giao
DH011670,KH0070,28/11/2025 11:10:00,Sàn Shopee,NV25,Đã giao
DH010305,KH0358,27/12/2025 07:22:00,TMĐT - Tiki,NV06,Đã giao
DH006258,KH0304,04/07/2025 10:52:00,Showroom,NV05,Đã giao
DH007722,KH0048,07/08/2024 20:06:00,Showroom,NV28,Đã giao
DH002693,KH0321,30/11/2024 14:51:00,Đại lý,NV12,Mới
DH001027,KH0012,17/06/2026 02:22:00,TMĐT - Tiki,NV13,Đã giao
DH005436,KH0081,25/11/2025 16:12:00,TMĐT - Tiki,NV13,Đã giao
DH000735,KH0306,14/01/2025 04:53:00,TMĐT - Tiki,NV15,Đã giao
DH011769,KH0082,24/09/2024 23:45:00,Ban le,NV20,Đã giao
DH006920,KH0036,06/01/2026 16:15:00,Sàn Shopee,NV13,Đã giao
DH001644,KH0325,29/06/2025 12:36:00,Showroom,NV21,Đã giao
DH010396,KH0049,12/11/2024 18:01:00,Shopee,NV01,Đã hủy
DH009157,,16/08/2025 13:57:00,Sàn Shopee,NV30,Đã giao
DH005716,KH0281,22/01/2026 13:09:00,Showroom,NV05,Đã giao
DH009394,KH0116,15/12/2025 15:15:00,Shopee,NV12,Đang xử lý
DH009395,KH0070,17/12/2025 11:17:00,Showroom,NV25,Đã giao
DH011852,KH0394,01/04/2025 23:23:00,TMĐT - Tiki,NV21,Mới
DH009348,KH0119,29/06/2025 12:54:00,Đại lý,NV16,Đã giao
DH010330,KH0262,07/01/2025 22:48:00,Đại lý,NV09,Đã hủy
DH010307,KH0442,2026-02-23 05:24:00,Showroom,NV10,Đã giao
DH004128,KH0377,21/11/2024 00:19:00,Showroom,NV20,Trả hàng
DH003780,KH0350,11/05/2025 14:43:00,Đại lý,NV08,Đã giao
DH005862,KH0414,12/12/2024 07:35:00,Showroom,NV22,Đã giao
DH007095,KH0306,29/03/2025 23:49:00,Showroom,NV10,Đã giao
DH010612,KH0121,09/03/2025 09:29:00,Shopee,NV14,Đã giao
DH008753,KH0262,22/07/2025 23:45:00,TMĐT - Tiki,NV08,Đã hủy
DH000750,KH0439,08/01/2026 00:50:00,Sàn Lazada,NV02,Đã hủy
DH007523,KH0155,25/11/2025 08:08:00,Showroom,NV22,Đã giao
DH002258,KH0447,26/06/2025 03:44:00,TMĐT - Tiki,NV13,Đã giao
DH009996,KH0070,02/12/2024 21:56:00,Sàn Lazada,NV17,Đã giao
DH001407,,07/10/2025 07:53:00,Lazada,NV09,Đã giao
DH001389,,03/05/2025 19:42:00,Sàn Lazada,NV04,Trả hàng
DH001935,KH0001,28/01/2026 20:10:00,Showroom,NV06,Đã giao
DH006234,KH0297,26/07/2025 21:23:00,Đại lý,NV16,Đã hủy
DH008713,KH0262,24/10/2024 03:37:00,TMĐT - Tiki,NV22,Đang xử lý
DH001572,KH0012,10/05/2026 11:00:00,Lazada,NV06,Đã giao
DH000307,KH0267,10/09/2024 17:29:00,TMĐT - Tiki,NV07,Đang xử lý
DH001671,KH0362,25/03/2025 09:18:00,Showroom,NV09,Đã giao
DH000484,KH0314,23/04/2025 15:07:00,Lazada,NV24,Đã hủy
DH002745,KH0377,08/12/2025 17:04:00,TMĐT - Tiki,NV05,Đã giao
DH004834,KH0242,01/09/2024 21:45:00,Bán lẻ,NV01,Đã giao
DH009547,KH0280,26/09/2024 17:01:00,Đại lý,NV12,Đã giao
DH005517,KH0379,25/09/2024 14:24:00,Lazada,NV15,Đang xử lý
DH001334,KH0122,15/07/2025 09:36:00,Ban le,NV10,Đã giao
DH008867,KH0288,14/09/2025 21:44:00,Ban le,NV26,Mới
DH011754,KH0230,31/01/2026 19:41:00,Showroom,NV12,Đang xử lý
DH010916,KH0306,05/10/2024 16:21:00,Bán lẻ,NV12,Đã giao
DH010146,KH0262,05/11/2025 17:25:00,Sàn Lazada,NV15,Đã giao
DH008651,KH0105,06/11/2024 18:03:00,Bán lẻ,NV15,Đã giao
DH005709,KH0446,05/11/2025 09:29:00,TMĐT - Tiki,NV09,Đã giao
DH002735,KH0359,04/06/2026 05:51:00,TMĐT - Tiki,NV02,Đã giao
DH004304,KH0326,30/06/2026 12:06:00,Đại lý,NV18,Đã giao
DH006940,KH0105,26/10/2025 21:30:00,Đại lý,NV11,Đã giao
DH010196,KH0446,03/09/2025 09:38:00,Sàn Shopee,NV28,Đang xử lý
DH007557,KH0177,22/12/2024 11:24:00,Đại lý,NV11,Đã giao
DH005922,KH0144,06/01/2025 23:10:00,Đại lý,NV14,Đã giao
DH002059,KH0122,26/06/2026 04:24:00,Ban le,NV19,Đã giao
DH005858,KH0391,10/12/2024 16:36:00,Đại lý,NV15,Đã giao
DH006152,,17/01/2025 20:49:00,Showroom,NV10,Đã giao
DH008190,KH0279,07/12/2025 09:17:00,Shopee,NV15,Đã giao
DH000564,KH0012,30/08/2024 01:03:00,Ban le,NV02,Đã giao
DH003347,KH0412,21/07/2026 02:33:00,TMĐT - Tiki,NV03,Đã giao
DH008893,KH0318,07/06/2025 12:47:00,TMĐT - Tiki,NV07,Đã giao
DH003354,KH0391,13/06/2025 20:37:00,Sàn Shopee,NV14,Đã giao
DH005828,KH0012,07/10/2024 12:45:00,Showroom,NV05,Đã giao
DH004063,KH0342,31/01/2025 02:20:00,Showroom,NV09,Đang xử lý
DH003028,KH0307,13/12/2025 02:02:00,Ban le,NV28,Đã giao
DH007795,KH0447,08/07/2026 17:55:00,Đại lý,NV28,Đã giao
DH010147,KH0412,10/07/2025 21:40:00,Sàn Lazada,NV09,Đã giao
DH011328,KH0151,03/04/2025 14:13:00,Sàn Shopee,NV10,Đã giao
DH006680,KH0442,10/07/2026 20:02:00,Showroom,NV30,Đã giao
DH008843,KH0036,06/11/2024 14:18:00,Showroom,NV12,Đã giao
DH002861,KH0140,06/10/2024 10:43:00,Sàn Lazada,NV23,Đã giao
DH010272,KH0306,28/10/2025 18:08:00,TMĐT - Shopee,NV20,Đã giao
DH006869,KH0198,01/01/2025 20:34:00,Đại lý,NV24,Đã giao
DH008491,,14/09/2024 04:13:00,TMĐT - Tiki,NV12,Đã giao
DH000795,,01/11/2025 15:22:00,Đại lý,NV08,Đã giao
DH011430,KH0306,08/01/2025 00:23:00,Ban le,NV27,Đã giao
DH006799,KH0274,21/05/2025 05:49:00,Đại lý,NV11,Đã giao
DH007446,KH0140,02/10/2025 03:31:00,Sàn Lazada,NV21,Đã giao
DH003078,KH0199,08/09/2024 16:59:00,Đại lý,NV29,Đã giao
DH004099,KH0325,19/01/2026 00:08:00,Đại lý,NV26,Đã giao
DH006466,KH0356,29/10/2025 21:51:00,Đại lý,NV15,Đã giao
DH003331,KH0262,15/08/2024 20:47:00,Showroom,NV28,Đã giao
DH002381,KH0102,05/04/2026 15:48:00,Sàn Lazada,NV29,Đã giao
DH010958,KH0242,19/07/2026 18:40:00,Shopee,NV29,Đã giao
DH011943,KH0132,02/08/2025 19:56:00,TMĐT - Tiki,NV12,Đã giao
DH008295,KH0262,19/06/2026 07:13:00,Showroom,NV18,Trả hàng
DH010343,KH0443,19/02/2025 00:26:00,Đại lý,NV18,Đã hủy
DH000091,KH0070,01/11/2024 11:05:00,Shopee,NV09,Đã giao
DH006967,KH0155,22/12/2024 12:27:00,Showroom,NV03,Đã giao
DH011305,KH0070,08/01/2025 08:08:00,Sàn Lazada,NV30,Đã giao
DH011694,KH0029,18/12/2024 19:37:00,Sàn Shopee,NV30,Đã giao
DH007147,KH0127,06/01/2026 00:57:00,Showroom,NV07,Đã giao
DH007575,KH0155,05/10/2025 00:16:00,Đại lý,NV23,Đã giao
DH003387,KH0391,11/04/2025 04:38:00,Lazada,NV27,Đã giao
DH002014,KH0184,25/10/2024 11:51:00,TMĐT - Shopee,NV14,Đã giao
DH006772,KH0036,09/10/2025 10:23:00,Lazada,NV26,Đã giao
DH005043,KH0227,09/04/2026 15:04:00,Shopee,NV09,Đã giao
DH003316,KH0438,27/03/2025 00:23:00,Lazada,NV06,Đã giao
DH008205,KH0432,02/08/2024 03:03:00,Đại lý,NV22,Đã giao
DH008404,KH0248,2024-09-24 17:30:00,Sàn Lazada,NV07,Đã giao
DH008795,KH0391,04/01/2025 11:58:00,Showroom,NV27,Đã giao
DH006607,KH0144,06/06/2026 06:47:00,Đại lý,NV24,Đã giao
DH008703,KH0029,02/09/2024 06:10:00,TMĐT - Lazada,NV20,Đã giao
DH000115,KH0082,08/09/2025 16:34:00,Shopee,NV23,Đã giao
DH007348,KH0277,20/07/2026 06:45:00,TMĐT - Tiki,NV17,Đã giao
DH006754,KH0201,11/11/2024 18:16:00,Ban le,NV10,Đã giao
DH011148,KH0113,12/02/2025 04:11:00,Bán lẻ,NV02,Đã giao
DH006078,KH0036,25/04/2025 08:01:00,Lazada,NV21,Đang xử lý
DH003896,KH0413,08/05/2026 09:13:00,Lazada,NV17,Trả hàng
DH004454,,16/02/2026 06:36:00,Showroom,NV05,Đã hủy
DH008777,KH0446,03/05/2026 00:30:00,TMĐT - Tiki,NV07,Đã giao
DH006170,KH0446,10/01/2025 19:21:00,Lazada,NV05,Đã giao
DH000677,KH0163,22/09/2025 22:33:00,Đại lý,NV25,Đã giao
DH011402,KH0201,01/10/2024 14:07:00,Đại lý,NV20,Đã giao
DH011702,KH0193,30/04/2025 02:05:00,Đại lý,NV22,Đã giao
DH002109,,26/07/2025 09:42:00,Showroom,NV21,Đã giao
DH010404,KH0026,30/01/2026 21:26:00,TMĐT - Shopee,NV03,Đã giao
DH004929,KH0306,18/03/2026 13:23:00,Showroom,NV19,Đã giao
DH004294,KH0359,17/11/2025 22:41:00,Shopee,NV13,Đã hủy
DH007053,KH0002,06/07/2025 22:16:00,TMĐT - Tiki,NV05,Đang xử lý
DH003481,KH0054,24/07/2026 23:54:00,Đại lý,NV15,Đã giao
DH009832,KH0012,30/10/2024 06:52:00,Bán lẻ,NV24,Đã giao
DH004639,KH0412,02/08/2024 22:43:00,Showroom,NV03,Đã giao
DH009016,KH0227,03/03/2025 00:24:00,TMĐT - Tiki,NV04,Đã giao
DH010657,KH0222,08/03/2026 04:52:00,Đại lý,NV29,Đã giao
DH011861,KH0089,23/07/2025 05:31:00,Đại lý,NV05,Đã giao
DH005745,KH0094,23/04/2026 17:54:00,Đại lý,NV28,Đang xử lý
DH011403,KH0070,14/07/2025 07:17:00,Shopee,NV20,Đã giao
DH009560,KH0134,13/10/2024 09:44:00,Bán lẻ trực tiếp,NV15,Đã giao
DH006412,KH0367,26/01/2026 21:56:00,Showroom,NV18,Đã giao
DH011079,KH0121,01/06/2026 23:06:00,Đại lý,NV07,Đã giao
DH002982,KH0193,27/01/2025 16:28:00,Shopee,NV27,Đang xử lý
DH002279,KH0182,07/06/2025 09:30:00,Đại lý,NV23,Mới
DH009279,KH0248,23/10/2025 10:56:00,TMĐT - Tiki,NV01,Đã giao
DH005279,KH0314,30/06/2025 12:56:00,Bán lẻ trực tiếp,NV11,Đã hủy
DH001083,KH0004,31/01/2025 21:51:00,Sàn Lazada,NV13,Đã hủy
DH009590,KH0044,06/01/2026 04:01:00,Lazada,NV24,Đã giao
DH006734,KH0198,18/12/2025 18:48:00,Bán lẻ,NV15,Đã giao
DH004302,KH0413,23/02/2026 10:34:00,Showroom,NV20,Đã giao
DH007452,KH0281,06/24/2026 04:14:00,Sàn Lazada,NV29,Đang xử lý
DH007401,KH0218,31/05/2025 02:27:00,Lazada,NV11,Đang xử lý
DH004320,KH0367,14/07/2026 05:54:00,Lazada,NV27,Đã giao
DH011869,KH0127,07/11/2024 02:34:00,TMĐT - Tiki,NV22,Đang xử lý
DH005319,KH0306,15/12/2025 05:59:00,Sàn Lazada,NV13,Đã giao
DH004677,KH0008,28/06/2025 01:28:00,Shopee,NV09,Đang xử lý
DH001438,KH0419,18/01/2025 20:50:00,Ban le,NV24,Đã giao
DH004081,KH0160,07/02/2026 03:31:00,Shopee,NV17,Đã giao
DH011838,KH0442,22/02/2026 10:32:00,Shopee,NV23,Đã giao
DH011618,KH0141,09/07/2025 19:34:00,Đại lý,NV11,Đang xử lý
DH011863,KH0034,01/07/2025 10:17:00,Sàn Lazada,NV28,Đang xử lý
DH005804,KH0446,09/06/2025 16:14:00,Showroom,NV17,Đang xử lý
DH000879,KH0022,15/04/2026 06:18:00,Lazada,NV16,Đã giao
DH001305,KH0141,13/02/2026 21:44:00,Đại lý,NV07,Đã giao
DH007310,KH0327,29/06/2025 01:26:00,Lazada,NV14,Đã giao
DH004494,KH0231,03/05/2026 22:51:00,Showroom,NV21,Đã giao
DH011078,KH0021,24/05/2026 11:41:00,TMĐT - Tiki,NV27,Đã giao
DH003730,KH0056,15/06/2026 22:39:00,TMĐT - Tiki,NV04,Đang xử lý
DH003806,KH0241,10/12/2024 00:34:00,Đại lý,NV05,Đã giao
DH003930,KH0135,07/01/2026 03:34:00,Sàn Shopee,NV01,Đã giao
DH000604,KH0018,10/08/2025 18:09:00,Showroom,NV01,Đã giao
DH004395,KH0353,28/02/2026 21:58:00,Đại lý,NV11,Đã giao
DH009388,KH0368,12/05/2026 08:43:00,TMĐT - Tiki,NV10,Đang xử lý
DH000875,KH0445,05/12/2024 09:39:00,Showroom,NV20,Đã giao
DH002358,KH0297,16/11/2025 05:29:00,Shopee,NV13,Đang xử lý
DH011399,,03/06/2026 08:44:00,Sàn Lazada,NV05,Đã giao
DH010790,KH0404,05/01/2026 06:18:00,Showroom,NV01,Đã giao
DH009726,KH0359,22/05/2025 04:13:00,TMĐT - Tiki,NV08,Đã giao
DH000751,KH0155,01/06/2026 04:16:00,TMĐT - Tiki,NV28,Đã hủy
DH003469,KH0306,24/06/2026 17:26:00,TMĐT - Shopee,NV18,Đang xử lý
DH003499,KH0155,09/06/2025 17:34:00,Ban le,NV18,Đã giao
DH000528,KH0446,22/08/2025 18:34:00,TMĐT - Tiki,NV23,Đã giao
DH003973,KH0400,05/03/2026 09:21:00,Lazada,NV01,Đã giao
DH008284,KH0262,11/11/2025 01:56:00,Showroom,NV10,Đã giao
DH005224,KH0089,01/11/2025 06:38:00,Sàn Shopee,NV09,Đã giao
DH011413,KH0031,26/08/2024 20:19:00,Đại lý,NV06,Đã giao
DH007285,KH0413,01/11/2024 01:11:00,TMĐT - Tiki,NV02,Đã giao
DH002646,KH0306,01/03/2026 00:09:00,Lazada,NV26,Đang xử lý
DH010245,KH0400,12/27/2025 00:09:00,Đại lý,NV02,Đã giao
DH002686,KH0037,2026-01-03 15:54:00,TMĐT - Tiki,NV22,Đã giao
DH006506,KH0239,2025-04-28 09:33:00,Shopee,NV09,Đã giao
DH008809,KH0140,25/08/2024 04:31:00,Showroom,NV06,Đã giao
DH001812,KH0409,10/09/2025 19:31:00,Đại lý,NV21,Đã giao
DH009693,KH0442,24/05/2026 23:23:00,Shopee,NV24,Đang xử lý
DH001353,KH0442,13/04/2025 18:35:00,Lazada,NV09,Mới
DH001754,,10/03/2024 03:32:00,Shopee,NV11,Đã giao
DH009728,KH0303,09/08/2024 01:11:00,Shopee,NV30,Đã giao
DH000161,KH0113,20/04/2025 00:15:00,Showroom,NV01,Mới
DH001269,KH0243,15/06/2025 03:06:00,Showroom,NV07,Đã giao
DH010614,,30/01/2025 05:20:00,Lazada,NV24,Đã hủy
DH008871,KH0088,06/12/2025 01:44:00,Showroom,NV03,Đã giao
DH002588,KH0102,23/12/2024 18:24:00,TMĐT - Tiki,NV24,Mới
DH011369,KH0262,08/07/2025 13:34:00,Lazada,NV17,Đã giao
DH009744,KH0141,14/10/2025 19:12:00,Đại lý,NV18,Đã giao
DH008402,KH0362,09/01/2025 17:29:00,Đại lý,NV23,Đã giao
DH005992,KH0221,04/06/2026 09:01:00,Đại lý,NV23,Đang xử lý
DH007914,KH9006,08/12/2024 10:33:00,Showroom,NV30,Đã giao
DH009197,KH0212,25/08/2025 18:38:00,Ban le,NV09,Mới
DH004961,KH0365,01/01/2026 16:51:00,TMĐT - Tiki,NV16,Đã giao
DH000119,KH0229,07/06/2025 09:28:00,TMĐT - Tiki,NV01,Đã giao
DH003753,KH0271,22/01/2025 01:38:00,Showroom,NV29,Đã giao
DH002996,KH0220,04/03/2026 18:31:00,Sàn Lazada,NV07,Đã giao
DH004684,KH0253,06/11/2024 10:48:00,Lazada,NV02,Đã giao
DH011427,KH0079,04/08/2025 04:47:00,Showroom,NV02,Đã giao
DH007164,,07/07/2026 04:29:00,Sàn Lazada,NV14,Đã giao
DH001095,KH0070,14/02/2026 04:16:00,Showroom,NV13,Đã giao
DH009767,KH0140,15/12/2025 14:13:00,Sàn Lazada,NV16,Đang xử lý
DH011722,KH0442,11/12/2025 13:26:00,Shopee,NV27,Đã giao
DH006443,KH0199,05/09/2025 12:03:00,Bán lẻ,NV06,Đã giao
DH007313,KH0316,02/04/2026 11:45:00,Đại lý,NV12,Trả hàng
DH004445,KH0140,18/11/2025 01:52:00,Đại lý,NV15,Đã giao
DH004829,KH0262,31/07/2025 04:32:00,TMĐT - Tiki,NV14,Đã giao
DH007924,KH0420,05/12/2025 05:04:00,TMĐT - Tiki,NV24,Đã giao
DH006652,KH0249,07/07/2026 12:36:00,TMĐT - Tiki,NV13,Đang xử lý
DH008201,,26/11/2025 13:16:00,Sàn Lazada,NV19,Mới
DH001233,KH0365,20/10/2025 20:22:00,Showroom,NV06,Đã giao
DH005519,KH0066,07/11/2024 01:02:00,Sàn Lazada,NV23,Đã giao
DH007831,KH0208,08/06/2025 17:29:00,Lazada,NV08,Mới
DH003271,KH0365,17/06/2025 12:57:00,TMĐT - Shopee,NV03,Đã giao
DH006823,KH0157,2026-02-23 15:35:00,Đại lý,NV15,Đã giao
DH007481,,12/10/2024 11:45:00,Showroom,NV05,Đã giao
DH011998,KH0365,29/12/2025 22:51:00,Showroom,NV04,Đã hủy
DH007227,KH0325,30/01/2025 13:32:00,Bán lẻ trực tiếp,NV08,Đã giao
DH008614,KH0046,29/03/2026 08:34:00,TMĐT - Tiki,NV19,Đã giao
DH010387,KH0271,30/05/2026 12:45:00,Showroom,NV30,Đã giao
DH006931,KH0307,27/12/2024 03:00:00,Shopee,NV24,Đã giao
DH002395,KH0304,29/10/2024 21:24:00,Sàn Shopee,NV11,Đã giao
DH011632,KH0265,19/11/2025 18:11:00,Đại lý,NV13,Đã hủy
DH003430,KH0012,30/04/2026 22:34:00,TMĐT - Tiki,NV18,Đã giao
DH000323,KH0138,20/09/2024 03:43:00,Sàn Shopee,NV07,Đã hủy
DH004473,KH0262,25/10/2025 15:16:00,Shopee,NV16,Đã giao
DH000757,KH0002,08/03/2025 00:07:00,Lazada,NV22,Mới
DH011036,KH0290,27/07/2026 06:51:00,Showroom,NV09,Đã giao
DH004314,KH0391,21/04/2026 06:09:00,Showroom,NV03,Mới
DH009781,KH0347,27/01/2025 01:40:00,TMĐT - Tiki,NV19,Đã giao
DH008386,KH0442,03/09/2025 19:02:00,Showroom,NV25,Đã giao
DH000430,KH0166,30/07/2025 20:54:00,TMĐT - Tiki,NV29,Đã giao
DH004033,KH0306,19/11/2024 02:35:00,Đại lý,NV06,Đã giao
DH001604,KH0306,06/04/2025 10:54:00,Đại lý,NV06,Đang xử lý
DH003822,KH0323,18/11/2024 16:55:00,TMĐT - Tiki,NV02,Đã giao
DH007249,KH0053,20/04/2026 04:00:00,Đại lý,NV19,Đang xử lý
DH010162,KH0056,13/05/2025 07:17:00,Showroom,NV23,Đã giao
DH009350,KH0130,16/01/2025 12:25:00,TMĐT - Tiki,NV16,Đã giao
DH009671,KH0056,14/04/2025 00:28:00,Đại lý,NV08,Mới
DH007642,KH0136,15/01/2025 23:00:00,Sàn Shopee,NV22,Đã giao
DH009745,KH0442,08/06/2026 05:33:00,Showroom,NV06,Đã giao
DH000637,KH0332,20/09/2025 01:23:00,Sàn Shopee,NV27,Đã giao
DH009290,KH0117,29/07/2026 02:43:00,Bán lẻ,NV05,Đã giao
DH011638,KH0442,25/08/2025 05:36:00,Đại lý,NV24,Đã giao
DH002084,,13/08/2025 15:41:00,TMĐT - Tiki,NV21,Đã giao
DH009586,KH0003,06/09/2024 21:07:00,TMĐT - Lazada,NV26,Đã giao
DH008039,KH0035,20/08/2025 16:54:00,Showroom,NV01,Đã giao
DH008306,KH9005,16/04/2025 18:11:00,Showroom,NV09,Đã giao
DH003458,KH0442,16/04/2025 16:35:00,TMĐT - Tiki,NV24,Đã giao
DH004365,KH0071,07/07/2025 07:38:00,Showroom,NV07,Đã giao
DH005568,KH0305,26/11/2024 11:25:00,TMĐT - Shopee,NV06,Đã giao
DH009222,KH0044,16/09/2024 22:10:00,Shopee,NV28,Đã giao
DH000550,KH0138,23/04/2025 01:38:00,Showroom,NV12,Đã giao
DH008785,KH0400,20/12/2025 17:55:00,Sàn Shopee,NV25,Đã giao
DH004355,KH0438,22/02/2026 09:21:00,Showroom,NV16,Đã giao
DH000513,KH0287,24/10/2024 04:31:00,Sàn Lazada,NV18,Đã giao
DH011233,KH0314,27/10/2024 07:48:00,TMĐT - Tiki,NV28,Đã giao
DH002736,KH0390,11/01/2025 13:50:00,Bán lẻ,NV15,Đã hủy
DH011731,KH0359,06/02/2026 10:51:00,Showroom,NV30,Đã giao
DH001360,KH0306,23/10/2024 14:08:00,Shopee,NV09,Đã giao
DH011273,KH0119,25/04/2025 13:01:00,TMĐT - Shopee,NV18,Đã giao
DH004628,KH0273,03/21/2026 07:44:00,Đại lý,NV27,Mới
DH005322,KH0254,26/04/2026 10:39:00,Đại lý,NV24,Đã giao
DH007353,,05/03/2025 05:24:00,Ban le,NV01,Mới
DH005920,KH0382,01/12/2024 18:08:00,Sàn Lazada,NV29,Đã giao
DH006857,KH0262,25/10/2025 23:46:00,Bán lẻ,NV30,Đã giao
DH001425,KH0140,14/12/2025 10:16:00,Sàn Lazada,NV24,Đã giao
DH004108,KH0151,17/05/2026 04:47:00,Bán lẻ,NV17,Đã giao
DH002840,KH0035,06/12/2024 19:17:00,Showroom,NV14,Đã giao
DH002771,KH0160,03/04/2026 17:49:00,Shopee,NV03,Đã giao
DH001877,KH0039,18/08/2025 19:30:00,Bán lẻ trực tiếp,NV19,Đã hủy
DH006232,KH0095,28/07/2025 22:14:00,Bán lẻ trực tiếp,NV11,Đã giao
DH002078,KH0070,2025-09-04 15:41:00,Showroom,NV07,Trả hàng
DH004769,KH0012,25/06/2025 01:30:00,Showroom,NV09,Đã giao
DH003197,KH0200,26/02/2026 08:16:00,Showroom,NV24,Đã giao
DH006509,KH0105,06/12/2025 21:40:00,TMĐT - Tiki,NV20,Đã giao
DH004381,KH0093,03/09/2025 10:28:00,Showroom,NV04,Đã giao
DH001701,KH0306,20/04/2026 18:55:00,Showroom,NV12,Đang xử lý
DH005880,KH0221,24/09/2024 03:34:00,TMĐT - Shopee,NV16,Đã hủy
DH001437,,04/09/2025 07:48:00,Lazada,NV08,Mới
DH010389,KH0073,03/12/2024 19:26:00,Showroom,NV25,Đã giao
DH006022,KH0111,22/12/2025 04:27:00,Bán lẻ,NV08,Đã giao
DH010504,KH0322,09/01/2026 12:55:00,TMĐT - Tiki,NV30,Đã giao
DH009254,KH0274,28/09/2024 16:48:00,Shopee,NV10,Đã giao
DH007769,KH0296,03/11/2024 05:58:00,Lazada,NV02,Đã hủy
DH009433,KH0447,2024-11-20 07:06:00,Showroom,NV20,Đã giao
DH007477,KH0147,21/06/2026 22:05:00,Bán lẻ,NV04,Trả hàng
DH004839,KH0128,01/12/2024 11:44:00,Showroom,NV06,Trả hàng
DH002849,KH0035,29/07/2025 19:44:00,Đại lý,NV18,Đang xử lý
DH007462,KH0274,15/09/2024 17:04:00,TMĐT - Tiki,NV05,Đã giao
DH011619,KH0044,20/03/2025 22:04:00,TMĐT - Tiki,NV10,Đã giao
DH009449,KH0051,07/07/2026 09:07:00,TMĐT - Tiki,NV27,Đã giao
DH003093,KH0249,27/09/2025 01:22:00,Sàn Lazada,NV21,Đã giao
DH008780,KH0155,27/04/2025 20:33:00,Sàn Lazada,NV01,Trả hàng
DH011275,KH0432,04/08/2024 16:50:00,Showroom,NV01,Đã giao
DH001149,KH0280,26/11/2025 13:47:00,Lazada,NV21,Đã giao
DH001354,KH0032,17/12/2024 12:55:00,Bán lẻ,NV25,Đang xử lý
DH008617,KH0274,14/01/2026 10:14:00,Ban le,NV05,Đã giao
DH001928,KH0243,16/07/2026 05:32:00,Shopee,NV16,Đã giao
DH009979,KH0447,13/11/2025 11:52:00,Lazada,NV12,Đã giao
DH010225,KH0274,2026-01-14 03:32:00,Đại lý,NV28,Đã giao
DH011751,KH0447,25/06/2026 04:28:00,Bán lẻ,NV01,Trả hàng
DH004252,KH0355,02/11/2024 19:06:00,Đại lý,NV07,Đã giao
DH007338,KH9011,31/10/2024 01:24:00,Đại lý,NV27,Đã giao
DH000092,KH0153,23/10/2025 15:08:00,Ban le,NV07,Đã giao
DH006086,KH0227,15/12/2024 17:59:00,Lazada,NV03,Đã hủy
DH006074,KH0402,21/07/2026 15:59:00,TMĐT - Tiki,NV24,Đã giao
DH005834,KH0003,22/05/2025 09:46:00,Sàn Lazada,NV28,Đã hủy
DH006317,KH0213,20/04/2026 12:24:00,Showroom,NV24,Đã giao
DH004432,KH0262,16/04/2026 03:20:00,Đại lý,NV06,Đã giao
DH010766,KH0246,10/12/2025 18:27:00,Shopee,NV21,Trả hàng
DH006028,KH0173,18/03/2025 15:51:00,Showroom,NV28,Đã giao
DH008076,KH0246,13/07/2026 21:25:00,Lazada,NV08,Đã giao
DH004338,KH0396,27/04/2025 07:29:00,Đại lý,NV19,Đã giao
DH009192,KH0249,28/10/2025 10:40:00,TMĐT - Tiki,NV22,Đã giao
DH001104,KH0442,16/02/2026 04:35:00,Đại lý,NV04,Đã giao
DH005924,KH0397,17/02/2026 04:04:00,Showroom,NV25,Đã giao
DH011496,KH0274,09/10/2024 17:54:00,Đại lý,NV01,Đã giao
DH009523,KH0009,12/12/2024 12:12:00,Sàn Shopee,NV05,Đang xử lý
DH002650,KH0367,11/10/2025 05:36:00,Showroom,NV07,Đã giao
DH010441,KH0297,2024-11-26 15:06:00,Shopee,NV13,Đã giao
DH005348,KH0257,31/05/2026 21:04:00,Showroom,NV17,Đang xử lý
DH005913,KH0357,10/10/2024 19:04:00,Showroom,NV20,Đã giao
DH011465,KH0053,13/10/2024 23:14:00,Showroom,NV11,Mới
DH001957,KH0047,24/03/2025 04:01:00,Showroom,NV29,Đã giao
DH001223,KH0386,18/02/2025 09:02:00,TMĐT - Tiki,NV08,Đã giao
DH007669,KH0229,22/09/2025 22:35:00,Bán lẻ,NV28,Đã giao
DH008344,KH0032,02/09/2024 13:31:00,Đại lý,NV26,Đã giao
DH004674,KH0070,16/01/2025 19:45:00,TMĐT - Tiki,NV08,Mới
DH010284,KH0042,13/04/2025 03:50:00,TMĐT - Tiki,NV16,Đã giao
DH000649,KH0044,22/05/2026 13:17:00,TMĐT - Tiki,NV18,Đang xử lý
DH002063,KH0034,02/11/2024 03:32:00,Lazada,NV08,Đã giao
DH002822,KH0273,06/12/2024 21:19:00,Sàn Lazada,NV28,Đã giao
DH008797,KH0432,24/08/2024 11:48:00,TMĐT - Tiki,NV27,Đã giao
DH003513,KH0314,05/06/2025 05:30:00,Showroom,NV03,Đã hủy
DH009400,KH0413,26/11/2024 14:38:00,Ban le,NV25,Đã giao
DH003762,KH0257,23/12/2025 10:14:00,Sàn Shopee,NV26,Đã giao
DH000874,KH0128,20/05/2026 21:20:00,Ban le,NV02,Đã giao
DH001939,KH0326,19/08/2025 07:30:00,Đại lý,NV12,Đã giao
DH007976,KH0227,10/03/2026 03:00:00,Bán lẻ,NV30,Đã giao
DH006341,KH0123,06/01/2026 06:45:00,TMĐT - Tiki,NV22,Đã giao
DH001053,KH0147,12/06/2024 01:25:00,Sàn Lazada,NV22,Đã giao
DH009918,KH0413,18/05/2025 08:07:00,Showroom,NV07,Đã giao
DH003685,KH0253,10/08/2025 12:43:00,Sàn Lazada,NV07,Đã giao
DH010073,KH9008,25/11/2025 04:59:00,Bán lẻ,NV01,Đã giao
DH011480,KH0126,09/10/2024 15:07:00,Showroom,NV20,Đã giao
DH004177,KH0442,17/02/2026 05:25:00,Ban le,NV13,Đã hủy
DH006286,KH0177,14/05/2026 14:34:00,Sàn Shopee,NV09,Đã giao
DH004912,KH0179,02/04/2025 18:53:00,Đại lý,NV02,Đã giao
DH006530,KH0442,02/11/2024 06:01:00,Lazada,NV06,Đã giao
DH008690,KH0315,03/04/2026 05:52:00,Lazada,NV20,Mới
DH001559,KH0141,27/08/2024 06:57:00,Shopee,NV20,Đã giao
DH9900015,KH0277,11/09/2025 22:26:00,TMĐT - Lazada,NV14,Đã giao
DH003269,KH0075,23/01/2025 05:04:00,Lazada,NV28,Đã giao
DH011008,KH9007,07/07/2025 02:31:00,Sàn Lazada,NV27,Đã giao
DH001235,KH9004,01/08/2025 05:18:00,Showroom,NV05,Đã giao
DH9900018,KH0256,01/07/2025 17:51:00,Bán lẻ,NV13,Mới
DH001267,KH0135,22/12/2025 03:45:00,TMĐT - Tiki,NV13,Đã giao
DH009463,KH0280,06/05/2025 07:21:00,Bán lẻ,NV11,Đang xử lý
DH002617,KH0190,17/12/2025 10:07:00,Đại lý,NV23,Đang xử lý
DH000001,KH0076,07/09/2024 15:25:00,Showroom,NV29,Mới
DH005740,KH0442,25/10/2025 17:29:00,TMĐT - Tiki,NV18,Đã giao
DH000251,KH0404,15/04/2026 12:45:00,Sàn Lazada,NV23,Trả hàng
DH000414,,06/12/2025 06:36:00,Sàn Lazada,NV18,Đã giao
DH009876,KH0199,31/05/2026 05:16:00,Sàn Lazada,NV09,Trả hàng
DH009010,KH0155,20/09/2024 04:03:00,Bán lẻ,NV13,Đang xử lý
DH009518,KH0406,28/06/2025 11:05:00,TMĐT - Tiki,NV28,Trả hàng
DH009629,KH0026,01/12/2024 06:37:00,Đại lý,NV20,Đã giao
DH001266,KH0389,23/12/2024 16:38:00,Đại lý,NV12,Đã giao
DH003222,KH0249,01/08/2025 05:23:00,Showroom,NV22,Đã giao
DH005401,KH0442,04/03/2026 04:06:00,TMĐT - Shopee,NV16,Đang xử lý
DH011509,KH0241,12/04/2026 14:52:00,Đại lý,NV08,Đã giao
DH001856,KH0140,17/04/2025 02:27:00,TMĐT - Tiki,NV08,Đã giao
DH000158,KH0164,07/08/2024 18:42:00,Đại lý,NV12,Đang xử lý
DH003971,KH0442,30/11/2025 08:30:00,TMĐT - Tiki,NV06,Đã giao
DH006388,KH0122,11/09/2024 08:55:00,Sàn Shopee,NV29,Đã giao
DH006838,KH0155,23/05/2026 18:46:00,Showroom,NV03,Đã giao
DH010392,KH0047,18/09/2025 07:13:00,TMĐT - Shopee,NV13,Đã giao
DH004679,KH0227,03/11/2025 05:12:00,Đại lý,NV30,Đã giao
DH005839,KH0397,08/10/2024 13:48:00,Đại lý,NV04,Đã giao
DH001130,KH0004,03/02/2026 14:53:00,Bán lẻ,NV15,Đã giao
DH003773,KH0113,06/11/2024 21:24:00,TMĐT - Tiki,NV04,Đã giao
DH011412,KH0281,03/11/2024 19:16:00,TMĐT - Lazada,NV18,Đã giao
DH007537,KH9004,01/07/2026 11:41:00,Shopee,NV21,Đã hủy
DH005666,KH0359,13/06/2026 15:39:00,Showroom,NV03,Đã giao
DH006165,KH0416,23/09/2025 23:14:00,Ban le,NV25,Đã giao
DH000014,KH0308,05/12/2024 14:02:00,TMĐT - Tiki,NV28,Đã giao
DH009006,KH0262,29/05/2026 18:03:00,Lazada,NV21,Đã giao
DH007833,KH0140,12/09/2024 09:09:00,Bán lẻ,NV04,Đã giao
DH000551,KH0442,06/06/2025 22:31:00,TMĐT - Tiki,NV03,Đã hủy
DH005584,KH0009,14/07/2025 06:39:00,Shopee,NV19,Đã giao
DH003508,KH0391,09/06/2025 23:55:00,Showroom,NV24,Đã giao
DH011196,KH0062,06/02/2025 20:26:00,TMĐT - Tiki,NV13,Đã giao
DH001589,KH0155,08/11/2024 22:14:00,TMĐT - Tiki,NV08,Đã giao
DH006127,KH0445,17/12/2025 05:34:00,Đại lý,NV23,Đã giao
DH010110,KH0096,23/12/2025 21:19:00,TMĐT - Tiki,NV01,Đã giao
DH011455,KH0155,09/11/2024 12:20:00,Lazada,NV23,Đã giao
DH005257,KH0368,17/11/2024 15:08:00,Lazada,NV30,Đã giao
DH000680,KH0018,05/08/2025 09:10:00,Bán lẻ,NV21,Đã giao
DH006488,KH0229,04/12/2024 04:17:00,Đại lý,NV20,Mới
DH006458,KH0140,24/06/2025 16:48:00,Bán lẻ trực tiếp,NV24,Mới
DH008793,KH0352,01/01/2026 10:54:00,TMĐT - Tiki,NV09,Đã giao
DH007460,KH0117,02/11/2025 20:44:00,Đại lý,NV16,Đã giao
DH003493,KH0257,18/10/2025 07:22:00,Showroom,NV17,Đã giao
DH005369,KH0056,16/01/2026 05:02:00,Đại lý,NV20,Mới
DH000845,KH0092,15/09/2024 07:35:00,Showroom,NV30,Đã giao
DH004985,KH0056,23/12/2024 18:39:00,Đại lý,NV26,Đã giao
DH010649,KH0173,10/09/2025 02:26:00,Đại lý,NV29,Mới
DH006480,KH0277,26/06/2026 02:51:00,Đại lý,NV17,Đang xử lý
DH009406,KH0139,28/03/2025 21:57:00,Ban le,NV22,Đã giao
DH006843,KH0012,06/07/2026 09:08:00,TMĐT - Lazada,NV11,Đã giao
DH006654,KH0325,2024-08-13 02:48:00,Bán lẻ,NV01,Đã giao
DH000319,KH0122,19/07/2025 19:29:00,Đại lý,NV05,Đã giao
DH007570,KH0070,24/02/2025 12:37:00,Đại lý,NV07,Đã giao
DH000116,KH0420,13/02/2026 23:02:00,Ban le,NV25,Đã giao
DH000191,KH0368,11/03/2025 08:33:00,Bán lẻ,NV18,Đang xử lý
DH000575,KH0365,11/12/2025 13:12:00,Sàn Shopee,NV08,Đang xử lý
DH000932,KH0155,10/12/2024 08:03:00,Sàn Shopee,NV01,Đã giao
DH006678,KH0233,26/10/2025 21:42:00,Showroom,NV02,Đã giao
DH009116,KH0367,09/06/2025 02:30:00,Sàn Shopee,NV20,Đã giao
DH011637,KH0246,14/10/2024 19:11:00,Bán lẻ,NV16,Đã giao
DH006926,KH0447,19/07/2025 06:11:00,TMĐT - Tiki,NV19,Đã giao
DH008596,KH0025,06/12/2025 20:20:00,Ban le,NV18,Đã giao
DH002936,KH0083,19/12/2024 04:43:00,TMĐT - Tiki,NV03,Đang xử lý
DH010944,KH0446,25/10/2024 19:03:00,Đại lý,NV07,Đang xử lý
DH009543,KH0054,09/11/2024 00:48:00,TMĐT - Tiki,NV04,Đã hủy
DH006256,KH0017,13/04/2025 09:05:00,Đại lý,NV08,Đã giao
DH003292,KH0192,09/02/2026 03:14:00,TMĐT - Lazada,NV22,Đã giao
DH005821,KH0272,27/04/2026 16:07:00,Bán lẻ,NV23,Đã giao
DH005949,KH0246,02/04/2025 13:32:00,Bán lẻ,NV22,Mới
DH008803,KH0412,11/11/2025 07:19:00,Showroom,NV06,Trả hàng
DH006579,KH0070,24/06/2026 20:16:00,Bán lẻ,NV11,Đang xử lý
DH005912,KH0442,29/12/2025 01:04:00,TMĐT - Lazada,NV19,Đã hủy
DH006289,KH0325,16/05/2025 22:21:00,Đại lý,NV22,Đã giao
DH003299,KH0265,02/04/2025 23:56:00,Bán lẻ,NV28,Đã giao
DH001176,KH0119,04/11/2024 14:42:00,Lazada,NV16,Đã giao
DH001480,KH0391,06/11/2024 22:00:00,Bán lẻ,NV29,Đã giao
DH007305,KH0248,12/01/2026 04:44:00,Đại lý,NV09,Đã giao
DH008567,KH0009,31/12/2025 18:38:00,Showroom,NV21,Đã giao
DH004732,KH0446,02/01/2026 11:06:00,Sàn Lazada,NV01,Đã giao
DH008725,KH0184,17/03/2026 10:55:00,Bán lẻ,NV25,Đã giao
DH9900032,KH0087,12/05/2026 10:51:00,Bán lẻ,NV05,Đang xử lý
DH001228,KH0088,23/11/2024 01:33:00,TMĐT - Tiki,NV18,Đã giao
DH010582,KH0337,27/10/2024 10:35:00,TMĐT - Tiki,NV26,Mới
DH006335,KH0166,27/01/2026 20:00:00,Lazada,NV01,Đã giao
DH011379,KH0391,08/06/2025 17:42:00,Sàn Lazada,NV16,Đã giao
DH011497,KH0401,14/05/2026 10:26:00,Đại lý,NV04,Đã giao
DH008187,KH0107,04/08/2025 16:36:00,Ban le,NV22,Trả hàng
DH002298,KH0262,31/03/2025 17:39:00,TMĐT - Tiki,NV28,Đã giao
DH004736,KH0413,16/11/2025 06:26:00,Ban le,NV17,Đã giao
DH002535,KH0314,25/07/2025 14:16:00,Sàn Shopee,NV01,Mới
DH008484,KH0243,26/12/2025 13:34:00,Shopee,NV22,Đã giao
DH9900137,KH0212,25/08/2025 18:38:00,Ban le,NV09,Mới
DH002212,,11/12/2024 09:22:00,Sàn Shopee,NV09,Đã giao
DH000226,KH0102,07/10/2024 18:43:00,TMĐT - Tiki,NV14,Đã giao
DH007529,KH0262,09/02/2026 04:22:00,Bán lẻ,NV20,Đã giao
DH008621,KH0248,29/06/2026 09:41:00,Đại lý,NV25,Đã hủy
DH011542,KH0247,29/04/2026 07:43:00,Sàn Shopee,NV29,Đã giao
DH011877,KH0273,15/05/2025 09:55:00,Đại lý,NV15,Đã giao
DH010273,KH0152,06/02/2025 21:11:00,TMĐT - Tiki,NV25,Đã giao
DH001721,KH0183,24/08/2024 02:24:00,Sàn Shopee,NV05,Trả hàng
DH001025,KH0179,14/11/2025 03:52:00,TMĐT - Tiki,NV02,Đã giao
DH9900008,KH0402,04/10/2025 00:29:00,Đại lý,NV09,Đã giao
DH005710,,02/11/2025 21:28:00,Lazada,NV15,Đang xử lý
DH006404,KH0036,05/07/2025 00:51:00,Đại lý,NV03,Đã giao
DH004372,KH0265,26/08/2025 13:24:00,Đại lý,NV07,Đã giao
DH9900129,KH0117,12/08/2024 18:29:00,Sàn Lazada,NV29,Đã giao
DH009238,KH0001,13/01/2025 15:44:00,Sàn Shopee,NV03,Đã giao
DH003779,KH0155,10/05/2026 09:48:00,Sàn Shopee,NV14,Đã giao
DH003786,KH0034,24/07/2026 15:15:00,Bán lẻ trực tiếp,NV05,Đã giao
DH010920,KH0314,19/03/2025 17:51:00,Sàn Lazada,NV10,Đã giao
DH010771,KH0141,14/07/2026 20:08:00,Showroom,NV18,Đã giao
DH000883,KH0391,01/02/2026 01:27:00,Bán lẻ,NV11,Đã giao
DH002698,KH0135,11/06/2025 11:30:00,Showroom,NV07,Đã hủy
DH002923,,31/12/2025 17:09:00,Đại lý,NV05,Đã giao
DH005189,KH0010,11/05/2025 11:25:00,Shopee,NV13,Đã giao
DH006003,KH9001,13/06/2025 20:07:00,Bán lẻ,NV14,Mới
DH011426,KH0087,19/01/2026 11:25:00,TMĐT - Tiki,NV05,Đã hủy
DH007122,KH0113,13/08/2025 11:28:00,Sàn Shopee,NV22,Đã giao
DH008458,KH0271,12/02/2026 04:05:00,Sàn Shopee,NV09,Đã giao
DH003557,KH0179,23/11/2024 04:45:00,TMĐT - Tiki,NV23,Đã giao
DH002219,KH0391,04/06/2026 15:00:00,Shopee,NV01,Đã giao
DH9900055,KH0290,03/12/2024 04:23:00,Đại lý,NV22,Đã giao
DH009906,KH0413,02/03/2025 17:39:00,Đại lý,NV24,Đã hủy
DH9900092,KH0309,23/04/2025 12:05:00,Bán lẻ,NV13,Đã giao
DH004088,KH0368,01/05/2026 12:51:00,TMĐT - Lazada,NV18,Đã giao
DH9900148,KH0307,30/07/2025 21:23:00,Đại lý,NV26,Đã giao
DH009396,KH0306,31/01/2025 22:25:00,Đại lý,NV21,Đã hủy
DH009522,KH0143,12/12/2024 02:17:00,Shopee,NV14,Đã giao
DH000599,KH0271,28/06/2026 06:37:00,TMĐT - Tiki,NV08,Đang xử lý
DH008746,KH0035,16/04/2025 03:34:00,Ban le,NV16,Đã giao
DH004812,KH0141,06/05/2026 22:15:00,Sàn Lazada,NV28,Đã giao
DH005258,KH0313,26/09/2024 01:13:00,Sàn Shopee,NV17,Đã hủy
DH011806,KH0166,07/06/2025 09:05:00,Bán lẻ,NV08,Đã giao
DH002855,KH0074,21/08/2025 09:45:00,Lazada,NV01,Đang xử lý
DH010334,KH0155,03/08/2025 05:41:00,Ban le,NV17,Đang xử lý
DH008605,KH0337,18/11/2025 07:33:00,TMĐT - Tiki,NV03,Đã giao
DH001666,KH0187,27/07/2026 21:54:00,Ban le,NV18,Đã giao
DH008910,KH0113,31/10/2024 03:53:00,Shopee,NV02,Đã giao
DH008499,KH0136,19/04/2026 01:31:00,Showroom,NV16,Đã giao
DH010054,,16/03/2025 14:15:00,Đại lý,NV26,Đã giao
DH001263,KH0262,11/09/2024 11:49:00,Đại lý,NV29,Đang xử lý
DH008060,KH0140,08/09/2025 11:33:00,Ban le,NV06,Đang xử lý
DH005514,KH0446,03/12/2024 23:14:00,Đại lý,NV03,Đang xử lý
DH008917,KH0081,29/11/2025 08:11:00,Bán lẻ,NV10,Đã giao
DH004574,KH0421,13/12/2024 18:50:00,Ban le,NV14,Đã giao
DH009441,KH0135,22/04/2025 22:29:00,Sàn Lazada,NV23,Đã giao
DH005274,KH0409,07/09/2025 14:08:00,Ban le,NV24,Đã giao
DH007169,KH0187,30/11/2024 07:42:00,Showroom,NV11,Đã giao
DH007955,KH0010,01/05/2025 11:35:00,Đại lý,NV26,Đã hủy
DH007760,KH0062,14/08/2024 14:23:00,TMĐT - Tiki,NV13,Đã giao
DH004122,KH0442,04/09/2024 00:22:00,Sàn Lazada,NV07,Đã giao
DH006138,KH0211,29/01/2025 12:33:00,Đại lý,NV16,Mới
DH003752,KH0442,06/01/2025 08:32:00,TMĐT - Tiki,NV26,Đã giao
DH006212,KH0102,06/05/2025 16:25:00,Đại lý,NV25,Trả hàng
DH004193,KH0035,28/01/2025 06:17:00,Shopee,NV04,Đã giao
DH003639,,30/04/2025 07:48:00,Sàn Shopee,NV07,Đã giao
DH001518,,15/07/2026 10:00:00,Ban le,NV02,Đã giao
DH002359,KH0309,06/07/2025 05:12:00,TMĐT - Tiki,NV17,Trả hàng
DH001829,KH0447,08/03/2025 23:27:00,Showroom,NV06,Đã giao
DH006464,KH0070,18/11/2025 00:42:00,Shopee,NV18,Trả hàng
DH005534,KH0305,08/03/2026 09:34:00,TMĐT - Tiki,NV05,Đã giao
DH007620,KH0248,18/03/2026 21:48:00,Lazada,NV28,Trả hàng
DH003225,KH0351,04/01/2025 19:13:00,Lazada,NV07,Đã giao
DH006090,KH0140,06/11/2025 00:24:00,TMĐT - Tiki,NV12,Đang xử lý
DH009243,KH0051,19/03/2026 20:17:00,Sàn Lazada,NV09,Mới
DH000177,KH0044,25/06/2026 09:20:00,Shopee,NV21,Đã giao
DH003196,KH0171,2024-09-06 08:49:00,Lazada,NV27,Mới
DH004634,KH0413,2024-10-02 04:55:00,Sàn Shopee,NV24,Đã giao
DH005646,KH0439,01/02/2026 02:36:00,Shopee,NV10,Đã giao
DH008945,KH0447,23/02/2026 05:48:00,Shopee,NV04,Trả hàng
DH001920,KH0332,23/10/2024 09:00:00,TMĐT - Tiki,NV07,Đang xử lý
DH003990,KH0338,09/08/2024 03:04:00,Sàn Lazada,NV22,Đã giao
DH004870,KH0231,24/04/2025 10:29:00,TMĐT - Tiki,NV02,Đã giao
DH004821,KH0070,06/06/2026 03:48:00,Showroom,NV22,Đã giao
DH003112,KH0155,29/12/2025 19:57:00,Đại lý,NV07,Đã giao
DH008345,KH0127,13/12/2024 08:44:00,TMĐT - Tiki,NV03,Đã giao
DH004410,KH0213,30/05/2026 21:35:00,Shopee,NV29,Trả hàng
DH006905,KH0002,19/01/2026 13:37:00,Bán lẻ,NV17,Trả hàng
DH009989,KH0227,06/10/2024 07:30:00,Showroom,NV27,Đã giao
DH008124,KH0337,12/02/2025 06:06:00,Ban le,NV22,Đã hủy
DH009757,KH0155,14/10/2025 18:44:00,Ban le,NV02,Đã giao
DH003985,KH9009,12/04/2026 00:20:00,Showroom,NV06,Đã hủy
DH001762,KH0391,28/05/2026 06:25:00,Showroom,NV15,Đang xử lý
DH001272,KH0155,18/01/2025 01:32:00,Đại lý,NV23,Đã giao
DH000547,KH0044,21/02/2025 08:33:00,Sàn Shopee,NV22,Đã giao
DH004094,KH0122,21/08/2025 20:51:00,TMĐT - Lazada,NV19,Đã giao
DH005503,KH0034,06/12/2024 04:21:00,Lazada,NV17,Đã giao
DH004778,KH0278,31/08/2025 19:38:00,Showroom,NV13,Đã hủy
DH010851,KH0315,12/07/2025 16:45:00,Sàn Lazada,NV10,Đã giao
DH001485,KH0051,30/01/2026 22:22:00,Đại lý,NV26,Đã giao
DH003332,KH0389,17/08/2024 21:49:00,Showroom,NV21,Đã giao
DH005964,KH0249,29/12/2025 16:08:00,Showroom,NV19,Đã giao
DH006202,KH0044,29/03/2025 00:42:00,Lazada,NV23,Đã giao
DH010248,KH0243,08/06/2026 23:04:00,Bán lẻ,NV02,Đã giao
DH009818,KH0442,24/12/2025 07:37:00,Showroom,NV02,Đã giao
DH004467,KH0272,29/09/2025 20:19:00,TMĐT - Tiki,NV25,Đã giao
DH002878,KH0241,15/01/2025 15:47:00,Showroom,NV19,Đã giao
DH011872,KH0211,15/03/2026 07:13:00,Lazada,NV04,Đã giao
DH000863,KH0337,09/05/2025 20:25:00,Lazada,NV28,Đã giao
DH009847,KH0278,2025-04-13 16:03:00,Bán lẻ,NV06,Đã giao
DH002216,KH0442,04/05/2026 13:31:00,Showroom,NV08,Đã giao
DH002450,KH0107,01/10/2025 22:27:00,Shopee,NV10,Đã giao
DH010817,KH0161,07/06/2025 00:07:00,TMĐT - Tiki,NV14,Đang xử lý
DH003294,KH0262,02/01/2025 18:33:00,TMĐT - Shopee,NV18,Mới
DH003945,KH0122,11/09/2025 08:43:00,Lazada,NV04,Đã giao
DH010015,KH0220,18/06/2025 06:32:00,TMĐT - Tiki,NV17,Đã giao
DH001755,KH0141,25/04/2025 10:26:00,TMĐT - Tiki,NV06,Đã giao
DH006842,KH0447,12/01/2025 08:32:00,Showroom,NV04,Đã giao
DH000164,KH0077,27/05/2025 06:03:00,Bán lẻ,NV02,Đã giao
DH003943,KH0242,31/12/2024 20:19:00,Sàn Shopee,NV07,Đã giao
DH000674,KH0346,14/12/2025 18:21:00,Đại lý,NV08,Đã giao
DH005657,KH0442,18/10/2025 13:36:00,Đại lý,NV10,Đã giao
DH007763,KH0035,25/07/2025 15:39:00,TMĐT - Lazada,NV26,Đã giao
DH011400,KH0155,23/08/2025 03:49:00,TMĐT - Tiki,NV09,Đã giao
DH002301,KH0185,24/07/2026 04:02:00,Bán lẻ,NV22,Đã giao
DH005670,KH0140,11/09/2025 15:14:00,Đại lý,NV17,Đã giao
DH009635,KH0128,09/04/2025 10:10:00,Showroom,NV20,Đã giao
DH000966,KH0117,20/04/2026 07:25:00,Showroom,NV30,Trả hàng
DH004712,KH0246,30/01/2026 12:29:00,Đại lý,NV04,Đã giao
DH004849,KH0053,11/06/2026 06:20:00,Sàn Shopee,NV09,Đã giao
DH006630,KH0293,25/03/2026 18:28:00,TMĐT - Tiki,NV23,Đã giao
DH006368,KH0227,06/09/2025 05:09:00,TMĐT - Tiki,NV10,Đã giao
DH004044,KH0362,11/05/2026 14:33:00,Sàn Shopee,NV05,Đã giao
DH006418,KH0277,17/05/2026 11:11:00,Đại lý,NV11,Đã giao
DH000478,KH0306,11/10/2025 12:36:00,TMĐT - Tiki,NV23,Đã hủy
DH005437,KH0242,07/10/2024 04:21:00,Bán lẻ,NV22,Mới
DH008314,KH0259,06/01/2026 14:01:00,TMĐT - Tiki,NV03,Đã giao
DH000593,KH0151,06/11/2025 10:14:00,Showroom,NV30,Đã giao
DH004777,KH0166,26/11/2024 20:12:00,Sàn Lazada,NV10,Đã hủy
DH002768,KH0268,26/08/2024 13:46:00,Ban le,NV01,Đã giao
DH001117,KH0293,28/12/2025 09:11:00,Showroom,NV02,Đã giao
DH003120,,24/06/2026 07:52:00,Ban le,NV03,Đã giao
DH008478,KH0198,19/01/2026 17:22:00,Ban le,NV14,Đã hủy
DH004426,KH0220,18/06/2026 20:12:00,Đại lý,NV19,Đã giao
DH010943,KH0103,13/11/2025 06:00:00,Sàn Lazada,NV07,Đã giao
DH011744,KH0446,08/08/2025 23:26:00,TMĐT - Shopee,NV16,Đã giao
DH009640,KH0151,08/11/2025 03:36:00,TMĐT - Tiki,NV11,Đã giao
DH008722,KH0448,09/09/2024 03:37:00,Đại lý,NV30,Đã giao
DH001896,KH0141,11/08/2024 07:30:00,Bán lẻ,NV23,Đã giao
DH005340,KH0127,08/12/2024 07:56:00,Bán lẻ,NV30,Đã giao
DH001227,KH0276,27/10/2025 15:14:00,Bán lẻ,NV24,Đã giao
DH007897,KH0428,03/12/2025 11:47:00,Ban le,NV13,Đã giao
DH008399,KH0012,23/03/2025 19:19:00,TMĐT - Tiki,NV10,Đã giao
DH005161,KH0447,31/12/2024 05:05:00,Bán lẻ,NV29,Đã giao
DH9900025,KH0314,21/10/2024 04:20:00,Showroom,NV30,Đã giao
DH006162,,01/08/2025 05:08:00,Lazada,NV19,Đã giao
DH000143,KH0056,18/02/2025 12:02:00,Sàn Lazada,NV30,Đã giao
DH010917,KH0200,07/07/2025 05:57:00,TMĐT - Tiki,NV24,Đã giao
DH000973,KH0248,09/11/2025 04:01:00,TMĐT - Tiki,NV04,Đã giao
DH011894,,12/12/2025 06:17:00,TMĐT - Tiki,NV17,Đã giao
DH006804,KH0248,08/03/2025 01:00:00,Đại lý,NV26,Đã giao
DH009885,KH0361,12/02/2026 08:20:00,Sàn Lazada,NV20,Đã giao
DH010796,KH0012,2024-09-24 18:29:00,Sàn Lazada,NV02,Đã giao
DH006815,KH0198,03/12/2024 11:58:00,Sàn Lazada,NV14,Đã giao
DH003767,KH0166,11/12/2025 17:24:00,Ban le,NV23,Đang xử lý
DH007979,KH0337,06/08/2024 06:57:00,TMĐT - Tiki,NV06,Đã giao
DH000732,KH0074,26/11/2025 14:18:00,Đại lý,NV20,Đã giao
DH005817,KH0442,12/30/2024 16:11:00,Shopee,NV21,Đã giao
DH010519,KH0140,25/09/2024 03:31:00,Đại lý,NV30,Đã giao
DH003428,KH0044,08/05/2025 13:35:00,TMĐT - Tiki,NV28,Đã giao
DH006532,KH0066,2025-03-14 17:14:00,Bán lẻ,NV05,Đã giao
DH009488,KH0116,20/09/2025 10:54:00,TMĐT - Tiki,NV16,Đã giao
DH007861,KH0421,06/01/2025 14:58:00,Sàn Lazada,NV22,Đã giao
DH007239,KH0193,19/04/2026 23:37:00,Showroom,NV17,Đã giao
DH006976,KH0316,20/06/2026 18:17:00,Đại lý,NV15,Đã giao
DH011467,KH0367,12/09/2025 18:11:00,TMĐT - Tiki,NV11,Đã hủy
DH010927,KH0248,04/08/2024 07:00:00,Đại lý,NV01,Đã giao
DH004045,KH0248,25/06/2026 22:47:00,Sàn Lazada,NV26,Đã giao
DH008477,,27/05/2025 22:22:00,Showroom,NV08,Đã giao
DH004722,,06/04/2026 06:06:00,Showroom,NV25,Đã giao
DH007854,KH0211,26/01/2026 21:28:00,Đại lý,NV10,Đã giao
DH009753,KH0271,03/11/2025 10:53:00,Showroom,NV07,Đã giao
DH009479,KH0399,19/01/2026 10:30:00,Showroom,NV18,Trả hàng
DH006445,KH0248,05/04/2025 03:13:00,Bán lẻ,NV03,Đang xử lý
DH000294,KH0192,30/12/2024 11:25:00,Sàn Shopee,NV11,Đã giao
DH004850,KH0298,29/07/2025 08:25:00,Showroom,NV08,Đã giao
DH000688,KH0204,06/07/2026 22:44:00,Showroom,NV01,Đã giao
DH003418,KH0273,30/04/2026 04:06:00,Đại lý,NV24,Đã giao
DH002913,KH0179,16/12/2024 09:04:00,Đại lý,NV23,Đã giao
DH004728,KH0227,08/11/2025 06:31:00,Đại lý,NV19,Đang xử lý
DH007055,KH0415,03/01/2025 04:26:00,Lazada,NV16,Đã giao
DH011557,KH0155,07/11/2025 12:51:00,TMĐT - Tiki,NV10,Đã giao
DH005841,KH0032,24/09/2025 23:54:00,Showroom,NV15,Đã giao
DH003170,KH0314,22/05/2026 09:54:00,Sàn Shopee,NV24,Đang xử lý
DH002126,KH0266,22/03/2026 13:44:00,TMĐT - Tiki,NV18,Đã giao
DH002151,KH0433,19/03/2025 09:35:00,Sàn Shopee,NV06,Đã giao
DH002595,KH9013,27/11/2025 23:46:00,Shopee,NV26,Đã giao
DH004583,,01/06/2025 00:58:00,Sàn Lazada,NV29,Mới
DH003537,KH0262,12/06/2026 05:59:00,Đại lý,NV24,Đã giao
DH002900,KH0402,30/06/2025 21:22:00,Đại lý,NV21,Đã giao
DH002967,KH0428,19/09/2025 21:32:00,Đại lý,NV15,Mới
DH006528,KH0367,03/25/2025 03:51:00,Showroom,NV15,Đã giao
DH010695,KH9002,20/02/2026 09:48:00,TMĐT - Tiki,NV06,Đã giao
DH001623,KH0104,12/07/2024 17:18:00,Showroom,NV29,Đã giao
DH010362,KH0002,09/01/2025 17:39:00,Lazada,NV16,Đang xử lý
DH002112,KH0394,11/06/2026 16:58:00,Đại lý,NV27,Đã giao
DH009886,KH0248,04/01/2026 04:11:00,Lazada,NV29,Đang xử lý
DH004062,KH0035,05/09/2024 17:22:00,Bán lẻ,NV12,Mới
DH003153,KH0390,09/02/2026 19:24:00,Ban le,NV28,Đã giao
DH000862,KH0274,23/05/2025 18:37:00,Lazada,NV13,Đã giao
DH006075,KH0240,13/08/2024 01:10:00,Sàn Lazada,NV26,Đã giao
DH003080,KH0412,13/09/2024 19:03:00,Sàn Lazada,NV02,Đã giao
DH000366,KH0324,15/12/2025 12:22:00,Đại lý,NV19,Đã giao
DH002651,KH0257,14/01/2026 07:35:00,Đại lý,NV21,Đã giao
DH007245,KH0002,10/15/2024 11:22:00,Shopee,NV06,Đã giao
DH000033,KH0156,02/01/2026 09:12:00,Ban le,NV19,Đã giao
DH004484,KH0365,30/10/2025 22:25:00,Bán lẻ,NV06,Đã giao
DH000171,KH0005,06/04/2026 21:18:00,Sàn Lazada,NV05,Đã giao
DH002016,KH0010,22/11/2024 19:37:00,TMĐT - Lazada,NV15,Đã giao
DH002139,KH0239,14/11/2025 02:21:00,Shopee,NV08,Đang xử lý
DH002582,KH0053,29/08/2025 13:21:00,Showroom,NV15,Đã giao
DH003259,KH0315,04/03/2025 02:26:00,Đại lý,NV30,Đã hủy
DH003596,KH0221,23/01/2026 09:11:00,Sàn Shopee,NV09,Đã giao
DH007454,KH0306,15/09/2025 04:36:00,Ban le,NV30,Đã giao
DH006834,KH0061,06/05/2025 01:13:00,Bán lẻ,NV20,Mới
DH005361,KH0280,20/08/2025 10:37:00,TMĐT - Tiki,NV12,Đã giao
DH000636,KH0406,13/11/2025 11:29:00,Đại lý,NV27,Đã giao
DH006139,KH0155,25/09/2024 04:55:00,Ban le,NV03,Đã giao
DH011900,KH0062,21/12/2024 05:44:00,Sàn Lazada,NV13,Đã giao
DH005919,KH0089,16/01/2026 10:53:00,Showroom,NV13,Đã giao
DH001836,KH0053,31/07/2025 14:47:00,Sàn Shopee,NV14,Đang xử lý
DH005802,KH0391,19/03/2026 03:15:00,Shopee,NV21,Đã giao
DH004251,KH0442,17/11/2025 21:24:00,Sàn Lazada,NV14,Đã giao
DH009564,KH0236,14/05/2026 04:12:00,Shopee,NV16,Đã giao
DH007901,KH0193,28/12/2025 13:34:00,Đại lý,NV17,Đang xử lý
DH007044,KH0227,05/08/2024 08:54:00,TMĐT - Shopee,NV10,Đã giao
DH002146,KH0367,26/06/2025 03:11:00,Sàn Shopee,NV19,Mới
DH007798,KH0248,21/05/2026 04:21:00,TMĐT - Tiki,NV22,Đã giao
DH004124,KH0141,14/12/2025 02:07:00,Showroom,NV16,Đã giao
DH006870,KH0193,02/12/2024 02:38:00,Bán lẻ,NV19,Đã giao
DH000650,KH0034,02/09/2025 02:23:00,Showroom,NV06,Đã giao
DH006993,KH0368,26/08/2024 19:04:00,Shopee,NV10,Đã giao
DH009719,KH0404,21/06/2026 03:36:00,TMĐT - Tiki,NV24,Đã giao
DH011577,KH0012,18/08/2025 23:39:00,TMĐT - Tiki,NV13,Đã giao
DH000740,KH0404,13/03/2026 02:00:00,Ban le,NV23,Đã giao
DH010862,KH0044,17/07/2026 10:04:00,Lazada,NV26,Đã giao
DH001037,KH0296,06/09/2025 07:33:00,Shopee,NV17,Đã giao
DH003116,KH0051,03/06/2025 18:00:00,Ban le,NV11,Đã giao
DH010667,KH0154,08/05/2025 06:23:00,TMĐT - Tiki,NV29,Đã giao
DH006143,KH0004,22/01/2025 05:11:00,Đại lý,NV30,Đang xử lý
DH003758,KH0051,05/10/2025 08:17:00,Bán lẻ,NV03,Đã giao
DH000949,KH0262,23/08/2024 16:55:00,Đại lý,NV08,Đã giao
DH010342,KH0314,14/08/2025 07:42:00,Đại lý,NV10,Đã giao
DH000663,KH0115,04/08/2025 22:09:00,TMĐT - Tiki,NV06,Đã giao
DH002907,KH0092,31/07/2025 11:18:00,Showroom,NV25,Trả hàng
DH002053,KH0373,23/04/2025 15:18:00,Sàn Lazada,NV29,Đã giao
DH000537,KH0314,19/11/2025 01:08:00,TMĐT - Tiki,NV09,Đã giao
DH008937,KH0391,02/07/2025 23:25:00,Lazada,NV17,Đã giao
DH004672,KH0442,17/12/2025 06:30:00,Showroom,NV10,Đã hủy
DH007159,KH0262,19/06/2026 08:28:00,Đại lý,NV28,Đã giao
DH011294,KH0093,25/12/2024 16:58:00,Đại lý,NV29,Đã giao
DH010683,KH0139,01/06/2025 09:50:00,Showroom,NV08,Đã giao
DH011482,KH0242,03/01/2025 17:07:00,Đại lý,NV19,Đã giao
DH005220,KH0227,02/01/2026 18:41:00,TMĐT - Tiki,NV08,Đã giao
DH001562,KH0027,14/12/2025 15:46:00,Đại lý,NV13,Đã giao
DH006817,KH0204,31/07/2026 08:34:00,Đại lý,NV07,Đã giao
DH000141,KH0447,26/01/2025 16:39:00,TMĐT - Tiki,NV29,Đang xử lý
DH006260,KH0293,2025-10-07 23:11:00,Đại lý,NV28,Đã giao
DH010739,KH0246,21/03/2025 16:54:00,Đại lý,NV01,Đã giao
DH010350,KH0442,22/11/2025 02:26:00,Ban le,NV12,Đã giao
DH011042,KH0054,15/07/2026 16:07:00,Đại lý,NV12,Đang xử lý
DH004157,KH0319,10/28/2025 11:12:00,Đại lý,NV29,Đã giao
DH000398,KH0053,03/09/2025 04:32:00,Đại lý,NV22,Đã hủy
DH010982,KH0262,16/12/2024 20:37:00,TMĐT - Tiki,NV12,Đã giao
DH011331,KH0306,2025-12-22 19:05:00,TMĐT - Tiki,NV30,Đã hủy
DH006362,,06/09/2025 02:29:00,Sàn Lazada,NV13,Đã hủy
DH010452,KH0101,10/04/2025 02:07:00,Đại lý,NV29,Đã giao
DH000810,KH0218,22/04/2026 16:37:00,Sàn Lazada,NV02,Mới
DH000099,KH0160,09/02/2025 13:14:00,TMĐT - Tiki,NV10,Đã giao
DH006938,KH0280,27/04/2025 20:38:00,Bán lẻ,NV26,Đã giao
DH005798,KH0035,12/10/2024 20:21:00,Đại lý,NV01,Đang xử lý
DH002587,KH0321,14/01/2026 11:58:00,Sàn Lazada,NV07,Đã giao
DH005073,KH0391,22/11/2025 23:59:00,Showroom,NV28,Đã giao
DH004465,,09/07/2026 13:43:00,TMĐT - Shopee,NV05,Đã giao
DH005021,KH0116,28/01/2025 15:14:00,Ban le,NV25,Đã hủy
DH009464,KH0228,04/27/2025 07:01:00,Lazada,NV28,Đã hủy
DH005663,KH0253,07/04/2025 20:25:00,Showroom,NV17,Đã giao
DH001466,KH0412,20/02/2025 10:01:00,Sàn Lazada,NV01,Đã giao
DH005302,KH0095,03/11/2025 04:59:00,Ban le,NV14,Đã giao
DH001835,KH0095,2024-08-08 23:38:00,TMĐT - Tiki,NV28,Đã giao
DH004694,KH0323,02/12/2024 02:31:00,TMĐT - Tiki,NV28,Trả hàng
DH008033,KH0155,10/05/2025 21:43:00,Đại lý,NV04,Đã giao
DH004243,KH0250,03/06/2026 00:06:00,Đại lý,NV10,Đã giao
DH003478,KH0197,12/12/2025 16:38:00,Bán lẻ,NV09,Đã giao
DH009775,KH0135,02/05/2026 07:24:00,Showroom,NV05,Đã giao
DH009008,KH0035,20/07/2025 12:20:00,TMĐT - Tiki,NV22,Đã giao
DH005707,KH0359,02/03/2026 23:11:00,TMĐT - Tiki,NV03,Đã giao
DH008628,KH0386,16/05/2025 23:47:00,Showroom,NV06,Đã giao
DH003291,KH0262,2025-09-17 23:37:00,Sàn Lazada,NV27,Đã giao
DH002117,KH0443,07/01/2026 04:19:00,TMĐT - Shopee,NV16,Đã giao
DH010966,KH0186,17/04/2025 07:12:00,Sàn Lazada,NV27,Đã giao
DH007753,KH0115,13/10/2025 18:06:00,Đại lý,NV02,Đã giao
DH008380,KH0248,06/08/2024 17:08:00,TMĐT - Tiki,NV07,Đã giao
DH002164,KH0141,12/06/2025 22:49:00,Đại lý,NV07,Đã giao
DH010807,KH0274,05/02/2025 22:03:00,TMĐT - Tiki,NV01,Đã giao
DH005029,KH0447,29/11/2025 22:23:00,Đại lý,NV22,Đã giao
DH007009,KH0035,30/08/2024 04:04:00,TMĐT - Tiki,NV04,Đang xử lý
DH005082,KH0385,03/02/2025 13:38:00,Đại lý,NV29,Mới
DH010621,KH9009,03/04/2026 14:45:00,Lazada,NV12,Mới
DH006435,KH0133,07/06/2025 15:17:00,Lazada,NV01,Đã giao
DH006525,KH0391,26/12/2025 08:29:00,Ban le,NV16,Đã giao
DH007926,KH0256,10/12/2024 22:04:00,TMĐT - Tiki,NV24,Đã giao
DH003743,KH0309,30/12/2025 13:07:00,Đại lý,NV29,Trả hàng
DH003106,KH0438,22/11/2025 23:01:00,Sàn Lazada,NV21,Đã giao
DH000587,KH0095,07/10/2024 20:22:00,TMĐT - Tiki,NV03,Đã giao
DH009936,KH0104,21/07/2026 01:51:00,Đại lý,NV29,Đã giao
DH010391,KH0365,14/08/2025 21:56:00,TMĐT - Tiki,NV24,Đã giao
DH002303,KH0377,18/12/2024 22:16:00,Showroom,NV04,Đã giao
DH007318,KH0227,20/02/2026 17:14:00,TMĐT - Tiki,NV21,Đã giao
DH002197,KH0248,12/12/2025 01:27:00,TMĐT - Tiki,NV19,Đã giao
DH003353,KH0311,23/10/2024 08:39:00,Sàn Shopee,NV27,Đã giao
DH008608,KH0253,29/10/2025 23:58:00,Sàn Lazada,NV05,Đã giao
DH007080,KH0306,10/11/2025 17:45:00,Ban le,NV29,Trả hàng
DH006320,KH9012,31/10/2024 22:59:00,TMĐT - Tiki,NV30,Đã hủy
DH000397,KH0119,01/10/2025 09:31:00,Đại lý,NV15,Đã giao
DH002980,KH0449,11/04/2024 07:13:00,Sàn Shopee,NV26,Đã giao
DH009798,KH0178,24/07/2026 02:18:00,Ban le,NV11,Đã giao
DH004101,KH0002,23/04/2026 15:48:00,Showroom,NV11,Đã hủy
DH010327,KH0433,21/03/2026 18:35:00,Showroom,NV16,Đã giao
DH003778,KH0385,04/24/2026 16:23:00,Showroom,NV13,Đã hủy
DH008934,KH0023,15/09/2024 13:15:00,Lazada,NV11,Đã giao
DH006898,KH0034,21/12/2025 23:42:00,Sàn Shopee,NV17,Đã giao
DH004766,KH0357,25/07/2025 06:50:00,Ban le,NV17,Đã hủy
DH007574,KH0199,16/01/2026 00:51:00,Ban le,NV29,Đã hủy
DH004028,KH0246,31/07/2025 16:55:00,Đại lý,NV02,Trả hàng
DH009136,KH0380,10/10/2024 06:45:00,Đại lý,NV01,Đã giao
DH005729,KH0220,31/03/2026 18:57:00,Lazada,NV25,Đã giao
DH008770,KH0333,20/12/2024 22:07:00,Sàn Lazada,NV04,Đã giao
DH000235,KH0204,02/04/2026 08:26:00,Bán lẻ trực tiếp,NV11,Đã giao
DH006465,KH0242,06/02/2025 14:41:00,Showroom,NV03,Đã giao
DH007098,KH0184,12/10/2024 17:42:00,Lazada,NV28,Mới
DH006142,KH0031,18/06/2026 04:05:00,Sàn Lazada,NV19,Đã hủy
DH008955,,21/11/2025 10:52:00,Shopee,NV19,Đã giao
DH007114,KH0004,31/08/2024 05:20:00,Sàn Lazada,NV12,Đã giao
DH007170,KH0404,25/05/2026 02:03:00,Ban le,NV04,Đã giao
DH011571,KH0051,20/06/2025 01:41:00,Showroom,NV16,Đã giao
DH007792,KH0414,28/11/2024 05:59:00,Bán lẻ,NV30,Mới
DH009162,KH0413,02/02/2025 08:56:00,Bán lẻ,NV14,Đã giao
DH002810,KH0197,13/12/2024 06:31:00,Showroom,NV23,Đã giao
DH006529,KH9011,26/09/2025 16:07:00,TMĐT - Tiki,NV21,Đã giao
DH006872,KH0034,27/09/2025 01:16:00,Showroom,NV10,Đã giao
DH004754,KH0199,26/07/2026 20:36:00,Ban le,NV05,Đã giao
DH010699,KH0166,15/08/2024 15:27:00,Đại lý,NV12,Đã giao
DH005692,KH0230,06/11/2025 21:48:00,Showroom,NV05,Đã giao
DH006308,KH0391,29/12/2025 03:51:00,TMĐT - Tiki,NV02,Đã giao
DH004969,KH0008,04/07/2025 06:11:00,Showroom,NV12,Đã giao
DH011858,KH0002,06/09/2024 22:14:00,Sàn Shopee,NV30,Đang xử lý
DH007432,KH0447,21/09/2024 21:46:00,Đại lý,NV28,Đã giao
DH003536,KH0241,2024-09-18 06:24:00,Showroom,NV14,Đã giao
DH011991,KH0135,28/10/2025 08:35:00,Đại lý,NV01,Đã giao
DH010676,KH0442,23/11/2024 22:43:00,Lazada,NV07,Đã giao
DH000664,KH0447,16/04/2026 04:55:00,Ban le,NV02,Đã hủy
DH011992,KH0272,11/07/2026 19:31:00,Showroom,NV24,Đã giao
DH009998,KH0121,15/04/2026 14:37:00,Ban le,NV23,Đã giao
DH009091,KH0432,03/06/2026 18:25:00,Lazada,NV08,Đã giao
DH001405,KH0409,30/11/2024 17:11:00,TMĐT - Tiki,NV08,Trả hàng
DH002433,KH0423,14/12/2024 16:36:00,Sàn Lazada,NV14,Đã giao
DH003630,KH0267,15/11/2025 17:11:00,Sàn Lazada,NV01,Đã giao
DH008261,KH0193,28/11/2025 13:59:00,TMĐT - Tiki,NV01,Đã giao
DH006249,KH0276,30/07/2025 03:58:00,Shopee,NV28,Đã giao
DH007461,KH0368,12/02/2025 04:52:00,Bán lẻ,NV03,Đang xử lý
DH010051,KH0314,24/10/2025 07:12:00,Đại lý,NV13,Đã giao
DH005290,KH0391,17/07/2026 06:40:00,Đại lý,NV05,Đã giao
DH011922,KH0293,05/10/2025 22:38:00,Bán lẻ trực tiếp,NV19,Đã giao
DH008189,KH0262,14/04/2026 21:30:00,Lazada,NV07,Đã giao
DH010469,KH0316,05/05/2025 03:22:00,Showroom,NV14,Mới
DH004934,KH0306,15/08/2025 17:55:00,Đại lý,NV19,Đang xử lý
DH000546,KH0113,05/07/2025 06:09:00,Sàn Shopee,NV21,Đang xử lý
DH9900122,KH0164,20/06/2025 11:05:00,TMĐT - Tiki,NV24,Đã giao
DH002696,KH0292,19/08/2024 20:38:00,Sàn Lazada,NV21,Đã giao
DH000758,KH0442,25/01/2026 08:31:00,Ban le,NV24,Đang xử lý
DH003048,KH0039,22/01/2026 09:14:00,Sàn Lazada,NV02,Mới
DH008071,KH0271,28/04/2026 07:00:00,Sàn Lazada,NV08,Đã giao
DH000521,KH0035,19/03/2026 02:52:00,Đại lý,NV27,Đã hủy
DH006839,KH0273,13/07/2026 17:03:00,Lazada,NV25,Đã giao
DH008346,KH0036,25/02/2025 21:55:00,TMĐT - Tiki,NV14,Đã giao
DH009926,KH0325,17/09/2024 00:36:00,Showroom,NV07,Đã hủy
DH003960,KH0248,25/01/2025 16:30:00,Showroom,NV19,Đã giao
DH011658,KH0053,04/09/2024 23:33:00,TMĐT - Lazada,NV18,Trả hàng
DH007717,KH0447,14/05/2026 05:59:00,Sàn Shopee,NV17,Trả hàng
DH004083,KH0314,24/12/2024 10:26:00,TMĐT - Tiki,NV21,Trả hàng
DH006668,KH9010,09/11/2025 02:50:00,TMĐT - Tiki,NV05,Đã giao
DH011564,KH0105,11/12/2024 07:06:00,Shopee,NV10,Đang xử lý
DH008967,KH0442,28/08/2024 00:10:00,Shopee,NV18,Đã giao
DH006897,KH0428,01/04/2025 20:43:00,Đại lý,NV30,Đã giao
DH002460,KH0391,24/03/2025 04:47:00,Showroom,NV24,Đã giao
DH9900048,KH0386,02/06/2026 21:54:00,TMĐT - Tiki,NV12,Trả hàng
DH002558,KH0171,03/04/2025 05:46:00,TMĐT - Tiki,NV03,Đang xử lý
DH001458,KH0071,05/10/2024 23:35:00,Sàn Shopee,NV14,Đang xử lý
DH007637,KH0081,21/04/2025 18:41:00,Shopee,NV04,Đã giao
DH009065,KH0359,16/09/2025 20:24:00,TMĐT - Tiki,NV29,Đã giao
DH004413,KH0391,18/10/2024 02:21:00,Lazada,NV22,Đã giao
DH004498,KH0062,20/07/2026 01:42:00,Sàn Shopee,NV24,Đã giao
DH008818,KH0087,08/09/2024 18:23:00,Lazada,NV08,Đã giao
DH002094,KH0227,27/05/2025 20:07:00,Showroom,NV13,Đã giao
DH004180,KH0053,25/04/2025 00:12:00,Đại lý,NV05,Đã giao
DH001587,KH0248,15/02/2025 01:31:00,Ban le,NV21,Trả hàng
DH010618,KH0160,29/07/2025 08:11:00,Đại lý,NV18,Đang xử lý
DH001416,KH0243,04/06/2025 03:34:00,TMĐT - Tiki,NV02,Đang xử lý
DH011154,KH0380,26/01/2026 15:40:00,Ban le,NV07,Đã giao
DH009385,KH0249,14/10/2025 08:32:00,Đại lý,NV17,Đã giao
DH004340,KH0214,02/12/2025 14:39:00,Showroom,NV02,Mới
DH002914,KH0400,26/09/2025 09:00:00,Showroom,NV17,Đã hủy
DH011009,KH0250,23/04/2026 04:52:00,Shopee,NV03,Mới
DH005138,KH0447,16/12/2025 19:06:00,Lazada,NV24,Đang xử lý
DH001252,KH0002,16/09/2024 03:50:00,Ban le,NV04,Đã hủy
DH006327,KH0306,23/12/2024 05:58:00,Bán lẻ,NV18,Đã giao
DH002596,KH0035,11/02/2025 00:09:00,Sàn Shopee,NV11,Đã giao
DH004375,KH0280,04/10/2024 09:22:00,Đại lý,NV13,Đang xử lý
DH004598,KH9002,21/09/2025 15:44:00,Sàn Lazada,NV19,Đã giao
DH011718,KH0227,29/06/2026 20:27:00,Bán lẻ,NV26,Đã giao
DH004195,KH0155,13/04/2025 16:26:00,Bán lẻ,NV01,Đã giao
DH004519,KH0442,06/08/2024 23:59:00,TMĐT - Lazada,NV07,Đã giao
DH004923,KH0035,11/12/2024 23:40:00,TMĐT - Tiki,NV25,Đã giao
DH004914,KH0325,31/12/2025 22:31:00,TMĐT - Tiki,NV13,Đang xử lý
DH007110,KH0248,19/11/2025 17:14:00,Bán lẻ,NV17,Đã giao
DH006077,KH0314,20/08/2024 02:49:00,Shopee,NV28,Đang xử lý
DH005070,KH0227,02/02/2025 13:02:00,TMĐT - Tiki,NV22,Đã giao
DH002983,KH0391,13/01/2026 01:59:00,Ban le,NV28,Đã giao
DH009500,KH0227,07/08/2025 16:30:00,Showroom,NV09,Đã giao
DH003001,KH0119,01/10/2025 09:29:00,Ban le,NV09,Đã giao
DH002277,KH0248,02/09/2024 00:03:00,Showroom,NV30,Đã giao
DH006700,KH0413,20/02/2025 01:56:00,Shopee,NV16,Đã giao
DH002679,KH0155,09/12/2024 02:59:00,Showroom,NV22,Đã giao
DH006264,KH0060,08/12/2025 13:28:00,TMĐT - Lazada,NV16,Mới
DH009426,KH0187,16/10/2025 14:39:00,Shopee,NV22,Đã giao
DH010597,KH0314,08/01/2025 07:28:00,Showroom,NV18,Trả hàng
DH011825,KH0036,22/12/2024 21:48:00,TMĐT - Tiki,NV23,Đã giao
DH010421,KH0442,29/12/2025 05:57:00,Lazada,NV20,Đã giao
DH9900143,KH0140,27/01/2025 17:54:00,TMĐT - Tiki,NV02,Đã giao
DH006356,KH0242,15/12/2025 12:57:00,Sàn Shopee,NV18,Đã giao
DH001561,KH0359,17/10/2024 08:22:00,TMĐT - Tiki,NV25,Đã giao
DH003049,,07/04/2025 23:10:00,Lazada,NV22,Đang xử lý
DH001159,,06/08/2024 13:40:00,Lazada,NV08,Đã giao
DH005418,KH0102,23/01/2025 10:28:00,Bán lẻ,NV01,Đã giao
DH010180,KH0034,15/09/2025 09:54:00,Showroom,NV29,Đã giao
DH006742,KH0227,28/09/2024 03:50:00,Đại lý,NV12,Đã giao
DH001801,KH0114,20/05/2026 06:59:00,Đại lý,NV11,Đã giao
DH006188,,18/07/2026 15:24:00,Showroom,NV10,Đã giao
DH006359,KH0187,02/11/2024 17:55:00,TMĐT - Tiki,NV24,Đã giao
DH007297,KH0140,07/01/2026 22:00:00,Shopee,NV15,Đã giao
DH006900,KH0013,20/10/2025 03:09:00,Shopee,NV28,Đã giao
DH011821,KH0389,08/10/2025 10:11:00,Ban le,NV10,Đã giao
DH006444,KH0089,21/04/2025 04:46:00,Lazada,NV20,Đã giao
DH003218,KH0290,01/04/2025 10:38:00,Bán lẻ,NV18,Đã giao
DH003454,KH0413,07/04/2025 17:50:00,Showroom,NV08,Đã giao
DH005800,KH0367,17/01/2025 08:33:00,Đại lý,NV23,Đã hủy
DH011545,KH0290,16/05/2026 08:46:00,Shopee,NV02,Đã giao
DH003251,KH0442,16/05/2026 19:14:00,Showroom,NV08,Đã giao
DH011025,KH0132,19/12/2025 00:35:00,Đại lý,NV23,Đã giao
DH006603,KH0297,10/09/2024 01:31:00,Đại lý,NV14,Đã giao
DH008773,KH0119,24/12/2025 04:05:00,Sàn Shopee,NV21,Đang xử lý
DH001131,KH0442,23/05/2026 21:30:00,Showroom,NV17,Đã giao
DH005373,KH0212,22/06/2025 18:05:00,TMĐT - Tiki,NV15,Đã giao
DH004134,KH0089,16/02/2026 23:53:00,Bán lẻ,NV16,Đã giao
DH011925,KH0036,20/12/2024 11:36:00,Lazada,NV11,Trả hàng
DH009005,KH0193,09/04/2025 02:10:00,Sàn Lazada,NV02,Đã giao
DH001189,KH0394,06/08/2025 02:47:00,Sàn Shopee,NV08,Đã hủy
DH010426,KH0155,30/08/2024 17:02:00,Sàn Shopee,NV09,Đã giao
DH005928,KH0126,30/08/2024 01:44:00,Showroom,NV09,Đã giao
DH004052,KH0034,28/04/2025 07:37:00,Đại lý,NV02,Đã giao
DH004080,KH0386,04/12/2024 05:48:00,Sàn Lazada,NV01,Đang xử lý
DH007266,KH0056,18/01/2025 02:46:00,Sàn Shopee,NV21,Đã giao
DH005396,KH0384,28/01/2026 09:42:00,Showroom,NV23,Mới
DH003720,KH0024,12/08/2024 13:01:00,Đại lý,NV03,Đã giao
DH001898,KH0140,23/05/2026 21:01:00,Bán lẻ,NV11,Đã giao
DH000329,KH0442,19/04/2025 20:51:00,Showroom,NV02,Đã giao
DH006118,KH0389,21/06/2026 06:16:00,Showroom,NV20,Trả hàng
DH007143,KH0051,23/05/2026 19:23:00,TMĐT - Tiki,NV24,Đang xử lý
DH003140,,31/01/2025 19:31:00,Bán lẻ,NV21,Mới
DH006641,KH0446,04/03/2026 14:56:00,Lazada,NV01,Đã giao
DH006805,KH0193,23/03/2025 21:27:00,Shopee,NV01,Đã giao
DH002195,KH0219,08/12/2025 05:04:00,Ban le,NV11,Đã giao
DH010369,KH0432,2024-10-26 06:37:00,TMĐT - Tiki,NV18,Đã giao
DH004590,KH0409,29/01/2026 14:30:00,Showroom,NV30,Đã giao
DH000990,KH0227,20/09/2024 03:49:00,Lazada,NV01,Đã giao
DH011559,KH0257,18/01/2025 12:14:00,TMĐT - Tiki,NV16,Đã giao
DH011274,KH0400,17/09/2024 08:33:00,Đại lý,NV24,Đã giao
DH000361,KH0013,14/02/2025 14:57:00,Sàn Shopee,NV23,Đã giao
DH006321,KH0442,08/05/2025 13:28:00,Sàn Shopee,NV12,Đã giao
DH010914,KH0332,07/06/2025 00:52:00,Đại lý,NV17,Đã giao
DH004710,KH0119,23/01/2025 11:26:00,Shopee,NV23,Đã giao
DH007594,KH0012,25/06/2026 00:29:00,Sàn Lazada,NV08,Đã giao
DH004326,KH0413,12/03/2025 11:57:00,Sàn Shopee,NV24,Đã giao
DH004702,KH0164,31/03/2025 02:36:00,Lazada,NV15,Đã giao
DH008951,KH0221,10/10/2024 18:52:00,Đại lý,NV22,Đã giao
DH009619,KH0278,13/04/2026 01:21:00,Shopee,NV05,Đã giao
DH002044,KH0183,10/02/2025 09:44:00,TMĐT - Tiki,NV23,Đã giao
DH004877,KH0053,01/02/2026 19:03:00,Đại lý,NV13,Đã giao
DH002528,KH0407,25/05/2026 09:35:00,Lazada,NV13,Đang xử lý
DH006178,KH0227,12/11/2025 05:15:00,Ban le,NV14,Đang xử lý
DH011074,KH0447,18/12/2024 18:07:00,Sàn Lazada,NV01,Đã giao
DH003643,KH0056,19/08/2024 00:10:00,TMĐT - Tiki,NV28,Đã giao
DH010489,KH0306,13/03/2025 19:18:00,Ban le,NV23,Đã giao
DH006564,KH0257,09/09/2025 13:56:00,Ban le,NV08,Đã hủy
DH000121,KH0070,27/02/2025 09:29:00,Ban le,NV02,Đã giao
DH009032,KH0108,29/07/2026 04:44:00,Sàn Lazada,NV08,Mới
DH004775,KH0035,11/12/2024 19:56:00,TMĐT - Lazada,NV02,Đã giao
DH001819,KH0265,11/12/2024 05:40:00,TMĐT - Tiki,NV25,Đã giao
DH000144,KH0428,25/09/2024 05:58:00,Sàn Lazada,NV15,Đã giao
DH011388,KH0219,01/09/2024 07:34:00,Showroom,NV23,Đã giao
DH000910,KH0257,08/11/2025 07:15:00,Showroom,NV09,Trả hàng
DH009435,KH0325,17/10/2024 23:12:00,Đại lý,NV23,Đang xử lý
DH008294,KH0003,24/08/2025 19:25:00,TMĐT - Shopee,NV15,Đã giao
DH006026,KH0358,14/05/2025 20:04:00,Showroom,NV13,Đã giao
DH007547,KH0262,16/01/2026 21:20:00,Ban le,NV14,Đang xử lý
DH006911,KH0310,09/12/2025 14:43:00,Shopee,NV07,Đã giao
DH000155,KH0252,16/06/2026 15:34:00,Showroom,NV07,Đã giao
DH009056,KH0446,03/08/2025 16:34:00,Sàn Lazada,NV01,Trả hàng
DH001153,,27/07/2026 11:32:00,Bán lẻ trực tiếp,NV09,Đã giao
DH005845,KH0247,28/03/2026 01:52:00,TMĐT - Tiki,NV03,Đã giao
DH006065,KH0070,15/08/2025 19:18:00,TMĐT - Tiki,NV22,Đã giao
DH001065,KH0063,07/12/2025 19:13:00,Sàn Lazada,NV17,Đã giao
DH000584,KH0056,07/02/2025 19:29:00,Shopee,NV16,Đã giao
DH004886,KH0328,01/01/2025 09:49:00,Đại lý,NV21,Đã giao
DH9900056,KH0198,26/06/2025 19:29:00,TMĐT - Tiki,NV24,Mới
DH008868,KH0368,01/09/2024 08:33:00,TMĐT - Tiki,NV20,Đã giao
DH007133,KH0447,04/07/2025 07:06:00,TMĐT - Tiki,NV23,Đã giao
DH004436,KH0052,22/01/2026 22:03:00,Showroom,NV10,Đã giao
DH006361,KH0306,04/06/2026 20:30:00,TMĐT - Tiki,NV14,Đã giao
DH005742,KH0170,19/07/2026 03:50:00,Shopee,NV21,Đã giao
DH007780,KH0377,06/06/2026 21:51:00,Đại lý,NV09,Đã giao
DH001110,KH0392,23/12/2025 14:27:00,Lazada,NV30,Đã giao
DH002854,KH0051,26/04/2026 06:22:00,Showroom,NV11,Đã giao
DH004147,KH0420,29/03/2025 04:20:00,Showroom,NV23,Đã giao
DH011453,KH0267,30/11/2025 13:16:00,Sàn Shopee,NV20,Trả hàng
DH009356,KH0070,26/10/2024 05:59:00,TMĐT - Shopee,NV29,Đã giao
DH001789,KH0242,07/01/2026 07:23:00,Shopee,NV24,Đang xử lý
DH002097,KH0249,28/06/2025 19:44:00,Đại lý,NV14,Đã giao
DH001096,KH0155,04/07/2025 10:02:00,Sàn Shopee,NV24,Đã giao
DH000153,KH0155,01/11/2024 19:48:00,Bán lẻ,NV30,Đã giao
DH011149,KH0365,06/12/2025 07:54:00,Bán lẻ,NV27,Đã giao
DH001682,KH0422,15/06/2025 10:50:00,Showroom,NV01,Đã giao
DH011646,KH0108,20/04/2025 07:50:00,TMĐT - Lazada,NV27,Đã giao
DH006329,KH0163,31/05/2025 02:33:00,Showroom,NV21,Đã giao
DH008830,KH0108,25/05/2026 14:29:00,Showroom,NV25,Mới
DH006119,KH0396,17/07/2026 13:10:00,Đại lý,NV11,Đã giao
DH004980,KH0262,22/07/2026 15:02:00,Ban le,NV07,Đã hủy
DH011195,KH0379,20/02/2026 09:15:00,Showroom,NV07,Đã giao
DH009386,KH0240,2024-12-25 02:44:00,Shopee,NV09,Đã hủy
DH004187,KH0070,31/12/2025 16:10:00,TMĐT - Tiki,NV10,Đã giao
DH003296,KH0379,17/04/2025 13:18:00,Showroom,NV05,Đã giao
DH001446,KH0070,02/03/2025 00:52:00,TMĐT - Tiki,NV10,Đang xử lý
DH011510,KH0052,06/08/2025 23:55:00,Bán lẻ trực tiếp,NV18,Đã giao
DH003622,KH0040,19/12/2024 12:42:00,Bán lẻ,NV25,Đã giao
DH008311,KH0365,02/05/2026 21:08:00,Bán lẻ,NV22,Đã giao
DH010552,KH0197,01/03/2025 04:59:00,Shopee,NV06,Đã giao
DH007880,KH0051,05/14/2026 05:52:00,Shopee,NV09,Đã giao
DH004705,KH0241,24/01/2025 15:23:00,Đại lý,NV29,Đã giao
DH003079,KH0197,20/10/2024 16:19:00,Bán lẻ,NV30,Đã giao
DH007032,KH0362,22/07/2025 09:23:00,Bán lẻ trực tiếp,NV01,Đang xử lý
DH008352,KH0406,09/12/2025 10:48:00,TMĐT - Tiki,NV08,Đã giao
DH002801,KH0009,08/09/2024 02:16:00,TMĐT - Lazada,NV25,Đã giao
DH000761,KH0227,19/10/2024 13:55:00,TMĐT - Tiki,NV01,Đã giao
DH000520,KH0326,20/06/2026 05:53:00,TMĐT - Tiki,NV17,Đã giao
DH007174,KH0229,07/04/2026 22:57:00,Showroom,NV19,Đã giao
DH009788,KH0183,06/06/2026 13:29:00,TMĐT - Shopee,NV14,Đã giao
DH003465,KH0266,28/12/2024 03:02:00,Shopee,NV08,Đã giao
DH011719,KH0442,19/07/2026 16:20:00,Đại lý,NV09,Đã giao
DH008013,KH0077,28/07/2025 11:36:00,Sàn Lazada,NV04,Đã giao
DH005377,KH0052,02/04/2026 19:00:00,Sàn Lazada,NV05,Đã giao
DH000493,KH0155,02/09/2025 12:42:00,Đại lý,NV08,Đã giao
DH009037,KH0002,06/05/2026 21:47:00,Sàn Lazada,NV27,Đã giao
DH004036,KH0205,28/09/2024 02:36:00,Shopee,NV24,Đã giao
DH009689,KH0051,07/07/2026 07:37:00,Shopee,NV15,Đã giao
DH006788,KH0198,14/08/2024 11:31:00,Showroom,NV15,Đã giao
DH007386,,24/07/2026 08:23:00,Đại lý,NV28,Đã giao
DH008515,KH0325,05/02/2025 22:54:00,Đại lý,NV17,Đã giao
DH004715,KH0304,25/04/2025 12:26:00,Showroom,NV07,Đã giao
DH007175,KH9011,19/12/2025 03:00:00,Sàn Shopee,NV13,Đã giao
DH006921,KH0089,01/08/2026 18:50:00,Ban le,NV16,Đã giao
DH005078,KH0447,14/01/2025 20:55:00,Bán lẻ,NV29,Đã giao
DH005511,KH0266,06/04/2026 06:39:00,Showroom,NV13,Đang xử lý
DH009046,KH0243,25/12/2024 04:06:00,Showroom,NV03,Đã giao
DH007923,KH0198,30/07/2025 13:51:00,Đại lý,NV28,Trả hàng
DH002901,KH0155,29/04/2026 10:25:00,Sàn Lazada,NV15,Đã giao
DH006777,KH0262,26/06/2026 04:19:00,TMĐT - Tiki,NV21,Đã giao
DH002553,,13/07/2026 02:14:00,Đại lý,NV25,Đã giao
DH003471,KH0160,2025-06-04 13:18:00,TMĐT - Tiki,NV05,Mới
DH006591,,19/05/2025 09:41:00,TMĐT - Tiki,NV02,Đang xử lý
DH000693,KH0280,09/04/2025 11:11:00,Đại lý,NV21,Đã giao
DH011657,KH0377,07/12/2025 15:23:00,Bán lẻ,NV22,Đang xử lý
DH001496,KH0447,18/07/2025 06:42:00,Sàn Lazada,NV01,Đã giao
DH006918,KH0350,07/05/2026 17:41:00,Shopee,NV02,Đã giao
DH001310,KH0394,12/30/2024 04:44:00,Lazada,NV05,Đã giao
DH005266,KH0352,05/01/2026 14:55:00,Showroom,NV13,Đã giao
DH002234,KH0202,22/12/2024 06:30:00,Đại lý,NV16,Đã giao
DH009066,KH0273,27/06/2025 18:12:00,Bán lẻ,NV01,Đã giao
DH003798,KH0070,04/11/2024 21:56:00,Đại lý,NV21,Trả hàng
DH004979,KH0281,20/04/2025 18:02:00,TMĐT - Tiki,NV11,Đã giao
DH004539,KH0404,24/01/2026 05:24:00,Ban le,NV30,Mới
DH001287,KH9014,21/10/2024 21:15:00,TMĐT - Tiki,NV07,Đã giao
DH010419,KH0227,03/03/2026 00:03:00,Showroom,NV09,Đã hủy
DH001393,KH0390,29/08/2025 14:47:00,Ban le,NV01,Đã giao
DH006713,KH0447,14/05/2026 03:14:00,Showroom,NV10,Đã giao
DH001858,KH0442,06/04/2025 23:12:00,TMĐT - Tiki,NV17,Đã hủy
DH008108,KH0116,06/06/2025 05:54:00,Showroom,NV03,Đã giao
DH010721,KH0003,05/01/2026 02:55:00,Showroom,NV18,Đã hủy
DH002092,KH0002,03/05/2026 16:53:00,Bán lẻ,NV01,Đã giao
DH005305,KH0141,24/09/2025 23:40:00,Sàn Lazada,NV07,Đã giao
DH010172,KH0233,01/04/2026 03:30:00,Showroom,NV20,Đã giao
DH009276,KH0127,19/08/2024 17:59:00,Đại lý,NV06,Đã giao
DH003826,KH0274,30/06/2025 22:58:00,Showroom,NV14,Đã giao
DH000851,KH0034,04/05/2025 12:28:00,TMĐT - Tiki,NV14,Đã giao
DH008613,KH0338,05/10/2025 00:41:00,Sàn Shopee,NV30,Đã giao
DH005450,KH0310,27/03/2026 13:59:00,Lazada,NV29,Đã giao
DH002758,KH0280,20/09/2024 10:37:00,Shopee,NV26,Đã giao
DH001158,KH0446,14/09/2024 11:39:00,Sàn Shopee,NV26,Đã giao
DH006672,KH0193,08/11/2025 05:31:00,Lazada,NV16,Đang xử lý
DH010285,KH0406,07/02/2025 05:15:00,Sàn Lazada,NV20,Đã giao
DH009206,KH0047,31/10/2024 16:16:00,Sàn Shopee,NV21,Đã giao
DH011688,KH0367,17/01/2025 14:13:00,Ban le,NV21,Đã giao
DH010014,KH0351,06/01/2025 12:52:00,Shopee,NV22,Đã giao
DH004303,KH0249,12/12/2025 12:08:00,Shopee,NV26,Đã giao
DH010229,KH0056,24/08/2024 22:34:00,Showroom,NV11,Đã giao
DH002093,KH0284,19/08/2024 17:45:00,Showroom,NV05,Đã giao
DH001853,KH0141,05/04/2026 06:08:00,Bán lẻ,NV05,Đã giao
DH006410,KH0356,02/04/2026 08:48:00,Shopee,NV10,Đã giao
DH003668,KH0415,25/04/2025 10:57:00,Lazada,NV25,Đã giao
DH005390,KH0391,11/06/2025 21:10:00,Bán lẻ,NV04,Đã giao
DH004605,KH0234,16/01/2025 05:49:00,Lazada,NV12,Đang xử lý
DH005133,KH0137,16/01/2025 14:59:00,Shopee,NV23,Mới
DH010845,KH0358,28/12/2024 02:58:00,TMĐT - Tiki,NV29,Đã giao
DH003997,KH0052,19/11/2025 12:03:00,Shopee,NV13,Đã giao
DH007788,KH0186,21/09/2025 22:31:00,Đại lý,NV20,Đã giao
DH007772,KH0103,16/01/2025 05:15:00,Lazada,NV16,Mới
DH006328,KH0421,12/01/2025 09:13:00,Đại lý,NV04,Đã giao
DH008052,KH0364,01/03/2025 10:10:00,Đại lý,NV14,Đã giao
DH007031,KH0447,27/12/2025 17:22:00,Bán lẻ,NV10,Đã giao
DH004477,KH0304,22/12/2025 22:14:00,TMĐT - Tiki,NV21,Đã giao
DH007597,KH0306,10/20/2025 15:41:00,Bán lẻ,NV04,Đã giao
DH001641,KH0246,29/12/2024 06:28:00,Đại lý,NV22,Đang xử lý
DH010936,KH0379,16/07/2025 15:29:00,Showroom,NV03,Đã giao
DH007449,KH0075,27/10/2024 21:01:00,Showroom,NV29,Đã giao
DH006042,KH0116,01/12/2025 21:54:00,Đại lý,NV11,Đang xử lý
DH011177,KH0415,13/02/2025 20:27:00,Sàn Shopee,NV17,Đã giao
DH006991,KH0015,16/07/2026 16:43:00,TMĐT - Tiki,NV01,Đang xử lý
DH008687,KH9009,09/01/2026 00:22:00,Showroom,NV06,Đang xử lý
DH005451,KH0031,15/04/2026 19:36:00,Sàn Lazada,NV27,Đã giao
DH003618,KH0262,02/11/2025 03:33:00,Shopee,NV30,Đang xử lý
DH000173,KH0081,23/06/2025 19:36:00,Ban le,NV17,Đã giao
DH006581,KH0397,25/02/2026 17:04:00,Đại lý,NV12,Đã giao
DH006710,KH0047,12/12/2025 21:48:00,TMĐT - Shopee,NV02,Đã giao
DH005681,KH0002,09/01/2025 00:58:00,Đại lý,NV28,Đã giao
DH005276,KH0160,05/02/2025 20:59:00,Bán lẻ,NV30,Đang xử lý
DH006210,KH0135,24/10/2024 10:54:00,TMĐT - Tiki,NV26,Đã giao
DH008512,KH0199,04/03/2026 07:36:00,Sàn Shopee,NV30,Đã giao
DH010201,KH0035,06/03/2025 23:46:00,Sàn Lazada,NV24,Đã giao
DH002550,KH0352,27/05/2025 17:00:00,Lazada,NV24,Trả hàng
DH004089,KH0229,14/08/2025 12:54:00,Lazada,NV14,Đã giao
DH011242,,15/04/2026 08:09:00,Sàn Shopee,NV17,Đã giao
DH011122,KH0002,27/06/2025 04:37:00,Showroom,NV02,Đã giao
DH011666,KH0052,05/11/2025 17:21:00,Đại lý,NV27,Mới
DH006942,KH0081,01/10/2024 17:05:00,Showroom,NV25,Đã giao
DH008393,KH0368,27/01/2025 22:17:00,Đại lý,NV14,Đã giao
DH004916,KH0034,28/01/2025 23:03:00,Sàn Lazada,NV16,Đã giao
DH004142,KH0397,06/12/2025 23:42:00,TMĐT - Tiki,NV16,Đang xử lý
DH010952,,12/01/2026 23:42:00,Showroom,NV05,Đã hủy
DH002851,KH0115,13/08/2024 03:14:00,Ban le,NV14,Đã giao
DH003785,KH0403,01/09/2024 09:35:00,TMĐT - Tiki,NV25,Đã giao
DH001513,KH0012,04/04/2026 21:33:00,Sàn Lazada,NV05,Đã giao
DH008143,KH0396,23/08/2024 10:06:00,Sàn Shopee,NV17,Đã giao
DH007402,KH0200,07/11/2024 08:08:00,Bán lẻ,NV12,Đã giao
DH006583,KH0135,25/03/2025 22:54:00,Đại lý,NV04,Đã giao
DH007716,KH0242,06/12/2024 06:53:00,Shopee,NV02,Đã giao
DH002031,KH0248,26/07/2026 10:09:00,TMĐT - Tiki,NV11,Đã giao
DH005805,KH0332,11/05/2026 11:42:00,Showroom,NV23,Đã giao
DH007865,KH0253,05/06/2025 00:26:00,TMĐT - Tiki,NV16,Đã giao
DH001172,KH0215,10/08/2025 18:03:00,Bán lẻ,NV21,Đã giao
DH008105,KH0442,20/03/2026 13:55:00,Sàn Shopee,NV15,Đã giao
DH011298,KH0051,10/09/2024 20:09:00,Sàn Shopee,NV09,Đã hủy
DH001392,KH0248,18/07/2026 01:42:00,Đại lý,NV28,Đã giao
DH009042,,12/05/2025 22:14:00,Đại lý,NV08,Đã giao
DH009405,KH0447,27/04/2026 15:58:00,Shopee,NV03,Đã hủy
DH008281,KH0140,11/07/2026 17:51:00,Sàn Shopee,NV24,Đã giao
DH000678,KH0183,27/12/2024 17:28:00,TMĐT - Shopee,NV15,Đã giao
DH010179,KH0442,08/05/2025 11:04:00,Đại lý,NV27,Đã giao
DH011047,KH0036,23/01/2026 08:04:00,Showroom,NV11,Đã giao
DH005354,KH0051,10/06/2026 07:31:00,TMĐT - Tiki,NV04,Đã giao
DH006345,KH0246,17/08/2024 22:05:00,Bán lẻ,NV20,Đã giao
DH008745,KH0231,13/08/2024 08:30:00,Đại lý,NV06,Đang xử lý
DH008435,KH0066,19/09/2024 00:01:00,Showroom,NV19,Đã giao
DH011308,KH0427,15/07/2026 05:38:00,Sàn Shopee,NV30,Mới
DH005410,,10/12/2025 22:13:00,Đại lý,NV26,Đã giao
DH005925,KH0360,08/01/2026 14:17:00,Đại lý,NV16,Đã giao
DH007553,KH0051,13/11/2025 21:03:00,Sàn Lazada,NV29,Mới
DH9900057,KH0250,09/04/2026 19:36:00,TMĐT - Tiki,NV23,Đã giao
DH001724,KH0070,14/11/2025 22:42:00,Showroom,NV22,Đã giao
DH003002,KH0029,04/12/2025 18:24:00,Ban le,NV24,Đã giao
DH007235,KH0024,25/10/2024 18:35:00,TMĐT - Tiki,NV05,Đã giao
DH007407,KH0274,30/11/2024 19:58:00,Đại lý,NV07,Đã giao
DH000465,KH0314,13/11/2025 05:41:00,Showroom,NV27,Đang xử lý
DH009418,KH0203,29/05/2026 19:42:00,TMĐT - Lazada,NV26,Đã giao
DH010964,KH0412,02/09/2025 19:39:00,TMĐT - Tiki,NV17,Đã giao
DH001383,KH0071,13/12/2025 15:53:00,Showroom,NV16,Đã giao
DH010398,KH0155,23/09/2024 07:36:00,Ban le,NV18,Đã giao
DH002315,KH0257,22/01/2026 17:55:00,TMĐT - Tiki,NV26,Đang xử lý
DH010537,KH0368,04/12/2024 07:23:00,Sàn Lazada,NV25,Đã giao
DH000748,KH0056,19/06/2026 09:31:00,Ban le,NV06,Đã hủy
DH003045,KH0447,05/08/2024 20:36:00,Sàn Shopee,NV25,Đã giao
DH008353,KH0241,31/08/2025 11:07:00,TMĐT - Tiki,NV17,Đã giao
DH005847,KH0396,13/12/2025 05:22:00,Showroom,NV21,Đã giao
DH002614,KH0411,16/06/2025 20:29:00,Sàn Shopee,NV28,Đã giao
DH007207,KH0306,13/11/2024 05:21:00,Sàn Lazada,NV13,Đã giao
DH009071,KH9006,28/08/2024 19:03:00,Sàn Shopee,NV05,Đang xử lý
DH003917,KH0193,02/11/2024 19:17:00,TMĐT - Tiki,NV20,Đã giao
DH000440,KH0070,27/12/2024 02:00:00,Showroom,NV19,Mới
DH007208,KH0189,11/04/2025 00:13:00,Showroom,NV20,Đang xử lý
DH007355,KH0116,27/08/2025 03:05:00,TMĐT - Tiki,NV07,Đang xử lý
DH005277,KH0158,04/05/2025 09:23:00,Sàn Shopee,NV19,Đang xử lý
DH011841,KH0155,14/04/2025 02:19:00,Sàn Shopee,NV10,Đã giao
DH001958,KH0315,20/01/2025 03:55:00,Showroom,NV26,Đã giao
DH003453,KH0325,01/01/2025 08:44:00,Showroom,NV02,Đã giao
DH003501,KH0079,03/09/2024 18:09:00,TMĐT - Tiki,NV27,Đã giao
DH009954,KH0415,25/10/2024 23:08:00,Shopee,NV24,Đã giao
DH006348,KH0039,12/12/2024 15:29:00,Lazada,NV09,Đã giao
DH006895,KH0243,07/03/2025 14:45:00,Sàn Shopee,NV09,Đã hủy
DH006902,KH0255,17/07/2026 21:16:00,TMĐT - Tiki,NV25,Đã giao
DH005513,KH0054,19/09/2024 23:44:00,TMĐT - Lazada,NV26,Đã giao
DH004747,KH0171,14/08/2025 07:13:00,Đại lý,NV30,Đã giao
DH004582,KH0446,26/10/2025 02:05:00,Bán lẻ,NV22,Đã hủy
DH003230,KH0395,27/09/2024 18:02:00,TMĐT - Tiki,NV07,Đã giao
DH002545,KH0116,03/08/2025 21:26:00,Ban le,NV16,Đã giao
DH008437,KH0070,20/11/2025 14:05:00,Lazada,NV22,Mới
DH010459,KH0227,17/11/2025 11:31:00,Showroom,NV05,Đã giao
DH009177,KH0396,07/05/2025 16:52:00,Showroom,NV06,Đã giao
DH000833,KH0012,06/11/2024 11:24:00,Sàn Shopee,NV01,Trả hàng
DH011311,KH0070,19/09/2024 00:47:00,Bán lẻ,NV05,Đã giao
DH004475,KH0198,23/04/2026 12:02:00,TMĐT - Tiki,NV18,Đã giao
DH008423,KH0242,30/12/2024 04:49:00,Lazada,NV22,Đang xử lý
DH009505,KH0086,28/01/2026 14:18:00,Shopee,NV07,Đã giao
DH003728,KH0038,21/07/2026 15:27:00,Showroom,NV13,Trả hàng
DH005908,KH0136,14/06/2025 00:56:00,Sàn Lazada,NV26,Mới
DH005363,KH0379,03/12/2025 02:50:00,Đại lý,NV20,Trả hàng
DH004448,KH0241,17/02/2025 05:32:00,Showroom,NV23,Đã giao
DH007726,KH0325,24/06/2025 22:43:00,Showroom,NV29,Đang xử lý
DH011421,KH0138,15/12/2024 14:46:00,TMĐT - Tiki,NV28,Đã giao
DH001012,KH0447,12/04/2026 21:07:00,Showroom,NV22,Đã giao
DH006627,KH0070,07/22/2025 22:48:00,Đại lý,NV26,Đang xử lý
DH004113,,21/09/2024 11:58:00,Bán lẻ,NV11,Đã giao
DH010101,KH0235,2025-06-23 05:38:00,Sàn Lazada,NV30,Mới
DH011093,KH0262,19/07/2026 05:11:00,Sàn Lazada,NV01,Đã giao
DH001670,,18/06/2025 08:00:00,Ban le,NV25,Đã giao
DH007694,KH0227,24/07/2026 19:14:00,Bán lẻ,NV30,Đã giao
DH010240,KH0116,13/09/2024 20:33:00,Showroom,NV18,Đang xử lý
DH008953,KH0192,27/03/2026 13:45:00,TMĐT - Tiki,NV26,Mới
DH007527,KH0314,01/08/2025 20:06:00,Sàn Shopee,NV09,Đã giao
DH000794,KH0306,27/01/2026 04:59:00,Shopee,NV18,Đã giao
DH003923,KH0246,08/11/2025 07:37:00,Sàn Lazada,NV22,Đã giao
DH005075,KH0070,20/04/2025 07:47:00,TMĐT - Tiki,NV24,Đã giao
DH002237,KH0447,18/06/2025 15:51:00,Đại lý,NV11,Đã giao
DH002804,KH0325,27/09/2024 07:42:00,Bán lẻ,NV27,Đã giao
DH004932,KH9008,05/11/2025 10:59:00,Bán lẻ,NV23,Đã giao
DH011011,KH0070,12/07/2026 04:49:00,Showroom,NV08,Đã giao
DH004626,KH0065,30/10/2025 00:31:00,Ban le,NV17,Đã giao
DH9900041,KH0406,06/06/2025 10:27:00,Bán lẻ,NV22,Trả hàng
DH000346,KH0432,01/11/2025 07:27:00,Đại lý,NV21,Đã giao
DH009028,KH0359,11/05/2026 04:42:00,Shopee,NV24,Đã giao
DH010203,KH0262,10/12/2025 21:16:00,Shopee,NV29,Đã giao
DH011964,KH0253,02/10/2024 22:46:00,TMĐT - Tiki,NV25,Đã giao
DH002746,KH0262,13/01/2026 09:38:00,Bán lẻ,NV10,Mới
DH008241,KH0352,11/12/2025 03:50:00,Lazada,NV29,Đã giao
DH003423,KH0241,24/12/2025 00:19:00,TMĐT - Tiki,NV12,Đã giao
DH002376,KH0325,05/10/2025 20:38:00,Đại lý,NV28,Đã giao
DH006240,KH0241,31/01/2025 12:54:00,TMĐT - Tiki,NV07,Đã giao
DH001400,KH0155,07/12/2024 19:34:00,Ban le,NV12,Đã giao
DH006943,KH0414,27/08/2024 09:12:00,Đại lý,NV21,Mới
DH007301,KH0447,07/03/2025 01:17:00,Sàn Shopee,NV11,Đã giao
DH000076,KH0413,06/01/2025 10:04:00,Bán lẻ,NV30,Đã giao
DH008571,KH0155,15/03/2026 04:45:00,Showroom,NV12,Đã giao
DH011224,KH0243,23/02/2025 22:40:00,Sàn Shopee,NV03,Mới
DH006878,KH0127,20/05/2025 07:21:00,Bán lẻ,NV08,Đã giao
DH000612,KH0325,08/09/2024 02:35:00,Đại lý,NV26,Đã giao
DH006484,KH0412,12/01/2025 04:49:00,TMĐT - Tiki,NV26,Đã giao
DH004633,KH9001,03/09/2024 10:35:00,Shopee,NV22,Đã giao
DH005696,KH0262,11/11/2024 03:05:00,Sàn Shopee,NV23,Đang xử lý
DH006785,KH9001,02/09/2025 10:50:00,Sàn Shopee,NV28,Đã giao
DH006056,KH0048,02/02/2025 14:26:00,TMĐT - Tiki,NV07,Đã giao
DH003333,KH0365,03/07/2025 22:44:00,Lazada,NV06,Đã giao
DH009625,KH0241,17/10/2024 20:05:00,Lazada,NV12,Đã giao
DH002189,KH0013,18/10/2025 23:22:00,TMĐT - Tiki,NV20,Đã giao
DH011526,KH9009,22/06/2025 22:10:00,Showroom,NV17,Mới
DH004902,KH0035,16/07/2026 13:53:00,Sàn Lazada,NV24,Trả hàng
DH008850,KH0193,25/04/2026 12:43:00,Sàn Shopee,NV20,Đã giao
DH006425,,26/09/2025 18:20:00,Showroom,NV01,Đã giao
DH002764,KH0222,29/12/2025 17:58:00,Đại lý,NV17,Đã giao
DH005235,KH0051,2025-07-01 16:32:00,Ban le,NV04,Đã giao
DH001199,KH0063,20/10/2025 11:44:00,Showroom,NV17,Đã giao
DH007675,,22/04/2026 17:41:00,Đại lý,NV02,Đã giao
DH004529,KH0189,30/10/2024 15:59:00,Sàn Lazada,NV27,Đã giao
DH010922,KH0413,11/12/2025 02:40:00,Shopee,NV05,Đã giao
DH009280,KH0220,25/11/2025 06:49:00,Showroom,NV10,Đã giao
DH003030,KH0135,08/07/2025 03:42:00,Đại lý,NV11,Đã giao
DH004023,KH0162,14/01/2026 12:51:00,Đại lý,NV08,Đang xử lý
DH002445,KH0095,30/12/2024 13:15:00,Lazada,NV29,Đã hủy
DH003175,KH0070,24/09/2024 07:08:00,Đại lý,NV22,Đang xử lý
DH004855,KH0249,06/12/2024 03:02:00,Đại lý,NV17,Đã giao
DH007330,KH0051,20/11/2024 12:25:00,Lazada,NV03,Đã giao
DH002871,KH0105,08/05/2025 15:07:00,Bán lẻ,NV13,Đã giao
DH000257,KH0135,17/06/2025 21:47:00,Showroom,NV14,Đã giao
DH006436,KH0035,21/01/2025 23:32:00,Lazada,NV20,Đã hủy
DH004196,KH0290,29/11/2025 15:29:00,Ban le,NV18,Đã giao
DH004742,KH0138,17/04/2025 09:21:00,Ban le,NV24,Đã giao
DH001567,KH0413,17/06/2026 20:48:00,Showroom,NV25,Mới
DH009047,KH0108,19/01/2025 20:06:00,Ban le,NV15,Đã giao
DH009041,KH0088,23/01/2026 03:04:00,Sàn Lazada,NV02,Đã giao
DH001186,KH0126,15/04/2026 21:28:00,Đại lý,NV29,Đã giao
DH9900158,KH0198,23/09/2025 15:12:00,Lazada,NV11,Đã giao
DH007524,KH0104,05/11/2025 06:13:00,Sàn Shopee,NV05,Đã giao
DH010482,KH0274,21/06/2025 11:18:00,Đại lý,NV02,Đã giao
DH002012,KH9010,18/08/2024 06:54:00,Shopee,NV24,Đã giao
DH001499,KH0314,06/11/2024 02:37:00,TMĐT - Tiki,NV28,Đã giao
DH006656,KH0091,2026-06-30 05:32:00,Showroom,NV16,Đã giao
DH001675,KH0442,16/07/2026 20:32:00,TMĐT - Tiki,NV19,Đã giao
DH004508,KH0044,08/02/2025 05:40:00,TMĐT - Tiki,NV15,Đang xử lý
DH007576,KH0309,06/01/2025 13:10:00,Đại lý,NV23,Đã giao
DH008683,KH0407,06/06/2026 23:04:00,Showroom,NV05,Đã giao
DH010767,KH0243,06/11/2024 05:17:00,Showroom,NV23,Đang xử lý
DH002956,KH0135,19/03/2025 09:03:00,Lazada,NV10,Đã giao
DH008463,KH0248,24/06/2025 21:46:00,Sàn Lazada,NV27,Mới
DH000581,KH0384,29/12/2025 07:04:00,Showroom,NV24,Đã giao
DH004282,KH0031,24/10/2024 07:20:00,Đại lý,NV07,Đã giao
DH008424,KH0325,02/07/2025 01:38:00,Đại lý,NV01,Đã giao
DH007414,KH0052,28/02/2026 14:11:00,TMĐT - Tiki,NV03,Đã giao
DH010638,KH0070,03/11/2024 10:40:00,Sàn Shopee,NV23,Đã giao
DH004741,KH0315,04/01/2025 19:08:00,TMĐT - Lazada,NV30,Mới
DH010651,KH0272,25/10/2025 05:57:00,Đại lý,NV20,Đã giao
DH011516,KH9008,27/07/2026 06:33:00,Sàn Shopee,NV08,Đã giao
DH001553,KH0051,11/06/2025 20:43:00,Ban le,NV10,Đã giao
DH000278,KH0413,14/12/2024 12:11:00,Đại lý,NV19,Đã hủy
DH006131,KH0034,01/08/2025 15:50:00,Shopee,NV10,Đã giao
DH007324,KH0155,13/07/2025 19:02:00,Bán lẻ,NV24,Đã giao
DH000236,KH0413,03/10/2025 15:56:00,Đại lý,NV25,Đã giao
DH006226,KH0413,2025-11-11 05:34:00,TMĐT - Tiki,NV12,Đã giao
DH003436,KH0306,01/03/2025 12:49:00,Đại lý,NV24,Đã giao
DH006397,KH0012,09/08/2024 21:57:00,TMĐT - Tiki,NV30,Đang xử lý
DH007424,KH0447,27/05/2025 03:19:00,Đại lý,NV27,Đã giao
DH008820,KH0179,17/10/2024 03:21:00,Bán lẻ,NV25,Đã giao
DH000347,KH0081,23/03/2026 18:25:00,Showroom,NV25,Đã giao
DH003633,KH0365,19/05/2025 18:44:00,TMĐT - Lazada,NV30,Đã giao
DH003821,KH0132,29/08/2024 20:24:00,Lazada,NV03,Đã hủy
DH011924,KH9009,06/02/2026 03:44:00,Sàn Shopee,NV01,Đã giao
DH000017,KH0262,25/11/2025 23:54:00,TMĐT - Tiki,NV20,Đã giao
DH010850,KH0397,13/05/2026 03:30:00,Sàn Shopee,NV18,Đã giao
DH011279,KH0257,19/12/2025 07:05:00,Sàn Shopee,NV28,Đã giao
DH011842,KH0447,24/11/2025 09:30:00,Ban le,NV29,Đã giao
DH010476,KH0309,03/09/2025 13:35:00,Sàn Shopee,NV04,Đã giao
DH000268,KH0422,18/09/2024 11:35:00,Đại lý,NV30,Đã giao
DH001728,KH0012,22/08/2024 14:17:00,Đại lý,NV27,Đã giao
DH001347,KH0164,04/06/2026 04:45:00,Sàn Shopee,NV06,Đã giao
DH010776,KH0391,04/09/2025 04:52:00,Ban le,NV16,Trả hàng
DH007666,KH0229,19/04/2025 08:56:00,Đại lý,NV01,Đã hủy
DH004600,KH0149,29/06/2025 07:07:00,TMĐT - Tiki,NV24,Đã giao
DH005572,KH0051,11/04/2025 05:11:00,Sàn Shopee,NV30,Đã giao
DH006721,,2026-05-30 05:23:00,TMĐT - Lazada,NV20,Đã giao
DH009759,KH0051,07/07/2025 17:14:00,Bán lẻ,NV20,Đã giao
DH001164,KH0359,30/07/2026 15:33:00,TMĐT - Tiki,NV06,Đang xử lý
DH011466,KH0165,23/01/2025 02:48:00,Đại lý,NV29,Đã giao
DH011120,KH0297,16/08/2025 17:37:00,Showroom,NV10,Đang xử lý
DH009787,KH0126,26/01/2025 11:32:00,Sàn Shopee,NV22,Đã giao
DH003591,KH0053,03/06/2025 23:15:00,TMĐT - Tiki,NV06,Đã giao
DH008048,KH0320,09/05/2025 09:20:00,Showroom,NV27,Đã giao
DH007282,KH0035,02/06/2026 21:06:00,Ban le,NV04,Đang xử lý
DH001340,KH0242,12/07/2026 09:18:00,Đại lý,NV13,Đang xử lý
DH001879,KH0198,23/09/2025 15:12:00,Sàn Lazada,NV11,Đã giao
DH005395,KH0119,26/10/2025 07:50:00,Showroom,NV20,Đã giao
DH001109,KH0127,16/02/2026 08:10:00,Ban le,NV03,Đã giao
DH000216,,16/10/2024 01:41:00,TMĐT - Tiki,NV28,Đang xử lý
DH001072,KH0352,19/10/2024 21:41:00,Ban le,NV25,Đã giao
DH003704,KH0193,04/05/2025 05:27:00,Showroom,NV15,Đã giao
DH002969,KH0141,23/03/2026 06:33:00,Sàn Shopee,NV04,Đã giao
DH001133,KH0170,20/07/2026 21:00:00,Showroom,NV06,Đã giao
DH006621,KH0339,06/01/2026 21:42:00,TMĐT - Shopee,NV14,Đã giao
DH002072,KH0114,22/10/2025 21:05:00,Showroom,NV23,Mới
DH008408,KH0367,12/11/2025 02:31:00,Lazada,NV04,Đang xử lý
DH005443,KH0430,14/09/2024 23:51:00,TMĐT - Tiki,NV08,Đã giao
DH003586,KH0306,24/07/2026 02:11:00,Showroom,NV01,Đã giao
DH009553,KH0446,13/09/2024 21:17:00,Bán lẻ,NV11,Đã giao
DH011816,KH0105,17/06/2026 04:15:00,Shopee,NV23,Đang xử lý
DH004599,KH0399,09/03/2025 22:54:00,Đại lý,NV27,Đã giao
DH003689,KH0262,17/04/2025 03:29:00,Showroom,NV02,Đã giao
DH000706,KH0405,19/09/2025 21:09:00,Showroom,NV27,Trả hàng
DH003717,KH0442,22/09/2024 09:49:00,Shopee,NV07,Đã giao
DH007840,KH0140,07/01/2025 23:47:00,TMĐT - Tiki,NV27,Đã giao
DH008827,KH0243,26/01/2025 09:27:00,Sàn Lazada,NV02,Đã hủy
DH005062,KH0171,10/22/2025 04:54:00,Đại lý,NV22,Đã giao
DH011108,KH0257,11/04/2025 10:39:00,Bán lẻ,NV25,Đang xử lý
DH003830,KH0204,15/05/2026 14:15:00,Ban le,NV22,Đang xử lý
DH001690,KH0070,31/03/2026 23:00:00,Showroom,NV14,Đã giao
DH007037,KH0261,27/05/2025 00:45:00,Bán lẻ,NV21,Mới
DH011915,KH0108,10/01/2025 17:48:00,Sàn Lazada,NV02,Đã giao
DH002155,KH0155,12/05/2025 23:43:00,TMĐT - Tiki,NV02,Đã giao
DH001168,KH0158,26/03/2026 15:19:00,Ban le,NV20,Đã giao
DH002925,KH0242,05/10/2024 23:12:00,Ban le,NV29,Đã giao
DH011214,KH0001,08/04/2026 23:31:00,Showroom,NV25,Đã giao
DH003907,KH0199,31/12/2025 10:32:00,Shopee,NV03,Đã giao
DH005000,,22/09/2025 04:37:00,Showroom,NV16,Đã giao
DH009108,KH0447,01/08/2025 19:44:00,Sàn Lazada,NV11,Đã giao
DH000320,KH0391,11/08/2024 17:06:00,Đại lý,NV30,Đã hủy
DH004683,KH0140,25/11/2025 02:12:00,Showroom,NV26,Đã giao
DH005445,KH0135,19/01/2025 17:18:00,Sàn Shopee,NV12,Đã giao
DH009059,KH9013,22/12/2025 10:44:00,TMĐT - Tiki,NV26,Đã giao
DH004609,,06/11/2024 14:57:00,Đại lý,NV21,Đã giao
DH010448,KH0249,10/11/2025 14:42:00,Shopee,NV02,Đã giao
DH003554,KH0391,21/08/2025 17:51:00,Sàn Shopee,NV15,Đã giao
DH004510,KH0422,24/03/2026 14:01:00,Showroom,NV08,Đã giao
DH008296,KH0306,12/03/2025 07:51:00,TMĐT - Tiki,NV27,Đã giao
DH000233,KH0081,04/09/2024 09:45:00,Bán lẻ,NV16,Đang xử lý
DH000441,KH0391,14/12/2024 03:33:00,Đại lý,NV06,Đã giao
DH010302,KH9001,22/03/2026 18:35:00,TMĐT - Shopee,NV01,Đã giao
DH9900098,KH0068,27/04/2026 04:56:00,Đại lý,NV16,Đã hủy
DH006259,KH0325,08/11/2024 06:06:00,Sàn Lazada,NV18,Đã giao
DH007786,KH0070,24/11/2025 03:53:00,Showroom,NV20,Mới
DH002577,KH0243,03/02/2026 09:55:00,Showroom,NV10,Trả hàng
DH010745,KH0201,26/09/2025 21:31:00,TMĐT - Tiki,NV17,Đã giao
DH000298,KH0141,12/16/2025 00:04:00,Sàn Shopee,NV11,Đã giao
DH006590,KH0225,11/17/2024 01:51:00,Sàn Lazada,NV10,Đang xử lý
DH001071,KH0391,15/01/2025 07:23:00,Đại lý,NV04,Đang xử lý
DH004319,KH0350,18/05/2026 18:12:00,Showroom,NV16,Mới
DH010394,KH0391,04/11/2025 01:06:00,Ban le,NV26,Đã giao
DH006097,KH0447,07/11/2025 14:04:00,Sàn Shopee,NV30,Đã giao
DH006827,KH0035,30/05/2026 00:59:00,TMĐT - Shopee,NV12,Đã giao
DH008425,KH0248,11/05/2026 07:25:00,Sàn Lazada,NV16,Mới
DH011349,KH0077,09/01/2025 08:20:00,Showroom,NV23,Đã giao
DH007562,KH0227,06/03/2025 20:42:00,Đại lý,NV29,Đã giao
DH009317,KH0155,13/05/2026 20:54:00,TMĐT - Tiki,NV22,Đã giao
DH008199,KH0304,20/04/2026 18:16:00,Showroom,NV09,Đang xử lý
DH008256,KH0267,30/05/2026 23:36:00,Lazada,NV27,Đã giao
DH001946,KH0051,17/05/2026 08:59:00,Sàn Lazada,NV23,Đã giao
DH006427,KH0391,12/11/2025 05:13:00,TMĐT - Tiki,NV30,Trả hàng
DH009025,KH0211,12/12/2024 07:46:00,Đại lý,NV19,Đã giao
DH009421,KH0113,26/05/2025 23:35:00,Sàn Lazada,NV15,Đã giao
DH009528,KH0366,18/05/2025 23:05:00,Sàn Shopee,NV10,Đã hủy
DH010620,KH0326,01/05/2025 01:17:00,Lazada,NV05,Đã giao
DH002515,KH0248,25/08/2024 22:10:00,TMĐT - Tiki,NV14,Đang xử lý
DH009601,KH0187,15/06/2026 02:18:00,Ban le,NV09,Mới
DH000694,KH0285,07/04/2025 17:45:00,Showroom,NV19,Đã giao
DH005034,KH0126,03/01/2026 02:16:00,Sàn Lazada,NV25,Đã giao
DH009074,KH0314,10/09/2025 13:17:00,Sàn Lazada,NV05,Đã giao
DH003339,,31/08/2025 20:40:00,Showroom,NV30,Đã giao
DH011447,KH0236,12/10/2024 05:40:00,Đại lý,NV15,Đã giao
DH007714,KH0397,12/04/2025 01:56:00,Đại lý,NV05,Đã giao
DH003206,KH0204,08/05/2026 01:45:00,Bán lẻ,NV25,Đã giao
DH007909,KH0162,05/07/2025 21:00:00,Đại lý,NV12,Đã giao
DH005487,KH0359,21/12/2025 02:04:00,Ban le,NV21,Đã giao
DH004501,KH0209,11/06/2025 01:36:00,Shopee,NV22,Đã giao
DH008644,KH0179,28/10/2025 04:17:00,Ban le,NV25,Đã giao
DH002174,KH0442,03/10/2025 20:05:00,TMĐT - Tiki,NV09,Mới
DH005202,KH0119,09/06/2026 11:58:00,TMĐT - Tiki,NV27,Đang xử lý
DH004853,KH0302,20/05/2025 20:42:00,Shopee,NV23,Đã giao
DH002326,KH0402,28/11/2025 07:18:00,Showroom,NV06,Đã giao
DH008968,KH0009,02/11/2024 17:00:00,Showroom,NV09,Đã hủy
DH004592,KH0391,10/05/2025 09:06:00,TMĐT - Lazada,NV24,Đang xử lý
DH008752,KH0257,10/12/2024 17:00:00,TMĐT - Tiki,NV05,Đã giao
DH011070,,28/03/2026 19:27:00,Ban le,NV25,Đã giao
DH007913,KH0412,21/03/2025 16:30:00,Đại lý,NV27,Đã giao
DH000230,KH0044,21/08/2024 17:53:00,Ban le,NV04,Mới
DH006540,KH0384,19/06/2026 00:55:00,Bán lẻ,NV13,Đã giao
DH010672,KH0074,06/09/2025 22:37:00,Shopee,NV13,Trả hàng
DH000402,KH0117,24/04/2026 03:38:00,Sàn Lazada,NV15,Đã giao
DH008234,KH0365,17/12/2025 17:12:00,Sàn Lazada,NV03,Đã giao
DH011717,KH0365,07/11/2025 11:39:00,Lazada,NV30,Đã giao
DH003915,KH0320,08/04/2025 07:44:00,TMĐT - Tiki,NV25,Đã giao
DH008372,KH0155,13/10/2025 09:48:00,Ban le,NV03,Đang xử lý
DH007627,KH0277,12/23/2025 01:16:00,TMĐT - Tiki,NV27,Đã giao
DH008610,KH0040,05/12/2024 18:47:00,Đại lý,NV27,Đã giao
DH010465,KH0262,10/07/2026 19:07:00,TMĐT - Tiki,NV21,Đã giao
DH000968,,07/06/2025 00:15:00,Sàn Lazada,NV05,Đã hủy
DH006889,KH0249,30/01/2026 21:23:00,Sàn Shopee,NV12,Đã giao
DH010921,KH0236,21/08/2025 07:16:00,Đại lý,NV04,Đang xử lý
DH002549,KH0337,24/01/2025 07:44:00,Ban le,NV20,Đã giao
DH000083,KH0281,27/12/2024 20:59:00,Đại lý,NV11,Đã giao
DH000954,KH0442,26/10/2025 19:54:00,Đại lý,NV01,Đã giao
DH008762,,19/04/2026 01:50:00,Đại lý,NV03,Đã giao
DH003058,KH0051,06/12/2025 21:46:00,Shopee,NV03,Mới
DH011334,KH0367,27/05/2026 19:09:00,Showroom,NV29,Đã giao
DH005040,KH0419,19/10/2024 05:42:00,Shopee,NV04,Đang xử lý
DH005195,KH0337,02/15/2026 22:51:00,Shopee,NV26,Trả hàng
DH010606,KH0142,12/09/2024 07:40:00,TMĐT - Tiki,NV13,Đang xử lý
DH000174,KH0444,26/11/2024 17:11:00,Lazada,NV24,Đã giao
DH003506,KH0447,21/01/2025 12:21:00,Showroom,NV09,Đã giao
DH006265,KH0442,28/12/2024 10:02:00,Showroom,NV04,Đã giao
DH001751,KH0070,24/06/2026 06:58:00,Đại lý,NV13,Đã giao
DH009084,KH0367,24/12/2024 16:17:00,Sàn Shopee,NV05,Trả hàng
DH010814,KH0262,14/06/2026 20:14:00,Sàn Shopee,NV06,Đã giao
DH007723,KH0442,01/01/2025 09:14:00,Bán lẻ,NV16,Đã giao
DH003139,KH0029,29/05/2026 13:45:00,Showroom,NV12,Đã giao
DH006215,KH0442,27/03/2026 19:18:00,TMĐT - Shopee,NV14,Đang xử lý
DH011967,KH0339,05/12/2024 23:07:00,TMĐT - Tiki,NV28,Đã giao
DH003679,KH0391,03/09/2025 20:14:00,Showroom,NV30,Mới
DH008362,KH0328,26/03/2026 03:48:00,Bán lẻ,NV20,Đã giao
DH002811,KH9001,04/10/2025 10:13:00,TMĐT - Tiki,NV30,Đang xử lý
DH004543,KH0155,02/11/2025 14:26:00,Lazada,NV24,Đã giao
DH001522,KH0420,23/09/2024 13:04:00,Sàn Shopee,NV25,Đã giao
DH011913,KH0365,18/05/2025 06:54:00,Sàn Lazada,NV16,Đã hủy
DH002255,KH0183,09/08/2025 22:15:00,TMĐT - Tiki,NV29,Đã giao
DH008701,KH0374,24/08/2025 20:55:00,Ban le,NV20,Đã giao
DH001549,KH0406,22/01/2025 19:00:00,TMĐT - Tiki,NV24,Đã giao
DH008592,KH0246,18/04/2025 04:35:00,Sàn Shopee,NV29,Đã hủy
DH005293,KH0198,26/06/2025 19:29:00,TMĐT - Tiki,NV24,Mới
DH009455,KH0035,20/01/2026 17:27:00,Sàn Shopee,NV10,Đã giao
DH007023,KH0128,09/09/2024 05:10:00,Sàn Lazada,NV21,Đã giao
DH004021,KH0181,24/12/2025 00:08:00,TMĐT - Shopee,NV20,Đã giao
DH003813,KH0259,08/09/2024 04:39:00,Sàn Shopee,NV27,Đã giao
DH001622,KH0140,08/02/2024 19:37:00,TMĐT - Tiki,NV07,Đã giao
DH001333,KH0419,02/11/2025 20:07:00,Ban le,NV23,Đã giao
DH011486,KH9012,22/03/2025 14:33:00,Đại lý,NV06,Đã giao
DH001845,KH0281,02/05/2025 21:15:00,Shopee,NV09,Đang xử lý
DH000894,,22/09/2025 15:42:00,Shopee,NV03,Đã giao
DH001009,KH0076,30/06/2025 21:15:00,Showroom,NV11,Đã giao
DH003749,KH0155,19/12/2025 15:13:00,Đại lý,NV27,Đã giao
DH004452,KH0432,08/08/2025 22:20:00,TMĐT - Tiki,NV30,Mới
DH008316,KH0324,20/10/2024 13:49:00,Đại lý,NV04,Đã giao
DH002422,KH0442,05/11/2025 05:49:00,Sàn Lazada,NV12,Đã giao
DH002082,KH0314,23/12/2024 23:06:00,Showroom,NV03,Đã giao
DH001424,KH0249,04/07/2026 10:09:00,TMĐT - Tiki,NV11,Đã hủy
DH003949,KH0146,01/09/2024 10:57:00,Sàn Lazada,NV09,Đã giao
DH011484,KH0313,25/10/2025 12:41:00,TMĐT - Shopee,NV02,Đã giao
DH011549,KH0051,15/04/2026 08:04:00,Sàn Shopee,NV12,Đã giao
DH004218,,17/09/2025 03:49:00,TMĐT - Tiki,NV01,Đã giao
DH006737,KH0309,24/11/2024 00:55:00,Đại lý,NV23,Đang xử lý
DH004596,,30/12/2024 19:26:00,Shopee,NV23,Mới
DH002396,KH0135,22/12/2025 22:52:00,Sàn Shopee,NV19,Đã giao
DH010543,KH0306,05/10/2025 05:49:00,TMĐT - Shopee,NV09,Đang xử lý
DH011346,KH0280,20/12/2024 23:39:00,TMĐT - Tiki,NV18,Đã giao
DH010438,KH0249,27/02/2026 18:06:00,Bán lẻ trực tiếp,NV30,Đã giao
DH9900007,KH0389,10/06/2026 19:40:00,Shopee,NV06,Đã giao
DH008663,KH0221,31/12/2024 03:09:00,TMĐT - Tiki,NV16,Đã giao
DH008680,KH0399,11/09/2025 21:37:00,Đại lý,NV29,Đã giao
DH008265,KH0274,24/08/2024 16:34:00,Showroom,NV19,Đã giao
DH007074,KH0143,14/06/2025 18:20:00,Sàn Shopee,NV14,Đã hủy
DH007427,KH0044,26/06/2025 01:28:00,TMĐT - Tiki,NV22,Đã giao
DH000433,KH0412,21/12/2024 18:25:00,TMĐT - Tiki,NV12,Đã giao
DH008635,KH0359,06/10/2024 05:20:00,Đại lý,NV01,Đã giao
DH005940,KH9004,29/08/2025 06:23:00,TMĐT - Tiki,NV30,Đang xử lý
DH010603,KH0262,22/09/2025 17:04:00,Đại lý,NV06,Đã giao
DH005489,KH0067,30/03/2025 00:15:00,Showroom,NV05,Đã giao
DH004858,KH0044,25/05/2026 18:47:00,Lazada,NV30,Đã giao
DH008269,KH0192,07/09/2024 04:43:00,Ban le,NV14,Đã hủy
DH000254,KH0386,02/06/2026 21:54:00,TMĐT - Tiki,NV12,Trả hàng
DH006703,KH0051,25/03/2025 16:28:00,TMĐT - Tiki,NV11,Đã giao
DH009504,KH0120,10/09/2024 09:17:00,Bán lẻ,NV30,Đã giao
DH006140,KH0155,26/03/2026 00:23:00,Sàn Lazada,NV06,Đã giao
DH005971,KH9010,27/04/2026 01:32:00,Sàn Lazada,NV18,Trả hàng
DH002309,KH0325,30/12/2025 16:50:00,Sàn Shopee,NV01,Đã giao
DH9900087,KH0054,16/10/2024 02:51:00,Sàn Lazada,NV23,Đã giao
DH010663,KH0412,06/01/2026 04:02:00,Lazada,NV14,Đang xử lý
DH002328,KH0151,04/09/2024 05:14:00,Shopee,NV12,Đã giao
DH001105,KH0379,28/04/2026 21:40:00,TMĐT - Tiki,NV15,Đã giao
DH003286,KH0404,27/02/2026 16:05:00,Showroom,NV19,Đã giao
DH004528,KH0035,01/08/2025 20:52:00,Showroom,NV16,Đã giao
DH011891,KH0368,12/10/2025 02:32:00,TMĐT - Tiki,NV10,Đã giao
DH008739,KH0094,14/06/2026 00:35:00,Đại lý,NV20,Đã hủy
DH005045,,19/02/2025 13:07:00,Ban le,NV23,Đã hủy
DH005263,KH0122,01/09/2025 10:31:00,Ban le,NV10,Đã hủy
DH004542,KH0113,26/11/2024 09:09:00,TMĐT - Lazada,NV09,Đã hủy
DH009764,KH0234,25/01/2025 13:40:00,Showroom,NV14,Đã giao
DH005122,KH0306,21/07/2025 10:11:00,Shopee,NV02,Đã giao
DH001271,KH9009,26/11/2024 03:52:00,TMĐT - Tiki,NV29,Đã giao
DH005148,KH0262,29/11/2025 21:36:00,TMĐT - Shopee,NV06,Đã giao
DH008816,KH0280,15/06/2026 15:21:00,Shopee,NV16,Đã giao
DH002565,KH0192,15/10/2024 01:34:00,Sàn Shopee,NV23,Đã giao
DH002631,KH0217,21/07/2026 14:32:00,Showroom,NV21,Đang xử lý
DH006141,KH0368,25/10/2025 00:24:00,Lazada,NV23,Đã giao
DH005644,KH0135,22/12/2024 16:51:00,TMĐT - Lazada,NV30,Đã giao
DH009785,KH9000,01/01/2026 21:41:00,TMĐT - Shopee,NV13,Mới
DH006344,KH0089,25/10/2024 15:25:00,Showroom,NV16,Đã giao
DH002314,KH0391,24/04/2025 12:31:00,Bán lẻ,NV05,Đã giao
DH009105,KH0384,09/08/2024 02:18:00,Shopee,NV22,Đã giao
DH003215,KH9002,27/01/2026 21:26:00,Showroom,NV16,Đã giao
DH002904,KH0447,19/12/2024 16:44:00,Bán lẻ trực tiếp,NV13,Đã giao
DH007491,KH0445,07/10/2025 07:09:00,Lazada,NV05,Đã giao
DH004848,KH0367,07/09/2025 19:16:00,Đại lý,NV19,Đã giao
DH009307,KH0242,26/12/2024 22:43:00,TMĐT - Tiki,NV04,Đang xử lý
DH011479,KH9007,05/11/2024 16:10:00,Bán lẻ,NV06,Đã hủy
DH011394,KH0302,24/12/2025 16:37:00,TMĐT - Tiki,NV27,Đang xử lý
DH007231,KH0262,08/12/2024 04:39:00,TMĐT - Tiki,NV12,Đã giao
DH002141,KH0122,30/01/2025 10:49:00,Sàn Lazada,NV06,Đã giao
DH002607,KH0394,06/05/2025 19:24:00,TMĐT - Lazada,NV08,Đã giao
DH008694,KH0092,02/24/2025 05:15:00,Showroom,NV09,Đã hủy
DH005171,KH0204,28/04/2026 19:54:00,Lazada,NV15,Đã giao
DH008756,KH0368,17/01/2026 01:00:00,Lazada,NV21,Đã hủy
DH009063,KH0232,25/07/2025 17:30:00,TMĐT - Tiki,NV29,Đã giao
DH008556,KH0434,03/06/2026 21:38:00,Sàn Lazada,NV07,Đã giao
DH003741,KH0037,09/03/2025 23:41:00,TMĐT - Shopee,NV07,Đã giao
DH001292,KH0199,15/10/2025 16:50:00,Bán lẻ,NV10,Đã giao
DH007363,KH0122,17/12/2025 20:56:00,Đại lý,NV13,Đã giao
DH008653,KH0277,01/04/2025 01:26:00,Ban le,NV04,Mới
DH011843,KH0070,15/02/2025 13:59:00,Sàn Shopee,NV23,Đã giao
DH007796,KH0127,30/10/2024 14:09:00,Showroom,NV26,Đã giao
DH010123,,13/05/2025 05:46:00,Bán lẻ,NV24,Đã giao
DH008017,KH0155,19/08/2025 18:57:00,Lazada,NV03,Đang xử lý
DH008896,KH0158,10/02/2025 22:11:00,Sàn Shopee,NV09,Đã giao
DH000898,KH0051,02/06/2025 12:16:00,Đại lý,NV25,Đã giao
DH009931,KH0091,27/10/2025 20:48:00,TMĐT - Tiki,NV28,Đã giao
DH002610,KH0382,31/07/2026 00:23:00,Shopee,NV01,Đang xử lý
DH011662,KH0447,25/12/2024 11:51:00,Showroom,NV29,Đã giao
DH011864,KH0155,27/11/2025 15:43:00,Showroom,NV26,Đã giao
DH004921,KH0153,29/01/2025 11:46:00,TMĐT - Tiki,NV03,Đang xử lý
DH004762,KH0046,11/07/2026 02:33:00,TMĐT - Tiki,NV08,Trả hàng
DH001882,KH0053,24/11/2024 11:31:00,Lazada,NV11,Đã giao
DH009336,KH0402,10/07/2025 16:20:00,Sàn Shopee,NV27,Đã giao
DH9900069,KH0035,29/07/2025 19:44:00,Đại lý,NV18,Đang xử lý
DH004997,KH0325,18/08/2025 22:54:00,TMĐT - Tiki,NV22,Đã giao
DH002184,KH0428,22/12/2024 17:44:00,Ban le,NV27,Đã giao
DH007051,KH0260,17/09/2025 20:58:00,Đại lý,NV19,Đã giao
DH006923,KH0344,21/11/2024 21:35:00,TMĐT - Tiki,NV12,Đã giao
DH003702,KH0189,12/01/2026 15:45:00,Đại lý,NV12,Đã giao
DH008531,KH0442,04/08/2024 08:07:00,Lazada,NV01,Đã giao
DH003901,KH0243,19/03/2025 20:58:00,TMĐT - Tiki,NV24,Đã giao
DH008885,KH0299,17/06/2025 19:56:00,TMĐT - Tiki,NV18,Đã giao
DH011003,KH0116,08/12/2025 22:32:00,Showroom,NV03,Đã giao
DH001191,KH0368,22/02/2025 03:27:00,Đại lý,NV17,Đã giao
DH003983,KH0239,07/05/2025 21:45:00,Bán lẻ,NV26,Đã giao
DH010126,KH0159,18/05/2026 09:41:00,TMĐT - Tiki,NV10,Mới
DH001818,KH0402,25/03/2026 22:08:00,Showroom,NV11,Đã giao
DH004403,KH0241,30/10/2025 09:59:00,Showroom,NV16,Đã giao
DH006296,KH0056,23/11/2024 19:18:00,Sàn Lazada,NV29,Đã giao
DH007390,KH0258,09/11/2025 15:21:00,Sàn Lazada,NV01,Mới
DH005458,KH0142,09/07/2026 00:33:00,Đại lý,NV01,Đã giao
DH010983,KH0036,04/06/2025 02:58:00,Sàn Shopee,NV14,Đã giao
DH006960,KH0362,06/11/2025 00:23:00,TMĐT - Tiki,NV24,Đã giao
DH003715,KH0409,20/04/2026 21:23:00,Showroom,NV29,Đã giao
DH005898,KH9004,01/01/2026 18:06:00,Shopee,NV16,Mới
DH011232,KH0447,22/06/2026 21:14:00,Bán lẻ,NV24,Đã giao
DH011336,KH0436,18/06/2025 07:25:00,Ban le,NV16,Đã giao
DH000635,KH0327,29/10/2025 01:07:00,TMĐT - Tiki,NV08,Đã giao
DH005730,KH0399,31/08/2024 18:21:00,Bán lẻ,NV19,Đã hủy
DH001113,KH0229,18/04/2025 15:29:00,TMĐT - Tiki,NV28,Mới
DH008488,KH0273,14/12/2025 08:30:00,Đại lý,NV12,Đã giao
DH001459,KH0409,09/11/2025 13:13:00,Showroom,NV14,Đã giao
DH004182,KH0186,17/08/2024 19:49:00,Showroom,NV13,Đã giao
DH010495,KH0155,12/02/2026 21:58:00,Shopee,NV04,Đã giao
DH007308,KH0365,02/01/2025 04:32:00,TMĐT - Tiki,NV12,Đang xử lý
DH002166,KH0428,14/06/2025 22:29:00,Ban le,NV15,Đã giao
DH001327,KH0442,09/05/2026 07:53:00,Ban le,NV25,Đã hủy
DH006917,KH0204,09/03/2026 04:57:00,Đại lý,NV14,Đã giao
DH000976,KH0365,28/10/2025 01:46:00,Bán lẻ,NV18,Đã hủy
DH011725,KH0391,11/01/2025 09:02:00,Đại lý,NV10,Đã giao
DH005175,KH0406,15/07/2026 14:09:00,Sàn Lazada,NV09,Đang xử lý
DH009001,KH0227,12/07/2025 18:47:00,Đại lý,NV14,Đang xử lý
DH009874,KH0367,11/04/2026 11:56:00,Đại lý,NV14,Đang xử lý
DH009840,KH0138,28/02/2025 16:49:00,Sàn Shopee,NV08,Đã giao
DH004377,KH0242,29/09/2025 08:31:00,Showroom,NV29,Đã giao
DH010137,KH0141,25/08/2025 09:53:00,Sàn Shopee,NV02,Đã giao
DH006682,KH0021,14/10/2024 22:40:00,Sàn Shopee,NV15,Đã hủy
DH009191,KH0396,11/11/2025 07:32:00,Showroom,NV23,Đã giao
DH006448,KH0035,14/12/2024 14:48:00,Showroom,NV19,Đã giao
DH001638,KH0277,09/12/2024 18:25:00,Sàn Shopee,NV16,Trả hàng
DH008238,KH0281,30/11/2025 10:48:00,Showroom,NV04,Đã giao
DH002843,KH0447,22/05/2026 01:41:00,Ban le,NV03,Đã giao
DH010158,KH0432,04/03/2026 19:47:00,Sàn Lazada,NV08,Đã giao
DH002578,KH0199,23/01/2025 14:55:00,Đại lý,NV25,Đang xử lý
DH010415,KH9002,18/09/2025 02:06:00,Sàn Lazada,NV29,Đang xử lý
DH006044,KH0391,13/02/2026 12:04:00,Showroom,NV21,Đã giao
DH007784,KH0221,30/12/2025 08:42:00,Ban le,NV01,Đã giao
DH000350,KH0012,14/07/2026 17:13:00,Ban le,NV29,Đã giao
DH002121,KH0329,05/06/2025 23:39:00,TMĐT - Tiki,NV30,Đã giao
DH003362,,16/12/2024 09:06:00,Showroom,NV10,Đã giao
DH004637,KH0240,10/11/2024 12:12:00,Showroom,NV16,Đã giao
DH011598,KH0179,24/10/2025 07:27:00,Đại lý,NV20,Đã giao
DH004075,KH0116,13/12/2024 06:13:00,Sàn Lazada,NV24,Đã giao
DH010860,KH0317,08/11/2025 02:22:00,TMĐT - Tiki,NV17,Đã giao
DH007682,KH0028,16/04/2025 01:30:00,Sàn Shopee,NV21,Đã giao
DH002214,KH0035,29/07/2025 23:11:00,Đại lý,NV11,Mới
DH009973,KH0237,31/12/2024 20:58:00,Showroom,NV13,Đã giao
DH005762,,26/01/2026 07:44:00,Showroom,NV27,Đã giao
DH001636,KH0193,17/11/2025 22:30:00,Shopee,NV11,Mới
DH002347,KH0352,24/08/2025 23:44:00,Sàn Lazada,NV29,Đã giao
DH005895,KH0070,17/11/2024 00:00:00,Đại lý,NV01,Đã giao
DH005105,KH0012,08/07/2026 18:12:00,TMĐT - Tiki,NV11,Đã giao
DH004461,KH0262,13/01/2026 07:23:00,Bán lẻ trực tiếp,NV18,Đã giao
DH007776,KH0316,15/12/2025 02:51:00,Showroom,NV22,Đã giao
DH011344,KH0396,01/10/2025 14:41:00,Đại lý,NV16,Đã giao
DH003734,KH0176,12/06/2025 01:09:00,Showroom,NV13,Đã giao
DH008826,KH0229,01/12/2025 04:18:00,TMĐT - Tiki,NV16,Đã giao
DH004071,KH0337,27/08/2025 12:01:00,Showroom,NV24,Đã giao
DH002506,KH0087,04/12/2025 16:51:00,TMĐT - Tiki,NV07,Đã giao
DH006846,KH0391,11/12/2025 08:23:00,Ban le,NV08,Mới
DH010779,KH0008,15/03/2026 13:45:00,Sàn Shopee,NV13,Đã giao
DH007468,KH0445,24/12/2024 04:04:00,Lazada,NV23,Mới
DH009422,KH0070,08/02/2026 06:20:00,Ban le,NV21,Đã giao
DH001791,,03/07/2026 00:26:00,Showroom,NV24,Đã giao
DH006015,KH0322,01/10/2024 11:26:00,Đại lý,NV26,Đã giao
DH003256,KH0012,19/04/2026 21:08:00,Đại lý,NV16,Đã giao
DH004773,KH0064,18/05/2026 04:50:00,Sàn Lazada,NV11,Đã giao
DH007739,KH0248,02/12/2025 09:13:00,Bán lẻ,NV02,Đã giao
DH004954,KH0365,22/07/2026 12:14:00,Bán lẻ trực tiếp,NV06,Đã giao
DH007107,KH0160,28/05/2025 08:34:00,TMĐT - Shopee,NV04,Đang xử lý
DH004713,KH0131,28/12/2024 14:28:00,Showroom,NV15,Đã hủy
DH009384,KH0199,08/05/2026 22:48:00,Ban le,NV14,Trả hàng
DH001967,KH0446,24/01/2025 10:43:00,Showroom,NV08,Đã giao
DH003765,KH0035,27/02/2025 14:37:00,Lazada,NV28,Đã giao
DH006492,KH0199,10/06/2025 04:13:00,Showroom,NV29,Đã giao
DH004419,KH0262,27/08/2025 21:45:00,Shopee,NV26,Đã giao
DH006218,KH0176,18/01/2026 23:36:00,Lazada,NV12,Đã giao
DH006519,KH0246,03/12/2024 11:28:00,Đại lý,NV06,Đã giao
DH005200,KH0265,14/05/2025 02:27:00,Showroom,NV18,Đang xử lý
DH011360,KH0151,15/07/2026 12:03:00,Sàn Lazada,NV27,Đã giao
DH008405,KH0183,05/01/2025 23:24:00,TMĐT - Tiki,NV16,Đã giao
DH005761,KH0338,27/06/2026 06:08:00,Shopee,NV17,Đang xử lý
DH011854,KH0198,13/06/2026 10:38:00,Showroom,NV25,Đã giao
DH009790,KH0249,19/07/2026 00:53:00,Bán lẻ,NV11,Đang xử lý
DH010498,KH0105,29/05/2026 04:54:00,Sàn Shopee,NV18,Đã giao
DH011030,KH0048,24/12/2024 01:56:00,TMĐT - Lazada,NV29,Trả hàng
DH001832,KH0367,12/05/2026 15:18:00,Sàn Lazada,NV19,Đã giao
DH001338,KH0368,23/10/2025 20:42:00,Lazada,NV25,Đã giao
DH000941,KH0409,03/09/2025 20:52:00,Sàn Shopee,NV09,Đã giao
DH006945,KH0121,03/01/2026 09:03:00,TMĐT - Tiki,NV29,Đã giao
DH007653,KH0102,10/04/2025 13:42:00,Sàn Shopee,NV09,Đã giao
DH011845,KH0383,25/07/2025 20:26:00,TMĐT - Tiki,NV10,Trả hàng
DH010470,KH0447,10/05/2026 01:04:00,TMĐT - Tiki,NV24,Đã giao
DH008092,KH0309,07/10/2024 13:23:00,Ban le,NV14,Đã giao
DH008688,KH9005,28/05/2025 03:52:00,Bán lẻ,NV02,Đã giao
DH000971,KH0253,14/08/2025 20:57:00,Lazada,NV19,Đang xử lý
DH005368,,05/12/2025 01:00:00,Đại lý,NV30,Đang xử lý
DH010541,KH0070,28/11/2024 10:12:00,TMĐT - Tiki,NV28,Đang xử lý
DH010259,KH0262,04/11/2025 09:50:00,Showroom,NV11,Đã giao
DH002149,KH0002,08/26/2024 15:06:00,Showroom,NV16,Đã giao
DH005394,KH0262,23/07/2026 12:26:00,Showroom,NV24,Đang xử lý
DH009577,,23/10/2025 20:56:00,Sàn Shopee,NV19,Đã giao
DH005877,KH0262,05/07/2025 03:05:00,Ban le,NV11,Đã giao
DH007665,KH0377,15/02/2026 09:14:00,Sàn Shopee,NV14,Đã giao
DH007410,KH0242,25/05/2025 12:38:00,Đại lý,NV14,Đã giao
DH007151,KH0171,28/07/2025 01:00:00,Ban le,NV18,Đã giao
DH000606,KH0051,01/03/2025 13:02:00,Bán lẻ,NV25,Trả hàng
DH002715,KH0012,17/06/2026 12:59:00,TMĐT - Tiki,NV14,Đã hủy
DH002041,KH0367,14/05/2025 21:30:00,TMĐT - Tiki,NV11,Đã giao
DH006301,KH0094,01/08/2025 04:59:00,TMĐT - Tiki,NV01,Đã giao
DH009905,KH0419,23/01/2025 10:46:00,Bán lẻ,NV29,Đã giao
DH002743,KH0012,07/05/2026 14:36:00,TMĐT - Tiki,NV13,Đã giao
DH003492,KH0044,03/10/2025 11:40:00,Lazada,NV28,Đã giao
DH003226,KH0391,26/05/2025 10:32:00,Ban le,NV01,Đang xử lý
DH000322,,08/10/2025 12:04:00,Bán lẻ,NV10,Đã giao
DH9900127,KH0281,27/08/2025 00:45:00,Đại lý,NV20,Mới
DH006287,KH0253,15/06/2025 08:19:00,TMĐT - Lazada,NV14,Đã giao
DH010969,KH0241,12/01/2025 04:10:00,Sàn Lazada,NV02,Đã giao
DH010652,KH0262,04/05/2025 11:43:00,TMĐT - Tiki,NV04,Đã giao
DH003371,KH9011,26/10/2024 15:38:00,Showroom,NV24,Mới
DH006697,KH0242,26/06/2026 07:17:00,Shopee,NV16,Trả hàng
DH006016,KH0008,29/10/2024 21:07:00,Showroom,NV20,Trả hàng
DH004964,KH0089,10/11/2025 07:48:00,TMĐT - Tiki,NV19,Đã giao
DH010408,KH0139,04/10/2025 09:02:00,Sàn Shopee,NV08,Đã giao
DH008581,KH0021,05/02/2026 12:09:00,Ban le,NV21,Đang xử lý
DH003890,KH0448,12/11/2025 12:55:00,TMĐT - Tiki,NV22,Mới
DH009212,KH0262,14/09/2025 08:57:00,Đại lý,NV20,Mới
DH003996,KH0327,08/11/2024 08:38:00,Bán lẻ,NV28,Đã giao
DH010808,KH0345,30/10/2024 18:44:00,TMĐT - Tiki,NV05,Đã hủy
DH005218,KH0426,17/08/2025 02:14:00,Lazada,NV01,Đã giao
DH001656,KH0442,09/05/2026 20:04:00,Lazada,NV21,Đã giao
DH005523,KH0376,11/12/2024 13:47:00,TMĐT - Tiki,NV25,Đã giao
DH007385,KH0386,13/01/2026 00:23:00,Sàn Lazada,NV09,Đã giao
DH004199,KH0268,09/12/2024 22:35:00,Đại lý,NV01,Đã giao
DH005147,KH0055,14/07/2025 06:02:00,Sàn Lazada,NV21,Đã giao
DH008058,KH0108,27/12/2024 17:11:00,Bán lẻ,NV21,Đã giao
DH006244,KH0108,27/11/2025 08:14:00,TMĐT - Tiki,NV05,Đã giao
DH007312,KH9013,01/07/2025 21:52:00,Bán lẻ,NV10,Đã giao
DH003205,KH0021,02/06/2025 17:45:00,TMĐT - Tiki,NV07,Đã giao
DH003663,KH0220,07/01/2026 15:42:00,Đại lý,NV21,Đã giao
DH000284,KH0422,25/02/2025 21:51:00,Showroom,NV09,Đã giao
DH000241,KH0265,02/09/2025 06:58:00,TMĐT - Tiki,NV04,Đã giao
DH003127,KH0249,16/04/2025 21:07:00,Đại lý,NV12,Đã giao
DH001954,KH0421,28/05/2026 10:51:00,TMĐT - Tiki,NV16,Đang xử lý
DH007587,KH0126,02/09/2024 18:33:00,Shopee,NV10,Đã giao
DH006194,KH0039,2024-11-17 18:12:00,Lazada,NV23,Đang xử lý
DH008542,,2025-10-01 17:50:00,TMĐT - Tiki,NV19,Đã giao
DH008320,KH0265,17/07/2025 02:24:00,Sàn Lazada,NV11,Đã giao
DH002281,KH0391,14/09/2025 05:16:00,TMĐT - Shopee,NV02,Mới
DH011714,KH0242,09/08/2025 18:56:00,Showroom,NV05,Đang xử lý
DH002361,KH0094,06/11/2025 20:18:00,Ban le,NV17,Đã giao
DH005001,KH0396,28/08/2024 21:49:00,TMĐT - Tiki,NV14,Đã giao
DH010697,KH0204,20/01/2025 22:58:00,Sàn Lazada,NV28,Đang xử lý
DH011352,KH0262,25/05/2025 20:24:00,Đại lý,NV17,Đã giao
DH000630,KH0325,26/10/2024 06:50:00,Sàn Lazada,NV05,Đã giao
DH006066,KH0262,13/05/2026 05:03:00,Đại lý,NV03,Đã giao
DH009920,KH0070,20/07/2026 08:33:00,Showroom,NV30,Đã giao
DH011678,KH0380,31/12/2024 13:18:00,Bán lẻ,NV25,Đã giao
DH005087,KH0283,09/12/2025 12:17:00,Bán lẻ,NV25,Trả hàng
DH003346,KH0130,10/09/2025 04:12:00,Showroom,NV15,Đã giao
DH006080,KH0199,18/01/2026 08:04:00,Sàn Lazada,NV28,Đang xử lý
DH003461,,23/01/2026 02:24:00,Đại lý,NV12,Đã giao
DH9900042,KH0250,31/12/2025 16:33:00,Showroom,NV08,Đã giao
DH010571,KH0116,12/11/2025 15:58:00,Sàn Lazada,NV17,Đã giao
DH000151,KH0387,21/11/2024 05:07:00,TMĐT - Tiki,NV02,Đã giao
DH010648,KH0227,05/11/2025 04:01:00,TMĐT - Tiki,NV12,Mới
DH003560,KH0089,14/03/2026 03:03:00,Ban le,NV17,Đã giao
DH010321,KH0306,25/11/2024 12:27:00,Bán lẻ trực tiếp,NV14,Đã giao
DH009896,KH0325,11/01/2026 15:55:00,Sàn Lazada,NV21,Đã giao
DH005529,KH0105,16/11/2025 15:35:00,TMĐT - Tiki,NV30,Đã giao
DH010909,KH0314,11/11/2025 17:02:00,Ban le,NV29,Đã giao
DH000905,KH0108,24/09/2025 18:01:00,TMĐT - Tiki,NV11,Mới
DH008045,KH0412,18/10/2024 17:06:00,Shopee,NV01,Đã giao
DH006275,KH0262,18/06/2025 01:38:00,TMĐT - Tiki,NV14,Đã giao
DH000133,KH0262,07/12/2025 14:05:00,Sàn Shopee,NV11,Đã giao
DH007629,KH0012,01/04/2026 13:15:00,Sàn Lazada,NV24,Đã giao
DH003669,KH0187,10/09/2025 21:46:00,Showroom,NV24,Đã giao
DH011089,KH0421,02/12/2025 00:05:00,Lazada,NV04,Đã giao
DH9900085,KH0013,05/04/2025 03:22:00,Bán lẻ,NV14,Đã giao
DH009093,KH0446,06/08/2025 05:55:00,Showroom,NV12,Đã giao
DH003352,KH0119,06/12/2025 01:26:00,Showroom,NV19,Đã giao
DH007419,KH0031,09/08/2025 05:24:00,Đại lý,NV28,Đã giao
DH001756,KH0413,15/01/2026 05:16:00,Đại lý,NV26,Đã giao
DH001816,KH0447,11/05/2025 20:44:00,Bán lẻ,NV16,Đã giao
DH004248,KH0183,27/03/2025 22:31:00,TMĐT - Tiki,NV22,Đã giao
DH005697,KH0175,17/06/2026 18:14:00,Sàn Shopee,NV18,Đã giao
DH007225,KH0242,08/10/2024 00:40:00,Bán lẻ,NV12,Đã hủy
DH007488,KH0187,05/10/2025 23:23:00,TMĐT - Tiki,NV05,Đã giao
DH005560,KH0192,10/12/2024 03:57:00,Shopee,NV06,Mới
DH007344,KH0113,10/03/2025 08:19:00,Sàn Shopee,NV18,Đã giao
DH007444,KH0306,28/12/2025 21:41:00,Lazada,NV18,Đã giao
DH004656,KH0262,03/02/2026 02:00:00,TMĐT - Tiki,NV14,Đã giao
DH010012,KH0442,17/11/2024 19:48:00,Đại lý,NV17,Đang xử lý
DH000827,KH0278,06/06/2026 17:00:00,Sàn Shopee,NV07,Đã giao
DH001923,KH0258,23/03/2026 13:33:00,Showroom,NV14,Đã giao
DH010152,KH0034,24/12/2025 00:36:00,Showroom,NV15,Đã giao
DH002567,KH0113,21/04/2025 06:20:00,Bán lẻ,NV07,Đã hủy
DH011031,KH0063,21/04/2026 22:46:00,TMĐT - Tiki,NV24,Đang xử lý
DH001002,KH0409,08/08/2024 08:56:00,Ban le,NV02,Mới
DH004141,KH0074,08/12/2025 07:16:00,Đại lý,NV03,Đã giao
DH002652,KH0035,13/01/2026 06:39:00,Bán lẻ,NV13,Đang xử lý
DH003075,KH0002,23/07/2025 11:04:00,Đại lý,NV19,Đang xử lý
DH008181,KH0428,11/01/2025 05:07:00,Sàn Lazada,NV10,Đã giao
DH010329,KH0128,08/01/2026 04:18:00,Đại lý,NV28,Trả hàng
DH001370,KH0124,05/11/2024 03:23:00,Showroom,NV06,Đã giao
DH008976,KH0311,02/07/2026 08:16:00,Đại lý,NV17,Đã giao
DH004341,KH9002,15/06/2026 15:37:00,TMĐT - Tiki,NV19,Trả hàng
DH003198,KH0314,28/06/2026 15:08:00,Đại lý,NV17,Đã giao
DH010263,KH0105,09/04/2026 10:47:00,TMĐT - Tiki,NV30,Đã giao
DH003738,KH0070,11/12/2024 20:47:00,TMĐT - Tiki,NV25,Mới
DH003855,KH0391,26/09/2025 03:46:00,Shopee,NV30,Đang xử lý
DH009584,KH0198,18/12/2025 01:21:00,TMĐT - Tiki,NV14,Đang xử lý
DH005335,KH0070,17/04/2026 09:31:00,Bán lẻ,NV08,Đã giao
DH006159,KH0314,08/04/2026 13:39:00,Lazada,NV02,Đã giao
DH005350,KH0048,29/09/2024 01:27:00,Sàn Lazada,NV19,Đã giao
DH005776,KH0253,03/11/2024 22:12:00,TMĐT - Tiki,NV11,Trả hàng
DH005433,KH0155,23/11/2024 10:51:00,TMĐT - Shopee,NV01,Đang xử lý
DH007376,KH0051,15/04/2026 05:56:00,Lazada,NV23,Đã giao
DH007662,KH0278,08/11/2025 19:15:00,Lazada,NV22,Đã giao
DH006836,KH0442,24/08/2024 15:21:00,TMĐT - Shopee,NV15,Đã giao
DH005245,KH0248,20/10/2024 01:04:00,Đại lý,NV21,Đã giao
DH006197,KH0192,11/01/2025 21:33:00,Shopee,NV20,Đã giao
DH007846,KH0126,17/05/2025 19:37:00,TMĐT - Tiki,NV22,Đã giao
DH003223,KH0314,02/04/2026 09:59:00,Đại lý,NV23,Đang xử lý
DH006616,KH0246,01/01/2026 06:29:00,Đại lý,NV29,Đã giao
DH007437,KH0094,24/04/2026 17:28:00,TMĐT - Shopee,NV28,Đã giao
DH010496,KH0250,13/06/2026 06:23:00,Sàn Shopee,NV23,Đã giao
DH011820,KH0383,22/07/2026 13:23:00,Shopee,NV25,Đang xử lý
DH004447,KH0227,14/10/2024 23:32:00,Bán lẻ,NV30,Đã giao
DH006724,KH0250,20/10/2025 03:27:00,Showroom,NV20,Trả hàng
DH003835,KH0243,11/01/2025 05:15:00,Sàn Lazada,NV13,Đã giao
DH004149,KH0412,05/08/2025 18:47:00,Đại lý,NV01,Đã giao
DH009833,KH0356,19/01/2025 16:45:00,Shopee,NV19,Đã giao
DH002129,KH0447,05/09/2025 20:44:00,Showroom,NV09,Trả hàng
DH011104,KH0113,20/04/2025 00:29:00,Đại lý,NV01,Đang xử lý
DH000517,KH0315,05/01/2025 00:11:00,Showroom,NV17,Đã giao
DH009444,KH0242,24/02/2026 02:50:00,Lazada,NV03,Đang xử lý
DH003408,KH0140,23/09/2024 07:02:00,Bán lẻ,NV26,Đã giao
DH003909,KH0447,18/09/2024 23:34:00,Sàn Shopee,NV03,Đã giao
DH001213,KH0291,06/11/2025 04:47:00,TMĐT - Tiki,NV08,Đã giao
DH002561,KH0248,11/12/2024 02:20:00,Ban le,NV10,Đang xử lý
DH006768,KH0114,13/08/2024 06:26:00,Sàn Lazada,NV18,Đã giao
DH001439,KH0140,05/03/2026 09:36:00,TMĐT - Shopee,NV16,Đã giao
DH006542,KH0075,23/01/2026 01:29:00,Đại lý,NV27,Đã giao
DH006790,KH0128,18/10/2024 00:36:00,Đại lý,NV02,Đã giao
DH009992,KH0026,26/08/2025 13:20:00,Ban le,NV10,Mới
DH005153,KH0326,2025-12-20 19:36:00,Đại lý,NV04,Đã giao
DH005650,KH0012,11/22/2024 17:54:00,Showroom,NV14,Đã hủy
DH010772,KH0257,11/03/2026 00:26:00,TMĐT - Tiki,NV20,Đã giao
DH009766,KH0179,05/05/2026 15:28:00,Ban le,NV08,Đã giao
DH002792,KH0070,05/03/2026 18:29:00,Sàn Shopee,NV27,Đang xử lý
DH009286,KH0166,19/11/2024 09:10:00,Bán lẻ,NV28,Đã giao
DH008836,KH0229,26/01/2025 08:48:00,Showroom,NV27,Đã giao
DH000081,,14/08/2024 13:19:00,Sàn Lazada,NV24,Đã giao
DH008137,KH0200,20/05/2026 11:35:00,TMĐT - Tiki,NV13,Đã giao
DH001785,KH0262,04/04/2025 12:44:00,Bán lẻ,NV28,Đã giao
DH002950,KH0077,18/06/2025 00:49:00,Showroom,NV06,Đã giao
DH008121,KH0413,08/09/2024 10:00:00,Bán lẻ,NV23,Mới
DH009075,KH0135,02/02/2025 16:21:00,TMĐT - Tiki,NV26,Đã hủy
DH004759,KH0314,01/07/2026 10:32:00,TMĐT - Lazada,NV03,Đã giao
DH007904,KH0135,01/10/2025 03:48:00,TMĐT - Tiki,NV27,Đã giao
DH002118,KH0093,28/09/2025 06:08:00,Đại lý,NV14,Đã giao
DH007013,KH0275,10/16/2025 14:18:00,Showroom,NV17,Đã giao
DH007141,KH0113,23/12/2024 05:10:00,Ban le,NV25,Đã giao
DH011764,KH9011,14/08/2025 06:16:00,Showroom,NV18,Đã giao
DH000037,KH0155,13/12/2024 21:17:00,TMĐT - Tiki,NV20,Đã giao
DH006238,KH0386,12/01/2026 00:41:00,Showroom,NV29,Đã giao
DH007671,KH0391,02/07/2026 18:21:00,Đại lý,NV08,Đã hủy
DH009451,KH0010,26/03/2026 18:31:00,Đại lý,NV17,Đang xử lý
DH011378,KH0447,05/08/2025 00:06:00,Đại lý,NV11,Mới
DH009755,KH0374,05/08/2024 12:03:00,Showroom,NV12,Đã giao
DH005136,KH0046,14/06/2025 06:17:00,Showroom,NV21,Đã giao
DH005665,KH0121,19/05/2025 11:06:00,Showroom,NV26,Đã giao
DH004266,KH0168,19/06/2025 05:01:00,Showroom,NV11,Đã giao
DH000114,KH0163,29/01/2025 01:56:00,TMĐT - Tiki,NV06,Đã giao
DH011041,KH0398,08/06/2025 02:35:00,Showroom,NV04,Đang xử lý
DH001385,KH0396,25/12/2024 04:32:00,Đại lý,NV25,Đã giao
DH002317,KH0031,15/02/2026 16:24:00,TMĐT - Tiki,NV24,Đã giao
DH010197,KH0015,02/01/2026 00:13:00,Sàn Shopee,NV06,Đã giao
DH000958,KH0250,12/09/2024 14:09:00,TMĐT - Tiki,NV06,Đã giao
DH001677,KH0314,13/11/2024 07:14:00,Sàn Lazada,NV08,Đã giao
DH002873,KH9008,22/09/2024 09:53:00,Đại lý,NV15,Đã giao
DH002872,KH0391,02/02/2025 00:36:00,Lazada,NV24,Đã giao
DH011547,KH0242,05/10/2025 04:58:00,Đại lý,NV12,Đã giao
DH008664,KH0337,03/11/2025 10:50:00,Showroom,NV07,Mới
DH006639,KH0379,09/05/2026 09:34:00,Đại lý,NV22,Đã giao
DH002415,KH0325,30/01/2025 04:49:00,Bán lẻ,NV09,Đang xử lý
DH006195,KH0249,16/01/2026 23:02:00,Sàn Lazada,NV05,Mới
DH010491,KH0126,08/06/2026 01:01:00,Showroom,NV28,Đã giao
DH003539,KH0044,15/12/2025 11:33:00,Đại lý,NV06,Đã giao
DH009494,KH0192,14/08/2025 02:48:00,Showroom,NV21,Đã giao
DH005051,KH9002,01/05/2026 03:33:00,Lazada,NV03,Đã giao
DH007118,KH0432,05/09/2024 17:03:00,Showroom,NV25,Mới
DH002432,KH0359,03/09/2024 18:45:00,Đại lý,NV23,Đã giao
DH009706,KH0242,11/03/2026 12:56:00,Lazada,NV22,Đã giao
DH003794,KH9010,2025-12-18 13:22:00,Đại lý,NV10,Mới
DH009883,KH0262,22/01/2026 01:22:00,Sàn Shopee,NV18,Trả hàng
DH000252,KH0242,28/12/2024 16:07:00,Đại lý,NV27,Đã giao
DH000135,KH0208,21/03/2026 22:50:00,Đại lý,NV15,Đã giao
DH008312,KH0304,27/02/2026 16:58:00,Sàn Lazada,NV23,Đang xử lý
DH002708,KH0088,05/12/2025 07:05:00,TMĐT - Shopee,NV11,Đã giao
DH003825,KH0352,08/10/2024 05:30:00,Showroom,NV25,Đã giao
DH001822,KH0097,03/01/2026 10:01:00,Sàn Shopee,NV06,Đã giao
DH010467,KH0151,26/12/2024 18:18:00,Showroom,NV15,Trả hàng
DH008677,KH0363,05/03/2026 14:15:00,Đại lý,NV26,Đang xử lý
DH000653,KH0406,04/09/2025 15:45:00,Bán lẻ,NV16,Đã giao
DH003754,KH0347,13/12/2025 05:43:00,Lazada,NV22,Đã giao
DH006493,KH0281,28/09/2025 00:16:00,Shopee,NV21,Đã giao
DH003390,KH0447,25/08/2024 22:21:00,Sàn Lazada,NV02,Đã giao
DH005459,KH0070,08/07/2025 01:14:00,TMĐT - Tiki,NV24,Đã giao
DH004155,KH0257,13/08/2025 10:00:00,Shopee,NV17,Đã giao
DH003992,KH0272,24/11/2024 15:46:00,Đại lý,NV05,Đang xử lý
DH010647,KH0272,10/12/2025 05:38:00,Lazada,NV20,Đã giao
DH003097,KH0268,11/05/2025 08:46:00,Showroom,NV10,Đã giao
DH009513,KH9013,27/03/2025 15:26:00,Sàn Lazada,NV05,Đã giao
DH007857,KH0224,14/07/2026 20:42:00,Sàn Lazada,NV28,Đã giao
DH009301,KH0035,09/01/2025 19:33:00,Đại lý,NV20,Đã giao
DH002995,KH0258,10/12/2025 09:42:00,Shopee,NV15,Đã giao
DH006261,KH0155,12/05/2025 19:56:00,TMĐT - Tiki,NV15,Đã giao
DH011253,KH0051,26/05/2025 19:52:00,TMĐT - Tiki,NV06,Đã giao
DH010089,KH0158,16/08/2024 18:51:00,TMĐT - Tiki,NV08,Đã giao
DH002554,KH0009,13/06/2026 14:42:00,Shopee,NV20,Đang xử lý
DH008657,KH0365,05/07/2026 04:15:00,Lazada,NV09,Đã giao
DH006596,KH0040,03/04/2026 06:29:00,TMĐT - Tiki,NV19,Đã hủy
DH008972,KH0244,02/10/2025 05:11:00,Đại lý,NV18,Đã giao
DH009357,KH0422,14/08/2025 06:43:00,Đại lý,NV07,Đã giao
DH010696,KH0347,12/09/2025 06:43:00,TMĐT - Tiki,NV11,Đang xử lý
DH007315,KH0220,30/03/2025 14:29:00,TMĐT - Tiki,NV22,Đã giao
DH011250,KH0394,12/12/2025 11:18:00,Sàn Lazada,NV15,Đang xử lý
DH001447,KH0220,15/04/2025 19:18:00,TMĐT - Tiki,NV07,Đang xử lý
DH002911,KH0241,10/06/2026 19:35:00,TMĐT - Tiki,NV14,Đã giao
DH9900082,KH0391,12/09/2025 21:17:00,Shopee,NV20,Đang xử lý
DH004170,KH0139,21/04/2026 00:34:00,Bán lẻ trực tiếp,NV16,Mới
DH009703,KH0246,31/07/2025 23:59:00,Showroom,NV13,Đã giao
DH007326,KH0138,24/04/2026 16:13:00,Sàn Shopee,NV10,Đã giao
DH001581,KH0051,22/10/2024 15:44:00,Shopee,NV27,Mới
DH004273,KH0396,15/04/2025 01:20:00,Ban le,NV20,Đã giao
DH002669,KH0268,18/07/2025 02:36:00,Đại lý,NV14,Đã giao
DH000101,KH0053,25/12/2025 06:04:00,Showroom,NV07,Đã giao
DH003055,KH0183,05/06/2026 00:23:00,Showroom,NV10,Đã giao
DH000977,KH0056,16/12/2025 00:03:00,Đại lý,NV30,Đã hủy
DH002552,KH0070,13/06/2026 05:36:00,Ban le,NV06,Đã giao
DH002457,KH0311,01/11/2025 18:53:00,Sàn Lazada,NV21,Đã giao
DH007821,KH0391,23/07/2026 01:51:00,TMĐT - Shopee,NV23,Đã giao
DH000560,KH0199,09/01/2025 01:12:00,Shopee,NV08,Đã giao
DH005027,KH0227,12/11/2024 22:27:00,Showroom,NV05,Đã giao
DH005526,KH0070,05/09/2025 03:38:00,Đại lý,NV08,Đã giao
DH001737,KH0179,29/09/2024 14:22:00,TMĐT - Tiki,NV05,Đã giao
DH000991,,26/01/2026 10:21:00,Đại lý,NV14,Đã giao
DH006562,KH0222,13/12/2024 05:52:00,Bán lẻ,NV18,Đã giao
DH008413,KH0155,07/02/2025 05:26:00,Đại lý,NV10,Đang xử lý
DH002254,KH0082,25/08/2025 03:55:00,Bán lẻ,NV04,Đã giao
DH010098,KH0171,22/08/2024 06:55:00,TMĐT - Tiki,NV12,Đã giao
DH008926,KH0183,11/05/2026 21:00:00,Đại lý,NV29,Đã giao
DH002634,KH0155,08/04/2025 14:35:00,Bán lẻ,NV03,Đã giao
DH011126,KH0406,15/03/2026 02:41:00,Showroom,NV05,Đã giao
DH011239,KH0213,12/09/2025 18:01:00,Ban le,NV09,Trả hàng
DH006848,KH0119,02/08/2024 21:27:00,Sàn Lazada,NV15,Đang xử lý
DH002906,KH0183,14/09/2025 14:36:00,Shopee,NV18,Đã giao
DH011935,KH0391,11/05/2026 20:22:00,Đại lý,NV28,Đã giao
DH005935,KH0249,03/14/2025 23:02:00,Ban le,NV24,Đang xử lý
DH002350,KH0377,20/12/2025 17:13:00,Sàn Shopee,NV30,Đã giao
DH010611,KH0135,28/01/2025 12:18:00,Shopee,NV07,Đang xử lý
DH005793,KH0442,13/10/2025 15:02:00,Showroom,NV22,Đang xử lý
DH009741,KH0384,22/02/2026 05:01:00,Bán lẻ,NV29,Đã giao
DH004433,KH0262,18/11/2025 15:39:00,Đại lý,NV08,Đã giao
DH009924,KH0127,25/12/2024 12:48:00,Đại lý,NV18,Đã giao
DH000846,KH0002,14/09/2025 09:54:00,Bán lẻ,NV15,Đã giao
DH007825,KH0087,09/12/2025 22:22:00,Showroom,NV20,Đang xử lý
DH000354,KH0446,14/12/2025 04:18:00,Đại lý,NV05,Đã giao
DH011649,KH0002,28/10/2024 04:18:00,Shopee,NV21,Đang xử lý
DH9900003,KH0446,30/11/2024 15:46:00,Đại lý,NV09,Đã giao
DH008331,KH0422,22/01/2026 17:34:00,Lazada,NV05,Đã giao
DH004898,KH0344,16/05/2026 02:46:00,Ban le,NV04,Đã giao
DH011296,KH0227,10/07/2025 16:22:00,Ban le,NV08,Mới
DH002057,KH0035,12/10/2025 23:54:00,Sàn Shopee,NV20,Đã giao
DH009851,KH0250,21/06/2025 11:25:00,TMĐT - Tiki,NV20,Đang xử lý
DH001648,KH0193,15/09/2024 16:22:00,TMĐT - Lazada,NV07,Đã giao
DH001505,KH0114,22/06/2026 00:44:00,Showroom,NV19,Đã giao
DH007827,,24/05/2025 03:31:00,Bán lẻ trực tiếp,NV03,Đã giao
DH010749,KH0365,02/07/2025 03:06:00,TMĐT - Tiki,NV23,Đã giao
DH001115,KH0306,24/01/2025 04:07:00,Sàn Shopee,NV25,Mới
DH9900065,KH0026,24/12/2024 17:32:00,Shopee,NV04,Đã giao
DH006786,KH0448,14/01/2025 08:10:00,Lazada,NV28,Đã giao
DH001361,KH0094,31/05/2025 22:32:00,Đại lý,NV22,Đã giao
DH008504,KH0036,24/11/2024 23:48:00,Sàn Lazada,NV09,Mới
DH002208,KH0100,27/06/2026 01:59:00,Đại lý,NV22,Đã giao
DH006431,KH0002,19/06/2026 05:49:00,Đại lý,NV16,Đã giao
DH005555,KH0052,27/11/2024 17:48:00,Bán lẻ,NV12,Đã giao
DH003649,KH0198,31/01/2025 01:05:00,Lazada,NV27,Đã giao
DH000915,KH0447,18/02/2025 10:02:00,TMĐT - Tiki,NV10,Đã giao
DH008900,KH0391,15/04/2026 11:41:00,Đại lý,NV24,Đã giao
DH008290,KH0397,07/03/2025 12:48:00,Showroom,NV02,Đã giao
DH000561,KH0413,04/09/2024 04:43:00,Showroom,NV22,Đã giao
DH000613,KH0262,25/11/2025 00:44:00,TMĐT - Tiki,NV01,Đã giao
DH006690,KH0406,18/10/2024 10:06:00,Shopee,NV28,Đã giao
DH002540,KH0274,28/10/2024 09:25:00,Lazada,NV16,Đã giao
DH002217,KH0246,06/07/2025 02:33:00,Đại lý,NV27,Đã giao
DH005783,KH0214,22/11/2025 03:50:00,Sàn Lazada,NV25,Đã giao
DH009915,KH0249,28/09/2025 18:56:00,Ban le,NV19,Đang xử lý
DH002670,KH0306,13/09/2024 00:47:00,Shopee,NV28,Đã giao
DH011573,KH0398,22/05/2025 09:23:00,Đại lý,NV21,Đã giao
DH002401,KH0326,04/06/2026 11:59:00,TMĐT - Tiki,NV23,Đã giao
DH005991,KH0262,05/12/2024 10:36:00,Showroom,NV17,Đã hủy
DH008933,KH0075,19/12/2025 08:50:00,Bán lẻ,NV12,Đã giao
DH011289,KH0248,22/11/2025 22:46:00,Showroom,NV19,Trả hàng
DH000374,KH0281,12/03/2026 03:37:00,Showroom,NV26,Mới
DH008100,KH0074,18/11/2024 12:52:00,Showroom,NV06,Đã giao
DH007624,KH0089,10/05/2026 02:26:00,TMĐT - Tiki,NV08,Đã giao
DH007918,KH0367,10/04/2025 23:07:00,Sàn Lazada,NV18,Đã hủy
DH000008,KH0193,22/01/2026 13:27:00,Shopee,NV19,Đã giao
DH000631,KH0012,22/08/2025 02:39:00,Showroom,NV07,Đã giao
DH008503,KH0012,02/11/2024 12:36:00,Lazada,NV02,Đã giao
DH001156,KH0249,09/01/2025 18:38:00,Bán lẻ,NV18,Đã giao
DH000504,KH0130,31/03/2026 14:01:00,TMĐT - Tiki,NV12,Đã giao
DH009179,KH0265,15/09/2024 18:48:00,Sàn Shopee,NV11,Đã giao
DH009407,KH0097,06/05/2025 04:47:00,Sàn Shopee,NV18,Đã giao
DH003441,KH0262,04/05/2025 17:10:00,Sàn Shopee,NV08,Đã giao
DH010095,KH0384,14/06/2026 06:08:00,Lazada,NV30,Đang xử lý
DH004706,KH0384,16/02/2026 09:48:00,Showroom,NV15,Đã giao
DH008986,KH0262,28/10/2024 01:07:00,Bán lẻ,NV10,Đã giao
DH004615,KH0228,22/03/2025 12:58:00,Bán lẻ,NV26,Đã giao
DH006039,KH0306,29/07/2026 01:54:00,Đại lý,NV25,Đã giao
DH011329,KH0442,28/12/2024 05:32:00,Đại lý,NV02,Đã giao
DH001580,KH0053,03/07/2026 10:12:00,Sàn Lazada,NV09,Đã giao
DH001157,KH0021,14/07/2025 02:48:00,TMĐT - Tiki,NV16,Đã giao
DH011584,KH0250,31/05/2026 19:30:00,TMĐT - Shopee,NV14,Đã hủy
DH001911,KH0056,23/07/2025 09:32:00,Sàn Lazada,NV09,Đã giao
DH001583,KH0309,23/07/2025 10:54:00,Showroom,NV05,Trả hàng
DH003887,KH0306,06/11/2025 11:41:00,Đại lý,NV28,Đã giao
DH005205,KH0201,19/12/2025 20:33:00,TMĐT - Tiki,NV29,Đã giao
DH001415,KH0253,13/12/2024 08:05:00,Đại lý,NV08,Đã giao
DH002000,KH0155,24/05/2025 23:24:00,Bán lẻ,NV24,Đang xử lý
DH005680,KH0327,12/01/2025 03:02:00,Showroom,NV08,Đã giao
DH009651,KH0259,18/07/2025 19:18:00,TMĐT - Tiki,NV30,Đã giao
DH011306,KH0400,16/03/2026 11:49:00,Đại lý,NV23,Đã giao
DH006470,KH0056,01/05/2026 17:43:00,Đại lý,NV24,Đã giao
DH003380,KH0095,02/01/2026 08:31:00,Lazada,NV05,Đã giao
DH004810,KH0148,30/11/2024 02:08:00,Lazada,NV23,Đã giao
DH011356,KH0034,07/08/2025 23:19:00,Đại lý,NV25,Đã giao
DH003010,KH0192,12/03/2025 16:54:00,Ban le,NV29,Đã giao
DH004111,KH0035,06/05/2025 00:31:00,Đại lý,NV22,Đã giao
DH006518,KH0184,26/09/2025 09:39:00,TMĐT - Tiki,NV11,Trả hàng
DH008990,KH9009,29/01/2026 01:14:00,Ban le,NV28,Đã hủy
DH003958,KH0243,08/12/2025 06:19:00,Đại lý,NV03,Đã giao
DH004576,KH0262,14/10/2025 10:29:00,Đại lý,NV24,Đã giao
DH009997,KH0002,18/01/2026 08:51:00,Bán lẻ,NV08,Đã giao
DH011170,KH0076,25/05/2025 15:16:00,Đại lý,NV16,Đã giao
DH002734,KH0155,12/12/2024 12:01:00,Bán lẻ,NV18,Đã giao
DH011247,KH0406,17/09/2025 11:31:00,Sàn Lazada,NV25,Đang xử lý
DH002157,KH0347,20/08/2025 12:30:00,Showroom,NV08,Đang xử lý
DH004606,KH9012,01/05/2025 18:44:00,Ban le,NV04,Đã giao
DH000609,KH9007,14/06/2025 16:25:00,Showroom,NV06,Đã giao
DH002585,KH0157,16/11/2025 15:34:00,Shopee,NV23,Đã giao
DH004367,KH0277,06/10/2024 00:41:00,Ban le,NV22,Đã giao
DH008587,KH9008,07/04/2025 13:19:00,Lazada,NV24,Trả hàng
DH006758,KH0151,22/06/2025 05:03:00,Bán lẻ trực tiếp,NV12,Đã giao
DH010086,,25/12/2025 20:17:00,Bán lẻ,NV25,Đã giao
DH004123,KH0034,29/07/2026 07:05:00,Sàn Lazada,NV15,Đã giao
DH006318,KH0233,19/11/2024 19:45:00,Sàn Shopee,NV10,Đã giao
DH010684,KH0269,25/01/2025 11:46:00,Đại lý,NV28,Đã giao
DH009447,KH0051,02/05/2026 09:46:00,Bán lẻ,NV09,Đã hủy
DH007458,KH0439,04/09/2024 08:58:00,Bán lẻ,NV15,Đang xử lý
DH004922,KH0249,18/02/2026 17:09:00,TMĐT - Tiki,NV05,Đã giao
DH009240,KH9013,05/02/2026 05:47:00,Shopee,NV09,Đã giao
DH008883,KH0352,11/09/2025 13:28:00,Showroom,NV23,Đã giao
DH007690,KH0070,08/01/2025 00:02:00,Showroom,NV21,Đã giao
DH005469,KH0293,02/12/2024 15:37:00,Lazada,NV27,Đã hủy
DH005435,KH0056,01/04/2025 03:30:00,Showroom,NV24,Đã giao
DH003076,KH0105,28/01/2026 05:18:00,Bán lẻ,NV22,Đã giao
DH008276,KH0402,10/01/2025 04:41:00,Ban le,NV22,Đã giao
DH000318,KH0218,27/08/2024 15:07:00,Sàn Lazada,NV10,Đã giao
DH001624,KH0248,26/09/2024 04:20:00,Showroom,NV25,Đã giao
DH005267,KH0314,19/11/2025 23:08:00,Lazada,NV09,Đã hủy
DH011931,KH0140,16/09/2025 06:18:00,Shopee,NV19,Trả hàng
DH006154,KH0446,19/05/2026 04:20:00,Sàn Lazada,NV18,Đã giao
DH010712,KH0365,04/09/2025 12:30:00,Shopee,NV26,Đã giao
DH010454,KH0288,28/12/2024 20:19:00,Shopee,NV08,Đã giao
DH009735,KH0447,2025-02-15 15:58:00,TMĐT - Tiki,NV21,Đã giao
DH004296,KH0108,18/12/2025 17:11:00,Lazada,NV17,Đã giao
DH001014,KH0391,15/08/2025 12:00:00,Đại lý,NV21,Đã giao
DH001773,KH0365,06/11/2024 09:07:00,Showroom,NV30,Đã giao
DH010133,KH0035,22/08/2025 03:25:00,Đại lý,NV03,Đã giao
DH009702,KH0417,18/05/2026 12:27:00,Shopee,NV16,Đã giao
DH007699,KH0277,24/08/2024 14:21:00,Lazada,NV26,Đang xử lý
DH000505,KH0288,02/12/2024 10:03:00,Showroom,NV04,Đã giao
DH001357,,23/11/2025 15:46:00,TMĐT - Lazada,NV20,Đã giao
DH004869,KH0249,16/06/2026 23:24:00,Sàn Lazada,NV17,Đã giao
DH007674,KH0231,24/09/2024 06:36:00,Đại lý,NV12,Đã giao
DH010736,KH0265,23/12/2024 02:13:00,TMĐT - Tiki,NV02,Đã giao
DH001106,KH0155,26/06/2026 14:03:00,TMĐT - Tiki,NV14,Mới
DH010410,KH0391,26/10/2025 22:16:00,Đại lý,NV22,Đã giao
DH000098,KH0409,14/06/2026 00:59:00,Lazada,NV09,Đã giao
DH002186,KH0246,20/04/2026 06:58:00,Showroom,NV19,Đã giao
DH001200,KH0345,22/06/2025 22:43:00,Đại lý,NV10,Đã hủy
DH008813,KH0274,11/10/2024 10:47:00,Đại lý,NV30,Mới
DH002169,KH0365,10/12/2024 08:27:00,Shopee,NV06,Đã giao
DH007622,KH0322,10/02/2026 18:28:00,Sàn Shopee,NV28,Đã giao
DH000477,KH0384,09/06/2026 04:44:00,Đại lý,NV27,Đã giao
DH006809,KH0406,16/02/2025 22:42:00,Đại lý,NV13,Đã giao
DH007809,KH0306,31/12/2024 02:50:00,Showroom,NV30,Đã giao
DH006868,KH0166,16/01/2026 11:45:00,Ban le,NV10,Đã giao
DH002045,KH0002,30/08/2025 06:44:00,Shopee,NV09,Đã giao
DH000244,KH0199,17/10/2024 04:12:00,Shopee,NV27,Đang xử lý
DH002867,KH0128,29/01/2025 02:10:00,Đại lý,NV12,Đã hủy
DH011084,KH0108,29/08/2025 04:42:00,TMĐT - Lazada,NV17,Đã giao
DH004253,KH0268,19/01/2026 20:06:00,Ban le,NV13,Đã giao
DH000601,KH0323,01/11/2024 23:27:00,TMĐT - Tiki,NV20,Đã giao
DH001555,KH0004,17/08/2025 10:37:00,Bán lẻ,NV12,Đã giao
DH004237,KH0446,14/04/2025 01:40:00,Ban le,NV05,Trả hàng
DH000062,KH0391,17/03/2025 21:39:00,Đại lý,NV03,Mới
DH000176,KH0200,12/01/2025 01:05:00,Bán lẻ,NV14,Đã giao
DH008023,KH0135,10/03/2026 04:37:00,Showroom,NV19,Trả hàng
DH011339,KH0227,22/03/2025 14:27:00,Sàn Lazada,NV10,Đã giao
DH002331,KH0311,05/07/2025 08:59:00,Showroom,NV06,Đã giao
DH008545,KH0012,28/10/2025 17:27:00,Ban le,NV03,Đã giao
DH006038,KH0257,17/03/2026 08:40:00,Bán lẻ,NV28,Đã giao
DH003561,KH0325,15/11/2024 20:45:00,Sàn Shopee,NV04,Đã giao
DH006856,KH0274,10/01/2026 17:39:00,Đại lý,NV17,Đã giao
DH006161,KH0438,26/05/2026 17:55:00,Showroom,NV05,Đã hủy
DH003366,KH0447,22/09/2025 13:07:00,TMĐT - Lazada,NV12,Đã giao
DH010440,KH0306,02/04/2025 02:20:00,TMĐT - Tiki,NV15,Đang xử lý
DH003525,KH0278,07/07/2026 05:40:00,Ban le,NV23,Đã giao
DH010800,KH0399,15/01/2025 00:13:00,Showroom,NV24,Đã giao
DH002088,KH0412,30/10/2025 17:11:00,Đại lý,NV24,Đã giao
DH003020,KH0009,30/05/2026 20:30:00,TMĐT - Lazada,NV25,Đã giao
DH007822,KH0066,21/10/2024 07:38:00,Bán lẻ trực tiếp,NV18,Đã giao
DH003310,KH0211,05/11/2024 03:13:00,Ban le,NV02,Đã hủy
DH005747,,13/12/2024 20:37:00,Showroom,NV05,Đã giao
DH001127,KH0337,04/07/2026 12:23:00,Ban le,NV12,Đã giao
DH007221,KH0070,01/11/2024 23:50:00,TMĐT - Tiki,NV30,Đã giao
DH008527,,08/04/2026 18:07:00,TMĐT - Shopee,NV20,Đã giao
DH004873,KH0404,18/09/2025 19:18:00,TMĐT - Tiki,NV08,Đã giao
DH007617,KH0221,01/05/2026 04:26:00,Sàn Shopee,NV05,Mới
DH009709,KH0391,20/04/2026 15:16:00,Showroom,NV18,Đang xử lý
DH000670,KH0012,21/04/2025 00:18:00,Đại lý,NV20,Đã hủy
DH003673,KH0391,24/01/2026 18:01:00,Đại lý,NV17,Đã giao
DH003056,KH0436,25/09/2024 13:36:00,Đại lý,NV01,Đang xử lý
DH9900072,KH0191,15/09/2024 08:24:00,TMĐT - Tiki,NV07,Đã giao
DH006062,KH0113,04/12/2026 07:40:00,Sàn Shopee,NV26,Đang xử lý
DH011592,KH9014,21/03/2025 05:47:00,Đại lý,NV02,Đã giao
DH011506,KH0314,14/06/2026 06:53:00,Shopee,NV23,Đã giao
DH001139,KH0077,21/02/2025 09:20:00,TMĐT - Tiki,NV28,Đã giao
DH003504,KH0249,19/06/2026 03:08:00,Lazada,NV26,Trả hàng
DH001474,KH0155,03/07/2025 20:41:00,Showroom,NV24,Đã giao
DH006984,KH0391,19/01/2025 18:39:00,TMĐT - Tiki,NV12,Đã giao
DH003736,KH0314,26/05/2026 03:24:00,Showroom,NV05,Đã giao
DH001239,KH0155,30/04/2026 21:21:00,Shopee,NV28,Đã giao
DH007152,KH0186,06/05/2025 13:48:00,Lazada,NV01,Đã giao
DH005084,KH0374,18/05/2025 02:45:00,Ban le,NV17,Đã giao
DH008439,KH0113,15/11/2024 05:10:00,Shopee,NV11,Mới
DH000445,KH0266,02/10/2025 00:39:00,Bán lẻ,NV14,Đang xử lý
DH010953,KH0035,16/04/2025 22:42:00,Showroom,NV26,Đã giao
DH004806,KH0199,25/08/2024 18:02:00,Sàn Shopee,NV03,Đã giao
DH001282,,14/01/2026 00:15:00,Showroom,NV17,Đã giao
DH003145,KH0127,04/04/2025 11:46:00,Shopee,NV19,Đã giao
DH011512,KH0412,14/11/2025 19:19:00,Lazada,NV22,Đã giao
DH000112,KH0256,02/05/2026 16:06:00,Bán lẻ,NV09,Đã giao
DH011103,KH0119,29/10/2025 22:34:00,Đại lý,NV16,Đã giao
DH005543,KH0197,10/09/2024 13:01:00,Lazada,NV05,Đã giao
DH008077,KH0070,04/02/2025 18:56:00,Đại lý,NV21,Đã giao
DH003935,KH0362,29/12/2024 14:49:00,Showroom,NV04,Đã giao
DH005184,KH0402,07/07/2025 11:09:00,Sàn Lazada,NV12,Đã giao
DH004352,KH0218,23/02/2025 04:25:00,Bán lẻ,NV28,Đã giao
DH001736,KH0273,03/08/2024 09:41:00,TMĐT - Tiki,NV26,Đã giao
DH004670,KH0002,02/08/2024 22:05:00,Sàn Lazada,NV04,Đã giao
DH003336,KH0135,17/12/2024 10:12:00,Showroom,NV20,Đã giao
DH9900012,,17/05/2025 03:01:00,TMĐT - Tiki,NV12,Đã giao
DH002663,KH0074,09/10/2025 17:10:00,TMĐT - Tiki,NV06,Đã hủy
DH011443,KH0135,07/07/2025 00:18:00,Shopee,NV25,Đã giao
DH006353,KH0442,19/10/2025 01:20:00,Bán lẻ,NV19,Đã giao
DH008602,KH0249,08/12/2024 01:16:00,Showroom,NV17,Đang xử lý
DH010903,KH0045,08/07/2026 18:41:00,Bán lẻ trực tiếp,NV07,Đang xử lý
DH004595,KH0446,14/05/2026 03:34:00,Đại lý,NV19,Mới
DH010793,KH0281,28/09/2024 22:42:00,TMĐT - Tiki,NV15,Trả hàng
DH000767,KH0151,19/03/2025 01:09:00,Lazada,NV07,Đã giao
DH009138,KH0281,01/02/2025 00:36:00,Shopee,NV08,Đã giao
DH000219,KH0051,28/06/2026 17:57:00,Lazada,NV10,Trả hàng
DH009155,KH0242,16/02/2025 21:57:00,Showroom,NV28,Đang xử lý
DH010081,KH0211,19/01/2026 20:28:00,Shopee,NV04,Đã giao
DH008932,KH0367,04/04/2026 14:10:00,Sàn Shopee,NV30,Đã giao
DH010532,KH0192,19/07/2025 19:19:00,Sàn Shopee,NV06,Đã hủy
DH004945,KH0204,12/02/2025 16:06:00,TMĐT - Tiki,NV28,Đã giao
DH006365,KH0227,07/03/2025 18:41:00,Lazada,NV13,Đã giao
DH000796,KH0027,10/10/2025 22:23:00,Showroom,NV05,Đã giao
DH001922,KH0389,04/07/2026 02:49:00,Shopee,NV29,Đã giao
DH006122,KH0147,24/01/2026 21:38:00,Lazada,NV18,Đã giao
DH006070,KH0442,05/05/2025 19:08:00,Sàn Shopee,NV15,Đã giao
DH006381,KH0409,11/11/2024 17:19:00,Bán lẻ,NV24,Đã giao
DH007855,KH0252,16/03/2026 08:39:00,Ban le,NV19,Đã giao
DH005576,KH0273,07/11/2025 23:45:00,Ban le,NV14,Đã giao
DH007508,KH0350,17/08/2024 05:53:00,Showroom,NV04,Đã giao
DH006753,KH0192,29/04/2026 02:20:00,Sàn Lazada,NV20,Đã giao
DH008020,KH0088,09/09/2025 21:27:00,TMĐT - Tiki,NV04,Đã giao
DH010686,KH0063,24/05/2026 07:05:00,Ban le,NV17,Đang xử lý
DH003897,KH0128,08/08/2025 04:17:00,Showroom,NV19,Đã giao
DH000473,KH0314,15/04/2025 00:57:00,TMĐT - Tiki,NV29,Đã giao
DH004060,KH0074,01/08/2025 17:38:00,Showroom,NV21,Đã giao
DH009215,KH0034,08/11/2024 12:35:00,TMĐT - Tiki,NV02,Đã giao
DH003278,KH0272,24/12/2025 01:04:00,Showroom,NV15,Đã giao
DH010792,KH0043,28/01/2025 22:59:00,Lazada,NV10,Đã giao
DH011470,KH0397,04/10/2025 21:41:00,Đại lý,NV10,Đã giao
DH002388,KH0037,02/11/2025 03:34:00,TMĐT - Lazada,NV24,Đã giao
DH007417,KH0442,08/12/2024 11:49:00,Ban le,NV09,Đã giao
DH011630,,13/02/2026 10:39:00,Ban le,NV09,Đang xử lý
DH006797,KH0391,26/05/2026 12:56:00,Sàn Lazada,NV11,Đã hủy
DH011689,KH0070,30/10/2025 08:18:00,Showroom,NV18,Đã giao
DH009106,KH0229,19/08/2025 18:11:00,Showroom,NV20,Đang xử lý
DH009617,KH0212,15/03/2026 00:13:00,Showroom,NV30,Đã giao
DH003385,KH0370,07/03/2026 20:07:00,Showroom,NV14,Đã giao
DH002837,KH0447,21/01/2026 12:46:00,Sàn Lazada,NV16,Đã giao
DH001432,KH0249,15/01/2026 17:26:00,TMĐT - Tiki,NV05,Đã giao
DH001814,KH0070,26/05/2025 18:10:00,Lazada,NV03,Đã giao
DH006628,KH0242,20/10/2025 18:32:00,TMĐT - Tiki,NV07,Đang xử lý
DH009927,KH0257,11/05/2026 15:40:00,Đại lý,NV24,Đã giao
DH002353,KH0315,19/10/2024 20:51:00,TMĐT - Tiki,NV22,Đã giao
DH000051,KH0442,06/09/2025 00:22:00,Sàn Lazada,NV12,Đã giao
DH010687,KH0053,31/08/2024 12:41:00,Sàn Lazada,NV16,Đã giao
DH010579,KH0179,09/05/2026 07:52:00,Bán lẻ,NV12,Đã giao
DH005312,KH0008,14/11/2024 18:12:00,Ban le,NV30,Đã giao
DH008546,KH0155,16/10/2024 08:24:00,Showroom,NV17,Đã hủy
DH011760,KH0301,13/12/2024 15:03:00,Showroom,NV23,Đã giao
DH003202,KH0082,21/08/2024 01:11:00,Sàn Lazada,NV27,Đã giao
DH009127,KH0432,13/08/2024 00:44:00,Showroom,NV24,Đã giao
DH003750,KH9012,25/03/2025 13:17:00,Showroom,NV26,Đã giao
DH000847,KH0303,14/07/2025 06:54:00,Ban le,NV26,Đã hủy
DH006179,KH0271,29/07/2026 17:25:00,Showroom,NV01,Đã giao
DH002825,KH0306,29/05/2025 03:47:00,Sàn Shopee,NV25,Đang xử lý
DH002999,KH0012,26/10/2025 03:29:00,Showroom,NV03,Đã giao
DH011429,KH0359,25/01/2025 14:34:00,Lazada,NV10,Đã giao
DH008638,KH0351,15/11/2024 21:11:00,TMĐT - Tiki,NV23,Đã giao
DH010136,KH0046,04/09/2025 07:50:00,Bán lẻ,NV16,Trả hàng
DH009196,KH0002,09/07/2026 07:20:00,TMĐT - Tiki,NV26,Đã giao
DH010741,KH0054,07/11/2024 04:30:00,Sàn Lazada,NV13,Đã giao
DH005381,KH0248,19/11/2024 09:39:00,Showroom,NV08,Đã giao
DH001022,KH0246,25/09/2024 15:30:00,Showroom,NV24,Đã giao
DH010965,KH0155,24/06/2026 21:24:00,Sàn Shopee,NV15,Đã giao
DH005468,KH0439,10/04/2026 19:42:00,Showroom,NV14,Đã hủy
DH003796,KH0193,29/09/2024 19:17:00,Bán lẻ,NV01,Đã giao
DH001028,KH0066,14/02/2025 19:46:00,Showroom,NV09,Đã giao
DH000394,KH0204,19/07/2026 05:36:00,Showroom,NV25,Đã giao
DH010261,KH0402,14/11/2025 15:02:00,Sàn Lazada,NV30,Đã giao
DH007506,KH0140,06/11/2024 12:38:00,Sàn Shopee,NV17,Đã giao
DH006061,KH0227,05/04/2026 01:46:00,Bán lẻ,NV04,Đã giao
DH000061,KH0071,03/12/2024 23:24:00,TMĐT - Tiki,NV30,Đã giao
DH008994,KH0017,26/01/2026 06:39:00,Shopee,NV24,Đã hủy
DH004025,KH0220,01/17/2026 01:58:00,TMĐT - Tiki,NV20,Đã giao
DH008142,KH0197,22/09/2025 11:08:00,Sàn Shopee,NV30,Đã giao
DH011135,KH0447,27/03/2025 15:22:00,Ban le,NV17,Đã giao
DH002807,KH0444,2026-01-03 15:03:00,Bán lẻ,NV11,Đã giao
DH003263,KH9002,06/05/2026 14:00:00,TMĐT - Tiki,NV18,Đã giao
DH010204,KH0140,29/12/2025 17:25:00,Ban le,NV09,Đã giao
DH005819,KH0208,09/01/2026 01:59:00,Bán lẻ,NV29,Mới
DH001386,KH0308,21/03/2026 14:48:00,Bán lẻ,NV21,Đã giao
DH010300,KH0092,16/05/2025 20:57:00,Shopee,NV16,Đã giao
DH005217,KH0262,14/03/2025 09:10:00,Showroom,NV05,Đã giao
DH005486,KH0012,18/06/2025 22:35:00,TMĐT - Tiki,NV16,Đã giao
DH011681,KH0306,28/12/2024 15:25:00,TMĐT - Lazada,NV19,Đã giao
DH005012,KH0242,10/01/2026 19:21:00,TMĐT - Tiki,NV22,Đã giao
DH010409,KH0063,27/01/2026 18:34:00,TMĐT - Tiki,NV15,Đã giao
DH008421,KH0217,13/11/2025 14:44:00,Sàn Shopee,NV04,Trả hàng
DH011560,KH0137,19/08/2024 19:16:00,TMĐT - Tiki,NV21,Mới
DH007876,KH0248,22/01/2026 22:37:00,Shopee,NV26,Đã giao
DH004942,KH0309,23/04/2025 12:05:00,Bán lẻ trực tiếp,NV13,Đã giao
DH010406,KH0249,26/12/2025 06:43:00,Showroom,NV27,Đang xử lý
DH008072,KH0204,05/10/2025 14:50:00,TMĐT - Tiki,NV12,Đã giao
DH004090,,04/08/2025 11:23:00,Đại lý,NV21,Đã giao
DH006559,KH0442,07/12/2024 03:35:00,Shopee,NV19,Đã hủy
DH004509,KH0253,01/07/2026 10:42:00,Đại lý,NV23,Đã giao
DH010175,KH0060,21/05/2026 09:17:00,Sàn Lazada,NV21,Đã giao
DH008888,KH9010,06/03/2025 13:54:00,Đại lý,NV25,Đã giao
DH004887,KH0053,02/04/2025 03:19:00,Showroom,NV18,Đã giao
DH009860,KH0012,08/01/2026 00:54:00,Shopee,NV19,Đã giao
DH010829,KH0136,31/03/2026 16:10:00,Bán lẻ,NV26,Đang xử lý
DH009174,KH0328,25/02/2025 15:10:00,Lazada,NV15,Đã giao
DH009253,KH0273,17/07/2025 22:39:00,Ban le,NV29,Đã giao
DH004160,KH0246,20/09/2025 08:34:00,Sàn Lazada,NV09,Đã giao
DH005651,KH0277,20/01/2025 18:51:00,TMĐT - Lazada,NV23,Đã giao
DH007770,KH0200,08/09/2024 23:37:00,Đại lý,NV15,Đã giao
DH008906,KH0157,04/10/2025 09:17:00,Shopee,NV08,Đã giao
DH007711,KH0248,11/09/2025 12:24:00,Bán lẻ,NV11,Đã giao
DH006148,KH0438,01/11/2024 10:34:00,Lazada,NV20,Đã giao
DH002705,KH0391,05/09/2024 06:55:00,Lazada,NV23,Mới
DH002278,KH0247,22/06/2025 23:20:00,Đại lý,NV17,Đang xử lý
DH011226,KH0141,01/05/2025 21:11:00,Bán lẻ,NV30,Đang xử lý
DH007388,KH0117,24/11/2024 12:58:00,Sàn Lazada,NV29,Đã giao
DH009982,KH0391,19/07/2025 00:59:00,Showroom,NV14,Đã giao
DH002192,KH0140,20/09/2025 01:38:00,Showroom,NV13,Đã giao
DH002104,KH0227,04/08/2025 16:19:00,Lazada,NV15,Đã giao
DH009922,KH0281,30/07/2026 01:29:00,Ban le,NV27,Đã giao
DH011912,KH0424,20/09/2024 05:13:00,Ban le,NV20,Đã giao
DH007783,,15/11/2025 23:26:00,TMĐT - Tiki,NV19,Đã giao
DH006216,KH0438,06/12/2025 20:15:00,TMĐT - Tiki,NV22,Đã giao
DH010930,KH0306,01/04/2025 17:58:00,TMĐT - Tiki,NV21,Đã hủy
DH9900147,KH0314,16/08/2025 02:50:00,TMĐT - Tiki,NV08,Đã giao
DH000592,KH0384,15/03/2025 14:26:00,Bán lẻ trực tiếp,NV26,Đã giao
DH010955,KH0054,25/04/2025 19:53:00,Sàn Lazada,NV13,Đã giao
DH009214,KH0442,22/11/2025 12:48:00,Showroom,NV08,Đang xử lý
DH005708,KH0391,07/10/2025 06:12:00,Bán lẻ,NV20,Đã giao
DH010453,KH0183,05/12/2024 17:29:00,Showroom,NV09,Đã giao
DH006136,KH0385,23/03/2026 01:25:00,Đại lý,NV25,Đã giao
DH006499,KH0135,18/09/2024 15:17:00,TMĐT - Tiki,NV04,Đã giao
DH007759,KH0151,04/09/2024 21:57:00,Bán lẻ,NV25,Đã giao
DH011829,KH0367,03/11/2025 01:47:00,Lazada,NV10,Đã giao
DH001817,KH0241,13/09/2024 21:59:00,Shopee,NV26,Đã hủy
DH003519,KH0322,2025-11-04 07:35:00,Đại lý,NV22,Đã giao
DH009187,KH0039,06/11/2024 06:33:00,Đại lý,NV29,Đã giao
DH007934,KH0070,28/12/2025 19:28:00,Shopee,NV04,Đã giao
DH004571,KH0447,19/10/2024 21:11:00,TMĐT - Tiki,NV16,Đã giao
DH9900126,KH0141,02/12/2025 17:15:00,Đại lý,NV10,Đã giao
DH001727,KH0070,07/06/2026 16:45:00,Showroom,NV10,Đã giao
DH004789,KH0447,15/09/2024 04:28:00,Đại lý,NV20,Đã giao
DH009374,KH0262,01/06/2025 05:35:00,Showroom,NV19,Đã giao
DH001994,KH0314,16/08/2025 02:50:00,TMĐT - Tiki,NV08,Đã giao
DH003693,KH0367,26/04/2026 00:10:00,TMĐT - Tiki,NV27,Đã hủy
DH000668,KH0314,05/02/2025 15:22:00,Showroom,NV20,Đã giao
DH007927,KH0249,02/05/2025 09:10:00,Bán lẻ trực tiếp,NV15,Trả hàng
DH005976,KH0199,15/07/2025 08:37:00,TMĐT - Tiki,NV13,Đã giao
DH005285,KH0025,12/05/2026 10:12:00,Showroom,NV05,Đã giao
DH008511,KH0213,02/11/2024 16:10:00,Sàn Lazada,NV03,Đã giao
DH009312,KH0272,21/05/2025 12:41:00,Sàn Shopee,NV26,Đã giao
DH011906,KH0162,23/05/2026 21:50:00,Shopee,NV17,Đã giao
DH010324,KH0241,18/10/2024 18:44:00,Showroom,NV25,Đã giao
DH010492,KH0155,12/03/2025 03:37:00,Showroom,NV15,Đã giao
DH002418,KH0008,24/11/2024 15:52:00,TMĐT - Tiki,NV30,Đang xử lý
DH001467,KH0040,23/02/2025 04:41:00,Sàn Shopee,NV13,Đã giao
DH005083,KH0052,01/09/2025 13:04:00,TMĐT - Tiki,NV13,Đã hủy
DH010523,KH0103,24/01/2025 03:07:00,TMĐT - Tiki,NV02,Đã giao
DH011889,KH0409,10/03/2026 03:13:00,Đại lý,NV18,Đang xử lý
DH001617,KH0446,05/09/2024 04:50:00,Sàn Lazada,NV11,Đã giao
DH002430,KH0218,18/08/2024 15:34:00,Bán lẻ,NV05,Đã giao
DH003351,KH0199,20/07/2025 06:45:00,Showroom,NV10,Đã giao
DH008507,KH0116,05/09/2024 06:50:00,Đại lý,NV19,Đã giao
DH010374,KH0331,19/03/2026 20:10:00,TMĐT - Tiki,NV02,Đã giao
DH001937,KH0026,13/01/2026 03:17:00,Shopee,NV13,Đã giao
DH000267,KH0009,17/09/2025 03:13:00,Ban le,NV25,Đã giao
DH000168,KH0179,19/05/2025 19:19:00,Showroom,NV14,Đã giao
DH004361,,23/08/2025 11:37:00,Sàn Lazada,NV25,Đã giao
DH000877,KH0390,03/10/2025 21:48:00,TMĐT - Tiki,NV10,Đã giao
DH008106,KH0056,16/07/2026 04:20:00,Đại lý,NV15,Đã giao
DH011160,KH9006,19/07/2026 14:23:00,Sàn Shopee,NV15,Mới
DH000339,KH0122,19/11/2024 00:39:00,Lazada,NV05,Đã giao
DH004396,KH0013,05/09/2025 19:23:00,Showroom,NV14,Đã giao
DH011072,KH0220,15/01/2025 19:32:00,Đại lý,NV05,Đã giao
DH010129,KH0367,20/02/2026 03:27:00,Showroom,NV15,Đã hủy
DH007688,KH9003,03/19/2026 04:54:00,TMĐT - Tiki,NV16,Đang xử lý
DH007255,KH9000,23/09/2024 05:06:00,Bán lẻ,NV21,Đang xử lý
DH008675,KH0034,25/02/2025 06:34:00,Ban le,NV06,Đã giao
DH007517,KH0119,16/12/2024 21:50:00,Shopee,NV21,Đã giao
DH004623,KH0017,06/01/2025 11:54:00,TMĐT - Tiki,NV15,Đã giao
DH007866,KH0155,03/11/2025 12:22:00,Showroom,NV25,Đã giao
DH007014,KH0241,2026-06-23 02:42:00,Đại lý,NV22,Đã giao
DH005844,KH0385,09/05/2026 02:29:00,Showroom,NV11,Đang xử lý
DH003725,KH0442,13/05/2025 07:11:00,Ban le,NV28,Đang xử lý
DH008364,KH0391,24/08/2024 01:12:00,Lazada,NV08,Đã giao
DH004245,KH0071,19/09/2024 15:14:00,TMĐT - Tiki,NV30,Đã giao
DH000218,KH0119,21/02/2025 14:57:00,Shopee,NV17,Mới
DH011010,KH0112,22/09/2024 13:27:00,Đại lý,NV19,Đã giao
DH009220,KH0141,20/12/2024 18:02:00,Sàn Lazada,NV29,Đã giao
DH002859,KH0446,16/08/2025 23:19:00,Showroom,NV30,Đã giao
DH002454,,20/10/2025 05:01:00,Đại lý,NV25,Đã giao
DH008593,KH0315,23/06/2026 10:06:00,Bán lẻ,NV20,Đã giao
DH011446,KH0037,25/12/2024 03:43:00,Sàn Shopee,NV15,Đã giao
DH010286,KH0400,24/07/2025 19:16:00,Sàn Shopee,NV14,Đã giao
DH006949,KH0446,21/02/2026 02:37:00,Ban le,NV22,Đã giao
DH005372,KH0056,30/04/2026 22:22:00,Sàn Lazada,NV05,Đang xử lý
DH008763,KH0325,13/07/2025 19:42:00,TMĐT - Tiki,NV05,Đã hủy
DH009247,KH0056,14/12/2025 10:13:00,Showroom,NV17,Đã giao
DH007450,KH0249,23/04/2025 16:26:00,Showroom,NV09,Đã giao
DH005499,KH9011,07/12/2024 17:16:00,Sàn Shopee,NV10,Đã giao
DH008930,KH0194,09/01/2026 08:24:00,TMĐT - Tiki,NV30,Đã hủy
DH000048,KH0446,02/01/2026 07:59:00,TMĐT - Tiki,NV04,Đã giao
DH006055,KH0268,08/28/2024 23:20:00,Showroom,NV13,Đã giao
DH9900130,KH0343,01/12/2024 18:19:00,Lazada,NV20,Đã giao
DH001408,KH0227,23/10/2024 18:28:00,Ban le,NV16,Mới
DH011381,KH0140,26/11/2024 07:11:00,Lazada,NV21,Đã giao
DH010198,KH0364,30/09/2025 17:20:00,TMĐT - Tiki,NV30,Đã giao
DH011956,KH0119,11/09/2024 04:03:00,TMĐT - Tiki,NV09,Đang xử lý
DH006629,KH0179,20/03/2025 16:56:00,Đại lý,NV29,Đã giao
DH002609,KH0155,07/04/2025 21:36:00,Showroom,NV18,Đã hủy
DH003543,KH0257,09/07/2025 16:58:00,Bán lẻ,NV16,Đang xử lý
DH002772,KH0249,11/11/2024 15:39:00,Đại lý,NV11,Đã giao
DH011117,KH0404,23/11/2025 09:07:00,Shopee,NV13,Đã giao
DH006248,,17/02/2026 18:04:00,TMĐT - Lazada,NV25,Đã giao
DH007853,KH0070,25/11/2024 10:12:00,TMĐT - Tiki,NV04,Đã giao
DH001782,KH0446,27/11/2024 20:51:00,Sàn Shopee,NV08,Đã giao
DH008757,KH0140,06/02/2025 20:16:00,Đại lý,NV04,Đã giao
DH000303,KH0352,05/02/2026 16:06:00,Showroom,NV21,Đã giao
DH002248,KH0396,24/04/2025 00:27:00,Bán lẻ,NV16,Đang xử lý
DH000148,KH0194,25/07/2026 22:03:00,Đại lý,NV22,Đã giao
DH011699,KH0140,28/08/2024 13:37:00,TMĐT - Tiki,NV16,Đang xử lý
DH011119,KH9011,29/11/2024 12:21:00,Showroom,NV17,Đã giao
DH011062,KH0105,25/03/2025 14:57:00,TMĐT - Tiki,NV19,Đã giao
DH005883,KH0262,21/08/2025 21:12:00,Đại lý,NV07,Đã giao
DH007119,KH0012,11/05/2026 10:03:00,Showroom,NV10,Trả hàng
DH001007,KH0042,27/04/2025 23:42:00,TMĐT - Tiki,NV02,Đã giao
DH009391,KH0128,27/06/2025 16:34:00,Shopee,NV19,Đã giao
DH002962,KH0070,21/07/2025 03:21:00,Sàn Shopee,NV13,Đang xử lý
DH000559,KH0447,21/10/2024 21:13:00,Showroom,NV03,Đã giao
DH007514,KH0447,29/07/2026 17:43:00,TMĐT - Tiki,NV13,Đã giao
DH002021,KH0249,08/03/2026 15:43:00,Đại lý,NV28,Đã giao
DH011206,KH0442,24/09/2025 01:38:00,Đại lý,NV29,Đã giao
DH009717,KH0063,2025-11-18 08:15:00,Sàn Shopee,NV28,Đã giao
DH007842,KH0306,27/11/2025 06:12:00,Sàn Shopee,NV06,Mới
DH005601,,02/11/2024 23:04:00,Đại lý,NV24,Đã giao
DH008280,,02/02/2025 22:33:00,Bán lẻ,NV30,Mới
DH010270,KH0010,05/05/2025 08:02:00,Showroom,NV16,Đã giao
DH009393,KH0262,28/12/2024 22:36:00,Lazada,NV10,Đã giao
DH002524,KH0155,07/01/2025 19:38:00,Showroom,NV22,Đã giao
DH011322,KH0070,04/05/2025 10:01:00,Sàn Shopee,NV14,Đã hủy
DH010975,KH0135,05/07/2026 02:37:00,Sàn Shopee,NV06,Đã giao
DH003954,KH0317,28/05/2026 14:21:00,TMĐT - Tiki,NV12,Đã giao
DH009360,KH0311,26/07/2026 19:24:00,TMĐT - Tiki,NV27,Đã giao
DH000080,KH0280,01/04/2025 10:56:00,Showroom,NV21,Trả hàng
DH000203,KH0298,02/04/2025 10:22:00,Đại lý,NV07,Đang xử lý
DH006270,KH0151,26/06/2025 02:02:00,Showroom,NV12,Đã giao
DH004474,KH0367,20/11/2025 00:40:00,Showroom,NV25,Đã giao
DH004799,KH0396,16/07/2026 11:09:00,Showroom,NV12,Đã giao
DH008857,KH0412,21/10/2025 12:43:00,Shopee,NV24,Đã giao
DH003868,KH0276,20/04/2025 01:48:00,TMĐT - Tiki,NV13,Đã giao
DH002297,KH0346,15/06/2025 03:04:00,TMĐT - Lazada,NV23,Đã hủy
DH005183,KH0396,27/10/2025 14:38:00,Ban le,NV24,Đang xử lý
DH005256,KH0337,30/01/2026 13:10:00,TMĐT - Tiki,NV08,Đã giao
DH007613,KH0406,26/11/2025 12:17:00,Sàn Shopee,NV01,Đã hủy
DH001208,KH0247,27/03/2025 20:54:00,Lazada,NV22,Đã giao
DH011779,KH0323,09/10/2024 11:29:00,Showroom,NV06,Đã giao
DH007333,KH0051,14/03/2025 15:00:00,TMĐT - Tiki,NV27,Đã giao
DH010450,KH0220,30/11/2025 16:35:00,Shopee,NV18,Đang xử lý
DH007609,KH0193,04/03/2026 04:02:00,Sàn Shopee,NV13,Đang xử lý
DH003268,KH0070,02/12/2024 13:01:00,Lazada,NV27,Đang xử lý
DH005795,KH0391,01/04/2025 01:38:00,Sàn Shopee,NV01,Đã giao
DH006416,KH0009,23/11/2025 23:46:00,Sàn Lazada,NV08,Đã giao
DH001970,KH0325,2025-11-20 02:22:00,Đại lý,NV27,Đã giao
DH007748,KH0262,25/06/2026 05:12:00,Shopee,NV17,Đã giao
DH004257,KH0229,29/11/2024 19:26:00,Lazada,NV15,Đã giao
DH001706,KH0140,19/03/2026 14:40:00,Ban le,NV30,Đã giao
DH006476,KH0338,05/12/2024 00:53:00,Showroom,NV20,Mới
DH005687,,04/11/2024 02:51:00,Showroom,NV25,Đã giao
DH006783,KH0135,06/18/2025 19:27:00,Shopee,NV19,Đã giao
DH010224,KH0178,16/02/2025 20:27:00,Showroom,NV11,Đã giao
DH002520,KH0379,10/09/2025 11:39:00,Ban le,NV01,Đã giao
DH001472,KH0253,23/12/2025 22:31:00,TMĐT - Shopee,NV14,Đã giao
DH000834,KH0160,14/09/2024 06:32:00,TMĐT - Tiki,NV04,Đã giao
DH005072,KH0262,13/08/2024 00:12:00,Đại lý,NV30,Đã giao
DH002848,KH0188,04/04/2025 08:14:00,Shopee,NV18,Đã giao
DH000743,KH0135,18/08/2024 14:45:00,Đại lý,NV01,Đã giao
DH009684,KH0391,04/05/2026 10:27:00,Sàn Shopee,NV11,Mới
DH006997,KH0297,28/07/2025 02:36:00,Đại lý,NV10,Đã giao
DH012000,KH0051,17/04/2026 20:01:00,Sàn Lazada,NV17,Đang xử lý
DH000100,KH0391,24/04/2025 21:12:00,Shopee,NV09,Trả hàng
DH000269,KH0054,11/11/2024 08:09:00,TMĐT - Tiki,NV30,Đã giao
DH008805,KH0428,01/09/2025 10:01:00,Sàn Shopee,NV05,Mới
DH010510,KH0012,13/07/2025 16:41:00,Shopee,NV10,Đã giao
DH007565,KH0051,03/01/2025 02:36:00,Đại lý,NV17,Đã giao
DH004103,KH0117,26/11/2025 06:55:00,Sàn Lazada,NV25,Đã giao
DH011940,KH0412,01/06/2026 14:28:00,Lazada,NV08,Đã hủy
DH005037,KH0413,30/01/2026 07:58:00,Đại lý,NV24,Đã giao
DH010251,KH0337,01/03/2026 12:02:00,Sàn Shopee,NV11,Đã giao
DH010428,KH0391,20/12/2025 19:02:00,TMĐT - Tiki,NV14,Đã giao
DH001860,KH0448,20/06/2025 07:19:00,Sàn Lazada,NV09,Đã giao
DH002128,KH9011,03/12/2024 20:46:00,Bán lẻ,NV24,Đang xử lý
DH002944,KH0384,05/04/2025 16:28:00,TMĐT - Tiki,NV13,Đã giao
DH006725,KH0140,11/07/2026 20:02:00,TMĐT - Tiki,NV29,Đã giao
DH011319,KH0368,28/03/2025 05:42:00,Sàn Lazada,NV17,Đã giao
DH005993,KH0164,25/05/2025 16:56:00,Shopee,NV08,Đã hủy
DH006047,KH0047,07/08/2025 02:05:00,Đại lý,NV11,Đã giao
DH009040,KH0261,02/04/2026 06:10:00,TMĐT - Tiki,NV22,Đã hủy
DH011761,KH0447,29/10/2025 06:24:00,Showroom,NV27,Trả hàng
DH011659,KH0422,13/11/2025 13:57:00,Bán lẻ,NV19,Đã giao
DH007985,KH0183,20/12/2025 23:54:00,Sàn Lazada,NV06,Mới
DH006192,KH0420,23/10/2025 04:53:00,Lazada,NV16,Đã giao
DH005132,KH0051,26/06/2026 08:59:00,TMĐT - Tiki,NV13,Đã giao
DH010169,KH0305,15/11/2025 13:35:00,TMĐT - Shopee,NV07,Đã giao
DH9900100,KH0064,29/09/2025 10:03:00,Showroom,NV29,Đã hủy
DH002344,KH0170,31/07/2025 08:11:00,Lazada,NV13,Đã giao
DH005757,,03/10/2025 08:16:00,TMĐT - Shopee,NV04,Trả hàng
DH001006,KH0148,21/09/2025 19:02:00,Shopee,NV10,Đã giao
DH007535,KH0306,02/04/2026 12:11:00,Showroom,NV16,Đã giao
DH011575,KH0049,15/05/2025 04:40:00,Sàn Shopee,NV01,Đã giao
DH011897,KH0343,03/04/2025 11:13:00,TMĐT - Tiki,NV19,Mới
DH006745,KH0242,13/08/2025 08:34:00,TMĐT - Shopee,NV17,Đã giao
DH011815,KH0356,13/04/2026 11:46:00,Sàn Shopee,NV15,Đã giao
DH001834,KH0442,08/07/2025 20:02:00,Đại lý,NV25,Đã giao
DH001731,KH0159,13/09/2024 19:51:00,Đại lý,NV30,Đã giao
DH000947,KH0447,2024-10-22 17:11:00,Showroom,NV30,Đang xử lý
DH002787,KH0243,26/04/2026 01:07:00,Sàn Lazada,NV14,Đã giao
DH006524,KH0078,04/01/2025 04:53:00,Đại lý,NV16,Đã giao
DH007581,KH0428,10/03/2026 02:12:00,TMĐT - Tiki,NV16,Mới
DH009408,KH0221,02/06/2025 08:11:00,Bán lẻ trực tiếp,NV08,Đã giao
DH003571,KH0314,13/08/2025 13:53:00,Lazada,NV24,Đã giao
DH007166,KH0227,30/11/2024 11:45:00,Ban le,NV21,Đã giao
DH001976,KH0177,17/03/2025 18:50:00,Lazada,NV21,Đã giao
DH011451,KH0166,13/02/2025 17:47:00,TMĐT - Tiki,NV05,Đã giao
DH006807,KH0306,06/11/2024 04:18:00,Showroom,NV07,Đã giao
DH008518,KH0001,24/08/2024 15:43:00,Bán lẻ,NV13,Đã giao
DH001328,KH0035,2025-07-25 09:46:00,TMĐT - Tiki,NV27,Đã giao
DH011708,KH0332,14/12/2024 23:20:00,TMĐT - Tiki,NV12,Đã giao
DH004768,KH0393,05/10/2025 11:54:00,Sàn Lazada,NV14,Đang xử lý
DH000417,KH0274,27/03/2025 03:03:00,Shopee,NV30,Đã giao
DH007561,KH0097,19/01/2026 02:51:00,Lazada,NV14,Đã giao
DH008796,KH0442,03/05/2026 12:30:00,Sàn Shopee,NV25,Đã giao
DH007244,KH0028,01/04/2025 22:09:00,Sàn Lazada,NV28,Mới
DH003645,KH0446,10/12/2024 19:44:00,Đại lý,NV01,Đã giao
DH010569,KH0229,20/06/2025 07:01:00,Shopee,NV02,Đang xử lý
DH008819,KH0051,25/01/2026 18:31:00,TMĐT - Tiki,NV17,Đã giao
DH006605,KH0213,08/05/2025 07:53:00,Lazada,NV28,Đã giao
DH010773,KH0113,19/07/2026 04:36:00,Showroom,NV23,Đã giao
DH007062,KH0070,04/07/2025 18:23:00,Showroom,NV22,Đã giao
DH008835,KH0184,04/03/2026 11:24:00,Đại lý,NV19,Đã hủy
DH004941,KH9010,27/09/2024 06:52:00,Đại lý,NV18,Đã giao
DH010536,KH0424,15/12/2025 19:51:00,TMĐT - Tiki,NV18,Đang xử lý
DH008391,KH0429,02/06/2025 22:44:00,Showroom,NV11,Đã giao
DH004520,KH0140,11/12/2024 11:02:00,Lazada,NV04,Đang xử lý
DH004572,KH0204,09/08/2025 23:43:00,Bán lẻ,NV06,Đã giao
DH009236,KH0192,21/11/2025 14:42:00,Đại lý,NV01,Đã giao
DH001710,KH0385,27/08/2024 22:38:00,Đại lý,NV16,Đang xử lý
DH002310,KH0446,01/01/2026 05:38:00,Showroom,NV24,Đã giao
DH005342,KH0391,2026-07-05 03:44:00,TMĐT - Tiki,NV27,Đã giao
DH005405,KH0151,11/09/2024 18:15:00,Đại lý,NV24,Đã giao
DH006575,KH0140,04/07/2026 01:28:00,Shopee,NV02,Đã giao
DH003652,KH0442,06/05/2026 14:00:00,Showroom,NV13,Trả hàng
DH002752,KH0280,22/12/2025 13:20:00,Đại lý,NV18,Đã giao
DH010413,KH0186,20/06/2026 06:02:00,TMĐT - Tiki,NV14,Đã giao
DH006715,KH0315,14/04/2026 00:21:00,Bán lẻ,NV12,Đã giao
DH003388,KH0018,2026-07-18 00:46:00,Sàn Shopee,NV20,Đã giao
DH001170,KH0113,29/01/2026 09:53:00,Showroom,NV07,Đã giao
DH010377,KH0018,30/07/2025 06:38:00,Ban le,NV24,Đã giao
DH006774,KH0299,16/12/2024 00:03:00,Sàn Lazada,NV06,Đã giao
DH008452,KH0231,27/01/2025 00:29:00,TMĐT - Tiki,NV04,Đã hủy
DH001608,KH0246,04/07/2025 00:53:00,Shopee,NV27,Đã hủy
DH007466,KH0035,30/09/2024 04:30:00,TMĐT - Tiki,NV10,Đang xử lý
DH008520,KH0391,01/06/2026 11:57:00,Bán lẻ,NV19,Đã giao
DH007093,KH0192,05/07/2026 09:51:00,Showroom,NV07,Đã giao
DH004008,KH0445,11/03/2025 18:34:00,Đại lý,NV02,Mới
DH001827,KH0262,08/01/2026 00:39:00,TMĐT - Lazada,NV21,Đã giao
DH011828,KH0255,19/07/2026 23:05:00,Showroom,NV23,Đã giao
DH002881,KH0389,12/07/2025 14:00:00,Showroom,NV24,Đã giao
DH011318,KH0077,02/10/2025 21:41:00,TMĐT - Tiki,NV22,Trả hàng
DH005358,KH0060,28/01/2026 07:18:00,Shopee,NV14,Đã giao
DH006069,KH9000,25/05/2026 13:42:00,TMĐT - Tiki,NV02,Đã giao
DH001517,KH0406,09/06/2025 13:34:00,Bán lẻ,NV14,Đã giao
DH001685,KH0342,31/10/2024 22:26:00,TMĐT - Shopee,NV17,Đã hủy
DH011272,KH0060,29/07/2026 03:11:00,TMĐT - Tiki,NV09,Đang xử lý
DH011971,KH0198,03/09/2024 20:51:00,Shopee,NV24,Đã giao
DH001509,KH0322,14/09/2024 20:43:00,TMĐT - Tiki,NV29,Đã giao
DH009903,KH0141,21/09/2025 13:03:00,Lazada,NV19,Đã giao
DH001365,KH0274,06/09/2025 17:23:00,TMĐT - Tiki,NV19,Đã giao
DH005233,KH0061,28/05/2026 05:49:00,Sàn Lazada,NV29,Đã giao
DH003781,KH0204,15/03/2026 00:09:00,Bán lẻ trực tiếp,NV25,Đã giao
DH003272,KH0413,14/01/2025 11:08:00,Bán lẻ,NV27,Đã giao
DH002223,KH0367,14/10/2024 05:34:00,Shopee,NV12,Đã giao
DH003789,KH0201,04/01/2025 03:25:00,Bán lẻ,NV12,Đã giao
DH001422,KH0446,06/05/2025 00:45:00,Bán lẻ,NV06,Đã giao
DH006205,KH0398,20/05/2026 10:43:00,TMĐT - Tiki,NV12,Đã giao
DH005131,KH0141,01/07/2026 02:12:00,Showroom,NV11,Đã giao
DH009815,KH0029,05/11/2025 13:49:00,Sàn Shopee,NV17,Đã giao
DH000645,KH0227,31/08/2025 22:13:00,Đại lý,NV10,Đã giao
DH008996,KH0359,29/03/2026 05:18:00,Lazada,NV15,Đã giao
DH000506,KH0253,11/01/2026 23:02:00,Ban le,NV30,Đã giao
DH001123,KH0248,14/11/2025 02:15:00,Bán lẻ,NV18,Đã giao
DH009493,KH9012,12/07/2025 01:14:00,Showroom,NV22,Đã giao
DH005900,KH0204,18/08/2025 04:53:00,Bán lẻ,NV21,Đã giao
DH007384,KH0322,22/06/2025 16:31:00,TMĐT - Tiki,NV14,Đã giao
DH005424,KH9003,28/04/2025 05:16:00,Showroom,NV22,Đã giao
DH001335,KH0137,24/02/2026 00:29:00,Đại lý,NV06,Đã giao
DH001850,KH0341,21/06/2025 00:04:00,Lazada,NV19,Đã giao
DH007707,KH0075,19/10/2025 19:13:00,TMĐT - Tiki,NV04,Đã giao
DH008742,KH0309,27/03/2025 04:08:00,Showroom,NV10,Đã giao
DH007922,KH0002,20/04/2026 04:45:00,Bán lẻ,NV01,Đang xử lý
DH005886,KH0332,08/07/2026 01:56:00,Sàn Shopee,NV01,Đã giao
DH006512,KH0199,10/01/2025 01:15:00,Showroom,NV03,Đã giao
DH008485,KH0074,29/12/2024 12:48:00,TMĐT - Tiki,NV14,Đã hủy
DH007868,KH0412,26/03/2025 19:08:00,Sàn Shopee,NV12,Mới
DH000644,KH0391,25/11/2025 18:55:00,Ban le,NV03,Đã hủy
DH011252,KH0116,21/08/2024 13:02:00,Ban le,NV05,Đã giao
DH004530,KH0140,19/02/2026 20:24:00,Shopee,NV04,Đã giao
DH000211,KH0116,13/01/2026 23:36:00,TMĐT - Tiki,NV21,Đã giao
DH011348,KH0391,12/01/2026 06:03:00,Đại lý,NV27,Đã giao
DH004899,KH0391,23/01/2026 04:13:00,Đại lý,NV01,Đang xử lý
DH002493,KH0143,18/06/2025 06:40:00,Ban le,NV04,Đã giao
DH001382,KH0241,05/15/2025 10:50:00,Đại lý,NV29,Đã giao
DH011824,KH0065,14/11/2024 01:40:00,Bán lẻ,NV25,Đã giao
DH006166,KH0070,22/05/2026 17:27:00,Sàn Lazada,NV23,Đã giao
DH011364,KH0257,07/06/2025 08:26:00,Lazada,NV05,Đã hủy
DH000180,KH0267,18/08/2025 02:18:00,Sàn Lazada,NV15,Đã giao
DH004816,KH0447,13/02/2025 17:03:00,Đại lý,NV28,Đang xử lý
DH000933,KH0114,10/07/2025 18:25:00,Lazada,NV18,Đã giao
DH001658,KH0002,27/04/2025 16:32:00,Showroom,NV02,Đã giao
DH003653,KH0311,22/06/2026 04:12:00,Bán lẻ,NV12,Đã giao
DH007793,KH0135,2025-04-09 01:24:00,Showroom,NV02,Đang xử lý
DH003322,KH0105,30/05/2025 03:28:00,Ban le,NV14,Đã giao
DH001848,KH0239,28/07/2025 12:33:00,Sàn Lazada,NV19,Trả hàng
DH009794,KH0421,13/03/2025 06:51:00,Đại lý,NV22,Đã giao
DH006782,KH0219,29/11/2025 23:55:00,TMĐT - Tiki,NV29,Đã hủy
DH011202,KH0193,28/04/2026 17:02:00,Bán lẻ trực tiếp,NV17,Đã giao
DH009813,KH0367,28/02/2026 09:38:00,Sàn Shopee,NV16,Đã giao
DH005521,KH0325,19/04/2025 11:01:00,Shopee,NV26,Đã giao
DH006456,KH0241,02/10/2025 14:08:00,Sàn Shopee,NV18,Đã giao
DH006273,KH0312,17/05/2025 03:44:00,Bán lẻ,NV20,Đã giao
DH003258,KH0306,10/04/2026 10:20:00,Đại lý,NV12,Đã giao
DH009520,KH0068,31/12/2025 21:10:00,Bán lẻ trực tiếp,NV15,Đã giao
DH010763,KH0447,25/01/2026 12:39:00,Lazada,NV26,Đã giao
DH011001,KH0157,13/07/2025 15:36:00,Sàn Shopee,NV10,Đã giao
DH009807,KH0141,09/12/2024 19:50:00,Lazada,NV12,Đã giao
DH011752,KH0218,18/02/2026 18:24:00,Đại lý,NV06,Đã giao
DH004900,KH0447,01/03/2026 12:43:00,Lazada,NV15,Đang xử lý
DH008332,KH0249,01/07/2025 04:31:00,TMĐT - Tiki,NV05,Đã giao
DH011040,KH0271,17/12/2024 19:37:00,Lazada,NV25,Đã giao
DH000665,KH0447,05/07/2025 16:40:00,TMĐT - Tiki,NV27,Đã giao
DH004430,,13/08/2024 13:24:00,Showroom,NV17,Đã giao
DH005060,KH0432,21/10/2025 20:34:00,Showroom,NV20,Đã giao
DH003500,KH0051,21/11/2025 21:12:00,Shopee,NV01,Đang xử lý
DH006611,KH0262,04/05/2025 19:28:00,Bán lẻ,NV05,Đã giao
DH007615,KH0265,2024-12-15 09:30:00,Sàn Shopee,NV08,Mới
DH006144,KH0384,08/09/2024 20:22:00,Đại lý,NV20,Đã giao
DH005752,KH0229,30/10/2024 01:32:00,TMĐT - Tiki,NV21,Đã giao
DH005085,KH0421,29/10/2024 04:49:00,TMĐT - Tiki,NV04,Đã giao
DH010500,KH0044,24/11/2025 02:29:00,Lazada,NV01,Đã hủy
DH011124,KH0083,13/12/2025 11:51:00,Bán lẻ,NV16,Đã giao
DH009333,KH0077,31/07/2025 13:35:00,Lazada,NV01,Đã giao
DH007408,KH0262,31/05/2025 09:32:00,Sàn Shopee,NV05,Đã giao
DH010518,KH0306,22/08/2024 08:51:00,Showroom,NV14,Đã giao
DH007132,KH0056,01/09/2024 21:38:00,Shopee,NV27,Đã giao
DH011061,KH0328,12/05/2026 18:19:00,Shopee,NV18,Đã giao
DH004006,KH0412,19/06/2025 06:35:00,Showroom,NV06,Đã giao
DH000755,KH0447,10/04/2026 13:11:00,TMĐT - Tiki,NV20,Đã hủy
DH000376,KH0276,05/11/2025 23:46:00,Lazada,NV22,Đã giao
DH001750,KH0191,03/12/2024 22:46:00,Ban le,NV11,Đã giao
DH003755,KH0155,10/08/2025 08:00:00,TMĐT - Tiki,NV16,Đã giao
DH002672,KH0262,21/05/2025 20:49:00,Sàn Lazada,NV19,Đã giao
DH008833,KH0262,01/03/2026 14:13:00,Đại lý,NV10,Đã giao
DH010795,KH0310,10/12/2024 11:31:00,TMĐT - Tiki,NV20,Đã giao
DH006088,KH0262,07/01/2025 05:43:00,Đại lý,NV24,Trả hàng
DH011887,KH0314,23/12/2024 13:26:00,Sàn Shopee,NV19,Đã hủy
DH011960,KH0356,2024-08-14 03:58:00,Sàn Shopee,NV15,Đã giao
DH009571,KH0257,03/31/2026 19:35:00,TMĐT - Tiki,NV12,Đã giao
DH006752,KH0317,19/09/2025 09:44:00,Bán lẻ,NV11,Đã giao
DH002591,KH0099,03/11/2025 23:42:00,Sàn Shopee,NV05,Đã giao
DH007365,KH0384,24/09/2024 15:38:00,Sàn Shopee,NV11,Đã giao
DH008831,KH0248,05/02/2025 01:22:00,Bán lẻ,NV24,Đã giao
DH001204,KH0392,01/04/2026 22:12:00,Lazada,NV18,Đã giao
DH003521,KH0364,13/09/2025 22:30:00,TMĐT - Tiki,NV25,Đang xử lý
DH004700,KH0075,25/12/2024 11:44:00,Đại lý,NV25,Đã giao
DH002915,KH0198,15/10/2024 01:13:00,Bán lẻ,NV16,Đã giao
DH009862,KH0365,07/10/2025 12:51:00,Showroom,NV12,Đã giao
DH010729,KH0155,07/07/2025 00:02:00,Shopee,NV07,Đã giao
DH005837,KH0367,24/09/2025 09:26:00,Showroom,NV04,Đang xử lý
DH001141,KH0306,03/02/2026 17:38:00,Đại lý,NV24,Đã giao
DH000699,KH0081,01/02/2026 12:59:00,Showroom,NV15,Đã giao
DH005323,KH0227,24/08/2024 11:54:00,Đại lý,NV01,Đã giao
DH010530,KH0442,28/10/2024 04:33:00,Đại lý,NV20,Đã giao
DH003340,KH0034,04/01/2025 07:08:00,Đại lý,NV06,Đã giao
DH008645,KH0261,03/10/2025 19:56:00,Đại lý,NV29,Đã giao
DH000408,KH0314,17/11/2025 01:21:00,Shopee,NV14,Đã giao
DH000132,KH0070,29/09/2024 22:57:00,TMĐT - Tiki,NV08,Đã hủy
DH007956,KH0273,23/08/2024 05:59:00,Ban le,NV25,Mới
DH009507,KH0366,25/03/2025 08:31:00,TMĐT - Tiki,NV17,Đã giao
DH007473,KH0299,08/07/2025 18:44:00,TMĐT - Tiki,NV07,Đã giao
DH003039,KH0140,20/10/2025 08:07:00,Showroom,NV29,Đã giao
DH006595,KH0390,21/05/2026 07:41:00,Bán lẻ trực tiếp,NV03,Đã giao
DH010834,KH0159,13/01/2026 00:54:00,Đại lý,NV29,Đã giao
DH009928,KH0274,21/03/2026 07:36:00,Showroom,NV16,Đã hủy
DH006972,KH0155,03/05/2026 22:53:00,Ban le,NV11,Đã giao
DH004185,KH0281,26/12/2025 17:23:00,TMĐT - Tiki,NV02,Đã giao
DH008375,KH0227,08/04/2026 22:00:00,Đại lý,NV16,Đã giao
DH004937,KH0404,30/09/2024 20:09:00,TMĐT - Tiki,NV06,Đã giao
DH007047,KH0113,18/08/2024 19:20:00,Đại lý,NV10,Đã giao
DH009334,KH0273,06/02/2026 20:55:00,TMĐT - Tiki,NV15,Đã giao
DH007874,KH0306,02/08/2024 04:37:00,Đại lý,NV18,Đã giao
DH004354,KH0337,10/08/2024 17:44:00,Lazada,NV19,Đã giao
DH000367,KH0158,08/08/2025 05:27:00,Sàn Shopee,NV13,Đã giao
DH008229,KH0036,15/12/2024 23:37:00,Đại lý,NV30,Trả hàng
DH007658,KH0415,09/01/2026 02:50:00,Bán lẻ,NV19,Đang xử lý
DH001309,KH0406,09/08/2024 16:39:00,Ban le,NV30,Đã giao
DH011463,KH0139,16/10/2024 21:38:00,Shopee,NV21,Đã giao
DH008858,KH0051,07/04/2026 04:30:00,Showroom,NV18,Đã giao
DH009018,KH0141,28/07/2026 08:41:00,Ban le,NV26,Đã giao
DH001889,KH0037,19/11/2025 05:12:00,TMĐT - Tiki,NV23,Mới
DH010002,KH0108,11/01/2026 10:12:00,Sàn Lazada,NV18,Đang xử lý
DH010431,KH0138,17/11/2025 23:59:00,Sàn Lazada,NV22,Đã giao
DH008319,KH9005,08/11/2025 09:11:00,Sàn Shopee,NV16,Đã giao
DH002682,KH0208,04/07/2025 03:29:00,Sàn Shopee,NV02,Đã giao
DH011663,KH0411,10/01/2026 05:18:00,Lazada,NV15,Đã giao
DH007689,KH0031,25/06/2025 04:02:00,Sàn Lazada,NV18,Đã giao
DH003095,KH0242,24/11/2024 19:59:00,Showroom,NV24,Đã giao
DH010562,KH0274,21/12/2024 08:18:00,Đại lý,NV14,Đã giao
DH004121,KH0052,17/10/2025 05:10:00,Sàn Lazada,NV30,Đã giao
DH003084,KH0319,02/05/2025 10:26:00,Ban le,NV17,Đã hủy
DH005155,KH0076,18/10/2024 11:53:00,Đại lý,NV23,Mới
DH002930,KH0306,22/12/2024 20:24:00,Shopee,NV21,Đã giao
DH006284,KH0002,02/12/2025 10:55:00,Showroom,NV24,Đã giao
DH001633,KH0248,17/10/2024 11:31:00,TMĐT - Shopee,NV08,Mới
DH005843,KH0396,04/05/2026 09:49:00,Đại lý,NV24,Đã giao
DH000064,KH0249,08/12/2024 13:15:00,Ban le,NV26,Đang xử lý
DH003541,KH0052,10/07/2026 10:06:00,Showroom,NV07,Đã giao
DH000549,KH0306,31/03/2026 05:39:00,TMĐT - Tiki,NV20,Đã giao
DH006662,KH0402,15/04/2026 23:48:00,Bán lẻ,NV21,Đã giao
DH010011,KH0239,19/04/2026 09:23:00,Shopee,NV24,Mới
DH011464,KH0053,30/12/2025 20:14:00,Showroom,NV05,Đã giao
DH000690,KH0266,05/02/2025 05:15:00,Showroom,NV01,Đã giao
DH002105,KH0257,12/03/2026 17:10:00,Shopee,NV10,Đã giao
DH009724,KH0257,23/11/2024 19:44:00,Ban le,NV13,Đã giao
DH000969,KH0447,26/10/2025 09:29:00,Shopee,NV18,Mới
DH003518,KH0262,10/05/2026 16:48:00,Đại lý,NV24,Đã giao
DH004064,KH0436,28/11/2025 10:59:00,Lazada,NV07,Đã giao
DH005017,KH9001,24/11/2024 20:57:00,Showroom,NV23,Đã giao
DH008941,KH0325,20/12/2025 17:20:00,Đại lý,NV30,Đã giao
DH002946,KH0045,22/02/2025 22:22:00,Lazada,NV16,Đã giao
DH005013,KH0424,14/12/2025 03:43:00,Lazada,NV13,Đã giao
DH010116,KH0044,21/01/2025 23:16:00,Showroom,NV29,Đã giao
DH009887,KH0051,29/08/2024 08:55:00,Showroom,NV04,Đã giao
DH001960,,25/10/2024 07:23:00,Sàn Lazada,NV02,Mới
DH007678,KH0012,08/10/2024 05:06:00,Bán lẻ,NV02,Đang xử lý
DH008878,KH0012,03/03/2026 10:38:00,Shopee,NV15,Đã giao
DH006860,KH0130,15/09/2025 12:48:00,Sàn Shopee,NV15,Đã giao
DH008732,KH0141,06/12/2025 17:33:00,TMĐT - Tiki,NV22,Đã giao
DH003040,KH0445,02/09/2025 23:04:00,Đại lý,NV14,Mới
DH010623,KH0259,24/09/2025 10:21:00,Shopee,NV27,Đã giao
DH004986,KH0061,29/12/2025 11:43:00,Showroom,NV07,Đang xử lý
DH008061,KH0077,04/06/2026 07:00:00,Showroom,NV26,Đã giao
DH004194,KH0155,02/06/2025 12:18:00,Sàn Lazada,NV05,Đã giao
DH009198,KH0093,01/10/2024 01:37:00,Sàn Lazada,NV01,Đã giao
DH006316,KH0147,10/11/2025 16:33:00,Showroom,NV13,Đang xử lý
DH005698,KH0071,30/03/2025 18:17:00,Sàn Lazada,NV11,Đã giao
DH005283,KH0381,16/09/2024 01:59:00,Ban le,NV05,Đã giao
DH000978,KH0391,28/11/2025 02:20:00,Ban le,NV08,Đã giao
DH004749,KH0242,08/08/2025 10:40:00,TMĐT - Tiki,NV06,Mới
DH004844,KH0326,01/09/2025 20:47:00,Sàn Lazada,NV04,Đã hủy
DH009677,KH0242,26/11/2024 02:23:00,Đại lý,NV01,Đã giao
DH002240,,24/09/2024 23:53:00,Showroom,NV29,Đã giao
DH009020,KH0391,15/02/2025 10:39:00,Showroom,NV23,Đã giao
DH002335,KH0262,04/12/2024 00:41:00,Ban le,NV30,Đã giao
DH010744,KH0051,05/22/2026 17:12:00,Bán lẻ,NV10,Đã giao
DH009341,KH0412,31/07/2026 18:11:00,Đại lý,NV16,Đang xử lý
DH006452,KH0056,04/08/2024 03:24:00,Bán lẻ,NV14,Đã giao
DH000602,KH0400,24/03/2025 07:15:00,Ban le,NV18,Đã giao
DH000287,KH0248,05/07/2026 02:52:00,Bán lẻ,NV03,Đã giao
DH9900084,KH0346,21/03/2026 14:52:00,Showroom,NV28,Đã giao
DH011201,KH0447,20/04/2025 22:21:00,Đại lý,NV06,Trả hàng
DH008309,KH0297,13/01/2025 09:15:00,Sàn Shopee,NV06,Đã giao
DH003980,KH0074,26/03/2025 04:29:00,Đại lý,NV18,Đang xử lý
DH011172,KH0266,18/10/2024 15:50:00,Sàn Shopee,NV21,Đang xử lý
DH006828,KH0396,26/05/2026 08:28:00,Shopee,NV03,Đang xử lý
DH000063,KH0306,28/11/2025 20:43:00,Showroom,NV10,Đã giao
DH011264,KH0070,15/01/2026 06:15:00,Đại lý,NV01,Đã giao
DH005645,KH0140,10/06/2026 23:25:00,Sàn Shopee,NV11,Mới
DH004158,KH0074,21/08/2024 18:25:00,TMĐT - Tiki,NV17,Đã hủy
DH011216,KH0053,19/05/2026 10:17:00,TMĐT - Tiki,NV29,Đã giao
DH008600,KH0141,29/08/2025 01:03:00,TMĐT - Tiki,NV02,Đang xử lý
DH009101,KH0367,09/04/2025 05:41:00,TMĐT - Tiki,NV11,Đã giao
DH007496,KH0179,20/01/2025 05:00:00,Showroom,NV14,Đã giao
DH006517,KH0266,12/02/2026 13:57:00,TMĐT - Tiki,NV19,Đã giao
DH004725,KH0337,07/05/2025 00:31:00,TMĐT - Tiki,NV23,Đang xử lý
DH000066,KH0409,10/07/2025 19:21:00,Lazada,NV03,Đang xử lý
DH005026,KH0151,01/10/2025 14:31:00,Sàn Lazada,NV05,Đã giao
DH005455,KH0386,21/04/2025 01:52:00,Đại lý,NV08,Đã giao
DH007625,KH0367,27/03/2025 06:24:00,Bán lẻ,NV17,Đã giao
DH003862,KH0094,29/11/2025 22:31:00,Đại lý,NV29,Đã giao
DH003031,KH0274,04/02/2025 15:59:00,Showroom,NV07,Đã giao
DH006229,KH0155,10/30/2024 10:24:00,Sàn Shopee,NV05,Đang xử lý
DH005774,KH0012,25/01/2025 23:51:00,Lazada,NV11,Đã giao
DH004857,KH0293,30/12/2025 06:12:00,Ban le,NV14,Trả hàng
DH002796,KH0325,15/11/2025 21:07:00,Đại lý,NV29,Đã giao
DH011524,KH0265,03/10/2024 13:31:00,Đại lý,NV25,Đã giao
DH006538,KH0198,24/07/2026 21:23:00,TMĐT - Tiki,NV15,Đã giao
DH004856,KH0012,13/09/2025 03:47:00,Đại lý,NV24,Đã giao
DH007447,KH0350,07/03/2025 20:10:00,Sàn Shopee,NV02,Đã giao
DH001733,KH0199,30/09/2024 18:56:00,Đại lý,NV17,Đã giao
DH006554,KH0145,06/07/2026 11:34:00,Đại lý,NV17,Đã giao
DH001501,KH0315,05/01/2026 08:59:00,Sàn Lazada,NV09,Đang xử lý
DH011963,KH0035,20/05/2025 02:01:00,Đại lý,NV17,Đã giao
DH004500,KH0367,07/01/2025 06:46:00,Showroom,NV12,Đã giao
DH001121,KH0070,07/01/2025 18:00:00,Sàn Shopee,NV22,Đã giao
DH006847,KH0140,26/03/2026 08:03:00,Lazada,NV18,Đã giao
DH006472,KH0063,05/12/2025 10:55:00,TMĐT - Tiki,NV13,Đã giao
DH008517,KH0347,06/08/2025 06:47:00,Ban le,NV20,Đã giao
DH007375,KH0227,05/09/2024 23:18:00,Showroom,NV01,Đã giao
DH000999,KH0054,18/05/2026 11:44:00,Đại lý,NV29,Đã giao
DH007463,KH0446,01/03/2026 11:20:00,Đại lý,NV13,Đã giao
DH006969,KH0034,01/05/2025 20:25:00,Showroom,NV21,Đã giao
DH007199,KH0175,17/11/2025 08:44:00,Đại lý,NV08,Đang xử lý
DH000826,KH0307,23/04/2025 06:18:00,Shopee,NV24,Đã giao
DH002973,KH0231,28/05/2026 04:19:00,Shopee,NV01,Đã giao
DH009792,KH0249,06/03/2026 00:53:00,Showroom,NV28,Đã giao
DH005656,KH0090,25/02/2025 22:49:00,Ban le,NV19,Đã hủy
DH010655,KH0442,20/11/2024 06:30:00,TMĐT - Tiki,NV13,Đã giao
DH004150,KH0095,30/03/2026 01:47:00,Đại lý,NV07,Đã giao
DH011022,KH0262,03/12/2024 09:42:00,Đại lý,NV14,Đã giao
DH000774,KH0224,21/01/2026 02:32:00,Đại lý,NV06,Đã giao
DH005734,KH0406,14/10/2025 05:39:00,Bán lẻ,NV22,Đang xử lý
DH003667,KH0271,30/03/2025 04:25:00,Showroom,NV05,Đã giao
DH005688,KH0227,09/08/2025 19:34:00,Ban le,NV21,Đang xử lý
DH003285,KH0116,25/11/2024 18:58:00,TMĐT - Tiki,NV03,Đã giao
DH005717,,23/08/2025 02:53:00,Đại lý,NV13,Đã giao
DH006399,KH0070,17/05/2025 15:46:00,Showroom,NV06,Đã giao
DH004132,KH0035,12/12/2025 19:42:00,TMĐT - Lazada,NV10,Đã giao
DH000253,KH0413,01/06/2025 09:59:00,Đại lý,NV19,Đang xử lý
DH007893,KH0306,28/09/2025 05:04:00,Đại lý,NV09,Đã hủy
DH001746,KH0445,23/11/2025 01:15:00,Đại lý,NV26,Đang xử lý
DH001246,KH0339,24/01/2026 11:50:00,Đại lý,NV01,Đã giao
DH008376,KH0012,20/01/2026 00:39:00,Sàn Shopee,NV10,Đã giao
DH006647,KH0017,06/08/2024 01:51:00,Showroom,NV06,Đã giao
DH002022,KH9008,15/12/2024 04:38:00,Showroom,NV14,Mới
DH007754,KH0003,07/09/2025 06:56:00,Sàn Lazada,NV18,Trả hàng
DH001456,KH0307,10/12/2025 02:25:00,Bán lẻ,NV14,Đang xử lý
DH011703,,01/09/2024 06:51:00,TMĐT - Tiki,NV30,Trả hàng
DH003577,KH0123,09/05/2025 19:12:00,Showroom,NV23,Đã giao
DH001169,KH0436,05/07/2025 04:43:00,Sàn Lazada,NV29,Đã giao
DH009642,KH0140,02/11/2025 01:39:00,TMĐT - Tiki,NV26,Đã giao
DH002530,KH0192,04/09/2025 14:20:00,Shopee,NV14,Đã giao
DH000731,KH0073,15/07/2026 23:26:00,Lazada,NV14,Đã giao
DH005918,KH0028,08/11/2025 12:33:00,TMĐT - Tiki,NV13,Đã giao
DH007875,KH0193,11/10/2025 10:48:00,Lazada,NV13,Đã giao
DH000262,KH0391,18/03/2026 10:49:00,Đại lý,NV02,Đã giao
DH008277,KH0374,28/07/2026 10:22:00,Shopee,NV25,Đã giao
DH010935,KH0184,06/11/2024 15:50:00,TMĐT - Tiki,NV12,Đã giao
DH009180,KH0246,01/08/2025 05:22:00,Bán lẻ,NV09,Trả hàng
DH009182,KH0446,18/08/2024 11:47:00,Showroom,NV30,Trả hàng
DH001257,KH0265,22/09/2024 05:11:00,Shopee,NV09,Đã giao
DH009770,KH0162,02/04/2026 12:25:00,Ban le,NV25,Đã giao
DH003489,KH0442,18/01/2025 14:21:00,Showroom,NV11,Đã giao
DH002852,KH0231,24/07/2026 22:17:00,TMĐT - Tiki,NV11,Đã giao
DH004386,KH0306,04/10/2024 05:00:00,Bán lẻ,NV24,Đã giao
DH005848,KH0346,31/05/2025 11:48:00,Đại lý,NV07,Đã hủy
DH004575,KH0337,26/08/2025 06:09:00,TMĐT - Tiki,NV17,Đang xử lý
DH009165,KH0054,17/01/2026 17:28:00,Ban le,NV15,Đã giao
DH008149,KH0262,21/07/2025 01:23:00,Sàn Shopee,NV17,Trả hàng
DH000849,KH0121,12/01/2025 05:00:00,TMĐT - Tiki,NV24,Đã giao
DH000463,KH0042,15/10/2025 02:31:00,Sàn Lazada,NV15,Đã giao
DH9900128,KH0359,10/07/2026 13:36:00,Showroom,NV06,Đã giao
DH003572,KH0193,22/10/2025 21:03:00,Ban le,NV19,Đang xử lý
DH007034,,14/10/2025 16:08:00,TMĐT - Tiki,NV09,Đang xử lý
DH010989,KH0183,02/02/2026 04:25:00,TMĐT - Tiki,NV03,Mới
DH002190,KH0077,08/03/2026 23:42:00,Sàn Shopee,NV12,Đã giao
DH007891,KH0075,09/11/2024 18:34:00,Showroom,NV06,Đã giao
DH005842,KH0376,17/07/2025 13:13:00,Ban le,NV05,Đã giao
DH9900168,KH0153,23/10/2025 15:08:00,Ban le,NV07,Đã giao
DH000403,KH0021,06/12/2024 18:47:00,Bán lẻ,NV17,Đã hủy
DH006594,KH0001,20/11/2024 16:31:00,Đại lý,NV19,Đã giao
DH011321,KH0051,04/12/2024 21:41:00,Đại lý,NV01,Đã hủy
DH007469,,10/01/2026 05:20:00,Bán lẻ trực tiếp,NV22,Trả hàng
DH004676,,24/11/2025 21:37:00,Sàn Shopee,NV01,Đang xử lý
DH005586,KH0257,27/10/2024 16:18:00,Đại lý,NV13,Đã giao
DH010774,KH0224,14/03/2026 10:24:00,Lazada,NV28,Đã giao
DH000768,KH0325,11/01/2026 14:56:00,Đại lý,NV10,Đã giao
DH011627,KH0242,28/09/2025 02:42:00,TMĐT - Tiki,NV29,Đã giao
DH002547,KH0071,29/04/2026 21:02:00,TMĐT - Tiki,NV12,Đã giao
DH002720,KH0306,19/05/2026 18:19:00,TMĐT - Tiki,NV21,Đã giao
DH010782,KH0279,23/06/2026 00:39:00,Sàn Shopee,NV28,Đã giao
DH008652,KH0412,21/02/2025 06:23:00,Lazada,NV23,Đã giao
DH9900088,KH0397,24/03/2025 12:38:00,Đại lý,NV19,Đã giao
DH008658,KH0105,11/05/2026 08:51:00,Sàn Shopee,NV26,Đã giao
DH011212,KH0108,07/12/2025 18:02:00,TMĐT - Tiki,NV01,Đã giao
DH001042,KH0034,09/11/2024 05:43:00,Sàn Shopee,NV22,Đang xử lý
DH006049,KH0116,2025-01-20 10:52:00,Đại lý,NV29,Đã hủy
DH007356,KH0198,10/05/2025 04:16:00,Showroom,NV26,Đã giao
DH001873,KH0396,18/12/2024 04:35:00,Đại lý,NV05,Đã hủy
DH007841,KH0087,01/12/2024 22:34:00,Ban le,NV07,Đã giao
DH001343,KH0419,13/01/2025 16:47:00,Showroom,NV04,Đang xử lý
DH006907,KH0262,05/09/2025 22:38:00,TMĐT - Tiki,NV04,Đã hủy
DH006437,KH0012,07/04/2025 01:39:00,Showroom,NV16,Trả hàng
DH011283,KH0028,31/07/2025 02:27:00,Ban le,NV09,Trả hàng
DH002775,KH0447,28/06/2025 20:58:00,Shopee,NV19,Đã giao
DH009938,KH0406,30/07/2026 16:38:00,Shopee,NV17,Đã giao
DH006802,KH9005,13/07/2026 20:21:00,Sàn Shopee,NV23,Đã giao
DH003564,KH0421,28/01/2025 06:41:00,Đại lý,NV07,Đã giao
DH011880,KH0402,09/08/2024 09:06:00,Sàn Lazada,NV26,Đã giao
DH004974,KH0166,13/10/2024 00:44:00,Sàn Lazada,NV16,Đã giao
DH005679,KH0268,24/06/2026 06:13:00,Showroom,NV28,Đã giao
DH011314,KH0052,28/11/2025 22:12:00,Ban le,NV06,Đã giao
DH008966,KH0094,25/09/2024 13:54:00,Lazada,NV30,Đã giao
DH011267,KH0383,03/09/2025 21:20:00,Sàn Lazada,NV02,Đã giao
DH011531,KH0155,16/02/2026 19:55:00,Shopee,NV21,Đã giao
DH003057,KH0035,18/07/2025 02:21:00,TMĐT - Tiki,NV28,Đã giao
DH001011,KH0163,10/06/2026 20:44:00,Ban le,NV03,Đã giao
DH008148,KH0175,02/02/2025 16:54:00,Showroom,NV30,Đã giao
DH002341,KH0257,11/09/2024 01:40:00,Bán lẻ,NV25,Đã giao
DH003126,,05/12/2024 19:25:00,Ban le,NV01,Đã giao
DH004084,KH0247,07/07/2025 06:05:00,Sàn Lazada,NV09,Đã giao
DH004350,KH0399,24/12/2025 00:45:00,Showroom,NV26,Đang xử lý
DH008634,,16/02/2026 13:34:00,Bán lẻ,NV12,Đã giao
DH011916,KH9010,31/12/2025 18:05:00,Lazada,NV30,Đang xử lý
DH004541,KH0442,24/01/2026 00:27:00,Shopee,NV04,Đã giao
DH000791,,18/07/2026 22:35:00,Showroom,NV09,Đã giao
DH007559,KH0265,09/08/2025 15:02:00,Sàn Lazada,NV13,Đã giao
DH004275,KH0384,09/12/2024 05:13:00,Bán lẻ trực tiếp,NV29,Đã giao
DH004523,,01/04/2025 18:03:00,TMĐT - Tiki,NV12,Đã giao
DH002480,KH0227,20/10/2024 02:52:00,Bán lẻ,NV06,Đã giao
DH006105,KH0213,04/02/2025 13:17:00,Đại lý,NV08,Đã giao
DH000543,KH0070,21/12/2024 18:56:00,Sàn Shopee,NV30,Đã giao
DH003160,KH0113,18/09/2024 11:59:00,Đại lý,NV19,Đã giao
DH011227,KH0035,31/10/2025 17:06:00,Đại lý,NV06,Đang xử lý
DH001273,KH0377,04/10/2024 05:40:00,TMĐT - Tiki,NV11,Trả hàng
DH004259,KH0359,24/09/2024 01:22:00,Sàn Lazada,NV05,Đã hủy
DH000701,KH0446,30/04/2026 10:09:00,Ban le,NV28,Đã giao
DH010884,KH0314,03/11/2024 03:23:00,Showroom,NV11,Đã giao
DH007422,KH0222,18/01/2026 18:12:00,TMĐT - Tiki,NV12,Đã hủy
DH001243,KH0447,10/10/2025 23:45:00,TMĐT - Tiki,NV28,Đã giao
DH002814,,11/12/2025 09:45:00,Lazada,NV27,Đã giao
DH011123,KH0447,31/05/2025 11:55:00,TMĐT - Tiki,NV26,Đã giao
DH009595,KH0391,23/12/2025 08:18:00,Shopee,NV14,Đang xử lý
DH006390,KH0421,31/05/2026 15:39:00,Ban le,NV05,Đã giao
DH003733,KH0122,02/06/2025 02:20:00,Đại lý,NV24,Đã giao
DH009171,KH0400,06/05/2025 09:35:00,Sàn Shopee,NV03,Đã giao
DH010742,KH0203,25/03/2025 17:45:00,Showroom,NV11,Đã giao
DH000868,KH0314,04/02/2026 08:31:00,TMĐT - Tiki,NV15,Đã giao
DH002597,KH0236,29/12/2024 14:59:00,Bán lẻ,NV27,Đã giao
DH007766,KH0122,29/10/2025 23:03:00,TMĐT - Tiki,NV06,Đã giao
DH004739,KH0155,21/10/2024 09:43:00,Đại lý,NV04,Đã giao
DH005442,KH0184,20/10/2024 19:12:00,Sàn Shopee,NV15,Đã giao
DH008993,KH0135,18/11/2024 09:44:00,Đại lý,NV07,Đã giao
DH007191,KH0034,12/31/2025 15:36:00,TMĐT - Tiki,NV04,Đã giao
DH006116,KH0406,27/11/2025 18:34:00,Đại lý,NV25,Đã giao
DH011946,KH0304,22/10/2025 10:20:00,Lazada,NV12,Đã giao
DH007667,KH0442,14/01/2026 08:01:00,Đại lý,NV17,Đã giao
DH001289,KH0291,26/11/2025 07:08:00,Showroom,NV12,Đã giao
DH001809,KH0056,27/01/2025 08:41:00,Sàn Lazada,NV26,Đã giao
DH002749,KH0116,23/07/2025 19:56:00,Shopee,NV20,Đã giao
DH002464,KH0257,21/08/2024 22:00:00,Showroom,NV14,Đã giao
DH007940,KH0409,07/11/2025 03:47:00,Đại lý,NV29,Trả hàng
DH001146,KH0446,13/01/2025 12:18:00,Đại lý,NV12,Đã giao
DH003412,KH0116,24/01/2025 08:55:00,Đại lý,NV12,Đã giao
DH000500,KH0140,24/12/2025 18:15:00,Đại lý,NV14,Mới
DH000157,KH0163,29/01/2026 15:15:00,Showroom,NV25,Đã giao
DH000053,KH0035,05/21/2026 09:15:00,Bán lẻ,NV08,Đã giao
DH002905,KH0412,11/11/2024 19:07:00,Sàn Lazada,NV04,Đã giao
DH004457,,29/11/2024 22:07:00,Ban le,NV26,Đã giao
DH010885,KH0273,17/12/2024 12:27:00,TMĐT - Shopee,NV06,Đã giao
DH005374,KH0070,02/09/2024 05:57:00,Showroom,NV14,Đã giao
DH010760,KH0238,31/12/2024 07:31:00,Ban le,NV02,Đã giao
DH001849,KH0315,11/06/2026 05:28:00,Ban le,NV30,Đã hủy
DH000343,KH0442,01/01/2026 22:35:00,Shopee,NV25,Đã giao
DH005174,KH0008,03/03/2025 13:45:00,Shopee,NV25,Đã giao
DH006608,KH0051,23/09/2025 16:42:00,Shopee,NV28,Đã giao
DH008728,KH0229,31/08/2024 14:21:00,Bán lẻ,NV12,Đã giao
DH000286,KH0187,25/12/2025 14:36:00,Shopee,NV05,Đã giao
DH003134,KH9001,25/06/2025 17:18:00,TMĐT - Lazada,NV09,Đã giao
DH007883,KH0304,14/09/2024 12:04:00,Lazada,NV02,Đã giao
DH011292,KH0396,31/01/2025 06:17:00,Bán lẻ,NV26,Đang xử lý
DH003374,KH0278,17/04/2026 06:56:00,TMĐT - Lazada,NV10,Đã giao
DH003394,KH0127,07/01/2025 11:34:00,Lazada,NV17,Đã giao
DH006891,KH0352,02/04/2025 17:13:00,Lazada,NV07,Đã giao
DH007877,,13/02/2026 07:27:00,TMĐT - Tiki,NV10,Đã giao
DH010348,KH0438,20/06/2025 19:48:00,Sàn Shopee,NV13,Đang xử lý
DH002510,KH0315,2024-10-06 04:43:00,TMĐT - Tiki,NV03,Đã giao
DH004325,KH0035,12/04/2025 08:27:00,Showroom,NV09,Đã giao
DH001443,KH0086,18/12/2024 05:50:00,Đại lý,NV27,Đã giao
DH003338,KH0199,27/09/2024 20:02:00,Lazada,NV22,Đã hủy
DH002877,KH0044,26/11/2025 23:21:00,Đại lý,NV07,Đã giao
DH011023,KH0367,24/09/2025 12:50:00,Đại lý,NV12,Đã giao
DH008065,KH0188,16/03/2025 09:42:00,Ban le,NV20,Đã giao
DH008704,KH0406,02/10/2024 22:12:00,Sàn Lazada,NV10,Đã giao
DH010148,,08/11/2024 06:49:00,Lazada,NV19,Đã giao
DH004310,KH0017,05/11/2025 21:17:00,Đại lý,NV23,Đã hủy
DH009888,KH0399,10/11/2025 08:04:00,Showroom,NV09,Đã giao
DH003716,KH0262,09/12/2024 13:21:00,Ban le,NV22,Đã giao
DH004534,KH0337,16/04/2025 19:16:00,Showroom,NV27,Đã giao
DH001286,KH0439,23/12/2025 13:23:00,Ban le,NV29,Đã giao
DH9900079,KH0229,25/04/2026 10:44:00,Ban le,NV27,Đã giao
DH009163,KH0070,14/04/2025 02:30:00,Sàn Shopee,NV11,Đã giao
DH001187,KH0365,20/09/2024 08:21:00,Showroom,NV27,Đã giao
DH004594,KH0034,29/05/2025 04:10:00,TMĐT - Tiki,NV09,Mới
DH009921,KH0368,01/07/2025 09:20:00,Showroom,NV10,Đang xử lý
DH000955,KH0077,25/06/2025 13:59:00,Sàn Lazada,NV03,Đã giao
DH010998,KH0391,2024-12-12 15:57:00,Shopee,NV07,Đã giao
DH002929,KH0183,12/01/2026 07:51:00,Đại lý,NV30,Trả hàng
DH004221,KH0155,10/10/2025 03:34:00,TMĐT - Shopee,NV19,Đã giao
DH002114,KH0383,17/10/2025 06:44:00,TMĐT - Tiki,NV10,Mới
DH008419,KH0114,07/07/2025 01:30:00,Đại lý,NV08,Đã giao
DH004255,KH0029,25/06/2025 07:23:00,Sàn Lazada,NV17,Đã giao
DH005961,KH0199,07/05/2026 10:19:00,Showroom,NV30,Đã giao
DH004106,KH0391,27/05/2025 05:26:00,TMĐT - Tiki,NV30,Đã giao
DH004917,KH0211,10/11/2025 11:05:00,TMĐT - Tiki,NV29,Đã giao
DH011695,KH0274,09/11/2025 14:01:00,Sàn Shopee,NV03,Đã giao
DH011368,KH0396,23/09/2024 23:09:00,Showroom,NV28,Đã giao
DH011102,KH0053,21/03/2025 19:43:00,TMĐT - Lazada,NV05,Trả hàng
DH006718,KH0447,18/08/2025 16:06:00,Ban le,NV15,Đã giao
DH006549,KH0442,17/11/2025 08:31:00,Bán lẻ,NV30,Đã giao
DH003952,KH0367,25/02/2026 13:43:00,Showroom,NV25,Đã giao
DH003422,KH0160,11/10/2025 13:32:00,Showroom,NV21,Đã giao
DH011955,KH0151,11/28/2024 19:17:00,TMĐT - Tiki,NV09,Đã giao
DH003214,KH0113,19/12/2024 11:53:00,TMĐT - Tiki,NV27,Đã giao
DH003852,KH0262,26/01/2026 03:06:00,Ban le,NV21,Đã giao
DH011229,KH0321,10/08/2025 02:08:00,Lazada,NV19,Đã giao
DH008327,KH0071,18/03/2026 20:58:00,TMĐT - Tiki,NV09,Đã giao
DH003563,KH0177,28/12/2025 17:17:00,Ban le,NV28,Đã giao
DH007815,KH0338,18/03/2026 13:51:00,Lazada,NV11,Mới
DH003989,KH0089,17/12/2024 14:54:00,Showroom,NV28,Đang xử lý
DH009685,KH0218,02/01/2026 11:33:00,Sàn Lazada,NV07,Đã giao
DH003476,KH0305,10/10/2024 16:43:00,Ban le,NV12,Đang xử lý
DH001482,KH0076,30/04/2026 06:28:00,Showroom,NV05,Đã giao
DH011139,KH0012,07/02/2025 00:07:00,Lazada,NV07,Đã giao
DH000256,KH0012,15/04/2025 01:06:00,Showroom,NV19,Đã giao
DH007884,KH0200,11/09/2025 21:16:00,Sàn Lazada,NV02,Đã giao
DH011018,KH0349,02/07/2025 22:56:00,Lazada,NV07,Đang xử lý
DH010311,KH0321,16/12/2025 12:10:00,TMĐT - Lazada,NV25,Đã giao
DH011295,KH0257,18/04/2026 16:02:00,TMĐT - Tiki,NV18,Đã giao
DH003661,KH0140,12/04/2024 15:35:00,Đại lý,NV23,Đã giao
DH001288,KH0204,05/05/2025 16:26:00,TMĐT - Tiki,NV07,Đã giao
DH9900171,KH0127,16/08/2024 10:05:00,Đại lý,NV11,Đã giao
DH009251,KH0140,14/11/2024 06:19:00,Bán lẻ,NV01,Đã giao
DH006176,,15/04/2026 01:44:00,Sàn Shopee,NV27,Đã giao
DH009961,KH0261,08/04/2026 05:57:00,TMĐT - Tiki,NV15,Mới
DH003355,KH0312,08/02/2026 20:22:00,TMĐT - Tiki,NV16,Đã hủy
DH001260,KH0035,14/10/2025 03:39:00,Shopee,NV04,Trả hàng
DH002863,,2026-05-11 14:09:00,Showroom,NV19,Đã hủy
DH002694,KH0135,06/10/2024 05:19:00,Đại lý,NV07,Đã giao
DH005987,KH0125,29/03/2026 16:18:00,Shopee,NV02,Đã giao
DH006354,KH0383,05/06/2026 19:05:00,Shopee,NV07,Đã hủy
DH009579,KH0447,03/04/2026 06:43:00,Sàn Lazada,NV01,Đã giao
DH001196,KH0442,28/11/2025 21:47:00,Showroom,NV23,Đã giao
DH006784,KH0272,14/05/2025 15:26:00,Showroom,NV26,Đã giao
DH011508,KH0273,04/15/2026 11:53:00,Sàn Lazada,NV30,Đã giao
DH002921,KH0442,29/11/2025 09:50:00,Đại lý,NV01,Trả hàng
DH002058,KH0115,19/08/2025 03:43:00,Đại lý,NV07,Đã giao
DH011729,KH0250,03/11/2024 15:53:00,TMĐT - Tiki,NV11,Đã giao
DH003603,KH0070,16/06/2026 11:37:00,Sàn Lazada,NV09,Đã giao
DH006884,KH0229,28/06/2025 12:28:00,Đại lý,NV07,Đã giao
DH010724,KH0274,10/03/2026 20:32:00,TMĐT - Tiki,NV04,Mới
DH008001,KH0442,30/10/2024 16:44:00,Showroom,NV30,Đang xử lý
DH008066,KH0447,27/08/2025 17:35:00,Showroom,NV12,Đã giao
DH011024,KH0436,01/07/2026 10:05:00,Đại lý,NV22,Đã giao
DH008337,KH0143,04/06/2026 08:40:00,Sàn Shopee,NV14,Đã giao
DH000818,KH0323,12/03/2025 04:54:00,Showroom,NV15,Đã giao
DH011333,KH0120,17/09/2024 15:14:00,Showroom,NV20,Mới
DH000142,KH0391,31/10/2025 05:24:00,Showroom,NV29,Đã giao
DH008519,KH0442,24/02/2025 04:55:00,Ban le,NV18,Đã giao
DH007812,KH0122,04/10/2024 16:29:00,TMĐT - Tiki,NV10,Đã hủy
DH000065,KH0177,01/19/2025 04:27:00,Ban le,NV06,Đã giao
DH001903,KH0155,19/08/2025 21:53:00,Đại lý,NV03,Đã giao
DH001395,KH0031,28/01/2026 05:45:00,Showroom,NV15,Đã giao
DH004422,KH0034,22/12/2025 20:20:00,Đại lý,NV24,Đã hủy
DH003133,KH0391,23/09/2025 09:23:00,TMĐT - Tiki,NV21,Đã giao
DH004507,KH0412,10/06/2025 16:04:00,Ban le,NV07,Đang xử lý
DH011782,,05/04/2025 12:15:00,Showroom,NV24,Đã giao
DH001693,KH0141,14/11/2025 13:43:00,TMĐT - Tiki,NV13,Đã giao
DH002144,KH0070,01/01/2025 03:24:00,Showroom,NV02,Mới
DH008022,KH0306,25/06/2026 14:47:00,Bán lẻ,NV26,Đã hủy
DH007362,KH0297,22/10/2024 16:54:00,Showroom,NV20,Trả hàng
DH000089,KH0413,20/12/2024 07:38:00,Showroom,NV09,Đang xử lý
DH004772,KH0111,27/12/2025 19:30:00,Ban le,NV05,Đã giao
DH009721,KH0412,20/08/2024 11:27:00,TMĐT - Tiki,NV21,Đã giao
DH006346,KH0402,22/02/2025 14:11:00,Đại lý,NV16,Đã giao
DH001165,KH0391,21/05/2025 20:33:00,Sàn Shopee,NV15,Đã giao
DH001859,KH0002,08/03/2026 13:11:00,Sàn Lazada,NV11,Đã giao
DH010833,KH0314,03/12/2025 22:13:00,Showroom,NV04,Trả hàng
DH004838,,08/12/2025 18:31:00,Ban le,NV21,Đã giao
DH000054,KH0359,17/05/2026 08:51:00,Đại lý,NV19,Đã giao
DH007647,KH0403,10/01/2026 07:05:00,Shopee,NV18,Đang xử lý
DH005204,KH0391,01/06/2025 07:54:00,Bán lẻ,NV19,Đã giao
DH009487,KH0115,07/12/2025 15:42:00,Showroom,NV21,Đã giao
DH001598,KH0325,10/09/2024 14:12:00,Đại lý,NV14,Đã giao
DH007196,KH0447,23/12/2025 14:30:00,TMĐT - Tiki,NV30,Đã giao
DH006879,KH0391,28/05/2026 07:56:00,Showroom,NV01,Đã giao
DH003616,KH0267,25/11/2025 06:16:00,Shopee,NV29,Đã hủy
DH002135,KH0249,14/09/2024 12:01:00,Đại lý,NV27,Đã giao
DH007963,KH9007,14/03/2026 07:54:00,Shopee,NV01,Đã giao
DH001609,KH0288,22/02/2026 04:24:00,Đại lý,NV11,Đã giao
DH002917,KH0227,02/12/2024 15:19:00,Bán lẻ trực tiếp,NV02,Đã giao
DH002165,KH0193,08/12/2025 21:38:00,Ban le,NV15,Đã giao
DH000118,KH0196,25/07/2026 20:03:00,Shopee,NV23,Đã giao
DH000588,KH0242,09/03/2025 06:21:00,Showroom,NV26,Đã giao
DH008604,KH0186,02/10/2025 02:08:00,Đại lý,NV07,Đã giao
DH007216,KH0391,19/08/2025 01:40:00,Sàn Lazada,NV04,Đã giao
DH003419,KH0396,24/11/2025 18:50:00,Bán lẻ,NV14,Đã giao
DH011362,KH0158,02/12/2024 08:00:00,Showroom,NV15,Đã giao
DH001904,KH0239,06/04/2026 00:07:00,TMĐT - Tiki,NV10,Đã giao
DH003711,KH0035,15/09/2024 13:03:00,Đại lý,NV10,Trả hàng
DH009363,KH0409,17/12/2025 21:52:00,TMĐT - Tiki,NV21,Đã giao
DH001050,KH0119,21/10/2024 07:58:00,Sàn Shopee,NV02,Đã giao
DH002777,KH0389,04/07/2025 00:14:00,Đại lý,NV15,Đã hủy
DH005606,KH0306,27/11/2025 22:00:00,TMĐT - Tiki,NV11,Trả hàng
DH003870,KH0046,10/02/2026 00:14:00,Showroom,NV16,Đã giao
DH005173,KH0051,08/07/2026 03:54:00,Showroom,NV14,Đã giao
DH009003,KH0191,08/11/2025 03:08:00,Showroom,NV29,Đã giao
DH008570,KH0317,28/05/2025 12:27:00,TMĐT - Lazada,NV20,Đã giao
DH004840,KH0229,03/04/2026 18:56:00,Showroom,NV09,Đã giao
DH005134,KH0391,18/12/2024 18:52:00,Shopee,NV08,Đã giao
DH007127,KH0442,01/01/2026 19:02:00,TMĐT - Tiki,NV21,Đã giao
DH004271,KH0160,27/12/2025 21:22:00,Shopee,NV09,Đang xử lý
DH008595,KH0391,14/05/2025 02:40:00,TMĐT - Tiki,NV17,Đã giao
DH010268,KH0094,24/02/2026 16:09:00,Shopee,NV27,Đã giao
DH002731,KH0035,09/11/2025 18:26:00,Bán lẻ,NV13,Đã hủy
DH002363,KH0362,29/09/2024 05:52:00,Ban le,NV12,Đã giao
DH009688,KH0184,09/11/2024 09:04:00,Shopee,NV22,Đã giao
DH008127,KH0068,01/06/2026 23:15:00,TMĐT - Lazada,NV20,Đã giao
DH011773,KH0422,08/11/2024 11:28:00,Đại lý,NV16,Đã giao
DH000675,KH0359,21/09/2025 20:50:00,Sàn Shopee,NV04,Đã giao
DH005753,KH0034,28/10/2025 19:34:00,Lazada,NV04,Đang xử lý
DH008838,KH0274,21/12/2025 07:30:00,Lazada,NV04,Đã giao
DH008749,KH0249,15/11/2024 13:35:00,Showroom,NV19,Đã giao
DH002924,KH0262,03/11/2025 22:17:00,Sàn Lazada,NV01,Đã giao
DH011178,,18/02/2026 17:42:00,Lazada,NV23,Trả hàng
DH010923,KH0155,12/03/2025 23:45:00,Đại lý,NV01,Đã giao
DH000576,KH0281,24/12/2025 21:57:00,Lazada,NV18,Đã giao
DH010821,,29/01/2026 23:43:00,Shopee,NV07,Đã giao
DH010572,KH0406,18/05/2025 20:45:00,Sàn Lazada,NV22,Đã giao
DH003118,KH0229,25/03/2025 17:36:00,Bán lẻ,NV13,Đã giao
DH011045,KH0102,06/12/2025 16:41:00,Ban le,NV18,Đang xử lý
DH002038,KH0135,10/07/2025 21:58:00,Showroom,NV17,Đã giao
DH9900083,KH0262,01/06/2025 09:05:00,Showroom,NV10,Trả hàng
DH003797,KH0063,11/07/2025 11:40:00,Sàn Shopee,NV18,Đã giao
DH006495,KH0329,05/02/2026 00:09:00,Sàn Lazada,NV12,Đã giao
DH004281,KH0193,12/06/2026 19:34:00,Bán lẻ,NV01,Đã giao
DH004911,KH0018,15/08/2025 00:41:00,TMĐT - Tiki,NV12,Trả hàng
DH011517,KH0325,28/09/2024 22:45:00,Showroom,NV20,Trả hàng
DH005370,KH0403,05/11/2025 09:53:00,TMĐT - Tiki,NV14,Mới
DH001691,KH0003,16/06/2026 21:53:00,Đại lý,NV20,Đã giao
DH000659,KH9010,29/03/2025 14:05:00,Shopee,NV20,Đang xử lý
DH000715,KH9005,02/06/2025 19:41:00,Showroom,NV07,Đã giao
DH011776,KH0002,24/02/2026 01:28:00,Sàn Shopee,NV19,Đã giao
DH010575,KH0088,19/11/2025 03:42:00,Showroom,NV06,Đã giao
DH001300,KH0012,02/08/2025 21:59:00,TMĐT - Tiki,NV24,Đã hủy
DH010096,KH0283,20/08/2025 10:30:00,TMĐT - Tiki,NV06,Đã giao
DH008649,KH0304,20/01/2026 09:30:00,TMĐT - Tiki,NV06,Đã giao
DH001950,KH0155,29/07/2025 10:20:00,Bán lẻ,NV04,Đã giao
DH009226,KH0051,15/01/2026 20:53:00,Đại lý,NV28,Đã giao
DH004866,KH0051,2026-05-17 00:19:00,Showroom,NV29,Đã giao
DH009260,KH0413,05/01/2025 03:44:00,Lazada,NV09,Đã giao
DH009809,KH0242,30/12/2025 22:32:00,Sàn Shopee,NV20,Đã giao
DH008152,KH0447,09/10/2024 08:30:00,Bán lẻ,NV23,Đang xử lý
DH007656,KH0391,29/01/2025 09:47:00,Showroom,NV28,Đã giao
DH002712,KH0215,23/03/2025 17:41:00,Bán lẻ,NV15,Đã giao
DH010430,KH0447,04/06/2025 06:16:00,Bán lẻ,NV19,Đã giao
DH008536,KH0036,22/10/2024 15:12:00,TMĐT - Tiki,NV12,Đã giao
DH005538,KH0157,23/12/2025 08:52:00,Đại lý,NV08,Đã giao
DH010777,KH0413,22/08/2025 01:55:00,Sàn Shopee,NV29,Đã giao
DH006449,KH0321,22/09/2025 04:03:00,Đại lý,NV16,Đã giao
DH009814,KH0121,23/08/2024 21:13:00,Sàn Lazada,NV20,Đã giao
DH006998,KH0321,15/11/2024 12:01:00,Lazada,NV03,Đã hủy
DH010320,KH0314,15/03/2026 08:59:00,Lazada,NV17,Đã giao
DH011576,KH0053,09/08/2025 23:02:00,TMĐT - Tiki,NV21,Đã giao
DH001854,KH0177,03/12/2024 05:37:00,Ban le,NV02,Mới
DH011923,KH0190,27/05/2026 05:19:00,Đại lý,NV03,Đã giao
DH003771,KH0406,15/05/2025 23:31:00,Bán lẻ,NV02,Đã giao
DH009465,KH0017,19/04/2025 15:27:00,TMĐT - Tiki,NV25,Đã giao
DH009346,KH0008,19/09/2025 21:07:00,Đại lý,NV22,Đã giao
DH006033,KH0184,11/03/2025 03:16:00,Ban le,NV23,Đã giao
DH003043,KH0325,06/10/2024 10:06:00,Sàn Lazada,NV09,Đang xử lý
DH007996,KH9000,04/04/2026 20:52:00,Đại lý,NV05,Đã giao
DH010039,KH0306,08/12/2024 15:49:00,Shopee,NV03,Đã giao
DH009401,KH0442,2025-02-25 19:33:00,Shopee,NV06,Đã hủy
DH001283,KH0269,27/07/2026 15:21:00,Ban le,NV18,Đã giao
DH007116,KH0242,30/10/2025 20:54:00,Lazada,NV26,Đã hủy
DH005733,KH0097,19/07/2026 06:28:00,TMĐT - Tiki,NV16,Mới
DH010309,KH0227,27/12/2025 10:36:00,Ban le,NV28,Đã giao
DH008248,KH0391,11/12/2025 13:54:00,Đại lý,NV07,Đã giao
DH011788,KH0231,27/05/2025 15:16:00,TMĐT - Tiki,NV06,Đã giao
DH009111,KH0179,02/04/2025 04:26:00,Sàn Shopee,NV08,Trả hàng
DH002912,KH0391,22/05/2025 05:19:00,Shopee,NV02,Đã giao
DH004168,KH0200,11/11/2025 16:16:00,Sàn Lazada,NV25,Đã giao
DH006360,KH0070,08/06/2024 22:28:00,Sàn Lazada,NV18,Đã hủy
DH002645,KH0111,30/11/2024 13:02:00,Đại lý,NV16,Mới
DH007977,KH0220,03/09/2024 06:09:00,Bán lẻ,NV07,Đã giao
DH005111,KH0306,2024-10-25 19:56:00,Sàn Lazada,NV18,Đã giao
DH006571,KH0391,13/12/2025 13:27:00,TMĐT - Tiki,NV21,Đã giao
DH000563,KH0105,06/03/2026 05:42:00,Showroom,NV09,Đang xử lý
DH007775,KH0081,05/12/2024 17:18:00,Đại lý,NV17,Đã hủy
DH005208,KH0309,12/01/2025 01:48:00,Shopee,NV11,Đã giao
DH005617,KH0404,28/09/2024 21:54:00,Bán lẻ,NV22,Đã giao
DH005725,KH0447,04/10/2024 13:14:00,TMĐT - Tiki,NV29,Đã giao
DH001182,KH0391,06/10/2025 05:53:00,Bán lẻ,NV23,Đã giao
DH001039,KH0278,05/07/2026 19:43:00,TMĐT - Tiki,NV13,Đã giao
DH007265,KH0135,12/02/2026 10:35:00,Đại lý,NV19,Trả hàng
DH009439,KH0155,29/11/2025 02:18:00,TMĐT - Tiki,NV15,Đã giao
DH004230,KH0421,26/04/2026 15:48:00,Sàn Shopee,NV20,Đã giao
DH000010,KH0402,11/01/2025 11:38:00,Ban le,NV14,Đã giao
DH007873,KH0389,11/07/2026 13:13:00,Lazada,NV17,Đã giao
DH006486,KH0391,27/01/2025 00:49:00,TMĐT - Tiki,NV17,Mới
DH001557,KH0143,01/08/2025 19:45:00,Showroom,NV28,Đã giao
DH009713,KH0127,15/12/2024 01:49:00,Đại lý,NV18,Đã giao
DH002018,KH0200,01/01/2026 17:54:00,TMĐT - Tiki,NV15,Đã giao
DH010507,KH0271,10/12/2025 20:58:00,TMĐT - Tiki,NV09,Đã giao
DH009575,KH0135,23/01/2026 19:05:00,Showroom,NV15,Trả hàng
DH006012,KH0116,29/12/2025 16:08:00,Lazada,NV20,Đang xử lý
DH000212,KH0310,20/02/2026 00:53:00,Ban le,NV26,Đã giao
DH001707,KH0151,29/03/2026 09:05:00,Đại lý,NV13,Đã giao
DH009536,KH0102,13/09/2024 01:41:00,Ban le,NV13,Đã giao
DH009482,KH0119,10/12/2025 00:19:00,Đại lý,NV26,Đã giao
DH011371,KH0280,03/06/2025 07:53:00,Sàn Lazada,NV16,Đã hủy
DH004216,KH0412,11/06/2025 00:40:00,Showroom,NV21,Mới
DH011610,KH0192,15/04/2025 13:22:00,Shopee,NV13,Đã hủy
DH011723,KH0306,28/11/2025 22:36:00,TMĐT - Tiki,NV19,Trả hàng
DH000182,KH0360,23/05/2025 08:21:00,Lazada,NV11,Đã hủy
DH003274,KH0192,08/11/2024 22:18:00,TMĐT - Tiki,NV17,Đã giao
DH008929,KH0120,14/07/2026 14:11:00,TMĐT - Shopee,NV11,Đã giao
DH000711,KH0070,22/10/2024 17:07:00,TMĐT - Tiki,NV10,Mới
DH003047,KH0158,09/08/2024 15:28:00,Bán lẻ trực tiếp,NV29,Đã giao
DH002928,KH0258,02/03/2026 15:59:00,Bán lẻ,NV08,Đã giao
DH005904,KH0409,21/12/2025 22:31:00,Ban le,NV06,Đang xử lý
DH002232,KH0367,14/11/2024 23:21:00,Sàn Lazada,NV17,Đã giao
DH004612,KH0242,11/04/2025 02:56:00,Bán lẻ,NV16,Đã giao
DH005764,KH9004,05/01/2026 19:28:00,TMĐT - Lazada,NV22,Mới
DH003260,KH0055,14/04/2025 16:09:00,Shopee,NV10,Đã giao
DH009583,KH0018,09/10/2025 17:21:00,Đại lý,NV21,Đã giao
DH006160,KH0198,20/11/2025 17:18:00,Đại lý,NV22,Đã giao
DH000340,KH0242,17/12/2024 12:54:00,TMĐT - Tiki,NV04,Mới
DH002071,KH0179,25/05/2026 22:50:00,Showroom,NV07,Đã giao
DH005081,KH0121,10/01/2026 15:49:00,TMĐT - Tiki,NV05,Đã hủy
DH002477,KH9010,07/12/2025 12:39:00,Đại lý,NV19,Đã hủy
DH010093,KH0325,28/05/2026 13:19:00,Showroom,NV15,Đang xử lý
DH007273,,25/07/2026 10:58:00,TMĐT - Tiki,NV29,Đã giao
DH004030,KH0447,18/10/2024 15:18:00,Đại lý,NV27,Đã giao
DH009811,KH0125,24/12/2025 19:56:00,Đại lý,NV17,Đang xử lý
DH008971,KH0241,28/07/2026 05:38:00,Showroom,NV19,Đã giao
DH011597,,22/07/2026 07:11:00,TMĐT - Tiki,NV10,Đã giao
DH007778,KH0400,30/11/2024 00:05:00,TMĐT - Tiki,NV03,Đã giao
DH011118,KH0262,25/06/2025 14:06:00,Sàn Lazada,NV14,Đã giao
DH9900040,KH0027,10/10/2025 22:23:00,Showroom,NV05,Đã giao
DH010681,KH0192,15/04/2025 18:39:00,Shopee,NV25,Đã giao
DH011781,KH0409,22/02/2026 13:56:00,Shopee,NV09,Đã giao
DH002818,KH0031,30/09/2024 11:24:00,Showroom,NV05,Đã giao
DH008865,KH0204,24/10/2024 16:53:00,Ban le,NV01,Đã giao
DH003832,,08/12/2025 05:29:00,Đại lý,NV02,Đã giao
DH008810,KH0052,17/01/2025 18:50:00,Showroom,NV08,Đã hủy
DH004392,KH0429,07/12/2025 20:39:00,Sàn Lazada,NV22,Đang xử lý
DH011680,KH0092,20/09/2025 03:53:00,Lazada,NV13,Đã giao
DH004781,KH0141,07/07/2026 16:51:00,Bán lẻ,NV29,Đã giao
DH010165,KH0246,22/10/2024 22:14:00,Sàn Lazada,NV28,Đang xử lý
DH007533,KH0442,21/07/2025 05:11:00,Đại lý,NV07,Đã giao
DH011211,KH0242,06/10/2025 19:48:00,Đại lý,NV01,Đã giao
DH002666,KH0360,14/03/2026 00:40:00,Bán lẻ,NV21,Đang xử lý
DH011007,KH0151,05/01/2025 00:56:00,Bán lẻ trực tiếp,NV18,Đã giao
DH006933,KH0262,29/09/2025 00:01:00,Shopee,NV25,Đã giao
DH008196,KH0323,30/10/2024 02:19:00,Sàn Lazada,NV27,Đã giao
DH000878,KH0257,17/09/2025 15:50:00,Shopee,NV03,Đã hủy
DH000662,KH0337,04/02/2025 05:17:00,Showroom,NV16,Đã giao
DH010861,KH0446,13/08/2024 12:57:00,Showroom,NV11,Đã hủy
DH007837,KH0001,2025-11-09 18:56:00,Lazada,NV05,Đang xử lý
DH002700,KH0322,01/05/2025 05:33:00,Bán lẻ,NV24,Đã giao
DH009454,KH0337,05/01/2026 01:37:00,Bán lẻ,NV19,Đã giao
DH009416,KH0274,29/11/2025 11:24:00,Showroom,NV28,Đã giao
DH010059,KH0079,21/02/2025 01:43:00,Bán lẻ,NV24,Đã giao
DH000127,KH0438,04/03/2026 05:49:00,Đại lý,NV29,Đã giao
DH008824,KH0081,20/06/2026 14:10:00,Shopee,NV28,Đã giao
DH003195,,11/09/2025 02:28:00,Đại lý,NV06,Đã giao
DH007751,KH0262,08/05/2025 00:08:00,Showroom,NV30,Đã giao
DH004496,KH0447,20/07/2026 11:28:00,Shopee,NV10,Đã giao
DH006104,KH0071,17/09/2025 01:52:00,Showroom,NV21,Đã giao
DH008221,KH0138,12/03/2026 14:10:00,Showroom,NV07,Đã giao
DH009382,KH0228,28/12/2024 22:19:00,Ban le,NV13,Đã hủy
DH001325,KH0362,01/04/2026 00:56:00,Đại lý,NV10,Đang xử lý
DH001953,KH0218,20/04/2025 01:22:00,Shopee,NV03,Đã giao
DH003125,KH0012,29/11/2024 07:18:00,TMĐT - Lazada,NV07,Đã giao
DH000770,KH0313,06/06/2025 01:17:00,TMĐT - Tiki,NV23,Đã giao
DH004568,KH0306,30/05/2025 16:27:00,TMĐT - Tiki,NV15,Đã giao
DH001704,KH0213,18/08/2025 12:12:00,Lazada,NV15,Đã giao
DH005954,KH0253,29/07/2025 04:39:00,Đại lý,NV02,Đã giao
DH009438,KH0248,01/08/2025 00:00:00,TMĐT - Lazada,NV19,Đã giao
DH000480,KH0404,31/01/2026 15:30:00,Ban le,NV23,Mới
DH010706,KH0227,03/09/2025 22:41:00,Ban le,NV20,Đã hủy
DH000569,KH0446,04/07/2026 23:03:00,TMĐT - Tiki,NV23,Đang xử lý
DH006557,KH0400,23/08/2025 13:38:00,TMĐT - Tiki,NV12,Đã giao
DH011278,KH0138,20/01/2026 01:27:00,TMĐT - Tiki,NV30,Đang xử lý
DH9900145,KH0227,12/07/2025 18:47:00,Đại lý,NV14,Đang xử lý
DH004895,KH0438,28/12/2025 18:44:00,Bán lẻ,NV14,Đã hủy
DH000146,KH0248,22/10/2024 04:10:00,Showroom,NV18,Đã giao
DH005119,KH0449,24/01/2025 23:56:00,Showroom,NV27,Đã giao
DH005447,KH0306,10/06/2025 10:01:00,Đại lý,NV07,Đã giao
DH006487,KH0248,04/02/2025 07:29:00,TMĐT - Shopee,NV24,Đang xử lý
DH008982,KH0070,06/11/2025 07:22:00,TMĐT - Tiki,NV03,Đã giao
DH002789,KH0325,09/12/2025 10:44:00,TMĐT - Tiki,NV12,Đã giao
DH002175,KH0262,03/02/2026 23:15:00,Đại lý,NV17,Đã giao
DH006913,KH9009,08/01/2026 01:51:00,Showroom,NV13,Đã giao
DH003459,KH0141,28/05/2026 23:46:00,Sàn Lazada,NV24,Đang xử lý
DH010726,KH9008,30/01/2025 15:05:00,Lazada,NV27,Đã giao
DH003895,KH0116,31/05/2026 02:21:00,Bán lẻ,NV25,Đã giao
DH000959,KH0051,08/05/2026 04:47:00,TMĐT - Shopee,NV15,Đã giao
DH006820,KH0390,25/01/2025 17:00:00,TMĐT - Shopee,NV12,Đã giao
DH005041,KH0074,07/11/2024 14:42:00,TMĐT - Tiki,NV01,Đã giao
DH004293,KH0141,19/01/2026 09:58:00,Đại lý,NV28,Đã giao
DH005032,KH0171,09/10/2024 13:35:00,Sàn Lazada,NV29,Đã giao
DH008398,KH0246,02/04/2025 19:30:00,Ban le,NV27,Đã giao
DH010658,KH0053,12/11/2025 01:13:00,Sàn Lazada,NV13,Đã giao
DH011740,,27/01/2025 09:32:00,Showroom,NV07,Đã giao
DH006694,KH0396,21/12/2025 13:17:00,Đại lý,NV14,Đã giao
DH000468,KH0243,20/08/2024 20:06:00,TMĐT - Tiki,NV08,Đã hủy
DH003239,KH0262,02/12/2024 19:30:00,TMĐT - Tiki,NV21,Đã giao
DH005840,KH9012,23/05/2025 04:23:00,Lazada,NV19,Đã giao
DH002702,KH0267,2025-11-04 06:38:00,TMĐT - Tiki,NV22,Đã giao
DH005386,KH0242,21/11/2025 22:32:00,Lazada,NV11,Đã giao
DH002676,KH0337,08/03/2026 23:49:00,Showroom,NV01,Đã giao
DH001075,KH0201,11/10/2024 22:25:00,Ban le,NV27,Đã giao
DH007504,KH0141,03/11/2024 01:35:00,Ban le,NV17,Đang xử lý
DH008921,KH0248,28/10/2025 02:28:00,TMĐT - Tiki,NV10,Đang xử lý
DH007991,KH0218,02/01/2026 13:48:00,Showroom,NV07,Đã giao
DH001431,,09/12/2025 01:20:00,TMĐT - Shopee,NV03,Đã giao
DH011741,KH0306,26/01/2026 02:40:00,Bán lẻ trực tiếp,NV10,Đã giao
DH008579,KH0095,08/12/2024 16:28:00,TMĐT - Tiki,NV30,Đã giao
DH001430,KH0193,17/05/2026 12:07:00,Ban le,NV17,Đã giao
DH009476,KH0371,21/04/2025 00:28:00,Sàn Lazada,NV21,Mới
DH008744,,20/01/2026 18:40:00,TMĐT - Tiki,NV26,Mới
DH006623,KH0052,26/02/2026 21:40:00,Bán lẻ,NV08,Trả hàng
DH001523,KH0309,30/07/2025 07:12:00,TMĐT - Tiki,NV02,Đã giao
DH011969,KH0199,14/03/2026 16:59:00,TMĐT - Tiki,NV07,Đã giao
DH008258,KH0070,09/04/2024 14:29:00,TMĐT - Tiki,NV03,Đã giao
DH003766,KH0140,14/11/2025 20:38:00,TMĐT - Tiki,NV21,Trả hàng
DH006203,KH0278,29/12/2025 11:48:00,Bán lẻ,NV21,Đã giao
DH003931,KH0094,19/05/2025 06:38:00,Showroom,NV27,Đã giao
DH011759,KH0135,15/12/2025 11:33:00,TMĐT - Tiki,NV07,Mới
DH011081,KH0250,16/03/2026 22:55:00,Sàn Shopee,NV27,Đã giao
DH003071,KH0416,02/05/2025 19:34:00,TMĐT - Tiki,NV02,Đã hủy
DH006513,KH0372,02/05/2026 03:01:00,TMĐT - Tiki,NV30,Mới
DH007851,KH0227,13/02/2025 16:43:00,Showroom,NV09,Đã giao
DH002626,KH0035,26/01/2026 03:05:00,Sàn Shopee,NV03,Đã giao
DH000315,KH0347,23/03/2025 07:11:00,TMĐT - Tiki,NV02,Đã giao
DH000223,KH0391,17/11/2024 09:36:00,Sàn Shopee,NV11,Đang xử lý
DH000204,KH0199,18/09/2024 20:13:00,TMĐT - Tiki,NV08,Đã giao
DH009849,KH0358,24/12/2024 06:44:00,Đại lý,NV25,Đã giao
DH007019,KH0151,27/03/2026 20:35:00,TMĐT - Shopee,NV27,Đã giao
DH000558,KH0139,08/12/2025 14:49:00,Lazada,NV26,Đã giao
DH007336,KH0179,12/01/2026 13:53:00,Sàn Lazada,NV29,Đã giao
DH008537,KH0244,30/12/2025 14:47:00,TMĐT - Lazada,NV02,Đã giao
DH006377,KH0349,29/12/2024 05:20:00,Ban le,NV27,Đã giao
DH006665,KH0170,21/12/2025 01:17:00,Sàn Shopee,NV21,Đã giao
DH008051,,26/03/2026 12:56:00,Shopee,NV11,Đã giao
DH011973,KH9003,21/01/2025 12:10:00,Đại lý,NV19,Đã giao
DH008096,KH0389,31/01/2025 08:08:00,Đại lý,NV01,Đã giao
DH011809,KH0138,25/08/2025 06:03:00,Đại lý,NV22,Trả hàng
DH007727,KH0265,26/10/2024 21:25:00,Đại lý,NV19,Đã giao
DH008198,KH0262,13/05/2026 04:37:00,Shopee,NV23,Đã giao
DH010640,KH0035,13/11/2025 07:02:00,Sàn Lazada,NV15,Đã giao
DH006079,KH0447,13/11/2024 16:43:00,Đại lý,NV02,Đã giao
DH003998,KH0391,04/05/2026 01:40:00,TMĐT - Tiki,NV18,Trả hàng
DH009694,KH0404,07/01/2026 03:43:00,Đại lý,NV16,Đã giao
DH010801,KH0034,08/06/2025 20:39:00,Showroom,NV18,Đã giao
DH000342,KH0447,12/11/2025 17:03:00,Sàn Shopee,NV20,Đã giao
DH004378,KH0249,03/05/2026 05:16:00,Showroom,NV28,Đã giao
DH002895,KH0227,31/01/2025 12:40:00,TMĐT - Tiki,NV19,Đã giao
DH000578,KH0012,04/11/2024 10:14:00,TMĐT - Tiki,NV04,Đã giao
DH002321,KH0081,19/06/2026 06:37:00,Showroom,NV09,Đã giao
DH004729,KH0193,20/11/2024 23:31:00,Lazada,NV24,Đã giao
DH006695,KH0241,18/03/2025 17:08:00,Lazada,NV01,Đã giao
DH001295,KH0262,01/01/2026 22:51:00,Bán lẻ,NV12,Đang xử lý
DH000722,KH0035,11/03/2025 19:38:00,Showroom,NV04,Đã giao
DH011676,KH0391,19/06/2025 13:51:00,Đại lý,NV12,Đã giao
DH006032,,17/03/2026 10:36:00,TMĐT - Tiki,NV13,Đã hủy
DH003617,KH0406,07/07/2026 14:16:00,Đại lý,NV30,Đã giao
DH008854,KH0310,10/10/2024 01:28:00,Showroom,NV04,Đã giao
DH009288,KH0365,23/12/2025 18:34:00,Shopee,NV13,Đã giao
DH006281,KH0363,06/07/2026 04:59:00,Ban le,NV22,Đã giao
DH009376,KH0278,15/11/2024 12:52:00,TMĐT - Tiki,NV13,Đã hủy
DH007912,KH0367,30/12/2024 15:28:00,Đại lý,NV09,Đã giao
DH011919,KH0442,07/09/2025 17:04:00,Ban le,NV06,Trả hàng
DH008558,KH0412,23/11/2024 08:21:00,Bán lẻ,NV29,Đã giao
DH008433,KH0155,04/05/2025 15:15:00,TMĐT - Tiki,NV18,Đã giao
DH005031,KH0141,14/01/2026 15:02:00,Đại lý,NV09,Đã giao
DH009519,KH0075,16/06/2026 22:15:00,Lazada,NV18,Đã giao
DH005157,KH9011,18/12/2024 18:20:00,TMĐT - Tiki,NV19,Đã giao
DH008099,KH0194,22/11/2025 10:27:00,Lazada,NV19,Đã giao
DH007505,KH0293,15/05/2025 01:32:00,Sàn Shopee,NV26,Đã giao
DH008249,KH0224,18/09/2025 03:49:00,Lazada,NV18,Đã giao
DH009542,KH0155,10/02/2025 03:34:00,Showroom,NV19,Mới
DH005188,KH0002,13/12/2025 06:13:00,Showroom,NV07,Đang xử lý
DH006101,KH0053,31/10/2025 05:55:00,Đại lý,NV24,Đã giao
DH007153,KH0199,26/06/2026 22:58:00,Showroom,NV09,Đã giao
DH002713,KH0012,10/08/2024 14:47:00,Đại lý,NV23,Đã giao
DH005621,KH0070,01/06/2026 13:29:00,TMĐT - Tiki,NV10,Đã giao
DH005461,KH0183,13/07/2025 00:27:00,Showroom,NV06,Đang xử lý
DH001276,KH0248,10/05/2026 22:28:00,Ban le,NV14,Đã giao
DH001654,KH0151,09/10/2025 12:01:00,Sàn Shopee,NV10,Đã giao
DH008918,KH0198,22/11/2025 12:17:00,Bán lẻ,NV27,Đã hủy
DH011706,,11/12/2025 12:30:00,Ban le,NV21,Đã giao
DH004323,KH0160,29/09/2025 12:47:00,Đại lý,NV15,Đang xử lý
DH007115,KH0442,26/09/2025 07:24:00,Sàn Lazada,NV03,Đã giao
DH003204,KH0391,15/08/2025 18:20:00,TMĐT - Lazada,NV29,Trả hàng
DH004337,KH0368,23/06/2025 20:35:00,Sàn Shopee,NV25,Đã giao
DH000207,KH0336,26/11/2025 02:19:00,Sàn Lazada,NV10,Trả hàng
DH007712,KH0075,08/02/2025 02:04:00,Sàn Lazada,NV02,Mới
DH005887,KH0179,14/10/2024 01:46:00,TMĐT - Shopee,NV10,Đã giao
DH002369,KH0035,05/04/2026 23:48:00,Bán lẻ,NV11,Đã giao
DH010605,KH0068,18/11/2024 01:08:00,Sàn Lazada,NV25,Đang xử lý
DH009582,KH0127,04/09/2024 10:34:00,Bán lẻ trực tiếp,NV28,Đã giao
DH002608,KH0241,07/11/2025 11:13:00,TMĐT - Tiki,NV27,Đã giao
DH000310,KH0268,18/12/2025 05:30:00,Ban le,NV05,Đã giao
DH009531,KH0248,27/09/2024 14:16:00,Đại lý,NV26,Đã giao
DH011266,KH0087,04/02/2025 04:54:00,Showroom,NV04,Đã giao
DH003142,KH0227,30/09/2024 04:53:00,Bán lẻ trực tiếp,NV04,Đã giao
DH010365,KH0385,18/09/2024 04:24:00,Showroom,NV06,Đã giao
DH005930,KH0262,05/01/2025 16:34:00,Đại lý,NV05,Đang xử lý
DH9900105,KH0171,15/07/2025 23:50:00,TMĐT - Tiki,NV16,Đã giao
DH008802,KH0317,28/09/2024 19:55:00,Shopee,NV04,Đã giao
DH004730,KH0403,14/07/2026 13:54:00,Shopee,NV20,Đã giao
DH003409,,09/01/2026 23:07:00,Sàn Shopee,NV08,Đang xử lý
DH007568,KH0383,01/04/2026 18:59:00,Đại lý,NV06,Đã giao
DH003848,KH0413,27/06/2026 23:49:00,Bán lẻ,NV11,Đã giao
DH002134,KH0443,05/11/2024 10:50:00,Showroom,NV29,Đã giao
DH001166,KH0306,03/11/2025 09:29:00,Đại lý,NV06,Đang xử lý
DH005387,KH0234,04/05/2026 15:38:00,Showroom,NV08,Đã giao
DH000032,KH0031,02/01/2025 08:10:00,Showroom,NV27,Trả hàng
DH009795,KH0070,17/07/2026 21:22:00,Ban le,NV16,Đã giao
DH000007,KH0053,19/02/2025 02:07:00,Đại lý,NV08,Đã giao
DH000935,KH0035,24/08/2024 02:45:00,Bán lẻ,NV24,Đã giao
DH006018,KH0168,20/11/2024 13:21:00,Ban le,NV22,Đã giao
DH002006,KH0140,24/08/2024 18:59:00,Sàn Shopee,NV19,Mới
DH004785,KH0325,09/03/2025 06:09:00,Shopee,NV02,Đã giao
DH006729,,13/04/2025 02:30:00,Shopee,NV01,Đã giao
DH003307,KH0183,31/07/2025 08:38:00,Đại lý,NV26,Đã hủy
DH010487,KH0442,17/08/2025 16:58:00,Bán lẻ,NV01,Đã giao
DH000841,KH0391,03/07/2025 10:31:00,Shopee,NV04,Đã giao
DH002580,KH0285,22/01/2025 08:11:00,Bán lẻ,NV06,Đã giao
DH003502,KH0447,04/11/2025 23:13:00,Ban le,NV21,Đang xử lý
DH006432,KH0095,30/11/2024 23:37:00,Lazada,NV05,Đã giao
DH003682,KH0270,14/01/2026 02:21:00,Đại lý,NV13,Đã giao
DH008457,KH0201,26/03/2025 04:11:00,Lazada,NV28,Đã giao
DH008936,KH0368,18/03/2026 07:36:00,TMĐT - Tiki,NV17,Đã giao
DH002909,KH0359,22/02/2026 04:29:00,Đại lý,NV22,Đã giao
DH010189,KH0391,29/11/2024 20:24:00,Showroom,NV14,Đã giao
DH004203,KH0093,25/08/2024 13:08:00,TMĐT - Lazada,NV20,Đã giao
DH004971,KH0262,03/01/2025 08:28:00,Sàn Lazada,NV28,Đã giao
DH002015,KH0157,22/02/2026 04:33:00,Sàn Lazada,NV16,Đã giao
DH002674,KH0070,21/08/2024 07:19:00,Bán lẻ,NV09,Đã hủy
DH011442,KH0341,14/01/2025 06:46:00,Đại lý,NV01,Đã hủy
DH010970,KH0196,30/12/2024 09:08:00,Đại lý,NV19,Đã giao
DH003770,KH0119,12/05/2025 14:09:00,Sàn Lazada,NV22,Đã giao
DH002451,KH0136,12/09/2025 01:44:00,TMĐT - Tiki,NV17,Đã giao
DH006738,KH0446,13/02/2025 14:53:00,Bán lẻ,NV06,Đã giao
DH011051,KH0055,24/11/2025 07:03:00,TMĐT - Tiki,NV13,Đã giao
DH009477,KH0377,20/02/2025 13:26:00,Sàn Shopee,NV24,Đã hủy
DH004601,KH0089,07/22/2025 04:58:00,Bán lẻ trực tiếp,NV20,Đã giao
DH010502,KH0337,05/01/2025 20:23:00,Showroom,NV29,Đã giao
DH005939,KH0442,07/06/2026 01:33:00,Lazada,NV25,Đã giao
DH007045,KH0035,28/05/2025 15:11:00,Đại lý,NV11,Đã giao
DH005345,KH0227,14/12/2024 18:21:00,Sàn Shopee,NV21,Đã giao
DH005748,,23/03/2026 23:52:00,TMĐT - Tiki,NV01,Đã giao
DH007673,KH0081,20/06/2025 23:30:00,Sàn Lazada,NV13,Đã giao
DH005962,KH0068,08/02/2025 15:55:00,Đại lý,NV28,Đã giao
DH007179,KH0054,23/08/2024 09:04:00,Đại lý,NV02,Đang xử lý
DH008021,KH0212,21/03/2025 20:00:00,TMĐT - Tiki,NV20,Đã giao
DH010065,KH0179,24/01/2026 07:33:00,Bán lẻ,NV08,Đã giao
DH007138,KH0397,26/08/2024 09:45:00,Sàn Shopee,NV22,Đã giao
DH010887,KH0401,2025-08-04 02:36:00,Đại lý,NV15,Đã giao
DH011090,KH0248,24/09/2024 20:25:00,Sàn Shopee,NV22,Đã giao
DH001516,KH0442,24/06/2025 07:03:00,Ban le,NV03,Đã giao
DH010812,KH0192,25/10/2025 23:28:00,Bán lẻ,NV19,Đã giao
DH000418,,06/07/2026 14:25:00,Showroom,NV22,Đã giao
DH000136,KH0353,06/03/2026 22:46:00,Đại lý,NV17,Đã giao
DH005811,KH0266,02/05/2025 13:13:00,Đại lý,NV22,Đã giao
DH004072,KH0053,15/05/2026 23:54:00,Shopee,NV18,Đã giao
DH004363,KH0262,03/03/2025 16:26:00,Sàn Shopee,NV02,Đã giao
DH007160,KH0051,21/12/2025 19:21:00,Bán lẻ,NV25,Đã giao
DH011934,KH0192,07/04/2026 07:05:00,Shopee,NV25,Đã giao
DH002534,KH0400,03/12/2024 05:45:00,Sàn Lazada,NV07,Đã giao
DH003579,KH0262,06/12/2025 20:47:00,Showroom,NV30,Đã giao
DH006459,KH0155,15/07/2026 07:12:00,Ban le,NV30,Đã giao
DH011726,KH0177,05/08/2024 22:47:00,Ban le,NV25,Đã giao
DH011251,KH9013,12/11/2025 02:16:00,Showroom,NV20,Đã giao
DH009697,KH0391,02/10/2025 10:46:00,Sàn Lazada,NV21,Đã giao
DH009573,KH0239,06/06/2026 01:43:00,Shopee,NV25,Đã giao
DH005269,KH0119,08/07/2026 04:01:00,Shopee,NV02,Đã giao
DH002034,KH0008,26/09/2025 07:44:00,TMĐT - Shopee,NV02,Đã giao
DH004589,KH0204,20/02/2026 10:37:00,TMĐT - Tiki,NV15,Đã giao
DH006615,KH0104,31/12/2025 21:08:00,TMĐT - Tiki,NV08,Đã giao
DH000698,KH0420,18/03/2026 09:07:00,Ban le,NV03,Đã giao
DH002769,KH0436,10/12/2025 08:20:00,Sàn Lazada,NV30,Đã giao
DH006720,KH0207,27/06/2025 22:01:00,Sàn Shopee,NV05,Đã hủy
DH004924,KH0446,12/11/2024 13:11:00,TMĐT - Tiki,NV07,Đã giao
DH006145,KH0240,11/07/2025 21:10:00,Lazada,NV13,Trả hàng
DH000568,KH0236,2025-12-29 14:02:00,TMĐT - Tiki,NV08,Đã giao
DH006572,KH0419,04/08/2024 09:21:00,Shopee,NV25,Đã giao
DH006337,KH0250,03/12/2025 01:24:00,Đại lý,NV29,Đã giao
DH005815,KH0092,26/08/2025 00:49:00,Showroom,NV22,Đã giao
DH008268,,01/11/2024 21:20:00,Đại lý,NV27,Đã giao
DH004476,KH0409,23/11/2025 14:08:00,Đại lý,NV20,Trả hàng
DH011469,KH0051,31/01/2026 22:38:00,Lazada,NV28,Đã giao
DH010957,KH0365,14/12/2025 03:43:00,Showroom,NV19,Mới
DH005607,KH0128,14/11/2024 03:21:00,TMĐT - Tiki,NV29,Đã giao
DH011112,KH0262,10/01/2025 00:35:00,TMĐT - Shopee,NV27,Đã giao
DH9900175,KH0056,12/12/2024 14:49:00,TMĐT - Tiki,NV24,Mới
DH002747,KH0155,07/11/2024 16:13:00,Sàn Shopee,NV28,Đã giao
DH006702,KH0287,13/01/2026 15:09:00,TMĐT - Tiki,NV26,Đã giao
DH004658,KH0070,26/01/2025 10:55:00,Sàn Lazada,NV26,Đã giao
DH003920,KH0349,27/04/2025 02:57:00,Đại lý,NV01,Đã giao
DH006550,KH0422,10/11/2024 06:51:00,Ban le,NV18,Đã giao
DH008550,KH0056,09/04/2026 21:14:00,Showroom,NV05,Đã giao
DH004556,KH0034,24/11/2024 21:50:00,TMĐT - Tiki,NV02,Đã giao
DH9900077,KH0051,26/10/2025 20:48:00,Ban le,NV18,Đã giao
DH001895,KH0198,13/06/2025 13:47:00,Bán lẻ,NV13,Đã giao
DH009203,KH0135,21/07/2025 20:26:00,Đại lý,NV04,Đã giao
DH007497,KH9000,10/06/2025 11:54:00,TMĐT - Tiki,NV15,Đã giao
DH010843,KH0397,07/07/2025 04:16:00,TMĐT - Tiki,NV16,Đã giao
DH001798,KH0017,14/05/2026 16:06:00,TMĐT - Tiki,NV03,Trả hàng
DH005413,,13/12/2025 06:22:00,TMĐT - Tiki,NV28,Đã giao
DH011058,KH0359,26/09/2024 02:08:00,Đại lý,NV18,Đã giao
DH006309,KH0367,11/01/2025 10:04:00,Ban le,NV17,Đã giao
DH002047,KH0302,04/06/2026 04:20:00,Bán lẻ,NV12,Đang xử lý
DH009823,KH0117,21/04/2026 02:42:00,Bán lẻ trực tiếp,NV17,Đang xử lý
DH011053,KH0242,08/01/2025 20:28:00,Shopee,NV08,Đã giao
DH001255,KH0384,02/09/2025 00:22:00,Đại lý,NV07,Đã giao
DH000857,KH0140,12/03/2026 06:21:00,Showroom,NV11,Đã giao
DH010811,KH0272,13/08/2024 15:25:00,TMĐT - Tiki,NV17,Đang xử lý
DH004486,KH0143,10/03/2025 18:16:00,Lazada,NV19,Đã giao
DH005057,KH0093,22/11/2024 15:30:00,Đại lý,NV25,Đã giao
DH006930,KH0140,05/12/2025 03:02:00,TMĐT - Tiki,NV08,Đã giao
DH001352,KH0262,12/01/2025 21:33:00,Sàn Shopee,NV14,Đã giao
DH002322,KH0386,23/10/2025 00:56:00,Đại lý,NV12,Mới
DH006537,KH0127,17/06/2026 03:51:00,Đại lý,NV15,Đã giao
DH005871,KH0089,30/01/2026 06:13:00,Showroom,NV27,Đã hủy
DH004811,KH0391,05/10/2025 03:33:00,Showroom,NV20,Đã giao
DH002821,KH0044,03/07/2025 08:27:00,Showroom,NV18,Đã giao
DH003154,KH0155,16/09/2025 00:55:00,Showroom,NV24,Đã giao
DH004560,KH0269,21/10/2024 09:13:00,Ban le,NV28,Đã giao
DH001627,KH0113,05/02/2026 16:37:00,Bán lẻ,NV23,Đã giao
DH011244,KH0428,22/03/2025 12:57:00,Shopee,NV01,Đã giao
DH007465,KH0314,02/09/2024 01:01:00,Đại lý,NV07,Đã giao
DH001883,KH0390,13/01/2026 13:25:00,Showroom,NV08,Mới
DH006222,KH0413,30/07/2025 18:59:00,Bán lẻ,NV06,Đã giao
DH009089,KH0093,25/09/2024 20:55:00,Showroom,NV30,Đã giao
DH005127,KH0066,18/06/2025 10:09:00,Bán lẻ,NV23,Đã hủy
DH000178,KH0447,12/05/2026 12:52:00,Sàn Shopee,NV16,Mới
DH011107,KH0056,18/12/2025 03:08:00,Sàn Lazada,NV01,Đã giao
DH9900039,KH0241,29/12/2024 16:41:00,Sàn Shopee,NV19,Đã giao
DH010206,KH0148,18/11/2025 17:14:00,Đại lý,NV01,Đã giao
DH004183,KH0368,05/12/2025 18:55:00,Showroom,NV13,Đã giao
DH010332,KH0068,19/12/2024 04:19:00,Showroom,NV04,Mới
DH003277,KH0306,20/01/2025 19:06:00,Shopee,NV11,Đã giao
DH009509,KH0281,24/04/2026 17:26:00,Sàn Shopee,NV11,Đang xử lý
DH009783,KH0391,24/05/2025 01:08:00,Sàn Shopee,NV19,Đã giao
DH009261,KH9007,15/12/2025 01:16:00,Đại lý,NV28,Đã giao
DH002145,KH0262,08/10/2025 12:06:00,Đại lý,NV14,Đã giao
DH011911,KH0386,15/08/2025 11:48:00,Showroom,NV12,Đã giao
DH009204,KH0105,24/10/2024 03:18:00,Đại lý,NV24,Đã giao
DH002706,KH0368,12/11/2025 03:57:00,Shopee,NV09,Đã giao
DH009100,KH0081,2025-07-07 18:48:00,Đại lý,NV14,Đã giao
DH008599,KH0070,29/07/2026 12:07:00,Lazada,NV21,Đang xử lý
DH000800,KH0376,10/06/2025 00:47:00,Showroom,NV12,Đã giao
DH003449,KH0070,10/02/2025 23:21:00,Bán lẻ,NV16,Đã giao
DH001821,KH0140,28/04/2026 21:30:00,Sàn Shopee,NV28,Đã giao
DH003438,KH0029,16/02/2026 18:06:00,TMĐT - Tiki,NV03,Đã giao
DH000872,KH0052,03/04/2026 15:43:00,Shopee,NV06,Đã giao
DH006461,KH0140,07/01/2025 01:18:00,Đại lý,NV19,Đã giao
DH002661,KH0279,21/09/2024 18:50:00,Đại lý,NV10,Đang xử lý
DH008184,KH0316,22/07/2026 06:59:00,Sàn Shopee,NV07,Đã hủy
DH002266,KH9011,20/06/2026 06:05:00,Shopee,NV08,Đã giao
DH002784,KH0183,08/29/2025 17:00:00,TMĐT - Tiki,NV13,Đã giao
DH001606,KH0271,07/12/2024 00:11:00,Showroom,NV23,Đã giao
DH010258,KH0204,10/07/2025 23:06:00,Showroom,NV19,Đã giao
DH007006,KH0262,2025-06-01 09:05:00,Showroom,NV10,Trả hàng
DH010026,KH0391,11/05/2026 23:05:00,Bán lẻ trực tiếp,NV14,Đã giao
DH006612,KH0034,26/07/2026 00:04:00,Sàn Shopee,NV07,Đã giao
DH000336,KH0306,26/12/2025 21:19:00,TMĐT - Tiki,NV06,Đang xử lý
DH002256,KH0414,22/01/2025 13:12:00,Shopee,NV22,Đang xử lý
DH001126,KH0044,10/04/2026 21:43:00,Shopee,NV23,Đã giao
DH010539,KH0012,04/07/2025 07:22:00,Lazada,NV10,Đã giao
DH001645,KH0447,06/01/2026 11:16:00,Lazada,NV18,Đã giao
DH005969,KH0044,12/03/2026 14:44:00,TMĐT - Tiki,NV12,Đang xử lý
DH005249,KH0140,25/01/2025 12:35:00,Đại lý,NV10,Đã giao
DH000617,KH0046,01/04/2026 15:42:00,Đại lý,NV04,Đã giao
DH005341,KH0389,08/11/2025 14:57:00,Đại lý,NV09,Đã giao
DH004263,KH0445,27/11/2024 20:47:00,Sàn Lazada,NV18,Đã giao
DH002224,KH0306,26/02/2026 08:06:00,Showroom,NV06,Đã giao
DH009901,KH0282,26/01/2025 08:09:00,Lazada,NV27,Đã hủy
DH001975,KH0027,23/01/2026 04:55:00,Lazada,NV17,Đang xử lý
DH005391,KH9010,23/10/2024 15:51:00,Showroom,NV18,Đã giao
DH011132,KH0179,09/05/2025 08:38:00,Showroom,NV11,Đang xử lý
DH009420,KH0114,30/08/2025 23:38:00,Shopee,NV28,Đã giao
DH001639,KH0053,21/12/2024 18:41:00,Bán lẻ,NV19,Đã giao
DH007858,KH0374,07/07/2026 05:56:00,Showroom,NV22,Đã giao
DH006502,KH0412,24/05/2026 23:05:00,Showroom,NV20,Trả hàng
DH007843,KH0331,10/07/2026 09:19:00,Đại lý,NV05,Đã giao
DH010243,KH0096,15/01/2026 01:26:00,Ban le,NV01,Đã giao
DH011059,KH0056,05/04/2025 21:40:00,Đại lý,NV15,Mới
DH003182,KH0054,09/11/2025 21:16:00,Ban le,NV18,Đã giao
DH008840,KH0070,07/04/2025 03:31:00,Showroom,NV16,Đã giao
DH007569,KH0281,22/03/2026 02:36:00,Sàn Lazada,NV02,Đã giao
DH007125,KH0346,06/10/2025 06:36:00,Lazada,NV09,Đã giao
DH005812,KH0241,08/07/2026 13:38:00,Đại lý,NV06,Đang xử lý
DH006072,KH0053,26/03/2025 02:47:00,Sàn Lazada,NV15,Đã giao
DH006451,KH0420,24/11/2024 21:05:00,Sàn Shopee,NV08,Đã hủy
DH006883,,17/04/2026 02:45:00,Bán lẻ trực tiếp,NV23,Đang xử lý
DH011489,KH0192,21/06/2026 08:53:00,TMĐT - Tiki,NV14,Đã giao
DH003082,KH0420,04/03/2026 18:30:00,Showroom,NV07,Đang xử lý
DH002845,KH0397,04/07/2025 01:57:00,Showroom,NV29,Mới
DH010666,KH0262,19/06/2026 07:41:00,Sàn Shopee,NV13,Đã giao
DH006225,KH0242,22/02/2025 21:58:00,Showroom,NV23,Đã giao
DH004289,KH0087,12/05/2026 10:51:00,Ban le,NV05,Đang xử lý
DH008496,KH0391,17/03/2025 23:14:00,Lazada,NV26,Đã giao
DH009017,KH0140,06/12/2024 19:49:00,TMĐT - Tiki,NV19,Đang xử lý
DH001684,KH0406,07/04/2025 13:49:00,TMĐT - Tiki,NV05,Đã giao
DH000788,KH0314,08/10/2024 06:50:00,Shopee,NV23,Đã giao
DH009732,KH0140,13/09/2024 14:24:00,Lazada,NV18,Mới
DH007501,KH0391,07/08/2026 13:27:00,Showroom,NV20,Đang xử lý
DH006433,KH0442,24/10/2025 11:42:00,Showroom,NV25,Đã giao
DH011284,KH0322,24/02/2025 15:03:00,Showroom,NV09,Đã giao
DH002994,KH0013,2025-04-07 15:30:00,Lazada,NV27,Đang xử lý
DH001595,KH0273,01/12/2025 11:00:00,Bán lẻ,NV28,Đã giao
DH004950,KH0089,11/10/2024 15:07:00,Đại lý,NV01,Đã giao
DH007198,KH0163,23/09/2025 07:30:00,Lazada,NV04,Đã giao
DH007210,KH0025,27/09/2024 00:04:00,Showroom,NV22,Mới
DH006504,KH0360,19/06/2025 00:26:00,Showroom,NV09,Đã giao
DH008948,KH0442,29/09/2024 18:07:00,Lazada,NV25,Đã giao
DH000308,KH0031,13/08/2024 18:26:00,Lazada,NV15,Đã giao
DH008801,KH0229,08/08/2024 07:42:00,TMĐT - Tiki,NV29,Đã giao
DH008016,KH0262,10/08/2025 19:32:00,Lazada,NV16,Đã giao
DH003391,KH0141,30/04/2025 11:49:00,Showroom,NV23,Đã giao
DH003606,KH0262,27/11/2024 20:43:00,TMĐT - Tiki,NV09,Đang xử lý
DH010820,KH0241,27/11/2025 01:57:00,Đại lý,NV04,Đang xử lý
DH002526,KH0246,21/04/2025 15:06:00,Sàn Lazada,NV08,Đã giao
DH001304,KH0248,17/05/2026 09:26:00,Đại lý,NV10,Đã giao
DH008781,KH0227,25/04/2026 08:57:00,TMĐT - Tiki,NV16,Đã giao
DH010378,KH9008,04/08/2025 14:08:00,TMĐT - Tiki,NV10,Đang xử lý
DH009570,KH0140,02/12/2024 16:46:00,Showroom,NV26,Đã giao
DH007306,KH0070,29/04/2026 03:15:00,Sàn Shopee,NV25,Đã giao
DH004801,,18/01/2026 00:40:00,TMĐT - Tiki,NV22,Mới
DH000628,KH0051,14/12/2025 08:44:00,Lazada,NV04,Đã giao
DH010364,KH0347,29/05/2025 22:01:00,Đại lý,NV18,Đã giao
DH003696,KH9014,15/05/2025 00:31:00,TMĐT - Tiki,NV06,Đã giao
DH005124,KH0425,16/12/2025 11:15:00,Showroom,NV27,Đã giao
DH005483,KH0029,06/06/2025 13:13:00,Showroom,NV24,Đã giao
DH000137,,04/01/2025 02:07:00,Sàn Lazada,NV02,Đã giao
DH004995,KH0277,08/11/2025 19:30:00,Ban le,NV21,Đã giao
DH011461,KH0274,08/04/2025 00:01:00,Showroom,NV14,Đã hủy
DH000359,KH0155,14/12/2024 04:05:00,TMĐT - Tiki,NV02,Đang xử lý
DH000656,KH0157,20/09/2024 11:51:00,Showroom,NV08,Đã giao
DH006545,KH0070,04/08/2025 07:03:00,Showroom,NV28,Đang xử lý
DH001672,KH0035,27/12/2024 11:50:00,TMĐT - Lazada,NV27,Đã hủy
DH006643,KH0147,17/12/2024 23:59:00,Sàn Shopee,NV13,Đã giao
DH005197,KH0351,12/10/2024 11:24:00,Sàn Shopee,NV20,Mới
DH006866,KH0325,13/08/2025 21:10:00,Showroom,NV05,Mới
DH005339,KH0281,27/10/2025 04:35:00,Shopee,NV27,Đã giao
DH004287,KH0175,11/06/2024 12:12:00,Sàn Shopee,NV20,Đã giao
DH009460,KH0314,10/05/2025 00:21:00,Đại lý,NV22,Đã giao
DH007281,KH0442,11/08/2025 09:55:00,TMĐT - Tiki,NV16,Đã giao
DH010022,KH0035,13/07/2026 21:06:00,Sàn Lazada,NV26,Đã giao
DH005600,KH0293,08/11/2025 07:47:00,TMĐT - Lazada,NV25,Đã giao
DH005946,KH0347,07/10/2025 03:11:00,Shopee,NV13,Đã giao
DH009933,KH0306,22/01/2025 13:00:00,Ban le,NV24,Đang xử lý
DH003069,KH0364,17/03/2025 09:06:00,Sàn Lazada,NV24,Đã giao
DH001591,KH0368,08/06/2025 15:47:00,Bán lẻ trực tiếp,NV16,Đã giao
DH005892,KH0155,04/11/2025 14:32:00,Đại lý,NV20,Đang xử lý
DH003252,KH0195,15/06/2026 13:14:00,Ban le,NV17,Đã giao
DH009502,KH0070,02/07/2025 06:19:00,Showroom,NV19,Đã giao
DH000882,KH0272,11/09/2025 17:34:00,Lazada,NV30,Đang xử lý
DH011110,KH0314,05/09/2025 13:20:00,Sàn Lazada,NV08,Đang xử lý
DH005891,KH0119,31/01/2026 10:24:00,TMĐT - Tiki,NV15,Đã giao
DH000839,KH0273,12/03/2025 22:18:00,Lazada,NV15,Mới
DH002636,KH0166,28/09/2024 15:07:00,Shopee,NV04,Đã hủy
DH002349,KH0035,28/12/2024 20:40:00,Showroom,NV11,Đã giao
DH007188,KH0116,11/03/2026 04:02:00,Đại lý,NV01,Đã hủy
DH003632,KH0442,26/11/2025 19:29:00,Lazada,NV29,Đã giao
DH9900111,KH0012,06/07/2026 09:08:00,Lazada,NV11,Đã giao
DH006658,KH0356,27/09/2025 18:17:00,Showroom,NV16,Đang xử lý
DH002463,KH0438,11/05/2026 14:50:00,Ban le,NV19,Đã giao
DH007511,KH0002,16/06/2026 03:09:00,TMĐT - Tiki,NV28,Đã giao
DH010671,,02/09/2024 20:01:00,Shopee,NV28,Mới
DH002600,KH0316,22/10/2024 13:16:00,TMĐT - Tiki,NV04,Mới
DH000123,KH0246,20/02/2026 01:44:00,Sàn Shopee,NV21,Đã giao
DH011048,KH0323,11/12/2024 17:56:00,Ban le,NV04,Đã giao
DH006835,KH0262,17/04/2025 08:14:00,Sàn Shopee,NV14,Trả hàng
DH001743,KH0242,15/10/2025 12:58:00,TMĐT - Tiki,NV02,Trả hàng
DH002147,KH0243,17/06/2025 23:56:00,Ban le,NV11,Đã giao
DH005789,KH0019,16/07/2025 09:31:00,Bán lẻ,NV04,Đã hủy
DH000552,KH0070,20/07/2026 02:40:00,Đại lý,NV17,Đã hủy
DH004371,KH0366,23/08/2025 21:24:00,Ban le,NV16,Đã giao
DH010550,KH0221,02/11/2025 19:48:00,Sàn Shopee,NV04,Đã giao
DH006133,KH0113,24/06/2025 20:27:00,Showroom,NV19,Đã giao
DH006849,KH0379,09/12/2024 09:41:00,Shopee,NV26,Đã giao
DH007879,KH0191,24/05/2026 04:41:00,TMĐT - Tiki,NV20,Mới
DH004970,KH0028,27/03/2026 21:04:00,TMĐT - Lazada,NV03,Đã giao
DH000880,KH0287,22/10/2024 15:31:00,Đại lý,NV22,Đã giao
DH009943,KH0070,02/01/2026 07:06:00,Sàn Lazada,NV16,Đã giao
DH011434,KH0384,24/10/2025 09:52:00,Showroom,NV15,Đã giao
DH001525,KH0053,03/10/2024 20:40:00,Showroom,NV30,Đang xử lý
DH011976,KH0199,13/03/2026 04:01:00,Đại lý,NV21,Mới
DH010830,KH0449,31/07/2025 22:34:00,Đại lý,NV02,Đã giao
DH006987,KH0337,01/06/2025 16:14:00,Đại lý,NV21,Mới
DH000807,KH0390,01/10/2024 15:48:00,Bán lẻ trực tiếp,NV05,Đang xử lý
DH011422,KH0121,22/06/2025 03:44:00,Shopee,NV20,Đã giao
DH002947,KH0262,15/09/2025 11:27:00,Đại lý,NV14,Đã giao
DH004804,KH0325,20/05/2025 01:41:00,TMĐT - Tiki,NV13,Đã giao
DH010018,KH0035,17/12/2024 00:55:00,Lazada,NV09,Đã giao
DH004346,KH0105,23/07/2026 04:04:00,TMĐT - Tiki,NV20,Đã giao
DH004112,KH0088,07/06/2025 09:25:00,Showroom,NV04,Đã giao
DH005874,KH0135,19/10/2025 10:56:00,Đại lý,NV26,Đã giao
DH007968,KH0227,26/04/2025 06:13:00,Sàn Lazada,NV13,Đã giao
DH009711,KH0379,15/06/2025 12:35:00,Đại lý,NV02,Đã giao
DH010445,KH0262,23/06/2026 03:37:00,TMĐT - Tiki,NV15,Đã giao
DH006642,KH0249,29/09/2025 11:33:00,Lazada,NV19,Đã hủy
DH010176,KH0397,27/01/2025 12:07:00,TMĐT - Tiki,NV22,Đã giao
DH009799,KH0385,19/03/2025 14:17:00,Sàn Shopee,NV20,Đã giao
DH005262,KH0155,13/08/2025 09:23:00,Lazada,NV13,Đã hủy
DH002080,KH0290,01/07/2026 18:36:00,Sàn Shopee,NV22,Đang xử lý
DH003207,KH0074,09/11/2024 08:01:00,TMĐT - Tiki,NV27,Trả hàng
DH007000,KH0160,05/04/2026 00:05:00,Showroom,NV02,Trả hàng
DH009375,KH0367,30/12/2025 08:36:00,Ban le,NV15,Trả hàng
DH001398,KH0128,18/03/2025 20:07:00,TMĐT - Tiki,NV04,Đã giao
DH003304,KH0327,06/08/2025 03:18:00,Đại lý,NV17,Đã hủy
DH006135,KH0217,04/01/2025 14:30:00,Lazada,NV23,Đã hủy
DH006207,KH0090,01/10/2024 21:07:00,Showroom,NV24,Đã giao
DH000724,KH0248,22/05/2026 11:25:00,Bán lẻ,NV30,Trả hàng
DH006999,KH0406,23/11/2024 19:15:00,Bán lẻ,NV12,Đã giao
DH004988,KH0400,02/05/2026 15:48:00,Sàn Shopee,NV25,Đã giao
DH011351,KH0195,06/04/2025 00:08:00,Sàn Lazada,NV15,Đã giao
DH003647,KH0339,19/06/2025 04:08:00,Showroom,NV15,Đã giao
DH000749,KH0227,18/04/2026 23:29:00,Ban le,NV29,Đã giao
DH006147,KH0117,28/01/2025 21:23:00,TMĐT - Tiki,NV25,Đã giao
DH003176,KH0306,30/10/2025 00:17:00,Bán lẻ,NV08,Đã giao
DH007864,KH0379,2024-12-30 11:36:00,Đại lý,NV10,Trả hàng
DH002858,KH0365,17/12/2025 22:39:00,Đại lý,NV29,Đã giao
DH009654,KH9007,03/11/2025 03:35:00,Showroom,NV24,Đã giao
DH011376,KH0051,13/05/2025 01:06:00,TMĐT - Tiki,NV11,Đã giao
DH008369,KH0352,15/01/2026 20:47:00,Đại lý,NV13,Đã giao
DH010560,KH0220,25/10/2024 16:48:00,Lazada,NV08,Đã giao
DH007229,KH0128,05/05/2026 03:05:00,Ban le,NV05,Đã giao
DH9900033,KH0211,09/11/2025 18:17:00,Sàn Lazada,NV14,Đã giao
DH005238,KH0368,16/06/2025 04:54:00,Đại lý,NV13,Đã giao
DH003532,KH9010,06/01/2026 00:55:00,Lazada,NV15,Đã giao
DH007960,KH0315,15/06/2026 12:34:00,Ban le,NV19,Đã giao
DH000762,KH0248,09/06/2026 20:43:00,Lazada,NV28,Mới
DH002511,KH0053,15/10/2024 02:56:00,Sàn Lazada,NV19,Trả hàng
DH010728,KH0315,05/05/2025 19:19:00,Showroom,NV30,Đã giao
DH005910,KH0262,13/02/2025 11:39:00,TMĐT - Tiki,NV03,Đã giao
DH000619,KH0012,15/02/2025 18:47:00,Sàn Shopee,NV25,Đã giao
DH007181,KH0147,21/05/2025 19:58:00,TMĐT - Tiki,NV19,Đã hủy
DH001823,KH0365,20/12/2024 18:28:00,Showroom,NV28,Đang xử lý
DH001052,KH0055,09/01/2026 22:54:00,TMĐT - Tiki,NV24,Đã giao
DH009868,KH0048,14/12/2025 10:22:00,Ban le,NV21,Đã giao
DH002300,KH0243,16/10/2025 06:34:00,Shopee,NV02,Đã giao
DH005559,KH0374,10/01/2026 17:42:00,Sàn Shopee,NV02,Đã giao
DH002826,,04/02/2026 07:01:00,Sàn Shopee,NV10,Đã giao
DH001941,,04/05/2025 00:03:00,TMĐT - Tiki,NV29,Đã giao
DH009064,KH0377,16/07/2026 01:27:00,Showroom,NV02,Đã giao
DH9900016,KH0273,12/07/2026 01:42:00,Đại lý,NV17,Đã giao
DH011501,KH0179,31/08/2025 00:27:00,TMĐT - Tiki,NV04,Đã giao
DH010509,KH0297,08/01/2026 00:52:00,Shopee,NV17,Đã giao
DH003731,KH0056,08/10/2025 23:52:00,TMĐT - Tiki,NV16,Đã giao
DH008396,KH0229,25/10/2025 07:53:00,Sàn Lazada,NV11,Đã giao
DH000260,KH0128,07/02/2026 10:12:00,Bán lẻ,NV14,Đã giao
DH010345,KH0406,24/11/2024 17:09:00,Showroom,NV27,Đã giao
DH008533,KH0271,19/04/2026 02:24:00,Shopee,NV24,Đã giao
DH006830,KH0308,26/11/2025 08:54:00,Đại lý,NV07,Đã giao
DH006439,KH0409,01/07/2026 18:26:00,TMĐT - Tiki,NV30,Đã giao
DH011222,KH0034,12/06/2025 03:22:00,TMĐT - Tiki,NV30,Đã giao
DH009946,KH0248,10/01/2025 17:27:00,Shopee,NV08,Đã giao
DH002411,KH0353,16/11/2025 21:23:00,TMĐT - Tiki,NV14,Trả hàng
DH007176,KH0275,09/09/2024 11:08:00,TMĐT - Shopee,NV04,Đang xử lý
DH005781,KH0392,01/11/2024 23:09:00,Lazada,NV25,Đã giao
DH008551,KH0051,08/02/2025 13:07:00,Lazada,NV13,Đã giao
DH006624,KH0242,09/03/2026 03:54:00,Shopee,NV07,Đã giao
DH007946,KH0442,01/10/2024 11:59:00,Bán lẻ,NV19,Đã giao
DH004624,KH0012,09/05/2026 06:32:00,TMĐT - Tiki,NV24,Trả hàng
DH007347,KH0236,07/01/2026 21:19:00,Showroom,NV20,Đã giao
DH011796,KH0121,24/12/2025 14:50:00,Đại lý,NV25,Đã giao
DH008074,KH0034,01/06/2026 06:02:00,TMĐT - Tiki,NV09,Đã giao
DH010548,KH0307,30/07/2025 21:23:00,Đại lý,NV26,Đã giao
DH000386,KH0166,01/10/2025 15:29:00,TMĐT - Tiki,NV18,Đang xử lý
DH009934,KH0421,06/01/2026 22:39:00,Showroom,NV29,Đã giao
DH008042,KH0141,27/01/2025 14:33:00,Đại lý,NV20,Đang xử lý
DH011860,KH0089,24/07/2026 05:36:00,TMĐT - Tiki,NV16,Đã giao
DH004327,KH0054,30/08/2025 07:20:00,TMĐT - Tiki,NV16,Đã giao
DH007314,KH0113,26/03/2025 19:14:00,TMĐT - Tiki,NV22,Đã giao
DH000867,KH0081,25/04/2025 14:06:00,TMĐT - Tiki,NV14,Đã giao
DH008080,KH0051,30/07/2025 11:24:00,TMĐT - Tiki,NV23,Đã giao
DH010493,KH9010,21/02/2026 22:46:00,Showroom,NV12,Đã giao
DH008343,KH0044,14/03/2026 18:51:00,Đại lý,NV03,Đã giao
DH004192,KH0390,18/02/2025 19:27:00,Đại lý,NV09,Đang xử lý
DH007498,KH0315,16/02/2026 22:44:00,Lazada,NV10,Đã giao
DH004333,KH0397,26/05/2026 16:45:00,Shopee,NV28,Đã giao
DH010135,KH0447,21/05/2026 09:57:00,Showroom,NV08,Trả hàng
DH006010,KH0249,22/02/2026 19:58:00,Đại lý,NV03,Đã giao
DH004938,KH9004,20/07/2025 10:34:00,Shopee,NV30,Đã giao
DH007643,KH0012,06/01/2025 11:22:00,Shopee,NV29,Đã giao
DH005333,KH0406,27/07/2025 00:27:00,Lazada,NV02,Trả hàng
DH002882,KH0068,27/02/2025 11:19:00,Shopee,NV26,Đã giao
DH002260,KH0193,06/06/2025 06:54:00,TMĐT - Tiki,NV02,Đã giao
DH003244,KH0447,26/10/2024 11:14:00,Đại lý,NV15,Đã giao
DH008555,KH0413,29/01/2025 02:20:00,Đại lý,NV13,Đã giao
DH009269,KH0406,03/01/2026 12:48:00,Showroom,NV07,Đã giao
DH002870,KH0035,01/10/2025 15:55:00,Sàn Lazada,NV24,Đã giao
DH000922,KH0447,11/06/2025 18:06:00,TMĐT - Tiki,NV26,Đã giao
DH000871,KH0327,24/07/2025 01:53:00,Bán lẻ,NV01,Đã giao
DH000891,KH0171,14/09/2024 04:19:00,Showroom,NV12,Đã giao
DH003676,KH0170,12/08/2025 10:32:00,Sàn Lazada,NV28,Đã giao
DH004268,KH0262,10/01/2025 13:51:00,Shopee,NV16,Đã giao
DH011896,KH0369,11/12/2024 17:52:00,Showroom,NV19,Đã giao
DH9900052,KH0177,19/01/2025 04:27:00,Bán lẻ,NV06,Đã giao
DH006717,KH0051,30/06/2025 08:20:00,Bán lẻ,NV02,Trả hàng
DH008182,KH0232,15/10/2025 22:19:00,Lazada,NV14,Đã giao
DH010367,KH0274,07/02/2026 03:08:00,TMĐT - Lazada,NV16,Đã giao
DH010797,KH0063,28/12/2025 04:23:00,TMĐT - Tiki,NV21,Đã giao
DH011884,KH0306,17/02/2025 15:41:00,TMĐT - Tiki,NV01,Đã giao
DH005507,KH0262,01/01/2025 10:54:00,Bán lẻ trực tiếp,NV15,Đã giao
DH002405,KH0269,11/06/2026 19:11:00,Ban le,NV30,Đã giao
DH001545,KH0346,02/05/2025 09:54:00,Đại lý,NV13,Đã giao
DH007515,KH0141,18/07/2025 20:11:00,Lazada,NV18,Đã giao
DH000309,KH0243,08/11/2024 19:15:00,Sàn Lazada,NV21,Đã giao
DH003109,KH0306,05/08/2024 13:44:00,Đại lý,NV20,Đã giao
DH011831,KH0390,25/12/2024 21:23:00,Sàn Lazada,NV22,Đã giao
DH010439,KH0141,07/12/2025 17:24:00,TMĐT - Tiki,NV01,Đã giao
DH006706,KH0039,27/08/2025 02:05:00,Bán lẻ,NV01,Đã giao
DH009776,KH0337,26/01/2025 01:21:00,TMĐT - Tiki,NV09,Đã giao
DH009021,KH0446,26/06/2026 03:37:00,Bán lẻ,NV14,Đã giao
DH005496,KH0242,26/06/2025 02:22:00,Sàn Shopee,NV22,Trả hàng
DH001592,KH0272,25/03/2026 10:51:00,Lazada,NV06,Đã giao
DH008612,KH0442,03/12/2025 11:05:00,TMĐT - Tiki,NV15,Trả hàng
DH010740,KH0194,13/11/2025 12:39:00,Bán lẻ,NV14,Đã giao
DH008733,KH0262,22/10/2024 14:33:00,TMĐT - Tiki,NV18,Đã giao
DH010886,KH0262,26/11/2025 16:27:00,Showroom,NV09,Đã giao
DH008607,KH0141,01/09/2025 02:46:00,TMĐT - Tiki,NV04,Đã hủy
DH011097,KH0128,19/04/2026 22:44:00,TMĐT - Tiki,NV01,Đã giao
DH008274,KH0436,08/11/2025 17:08:00,TMĐT - Tiki,NV19,Đã giao
DH002393,KH0271,05/10/2024 11:41:00,Showroom,NV21,Đã giao
DH010650,KH0442,15/02/2025 17:59:00,Showroom,NV29,Mới
DH007878,KH0183,08/08/2024 14:42:00,Sàn Shopee,NV12,Đã giao
DH009756,KH0392,30/09/2024 14:20:00,Đại lý,NV02,Đã giao
DH010863,KH0414,22/12/2024 06:53:00,Ban le,NV01,Đã giao
DH004865,KH0070,29/06/2026 08:13:00,Sàn Lazada,NV18,Đã giao
DH002879,KH0146,12/08/2024 17:16:00,Shopee,NV23,Đã giao
DH003327,KH0155,26/09/2025 02:47:00,TMĐT - Tiki,NV17,Đã giao
DH009666,KH0377,11/06/2026 22:26:00,Sàn Lazada,NV27,Đã giao
DH010024,KH0090,21/04/2026 21:38:00,Bán lẻ,NV28,Đã giao
DH005765,KH0368,03/01/2026 13:46:00,TMĐT - Tiki,NV14,Đã hủy
DH002299,KH0442,11/05/2025 09:46:00,Sàn Lazada,NV14,Đã giao
DH004427,KH0394,10/01/2026 10:08:00,Đại lý,NV04,Đã hủy
DH000923,KH0058,26/05/2026 15:06:00,Sàn Shopee,NV16,Đã giao
DH003681,KH0377,02/10/2024 06:19:00,Showroom,NV11,Đã hủy
DH004862,KH0063,10/05/2025 11:29:00,Showroom,NV22,Đã giao
DH000534,KH0155,14/03/2026 05:44:00,Lazada,NV09,Đã giao
DH002312,KH0117,10/03/2025 01:36:00,Sàn Lazada,NV19,Đã giao
DH008847,KH0232,22/12/2024 05:24:00,Sàn Lazada,NV17,Đã giao
DH009971,KH0262,13/06/2025 05:53:00,Đại lý,NV27,Trả hàng
DH003772,KH0391,07/01/2025 17:44:00,Bán lẻ trực tiếp,NV08,Đã giao
DH007291,KH0409,09/08/2025 15:17:00,Showroom,NV03,Đã giao
DH003893,KH0409,2026-01-06 15:57:00,TMĐT - Tiki,NV29,Đã giao
DH9900152,KH0184,19/08/2024 23:00:00,Shopee,NV21,Đã giao
DH002329,KH0141,02/12/2025 17:15:00,Đại lý,NV10,Đã giao
DH005554,KH0179,02/04/2026 08:19:00,Sàn Lazada,NV09,Đang xử lý
DH008574,KH0325,29/04/2025 20:46:00,Bán lẻ,NV02,Đang xử lý
DH004878,KH0028,28/07/2025 00:17:00,Sàn Lazada,NV25,Đã giao
DH001234,,15/03/2026 22:27:00,Đại lý,NV26,Mới
DH009153,KH0314,30/04/2025 23:12:00,TMĐT - Lazada,NV14,Đã giao
DH008122,KH0034,16/01/2026 02:08:00,TMĐT - Tiki,NV16,Đang xử lý
DH000720,KH0227,22/12/2024 02:32:00,Ban le,NV25,Đã giao
DH007372,KH0135,22/01/2026 12:16:00,Ban le,NV16,Đã giao
DH004402,KH0358,18/09/2025 03:51:00,Showroom,NV02,Đã giao
DH001311,KH0087,13/10/2024 14:41:00,Showroom,NV03,Đã giao
DH011471,KH0271,06/10/2025 15:59:00,Ban le,NV05,Đã giao
DH008197,KH0204,08/04/2026 06:52:00,Lazada,NV29,Đã giao
DH003208,KH0409,22/08/2024 11:34:00,Sàn Shopee,NV10,Đã giao
DH008006,KH0155,12/11/2024 21:31:00,TMĐT - Lazada,NV04,Đã giao
DH010534,KH0365,03/02/2025 01:46:00,Đại lý,NV27,Đã giao
DH002162,KH0306,19/08/2025 23:17:00,Bán lẻ,NV17,Trả hàng
DH006775,KH0158,01/01/2025 19:41:00,TMĐT - Tiki,NV09,Đã giao
DH006025,KH0262,19/07/2025 12:22:00,Lazada,NV19,Đã giao
DH010986,KH0274,02/03/2026 02:25:00,Đại lý,NV26,Đã hủy
DH009480,KH0192,05/06/2025 20:58:00,Đại lý,NV24,Đã giao
DH004130,KH0290,29/05/2026 08:08:00,Sàn Shopee,NV16,Đã giao
DH006894,KH0338,2024-12-16 19:39:00,Lazada,NV18,Đã giao
DH008903,KH0034,04/11/2025 13:10:00,Showroom,NV18,Đã giao
DH006315,KH0394,04/11/2025 09:19:00,Showroom,NV11,Đã giao
DH011136,KH9011,21/12/2025 14:03:00,Sàn Shopee,NV20,Đang xử lý
DH006217,KH0103,21/04/2025 04:43:00,Đại lý,NV30,Đã giao
DH005974,,10/04/2025 09:36:00,Bán lẻ,NV24,Đã giao
DH008040,KH0341,10/05/2026 03:26:00,Ban le,NV18,Đã giao
DH010660,KH0012,06/05/2025 16:02:00,Sàn Shopee,NV03,Đã giao
DH002292,KH0163,04/01/2026 04:40:00,TMĐT - Tiki,NV27,Đã giao
DH007696,KH0367,01/01/2026 04:57:00,Bán lẻ,NV11,Đã giao
DH000409,KH0112,03/03/2026 04:38:00,TMĐT - Tiki,NV13,Đã giao
DH008578,KH0227,05/12/2024 04:41:00,TMĐT - Tiki,NV24,Đã giao
DH000502,KH0447,26/06/2025 17:41:00,TMĐT - Tiki,NV04,Đã giao
DH004978,KH0352,19/12/2025 15:40:00,Sàn Lazada,NV19,Đã giao
DH002264,KH0257,09/03/2025 06:59:00,Đại lý,NV22,Mới
DH007492,KH0056,06/06/2026 04:40:00,Sàn Shopee,NV15,Đã giao
DH005225,KH0229,23/11/2024 02:04:00,Bán lẻ,NV24,Đang xử lý
DH005975,KH0135,06/03/2026 00:45:00,Showroom,NV29,Đã giao
DH007616,KH0396,01/04/2026 22:03:00,Sàn Shopee,NV14,Đã giao
DH009991,KH0233,02/07/2026 22:52:00,Lazada,NV21,Đã giao
DH003955,KH0442,21/07/2025 21:34:00,Đại lý,NV09,Đã giao
DH001264,KH0272,02/07/2026 17:17:00,Đại lý,NV05,Đã giao
DH011164,KH0428,11/09/2024 15:56:00,TMĐT - Shopee,NV26,Mới
DH000382,,03/05/2025 21:40:00,Showroom,NV07,Đã giao
DH004561,KH0306,13/10/2025 04:30:00,Đại lý,NV04,Mới
DH007630,KH0391,12/10/2024 10:44:00,Showroom,NV30,Đã giao
DH005545,KH0367,06/12/2025 22:05:00,Shopee,NV29,Đã giao
DH008087,KH0116,24/09/2025 00:41:00,Lazada,NV13,Đã hủy
DH006855,KH0171,30/01/2026 22:28:00,Bán lẻ,NV28,Đã giao
DH000707,KH0227,26/05/2026 18:46:00,Ban le,NV25,Đã giao
DH009517,KH0396,02/05/2025 22:35:00,Lazada,NV04,Đã giao
DH010896,KH0135,18/11/2025 06:23:00,TMĐT - Tiki,NV25,Đã hủy
DH004188,,12/08/2024 05:06:00,Đại lý,NV28,Đã giao
DH000456,KH0257,15/08/2024 08:49:00,Bán lẻ,NV05,Đã giao
DH002756,KH0278,09/09/2025 13:07:00,Đại lý,NV12,Đang xử lý
DH010580,KH0397,24/03/2025 12:38:00,Đại lý,NV19,Đã giao
DH007243,KH0252,22/12/2025 05:51:00,Đại lý,NV25,Đã giao
DH007779,KH0054,15/08/2025 22:10:00,Bán lẻ,NV30,Đã giao
DH005317,KH0262,02/06/2025 08:46:00,Đại lý,NV11,Đã giao
DH003625,KH0193,12/01/2025 00:10:00,Shopee,NV29,Đã giao
DH000911,KH0116,21/11/2024 09:37:00,Lazada,NV17,Đang xử lý
DH008495,KH0442,15/11/2025 08:01:00,TMĐT - Tiki,NV22,Đã giao
DH001800,KH0256,18/12/2024 20:12:00,Đại lý,NV06,Đã giao
DH003880,KH0385,21/10/2024 07:01:00,Showroom,NV27,Đã giao
DH005414,KH0128,03/05/2026 01:02:00,Ban le,NV28,Đã giao
DH001399,KH0071,21/02/2026 17:05:00,Đại lý,NV09,Đã giao
DH000823,KH0114,17/01/2025 18:04:00,Đại lý,NV06,Đã giao
DH004322,KH0262,21/07/2025 18:56:00,TMĐT - Tiki,NV10,Trả hàng
DH006002,KH0390,18/07/2026 15:09:00,Sàn Shopee,NV24,Đã giao
DH005140,KH0201,11/01/2025 03:08:00,TMĐT - Tiki,NV22,Đã giao
DH000449,KH9001,04/06/2026 02:54:00,Shopee,NV26,Đã giao
DH007393,KH0442,24/01/2026 08:46:00,Bán lẻ,NV14,Đã giao
DH009949,KH0065,10/11/2025 02:32:00,Lazada,NV18,Đã giao
DH010768,KH0438,27/03/2025 18:18:00,Sàn Lazada,NV14,Đã giao
DH003836,KH0140,15/04/2025 23:04:00,TMĐT - Lazada,NV29,Đang xử lý
DH009722,KH0254,2025-08-16 07:13:00,Showroom,NV14,Đã giao
DH008468,KH0155,01/10/2025 06:43:00,Đại lý,NV23,Đã giao
DH001703,KH0321,31/01/2026 12:04:00,TMĐT - Tiki,NV22,Đã giao
DH004716,KH0248,31/01/2026 00:55:00,Showroom,NV24,Đã giao
DH007921,KH0396,22/08/2025 05:07:00,Ban le,NV02,Đã giao
DH008611,KH0204,30/01/2025 20:27:00,TMĐT - Tiki,NV04,Đã giao
DH009414,KH0243,31/03/2025 18:37:00,TMĐT - Tiki,NV28,Đã giao
DH004982,KH0314,01/01/2025 08:44:00,TMĐT - Tiki,NV27,Đã giao
DH002177,KH0379,19/04/2025 01:05:00,Shopee,NV18,Đã giao
DH002070,KH0036,21/04/2025 23:24:00,Lazada,NV05,Đã giao
DH000498,KH0246,24/12/2024 06:08:00,Ban le,NV29,Đã giao
DH005852,KH0105,18/03/2025 21:11:00,Showroom,NV07,Đã giao
DH003876,KH0391,2025-08-22 09:09:00,Đại lý,NV28,Đã giao
DH002754,KH0016,07/12/2025 01:51:00,Shopee,NV03,Đã giao
DH010788,KH0151,14/03/2026 21:23:00,Bán lẻ,NV20,Đã giao
DH010709,KH0114,03/10/2025 23:39:00,Sàn Lazada,NV20,Trả hàng
DH009013,KH0155,07/11/2025 02:30:00,Lazada,NV29,Đang xử lý
DH007580,KH9001,22/05/2025 02:09:00,Sàn Lazada,NV04,Đã giao
DH000464,KH0113,30/05/2025 06:39:00,Bán lẻ,NV24,Đã giao
DH002497,KH0433,26/09/2024 15:02:00,Đại lý,NV13,Đã giao
DH011948,KH0066,27/08/2024 22:27:00,Đại lý,NV21,Đã giao
DH005371,KH0266,12/09/2025 21:43:00,Showroom,NV26,Đã giao
DH000088,KH0250,09/04/2026 19:36:00,TMĐT - Tiki,NV23,Đã giao
DH007540,KH0070,24/12/2024 15:55:00,Đại lý,NV06,Đang xử lý
DH000429,KH0370,12/03/2025 13:39:00,Đại lý,NV06,Đã giao
DH000913,KH0267,28/12/2024 09:07:00,Shopee,NV06,Đang xử lý
DH001955,KH0184,04/07/2025 00:29:00,TMĐT - Tiki,NV03,Đã giao
DH009549,KH0254,13/12/2025 12:49:00,Bán lẻ,NV13,Đã giao
DH006825,KH0402,03/05/2025 05:36:00,Shopee,NV23,Đang xử lý
DH004428,KH0135,15/12/2024 06:18:00,Showroom,NV13,Đã giao
DH006701,KH0314,14/09/2024 04:16:00,Lazada,NV17,Đã giao
DH002403,KH0155,02/10/2025 19:09:00,Ban le,NV04,Đã giao
DH002984,KH0075,04/01/2025 09:25:00,Đại lý,NV28,Đã giao
DH001767,KH0188,15/12/2025 02:05:00,Shopee,NV02,Đã giao
DH008235,KH0273,21/04/2026 19:58:00,TMĐT - Tiki,NV15,Đã giao
DH004495,KH0070,03/05/2026 07:27:00,Ban le,NV17,Đã giao
DH009296,KH0262,14/07/2026 14:01:00,Bán lẻ,NV07,Đã hủy
DH006358,KH0447,24/10/2025 03:25:00,Bán lẻ,NV25,Đã giao
DH011238,KH0241,05/08/2025 07:42:00,Lazada,NV22,Đã giao
DH000049,KH0056,17/12/2025 09:21:00,Đại lý,NV05,Đã giao
DH008428,KH0044,12/09/2024 06:26:00,Đại lý,NV28,Đã giao
DH004202,KH0063,20/05/2026 02:03:00,TMĐT - Tiki,NV17,Đã giao
DH005158,KH0035,25/12/2024 07:10:00,Đại lý,NV10,Đã giao
DH006269,KH0243,04/08/2024 09:49:00,Sàn Lazada,NV07,Đã giao
DH000605,KH0241,30/12/2025 18:57:00,Showroom,NV03,Đã giao
DH011661,,02/02/2025 16:27:00,Đại lý,NV30,Đã giao
DH005098,KH0035,23/01/2026 15:21:00,Sàn Lazada,NV17,Đã giao
DH007902,KH0190,14/11/2024 17:31:00,Lazada,NV08,Đã giao
DH009128,KH0299,02/06/2026 13:01:00,Ban le,NV02,Đã giao
DH001465,KH0337,11/12/2025 06:29:00,Sàn Lazada,NV24,Đang xử lý
DH9900046,KH0041,22/04/2025 02:09:00,Showroom,NV17,Đã giao
DH006494,KH0325,03/11/2024 23:49:00,Bán lẻ,NV28,Đã giao
DH001601,KH0051,01/08/2025 06:12:00,Showroom,NV12,Đang xử lý
DH9900133,KH9013,15/07/2026 00:58:00,Sàn Shopee,NV15,Mới
DH010746,KH0150,14/12/2025 10:36:00,Shopee,NV10,Đã giao
DH010769,KH0412,23/09/2024 11:53:00,Showroom,NV01,Đã hủy
DH010567,KH0249,03/06/2025 20:32:00,TMĐT - Tiki,NV26,Đã giao
DH001453,KH0446,19/11/2025 16:18:00,Bán lẻ,NV30,Đã giao
DH009600,KH9010,21/11/2024 06:05:00,Đại lý,NV28,Đã giao
DH001124,KH0314,25/01/2026 15:43:00,Lazada,NV01,Đã giao
DH005577,KH0072,05/10/2024 05:47:00,Sàn Shopee,NV02,Đã giao
DH000691,KH0422,04/01/2025 01:20:00,Sàn Shopee,NV23,Đã giao
DH008768,KH0116,15/02/2026 21:43:00,Sàn Lazada,NV11,Trả hàng
DH010888,KH0391,19/12/2024 15:52:00,TMĐT - Tiki,NV03,Mới
DH006858,KH0257,16/02/2025 21:39:00,Showroom,NV11,Đã giao
DH002563,KH0121,07/05/2026 22:47:00,Showroom,NV01,Mới
DH008153,KH0056,08/04/2026 11:40:00,Showroom,NV04,Đã giao
DH005097,KH9008,16/08/2024 10:05:00,Đại lý,NV11,Đã giao
DH002673,KH0286,12/01/2025 05:15:00,Lazada,NV17,Đã giao
DH001214,KH0365,23/10/2024 14:31:00,Ban le,NV11,Đang xử lý
DH000472,KH0166,24/01/2025 08:49:00,Lazada,NV27,Đã giao
DH009782,KH0442,2025-05-16 22:19:00,Bán lẻ,NV03,Đang xử lý
DH001910,KH0303,27/12/2024 13:16:00,TMĐT - Tiki,NV01,Đã giao
DH009769,KH0227,24/02/2025 16:44:00,Sàn Shopee,NV28,Đã giao
DH010698,KH0447,04/08/2024 02:42:00,Showroom,NV09,Mới
DH001373,KH0249,26/11/2025 04:09:00,Sàn Lazada,NV24,Đã giao
DH007811,KH0002,03/03/2026 02:03:00,Sàn Lazada,NV16,Mới
DH005674,KH0391,14/01/2026 01:13:00,TMĐT - Tiki,NV23,Đã hủy
DH006821,KH0053,04/06/2026 15:37:00,Đại lý,NV02,Đã giao
DH001308,KH0213,12/03/2025 00:52:00,Showroom,NV10,Đã hủy
DH007464,KH0183,21/02/2025 16:42:00,Sàn Lazada,NV07,Đã giao
DH9900153,KH0227,19/10/2024 00:19:00,Sàn Lazada,NV14,Đang xử lý
DH002399,KH0124,04/11/2024 09:22:00,TMĐT - Tiki,NV11,Đã giao
DH002287,KH0347,12/05/2026 23:49:00,Đại lý,NV15,Đã giao
DH002762,KH0447,30/07/2026 14:18:00,Sàn Lazada,NV08,Đã giao
DH008270,KH0155,13/11/2025 00:47:00,Bán lẻ,NV09,Đã giao
DH008328,KH0447,10/02/2025 13:53:00,TMĐT - Tiki,NV30,Đang xử lý
DH000901,KH0263,25/11/2024 09:20:00,Ban le,NV22,Đã giao
DH006822,KH0193,17/07/2026 12:30:00,TMĐT - Tiki,NV25,Đã giao
DH003568,KH0367,23/06/2026 05:57:00,Sàn Shopee,NV20,Đang xử lý
DH006699,,23/01/2026 16:14:00,Sàn Shopee,NV19,Đang xử lý
DH006776,KH0326,21/06/2025 18:19:00,Ban le,NV26,Đang xử lý
DH000936,KH0248,28/11/2024 18:06:00,Đại lý,NV08,Đã giao
DH004953,KH0391,30/06/2026 12:33:00,Sàn Lazada,NV21,Đang xử lý
DH011109,KH0399,16/06/2025 15:29:00,Đại lý,NV10,Đã giao
DH002677,KH0136,26/05/2025 12:49:00,Lazada,NV07,Đã giao
DH006956,KH0305,22/02/2025 03:02:00,Ban le,NV11,Đã giao
DH001108,,08/09/2025 05:02:00,Đại lý,NV11,Đã giao
DH009310,KH0288,04/11/2024 13:30:00,Ban le,NV29,Đã giao
DH009379,KH0365,21/05/2026 14:00:00,Sàn Lazada,NV06,Mới
DH008339,KH0243,15/09/2024 03:33:00,Showroom,NV29,Đã giao
DH002678,KH0096,09/09/2025 21:03:00,Đại lý,NV07,Đã giao
DH003273,KH0044,13/10/2025 22:35:00,Shopee,NV16,Đã giao
DH010437,KH0379,22/03/2026 03:31:00,Showroom,NV30,Trả hàng
DH004649,KH0070,22/05/2026 10:55:00,Đại lý,NV05,Mới
DH009739,KH0274,11/10/2024 20:09:00,Bán lẻ,NV14,Đang xử lý
DH005167,KH0412,29/09/2024 05:58:00,Sàn Lazada,NV29,Đã giao
DH002154,KH0113,2025-01-31 12:11:00,Shopee,NV22,Mới
DH000696,KH0063,12/11/2025 04:23:00,Đại lý,NV25,Đã giao
DH004813,KH0227,03/12/2025 11:22:00,Ban le,NV16,Đã giao
DH007167,KH0273,24/08/2025 18:43:00,Bán lẻ,NV06,Đã giao
DH001100,KH0193,29/12/2024 08:39:00,Đại lý,NV02,Đã giao
DH001612,KH0179,15/11/2025 07:23:00,TMĐT - Tiki,NV23,Đã giao
DH005982,KH9003,25/01/2025 21:18:00,Showroom,NV16,Đã giao
DH002311,KH0220,09/01/2025 22:08:00,Shopee,NV16,Mới
DH004645,KH9009,09/08/2025 17:12:00,Bán lẻ,NV07,Đã giao
DH008341,KH0140,19/11/2025 10:50:00,Showroom,NV05,Đã giao
DH009083,KH0242,26/01/2026 05:01:00,Lazada,NV10,Đã giao
DH008257,KH0266,21/05/2025 05:53:00,Ban le,NV21,Đã giao
DH002648,KH0002,27/12/2024 16:52:00,Đại lý,NV01,Đã giao
DH000611,KH0277,04/01/2026 14:31:00,TMĐT - Tiki,NV30,Đã giao
DH002542,KH0314,22/08/2025 04:28:00,Showroom,NV21,Mới
DH000109,KH0338,31/01/2026 23:36:00,Ban le,NV14,Đã giao
DH9900131,KH0396,14/02/2025 08:41:00,Đại lý,NV27,Đã giao
DH004003,KH0344,11/07/2026 23:26:00,Bán lẻ trực tiếp,NV14,Đã giao
DH001887,KH0249,29/07/2025 01:58:00,Sàn Lazada,NV11,Đã giao
DH003373,KH0231,01/08/2024 09:17:00,Sàn Shopee,NV26,Đã giao
DH011747,KH0053,07/08/2025 10:32:00,TMĐT - Tiki,NV09,Đang xử lý
DH007478,KH0428,16/12/2024 05:58:00,Đại lý,NV24,Mới
DH000760,KH0404,12/03/2025 18:30:00,Sàn Shopee,NV17,Đã giao
DH011684,KH0155,18/11/2024 16:12:00,Lazada,NV02,Đã giao
DH005223,KH0242,14/06/2026 05:15:00,Sàn Shopee,NV27,Đã giao
DH004414,KH0119,08/05/2026 11:09:00,Đại lý,NV26,Đã giao
DH003986,KH0074,14/08/2025 12:20:00,TMĐT - Tiki,NV02,Đã giao
DH005685,KH0428,07/09/2024 02:21:00,TMĐT - Tiki,NV23,Đã giao
DH001977,KH0442,28/04/2026 22:32:00,Shopee,NV10,Đã giao
DH002888,KH0242,01/05/2026 04:26:00,Đại lý,NV25,Đã giao
DH000533,KH0012,09/09/2025 04:48:00,Showroom,NV09,Đã giao
DH011219,KH0262,08/10/2025 17:59:00,TMĐT - Tiki,NV26,Đã giao
DH007389,KH0241,23/05/2026 18:43:00,Ban le,NV09,Đã giao
DH001961,KH0287,15/04/2026 19:43:00,Showroom,NV08,Đã giao
DH001147,KH0141,21/01/2025 20:09:00,Showroom,NV21,Đã giao
DH003885,KH9012,28/06/2026 16:25:00,Sàn Lazada,NV12,Đã giao
DH010733,KH0409,25/08/2025 17:36:00,TMĐT - Tiki,NV29,Đang xử lý
DH010027,KH0446,18/09/2024 17:06:00,TMĐT - Tiki,NV15,Đang xử lý
DH000716,KH0155,07/02/2025 18:33:00,Sàn Lazada,NV26,Đã giao
DH009266,KH0053,15/12/2024 00:26:00,Bán lẻ,NV13,Đã giao
DH006667,KH0029,08/08/2025 22:07:00,Shopee,NV18,Đã giao
DH000633,KH0031,30/08/2025 01:32:00,Showroom,NV30,Đã giao
DH008480,KH0257,05/01/2025 03:06:00,Sàn Shopee,NV20,Đã giao
DH008371,KH0070,24/12/2025 07:13:00,Đại lý,NV05,Đã hủy
DH003472,KH0065,24/12/2024 21:17:00,Shopee,NV08,Đã giao
DH008223,KH0447,25/12/2024 15:21:00,Sàn Lazada,NV01,Đã hủy
DH002288,KH0402,19/03/2026 16:38:00,TMĐT - Tiki,NV16,Đã giao
DH001201,KH0391,13/01/2026 09:05:00,Showroom,NV25,Đã giao
DH001618,KH0155,07/04/2026 06:34:00,Lazada,NV22,Đã giao
DH010528,KH0155,10/12/2025 00:34:00,Ban le,NV23,Đã giao
DH002397,,29/08/2024 03:31:00,Ban le,NV29,Đã giao
DH006393,KH0314,27/05/2026 18:28:00,TMĐT - Tiki,NV28,Đã giao
DH000305,KH0012,04/07/2026 10:35:00,Sàn Lazada,NV27,Đã giao
DH005613,KH0366,22/10/2024 08:28:00,TMĐT - Tiki,NV25,Đã giao
DH011288,KH0442,05/12/2024 04:58:00,Bán lẻ,NV18,Đã giao
DH003042,KH0337,21/06/2026 00:59:00,Bán lẻ,NV11,Đã giao
DH003511,,01/04/2026 07:13:00,TMĐT - Tiki,NV05,Đã giao
DH002194,KH0262,30/12/2025 16:57:00,Đại lý,NV24,Mới
DH005191,KH0227,10/06/2026 07:24:00,TMĐT - Tiki,NV06,Đã giao
DH007017,KH0359,06/06/2025 02:06:00,Đại lý,NV25,Đã giao
DH002354,KH0155,28/01/2026 12:09:00,TMĐT - Tiki,NV02,Đã giao
DH009660,KH0406,27/05/2026 09:48:00,Bán lẻ,NV11,Đã giao
DH009824,KH0068,28/01/2026 03:21:00,Bán lẻ,NV03,Đang xử lý
DH001178,KH0093,09/06/2025 11:16:00,Đại lý,NV22,Mới
DH003000,KH0227,14/09/2024 13:09:00,Showroom,NV13,Đã giao
DH002885,KH0070,28/04/2025 19:30:00,Bán lẻ,NV30,Đã giao
DH005965,KH0293,14/02/2025 01:13:00,Sàn Shopee,NV12,Đã giao
DH010637,KH0442,06/07/2026 07:54:00,Đại lý,NV13,Trả hàng
DH009423,KH0183,25/06/2025 17:47:00,Đại lý,NV05,Trả hàng
DH007544,KH0262,13/03/2025 21:50:00,TMĐT - Tiki,NV25,Đã giao
DH003417,KH0063,27/09/2025 17:38:00,Ban le,NV10,Đang xử lý
DH004437,,17/12/2025 01:12:00,Showroom,NV25,Đã giao
DH001067,KH0227,22/05/2026 06:26:00,Shopee,NV19,Đã giao
DH008720,KH0257,23/12/2024 19:48:00,Bán lẻ,NV21,Đã giao
DH009125,KH0248,10/05/2026 14:05:00,Lazada,NV29,Mới
DH010067,KH0368,09/09/2025 08:02:00,Ban le,NV22,Mới
DH005581,KH0229,09/11/2024 18:50:00,TMĐT - Lazada,NV07,Đã giao
DH008710,KH0141,30/06/2026 15:52:00,Đại lý,NV11,Đã giao
DH001488,KH0166,2025-10-26 22:14:00,Đại lý,NV30,Đang xử lý
DH010544,KH0023,21/03/2025 16:37:00,Showroom,NV07,Đã giao
DH011859,KH0276,23/11/2024 07:00:00,Đại lý,NV20,Đã giao
DH001342,KH0035,22/05/2026 04:45:00,Sàn Lazada,NV17,Đã giao
DH008307,KH0155,12/10/2024 11:50:00,TMĐT - Tiki,NV25,Đã giao
DH003482,KH0001,30/09/2025 04:10:00,Shopee,NV02,Đã giao
DH001020,KH0367,26/02/2026 01:17:00,Showroom,NV26,Đã giao
DH000917,KH0323,14/06/2026 18:32:00,Bán lẻ,NV30,Đang xử lý
DH006602,KH0445,05/07/2026 06:31:00,TMĐT - Tiki,NV10,Đã giao
DH006230,KH0204,06/07/2025 18:10:00,Đại lý,NV23,Đã giao
DH003950,KH0400,17/06/2026 15:31:00,Showroom,NV15,Đã giao
DH003181,KH0204,20/12/2024 08:23:00,TMĐT - Tiki,NV18,Đã giao
DH006206,KH0218,2026-05-15 18:02:00,Đại lý,NV03,Đã giao
DH006811,KH0161,05/03/2025 10:39:00,TMĐT - Lazada,NV20,Đã giao
DH009801,KH0262,21/09/2025 18:13:00,TMĐT - Lazada,NV12,Đã giao
DH011691,KH0368,21/03/2026 12:42:00,Bán lẻ,NV22,Đã giao
DH009113,KH0323,30/07/2026 10:52:00,TMĐT - Tiki,NV26,Đã giao
DH008591,KH0227,20/11/2024 03:49:00,Showroom,NV29,Đã giao
DH007725,KH0379,19/08/2024 13:32:00,Đại lý,NV20,Đã giao
DH011941,KH0135,18/11/2025 02:42:00,Sàn Lazada,NV09,Đang xử lý
DH009358,KH0413,29/08/2025 08:17:00,Showroom,NV27,Đã giao
DH011818,KH0035,09/04/2026 10:15:00,Showroom,NV10,Đã giao
DH003972,KH0155,28/02/2025 09:23:00,Shopee,NV06,Đã giao
DH007695,KH0248,19/11/2024 01:52:00,Đại lý,NV30,Đã giao
DH003683,KH0200,13/08/2024 20:11:00,Sàn Shopee,NV10,Đã giao
DH007531,KH0089,24/09/2024 18:09:00,Showroom,NV26,Đã hủy
DH008373,KH0447,16/07/2026 14:00:00,Shopee,NV28,Đã giao
DH001429,KH0385,16/12/2025 16:48:00,Showroom,NV24,Đã giao
DH008057,KH0198,29/01/2026 01:01:00,Đại lý,NV08,Đã giao
DH003841,KH0077,26/04/2026 13:16:00,TMĐT - Tiki,NV01,Đã giao
DH011626,KH0412,27/12/2025 05:24:00,Shopee,NV16,Đã hủy
DH008798,KH0420,26/04/2025 22:35:00,Sàn Lazada,NV10,Đang xử lý
DH010056,KH0193,06/03/2026 21:57:00,TMĐT - Tiki,NV11,Đã giao
DH001303,KH0138,23/01/2026 21:56:00,Sàn Shopee,NV21,Đã giao
DH009900,KH0265,29/06/2025 19:19:00,TMĐT - Tiki,NV07,Đã giao
DH009951,KH9006,09/04/2025 21:33:00,Sàn Shopee,NV25,Đã giao
DH005460,KH0140,31/12/2025 14:15:00,TMĐT - Tiki,NV07,Đã giao
DH002095,KH0065,25/06/2026 06:42:00,Lazada,NV09,Đã giao
DH007998,KH0080,03/06/2025 19:08:00,Shopee,NV13,Đã giao
DH005104,KH0337,30/12/2024 10:58:00,TMĐT - Shopee,NV01,Đã giao
DH005232,KH0256,26/04/2025 00:20:00,Showroom,NV23,Đã giao
DH001032,KH0215,21/12/2025 05:40:00,Đại lý,NV28,Mới
DH004514,KH0442,06/02/2025 04:35:00,Bán lẻ,NV09,Đang xử lý
DH003544,KH0117,01/06/2025 19:17:00,Bán lẻ,NV01,Đã giao
DH008323,KH0158,14/01/2026 02:02:00,Đại lý,NV22,Đã giao
DH006982,KH0070,10/07/2025 17:09:00,Showroom,NV10,Đang xử lý
DH005787,KH0276,27/12/2024 04:38:00,Showroom,NV13,Đã giao
DH007703,KH0193,11/02/2026 18:21:00,Đại lý,NV28,Trả hàng
DH000597,KH0192,18/08/2024 07:05:00,TMĐT - Lazada,NV20,Đã giao
DH004458,KH0122,30/03/2025 09:00:00,Shopee,NV16,Đã giao
DH007192,KH0094,19/06/2026 00:41:00,TMĐT - Tiki,NV29,Đang xử lý
DH003698,KH0221,14/01/2025 01:19:00,Showroom,NV01,Đã giao
DH005638,KH0179,16/12/2025 12:14:00,TMĐT - Tiki,NV08,Trả hàng
DH003321,KH0044,04/10/2025 22:45:00,Sàn Shopee,NV07,Đã giao
DH009175,KH0053,08/01/2026 08:22:00,Đại lý,NV09,Đang xử lý
DH9900063,KH0105,18/04/2026 14:08:00,TMĐT - Tiki,NV04,Đã giao
DH004962,KH0262,04/07/2025 15:09:00,Bán lẻ,NV26,Đã giao
DH006045,KH0399,02/10/2024 03:53:00,TMĐT - Tiki,NV20,Đã giao
DH009802,KH0397,04/01/2026 16:59:00,Đại lý,NV02,Đã giao
DH000038,,22/02/2026 21:23:00,Đại lý,NV28,Đã giao
DH009687,KH0377,12/06/2025 04:11:00,Bán lẻ,NV01,Đã giao
DH006598,KH0188,04/01/2026 13:24:00,Shopee,NV09,Đã giao
DH006496,KH0031,16/01/2026 01:27:00,Đại lý,NV15,Đã giao
DH005457,KH0248,19/12/2025 08:25:00,Ban le,NV03,Đã giao
DH003092,KH0352,19/02/2025 19:44:00,Lazada,NV08,Đã giao
DH9900140,KH0397,08/10/2024 13:48:00,Đại lý,NV04,Đã giao
DH005472,KH0179,04/02/2025 07:59:00,TMĐT - Tiki,NV14,Đã hủy
DH005884,KH0002,07/16/2025 06:08:00,Showroom,NV22,Đã giao
DH002319,KH0337,20/11/2025 08:13:00,TMĐT - Lazada,NV13,Đã giao
DH009419,KH0365,27/07/2025 04:37:00,Showroom,NV08,Đã giao
DH003582,KH0035,04/05/2025 10:29:00,Ban le,NV05,Trả hàng
DH002958,KH0405,04/13/2026 21:00:00,TMĐT - Tiki,NV09,Đã giao
DH010131,KH0167,11/08/2024 00:10:00,Đại lý,NV08,Đã giao
DH004591,KH0098,11/01/2026 22:11:00,Đại lý,NV07,Đã giao
DH008054,KH0192,2024-12-13 04:29:00,Shopee,NV15,Đã giao
DH009201,KH0140,22/10/2025 13:03:00,Shopee,NV06,Đã giao
DH005110,KH0117,22/01/2026 21:12:00,Ban le,NV02,Đã giao
DH011499,KH0259,04/07/2026 17:39:00,Ban le,NV25,Đã giao
DH004723,KH0404,01/04/2026 12:30:00,Sàn Lazada,NV10,Đã giao
DH005088,KH0213,15/10/2025 20:51:00,TMĐT - Tiki,NV30,Đã giao
DH009168,,20/05/2025 18:12:00,Sàn Lazada,NV24,Đang xử lý
DH009436,KH0113,25/04/2025 19:05:00,TMĐT - Tiki,NV06,Đã hủy
DH001699,KH0161,31/07/2026 10:36:00,Đại lý,NV14,Đã giao
DH010478,KH0164,06/05/2025 10:11:00,Bán lẻ,NV15,Đã giao
DH008432,KH0382,11/09/2024 00:03:00,TMĐT - Tiki,NV16,Đã giao
DH002688,KH0187,04/06/2026 15:50:00,Sàn Shopee,NV09,Mới
DH006267,KH0155,31/12/2025 04:44:00,Showroom,NV24,Mới
DH007487,KH0330,16/06/2025 07:22:00,TMĐT - Shopee,NV08,Đã giao
DH001315,KH0063,29/06/2026 20:25:00,Sàn Lazada,NV11,Đã hủy
DH008887,KH0052,11/11/2024 11:16:00,Bán lẻ,NV26,Đã giao
DH007145,KH0116,30/09/2025 08:44:00,Sàn Lazada,NV09,Đã giao
DH007661,KH0359,30/12/2024 19:37:00,Đại lý,NV01,Đã giao
DH003979,KH0406,14/11/2024 11:41:00,TMĐT - Shopee,NV29,Đã giao
DH008303,KH0140,2025-01-03 20:21:00,Ban le,NV28,Đã giao
DH001919,KH0120,07/10/2025 23:25:00,TMĐT - Tiki,NV08,Đã hủy
DH009609,KH0178,08/12/2025 10:44:00,Sàn Lazada,NV09,Đã giao
DH005662,KH0337,23/08/2025 08:37:00,Sàn Lazada,NV15,Đã giao
DH001091,KH0227,06/08/2024 16:31:00,TMĐT - Tiki,NV11,Đã giao
DH003934,KH0183,28/07/2026 03:46:00,Showroom,NV15,Đã giao
DH001585,KH0409,20/03/2026 09:26:00,Sàn Shopee,NV13,Đã giao
DH003642,KH0442,09/05/2026 18:25:00,Sàn Lazada,NV10,Đã giao
DH008984,,26/12/2024 11:57:00,Showroom,NV14,Đã giao
DH002806,KH0387,07/10/2024 22:04:00,Showroom,NV21,Đã giao
DH010066,KH0105,09/08/2024 22:52:00,Ban le,NV03,Đã giao
DH000717,KH0367,10/08/2025 08:12:00,Shopee,NV28,Đã giao
DH002562,KH0273,11/10/2025 19:31:00,Bán lẻ,NV29,Đã giao
DH000858,KH0151,07/01/2025 19:54:00,TMĐT - Tiki,NV04,Đã giao
DH005008,KH0071,19/10/2024 03:44:00,Shopee,NV25,Đã giao
DH010483,KH0179,16/08/2025 23:51:00,Đại lý,NV01,Đã giao
DH009797,KH0208,31/01/2026 08:26:00,Sàn Lazada,NV06,Đã giao
DH005216,KH0242,28/08/2025 05:14:00,Sàn Lazada,NV19,Đã giao
DH007641,KH0239,2025-03-23 11:37:00,Shopee,NV29,Đã giao
DH9900113,KH0138,02/07/2026 22:19:00,Ban le,NV13,Đã hủy
DH007830,KH0155,24/02/2025 08:15:00,TMĐT - Tiki,NV15,Đã giao
DH000316,KH0243,22/05/2026 21:04:00,Showroom,NV09,Đã giao
DH000961,KH0365,14/12/2024 13:20:00,Đại lý,NV15,Đã giao
DH003234,KH0124,08/12/2024 18:32:00,Showroom,NV23,Đã giao
DH001358,KH0447,14/08/2024 05:09:00,Sàn Lazada,NV06,Đã giao
DH006184,KH0374,09/06/2025 12:49:00,TMĐT - Lazada,NV25,Mới
DH000496,KH0391,23/09/2024 11:31:00,Đại lý,NV09,Đã giao
DH004151,KH0140,29/12/2024 12:40:00,Shopee,NV23,Đã giao
DH000117,KH0262,18/08/2024 12:33:00,Showroom,NV30,Đã giao
DH011125,KH0232,03/12/2024 17:34:00,Showroom,NV21,Đang xử lý
DH001344,KH0070,08/01/2026 03:20:00,Đại lý,NV29,Đã giao
DH004990,KH0281,09/05/2026 17:05:00,Showroom,NV09,Đã giao
DH009508,KH0212,14/09/2024 00:28:00,Lazada,NV02,Đã giao
DH007440,KH0367,12/06/2025 21:17:00,Đại lý,NV01,Đã giao
DH002732,KH0051,10/11/2024 19:52:00,Đại lý,NV17,Đã giao
DH011440,KH0087,10/11/2025 12:56:00,Đại lý,NV09,Đã giao
DH000998,KH0438,19/01/2025 01:31:00,Đại lý,NV03,Đã giao
DH006279,KH0411,28/10/2025 16:33:00,Showroom,NV14,Đã giao
DH006709,KH0265,29/01/2025 23:15:00,Bán lẻ,NV25,Đã giao
DH007910,KH0034,02/12/2025 12:11:00,TMĐT - Tiki,NV21,Đã giao
DH004087,KH0003,04/06/2025 14:01:00,Shopee,NV10,Đã giao
DH005028,KH0198,01/02/2026 22:33:00,Bán lẻ,NV28,Đã giao
DH008434,KH0337,05/10/2025 10:51:00,Shopee,NV14,Trả hàng
DH000830,KH0402,23/12/2025 15:23:00,Lazada,NV13,Đã giao
DH011304,KH0280,24/11/2025 07:06:00,Showroom,NV13,Đã giao
DH004223,KH0274,05/08/2024 02:56:00,TMĐT - Tiki,NV25,Đã giao
DH011054,KH0262,14/05/2026 13:05:00,Sàn Shopee,NV26,Đã giao
DH004331,KH0193,26/02/2026 17:37:00,Bán lẻ,NV21,Đã giao
DH002270,KH0021,08/01/2026 10:27:00,TMĐT - Tiki,NV25,Đã giao
DH008427,KH0141,05/01/2026 02:36:00,Đại lý,NV20,Đã giao
DH010954,KH0029,15/09/2024 15:06:00,Showroom,NV25,Mới
DH006527,KH0063,02/12/2024 17:03:00,Showroom,NV08,Đã giao
DH001828,KH0402,25/06/2025 03:19:00,Sàn Shopee,NV30,Đang xử lý
DH002251,KH0155,14/01/2026 07:39:00,Bán lẻ trực tiếp,NV12,Đã giao
DH006477,KH0364,27/02/2025 18:12:00,Showroom,NV15,Đã hủy
DH007782,KH0053,29/07/2026 11:03:00,Showroom,NV07,Đã giao
DH010789,KH0418,29/01/2025 00:11:00,Showroom,NV26,Đã giao
DH002259,KH0365,24/11/2024 16:39:00,TMĐT - Tiki,NV15,Đã giao
DH004790,KH0442,21/05/2025 12:35:00,Bán lẻ,NV01,Đã giao
DH011765,KH0126,10/01/2025 21:18:00,TMĐT - Tiki,NV24,Đã giao
DH003342,KH0192,31/03/2025 07:43:00,Sàn Shopee,NV11,Đã giao
DH004538,KH0218,05/07/2025 09:40:00,Showroom,NV23,Đã giao
DH000689,KH0140,29/04/2026 21:50:00,Shopee,NV23,Đã giao
DH011807,,03/12/2025 10:48:00,Đại lý,NV01,Đã giao
DH009217,KH0412,22/11/2025 09:56:00,Sàn Lazada,NV01,Đã giao
DH005890,KH0442,17/06/2026 15:48:00,Sàn Shopee,NV19,Đã giao
DH002419,KH0262,03/10/2025 03:36:00,TMĐT - Tiki,NV03,Đã giao
DH003585,KH0070,04/09/2024 02:11:00,TMĐT - Tiki,NV23,Đã giao
DH006924,KH0413,16/09/2024 00:25:00,Đại lý,NV30,Trả hàng
DH006508,KH0367,11/09/2024 08:55:00,TMĐT - Tiki,NV24,Đã giao
DH006199,KH0262,06/10/2024 21:40:00,Showroom,NV17,Đã giao
DH005535,KH0048,27/09/2024 13:18:00,Bán lẻ,NV11,Đã giao
DH001997,,30/11/2024 19:04:00,Shopee,NV18,Đã giao
DH003108,KH0262,13/11/2025 12:44:00,Đại lý,NV18,Đã giao
DH010753,KH0442,23/06/2025 13:25:00,TMĐT - Tiki,NV19,Đã giao
DH008267,KH0046,24/04/2025 14:47:00,Showroom,NV12,Đã giao
DH000324,KH0265,27/10/2024 19:49:00,Ban le,NV02,Đã giao
DH004127,KH0071,05/11/2024 19:51:00,Showroom,NV02,Đang xử lý
DH001044,KH0227,11/10/2024 06:05:00,Đại lý,NV06,Đã giao
DH010499,KH0242,06/11/2024 14:40:00,Đại lý,NV29,Đã giao
DH010119,KH0337,31/12/2025 14:58:00,Showroom,NV03,Đã giao
DH002963,KH0227,20/07/2026 03:52:00,TMĐT - Tiki,NV12,Đã hủy
DH011724,KH0406,26/10/2024 07:31:00,TMĐT - Lazada,NV21,Đã giao
DH004042,KH0227,21/03/2025 10:04:00,Sàn Lazada,NV13,Đã giao
DH011161,KH0227,08/06/2025 15:50:00,Sàn Lazada,NV01,Đã giao
DH001426,KH0383,13/12/2025 03:03:00,Shopee,NV07,Đã giao
DH010875,,27/05/2026 14:35:00,TMĐT - Tiki,NV12,Đã giao
DH007396,KH0008,08/06/2025 13:23:00,Sàn Lazada,NV07,Đã giao
DH004451,KH0155,15/12/2024 05:57:00,Ban le,NV30,Đã giao
DH001674,KH0171,19/06/2026 20:00:00,Bán lẻ,NV08,Đã giao
DH002302,KH0070,05/07/2025 06:26:00,Shopee,NV08,Đã giao
DH003107,KH0391,18/05/2026 15:03:00,Showroom,NV02,Đã giao
DH008987,KH0442,20/07/2025 23:14:00,Đại lý,NV04,Đã giao
DH006134,KH0229,13/06/2025 21:59:00,TMĐT - Tiki,NV19,Đã giao
DH010584,KH0414,16/06/2025 11:37:00,Showroom,NV26,Đã giao
DH000160,KH0227,15/10/2024 02:38:00,Đại lý,NV02,Đã giao
DH011180,KH0447,30/03/2025 16:12:00,Sàn Lazada,NV13,Đã giao
DH007128,KH0071,18/12/2024 10:57:00,TMĐT - Tiki,NV28,Đã giao
DH002727,KH0391,07/04/2025 18:22:00,Shopee,NV24,Mới
DH001374,KH9005,26/09/2024 18:26:00,Lazada,NV07,Đã giao
DH004832,KH0031,13/01/2025 00:32:00,Showroom,NV10,Đang xử lý
DH004731,KH0121,06/12/2025 15:42:00,Shopee,NV30,Đang xử lý
DH007545,KH0184,16/03/2026 08:06:00,TMĐT - Tiki,NV29,Đã giao
DH009208,KH0183,02/02/2026 12:46:00,TMĐT - Tiki,NV26,Mới
DH007686,KH0155,23/04/2026 13:23:00,Sàn Lazada,NV10,Đã giao
DH005634,KH0368,16/04/2026 12:17:00,TMĐT - Tiki,NV19,Đã giao
DH011488,KH0039,27/10/2024 23:33:00,Đại lý,NV23,Đã giao
DH001216,KH0229,15/05/2026 18:15:00,Showroom,NV25,Đã giao
DH000744,KH0034,19/11/2024 04:12:00,Shopee,NV05,Đã giao
DH003590,KH0196,21/12/2025 11:29:00,Đại lý,NV13,Đã giao
DH004521,KH0155,05/12/2024 03:43:00,Sàn Shopee,NV17,Đã giao
DH009626,KH0447,21/11/2024 20:27:00,TMĐT - Tiki,NV12,Đã giao
DH002032,KH0447,27/08/2024 22:13:00,Showroom,NV20,Đang xử lý
DH009326,KH0399,02/06/2025 14:56:00,Showroom,NV11,Đã giao
DH001463,KH0262,23/06/2025 14:17:00,Showroom,NV13,Đã giao
DH006649,KH0222,02/07/2026 13:30:00,Showroom,NV23,Đang xử lý
DH008358,KH0053,15/10/2025 08:56:00,Showroom,NV04,Đã giao
DH009467,KH0054,04/12/2024 19:16:00,TMĐT - Tiki,NV18,Đã giao
DH007944,KH0052,23/11/2025 23:10:00,Sàn Shopee,NV25,Đang xử lý
DH009668,KH0204,26/11/2024 13:06:00,TMĐT - Tiki,NV22,Đã giao
DH005379,KH0391,06/08/2024 12:52:00,Shopee,NV14,Đã giao
DH009771,KH0322,30/10/2025 09:46:00,Sàn Shopee,NV15,Mới
DH006126,KH0140,29/10/2025 03:54:00,Sàn Lazada,NV16,Đã giao
DH000084,KH0155,24/09/2024 08:09:00,Shopee,NV20,Đã giao
DH009516,KH0242,26/04/2025 15:40:00,TMĐT - Tiki,NV19,Đã hủy
DH008214,KH0155,17/08/2025 09:57:00,Bán lẻ,NV02,Đã giao
DH009558,KH0382,06/04/2025 19:44:00,Đại lý,NV07,Đã giao
DH005382,KH0442,27/02/2026 16:04:00,Lazada,NV03,Trả hàng
DH008326,KH0248,21/11/2024 06:21:00,TMĐT - Tiki,NV05,Đã giao
DH003775,KH0199,22/10/2024 18:05:00,Showroom,NV23,Đã hủy
DH010048,KH0092,14/01/2025 15:20:00,Shopee,NV26,Đã giao
DH008712,KH0143,25/01/2026 22:31:00,Bán lẻ,NV05,Đã giao
DH008705,KH0036,04/09/2025 19:28:00,Shopee,NV05,Đã giao
DH005215,KH0241,28/12/2024 13:17:00,Shopee,NV28,Đang xử lý
DH010723,KH0306,21/12/2025 16:46:00,TMĐT - Tiki,NV30,Đã hủy
DH001046,KH0447,13/12/2024 12:53:00,Lazada,NV26,Đã giao
DH011027,KH0229,07/01/2026 04:31:00,Lazada,NV03,Đã giao
DH008779,KH0155,07/04/2026 11:02:00,TMĐT - Tiki,NV04,Đã giao
DH009094,KH0442,12/04/2025 00:48:00,Sàn Shopee,NV29,Đã giao
DH009398,KH0363,05/04/2026 07:27:00,Đại lý,NV20,Đã giao
DH003886,KH0262,16/03/2025 19:57:00,TMĐT - Tiki,NV02,Đã giao
DH009645,KH0327,31/07/2026 14:22:00,Sàn Shopee,NV12,Đã giao
DH007552,KH0089,08/04/2026 12:11:00,TMĐT - Tiki,NV20,Đã giao
DH010171,KH0397,2026-07-12 19:47:00,Bán lẻ,NV27,Đã giao
DH004424,KH0054,19/02/2025 22:34:00,Sàn Lazada,NV30,Đã hủy
DH005306,KH0442,09/12/2024 04:09:00,Shopee,NV22,Đã giao
DH006196,KH0147,26/12/2024 20:34:00,Showroom,NV24,Đã giao
DH008959,KH0026,19/08/2025 15:16:00,Đại lý,NV17,Đã giao
DH004888,,05/11/2024 08:29:00,Showroom,NV13,Đã giao
DH001891,KH0384,25/12/2025 23:22:00,Sàn Shopee,NV22,Đã giao
DH005683,KH9007,09/01/2026 20:37:00,Ban le,NV11,Đã giao
DH011237,KH0371,29/08/2025 03:07:00,Đại lý,NV18,Mới
DH010578,KH0167,24/07/2025 22:28:00,Bán lẻ,NV02,Đã giao
DH010563,KH0053,16/07/2025 17:26:00,Sàn Shopee,NV27,Đã giao
DH005252,KH0446,21/06/2026 16:22:00,Sàn Shopee,NV12,Đã giao
DH003760,KH0384,21/10/2025 10:06:00,Showroom,NV03,Đã giao
DH011525,KH0152,12/07/2026 06:50:00,Sàn Lazada,NV20,Đã giao
DH007287,KH0309,10/01/2026 17:08:00,Sàn Lazada,NV09,Đã giao
DH011325,KH0447,30/11/2024 14:38:00,TMĐT - Tiki,NV24,Đã giao
DH008560,KH0353,19/11/2025 09:09:00,Lazada,NV20,Đã giao
DH003878,KH0304,05/09/2024 19:18:00,TMĐT - Tiki,NV08,Đã giao
DH001726,KH0163,19/08/2025 09:37:00,Đại lý,NV13,Đã giao
DH009556,KH0257,18/01/2026 17:00:00,Ban le,NV21,Đã giao
DH009349,KH0051,04/06/2026 05:51:00,Sàn Lazada,NV26,Đã giao
DH002436,KH0218,04/03/2026 07:23:00,Lazada,NV15,Đã giao
DH003530,KH0277,04/01/2026 17:57:00,Sàn Shopee,NV19,Đã giao
DH002838,KH0229,30/04/2025 13:12:00,Showroom,NV27,Đang xử lý
DH002738,KH0448,03/01/2025 06:42:00,Showroom,NV03,Đã giao
DH000454,KH0391,09/09/2025 09:29:00,Sàn Shopee,NV25,Đã giao
DH008367,KH0052,03/08/2025 16:31:00,Ban le,NV23,Đã giao
DH007395,KH0446,31/05/2026 06:23:00,TMĐT - Lazada,NV04,Đang xử lý
DH005187,KH0070,13/09/2025 05:50:00,TMĐT - Tiki,NV28,Đã giao
DH006295,KH0141,28/05/2025 10:50:00,Bán lẻ,NV05,Đang xử lý
DH005636,KH0222,15/11/2025 04:01:00,TMĐT - Tiki,NV17,Đã giao
DH008176,KH0352,12/06/2026 05:30:00,TMĐT - Tiki,NV26,Đã giao
DH009107,KH0252,20/07/2026 00:50:00,Showroom,NV01,Đã giao
DH008318,KH0442,01/09/2025 10:58:00,TMĐT - Tiki,NV29,Đã giao
DH008136,KH0393,18/12/2024 23:15:00,Showroom,NV06,Đã giao
DH011014,KH0137,09/03/2025 18:57:00,Showroom,NV13,Đã giao
DH006224,KH0187,06/09/2025 08:05:00,Showroom,NV08,Đã giao
DH011130,KH0193,25/11/2025 01:00:00,Đại lý,NV06,Đã giao
DH003858,KH0422,12/30/2025 07:50:00,Sàn Lazada,NV13,Đang xử lý
DH009299,KH0360,27/05/2026 17:28:00,Đại lý,NV23,Đã giao
DH007412,KH0070,31/08/2025 11:36:00,Showroom,NV05,Trả hàng
DH000926,KH0262,26/05/2025 21:21:00,Sàn Lazada,NV14,Đã giao
DH004798,KH0399,02/08/2024 10:35:00,Sàn Lazada,NV23,Đã giao
DH005211,KH0098,20/02/2025 22:35:00,TMĐT - Tiki,NV28,Đã giao
DH008807,KH0447,25/03/2025 08:58:00,Ban le,NV24,Đã giao
DH006091,KH0140,04/08/2024 07:48:00,TMĐT - Tiki,NV25,Đã hủy
DH9900053,KH0449,01/11/2025 15:22:00,Đại lý,NV08,Đã giao
DH007542,KH0365,28/09/2024 20:07:00,TMĐT - Tiki,NV27,Đã giao
DH005978,KH0413,25/08/2025 19:45:00,Sàn Shopee,NV07,Đã giao
DH007400,KH0262,25/10/2025 16:24:00,Sàn Lazada,NV05,Đã giao
DH009935,KH0198,09/10/2025 08:09:00,Đại lý,NV10,Đang xử lý
DH010990,KH0141,12/08/2025 17:36:00,Shopee,NV05,Đã giao
DH005336,KH0445,24/01/2025 12:03:00,Bán lẻ,NV12,Đã giao
DH007185,KH0243,12/01/2025 11:48:00,Đại lý,NV03,Đã hủy
DH005420,,31/10/2024 22:27:00,Đại lý,NV28,Đã giao
DH001317,KH0347,10/08/2024 02:02:00,Sàn Lazada,NV29,Đã giao
DH008449,KH0442,26/01/2025 03:31:00,Sàn Lazada,NV08,Đang xử lý
DH000149,KH0034,14/06/2025 09:19:00,Sàn Shopee,NV16,Đã giao
DH005242,KH0433,08/08/2024 14:11:00,Bán lẻ,NV28,Đã giao
DH011687,KH0391,09/12/2025 04:35:00,Shopee,NV02,Đã giao
DH010946,KH0377,03/05/2026 04:04:00,Sàn Lazada,NV25,Đã giao
DH003823,KH0262,07/05/2025 05:29:00,Showroom,NV13,Đã giao
DH002203,KH0413,10/05/2025 15:18:00,TMĐT - Tiki,NV09,Đã giao
DH002324,KH0193,17/05/2025 22:46:00,Sàn Lazada,NV11,Đã giao
DH001476,KH0391,29/11/2025 21:28:00,Ban le,NV30,Đang xử lý
DH002718,KH0262,29/01/2025 22:17:00,Shopee,NV04,Đã giao
DH009324,KH0391,02/04/2025 19:09:00,Bán lẻ,NV12,Đã hủy
DH007546,KH0246,27/04/2025 07:00:00,Showroom,NV13,Đã giao
DH002730,KH0262,29/12/2025 01:32:00,TMĐT - Tiki,NV12,Đã giao
DH002056,KH0147,04/24/2026 20:00:00,Bán lẻ trực tiếp,NV13,Đã giao
DH010253,KH0155,02/09/2024 05:32:00,Showroom,NV08,Đã giao
DH000396,KH0354,26/10/2025 23:39:00,TMĐT - Tiki,NV13,Đã giao
DH005608,KH0179,07/03/2025 14:09:00,Showroom,NV23,Đã giao
DH003937,KH0396,26/10/2025 20:39:00,Đại lý,NV18,Đã giao
DH011811,KH0391,05/26/2026 01:41:00,Bán lẻ,NV21,Đã hủy
DH002566,KH0117,05/06/2025 15:09:00,Ban le,NV02,Đã giao
DH005699,KH0246,01/03/2025 13:44:00,Đại lý,NV24,Đã giao
DH010462,KH0140,03/01/2025 07:35:00,Shopee,NV08,Đã giao
DH009514,KH0183,11/01/2026 02:49:00,TMĐT - Tiki,NV12,Đã giao
DH009643,KH0442,23/11/2024 17:27:00,Đại lý,NV11,Mới
DH006409,KH0262,06/10/2024 01:56:00,Shopee,NV16,Đã giao
DH003871,KH0075,29/08/2024 11:36:00,Showroom,NV18,Đã giao
DH011277,KH0155,06/09/2025 00:37:00,Đại lý,NV18,Đã giao
DH001631,KH0387,03/11/2024 05:32:00,Showroom,NV06,Đã giao
DH000752,KH0246,10/12/2024 20:53:00,Sàn Shopee,NV09,Đã hủy
DH008207,KH0051,11/06/2026 15:14:00,Sàn Lazada,NV13,Đã giao
DH007457,KH0056,12/07/2025 14:00:00,Đại lý,NV01,Đã giao
DH008472,KH0094,05/10/2024 15:26:00,Bán lẻ,NV27,Đã giao
DH008159,KH0192,12/10/2025 18:19:00,Shopee,NV08,Đã giao
DH005066,KH0314,06/06/2025 07:40:00,Đại lý,NV25,Đã giao
DH005875,KH0243,23/03/2025 03:25:00,Sàn Shopee,NV27,Đã giao
DH000921,KH0321,13/01/2025 18:24:00,TMĐT - Tiki,NV08,Đã hủy
DH004007,KH0026,03/10/2025 14:15:00,Lazada,NV11,Đã giao
DH006635,KH0018,21/01/2026 18:18:00,Sàn Shopee,NV30,Đã giao
DH011213,KH0074,23/05/2025 14:28:00,TMĐT - Tiki,NV13,Đã giao
DH011980,KH0427,24/10/2024 00:00:00,TMĐT - Tiki,NV30,Mới
DH007203,KH0442,10/04/2025 09:37:00,Bán lẻ,NV28,Đã giao
DH002327,KH0070,23/12/2024 08:35:00,Lazada,NV16,Đã giao
DH004874,KH0391,26/07/2026 21:54:00,Showroom,NV06,Đã giao
DH001140,KH0051,26/11/2024 01:47:00,Ban le,NV07,Đã giao
DH009012,KH0012,31/03/2026 15:25:00,Showroom,NV25,Đang xử lý
DH009714,KH0402,06/07/2026 07:47:00,Sàn Shopee,NV19,Đã giao
DH011794,KH0368,11/08/2025 04:37:00,Bán lẻ,NV30,Đang xử lý
DH009178,KH0179,13/11/2025 18:16:00,Đại lý,NV02,Đang xử lý
DH009589,KH0406,15/10/2024 21:43:00,Bán lẻ,NV29,Đã giao
DH004547,KH0225,07/11/2024 12:26:00,Sàn Lazada,NV02,Đã giao
DH008965,KH0140,24/01/2025 15:23:00,Đại lý,NV24,Đã giao
DH002285,KH0428,18/10/2025 04:21:00,TMĐT - Shopee,NV22,Đã giao
DH007664,KH0215,09/04/2025 08:37:00,Showroom,NV25,Đã hủy
DH005728,KH0155,18/04/2025 21:33:00,TMĐT - Tiki,NV10,Đã giao
DH000487,KH0070,10/12/2024 12:03:00,TMĐT - Tiki,NV15,Đã giao
DH001142,KH0367,13/08/2024 02:25:00,Sàn Shopee,NV05,Đã giao
DH011197,KH0043,2024-11-25 19:35:00,Shopee,NV15,Đã giao
DH002283,KH0332,10/01/2026 03:06:00,TMĐT - Tiki,NV23,Đã giao
DH007947,KH0442,07/02/2025 23:10:00,TMĐT - Tiki,NV23,Đã giao
DH000045,KH0166,06/11/2024 06:32:00,Đại lý,NV04,Đã giao
DH000311,KH0155,13/12/2024 02:21:00,TMĐT - Tiki,NV08,Đã giao
DH001377,KH0035,27/10/2024 23:31:00,Sàn Lazada,NV21,Đã giao
DH010036,KH0265,23/04/2025 19:02:00,Bán lẻ,NV13,Đã giao
DH008064,KH0227,22/06/2025 01:21:00,Đại lý,NV12,Đã giao
DH002799,KH0391,16/01/2026 08:20:00,Sàn Lazada,NV23,Đã giao
DH011551,KH0036,24/01/2026 05:20:00,Lazada,NV09,Đã giao
DH003528,KH0140,15/09/2024 15:44:00,Sàn Shopee,NV21,Đã giao
DH006054,KH0212,21/02/2026 19:04:00,TMĐT - Tiki,NV21,Đã giao
DH004360,KH0055,01/03/2025 19:03:00,Ban le,NV04,Đã giao
DH008726,KH0002,12/11/2024 00:40:00,TMĐT - Tiki,NV19,Đã giao
DH006468,KH0281,05/09/2024 09:11:00,Showroom,NV10,Đã hủy
DH009638,KH0117,12/08/2024 18:29:00,Lazada,NV29,Đã giao
DH001722,KH0072,2026-03-31 06:08:00,Sàn Lazada,NV13,Đã giao
DH006533,KH0248,04/04/2026 14:25:00,Shopee,NV08,Trả hàng
DH008464,KH0135,01/11/2025 18:17:00,TMĐT - Tiki,NV16,Đã giao
DH005241,KH0198,26/11/2024 08:29:00,Lazada,NV28,Đã giao
DH006708,KH0197,27/10/2025 03:37:00,TMĐT - Tiki,NV29,Mới
DH011012,KH0119,17/07/2026 04:19:00,TMĐT - Tiki,NV29,Đã giao
DH003884,KH0412,24/07/2026 16:47:00,Sàn Lazada,NV14,Đang xử lý
DH001406,KH0405,01/11/2025 08:50:00,Shopee,NV28,Đã giao
DH010416,KH0192,13/10/2024 00:18:00,Ban le,NV06,Đã giao
DH009557,KH0326,05/04/2026 12:20:00,Đại lý,NV20,Đã giao
DH001830,KH0198,25/06/2025 07:39:00,TMĐT - Shopee,NV20,Đã hủy
DH007361,KH0171,2026-01-22 04:06:00,Ban le,NV08,Đã giao
DH007988,KH0098,24/07/2025 22:01:00,Lazada,NV02,Đã giao
DH008988,KH0092,11/08/2024 09:21:00,Sàn Shopee,NV11,Đã giao
DH011271,KH0049,25/02/2026 13:16:00,Ban le,NV07,Đã giao
DH007928,KH0166,20/07/2025 08:34:00,TMĐT - Lazada,NV02,Đã giao
DH001055,KH0321,09/06/2026 04:05:00,TMĐT - Tiki,NV01,Đã giao
DH007397,KH0241,19/02/2025 15:54:00,Shopee,NV12,Đã giao
DH009237,KH9010,07/03/2025 00:52:00,Bán lẻ,NV19,Đã giao
DH005230,KH0249,06/05/2025 04:34:00,TMĐT - Tiki,NV12,Đã hủy
DH003435,KH0141,15/01/2026 07:36:00,TMĐT - Shopee,NV17,Đang xử lý
DH005101,KH0287,21/12/2025 08:59:00,Showroom,NV19,Đang xử lý
DH004368,KH0446,30/11/2024 15:46:00,Đại lý,NV09,Đã giao
DH006963,KH0155,13/05/2026 14:53:00,TMĐT - Tiki,NV20,Đang xử lý
DH005304,KH0396,12/22/2025 22:28:00,Ban le,NV29,Trả hàng
DH006539,KH0187,15/06/2025 03:09:00,Sàn Shopee,NV12,Đã giao
DH005739,KH0248,13/03/2025 09:24:00,TMĐT - Tiki,NV16,Đã giao
DH002890,KH0227,05/05/2026 11:31:00,Đại lý,NV13,Đã giao
DH004017,,11/02/2025 14:14:00,Lazada,NV05,Đã giao
DH003882,KH0010,10/05/2025 04:37:00,Lazada,NV30,Đã giao
DH007635,KH0018,31/10/2025 14:28:00,Ban le,NV07,Đã giao
DH001112,KH0414,15/08/2024 11:45:00,Showroom,NV16,Đã giao
DH004958,KH0160,21/09/2025 14:09:00,Bán lẻ,NV03,Đã giao
DH007162,KH9013,02/01/2025 15:06:00,Lazada,NV26,Đã giao
DH003799,KH0442,22/12/2025 20:48:00,Đại lý,NV11,Đã giao
DH006401,KH0179,23/11/2024 10:08:00,TMĐT - Tiki,NV04,Đã giao
DH010233,KH0380,03/06/2026 08:14:00,Shopee,NV27,Đã giao
DH009718,KH0447,28/01/2025 00:51:00,Ban le,NV06,Đang xử lý
DH007186,KH0204,25/02/2026 07:58:00,Bán lẻ trực tiếp,NV16,Đang xử lý
DH011034,KH0163,2025-01-21 06:24:00,Sàn Lazada,NV20,Đã giao
DH000442,KH0113,04/08/2025 21:28:00,Sàn Shopee,NV11,Đã giao
DH005100,KH0422,21/03/2026 02:16:00,Showroom,NV26,Đã giao
DH004718,KH0446,28/07/2025 20:09:00,Sàn Shopee,NV01,Đã giao
DH011713,KH0244,16/07/2025 21:18:00,Sàn Lazada,NV06,Đã giao
DH004401,KH0259,20/04/2025 01:59:00,TMĐT - Tiki,NV07,Đã giao
DH001038,KH0108,23/01/2025 20:48:00,Showroom,NV18,Đang xử lý
DH005782,KH0447,12/09/2025 10:24:00,Ban le,NV25,Đã giao
DH006666,KH0117,07/02/2026 18:22:00,TMĐT - Tiki,NV28,Đã giao
DH002470,KH0035,31/03/2026 14:35:00,Lazada,NV16,Đã giao
DH003318,KH0227,14/03/2025 23:28:00,Shopee,NV22,Đã giao
DH002252,KH0331,05/05/2026 23:32:00,Ban le,NV25,Đã giao
DH008009,KH0250,24/05/2025 04:44:00,Lazada,NV29,Đã hủy
DH011299,,02/12/2025 04:23:00,Sàn Shopee,NV14,Đã giao
DH006645,KH0035,17/04/2025 11:28:00,Sàn Shopee,NV06,Đã hủy
DH007930,KH0306,24/07/2026 15:32:00,Showroom,NV19,Đã giao
DH003217,KH0426,29/12/2025 09:09:00,Bán lẻ,NV07,Đang xử lý
DH006124,KH0155,14/07/2026 07:55:00,Showroom,NV15,Đang xử lý
DH009796,KH0181,21/08/2024 12:56:00,Bán lẻ,NV26,Đã giao
DH008714,KH0183,27/09/2025 14:48:00,Sàn Shopee,NV28,Đã giao
DH006813,KH0220,04/11/2025 02:11:00,Shopee,NV16,Đã giao
DH006816,KH0314,28/01/2025 16:52:00,TMĐT - Shopee,NV17,Đang xử lý
DH011712,KH0262,22/04/2026 03:24:00,TMĐT - Tiki,NV09,Đã giao
DH002131,KH0383,12/07/2026 18:42:00,Ban le,NV05,Đã giao
DH009974,KH0442,22/08/2024 02:23:00,Bán lẻ trực tiếp,NV06,Đã giao
DH004307,KH0056,19/01/2025 02:20:00,TMĐT - Tiki,NV29,Đang xử lý
DH000078,,04/01/2026 05:20:00,Sàn Shopee,NV13,Đã giao
DH006132,KH0053,23/03/2026 18:34:00,Shopee,NV17,Mới
DH003678,KH0261,20/08/2024 12:58:00,Sàn Shopee,NV14,Đã hủy
DH010402,KH0421,08/05/2025 07:17:00,Showroom,NV28,Đã giao
DH001336,KH0365,11/05/2026 07:51:00,Sàn Lazada,NV28,Đã giao
DH004215,KH0053,22/09/2025 08:48:00,Showroom,NV19,Đã giao
DH011975,KH0163,20/04/2025 18:49:00,Lazada,NV20,Đã giao
DH001868,KH0070,25/01/2025 04:52:00,Đại lý,NV03,Đã hủy
DH009271,KH0442,31/10/2024 21:57:00,Showroom,NV24,Đã giao
DH002089,KH0326,13/12/2025 22:01:00,Đại lý,NV26,Đã giao
DH004622,KH0086,20/02/2026 18:26:00,TMĐT - Tiki,NV09,Đã giao
DH008342,,07/05/2025 00:36:00,Sàn Lazada,NV24,Đã hủy
DH001769,KH0253,23/11/2025 14:08:00,TMĐT - Tiki,NV15,Đã giao
DH002036,KH0390,28/08/2025 05:54:00,Lazada,NV09,Đã giao
DH010868,KH0246,15/07/2026 10:22:00,Sàn Shopee,NV08,Đã giao
DH003105,KH0306,20/07/2026 12:43:00,Bán lẻ trực tiếp,NV19,Đã giao
DH010046,KH0013,15/10/2024 01:15:00,Đại lý,NV28,Đã giao
DH000195,KH0196,24/08/2025 20:31:00,Đại lý,NV21,Đã giao
DH000781,KH0243,23/01/2026 22:23:00,Ban le,NV22,Đã giao
DH001839,KH0396,26/06/2026 01:33:00,TMĐT - Tiki,NV06,Đã giao
DH010659,KH0391,04/11/2025 07:37:00,TMĐT - Tiki,NV25,Đã giao
DH005653,KH9004,06/01/2026 20:31:00,Đại lý,NV23,Đã giao
DH008721,KH0442,02/01/2026 23:32:00,Đại lý,NV26,Đã giao
DH000951,KH0229,07/07/2025 21:52:00,Bán lẻ,NV11,Đã giao
DH010576,KH0367,05/05/2026 03:14:00,Đại lý,NV22,Đã giao
DH009185,KH0402,18/01/2026 18:02:00,TMĐT - Tiki,NV29,Đã giao
DH000577,KH0063,11/03/2025 07:49:00,TMĐT - Tiki,NV01,Đã giao
DH003531,KH0396,14/01/2026 20:22:00,TMĐT - Tiki,NV30,Đã giao
DH001969,KH0442,16/12/2025 12:47:00,TMĐT - Tiki,NV17,Đã giao
DH002029,KH0368,07/12/2024 15:18:00,Shopee,NV12,Đang xử lý
DH007135,KH0053,15/01/2025 16:24:00,Showroom,NV13,Đã giao
DH003470,KH0262,13/10/2024 00:18:00,Shopee,NV19,Đang xử lý
DH007852,KH9003,12/01/2026 02:39:00,Ban le,NV02,Đang xử lý
DH007058,KH0208,16/09/2024 02:03:00,Đại lý,NV28,Đã giao
DH008192,KH0391,03/06/2025 23:30:00,TMĐT - Tiki,NV30,Đã giao
DH004563,KH0325,15/12/2025 09:57:00,Shopee,NV24,Đã giao
DH001766,,24/04/2025 14:31:00,Bán lẻ,NV11,Đã giao
DH001683,KH0274,03/01/2025 10:54:00,TMĐT - Tiki,NV28,Đã giao
DH001906,KH0295,23/03/2025 12:25:00,Đại lý,NV24,Đã giao
DH010121,KH0379,26/01/2026 12:54:00,Shopee,NV29,Đã giao
DH007092,KH0046,30/07/2026 04:30:00,Shopee,NV18,Đã hủy
DH004891,KH0159,22/11/2025 00:56:00,TMĐT - Tiki,NV11,Đã giao
DH010395,KH0012,13/09/2024 03:10:00,Showroom,NV21,Đang xử lý
DH003235,KH0395,19/12/2024 20:35:00,Sàn Lazada,NV25,Đã giao
DH003626,,03/14/2025 15:21:00,TMĐT - Shopee,NV08,Đã giao
DH009567,KH0367,28/05/2026 00:32:00,TMĐT - Tiki,NV28,Đã giao
DH000090,KH0379,08/03/2025 07:43:00,Đại lý,NV27,Đã hủy
DH005958,KH0322,08/12/2024 09:57:00,Sàn Shopee,NV25,Đã giao
DH001759,KH0155,21/09/2025 22:43:00,Sàn Lazada,NV08,Đang xử lý
DH001510,KH0248,31/01/2025 20:03:00,Shopee,NV06,Đã giao
DH010501,KH0394,05/01/2026 12:25:00,Showroom,NV01,Mới
DH007089,KH0412,04/11/2025 13:53:00,Sàn Shopee,NV21,Đã giao
DH006426,KH0266,04/01/2025 14:04:00,Lazada,NV11,Đã giao
DH009576,KH0446,18/10/2024 23:52:00,Shopee,NV11,Đang xử lý
DH006893,KH0053,12/11/2024 22:04:00,Sàn Shopee,NV14,Đang xử lý
DH003948,KH0406,25/03/2025 05:31:00,Showroom,NV03,Đã giao
DH011456,KH0430,13/11/2025 17:36:00,Lazada,NV16,Đã hủy
DH007495,KH0184,29/04/2025 16:38:00,TMĐT - Tiki,NV24,Đã hủy
DH000657,KH0082,22/07/2025 22:51:00,Sàn Lazada,NV04,Mới
DH003906,KH0154,13/07/2026 20:06:00,TMĐT - Shopee,NV15,Đã giao
DH010780,KH0402,16/12/2024 05:38:00,Đại lý,NV09,Đã giao
DH002779,KH0266,04/06/2025 10:55:00,Ban le,NV14,Mới
DH003595,KH0306,10/12/2024 01:24:00,Bán lẻ,NV19,Đã giao
DH002221,KH0155,08/12/2025 15:25:00,Showroom,NV09,Đã giao
DH004315,,01/02/2025 09:15:00,Đại lý,NV09,Đã giao
DH010160,KH0249,14/01/2026 02:00:00,Lazada,NV06,Đã hủy
DH005096,KH0353,2025-02-22 18:08:00,Showroom,NV01,Đã giao
DH003505,KH0406,07/26/2026 16:37:00,Đại lý,NV06,Đã giao
DH9900174,KH0155,14/12/2024 04:05:00,TMĐT - Tiki,NV02,Đang xử lý
DH011644,KH0155,25/02/2025 06:38:00,TMĐT - Tiki,NV06,Đã hủy
DH000890,KH0413,23/08/2025 05:31:00,Ban le,NV01,Đã giao
DH010844,KH9009,20/12/2024 11:48:00,Showroom,NV07,Đã giao
DH006705,KH0055,14/12/2025 00:39:00,TMĐT - Shopee,NV11,Đang xử lý
DH006577,KH0308,15/04/2026 03:58:00,Ban le,NV19,Đã giao
DH003709,KH0070,07/08/2025 16:52:00,Bán lẻ,NV21,Đã giao
DH003119,KH0054,02/03/2025 00:55:00,Bán lẻ,NV16,Đã giao
DH003486,KH0004,16/06/2025 02:00:00,Sàn Shopee,NV28,Đang xử lý
DH010960,KH0204,12/11/2025 22:39:00,Sàn Lazada,NV19,Đã giao
DH007953,KH0246,08/10/2025 16:57:00,Ban le,NV08,Đã giao
DH010508,KH0447,09/02/2025 03:53:00,Đại lý,NV06,Đã giao
DH000844,KH0009,10/12/2025 21:53:00,Đại lý,NV14,Đã giao
DH010490,KH0310,17/12/2024 18:38:00,Lazada,NV27,Đã giao
DH005524,KH0442,27/01/2025 00:20:00,Showroom,NV12,Đã giao
DH000297,KH0337,28/06/2025 10:29:00,Sàn Shopee,NV09,Đã giao
DH002352,KH0216,11/03/2026 08:13:00,TMĐT - Tiki,NV12,Đã giao
DH005324,KH0243,16/09/2025 08:36:00,Shopee,NV23,Đang xử lý
DH010113,KH0426,10/01/2025 02:24:00,Đại lý,NV07,Đã giao
DH010043,KH0442,09/05/2026 22:32:00,Sàn Lazada,NV15,Đã giao
DH006219,KH0070,28/06/2026 08:50:00,Đại lý,NV11,Đã giao
DH007490,KH0377,27/02/2025 21:43:00,TMĐT - Tiki,NV14,Đã giao
DH008828,KH0212,25/06/2026 23:53:00,Lazada,NV25,Đang xử lý
DH008729,KH0242,2026-04-08 10:33:00,Lazada,NV23,Mới
DH001668,,20/07/2026 04:54:00,Shopee,NV11,Đã giao
DH002613,KH0397,27/05/2026 03:44:00,Showroom,NV14,Đã giao
DH002182,KH0119,24/12/2025 04:30:00,Sàn Shopee,NV22,Đã giao
DH9900064,KH0242,09/02/2024 15:25:00,Ban le,NV30,Đang xử lý
DH003726,KH0394,03/07/2025 17:06:00,Ban le,NV18,Đang xử lý
DH011137,KH0345,21/10/2025 07:41:00,Đại lý,NV14,Đang xử lý
DH005532,KH0197,26/11/2025 01:50:00,Đại lý,NV10,Đã giao
DH001640,,02/01/2025 06:14:00,Đại lý,NV16,Đã giao
DH008330,KH0438,04/06/2025 01:12:00,Showroom,NV17,Đã giao
DH005966,KH0157,08/09/2025 20:23:00,Lazada,NV23,Đã giao
DH003866,KH0265,26/11/2025 14:44:00,Đại lý,NV01,Đã giao
DH001494,KH0393,04/09/2024 08:36:00,Sàn Shopee,NV13,Đã giao
DH000424,KH0248,14/10/2024 00:18:00,Sàn Lazada,NV10,Đã giao
DH007799,KH0141,2025-07-17 02:11:00,TMĐT - Tiki,NV13,Đã giao
DH003457,,11/05/2026 14:45:00,Đại lý,NV10,Mới
DH9900020,KH0447,10/09/2024 08:30:00,Bán lẻ,NV23,Đang xử lý
DH004847,KH0390,13/01/2026 05:53:00,Showroom,NV14,Đã giao
DH005260,KH0413,27/04/2026 09:07:00,Sàn Lazada,NV22,Đã hủy
DH000096,KH0262,16/09/2025 04:10:00,Bán lẻ,NV07,Đã giao
DH000848,KH0413,03/06/2026 15:43:00,TMĐT - Lazada,NV27,Đã giao
DH000208,KH0306,10/11/2025 16:35:00,Đại lý,NV27,Đang xử lý
DH010174,KH0141,03/03/2026 10:09:00,Bán lẻ,NV26,Đã giao
DH003814,KH0262,20/06/2025 16:05:00,Showroom,NV04,Đã giao
DH011370,KH0103,17/06/2026 03:02:00,Đại lý,NV17,Đã hủy
DH003275,KH0051,04/01/2025 10:57:00,Đại lý,NV14,Mới
DH003873,KH0107,10/01/2026 22:10:00,TMĐT - Shopee,NV10,Đã hủy
DH009135,KH0262,14/11/2024 04:25:00,TMĐT - Tiki,NV20,Đã giao
DH000865,KH0200,07/20/2025 12:31:00,Showroom,NV25,Đã giao
DH006551,KH0442,13/12/2024 05:07:00,Ban le,NV25,Đã giao
DH007698,KH0380,05/08/2025 03:13:00,Đại lý,NV21,Đã giao
DH011792,KH0366,21/11/2025 07:18:00,Showroom,NV26,Đang xử lý
DH008226,KH0070,31/01/2025 16:47:00,Đại lý,NV21,Đã giao
DH008220,KH0051,24/05/2025 14:37:00,TMĐT - Tiki,NV01,Đã giao
DH000970,KH0433,16/12/2025 17:27:00,Đại lý,NV06,Đang xử lý
DH003602,KH0442,15/01/2026 08:05:00,Ban le,NV12,Đã giao
DH007633,KH0327,13/11/2025 08:36:00,TMĐT - Tiki,NV28,Đã hủy
DH008540,KH0262,2024-08-15 23:45:00,Lazada,NV16,Trả hàng
DH007718,KH0155,22/09/2025 23:08:00,TMĐT - Shopee,NV10,Đã giao
DH005914,KH0044,26/03/2026 03:55:00,Showroom,NV02,Trả hàng
DH008483,KH0066,30/12/2025 02:10:00,Showroom,NV04,Đã giao
DH011361,KH0246,08/06/2026 20:49:00,Đại lý,NV08,Trả hàng
DH010139,KH0368,13/02/2025 22:56:00,Showroom,NV02,Đã hủy
DH008845,KH0280,10/10/2025 16:54:00,TMĐT - Tiki,NV29,Đang xử lý
DH000785,KH0012,12/06/2025 15:26:00,Showroom,NV28,Đã giao
DH003846,KH0198,16/09/2025 23:03:00,Đại lý,NV20,Đã giao
DH003581,KH0184,09/03/2025 17:22:00,TMĐT - Tiki,NV08,Đã giao
DH010565,KH0088,24/02/2026 20:08:00,TMĐT - Tiki,NV30,Mới
DH004851,KH0391,04/09/2025 20:18:00,Sàn Lazada,NV11,Đã giao
DH006916,KH0314,23/01/2026 08:11:00,Ban le,NV22,Mới
DH008978,KH0249,02/08/2024 18:14:00,TMĐT - Tiki,NV24,Đã giao
DH009857,KH0262,15/11/2025 19:17:00,Lazada,NV23,Đã giao
DH000231,KH0104,06/05/2026 18:38:00,Showroom,NV15,Đã giao
DH010118,KH0002,14/06/2026 12:01:00,Sàn Shopee,NV22,Đã giao
DH006875,,20/07/2026 07:20:00,Ban le,NV16,Đã giao
DH008715,KH0250,21/09/2025 17:26:00,Đại lý,NV26,Đã giao
DH005738,KH0155,25/03/2026 00:12:00,Bán lẻ,NV23,Đã giao
DH010939,KH0012,25/12/2025 16:18:00,Đại lý,NV19,Đã giao
DH005169,KH0272,01/02/2026 07:42:00,TMĐT - Tiki,NV29,Đã giao
DH011834,KH0306,25/04/2026 19:32:00,Đại lý,NV14,Đang xử lý
DH009932,KH9011,18/07/2026 01:08:00,Shopee,NV22,Đã giao
DH004635,KH0216,30/03/2026 19:00:00,Bán lẻ,NV08,Đã giao
DH004535,KH0447,12/10/2024 20:29:00,Lazada,NV09,Đang xử lý
DH011091,KH0322,29/01/2025 20:10:00,Ban le,NV19,Đã giao
DH001740,KH0227,27/06/2025 05:26:00,TMĐT - Tiki,NV12,Đã giao
DH003110,KH0413,14/07/2026 17:08:00,Sàn Shopee,NV09,Đang xử lý
DH009112,KH0192,13/05/2026 00:16:00,Showroom,NV13,Đang xử lý
DH005917,KH0233,18/12/2025 09:14:00,Showroom,NV09,Đã giao
DH005988,KH0155,05/01/2026 17:50:00,Sàn Shopee,NV22,Đã giao
DH9900169,KH0262,22/12/2025 22:09:00,Sàn Shopee,NV16,Đã hủy
DH003939,KH0442,09/12/2024 13:38:00,Shopee,NV08,Đã giao
DH009092,KH0070,06/05/2025 17:10:00,Đại lý,NV05,Đã giao
DH005221,KH0337,26/04/2025 23:11:00,TMĐT - Tiki,NV03,Đã hủy
DH010976,KH0051,03/11/2025 08:15:00,Đại lý,NV28,Đã giao
DH009274,KH0306,06/03/2025 16:53:00,Đại lý,NV15,Đã giao
DH007323,KH0139,03/10/2024 15:19:00,Ban le,NV14,Đã giao
DH002290,KH0390,09/05/2025 06:37:00,Đại lý,NV23,Đã giao
DH000778,KH0391,11/09/2025 10:52:00,Đại lý,NV04,Đã giao
DH010167,KH0262,18/09/2024 01:04:00,Sàn Shopee,NV07,Đã giao
DH001179,KH0412,19/08/2025 02:49:00,Bán lẻ,NV21,Trả hàng
DH011116,KH0405,01/07/2026 02:58:00,TMĐT - Tiki,NV30,Đang xử lý
DH010722,KH0074,05/01/2025 12:52:00,Bán lẻ,NV16,Đã hủy
DH010794,KH0156,24/12/2024 22:00:00,TMĐT - Tiki,NV29,Đã giao
DH008018,KH0045,31/03/2025 05:21:00,Đại lý,NV23,Đã giao
DH007577,KH0108,22/08/2025 00:04:00,Đại lý,NV25,Đã hủy
DH010494,KH0365,11/12/2025 13:28:00,Sàn Lazada,NV25,Đã giao
DH005392,KH0155,05/15/2026 11:32:00,Shopee,NV07,Đang xử lý
DH011999,KH0155,02/04/2025 10:43:00,Sàn Shopee,NV05,Đã giao
DH008970,KH9008,04/01/2025 18:53:00,Đại lý,NV16,Đã giao
DH009978,KH0396,10/12/2024 04:56:00,Ban le,NV11,Đã giao
DH000648,KH0351,29/07/2025 08:32:00,Shopee,NV19,Đã giao
DH010566,KH0248,18/03/2025 01:11:00,Showroom,NV09,Đã giao
DH000815,KH0155,01/04/2026 19:13:00,Đại lý,NV04,Đã giao
DH010981,KH0177,02/05/2026 03:21:00,Showroom,NV02,Đã giao
DH010629,,27/01/2025 15:36:00,Shopee,NV13,Đã giao
DH006463,KH0309,13/04/2025 10:13:00,Showroom,NV20,Đã giao
DH009636,KH0342,23/03/2025 06:49:00,Lazada,NV23,Đã giao
DH005400,KH0119,02/05/2026 18:56:00,Đại lý,NV21,Trả hàng
DH001081,KH0250,30/10/2024 07:30:00,Ban le,NV26,Đã giao
DH008676,KH0448,18/11/2025 02:33:00,Ban le,NV30,Đã giao
DH004137,KH0039,05/06/2025 04:14:00,TMĐT - Tiki,NV08,Đã giao
DH009521,KH0283,28/01/2025 17:37:00,Showroom,NV04,Đã giao
DH011895,,29/04/2026 13:49:00,Shopee,NV06,Đang xử lý
DH002979,KH0268,29/12/2024 03:33:00,Đại lý,NV16,Đã giao
DH010826,KH0257,07/12/2024 06:27:00,Lazada,NV11,Đã hủy
DH008667,KH0287,25/12/2025 11:10:00,Ban le,NV11,Đã giao
DH001921,KH0391,06/12/2025 15:00:00,Showroom,NV09,Đã giao
DH009154,KH0094,15/09/2024 05:29:00,Sàn Shopee,NV18,Đã giao
DH009035,KH0163,25/01/2026 07:01:00,Showroom,NV24,Đang xử lý
DH009148,KH0228,10/10/2025 22:05:00,Đại lý,NV20,Đã giao
DH008790,KH0160,10/01/2026 03:47:00,Ban le,NV09,Đang xử lý
DH006364,KH0264,15/03/2025 22:46:00,Đại lý,NV27,Đã giao
DH010151,KH0242,21/11/2024 11:59:00,Đại lý,NV29,Đã giao
DH007708,KH0114,03/04/2026 08:45:00,TMĐT - Tiki,NV26,Đã giao
DH004284,KH0314,30/07/2026 23:05:00,Showroom,NV25,Đã giao
DH002421,KH0227,05/12/2024 02:20:00,Đại lý,NV05,Đã giao
DH002364,KH0051,13/05/2026 21:38:00,Showroom,NV12,Đã giao
DH011521,KH0266,23/09/2025 01:07:00,Bán lẻ,NV27,Đã giao
DH004933,KH0056,12/11/2024 20:29:00,Đại lý,NV18,Đã giao
DH000120,KH0442,13/04/2025 09:49:00,Đại lý,NV21,Đã giao
DH004569,KH0015,06/01/2026 14:01:00,Đại lý,NV25,Đã giao
DH002658,KH0248,06/11/2024 13:14:00,Shopee,NV21,Đã giao
DH008471,KH0198,04/01/2026 07:59:00,Sàn Shopee,NV21,Đã giao
DH005865,KH0036,24/12/2025 04:29:00,Sàn Shopee,NV15,Trả hàng
DH011424,KH0396,17/06/2025 13:48:00,Showroom,NV14,Đang xử lý
DH004996,KH9009,02/11/2024 10:19:00,TMĐT - Tiki,NV01,Đã giao
DH002611,KH0227,2026-06-27 11:01:00,Đại lý,NV22,Đã giao
DH011258,KH0010,27/01/2025 11:20:00,Showroom,NV20,Đã giao
DH009445,KH0051,10/06/2026 23:41:00,Sàn Shopee,NV23,Đã giao
DH004648,KH0442,22/10/2025 02:51:00,Showroom,NV23,Đã giao
DH011330,KH0155,04/11/2025 13:09:00,Showroom,NV11,Đã giao
DH005794,KH0135,17/11/2024 13:29:00,Showroom,NV26,Đã giao
DH008289,KH0274,26/03/2025 16:31:00,TMĐT - Tiki,NV24,Mới
DH001940,KH0035,16/12/2025 21:48:00,Đại lý,NV20,Đã giao
DH006292,KH0195,18/11/2024 20:21:00,Đại lý,NV02,Đã giao
DH006005,KH0063,01/12/2024 20:28:00,Ban le,NV22,Đã giao
DH008165,KH0442,01/12/2024 07:12:00,TMĐT - Tiki,NV04,Đang xử lý
DH007165,KH0070,20/03/2025 17:03:00,Đại lý,NV16,Đã giao
DH008069,KH0048,27/01/2025 23:06:00,Lazada,NV26,Đã giao
DH008890,KH0264,28/04/2025 00:15:00,Shopee,NV08,Đã giao
DH008823,KH0166,25/12/2025 21:51:00,Bán lẻ,NV23,Đang xử lý
DH011359,KH0227,11/12/2024 16:25:00,Bán lẻ,NV30,Đang xử lý
DH007096,KH0280,03/04/2025 01:16:00,TMĐT - Lazada,NV16,Đã giao
DH000139,KH0227,12/07/2025 02:33:00,Shopee,NV21,Đã giao
DH009458,,06/07/2026 23:50:00,Ban le,NV01,Đang xử lý
DH002074,KH0070,27/06/2025 20:24:00,Ban le,NV07,Đã giao
DH009959,KH0105,19/12/2025 13:10:00,Đại lý,NV06,Đã giao
DH003320,KH0405,15/08/2025 09:58:00,Đại lý,NV01,Đã giao
DH008925,KH0135,29/11/2025 01:56:00,TMĐT - Tiki,NV16,Mới
DH003249,KH0309,12/03/2026 17:32:00,Sàn Shopee,NV25,Đã giao
DH007800,KH9003,05/11/2024 10:38:00,Showroom,NV06,Đã giao
DH010668,KH0081,20/03/2026 07:31:00,TMĐT - Tiki,NV26,Đã giao
DH004913,KH0391,28/10/2024 13:35:00,Sàn Shopee,NV18,Đã giao
DH007279,KH0438,19/07/2025 15:57:00,Đại lý,NV11,Đã giao
DH002049,KH0396,26/12/2024 01:54:00,Lazada,NV24,Đã giao
DH010371,KH0262,25/07/2026 14:25:00,Đại lý,NV28,Đã giao
DH001387,KH0229,15/07/2025 21:28:00,TMĐT - Tiki,NV19,Đang xử lý
DH000391,KH0406,20/02/2026 23:19:00,Ban le,NV22,Đang xử lý
DH003690,KH0087,26/03/2026 02:22:00,Ban le,NV22,Đã hủy
DH004300,KH0212,30/07/2025 21:25:00,Showroom,NV07,Đã hủy
DH005951,KH0053,19/10/2025 03:31:00,Bán lẻ,NV08,Đã giao
DH002412,KH0412,30/07/2025 08:51:00,Shopee,NV07,Đã giao
DH000363,KH0116,30/05/2025 13:39:00,Sàn Lazada,NV22,Đã giao
DH002532,KH0246,03/08/2025 08:36:00,TMĐT - Tiki,NV05,Đang xử lý
DH003464,KH0288,06/09/2024 06:28:00,Ban le,NV23,Trả hàng
DH010351,KH0325,04/12/2025 11:55:00,Đại lý,NV18,Đã giao
DH011553,KH0093,24/02/2025 08:53:00,Showroom,NV18,Đã giao
DH008916,KH0389,18/08/2024 00:06:00,Đại lý,NV06,Đã giao
DH002274,KH0332,12/03/2025 08:22:00,Đại lý,NV02,Đã giao
DH008200,KH0166,29/08/2025 12:40:00,Bán lẻ,NV03,Trả hàng
DH011481,KH0213,17/10/2025 06:01:00,Đại lý,NV06,Đã giao
DH003881,KH0438,28/11/2024 06:37:00,Sàn Shopee,NV05,Đã giao
DH010839,KH0158,01/09/2025 17:23:00,Đại lý,NV30,Đang xử lý
DH005236,KH0280,29/06/2026 01:25:00,Showroom,NV25,Đã giao
DH007416,,15/08/2025 08:08:00,Showroom,NV18,Đã giao
DH000842,KH0337,04/06/2026 12:18:00,Sàn Shopee,NV04,Đã giao
DH000198,KH0082,10/12/2024 06:00:00,Showroom,NV10,Trả hàng
DH001635,KH0438,11/07/2025 22:23:00,TMĐT - Tiki,NV11,Đang xử lý
DH001900,KH0436,05/05/2025 08:38:00,Showroom,NV20,Đã giao
DH003337,KH0179,27/07/2025 17:42:00,Đại lý,NV16,Đã giao
DH008185,KH9007,11/05/2026 23:14:00,Sàn Lazada,NV03,Đã giao
DH006584,KH0416,23/07/2025 20:44:00,Bán lẻ,NV15,Đã giao
DH001029,KH0445,27/12/2024 17:47:00,Sàn Shopee,NV18,Đã giao
DH007702,KH0219,20/05/2025 12:12:00,Ban le,NV05,Đã giao
DH005254,KH0303,23/11/2025 23:25:00,Đại lý,NV02,Đã giao
DH9900073,KH0262,19/07/2026 05:11:00,Lazada,NV01,Đã giao
DH006262,KH0051,07/06/2026 13:30:00,TMĐT - Shopee,NV17,Đã giao
DH007564,KH0265,14/01/2026 23:17:00,Showroom,NV21,Đang xử lý
DH011249,KH0121,18/12/2024 22:43:00,TMĐT - Tiki,NV22,Đã giao
DH011005,KH0013,13/08/2025 09:43:00,Bán lẻ,NV21,Đã giao
DH008914,KH0064,01/09/2025 05:47:00,Lazada,NV09,Đang xử lý
DH007029,KH0162,24/01/2025 11:17:00,Lazada,NV08,Đang xử lý
DH003393,KH0367,21/11/2024 01:33:00,Showroom,NV27,Đã giao
DH005074,KH0447,12/03/2026 12:28:00,Ban le,NV21,Đã giao
DH009362,KH0447,21/10/2025 08:21:00,Đại lý,NV04,Đã giao
DH011338,KH0404,11/06/2025 14:13:00,TMĐT - Tiki,NV22,Đã giao
DH007274,KH0070,08/03/2026 15:34:00,Sàn Lazada,NV08,Đã giao
DH000283,KH0077,11/10/2025 06:45:00,Lazada,NV17,Đã giao
DH002953,KH0112,10/02/2026 07:37:00,Đại lý,NV21,Đang xử lý
DH003460,KH0002,03/06/2025 03:27:00,Ban le,NV29,Đã giao
DH003894,KH0028,13/08/2025 00:42:00,Shopee,NV07,Đã giao
DH009964,,18/06/2026 12:45:00,TMĐT - Tiki,NV05,Đã hủy
DH007829,KH0074,05/10/2025 15:24:00,Đại lý,NV06,Đã giao
DH009267,KH0235,13/07/2025 06:11:00,Sàn Shopee,NV17,Đã giao
DH000893,KH0374,25/10/2025 03:36:00,Bán lẻ,NV07,Đã giao
DH011367,KH0119,21/10/2024 02:34:00,Showroom,NV29,Đã giao
DH004930,KH0334,31/01/2026 13:05:00,Showroom,NV27,Đang xử lý
DH011700,KH0392,02/10/2025 02:54:00,Showroom,NV03,Đã giao
DH000651,KH0122,12/12/2025 14:31:00,Đại lý,NV03,Đang xử lý
DH005425,,14/09/2025 02:31:00,Lazada,NV01,Đã hủy
DH004951,KH0051,11/08/2024 23:53:00,Showroom,NV02,Đã giao
DH011425,KH0277,05/01/2026 13:15:00,Đại lý,NV14,Mới
DH000041,KH0365,08/11/2024 12:32:00,TMĐT - Tiki,NV02,Đã giao
DH006633,KH0140,31/07/2026 00:46:00,Showroom,NV16,Đã giao
DH000331,KH0087,05/07/2026 14:34:00,Shopee,NV03,Đang xử lý
DH002932,KH0262,04/07/2026 08:58:00,TMĐT - Tiki,NV07,Mới
DH004229,KH0048,23/06/2026 22:55:00,Đại lý,NV13,Đã giao
DH002306,KH0012,21/09/2025 22:07:00,Lazada,NV08,Đã giao
DH006457,KH0035,24/06/2026 10:42:00,TMĐT - Tiki,NV25,Đã giao
DH005281,KH0070,20/01/2026 09:22:00,Bán lẻ,NV26,Đang xử lý
DH005835,,06/11/2025 16:36:00,Ban le,NV02,Đã giao
DH004249,KH0365,18/06/2026 19:53:00,Showroom,NV24,Đang xử lý
DH006831,KH0256,06/11/2024 20:51:00,Shopee,NV28,Đã giao
DH007157,KH0442,06/01/2025 11:51:00,Shopee,NV24,Đã giao
DH009044,KH0114,01/09/2024 10:06:00,TMĐT - Tiki,NV16,Đã giao
DH010006,KH0367,27/07/2025 14:47:00,Đại lý,NV23,Đã giao
DH001774,KH0391,18/03/2026 23:25:00,TMĐT - Tiki,NV22,Đã giao
DH009122,KH0248,08/11/2024 11:48:00,Sàn Lazada,NV15,Đã giao
DH001938,KH0140,03/11/2025 10:01:00,Showroom,NV29,Đang xử lý
DH007182,KH0325,04/01/2025 07:41:00,Sàn Lazada,NV17,Trả hàng
DH007325,KH0054,2026-05-28 05:37:00,Đại lý,NV20,Đã giao
DH004740,KH0249,20/07/2025 13:39:00,Ban le,NV16,Đã giao
DH008168,KH0262,26/03/2025 02:44:00,Lazada,NV09,Đã giao
DH001190,KH0347,20/05/2025 08:55:00,Shopee,NV19,Đã giao
DH006058,KH0048,21/10/2024 16:12:00,Ban le,NV05,Đang xử lý
DH010632,KH0093,12/01/2025 14:03:00,Lazada,NV06,Đã giao
DH009774,KH0446,07/01/2026 17:23:00,Shopee,NV09,Đã giao
DH000798,KH0198,20/03/2026 16:48:00,Lazada,NV24,Đã giao
DH007436,KH0272,04/11/2024 02:23:00,Đại lý,NV05,Đang xử lý
DH002428,KH9004,08/09/2025 12:26:00,TMĐT - Tiki,NV05,Đã giao
DH008430,KH0184,01/11/2025 00:21:00,Sàn Lazada,NV02,Đã giao
DH003742,KH0002,11/24/2025 02:53:00,Đại lý,NV23,Đang xử lý
DH011228,KH0413,10/11/2025 06:21:00,Sàn Lazada,NV16,Đã giao
DH004178,KH0070,27/11/2025 16:12:00,TMĐT - Tiki,NV01,Đã giao
DH003916,KH0446,23/04/2026 14:11:00,TMĐT - Tiki,NV06,Đã giao
DH009841,KH0056,06/17/2025 16:09:00,Sàn Lazada,NV06,Đã giao
DH001783,KH0262,17/07/2025 20:42:00,Showroom,NV16,Đã hủy
DH000345,KH0325,28/06/2026 09:55:00,Lazada,NV12,Đang xử lý
DH009417,KH0337,20/06/2025 18:58:00,TMĐT - Shopee,NV26,Đã giao
DH005786,KH0089,06/12/2024 02:34:00,TMĐT - Tiki,NV23,Đã giao
DH011082,KH0399,04/12/2024 16:31:00,Shopee,NV08,Đã giao
DH006974,KH0135,2025-07-01 14:34:00,Đại lý,NV11,Đã hủy
DH003013,KH0367,13/08/2024 16:04:00,Showroom,NV18,Đã giao
DH005626,KH0409,29/11/2025 09:09:00,TMĐT - Tiki,NV29,Trả hàng
DH006434,,01/03/2025 02:19:00,Showroom,NV14,Đã hủy
DH001665,KH0053,09/02/2025 09:47:00,Sàn Lazada,NV22,Đã giao
DH003063,KH0227,12/06/2026 11:39:00,Showroom,NV27,Đã giao
DH006429,KH0118,29/10/2024 02:01:00,Đại lý,NV01,Đã giao
DH003613,KH0105,11/02/2026 22:32:00,TMĐT - Tiki,NV18,Đã giao
DH001551,KH0325,26/12/2025 13:56:00,Đại lý,NV20,Đã giao
DH011000,KH0011,04/11/2025 09:36:00,TMĐT - Tiki,NV28,Đã giao
DH010557,KH0325,08/06/2025 09:04:00,Shopee,NV20,Đã hủy
DH007364,KH0053,31/05/2025 01:34:00,Showroom,NV30,Đã giao
DH011270,KH0241,24/01/2025 23:10:00,Sàn Lazada,NV17,Đã giao
DH007729,KH0399,01/03/2026 01:35:00,Showroom,NV30,Mới
DH007936,KH0199,20/12/2025 19:39:00,Sàn Shopee,NV26,Đã giao
DH9900054,KH0077,08/03/2026 23:42:00,Shopee,NV12,Đã giao
DH007302,KH0293,23/02/2026 22:09:00,Showroom,NV02,Đang xử lý
DH007614,KH0155,10/12/2024 18:40:00,TMĐT - Tiki,NV06,Đã giao
DH004809,KH0367,05/12/2025 15:04:00,Showroom,NV01,Đã giao
DH001471,KH0391,14/04/2025 17:57:00,Sàn Shopee,NV21,Đã giao
DH010154,KH0059,13/01/2026 22:52:00,Bán lẻ trực tiếp,NV14,Đã giao
DH007663,KH0387,2026-01-27 22:54:00,Bán lẻ,NV13,Đã giao
DH000531,KH0365,02/08/2024 18:11:00,Đại lý,NV20,Đã giao
DH007433,KH0192,04/02/2025 15:33:00,Đại lý,NV21,Đã giao
DH008874,KH0231,12/10/2024 00:43:00,Đại lý,NV20,Đã giao
DH011168,KH0368,31/12/2025 21:38:00,Ban le,NV10,Đang xử lý
DH006169,KH0070,10/06/2026 20:08:00,Lazada,NV07,Đã giao
DH008407,KH0377,07/01/2025 05:11:00,Bán lẻ,NV21,Đã giao
DH003867,KH0211,09/11/2025 18:17:00,Lazada,NV14,Đã giao
DH007435,KH0386,06/11/2025 04:59:00,TMĐT - Tiki,NV25,Đang xử lý
DH007958,KH9011,22/06/2026 18:49:00,Đại lý,NV22,Đã giao
DH007983,KH0114,08/04/2025 11:57:00,Showroom,NV14,Đã giao
DH010764,KH0229,16/09/2024 13:16:00,TMĐT - Tiki,NV11,Đã giao
DH001237,KH0442,12/06/2026 14:14:00,Sàn Shopee,NV08,Đã giao
DH010573,KH0075,31/08/2025 00:43:00,TMĐT - Tiki,NV19,Đã giao
DH000475,KH0135,21/10/2024 00:59:00,Showroom,NV30,Mới
DH000718,KH0063,01/12/2024 02:34:00,Showroom,NV17,Đã giao
DH000416,KH0231,21/08/2024 08:48:00,Sàn Lazada,NV14,Đã giao
DH003212,KH0351,2025-08-04 16:04:00,Bán lẻ,NV19,Đã giao
DH008225,KH0002,12/01/2025 16:08:00,TMĐT - Tiki,NV04,Đang xử lý
DH001478,KH0175,27/02/2025 12:52:00,Đại lý,NV20,Đang xử lý
DH007351,KH0243,21/03/2025 19:24:00,TMĐT - Tiki,NV14,Đang xử lý
DH004533,KH0297,24/05/2025 07:43:00,Showroom,NV20,Đã giao
DH007061,KH0249,31/07/2025 01:05:00,Shopee,NV20,Đã giao
DH009665,KH0071,20/07/2026 15:03:00,Đại lý,NV13,Đã giao
DH007645,KH0193,06/04/2025 14:26:00,Ban le,NV19,Mới
DH004159,KH0151,2024-10-15 06:29:00,Đại lý,NV23,Đang xử lý
DH010008,KH0274,03/01/2025 11:37:00,Showroom,NV19,Đã giao
DH005019,KH0070,10/12/2025 05:14:00,Lazada,NV30,Đã giao
DH003165,KH0227,24/02/2026 19:27:00,TMĐT - Tiki,NV11,Đã giao
DH000832,KH0241,15/11/2025 21:06:00,Lazada,NV22,Đã giao
DH007621,KH0446,14/01/2026 15:25:00,Ban le,NV04,Đã giao
DH011315,KH0192,21/12/2024 09:15:00,Đại lý,NV04,Đã giao
DH002472,KH0428,19/07/2026 16:19:00,TMĐT - Shopee,NV02,Đang xử lý
DH002798,KH0307,19/11/2025 15:42:00,TMĐT - Tiki,NV05,Đã giao
DH005564,KH0077,24/03/2025 01:08:00,TMĐT - Tiki,NV17,Đã giao
DH009716,KH0092,16/12/2024 23:05:00,Bán lẻ,NV27,Đã giao
DH008554,KH0135,03/12/2025 03:33:00,Ban le,NV02,Mới
DH008919,KH0173,16/10/2025 02:03:00,Đại lý,NV12,Đã giao
DH008786,KH0128,08/08/2024 18:08:00,TMĐT - Tiki,NV22,Đã giao
DH005484,KH0035,24/11/2024 05:23:00,Lazada,NV09,Đã giao
DH004219,,01/21/2025 19:30:00,Sàn Shopee,NV10,Đã giao
DH003101,KH0257,16/04/2025 09:50:00,Showroom,NV25,Đã giao
DH009877,KH0442,16/06/2026 13:17:00,Sàn Lazada,NV02,Đã giao
DH001932,KH0034,06/01/2025 06:16:00,Bán lẻ,NV15,Đã giao
DH003744,KH0297,26/01/2026 06:36:00,Bán lẻ,NV13,Đã giao
DH006511,KH0117,23/03/2026 22:55:00,Lazada,NV13,Đã giao
DH005594,KH0447,04/06/2026 12:37:00,TMĐT - Lazada,NV28,Đã giao
DH005099,KH0135,18/05/2025 16:39:00,Bán lẻ,NV18,Đã giao
DH008765,KH0141,12/03/2025 14:16:00,TMĐT - Tiki,NV05,Đã giao
DH007108,KH0388,14/08/2025 01:47:00,TMĐT - Tiki,NV16,Đã giao
DH001720,KH0316,18/02/2025 13:30:00,Showroom,NV10,Đang xử lý
DH010458,KH0194,14/03/2025 15:54:00,Bán lẻ,NV16,Đã giao
DH009749,KH0204,19/09/2025 16:09:00,Đại lý,NV20,Đã giao
DH009030,KH0391,30/04/2026 12:16:00,Ban le,NV01,Đang xử lý
DH009510,KH0346,28/11/2024 04:49:00,Lazada,NV08,Đã giao
DH008111,KH0070,07/05/2026 20:41:00,Showroom,NV19,Đã giao
DH002168,KH0025,26/01/2026 14:32:00,Ban le,NV04,Đã giao
DH001000,KH0391,04/04/2026 10:34:00,TMĐT - Tiki,NV20,Đã giao
DH009117,KH0047,27/10/2025 09:41:00,Sàn Lazada,NV21,Trả hàng
DH005868,KH0412,02/05/2026 09:43:00,Bán lẻ,NV29,Đã giao
DH007003,KH0412,28/11/2025 20:33:00,Đại lý,NV24,Đã giao
DH008170,KH0028,2025-10-21 16:58:00,Đại lý,NV24,Đã giao
DH004214,KH0081,07/10/2025 14:09:00,Sàn Shopee,NV22,Đã giao
DH002594,KH0009,31/07/2025 23:47:00,Ban le,NV08,Đã giao
DH005417,KH0365,05/22/2025 12:50:00,Đại lý,NV17,Đã giao
DH000672,KH0229,28/09/2024 07:53:00,TMĐT - Tiki,NV29,Đã giao
DH010781,KH0077,08/09/2024 23:20:00,TMĐT - Tiki,NV19,Đã giao
DH011693,KH0287,14/03/2026 14:37:00,Sàn Lazada,NV25,Đã giao
DH004527,KH0356,19/10/2024 17:04:00,Ban le,NV01,Đã giao
DH005065,,17/11/2025 02:36:00,Ban le,NV15,Đã giao
DH005796,KH0034,02/02/2026 00:42:00,Sàn Shopee,NV22,Đã giao
DH002997,KH0391,12/09/2025 21:17:00,Sàn Shopee,NV20,Đang xử lý
DH007797,KH0219,26/01/2025 21:30:00,Sàn Shopee,NV24,Đã giao
DH001019,KH0273,02/26/2025 20:26:00,Showroom,NV16,Đang xử lý
DH000741,KH0102,14/11/2024 20:58:00,Đại lý,NV18,Mới
DH002124,KH9013,21/12/2025 05:25:00,Lazada,NV14,Đã giao
DH005004,KH0155,15/10/2024 08:44:00,TMĐT - Tiki,NV04,Đã giao
DH000819,KH0192,24/01/2025 08:37:00,Sàn Shopee,NV19,Đã giao
DH002406,KH0402,22/08/2025 13:09:00,Lazada,NV03,Đã giao
DH005695,KH0227,07/03/2025 13:56:00,Bán lẻ,NV04,Đã giao
DH000884,KH0412,29/12/2024 03:24:00,Sàn Shopee,NV07,Đã giao
DH004174,,05/01/2026 11:19:00,Đại lý,NV20,Đã giao
DH002968,KH0018,24/10/2024 22:03:00,Sàn Shopee,NV21,Đã giao
DH002892,KH0391,24/12/2024 22:27:00,Sàn Shopee,NV01,Đã giao
DH011245,KH0424,06/01/2025 21:22:00,TMĐT - Tiki,NV14,Đã giao
DH007560,KH0249,12/07/2026 10:16:00,Sàn Shopee,NV21,Đã giao
DH003345,KH0297,06/12/2024 23:31:00,Showroom,NV29,Đã giao
DH006673,KH0322,10/02/2026 21:57:00,Sàn Lazada,NV07,Đang xử lý
DH006791,KH0241,15/03/2025 09:49:00,Đại lý,NV17,Mới
DH003498,KH0051,20/07/2026 12:59:00,Showroom,NV18,Đã hủy
DH008282,KH0391,04/07/2026 16:45:00,Bán lẻ,NV30,Đã giao
DH010013,KH0122,23/03/2026 20:24:00,Showroom,NV29,Đã giao
DH004675,KH0444,06/06/2025 15:18:00,Đại lý,NV23,Đang xử lý
DH003171,KH0249,18/09/2025 14:27:00,Showroom,NV27,Đã giao
DH003828,KH0063,10/11/2024 02:57:00,Đại lý,NV02,Đã giao
DH004487,KH0085,04/03/2026 03:25:00,Sàn Lazada,NV22,Đã giao
DH005827,KH0183,29/07/2026 07:33:00,Showroom,NV22,Đã giao
DH006531,KH0181,26/08/2024 23:50:00,Bán lẻ,NV03,Đã giao
DH010128,KH0166,09/08/2024 23:59:00,Shopee,NV13,Đã giao
DH002623,KH0192,22/12/2025 13:40:00,Ban le,NV14,Trả hàng
DH009976,KH0036,29/08/2024 02:29:00,Showroom,NV02,Đã giao
DH010977,KH0170,20/01/2026 22:00:00,Đại lý,NV07,Đã giao
DH007762,KH0265,28/05/2025 13:09:00,Showroom,NV30,Đã giao
DH011035,KH0070,20/06/2026 22:48:00,Lazada,NV26,Mới
DH002228,KH0140,01/11/2024 11:56:00,Lazada,NV29,Đã giao
DH010710,KH0095,10/02/2024 04:08:00,TMĐT - Tiki,NV15,Đã giao
DH007280,KH0140,06/07/2025 16:17:00,Bán lẻ,NV25,Đã giao
DH006394,KH0368,01/06/2025 05:36:00,Showroom,NV30,Đã giao
DH004884,KH0274,24/12/2025 11:04:00,Lazada,NV30,Trả hàng
DH002342,KH0140,27/11/2024 00:52:00,Đại lý,NV18,Đã giao
DH008566,KH0179,15/12/2024 10:24:00,Bán lẻ trực tiếp,NV14,Đã giao
DH009308,KH0391,27/01/2025 23:04:00,Đại lý,NV06,Đã giao
DH002733,KH0448,29/03/2026 20:33:00,Đại lý,NV15,Đã giao
DH003824,KH0384,12/03/2025 23:55:00,TMĐT - Shopee,NV24,Đang xử lý
DH004757,KH0447,27/11/2024 07:31:00,Đại lý,NV10,Đang xử lý
DH005482,KH0253,22/05/2026 08:26:00,Ban le,NV16,Đã giao
DH005080,KH0315,08/04/2025 19:33:00,TMĐT - Tiki,NV26,Đã giao
DH005540,KH0031,11/01/2026 13:04:00,TMĐT - Tiki,NV05,Đã giao
DH005950,KH0344,18/12/2024 05:27:00,Shopee,NV26,Đã giao
DH002267,KH0374,28/01/2026 01:24:00,TMĐT - Tiki,NV14,Đã giao
DH008179,KH0220,18/08/2025 13:11:00,Showroom,NV12,Đã giao
DH008112,KH0399,22/09/2024 09:28:00,Bán lẻ,NV02,Đã giao
DH007628,KH0299,28/09/2025 10:02:00,TMĐT - Tiki,NV23,Đã giao
DH000938,KH0386,03/12/2025 18:51:00,TMĐT - Tiki,NV21,Đã giao
DH002948,KH0396,15/12/2025 13:26:00,Showroom,NV08,Đã giao
DH005773,KH0341,03/07/2026 10:10:00,Ban le,NV16,Mới
DH004955,KH0028,19/07/2025 11:47:00,Đại lý,NV11,Đã giao
DH006505,KH0051,08/12/2024 04:08:00,Bán lẻ,NV09,Đang xử lý
DH002007,KH0179,07/12/2024 23:07:00,Sàn Lazada,NV08,Đã giao
DH002091,KH0070,18/09/2025 16:31:00,Lazada,NV15,Đã giao
DH006098,KH0116,29/03/2025 21:34:00,Bán lẻ,NV23,Đã giao
DH000987,KH0259,22/04/2025 18:49:00,Shopee,NV27,Trả hàng
DH005076,KH0321,30/09/2024 04:30:00,Đại lý,NV27,Đã hủy
DH003219,KH0282,26/08/2025 11:21:00,Đại lý,NV15,Đang xử lý
DH008662,KH0367,13/12/2024 17:09:00,Đại lý,NV23,Đã giao
DH011985,KH9012,16/09/2025 04:48:00,Ban le,NV21,Đã giao
DH010546,KH0122,30/04/2025 13:18:00,Bán lẻ,NV21,Trả hàng
DH005362,KH0173,13/11/2025 02:06:00,Ban le,NV13,Đang xử lý
DH001790,KH0197,30/01/2026 07:12:00,Đại lý,NV26,Đã giao
DH011749,KH0374,24/06/2026 02:01:00,Đại lý,NV03,Mới
DH011060,KH0051,14/05/2025 16:04:00,Sàn Lazada,NV20,Đã giao
DH004826,KH0155,23/08/2025 07:30:00,Đại lý,NV14,Đã giao
DH008403,KH0205,01/09/2024 18:46:00,Sàn Shopee,NV29,Đã giao
DH011087,KH0391,08/02/2025 13:34:00,Ban le,NV25,Đã giao
DH010743,KH0035,09/05/2026 03:31:00,Showroom,NV18,Đã giao
DH011038,KH0447,02/07/2026 01:46:00,Sàn Lazada,NV14,Đã giao
DH003006,KH0140,15/02/2026 01:58:00,Ban le,NV24,Đang xử lý
DH001847,KH0009,24/07/2025 07:38:00,TMĐT - Tiki,NV28,Đã giao
DH011978,KH0098,09/10/2024 15:36:00,Đại lý,NV08,Đang xử lý
DH009143,KH0126,05/03/2025 07:43:00,TMĐT - Tiki,NV01,Đã giao
DH009190,KH0070,01/10/2024 00:38:00,Showroom,NV30,Đã giao
DH004415,,09/08/2025 15:12:00,TMĐT - Tiki,NV17,Đang xử lý
DH002116,KH0120,02/01/2026 07:02:00,Shopee,NV17,Đang xử lý
DH011774,KH0116,22/11/2024 13:05:00,TMĐT - Shopee,NV30,Đã giao
DH011621,KH0212,02/02/2026 10:19:00,TMĐT - Tiki,NV24,Đã giao
DH008842,KH0249,17/03/2026 00:49:00,Showroom,NV17,Đang xử lý
DH004610,KH0161,01/12/2024 15:42:00,Đại lý,NV30,Đã giao
DH005231,KH0285,30/09/2024 05:15:00,Showroom,NV16,Đã giao
DH003520,KH0325,13/11/2025 12:49:00,Sàn Lazada,NV13,Đã giao
DH002800,KH0074,25/03/2026 23:30:00,Lazada,NV26,Đã giao
DH004906,KH0058,31/01/2026 08:45:00,Showroom,NV16,Đã giao
DH003450,KH0332,27/12/2024 04:02:00,Sàn Shopee,NV11,Đã giao
DH005771,KH0135,01/06/2025 21:44:00,Showroom,NV03,Đã giao
DH010961,KH0436,14/09/2025 11:49:00,Sàn Lazada,NV09,Đã giao
DH006312,KH0250,17/03/2026 06:40:00,TMĐT - Tiki,NV30,Trả hàng
DH007869,KH0233,01/08/2024 20:23:00,Showroom,NV10,Đã hủy
DH011944,KH0140,24/11/2025 13:23:00,Showroom,NV29,Đã giao
DH004880,KH0066,15/09/2025 12:46:00,Đại lý,NV15,Đã giao
DH009530,KH0117,04/02/2025 10:57:00,Sàn Lazada,NV14,Đang xử lý
DH006954,KH0318,10/02/2026 13:55:00,Ban le,NV02,Đã giao
DH007649,KH0399,10/11/2024 16:39:00,TMĐT - Tiki,NV04,Đã giao
DH010143,KH0054,15/10/2024 09:01:00,Đại lý,NV03,Đã giao
DH002581,KH0249,27/08/2024 01:05:00,Ban le,NV23,Mới
DH008250,KH0262,03/12/2024 18:15:00,Showroom,NV08,Đang xử lý
DH002523,KH9005,22/01/2025 12:15:00,Lazada,NV12,Đã hủy
DH001250,KH0200,16/06/2025 04:11:00,Bán lẻ,NV02,Đã giao
DH005454,KH0449,09/10/2025 09:57:00,TMĐT - Shopee,NV23,Đang xử lý
DH006971,KH0227,28/01/2025 02:45:00,TMĐT - Tiki,NV30,Đã giao
DH001219,KH0346,11/12/2024 00:06:00,Đại lý,NV22,Đang xử lý
DH000853,KH0168,03/11/2024 03:09:00,TMĐT - Tiki,NV05,Đã giao
DH9900004,KH0321,13/01/2025 18:24:00,TMĐT - Tiki,NV08,Đã hủy
DH006163,KH0248,29/01/2025 01:54:00,Lazada,NV08,Đã hủy
DH002050,KH0012,30/03/2025 22:19:00,TMĐT - Tiki,NV24,Đã giao
DH007316,KH0374,15/05/2026 11:25:00,Showroom,NV17,Đã giao
DH005929,KH0428,24/12/2025 23:18:00,Showroom,NV16,Đã giao
DH011780,KH0151,15/02/2025 13:11:00,Ban le,NV02,Đã giao
DH010442,KH0105,28/12/2024 22:56:00,Đại lý,NV22,Đang xử lý
DH004976,KH0139,13/04/2026 11:13:00,Shopee,NV17,Đã giao
DH010978,KH0198,15/10/2024 00:23:00,TMĐT - Tiki,NV20,Đã giao
DH011218,KH0141,21/11/2024 21:00:00,Ban le,NV28,Đã giao
DH009469,KH0262,05/11/2025 18:52:00,Đại lý,NV29,Đang xử lý
DH004558,KH0412,15/02/2026 17:55:00,Lazada,NV08,Đã giao
DH005972,KH0384,02/12/2026 18:37:00,Ban le,NV15,Mới
DH010306,,13/07/2026 02:21:00,TMĐT - Tiki,NV06,Đã giao
DH011613,KH0107,14/10/2025 21:04:00,Showroom,NV22,Mới
DH006001,KH0163,20/04/2025 22:01:00,Bán lẻ trực tiếp,NV09,Đã giao
DH009491,KH9012,16/05/2025 06:41:00,Đại lý,NV16,Đã hủy
DH010260,KH0406,05/07/2025 00:25:00,Lazada,NV20,Đã giao
DH007995,KH0261,30/07/2026 17:33:00,TMĐT - Tiki,NV09,Đã giao
DH010613,KH0446,25/07/2026 15:55:00,Showroom,NV04,Đã giao
DH003137,KH0215,11/23/2024 17:32:00,Đại lý,NV23,Đã giao
DH003533,KH0056,12/12/2024 14:49:00,TMĐT - Tiki,NV24,Mới
DH008942,KH0122,04/05/2026 22:38:00,Đại lý,NV09,Đã giao
DH005411,KH0227,29/03/2025 15:41:00,Sàn Shopee,NV30,Đã giao
DH010368,KH0127,04/09/2025 09:25:00,Shopee,NV24,Đã giao
DH9900086,KH0155,04/29/2026 10:25:00,Lazada,NV15,Đã giao
DH9900173,KH0394,11/01/2026 11:43:00,Showroom,NV10,Đã giao
DH004146,KH0440,29/08/2024 08:48:00,Lazada,NV28,Đã giao
DH002273,KH0141,10/11/2024 03:17:00,Đại lý,NV29,Đang xử lý
DH006547,KH0262,11/04/2026 02:03:00,Đại lý,NV20,Đã giao
DH003017,KH0436,23/06/2026 04:17:00,Đại lý,NV23,Đã giao
DH002429,KH0002,18/11/2025 15:34:00,Shopee,NV03,Đã giao
DH008493,KH0367,30/01/2026 00:32:00,Đại lý,NV08,Đã giao
DH9900139,KH0326,21/12/2025 12:11:00,Showroom,NV19,Đã giao
DH000710,KH0266,16/01/2026 01:08:00,TMĐT - Tiki,NV28,Đã giao
DH006084,KH0044,23/11/2024 05:12:00,Sàn Shopee,NV17,Đã giao
DH003851,KH0402,21/12/2024 14:27:00,Lazada,NV27,Đã giao
DH001294,KH9006,15/08/2024 04:49:00,Bán lẻ,NV09,Đã giao
DH009124,KH9006,06/03/2026 04:10:00,Showroom,NV30,Đã giao
DH005471,KH0230,18/03/2025 09:49:00,Đại lý,NV24,Đã giao
DH011668,KH0243,09/06/2025 06:21:00,TMĐT - Tiki,NV02,Đã giao
DH009644,KH0034,02/08/2025 04:55:00,Lazada,NV05,Đã giao
DH010464,KH0314,30/12/2024 20:31:00,TMĐT - Tiki,NV24,Đã hủy
DH009957,KH0391,11/28/2025 12:44:00,Ban le,NV27,Đã giao
DH004652,KH0140,25/08/2024 03:15:00,Sàn Shopee,NV23,Đã giao
DH000495,KH0070,13/03/2025 03:40:00,TMĐT - Tiki,NV21,Đã giao
DH006014,KH0151,01/10/2024 09:52:00,Sàn Shopee,NV21,Đã giao
DH002496,KH0242,19/11/2024 01:36:00,Ban le,NV10,Trả hàng
DH008544,KH0197,18/02/2026 02:54:00,Sàn Shopee,NV17,Đã giao
DH009994,KH0225,26/12/2025 22:34:00,Sàn Shopee,NV25,Đã giao
DH003344,KH0090,05/07/2026 15:52:00,Ban le,NV25,Đã hủy
DH010269,KH0012,05/10/2024 04:54:00,Lazada,NV05,Đã giao
DH005316,KH0008,03/07/2025 05:54:00,Shopee,NV09,Đã giao
DH003425,KH0155,04/04/2026 08:41:00,Sàn Lazada,NV22,Đã giao
DH010529,KH0242,09/10/2025 15:20:00,Đại lý,NV03,Đã giao
DH011892,KH0122,22/04/2026 06:00:00,Bán lẻ,NV06,Đã giao
DH003879,KH0308,28/07/2025 12:16:00,Bán lẻ trực tiếp,NV28,Đã giao
DH002253,KH0391,06/06/2026 07:17:00,Showroom,NV02,Đã giao
DH001765,KH0444,05/05/2026 10:42:00,Bán lẻ,NV19,Đã giao
DH010599,KH0438,15/09/2025 01:05:00,Bán lẻ,NV03,Đã giao
DH002461,KH0389,17/01/2025 22:19:00,TMĐT - Tiki,NV07,Đã giao
DH009768,KH0244,07/07/2026 02:26:00,Sàn Lazada,NV16,Đã giao
DH002954,KH0406,17/12/2025 11:08:00,Showroom,NV15,Đã giao
DH011784,KH0391,11/05/2025 22:02:00,Lazada,NV22,Đã giao
DH000270,KH0262,31/01/2025 22:51:00,TMĐT - Tiki,NV08,Đang xử lý
DH001023,KH0194,24/01/2026 13:59:00,Shopee,NV03,Trả hàng
DH006481,KH0367,24/08/2025 23:41:00,Ban le,NV12,Đã giao
DH000277,KH0068,13/08/2025 01:05:00,Ban le,NV06,Mới
DH002191,KH9002,31/01/2025 16:43:00,Ban le,NV03,Đã giao
DH003243,KH0002,08/02/2026 10:15:00,Shopee,NV27,Đã giao
DH008255,KH0070,26/06/2026 19:42:00,TMĐT - Tiki,NV21,Đã giao
DH011679,KH0035,11/12/2025 06:20:00,Shopee,NV29,Đã giao
DH002744,KH0178,26/02/2025 10:57:00,Ban le,NV11,Đã giao
DH008815,KH0413,18/05/2026 02:57:00,Showroom,NV18,Đã giao
DH000860,KH0253,27/10/2024 13:46:00,TMĐT - Tiki,NV07,Đã giao
DH006535,KH0439,06/06/2025 13:33:00,TMĐT - Tiki,NV09,Đã giao
DH001524,KH0262,06/02/2026 10:19:00,Shopee,NV06,Đã giao
DH008093,KH0249,29/07/2025 22:07:00,Sàn Shopee,NV11,Đang xử lý
DH005750,KH0246,06/07/2026 17:56:00,Sàn Lazada,NV18,Đã giao
DH004246,KH0426,19/07/2025 13:42:00,Đại lý,NV02,Đã giao
DH003100,KH0054,21/01/2025 11:27:00,Sàn Lazada,NV13,Đang xử lý
DH002998,KH0070,13/08/2024 12:44:00,Shopee,NV08,Đã giao
DH000192,KH0227,19/06/2026 19:22:00,Showroom,NV22,Đã giao
DH011602,KH0039,26/09/2024 09:18:00,Đại lý,NV30,Đã giao
DH006311,KH0092,11/04/2026 15:02:00,Đại lý,NV02,Đã giao
DH009878,KH0402,01/06/2025 00:03:00,TMĐT - Tiki,NV08,Đã giao
DH005030,KH0141,21/04/2026 17:06:00,Shopee,NV26,Đã giao
DH005192,KH0248,20/11/2024 15:01:00,Sàn Shopee,NV02,Đang xử lý
DH011552,KH0035,18/06/2026 02:40:00,Showroom,NV21,Đã giao
DH007834,KH0446,05/07/2025 03:24:00,TMĐT - Tiki,NV29,Đang xử lý
DH006173,KH0055,03/04/2026 20:05:00,Showroom,NV19,Đã giao
DH002557,KH0120,29/11/2024 14:06:00,Sàn Shopee,NV26,Đã giao
DH009282,KH0311,03/04/2026 14:47:00,Đại lý,NV18,Đã giao
DH004854,KH0227,17/03/2026 12:13:00,Bán lẻ,NV06,Đã giao
DH011640,KH0337,18/05/2025 12:05:00,Đại lý,NV28,Đang xử lý
DH010520,KH0294,05/06/2025 17:09:00,Ban le,NV16,Đã giao
DH000669,KH0035,14/05/2025 14:47:00,Lazada,NV12,Đã giao
DH011514,KH0200,16/10/2024 17:32:00,Sàn Shopee,NV17,Đã giao
DH008616,KH0352,16/05/2026 23:27:00,Showroom,NV20,Đã giao
DH006977,KH0248,25/10/2024 19:30:00,Đại lý,NV05,Đã giao
DH006950,KH0220,17/02/2026 01:50:00,TMĐT - Lazada,NV05,Đã giao
DH000247,KH0141,25/05/2025 10:09:00,TMĐT - Tiki,NV19,Đã giao
DH002033,KH0056,28/09/2025 23:59:00,Showroom,NV29,Đã giao
DH000246,KH0219,28/07/2025 16:19:00,Showroom,NV13,Đã giao
DH9900017,KH9003,28/10/2025 13:30:00,TMĐT - Tiki,NV07,Đã giao
DH008848,,11/02/2024 05:36:00,Lazada,NV07,Đã giao
DH010945,KH0012,2025-07-01 14:58:00,Showroom,NV26,Đã hủy
DH011420,KH0257,16/12/2025 02:15:00,Sàn Lazada,NV21,Trả hàng
DH006953,KH0070,05/01/2025 06:20:00,Showroom,NV10,Đã giao
DH009879,KH0141,13/11/2025 16:28:00,Lazada,NV03,Mới
DH008219,KH0151,25/05/2026 21:39:00,Ban le,NV27,Đã giao
DH003578,KH0055,23/11/2025 16:26:00,TMĐT - Tiki,NV06,Đã giao
DH003978,KH0126,25/04/2025 12:03:00,Đại lý,NV22,Đã giao
DH002513,KH0151,08/01/2026 06:51:00,Sàn Lazada,NV17,Đang xử lý
DH008625,KH0442,27/02/2026 00:06:00,Sàn Lazada,NV07,Đã hủy
DH002338,KH0004,23/09/2025 17:16:00,Shopee,NV07,Đã giao
DH008692,KH0391,07/03/2025 21:47:00,Lazada,NV29,Trả hàng
DH009497,KH0204,11/12/2024 19:47:00,TMĐT - Tiki,NV16,Đã giao
DH011527,KH0390,04/11/2025 12:14:00,TMĐT - Tiki,NV13,Đã giao
DH003262,KH0081,29/03/2025 06:57:00,Sàn Lazada,NV03,Đã giao
DH008218,KH0325,17/12/2024 09:39:00,TMĐT - Tiki,NV24,Đang xử lý
DH005446,KH0325,18/10/2024 14:02:00,Ban le,NV22,Đang xử lý
DH008178,KH0306,01/12/2024 09:52:00,Lazada,NV10,Đã giao
DH009141,KH0053,14/08/2024 02:28:00,Ban le,NV23,Đã giao
DH002478,KH0306,01/02/2026 07:25:00,TMĐT - Shopee,NV29,Đã giao
DH000105,KH0384,08/07/2025 13:25:00,Ban le,NV25,Mới
DH003439,KH0412,21/09/2024 09:21:00,Ban le,NV28,Đã giao
DH006626,KH0447,03/11/2024 07:23:00,Đại lý,NV29,Đang xử lý
DH002791,KH0140,23/11/2024 05:59:00,TMĐT - Tiki,NV14,Đã giao
DH003443,KH0035,08/03/2025 02:09:00,Showroom,NV14,Đã giao
DH003933,KH0420,01/12/2025 18:27:00,Đại lý,NV14,Đang xử lý
DH005038,KH0051,30/08/2024 04:07:00,Ban le,NV22,Đã giao
DH006814,KH0243,09/07/2026 22:06:00,Showroom,NV05,Đã giao
DH007724,KH0335,22/04/2026 14:45:00,TMĐT - Shopee,NV28,Đã giao
DH004211,KH0098,2025-08-29 12:07:00,Đại lý,NV05,Đã giao
DH004018,KH0003,15/09/2025 11:21:00,Showroom,NV09,Đã giao
DH005772,KH0010,01/11/2024 23:01:00,TMĐT - Tiki,NV11,Đã giao
DH007566,KH0257,25/08/2024 21:21:00,TMĐT - Tiki,NV07,Đã giao
DH007871,KH0262,06/11/2025 04:37:00,Shopee,NV21,Đã giao
DH006698,KH0262,18/09/2024 12:34:00,Sàn Shopee,NV22,Đã giao
DH009055,KH0068,09/05/2025 04:09:00,Sàn Shopee,NV07,Đang xử lý
DH010294,KH0171,19/01/2026 16:27:00,Đại lý,NV27,Trả hàng
DH000763,KH0242,16/02/2025 22:52:00,Sàn Shopee,NV28,Đã giao
DH010673,KH0187,21/05/2026 10:27:00,Bán lẻ,NV30,Mới
DH007453,KH9004,29/07/2026 14:29:00,Sàn Shopee,NV17,Đã giao
DH003898,KH0113,20/10/2025 23:50:00,TMĐT - Tiki,NV07,Đã giao
DH000085,KH0070,25/11/2025 06:06:00,TMĐT - Tiki,NV03,Đã giao
DH008894,KH0250,27/10/2024 04:29:00,Bán lẻ,NV15,Đã giao
DH007634,KH0108,14/09/2024 19:11:00,Đại lý,NV12,Đã giao
DH011236,KH0365,03/11/2024 23:46:00,Lazada,NV06,Mới
DH007919,KH0248,20/04/2026 13:46:00,Đại lý,NV16,Đã hủy
DH008193,KH0402,15/06/2025 23:24:00,Shopee,NV24,Đã giao
DH000527,KH0447,13/07/2026 10:07:00,Bán lẻ trực tiếp,NV17,Mới
DH004701,KH0187,22/12/2024 19:43:00,Sàn Shopee,NV01,Đã giao
DH002176,KH0175,31/01/2026 02:10:00,Showroom,NV25,Mới
DH003005,KH0273,29/05/2026 21:39:00,Sàn Lazada,NV19,Đã hủy
DH003135,KH0130,28/06/2025 20:15:00,Showroom,NV21,Đã giao
DH005977,KH0413,26/01/2025 05:25:00,Đại lý,NV16,Đã giao
DH005614,KH0332,22/07/2025 06:54:00,Sàn Lazada,NV18,Đã giao
DH007226,KH0396,25/01/2026 17:35:00,Showroom,NV15,Đã giao
DH010646,KH0370,06/06/2026 03:31:00,Showroom,NV11,Đã giao
DH008356,KH0186,24/03/2026 14:08:00,TMĐT - Tiki,NV26,Đã giao
DH010181,KH0244,13/12/2025 11:27:00,Showroom,NV28,Đã giao
DH008957,KH0267,06/03/2026 17:41:00,Sàn Lazada,NV24,Mới
DH010999,KH9006,03/08/2024 19:11:00,Shopee,NV20,Đã giao
DH006323,KH0119,15/05/2026 23:18:00,Đại lý,NV01,Đã giao
DH002307,KH0391,30/09/2025 13:04:00,Ban le,NV22,Đã giao
DH005315,KH0070,30/01/2026 06:00:00,Lazada,NV16,Đã giao
DH004173,KH0170,18/03/2026 22:18:00,TMĐT - Tiki,NV09,Đã giao
DH004502,KH0262,01/01/2025 04:21:00,Showroom,NV18,Đã giao
DH009581,KH0325,13/06/2026 12:06:00,Showroom,NV12,Đã giao
DH004364,KH0271,24/04/2026 05:46:00,Shopee,NV22,Đã giao
DH001907,KH0447,23/07/2026 18:57:00,Shopee,NV14,Đã hủy
DH001867,KH0358,20/10/2025 23:27:00,Ban le,NV25,Đã giao
DH001915,KH0262,29/01/2026 23:55:00,Sàn Lazada,NV05,Đã giao
DH001711,KH0391,16/06/2026 00:11:00,Sàn Lazada,NV11,Đã giao
DH004828,KH0412,25/10/2025 07:09:00,Đại lý,NV15,Đã giao
DH007117,KH0160,10/06/2025 12:58:00,Sàn Lazada,NV25,Đã giao
DH004029,KH0068,26/11/2025 10:50:00,Sàn Shopee,NV08,Trả hàng
DH001579,KH0271,30/06/2025 06:50:00,TMĐT - Tiki,NV03,Mới
DH001506,KH0391,22/04/2026 17:39:00,Ban le,NV01,Đã giao
DH005522,KH0297,11/22/2025 11:41:00,Sàn Shopee,NV20,Đã giao
DH007441,KH0243,24/06/2026 05:27:00,Đại lý,NV12,Đang xử lý
DH011579,KH0105,04/04/2025 14:30:00,Ban le,NV02,Đã giao
DH000918,KH0198,29/11/2024 13:17:00,Sàn Lazada,NV16,Đã giao
DH006569,KH0306,28/05/2026 15:01:00,Sàn Lazada,NV20,Đang xử lý
DH001244,KH0179,13/05/2026 13:53:00,TMĐT - Tiki,NV10,Đã giao
DH003192,KH0274,14/07/2026 01:37:00,Đại lý,NV21,Đã giao
DH010680,,10/10/2025 00:46:00,Đại lý,NV05,Đang xử lý
DH010549,KH0213,2024-08-31 15:35:00,Đại lý,NV05,Đã giao
DH000338,KH0396,30/07/2026 11:05:00,TMĐT - Lazada,NV18,Đã giao
DH007217,KH0105,06/07/2026 21:36:00,Sàn Lazada,NV13,Đang xử lý
DH001884,KH0442,24/04/2026 11:24:00,TMĐT - Tiki,NV27,Đang xử lý
DH008062,KH0359,18/08/2025 17:36:00,Showroom,NV14,Đã giao
DH003614,KH0034,18/07/2025 23:50:00,Showroom,NV29,Đã giao
DH001865,KH0355,13/01/2026 05:30:00,Showroom,NV18,Đã giao
DH000503,KH0285,10/05/2025 15:34:00,TMĐT - Tiki,NV02,Mới
DH007248,KH0055,29/12/2024 00:44:00,Đại lý,NV29,Đã giao
DH000332,KH0254,10/08/2024 12:39:00,Shopee,NV08,Đang xử lý
DH006818,,26/12/2024 16:40:00,Ban le,NV28,Đã giao
DH004632,KH0003,22/09/2025 14:42:00,TMĐT - Tiki,NV23,Đã giao
DH003840,KH0442,28/10/2024 12:04:00,Bán lẻ trực tiếp,NV19,Đã giao
DH003545,KH0293,02/03/2025 20:17:00,Lazada,NV07,Mới
DH9900051,KH0155,07/04/2026 06:34:00,Sàn Lazada,NV22,Đã giao
DH010968,KH0280,01/09/2025 19:45:00,Ban le,NV07,Mới
DH011386,KH0248,25/06/2026 20:26:00,TMĐT - Tiki,NV15,Đã giao
DH004883,KH0442,21/05/2025 06:27:00,Showroom,NV25,Đang xử lý
DH009681,KH0262,15/10/2024 07:43:00,Showroom,NV01,Đã giao
DH003115,KH0386,02/11/2025 07:14:00,Đại lý,NV17,Đã giao
DH010645,KH0442,20/11/2024 02:28:00,TMĐT - Lazada,NV30,Đã giao
DH001388,KH0199,05/03/2026 23:20:00,Showroom,NV26,Đã giao
DH010893,KH0404,14/05/2025 02:30:00,Sàn Shopee,NV17,Đã giao
DH005091,KH0366,11/11/2025 09:54:00,TMĐT - Tiki,NV01,Đã hủy
DH001577,KH0035,02/09/2024 13:22:00,Đại lý,NV03,Đã giao
DH006239,KH0396,16/08/2025 16:16:00,Đại lý,NV14,Đang xử lý
DH004389,KH0262,10/12/2025 00:51:00,Showroom,NV26,Đã giao
DH011358,KH0262,02/10/2024 05:38:00,Đại lý,NV23,Đã giao
DH000499,KH0002,02/09/2025 06:01:00,Shopee,NV14,Đã hủy
DH009588,KH0245,13/05/2025 01:18:00,TMĐT - Tiki,NV26,Đã giao
DH008709,KH0407,01/11/2025 06:19:00,Lazada,NV22,Đã giao
DH002371,KH0081,04/08/2025 12:24:00,Lazada,NV27,Đã giao
DH000904,KH0402,12/08/2025 11:51:00,Bán lẻ,NV15,Đã giao
DH003149,KH0391,01/09/2024 15:53:00,Shopee,NV25,Đã giao
DH006242,KH0447,20/09/2025 10:48:00,Showroom,NV26,Đã giao
DH003287,KH0433,05/01/2026 00:37:00,Bán lẻ trực tiếp,NV05,Đã giao
DH008822,KH0022,13/01/2026 20:02:00,Sàn Shopee,NV29,Đã hủy
DH002420,KH0127,14/03/2025 23:17:00,Đại lý,NV17,Đã hủy
DH008236,KH0281,28/06/2026 14:57:00,Showroom,NV01,Đã giao
DH007744,KH0227,18/08/2025 19:17:00,Showroom,NV12,Đã giao
DH005704,KH0422,01/06/2026 21:17:00,TMĐT - Tiki,NV11,Đã giao
DH005859,KH0179,31/08/2025 16:32:00,TMĐT - Tiki,NV12,Đã giao
DH010114,KH0326,28/11/2024 23:23:00,TMĐT - Lazada,NV12,Mới
DH010366,KH0442,24/01/2026 08:36:00,Showroom,NV13,Đang xử lý
DH002239,,11/08/2024 12:32:00,Sàn Lazada,NV16,Đã giao
DH006288,KH0314,28/02/2026 05:08:00,Bán lẻ,NV09,Đã giao
DH010403,KH0179,2025-05-09 06:30:00,Showroom,NV02,Đã giao
DH009070,KH0293,12/10/2024 03:22:00,Sàn Shopee,NV17,Đã giao
DH009413,KH0306,13/08/2025 02:29:00,Sàn Lazada,NV03,Đã giao
DH004011,KH0136,10/06/2026 22:01:00,Showroom,NV25,Đã giao
DH005494,KH0183,17/01/2026 03:30:00,Lazada,NV04,Đã giao
DH006291,KH0249,29/11/2025 21:17:00,Ban le,NV11,Đã giao
DH004380,KH0248,12/11/2024 20:40:00,TMĐT - Tiki,NV19,Mới
DH003956,KH0314,27/09/2025 05:12:00,TMĐT - Tiki,NV24,Đang xử lý
DH000996,KH0396,07/04/2026 08:28:00,TMĐT - Tiki,NV18,Đã giao
DH000615,KH0155,05/09/2025 11:18:00,Sàn Shopee,NV13,Mới
DH001094,KH0242,11/07/2026 22:33:00,Ban le,NV19,Đã giao
DH002173,KH0428,14/12/2024 10:54:00,Shopee,NV18,Đã hủy
DH003143,KH0114,17/10/2025 07:19:00,Shopee,NV03,Đã giao
DH004960,KH0049,25/04/2026 06:45:00,TMĐT - Tiki,NV03,Đã giao
DH000187,KH0013,17/02/2026 02:30:00,Ban le,NV14,Đã giao
DH006714,KH0262,07/09/2025 15:46:00,Sàn Shopee,NV09,Đang xử lý
DH002193,KH0442,15/11/2024 05:43:00,TMĐT - Tiki,NV22,Đã giao
DH006516,KH0428,19/01/2026 20:28:00,Bán lẻ,NV28,Đã giao
DH008252,KH0014,18/12/2025 02:17:00,Ban le,NV03,Đã giao
DH003634,KH0263,14/03/2025 23:25:00,Đại lý,NV06,Đã giao
DH010735,KH0391,28/08/2025 07:44:00,Đại lý,NV25,Đã giao
DH003573,KH0365,03/02/2025 06:52:00,Lazada,NV09,Đã giao
DH003317,KH0051,07/07/2026 09:36:00,Sàn Shopee,NV08,Đã giao
DH008528,KH0442,20/01/2026 00:00:00,TMĐT - Tiki,NV12,Mới
DH008216,KH0316,10/09/2024 12:17:00,Sàn Shopee,NV12,Đã giao
DH001851,KH0321,28/01/2026 15:04:00,TMĐT - Lazada,NV20,Mới
DH006181,KH0114,07/07/2026 17:49:00,TMĐT - Tiki,NV03,Đã giao
DH011094,KH0122,14/01/2025 13:27:00,Sàn Shopee,NV25,Đã giao
DH011835,KH0183,19/06/2026 18:47:00,Lazada,NV30,Đã giao
DH002759,KH0402,13/04/2026 07:36:00,Shopee,NV24,Đã giao
DH006095,KH0383,18/05/2026 18:22:00,Lazada,NV07,Đã giao
DH006370,KH0306,20/08/2024 06:47:00,Bán lẻ,NV25,Đã giao
DH009354,,20/02/2026 03:29:00,Sàn Lazada,NV22,Đã giao
DH008385,KH0262,09/28/2025 07:57:00,Ban le,NV14,Đã giao
DH009705,KH9004,19/04/2026 06:27:00,Sàn Shopee,NV11,Mới
DH002170,KH0183,17/03/2025 22:56:00,Bán lẻ,NV12,Đã giao
DH002083,KH0130,26/08/2025 18:11:00,Đại lý,NV10,Đã giao
DH008024,KH0004,28/07/2026 19:01:00,Bán lẻ,NV10,Đã giao
DH001771,KH0259,06/03/2025 05:53:00,Showroom,NV29,Đã hủy
DH011111,KH0141,20/12/2025 15:24:00,TMĐT - Tiki,NV25,Đã giao
DH011397,KH0155,06/11/2024 01:02:00,Showroom,NV11,Đã giao
DH001894,KH0035,23/03/2026 01:41:00,Lazada,NV16,Đã giao
DH000428,KH0087,30/09/2024 17:40:00,Lazada,NV17,Đã hủy
DH005854,KH0088,30/06/2026 23:01:00,Sàn Shopee,NV08,Đã giao
DH004793,KH0035,30/10/2025 08:29:00,Bán lẻ,NV30,Đã giao
DH002605,KH0391,24/04/2025 06:26:00,Showroom,NV05,Đã giao
DH011732,KH0249,15/09/2024 03:19:00,Bán lẻ,NV14,Đang xử lý
DH001797,KH0193,24/02/2025 05:02:00,Sàn Lazada,NV11,Đã giao
DH005309,KH0252,13/06/2025 07:02:00,Lazada,NV12,Đã giao
DH007761,KH0094,30/05/2026 00:28:00,Sàn Lazada,NV18,Đã giao
DH010858,KH0391,21/06/2025 02:03:00,TMĐT - Tiki,NV17,Đã giao
DH011612,KH0447,22/10/2025 23:32:00,Showroom,NV27,Đã giao
DH007541,KH0077,26/12/2024 07:04:00,Showroom,NV28,Đã giao
DH009195,KH0322,03/08/2025 12:46:00,Showroom,NV16,Đã giao
DH004531,KH0148,10/09/2025 21:39:00,Showroom,NV14,Đã giao
DH007004,KH0249,19/10/2025 17:53:00,TMĐT - Tiki,NV30,Mới
DH007206,KH0257,13/12/2024 15:29:00,Lazada,NV10,Đã hủy
DH009866,KH0212,03/01/2026 12:25:00,Lazada,NV04,Đã giao
DH004779,KH0257,04/03/2025 09:46:00,Bán lẻ,NV26,Mới
DH011697,KH0391,15/09/2024 22:54:00,TMĐT - Shopee,NV04,Đã giao
DH007595,KH0391,11/09/2024 22:36:00,Bán lẻ trực tiếp,NV07,Đã giao
DH002761,KH0262,21/10/2025 18:00:00,Đại lý,NV17,Đã giao
DH003812,KH9005,21/02/2026 00:39:00,Showroom,NV25,Trả hàng
DH009160,KH9012,26/01/2025 08:38:00,Showroom,NV09,Đang xử lý
DH003987,KH0391,18/09/2025 17:47:00,Lazada,NV17,Đã giao
DH000829,KH0184,07/04/2025 16:54:00,Showroom,NV29,Đã giao
DH011563,,25/11/2024 17:16:00,Đại lý,NV23,Đang xử lý
DH005766,KH0262,21/08/2024 17:05:00,TMĐT - Tiki,NV20,Đã giao
DH010588,KH0184,19/08/2024 23:00:00,Sàn Shopee,NV21,Đã giao
DH006625,KH0070,30/06/2026 17:51:00,Lazada,NV12,Mới
DH004780,KH0056,02/06/2025 23:56:00,Showroom,NV15,Mới
DH009734,KH0092,06/01/2025 08:10:00,Đại lý,NV26,Đã giao
DH002026,KH0248,17/02/2025 22:07:00,TMĐT - Tiki,NV13,Đang xử lý
DH009977,KH0412,18/07/2026 16:09:00,Lazada,NV27,Đã giao
DH006402,KH0215,19/06/2025 17:58:00,Lazada,NV20,Đã giao
DH007378,KH0012,12/12/2024 17:15:00,TMĐT - Tiki,NV16,Đã hủy
DH004297,KH0446,13/08/2025 19:44:00,Sàn Shopee,NV21,Đã giao
DH000272,KH0261,06/12/2025 02:19:00,TMĐT - Tiki,NV08,Đã giao
DH004517,KH0314,14/05/2025 16:34:00,TMĐT - Tiki,NV29,Đã giao
DH007835,KH0070,06/06/2025 12:43:00,TMĐT - Tiki,NV11,Đã giao
DH001779,KH0034,23/09/2025 01:57:00,Đại lý,NV11,Đang xử lý
DH007131,KH0013,23/06/2026 09:46:00,Showroom,NV21,Đã giao
DH009320,KH0391,29/12/2025 20:32:00,TMĐT - Tiki,NV02,Đã giao
DH002573,KH0253,01/07/2025 21:27:00,Showroom,NV01,Đang xử lý
DH003094,KH0140,03/09/2024 13:38:00,Bán lẻ trực tiếp,NV10,Đã giao
DH011817,KH0193,24/12/2024 09:46:00,Lazada,NV09,Đã giao
DH002737,KH0399,06/12/2025 11:15:00,Đại lý,NV26,Đã giao
DH011191,KH0421,01/08/2024 21:51:00,Đại lý,NV27,Đã giao
DH009656,KH0120,04/09/2025 22:35:00,Lazada,NV09,Đã giao
DH008417,KH0194,13/07/2026 16:27:00,Showroom,NV29,Đã giao
DH001363,KH0229,23/05/2026 06:29:00,Showroom,NV10,Đã giao
DH009541,KH0447,10/07/2025 10:57:00,Ban le,NV03,Đã giao
DH008647,KH0389,18/12/2024 14:32:00,Sàn Shopee,NV04,Đã giao
DH010682,KH0002,26/09/2025 04:14:00,Sàn Lazada,NV12,Đã giao
DH002462,KH0391,16/07/2026 13:46:00,Bán lẻ,NV03,Đã giao
DH007638,KH0157,12/12/2024 04:36:00,TMĐT - Tiki,NV12,Trả hàng
DH006177,KH0201,21/01/2026 14:05:00,Sàn Shopee,NV09,Đã giao
DH001661,KH0128,08/11/2024 03:07:00,Lazada,NV07,Đã giao
DH006877,KH0370,27/10/2025 04:17:00,Sàn Shopee,NV16,Đã giao
DH003381,KH0439,24/01/2026 07:21:00,TMĐT - Tiki,NV28,Đã giao
DH004915,,26/03/2025 07:45:00,Showroom,NV18,Đang xử lý
DH001945,KH0155,01/08/2025 12:38:00,Bán lẻ,NV07,Đang xử lý
DH9900125,KH0262,18/04/2025 23:55:00,TMĐT - Tiki,NV09,Đã giao
DH011705,,23/06/2026 14:06:00,Ban le,NV01,Đã giao
DH003369,KH0306,23/10/2025 12:45:00,Lazada,NV12,Đã giao
DH002490,KH0141,18/03/2025 03:04:00,TMĐT - Tiki,NV05,Đang xử lý
DH002521,KH0151,28/07/2026 13:02:00,Bán lẻ,NV27,Đã giao
DH006636,KH0422,09/30/2025 21:32:00,Showroom,NV30,Đã giao
DH010223,KH0391,10/11/2025 07:28:00,TMĐT - Lazada,NV21,Đã hủy
DH011390,KH0262,22/09/2024 02:41:00,Bán lẻ,NV10,Đã hủy
DH011930,KH0262,17/11/2024 10:09:00,Sàn Lazada,NV19,Đã giao
DH001410,KH0367,11/09/2025 12:37:00,Lazada,NV19,Đã hủy
DH002426,KH0311,26/07/2025 20:21:00,Showroom,NV03,Đã giao
DH004578,KH0402,25/01/2026 15:20:00,Đại lý,NV06,Đã giao
DH001366,KH0166,30/01/2026 03:38:00,Sàn Lazada,NV20,Đã giao
DH011323,KH0442,14/12/2024 04:43:00,Shopee,NV23,Trả hàng
DH010339,KH0314,09/06/2025 06:42:00,Showroom,NV04,Đã giao
DH006664,KH0248,30/05/2026 15:42:00,Shopee,NV17,Đang xử lý
DH011483,KH9013,15/11/2024 22:37:00,Lazada,NV20,Đã giao
DH007183,KH0381,11/09/2024 19:39:00,Đại lý,NV15,Đã giao
DH009130,KH0438,15/05/2025 15:42:00,Đại lý,NV12,Đã giao
DH007406,KH0122,01/07/2025 18:21:00,Shopee,NV18,Đã giao
DH009300,KH9001,07/12/2025 00:23:00,Shopee,NV16,Đã giao
DH011791,KH0076,09/12/2025 21:18:00,Đại lý,NV24,Đã giao
DH011209,KH0290,24/12/2025 00:03:00,Ban le,NV19,Đã giao
DH011949,KH0070,08/03/2025 23:51:00,Đại lý,NV05,Đã giao
DH004394,KH0155,07/08/2024 11:06:00,TMĐT - Lazada,NV29,Đã giao
DH005145,KH0035,09/10/2025 04:50:00,TMĐT - Tiki,NV19,Đã giao
DH006660,KH0262,22/01/2025 13:35:00,Sàn Shopee,NV21,Đang xử lý
DH010522,KH0070,06/11/2024 06:32:00,Shopee,NV26,Đã giao
DH001367,KH0053,28/02/2025 13:07:00,Lazada,NV29,Đã giao
DH006723,KH0391,05/11/2024 08:07:00,Showroom,NV06,Đã giao
DH006407,KH0262,24/06/2026 23:55:00,Đại lý,NV06,Đã giao
DH007168,KH0321,12/05/2025 20:01:00,Showroom,NV27,Đã giao
DH008954,KH0359,14/09/2025 14:25:00,Ban le,NV06,Đã giao
DH006677,KH0227,04/12/2024 14:37:00,Đại lý,NV08,Đang xử lý
DH004642,KH0275,17/10/2025 13:26:00,TMĐT - Shopee,NV27,Đã giao
DH010670,KH0198,20/08/2025 01:00:00,Showroom,NV18,Đã giao
DH010298,KH0262,08/11/2025 13:48:00,Showroom,NV05,Đã giao
DH007521,KH0406,09/09/2024 12:30:00,Đại lý,NV10,Đã giao
DH007148,KH0442,03/06/2026 21:08:00,Đại lý,NV19,Trả hàng
DH001318,KH0243,18/01/2025 10:24:00,Đại lý,NV19,Đã giao
DH011682,KH0397,11/09/2024 01:16:00,Sàn Shopee,NV29,Đã giao
DH000855,KH0242,19/09/2025 03:47:00,TMĐT - Tiki,NV01,Đã giao
DH010937,KH9007,30/06/2026 23:48:00,Ban le,NV11,Đã giao
DH009305,KH0222,26/11/2025 07:51:00,TMĐT - Tiki,NV03,Đã giao
DH003193,KH0183,31/10/2025 02:17:00,Sàn Lazada,NV13,Đã giao
DH008162,KH0199,28/08/2025 19:13:00,Sàn Lazada,NV04,Đã giao
DH002952,KH0113,05/03/2026 19:58:00,Đại lý,NV07,Đã giao
DH003350,KH0116,03/07/2026 15:35:00,Shopee,NV13,Đã giao
DH000184,KH0413,07/08/2025 22:13:00,Sàn Lazada,NV13,Đã giao
DH001078,KH9003,2025-12-24 19:16:00,Đại lý,NV23,Đã giao
DH010589,KH0413,27/11/2024 13:38:00,TMĐT - Tiki,NV29,Đang xử lý
DH008730,KH0012,06/12/2025 22:07:00,Shopee,NV28,Đã giao
DH008086,KH0397,17/11/2024 15:58:00,Ban le,NV25,Đang xử lý
DH010271,KH0280,02/03/2025 10:14:00,Lazada,NV13,Đã giao
DH009820,KH0155,05/05/2026 03:10:00,Showroom,NV22,Đã giao
DH010299,KH0306,15/12/2024 20:42:00,TMĐT - Tiki,NV11,Đã giao
DH000159,KH0354,16/04/2025 14:26:00,TMĐT - Tiki,NV07,Trả hàng
DH009383,KH0416,02/07/2025 11:22:00,Bán lẻ trực tiếp,NV04,Đã giao
DH004607,KH0071,27/08/2025 11:59:00,Lazada,NV26,Đã giao
DH008177,KH0439,18/02/2026 15:12:00,Shopee,NV17,Đã giao
DH007933,KH0402,04/07/2026 02:30:00,Shopee,NV07,Đang xử lý
DH004689,KH0397,14/02/2026 08:52:00,Shopee,NV29,Đã giao
DH003845,KH0257,23/04/2026 00:28:00,Sàn Lazada,NV09,Đã giao
DH009637,KH0420,31/03/2026 14:48:00,Đại lý,NV20,Đã giao
DH010762,KH0281,13/07/2025 10:59:00,Bán lẻ,NV23,Đã giao
DH010218,KH0140,17/10/2024 14:37:00,Lazada,NV30,Đã giao
DH000719,KH0446,28/11/2025 14:43:00,TMĐT - Tiki,NV30,Đã giao
DH011585,KH0384,07/03/2026 13:28:00,Đại lý,NV14,Đã giao
DH011146,KH0248,25/06/2026 00:25:00,Sàn Lazada,NV07,Đã giao
DH003777,KH0081,12/03/2026 02:13:00,Ban le,NV04,Đã giao
DH009752,KH0227,11/06/2026 10:55:00,Sàn Shopee,NV10,Đã hủy
DH009955,KH0445,27/09/2024 19:20:00,Showroom,NV08,Đã giao
DH007483,KH0051,13/12/2024 05:58:00,Đại lý,NV16,Đã giao
DH003776,KH0447,21/06/2026 15:35:00,Showroom,NV23,Đã giao
DH001981,KH0105,28/12/2024 14:10:00,TMĐT - Tiki,NV26,Đã giao
DH011006,KH0113,27/06/2025 07:51:00,Showroom,NV11,Đã giao
DH011441,,13/01/2026 05:31:00,Showroom,NV29,Đã giao
DH9900097,KH0447,21/09/2024 21:46:00,Đại lý,NV28,Đã giao
DH007872,KH0314,2024-09-10 03:04:00,Đại lý,NV03,Đang xử lý
DH009014,KH0391,15/08/2024 09:37:00,TMĐT - Shopee,NV08,Đã giao
DH004617,,26/11/2025 21:12:00,Bán lẻ,NV14,Đã giao
DH003003,KH0343,01/12/2024 18:19:00,Sàn Lazada,NV20,Đã giao
DH002407,KH0442,29/09/2024 21:43:00,Sàn Shopee,NV08,Đã giao
DH007022,KH0409,13/09/2024 04:27:00,Đại lý,NV11,Đã giao
DH002130,KH0089,21/12/2025 06:45:00,Đại lý,NV22,Đã giao
DH001125,KH0020,04/04/2026 10:01:00,Sàn Lazada,NV09,Đã giao
DH007233,KH0135,11/29/2024 21:21:00,Lazada,NV14,Đã giao
DH006211,KH0367,12/08/2024 08:16:00,Showroom,NV14,Đã giao
DH009104,KH0204,06/06/2025 07:59:00,Đại lý,NV19,Đã giao
DH004077,KH0089,27/03/2026 03:05:00,Đại lý,NV01,Đã giao
DH000194,KH0221,19/05/2025 15:33:00,Showroom,NV15,Đã giao
DH003784,KH0389,14/01/2026 13:48:00,Đại lý,NV06,Đã giao
DH011138,KH0031,01/11/2024 04:37:00,Lazada,NV14,Đã giao
DH001878,KH0198,03/10/2025 10:08:00,Sàn Shopee,NV24,Đã giao
DH002574,KH0324,09/06/2026 08:40:00,Bán lẻ,NV07,Trả hàng
DH010117,KH0113,18/11/2025 07:37:00,TMĐT - Tiki,NV03,Đang xử lý
DH008028,KH0265,19/11/2025 09:04:00,Sàn Shopee,NV24,Đã giao
DH002621,KH0035,18/04/2025 13:24:00,Đại lý,NV17,Đã giao
DH007228,KH0242,09/11/2025 07:00:00,Lazada,NV04,Đang xử lý
DH004460,KH0397,27/02/2026 10:11:00,TMĐT - Tiki,NV06,Đang xử lý
DH004002,KH0409,05/02/2025 23:04:00,Sàn Shopee,NV06,Đã giao
DH000909,KH0273,12/07/2026 01:42:00,Đại lý,NV17,Đã giao
DH003245,KH0446,15/03/2026 10:47:00,Showroom,NV23,Đã giao
DH004890,KH0293,30/06/2026 20:47:00,TMĐT - Shopee,NV12,Đang xử lý
DH002680,KH0120,05/11/2025 20:01:00,Bán lẻ trực tiếp,NV16,Đã giao
DH002778,KH0332,02/02/2025 00:08:00,Sàn Shopee,NV16,Đã giao
DH010397,KH0028,04/09/2025 12:49:00,Đại lý,NV17,Đã giao
DH001248,KH0266,07/01/2026 09:44:00,Đại lý,NV21,Đã giao
DH007430,KH0262,04/12/2024 21:57:00,Shopee,NV30,Đã giao
DH004065,KH0214,08/04/2026 21:13:00,Showroom,NV20,Đã giao
DH000019,KH0367,02/12/2025 07:39:00,Đại lý,NV29,Đã giao
DH003495,KH0273,07/06/2025 08:18:00,Showroom,NV05,Đã giao
DH001048,KH0323,01/01/2026 00:59:00,Đại lý,NV09,Đã giao
DH010730,KH0257,01/11/2024 23:15:00,Ban le,NV21,Đã hủy
DH004167,KH0184,04/10/2025 21:54:00,Đại lý,NV16,Đã giao
DH010929,KH0108,27/12/2024 06:58:00,TMĐT - Tiki,NV09,Đã giao
DH011604,KH9001,25/11/2024 17:55:00,Đại lý,NV03,Đã giao
DH006099,KH0409,10/12/2025 09:16:00,Showroom,NV24,Đã giao
DH003231,KH0215,22/03/2025 23:09:00,TMĐT - Tiki,NV14,Đã giao
DH010353,KH0419,2025-01-03 03:25:00,Showroom,NV03,Đang xử lý
DH002242,KH0002,04/09/2025 03:50:00,Showroom,NV26,Đã giao
DH001532,KH0053,02/05/2026 10:33:00,Showroom,NV18,Đã giao
DH011246,KH0447,04/12/2024 22:03:00,Showroom,NV18,Đã giao
DH011926,KH0012,15/12/2025 23:53:00,TMĐT - Tiki,NV21,Đã giao
DH001449,KH0044,02/07/2026 15:17:00,Đại lý,NV02,Đã giao
DH006111,KH0171,15/07/2025 23:50:00,TMĐT - Tiki,NV16,Đã giao
DH000507,KH0371,13/01/2026 03:13:00,TMĐT - Tiki,NV10,Trả hàng
DH003157,KH0230,13/02/2025 05:42:00,TMĐT - Tiki,NV10,Đã giao
DH006565,KH0158,13/12/2025 13:52:00,Sàn Lazada,NV05,Đã giao
DH003035,,08/12/2024 03:57:00,Showroom,NV26,Đã giao
DH002755,KH0391,16/06/2026 15:02:00,Shopee,NV17,Đã giao
DH003420,KH0025,13/06/2026 06:53:00,Đại lý,NV16,Đã giao
DH011205,KH0391,26/12/2025 01:23:00,Đại lý,NV03,Đã giao
DH007193,KH0002,01/12/2024 12:36:00,Bán lẻ,NV13,Đã giao
DH005186,,27/07/2026 22:43:00,Lazada,NV17,Đang xử lý
DH007802,KH0140,23/10/2024 10:24:00,Lazada,NV26,Đã giao
DH010234,KH0306,14/07/2026 15:34:00,Sàn Lazada,NV09,Đã hủy
DH007925,KH0358,07/10/2024 05:01:00,Sàn Shopee,NV16,Đã giao
DH008564,KH0227,11/02/2026 07:17:00,Lazada,NV10,Đã hủy
DH010654,KH0026,29/12/2025 12:24:00,Showroom,NV04,Trả hàng
DH000360,KH0391,05/01/2025 20:51:00,Đại lý,NV03,Đã giao
DH000540,KH0448,29/04/2026 15:05:00,Ban le,NV25,Đã giao
DH008145,KH0306,11/11/2024 15:23:00,TMĐT - Tiki,NV23,Đã giao
DH010292,KH0249,15/07/2026 13:50:00,Shopee,NV30,Đã giao
DH001332,KH0122,17/10/2024 11:07:00,Sàn Lazada,NV18,Đã giao
DH003386,KH0008,31/01/2026 19:39:00,Ban le,NV21,Đã giao
DH004076,KH0034,25/08/2025 12:37:00,Bán lẻ,NV17,Đang xử lý
DH006223,KH0438,04/07/2025 10:25:00,Showroom,NV05,Đã giao
DH005737,KH0155,07/05/2026 23:51:00,Đại lý,NV03,Đã giao
DH005303,KH0389,27/09/2024 12:21:00,Sàn Shopee,NV04,Đã giao
DH007915,KH0229,11/06/2025 23:24:00,Shopee,NV11,Đã giao
DH000957,KH0095,02/07/2025 16:12:00,Bán lẻ,NV29,Đã giao
DH006865,KH0392,07/09/2024 17:34:00,TMĐT - Tiki,NV25,Đã giao
DH008891,KH0391,27/01/2026 16:16:00,TMĐT - Tiki,NV18,Đã giao
DH010879,KH0257,30/07/2026 21:06:00,Ban le,NV12,Đã hủy
DH005544,KH0166,01/09/2025 09:20:00,Đại lý,NV12,Đã giao
DH003237,KH0248,24/06/2026 03:54:00,Showroom,NV22,Đang xử lý
DH009072,KH0012,06/02/2025 10:29:00,Bán lẻ,NV02,Trả hàng
DH006414,KH0241,17/03/2026 18:28:00,TMĐT - Shopee,NV21,Đã giao
DH9900096,KH0002,02/12/2025 10:55:00,Showroom,NV24,Đã giao
DH003173,KH0239,25/03/2025 16:16:00,Showroom,NV02,Đã giao
DH003507,KH0262,19/09/2025 18:38:00,Đại lý,NV22,Đã giao
DH005432,KH0341,01/10/2025 20:23:00,Đại lý,NV30,Đã giao
DH010734,KH0204,30/03/2026 22:09:00,Lazada,NV04,Đã giao
DH005438,KH0044,22/02/2025 21:54:00,Shopee,NV25,Đã giao
DH009578,KH0379,10/03/2026 07:05:00,TMĐT - Tiki,NV04,Đã giao
DH006876,KH0026,24/12/2024 17:32:00,Shopee,NV04,Đã giao
DH005168,KH0199,08/06/2025 08:06:00,Showroom,NV10,Đã giao
DH008104,KH0199,11/10/2024 11:39:00,Showroom,NV15,Đã hủy
DH004152,KH0141,02/08/2025 06:11:00,Bán lẻ trực tiếp,NV09,Đã hủy
DH002230,KH0013,04/06/2025 06:18:00,Sàn Lazada,NV28,Đã giao
DH007050,KH0447,02/12/2024 02:31:00,Showroom,NV18,Đang xử lý
DH008304,KH0040,28/05/2026 12:52:00,Showroom,NV09,Đã giao
DH004283,KH0197,27/11/2025 09:06:00,Shopee,NV20,Đã giao
DH007480,KH0126,07/05/2026 12:39:00,Sàn Lazada,NV08,Đã giao
DH003008,KH0184,29/10/2025 23:29:00,Showroom,NV09,Đã giao
DH008851,KH0155,17/08/2024 12:09:00,Sàn Shopee,NV06,Đã giao
DH004078,KH0016,06/10/2024 16:58:00,Showroom,NV07,Đã giao
DH003183,KH0274,26/11/2024 20:51:00,Sàn Shopee,NV23,Đã giao
DH010711,KH0209,08/04/2026 02:43:00,Đại lý,NV18,Đã giao
DH008043,,21/06/2025 10:13:00,Ban le,NV29,Đã giao
DH011655,KH0095,17/02/2026 17:38:00,TMĐT - Shopee,NV11,Đã giao
DH009563,KH0400,08/12/2024 10:46:00,TMĐT - Tiki,NV19,Đã giao
DH000523,KH0163,16/09/2024 19:51:00,Sàn Lazada,NV13,Đã giao
DH000313,KH0052,14/10/2024 13:36:00,Showroom,NV13,Đã giao
DH002835,KH0413,02/11/2025 14:17:00,Đại lý,NV11,Mới
DH005585,KH0196,22/03/2026 12:12:00,Shopee,NV27,Đã giao
DH004965,KH0086,13/06/2025 09:52:00,Showroom,NV28,Đã giao
DH011669,KH0383,27/11/2025 00:36:00,Shopee,NV16,Đã giao
DH004525,KH0101,19/11/2024 03:54:00,Đại lý,NV13,Đã giao
DH004295,KH0241,18/03/2026 09:48:00,TMĐT - Tiki,NV02,Đã giao
DH002529,KH0051,28/12/2024 02:31:00,Đại lý,NV01,Đã giao
DH010090,KH0328,10/11/2025 00:58:00,Showroom,NV26,Đã giao
DH004226,KH0042,13/11/2025 08:07:00,Shopee,NV13,Đã giao
DH007692,KH0063,14/02/2025 09:24:00,Sàn Shopee,NV05,Đã giao
DH010112,KH0246,08/10/2024 07:11:00,Bán lẻ,NV19,Đã hủy
DH007911,KH0135,19/03/2026 16:58:00,Showroom,NV01,Đã giao
DH001987,KH0391,23/12/2025 00:10:00,Lazada,NV22,Đã giao
DH003839,KH0262,28/12/2024 16:30:00,Showroom,NV14,Đang xử lý
DH006029,KH0391,14/01/2025 03:43:00,Đại lý,NV30,Đang xử lý
DH003995,KH0391,23/12/2024 22:31:00,Showroom,NV15,Đã giao
DH011290,KH0422,14/06/2025 14:14:00,Showroom,NV02,Đã giao
DH009919,KH0387,07/12/2024 11:24:00,Showroom,NV19,Đã giao
DH002183,,16/01/2026 16:43:00,Đại lý,NV29,Đã giao
DH001556,KH0231,07/09/2025 03:06:00,Sàn Lazada,NV02,Đang xử lý
DH009239,KH0074,26/03/2025 03:35:00,Showroom,NV27,Đã giao
DH002377,KH0205,01/11/2024 00:50:00,Sàn Lazada,NV14,Mới
DH008215,KH0391,10/04/2026 05:41:00,Lazada,NV18,Đã giao
DH006357,KH0018,2024-12-22 17:15:00,Sàn Lazada,NV26,Đang xử lý
DH009975,KH0107,03/12/2025 16:59:00,Bán lẻ,NV12,Đã hủy
DH004357,KH0128,29/04/2026 16:26:00,TMĐT - Lazada,NV08,Đã giao
DH9900021,KH0051,15/01/2026 13:54:00,Showroom,NV14,Đã giao
DH002067,KH0447,02/09/2024 03:15:00,TMĐT - Tiki,NV20,Trả hàng
DH011554,KH0242,16/04/2026 13:57:00,Sàn Shopee,NV02,Mới
DH008333,KH0344,07/02/2026 00:16:00,TMĐT - Tiki,NV08,Đã hủy
DH009189,KH9006,09/08/2025 02:41:00,Showroom,NV12,Đã giao
DH011342,KH0155,05/03/2026 18:32:00,Shopee,NV01,Đã giao
DH010279,KH0113,07/03/2025 08:34:00,TMĐT - Tiki,NV09,Đã giao
DH007139,KH0128,31/10/2025 14:43:00,Bán lẻ trực tiếp,NV20,Đã giao
DH005876,KH0044,12/24/2025 07:51:00,Showroom,NV25,Đã giao
DH009540,KH0281,27/08/2025 00:45:00,Đại lý,NV20,Mới
DH003104,KH0352,25/05/2026 06:34:00,Lazada,NV27,Đã giao
DH007684,KH0257,28/10/2025 16:22:00,Lazada,NV26,Đã giao
DH009152,KH0362,09/02/2026 09:07:00,Ban le,NV28,Đã giao
DH005637,KH0184,25/08/2025 07:41:00,Ban le,NV11,Đã giao
DH001888,KH0141,04/08/2025 12:59:00,Đại lý,NV03,Đã giao
DH010178,KH0412,20/12/2024 05:13:00,Showroom,NV03,Đã giao
DH009431,KH0446,02/08/2024 16:55:00,Lazada,NV30,Đã giao
DH010678,KH0070,03/12/2024 16:47:00,Đại lý,NV28,Đã giao
DH001230,KH0377,11/11/2024 17:04:00,Sàn Shopee,NV22,Đang xử lý
DH008169,KH0428,07/01/2026 07:52:00,Shopee,NV06,Mới
DH010956,KH0035,30/12/2025 22:57:00,Đại lý,NV18,Đã hủy
DH001511,KH0150,28/10/2024 10:27:00,Đại lý,NV11,Đã giao
DH010390,KH0337,15/11/2024 21:01:00,Sàn Lazada,NV05,Đã giao
DH005129,KH0446,2025-03-09 03:24:00,TMĐT - Shopee,NV29,Đã giao
DH005754,KH0134,29/12/2025 02:15:00,Ban le,NV01,Đã giao
DH003694,KH0249,11/04/2025 04:36:00,Sàn Lazada,NV28,Đã giao
DH002793,KH0290,04/04/2025 04:20:00,TMĐT - Tiki,NV12,Đã giao
DH008636,KH0069,25/02/2026 03:47:00,Đại lý,NV27,Đã giao
DH009342,KH0348,21/12/2025 20:29:00,Showroom,NV09,Đã giao
DH007738,KH0120,15/09/2025 08:12:00,Đại lý,NV03,Đã giao
DH001107,KH0316,07/05/2025 04:03:00,TMĐT - Tiki,NV10,Đã giao
DH008361,KH0166,18/02/2025 17:07:00,Lazada,NV11,Đang xử lý
DH004629,KH0212,10/10/2025 08:28:00,TMĐT - Tiki,NV15,Đã giao
DH005731,KH0314,15/02/2026 05:53:00,TMĐT - Tiki,NV20,Đã hủy
DH008479,,2026-07-04 12:02:00,Shopee,NV25,Đã giao
DH004278,KH0359,25/06/2026 11:49:00,TMĐT - Tiki,NV25,Đã giao
DH001831,KH0391,03/01/2026 01:08:00,Đại lý,NV09,Đã giao
DH003038,KH0140,14/09/2024 02:03:00,TMĐT - Tiki,NV27,Đã giao
DH005810,,02/09/2025 20:30:00,TMĐT - Tiki,NV06,Đã giao
DH011664,KH0442,08/11/2025 23:35:00,Showroom,NV22,Trả hàng
DH001390,KH0257,07/20/2026 13:24:00,Showroom,NV12,Đã giao
DH007586,KH0400,21/10/2025 14:25:00,TMĐT - Tiki,NV08,Đã giao
DH009474,KH0193,01/03/2026 02:30:00,Lazada,NV19,Đã giao
DH005936,KH0054,17/11/2025 22:06:00,Ban le,NV03,Đã giao
DH006927,KH0105,17/07/2026 16:59:00,TMĐT - Tiki,NV12,Đang xử lý
DH005123,KH0446,29/05/2025 20:51:00,Đại lý,NV18,Đã giao
DH001694,KH0242,25/04/2026 12:48:00,Bán lẻ,NV14,Đã giao
DH011523,KH0442,27/06/2025 00:31:00,Sàn Lazada,NV22,Đã giao
DH002244,KH0446,12/10/2025 16:00:00,Ban le,NV17,Đã giao
DH008335,KH0282,07/12/2024 13:08:00,Bán lẻ trực tiếp,NV02,Đã giao
DH002556,KH0412,15/09/2024 20:34:00,Sàn Shopee,NV10,Mới
DH011300,KH9004,20/12/2024 07:25:00,Đại lý,NV29,Đã hủy
DH007651,KH0063,19/10/2025 10:39:00,Showroom,NV16,Đã giao
DH008117,KH0243,26/08/2025 10:23:00,Sàn Shopee,NV11,Đã giao
DH006928,KH0003,02/06/2025 22:36:00,TMĐT - Tiki,NV15,Đã giao
DH008285,KH0158,05/08/2025 09:13:00,Showroom,NV28,Đã giao
DH003424,KH0436,09/05/2025 14:12:00,Sàn Shopee,NV02,Đang xử lý
DH004040,KH0304,27/07/2025 08:29:00,Showroom,NV09,Đã giao
DH009837,KH0227,11/11/2025 12:45:00,Đại lý,NV25,Đã giao
DH002010,KH0248,19/04/2026 23:00:00,Sàn Shopee,NV16,Đã giao
DH006806,KH0243,06/09/2024 05:07:00,Sàn Shopee,NV12,Đã giao
DH002664,KH0092,31/12/2025 10:13:00,Bán lẻ,NV17,Đã hủy
DH009682,KH0316,24/05/2026 20:05:00,TMĐT - Shopee,NV19,Đã giao
DH005069,KH0016,27/03/2025 08:26:00,Đại lý,NV18,Đã giao
DH007081,KH0070,11/07/2026 22:18:00,TMĐT - Tiki,NV21,Đã giao
DH001794,KH0262,22/09/2024 02:14:00,Lazada,NV30,Đã giao
DH005406,KH0013,23/03/2026 15:27:00,Sàn Lazada,NV25,Đã giao
DH007860,KH0290,14/07/2025 07:17:00,Sàn Shopee,NV18,Đã giao
DH000250,KH0070,07/08/2025 23:02:00,Showroom,NV12,Đã giao
DH004724,KH0262,05/01/2026 08:21:00,TMĐT - Tiki,NV06,Đã giao
DH004356,KH0249,08/03/2025 18:51:00,Showroom,NV15,Đã giao
DH008382,KH0257,09/12/2024 05:02:00,TMĐT - Tiki,NV30,Đã giao
DH001177,KH0055,24/12/2025 18:52:00,Đại lý,NV29,Đã giao
DH9900037,KH0365,2025-05-22 12:50:00,Đại lý,NV17,Đã giao
DH000225,KH0307,2025-04-18 17:01:00,TMĐT - Tiki,NV24,Đang xử lý
DH010401,KH0135,25/12/2025 02:12:00,TMĐT - Tiki,NV12,Đã giao
DH007349,KH0227,08/10/2025 18:26:00,Sàn Lazada,NV16,Trả hàng
DH001162,KH0272,22/11/2024 07:41:00,Đại lý,NV17,Đã giao
DH005453,KH0002,19/01/2026 07:28:00,Sàn Lazada,NV10,Đã giao
DH000816,KH0179,19/07/2026 06:11:00,Ban le,NV04,Đã hủy
DH006593,KH0309,16/12/2024 12:50:00,Bán lẻ,NV24,Đã giao
DH001825,KH0248,24/12/2025 07:32:00,Sàn Lazada,NV19,Đã giao
DH003808,KH0175,15/03/2025 20:11:00,Sàn Lazada,NV29,Đã giao
DH010072,KH0368,21/10/2024 22:06:00,Đại lý,NV10,Đã hủy
DH003610,KH0192,07/11/2025 22:27:00,Lazada,NV20,Đã giao
DH000209,KH0012,11/09/2025 00:07:00,TMĐT - Tiki,NV13,Đã giao
DH011932,KH0239,03/07/2025 02:18:00,TMĐT - Shopee,NV03,Đã giao
DH000124,KH0274,17/06/2026 04:29:00,TMĐT - Tiki,NV05,Đã giao
DH007605,KH0248,10/01/2026 06:01:00,Lazada,NV17,Đã giao
DH000426,KH0078,22/07/2026 10:33:00,Sàn Lazada,NV17,Đã giao
DH009723,KH9003,07/07/2025 04:44:00,Sàn Shopee,NV27,Đang xử lý
DH006200,KH0442,26/06/2025 07:23:00,Ban le,NV09,Đang xử lý
DH005944,KH0013,05/05/2025 21:29:00,Shopee,NV08,Đã giao
DH008949,KH0339,2024-08-27 12:14:00,Đại lý,NV17,Đã giao
DH9900156,KH0249,2025-07-29 01:58:00,Lazada,NV11,Đã giao
DH010701,KH0439,11/08/2024 01:22:00,Showroom,NV26,Đã giao
DH008755,KH0442,12/11/2024 14:55:00,Showroom,NV24,Đã giao
DH010919,KH0377,16/05/2026 12:27:00,Showroom,NV27,Đã giao
DH003383,KH0391,15/11/2025 13:14:00,TMĐT - Lazada,NV05,Đã giao
DH006304,KH0200,26/12/2025 09:23:00,Lazada,NV18,Đã giao
DH011366,KH0257,22/11/2025 11:19:00,Lazada,NV24,Đã giao
DH004110,KH0117,12/02/2025 03:50:00,TMĐT - Tiki,NV16,Đã giao
DH009950,KH0076,29/01/2025 13:47:00,Showroom,NV21,Đã hủy
DH004905,KH0303,02/06/2025 21:04:00,Showroom,NV12,Đã giao
DH005677,KH0138,22/01/2026 17:28:00,Bán lẻ,NV30,Đã giao
DH004860,KH0141,2025-08-23 21:13:00,Đại lý,NV15,Đã giao
DH006128,KH0155,22/05/2026 10:26:00,Showroom,NV02,Đã giao
DH009843,,15/07/2026 16:41:00,Đại lý,NV14,Đã giao
DH009265,KH0147,13/01/2026 21:46:00,Lazada,NV15,Đã giao
DH010255,KH0361,23/03/2025 10:58:00,Đại lý,NV03,Đã giao
DH010806,KH0082,21/04/2026 23:56:00,TMĐT - Tiki,NV16,Đã giao
DH008109,KH0367,06/12/2025 03:38:00,Bán lẻ,NV22,Đã giao
DH007610,KH0012,06/08/2024 03:37:00,Showroom,NV09,Đã giao
DH004763,KH0314,16/10/2025 14:38:00,Showroom,NV19,Đã giao
DH005397,KH0242,11/12/2024 06:15:00,Sàn Shopee,NV25,Đang xử lý
DH011113,KH0332,27/03/2026 06:58:00,Showroom,NV18,Đã hủy
DH9900112,KH0252,02/09/2024 02:40:00,Showroom,NV02,Đã giao
DH003805,KH0309,30/03/2026 05:25:00,Shopee,NV13,Đã giao
DH005214,KH0447,05/11/2025 09:09:00,TMĐT - Tiki,NV01,Trả hàng
DH005181,KH0070,11/01/2026 00:31:00,Showroom,NV22,Đã giao
DH008829,KH0442,12/12/2024 08:27:00,Sàn Lazada,NV25,Đã giao
DH001493,KH0170,07/12/2025 20:25:00,Showroom,NV02,Đã giao
DH007345,KH0314,21/03/2025 01:28:00,Showroom,NV02,Đã giao
DH009937,KH0304,08/03/2026 02:22:00,Lazada,NV06,Đã giao
DH004053,KH0098,22/10/2025 10:34:00,Đại lý,NV25,Đã giao
DH001528,KH0402,26/01/2026 20:59:00,Ban le,NV18,Đã giao
DH010591,KH0138,02/07/2026 22:19:00,Ban le,NV13,Đã hủy
DH011165,KH0250,26/02/2025 22:05:00,TMĐT - Tiki,NV19,Đã hủy
DH010934,KH0390,28/04/2026 22:54:00,Showroom,NV24,Đã hủy
DH006024,KH0388,26/08/2025 17:24:00,Bán lẻ,NV25,Đã giao
DH010642,KH0247,27/12/2025 04:38:00,Lazada,NV08,Mới
DH006657,KH0108,29/08/2024 15:43:00,Ban le,NV18,Đã giao
DH006285,KH0391,25/01/2025 18:32:00,Ban le,NV16,Đã giao
DH001490,KH0360,02/08/2024 08:31:00,Bán lẻ,NV20,Đã giao
DH000771,KH0446,12/04/2025 13:40:00,Ban le,NV19,Đã giao
DH008901,KH0197,29/12/2024 15:27:00,Đại lý,NV26,Đã giao
DH008656,KH0442,19/08/2025 15:19:00,TMĐT - Tiki,NV07,Trả hàng
DH002926,KH0299,14/02/2025 18:58:00,Bán lẻ,NV28,Đã giao
DH007366,KH0051,22/02/2026 19:06:00,Showroom,NV24,Đã giao
DH006543,KH0135,03/11/2025 06:32:00,Ban le,NV03,Đã giao
DH002987,KH0158,27/05/2025 19:43:00,TMĐT - Tiki,NV14,Đã giao
DH006683,KH0243,10/09/2024 19:24:00,TMĐT - Shopee,NV08,Đã giao
DH002641,KH0341,08/07/2026 16:18:00,TMĐT - Tiki,NV17,Đã giao
DH001792,KH0409,01/01/2026 00:21:00,TMĐT - Tiki,NV12,Mới
DH004963,KH0087,30/07/2025 02:44:00,Showroom,NV25,Đã giao
DH005686,KH0446,30/11/2025 07:39:00,Shopee,NV10,Trả hàng
DH007154,KH0346,02/08/2025 02:20:00,TMĐT - Tiki,NV23,Đã giao
DH008466,,15/12/2024 15:56:00,Đại lý,NV08,Đã hủy
DH006071,KH0075,12/08/2025 00:35:00,Shopee,NV17,Đã giao
DH003965,KH0068,25/05/2025 12:50:00,TMĐT - Tiki,NV23,Đang xử lý
DH011758,KH0266,30/04/2026 22:31:00,Bán lẻ,NV12,Đã giao
DH000618,KH0166,10/05/2025 05:45:00,Đại lý,NV17,Đã giao
DH007201,KH0391,29/12/2025 06:42:00,Showroom,NV01,Đã giao
DH008668,KH0447,12/08/2024 08:36:00,TMĐT - Tiki,NV21,Đã hủy
DH000639,KH0158,18/06/2026 22:04:00,Shopee,NV21,Đã giao
DH003899,KH0068,04/07/2026 20:12:00,TMĐT - Tiki,NV12,Đã giao
DH001397,KH0095,26/07/2026 22:19:00,Lazada,NV26,Đã hủy
DH006617,KH0257,02/11/2025 16:29:00,Bán lẻ trực tiếp,NV30,Đã giao
DH9900124,KH0138,20/01/2026 01:27:00,TMĐT - Tiki,NV30,Đang xử lý
DH008881,KH0054,01/09/2025 10:12:00,Đại lý,NV10,Đang xử lý
DH001033,KH0154,15/01/2026 20:08:00,Showroom,NV15,Đã giao
DH002839,KH0396,10/07/2025 06:25:00,Đại lý,NV26,Đã giao
DH005825,KH0446,09/08/2025 20:11:00,TMĐT - Tiki,NV12,Đã giao
DH006303,KH0034,02/12/2025 01:09:00,Sàn Lazada,NV04,Đã giao
DH007844,KH0315,15/11/2025 00:19:00,Bán lẻ,NV19,Đã giao
DH002823,KH0409,28/09/2025 18:41:00,TMĐT - Tiki,NV09,Đã giao
DH008347,,20/11/2025 20:44:00,Đại lý,NV30,Đã giao
DH007071,KH0272,27/05/2025 18:08:00,TMĐT - Tiki,NV20,Đã giao
DH005246,KH0044,13/12/2024 04:00:00,Showroom,NV04,Đã giao
DH007040,KH0392,13/09/2025 07:59:00,Đại lý,NV02,Đã giao
DH000406,KH0212,26/11/2025 22:15:00,TMĐT - Shopee,NV10,Đã giao
DH005389,KH0396,02/05/2025 12:54:00,Showroom,NV09,Đã giao
DH007352,KH9010,06/03/2025 14:12:00,Ban le,NV05,Đã giao
DH006411,KH0155,18/08/2025 15:38:00,Sàn Lazada,NV07,Đã hủy
DH008469,KH0241,06/11/2024 13:41:00,Đại lý,NV08,Đã giao
DH004581,KH0188,02/12/2024 21:06:00,Sàn Lazada,NV17,Đã giao
DH010031,KH0086,21/09/2024 03:32:00,Shopee,NV16,Mới
DH005816,KH0242,20/07/2025 20:54:00,Sàn Lazada,NV29,Đã giao
DH010164,KH0128,26/11/2025 04:08:00,Shopee,NV23,Đã giao
DH004673,KH0049,27/02/2026 06:45:00,Showroom,NV30,Đang xử lý
DH006227,KH0390,25/11/2025 10:46:00,Showroom,NV12,Đã giao
DH004210,KH0391,31/01/2025 08:08:00,Sàn Lazada,NV28,Đã giao
DH003246,KH0193,04/05/2025 22:15:00,Sàn Lazada,NV01,Đã giao
DH009863,KH0442,04/06/2026 01:53:00,Shopee,NV30,Đã giao
DH011174,KH0309,10/03/2026 08:23:00,TMĐT - Tiki,NV15,Mới
DH002323,KH9012,30/01/2025 16:29:00,Đại lý,NV16,Đã giao
DH010725,KH0379,12/01/2026 13:14:00,Showroom,NV27,Đã giao
DH005089,,30/10/2024 10:19:00,TMĐT - Tiki,NV20,Đã giao
DH004989,KH0445,29/10/2024 02:30:00,Shopee,NV28,Đã giao
DH007895,KH0242,06/10/2025 04:06:00,Ban le,NV14,Trả hàng
DH011572,KH0034,19/07/2025 13:44:00,Showroom,NV08,Đã giao
DH005658,KH0199,11/11/2024 00:30:00,Bán lẻ,NV14,Trả hàng
DH009608,KH0391,28/07/2026 13:11:00,Bán lẻ,NV04,Đã giao
DH003869,KH0044,05/10/2025 04:33:00,Showroom,NV21,Đã giao
DH007474,KH0183,26/12/2025 03:49:00,Showroom,NV16,Đã giao
DH001530,KH0185,04/09/2025 15:15:00,TMĐT - Tiki,NV26,Đã giao
DH002106,KH0216,14/01/2026 21:00:00,Showroom,NV23,Đã giao
DH010911,KH0053,18/10/2024 08:59:00,TMĐT - Tiki,NV21,Đã giao
DH000805,KH0155,03/07/2025 13:44:00,Đại lý,NV06,Đã giao
DH009292,KH0262,10/06/2025 21:40:00,Đại lý,NV15,Đã giao
DH004235,KH0433,28/12/2025 21:31:00,Đại lý,NV15,Đã giao
DH006236,KH0032,17/06/2025 03:35:00,Sàn Shopee,NV01,Đã giao
DH004987,KH0314,16/09/2024 00:24:00,Đại lý,NV09,Đã giao
DH003330,KH0070,17/05/2026 10:17:00,Đại lý,NV20,Đang xử lý
DH004131,KH0056,11/09/2025 21:34:00,TMĐT - Shopee,NV09,Đã giao
DH006646,KH0447,30/07/2026 00:34:00,Lazada,NV17,Đã giao
DH004625,KH0368,09/09/2025 16:57:00,TMĐT - Tiki,NV12,Mới
DH006711,KH0215,20/10/2025 20:52:00,Đại lý,NV22,Đã giao
DH010280,KH0449,10/04/2026 06:14:00,Lazada,NV26,Đã giao
DH009895,KH0026,17/09/2025 07:53:00,Showroom,NV03,Đã giao
DH001582,KH0421,04/23/2026 14:38:00,Lazada,NV09,Đã giao
DH011063,KH0151,23/04/2025 08:49:00,Lazada,NV16,Đã giao
DH003164,KH0187,25/11/2024 00:21:00,Showroom,NV06,Đã hủy
DH009834,KH0155,2026-04-30 09:31:00,Showroom,NV01,Đã giao
DH010703,KH0385,21/12/2024 13:04:00,Showroom,NV30,Đã giao
DH005801,KH0306,2025-08-05 12:24:00,Ban le,NV09,Đã giao
DH003644,KH0406,17/01/2025 05:59:00,Đại lý,NV20,Đã giao
DH010145,KH0325,26/07/2025 23:55:00,Đại lý,NV23,Đã giao
DH001695,KH0262,25/09/2024 22:34:00,Sàn Lazada,NV23,Đã giao
DH004329,KH9001,31/12/2025 22:08:00,Shopee,NV22,Đang xử lý
DH002683,KH0420,30/11/2025 19:07:00,Sàn Lazada,NV23,Đã giao
DH007507,KH9009,16/04/2026 03:48:00,Bán lẻ,NV28,Đã giao
DH011984,KH0227,30/10/2025 20:22:00,Sàn Lazada,NV26,Đã hủy
DH011595,KH0368,29/05/2026 23:14:00,Đại lý,NV14,Đã giao
DH008717,KH0422,29/03/2026 20:48:00,Showroom,NV08,Đã giao
DH008534,KH0239,19/10/2025 23:40:00,Sàn Shopee,NV26,Đã hủy
DH000232,KH9006,13/01/2025 05:38:00,Lazada,NV11,Đã giao
DH000792,KH0305,23/12/2024 03:26:00,Shopee,NV23,Đã giao
DH011183,KH0409,26/07/2025 09:35:00,Bán lẻ,NV01,Đã hủy
DH004680,KH0322,09/10/2024 04:56:00,Bán lẻ,NV06,Đã giao
DH006663,KH0442,13/10/2025 18:42:00,Showroom,NV16,Đã giao
DH001350,KH0306,29/11/2024 04:30:00,Lazada,NV04,Đã giao
DH004744,KH0031,23/12/2024 04:23:00,Ban le,NV15,Đã giao
DH009371,KH0428,20/12/2025 00:37:00,Showroom,NV23,Đã giao
DH008561,KH0239,01/06/2025 06:40:00,Shopee,NV21,Đang xử lý
DH005130,KH0070,27/01/2026 17:25:00,Đại lý,NV02,Đã giao
DH008440,KH0337,2025-08-03 03:13:00,Đại lý,NV15,Đã hủy
DH003756,KH0193,14/12/2025 06:01:00,Đại lý,NV10,Đã giao
DH004707,KH0262,16/04/2025 10:34:00,TMĐT - Tiki,NV19,Đã giao
DH010852,KH0008,23/04/2026 22:41:00,Shopee,NV06,Đã giao
DH002431,KH0051,18/07/2025 07:24:00,Bán lẻ,NV21,Đang xử lý
DH005675,KH0204,15/08/2025 13:34:00,Showroom,NV14,Đã giao
DH009884,KH0262,03/08/2025 13:24:00,Showroom,NV15,Đã giao
DH002374,KH0198,02/11/2025 04:15:00,Đại lý,NV14,Đã giao
DH001543,KH0009,14/01/2025 02:06:00,Sàn Shopee,NV02,Đã giao
DH000205,KH0012,01/06/2026 20:12:00,TMĐT - Tiki,NV06,Đang xử lý
DH010030,KH0183,21/06/2026 12:54:00,Shopee,NV16,Trả hàng
DH011993,KH0308,24/09/2025 04:16:00,TMĐT - Shopee,NV16,Đã giao
DH005480,KH0442,24/11/2025 23:16:00,Bán lẻ,NV14,Đang xử lý
DH002013,KH0008,13/12/2025 13:20:00,Đại lý,NV30,Đã giao
DH010092,KH0199,25/05/2026 13:46:00,TMĐT - Tiki,NV08,Đã giao
DH000850,KH0433,22/01/2025 15:43:00,Ban le,NV18,Đã giao
DH002815,KH0262,15/12/2025 20:09:00,Bán lẻ,NV01,Đã giao
DH9900091,KH0413,18/05/2025 08:07:00,Showroom,NV07,Đã giao
DH009368,KH0141,11/22/2024 04:19:00,TMĐT - Tiki,NV25,Đã giao
DH003427,KH0006,10/07/2025 13:05:00,TMĐT - Shopee,NV25,Đã giao
DH010239,KH0394,02/01/2026 19:42:00,Shopee,NV27,Đã giao
DH006578,KH0402,09/09/2024 01:01:00,Showroom,NV01,Đã giao
DH010906,KH0070,13/05/2026 21:09:00,Showroom,NV24,Đã giao
DH011753,KH0070,20/12/2025 10:05:00,Lazada,NV17,Đã giao
DH004863,KH0320,2025-07-02 20:40:00,Sàn Shopee,NV01,Đã giao
DH009330,KH0109,29/04/2025 02:29:00,Ban le,NV08,Đã giao
DH008321,KH0126,26/12/2025 08:16:00,TMĐT - Tiki,NV29,Đã giao
DH010222,KH0051,01/11/2024 18:20:00,Sàn Shopee,NV30,Đã giao
DH000011,KH0391,21/12/2025 00:49:00,Shopee,NV06,Đã giao
DH000522,KH0262,27/04/2025 03:07:00,Ban le,NV18,Trả hàng
DH006053,KH0391,09/07/2026 02:18:00,Đại lý,NV02,Đã giao
DH011783,KH0008,13/11/2024 14:34:00,Đại lý,NV03,Đang xử lý
DH9900019,KH0141,09/05/2025 08:00:00,Showroom,NV02,Đã giao
DH007246,KH0121,17/03/2026 05:04:00,TMĐT - Tiki,NV26,Đã giao
DH010538,KH0115,29/05/2026 03:45:00,Đại lý,NV08,Đã giao
DH004481,KH0151,06/08/2025 17:20:00,Ban le,NV12,Đã giao
DH003947,KH0391,21/12/2024 14:07:00,Bán lẻ,NV25,Đã giao
DH004579,KH0227,20/03/2026 19:33:00,Shopee,NV24,Mới
DH002667,KH0420,25/08/2024 18:09:00,Ban le,NV08,Đã giao
DH008366,KH0337,17/12/2024 16:57:00,Showroom,NV30,Đã giao
DH008089,KH0105,06/03/2026 13:56:00,Lazada,NV04,Đã giao
DH011802,KH0314,05/04/2026 00:55:00,Bán lẻ,NV13,Đã giao
DH006867,KH0379,27/07/2025 02:57:00,TMĐT - Tiki,NV04,Đã giao
DH004526,KH0385,08/05/2025 20:02:00,Shopee,NV16,Đang xử lý
DH006214,KH0230,07/03/2025 04:22:00,Showroom,NV16,Đã giao
DH002989,KH0275,04/01/2025 13:09:00,Showroom,NV16,Đã hủy
DH001362,KH0262,28/02/2026 16:07:00,Bán lẻ,NV13,Đã giao
DH005504,KH0391,06/10/2024 16:52:00,Sàn Lazada,NV09,Đã giao
DH010972,KH0391,23/06/2025 11:12:00,Sàn Lazada,NV05,Đã giao
DH002413,KH0097,30/05/2025 22:51:00,Đại lý,NV06,Đã giao
DH001745,KH0246,19/10/2025 03:25:00,Bán lẻ,NV12,Đã giao
DH003379,KH0396,13/09/2025 08:58:00,Lazada,NV18,Đã giao
DH010988,KH0448,01/04/2025 00:32:00,Showroom,NV15,Đã giao
DH003334,KH0070,11/08/2024 01:27:00,Đại lý,NV09,Đã giao
DH005573,KH0257,21/08/2024 18:44:00,TMĐT - Tiki,NV10,Đã giao
DH007948,KH0051,18/07/2026 10:12:00,TMĐT - Shopee,NV17,Đã giao
DH008543,KH0035,24/12/2025 10:19:00,Shopee,NV05,Đã giao
DH009827,KH0249,09/04/2026 00:00:00,Đại lý,NV25,Đã giao
DH010505,KH0442,01/03/2026 15:01:00,Sàn Shopee,NV16,Đã giao
DH007383,KH0443,27/09/2025 11:54:00,Bán lẻ,NV10,Đã giao
DH004807,KH0155,29/04/2025 16:03:00,Lazada,NV08,Đã giao
DH001880,KH0035,05/11/2025 06:00:00,Lazada,NV16,Đang xử lý
DH010069,KH0113,18/08/2024 06:06:00,Lazada,NV02,Đã giao
DH006526,KH0254,14/07/2026 00:07:00,Sàn Shopee,NV09,Đã giao
DH001128,KH0035,19/10/2025 03:53:00,TMĐT - Tiki,NV08,Đã giao
DH001764,KH0140,04/04/2026 22:58:00,Lazada,NV24,Mới
DH010003,KH0100,19/01/2025 16:04:00,Showroom,NV23,Đã giao
DH000721,KH0117,13/09/2024 06:31:00,Lazada,NV16,Đã giao
DH004068,KH0166,30/09/2025 06:49:00,Lazada,NV09,Đã giao
DH007838,KH0268,21/12/2024 12:54:00,Đại lý,NV20,Đã giao
DH001256,KH0051,29/12/2024 08:22:00,Đại lý,NV08,Đang xử lý
DH003360,KH0178,2026-04-16 20:25:00,Ban le,NV23,Đã hủy
DH001544,KH0445,22/04/2026 01:35:00,Showroom,NV18,Mới
DH007813,KH0435,17/04/2026 01:15:00,Shopee,NV17,Đang xử lý
DH009947,KH0436,15/04/2026 11:39:00,Sàn Shopee,NV10,Đã giao
DH004434,KH0155,13/04/2025 09:31:00,Ban le,NV14,Đã giao
DH009295,KH0242,25/02/2026 18:39:00,Showroom,NV03,Đã hủy
DH008206,KH0053,18/03/2025 19:35:00,Bán lẻ,NV14,Đã giao
DH003121,KH0108,02/02/2026 02:03:00,TMĐT - Tiki,NV17,Đã giao
DH009631,KH0421,06/01/2025 01:51:00,Showroom,NV02,Đã giao
DH011179,KH0155,27/03/2026 13:22:00,Lazada,NV30,Đã giao
DH008852,KH0274,29/07/2026 14:11:00,Đại lý,NV04,Đang xử lý
DH008315,KH0003,28/05/2026 05:34:00,TMĐT - Tiki,NV27,Đã giao
DH009294,KH0257,2025-11-04 09:22:00,Showroom,NV02,Đã giao
DH9900058,KH0396,21/12/2025 13:17:00,Đại lý,NV14,Đã giao
DH006004,KH0035,15/04/2026 13:57:00,Showroom,NV24,Đã giao
DH009213,KH0179,14/06/2026 14:08:00,Ban le,NV22,Đã giao
DH011221,KH0314,05/03/2026 10:35:00,Sàn Shopee,NV22,Đã giao
DH003130,KH0262,16/11/2024 22:47:00,TMĐT - Tiki,NV30,Đã giao
DH009321,KH0227,03/11/2025 10:00:00,Đại lý,NV18,Đã giao
DH008026,KH0273,16/04/2025 04:48:00,TMĐT - Tiki,NV15,Đã giao
DH011519,KH0248,29/03/2026 18:03:00,Bán lẻ,NV26,Đã giao
DH009987,KH0215,20/12/2024 16:37:00,Bán lẻ,NV09,Đã giao
DH9900157,KH0428,18/10/2025 04:21:00,TMĐT - Shopee,NV22,Đã giao
DH007721,KH0273,06/03/2025 08:26:00,TMĐT - Tiki,NV11,Đã giao
DH009316,KH0262,28/05/2026 01:06:00,Shopee,NV06,Đã giao
DH006803,KH0405,20/11/2024 19:22:00,Đại lý,NV18,Đã giao
DH008513,KH0053,17/09/2024 13:20:00,Showroom,NV24,Đã giao
DH004120,KH0155,13/06/2026 19:46:00,Đại lý,NV05,Đã hủy
DH006093,KH0070,17/06/2025 21:20:00,TMĐT - Tiki,NV29,Đã giao
DH008775,KH0239,04/07/2025 13:57:00,Đại lý,NV08,Đã giao
DH007358,KH0114,05/08/2024 23:21:00,Bán lẻ trực tiếp,NV26,Đã giao
DH009529,KH0095,24/11/2025 23:51:00,Bán lẻ,NV15,Đã giao
DH000820,KH0227,12/06/2025 11:10:00,TMĐT - Lazada,NV12,Đã giao
DH007896,,27/09/2025 05:50:00,Sàn Lazada,NV07,Đang xử lý
DH003280,KH0117,30/01/2026 13:40:00,Showroom,NV15,Mới
DH001440,KH0447,14/10/2024 14:05:00,TMĐT - Tiki,NV18,Đã giao
DH009147,KH0268,21/10/2024 19:16:00,Shopee,NV19,Đang xử lý
DH001259,KH0297,26/03/2026 02:21:00,Shopee,NV02,Đã giao
DH005632,KH0222,15/12/2024 06:44:00,Showroom,NV08,Đã giao
DH004691,KH0272,17/09/2025 00:41:00,Đại lý,NV14,Đã giao
DH003402,KH0314,28/09/2025 00:48:00,Shopee,NV11,Đã giao
DH000538,KH0227,04/03/2026 20:39:00,Lazada,NV29,Đã giao
DH002269,,23/04/2025 20:14:00,Đại lý,NV05,Đã giao
DH003018,KH0189,26/10/2024 21:19:00,Đại lý,NV22,Đã giao
DH9900162,KH0070,13/03/2025 07:46:00,Bán lẻ,NV30,Mới
DH003512,KH0311,03/05/2026 19:09:00,TMĐT - Tiki,NV15,Đã giao
DH009209,KH0338,13/07/2026 02:34:00,Đại lý,NV11,Đã giao
DH007105,KH0155,28/12/2025 04:26:00,TMĐT - Tiki,NV30,Đã hủy
DH007321,KH0306,20/09/2025 02:26:00,TMĐT - Lazada,NV29,Đã giao
DH008597,KH0141,12/10/2024 18:01:00,Showroom,NV24,Đã giao
DH001043,KH0374,19/01/2026 10:51:00,Lazada,NV03,Đã giao
DH004735,KH0166,05/01/2026 07:33:00,Sàn Lazada,NV07,Đã giao
DH006978,KH0095,02/03/2026 16:39:00,TMĐT - Lazada,NV07,Đã giao
DH007030,KH0140,30/10/2025 04:06:00,TMĐT - Tiki,NV21,Đã giao
DH003816,KH0359,14/11/2025 00:20:00,Đại lý,NV01,Đã giao
DH009462,KH0116,05/10/2024 01:33:00,Showroom,NV13,Đã giao
DH007571,KH0328,07/01/2025 18:20:00,Đại lý,NV03,Đã giao
DH002970,KH0104,05/01/2026 17:47:00,Shopee,NV19,Đã giao
DH006691,KH0325,13/09/2024 04:10:00,Sàn Lazada,NV14,Đã hủy
DH011050,KH0152,22/10/2024 01:39:00,Shopee,NV10,Đã giao
DH011544,KH0447,25/01/2025 03:09:00,Bán lẻ trực tiếp,NV03,Đã giao
DH004032,KH0035,03/09/2024 23:04:00,Shopee,NV25,Mới
DH011734,KH0135,05/03/2026 10:03:00,TMĐT - Tiki,NV22,Đã giao
DH011853,KH0303,2026-02-23 04:23:00,Đại lý,NV21,Trả hàng
DH011819,KH0114,17/01/2025 10:41:00,Đại lý,NV21,Đã giao
DH004482,KH0096,2025-06-06 23:16:00,Bán lẻ,NV30,Đã giao
DH001564,KH0397,08/05/2026 04:51:00,Lazada,NV20,Trả hàng
DH004001,KH0179,10/10/2025 03:30:00,Sàn Shopee,NV27,Đang xử lý
DH009242,KH0420,29/01/2025 15:58:00,Ban le,NV26,Đã giao
DH000248,KH0442,25/10/2025 03:52:00,Ban le,NV22,Đã giao
DH001409,KH0447,03/03/2025 17:38:00,TMĐT - Tiki,NV29,Đã giao
DH000448,KH0409,21/09/2025 03:45:00,TMĐT - Tiki,NV16,Đã giao
DH001047,KH0034,29/09/2025 18:14:00,Bán lẻ,NV26,Đã giao
DH001784,KH0164,23/07/2026 21:57:00,Sàn Shopee,NV29,Đang xử lý
DH001788,KH0281,25/10/2024 12:49:00,Ban le,NV26,Đã giao
DH002351,KH0140,27/01/2025 14:14:00,Lazada,NV03,Đã giao
DH009852,KH0314,10/10/2024 14:47:00,Showroom,NV10,Đã giao
DH010029,KH0346,26/05/2025 17:33:00,Lazada,NV17,Đã giao
DH000854,KH0051,13/04/2026 12:44:00,Đại lý,NV20,Đã giao
DH003451,KH0141,11/03/2026 22:36:00,TMĐT - Shopee,NV17,Đã giao
DH009614,KH0391,24/07/2025 17:19:00,Ban le,NV28,Đã giao
DH004751,KH0089,09/06/2026 17:21:00,TMĐT - Tiki,NV29,Đã giao
DH004613,KH0081,12/05/2025 02:11:00,Bán lẻ,NV23,Đã giao
DH006826,KH0039,20/01/2025 11:28:00,Sàn Lazada,NV01,Đã giao
DH006648,KH0306,01/07/2026 08:34:00,Bán lẻ,NV24,Đã giao
DH002803,KH0274,03/10/2025 11:35:00,Showroom,NV04,Đã giao
DH004894,KH0140,24/10/2024 07:29:00,TMĐT - Tiki,NV05,Đã hủy
DH010915,KH0293,28/10/2025 06:00:00,Bán lẻ,NV01,Đã giao
DH003526,KH0087,27/08/2025 08:45:00,TMĐT - Tiki,NV17,Đã giao
DH008441,KH0442,18/05/2026 12:36:00,Showroom,NV24,Đã giao
DH007832,KH9000,06/07/2025 05:01:00,Showroom,NV18,Đang xử lý
DH000281,KH0271,23/06/2025 22:28:00,Bán lẻ,NV24,Đang xử lý
DH005365,KH0293,18/02/2026 13:31:00,TMĐT - Tiki,NV06,Trả hàng
DH011156,KH0141,26/03/2026 08:50:00,Showroom,NV29,Đã hủy
DH009533,KH0150,20/11/2024 12:42:00,Shopee,NV14,Đã giao
DH008271,KH0229,24/02/2026 03:07:00,Showroom,NV01,Đã giao
DH000746,KH0442,18/06/2025 15:02:00,Sàn Lazada,NV05,Đã giao
DH004165,KH0257,11/12/2025 15:49:00,Sàn Lazada,NV22,Đã giao
DH008067,KH0192,08/06/2025 19:38:00,TMĐT - Tiki,NV03,Đã giao
DH004376,KH0272,06/09/2025 22:27:00,Showroom,NV18,Đã giao
DH007648,KH0359,28/12/2025 10:39:00,Đại lý,NV30,Đã giao
DH003790,KH0257,07/12/2025 06:07:00,Sàn Lazada,NV27,Đã giao
DH009053,KH0332,15/12/2024 19:08:00,Shopee,NV21,Đã giao
DH009114,KH0442,27/06/2026 01:37:00,Đại lý,NV30,Đã giao
DH008254,KH0391,01/03/2025 00:47:00,Đại lý,NV17,Đã giao
DH003485,KH0127,14/10/2025 05:09:00,Lazada,NV11,Đã giao
DH000622,KH0063,23/10/2024 12:11:00,TMĐT - Tiki,NV01,Đã giao
DH004823,KH0262,08/06/2026 01:41:00,TMĐT - Shopee,NV27,Đã giao
DH003064,KH0246,29/04/2025 17:54:00,Showroom,NV11,Đã giao
DH000661,KH0261,06/12/2024 09:04:00,TMĐT - Tiki,NV14,Mới
DH010301,KH0192,2025-09-28 07:17:00,Sàn Lazada,NV12,Đã hủy
DH009622,KH0002,13/03/2026 07:27:00,Showroom,NV01,Đã giao
DH004580,KH0237,24/07/2026 20:56:00,TMĐT - Tiki,NV18,Đã giao
DH005743,KH0399,23/06/2026 04:57:00,Showroom,NV05,Đã giao
DH001280,KH0218,27/05/2026 04:07:00,Lazada,NV26,Đã giao
DH009095,KH0412,04/10/2025 17:11:00,Sàn Shopee,NV26,Mới
DH002268,KH0262,14/03/2026 16:19:00,Đại lý,NV16,Đã giao
DH010825,KH0257,2026-07-31 17:13:00,Ban le,NV02,Đã giao
DH004104,KH0391,24/12/2025 21:18:00,Đại lý,NV27,Đang xử lý
DH011287,KH0314,20/10/2025 18:34:00,Ban le,NV15,Đang xử lý
DH002414,,03/10/2024 00:55:00,Bán lẻ,NV05,Đã giao
DH000258,KH0254,10/08/2025 00:36:00,Sàn Shopee,NV11,Đã giao
DH008377,KH0193,30/05/2025 03:22:00,Showroom,NV14,Đã giao
DH001371,KH0396,10/08/2024 11:19:00,Lazada,NV09,Đã giao
DH007380,KH0068,31/05/2026 06:52:00,Bán lẻ trực tiếp,NV22,Đã giao
DH004055,KH0113,07/01/2026 18:59:00,Đại lý,NV30,Đã giao
DH008395,KH0246,06/10/2025 08:23:00,Lazada,NV25,Đã hủy
DH000859,KH0387,13/09/2025 03:14:00,Đại lý,NV11,Đang xử lý
DH006190,KH0288,20/06/2025 18:58:00,Shopee,NV12,Đã giao
DH005553,KH0089,26/03/2026 02:14:00,TMĐT - Tiki,NV15,Đã giao
DH003375,KH0199,28/04/2025 13:03:00,Đại lý,NV22,Đã giao
DH9900000,KH0409,21/01/2025 10:32:00,Bán lẻ,NV15,Đang xử lý
DH011822,KH0104,30/08/2024 06:55:00,Shopee,NV08,Đã giao
DH009434,KH0157,11/12/2025 06:38:00,Showroom,NV27,Đã giao
DH005984,KH0081,20/01/2026 19:47:00,Sàn Lazada,NV25,Đã giao
DH003312,KH0390,06/04/2026 00:38:00,Sàn Lazada,NV17,Đã giao
DH005270,,29/04/2026 07:57:00,Lazada,NV17,Đã giao
DH002942,KH0070,18/01/2026 05:24:00,Showroom,NV20,Đã giao
DH005720,KH0262,12/12/2025 01:34:00,Ban le,NV17,Đã hủy
DH002750,KH0008,26/04/2025 21:04:00,Showroom,NV10,Trả hàng
DH005068,KH0135,21/06/2025 11:14:00,TMĐT - Tiki,NV10,Đã giao
DH000902,KH0074,02/08/2024 00:37:00,TMĐT - Tiki,NV11,Đã giao
DH005602,KH0436,22/05/2025 12:08:00,Showroom,NV26,Đã giao
DH001663,KH0272,18/10/2024 06:21:00,Sàn Lazada,NV09,Đã giao
DH011317,KH0140,08/01/2025 02:56:00,Bán lẻ,NV03,Đã giao
DH001444,KH0413,08/09/2025 17:27:00,TMĐT - Tiki,NV13,Đã giao
DH009925,KH0400,23/08/2025 15:19:00,Showroom,NV22,Đã giao
DH005563,KH0260,22/01/2026 10:17:00,Bán lẻ,NV26,Đã giao
DH000481,KH0326,14/01/2025 12:54:00,Lazada,NV06,Đã giao
DH003384,KH0262,19/01/2026 05:34:00,Showroom,NV24,Đã giao
DH008204,KH0002,19/10/2025 00:44:00,Showroom,NV01,Đã giao
DH010616,KH0095,10/10/2025 21:11:00,Shopee,NV28,Đã giao
DH001498,KH0056,22/04/2026 19:36:00,Bán lẻ trực tiếp,NV03,Đã giao
DH001575,KH0398,08/01/2026 16:52:00,Showroom,NV02,Đang xử lý
DH008686,KH0379,01/11/2024 12:25:00,Shopee,NV09,Đã giao
DH001990,KH0306,24/07/2026 08:42:00,TMĐT - Tiki,NV20,Đã giao
DH004464,KH0008,08/01/2025 19:42:00,Bán lẻ,NV18,Đã giao
DH006951,KH0402,16/01/2026 08:26:00,Showroom,NV12,Đã giao
DH010028,KH0241,05/06/2026 18:41:00,Ban le,NV06,Đã giao
DH000489,KH0406,12/05/2026 17:54:00,Bán lẻ,NV07,Đã hủy
DH002957,KH0002,25/10/2025 12:08:00,TMĐT - Tiki,NV25,Đã giao
DH001062,KH0280,07/03/2025 08:18:00,Showroom,NV08,Đã giao
DH004478,KH0413,03/01/2025 20:07:00,TMĐT - Tiki,NV28,Đã hủy
DH009172,KH0447,08/03/2026 14:19:00,Đại lý,NV27,Mới
DH008416,KH0068,02/09/2024 06:19:00,Ban le,NV24,Đã giao
DH010087,KH0082,12/01/2026 13:32:00,TMĐT - Tiki,NV26,Đã giao
DH007404,KH0315,10/12/2025 11:01:00,TMĐT - Tiki,NV13,Đã hủy
DH000962,KH0165,28/10/2024 02:40:00,Showroom,NV21,Đã giao
DH005864,KH0002,06/03/2025 08:21:00,Shopee,NV16,Đã giao
DH004483,KH0420,31/07/2026 21:45:00,Bán lẻ,NV21,Đã giao
DH001933,KH0359,29/10/2024 13:28:00,Sàn Lazada,NV05,Trả hàng
DH011870,KH0047,13/01/2026 12:02:00,Sàn Shopee,NV25,Đang xử lý
DH008228,,06/10/2024 04:04:00,Ban le,NV03,Trả hàng
DH000200,KH0442,21/11/2025 03:47:00,Bán lẻ,NV26,Trả hàng
DH008569,,19/02/2025 22:17:00,Bán lẻ,NV03,Đã giao
DH003174,KH0198,06/04/2025 12:29:00,Sàn Lazada,NV24,Đã giao
DH005102,KH0338,09/03/2026 09:38:00,Sàn Shopee,NV20,Đang xử lý
DH006556,KH0446,12/11/2024 14:27:00,Sàn Lazada,NV11,Đang xử lý
DH007607,KH0248,24/01/2025 18:40:00,Ban le,NV04,Đã giao
DH004695,KH0248,12/02/2026 23:03:00,Bán lẻ,NV16,Đang xử lý
DH004092,KH0447,28/06/2026 20:19:00,Shopee,NV27,Đã giao
DH003555,KH0262,04/09/2024 01:23:00,Sàn Lazada,NV25,Đã giao
DH006634,KH0412,27/01/2025 17:32:00,Bán lẻ,NV11,Đã giao
DH005931,KH0250,14/03/2025 23:02:00,Đại lý,NV26,Đã giao
DH003740,KH0261,01/05/2026 05:47:00,Sàn Shopee,NV08,Đã giao
DH000654,KH0113,18/06/2025 21:52:00,Đại lý,NV02,Đã giao
DH006574,KH0249,25/11/2025 02:50:00,Lazada,NV30,Trả hàng
DH006990,KH0297,21/07/2025 18:07:00,Bán lẻ,NV17,Đã giao
DH011899,KH0262,17/07/2026 17:23:00,Shopee,NV03,Đã hủy
DH005156,KH0179,08/12/2025 04:01:00,Bán lẻ,NV14,Đã giao
DH002218,KH0199,17/09/2024 04:26:00,TMĐT - Lazada,NV19,Đã giao
DH003872,KH0248,12/06/2025 22:18:00,TMĐT - Tiki,NV18,Đã giao
DH008837,KH0046,21/05/2026 15:34:00,TMĐT - Lazada,NV27,Đã giao
DH009646,KH0249,30/01/2025 15:59:00,Sàn Lazada,NV13,Đã giao
DH004468,KH0040,07/12/2025 20:47:00,Ban le,NV19,Đã giao
DH001102,KH0377,11/02/2026 13:57:00,TMĐT - Tiki,NV05,Đã giao
DH006243,KH0095,16/07/2026 21:18:00,TMĐT - Tiki,NV22,Đã giao
DH009568,KH0155,30/05/2026 16:57:00,Lazada,NV01,Đã giao
DH008630,KH0051,31/05/2025 23:19:00,Ban le,NV13,Đã giao
DH003921,KH0262,29/04/2025 04:33:00,Đại lý,NV06,Đã giao
DH008979,KH0265,06/06/2026 05:22:00,Shopee,NV12,Đã giao
DH008856,KH0229,05/10/2024 00:28:00,Bán lẻ,NV27,Đã giao
DH000326,KH0050,16/06/2026 20:42:00,Ban le,NV20,Đã giao
DH001421,KH0368,02/06/2026 19:20:00,TMĐT - Tiki,NV18,Đã giao
DH001753,KH0365,18/11/2025 03:23:00,Đại lý,NV08,Đã giao
DH008300,KH0035,25/08/2025 13:05:00,Ban le,NV03,Đã giao
DH000621,KH0193,15/08/2025 04:55:00,Bán lẻ,NV06,Mới
DH001615,KH0070,20/06/2025 13:56:00,Bán lẻ,NV09,Đã giao
DH001036,KH0052,19/10/2024 02:07:00,Ban le,NV30,Đã giao
DH010084,KH0305,28/02/2026 04:14:00,TMĐT - Tiki,NV05,Đã giao
DH001210,KH0262,03/06/2026 09:49:00,Lazada,NV08,Đã giao
DH008263,KH0075,08/11/2025 11:05:00,TMĐT - Tiki,NV11,Đã giao
DH008924,KH0193,30/09/2025 06:28:00,Sàn Shopee,NV28,Đã giao
DH001341,KH0012,22/03/2026 22:36:00,Ban le,NV08,Đã giao
DH001700,KH0348,21/01/2026 19:58:00,TMĐT - Tiki,NV07,Đã giao
DH008431,KH0262,15/12/2025 15:38:00,Sàn Shopee,NV21,Đã giao
DH002579,KH0405,14/02/2026 16:13:00,Đại lý,NV17,Đã giao
DH000351,KH0325,22/10/2025 05:30:00,Đại lý,NV22,Đang xử lý
DH011615,KH0141,01/05/2025 19:51:00,Showroom,NV28,Đã giao
DH002233,KH9002,29/09/2024 01:10:00,TMĐT - Tiki,NV13,Đã giao
DH003238,KH0151,29/11/2024 16:51:00,Đại lý,NV07,Đã giao
DH005064,KH0252,25/07/2025 02:30:00,Lazada,NV08,Đang xử lý
DH002593,KH0204,11/09/2025 21:52:00,Shopee,NV24,Đã giao
DH003910,KH0299,28/08/2025 02:51:00,Đại lý,NV21,Đã giao
DH004690,KH0243,12/11/2025 23:15:00,Showroom,NV04,Đã giao
DH008114,KH0306,16/01/2026 09:30:00,TMĐT - Tiki,NV16,Đã giao
DH008191,KH0246,28/01/2025 12:31:00,Bán lẻ,NV03,Đã giao
DH001420,KH0185,14/09/2025 21:10:00,TMĐT - Tiki,NV29,Đang xử lý
DH005005,KH0442,19/09/2025 12:51:00,Sàn Shopee,NV07,Đã giao
DH010511,KH0342,31/10/2025 13:55:00,Lazada,NV12,Đã giao
DH007573,KH0012,12/06/2026 05:03:00,Đại lý,NV04,Đang xử lý
DH003053,KH0442,31/01/2026 21:06:00,Shopee,NV17,Đã giao
DH000965,KH0433,06/11/2025 08:43:00,Sàn Shopee,NV08,Đã giao
DH002060,KH0241,14/06/2026 21:53:00,Sàn Shopee,NV11,Trả hàng
DH011171,KH0004,02/05/2026 23:24:00,TMĐT - Tiki,NV02,Đã giao
DH003191,KH0391,21/10/2024 17:13:00,Lazada,NV02,Đã giao
DH002336,KH0391,12/12/2024 20:38:00,Sàn Lazada,NV22,Đang xử lý
DH000702,KH0081,01/01/2025 23:34:00,Shopee,NV11,Đã giao
DH006679,KH0326,21/12/2025 12:11:00,Showroom,NV19,Đã giao
DH009318,KH0141,09/05/2025 18:58:00,Shopee,NV22,Đã hủy
DH011606,KH0192,22/01/2026 21:01:00,Sàn Shopee,NV02,Đã giao
DH002416,KH0314,21/10/2024 04:20:00,Showroom,NV30,Đã giao
DH001621,KH0274,21/01/2026 07:58:00,TMĐT - Shopee,NV14,Đã giao
DH007807,KH0044,08/10/2025 20:12:00,Showroom,NV06,Đã giao
DH009234,KH0262,17/06/2025 07:13:00,Shopee,NV21,Đã giao
DH007582,KH0447,19/04/2025 07:48:00,Bán lẻ,NV15,Đã giao
DH002075,KH0280,09/10/2024 20:41:00,TMĐT - Tiki,NV21,Đã giao
DH001554,KH0120,26/08/2025 00:29:00,Đại lý,NV05,Đã giao
DH008133,KH0241,21/08/2024 14:31:00,TMĐT - Tiki,NV22,Đã giao
DH003861,KH0135,23/01/2026 02:29:00,Showroom,NV05,Đã giao
DH001739,KH0447,10/02/2026 12:39:00,Showroom,NV09,Đã giao
DH007309,KH0351,03/10/2024 13:21:00,TMĐT - Tiki,NV06,Đã giao
DH010291,KH0155,03/25/2025 09:39:00,Sàn Shopee,NV09,Đã giao
DH005090,KH0151,27/11/2024 17:38:00,Sàn Shopee,NV08,Đang xử lý
DH009402,KH0390,14/04/2026 09:37:00,Lazada,NV09,Đã giao
DH004784,KH0199,23/10/2024 00:19:00,Ban le,NV21,Đã giao
DH003522,KH0406,12/09/2024 09:53:00,Showroom,NV06,Đã giao
DH009846,KH0242,18/04/2026 09:04:00,TMĐT - Tiki,NV23,Trả hàng
DH002899,KH0368,17/11/2024 05:16:00,Shopee,NV05,Đã giao
DH004390,KH0164,29/10/2024 18:36:00,TMĐT - Tiki,NV04,Đã giao
DH000431,,09/12/2024 10:17:00,Lazada,NV22,Đã giao
DH005937,KH0060,04/03/2026 23:08:00,TMĐT - Shopee,NV15,Đã giao
DH008019,KH0113,11/03/2026 07:38:00,Đại lý,NV15,Đã giao
DH002974,KH0230,21/02/2025 09:46:00,Showroom,NV12,Đã giao
DH003942,KH0035,16/08/2025 16:18:00,Đại lý,NV22,Đã giao
DH9900141,KH0289,23/12/2025 03:53:00,Đại lý,NV01,Đã giao
DH006985,KH0363,13/08/2025 05:24:00,Đại lý,NV26,Đã giao
DH008973,KH0155,25/01/2025 02:57:00,Showroom,NV25,Đã giao
DH004831,KH0248,25/01/2025 20:42:00,Đại lý,NV11,Đã giao
DH004469,KH0314,09/02/2026 13:44:00,Đại lý,NV27,Đã giao
DH008085,KH0442,15/08/2025 18:03:00,TMĐT - Tiki,NV26,Đã giao
DH002637,KH0183,10/12/2025 14:26:00,Sàn Shopee,NV04,Đã hủy
DH001863,KH0141,09/09/2024 15:05:00,Showroom,NV01,Đã giao
DH010042,KH0140,20/09/2025 07:14:00,TMĐT - Tiki,NV01,Đã giao
DH000840,KH0367,18/10/2025 23:02:00,Đại lý,NV17,Đã giao
DH002068,KH0257,13/05/2026 15:19:00,Showroom,NV24,Đã giao
DH005044,KH0442,26/08/2025 21:11:00,Shopee,NV17,Đã giao
DH002934,KH0140,06/02/2026 18:27:00,Showroom,NV18,Đã giao
DH002889,KH0044,28/05/2026 07:42:00,Bán lẻ trực tiếp,NV07,Đã giao
DH004385,KH0219,2025-08-02 21:23:00,TMĐT - Tiki,NV28,Đã giao
DH005672,KH0299,23/07/2025 02:06:00,Lazada,NV14,Đã giao
DH002320,KH0402,06/04/2026 00:10:00,Đại lý,NV29,Đã giao
DH003783,KH0391,20/08/2024 11:36:00,Bán lẻ,NV14,Đã giao
DH009031,KH0374,13/09/2024 03:57:00,TMĐT - Tiki,NV20,Đã giao
DH003584,KH0246,19/01/2025 14:05:00,Sàn Shopee,NV25,Đang xử lý
DH007709,KH0262,12/02/2025 17:19:00,Showroom,NV25,Đã giao
DH000213,KH0010,06/09/2025 06:21:00,TMĐT - Tiki,NV25,Đang xử lý
DH003377,KH0155,22/06/2026 10:26:00,Đại lý,NV27,Đã giao
DH008003,KH0243,14/10/2025 18:54:00,Ban le,NV08,Đã giao
DH000290,KH0355,22/07/2026 20:45:00,Showroom,NV06,Đã giao
DH005853,KH0383,10/07/2025 06:55:00,Sàn Lazada,NV25,Đã giao
DH009233,KH0070,09/04/2026 13:37:00,TMĐT - Shopee,NV13,Đã hủy
DH005727,KH0243,23/04/2025 16:45:00,Shopee,NV12,Đã giao
DH010619,KH0220,07/06/2026 09:32:00,TMĐT - Tiki,NV02,Mới
DH002455,KH0352,05/12/2024 11:09:00,Đại lý,NV27,Đã giao
DH003769,KH0447,11/12/2025 10:20:00,Bán lẻ,NV28,Đã giao
DH003187,KH0171,2026-04-09 05:28:00,Showroom,NV15,Đã giao
DH001793,KH9002,27/01/2025 06:43:00,Đại lý,NV24,Trả hàng
DH009156,KH0382,13/03/2025 16:23:00,Sàn Shopee,NV26,Đã giao
DH006840,KH9010,15/12/2025 17:22:00,Showroom,NV05,Đã giao
DH010586,KH0442,25/04/2026 00:34:00,Lazada,NV23,Đã giao
DH009015,KH0260,12/12/2024 08:10:00,Showroom,NV03,Đã giao
DH007097,KH0140,11/05/2025 01:09:00,TMĐT - Tiki,NV05,Đã giao
DH002966,,02/08/2024 03:47:00,TMĐT - Lazada,NV01,Đã giao
DH007588,KH0447,16/06/2026 06:04:00,Đại lý,NV02,Đang xử lý
DH007278,KH0347,05/11/2024 16:58:00,Showroom,NV25,Đã giao
DH004024,KH0248,16/12/2024 01:53:00,TMĐT - Tiki,NV29,Đã giao
DH010778,KH0200,14/05/2025 04:48:00,TMĐT - Tiki,NV02,Đã giao
DH004503,KH0010,28/08/2024 08:58:00,Bán lẻ,NV25,Đã giao
DH003027,KH0445,19/04/2026 19:53:00,TMĐT - Tiki,NV02,Đã hủy
DH005797,KH0253,09/09/2025 07:24:00,Sàn Shopee,NV17,Đã giao
DH006395,KH0063,06/09/2024 14:04:00,TMĐT - Tiki,NV23,Đã hủy
DH005915,KH0309,17/01/2026 20:49:00,Bán lẻ trực tiếp,NV16,Đã hủy
DH000782,KH0277,10/04/2025 17:37:00,Đại lý,NV01,Đã giao
DH010882,KH0342,23/02/2025 06:30:00,Sàn Lazada,NV04,Đã giao
DH008672,KH0253,27/11/2025 02:49:00,Đại lý,NV16,Đã giao
DH001152,,12/01/2025 21:06:00,Đại lý,NV18,Đã giao
DH000295,KH0141,06/09/2024 22:58:00,Đại lý,NV03,Đã giao
DH003941,KH0158,06/03/2025 10:32:00,Showroom,NV08,Đã giao
DH011810,KH0046,20/05/2025 18:03:00,Đại lý,NV08,Đã giao
DH000838,KH0250,05/02/2026 15:48:00,TMĐT - Tiki,NV13,Mới
DH007970,KH0272,29/10/2024 23:05:00,Đại lý,NV03,Đã giao
DH002181,KH0306,22/03/2026 16:59:00,Bán lẻ,NV19,Đã giao
DH002132,KH0420,21/02/2026 16:38:00,TMĐT - Tiki,NV15,Đã giao
DH010020,KH0121,16/07/2025 12:05:00,Đại lý,NV20,Mới
DH004614,KH0412,05/02/2026 19:19:00,Showroom,NV07,Mới
DH003248,KH0163,14/09/2025 11:05:00,Đại lý,NV13,Đã giao
DH007018,,18/05/2025 21:51:00,Đại lý,NV22,Đã giao
DH008292,KH0248,15/11/2024 02:13:00,Đại lý,NV29,Đã giao
DH008157,KH0305,24/07/2026 23:18:00,Sàn Lazada,NV18,Đã giao
DH006408,KH0293,02/10/2024 17:12:00,Lazada,NV07,Trả hàng
DH003936,,21/09/2025 06:37:00,Sàn Shopee,NV09,Trả hàng
DH006948,KH0359,11/02/2025 20:15:00,Ban le,NV29,Đã giao
DH010316,KH0107,16/02/2026 11:14:00,Showroom,NV09,Đã giao
DH003328,KH0193,26/12/2025 07:46:00,Showroom,NV16,Đã giao
DH000739,KH9011,03/12/2024 18:48:00,Bán lẻ trực tiếp,NV23,Đã giao
DH004666,KH0442,24/07/2026 02:11:00,TMĐT - Tiki,NV13,Đã giao
DH000352,KH0141,05/04/2026 06:35:00,Đại lý,NV07,Đã giao
DH001461,KH0070,11/08/2024 21:21:00,Shopee,NV24,Đã giao
DH008123,KH0070,10/10/2025 10:46:00,Showroom,NV28,Đang xử lý
DH010335,,15/01/2026 20:44:00,Bán lẻ,NV06,Đã giao
DH000545,KH0322,26/08/2024 15:44:00,Showroom,NV25,Đang xử lý
DH004067,KH0248,14/08/2025 08:14:00,Showroom,NV19,Đã giao
DH011933,KH0233,24/08/2025 12:05:00,Bán lẻ,NV12,Đã giao
DH010166,KH0446,09/01/2026 19:37:00,Bán lẻ,NV15,Đã giao
DH9900149,KH0177,2025-09-05 07:07:00,Đại lý,NV25,Đã giao
DH007655,KH9012,11/01/2025 08:55:00,Showroom,NV03,Đã giao
DH005329,KH0242,22/12/2025 22:37:00,Đại lý,NV19,Đã giao
DH004788,KH0192,14/05/2025 02:23:00,TMĐT - Tiki,NV14,Đã giao
DH009981,KH0442,09/14/2024 19:35:00,Đại lý,NV06,Đã giao
DH006966,KH0023,14/10/2025 13:57:00,Lazada,NV18,Trả hàng
DH003270,KH9006,05/04/2026 16:55:00,Sàn Shopee,NV04,Đã giao
DH000625,KH0386,01/03/2025 20:04:00,Sàn Shopee,NV05,Đã giao
DH004470,KH0438,01/12/2025 13:52:00,Lazada,NV04,Đã giao
DH005691,KH0035,23/08/2024 08:34:00,Đại lý,NV19,Đã giao
DH001776,KH0146,25/05/2025 00:43:00,TMĐT - Tiki,NV12,Trả hàng
DH006413,KH0216,15/12/2024 16:32:00,Shopee,NV29,Đang xử lý
DH002156,KH0396,26/11/2024 17:35:00,Đại lý,NV06,Đang xử lý
DH9900166,KH0035,29/08/2024 23:17:00,TMĐT - Tiki,NV03,Đã hủy
DH008514,KH0314,09/02/2025 13:11:00,Showroom,NV04,Đã giao
DH002204,KH0204,09/01/2026 06:00:00,Đại lý,NV11,Đã giao
DH008083,,27/02/2025 14:34:00,Shopee,NV30,Đã giao
DH002079,KH0391,22/10/2024 16:14:00,Đại lý,NV12,Đã giao
DH005264,KH0447,07/11/2024 00:13:00,Sàn Shopee,NV21,Đã giao
DH006013,KH0402,22/10/2025 17:48:00,Lazada,NV23,Đã hủy
DH001775,KH0220,06/04/2025 02:42:00,Lazada,NV30,Đã hủy
DH009597,KH0233,26/11/2025 01:55:00,Bán lẻ trực tiếp,NV02,Đã giao
DH004748,KH0155,31/05/2025 10:44:00,Sàn Shopee,NV28,Đã giao
DH010246,KH0037,28/10/2025 13:52:00,Sàn Shopee,NV10,Đã giao
DH007482,KH0391,05/09/2024 16:49:00,Shopee,NV14,Đã giao
DH005647,KH0341,29/09/2024 03:15:00,Sàn Shopee,NV14,Đã giao
DH007451,KH0141,26/12/2025 10:56:00,Bán lẻ,NV21,Đã giao
DH008834,KH0436,02/08/2024 16:29:00,Đại lý,NV07,Đã giao
DH004240,,29/09/2024 08:40:00,Sàn Shopee,NV14,Đã giao
DH001652,KH0332,15/08/2024 13:26:00,Lazada,NV01,Đã giao
DH008055,KH0402,02/09/2024 12:25:00,Đại lý,NV26,Đã giao
DH005785,KH0419,10/04/2026 09:16:00,Đại lý,NV19,Đã giao
DH005314,KH0024,18/12/2024 18:16:00,Showroom,NV12,Đã giao
DH006750,KH0332,20/12/2025 17:28:00,Showroom,NV08,Đang xử lý
DH000070,KH0184,26/01/2026 06:55:00,Showroom,NV14,Đã giao
DH007767,KH0227,06/02/2025 08:41:00,Đại lý,NV04,Đã giao
DH011803,,16/03/2026 13:29:00,TMĐT - Tiki,NV30,Đã giao
DH000447,KH0049,22/03/2025 06:38:00,Đại lý,NV19,Mới
DH000705,KH0122,06/29/2025 09:48:00,Đại lý,NV07,Đang xử lý
DH003477,KH0051,07/01/2026 19:45:00,Đại lý,NV05,Đã hủy
DH005711,KH0271,08/09/2024 19:08:00,Showroom,NV07,Đang xử lý
DH004260,KH0428,21/02/2026 14:54:00,Ban le,NV09,Đang xử lý
DH011942,KH0013,23/01/2025 03:57:00,Showroom,NV22,Đang xử lý
DH002763,KH0365,05/10/2025 12:02:00,Showroom,NV17,Đang xử lý
DH001016,KH0402,03/12/2024 07:19:00,Ban le,NV27,Đã giao
DH005629,KH0343,26/11/2024 16:04:00,TMĐT - Tiki,NV23,Đã giao
DH010752,,13/09/2024 11:10:00,Showroom,NV26,Đã giao
DH007757,KH0054,14/08/2025 14:28:00,Đại lý,NV18,Đã giao
DH009218,KH0389,23/12/2025 02:33:00,Showroom,NV03,Đã giao
DH009605,KH0428,19/06/2026 08:26:00,Lazada,NV16,Đã giao
DH006576,KH0026,19/07/2026 15:42:00,Ban le,NV11,Đã giao
DH006034,KH0147,27/12/2025 06:49:00,Đại lý,NV10,Đã giao
DH005404,KH0229,25/04/2026 10:44:00,Ban le,NV27,Đã giao
DH000730,KH0326,07/08/2024 23:56:00,TMĐT - Tiki,NV10,Đã giao
DH005291,KH0196,17/01/2025 11:01:00,Showroom,NV09,Đang xử lý
DH008862,KH0439,14/11/2024 22:08:00,TMĐT - Tiki,NV21,Đã giao
DH009110,KH0276,06/08/2024 22:28:00,Đại lý,NV29,Đã giao
DH001965,KH0332,11/10/2025 00:40:00,Đại lý,NV26,Đã hủy
DH003764,KH0428,24/01/2025 22:38:00,TMĐT - Tiki,NV09,Đã giao
DH007973,KH0140,30/09/2024 12:11:00,TMĐT - Tiki,NV22,Đã giao
DH011570,KH0447,24/11/2025 10:49:00,Đại lý,NV05,Đã giao
DH005307,KH0029,25/09/2025 06:05:00,Showroom,NV28,Đang xử lý
DH008648,KH0183,28/11/2024 08:50:00,TMĐT - Tiki,NV14,Đang xử lý
DH009118,KH0105,02/09/2025 00:45:00,TMĐT - Tiki,NV04,Đang xử lý
DH002391,KH0141,01/08/2024 07:01:00,Bán lẻ,NV09,Đã giao
DH002475,KH0135,03/12/2025 16:24:00,Đại lý,NV07,Đã giao
DH006819,KH0271,13/08/2025 01:00:00,TMĐT - Tiki,NV20,Trả hàng
DH002842,,17/01/2026 13:06:00,Showroom,NV13,Đã giao
DH003241,KH0017,15/06/2026 10:17:00,Shopee,NV28,Đã giao
DH007359,KH0249,31/12/2024 20:35:00,Showroom,NV07,Đã giao
DH006536,KH0084,02/01/2026 17:00:00,Đại lý,NV17,Đã giao
DH003474,KH0391,29/07/2026 11:36:00,Sàn Shopee,NV20,Đã giao
DH001934,KH0155,21/01/2025 19:06:00,Showroom,NV17,Đã giao
DH004369,KH0347,04/07/2026 10:05:00,TMĐT - Tiki,NV01,Đã giao
DH006450,KH0262,04/03/2026 19:49:00,Shopee,NV15,Đã giao
DH009917,KH0036,09/03/2025 10:09:00,Sàn Lazada,NV05,Đã giao
DH000916,KH0068,15/08/2024 21:55:00,Showroom,NV14,Đã hủy
DH010303,KH0122,21/09/2024 20:23:00,Sàn Lazada,NV27,Đã giao
DH001434,KH0323,14/02/2025 20:14:00,TMĐT - Tiki,NV13,Đã giao
DH007691,KH0391,10/07/2026 08:36:00,Sàn Lazada,NV20,Đã hủy
DH000393,KH0367,02/12/2024 20:30:00,Sàn Lazada,NV10,Đã giao
DH003991,KH0248,08/01/2026 05:20:00,Đại lý,NV12,Đã giao
DH004827,KH0262,02/07/2025 01:14:00,Ban le,NV13,Đã giao
DH006374,KH0070,19/08/2025 02:40:00,Đại lý,NV08,Đã giao
DH002559,KH0052,04/03/2026 12:49:00,Đại lý,NV01,Đã giao
DH005328,KH0367,17/12/2025 04:42:00,TMĐT - Shopee,NV07,Mới
DH008761,KH0391,06/05/2026 03:25:00,Showroom,NV29,Đã giao
DH002101,KH0036,07/04/2026 20:10:00,Shopee,NV14,Đã giao
DH000565,KH0306,21/12/2025 11:18:00,Đại lý,NV28,Đã hủy
DH010677,KH0442,09/04/2025 22:31:00,Sàn Shopee,NV13,Đã giao
DH009690,KH0288,11/03/2025 09:28:00,Đại lý,NV06,Đã giao
DH005889,KH0365,25/12/2025 19:48:00,Sàn Shopee,NV21,Đã giao
DH005627,KH0166,10/09/2024 08:11:00,Shopee,NV13,Đã giao
DH9900068,KH0396,17/06/2025 13:48:00,Showroom,NV14,Đang xử lý
DH9900159,KH0257,18/10/2025 07:22:00,Showroom,NV17,Đã giao
DH011865,KH0070,08/08/2024 19:34:00,Sàn Lazada,NV24,Đã giao
DH003874,KH0140,19/09/2025 20:19:00,TMĐT - Tiki,NV11,Đã giao
DH010761,KH0090,31/05/2026 11:43:00,TMĐT - Tiki,NV08,Trả hàng
DH9900115,KH0413,08/08/2025 01:12:00,Showroom,NV24,Đang xử lý
DH004420,KH0054,25/07/2026 18:06:00,Lazada,NV03,Đã giao
DH000353,KH0432,13/06/2026 11:53:00,Showroom,NV20,Đã giao
DH008980,KH0095,31/12/2025 06:15:00,Sàn Shopee,NV08,Đã giao
DH008116,KH0234,18/11/2024 09:43:00,TMĐT - Tiki,NV16,Đã giao
DH000822,KH0183,24/11/2024 19:15:00,Bán lẻ,NV10,Đang xử lý
DH002469,KH0248,27/01/2025 13:43:00,Showroom,NV06,Đã giao
DH006808,KH0004,06/09/2024 14:27:00,Sàn Lazada,NV24,Đã giao
DH009506,KH0035,18/11/2025 19:00:00,Đại lý,NV15,Đã giao
DH001568,KH0087,12/01/2025 09:37:00,Showroom,NV15,Đã giao
DH001521,KH0130,01/05/2025 23:14:00,Sàn Shopee,NV09,Đã giao
DH008063,KH0126,07/18/2025 06:55:00,TMĐT - Tiki,NV08,Đã giao
DH001729,KH0300,07/01/2026 00:09:00,Sàn Lazada,NV21,Đã giao
DH007652,KH0323,13/08/2025 11:59:00,Bán lẻ,NV08,Đã giao
DH002466,KH0277,02/10/2024 20:02:00,TMĐT - Tiki,NV08,Đã hủy
DH004644,KH0445,31/08/2025 11:46:00,TMĐT - Tiki,NV11,Đã giao
DH011235,KH0325,02/27/2025 10:12:00,Đại lý,NV12,Đã giao
DH006150,KH0328,09/10/2024 12:36:00,Ban le,NV04,Đã giao
DH009329,KH0193,02/01/2026 16:40:00,Showroom,NV10,Đã giao
DH003357,KH0193,31/12/2025 05:56:00,Shopee,NV23,Đã giao
DH002427,KH0447,05/02/2025 20:58:00,Lazada,NV19,Đã giao
DH007817,KH0049,02/03/2025 21:58:00,Đại lý,NV21,Đã giao
DH005367,KH0332,26/07/2025 22:41:00,Showroom,NV22,Trả hàng
DH011720,KH9013,01/06/2026 08:20:00,Shopee,NV08,Đã giao
DH010053,KH0247,15/09/2025 00:51:00,Sàn Shopee,NV20,Đã giao
DH009678,KH0434,17/06/2025 11:01:00,Showroom,NV23,Đã giao
DH006968,KH0280,09/11/2024 02:04:00,Bán lẻ,NV01,Đang xử lý
DH000952,KH0034,24/02/2025 14:17:00,Lazada,NV23,Đã giao
DH008736,KH0198,25/07/2026 01:45:00,Showroom,NV20,Đã giao
DH009972,KH0413,19/09/2025 06:42:00,Showroom,NV03,Đã giao
DH9900176,KH0184,2026-03-25 05:53:00,Lazada,NV25,Đã giao
DH007583,KH0003,03/23/2026 13:57:00,Đại lý,NV20,Đã giao
DH002829,KH0093,22/09/2024 16:28:00,Showroom,NV28,Trả hàng
DH007212,KH0227,11/01/2026 08:08:00,TMĐT - Tiki,NV18,Đã giao
DH011771,KH0391,18/01/2025 02:43:00,TMĐT - Tiki,NV29,Đang xử lý
DH011920,KH0337,27/03/2026 08:55:00,Showroom,NV10,Đã giao
DH000542,KH0227,30/11/2024 02:45:00,Đại lý,NV22,Mới
DH003538,KH0253,24/02/2025 00:12:00,Lazada,NV26,Mới
DH000814,KH0002,01/10/2024 03:50:00,Showroom,NV08,Đã giao
DH004957,KH0220,04/11/2025 07:40:00,Đại lý,NV12,Đã giao
DH002564,KH0034,16/07/2025 03:17:00,TMĐT - Shopee,NV27,Đang xử lý
DH000412,,13/11/2024 07:42:00,Showroom,NV10,Trả hàng
DH011312,KH0002,10/04/2025 20:16:00,Sàn Lazada,NV13,Đã giao
DH001017,KH0429,07/09/2025 05:58:00,Sàn Shopee,NV09,Đã giao
DH003367,KH0447,06/04/2025 14:20:00,Sàn Lazada,NV25,Đã giao
DH005014,KH0105,05/10/2024 02:12:00,Shopee,NV03,Đã giao
DH002389,KH0036,2025-01-10 03:32:00,TMĐT - Tiki,NV08,Đã giao
DH007898,KH0413,10/03/2025 16:42:00,Đại lý,NV14,Đã giao
DH006901,KH0179,18/07/2025 14:32:00,Đại lý,NV14,Đã giao
DH011660,KH0092,20/01/2025 08:46:00,Ban le,NV17,Trả hàng
DH011609,KH0309,23/01/2025 19:19:00,Sàn Lazada,NV14,Đã giao
DH000427,KH0113,22/11/2024 01:06:00,Đại lý,NV14,Đã giao
DH011188,KH0175,16/07/2026 06:27:00,Bán lẻ,NV29,Đã giao
DH007701,KH0070,12/10/2024 16:45:00,TMĐT - Tiki,NV23,Đã giao
DH007288,KH0391,21/04/2026 07:08:00,Đại lý,NV06,Đã giao
DH009708,KH0248,07/01/2025 10:45:00,TMĐT - Tiki,NV29,Mới
DH011064,KH0237,15/01/2026 00:55:00,Showroom,NV29,Đã giao
DH011625,KH0128,02/02/2025 16:58:00,TMĐT - Tiki,NV04,Đã giao
DH003211,KH0246,03/08/2024 16:28:00,Sàn Lazada,NV07,Đã giao
DH004449,,12/09/2025 21:44:00,Shopee,NV14,Đang xử lý
DH003877,KH0007,24/07/2026 22:08:00,Sàn Lazada,NV30,Đã giao
DH005449,KH0135,31/12/2025 02:30:00,Sàn Lazada,NV04,Đang xử lý
DH009760,KH0391,04/02/2025 00:00:00,Shopee,NV27,Mới
DH003612,KH0352,22/02/2026 09:13:00,TMĐT - Tiki,NV11,Đã giao
DH010436,KH0051,23/11/2025 15:36:00,Sàn Shopee,NV28,Đã giao
DH004041,KH0204,15/01/2026 23:09:00,Sàn Shopee,NV20,Đã giao
DH005353,KH0398,11/12/2025 11:07:00,TMĐT - Tiki,NV17,Đã giao
DH007211,KH0034,16/06/2026 06:24:00,Sàn Lazada,NV06,Mới
DH005755,KH0219,18/12/2024 17:05:00,Shopee,NV26,Đã giao
DH000642,KH0413,08/06/2025 17:07:00,TMĐT - Tiki,NV07,Đang xử lý
DH007499,KH0219,27/06/2025 07:50:00,TMĐT - Tiki,NV14,Đã giao
DH006106,,10/01/2026 01:15:00,Sàn Lazada,NV20,Đã giao
DH005463,KH0253,26/05/2025 08:34:00,Showroom,NV24,Đã hủy
DH000754,KH0070,21/12/2025 21:57:00,Lazada,NV02,Mới
DH002225,KH0070,15/09/2024 21:53:00,Showroom,NV10,Mới
DH011739,KH0446,25/05/2025 12:55:00,Sàn Lazada,NV11,Đã giao
DH005703,KH0442,04/11/2025 20:36:00,TMĐT - Lazada,NV21,Đã giao
DH011947,KH0044,15/12/2024 13:47:00,Lazada,NV04,Trả hàng
DH011459,KH0309,01/09/2025 06:24:00,Shopee,NV11,Đã giao
DH011770,KH0121,08/05/2025 07:06:00,Lazada,NV21,Đang xử lý
DH008508,KH0385,11/12/2025 07:17:00,Shopee,NV07,Mới
DH004825,KH0236,02/01/2025 20:53:00,Đại lý,NV23,Đã giao
DH011409,KH0012,15/01/2026 00:33:00,TMĐT - Tiki,NV27,Đã giao
DH005702,KH0158,06/12/2025 00:47:00,Sàn Shopee,NV08,Đã giao
DH002249,KH0205,2026-01-16 09:18:00,Đại lý,NV20,Đã giao
DH008586,KH0155,08/10/2024 11:40:00,Đại lý,NV06,Đã giao
DH002716,KH9011,07/11/2025 08:11:00,TMĐT - Tiki,NV15,Đang xử lý
DH000215,KH0386,22/10/2024 15:58:00,Đại lý,NV14,Đã giao
DH007905,KH0402,19/06/2026 03:33:00,Đại lý,NV12,Mới
DH005671,KH0122,14/10/2025 17:01:00,Bán lẻ,NV26,Đã giao
DH008470,KH0277,21/08/2024 11:20:00,Ban le,NV12,Đã giao
DH011762,,11/06/2025 13:09:00,Ban le,NV29,Đã giao
DH002543,KH0081,12/04/2026 16:54:00,Đại lý,NV24,Đã giao
DH011066,KH0326,03/02/2026 02:02:00,TMĐT - Tiki,NV25,Đã giao
DH009872,KH0274,16/12/2024 21:59:00,TMĐT - Shopee,NV28,Đã giao
DH005201,KH0105,09/09/2024 11:14:00,Lazada,NV26,Đã giao
DH001484,KH0391,01/11/2024 08:43:00,Ban le,NV28,Đã giao
DH002366,,03/02/2026 13:15:00,Shopee,NV15,Đã giao
DH011643,KH0167,27/06/2025 17:50:00,Showroom,NV23,Đã giao
DH004991,KH0085,03/07/2025 07:46:00,Đại lý,NV26,Đang xử lý
DH002383,KH9007,06/10/2024 09:21:00,Đại lý,NV02,Đã giao
DH009169,KH0349,06/05/2025 09:44:00,Showroom,NV18,Đã giao
DH007654,KH0221,14/05/2026 07:19:00,TMĐT - Tiki,NV26,Đã giao
DH006087,KH0391,2024-12-03 14:00:00,Showroom,NV07,Đã giao
DH009698,KH0179,15/10/2024 03:36:00,Shopee,NV23,Đang xử lý
DH011849,KH9002,14/03/2026 12:42:00,Lazada,NV15,Đã giao
DH010108,KH0360,27/06/2025 02:21:00,Sàn Shopee,NV12,Đã giao
DH004400,KH0004,05/04/2026 14:01:00,Showroom,NV29,Đã giao
DH007646,KH0141,22/08/2024 06:27:00,Đại lý,NV16,Đã giao
DH009630,KH0396,02/03/2026 18:07:00,Shopee,NV10,Đã giao
DH009803,KH0390,07/04/2026 18:44:00,TMĐT - Tiki,NV04,Đã giao
DH001268,KH0391,02/01/2026 14:51:00,TMĐT - Tiki,NV23,Đã giao
DH003060,KH0267,17/12/2024 15:12:00,Đại lý,NV10,Đã giao
DH005318,KH0438,16/04/2026 02:14:00,Sàn Lazada,NV18,Đang xử lý
DH009029,KH0249,28/03/2025 16:40:00,Đại lý,NV08,Đã giao
DH004570,KH0179,23/06/2026 06:24:00,Showroom,NV20,Đã giao
DH002017,KH0056,08/03/2025 03:25:00,Sàn Lazada,NV26,Trả hàng
DH005380,KH0442,16/06/2026 03:17:00,Đại lý,NV18,Đã hủy
DH004618,KH0029,31/12/2024 20:20:00,Bán lẻ trực tiếp,NV21,Đã giao
DH002834,KH0012,14/06/2026 16:21:00,Showroom,NV28,Đã giao
DH010551,KH0035,15/06/2025 16:15:00,TMĐT - Shopee,NV12,Đã giao
DH004660,,05/01/2025 18:40:00,Bán lẻ trực tiếp,NV15,Đã giao
DH009552,KH0344,12/01/2026 17:35:00,Sàn Lazada,NV05,Đã giao
DH005861,KH0261,08/09/2024 23:06:00,Đại lý,NV15,Đã giao
DH002035,KH0367,24/05/2026 01:59:00,TMĐT - Tiki,NV07,Mới
DH004767,KH0105,25/05/2025 08:45:00,TMĐT - Shopee,NV10,Đã giao
DH005308,KH0070,20/12/2024 12:17:00,Lazada,NV19,Đã giao
DH008627,KH0406,08/03/2025 00:23:00,Bán lẻ,NV03,Đã giao
DH011372,KH0175,18/04/2025 21:08:00,TMĐT - Tiki,NV01,Đã giao
DH003445,KH0271,16/03/2026 16:46:00,TMĐT - Tiki,NV23,Đã giao
DH009525,KH0114,27/12/2024 02:35:00,TMĐT - Tiki,NV18,Đang xử lý
DH006438,KH0121,27/08/2024 06:58:00,Sàn Lazada,NV28,Đã giao
DH000802,KH0356,05/10/2025 22:09:00,TMĐT - Tiki,NV23,Đã giao
DH004126,KH0155,14/11/2024 17:28:00,Bán lẻ,NV04,Đã giao
DH004504,KH0012,06/12/2024 11:29:00,TMĐT - Tiki,NV11,Đã giao
DH003514,KH0155,28/01/2025 00:20:00,TMĐT - Shopee,NV13,Đang xử lý
DH011775,KH0055,16/12/2024 22:53:00,Showroom,NV11,Đã giao
DH009592,KH0314,29/10/2025 15:43:00,Shopee,NV21,Mới
DH009965,,20/04/2025 08:10:00,TMĐT - Tiki,NV22,Đã giao
DH002977,KH0242,07/02/2026 03:04:00,Sàn Shopee,NV28,Đã giao
DH008619,KH0198,25/10/2024 08:19:00,Showroom,NV18,Mới
DH008175,KH0009,30/06/2026 17:04:00,TMĐT - Tiki,NV23,Đã giao
DH000138,KH0432,23/03/2025 14:40:00,Showroom,NV28,Đã giao
DH001806,KH0404,21/08/2025 10:00:00,TMĐT - Tiki,NV10,Đã giao
DH006423,KH0316,08/11/2024 12:41:00,Lazada,NV20,Đã giao
DH010918,KH0024,27/06/2026 14:11:00,Lazada,NV03,Đã giao
DH003442,KH0243,07/12/2024 15:37:00,Sàn Shopee,NV09,Đã giao
DH011757,KH0227,17/12/2024 11:09:00,Showroom,NV29,Đã giao
DH010692,KH0213,24/08/2024 09:53:00,Lazada,NV02,Đã hủy
DH011876,KH0051,11/02/2026 05:16:00,Lazada,NV14,Đã giao
DH009825,KH0274,20/06/2025 09:35:00,Ban le,NV07,Trả hàng
DH003953,KH0070,10/06/2025 03:59:00,Sàn Shopee,NV11,Đã giao
DH004429,KH0204,31/03/2025 20:27:00,Bán lẻ,NV11,Đã giao
DH001949,KH0394,11/01/2026 11:43:00,Showroom,NV10,Đã giao
DH001885,KH0035,01/16/2025 09:41:00,Đại lý,NV23,Đã giao
DH009875,,16/03/2026 11:06:00,Ban le,NV29,Đã giao
DH007025,KH0442,11/12/2025 16:37:00,Ban le,NV21,Đang xử lý
DH008243,KH9006,16/01/2026 05:33:00,Sàn Shopee,NV04,Đã giao
DH011652,KH0446,24/06/2025 06:17:00,Bán lẻ,NV27,Đã hủy
DH005911,KH0409,2025-03-26 11:08:00,Đại lý,NV22,Đã giao
DH000562,KH0116,28/06/2025 15:31:00,TMĐT - Tiki,NV10,Đã giao
DH009322,KH0155,07/04/2025 14:49:00,Sàn Lazada,NV22,Đã giao
DH009913,KH0234,03/10/2024 19:30:00,TMĐT - Tiki,NV14,Đã giao
DH004662,KH0155,28/10/2025 10:50:00,Shopee,NV18,Đã giao
DH011928,,19/01/2026 23:59:00,Shopee,NV16,Đang xử lý
DH011261,KH0316,02/10/2024 13:08:00,Lazada,NV15,Đang xử lý
DH003016,KH0262,19/02/2026 10:29:00,Bán lẻ trực tiếp,NV08,Mới
DH003138,KH0165,04/03/2026 01:22:00,Showroom,NV06,Đã giao
DH004095,KH0253,13/02/2026 15:01:00,Lazada,NV21,Đã giao
DH004787,KH0179,21/06/2026 20:48:00,Bán lẻ,NV07,Đã giao
DH004208,KH0323,07/06/2025 07:53:00,Lazada,NV12,Đã giao
DH009652,KH0127,23/07/2026 09:59:00,Đại lý,NV09,Mới
DH009249,KH0012,20/01/2026 01:24:00,Ban le,NV01,Đã giao
DH005603,KH0035,07/11/2025 08:07:00,Showroom,NV22,Đang xử lý
DH000490,,11/11/2024 02:53:00,Đại lý,NV25,Đã giao
DH003850,KH0012,23/10/2024 16:40:00,TMĐT - Tiki,NV17,Đã giao
DH004421,KH0013,28/10/2024 16:05:00,TMĐT - Lazada,NV22,Đã giao
DH000801,KH0262,27/11/2024 03:14:00,Đại lý,NV06,Đang xử lý
DH009537,KH0379,16/05/2025 15:00:00,Shopee,NV25,Đã giao
DH003597,KH0304,09/06/2026 04:36:00,Shopee,NV28,Đã giao
DH005882,KH0249,08/04/2026 18:05:00,Sàn Shopee,NV02,Trả hàng
DH003926,KH0299,29/09/2024 01:20:00,Bán lẻ,NV12,Đã giao
DH006726,KH0034,28/10/2025 06:44:00,TMĐT - Shopee,NV24,Đã giao
DH002295,KH0399,29/05/2025 20:52:00,TMĐT - Tiki,NV08,Đã giao
DH004512,KH0391,27/11/2025 07:38:00,Ban le,NV23,Đã giao
DH002964,,10/12/2025 18:30:00,Sàn Shopee,NV14,Đã giao
DH006050,KH0141,27/06/2026 00:03:00,Sàn Lazada,NV13,Đã giao
DH004602,KH0060,15/04/2026 03:48:00,Shopee,NV05,Đã giao
DH010503,KH0442,13/01/2026 11:01:00,Shopee,NV15,Đã giao
DH001810,KH0384,20/12/2024 11:02:00,Shopee,NV19,Đã giao
DH006213,KH0155,15/11/2025 18:25:00,Bán lẻ trực tiếp,NV03,Đã giao
DH005039,KH0306,01/04/2026 05:05:00,Bán lẻ trực tiếp,NV17,Trả hàng
DH010468,KH0413,06/03/2026 07:41:00,TMĐT - Tiki,NV13,Đã giao
DH008446,KH0239,26/11/2024 08:20:00,TMĐT - Tiki,NV26,Đã giao
DH002668,KH0365,01/01/2025 19:45:00,Bán lẻ,NV06,Mới
DH002040,KH0141,18/09/2024 12:21:00,Showroom,NV20,Đã giao
DH001307,KH0129,24/10/2025 10:58:00,Bán lẻ,NV28,Đã giao
DH003672,KH0027,12/12/2025 15:42:00,Showroom,NV02,Đã giao
DH001479,KH0242,20/11/2024 11:24:00,Sàn Lazada,NV04,Đã giao
DH003448,KH0198,16/03/2025 08:26:00,TMĐT - Tiki,NV25,Đã hủy
DH010099,KH0241,04/09/2025 11:37:00,TMĐT - Tiki,NV15,Đã giao
DH005933,KH0179,01/10/2024 10:15:00,Sàn Shopee,NV29,Đã giao
DH006373,KH0301,11/12/2024 21:54:00,Showroom,NV30,Trả hàng
DH006167,KH0179,24/09/2024 19:45:00,Shopee,NV27,Đã giao
DH010516,KH0447,27/10/2025 13:26:00,Đại lý,NV17,Đã giao
DH006661,KH0108,29/10/2024 16:09:00,Showroom,NV11,Đã giao
DH005869,KH0228,21/02/2025 01:54:00,Lazada,NV24,Đã giao
DH005344,KH0246,14/01/2026 23:25:00,TMĐT - Tiki,NV22,Đã giao
DH002786,KH0074,02/07/2025 08:56:00,Shopee,NV03,Đã giao
DH004497,KH0105,24/11/2025 04:28:00,Shopee,NV04,Đang xử lý
DH000110,KH0296,20/07/2025 17:33:00,Lazada,NV19,Đã giao
DH011647,KH0204,26/11/2025 09:08:00,Shopee,NV01,Đã giao
DH004743,KH0353,24/11/2024 11:51:00,Đại lý,NV14,Đang xử lý
DH002624,KH0254,10/12/2025 22:39:00,Showroom,NV05,Đã giao
DH010187,KH0327,07/11/2025 02:36:00,Sàn Lazada,NV19,Đã giao
DH005596,KH0244,23/02/2026 04:36:00,Sàn Shopee,NV06,Đã giao
DH007418,KH0349,2024-09-23 18:07:00,Lazada,NV04,Đã giao
DH010908,KH0427,25/05/2025 22:30:00,Bán lẻ,NV04,Đã giao
DH007848,KH0430,15/05/2026 00:51:00,Bán lẻ,NV06,Đã giao
DH004172,KH0442,15/04/2026 03:07:00,Showroom,NV25,Đã giao
DH010340,KH0175,10/06/2026 13:35:00,Bán lẻ trực tiếp,NV26,Đã giao
DH9900123,KH0262,16/01/2026 05:56:00,Đại lý,NV01,Đã giao
DH007304,KH0419,23/04/2026 14:31:00,Shopee,NV09,Đã giao
DH008272,KH0192,2026-01-19 07:50:00,Showroom,NV01,Đã giao
DH006307,KH0359,08/11/2025 04:41:00,Bán lẻ,NV22,Đã giao
DH004332,KH0236,05/12/2025 03:58:00,Shopee,NV15,Đang xử lý
DH010435,KH0352,03/05/2025 13:03:00,Đại lý,NV05,Đã giao
DH011347,KH0035,27/12/2024 23:05:00,Sàn Shopee,NV01,Trả hàng
DH007075,KH0229,22/05/2026 00:00:00,Sàn Shopee,NV21,Đã giao
DH011716,KH0102,07/01/2026 09:44:00,TMĐT - Tiki,NV14,Đã giao
DH006959,KH0414,27/12/2025 12:58:00,Đại lý,NV26,Đã giao
DH010322,KH0275,24/11/2025 10:42:00,TMĐT - Tiki,NV25,Đã giao
DH001669,KH0055,25/04/2025 22:47:00,TMĐT - Tiki,NV01,Đã giao
DH004907,KH0305,10/08/2024 23:30:00,Showroom,NV01,Đã hủy
DH011387,,09/08/2025 13:53:00,Đại lý,NV07,Đã giao
DH005668,KH0089,02/12/2024 10:22:00,Showroom,NV25,Đã giao
DH003447,KH0427,08/06/2026 01:49:00,Showroom,NV06,Đã giao
DH008559,KH0187,17/10/2024 04:48:00,Shopee,NV20,Đã giao
DH009403,KH0290,03/12/2024 04:23:00,Đại lý,NV22,Đã giao
DH006890,KH0391,09/03/2025 08:27:00,TMĐT - Tiki,NV17,Đã giao
DH006759,KH0306,28/04/2025 21:49:00,Showroom,NV14,Đã hủy
DH001010,KH0323,09/02/2025 17:24:00,Sàn Lazada,NV03,Trả hàng
DH005170,KH0282,10/12/2025 13:37:00,Showroom,NV14,Đã giao
DH000773,KH0311,10/05/2026 09:33:00,Đại lý,NV04,Đã giao
DH002602,KH0003,15/10/2025 04:40:00,TMĐT - Tiki,NV17,Đã giao
DH002780,KH0034,23/04/2025 23:27:00,Showroom,NV09,Đã giao
DH002711,KH0180,07/05/2026 02:22:00,Ban le,NV23,Đã giao
DH008227,KH0155,04/02/2026 18:03:00,Đại lý,NV26,Đã giao
DH008539,KH0382,18/11/2024 18:46:00,Sàn Shopee,NV12,Đã giao
DH008173,KH0120,16/02/2025 16:34:00,Bán lẻ,NV06,Đã giao
DH002699,KH0089,20/08/2024 19:34:00,Showroom,NV22,Đã giao
DH003452,KH0249,12/20/2025 13:55:00,TMĐT - Tiki,NV14,Đã giao
DH002498,KH0052,02/12/2024 10:05:00,Lazada,NV19,Đã giao
DH011639,KH0076,12/01/2026 07:14:00,Lazada,NV10,Đã giao
DH010665,KH0071,19/07/2026 01:06:00,Shopee,NV19,Đã giao
DH005850,KH0070,13/03/2025 07:46:00,Bán lẻ,NV30,Mới
DH003624,KH0420,23/03/2026 03:40:00,Đại lý,NV02,Đã giao
DH010883,KH0391,23/04/2025 03:27:00,TMĐT - Tiki,NV07,Đã giao
DH007311,KH0095,09/05/2026 12:12:00,Bán lẻ,NV09,Đã giao
DH002847,KH0044,08/09/2024 02:34:00,Lazada,NV30,Đã giao
DH006302,KH0272,28/01/2025 00:56:00,Shopee,NV30,Đã giao
DH009544,,08/01/2026 19:59:00,Đại lý,NV20,Đã hủy
DH004697,KH0274,22/12/2025 22:28:00,TMĐT - Tiki,NV12,Mới
DH003062,KH0446,27/01/2026 15:32:00,Showroom,NV04,Đã giao
DH9900075,KH0391,2025-01-19 18:39:00,TMĐT - Tiki,NV12,Đã giao
DH007439,KH0359,11/11/2025 05:13:00,Showroom,NV11,Đã giao
DH007234,KH0388,30/09/2024 14:21:00,TMĐT - Tiki,NV04,Đã hủy
DH000566,KH0180,07/06/2026 13:16:00,Sàn Lazada,NV18,Đã giao
DH002902,KH0253,19/09/2025 13:17:00,TMĐT - Tiki,NV01,Mới
DH003468,KH0155,17/11/2025 15:08:00,TMĐT - Tiki,NV25,Đã giao
DH005477,,11/12/2025 20:15:00,Đại lý,NV02,Đã giao
DH009691,KH0409,19/10/2025 08:03:00,Ban le,NV16,Đang xử lý
DH007941,KH0204,18/04/2025 00:03:00,TMĐT - Shopee,NV03,Đã giao
DH010235,KH0274,14/01/2025 05:40:00,Shopee,NV27,Trả hàng
DH005234,KH0183,09/08/2024 16:52:00,TMĐT - Tiki,NV28,Đã giao
DH010357,KH0070,01/12/2025 15:51:00,Bán lẻ,NV26,Mới
DH000632,KH0442,29/12/2024 10:47:00,Showroom,NV03,Đã giao
DH006794,KH0179,20/10/2025 00:27:00,Bán lẻ,NV10,Đã giao
DH004258,KH0114,27/01/2025 12:45:00,TMĐT - Tiki,NV11,Đã giao
DH005055,KH0062,30/01/2026 07:55:00,TMĐT - Tiki,NV09,Đã giao
DH011193,KH0391,17/11/2025 15:00:00,Sàn Shopee,NV14,Đã giao
DH000020,KH0088,30/06/2025 04:55:00,TMĐT - Tiki,NV11,Đã giao
DH003229,KH0253,12/09/2024 06:24:00,Ban le,NV17,Đã giao
DH9900059,KH0272,04/11/2024 02:23:00,Đại lý,NV05,Đang xử lý
DH003724,KH0026,02/11/2024 17:47:00,TMĐT - Tiki,NV01,Đã giao
DH005259,KH0275,03/05/2025 19:23:00,Shopee,NV19,Đã giao
DH005541,KH0243,17/01/2025 11:04:00,Shopee,NV05,Đã giao
DH000239,KH0130,17/01/2026 09:11:00,Showroom,NV17,Đã giao
DH001605,KH0442,18/12/2024 07:11:00,Bán lẻ,NV17,Đã giao
DH000130,KH0429,11/06/2025 14:01:00,Lazada,NV23,Đã giao
DH008210,KH0107,30/01/2025 21:45:00,Bán lẻ,NV10,Đã giao
DH009700,KH0273,25/09/2025 20:59:00,Showroom,NV25,Đã giao
DH006922,KH0391,04/11/2024 04:07:00,Lazada,NV16,Đã giao
DH003015,KH0314,12/01/2026 20:46:00,Showroom,NV24,Đã giao
DH003680,KH0285,05/11/2024 15:12:00,TMĐT - Tiki,NV18,Đã giao
DH004555,KH0195,19/07/2026 06:55:00,TMĐT - Tiki,NV14,Đã giao
DH002122,KH0447,14/04/2025 02:35:00,Sàn Shopee,NV30,Đã giao
DH005118,KH0391,17/11/2025 05:07:00,Showroom,NV23,Đã giao
DH010674,KH0406,04/01/2026 12:09:00,Sàn Shopee,NV28,Đang xử lý
DH007700,KH0053,28/04/2025 12:55:00,TMĐT - Tiki,NV18,Đã giao
DH008426,KH0406,29/08/2024 13:46:00,Showroom,NV18,Đã hủy
DH9900009,KH0307,21/10/2025 02:26:00,Sàn Lazada,NV03,Đã hủy
DH006580,KH0391,19/10/2025 07:34:00,Showroom,NV10,Đã giao
DH001908,KH0272,03/08/2025 16:58:00,Showroom,NV24,Đã giao
DH005610,KH0092,26/12/2025 03:55:00,TMĐT - Tiki,NV23,Đang xử lý
DH002370,KH0248,26/05/2025 00:38:00,Bán lẻ,NV12,Trả hàng
DH001008,KH0198,26/05/2026 01:44:00,Showroom,NV13,Mới
DH005106,KH0183,12/12/2025 09:12:00,Bán lẻ,NV28,Đã hủy
DH005492,KH0143,04/12/2025 16:49:00,TMĐT - Tiki,NV23,Đã giao
DH008748,KH0135,27/07/2026 07:02:00,Ban le,NV15,Trả hàng
DH004584,KH0044,28/03/2025 01:21:00,Đại lý,NV11,Mới
DH001749,KH0012,10/07/2026 21:58:00,Lazada,NV08,Đã giao
DH003912,KH0147,17/09/2025 07:15:00,Shopee,NV01,Đã giao
DH006767,KH0105,25/06/2025 17:51:00,Sàn Shopee,NV19,Mới
DH001795,KH0279,31/07/2026 03:51:00,Đại lý,NV24,Đã giao
DH002568,KH0442,19/10/2025 01:38:00,Sàn Lazada,NV28,Đã giao
DH007771,KH9006,18/12/2024 08:52:00,Lazada,NV08,Đã giao
DH000580,KH0277,14/07/2025 06:24:00,Showroom,NV19,Đã giao
DH011532,KH0383,17/11/2024 10:17:00,Showroom,NV29,Đã giao
DH006283,KH0227,30/05/2026 13:26:00,Lazada,NV28,Đã giao
DH009446,,22/07/2026 07:54:00,Lazada,NV28,Đã giao
DH010973,KH0218,25/08/2024 14:39:00,Đại lý,NV22,Đã giao
DH002158,KH0051,19/12/2025 04:16:00,Shopee,NV24,Đang xử lý
DH011909,KH0190,26/10/2024 16:53:00,TMĐT - Tiki,NV12,Đã giao
DH011301,KH0051,10/07/2026 11:02:00,Showroom,NV26,Mới
DH005002,KH0140,01/12/2025 16:28:00,Sàn Lazada,NV23,Đã hủy
DH009806,KH0218,27/02/2025 17:45:00,Sàn Shopee,NV03,Đã giao
DH008462,KH0359,25/08/2024 02:09:00,Lazada,NV10,Đã giao
DH007737,KH0002,15/05/2026 09:04:00,TMĐT - Tiki,NV17,Đã giao
DH011092,KH0053,15/01/2025 12:11:00,Đại lý,NV13,Đã giao
DH010202,KH0280,07/10/2025 08:49:00,Shopee,NV22,Đã giao
DH010798,KH0315,04/04/2025 16:18:00,Lazada,NV27,Đã giao
DH005151,KH0394,09/03/2026 09:27:00,Showroom,NV08,Đã giao
DH008999,KH0325,14/12/2024 04:00:00,Bán lẻ,NV13,Đã giao
DH008487,KH0438,20/09/2025 17:56:00,Shopee,NV25,Đã giao
DH008500,KH0140,10/10/2025 19:54:00,Ban le,NV26,Mới
DH004234,KH0151,04/12/2025 07:55:00,Showroom,NV16,Đã giao
DH005588,KH0306,19/02/2025 13:58:00,Đại lý,NV25,Đã giao
DH009340,KH0365,22/02/2026 18:21:00,Đại lý,NV25,Đã giao
DH008655,KH0082,17/12/2025 09:32:00,Showroom,NV03,Đã giao
DH005294,KH0367,12/04/2025 19:20:00,TMĐT - Tiki,NV18,Đã giao
DH006363,,22/06/2026 06:12:00,Đại lý,NV07,Đã giao
DH004239,KH0359,24/05/2026 23:17:00,Lazada,NV30,Đã giao
DH001279,KH0155,21/08/2025 11:21:00,Sàn Lazada,NV06,Đang xử lý
DH004814,KH0346,11/11/2024 02:26:00,Bán lẻ,NV08,Đã giao
DH009328,KH0442,17/01/2026 20:34:00,TMĐT - Tiki,NV01,Đã giao
DH000356,KH0236,05/08/2024 00:04:00,TMĐT - Tiki,NV20,Đã giao
DH000002,KH0413,21/10/2024 18:12:00,Sàn Lazada,NV09,Đã giao
DH003298,KH0018,25/07/2025 05:09:00,Bán lẻ,NV02,Đã giao
DH006746,KH0256,14/06/2025 19:42:00,Đại lý,NV06,Đã giao
DH006149,KH0400,15/12/2024 03:43:00,Sàn Lazada,NV30,Đã giao
DH011986,KH0117,05/12/2024 17:40:00,Showroom,NV30,Đã giao
DH000423,KH0273,05/11/2024 16:55:00,Ban le,NV21,Đã giao
DH010872,KH0055,13/11/2025 16:59:00,Sàn Lazada,NV23,Đã giao
DH000335,KH9010,11/08/2024 09:36:00,Sàn Shopee,NV05,Đã giao
DH008859,KH0447,03/09/2024 22:13:00,Đại lý,NV06,Đã giao
DH007106,KH0012,17/08/2025 01:25:00,Đại lý,NV24,Đã giao
DH006760,KH0306,16/11/2025 11:15:00,TMĐT - Tiki,NV16,Đã giao
DH002813,KH9013,17/10/2025 16:54:00,Lazada,NV22,Đã giao
DH003179,KH0332,18/11/2024 09:21:00,Sàn Shopee,NV05,Đã giao
DH009045,KH0241,09/01/2026 06:46:00,Đại lý,NV20,Đã giao
DH004328,KH0155,18/11/2025 11:04:00,Sàn Shopee,NV07,Đã giao
DH008724,KH0346,21/03/2026 14:52:00,Showroom,NV28,Đã giao
DH007644,KH0273,2026-06-04 05:33:00,Showroom,NV08,Đã hủy
DH004920,KH0296,06/11/2025 11:42:00,Lazada,NV10,Trả hàng
DH011624,KH0232,22/08/2025 20:39:00,Đại lý,NV02,Đã giao
DH002009,,28/05/2025 10:24:00,TMĐT - Tiki,NV14,Đã giao
DH004096,KH0447,31/12/2024 08:46:00,Bán lẻ,NV02,Đã giao
DH001101,,27/09/2025 08:33:00,Lazada,NV19,Đã giao
DH011375,KH0346,08/04/2025 07:17:00,Sàn Lazada,NV03,Đã giao
DH010685,KH0385,26/10/2024 06:08:00,Showroom,NV13,Đã giao
DH005684,KH0262,29/06/2026 14:57:00,Lazada,NV20,Đã giao
DH007007,KH0360,18/12/2025 00:48:00,Đại lý,NV19,Đã giao
DH006766,KH0413,27/01/2026 19:34:00,Đại lý,NV07,Đã giao
DH011550,KH0155,27/06/2026 19:44:00,Lazada,NV16,Đã giao
DH010085,KH0070,21/07/2026 09:51:00,Shopee,NV20,Đã giao
DH008958,KH0406,10/04/2026 11:13:00,TMĐT - Tiki,NV08,Mới
DH010748,KH0183,07/06/2026 16:08:00,Shopee,NV28,Đã giao
DH002690,KH0306,16/03/2025 20:04:00,TMĐT - Shopee,NV27,Đã giao
DH003932,KH0377,16/12/2025 09:36:00,Lazada,NV14,Đang xử lý
DH007072,KH0070,07/04/2025 01:02:00,Showroom,NV08,Đã giao
DH003228,KH0391,26/05/2026 18:45:00,Đại lý,NV04,Đã giao
DH005439,KH0093,24/05/2025 23:32:00,Shopee,NV19,Đã giao
DH005152,KH0227,08/01/2025 07:14:00,Lazada,NV03,Đã giao
DH003567,KH0034,29/10/2024 10:57:00,Đại lý,NV26,Trả hàng
DH004714,KH0002,05/08/2025 04:47:00,TMĐT - Lazada,NV14,Đã hủy
DH009387,,18/01/2025 14:50:00,Lazada,NV30,Đã giao
DH000903,KH0353,02/06/2026 04:53:00,Sàn Shopee,NV01,Đã giao
DH009077,KH0383,26/02/2025 11:47:00,TMĐT - Tiki,NV13,Đã giao
DH001349,KH0012,03/07/2026 01:27:00,Đại lý,NV04,Đã giao
DH003184,KH0442,25/05/2026 19:00:00,Showroom,NV15,Đã giao
DH000300,KH0239,16/01/2025 14:54:00,TMĐT - Tiki,NV16,Đã giao
DH007989,KH0070,13/01/2025 15:31:00,Đại lý,NV22,Đã giao
DH000869,KH0082,16/03/2026 07:40:00,Sàn Shopee,NV08,Đã giao
DH011698,KH0173,28/12/2025 20:01:00,Bán lẻ trực tiếp,NV27,Đã giao
DH004537,KH0386,18/08/2025 11:14:00,TMĐT - Tiki,NV18,Đã giao
DH005945,KH0051,03/01/2026 10:47:00,Lazada,NV12,Trả hàng
DH001403,KH0101,16/04/2025 16:57:00,Lazada,NV26,Đang xử lý
DH005431,KH0170,14/09/2024 01:49:00,Sàn Shopee,NV28,Đã giao
DH008489,KH0306,18/07/2026 13:50:00,Sàn Shopee,NV05,Đã giao
DH011958,KH0423,03/12/2024 19:58:00,Đại lý,NV23,Đã giao
DH004009,KH0314,25/08/2024 21:16:00,Ban le,NV28,Đã hủy
DH002486,KH0304,04/12/2025 03:04:00,Đại lý,NV24,Đã giao
DH006589,KH0338,09/11/2024 19:38:00,TMĐT - Tiki,NV12,Đã giao
DH007603,KH0035,20/10/2025 02:40:00,Đại lý,NV24,Trả hàng
DH002103,KH0390,28/07/2025 01:05:00,Đại lý,NV13,Đã hủy
DH011181,KH0140,22/10/2025 23:55:00,Shopee,NV05,Đã giao
DH008293,KH0227,23/06/2026 11:32:00,Đại lý,NV28,Đã giao
DH000022,KH0209,11/12/2025 22:51:00,Đại lý,NV06,Đã giao
DH002368,KH0447,04/07/2025 23:33:00,Ban le,NV23,Đã giao
DH008291,KH0135,13/04/2026 04:58:00,Ban le,NV23,Đã giao
DH003993,KH0229,19/04/2026 15:02:00,Lazada,NV04,Đã giao
DH001597,KH0265,18/06/2026 03:09:00,Bán lẻ,NV30,Đã giao
DH003589,KH0171,06/08/2024 00:13:00,Đại lý,NV28,Đã giao
DH9900049,KH0002,22/02/2025 18:15:00,TMĐT - Lazada,NV15,Đã giao
DH002482,,11/04/2026 20:41:00,Sàn Lazada,NV25,Đang xử lý
DH000201,KH0183,28/12/2025 06:51:00,Sàn Shopee,NV14,Đã giao
DH001224,KH0098,16/06/2026 12:31:00,Sàn Shopee,NV20,Đã giao
DH005723,KH0361,03/12/2024 05:13:00,Showroom,NV19,Đã giao
DH009715,KH0413,23/12/2024 15:54:00,Đại lý,NV09,Đã giao
DH001843,KH0227,24/10/2024 10:21:00,Sàn Shopee,NV13,Đã giao
DH002891,KH0151,01/08/2025 07:36:00,Đại lý,NV26,Mới
DH004897,KH0324,01/11/2025 22:36:00,Showroom,NV11,Đã giao
DH010855,KH0262,24/10/2024 16:36:00,Sàn Shopee,NV01,Đã giao
DH006520,KH0273,19/12/2025 21:49:00,Sàn Lazada,NV11,Đang xử lý
DH007189,KH0068,12/06/2026 12:04:00,Lazada,NV19,Đã giao
DH003927,KH0359,26/12/2024 20:04:00,Sàn Lazada,NV21,Đang xử lý
DH000074,KH0246,25/12/2024 04:41:00,Lazada,NV02,Đã giao
DH003803,KH9001,25/01/2025 14:18:00,TMĐT - Tiki,NV30,Đã giao
DH010130,KH0051,03/01/2025 14:00:00,Sàn Lazada,NV27,Đang xử lý
DH007740,KH0184,05/27/2025 10:03:00,Bán lẻ,NV19,Đã giao
DH006231,KH0116,13/04/2025 18:14:00,Đại lý,NV18,Đã giao
DH004186,KH0089,18/07/2026 07:44:00,Đại lý,NV25,Đã giao
DH006332,KH0088,05/12/2024 06:53:00,Đại lý,NV17,Mới
DH003103,KH0162,30/12/2024 01:01:00,TMĐT - Tiki,NV08,Đã giao
DH009230,KH0020,29/10/2024 13:02:00,Showroom,NV21,Đang xử lý
DH004014,KH0141,24/05/2026 10:54:00,Đại lý,NV24,Đã giao
DH000383,KH0442,18/07/2026 18:19:00,Sàn Lazada,NV20,Đã giao
DH011454,KH0447,16/10/2025 00:53:00,TMĐT - Tiki,NV20,Đã giao
DH007111,KH0227,23/10/2024 08:57:00,TMĐT - Lazada,NV24,Đã giao
DH006941,KH0155,23/09/2024 12:07:00,Lazada,NV24,Đã giao
DH004791,KH0386,06/11/2024 19:28:00,Showroom,NV13,Đã giao
DH002098,KH0120,06/07/2026 00:35:00,Lazada,NV05,Đã giao
DH009612,KH0183,08/05/2025 00:08:00,TMĐT - Tiki,NV26,Đang xử lý
DH004709,KH0391,19/07/2026 05:02:00,Lazada,NV24,Đang xử lý
DH000125,KH0009,27/05/2025 20:28:00,Sàn Lazada,NV06,Đã giao
DH009822,KH0002,23/02/2025 17:51:00,Đại lý,NV01,Đã giao
DH003456,KH0314,11/08/2025 20:15:00,Đại lý,NV21,Đã giao
DH011536,KH0004,02/10/2025 07:30:00,Showroom,NV17,Đã giao
DH008031,KH0436,01/04/2026 17:00:00,TMĐT - Lazada,NV11,Đã giao
DH007519,KH0248,30/12/2025 22:48:00,Showroom,NV15,Đã giao
DH011871,KH0039,10/04/2025 15:19:00,Bán lẻ,NV10,Đã giao
DH001319,KH0219,24/10/2024 23:47:00,Ban le,NV09,Trả hàng
DH000196,KH0262,16/01/2026 05:56:00,Đại lý,NV01,Đã giao
DH003637,KH0239,11/02/2025 15:43:00,Bán lẻ trực tiếp,NV14,Đã giao
DH009867,KH0155,05/03/2025 00:06:00,Shopee,NV04,Đang xử lý
DH000793,KH0052,15/04/2025 02:07:00,Showroom,NV03,Đã giao
DH011145,KH0119,09/12/2024 05:36:00,Shopee,NV16,Đã giao
DH003358,KH0070,2026-01-10 07:56:00,Bán lẻ,NV12,Đã giao
DH008947,KH9001,28/04/2025 02:10:00,TMĐT - Lazada,NV04,Đã giao
DH002509,KH9004,19/08/2025 01:18:00,TMĐT - Tiki,NV20,Đang xử lý
DH004904,KH0302,01/10/2024 18:57:00,Lazada,NV22,Đã giao
DH005301,KH0382,24/09/2024 18:32:00,Ban le,NV06,Đã giao
DH005416,KH0227,06/06/2025 15:29:00,TMĐT - Tiki,NV29,Đang xử lý
DH004163,,17/09/2025 10:21:00,TMĐT - Tiki,NV13,Đã giao
DH001296,KH0265,17/12/2025 02:05:00,TMĐT - Tiki,NV12,Đã hủy
DH005624,KH0155,15/07/2025 16:18:00,Đại lý,NV16,Đã hủy
DH002167,KH0447,06/05/2025 14:22:00,Bán lẻ,NV25,Đã giao
DH009839,KH0332,23/12/2024 15:04:00,Bán lẻ,NV10,Đã giao
DH003922,KH0103,10/02/2026 01:13:00,TMĐT - Shopee,NV08,Đã giao
DH001768,KH0158,18/06/2025 21:15:00,Lazada,NV27,Đã giao
DH010897,KH0002,07/07/2026 08:22:00,Sàn Shopee,NV25,Đã giao
DH006937,KH0088,30/05/2026 00:32:00,TMĐT - Tiki,NV04,Đã giao
DH007543,KH0008,18/01/2025 01:17:00,Bán lẻ,NV24,Đã giao
DH000695,KH0352,02/03/2025 21:20:00,Shopee,NV21,Đã giao
DH007299,KH0204,21/11/2025 23:00:00,TMĐT - Tiki,NV29,Đã giao
DH007284,KH0034,24/10/2025 15:10:00,Sàn Shopee,NV14,Đã giao
DH002656,KH0362,24/09/2025 05:25:00,Showroom,NV08,Đã giao
DH007012,KH0249,31/01/2025 03:29:00,Sàn Lazada,NV01,Đã giao
DH011269,KH0051,31/01/2025 13:46:00,Bán lẻ,NV02,Đã giao
DH001384,KH0442,24/10/2025 19:08:00,TMĐT - Shopee,NV12,Đã giao
DH005833,KH0236,23/12/2025 12:39:00,TMĐT - Tiki,NV07,Mới
DH010864,KH0056,11/05/2026 06:33:00,Đại lý,NV15,Mới
DH003966,KH0442,06/08/2025 05:39:00,TMĐT - Tiki,NV06,Đã giao
DH004058,KH0394,25/09/2024 04:13:00,Đại lý,NV08,Đã giao
DH003900,KH0400,12/02/2025 15:29:00,TMĐT - Tiki,NV09,Đang xử lý
DH006761,KH0140,23/06/2026 12:56:00,Shopee,NV04,Đã giao
DH004412,KH0052,15/11/2025 03:42:00,Showroom,NV17,Đã giao
DH006497,KH0400,04/08/2024 11:39:00,Shopee,NV04,Mới
DH010900,KH0365,11/02/2025 14:45:00,Showroom,NV24,Đã giao
DH011302,KH0155,28/08/2025 21:09:00,Đại lý,NV11,Trả hàng
DH008633,KH0396,31/03/2026 13:05:00,Showroom,NV05,Đã giao
DH001662,KH0034,03/11/2024 11:02:00,Sàn Lazada,NV20,Đã giao
DH002827,KH0402,29/05/2025 14:11:00,TMĐT - Tiki,NV07,Đã giao
DH006934,KH0416,03/12/2025 22:33:00,Bán lẻ,NV26,Đã giao
DH008939,KH0102,02/02/2025 05:56:00,Sàn Lazada,NV28,Đã giao
DH006375,KH0438,10/08/2025 07:35:00,TMĐT - Tiki,NV08,Đã giao
DH001772,KH0254,01/06/2025 19:06:00,Sàn Shopee,NV14,Đang xử lý
DH005042,KH0446,18/01/2026 11:35:00,Bán lẻ,NV04,Đang xử lý
DH005061,KH0391,28/07/2025 02:09:00,Showroom,NV29,Trả hàng
DH002110,KH0105,18/04/2026 14:08:00,TMĐT - Tiki,NV04,Đã giao
DH000708,,30/07/2026 14:21:00,Lazada,NV06,Đã giao
DH010191,KH0442,11/06/2025 11:37:00,Ban le,NV03,Đã hủy
DH003810,KH0262,19/09/2025 20:26:00,Đại lý,NV12,Đang xử lý
DH002660,KH0309,05/07/2025 16:07:00,Sàn Lazada,NV20,Trả hàng
DH003700,KH0086,21/09/2024 03:38:00,Bán lẻ trực tiếp,NV06,Đã giao
DH007026,KH0314,03/12/2024 14:03:00,Đại lý,NV13,Đã giao
DH001655,KH0391,06/07/2026 14:14:00,Ban le,NV24,Đã giao
DH009930,,29/10/2025 10:37:00,Đại lý,NV29,Đã giao
DH001220,KH0447,21/12/2025 22:27:00,TMĐT - Tiki,NV12,Đã giao
DH9900099,KH0447,23/12/2025 03:44:00,Sàn Lazada,NV13,Đã giao
DH011141,,05/05/2025 10:40:00,Ban le,NV17,Đã giao
DH007931,KH0204,30/04/2026 18:49:00,Ban le,NV02,Đã giao
DH001089,KH0053,31/12/2024 17:02:00,TMĐT - Lazada,NV19,Đã giao
DH003657,KH0012,03/12/2024 23:15:00,Showroom,NV27,Đã hủy
DH011567,KH0367,08/01/2026 00:57:00,TMĐT - Tiki,NV19,Đã giao
DH004154,KH0193,02/10/2024 07:10:00,Showroom,NV13,Đã giao
DH006852,KH0246,05/12/2025 06:54:00,TMĐT - Tiki,NV30,Đã giao
DH000514,KH0438,21/12/2024 00:30:00,Đại lý,NV02,Đã giao
DH002459,KH0442,25/04/2026 05:30:00,Sàn Shopee,NV14,Đã hủy
DH006501,KH0241,20/01/2026 01:28:00,Showroom,NV21,Đã giao
DH009473,KH0432,18/11/2024 04:56:00,Lazada,NV26,Đã giao
DH003967,KH0155,22/03/2026 05:20:00,TMĐT - Tiki,NV10,Đã giao
DH004312,KH0120,27/04/2025 22:14:00,Bán lẻ,NV01,Đang xử lý
DH007172,KH0220,22/09/2025 19:13:00,Bán lẻ,NV01,Đã giao
DH001715,KH0155,17/03/2026 02:29:00,Ban le,NV06,Đã giao
DH001175,KH0442,06/17/2025 13:26:00,Lazada,NV23,Đã giao
DH010250,KH0140,23/12/2025 23:12:00,Đại lý,NV29,Trả hàng
DH010242,KH0305,05/03/2025 10:48:00,Shopee,NV28,Đã giao
DH001876,KH0242,15/04/2025 09:24:00,TMĐT - Lazada,NV14,Đã giao
DH006277,KH0068,16/09/2024 00:17:00,Sàn Lazada,NV16,Đang xử lý
DH003083,KH9006,09/02/2025 20:01:00,Bán lẻ,NV17,Đã giao
DH001537,KH0140,03/06/2025 01:58:00,Showroom,NV08,Đã giao
DH001811,KH0140,03/10/2024 06:26:00,Lazada,NV28,Trả hàng
DH010878,KH0442,05/07/2026 14:50:00,Đại lý,NV27,Đã giao
DH006306,,21/04/2026 07:04:00,Bán lẻ,NV24,Đã giao
DH004515,KH0362,31/12/2024 10:03:00,Showroom,NV07,Đang xử lý
DH006781,KH0250,22/05/2025 08:50:00,Ban le,NV23,Đang xử lý
DH010837,KH0412,10/07/2026 13:56:00,Lazada,NV30,Đã giao
DH004070,KH0279,29/08/2025 14:07:00,Showroom,NV27,Đã giao
DH011383,KH0305,07/08/2025 21:46:00,Shopee,NV08,Đã giao
DH010506,KH0261,22/02/2025 01:05:00,Ban le,NV18,Đã giao
DH002517,KH0175,24/06/2025 19:41:00,Bán lẻ trực tiếp,NV15,Đã giao
DH007787,KH0297,11/30/2024 15:41:00,Showroom,NV01,Đã giao
DH004156,KH0070,19/10/2024 15:30:00,Showroom,NV22,Đã giao
DH003070,KH0262,04/06/2025 15:14:00,Đại lý,NV01,Đang xử lý
DH009097,KH0288,22/07/2026 20:25:00,Bán lẻ trực tiếp,NV11,Đã giao
DH010037,KH0281,28/09/2025 03:03:00,Sàn Lazada,NV30,Đã giao
DH005500,KH0070,24/02/2025 00:58:00,TMĐT - Lazada,NV01,Đã giao
DH008082,KH0093,09/09/2025 18:12:00,Showroom,NV26,Đã giao
DH003177,KH0446,26/12/2025 21:17:00,Đại lý,NV25,Mới
DH9900150,KH0249,10/02/2026 05:27:00,Sàn Shopee,NV08,Đã giao
DH000400,KH0140,05/12/2025 19:17:00,Showroom,NV01,Đã giao
DH005550,KH0070,25/12/2025 10:20:00,Sàn Shopee,NV25,Đã giao
DH006245,KH0141,01/12/2025 06:19:00,TMĐT - Tiki,NV25,Đã giao
DH002061,KH0359,06/07/2026 01:06:00,Ban le,NV12,Đã giao
DH000712,KH0192,10/11/2024 00:25:00,Showroom,NV17,Đã giao
DH006081,KH0140,07/09/2024 06:12:00,Đại lý,NV10,Mới
DH004565,KH0246,02/01/2026 06:13:00,Bán lẻ trực tiếp,NV10,Đã giao
DH000541,KH0211,2025-12-01 00:11:00,Đại lý,NV08,Đã giao
DH005846,KH0116,13/04/2025 09:40:00,Đại lý,NV06,Đã giao
DH005595,KH0394,07/09/2025 23:16:00,Đại lý,NV10,Đã giao
DH003484,KH0174,16/02/2025 00:20:00,Showroom,NV03,Đã giao
DH011800,KH0273,18/12/2025 15:18:00,Lazada,NV28,Đã giao
DH011203,KH0155,12/02/2026 00:48:00,Showroom,NV21,Đã hủy
DH011354,KH0447,18/10/2025 15:35:00,Shopee,NV30,Đã giao
DH000530,KH0062,31/12/2024 06:48:00,Shopee,NV16,Đã giao
DH011198,KH0010,07/06/2025 21:53:00,Lazada,NV17,Đang xử lý
DH006474,KH0135,11/09/2025 04:09:00,Ban le,NV12,Đã giao
DH001968,KH0365,15/05/2025 07:38:00,Lazada,NV02,Mới
DH007816,KH0367,30/03/2025 23:39:00,Đại lý,NV29,Đã giao
DH010142,KH0365,23/11/2024 15:51:00,Sàn Shopee,NV23,Đã giao
DH002638,KH0035,30/06/2026 20:45:00,Lazada,NV21,Đã hủy
DH010317,KH0013,08/01/2025 12:54:00,Showroom,NV22,Đã giao
DH001947,KH0178,16/01/2025 15:48:00,TMĐT - Tiki,NV17,Đã giao
DH008698,KH0389,31/01/2026 16:27:00,Sàn Lazada,NV17,Đã giao
DH011599,KH0274,11/11/2024 09:57:00,Showroom,NV26,Đã giao
DH007713,KH0306,08/02/2025 17:35:00,Sàn Lazada,NV14,Đã giao
DH009607,KH0280,2025-02-13 13:08:00,Showroom,NV27,Đã giao
DH002276,KH0051,11/07/2026 01:11:00,Bán lẻ,NV05,Đã giao
DH003257,KH0272,20/11/2024 08:50:00,Showroom,NV04,Đã giao
DH002739,KH0119,12/03/2025 11:09:00,Showroom,NV05,Mới
DH005818,KH0187,05/02/2025 02:03:00,TMĐT - Tiki,NV10,Đã giao
DH002425,KH0089,23/10/2025 13:38:00,Đại lý,NV13,Đang xử lý
DH005182,KH0442,17/07/2026 19:24:00,Lazada,NV24,Đã giao
DH010824,KH0379,13/06/2025 08:49:00,Ban le,NV25,Đã giao
DH001861,KH0314,10/08/2025 18:28:00,Bán lẻ,NV02,Mới
DH005490,KH0391,03/01/2026 08:11:00,TMĐT - Tiki,NV25,Đã giao
DH009963,KH0113,21/07/2026 11:46:00,Sàn Lazada,NV26,Trả hàng
DH010992,KH0448,09/08/2024 14:58:00,Lazada,NV27,Đã giao
DH000301,KH0306,06/08/2025 09:49:00,Bán lẻ,NV30,Đã giao
DH001993,KH0108,18/03/2025 20:46:00,Sàn Lazada,NV03,Đã giao
DH009842,KH0262,30/04/2025 04:13:00,Showroom,NV27,Đã giao
DH009657,KH0200,20/10/2025 12:22:00,Lazada,NV12,Đã giao
DH011303,KH0189,18/02/2025 05:50:00,Đại lý,NV18,Đã giao
DH003446,KH0159,27/05/2026 18:48:00,TMĐT - Tiki,NV02,Đã giao
DH011019,KH0155,24/09/2024 21:42:00,Ban le,NV14,Đã giao
DH009891,KH0054,10/03/2026 00:09:00,Sàn Lazada,NV12,Đã giao
DH008075,KH0248,22/11/2025 11:46:00,Đại lý,NV04,Đã giao
DH003111,KH0194,04/10/2024 14:07:00,Lazada,NV04,Đã giao
DH009535,KH0070,22/11/2025 03:58:00,TMĐT - Tiki,NV23,Đã hủy
DH000202,KH0136,20/04/2026 13:26:00,Bán lẻ,NV21,Đã giao
DH011582,,13/07/2026 16:04:00,Bán lẻ,NV05,Đã giao
DH004752,KH0151,19/12/2024 10:44:00,TMĐT - Tiki,NV15,Đã hủy
DH005660,KH0033,24/12/2025 09:46:00,TMĐT - Tiki,NV15,Đã giao
DH004746,KH0188,01/05/2026 14:23:00,Đại lý,NV05,Đã giao
DH009263,KH0114,25/08/2024 22:48:00,Đại lý,NV09,Trả hàng
DH003919,KH0309,24/09/2024 06:46:00,TMĐT - Tiki,NV12,Đã giao
DH003026,KH0012,19/08/2025 18:22:00,Showroom,NV04,Đang xử lý
DH000126,KH0406,03/06/2026 23:32:00,TMĐT - Tiki,NV30,Đã giao
DH009623,KH0155,2025-07-27 00:23:00,Đại lý,NV23,Đã giao
DH006910,KH0325,05/12/2024 15:06:00,Đại lý,NV06,Đã giao
DH004224,KH0119,25/03/2026 23:21:00,Sàn Lazada,NV12,Đã giao
DH006992,KH0279,22/09/2024 20:31:00,Lazada,NV05,Đã giao
DH9900109,KH0267,06/03/2026 17:41:00,Lazada,NV24,Mới
DH006844,KH0053,04/10/2025 21:35:00,Showroom,NV13,Đã giao
DH000162,KH0227,29/12/2024 17:17:00,Showroom,NV02,Đã giao
DH000787,KH0316,07/08/2024 04:32:00,Ban le,NV28,Đã giao
DH005885,KH0365,13/04/2025 20:20:00,Ban le,NV03,Mới
DH003719,KH0051,09/03/2025 05:18:00,Sàn Shopee,NV07,Đã giao
DH004640,KH0413,09/01/2025 22:24:00,Sàn Lazada,NV30,Đã giao
DH001679,KH0266,16/12/2024 07:33:00,Sàn Shopee,NV26,Đã hủy
DH005983,KH0155,27/06/2026 17:41:00,Ban le,NV18,Đã giao
DH007052,KH0438,27/01/2025 16:11:00,Showroom,NV05,Đã giao
DH003994,KH0391,25/11/2025 21:24:00,Ban le,NV28,Đã giao
DH008767,KH0344,01/09/2025 12:51:00,TMĐT - Tiki,NV08,Đã giao
DH003684,KH0442,14/06/2026 04:18:00,Lazada,NV21,Đã giao
DH010561,KH0384,30/10/2025 03:59:00,TMĐT - Tiki,NV07,Đã giao
DH010473,KH0108,11/08/2025 01:26:00,TMĐT - Tiki,NV02,Đang xử lý
DH011075,KH0391,24/11/2024 09:08:00,Đại lý,NV09,Mới
DH003703,KH0031,11/05/2025 17:23:00,Bán lẻ,NV18,Đã giao
DH008355,KH0248,27/03/2026 10:34:00,Lazada,NV20,Đã giao
DH007387,KH0156,28/12/2024 14:49:00,Đại lý,NV25,Mới
DH000169,KH0262,11/12/2024 02:03:00,Bán lẻ trực tiếp,NV07,Đã giao
DH009673,KH0070,28/06/2025 20:09:00,Shopee,NV11,Đã giao
DH002272,KH0271,14/12/2024 20:03:00,Sàn Shopee,NV11,Đã giao
DH010854,KH0035,02/10/2024 06:33:00,TMĐT - Tiki,NV10,Đang xử lý
DH009899,KH0436,14/10/2024 06:02:00,Lazada,NV26,Đã hủy
DH002887,KH0138,17/05/2026 23:40:00,Sàn Shopee,NV19,Đã giao
DH010477,KH0231,09/12/2024 11:21:00,Đại lý,NV28,Đã giao
DH000685,KH0242,31/08/2024 05:39:00,Đại lý,NV23,Đã giao
DH008935,KH0306,30/09/2024 17:00:00,Đại lý,NV21,Đã giao
DH010236,,04/02/2026 00:31:00,Bán lẻ,NV16,Đã giao
DH005355,KH0049,29/12/2025 15:59:00,Ban le,NV19,Đã giao
DH000516,KH0442,08/04/2026 22:41:00,Đại lý,NV28,Đã giao
DH001034,KH9000,01/07/2025 12:12:00,Shopee,NV19,Đã giao
DH002458,KH0043,27/07/2025 13:09:00,TMĐT - Tiki,NV20,Đã giao
DH010144,KH0391,24/07/2025 04:37:00,Sàn Lazada,NV22,Trả hàng
DH009916,KH0155,16/11/2025 04:53:00,Showroom,NV09,Đang xử lý
DH008139,KH0018,11/07/2025 17:20:00,Đại lý,NV11,Đã giao
DH007423,KH0262,08/12/2025 05:26:00,Đại lý,NV03,Đã hủy
DH001560,KH0141,19/10/2024 04:40:00,Sàn Shopee,NV13,Đang xử lý
DH002627,KH0304,21/05/2026 00:39:00,Đại lý,NV18,Đã giao
DH011026,KH0155,25/07/2025 10:17:00,TMĐT - Tiki,NV07,Mới
DH009894,KH0116,18/12/2025 13:01:00,Shopee,NV04,Đã giao
DH002304,KH0352,29/11/2024 17:22:00,Showroom,NV14,Đã giao
DH009448,KH0274,30/03/2025 18:04:00,Showroom,NV30,Đã giao
DH000183,KH0105,17/04/2026 13:33:00,TMĐT - Tiki,NV10,Đã giao
DH006763,,04/03/2025 02:30:00,Showroom,NV15,Đang xử lý
DH004968,KH0391,2024-12-01 00:18:00,Đại lý,NV23,Đã giao
DH005337,KH0248,31/03/2025 18:19:00,Shopee,NV09,Đã giao
DH007224,KH0221,22/10/2024 01:22:00,Đại lý,NV05,Đã hủy
DH004383,KH0087,09/12/2024 00:56:00,Bán lẻ,NV02,Đã giao
DH002583,KH0273,31/12/2024 09:10:00,TMĐT - Lazada,NV10,Đang xử lý
DH008118,KH0352,20/01/2026 07:38:00,Ban le,NV07,Đã giao
DH005456,KH0379,08/12/2024 21:57:00,TMĐT - Tiki,NV20,Đã giao
DH005669,KH0229,16/05/2025 07:34:00,Lazada,NV19,Đã giao
DH011995,KH0227,15/06/2025 03:09:00,Sàn Shopee,NV23,Đã giao
DH007756,KH0151,08/08/2025 06:16:00,Ban le,NV14,Đã giao
DH008855,KH0036,14/09/2025 13:16:00,Bán lẻ,NV14,Đã giao
DH008212,KH0222,23/11/2025 02:34:00,Showroom,NV11,Đang xử lý
DH004796,KH0246,06/10/2025 18:08:00,Bán lẻ trực tiếp,NV23,Đã giao
DH010950,KH0070,10/02/2026 15:13:00,Showroom,NV23,Mới
DH005383,KH0250,27/03/2026 19:18:00,Sàn Shopee,NV26,Đã giao
DH009287,KH0359,01/05/2026 06:45:00,Lazada,NV10,Đã giao
DH004864,KH0384,08/05/2026 18:56:00,Đại lý,NV12,Đã giao
DH008609,KH0012,06/12/2024 06:57:00,Showroom,NV22,Đã hủy
DH006801,KH0391,10/10/2024 01:06:00,Bán lẻ trực tiếp,NV07,Đã giao
DH005736,KH0412,11/09/2024 08:38:00,Đại lý,NV19,Đang xử lý
DH005093,KH0442,13/04/2025 22:37:00,Showroom,NV01,Đã giao
DH011280,KH0339,20/05/2026 13:15:00,Đại lý,NV12,Đã giao
DH000372,KH0382,12/11/2025 01:02:00,Showroom,NV01,Đã giao
DH003264,KH0113,06/08/2024 03:26:00,Ban le,NV11,Đã giao
DH011878,KH0314,10/11/2025 04:00:00,Sàn Lazada,NV21,Đã giao
DH008365,KH0227,10/01/2025 06:37:00,TMĐT - Tiki,NV09,Đã hủy
DH004109,KH0119,26/05/2025 21:11:00,Ban le,NV28,Đã giao
DH010754,KH0249,10/02/2026 05:27:00,Shopee,NV08,Đã giao
DH003148,,21/06/2026 14:07:00,Sàn Lazada,NV07,Đang xử lý
DH000984,KH0177,05/09/2025 07:07:00,Đại lý,NV25,Đã giao
DH003763,KH0237,03/02/2026 19:18:00,Showroom,NV08,Đã giao
DH000006,KH0447,14/01/2026 10:43:00,Sàn Shopee,NV21,Đã giao
DH009490,KH0391,02/12/2025 15:31:00,Showroom,NV08,Đã giao
DH007155,KH0227,04/07/2025 10:13:00,Sàn Shopee,NV28,Đã giao
DH003888,KH0314,05/08/2025 18:54:00,Đại lý,NV06,Đã giao
DH011419,KH0274,06/02/2025 14:27:00,Sàn Shopee,NV12,Đã giao
DH008298,KH0353,01/07/2025 20:21:00,Showroom,NV28,Đã hủy
DH000358,KH0395,24/12/2024 15:42:00,TMĐT - Tiki,NV12,Đã hủy
DH9900045,KH0102,13/09/2024 01:41:00,Bán lẻ,NV13,Đã giao
DH009207,KH0034,09/12/2025 06:29:00,Ban le,NV16,Đã giao
DH011297,KH0409,12/28/2024 02:42:00,Shopee,NV07,Đã giao
DH007736,KH0105,21/06/2025 21:31:00,Bán lẻ,NV29,Trả hàng
DH006209,KH0367,18/02/2025 05:49:00,Lazada,NV12,Đã hủy
DH010211,KH0183,24/12/2025 23:44:00,Showroom,NV13,Đã giao
DH010463,KH0155,26/11/2024 02:02:00,Showroom,NV20,Đã giao
DH007530,KH0035,18/06/2026 21:54:00,Showroom,NV07,Đã giao
DH008573,KH0325,18/08/2024 04:17:00,Bán lẻ,NV09,Đã giao
DH011475,KH0236,09/11/2024 01:24:00,Showroom,NV26,Đã giao
DH000479,KH0396,01/12/2025 16:45:00,Ban le,NV20,Đã giao
DH006728,KH0413,26/01/2026 18:26:00,TMĐT - Tiki,NV24,Đang xử lý
DH010254,KH0012,14/02/2025 10:41:00,Ban le,NV30,Đang xử lý
DH001862,KH0391,31/07/2026 20:12:00,Ban le,NV15,Đã giao
DH006183,KH0420,30/11/2024 19:28:00,Showroom,NV14,Đã giao
DH001418,KH0306,06/01/2025 08:49:00,Bán lẻ trực tiếp,NV15,Đã giao
DH007959,KH0140,20/06/2026 01:03:00,Lazada,NV14,Đã giao
DH000399,KH0171,03/05/2026 08:16:00,Showroom,NV20,Đã giao
DH010928,KH0063,26/10/2024 17:29:00,Showroom,NV16,Đã giao
DH002473,KH0262,23/12/2025 07:27:00,TMĐT - Tiki,NV09,Đã giao
DH006585,KH0155,09/11/2024 18:00:00,Showroom,NV08,Đã giao
DH006067,KH0442,23/06/2025 14:56:00,Đại lý,NV13,Đã giao
DH001596,KH0285,03/12/2024 11:01:00,TMĐT - Tiki,NV18,Đã giao
DH9900119,KH0199,30/05/2026 14:07:00,Đại lý,NV12,Đã hủy
DH010555,KH0200,10/12/2024 03:39:00,Đại lý,NV24,Đã giao
DH011169,KH0051,12/03/2026 13:43:00,Showroom,NV15,Đã giao
DH003629,KH0216,12/08/2025 09:10:00,Sàn Lazada,NV08,Đang xử lý
DH004384,KH0044,20/08/2024 01:35:00,Đại lý,NV17,Đã giao
DH005502,KH0281,26/06/2026 02:04:00,Ban le,NV08,Đã hủy
DH003503,KH0224,09/04/2026 05:16:00,Ban le,NV07,Đã hủy
DH004054,KH0204,15/01/2026 20:42:00,Ban le,NV30,Đã giao
DH011175,KH0447,08/03/2025 08:21:00,Đại lý,NV12,Đã giao
DH005712,KH0249,02/12/2024 03:46:00,Đại lý,NV16,Đã giao
DH006063,KH0439,09/10/2025 08:01:00,Đại lý,NV02,Đã giao
DH003811,KH0070,14/04/2025 13:12:00,Showroom,NV03,Đang xử lý
DH001150,KH0186,26/11/2024 09:57:00,Sàn Shopee,NV23,Đã giao
DH010971,KH0447,22/11/2024 12:43:00,Showroom,NV30,Đã giao
DH011411,KH0262,04/03/2026 18:48:00,Ban le,NV16,Đã giao
DH000222,,24/08/2025 01:53:00,Sàn Lazada,NV03,Đã giao
DH011959,KH0262,24/06/2026 03:01:00,Đại lý,NV28,Đã giao
DH008806,KH0391,27/08/2025 03:56:00,Ban le,NV27,Đã giao
DH008128,KH0246,13/04/2025 04:42:00,Sàn Lazada,NV28,Đã giao
DH001238,KH0179,17/08/2024 07:37:00,Bán lẻ,NV11,Đã giao
DH001625,KH0002,08/01/2026 01:40:00,Ban le,NV29,Đã giao
DH011260,KH0119,23/03/2026 14:44:00,Đại lý,NV26,Đã giao
DH011534,KH0367,28/01/2026 01:19:00,Sàn Lazada,NV14,Đã hủy
DH011248,KH0448,08/09/2025 16:12:00,Shopee,NV03,Đã giao
DH000410,KH0442,30/06/2026 04:53:00,TMĐT - Tiki,NV13,Đã giao
DH010082,KH0273,29/05/2026 14:39:00,TMĐT - Tiki,NV19,Đã giao
DH006254,KH0262,26/09/2024 01:05:00,Bán lẻ trực tiếp,NV08,Đã giao
DH004946,KH0391,19/04/2025 00:16:00,Bán lẻ trực tiếp,NV13,Đã giao
DH010075,KH0227,11/07/2025 01:12:00,Showroom,NV03,Đã giao
DH009503,KH0248,24/12/2024 05:51:00,Đại lý,NV16,Đã giao
DH003984,KH0396,09/06/2026 09:53:00,Bán lẻ,NV21,Đã giao
DH004577,KH0385,08/08/2024 23:08:00,TMĐT - Tiki,NV06,Đã giao
DH000591,KH0135,05/01/2026 03:54:00,Sàn Lazada,NV27,Đã giao
DH003315,KH0391,07/08/2025 00:31:00,Đại lý,NV30,Đã giao
DH011105,KH0447,10/12/2025 18:37:00,TMĐT - Lazada,NV09,Đã hủy
DH004225,KH0189,29/12/2025 08:02:00,Đại lý,NV04,Đã giao
DH000097,KH0366,07/11/2025 07:02:00,Sàn Shopee,NV13,Đã giao
DH011709,KH0249,01/08/2024 20:21:00,Ban le,NV02,Đã giao
DH009049,KH0074,27/06/2025 01:33:00,Showroom,NV25,Đang xử lý
DH009967,KH0224,16/01/2026 09:59:00,Đại lý,NV03,Đã giao
DH003463,KH0306,17/05/2026 23:07:00,Lazada,NV07,Đã giao
DH002172,KH0365,21/04/2025 02:19:00,Sàn Lazada,NV06,Đã giao
DH009532,KH0076,09/10/2024 22:51:00,Lazada,NV15,Đã giao
DH003398,KH0447,26/12/2024 05:58:00,Đại lý,NV30,Đã giao
DH000713,KH0446,20/12/2025 07:28:00,Shopee,NV08,Đã giao
DH001972,KH0052,28/01/2026 22:57:00,Lazada,NV10,Đã giao
DH003462,KH0111,05/06/2026 00:10:00,Showroom,NV13,Đã giao
DH007600,KH0323,07/03/2025 20:43:00,TMĐT - Tiki,NV26,Đã giao
DH011914,KH0391,04/05/2026 18:14:00,Showroom,NV25,Đã giao
DH004262,KH0160,17/02/2025 01:25:00,TMĐT - Tiki,NV21,Đã giao
DH009285,KH0071,09/10/2025 05:25:00,Đại lý,NV05,Đã giao
DH004290,KH0360,15/05/2026 11:48:00,Showroom,NV24,Đang xử lý
DH009004,KH0070,27/09/2025 08:48:00,Bán lẻ,NV16,Đang xử lý
DH004274,KH0179,15/07/2025 22:40:00,Sàn Shopee,NV27,Đã giao
DH000035,KH0035,09/11/2024 01:29:00,Bán lẻ,NV27,Đã giao
DH002282,KH0325,16/11/2024 11:21:00,Bán lẻ,NV26,Đã giao
DH005896,KH0173,30/04/2026 05:13:00,Showroom,NV16,Đã giao
DH009669,KH0166,2026-05-26 13:53:00,Sàn Lazada,NV14,Đã giao
DH007697,KH0227,24/06/2026 11:06:00,Bán lẻ,NV04,Đã giao
DH002023,KH9006,10/02/2026 04:47:00,Sàn Shopee,NV11,Đã giao
DH001087,KH0442,13/03/2025 09:25:00,TMĐT - Tiki,NV29,Đã giao
DH005036,KH0135,16/07/2026 12:32:00,TMĐT - Tiki,NV02,Đã hủy
DH011472,,02/05/2026 12:21:00,Đại lý,NV09,Đã giao
DH011970,KH0359,05/04/2026 04:43:00,Bán lẻ,NV03,Đã giao
DH007965,KH0141,18/11/2024 06:56:00,Shopee,NV02,Mới
DH009633,KH0057,01/07/2025 04:23:00,Đại lý,NV27,Mới
DH007261,KH0391,01/01/2025 21:23:00,TMĐT - Tiki,NV02,Đang xử lý
DH006383,KH0438,16/07/2026 23:41:00,TMĐT - Tiki,NV14,Đã hủy
DH001563,KH0415,20/12/2024 14:11:00,Đại lý,NV20,Đã giao
DH002434,KH0218,25/09/2025 22:51:00,Lazada,NV29,Đã giao
DH007660,KH0229,04/10/2025 12:36:00,TMĐT - Tiki,NV03,Đã giao
DH006614,KH0280,29/11/2025 13:54:00,TMĐT - Tiki,NV08,Đã giao
DH011671,KH0306,25/02/2026 17:40:00,Đại lý,NV07,Đã giao
DH008144,KH0163,13/04/2025 03:32:00,Showroom,NV20,Đã giao
DH002572,KH0213,02/09/2025 06:55:00,Showroom,NV07,Đã giao
DH010775,KH0241,18/04/2026 10:54:00,Bán lẻ,NV21,Đã giao
DH010381,KH9000,29/01/2026 09:00:00,Showroom,NV10,Đã hủy
DH003046,KH0154,04/18/2026 06:12:00,Bán lẻ,NV17,Đang xử lý
DH009137,KH0356,17/08/2024 22:22:00,Bán lẻ,NV28,Đã giao
DH004671,KH0391,2025-12-13 10:40:00,Đại lý,NV16,Đã giao
DH005631,KH0377,10/11/2025 20:14:00,TMĐT - Tiki,NV27,Đã giao
DH007939,,06/03/2026 16:44:00,Đại lý,NV21,Đã giao
DH003818,KH0171,19/08/2025 20:30:00,Shopee,NV10,Đã giao
DH011133,KH0183,23/02/2025 20:11:00,Shopee,NV16,Đang xử lý
DH005464,KH0039,27/08/2025 17:26:00,Ban le,NV23,Đã giao
DH011921,KH0409,13/05/2025 06:16:00,Bán lẻ,NV17,Đã giao
DH006382,KH0249,09/08/2024 13:07:00,Bán lẻ,NV19,Đã giao
DH011432,,15/11/2025 03:12:00,TMĐT - Tiki,NV30,Đã giao
DH003023,KH0368,23/08/2025 16:49:00,Shopee,NV17,Đã giao
DH000828,KH0229,24/10/2024 03:59:00,Lazada,NV06,Đã giao
DH010644,KH0442,29/11/2024 22:39:00,TMĐT - Tiki,NV12,Đã giao
DH010718,,05/07/2026 04:12:00,Showroom,NV29,Đã giao
DH001229,KH0173,01/07/2026 13:36:00,Bán lẻ trực tiếp,NV14,Mới
DH000245,KH0258,11/04/2026 15:46:00,Showroom,NV16,Đã giao
DH001925,KH0070,24/07/2025 13:10:00,TMĐT - Lazada,NV03,Mới
DH009119,KH0246,08/12/2025 19:04:00,Showroom,NV05,Đã giao
DH000485,KH0277,19/01/2025 17:59:00,Ban le,NV22,Đã giao
DH000373,KH0155,19/06/2026 15:45:00,Đại lý,NV15,Đã giao
DH006089,KH0449,04/10/2025 02:38:00,Showroom,NV21,Đã giao
DH000836,KH0194,25/06/2026 10:07:00,Showroom,NV25,Đã giao
DH004086,KH0402,16/11/2025 08:32:00,Đại lý,NV04,Đã giao
DH009355,KH0353,02/02/2025 20:48:00,Showroom,NV13,Đã giao
DH009929,KH0049,09/12/2025 21:01:00,Đại lý,NV12,Đã giao
DH004037,KH0377,30/06/2026 14:39:00,Showroom,NV25,Đã giao
DH011142,KH0442,01/08/2025 02:41:00,Showroom,NV01,Đang xử lý
DH008697,KH0249,10/09/2025 19:47:00,Showroom,NV21,Đang xử lý
DH007319,KH0383,05/01/2025 02:43:00,TMĐT - Tiki,NV05,Đã giao
DH001541,KH0364,30/09/2024 14:03:00,Showroom,NV30,Đã giao
DH011548,KH0314,11/11/2024 10:06:00,Showroom,NV13,Đã giao
DH011128,KH0239,14/06/2025 01:03:00,Ban le,NV02,Đã hủy
DH005803,KH0303,14/06/2025 04:51:00,Sàn Lazada,NV12,Đã giao
DH000557,KH0193,12/05/2025 17:32:00,TMĐT - Tiki,NV14,Đã giao
DH007445,KH0199,29/09/2025 21:31:00,Ban le,NV17,Đã hủy
DH001218,KH0122,27/08/2024 12:03:00,Showroom,NV26,Đã giao
DH011982,KH0081,05/12/2024 21:51:00,Lazada,NV18,Đã giao
DH007954,KH0396,08/12/2025 17:45:00,Đại lý,NV04,Đã hủy
DH008738,KH0250,31/12/2025 13:06:00,Showroom,NV23,Trả hàng
DH009151,KH0292,04/08/2024 12:22:00,Showroom,NV26,Đã giao
DH001824,KH0189,13/09/2024 16:40:00,TMĐT - Tiki,NV16,Đã giao
DH005320,KH0391,22/08/2024 15:07:00,Đại lý,NV04,Đã giao
DH007077,KH0075,29/05/2026 22:53:00,TMĐT - Tiki,NV24,Đã giao
DH007448,KH0120,28/07/2025 20:59:00,Sàn Lazada,NV17,Đã giao
DH006762,KH0228,23/10/2024 01:22:00,Đại lý,NV03,Đã giao
DH002612,KH0084,10/04/2026 09:32:00,Ban le,NV27,Đã giao
DH007070,KH0039,28/04/2025 14:03:00,Lazada,NV10,Đã giao
DH004301,KH0237,28/02/2025 08:09:00,Sàn Shopee,NV06,Đang xử lý
DH010355,KH0228,07/04/2025 22:29:00,Sàn Lazada,NV16,Đã giao
DH003407,KH0213,08/01/2025 20:49:00,Sàn Shopee,NV08,Đang xử lý
DH008584,KH0148,09/09/2025 22:20:00,Đại lý,NV26,Đã giao
DH010214,KH0271,27/04/2026 06:09:00,TMĐT - Tiki,NV28,Đã giao
DH000683,KH0220,25/04/2026 01:09:00,Shopee,NV29,Đã giao
DH009890,KH0446,20/06/2025 15:59:00,Đại lý,NV30,Đã giao
DH011033,KH0052,2026-06-29 13:54:00,TMĐT - Tiki,NV23,Đã giao
DH000234,KH0262,28/04/2026 10:45:00,Showroom,NV07,Đang xử lý
DH009427,KH0265,06/10/2025 11:58:00,TMĐT - Tiki,NV22,Đã hủy
DH006156,KH0391,25/10/2025 19:02:00,Lazada,NV27,Đã giao
DH008273,KH0402,19/03/2026 02:00:00,Sàn Shopee,NV03,Đã giao
DH010276,KH0314,04/04/2026 21:47:00,TMĐT - Tiki,NV29,Đã giao
DH008681,KH0053,26/12/2024 09:32:00,Đại lý,NV10,Đã giao
DH009940,KH0404,17/12/2024 08:39:00,Đại lý,NV10,Đã giao
DH006932,KH0079,06/09/2024 07:11:00,Đại lý,NV30,Đang xử lý
DH005278,KH0002,02/09/2025 11:29:00,Lazada,NV29,Đang xử lý
DH010074,KH0249,08/10/2025 20:50:00,Đại lý,NV09,Đã giao
DH001998,KH0306,21/09/2025 10:24:00,Showroom,NV18,Đã giao
DH010111,KH0442,21/03/2025 05:52:00,Sàn Shopee,NV03,Đã giao
DH008505,KH0139,17/07/2026 06:25:00,Đại lý,NV01,Đã giao
DH008950,KH0089,2025-07-12 20:03:00,Sàn Shopee,NV01,Đã giao
DH008576,KH0424,25/06/2026 17:58:00,Sàn Lazada,NV23,Đã giao
DH005326,KH0314,29/11/2025 23:21:00,Showroom,NV28,Đã hủy
DH005899,KH0189,11/11/2025 13:07:00,Shopee,NV03,Đã giao
DH005578,KH0384,27/09/2025 21:32:00,Showroom,NV08,Đã giao
DH008418,KH0447,04/04/2026 22:24:00,Sàn Shopee,NV26,Đã giao
DH001093,KH0051,15/09/2024 04:05:00,Showroom,NV09,Đã giao
DH010873,KH0391,11/04/2025 12:18:00,Showroom,NV05,Đã giao
DH001758,KH9013,15/09/2024 00:04:00,TMĐT - Tiki,NV21,Trả hàng
DH008585,KH0367,29/01/2025 04:29:00,Đại lý,NV13,Đã giao
DH001647,KH0140,2024-11-25 02:18:00,Ban le,NV27,Đã giao
DH005775,KH0267,21/12/2025 18:05:00,Lazada,NV19,Đã giao
DH000028,KH0262,16/03/2026 19:46:00,Bán lẻ,NV07,Đã giao
DH001542,KH0389,10/06/2026 19:40:00,Shopee,NV06,Đã giao
DH000843,KH0442,15/01/2026 19:47:00,Bán lẻ,NV26,Đã giao
DH003431,KH0285,17/11/2025 07:24:00,TMĐT - Tiki,NV01,Đang xử lý
DH002087,KH0232,11/08/2025 02:45:00,Shopee,NV11,Đã giao
DH004998,KH0391,15/08/2025 06:39:00,Ban le,NV03,Trả hàng
DH005199,KH0391,24/08/2025 14:58:00,Showroom,NV27,Đã giao
DH010984,KH0077,31/10/2025 10:02:00,TMĐT - Tiki,NV07,Đã giao
DH011883,KH0141,24/11/2025 07:50:00,Sàn Shopee,NV03,Đã giao
DH010558,KH0442,20/09/2024 10:55:00,Lazada,NV16,Đã giao
DH005229,KH0442,25/08/2025 11:46:00,Lazada,NV22,Đã giao
DH008113,KH0151,26/11/2024 00:16:00,Ban le,NV12,Đã giao
DH008167,KH0246,14/03/2025 02:55:00,Sàn Shopee,NV03,Đã giao
DH004818,KH0306,26/08/2025 12:44:00,Showroom,NV05,Đã giao
DH001680,KH0003,19/04/2025 17:48:00,TMĐT - Tiki,NV14,Đang xử lý
DH006755,KH0231,11/07/2025 21:03:00,Lazada,NV22,Đã giao
DH002657,KH0387,29/11/2025 10:33:00,TMĐT - Tiki,NV13,Đã giao
DH002797,KH0227,17/05/2026 16:15:00,Đại lý,NV06,Đang xử lý
DH003479,KH0347,09/04/2025 15:29:00,Ban le,NV25,Mới
DH006384,KH0241,15/06/2026 23:47:00,Ban le,NV08,Đã giao
DH008154,KH0035,08/07/2025 11:49:00,Ban le,NV13,Đã giao
DH003186,KH0037,22/02/2025 10:53:00,Sàn Shopee,NV14,Đã giao
DH008134,KH0447,06/01/2025 13:49:00,Đại lý,NV25,Đã giao
DH001051,KH0070,03/07/2025 14:12:00,Đại lý,NV15,Đang xử lý
DH001519,KH0379,13/02/2025 06:21:00,Shopee,NV01,Đã giao
DH010149,KH0096,30/08/2025 00:51:00,TMĐT - Tiki,NV07,Đã giao
DH004703,KH0215,09/08/2024 23:53:00,Showroom,NV04,Đã giao
DH011013,KH0246,13/10/2025 17:21:00,Showroom,NV14,Đã giao
DH010079,KH0227,30/05/2025 17:38:00,Lazada,NV15,Đã hủy
DH003210,KH0116,08/12/2024 11:06:00,Sàn Shopee,NV21,Đã giao
DH003405,KH0314,16/04/2026 01:10:00,Sàn Lazada,NV16,Đã giao
DH009649,,19/11/2025 04:02:00,TMĐT - Tiki,NV16,Đã giao
DH011750,KH0179,25/01/2025 02:54:00,Đại lý,NV14,Đã giao
DH005071,KH0412,28/05/2025 10:49:00,Bán lẻ trực tiếp,NV25,Đã giao
DH002215,KH0035,13/05/2025 11:00:00,Sàn Lazada,NV05,Đã giao
DH010880,KH0442,13/06/2025 19:33:00,TMĐT - Lazada,NV29,Đã giao
DH008379,KH0442,21/06/2026 13:01:00,TMĐT - Tiki,NV11,Đã giao
DH005271,KH0199,15/11/2025 08:31:00,Sàn Shopee,NV13,Đã giao
DH008186,KH0056,16/04/2025 16:03:00,Showroom,NV30,Đã hủy
DH001003,KH0404,26/10/2024 04:23:00,Ban le,NV12,Đã giao
DH003363,KH0043,08/04/2026 03:56:00,Ban le,NV11,Đã giao
DH000942,KH0305,10/05/2026 16:51:00,Showroom,NV22,Đã giao
DH003650,KH0248,10/10/2025 04:51:00,Showroom,NV25,Đã giao
DH008454,KH0413,14/02/2026 01:09:00,TMĐT - Tiki,NV22,Đã giao
DH000102,KH0396,06/10/2025 14:55:00,Showroom,NV27,Mới
DH001079,KH0365,03/12/2025 03:35:00,TMĐT - Tiki,NV14,Trả hàng
DH004222,KH0034,24/08/2025 19:29:00,Sàn Shopee,NV08,Đã giao
DH007150,KH0262,11/02/2026 18:22:00,Bán lẻ,NV23,Đã giao
DH9900160,KH0367,14/10/2024 05:34:00,Shopee,NV12,Đã giao
DH000199,KH0402,04/10/2025 00:29:00,Đại lý,NV09,Đã giao
DH003404,KH0272,17/04/2026 12:50:00,Bán lẻ,NV14,Đã giao
DH007024,KH0266,2025-05-05 19:30:00,Showroom,NV12,Đã giao
DH005879,KH0070,15/04/2026 16:29:00,TMĐT - Tiki,NV28,Đang xử lý
DH002424,KH0391,16/05/2025 13:30:00,Bán lẻ,NV20,Đã giao
DH001355,KH0204,09/10/2025 18:31:00,Ban le,NV16,Đã giao
DH008637,KH0127,22/10/2024 04:52:00,TMĐT - Tiki,NV23,Đã hủy
DH011893,,05/02/2025 11:32:00,Bán lẻ,NV20,Đã giao
DH002468,KH0355,06/01/2025 00:25:00,Bán lẻ,NV12,Đã giao
DH001826,KH0242,19/05/2025 22:00:00,Đại lý,NV25,Đã giao
DH005539,KH0197,13/09/2025 04:17:00,Showroom,NV20,Đã giao
DH002714,KH0130,26/03/2026 15:27:00,Showroom,NV11,Đã giao
DH007086,KH0359,28/05/2025 13:22:00,Lazada,NV22,Đã giao
DH003718,KH0028,27/11/2025 00:34:00,Showroom,NV13,Đã giao
DH003660,KH0391,16/06/2026 05:22:00,Showroom,NV19,Đang xử lý
DH006046,KH0201,25/12/2025 12:32:00,TMĐT - Tiki,NV27,Đã giao
DH011389,KH0056,19/12/2025 21:42:00,Ban le,NV03,Đã giao
DH006899,,11/10/2024 07:41:00,Ban le,NV07,Đã hủy
DH007001,KH0367,05/04/2026 13:56:00,Đại lý,NV26,Đang xử lý
DH006314,KH0391,24/04/2025 05:43:00,TMĐT - Shopee,NV16,Đang xử lý
DH005475,KH0377,21/09/2024 06:00:00,Shopee,NV19,Đã giao
DH010517,KH0049,18/04/2026 19:03:00,TMĐT - Tiki,NV21,Đang xử lý
DH009098,KH0365,06/01/2026 09:28:00,TMĐT - Tiki,NV02,Đã giao
DH009404,KH0147,19/08/2024 09:36:00,Đại lý,NV10,Đã giao
DH006455,KH0199,04/03/2026 19:46:00,Bán lẻ trực tiếp,NV19,Đã giao
DH009804,KH0063,25/10/2025 18:43:00,TMĐT - Lazada,NV13,Đã giao
DH007328,KH0227,08/02/2025 23:34:00,Showroom,NV12,Đã giao
DH002830,KH0353,12/04/2026 08:07:00,Ban le,NV24,Đã hủy
DH008784,KH0089,03/24/2026 22:07:00,Sàn Shopee,NV12,Đã giao
DH005878,KH0246,04/06/2025 22:38:00,Ban le,NV18,Đã hủy
DH010319,KH0404,06/05/2025 09:56:00,Showroom,NV23,Đã giao
DH008872,KH0163,11/07/2025 11:49:00,TMĐT - Tiki,NV12,Đã giao
DH004306,KH0227,2025-11-29 09:39:00,Sàn Shopee,NV15,Đang xử lý
DH002884,KH0246,17/09/2024 21:54:00,TMĐT - Tiki,NV12,Mới
DH001802,KH0445,18/07/2026 12:27:00,Showroom,NV27,Đã giao
DH000018,KH0140,03/12/2024 03:47:00,TMĐT - Tiki,NV21,Đã giao
DH008453,KH0306,09/08/2025 09:15:00,Bán lẻ,NV23,Đang xử lý
DH002037,KH0054,16/09/2025 23:25:00,Lazada,NV29,Đã giao
DH003748,KH0012,26/10/2025 01:23:00,Lazada,NV17,Đã giao
DH002148,KH0004,10/04/2025 18:52:00,Shopee,NV27,Đang xử lý
DH007863,KH0262,26/05/2025 05:10:00,Bán lẻ,NV29,Đã giao
DH000321,KH0385,27/05/2026 14:11:00,Đại lý,NV14,Đã giao
DH003666,KH0034,05/07/2026 10:48:00,Shopee,NV07,Đã giao
DH011309,KH0231,20/10/2025 02:07:00,Bán lẻ,NV24,Đã hủy
DH000704,,23/10/2025 09:30:00,Ban le,NV29,Đã giao
DH007343,KH0293,2024-11-02 09:37:00,Sàn Shopee,NV15,Mới
DH000380,KH0011,08/08/2025 15:40:00,Showroom,NV26,Đã giao
DH009534,KH0155,12/03/2026 07:38:00,Bán lẻ,NV14,Đã giao
DH005948,KH0183,29/05/2026 10:22:00,Showroom,NV17,Đã giao
DH001378,KH0326,01/12/2024 03:35:00,TMĐT - Tiki,NV30,Đã giao
DH011231,KH0035,09/12/2025 21:43:00,Đại lý,NV10,Đã giao
DH011494,,30/08/2024 04:06:00,TMĐT - Tiki,NV14,Đã giao
DH008324,KH0239,29/08/2024 03:39:00,Đại lý,NV13,Đã giao
DH001897,KH0116,02/07/2026 11:40:00,Sàn Shopee,NV08,Đã giao
DH007849,KH0227,06/07/2026 00:55:00,Sàn Lazada,NV25,Đã giao
DH009425,KH0391,17/04/2026 14:45:00,Lazada,NV24,Đã giao
DH002643,KH0327,10/11/2024 13:43:00,TMĐT - Tiki,NV03,Đang xử lý
DH002831,KH0140,30/07/2026 17:05:00,Ban le,NV27,Trả hàng
DH001337,KH0227,24/05/2025 18:36:00,Đại lý,NV21,Mới
DH001057,KH0248,04/07/2026 00:45:00,Sàn Shopee,NV21,Đã giao
DH011450,KH0365,08/10/2025 03:38:00,Đại lý,NV13,Đã hủy
DH007041,KH9001,23/03/2025 10:26:00,Đại lý,NV02,Đã giao
DH002685,KH0088,04/09/2025 05:05:00,Đại lý,NV22,Đã giao
DH010737,KH0089,05/11/2025 08:27:00,Ban le,NV02,Đã giao
DH009858,KH0035,19/12/2025 12:12:00,Sàn Lazada,NV13,Đã giao
DH003615,KH0258,09/12/2024 02:32:00,Shopee,NV17,Đang xử lý
DH010713,KH0273,21/06/2026 17:43:00,TMĐT - Shopee,NV30,Đã giao
DH002709,KH0046,24/03/2026 22:08:00,Shopee,NV05,Đã giao
DH001026,KH0035,06/10/2024 22:16:00,Sàn Lazada,NV22,Đã giao
DH002951,KH0311,14/06/2025 02:48:00,Ban le,NV01,Đã giao
DH010938,KH0073,04/11/2025 03:56:00,TMĐT - Tiki,NV14,Đã giao
DH003524,KH0350,03/11/2025 19:53:00,Lazada,NV30,Đang xử lý
DH002247,KH0359,11/01/2026 13:38:00,Đại lý,NV25,Đã giao
DH011106,KH0151,08/01/2025 10:36:00,Sàn Shopee,NV01,Đã giao
DH011881,KH0242,01/08/2024 23:55:00,Showroom,NV22,Đã giao
DH003908,KH0105,04/03/2026 08:35:00,Đại lý,NV26,Đã giao
DH007270,KH0238,23/11/2024 03:24:00,TMĐT - Shopee,NV15,Đã giao
DH002245,KH0113,25/05/2025 21:15:00,Sàn Lazada,NV19,Đã giao
DH004756,KH0262,19/08/2024 19:15:00,Ban le,NV12,Đã giao
DH002687,KH0323,12/10/2025 06:25:00,Sàn Shopee,NV20,Đã giao
DH010061,KH0179,22/07/2025 01:22:00,TMĐT - Tiki,NV04,Đã giao
DH009988,KH0253,01/02/2025 04:56:00,TMĐT - Tiki,NV28,Đã giao
DH008299,KH0262,18/11/2025 10:55:00,TMĐT - Tiki,NV10,Đã hủy
DH010267,KH0417,08/11/2024 06:54:00,Đại lý,NV02,Trả hàng
DH004830,KH0285,11/06/2026 10:24:00,Sàn Lazada,NV13,Đã giao
DH009060,KH0056,30/09/2024 17:50:00,Shopee,NV18,Mới
DH011408,KH0257,2025-01-04 05:13:00,Shopee,NV07,Đã giao
DH000783,KH0404,12/05/2026 04:00:00,Đại lý,NV01,Đã giao
DH001209,KH0141,26/11/2025 17:12:00,TMĐT - Shopee,NV15,Đã giao
DH005823,KH0199,2025-08-17 23:00:00,Shopee,NV13,Đã giao
DH003163,KH0391,25/06/2025 18:13:00,TMĐT - Tiki,NV27,Đã giao
DH001155,KH0298,2025-10-29 12:30:00,Sàn Shopee,NV19,Đã giao
DH005547,KH0070,17/10/2025 19:38:00,Sàn Shopee,NV16,Đang xử lý
DH000535,KH0242,12/08/2025 17:10:00,TMĐT - Tiki,NV20,Đã giao
DH004805,KH0003,10/03/2025 10:36:00,Lazada,NV30,Đã giao
DH011268,KH0201,27/05/2025 15:23:00,TMĐT - Tiki,NV18,Đã giao
DH006756,KH0179,04/06/2025 03:39:00,Showroom,NV03,Đã giao
DH000425,KH0116,30/05/2026 14:24:00,Shopee,NV07,Đã giao
DH010289,KH0262,07/09/2024 09:11:00,TMĐT - Tiki,NV28,Đã giao
DH005597,KH0447,06/11/2025 20:37:00,Sàn Shopee,NV26,Đã giao
DH009551,KH0314,02/01/2025 07:32:00,Lazada,NV09,Đã giao
DH011207,KH0388,06/03/2025 17:17:00,Showroom,NV14,Đã giao
DH005006,KH0012,30/09/2025 17:41:00,Đại lý,NV09,Đã giao
DH005219,KH0386,28/01/2026 02:39:00,Lazada,NV08,Đã giao
DH002918,KH0366,01/05/2025 13:22:00,Lazada,NV30,Đã giao
DH008922,KH0056,15/09/2024 00:58:00,Sàn Lazada,NV01,Đã giao
DH009800,KH0249,11/11/2025 19:31:00,TMĐT - Tiki,NV06,Đã giao
DH010874,KH0241,15/06/2026 03:31:00,Showroom,NV18,Đã giao
DH003300,KH0193,24/12/2025 06:27:00,Lazada,NV08,Đã hủy
DH010141,KH0299,09/06/2025 17:13:00,TMĐT - Tiki,NV23,Đã giao
DH010853,KH0108,2026-06-02 17:56:00,Shopee,NV16,Đã giao
DH000075,KH0116,30/05/2026 18:58:00,Lazada,NV27,Đã giao
DH000747,KH0017,27/10/2024 09:53:00,Sàn Lazada,NV18,Đã giao
DH011500,KH0179,18/10/2025 21:06:00,Lazada,NV09,Đã giao
DH002783,,26/07/2026 11:52:00,Sàn Shopee,NV08,Đã giao
DH000594,KH0227,29/12/2025 09:38:00,TMĐT - Tiki,NV07,Đã giao
DH002785,KH0442,30/12/2024 22:55:00,Bán lẻ,NV24,Đã giao
DH003820,KH0262,01/02/2025 23:38:00,Showroom,NV14,Đã giao
DH007300,KH0413,05/12/2025 01:40:00,Lazada,NV14,Đã giao
DH000756,KH0446,16/02/2026 22:41:00,Shopee,NV08,Đang xử lý
DH005193,KH0002,22/02/2025 18:15:00,Sàn Lazada,NV15,Đã giao
DH008548,KH0421,01/07/2026 19:52:00,Showroom,NV15,Mới
DH002704,KH0306,17/07/2025 16:48:00,Đại lý,NV05,Đã giao
DH002357,KH0442,05/02/2025 15:05:00,Showroom,NV29,Đã giao
DH000052,KH0081,22/10/2024 11:22:00,Ban le,NV20,Đã giao
DH006060,KH0390,21/08/2025 13:40:00,Lazada,NV30,Đã giao
DH007986,KH0227,03/02/2026 16:30:00,Đại lý,NV26,Trả hàng
DH007329,KH0420,27/06/2025 08:04:00,TMĐT - Tiki,NV09,Đang xử lý
DH008110,KH0158,01/06/2026 10:15:00,TMĐT - Tiki,NV10,Trả hàng
DH005203,KH0281,09/06/2026 15:10:00,Đại lý,NV09,Đã giao
DH001786,KH0070,10/04/2025 14:03:00,TMĐT - Tiki,NV09,Đã giao
DH003059,KH0070,31/05/2025 23:41:00,Đại lý,NV25,Mới
DH002275,,23/11/2024 13:15:00,Bán lẻ,NV24,Đã giao
DH009193,KH0439,29/08/2025 10:30:00,TMĐT - Tiki,NV11,Đã giao
DH9900002,KH0201,11/01/2025 03:08:00,TMĐT - Tiki,NV22,Đã giao
DH008892,KH0035,05/12/2024 05:30:00,Sàn Lazada,NV01,Đã giao
DH007937,KH0315,09/08/2024 18:44:00,Sàn Lazada,NV05,Đã giao
DH004966,KH0034,07/06/2025 17:40:00,Showroom,NV25,Trả hàng
DH007370,KH0447,30/09/2024 22:05:00,Sàn Shopee,NV06,Đang xử lý
DH005025,KH0365,24/09/2024 19:36:00,TMĐT - Shopee,NV26,Đã giao
DH008138,KH0367,11/11/2025 22:43:00,Lazada,NV04,Đã giao
DH009492,KH0276,06/11/2024 02:31:00,TMĐT - Tiki,NV13,Đã giao
DH007777,KH0262,19/10/2024 23:51:00,Đại lý,NV15,Đã giao
DH009437,KH0132,05/09/2024 04:25:00,Lazada,NV25,Đã hủy
DH005141,KH0071,06/04/2026 03:23:00,TMĐT - Tiki,NV14,Đã giao
DH000727,KH0215,12/09/2025 00:18:00,Đại lý,NV10,Đã giao
DH000920,KH0337,19/01/2025 00:20:00,Lazada,NV02,Đã giao
DH008120,KH0307,04/04/2026 07:34:00,Showroom,NV05,Đã hủy
DH011808,KH0183,02/16/2026 06:41:00,Lazada,NV30,Đã giao
DH003365,KH0070,15/01/2026 10:15:00,Showroom,NV15,Đã giao
DH010384,KH0386,28/12/2025 21:05:00,Bán lẻ,NV24,Đang xử lý
DH003483,KH0330,17/09/2025 22:53:00,Showroom,NV11,Đã giao
DH007549,KH0141,25/01/2026 03:41:00,Showroom,NV09,Đã hủy
DH007810,KH0442,06/03/2025 03:08:00,Showroom,NV10,Đã giao
DH006471,KH0442,13/07/2026 20:33:00,TMĐT - Tiki,NV08,Đang xử lý
DH001642,KH0406,28/05/2025 07:25:00,Bán lẻ,NV27,Đã giao
DH004686,KH0198,21/05/2025 18:18:00,Sàn Lazada,NV10,Đã hủy
DH001983,KH0183,16/04/2025 21:34:00,Showroom,NV14,Đã giao
DH9900031,KH0303,14/06/2025 04:51:00,Lazada,NV12,Đã giao
DH009273,KH0004,07/01/2026 18:37:00,Đại lý,NV26,Đã giao
DH006586,KH0258,11/04/2025 07:42:00,Lazada,NV13,Mới
DH010475,KH0010,22/04/2026 05:24:00,TMĐT - Tiki,NV09,Đã giao
DH009319,KH0012,24/06/2025 21:09:00,TMĐT - Lazada,NV12,Đang xử lý
DH007683,KH0397,11/01/2025 09:57:00,Sàn Lazada,NV06,Đã giao
DH011495,KH0162,16/09/2025 03:07:00,Ban le,NV22,Đã giao
DH005830,KH0374,2024-11-21 02:25:00,Sàn Lazada,NV10,Đã giao
DH011742,KH0409,14/02/2025 07:33:00,Đại lý,NV16,Đã giao
DH005479,KH0281,04/11/2025 04:59:00,Lazada,NV14,Đã giao
DH006447,KH0389,22/01/2025 22:29:00,Đại lý,NV12,Đã giao
DH003308,KH0257,25/03/2026 03:59:00,TMĐT - Tiki,NV15,Đã giao
DH008275,KH0147,28/01/2026 18:30:00,TMĐT - Tiki,NV03,Mới
DH007528,KH0141,25/10/2024 19:18:00,TMĐT - Tiki,NV20,Mới
DH003969,KH0362,04/20/2025 13:49:00,TMĐT - Tiki,NV25,Đã giao
DH007715,KH0128,07/11/2025 09:56:00,Đại lý,NV03,Đã giao
DH005501,KH0034,30/12/2025 19:51:00,TMĐT - Tiki,NV18,Đã giao
DH001594,KH0222,13/03/2026 05:52:00,Shopee,NV23,Đã giao
DH009826,KH0071,30/12/2025 10:14:00,Bán lẻ trực tiếp,NV07,Trả hàng
DH007826,KH0447,06/07/2026 19:20:00,Showroom,NV06,Đã giao
DH005107,KH0281,27/03/2026 10:33:00,TMĐT - Tiki,NV21,Đã giao
DH004638,KH0192,16/02/2026 12:24:00,Ban le,NV30,Đã giao
DH002684,KH0246,04/05/2026 04:18:00,Showroom,NV06,Đã giao
DH001394,KH0227,09/07/2025 20:05:00,TMĐT - Tiki,NV02,Đã hủy
DH004046,KH0155,27/06/2026 13:56:00,Ban le,NV08,Đang xử lý
DH000979,KH0374,20/08/2025 09:55:00,TMĐT - Shopee,NV05,Đã giao
DH002721,KH0155,06/11/2024 06:46:00,Sàn Lazada,NV11,Đã giao
DH007752,KH0127,01/02/2026 04:21:00,Bán lẻ trực tiếp,NV12,Đã giao
DH007340,,30/12/2024 04:05:00,Đại lý,NV30,Đã hủy
DH9900035,KH0074,02/07/2025 08:56:00,Shopee,NV03,Đã giao
DH008639,KH0071,13/06/2026 14:00:00,Bán lẻ,NV27,Đã giao
DH006973,KH0220,29/08/2025 07:18:00,TMĐT - Tiki,NV26,Đã giao
DH000077,KH0187,18/10/2024 17:46:00,Sàn Shopee,NV23,Mới
DH010427,KH0325,24/06/2025 02:56:00,TMĐT - Tiki,NV03,Đã giao
DH005791,KH0135,06/11/2024 09:32:00,Showroom,NV23,Đã giao
DH001697,KH0056,01/07/2026 18:50:00,Đại lý,NV28,Đã giao
DH001285,KH0448,03/07/2026 08:23:00,TMĐT - Tiki,NV06,Đã giao
DH007455,KH0140,14/10/2025 12:43:00,Sàn Lazada,NV06,Đã giao
DH004373,KH0089,23/12/2024 15:08:00,TMĐT - Tiki,NV30,Đã giao
DH004882,KH0187,02/10/2024 11:13:00,Lazada,NV18,Đã giao
DH011768,KH0155,25/10/2025 19:24:00,Showroom,NV12,Mới
DH004034,KH0267,25/09/2025 03:34:00,Showroom,NV12,Đang xử lý
DH002180,KH0177,28/05/2025 00:27:00,Bán lẻ,NV03,Đang xử lý
DH008202,KH0064,29/09/2025 10:03:00,Showroom,NV29,Đã hủy
DH005376,KH0365,02/12/2025 18:05:00,Đại lý,NV06,Đã giao
DH010386,KH0163,21/04/2025 13:44:00,Showroom,NV20,Đã giao
DH001391,KH0035,08/01/2026 12:21:00,Shopee,NV08,Đã giao
DH007236,KH0447,26/06/2025 17:28:00,TMĐT - Tiki,NV15,Đã giao
DH001872,KH0367,30/10/2025 09:38:00,Đại lý,NV03,Đã giao
DH008126,KH0198,28/01/2026 19:03:00,Shopee,NV30,Đã hủy
DH000013,KH0075,20/05/2025 14:39:00,Sàn Lazada,NV20,Đã giao
DH007171,KH0262,01/07/2026 12:18:00,Sàn Shopee,NV10,Đã giao
DH011538,KH0262,12/09/2025 23:18:00,Bán lẻ,NV14,Đã giao
DH004901,KH0447,13/06/2026 00:02:00,Sàn Shopee,NV01,Đã giao
DH011341,KH0442,25/06/2025 00:22:00,Ban le,NV21,Đã giao
DH006319,KH0070,16/06/2025 04:31:00,Sàn Lazada,NV27,Đã giao
DH005986,KH0204,25/11/2025 14:05:00,Showroom,NV24,Đã giao
DH001251,KH0323,07/12/2024 05:38:00,TMĐT - Tiki,NV28,Đã giao
DH004324,KH0304,09/10/2024 22:50:00,Sàn Shopee,NV11,Đang xử lý
DH006076,KH0447,19/05/2026 22:59:00,Lazada,NV23,Đã hủy
DH003136,,17/10/2024 08:20:00,Showroom,NV26,Đã giao
DH006871,KH0089,26/06/2026 12:15:00,Showroom,NV06,Đã giao
DH004049,KH0218,27/02/2025 12:01:00,TMĐT - Tiki,NV17,Mới
DH000548,KH0314,15/11/2025 13:15:00,TMĐT - Shopee,NV30,Đã giao
DH009489,KH0414,13/07/2025 03:00:00,Showroom,NV25,Đang xử lý
DH011589,KH0250,10/06/2026 00:45:00,TMĐT - Tiki,NV13,Đã giao
DH002850,KH0105,23/10/2025 12:25:00,Lazada,NV28,Đã giao
DH011583,KH0368,03/05/2025 06:13:00,Sàn Shopee,NV27,Đã giao
DH004488,KH0365,27/10/2025 06:05:00,TMĐT - Tiki,NV19,Đã hủy
DH004138,KH0442,22/06/2026 02:47:00,TMĐT - Tiki,NV19,Đã giao
DH002161,KH0241,05/06/2025 04:24:00,Sàn Lazada,NV12,Đã giao
DH002985,KH0012,16/12/2025 05:52:00,TMĐT - Lazada,NV07,Đang xử lý
DH9900116,KH0391,01/06/2026 11:57:00,Ban le,NV19,Đã giao
DH005724,KH0322,03/06/2025 04:26:00,Bán lẻ,NV13,Đã giao
DH010333,KH0265,04/01/2025 10:30:00,Bán lẻ,NV24,Đã giao
DH006252,KH0028,17/09/2024 22:21:00,Showroom,NV20,Đã giao
DH003970,KH0391,24/03/2026 08:14:00,Ban le,NV19,Đang xử lý
DH011983,KH0140,21/12/2024 20:59:00,Ban le,NV24,Đã giao
DH005693,,23/04/2025 23:00:00,TMĐT - Tiki,NV23,Mới
DH003601,KH0304,10/04/2025 08:44:00,Ban le,NV17,Đã giao
DH007331,KH0338,06/12/2025 04:36:00,Sàn Lazada,NV22,Mới
DH009304,KH0034,25/07/2026 08:42:00,Showroom,NV03,Mới
DH003302,KH0257,29/08/2024 19:20:00,Lazada,NV30,Đã giao
DH005243,KH0328,23/10/2025 03:45:00,Showroom,NV30,Đã giao
DH004993,KH0391,30/07/2026 03:29:00,Sàn Lazada,NV11,Đã giao
DH006653,KH0241,03/05/2025 09:38:00,TMĐT - Tiki,NV30,Đã giao
DH009079,KH0013,27/10/2024 23:34:00,Sàn Lazada,NV27,Đã giao
DH005452,KH0053,08/07/2026 10:53:00,TMĐT - Tiki,NV21,Đã giao
DH010481,KH0012,03/01/2026 00:08:00,Showroom,NV11,Đã giao
DH006914,KH9011,03/08/2025 23:38:00,Sàn Shopee,NV14,Đã giao
DH005820,KH0332,04/06/2025 12:16:00,TMĐT - Tiki,NV24,Đang xử lý
DH011667,KH0089,11/01/2025 00:28:00,Showroom,NV07,Đã giao
DH006027,KH0306,30/04/2026 06:00:00,Showroom,NV06,Đã hủy
DH010063,,17/07/2025 15:39:00,TMĐT - Tiki,NV11,Đã giao
DH001507,KH0140,09/03/2025 21:35:00,Đại lý,NV04,Đã giao
DH002916,KH0155,10/02/2025 18:07:00,Ban le,NV18,Đã giao
DH008420,KH0274,01/11/2025 04:34:00,TMĐT - Tiki,NV21,Đã giao
DH009606,KH0241,29/09/2025 15:51:00,TMĐT - Lazada,NV30,Mới
DH010461,KH0368,14/03/2026 06:38:00,Sàn Lazada,NV30,Đã giao
DH007746,KH0026,06/12/2024 14:48:00,Đại lý,NV28,Đang xử lý
DH000981,KH0013,12/06/2025 21:42:00,TMĐT - Tiki,NV12,Đã giao
DH011950,KH0283,10/06/2025 10:56:00,Showroom,NV25,Đã giao
DH011086,KH0246,07/11/2024 13:59:00,Ban le,NV21,Đã giao
DH005799,KH0439,03/04/2025 11:46:00,Shopee,NV01,Đã giao
DH010643,KH0229,14/10/2024 12:11:00,Đại lý,NV29,Đã giao
DH000170,,04/01/2025 13:11:00,Showroom,NV21,Đã giao
DH007413,KH0106,13/01/2025 12:19:00,Sàn Shopee,NV27,Đã giao
DH003706,KH0241,22/12/2024 02:09:00,Ban le,NV17,Đã giao
DH007942,KH0421,08/08/2025 13:27:00,Đại lý,NV26,Đã giao
DH001103,KH0413,06/01/2026 10:47:00,Shopee,NV26,Đã giao
DH007755,KH0062,01/06/2026 07:01:00,TMĐT - Tiki,NV07,Đã giao
DH011974,KH0447,21/10/2025 12:53:00,Shopee,NV11,Mới
DH002659,,04/07/2026 22:51:00,Sàn Lazada,NV24,Đã giao
DH011478,KH0008,18/09/2024 14:10:00,Sàn Lazada,NV15,Đã giao
DH006850,KH0034,12/11/2025 09:41:00,Lazada,NV01,Đã giao
DH003913,KH0374,09/11/2025 23:11:00,Sàn Lazada,NV22,Đã giao
DH003266,KH0257,30/08/2024 15:47:00,Showroom,NV08,Đã giao
DH000016,KH0262,22/06/2026 11:09:00,Đại lý,NV18,Đã giao
DH007894,KH0409,27/02/2026 20:05:00,TMĐT - Tiki,NV25,Đã giao
DH003497,KH0119,24/07/2025 09:23:00,TMĐT - Lazada,NV07,Đã giao
DH001074,KH0003,16/11/2025 04:55:00,Shopee,NV09,Đã giao
DH011162,KH0386,09/24/2024 20:18:00,Sàn Lazada,NV03,Đã giao
DH004016,KH0192,29/01/2025 06:11:00,Shopee,NV23,Đã giao
DH005981,KH0046,26/03/2025 12:55:00,Đại lý,NV01,Đang xử lý
DH008237,KH0293,03/01/2026 14:00:00,TMĐT - Tiki,NV13,Đã giao
DH008025,KH0248,15/12/2025 08:40:00,Bán lẻ,NV11,Đã giao
DH011772,KH0275,31/08/2024 04:12:00,Showroom,NV18,Mới
DH005428,KH0397,17/06/2026 19:31:00,Showroom,NV19,Mới
DH007631,KH0379,08/03/2026 15:12:00,Sàn Lazada,NV20,Đã giao
DH007219,KH0155,26/09/2025 07:19:00,TMĐT - Tiki,NV11,Đã giao
DH006727,KH0070,10/01/2026 08:01:00,TMĐT - Tiki,NV25,Đã giao
DH001852,KH0065,07/06/2026 01:40:00,TMĐT - Tiki,NV02,Đã giao
DH003414,KH0359,17/07/2026 23:45:00,Sàn Shopee,NV11,Đã giao
DH003490,KH0262,04/12/2024 01:39:00,TMĐT - Tiki,NV24,Đang xử lý
DH006687,KH0447,09/01/2026 14:32:00,TMĐT - Tiki,NV17,Đã giao
DH009284,KH9000,14/05/2026 09:39:00,Showroom,NV20,Trả hàng
DH006083,,02/05/2025 10:22:00,Lazada,NV30,Đã giao
DH005973,KH0242,23/07/2025 02:51:00,Lazada,NV24,Đã giao
DH001500,KH0155,05/04/2025 23:04:00,Đại lý,NV25,Đã giao
DH011656,KH9002,08/05/2026 07:16:00,Đại lý,NV22,Đã giao
DH008764,KH0141,25/04/2025 12:35:00,Showroom,NV19,Đã giao
DH003314,KH9014,18/11/2025 17:51:00,Shopee,NV25,Đã giao
DH008102,KH0135,10/10/2024 01:24:00,TMĐT - Tiki,NV12,Đã giao
DH004347,KH0020,22/03/2025 11:04:00,Sàn Shopee,NV10,Đã giao
DH004020,KH0447,09/07/2025 08:38:00,Lazada,NV30,Đã giao
DH003849,KH9010,02/12/2025 11:25:00,Bán lẻ,NV07,Đã giao
DH007317,KH0377,29/06/2025 18:06:00,Đại lý,NV24,Trả hàng
DH007814,KH0438,23/07/2025 11:44:00,TMĐT - Tiki,NV27,Đã hủy
DH007551,KH0406,01/01/2025 21:04:00,Ban le,NV27,Đã giao
DH008329,KH0053,09/06/2025 01:23:00,Bán lẻ,NV25,Đã giao
DH007932,KH0332,28/03/2025 22:55:00,TMĐT - Tiki,NV24,Đã giao
DH005297,KH0420,04/03/2026 14:48:00,Sàn Shopee,NV13,Đã giao
DH008853,KH0442,18/12/2024 16:53:00,TMĐT - Shopee,NV08,Đã giao
DH010813,KH0262,01/10/2025 12:12:00,Lazada,NV01,Đã giao
DH008927,KH0243,02/04/2026 09:37:00,TMĐT - Lazada,NV01,Đã giao
DH001673,KH0042,13/11/2024 12:52:00,Đại lý,NV28,Đã hủy
DH008669,KH0151,26/09/2024 05:01:00,Shopee,NV16,Đã giao
DH009050,KH0337,28/08/2025 14:31:00,Showroom,NV07,Đã giao
DH008646,KH0051,15/01/2026 13:54:00,Showroom,NV14,Đã giao
DH004771,KH0228,01/08/2025 10:22:00,Showroom,NV16,Đã giao
DH011096,KH0288,23/12/2025 16:00:00,Bán lẻ,NV11,Trả hàng
DH010226,KH0070,07/01/2025 01:44:00,TMĐT - Tiki,NV03,Mới
DH008501,KH0136,19/06/2026 04:05:00,Đại lý,NV28,Đã giao
DH009880,KH0070,11/05/2025 16:50:00,Bán lẻ trực tiếp,NV04,Mới
DH006096,KH9003,13/02/2026 03:12:00,Sàn Lazada,NV28,Đã hủy
DH005327,KH0246,21/01/2026 21:20:00,Showroom,NV17,Đã giao
DH007679,KH0231,01/06/2026 18:28:00,Showroom,NV05,Đã giao
DH001942,KH0002,09/03/2026 00:42:00,TMĐT - Tiki,NV27,Mới
DH004688,KH0447,2024-12-21 09:13:00,Đại lý,NV07,Đang xử lý
DH007981,KH0093,05/10/2025 03:43:00,TMĐT - Tiki,NV28,Đã giao
DH009372,KH0070,03/11/2025 04:14:00,Showroom,NV08,Đã giao
DH006171,KH0423,28/06/2026 23:39:00,Showroom,NV13,Đã giao
DH009123,KH0008,07/01/2025 17:39:00,Ban le,NV06,Đang xử lý
DH000044,KH0199,20/09/2025 17:05:00,Sàn Shopee,NV30,Đã giao
DH008731,KH0315,01/08/2025 15:59:00,TMĐT - Tiki,NV24,Đã giao
DH004627,,04/11/2026 05:03:00,TMĐT - Tiki,NV29,Đã giao
DH004755,KH0225,30/04/2025 07:45:00,TMĐT - Tiki,NV24,Đã giao
DH008961,KH0070,19/03/2026 11:01:00,TMĐT - Tiki,NV02,Mới
DH004492,KH0018,04/11/2025 07:02:00,Sàn Lazada,NV13,Đã hủy
DH001504,KH0398,09/03/2026 06:54:00,Đại lý,NV12,Đã giao
DH006741,KH0208,09/09/2025 13:33:00,Bán lẻ trực tiếp,NV13,Đã giao
DH010064,KH0274,20/12/2024 21:56:00,Showroom,NV16,Đã hủy
DH011785,KH0143,17/09/2025 19:57:00,TMĐT - Tiki,NV12,Đã giao
DH007129,KH0117,25/04/2026 10:06:00,Showroom,NV26,Đang xử lý
DH000108,KH0339,11/06/2026 12:39:00,Sàn Lazada,NV26,Đã giao
DH004553,KH0074,17/06/2026 06:15:00,Shopee,NV15,Đã giao
DH000122,KH0262,06/12/2024 13:18:00,Showroom,NV15,Đã giao
DH008097,,20/06/2026 19:02:00,Bán lẻ,NV06,Trả hàng
DH009246,KH0442,17/06/2025 20:32:00,Bán lẻ,NV10,Đã giao
DH002140,KH0337,21/07/2026 02:23:00,TMĐT - Tiki,NV02,Đã giao
DH004136,KH0257,05/07/2026 07:32:00,TMĐT - Shopee,NV23,Đã giao
DH003156,KH0044,02/01/2025 07:13:00,Shopee,NV19,Đã giao
DH003701,KH0096,26/10/2025 14:32:00,Ban le,NV28,Đã giao
DH004737,KH0446,16/02/2025 00:19:00,Showroom,NV18,Đã giao
DH000539,KH0138,13/11/2024 05:01:00,TMĐT - Tiki,NV01,Đã giao
DH002603,KH0341,15/04/2025 20:37:00,Sàn Shopee,NV23,Trả hàng
DH000803,KH0409,23/01/2025 07:19:00,Bán lẻ,NV15,Đã giao
DH006387,KH0387,08/12/2025 00:36:00,TMĐT - Tiki,NV19,Đã giao
DH001689,KH0250,28/04/2026 04:19:00,Ban le,NV21,Đã giao
DH011623,KH0447,10/10/2025 10:05:00,Sàn Shopee,NV02,Đang xử lý
DH004091,KH0241,10/09/2024 02:27:00,Sàn Shopee,NV08,Đã giao
DH008412,KH0232,23/02/2026 20:43:00,Đại lý,NV22,Đã hủy
DH000395,KH0204,02/04/2025 21:18:00,Ban le,NV16,Đã giao
DH011382,KH0155,02/02/2025 17:47:00,Lazada,NV04,Đã giao
DH003077,KH0306,03/11/2025 17:36:00,Sàn Lazada,NV02,Đang xử lý
DH007130,KH0135,02/03/2025 15:40:00,Lazada,NV20,Đã giao
DH010641,KH0053,09/09/2024 00:58:00,TMĐT - Tiki,NV02,Đã giao
DH011513,KH0257,20/06/2025 13:13:00,Showroom,NV18,Đã giao
DH000709,KH0177,23/11/2025 03:46:00,Ban le,NV10,Đã giao
DH008053,KH0113,04/06/2026 01:10:00,TMĐT - Tiki,NV25,Đang xử lý
DH002265,KH0327,05/09/2024 13:01:00,Đại lý,NV25,Đang xử lý
DH007567,KH0325,2024-10-11 13:17:00,Ban le,NV25,Đang xử lý
DH009948,,12/11/2024 03:42:00,Lazada,NV21,Đã giao
DH011276,KH0391,21/01/2026 14:25:00,Đại lý,NV20,Đã giao
DH010513,KH0384,26/11/2024 22:32:00,Đại lý,NV15,Đã giao
DH009223,KH0391,19/07/2026 03:00:00,Ban le,NV21,Đã giao
DH001590,KH0218,15/10/2024 19:13:00,Showroom,NV27,Đã giao
DH005207,KH0403,07/01/2025 01:24:00,Ban le,NV24,Đã giao
DH010925,KH0406,05/08/2025 16:23:00,TMĐT - Tiki,NV30,Đã giao
DH009373,KH0113,15/12/2025 11:15:00,TMĐT - Tiki,NV04,Đã giao
DH008825,KH0302,08/01/2026 23:24:00,Showroom,NV26,Đang xử lý
DH006592,,27/07/2026 19:52:00,TMĐT - Tiki,NV11,Đã giao
DH008038,KH0246,17/06/2025 06:51:00,TMĐT - Tiki,NV12,Đã giao
DH009244,KH0273,25/09/2024 02:39:00,Đại lý,NV14,Đã hủy
DH004926,KH0241,15/12/2025 11:49:00,Bán lẻ trực tiếp,NV30,Đã giao
DH011503,KH0017,21/05/2025 21:54:00,Showroom,NV17,Trả hàng
DH005998,KH0359,25/07/2026 04:49:00,Sàn Shopee,NV15,Đã giao
DH009475,KH0281,22/07/2026 11:15:00,Ban le,NV05,Đã giao
DH008010,KH0070,13/09/2024 12:23:00,Showroom,NV18,Đã giao
DH002438,KH0002,01/05/2025 11:35:00,TMĐT - Tiki,NV24,Đã giao
DH005996,KH0365,29/09/2025 06:06:00,Shopee,NV10,Đã hủy
DH006473,KH0368,01/12/2025 18:42:00,Đại lý,NV14,Đã giao
DH007808,KH0305,15/10/2025 18:49:00,Sàn Shopee,NV21,Đã giao
DH004554,KH0171,07/10/2025 22:12:00,TMĐT - Tiki,NV12,Đang xử lý
DH000334,KH0351,07/04/2025 21:56:00,Bán lẻ,NV16,Trả hàng
DH009370,KH0051,12/10/2025 06:26:00,Bán lẻ,NV06,Mới
DH011578,KH0051,20/01/2026 05:44:00,Đại lý,NV02,Đã giao
DH005143,KH0391,28/09/2024 02:17:00,TMĐT - Tiki,NV26,Đã giao
DH004459,KH0161,29/05/2025 07:42:00,TMĐT - Tiki,NV23,Đã giao
DH009889,KH0151,2025-06-25 16:37:00,TMĐT - Tiki,NV14,Đã giao
DH006120,KH0257,19/06/2025 17:21:00,TMĐT - Tiki,NV19,Đã hủy
DH003189,KH0198,01/08/2024 14:02:00,TMĐT - Tiki,NV28,Đã giao
DH000852,KH0439,17/01/2025 21:43:00,Đại lý,NV24,Đã giao
DH002955,KH0122,20/07/2025 17:57:00,Ban le,NV08,Đã giao
DH011016,KH0229,22/01/2025 04:18:00,Bán lẻ,NV10,Đã giao
DH011730,KH0116,23/05/2026 17:37:00,Đại lý,NV05,Đã giao
DH008624,KH0262,21/12/2024 09:24:00,Đại lý,NV06,Đã giao
DH009958,KH0249,17/03/2025 08:06:00,Showroom,NV24,Đã giao
DH011069,KH0332,24/05/2025 07:00:00,Đại lý,NV22,Đang xử lý
DH005619,KH0446,16/03/2026 15:17:00,Đại lý,NV26,Đã giao
DH003665,KH0186,08/11/2025 03:24:00,Showroom,NV03,Đang xử lý
DH008794,KH0242,08/09/2025 01:09:00,Đại lý,NV17,Đã giao
DH010447,KH0436,28/08/2025 00:08:00,Đại lý,NV01,Đã giao
DH001650,,15/10/2024 16:39:00,Sàn Shopee,NV15,Đã giao
DH005722,KH0200,29/06/2026 13:06:00,Showroom,NV26,Đã giao
DH003687,KH0113,09/09/2024 13:11:00,Showroom,NV15,Đã giao
DH010859,KH0262,10/03/2025 01:17:00,TMĐT - Tiki,NV06,Đã giao
DH009024,KH0396,08/04/2025 03:30:00,Sàn Shopee,NV04,Đã giao
DH006659,KH0089,26/09/2024 05:38:00,Showroom,NV25,Đã giao
DH009670,KH0400,05/04/2026 09:34:00,TMĐT - Tiki,NV07,Đã hủy
DH006748,KH0082,30/05/2026 07:44:00,Bán lẻ trực tiếp,NV10,Đã giao
DH006299,KH0306,04/08/2025 02:51:00,Sàn Shopee,NV04,Đang xử lý
DH006631,KH0060,29/01/2026 04:57:00,Đại lý,NV12,Đang xử lý
DH002546,KH0054,17/09/2025 14:16:00,TMĐT - Shopee,NV15,Đã giao
DH007088,KH0409,09/08/2025 15:49:00,TMĐT - Tiki,NV26,Đã giao
DH004925,KH0177,19/01/2026 12:23:00,Đại lý,NV11,Trả hàng
DH010615,KH0409,26/05/2026 00:34:00,TMĐT - Shopee,NV01,Đã giao
DH006185,KH0010,03/05/2025 19:04:00,TMĐT - Tiki,NV18,Đã giao
DH002642,KH0306,09/12/2025 21:16:00,Đại lý,NV25,Mới
DH002136,KH0447,20/09/2025 07:04:00,Bán lẻ,NV29,Đã hủy
DH000181,KH0035,16/12/2024 04:07:00,Sàn Lazada,NV29,Đã hủy
DH001857,KH0105,24/05/2025 14:19:00,Đại lý,NV22,Đã hủy
DH009366,KH0162,01/12/2025 23:47:00,Bán lẻ,NV29,Đã giao
DH000928,KH0040,12/01/2025 13:12:00,Lazada,NV20,Đã giao
DH002271,KH0135,16/07/2025 01:32:00,Ban le,NV21,Đã giao
DH007964,KH0199,08/10/2025 05:54:00,Đại lý,NV04,Đã giao
DH010662,,31/12/2025 11:00:00,Showroom,NV23,Đang xử lý
DH001777,KH0129,05/09/2026 04:28:00,Đại lý,NV25,Đã giao
DH005423,KH0158,23/11/2024 05:00:00,Sàn Lazada,NV03,Đã giao
DH006743,,08/08/2025 10:39:00,Showroom,NV05,Đã giao
DH008995,KH0150,07/09/2024 07:12:00,Sàn Shopee,NV02,Đã giao
DH010901,KH0140,05/01/2025 17:23:00,Showroom,NV12,Đã giao
DH008188,KH0035,28/07/2025 03:22:00,TMĐT - Tiki,NV30,Đã giao
DH007335,KH0262,13/07/2025 17:56:00,Đại lý,NV26,Đã hủy
DH001738,KH0111,23/10/2025 22:50:00,Sàn Lazada,NV28,Đã giao
DH004061,KH0055,31/10/2025 01:49:00,Sàn Shopee,NV13,Đã giao
DH010627,KH0227,10/11/2025 18:59:00,Đại lý,NV03,Đã hủy
DH005481,KH0262,06/12/2025 21:18:00,TMĐT - Tiki,NV21,Đã giao
DH009952,KH0141,24/06/2026 05:12:00,TMĐT - Tiki,NV11,Đã giao
DH004909,KH0421,22/09/2024 08:55:00,Lazada,NV06,Đang xử lý
DH005694,KH0232,30/10/2024 15:52:00,Sàn Shopee,NV03,Đã giao
DH007943,KH0447,05/14/2026 00:47:00,Bán lẻ,NV08,Đã giao
DH004551,KH0142,11/08/2024 10:42:00,Showroom,NV02,Đang xử lý
DH007774,KH0201,23/11/2025 04:02:00,Đại lý,NV02,Đã giao
DH011095,KH0215,15/01/2025 16:53:00,Showroom,NV05,Đang xử lý
DH010962,KH0421,13/11/2024 12:49:00,Lazada,NV15,Đã giao
DH011879,KH0297,07/06/2026 10:38:00,TMĐT - Tiki,NV29,Đã giao
DH006925,KH0054,30/03/2025 05:56:00,Bán lẻ trực tiếp,NV12,Đã giao
DH009730,KH0242,05/11/2025 10:15:00,Lazada,NV26,Đã giao
DH006355,KH0272,17/03/2025 21:47:00,Showroom,NV15,Đã giao
DH000275,KH0103,01/01/2025 15:57:00,TMĐT - Tiki,NV11,Đã giao
DH005921,KH0227,25/11/2024 13:12:00,Lazada,NV23,Đã giao
DH006651,KH0122,03/07/2025 05:53:00,Showroom,NV20,Đã giao
DH000134,KH0273,09/09/2024 10:44:00,Showroom,NV06,Trả hàng
DH007272,KH0296,23/09/2025 01:48:00,Đại lý,NV15,Trả hàng
DH003190,KH0391,31/07/2025 11:30:00,Đại lý,NV14,Đang xử lý
DH006313,KH0440,21/11/2024 13:35:00,TMĐT - Tiki,NV18,Đã giao
DH009704,KH0229,10/04/2026 22:25:00,Lazada,NV19,Đã giao
DH011192,KH0008,15/12/2025 15:23:00,TMĐT - Tiki,NV29,Mới
DH005570,KH0413,06/02/2025 18:35:00,TMĐT - Tiki,NV04,Đang xử lý
DH005198,KH0116,01/02/2025 15:27:00,TMĐT - Tiki,NV17,Đã giao
DH9900155,KH0241,28/07/2026 05:38:00,Showroom,NV19,Đã giao
DH000263,KH0447,15/08/2025 21:07:00,TMĐT - Tiki,NV26,Đã giao
DH008310,KH0155,2025-01-13 21:39:00,Bán lẻ,NV10,Đã giao
DH007415,KH0314,04/10/2024 07:00:00,Showroom,NV07,Đã giao
DH005813,KH0280,28/04/2026 19:35:00,Sàn Shopee,NV16,Đã giao
DH002090,KH0035,13/08/2024 17:52:00,Lazada,NV01,Đã giao
DH006030,KH0141,27/01/2026 21:56:00,Đại lý,NV15,Đã giao
DH000676,KH0209,06/11/2025 15:37:00,Sàn Shopee,NV22,Đã giao
DH001206,KH0255,16/09/2024 20:09:00,Showroom,NV09,Đã giao
DH007104,KH0155,25/07/2026 07:21:00,TMĐT - Tiki,NV17,Đã giao
DH003290,KH0017,11/09/2024 14:11:00,Đại lý,NV28,Đã giao
DH011343,KH0412,22/08/2024 14:31:00,TMĐT - Tiki,NV17,Đã giao
DH002495,KH0034,09/02/2025 02:36:00,Bán lẻ,NV16,Đã giao
DH011737,KH0023,28/07/2026 22:31:00,Ban le,NV02,Đã giao
DH007121,KH0257,09/10/2024 22:03:00,Sàn Shopee,NV21,Đã giao
DH002959,KH0383,15/05/2026 16:29:00,Lazada,NV17,Mới
DH007847,KH0442,11/02/2025 00:17:00,Lazada,NV22,Đã giao
DH010231,KH0248,10/10/2024 06:37:00,Showroom,NV24,Trả hàng
DH004444,KH0325,13/05/2026 06:22:00,Shopee,NV11,Đang xử lý
DH000742,KH0053,09/12/2024 13:11:00,Shopee,NV15,Đã giao
DH002163,KH0054,02/02/2026 23:40:00,Sàn Lazada,NV20,Đã giao
DH003962,KH0154,30/10/2025 19:13:00,Lazada,NV26,Đã giao
DH006975,KH0071,11/12/2025 03:25:00,Showroom,NV17,Mới
DH003875,KH0196,16/11/2025 22:28:00,Ban le,NV16,Đang xử lý
DH007859,KH0314,20/06/2026 23:20:00,Ban le,NV08,Mới
DH010076,KH0262,13/05/2025 17:28:00,Đại lý,NV23,Đã giao
DH007334,KH0429,17/11/2025 01:23:00,Bán lẻ trực tiếp,NV19,Đã giao
DH002500,KH0199,12/01/2026 09:25:00,Sàn Shopee,NV23,Đã giao
DH011558,KH0044,02/12/2025 03:44:00,Ban le,NV07,Đã giao
DH006172,,17/06/2026 17:40:00,Đại lý,NV17,Đang xử lý
DH001212,KH0406,14/07/2025 00:07:00,Lazada,NV18,Đã giao
DH007262,KH0367,19/01/2026 03:27:00,Showroom,NV18,Đã giao
DH003598,KH0034,11/10/2025 13:14:00,Showroom,NV24,Đã giao
DH002200,KH0170,30/05/2025 21:15:00,Showroom,NV23,Đã giao
DH000703,KH0397,17/08/2024 10:41:00,Đại lý,NV27,Đã giao
DH010115,KH9005,03/02/2025 17:22:00,Showroom,NV07,Đã giao
DH005444,KH0257,02/08/2025 14:46:00,Showroom,NV25,Đang xử lý
DH005531,KH0325,11/05/2026 03:39:00,TMĐT - Tiki,NV30,Đã hủy
DH006553,KH0063,01/01/2026 18:27:00,Sàn Lazada,NV27,Đã hủy
DH011073,KH0151,10/02/2025 04:06:00,TMĐT - Tiki,NV07,Đã hủy
DH005620,KH0227,14/11/2024 01:16:00,Bán lẻ,NV20,Đã giao
DH009478,KH0248,04/10/2025 16:27:00,Đại lý,NV10,Đã giao
DH007889,KH0367,08/10/2024 20:34:00,Shopee,NV27,Đang xử lý
DH008211,KH0262,11/02/2025 05:06:00,Sàn Shopee,NV29,Đã giao
DH010704,KH0217,05/12/2025 00:50:00,TMĐT - Tiki,NV01,Đã giao
DH000888,KH0199,18/01/2026 21:55:00,Sàn Shopee,NV10,Đã giao
DH9900154,KH0009,31/01/2025 17:29:00,Shopee,NV18,Đã giao
DH010894,KH0215,2026-05-28 01:46:00,Lazada,NV16,Trả hàng
DH006369,KH0252,19/06/2026 18:58:00,TMĐT - Tiki,NV13,Đã giao
DH010005,KH9009,20/05/2025 21:02:00,Lazada,NV25,Đã giao
DH006442,KH0428,03/05/2025 19:07:00,TMĐT - Tiki,NV14,Đã giao
DH001492,KH0279,20/10/2024 06:00:00,Sàn Lazada,NV21,Đã giao
DH009762,KH0044,08/10/2025 07:13:00,TMĐT - Tiki,NV26,Đã hủy
DH003348,KH0413,28/02/2026 23:47:00,TMĐT - Tiki,NV07,Đã giao
DH011793,KH0447,27/03/2025 16:45:00,Lazada,NV27,Đã giao
DH008618,KH0391,31/05/2025 23:58:00,Sàn Lazada,NV29,Đã giao
DH006419,KH0151,08/02/2026 20:34:00,Lazada,NV02,Đã giao
DH010727,KH0367,03/05/2025 09:54:00,Đại lý,NV18,Đã giao
DH010304,KH0307,06/10/2025 19:30:00,TMĐT - Tiki,NV09,Đã giao
DH004738,KH0223,21/07/2025 05:21:00,Shopee,NV21,Trả hàng
DH001630,KH0158,16/12/2025 21:39:00,Ban le,NV17,Đã giao
DH011039,KH0183,02/10/2024 18:03:00,Showroom,NV18,Đã hủy
DH001841,KH0035,27/06/2026 09:48:00,Bán lẻ trực tiếp,NV26,Mới
DH002107,KH0023,08/01/2025 09:02:00,Showroom,NV04,Đã giao
DH005284,KH0277,28/04/2025 15:04:00,Bán lẻ,NV25,Đã giao
DH000824,KH0035,04/06/2025 18:48:00,Đại lý,NV17,Đã giao
DH005049,KH0051,13/01/2025 00:23:00,TMĐT - Tiki,NV24,Đã giao
DH002710,KH0325,09/12/2024 08:30:00,Shopee,NV28,Đã giao
DH008747,KH0269,07/08/2024 15:21:00,Đại lý,NV07,Đã giao
DH011898,KH0034,31/07/2026 19:59:00,Sàn Lazada,NV08,Đã giao
DH000415,KH0442,24/12/2024 11:03:00,Bán lẻ,NV08,Đã giao
DH001063,KH0249,24/06/2026 15:24:00,Lazada,NV18,Đã giao
DH011543,KH0447,20/12/2025 18:35:00,TMĐT - Tiki,NV14,Đã giao
DH006944,KH0193,12/04/2025 12:50:00,TMĐT - Tiki,NV22,Đã giao
DH011437,KH9002,21/02/2026 22:48:00,Bán lẻ,NV23,Đã giao
DH003429,KH0128,09/07/2025 15:18:00,TMĐT - Tiki,NV28,Đã giao
DH001651,KH0420,11/11/2024 13:28:00,Ban le,NV14,Đã giao
DH005265,KH0192,14/03/2026 20:48:00,Showroom,NV04,Mới
DH000317,KH9008,24/06/2026 22:36:00,Bán lẻ,NV03,Đã giao
DH002805,KH0391,21/08/2025 23:54:00,TMĐT - Tiki,NV19,Mới
DH005011,KH0117,28/08/2025 05:02:00,Ban le,NV09,Đang xử lý
DH000497,KH0391,03/05/2025 20:28:00,TMĐT - Tiki,NV29,Đã giao
DH009986,KH0439,2024-10-16 03:28:00,Ban le,NV05,Đã giao
DH010287,KH0198,11/12/2024 13:43:00,Shopee,NV14,Đang xử lý
DH008098,KH0056,13/03/2026 15:17:00,Ban le,NV10,Đã hủy
DH000614,KH0002,24/01/2025 13:13:00,Ban le,NV03,Đã giao
DH004699,KH0367,03/11/2025 10:37:00,Shopee,NV16,Đang xử lý
DH005393,KH0242,10/04/2026 09:41:00,Shopee,NV20,Đã giao
DH008090,KH0242,10/21/2025 01:01:00,Ban le,NV02,Đã giao
DH007485,KH0384,21/01/2025 05:36:00,Showroom,NV15,Đã giao
DH006498,KH0227,06/05/2025 15:14:00,Đại lý,NV08,Đã giao
DH003168,KH9004,2025-07-02 03:35:00,Showroom,NV20,Đã giao
DH010278,KH0436,03/12/2024 03:48:00,Đại lý,NV28,Đã giao
DH000960,KH0227,22/07/2026 09:54:00,Đại lý,NV06,Đã giao
DH007886,KH0314,21/01/2026 21:35:00,TMĐT - Tiki,NV27,Trả hàng
DH002604,KH0250,04/01/2026 01:13:00,Showroom,NV25,Mới
DH004511,KH0191,28/07/2026 14:04:00,Đại lý,NV02,Đang xử lý
DH008902,KH0051,20/08/2024 03:31:00,Showroom,NV08,Mới
DH005706,KH0017,06/07/2026 07:47:00,Showroom,NV02,Đã giao
DH001454,KH0204,02/04/2025 05:47:00,Showroom,NV09,Đã giao
DH011603,KH0438,09/07/2025 05:18:00,TMĐT - Tiki,NV28,Đã giao
DH001225,KH0261,17/09/2025 18:46:00,Sàn Shopee,NV03,Mới
DH002675,KH0236,07/12/2025 17:53:00,Sàn Shopee,NV11,Đã giao
DH003147,KH0177,08/12/2025 22:28:00,Lazada,NV02,Đã giao
DH005901,KH0262,20/11/2024 16:59:00,Ban le,NV29,Đã giao
DH011057,KH0089,21/05/2025 00:32:00,Sàn Shopee,NV04,Đã giao
DH9900165,KH0308,28/07/2025 12:16:00,Ban le,NV28,Đã giao
DH005053,KH0384,17/12/2024 00:19:00,TMĐT - Tiki,NV18,Đã giao
DH011651,KH0215,22/09/2025 05:32:00,Showroom,NV06,Đã giao
DH003957,KH0155,25/07/2025 03:48:00,TMĐT - Tiki,NV26,Đã giao
DH004305,KH0126,28/11/2024 23:52:00,TMĐT - Tiki,NV27,Mới
DH008620,KH0113,13/01/2025 23:02:00,Sàn Lazada,NV05,Đã giao
DH006367,KH0135,30/12/2025 00:20:00,Shopee,NV21,Đã giao
DH007856,KH0012,23/11/2024 05:25:00,Sàn Lazada,NV22,Đã giao
DH011972,KH0314,16/11/2024 11:59:00,TMĐT - Tiki,NV08,Trả hàng
DH011756,KH0391,10/01/2025 20:58:00,Ban le,NV19,Mới
DH005338,KH0035,26/06/2026 08:06:00,Bán lẻ,NV21,Đã giao
DH004646,KH0227,16/12/2025 09:17:00,Đại lý,NV19,Mới
DH006638,KH0141,30/11/2024 12:57:00,Sàn Shopee,NV19,Đã giao
DH010755,KH0391,15/02/2026 07:55:00,Sàn Lazada,NV01,Đã hủy
DH003411,KH0321,13/09/2025 04:52:00,Showroom,NV28,Đã giao
DH011134,KH0447,17/10/2025 14:35:00,Sàn Shopee,NV24,Đã giao
DH003025,KH0163,05/01/2025 22:20:00,TMĐT - Tiki,NV18,Đã giao
DH000365,KH0037,14/09/2024 17:52:00,Sàn Lazada,NV10,Đã giao
DH001088,KH0242,22/03/2026 11:08:00,Bán lẻ,NV03,Đã giao
DH008758,KH0395,22/12/2024 09:12:00,Showroom,NV14,Đã giao
DH009747,KH0325,07/07/2026 09:31:00,Bán lẻ trực tiếp,NV29,Đã giao
DH007598,KH0179,18/04/2025 13:22:00,Showroom,NV21,Đã giao
DH002442,,28/01/2026 04:18:00,Sàn Shopee,NV27,Trả hàng
DH008194,KH0276,30/06/2026 05:37:00,Shopee,NV16,Đang xử lý
DH007409,KH0183,03/01/2026 10:11:00,TMĐT - Tiki,NV27,Đang xử lý
DH005282,KH0070,27/08/2025 16:35:00,Shopee,NV29,Đã giao
DH011324,KH0013,19/07/2026 03:43:00,Sàn Lazada,NV14,Đã giao
DH001846,KH0433,26/11/2024 21:44:00,Bán lẻ,NV22,Đã giao
DH009539,KH0012,19/10/2025 07:57:00,Sàn Lazada,NV23,Đã giao
DH001348,KH0413,14/08/2024 13:05:00,Sàn Shopee,NV20,Đã hủy
DH002868,KH0173,22/11/2025 00:38:00,TMĐT - Tiki,NV20,Đã giao
DH000567,KH0402,11/01/2025 19:51:00,Lazada,NV18,Đã giao
DH003911,KH0439,02/12/2025 14:36:00,TMĐT - Tiki,NV30,Mới
DH001045,KH0034,14/12/2024 11:11:00,Ban le,NV29,Đã giao
DH006730,KH0122,25/04/2025 23:30:00,Bán lẻ,NV22,Trả hàng
DH002465,KH0095,10/01/2026 03:09:00,Sàn Shopee,NV30,Đã giao
DH009085,KH0113,13/04/2025 15:08:00,TMĐT - Tiki,NV10,Đã giao
DH010156,KH0246,29/06/2026 06:26:00,Shopee,NV26,Trả hàng
DH007103,KH0122,08/15/2024 08:33:00,Ban le,NV25,Đã giao
DH004981,KH0359,16/02/2025 10:22:00,Bán lẻ,NV03,Đã giao
DH005462,KH0365,02/06/2025 02:51:00,Ban le,NV08,Mới
DH009173,KH0141,09/07/2025 08:04:00,Ban le,NV24,Đã giao
DH008702,KH0089,17/03/2026 12:03:00,Đại lý,NV23,Đã giao
DH005873,KH0446,27/07/2025 16:16:00,Bán lẻ trực tiếp,NV13,Đã giao
DH010714,KH0316,30/05/2026 14:01:00,Đại lý,NV15,Đang xử lý
DH008915,KH0442,14/11/2024 18:50:00,Shopee,NV13,Đã giao
DH002765,KH0326,17/06/2025 01:21:00,TMĐT - Tiki,NV29,Đang xử lý
DH009641,KH0447,21/06/2025 05:25:00,TMĐT - Tiki,NV15,Đang xử lý
DH009026,KH0258,13/07/2026 04:27:00,TMĐT - Tiki,NV11,Đã giao
DH003566,KH0155,11/09/2025 21:54:00,Ban le,NV04,Đang xử lý
DH003403,KH0267,31/07/2026 16:06:00,Đại lý,NV24,Đã hủy
DH002719,KH0016,31/07/2025 12:06:00,Sàn Lazada,NV19,Đã giao
DH003548,KH0243,09/12/2025 08:40:00,Lazada,NV12,Đã giao
DH000452,KH0442,26/09/2024 05:57:00,Showroom,NV13,Đã giao
DH003494,KH0184,21/05/2025 00:59:00,Sàn Lazada,NV21,Đã giao
DH002002,KH0193,18/04/2026 13:51:00,Sàn Lazada,NV22,Đang xử lý
DH011234,KH0204,16/09/2024 19:54:00,Showroom,NV06,Mới
DH004949,KH0257,22/06/2026 22:50:00,TMĐT - Tiki,NV14,Đã giao
DH002662,KH0359,13/06/2026 20:58:00,TMĐT - Tiki,NV16,Đã giao
DH010786,KH0051,05/03/2025 02:08:00,Ban le,NV16,Đã giao
DH008787,KH0184,10/11/2024 17:54:00,Lazada,NV02,Đang xử lý
DH005943,KH0122,28/10/2025 00:24:00,TMĐT - Tiki,NV25,Đã giao
DH010071,KH0071,10/11/2025 15:03:00,Đại lý,NV01,Đã giao
DH010215,KH0248,12/07/2026 02:07:00,Showroom,NV23,Đã giao
DH003517,KH0058,22/02/2025 15:20:00,TMĐT - Tiki,NV17,Đã giao
DH004544,KH0365,23/10/2024 17:54:00,Showroom,NV10,Trả hàng
DH008388,KH0115,15/09/2025 14:08:00,Đại lý,NV09,Đang xử lý
DH001637,,23/11/2024 15:30:00,Showroom,NV16,Đã giao
DH010636,KH0031,20/06/2025 09:22:00,Shopee,NV21,Đã giao
DH007247,KH0314,09/03/2025 14:29:00,Đại lý,NV25,Đang xử lý
DH005429,KH0094,31/01/2025 08:58:00,Đại lý,NV10,Đã giao
DH002440,KH0274,04/11/2024 01:58:00,Đại lý,NV10,Đã giao
DH008036,KH0246,28/07/2026 18:18:00,Đại lý,NV21,Đã giao
DH001297,KH0086,07/11/2026 10:25:00,Showroom,NV26,Đang xử lý
DH007190,KH0093,02/12/2025 01:26:00,Showroom,NV17,Đã hủy
DH011685,KH0251,01/12/2024 01:48:00,Shopee,NV24,Đã giao
DH011696,KH0070,14/09/2024 22:06:00,Sàn Shopee,NV28,Đã giao
DH001061,KH0151,08/03/2025 22:13:00,Đại lý,NV03,Đã giao
DH002379,KH0193,27/04/2025 10:54:00,Bán lẻ,NV18,Đã giao
DH008771,KH0075,08/07/2025 18:54:00,Sàn Lazada,NV22,Đã giao
DH001778,KH0092,12/07/2025 05:13:00,Bán lẻ,NV25,Đã giao
DH010608,KH0272,07/01/2026 15:46:00,Shopee,NV05,Đã hủy
DH009057,KH0391,08/11/2025 22:52:00,Showroom,NV14,Mới
DH007526,KH9005,06/02/2026 22:32:00,Showroom,NV10,Đã giao
DH001245,KH0227,31/07/2025 21:41:00,Lazada,NV29,Trả hàng
DH004859,KH0218,24/05/2026 09:53:00,TMĐT - Tiki,NV03,Đã hủy
DH006841,KH0391,27/09/2025 20:10:00,Showroom,NV18,Đã giao
DH000511,KH0445,24/10/2024 18:14:00,Showroom,NV13,Đã giao
DH002862,KH0385,03/11/2025 05:11:00,Lazada,NV29,Đã giao
DH005505,KH0248,23/04/2026 17:12:00,Đại lý,NV08,Đã giao
DH004518,KH0179,01/07/2026 19:46:00,Ban le,NV14,Đã giao
DH005351,KH0204,13/07/2025 13:09:00,Shopee,NV18,Đã hủy
DH002345,KH0279,09/04/2026 00:34:00,Sàn Shopee,NV16,Đã hủy
DH003416,KH0034,01/03/2026 00:47:00,Đại lý,NV14,Đã giao
DH002199,KH0140,12/11/2024 03:21:00,Sàn Shopee,NV24,Đã giao
DH004647,KH0140,03/07/2025 14:58:00,Lazada,NV24,Đã giao
DH9900094,KH0031,15/04/2026 19:36:00,Lazada,NV27,Đã giao
DH9900118,KH9011,28/04/2026 07:00:00,Sàn Lazada,NV08,Đã giao
DH005575,KH0365,26/02/2025 00:30:00,Lazada,NV10,Đã hủy
DH002628,KH0036,30/12/2024 13:06:00,Đại lý,NV11,Đã giao
DH004241,KH0412,17/06/2026 10:26:00,Showroom,NV14,Đã giao
DH001926,KH0368,03/06/2026 11:11:00,Showroom,NV17,Đã giao
DH008549,KH0396,27/05/2026 18:32:00,Showroom,NV24,Đã giao
DH008960,KH0188,20/05/2026 23:40:00,TMĐT - Tiki,NV11,Đang xử lý
DH010910,KH0391,03/08/2025 21:21:00,Bán lẻ,NV17,Đã giao
DH005364,KH0117,24/01/2025 00:09:00,Đại lý,NV07,Đã giao
DH011401,KH0229,02/07/2026 15:58:00,Đại lý,NV16,Đã giao
DH009805,KH0332,16/03/2026 23:36:00,Sàn Shopee,NV20,Đã giao
DH009733,KH0070,20/09/2025 18:41:00,Đại lý,NV01,Đang xử lý
DH008562,KH0056,09/10/2024 21:00:00,Showroom,NV29,Đã giao
DH006719,KH0140,13/05/2025 10:49:00,Bán lẻ,NV23,Đã giao
DH003067,KH0306,28/01/2025 02:36:00,Shopee,NV15,Đã giao
DH007990,KH0409,13/11/2024 03:41:00,Sàn Shopee,NV19,Đang xử lý
DH002757,KH0262,04/10/2025 14:10:00,Đại lý,NV06,Đã giao
DH008909,KH0031,02/09/2025 11:11:00,Đại lý,NV15,Đã giao
DH004566,KH0002,11/11/2025 17:56:00,Sàn Lazada,NV25,Đã giao
DH005569,KH0403,18/11/2024 03:16:00,Showroom,NV03,Mới
DH011997,KH0391,10/08/2025 10:11:00,Shopee,NV27,Đang xử lý
DH006904,KH0359,13/06/2025 19:36:00,Showroom,NV25,Đang xử lý
DH009036,KH0076,01/01/2026 18:37:00,Bán lẻ,NV04,Đã giao
DH011833,KH0088,03/11/2025 19:44:00,Showroom,NV17,Đã giao
DH010907,KH0303,04/01/2025 14:57:00,Showroom,NV23,Đã hủy
DH006193,KH0442,27/09/2024 04:20:00,Sàn Lazada,NV03,Đang xử lý
DH007425,KH0249,25/11/2025 10:56:00,Showroom,NV01,Đã giao
DH008832,KH0353,03/11/2024 14:06:00,Bán lẻ,NV19,Đã giao
DH008532,KH0222,13/10/2025 00:01:00,Bán lẻ trực tiếp,NV11,Đang xử lý
DH003311,KH0391,18/11/2025 16:48:00,TMĐT - Tiki,NV12,Đã giao
DH000312,KH0367,07/08/2025 22:37:00,Ban le,NV16,Đã giao
DH000371,KH0253,14/06/2025 17:36:00,TMĐT - Tiki,NV09,Đã hủy
DH005292,KH0442,15/08/2024 12:21:00,Đại lý,NV29,Đang xử lý
DH008716,KH0408,02/05/2025 23:06:00,Showroom,NV11,Đã giao
DH011665,KH0160,10/06/2025 12:39:00,Ban le,NV30,Đã giao
DH004630,KH0012,14/01/2026 10:02:00,Shopee,NV27,Đang xử lý
DH006640,KH0012,05/10/2025 05:48:00,Shopee,NV18,Đã giao
DH000453,KH0402,04/09/2024 22:11:00,Ban le,NV19,Đã hủy
DH011223,KH0056,02/11/2025 21:08:00,TMĐT - Tiki,NV17,Trả hàng
DH011766,KH0442,07/10/2024 20:38:00,Shopee,NV16,Đã giao
DH007470,KH0140,15/03/2025 21:54:00,Lazada,NV06,Đã giao
DH010370,KH0368,25/05/2026 09:50:00,Bán lẻ,NV13,Đã giao
DH002820,KH0205,07/12/2025 12:12:00,Lazada,NV10,Đã giao
DH009648,KH0113,09/06/2025 08:40:00,Lazada,NV07,Đang xử lý
DH009061,KH0068,04/03/2026 18:11:00,Showroom,NV19,Đang xử lý
DH007339,KH0322,08/12/2025 22:25:00,Bán lẻ trực tiếp,NV08,Đã hủy
DH001611,KH0127,30/05/2026 06:19:00,Sàn Shopee,NV20,Đã hủy
DH004047,KH0268,01/01/2025 12:36:00,Sàn Lazada,NV18,Đã giao
DH005020,KH0301,11/01/2026 21:37:00,Lazada,NV14,Đã giao
DH005421,KH0204,22/07/2026 10:58:00,Showroom,NV15,Đã giao
DH005162,KH0236,19/12/2024 23:39:00,Showroom,NV05,Đã hủy
DH003636,,24/10/2025 11:38:00,Bán lẻ,NV05,Đã giao
DH009293,,20/01/2025 22:01:00,Showroom,NV14,Đã giao
DH004489,KH0236,18/12/2025 15:12:00,TMĐT - Tiki,NV03,Đang xử lý
DH009941,KH0250,27/08/2025 00:29:00,Showroom,NV13,Đã giao
DH004687,KH0074,20/01/2025 13:32:00,Shopee,NV04,Đã giao
DH004097,KH0399,21/08/2025 10:02:00,TMĐT - Lazada,NV17,Đã giao
DH001869,KH0364,26/04/2026 15:01:00,Showroom,NV11,Đã giao
DH006460,KH0442,20/02/2025 23:46:00,Đại lý,NV11,Đã hủy
DH011939,KH0403,02/08/2025 09:18:00,Bán lẻ,NV09,Đã giao
DH001628,KH0013,29/08/2024 15:13:00,Showroom,NV25,Đang xử lý
DH005422,KH0368,25/09/2025 18:55:00,Ban le,NV16,Đã giao
DH010963,KH0335,15/07/2025 13:18:00,Showroom,NV08,Đã giao
DH004939,KH0227,21/06/2025 23:10:00,Shopee,NV30,Đã giao
DH001534,KH0021,25/02/2026 19:39:00,Lazada,NV26,Đã giao
DH001059,KH0391,30/12/2024 14:52:00,Sàn Lazada,NV18,Đang xử lý
DH010947,KH9013,02/12/2024 04:45:00,Showroom,NV05,Đã giao
DH005164,KH0215,04/07/2025 07:54:00,TMĐT - Lazada,NV03,Đã giao
DH000460,KH0130,25/12/2024 01:24:00,TMĐT - Tiki,NV25,Đang xử lý
DH000811,KH0391,02/12/2025 15:07:00,Showroom,NV29,Đã giao
DH009676,KH0218,05/08/2024 06:22:00,TMĐT - Tiki,NV06,Đã giao
DH007611,KH9003,03/12/2024 11:53:00,Đại lý,NV18,Đã giao
DH010256,KH0108,23/06/2025 00:43:00,Ban le,NV23,Đã giao
DH011468,KH9013,24/10/2025 04:49:00,TMĐT - Tiki,NV22,Đã giao
DH000686,KH0406,30/12/2025 05:45:00,TMĐT - Tiki,NV23,Đang xử lý
DH008814,KH0389,25/12/2025 03:08:00,TMĐT - Tiki,NV02,Đã giao
DH000015,KH9002,30/08/2025 07:12:00,TMĐT - Shopee,NV24,Đã giao
DH003670,KH0108,28/05/2025 13:38:00,Bán lẻ,NV26,Đã giao
DH010472,KH0442,30/05/2025 10:13:00,Showroom,NV22,Đã giao
DH002205,KH0373,24/01/2026 20:36:00,Bán lẻ,NV27,Mới
DH005548,KH0179,28/09/2024 03:23:00,Đại lý,NV16,Đang xử lý
DH005557,KH0055,23/12/2025 17:59:00,Đại lý,NV22,Đã giao
DH004959,KH0257,27/11/2025 22:57:00,Sàn Shopee,NV12,Đã giao
DH005888,KH0034,03/10/2025 02:58:00,Đại lý,NV23,Đã giao
DH002590,,26/11/2025 19:12:00,TMĐT - Tiki,NV11,Đã giao
DH000927,KH0139,06/09/2025 19:19:00,Đại lý,NV15,Đang xử lý
DH008792,KH0010,26/11/2025 02:52:00,Đại lý,NV19,Đã giao
DH010296,KH0071,06/10/2024 23:03:00,Sàn Shopee,NV11,Đã hủy
DH010132,KH9013,06/02/2026 02:32:00,Sàn Lazada,NV29,Đã giao
DH009149,KH0179,31/07/2026 13:19:00,Showroom,NV25,Đã giao
DH007745,KH0063,14/11/2025 12:21:00,Bán lẻ,NV06,Trả hàng
DH001111,KH0015,04/07/2026 15:02:00,Showroom,NV29,Đã giao
DH005599,KH0147,05/10/2024 22:02:00,Bán lẻ,NV01,Đã giao
DH007781,KH0314,05/04/2026 09:03:00,TMĐT - Tiki,NV25,Đã giao
DH004611,KH0447,2025-04-19 11:56:00,Ban le,NV20,Đã giao
DH004272,KH0218,12/08/2024 07:17:00,Ban le,NV06,Đã giao
DH003963,KH0386,19/07/2025 21:09:00,Showroom,NV28,Đã giao
DH001322,KH0070,03/10/2025 16:35:00,Bán lẻ,NV11,Đã giao
DH009432,KH0277,26/02/2026 08:57:00,Ban le,NV23,Đã giao
DH009908,KH0414,01/12/2025 19:49:00,Sàn Shopee,NV12,Đã giao
DH005777,KH0446,16/03/2025 03:28:00,Showroom,NV04,Đã giao
DH002111,KH0029,19/05/2026 15:44:00,Showroom,NV24,Đã giao
DH002343,KH0151,12/07/2026 07:46:00,Showroom,NV25,Đã giao
DH000494,KH0359,07/10/2024 09:44:00,Đại lý,NV09,Đang xử lý
DH000620,KH0039,19/01/2025 00:29:00,Sàn Lazada,NV12,Đã giao
DH008788,KH0406,10/11/2025 16:04:00,Shopee,NV06,Đã giao
DH009830,KH0013,24/03/2025 22:58:00,Ban le,NV10,Đang xử lý
DH007657,KH0056,08/11/2024 09:45:00,Bán lẻ,NV11,Đã giao
DH008889,KH0325,03/04/2026 18:45:00,Shopee,NV26,Trả hàng
DH008011,KH0002,23/01/2025 12:34:00,Đại lý,NV05,Đã giao
DH004704,KH0374,11/12/2025 14:22:00,Sàn Lazada,NV05,Mới
DH004227,KH0070,21/09/2024 14:27:00,Showroom,NV01,Đã giao
DH002443,KH0332,15/05/2026 04:53:00,Lazada,NV25,Trả hàng
DH002724,KH0155,24/02/2026 08:52:00,Đại lý,NV26,Đã hủy
DH007845,KH0155,17/10/2025 16:31:00,Shopee,NV15,Đã giao
DH006912,KH0193,05/07/2025 08:24:00,Ban le,NV18,Đã giao
DH002339,KH0314,24/08/2025 04:26:00,TMĐT - Tiki,NV28,Đã hủy
DH001040,,14/02/2026 10:28:00,Bán lẻ,NV07,Đã giao
DH011080,KH0053,10/13/2025 15:27:00,Sàn Lazada,NV08,Đã giao
DH001607,KH0359,27/12/2024 08:58:00,Showroom,NV30,Đã giao
DH009068,KH0009,08/11/2025 05:37:00,Sàn Shopee,NV30,Mới
DH001565,KH0307,02/06/2026 01:08:00,Đại lý,NV27,Đã hủy
DH001070,KH0200,09/04/2026 07:39:00,Sàn Shopee,NV04,Đã giao
DH000876,KH0241,20/12/2025 03:48:00,Showroom,NV19,Đã giao
DH010803,KH0448,10/04/2026 14:35:00,Đại lý,NV08,Đang xử lý
DH004074,KH0447,02/05/2026 14:28:00,Ban le,NV12,Đã giao
DH003068,KH0362,03/01/2026 04:50:00,Sàn Lazada,NV25,Đã giao
DH005121,KH0135,07/05/2026 19:50:00,Sàn Lazada,NV11,Đã hủy
DH006153,KH0447,30/06/2025 05:04:00,Đại lý,NV23,Đã giao
DH002133,KH0442,06/06/2026 13:52:00,Showroom,NV23,Trả hàng
DH009022,KH0220,05/01/2026 05:25:00,Showroom,NV23,Trả hàng
DH000197,KH0070,20/03/2025 07:45:00,Đại lý,NV08,Đã giao
DH011049,KH0127,20/02/2025 05:39:00,Lazada,NV30,Trả hàng
DH004833,KH0116,25/06/2026 09:31:00,Đại lý,NV21,Đã giao
DH010062,KH0397,05/11/2024 20:05:00,Bán lẻ,NV24,Đã giao
DH003024,KH0117,22/10/2024 16:16:00,Shopee,NV14,Đã giao
DH005552,KH0326,19/11/2025 06:37:00,TMĐT - Tiki,NV15,Đã giao
DH005300,KH0391,25/11/2024 17:46:00,Showroom,NV30,Đã giao
DH009561,,14/05/2025 22:38:00,Ban le,NV14,Đã giao
DH004318,KH0271,15/01/2025 13:35:00,Đại lý,NV20,Đã giao
DH009953,KH0275,01/01/2025 16:33:00,Shopee,NV02,Đã giao
DH003671,KH0222,13/08/2024 17:04:00,Ban le,NV12,Mới
DH011310,KH0140,23/03/2026 10:18:00,Đại lý,NV21,Đã giao
DH002382,KH0241,19/01/2026 14:52:00,TMĐT - Tiki,NV10,Đang xử lý
DH009538,KH0073,02/01/2025 09:00:00,Showroom,NV02,Đã giao
DH011474,KH0077,03/12/2024 01:58:00,Showroom,NV18,Mới
DH006430,KH0412,25/11/2025 04:41:00,Showroom,NV09,Đang xử lý
DH000107,KH0115,24/12/2024 12:46:00,Showroom,NV26,Đã giao
DH010186,KH0262,25/01/2026 04:24:00,TMĐT - Shopee,NV10,Đã giao
DH008115,KH9007,29/12/2025 12:19:00,TMĐT - Tiki,NV03,Đã giao
DH002809,KH0242,07/06/2026 14:52:00,Đại lý,NV09,Đã giao
DH008673,KH0394,04/09/2025 03:42:00,Bán lẻ trực tiếp,NV28,Đang xử lý
DH002991,KH0248,05/02/2025 23:42:00,Showroom,NV11,Đã giao
DH009369,KH0262,06/05/2025 21:56:00,Bán lẻ trực tiếp,NV27,Đã giao
DH011243,KH0097,2024-10-18 13:53:00,Ban le,NV30,Đã giao
DH009339,KH0367,05/09/2025 16:32:00,Sàn Shopee,NV03,Đã giao
DH010876,KH0208,09/06/2025 01:05:00,Đại lý,NV03,Đã giao
DH005154,KH0351,25/06/2025 08:59:00,Showroom,NV14,Đã giao
DH009468,KH0304,18/12/2024 19:25:00,Shopee,NV09,Đã giao
DH011755,KH0314,07/10/2025 00:48:00,Lazada,NV23,Trả hàng
DH000240,KH0184,04/05/2026 11:50:00,Đại lý,NV12,Đã giao
DH001448,KH0276,21/09/2024 05:00:00,Shopee,NV24,Đã giao
DH005903,KH0039,13/11/2024 10:30:00,Shopee,NV21,Đã giao
DH000574,KH0396,15/12/2025 18:37:00,TMĐT - Tiki,NV18,Đã giao
DH011736,KH0035,08/06/2026 17:20:00,Đại lý,NV12,Đã hủy
DH001249,KH0192,24/06/2026 02:42:00,Bán lẻ,NV06,Trả hàng
DH009164,KH0447,11/07/2026 10:06:00,Đại lý,NV23,Đã giao
DH000728,KH0122,12/07/2025 11:19:00,Showroom,NV24,Đã giao
DH006020,KH0035,28/04/2025 04:25:00,Sàn Lazada,NV22,Đã giao
DH011918,KH0367,02/09/2024 23:03:00,Shopee,NV25,Đã giao
DH002143,KH0306,26/08/2025 07:17:00,Lazada,NV10,Đã giao
DH002606,KH0391,23/07/2025 17:49:00,Lazada,NV01,Đang xử lý
DH008931,KH0009,19/06/2026 07:54:00,Sàn Lazada,NV08,Trả hàng
DH006454,KH0409,07/30/2026 05:02:00,Sàn Shopee,NV01,Đã giao
DH007805,KH0406,17/06/2025 23:47:00,TMĐT - Tiki,NV01,Đã giao
DH003842,KH0234,29/06/2025 22:34:00,TMĐT - Tiki,NV21,Đã giao
DH007083,KH0058,26/09/2024 18:33:00,Đại lý,NV17,Đã giao
DH007765,KH0445,27/10/2025 10:15:00,TMĐT - Tiki,NV30,Đã giao
