MaDonMuaHang,MaNhaCungCap,MaSanPham,NgayDatHang,SoLuong,DonGiaMua
PO003181,NCC011,SP0091,06/10/2024,407,43900.0
PO002141,NCC039,SP0127,11/07/2026,326,30800.0
PO001563,NCC043,SP0058,22/03/2026,317,30000.0
PO001687,NCC045,SP0043,21/02/2025,229,131400.0
PO002271,NCC013,SP0013,23/03/2026,774,63300.0
PO002201,NCC032,SP0010,09/04/2025,85,497200.0
PO001679,NCC023,SP0144,23/12/2024,256,129700.0
PO003141,NCC028,SP0146,23/03/2025,32,69700.0
PO001557,NCC027,SP0097,09/07/2026,568,66900.0
PO002778,NCC007,SP0114,26/12/2025,576,65000.0
PO001972,NCC002,SP0181,07/06/2025,220,508300.0
PO001646,NCC004,SP0080,22/01/2026,869,117000.0
PO001399,NCC044,SP0184,30/07/2025,435,159600.0
PO001685,NCC031,SP0086,21/03/2025,115,118300.0
PO002126,NCC016,SP0079,2026-07-06,542,20900.0
PO002466,NCC026,,20/05/2025,642,56100.0
PO000982,NCC039,SP0201,17/05/2025,861,499500.0
PO003448,NCC005,SP0153,05/06/2025,700,98700.0
PO000478,NCC031,SP0210,12/08/2025,367,18100.0
PO000966,NCC043,SP0172,12/02/2025,511,402900.0
PO000429,NCC037,SP0142,07/01/2026,690,337200.0
PO000625,NCC026,SP0115,23/04/2026,264,18900.0
PO001047,NCC037,SP0220,10/27/2024,945,40400.0
PO002906,NCC004,SP0105,06/11/2024,89,128400.0
PO000741,NCC040,SP0064,20/06/2025,531,128300.0
PO003491,NCC033,SP0171,20/07/2026,833,20400.0
PO000333,NCC003,SP0125,30/08/2024,83,143300.0
PO001900,NCC022,SP0214,16/08/2024,285,38800.0
PO002889,NCC023,SP0077,12/03/2025,247,90000.0
PO002018,NCC007,SP0039,20/12/2025,706,15400.0
PO001701,NCC045,SP0033,2025-04-27,389,64000.0
PO002853,NCC039,SP0170,17/09/2024,958,159700.0
PO000169,NCC034,SP0206,22/06/2025,953,36600.0
PO002376,NCC042,SP0169,22/06/2026,190,466100.0
PO002495,NCC026,SP0020,23/04/2026,596,58400.0
PO000841,NCC010,SP0197,14/02/2025,35,589500.0
PO002563,NCC001,SP0034,20/05/2026,694,130900.0
PO002866,NCC020,SP0071,30/09/2024,288,523700.0
PO001684,NCC003,SP0105,23/10/2024,864,125200.0
PO000903,NCC030,SP0016,10/05/2026,890,640300.0
PO002310,NCC030,,05/07/2026,193,773800.0
PO002577,NCC034,SP0071,19/12/2024,361,470100.0
PO002400,NCC033,SP0114,13/04/2026,496,61700.0
PO002642,NCC002,SP0112,2024-08-20,91,111400.0
PO000090,NCC013,SP0152,07/06/2025,949,119900.0
PO002687,NCC022,SP0110,07/01/2026,976,42400.0
PO000041,NCC033,SP0156,15/07/2026,194,81200.0
PO001581,NCC021,SP0104,11/08/2025,267,801200.0
PO001145,NCC033,SP0001,29/12/2025,986,30000.0
PO002270,NCC002,SP0035,30/12/2024,652,613400.0
PO002515,NCC028,SP0097,12/09/2024,71,53700.0
PO002025,NCC017,SP0052,03/02/2026,857,27500.0
PO003223,NCC041,SP0030,28/11/2025,551,576500.0
PO001302,NCC026,SP0140,15/11/2025,981,165200.0
PO002008,NCC029,SP0069,05/07/2026,322,42400.0
PO001135,NCC034,SP0136,05/10/2025,961,546400.0
PO000159,NCC032,SP0009,21/11/2025,559,342600.0
PO003012,NCC008,SP0027,02/11/2024,534,49200.0
PO002503,NCC043,SP0084,15/04/2025,777,90900.0
PO000929,NCC043,SP0155,11/03/2026,906,152000.0
PO002789,NCC013,SP0176,13/03/2026,872,74000.0
PO000172,NCC013,SP0053,16/05/2026,108,125200.0
PO000518,NCC043,SP0101,08/01/2025,495,240700.0
PO003262,NCC019,SP0070,16/12/2025,604,91700.0
PO003062,NCC036,SP0062,22/03/2026,663,140900.0
PO002403,NCC013,SP0193,13/07/2025,82,84800.0
PO002256,NCC003,SP0006,01/12/2024,956,613900.0
PO000292,NCC019,SP0181,04/10/2024,343,488000.0
PO001996,NCC002,SP0198,28/12/2024,353,19600.0
PO001089,NCC023,SP0036,03/03/2025,220,139600.0
PO001991,NCC008,SP0043,26/06/2026,876,121800.0
PO002312,NCC037,SP0063,07/01/2026,972,64500.0
PO003116,NCC032,SP0205,25/09/2025,756,256600.0
PO002481,NCC008,SP0121,10/09/2024,734,106600.0
PO000419,NCC003,SP0137,23/10/2025,355,650100.0
PO002630,NCC022,SP0074,07/08/2024,472,658900.0
PO002534,NCC044,SP0034,06/11/2024,825,145700.0
PO000044,NCC035,SP0044,10/03/2026,177,891800.0
PO000063,NCC015,SP0096,21/02/2026,197,44200.0
PO001070,NCC006,SP0004,08/08/2024,677,124200.0
PO002561,NCC011,SP0094,06/02/2025,574,91300.0
PO002746,NCC018,,13/04/2025,103,482300.0
PO002132,NCC007,SP0024,05/02/2025,709,48800.0
PO001951,NCC017,SP0096,13/08/2024,748,42700.0
PO002508,NCC037,SP0186,27/03/2026,576,656500.0
PO002353,NCC033,SP0134,27/11/2024,773,123100.0
PO002175,NCC024,SP0158,12/06/2026,100,107000.0
PO000621,NCC013,SP0129,09/06/2026,193,145300.0
PO000094,NCC020,SP0134,17/10/2025,68,90600.0
PO002417,NCC027,SP0181,01/02/2025,558,454100.0
PO001660,NCC021,SP0215,27/08/2025,482,66300.0
PO002010,NCC038,SP0215,01/04/2025,251,45800.0
PO002440,NCC042,SP0050,15/01/2026,773,395600.0
PO000135,NCC040,SP0037,09/06/2025,124,103600.0
PO003095,NCC023,SP0160,09/10/2024,466,53400.0
PO000028,NCC002,SP0196,09/08/2025,336,88700.0
PO000306,NCC026,,27/06/2025,734,59100.0
PO002780,NCC019,SP0164,17/03/2025,369,525800.0
PO003173,NCC030,SP0054,01/03/2025,526,95600.0
PO000623,NCC033,SP0002,12/04/2026,119,25800.0
PO002592,NCC024,SP0116,15/04/2025,447,438500.0
PO003023,NCC045,SP0150,11/09/2024,787,102600.0
PO002317,NCC007,SP0196,08/10/2025,621,85600.0
PO002169,NCC006,SP0177,05/11/2025,22,151900.0
PO001184,NCC028,SP0069,26/11/2024,574,34800.0
PO002229,NCC010,SP0154,10/03/2025,196,24600.0
PO003326,NCC016,SP0153,25/04/2025,824,118500.0
PO001722,NCC021,SP0050,23/06/2025,854,413800.0
PO001022,NCC035,SP0134,27/12/2025,122,91000.0
PO001615,NCC010,SP0080,23/01/2026,830,101700.0
PO003441,NCC019,SP0174,09/10/2024,299,480500.0
PO000303,NCC026,SP0118,03/05/2026,417,145100.0
PO002065,NCC005,SP0044,22/10/2024,617,881800.0
PO000561,NCC016,SP0082,23/02/2025,367,600300.0
PO000568,NCC017,SP0199,31/08/2024,393,93200.0
PO002895,NCC008,SP0008,2025-12-03,444,893100.0
PO002629,NCC042,SP0094,17/06/2025,546,76400.0
PO003188,NCC009,SP0173,02/03/2025,24,77100.0
PO002725,NCC023,SP0102,25/08/2025,857,500700.0
PO000349,NCC044,SP0105,01/03/2025,282,96400.0
PO002017,NCC032,SP0071,04/02/2026,487,448300.0
PO001867,NCC012,SP0217,08/02/2026,715,176500.0
PO002182,NCC038,SP0133,22/06/2025,28,147000.0
PO000727,NCC018,SP0087,31/10/2025,32,131200.0
PO002679,NCC027,SP0004,08/12/2024,191,113100.0
PO002943,NCC014,SP0208,26/08/2025,903,83500.0
PO000106,NCC037,SP0210,23/12/2025,977,19800.0
PO002637,NCC029,SP0087,11/08/2025,515,125800.0
PO002384,NCC040,SP0128,04/04/2026,576,145300.0
PO000170,NCC908,SP0123,17/08/2025,300,162700.0
PO001732,NCC036,SP0121,26/08/2025,387,105700.0
PO001940,NCC023,SP0107,15/07/2025,131,190100.0
PO000317,NCC031,SP0175,30/04/2026,435,19800.0
PO000426,NCC002,SP0140,27/06/2025,213,151300.0
PO002359,NCC027,SP0095,10/10/2024,945,64500.0
PO000599,NCC026,SP0061,01/05/2025,198,120500.0
PO002788,NCC012,SP0102,2025-09-25,546,515900.0
PO000604,NCC002,SP0008,17/12/2024,913,719000.0
PO001892,NCC905,SP0156,16/01/2025,620,84900.0
PO000862,NCC017,SP0040,01/06/2026,431,112600.0
PO001203,NCC031,SP0127,13/07/2025,491,29100.0
PO000997,NCC017,SP0124,07/01/2026,118,55800.0
PO000432,NCC003,SP0158,08/09/2025,838,96800.0
PO000494,NCC013,SP0206,11/04/2025,248,34100.0
PO002851,NCC005,SP0181,2025-07-05,854,459600.0
PO002306,NCC041,SP0008,07/01/2025,173,813700.0
PO003075,NCC043,SP0173,14/06/2026,52,86500.0
PO000293,NCC022,SP0143,13/08/2024,161,92700.0
PO001437,NCC017,SP0049,31/10/2024,859,114300.0
PO002465,NCC011,SP0218,28/07/2025,268,106300.0
PO000327,NCC019,SP0115,16/01/2025,770,21100.0
PO001652,NCC012,SP0162,2026-05-21,931,104100.0
PO001188,NCC025,SP0118,09/10/2024,254,118300.0
PO001484,NCC019,SP0093,01/11/2024,830,733700.0
PO003381,NCC030,SP0081,17/08/2025,144,30300.0
PO000358,NCC022,SP0119,04/06/2025,891,142200.0
PO003225,NCC034,SP0179,01/09/2024,734,162100.0
PO000013,NCC015,SP0124,04/02/2025,409,52100.0
PO000988,NCC032,SP0023,25/10/2025,160,123600.0
PO002197,NCC044,SP0192,17/08/2024,985,287900.0
PO000915,NCC029,SP0217,23/06/2025,652,166600.0
PO002424,NCC006,SP0053,22/04/2026,660,158100.0
PO003248,NCC012,SP0197,04/08/2024,28,500800.0
PO002819,NCC013,SP0205,24/06/2025,402,277500.0
PO003201,NCC008,SP0047,25/12/2024,321,103100.0
PO000482,NCC020,SP0131,21/10/2025,513,27400.0
PO002072,NCC039,SP0139,02/06/2025,489,113000.0
PO002691,NCC015,SP0053,11/07/2025,599,119400.0
PO000839,NCC012,SP0065,11/10/2024,144,542500.0
PO000329,NCC009,SP0025,06/10/2024,336,25700.0
PO003301,NCC001,SP0035,30/07/2025,39,517800.0
PO001389,NCC041,SP0104,02/10/2025,506,774200.0
PO9900000,NCC004,SP0059,07/02/2026,911,499400.0
PO001810,NCC025,SP0171,12/06/2025,628,20900.0
PO002501,NCC016,SP0155,09/11/2024,925,168400.0
PO000466,NCC007,SP0015,26/04/2026,164,61500.0
PO000194,NCC006,SP0016,19/01/2026,255,514900.0
PO002729,NCC019,SP0102,24/01/2026,816,520600.0
PO000302,NCC033,SP0206,02/10/2024,780,37200.0
PO003204,NCC907,SP0034,30/05/2026,971,124300.0
PO001348,NCC027,SP0001,14/01/2025,551,28300.0
PO002001,NCC017,SP0159,10/05/2026,528,449000.0
PO000183,NCC020,SP0056,11/11/2024,46,42900.0
PO000658,NCC005,SP0139,21/01/2026,861,107600.0
PO9900050,NCC001,SP0091,31/12/2025,114,47000.0
PO003399,NCC011,SP0196,05/07/2025,928,95100.0
PO001845,NCC025,SP0100,16/11/2025,313,171400.0
PO000253,NCC036,SP0031,07/11/2025,696,39000.0
PO001010,NCC909,SP0138,11/02/2025,261,23400.0
PO000549,NCC008,SP0010,02/01/2026,798,531300.0
PO003007,NCC020,SP0046,02/12/2025,119,24600.0
PO001429,NCC013,,14/09/2024,40,19100.0
PO000110,NCC014,SP0120,22/11/2025,85,101100.0
PO000715,NCC043,SP0111,15/10/2024,417,37300.0
PO001957,NCC041,SP0197,22/01/2025,981,504600.0
PO000969,NCC022,SP0046,28/02/2026,731,26300.0
PO000898,NCC038,SP0161,08/07/2024,216,72400.0
PO000156,NCC907,SP0102,27/01/2026,397,542800.0
PO000224,NCC029,SP0217,19/05/2026,414,129800.0
PO000555,NCC041,SP0206,23/04/2025,243,38000.0
PO003449,NCC034,SP0083,23/11/2024,494,44100.0
PO000778,NCC025,SP0035,04/11/2024,716,595500.0
PO001136,NCC038,SP0021,26/03/2026,47,34400.0
PO001252,NCC030,SP0135,09/07/2026,808,599000.0
PO002873,NCC012,SP0071,10/11/2025,364,519600.0
PO000344,NCC029,SP0115,16/10/2025,599,21700.0
PO000775,NCC035,SP0219,18/07/2025,400,35900.0
PO003171,NCC027,SP0199,27/03/2025,259,71900.0
PO000965,NCC031,SP0213,10/01/2026,311,24400.0
PO000834,NCC043,SP0046,02/04/2026,303,28100.0
PO001243,NCC014,SP0032,07/09/2024,637,110500.0
PO002821,NCC006,SP0033,17/08/2025,381,56500.0
PO001640,NCC012,SP0034,07/11/2024,485,157700.0
PO002339,NCC022,SP0092,27/09/2024,969,31800.0
PO002815,NCC013,SP0200,27/12/2025,259,285100.0
PO002686,NCC013,SP0138,09/11/2024,414,23100.0
PO002408,NCC007,SP0219,17/01/2025,216,36800.0
PO000632,NCC014,SP0175,03/04/2026,70,19500.0
PO001119,NCC031,SP0219,20/12/2025,853,42200.0
PO001281,NCC007,SP0065,12/09/2024,592,468700.0
PO000371,NCC034,SP0036,06/05/2026,878,157600.0
PO001001,NCC029,SP0089,31/01/2026,853,116200.0
PO000062,NCC020,SP0071,11/12/2024,708,539600.0
PO001413,NCC002,SP0096,01/11/2024,362,44900.0
PO000178,NCC043,SP0169,26/07/2025,736,463100.0
PO002683,NCC029,SP0189,17/03/2025,846,77300.0
PO000879,NCC035,SP0132,24/07/2025,476,254400.0
PO002936,NCC014,SP0031,10/09/2024,498,42800.0
PO002849,NCC017,SP0134,08/08/2024,909,94600.0
PO003437,NCC015,SP0156,07/09/2024,268,69400.0
PO001803,NCC009,SP0010,12/05/2025,835,625100.0
PO003065,NCC012,SP0074,24/06/2026,577,706100.0
PO000545,NCC034,SP0077,10/03/2025,263,114100.0
PO003489,NCC044,SP0065,28/05/2025,853,537500.0
PO000713,NCC015,SP0092,06/03/2025,506,34600.0
PO003495,NCC045,SP0219,23/02/2025,526,37700.0
PO000228,NCC015,SP0124,25/04/2025,621,38100.0
PO001502,NCC041,SP0161,04/02/2026,887,61100.0
PO000369,NCC031,SP0130,17/06/2026,796,165200.0
PO001201,NCC023,SP0148,06/12/2024,274,38500.0
PO002986,NCC011,SP0042,29/07/2026,61,100500.0
PO9900037,NCC001,SP0213,05/12/2025,599,24500.0
PO000759,NCC010,SP0158,04/01/2025,863,82000.0
PO000580,NCC016,SP0140,29/06/2026,986,157600.0
PO002379,NCC004,SP0131,27/10/2024,434,30900.0
PO001450,NCC015,SP0124,17/12/2024,974,37400.0
PO001780,NCC009,SP0162,03/10/2025,841,95400.0
PO003415,NCC902,SP0100,12/09/2024,67,160800.0
PO002727,NCC008,SP0094,11/11/2025,325,85600.0
PO002949,NCC020,SP0134,22/05/2026,651,114200.0
PO002736,NCC013,SP0023,08/10/2024,780,103800.0
PO000472,NCC007,SP0199,21/01/2026,438,99100.0
PO003049,NCC001,SP0011,17/06/2025,739,30200.0
PO001344,NCC007,SP0046,17/05/2026,246,24500.0
PO001522,NCC045,SP0038,22/09/2024,641,590200.0
PO003398,NCC023,,05/19/2026,696,139900.0
PO001666,NCC040,SP0050,18/06/2026,743,406300.0
PO001912,NCC018,SP0081,31/05/2026,418,31700.0
PO001967,NCC034,SP0193,17/05/2025,385,89500.0
PO001053,NCC015,SP0022,04/02/2026,937,676600.0
PO002550,NCC036,SP0134,28/07/2025,256,119600.0
PO002903,NCC044,SP0149,06/10/2024,199,939800.0
PO003131,NCC043,SP0195,22/03/2026,663,131900.0
PO002043,NCC010,SP0070,06/07/2025,988,112200.0
PO002300,NCC041,SP0072,26/02/2025,669,370100.0
PO000451,NCC042,SP0187,30/09/2025,23,149500.0
PO001467,NCC006,SP0074,17/08/2024,987,777600.0
PO001321,NCC029,SP0088,30/06/2025,578,66100.0
PO003170,NCC036,SP0169,18/01/2026,108,538900.0
PO000596,NCC042,SP0063,16/02/2025,273,53300.0
PO001776,NCC029,SP0027,2026-01-04,909,52500.0
PO002510,NCC008,SP0218,10/07/2025,279,93700.0
PO000398,NCC026,SP0040,25/07/2026,630,108300.0
PO001632,NCC039,SP0006,05/10/2024,764,644900.0
PO002130,NCC027,SP0172,05/12/2024,210,452300.0
PO000720,NCC035,SP0111,11/30/2024,554,39900.0
PO002368,NCC004,SP0090,26/10/2024,423,490100.0
PO002279,NCC013,SP0131,27/10/2024,533,30600.0
PO000458,NCC039,SP0176,03/03/2026,162,91000.0
PO001170,NCC025,SP0199,21/11/2025,42,91500.0
PO002195,NCC004,SP0019,17/04/2026,880,93200.0
PO000958,NCC041,SP0028,04/05/2026,695,108000.0
PO001712,NCC036,SP0062,12/04/2026,545,167400.0
PO001212,NCC014,SP0141,14/03/2025,941,57500.0
PO9900036,NCC009,SP0173,02/03/2025,24,77100.0
PO000487,NCC043,SP0177,28/09/2024,432,128800.0
PO001264,NCC044,SP0015,27/10/2024,841,48600.0
PO001086,NCC012,SP0051,25/02/2025,400,174600.0
PO002165,NCC021,SP0047,28/04/2025,844,77300.0
PO000291,NCC037,SP0019,18/11/2024,760,98300.0
PO001256,NCC017,SP0044,15/01/2025,70,765800.0
PO003317,NCC041,SP0171,20/03/2025,199,20800.0
PO003413,NCC001,SP0173,24/09/2024,437,91800.0
PO002213,NCC022,SP0009,30/01/2026,234,282700.0
PO002430,NCC013,SP0217,15/02/2026,750,138600.0
PO002830,NCC038,SP0070,23/04/2025,902,105200.0
PO002180,NCC009,SP0052,04/05/2026,218,26400.0
PO003256,NCC016,SP0063,09/05/2025,487,51600.0
PO002333,NCC031,SP0147,08/09/2024,557,43200.0
PO000011,NCC023,SP0123,20/05/2026,553,132500.0
PO000279,NCC901,SP0205,14/06/2025,124,308700.0
PO002028,NCC045,SP0048,15/07/2026,814,44200.0
PO000204,NCC005,SP0007,01/01/2025,179,149800.0
PO000233,NCC014,SP0195,27/10/2025,177,126600.0
PO000393,NCC033,SP0115,02/03/2026,962,20400.0
PO003419,NCC022,SP0079,24/03/2026,153,21100.0
PO000092,NCC006,SP0157,22/08/2024,646,174300.0
PO000353,NCC024,SP0139,25/10/2024,218,133000.0
PO001823,NCC012,SP0131,14/07/2025,123,29400.0
PO002319,NCC021,SP0006,24/09/2024,722,733900.0
PO000433,NCC024,SP0025,16/09/2025,393,25600.0
PO001985,NCC011,SP0022,16/10/2024,298,869500.0
PO000039,NCC015,SP0069,09/04/2025,677,44300.0
PO003298,NCC008,SP0054,21/02/2026,973,95100.0
PO002183,NCC029,SP0046,04/03/2025,132,25100.0
PO000569,NCC033,SP0196,10/11/2025,906,76500.0
PO001513,NCC037,SP0195,21/03/2026,592,148700.0
PO003200,NCC010,SP0220,11/08/2024,922,40900.0
PO003450,NCC026,SP0047,30/12/2025,685,97900.0
PO000771,NCC036,SP0201,22/08/2025,371,611100.0
PO000055,NCC035,SP0084,20/11/2025,237,80800.0
PO003360,NCC022,SP0167,10/02/2025,295,32200.0
PO003182,NCC037,SP0143,30/10/2025,47,92200.0
PO001035,NCC032,SP0098,18/02/2025,322,80700.0
PO9900044,NCC001,SP0134,04/12/2025,853,111900.0
PO001800,NCC009,SP0069,26/04/2025,237,37500.0
PO003163,NCC044,SP0147,14/08/2024,517,47500.0
PO001654,NCC043,SP0103,2026-06-07,321,135000.0
PO000567,NCC024,,04/17/2026,347,52900.0
PO000140,NCC018,SP0137,12/08/2025,449,556400.0
PO000975,NCC003,SP0208,30/12/2024,896,80100.0
PO001124,NCC045,SP0082,24/03/2026,117,504400.0
PO002669,NCC023,SP0187,12/09/2025,321,160700.0
PO002021,NCC021,SP0063,27/06/2025,195,49300.0
PO001152,NCC017,SP0163,04/01/2026,158,113700.0
PO000895,NCC007,SP0048,08/10/2024,637,40400.0
PO002832,NCC043,SP0100,09/07/2025,397,147600.0
PO003443,NCC010,SP0052,04/07/2025,868,27400.0
PO002671,NCC028,SP0191,28/08/2025,203,33600.0
PO002578,NCC900,SP0124,18/10/2025,395,42500.0
PO003348,NCC902,SP0151,14/04/2025,251,137800.0
PO002351,NCC025,SP0016,2025-01-05,613,528700.0
PO000649,NCC002,SP0002,11/08/2025,685,28200.0
PO001115,NCC011,SP0090,16/09/2025,440,540500.0
PO000245,NCC005,SP0162,22/04/2025,687,99500.0
PO000830,NCC011,SP0041,27/05/2025,937,871600.0
PO003368,NCC013,SP0084,09/03/2026,174,107800.0
PO000901,NCC025,SP0130,16/04/2025,87,139500.0
PO002711,NCC019,SP0066,11/09/2024,478,366300.0
PO002721,NCC021,SP0113,04/05/2026,218,114600.0
PO003195,NCC040,SP0216,05/06/2025,816,45600.0
PO003192,NCC019,SP0051,13/11/2025,507,170200.0
PO002341,NCC033,SP0083,14/05/2026,167,49000.0
PO002844,NCC016,SP0022,20/04/2025,764,840500.0
PO001924,NCC032,SP0068,08/07/2026,951,38500.0
PO000406,NCC034,SP0195,17/09/2025,456,164000.0
PO001482,NCC016,SP0141,16/10/2024,575,46500.0
PO003281,NCC032,SP0175,24/09/2024,715,20200.0
PO001276,NCC011,SP0184,20/12/2025,112,120200.0
PO001953,NCC044,SP0005,2025-07-25,611,136000.0
PO000473,NCC027,SP0086,08/01/2026,140,127400.0
PO003468,NCC002,SP0131,20/06/2026,196,31800.0
PO001079,NCC023,SP0006,23/01/2026,180,598900.0
PO000701,NCC013,SP0097,12/06/2025,409,52700.0
PO000756,NCC019,SP0041,30/06/2026,141,718000.0
PO000272,NCC006,SP0116,03/11/2025,304,394100.0
PO002621,NCC037,SP0070,23/12/2024,972,101200.0
PO001981,NCC043,SP0118,03/09/2024,822,123500.0
PO001205,NCC034,SP0129,29/12/2024,176,121000.0
PO002920,NCC004,SP0014,04/12/2025,386,447800.0
PO002461,NCC010,,02/07/2026,777,38700.0
PO000666,NCC906,SP0198,11/02/2025,535,18800.0
PO000684,NCC041,SP0030,28/09/2024,154,668600.0
PO002525,NCC019,,16/02/2025,102,158800.0
PO003335,NCC021,SP0089,15/10/2024,487,112300.0
PO000248,NCC034,SP0166,09/05/2025,837,259300.0
PO001363,NCC904,SP0112,02/08/2025,762,91000.0
PO001082,NCC018,SP0206,21/12/2025,201,38800.0
PO003250,NCC034,SP0216,25/04/2025,405,48200.0
PO003363,NCC043,SP0191,28/04/2025,598,35400.0
PO001723,NCC003,SP0132,21/06/2025,27,293100.0
PO001592,NCC007,SP0130,26/07/2026,97,157000.0
PO001288,NCC004,SP0063,26/12/2025,476,56900.0
PO001299,NCC032,SP0195,29/10/2025,700,119100.0
PO001607,NCC009,SP0099,2025-09-26,558,131600.0
PO001329,NCC004,,09/09/2024,537,37600.0
PO001931,NCC030,SP0187,06/04/2026,853,130000.0
PO000753,NCC004,SP0129,02/01/2025,972,130500.0
PO000012,NCC903,SP0023,14/11/2024,478,108500.0
PO003452,NCC030,SP0200,01/07/2026,523,266300.0
PO001350,NCC909,SP0120,09/03/2025,187,83600.0
PO002157,NCC019,SP0021,08/03/2025,323,33500.0
PO001266,NCC001,SP0041,06/04/2026,722,807900.0
PO002773,NCC011,SP0170,13/10/2025,153,158000.0
PO002281,NCC038,SP0183,2026-06-06,764,96200.0
PO001979,NCC037,SP0030,13/11/2024,446,595900.0
PO002695,NCC010,SP0085,06/07/2026,957,68100.0
PO002328,NCC003,SP0154,04/08/2024,834,24200.0
PO002896,NCC041,SP0074,14/04/2026,77,680500.0
PO003036,NCC022,SP0021,08/09/2024,163,36400.0
PO002147,NCC015,SP0178,18/01/2025,377,142800.0
PO002081,NCC031,SP0214,11/10/2024,239,40100.0
PO002622,NCC027,SP0089,27/05/2025,697,116600.0
PO001943,NCC043,SP0030,29/06/2025,371,576000.0
PO003315,NCC032,SP0215,22/07/2026,84,65200.0
PO001661,NCC015,SP0014,21/03/2025,32,397300.0
PO000182,NCC005,SP0049,25/09/2025,333,115000.0
PO003066,NCC045,SP0051,27/02/2026,942,135300.0
PO002573,NCC002,SP0098,26/06/2026,521,83200.0
PO000310,NCC014,SP0002,09/05/2026,587,26200.0
PO003438,NCC034,,25/11/2024,808,54500.0
PO000320,NCC016,SP0001,01/08/2025,377,29000.0
PO003304,NCC006,SP0186,17/04/2026,709,634400.0
PO002464,NCC030,SP0086,18/09/2025,638,100700.0
PO002672,NCC040,SP0054,13/01/2026,63,89400.0
PO003313,NCC005,SP0219,10/10/2024,744,45000.0
PO002089,NCC015,SP0103,2026-06-25,144,136900.0
PO000816,NCC016,SP0112,03/12/2025,127,105200.0
PO002649,NCC028,SP0139,11/01/2025,593,130000.0
PO002599,NCC018,SP0051,15/08/2024,594,181600.0
PO002523,NCC032,SP0095,30/09/2024,617,49300.0
PO9900014,NCC018,SP0135,21/09/2025,820,576700.0
PO001890,NCC036,SP0036,06/05/2025,346,168700.0
PO001044,NCC036,SP0151,04/09/2024,944,132900.0
PO001911,NCC018,SP0155,08/02/2025,957,164300.0
PO001838,NCC011,SP0059,14/08/2024,891,463300.0
PO9900048,NCC037,SP0127,19/08/2024,428,29400.0
PO000266,NCC029,SP0090,08/02/2025,440,526800.0
PO000695,NCC014,SP0078,28/09/2024,158,132100.0
PO001855,NCC026,SP0146,19/12/2025,90,69400.0
PO002634,NCC045,,08/05/2026,31,157200.0
PO001763,NCC034,SP0061,05/05/2026,277,137000.0
PO000948,NCC023,SP0064,2025-11-21,58,130600.0
PO002675,NCC012,SP0178,16/01/2025,375,152900.0
PO001830,NCC012,SP0185,27/08/2024,155,19700.0
PO002644,NCC025,SP0080,25/05/2026,604,115200.0
PO000468,NCC039,SP0032,20/05/2025,695,101000.0
PO001987,NCC010,SP0071,29/09/2024,793,549800.0
PO002046,NCC031,SP0017,02/06/2026,829,39200.0
PO001162,NCC040,,03/01/2025,162,37500.0
PO002541,NCC008,SP0003,24/11/2024,600,42100.0
PO001046,NCC041,SP0063,18/02/2025,595,57200.0
PO002612,NCC026,SP0179,22/03/2026,482,133300.0
PO000589,NCC043,SP0035,2024-11-15,364,521400.0
PO002029,NCC025,SP0109,15/05/2025,885,638700.0
PO000382,NCC016,SP0032,07/20/2025,359,119300.0
PO002172,NCC028,SP0038,10/03/2025,369,624600.0
PO002726,NCC039,SP0185,13/08/2025,962,19400.0
PO001043,NCC014,SP0187,19/08/2024,468,117700.0
PO001362,NCC020,SP0219,14/02/2026,673,46300.0
PO001427,NCC038,SP0018,08/04/2026,981,513800.0
PO003361,NCC007,SP0001,09/07/2026,909,29900.0
PO000176,NCC041,SP0125,11/01/2026,650,146800.0
PO003465,NCC035,SP0060,21/06/2026,381,21700.0
PO000427,NCC030,SP0137,24/01/2026,613,544200.0
PO002917,NCC024,SP0112,16/01/2025,161,111100.0
PO002684,NCC029,SP0184,09/02/2026,872,174100.0
PO000115,NCC014,SP0031,30/07/2025,531,40300.0
PO002891,NCC013,SP0096,28/07/2025,506,41800.0
PO002357,NCC016,SP0023,25/03/2025,331,104700.0
PO002881,NCC028,,29/04/2026,604,22400.0
PO000888,NCC016,SP0103,29/05/2026,933,117300.0
PO002034,NCC009,SP0059,31/10/2024,117,503600.0
PO000740,NCC013,SP0176,29/11/2024,741,75500.0
PO000203,NCC014,SP0073,26/08/2024,841,62700.0
PO001726,NCC024,SP0094,04/11/2025,381,85100.0
PO002347,NCC039,SP0183,20/11/2024,141,89300.0
PO001406,NCC005,SP0050,05/06/2025,170,504400.0
PO002878,NCC011,SP0009,11/12/2025,693,260500.0
PO000818,NCC034,SP0153,08/12/2025,203,108800.0
PO000367,NCC009,SP0060,03/03/2026,383,19100.0
PO003384,NCC024,SP0160,23/06/2026,898,52200.0
PO002112,NCC008,SP0037,14/01/2026,226,90900.0
PO001642,NCC037,SP0131,12/06/2024,84,29200.0
PO003407,NCC014,SP0189,02/10/2024,33,95000.0
PO003142,NCC034,SP0187,21/12/2024,290,124000.0
PO001061,NCC039,SP0073,01/10/2024,312,65300.0
PO001665,NCC005,SP0034,24/12/2025,234,157000.0
PO000687,NCC043,SP0156,2025-08-12,55,65400.0
PO000927,NCC045,SP0204,21/04/2025,702,890400.0
PO001412,NCC016,,23/08/2024,431,204600.0
PO001756,NCC025,SP0110,29/03/2025,621,37700.0
PO000582,NCC012,SP0080,17/01/2025,563,97200.0
PO003112,NCC044,SP0134,02/09/2024,919,105100.0
PO000048,NCC043,SP0116,18/09/2024,612,353900.0
PO003292,NCC028,SP0220,27/06/2025,747,41700.0
PO002348,NCC020,SP0079,31/03/2025,866,21100.0
PO001343,NCC043,SP0051,07/03/2026,620,152900.0
PO003254,NCC005,SP0111,20/03/2026,312,38900.0
PO001290,NCC044,SP0127,29/10/2024,950,31100.0
PO001619,NCC007,SP0120,17/06/2025,116,102000.0
PO001980,NCC044,SP0016,18/10/2024,636,615300.0
PO001793,NCC023,SP0133,2025-08-27,880,150900.0
PO002549,NCC042,SP0177,11/04/2026,527,114500.0
PO003265,NCC027,SP0176,09/05/2026,929,101500.0
PO003283,NCC003,SP0174,23/11/2025,600,460100.0
PO001424,NCC033,,26/08/2025,977,510200.0
PO000790,NCC034,SP0146,03/07/2025,126,57000.0
PO002791,NCC026,SP0115,31/05/2025,134,21200.0
PO002766,NCC033,SP0191,06/06/2026,167,35300.0
PO002855,NCC008,SP0164,10/11/2025,190,548300.0
PO000131,NCC040,SP0070,22/04/2026,647,107500.0
PO003016,NCC036,SP0138,11/08/2024,307,26200.0
PO001790,NCC017,SP0014,29/01/2025,547,422400.0
PO003271,NCC012,SP0118,22/12/2024,955,105900.0
PO000043,NCC016,SP0174,20/03/2026,494,487800.0
PO001452,NCC022,SP0141,02/11/2024,789,53900.0
PO003031,NCC007,SP0136,17/11/2025,780,662700.0
PO001952,NCC040,SP0105,19/09/2024,956,100700.0
PO001773,NCC014,SP0205,26/07/2025,199,246200.0
PO002111,NCC011,SP0188,14/05/2026,95,108400.0
PO001492,NCC039,SP0013,05/08/2025,914,76800.0
PO001674,NCC010,SP0031,26/09/2025,930,42700.0
PO002124,NCC020,SP0122,02/12/2025,322,75700.0
PO000017,NCC039,SP0116,07/07/2026,60,428700.0
PO002208,NCC006,SP0153,17/07/2026,272,110500.0
PO003411,NCC036,SP0069,28/09/2025,607,42300.0
PO002506,NCC012,SP0126,27/03/2026,850,56300.0
PO000464,NCC042,SP0039,26/11/2025,724,14000.0
PO001993,NCC004,SP0156,10/07/2025,431,71600.0
PO001935,NCC021,SP0142,07/12/2024,135,374100.0
PO000954,NCC028,SP0172,22/01/2025,162,483200.0
PO003051,NCC017,SP0164,12/04/2025,382,537600.0
PO002467,NCC034,SP0060,31/05/2026,784,20900.0
PO000042,NCC023,SP0146,23/01/2025,229,60700.0
PO000644,NCC028,SP0133,22/09/2025,529,135400.0
PO001713,NCC036,SP0046,01/08/2024,541,26400.0
PO001481,NCC902,SP0033,13/01/2025,265,54500.0
PO001821,NCC038,SP0209,12/07/2026,463,73600.0
PO000881,NCC035,SP0097,26/12/2024,149,64600.0
PO001477,NCC033,SP0016,13/01/2025,261,485600.0
PO001081,NCC030,SP0116,25/11/2024,879,400200.0
PO000732,NCC024,SP0004,26/09/2024,581,102900.0
PO001431,NCC045,SP0176,07/16/2025,815,77200.0
PO000739,NCC023,SP0046,2025-08-29,34,25300.0
PO001908,NCC028,SP0079,17/10/2025,396,19500.0
PO002944,NCC038,SP0045,08/05/2026,131,113600.0
PO000584,NCC044,,26/07/2026,250,706700.0
PO000696,NCC027,SP0072,08/09/2024,371,422800.0
PO000523,NCC002,SP0007,01/10/2024,382,162800.0
PO000904,NCC014,SP0031,05/06/2025,216,42400.0
PO003237,NCC014,SP0206,02/04/2026,241,37800.0
PO001324,NCC029,SP0100,09/08/2025,161,132300.0
PO002385,NCC015,,22/01/2025,462,100100.0
PO000147,NCC032,SP0024,13/11/2025,871,60100.0
PO001068,NCC018,SP0078,31/08/2025,53,119300.0
PO001375,NCC026,SP0092,2024-10-27,877,32600.0
PO001644,NCC028,SP0194,31/05/2025,342,95300.0
PO001198,NCC027,SP0200,19/09/2024,227,292300.0
PO001099,NCC012,SP0123,11/01/2026,28,133600.0
PO000641,NCC026,SP0054,25/06/2025,671,74700.0
PO003155,NCC045,SP0055,01/02/2025,728,161700.0
PO002475,NCC009,SP0181,01/12/2024,772,488000.0
PO000447,NCC043,SP0028,03/06/2026,462,112600.0
PO003127,NCC011,SP0119,16/10/2025,710,160800.0
PO003091,NCC020,SP0139,2025-01-04,863,137600.0
PO002610,NCC008,SP0041,04/11/2024,773,686400.0
PO000605,NCC040,SP0170,17/03/2025,591,146700.0
PO000308,NCC037,SP0167,31/01/2025,498,29200.0
PO001871,NCC019,SP0100,10/01/2026,871,177200.0
PO002625,NCC009,SP0104,31/10/2024,385,768000.0
PO003101,NCC041,SP0203,28/06/2025,485,727300.0
PO003456,NCC008,SP0159,19/10/2024,21,462600.0
PO000956,NCC017,SP0097,03/31/2026,632,50100.0
PO003293,NCC024,SP0084,18/10/2025,773,100100.0
PO003028,NCC031,SP0132,14/08/2025,952,315100.0
PO001655,NCC032,SP0055,15/03/2025,962,153900.0
PO000407,NCC019,SP0044,24/06/2026,426,801700.0
PO003394,NCC031,SP0126,24/02/2026,703,69800.0
PO001286,NCC023,SP0123,08/04/2025,945,135000.0
PO002602,NCC017,SP0144,02/06/2026,812,143000.0
PO001944,NCC015,SP0098,04/04/2025,323,84800.0
PO001238,NCC012,SP0220,26/09/2024,892,43500.0
PO001417,NCC042,SP0138,18/12/2024,498,24500.0
PO003492,NCC032,SP0117,15/11/2024,258,34700.0
PO002027,NCC045,SP0113,02/06/2025,819,106700.0
PO002226,NCC008,SP0126,11/01/2026,907,72100.0
PO000579,NCC005,SP0173,29/11/2025,580,89200.0
PO002231,NCC043,SP0009,04/06/2026,347,304500.0
PO000865,NCC014,,04/04/2026,636,619400.0
PO000721,NCC027,SP0207,26/03/2025,222,19200.0
PO001126,NCC037,SP0144,10/06/2025,876,121300.0
PO001879,NCC003,SP0191,22/07/2025,612,33600.0
PO000512,NCC033,SP0154,22/10/2025,291,24100.0
PO002026,NCC003,SP0203,11/09/2025,222,634800.0
PO002713,NCC010,SP0165,25/10/2025,340,23100.0
PO001575,NCC017,SP0153,28/06/2026,464,100900.0
PO001889,NCC024,SP0217,05/01/2025,178,126400.0
PO002564,NCC042,SP0052,05/03/2025,491,26900.0
PO001179,NCC044,SP0178,25/11/2025,23,139300.0
PO001048,NCC035,SP0001,09/04/2026,377,30500.0
PO002522,NCC040,SP0060,11/11/2024,305,22000.0
PO002645,NCC021,SP0207,26/09/2025,980,21100.0
PO000061,NCC040,SP0170,27/09/2025,317,133100.0
PO001117,NCC037,SP0138,28/09/2024,269,25100.0
PO000205,NCC025,SP0072,06/02/2026,753,380300.0
PO001714,NCC039,SP0135,02/10/2025,565,647200.0
PO000460,NCC033,SP0009,01/01/2026,439,258900.0
PO000637,NCC037,SP0124,04/06/2025,585,58200.0
PO002805,NCC009,SP0120,19/01/2026,685,81200.0
PO000925,NCC037,SP0196,29/07/2025,271,80800.0
PO001647,NCC039,SP0140,18/12/2025,395,159700.0
PO000704,NCC001,SP0150,06/12/2025,734,117900.0
PO001339,NCC005,SP0063,21/05/2025,674,60000.0
PO001171,NCC016,SP0065,13/01/2025,94,477800.0
PO001320,NCC038,SP0069,17/12/2025,787,34100.0
PO001930,NCC024,SP0081,19/10/2025,595,29400.0
PO001308,NCC035,SP0094,05/12/2024,81,81500.0
PO000026,NCC011,SP0106,23/06/2025,481,112900.0
PO001942,NCC029,SP0149,07/08/2025,207,708300.0
PO001578,NCC030,SP0191,06/10/2024,243,36800.0
PO001886,NCC909,,12/06/2025,316,457600.0
PO002419,NCC031,SP0144,16/11/2024,386,141600.0
PO002668,NCC041,SP0204,02/08/2024,397,737500.0
PO001741,NCC028,SP0008,18/03/2026,338,747600.0
PO002313,NCC001,SP0131,20/02/2026,910,29300.0
PO001650,NCC027,SP0013,04/07/2025,945,81200.0
PO000087,NCC030,SP0064,19/07/2025,259,101900.0
PO001966,NCC037,SP0019,2025-05-26,123,96800.0
PO002784,NCC029,SP0123,07/05/2025,726,139500.0
PO002579,NCC003,SP0044,14/07/2026,578,744700.0
PO003466,NCC004,SP0062,03/01/2026,171,141600.0
PO001161,NCC013,SP0078,27/05/2025,149,99600.0
PO002616,NCC022,SP0118,16/02/2026,726,122700.0
PO001097,NCC039,SP0111,25/01/2026,974,41500.0
PO002545,NCC038,SP0005,20/08/2024,228,166600.0
PO002093,NCC031,SP0047,09/10/2025,394,97300.0
PO000894,NCC023,SP0197,05/03/2025,162,586400.0
PO002835,NCC021,SP0128,14/06/2025,159,169200.0
PO002716,NCC029,SP0124,11/06/2025,519,46700.0
PO001038,NCC044,SP0188,07/08/2024,339,105100.0
PO001080,NCC032,SP0017,19/09/2025,709,37400.0
PO002094,NCC031,SP0077,28/01/2025,570,90100.0
PO002127,NCC001,SP0152,29/01/2026,835,133300.0
PO001841,NCC018,,15/01/2025,703,39600.0
PO000470,NCC028,SP0092,10/03/2025,627,32900.0
PO9900031,NCC011,SP0154,18/09/2024,766,25900.0
PO001765,NCC023,,15/10/2025,773,492900.0
PO002970,NCC018,SP0057,06/06/2026,286,140300.0
PO002149,NCC029,SP0195,16/08/2024,82,118200.0
PO001840,NCC023,SP0171,20/03/2026,977,19900.0
PO000255,NCC036,SP0009,27/01/2025,925,286600.0
PO002703,NCC025,SP0137,13/07/2025,549,668700.0
PO002663,NCC021,SP0012,08/03/2025,997,106800.0
PO002004,NCC001,SP0158,27/10/2025,993,100900.0
PO000683,NCC023,SP0147,08/08/2024,844,41600.0
PO000828,NCC015,SP0144,17/03/2026,895,120900.0
PO000435,NCC008,SP0065,02/07/2026,346,490500.0
PO001833,NCC008,SP0029,08/12/2024,861,135700.0
PO002783,NCC005,SP0162,24/04/2026,860,109800.0
PO002570,NCC027,SP0199,24/09/2025,769,74200.0
PO001878,NCC001,SP0076,13/06/2026,945,65700.0
PO000196,NCC007,SP0117,13/10/2024,773,32500.0
PO003021,NCC035,SP0075,12/06/2025,437,95900.0
PO9900033,NCC025,SP0118,09/10/2024,254,118300.0
PO000699,NCC002,SP0105,11/05/2025,238,112400.0
PO003277,NCC044,SP0098,19/02/2025,606,85100.0
PO000081,NCC038,SP0070,29/03/2026,21,104000.0
PO001121,NCC034,SP0007,06/11/2025,466,145800.0
PO000284,NCC008,SP0162,16/05/2025,342,116600.0
PO002087,NCC005,SP0132,24/01/2025,740,284000.0
PO000298,NCC032,SP0181,02/02/2025,980,474000.0
PO001775,NCC033,SP0139,02/07/2026,357,101400.0
PO001204,NCC009,SP0048,2026-04-21,317,39200.0
PO002045,NCC016,SP0040,2025-06-17,571,121000.0
PO001527,NCC028,SP0083,01/12/2024,313,48100.0
PO000343,NCC022,SP0138,20/01/2025,940,22700.0
PO003347,NCC045,SP0023,13/01/2025,987,122300.0
PO000200,NCC006,SP0074,22/05/2025,946,623500.0
PO000931,NCC001,SP0079,11/10/2025,811,19100.0
PO001071,NCC017,SP0167,21/11/2024,918,29300.0
PO002151,NCC045,SP0204,08/09/2024,886,914300.0
PO003436,NCC029,SP0110,19/12/2025,550,39800.0
PO001402,NCC014,SP0216,29/10/2024,968,45700.0
PO003064,NCC001,SP0161,17/08/2025,794,70600.0
PO003319,NCC023,SP0092,01/07/2025,727,31900.0
PO003322,NCC038,SP0026,12/07/2025,267,64700.0
PO002273,NCC005,SP0123,23/12/2024,802,154400.0
PO001448,NCC001,SP0070,10/08/2025,484,90900.0
PO001439,NCC002,SP0172,10/03/2025,774,461500.0
PO003382,NCC038,SP0188,12/10/2025,399,111000.0
PO001107,NCC006,SP0097,04/10/2024,202,55700.0
PO003243,NCC017,SP0050,26/06/2025,752,395300.0
PO003136,NCC004,SP0183,05/12/2025,396,94200.0
PO003231,NCC019,SP0157,14/06/2025,480,136400.0
PO000626,NCC039,SP0140,18/12/2025,942,173100.0
PO003194,NCC019,SP0037,08/09/2024,238,112900.0
PO000991,NCC027,SP0012,25/12/2025,534,112700.0
PO002971,NCC022,,13/02/2026,582,674200.0
PO001510,NCC006,SP0136,05/17/2025,883,523900.0
PO000848,NCC001,SP0048,09/05/2026,857,42300.0
PO000274,NCC014,SP0101,19/10/2024,354,243300.0
PO002912,NCC028,SP0218,03/06/2025,153,107900.0
PO003146,NCC004,SP0122,05/12/2024,655,82100.0
PO002282,NCC031,SP0112,27/01/2026,653,82900.0
PO000247,NCC014,SP0215,08/01/2025,210,50000.0
PO003500,NCC001,SP0072,19/09/2025,245,452800.0
PO000356,NCC018,SP0050,29/07/2026,961,513900.0
PO003209,NCC012,SP0183,09/10/2025,450,88800.0
PO001630,NCC028,SP0175,09/08/2025,364,20400.0
PO000322,NCC017,SP0045,21/05/2025,249,141200.0
PO002119,NCC015,SP0041,31/08/2024,205,712900.0
PO002496,NCC043,SP0178,13/03/2026,417,127600.0
PO001461,NCC029,SP0113,20/12/2024,400,106400.0
PO002051,NCC017,SP0116,08/04/2025,983,390800.0
PO000642,NCC041,SP0110,19/08/2025,236,41100.0
PO001948,NCC018,SP0123,19/12/2024,295,133600.0
PO000146,NCC028,SP0058,08/11/2024,490,32000.0
PO000803,NCC018,SP0172,20/09/2025,55,479300.0
PO001541,NCC039,SP0138,03/10/2025,821,25200.0
PO002922,NCC035,SP0099,03/19/2025,921,134300.0
PO000467,NCC019,SP0083,08/03/2025,801,46700.0
PO003423,NCC032,SP0135,26/03/2026,85,723000.0
PO001625,NCC014,SP0180,29/01/2025,200,714600.0
PO002880,NCC036,SP0136,06/05/2025,657,593200.0
PO002929,NCC030,SP0160,21/03/2026,298,45500.0
PO001828,NCC040,SP0141,12/09/2024,625,45500.0
PO000278,NCC024,SP0155,22/11/2024,483,135900.0
PO001214,NCC019,SP0113,21/01/2026,941,98800.0
PO001371,NCC006,SP0180,12/02/2026,529,789600.0
PO000936,NCC039,,19/03/2026,111,660300.0
PO003009,NCC031,SP0106,05/06/2026,576,115900.0
PO000998,NCC025,SP0056,09/02/2025,748,42600.0
PO001518,NCC025,SP0013,22/09/2024,222,79200.0
PO001357,NCC008,SP0117,26/11/2024,724,32500.0
PO001420,NCC023,SP0005,31/07/2026,719,135100.0
PO000256,NCC021,SP0084,12/02/2026,532,84700.0
PO002418,NCC006,,2025-04-15,498,441400.0
PO002209,NCC007,SP0216,2025-04-15,545,59100.0
PO000538,NCC018,SP0204,2025-01-12,335,873300.0
PO002921,NCC021,SP0017,14/12/2024,74,38500.0
PO002104,NCC011,SP0017,24/09/2025,860,36700.0
PO001600,NCC009,SP0071,16/05/2026,965,543600.0
PO001601,NCC012,SP0197,06/09/2024,393,541100.0
PO000755,NCC017,SP0173,20/09/2024,586,104800.0
PO001470,NCC008,SP0005,06/03/2026,268,149000.0
PO001589,NCC028,SP0064,20/02/2025,942,110200.0
PO002076,NCC045,SP0062,19/03/2026,163,153000.0
PO002188,NCC041,SP0166,08/03/2025,675,195700.0
PO003387,NCC035,SP0048,02/04/2025,652,42000.0
PO003218,NCC038,SP0012,25/11/2024,104,86000.0
PO001635,NCC008,SP0133,18/04/2026,822,137400.0
PO000246,NCC026,SP0056,03/04/2026,996,42200.0
PO001292,NCC011,SP0195,03/04/2025,208,154900.0
PO000855,NCC023,SP0066,30/11/2024,955,274700.0
PO001386,NCC024,SP0207,20/04/2026,170,19800.0
PO002268,NCC041,SP0217,28/05/2026,131,153800.0
PO001570,NCC004,SP0206,19/07/2026,596,38000.0
PO003308,NCC030,SP0158,11/25/2025,421,94600.0
PO000216,NCC042,SP0046,08/12/2024,756,28400.0
PO002552,NCC027,SP0186,27/06/2025,282,674300.0
PO002242,NCC030,SP0005,07/06/2026,860,142000.0
PO001894,NCC020,SP0215,07/04/2026,602,55100.0
PO003172,NCC027,SP0087,03/01/2025,390,104300.0
PO002216,NCC030,SP0115,21/10/2025,268,19800.0
PO002463,NCC025,SP0064,01/11/2025,180,107800.0
PO002340,NCC013,SP0033,25/05/2025,715,67500.0
PO001169,NCC002,SP0018,02/12/2024,235,527100.0
PO002635,NCC011,SP0163,26/02/2026,679,101500.0
PO002596,NCC011,SP0218,2025-02-05,913,91800.0
PO002222,NCC001,SP0155,20/12/2025,355,151200.0
PO001108,NCC002,SP0138,17/08/2024,151,25200.0
PO000295,NCC031,SP0070,12/08/2024,301,101500.0
PO001098,NCC007,SP0159,18/08/2025,795,426400.0
PO003245,NCC015,SP0169,2026-04-10,576,507500.0
PO002329,NCC028,SP0073,04/02/2025,414,71100.0
PO001918,NCC020,SP0075,22/05/2026,772,87500.0
PO002700,NCC905,SP0178,20/09/2025,933,122400.0
PO000122,NCC021,SP0209,06/01/2025,727,74700.0
PO000845,NCC004,SP0143,01/01/2026,434,82900.0
PO001282,NCC011,SP0181,11/03/2025,790,551200.0
PO000746,NCC010,SP0174,08/02/2025,246,524000.0
PO001648,NCC010,SP0031,11/03/2026,257,36900.0
PO001528,NCC005,SP0142,23/03/2026,996,293100.0
PO003362,NCC020,SP0095,20/09/2025,632,50800.0
PO002269,NCC022,SP0091,21/02/2026,631,49700.0
PO000653,NCC012,SP0088,11/05/2025,892,61200.0
PO003217,NCC008,SP0082,05/03/2025,162,528100.0
PO002125,NCC032,SP0050,01/12/2024,587,415600.0
PO002184,NCC043,SP0004,07/05/2026,201,120500.0
PO000448,NCC033,SP0025,17/03/2026,210,25500.0
PO002054,NCC014,SP0211,26/06/2025,592,149500.0
PO003151,NCC043,SP0042,18/11/2025,688,101400.0
PO9900047,NCC016,SP0071,25/09/2025,436,584600.0
PO003351,NCC907,SP0134,04/12/2025,853,111900.0
PO001511,NCC042,SP0168,17/06/2025,688,21100.0
PO002324,NCC027,SP0134,03/01/2026,79,96100.0
PO000100,NCC015,SP0022,09/03/2026,22,884600.0
PO000499,NCC007,SP0191,14/03/2026,56,37600.0
PO002303,NCC036,SP0102,27/06/2026,288,483100.0
PO000129,NCC013,SP0189,27/10/2025,986,73500.0
PO002927,NCC018,SP0154,01/03/2026,114,24900.0
PO002794,NCC005,SP0099,11/06/2026,813,118400.0
PO002363,NCC002,SP0133,28/09/2024,646,159500.0
PO003472,NCC004,SP0195,23/06/2025,143,112000.0
PO002066,NCC044,SP0118,09/08/2025,739,124200.0
PO000408,NCC017,SP0050,29/05/2026,877,459600.0
PO002591,NCC041,SP0027,16/01/2026,223,52800.0
PO000301,NCC037,SP0105,03/09/2025,772,98700.0
PO001986,NCC032,SP0138,10/03/2025,680,23900.0
PO003403,NCC002,SP0175,27/02/2026,100,18800.0
PO003145,NCC023,SP0196,21/11/2025,344,75400.0
PO002823,NCC042,SP0107,16/01/2025,545,191900.0
PO002134,NCC012,SP0070,02/06/2026,809,88600.0
PO000729,NCC020,SP0156,02/03/2026,617,66200.0
PO002999,NCC044,SP0195,15/04/2025,379,160400.0
PO000717,NCC035,SP0082,24/07/2025,724,551800.0
PO003073,NCC042,SP0197,14/05/2025,226,560400.0
PO000747,NCC001,SP0029,07/01/2026,922,149000.0
PO000068,NCC019,SP0110,24/06/2025,465,40500.0
PO000863,NCC029,SP0129,07/03/2026,908,166500.0
PO002785,NCC909,SP0047,07/09/2025,326,102500.0
PO001381,NCC029,SP0177,14/10/2025,995,174100.0
PO001819,NCC012,SP0162,08/02/2025,35,106900.0
PO000679,NCC016,SP0017,08/02/2026,751,35800.0
PO000784,NCC004,SP0211,13/08/2025,608,139700.0
PO002601,NCC037,SP0119,05/12/2025,502,136300.0
PO003222,NCC007,SP0166,15/02/2026,205,203400.0
PO000646,NCC034,SP0211,31/03/2026,562,141000.0
PO001955,NCC023,SP0095,23/08/2024,763,67300.0
PO001432,NCC004,SP0160,04/09/2025,177,46100.0
PO002136,NCC041,SP0161,12/04/2025,625,77600.0
PO002761,NCC012,SP0046,29/01/2025,424,27000.0
PO003307,NCC029,SP0160,09/10/2024,85,42400.0
PO001443,NCC015,SP0200,17/01/2025,449,274700.0
PO000967,NCC023,SP0087,14/08/2024,778,117100.0
PO002587,NCC044,,29/08/2025,74,103300.0
PO001323,NCC029,SP0194,15/06/2025,698,89900.0
PO003417,NCC043,SP0002,28/07/2025,956,26300.0
PO000241,NCC038,SP0061,04/21/2025,859,119300.0
PO002892,NCC015,SP0028,24/07/2026,788,116000.0
PO001826,NCC023,SP0219,19/12/2025,43,34500.0
PO003444,NCC008,SP0192,08/01/2025,934,359400.0
PO001369,NCC025,SP0119,24/02/2026,173,161900.0
PO001758,NCC045,SP0099,04/21/2025,877,143800.0
PO000689,NCC019,SP0157,06/04/2025,231,152100.0
PO002285,NCC032,SP0123,25/09/2025,474,142800.0
PO000615,NCC040,SP0194,26/04/2026,41,80100.0
PO001856,NCC020,SP0001,31/12/2024,189,30200.0
PO001805,NCC004,SP0181,08/10/2025,951,452000.0
PO002875,NCC033,SP0141,21/08/2025,781,45400.0
PO000336,NCC023,SP0136,20/09/2024,400,604400.0
PO000010,NCC008,SP0060,21/05/2026,676,22200.0
PO001377,NCC043,,02/12/2024,922,69500.0
PO002738,NCC012,SP0158,02/03/2025,855,82100.0
PO001771,NCC031,SP0185,24/02/2025,80,20900.0
PO9900053,NCC035,SP0098,01/01/2026,224,81300.0
PO002009,NCC039,SP0203,13/08/2024,171,616900.0
PO000049,NCC033,SP0219,11/09/2024,462,41500.0
PO000595,NCC907,SP0188,10/11/2025,186,82200.0
PO002396,NCC023,SP0122,24/11/2025,897,73500.0
PO000837,NCC013,SP0020,12/16/2025,881,70900.0
PO000299,NCC043,SP0105,25/07/2025,228,116000.0
PO002193,NCC036,SP0161,24/01/2026,689,60300.0
PO000857,NCC006,SP0011,07/11/2024,282,29700.0
PO000688,NCC011,SP0007,24/10/2025,532,142500.0
PO001808,NCC036,SP0029,06/05/2025,31,138800.0
PO003176,NCC904,SP0116,20/03/2026,296,395300.0
PO000023,NCC020,SP0159,22/09/2024,250,463700.0
PO000668,NCC006,SP0046,22/11/2024,286,25600.0
PO002594,NCC028,SP0106,19/11/2025,386,152200.0
PO000617,NCC028,SP0195,29/01/2025,464,139100.0
PO001059,NCC025,SP0016,06/04/2025,700,633200.0
PO000316,NCC035,SP0173,25/01/2026,899,90900.0
PO000578,NCC013,SP0140,15/04/2026,556,151600.0
PO001223,NCC027,SP0183,15/10/2025,451,83200.0
PO001989,NCC012,,05/12/2025,621,47000.0
PO001226,NCC042,SP0060,17/09/2024,522,21300.0
PO001831,NCC016,SP0129,26/04/2026,40,153500.0
PO003470,NCC016,SP0032,16/08/2024,236,119100.0
PO002159,NCC021,SP0075,01/01/2025,85,99600.0
PO001764,NCC032,SP0036,02/06/2026,936,123700.0
PO002238,NCC038,SP0175,02/06/2026,70,21300.0
PO002882,NCC009,SP0060,08/05/2026,312,20200.0
PO002717,NCC010,SP0025,20/10/2024,797,26900.0
PO001493,NCC014,SP0085,01/11/2024,362,79600.0
PO000706,NCC034,SP0193,07/06/2026,158,90500.0
PO001457,NCC019,SP0048,31/01/2026,155,43600.0
PO003445,NCC030,SP0177,27/09/2025,827,126700.0
PO000664,NCC044,SP0070,16/09/2024,885,117200.0
PO001458,NCC025,SP0006,28/03/2026,301,573300.0
PO002638,NCC008,SP0004,29/11/2024,158,136300.0
PO000957,NCC901,SP0148,08/10/2024,839,37600.0
PO000166,NCC017,SP0209,06/12/2024,287,66400.0
PO002706,NCC030,SP0165,23/09/2024,26,21700.0
PO003451,NCC008,SP0208,24/06/2025,504,73600.0
PO002588,NCC025,SP0205,22/03/2026,80,310700.0
PO002946,NCC025,SP0157,24/03/2025,115,198900.0
PO002796,NCC031,SP0147,03/08/2024,457,44800.0
PO000066,NCC018,SP0155,24/08/2024,54,150800.0
PO000133,NCC026,SP0217,30/06/2025,862,184100.0
PO002907,NCC029,SP0163,11/09/2025,597,122600.0
PO000826,NCC030,SP0197,04/07/2025,50,588200.0
PO001836,NCC024,SP0133,16/02/2025,681,158000.0
PO001039,NCC003,SP0216,22/03/2025,549,54500.0
PO002194,NCC042,SP0041,15/05/2025,456,785800.0
PO002985,NCC037,SP0193,08/11/2024,68,88500.0
PO001858,NCC031,,12/11/2024,207,48600.0
PO001114,NCC006,SP0016,12/07/2025,49,632500.0
PO001234,NCC024,SP0074,2025-09-23,202,640700.0
PO002859,NCC024,SP0151,20/01/2025,570,132100.0
PO003459,NCC025,SP0109,27/09/2025,725,514900.0
PO001349,NCC011,SP0161,24/03/2025,709,67300.0
PO002478,NCC030,SP0207,01/06/2026,234,20100.0
PO000078,NCC039,,26/07/2025,631,42500.0
PO000738,NCC031,SP0219,09/03/2025,34,34500.0
PO9900024,NCC014,SP0121,04/05/2026,123,126500.0
PO002455,NCC016,SP0149,22/01/2026,361,870100.0
PO002838,NCC018,SP0054,12/12/2025,544,93400.0
PO000016,NCC016,SP0049,13/03/2025,861,122500.0
PO001984,NCC032,SP0061,22/05/2025,642,132300.0
PO000526,NCC042,SP0028,19/12/2024,898,91300.0
PO001727,NCC001,SP0205,27/12/2025,548,265000.0
PO002810,NCC008,SP0086,17/10/2024,56,121200.0
PO001580,NCC044,SP0134,30/08/2024,631,94100.0
PO003185,NCC022,SP0132,27/07/2025,75,300500.0
PO000677,NCC041,SP0179,20/01/2026,90,165200.0
PO003001,NCC035,SP0008,03/04/2025,965,900300.0
PO000763,NCC028,SP0047,09/02/2026,808,104500.0
PO002061,NCC043,SP0160,18/10/2024,927,51000.0
PO002608,NCC005,SP0136,31/05/2026,945,529500.0
PO002161,NCC025,SP0023,12/10/2025,720,92200.0
PO001085,NCC019,SP0128,07/08/2024,356,163300.0
PO000935,NCC902,SP0181,07/04/2026,783,575500.0
PO003460,NCC014,SP0007,06/08/2024,986,138700.0
PO000750,NCC013,SP0128,07/06/2025,610,131200.0
PO001140,NCC024,SP0014,19/04/2025,788,415600.0
PO000152,NCC004,SP0211,09/03/2026,363,135500.0
PO001574,NCC007,SP0070,13/09/2025,244,107000.0
PO003197,NCC035,SP0115,26/12/2024,472,22100.0
PO000242,NCC012,SP0033,16/05/2025,780,70300.0
PO002934,NCC005,SP0112,27/12/2024,334,93200.0
PO002941,NCC044,SP0128,29/10/2024,489,147500.0
PO002435,NCC026,SP0072,23/12/2024,230,437900.0
PO000077,NCC030,SP0123,12/09/2025,34,140800.0
PO001731,NCC003,SP0204,06/11/2024,781,744500.0
PO001504,NCC015,SP0100,11/08/2024,454,170400.0
PO002064,NCC021,SP0106,19/08/2024,229,109700.0
PO000148,NCC037,SP0107,29/06/2026,800,185600.0
PO000479,NCC023,SP0078,10/03/2025,181,116700.0
PO001598,NCC030,SP0187,11/08/2025,401,136800.0
PO002674,NCC045,SP0027,27/11/2024,873,43600.0
PO003425,NCC028,SP0174,02/10/2024,366,461100.0
PO003156,NCC019,SP0200,20/08/2025,636,330900.0
PO002177,NCC044,SP0081,2025-03-03,494,32800.0
PO001382,NCC034,SP0096,07/05/2026,215,44000.0
PO001211,NCC002,SP0132,02/07/2026,795,306600.0
PO000252,NCC023,SP0141,27/02/2025,838,43300.0
PO000337,NCC028,SP0158,11/07/2024,826,96700.0
PO003324,NCC005,SP0117,10/07/2026,803,32400.0
PO001153,NCC001,SP0033,22/08/2025,781,65100.0
PO002850,NCC040,SP0138,28/01/2025,83,26500.0
PO000195,NCC026,SP0040,22/11/2024,751,128200.0
PO002456,NCC010,SP0105,28/05/2026,251,135100.0
PO000325,NCC035,,27/03/2026,742,728600.0
PO001208,NCC006,SP0123,23/04/2025,217,131500.0
PO001663,NCC033,SP0113,24/01/2026,41,112400.0
PO000405,NCC006,SP0164,31/03/2026,734,458400.0
PO003432,NCC003,SP0059,13/03/2026,461,404300.0
PO000977,NCC030,SP0041,03/06/2025,562,912500.0
PO003311,NCC036,SP0103,07/01/2026,867,155400.0
PO000379,NCC013,SP0208,01/04/2025,306,64600.0
PO9900002,NCC015,SP0022,09/03/2026,22,884600.0
PO002102,NCC902,SP0014,05/12/2025,61,478800.0
PO000735,NCC013,SP0162,07/07/2026,156,116300.0
PO002166,NCC006,SP0168,01/06/2026,829,20500.0
PO001505,NCC005,SP0154,05/02/2025,345,24200.0
PO001506,NCC043,SP0041,16/12/2024,534,832800.0
PO001193,NCC024,SP0076,12/25/2025,59,52700.0
PO000226,NCC025,SP0030,15/03/2025,350,681900.0
PO000540,NCC009,SP0110,28/02/2025,368,39500.0
PO000563,NCC015,SP0126,08/07/2025,221,56900.0
PO002040,NCC034,,11/02/2025,926,148900.0
PO002604,NCC045,SP0074,27/01/2026,967,640000.0
PO003431,NCC026,SP0206,12/07/2026,314,37200.0
PO002342,NCC008,SP0116,17/03/2025,565,349000.0
PO001289,NCC001,SP0031,09/02/2025,676,40600.0
PO002708,NCC035,SP0176,09/04/2026,796,75200.0
PO000411,NCC012,SP0017,20/09/2024,969,40700.0
PO003493,NCC040,SP0128,24/11/2024,718,156400.0
PO002019,NCC032,,24/09/2025,553,126900.0
PO000126,NCC028,SP0151,10/04/2025,544,133800.0
PO002217,NCC031,SP0002,02/02/2025,508,26100.0
PO003330,NCC034,SP0209,12/01/2026,66,76700.0
PO001932,NCC033,SP0195,24/12/2024,794,141500.0
PO000262,NCC014,SP0138,18/02/2026,525,24500.0
PO002283,NCC002,SP0045,2025-06-10,753,121200.0
PO000155,NCC008,SP0215,02/06/2026,66,48800.0
PO000552,NCC026,SP0044,15/01/2026,927,800000.0
PO002480,NCC022,SP0004,23/06/2026,533,119200.0
PO000562,NCC035,SP0114,14/09/2025,39,58300.0
PO001736,NCC043,SP0205,13/01/2025,466,312200.0
PO002843,NCC010,SP0002,15/05/2026,951,25400.0
PO002624,NCC038,SP0065,21/08/2025,205,539000.0
PO002870,NCC021,SP0121,03/05/2026,156,126100.0
PO000708,NCC037,SP0039,13/03/2026,735,15400.0
PO001558,NCC041,SP0010,2025-10-26,152,577600.0
PO001919,NCC008,SP0066,27/02/2025,889,304300.0
PO002168,NCC045,SP0102,30/05/2025,70,499400.0
PO001026,NCC006,SP0164,13/04/2025,979,532100.0
PO000064,NCC031,SP0073,06/02/2026,599,62500.0
PO002842,NCC019,SP0155,24/10/2025,670,135100.0
PO000022,NCC018,SP0135,21/09/2025,820,576700.0
PO001664,NCC011,SP0064,01/10/2024,219,100700.0
PO001556,NCC018,SP0180,28/05/2025,178,685300.0
PO001768,NCC043,SP0086,20/11/2024,302,89600.0
PO000500,NCC041,SP0110,20/11/2024,342,38400.0
PO001095,NCC032,SP0211,09/10/2025,296,156000.0
PO002639,NCC034,SP0135,07/05/2026,456,569000.0
PO002171,NCC022,SP0025,31/03/2026,802,23000.0
PO002972,NCC022,SP0201,06/26/2026,20,555900.0
PO000469,NCC025,SP0204,09/07/2025,507,789200.0
PO001617,NCC029,SP0101,15/10/2024,766,197000.0
PO003030,NCC045,SP0070,26/04/2025,365,110000.0
PO001915,NCC011,SP0177,02/08/2025,797,169200.0
PO002856,NCC003,SP0111,01/03/2026,471,38900.0
PO002537,NCC022,SP0110,02/03/2026,518,37900.0
PO001104,NCC900,SP0063,20/04/2026,673,58700.0
PO002556,NCC008,SP0026,22/02/2026,800,68200.0
PO003183,NCC030,,12/12/2025,766,124700.0
PO000676,NCC020,SP0056,18/12/2024,20,42100.0
PO002477,NCC043,SP0145,06/04/2026,574,90600.0
PO003260,NCC037,SP0012,28/03/2025,703,92700.0
PO002080,NCC013,SP0063,31/03/2025,534,66300.0
PO001494,NCC039,SP0141,30/04/2026,234,51600.0
PO002576,NCC012,SP0130,13/06/2026,347,148500.0
PO002278,NCC041,SP0103,06/05/2026,344,125400.0
PO001499,NCC022,SP0140,27/06/2026,91,166500.0
PO000321,NCC032,SP0102,28/05/2026,574,493200.0
PO002173,NCC030,SP0016,25/03/2026,235,638900.0
PO000453,NCC034,SP0148,07/09/2024,346,35100.0
PO002023,NCC017,SP0096,18/06/2026,65,39900.0
PO001536,NCC033,SP0010,16/02/2025,958,529700.0
PO002528,NCC007,SP0159,12/02/2025,659,470800.0
PO002203,NCC011,SP0120,07/11/2024,496,103700.0
PO000351,NCC005,SP0210,01/06/2025,479,21300.0
PO001857,NCC024,SP0028,10/10/2024,683,115700.0
PO000076,NCC023,SP0130,08/11/2025,698,141300.0
PO000165,NCC021,SP0007,17/09/2025,525,124700.0
PO000622,NCC004,SP0206,18/10/2024,237,36900.0
PO003267,NCC039,SP0045,02/05/2026,690,134000.0
PO003334,NCC019,SP0122,14/02/2026,822,74500.0
PO001148,NCC016,SP0109,21/08/2025,373,622500.0
PO003196,NCC039,SP0190,13/07/2025,196,29600.0
PO002872,NCC002,SP0020,10/01/2025,978,55900.0
PO002375,NCC008,SP0119,19/12/2025,943,155600.0
PO001534,NCC032,SP0190,24/05/2026,752,29100.0
PO002308,NCC036,SP0105,08/03/2026,883,119700.0
PO000558,NCC025,SP0033,13/11/2024,663,70000.0
PO001921,NCC021,SP0158,09/04/2025,165,114600.0
PO002861,NCC012,SP0145,01/11/2024,220,94000.0
PO000657,NCC044,SP0038,18/10/2024,261,660600.0
PO000463,NCC031,,03/06/2026,861,99400.0
PO000850,NCC044,SP0129,01/10/2024,611,120600.0
PO000158,NCC019,SP0135,17/03/2026,209,675700.0
PO003048,NCC001,SP0074,11/09/2025,140,688900.0
PO003490,NCC023,SP0079,27/05/2025,653,23100.0
PO003167,NCC004,SP0072,26/10/2024,803,424200.0
PO001002,NCC020,SP0034,21/05/2025,707,169400.0
PO000346,NCC006,SP0038,11/11/2025,707,746600.0
PO003105,NCC024,SP0194,24/01/2025,60,90800.0
PO003484,NCC033,SP0105,04/07/2026,207,121200.0
PO002879,NCC904,SP0187,11/06/2025,722,133200.0
PO001186,NCC026,SP0177,06/03/2026,258,160600.0
PO002015,NCC031,SP0199,26/06/2025,729,81900.0
PO003224,NCC905,SP0124,08/05/2026,766,39300.0
PO9900016,NCC009,SP0131,29/10/2025,391,27600.0
PO001707,NCC023,SP0137,15/07/2026,118,532500.0
PO002293,NCC026,SP0156,16/09/2025,572,64300.0
PO003385,NCC005,SP0030,27/06/2026,627,697100.0
PO001474,NCC035,SP0140,04/09/2025,554,147500.0
PO000882,NCC024,SP0068,12/02/2025,784,38000.0
PO003037,NCC013,SP0044,13/09/2024,375,832300.0
PO002167,NCC016,SP0185,22/03/2026,316,19000.0
PO000357,NCC041,SP0186,09/11/2025,768,605000.0
PO003302,NCC044,SP0100,15/01/2025,921,153300.0
PO000690,NCC044,SP0004,19/04/2026,944,130400.0
PO003300,NCC018,SP0157,26/08/2025,402,200700.0
PO000285,NCC044,SP0199,23/05/2025,289,88400.0
PO001246,NCC015,SP0037,22/09/2024,442,93600.0
PO002143,NCC032,SP0126,20/03/2025,144,71800.0
PO000995,NCC044,SP0218,13/11/2025,350,115700.0
PO002955,NCC013,SP0205,06/10/2025,370,261500.0
PO000249,NCC036,SP0120,13/09/2025,111,111300.0
PO001100,NCC016,SP0159,26/10/2025,724,491900.0
PO000103,NCC028,SP0085,16/08/2025,842,68600.0
PO001565,NCC021,SP0001,07/07/2026,869,29100.0
PO002020,NCC035,SP0020,17/09/2025,72,74200.0
PO003396,NCC005,SP0123,21/11/2025,570,159500.0
PO001176,NCC023,SP0170,22/08/2024,953,122500.0
PO001789,NCC035,SP0014,15/07/2026,311,417300.0
PO002961,NCC021,SP0170,12/02/2026,428,122500.0
PO003439,NCC018,SP0183,15/03/2025,36,96100.0
PO000782,NCC033,SP0207,25/05/2025,752,21200.0
PO001501,NCC009,SP0182,10/12/2025,37,82700.0
PO002748,NCC041,SP0182,20/06/2026,378,76500.0
PO001142,NCC023,SP0158,10/04/2025,838,90000.0
PO002553,NCC027,SP0080,19/02/2026,635,119300.0
PO001760,NCC019,SP0015,25/11/2025,362,63300.0
PO000788,NCC042,SP0058,28/11/2025,153,30800.0
PO001747,NCC025,SP0026,05/06/2026,496,59100.0
PO002239,NCC021,SP0176,23/10/2025,418,68100.0
PO9900004,NCC037,SP0196,29/07/2025,271,80800.0
PO003138,NCC002,SP0084,25/07/2026,629,101800.0
PO000312,NCC004,SP0038,13/08/2025,790,643800.0
PO001550,NCC027,,25/11/2025,900,39300.0
PO000229,NCC018,SP0058,13/04/2026,939,31300.0
PO003321,NCC006,SP0216,21/02/2025,88,53300.0
PO003208,NCC004,SP0151,07/11/2024,676,136100.0
PO002415,NCC015,SP0119,04/05/2025,546,148100.0
PO001333,NCC013,SP0118,13/06/2025,991,107600.0
PO001228,NCC903,SP0004,20/03/2026,592,124500.0
PO000669,NCC038,SP0101,08/11/2025,927,186600.0
PO001929,NCC007,SP0049,21/10/2025,345,137800.0
PO000418,NCC014,SP0091,07/05/2025,194,47100.0
PO002470,NCC002,SP0078,18/09/2024,51,105000.0
PO000057,NCC006,SP0044,04/03/2025,235,721100.0
PO002749,NCC042,SP0195,19/07/2026,531,114600.0
PO000786,NCC030,SP0182,04/02/2025,833,65600.0
PO001278,NCC040,SP0169,10/11/2025,950,443800.0
PO000533,NCC015,SP0108,08/06/2026,400,96400.0
PO002196,NCC010,SP0189,03/01/2025,222,97200.0
PO000370,NCC033,SP0102,12/05/2026,98,463500.0
PO002685,NCC008,SP0004,27/02/2026,295,99500.0
PO001973,NCC002,SP0171,13/08/2025,770,18800.0
PO003366,NCC002,SP0047,16/11/2024,874,76200.0
PO001755,NCC021,SP0055,05/12/2024,208,136900.0
PO003092,NCC033,SP0063,05/06/2025,584,59000.0
PO003370,NCC041,SP0218,19/02/2025,934,86500.0
PO003123,NCC042,SP0194,03/04/2025,714,99400.0
PO001180,NCC002,SP0031,13/05/2026,555,39000.0
PO001926,NCC008,SP0115,19/11/2024,853,20300.0
PO000532,NCC036,SP0130,22/08/2025,160,174800.0
PO002786,NCC034,SP0189,08/01/2025,97,78200.0
PO002633,NCC040,SP0118,05/12/2025,137,135500.0
PO001394,NCC037,SP0201,22/09/2025,751,558400.0
PO002977,NCC027,SP0021,27/08/2024,179,34600.0
PO000483,NCC038,SP0200,27/03/2026,391,277700.0
PO000874,NCC042,SP0203,18/05/2026,848,566900.0
PO000722,NCC039,SP0136,18/01/2025,294,498100.0
PO000551,NCC039,SP0038,22/08/2024,569,723000.0
PO001709,NCC004,SP0181,12/05/2026,257,494100.0
PO001327,NCC019,SP0162,12/06/2026,948,111000.0
PO003395,NCC010,SP0178,18/02/2026,299,148500.0
PO001975,NCC002,SP0057,27/05/2026,35,133200.0
PO000971,NCC007,SP0206,17/03/2025,934,34900.0
PO001191,NCC045,SP0168,29/01/2026,411,19200.0
PO000897,NCC038,SP0115,01/07/2026,655,20700.0
PO000480,NCC039,SP0185,23/03/2026,879,20800.0
PO002581,NCC006,SP0207,13/09/2025,790,19100.0
PO9900054,NCC033,SP0006,15/03/2025,763,616500.0
PO9900015,NCC902,SP0160,09/10/2024,85,42400.0
PO003020,NCC015,SP0146,02/19/2025,670,70000.0
PO003486,NCC034,SP0100,05/11/2024,730,148100.0
PO001007,NCC017,SP0173,04/02/2026,591,88500.0
PO002012,NCC043,SP0204,10/01/2026,219,769900.0
PO001495,NCC024,SP0047,21/10/2024,713,105600.0
PO002316,NCC001,SP0142,06/07/2026,714,339000.0
PO002050,NCC009,SP0030,2025-06-12,131,586700.0
PO000996,NCC028,SP0168,2025-10-27,116,22100.0
PO001272,NCC022,SP0211,26/02/2025,576,164500.0
PO002724,NCC016,SP0039,18/12/2025,827,14400.0
PO001877,NCC021,SP0160,15/09/2025,651,56300.0
PO002517,NCC008,SP0010,20/12/2024,655,553000.0
PO002979,NCC041,SP0045,07/06/2026,646,145500.0
PO002871,NCC032,SP0040,20/11/2025,401,146100.0
PO001356,NCC022,SP0123,01/06/2026,219,148000.0
PO001102,NCC015,SP0101,07/02/2026,276,222300.0
PO000275,NCC021,SP0111,20/09/2025,416,41300.0
PO001490,NCC023,SP0069,05/03/2026,944,37800.0
PO001774,NCC014,SP0179,17/02/2026,46,165600.0
PO002557,NCC034,SP0157,13/02/2026,198,188400.0
PO000021,NCC043,SP0084,24/01/2025,97,99300.0
PO001498,NCC032,SP0118,24/11/2024,659,134000.0
PO000287,NCC024,SP0122,29/01/2026,101,91500.0
PO002302,NCC039,SP0002,17/11/2025,911,26900.0
PO002586,NCC033,SP0027,02/05/2026,906,53100.0
PO002085,NCC023,SP0156,17/03/2025,747,66500.0
PO000495,NCC027,SP0098,15/12/2025,119,76000.0
PO001770,NCC020,SP0026,22/05/2025,949,66100.0
PO002086,NCC028,SP0208,06/02/2026,263,79200.0
PO000296,NCC034,SP0173,04/06/2025,933,97000.0
PO001813,NCC008,SP0138,04/11/2025,259,25500.0
PO000900,NCC003,SP0051,25/05/2025,80,141200.0
PO000067,NCC026,SP0051,06/03/2025,412,195500.0
PO002140,NCC013,SP0020,10/01/2026,143,64300.0
PO000484,NCC902,SP0216,25/07/2025,568,46800.0
PO001113,NCC014,SP0090,17/08/2025,992,508400.0
PO000602,NCC036,SP0001,25/06/2026,779,28300.0
PO002969,NCC029,,24/09/2024,629,35700.0
PO000504,NCC019,SP0203,08/04/2025,41,709200.0
PO002322,NCC029,SP0112,10/08/2025,351,86300.0
PO000587,NCC019,SP0211,24/03/2025,484,151700.0
PO000192,NCC035,SP0074,27/11/2025,836,624200.0
PO9900030,NCC005,SP0151,01/06/2026,282,126700.0
PO000342,NCC040,SP0028,06/09/2024,63,91000.0
PO001624,NCC013,SP0009,30/11/2025,742,300500.0
PO000206,NCC044,SP0011,27/09/2024,854,27500.0
PO002962,NCC021,SP0163,24/05/2025,447,120500.0
PO000773,NCC044,SP0104,17/10/2025,942,793800.0
PO003455,NCC026,SP0127,09/02/2025,391,28500.0
PO002657,NCC026,SP0018,03/07/2025,32,536500.0
PO003428,NCC030,SP0182,2025-05-11,232,75000.0
PO000557,NCC032,SP0140,11/07/2025,985,130200.0
PO001530,NCC002,SP0083,24/05/2025,554,50700.0
PO002744,NCC019,SP0106,27/06/2025,486,127700.0
PO002221,NCC027,SP0134,06/09/2025,997,114500.0
PO001734,NCC025,SP0174,05/09/2025,925,549700.0
PO003211,NCC022,,15/03/2025,948,74800.0
PO000139,NCC005,SP0005,15/03/2026,861,138400.0
PO002345,NCC004,SP0086,05/04/2025,973,118500.0
PO000537,NCC025,SP0092,04/12/2024,305,30800.0
PO002653,NCC040,SP0001,22/12/2024,76,29000.0
PO000102,NCC034,SP0018,10/08/2024,280,532300.0
PO000173,NCC014,SP0068,08/09/2025,347,34900.0
PO000128,NCC005,SP0069,13/09/2025,143,40600.0
PO001249,NCC011,SP0150,15/04/2026,829,117800.0
PO000873,NCC024,SP0170,25/09/2024,218,148100.0
PO000798,NCC029,SP0167,22/03/2025,759,30000.0
PO001512,NCC007,SP0131,19/06/2026,919,28100.0
PO002897,NCC008,,23/01/2026,373,117000.0
PO001255,NCC012,SP0097,09/06/2026,645,60800.0
PO002063,NCC017,SP0093,29/09/2024,157,771000.0
PO9900006,NCC028,SP0220,27/06/2025,747,41700.0
PO002443,NCC037,SP0158,07/03/2026,132,97700.0
PO001621,NCC007,SP0113,10/12/2025,591,113000.0
PO001633,NCC013,SP0020,21/01/2025,481,53200.0
PO001899,NCC035,SP0202,11/07/2026,312,250200.0
PO000410,NCC903,SP0170,11/10/2025,860,153500.0
PO000700,NCC039,SP0136,04/11/2025,212,662600.0
PO000672,NCC003,SP0151,01/02/2026,219,143600.0
PO000270,NCC036,SP0071,13/10/2024,502,539000.0
PO001435,NCC044,SP0150,2026-03-06,893,109200.0
PO000516,NCC006,SP0116,04/01/2025,340,410500.0
PO001365,NCC013,SP0041,13/06/2025,573,895900.0
PO001638,NCC044,SP0068,09/11/2024,93,38100.0
PO003113,NCC024,SP0009,04/05/2025,502,257100.0
PO000652,NCC035,SP0049,03/09/2025,139,117100.0
PO001938,NCC027,SP0183,29/06/2025,116,79900.0
PO001883,NCC010,SP0172,13/01/2025,515,454200.0
PO002775,NCC036,SP0047,25/04/2026,380,97300.0
PO002434,NCC036,SP0015,10/06/2025,232,66600.0
PO9900055,NCC045,SP0102,30/05/2025,70,499400.0
PO002056,NCC001,SP0189,19/03/2026,794,87000.0
PO002192,NCC023,SP0099,28/07/2025,198,145000.0
PO001472,NCC007,SP0196,06/11/2025,617,73300.0
PO001742,NCC005,SP0087,17/05/2025,528,104700.0
PO003060,NCC016,SP0135,28/07/2025,247,711500.0
PO003365,NCC007,SP0053,02/12/2025,221,127900.0
PO001418,NCC033,SP0087,08/01/2026,538,92800.0
PO000056,NCC040,SP0038,27/05/2025,312,630400.0
PO002704,NCC009,SP0007,03/05/2026,330,142400.0
PO001332,NCC042,SP0213,23/03/2025,28,24100.0
PO001194,NCC003,SP0195,12/12/2024,189,146300.0
PO002068,NCC045,SP0204,15/10/2024,329,840500.0
PO003375,NCC022,SP0092,16/11/2025,495,30600.0
PO002974,NCC016,SP0110,23/07/2026,673,40100.0
PO002670,NCC019,SP0177,18/02/2025,122,172400.0
PO000824,NCC028,SP0109,29/04/2026,943,653200.0
PO003401,NCC036,SP0099,25/08/2025,305,123500.0
PO001326,NCC001,SP0092,06/02/2025,712,33200.0
PO000941,NCC006,SP0189,06/11/2025,826,81300.0
PO000847,NCC018,SP0167,14/12/2024,114,31400.0
PO001843,NCC032,SP0031,28/07/2025,951,39400.0
PO002204,NCC002,SP0149,03/11/2024,840,837900.0
PO002567,NCC003,SP0010,10/12/2024,344,562000.0
PO000819,NCC020,SP0184,26/07/2025,580,123600.0
PO000305,NCC041,SP0017,02/09/2025,381,39400.0
PO002551,NCC034,SP0034,27/10/2025,109,161800.0
PO001852,NCC011,SP0013,28/06/2025,435,69300.0
PO001604,NCC038,SP0059,19/04/2026,647,472000.0
PO003406,NCC042,SP0088,02/17/2026,950,56400.0
PO000276,NCC017,SP0093,04/08/2025,751,596100.0
PO000749,NCC003,SP0021,16/10/2024,772,35200.0
PO000613,NCC007,SP0199,2025-04-15,385,101100.0
PO001682,NCC007,SP0090,09/12/2024,887,533600.0
PO002006,NCC024,SP0132,01/01/2026,153,294900.0
PO001235,NCC015,SP0155,29/12/2025,748,147200.0
PO003371,NCC010,SP0177,08/10/2025,162,153800.0
PO002694,NCC014,SP0178,01/01/2026,161,117000.0
PO003266,NCC006,SP0196,11/11/2025,582,78400.0
PO002230,NCC904,SP0209,13/08/2024,648,72200.0
PO000801,NCC026,SP0161,04/07/2025,121,62000.0
PO001572,NCC028,,23/07/2025,700,25100.0
PO001859,NCC029,SP0149,27/01/2026,927,784400.0
PO003462,NCC017,SP0088,20/04/2025,769,57100.0
PO001473,NCC027,SP0173,31/05/2026,639,87300.0
PO000507,NCC018,SP0157,08/11/2025,361,174300.0
PO002014,NCC003,SP0088,05/10/2025,857,60100.0
PO002402,NCC025,SP0155,11/01/2026,44,160500.0
PO003015,NCC036,SP0187,07/04/2026,365,141200.0
PO002857,NCC017,SP0093,03/11/2025,264,743900.0
PO000606,NCC034,SP0145,18/05/2026,686,104100.0
PO001716,NCC009,SP0200,27/11/2024,228,257800.0
PO000922,NCC004,SP0172,28/12/2024,979,503100.0
PO000181,NCC011,SP0139,02/05/2025,996,129700.0
PO002589,NCC001,SP0201,30/10/2024,135,538600.0
PO000142,NCC033,SP0006,15/03/2025,763,616500.0
PO003388,NCC045,SP0060,12/17/2024,744,19600.0
PO000842,NCC008,SP0209,16/08/2024,358,66200.0
PO001489,NCC009,SP0019,03/07/2026,937,90000.0
PO9900040,NCC045,SP0145,14/08/2025,213,97300.0
PO000946,NCC032,SP0127,18/05/2025,698,28100.0
PO003408,NCC025,SP0097,25/02/2025,87,55000.0
PO001279,NCC032,SP0134,11/12/2024,209,87600.0
PO003280,NCC037,SP0157,03/05/2025,863,163000.0
PO002846,NCC011,SP0105,09/08/2025,465,107500.0
PO002179,NCC016,SP0164,26/11/2024,223,544300.0
PO002200,NCC002,SP0212,11/10/2025,58,176100.0
PO002533,NCC028,SP0046,14/06/2025,218,25600.0
PO001361,NCC043,SP0050,20/06/2026,248,438800.0
PO000505,NCC044,SP0052,06/02/2026,678,27600.0
PO003189,NCC024,SP0066,11/17/2025,830,313000.0
PO002122,NCC012,SP0219,23/02/2025,744,37400.0
PO000006,NCC045,SP0190,26/07/2025,662,31500.0
PO003393,NCC012,SP0032,28/01/2026,170,107200.0
PO001120,NCC036,SP0220,09/07/2025,622,41400.0
PO003149,NCC028,,06/06/2026,79,98300.0
PO9900035,NCC039,SP0201,17/05/2025,861,499500.0
PO000515,NCC035,,01/01/2026,224,81300.0
PO002364,NCC033,SP0088,02/01/2026,840,54900.0
PO000573,NCC026,SP0027,01/11/2024,784,47100.0
PO001708,NCC030,SP0202,16/11/2024,953,312000.0
PO000341,NCC015,SP0159,17/03/2025,235,411600.0
PO001829,NCC908,SP0152,03/12/2024,47,102700.0
PO002410,NCC027,SP0086,13/07/2026,640,115700.0
PO001094,NCC005,SP0062,18/12/2024,673,165700.0
PO001006,NCC900,SP0155,04/06/2026,246,121200.0
PO001317,NCC037,SP0058,02/10/2025,640,33400.0
PO002806,NCC016,SP0051,2026-07-15,157,174700.0
PO002840,NCC033,,14/07/2025,786,69900.0
PO003392,NCC015,SP0033,19/07/2025,59,74900.0
PO002598,NCC037,SP0117,20/12/2024,928,30300.0
PO001050,NCC034,SP0154,13/12/2024,327,21900.0
PO001296,NCC016,SP0071,25/09/2025,436,584600.0
PO000362,NCC907,SP0081,18/04/2025,575,31200.0
PO000261,NCC045,SP0029,21/07/2025,251,139400.0
PO000134,NCC044,SP0087,09/11/2024,440,104900.0
PO003128,NCC041,SP0195,26/06/2025,399,158400.0
PO000331,NCC010,SP0049,12/06/2026,687,135800.0
PO000387,NCC003,SP0179,20/06/2025,479,139300.0
PO002582,NCC025,SP0202,31/12/2025,361,297100.0
PO000459,NCC045,SP0007,22/11/2025,579,140900.0
PO001151,NCC013,SP0049,05/11/2025,498,114600.0
PO001177,NCC016,SP0141,27/01/2025,603,44000.0
PO002294,NCC008,SP0109,13/04/2025,536,691800.0
PO002002,NCC027,SP0182,06/04/2025,616,77500.0
PO001456,NCC045,SP0167,14/03/2026,383,29500.0
PO003327,NCC037,SP0113,21/11/2024,745,120500.0
PO003464,NCC012,SP0039,11/12/2025,387,14500.0
PO001408,NCC025,SP0141,12/08/2024,102,42500.0
PO002022,NCC008,SP0071,29/05/2025,258,550100.0
PO002186,NCC006,SP0136,27/01/2025,877,638400.0
PO003288,NCC040,SP0208,29/10/2025,362,69200.0
PO000930,NCC044,SP0175,10/03/2025,405,20500.0
PO001779,NCC024,,30/12/2024,127,108200.0
PO000918,NCC904,SP0121,07/06/2026,690,131800.0
PO002654,NCC902,SP0041,13/09/2025,542,876600.0
PO002526,NCC033,SP0174,02/07/2026,202,549800.0
PO001520,NCC027,SP0074,17/08/2025,401,661700.0
PO001015,NCC036,SP0091,04/06/2026,899,47000.0
PO002360,NCC040,SP0095,10/01/2026,570,66900.0
PO003332,NCC021,SP0103,31/03/2026,797,126900.0
PO002218,NCC042,SP0217,02/02/2026,839,149800.0
PO003376,NCC020,SP0154,10/06/2025,163,24700.0
PO001668,NCC014,SP0218,14/08/2025,312,107300.0
PO002138,NCC035,SP0114,28/05/2026,856,61900.0
PO002918,NCC008,SP0064,24/12/2025,214,125900.0
PO002055,NCC034,SP0049,10/07/2026,550,131400.0
PO001013,NCC030,SP0069,23/05/2025,702,38000.0
PO002442,NCC037,SP0124,2025-05-26,56,41000.0
PO001697,NCC003,SP0069,25/03/2026,395,42600.0
PO001834,NCC032,SP0112,08/04/2025,948,103900.0
PO000070,NCC027,SP0082,03/07/2025,811,503200.0
PO000519,NCC009,SP0126,08/05/2026,456,67700.0
PO9900001,NCC002,SP0198,28/12/2024,353,19600.0
PO000390,NCC038,SP0095,06/10/2024,95,54800.0
PO000007,NCC008,SP0006,16/07/2025,527,599500.0
PO001224,NCC015,SP0027,22/04/2025,386,57200.0
PO000981,NCC043,SP0051,18/07/2025,139,153100.0
PO001353,NCC002,SP0071,15/02/2025,386,594900.0
PO001925,NCC039,SP0138,2025-07-15,744,25800.0
PO002254,NCC015,SP0093,19/02/2026,82,671800.0
PO003257,NCC903,SP0201,18/06/2025,358,484200.0
PO002429,NCC018,SP0216,01/07/2026,659,51000.0
PO001000,NCC032,SP0124,17/05/2025,260,52000.0
PO001893,NCC003,SP0004,26/04/2025,871,100600.0
PO001945,NCC028,SP0193,15/10/2024,777,82800.0
PO002565,NCC040,SP0147,23/09/2025,394,46300.0
PO002428,NCC010,SP0118,20/11/2025,176,110400.0
PO002369,NCC044,SP0019,17/12/2024,584,101300.0
PO003284,NCC020,SP0143,30/08/2025,220,90600.0
PO001018,NCC044,SP0056,05/07/2025,298,44100.0
PO003357,NCC012,SP0011,21/12/2024,889,27800.0
PO000277,NCC018,SP0083,01/08/2025,928,49600.0
PO002735,NCC020,SP0145,28/03/2026,899,97500.0
PO003133,NCC043,SP0161,03/04/2026,388,60000.0
PO002444,NCC033,SP0129,04/04/2025,749,155300.0
PO002257,NCC007,SP0172,18/04/2026,617,490700.0
PO003177,NCC039,SP0167,07/06/2025,612,29400.0
PO003115,NCC041,SP0028,09/03/2026,763,87700.0
PO001154,NCC029,SP0150,16/09/2025,53,91900.0
PO001414,NCC014,SP0157,03/04/2026,165,159500.0
PO001862,NCC028,SP0143,12/05/2025,428,96700.0
PO000511,NCC039,SP0206,13/01/2025,39,34900.0
PO002854,NCC035,SP0130,26/05/2026,968,174000.0
PO001335,NCC020,SP0148,31/08/2024,305,35900.0
PO001725,NCC028,SP0087,13/01/2025,416,105400.0
PO000607,NCC040,SP0095,10/10/2024,802,52300.0
PO000942,NCC006,SP0128,18/12/2025,271,150400.0
PO000244,NCC007,SP0167,29/12/2024,562,30200.0
PO002874,NCC033,SP0077,25/12/2025,108,91300.0
PO002344,NCC021,SP0175,12/10/2025,805,20300.0
PO002484,NCC043,SP0016,11/06/2026,875,568200.0
PO000297,NCC011,SP0203,12/07/2025,993,642100.0
PO002411,NCC018,SP0158,25/09/2025,392,84900.0
PO000787,NCC023,SP0180,19/09/2025,734,799300.0
PO002457,NCC024,SP0126,10/12/2024,524,63400.0
PO001387,NCC002,SP0159,10/26/2024,446,423600.0
PO001172,NCC017,SP0084,03/11/2025,379,94300.0
PO001992,NCC904,SP0177,19/10/2025,45,143000.0
PO000403,NCC023,SP0047,14/06/2025,885,91000.0
PO003132,NCC039,SP0088,01/07/2025,212,61200.0
PO003325,NCC003,SP0169,23/10/2025,874,527400.0
PO000896,NCC035,,13/11/2024,883,94300.0
PO001409,NCC025,SP0113,15/09/2025,930,100800.0
PO003106,NCC033,SP0146,13/10/2024,220,78600.0
PO002559,NCC015,SP0076,13/04/2026,938,67600.0
PO002538,NCC016,SP0068,11/02/2026,548,39000.0
PO001293,NCC045,SP0196,13/01/2025,652,96100.0
PO000530,NCC026,SP0067,04/05/2025,938,11500.0
PO001078,NCC020,,2026-02-02,918,588000.0
PO002928,NCC040,SP0213,24/06/2025,107,23700.0
PO000260,NCC001,SP0119,06/10/2024,955,157300.0
PO001609,NCC003,SP0192,27/03/2026,663,281300.0
PO000886,NCC017,,30/12/2025,493,150300.0
PO000913,NCC024,SP0072,20/12/2024,834,442700.0
PO000496,NCC027,SP0104,03/04/2025,654,802500.0
PO000934,NCC034,SP0150,17/04/2025,976,100200.0
PO003354,NCC017,SP0045,26/10/2025,457,104200.0
PO000808,NCC021,SP0027,03/07/2026,284,56700.0
PO001346,NCC903,SP0166,24/09/2025,261,233300.0
PO001084,NCC029,SP0077,11/26/2025,499,97000.0
PO003152,NCC010,SP0113,18/08/2024,440,106600.0
PO001700,NCC020,SP0209,30/01/2026,377,83400.0
PO000186,NCC030,SP0218,11/02/2025,613,117000.0
PO003111,NCC007,SP0066,15/02/2025,77,347200.0
PO003435,NCC002,SP0114,22/01/2025,413,59000.0
PO002845,NCC023,,31/08/2025,612,141900.0
PO001905,NCC011,SP0214,11/05/2026,652,39000.0
PO000932,NCC011,SP0198,08/07/2025,717,17700.0
PO000631,NCC013,SP0096,20/12/2025,713,42800.0
PO001028,NCC906,SP0144,11/08/2025,682,106800.0
PO000381,NCC044,SP0115,05/10/2024,639,20200.0
PO002427,NCC031,SP0186,16/11/2025,546,656100.0
PO003498,NCC005,SP0013,2025-07-12,920,67500.0
PO001555,NCC029,SP0177,04/11/2026,325,161200.0
PO003306,NCC024,SP0126,07/12/2024,307,55200.0
PO001837,NCC031,SP0042,19/12/2025,570,97500.0
PO001254,NCC024,SP0008,07/02/2025,816,906400.0
PO000993,NCC031,SP0148,01/08/2025,930,40400.0
PO001999,NCC043,SP0172,27/10/2025,866,521800.0
PO003497,NCC039,SP0095,16/03/2025,248,64700.0
PO001820,NCC021,SP0128,14/03/2025,905,143800.0
PO002539,NCC015,SP0080,20/03/2026,21,104900.0
PO002405,NCC019,SP0163,26/09/2025,307,120800.0
PO001545,NCC002,SP0170,18/01/2025,98,141500.0
PO002299,NCC008,SP0115,13/01/2026,979,23200.0
PO002718,NCC009,SP0117,27/06/2026,627,30500.0
PO000734,NCC035,SP0148,19/07/2026,348,38200.0
PO001521,NCC024,SP0030,30/03/2026,33,603800.0
PO002482,NCC012,SP0048,29/04/2025,457,42400.0
PO002436,NCC900,SP0121,23/02/2025,566,122900.0
PO002915,NCC038,SP0114,02/09/2025,769,64000.0
PO002095,NCC007,SP0164,04/08/2024,171,471500.0
PO000661,NCC904,SP0218,12/11/2024,571,108500.0
PO000885,NCC022,SP0027,22/03/2025,599,49800.0
PO003003,NCC044,SP0217,22/05/2025,660,140500.0
PO002479,NCC020,SP0218,11/09/2025,670,110800.0
PO000905,NCC034,SP0219,10/08/2025,753,38000.0
PO000924,NCC018,SP0027,28/10/2025,792,54700.0
PO001509,NCC010,SP0047,26/01/2026,306,92900.0
PO003109,NCC041,SP0107,04/08/2025,579,169100.0
PO001812,NCC002,SP0051,02/12/2024,219,150200.0
PO001602,NCC034,SP0139,24/09/2025,746,135800.0
PO002060,NCC014,SP0050,12/25/2024,871,431900.0
PO002965,NCC009,SP0131,29/10/2025,391,27600.0
PO001111,NCC018,SP0028,22/06/2025,117,102000.0
PO002099,NCC037,SP0204,15/12/2025,508,781100.0
PO002973,NCC017,SP0168,08/09/2025,845,20900.0
PO001268,NCC018,SP0152,26/02/2025,271,121200.0
PO000770,NCC017,SP0109,19/03/2026,566,551700.0
PO002864,NCC043,SP0056,10/17/2024,94,47400.0
PO003482,NCC029,SP0172,2026-04-20,626,402000.0
PO002753,NCC017,SP0022,05/06/2026,481,750400.0
PO001491,NCC003,,07/02/2026,544,305100.0
PO003309,NCC023,SP0060,01/05/2025,500,20300.0
PO002214,NCC019,SP0217,21/07/2025,549,179200.0
PO003328,NCC003,SP0220,03/09/2025,353,42600.0
PO001125,NCC034,SP0078,04/08/2025,36,102400.0
PO002266,NCC015,SP0144,24/05/2026,927,128700.0
PO000614,NCC021,SP0018,14/10/2024,881,569300.0
PO000498,NCC033,SP0216,19/02/2025,233,55600.0
PO001888,NCC017,SP0031,13/04/2026,118,39000.0
PO000914,NCC033,SP0117,03/01/2025,175,33200.0
PO002680,NCC020,SP0195,28/08/2025,573,126400.0
PO002650,NCC040,SP0190,01/07/2025,809,29200.0
PO001487,NCC019,SP0192,24/08/2024,254,391700.0
PO003275,NCC042,SP0009,30/05/2025,550,328900.0
PO001627,NCC002,SP0212,15/07/2026,430,171500.0
PO003124,NCC005,SP0098,16/04/2025,480,77200.0
PO001797,NCC034,,26/03/2025,779,79100.0
PO001128,NCC001,SP0077,17/02/2026,121,76600.0
PO001529,NCC043,SP0038,11/04/2025,663,648900.0
PO000315,NCC013,SP0026,08/04/2025,692,67600.0
PO002779,NCC037,SP0127,19/08/2024,428,29400.0
PO000199,NCC036,SP0017,25/12/2025,180,38300.0
PO002052,NCC044,SP0048,18/05/2025,42,43500.0
PO002808,NCC004,SP0217,15/08/2025,382,161800.0
PO002963,NCC035,SP0109,21/12/2024,958,629800.0
PO001939,NCC034,SP0200,27/02/2025,545,318300.0
PO000659,NCC011,SP0211,27/08/2024,341,144100.0
PO002535,NCC033,SP0021,15/05/2025,551,35000.0
PO002512,NCC021,SP0207,09/03/2026,602,19000.0
PO001917,NCC038,SP0081,15/11/2025,881,31000.0
PO001155,NCC028,SP0201,03/02/2025,400,533900.0
PO9900034,NCC014,SP0203,08/03/2026,921,599700.0
PO002658,NCC045,SP0081,14/05/2025,956,29600.0
PO002265,NCC024,SP0178,07/10/2024,305,152200.0
PO001478,NCC003,SP0036,21/10/2024,577,145100.0
PO001974,NCC045,SP0054,02/09/2024,24,95800.0
PO001766,NCC028,,03/05/2025,748,513900.0
PO000638,NCC005,SP0033,02/06/2025,945,54200.0
PO003126,NCC032,SP0177,29/06/2025,565,153400.0
PO000111,NCC003,SP0008,27/11/2025,431,910800.0
PO000280,NCC906,SP0070,30/10/2024,637,93600.0
PO003273,NCC035,SP0091,12/11/2024,35,50400.0
PO001788,NCC031,SP0180,10/04/2025,296,705500.0
PO002500,NCC026,SP0091,2025-12-29,781,45300.0
PO001231,NCC018,SP0206,07/12/2025,496,37500.0
PO000546,NCC040,SP0131,10/04/2025,673,28600.0
PO001225,NCC043,SP0163,04/04/2026,579,97900.0
PO003369,NCC043,SP0122,30/05/2026,452,70100.0
PO003014,NCC016,SP0145,28/01/2026,953,94100.0
PO003144,NCC027,SP0088,05/01/2026,832,55800.0
PO001250,NCC004,SP0217,15/04/2025,141,170300.0
PO001824,NCC038,,06/08/2025,208,147200.0
PO000943,NCC027,SP0060,18/08/2025,457,20600.0
PO000565,NCC011,SP0175,01/10/2024,897,20200.0
PO000849,NCC009,SP0019,11/11/2024,809,117400.0
PO001542,NCC033,SP0061,28/09/2025,940,131600.0
PO000612,NCC005,SP0146,14/04/2025,351,72300.0
PO000374,NCC022,SP0170,25/12/2024,28,125900.0
PO001519,NCC009,SP0051,26/11/2025,371,161100.0
PO002754,NCC041,SP0060,09/12/2025,130,20300.0
PO001649,NCC031,SP0169,05/07/2025,135,573000.0
PO000600,NCC014,SP0072,14/05/2026,610,441500.0
PO002259,NCC902,SP0104,28/01/2026,193,667400.0
PO000799,NCC019,SP0207,28/12/2025,792,21300.0
PO000795,NCC036,SP0187,08/03/2025,23,117500.0
PO000030,NCC031,SP0200,25/08/2024,992,292300.0
PO001559,NCC009,SP0124,01/03/2025,566,48400.0
PO000662,NCC014,SP0013,27/02/2026,573,62000.0
PO002129,NCC019,SP0175,02/10/2024,471,20300.0
PO001446,NCC007,SP0061,08/10/2025,552,117000.0
PO002366,NCC045,SP0173,03/05/2025,346,90400.0
PO001227,NCC027,SP0117,28/02/2026,278,34000.0
PO000815,NCC036,SP0182,16/02/2025,947,79400.0
PO000197,NCC027,SP0007,28/08/2025,548,161700.0
PO000221,NCC022,SP0144,09/01/2026,765,131900.0
PO001497,NCC041,SP0090,30/09/2025,991,494500.0
PO003032,NCC003,SP0137,10/12/2024,413,719700.0
PO000019,NCC020,SP0118,08/06/2026,56,116000.0
PO003474,NCC042,SP0071,03/09/2024,136,498900.0
PO003409,NCC007,SP0134,02/03/2026,604,93700.0
PO000892,NCC002,SP0069,06/10/2024,750,40100.0
PO003453,NCC015,SP0190,25/11/2025,343,29400.0
PO001585,NCC018,SP0090,19/04/2026,596,541200.0
PO000510,NCC041,SP0091,08/09/2025,917,48800.0
PO9900051,NCC039,SP0190,13/07/2025,196,29600.0
PO002234,NCC044,SP0066,05/02/2026,814,325000.0
PO000489,NCC014,SP0156,30/04/2025,436,63800.0
PO002507,NCC043,SP0158,28/01/2026,487,88300.0
PO001539,NCC037,SP0126,01/12/2024,261,58800.0
PO000005,NCC039,SP0046,26/11/2025,973,24800.0
PO000680,NCC023,SP0129,24/04/2026,857,129200.0
PO003038,NCC029,SP0210,08/05/2026,131,20700.0
PO000856,NCC037,SP0192,29/04/2025,574,367400.0
PO000219,NCC039,SP0203,27/02/2026,330,673100.0
PO002350,NCC028,SP0008,20/12/2025,258,800500.0
PO003268,NCC031,SP0175,18/03/2026,703,21200.0
PO002433,NCC021,SP0012,15/07/2025,486,87600.0
PO002425,NCC018,SP0049,23/01/2025,140,105800.0
PO001884,NCC022,SP0212,09/08/2025,70,153700.0
PO002620,NCC034,SP0129,30/09/2024,88,117000.0
PO001285,NCC904,SP0037,13/12/2024,217,105800.0
PO002284,NCC004,SP0014,03/03/2025,183,381200.0
PO001419,NCC028,SP0209,28/06/2026,939,88300.0
PO001896,NCC039,SP0024,03/10/2024,770,62000.0
PO001364,NCC025,SP0009,05/05/2025,216,324000.0
PO000754,NCC008,SP0135,29/01/2026,573,724600.0
PO002097,NCC021,SP0202,06/10/2024,866,256200.0
PO000202,NCC034,SP0127,05/09/2025,791,30700.0
PO000765,NCC007,SP0127,01/06/2025,968,28700.0
PO001378,NCC041,SP0159,06/06/2025,84,358400.0
PO000015,NCC016,,21/05/2026,353,511700.0
PO001847,NCC032,SP0144,10/07/2026,747,107500.0
PO002386,NCC033,SP0033,24/08/2025,441,52300.0
PO000797,NCC045,SP0161,15/08/2024,50,77800.0
PO001483,NCC005,SP0212,31/01/2026,201,172400.0
PO003130,NCC045,SP0072,03/02/2025,820,394700.0
PO001526,NCC007,SP0014,2026-02-25,495,458000.0
PO002472,NCC005,SP0121,04/05/2026,85,122900.0
PO002702,NCC011,SP0043,09/11/2025,943,160500.0
PO000193,NCC035,SP0091,26/07/2025,756,48800.0
PO000673,NCC036,SP0216,22/09/2024,265,52400.0
PO000820,NCC027,SP0054,15/11/2024,646,97900.0
PO001244,NCC044,SP0051,01/02/2026,778,176800.0
PO002082,NCC017,SP0124,04/07/2026,784,56400.0
PO002070,NCC045,SP0066,16/06/2025,768,316700.0
PO001390,NCC018,SP0193,06/03/2026,67,89700.0
PO9900013,NCC038,SP0183,06/06/2026,764,96200.0
PO002349,NCC009,SP0213,25/02/2025,746,25700.0
PO000976,NCC025,SP0030,22/01/2025,786,584400.0
PO002614,NCC021,SP0214,14/10/2025,120,41600.0
PO001134,NCC042,,19/10/2024,746,27400.0
PO001428,NCC027,SP0018,20/05/2026,132,700000.0
PO000313,NCC032,SP0218,06/01/2026,131,87200.0
PO000730,NCC001,SP0054,30/01/2026,741,74400.0
PO000772,NCC041,SP0142,11/02/2025,724,320500.0
PO001388,NCC011,SP0180,04/05/2025,883,836500.0
PO003235,NCC015,SP0176,27/07/2026,414,72600.0
PO002536,NCC008,SP0060,26/12/2025,879,21900.0
PO003471,NCC035,SP0059,05/01/2025,463,438000.0
PO001626,NCC045,SP0040,21/08/2024,126,103100.0
PO003084,NCC022,SP0064,19/06/2025,960,108100.0
PO002191,NCC021,SP0049,20/07/2026,620,129900.0
PO001785,NCC043,SP0015,29/01/2025,91,69900.0
PO001792,NCC009,SP0027,06/02/2025,648,55900.0
PO003358,NCC041,SP0188,28/08/2025,84,82800.0
PO003045,NCC007,SP0109,25/06/2025,309,493700.0
PO001695,NCC005,SP0145,21/11/2024,581,83000.0
PO001839,NCC012,SP0076,21/04/2025,832,54000.0
PO002291,NCC010,SP0069,12/07/2026,228,34100.0
PO001645,NCC019,SP0125,15/12/2024,437,125300.0
PO000125,NCC043,SP0098,23/04/2025,86,71300.0
PO003097,NCC041,SP0181,11/09/2024,590,482100.0
PO002764,NCC018,SP0078,09/11/2025,663,102500.0
PO000978,NCC027,SP0168,19/04/2026,969,19300.0
PO001653,NCC035,SP0064,18/09/2025,94,102600.0
PO002262,NCC038,SP0180,10/02/2025,610,703800.0
PO000854,NCC041,SP0075,31/05/2025,132,96600.0
PO000168,NCC034,SP0193,13/09/2025,815,79200.0
PO000859,NCC039,SP0001,19/02/2026,806,30300.0
PO001144,NCC016,SP0138,17/06/2025,87,25400.0
PO001130,NCC025,SP0156,07/01/2026,867,87100.0
PO001460,NCC012,SP0113,15/03/2026,561,108000.0
PO002544,NCC001,SP0158,23/04/2025,139,102300.0
PO001166,NCC029,SP0071,11/07/2026,785,505900.0
PO000761,NCC015,,03/10/2025,604,59700.0
PO000821,NCC023,SP0127,07/12/2024,718,28100.0
PO002327,NCC028,SP0118,12/06/2026,420,140900.0
PO001835,NCC027,SP0074,04/03/2026,715,806200.0
PO000208,NCC019,SP0007,03/09/2024,226,116000.0
PO003026,NCC037,SP0030,16/05/2026,873,559100.0
PO002626,NCC030,SP0085,12/01/2026,166,56300.0
PO001798,NCC019,SP0089,13/01/2026,86,115600.0
PO001657,NCC025,SP0088,24/05/2026,316,73400.0
PO003041,NCC022,SP0197,01/01/2025,411,562700.0
PO002365,NCC012,SP0188,23/12/2025,180,111300.0
PO003119,NCC034,SP0122,27/12/2025,57,91900.0
PO000027,NCC035,SP0157,02/06/2026,580,150800.0
PO001818,NCC031,SP0188,07/08/2024,173,108800.0
PO002571,NCC021,SP0165,11/04/2026,418,22000.0
PO000230,NCC007,SP0161,04/09/2024,200,61100.0
PO000570,NCC017,SP0042,28/01/2025,126,100200.0
PO002107,NCC014,,02/10/2025,568,487400.0
PO001242,NCC045,SP0064,05/02/2025,608,126200.0
PO002953,NCC008,SP0189,26/03/2026,807,95900.0
PO001696,NCC021,SP0040,14/04/2025,768,114100.0
PO001447,NCC020,SP0190,09/02/2026,569,30400.0
PO003343,NCC020,SP0067,03/11/2024,437,12300.0
PO002389,NCC015,SP0210,27/07/2026,125,19200.0
PO003046,NCC025,SP0031,05/01/2025,896,37900.0
PO002133,NCC040,SP0190,08/02/2025,758,31800.0
PO003164,NCC002,SP0080,13/07/2025,827,114600.0
PO9900018,NCC014,,26/08/2025,903,83500.0
PO002395,NCC008,SP0148,03/03/2026,827,37100.0
PO001579,NCC043,SP0198,08/10/2024,738,18400.0
PO000639,NCC022,SP0011,17/05/2025,228,27500.0
PO000705,NCC012,SP0189,25/11/2024,572,84500.0
PO000109,NCC907,SP0069,07/12/2025,848,44300.0
PO000785,NCC017,SP0039,04/11/2025,919,15100.0
PO001370,NCC012,SP0076,15/04/2026,237,70000.0
PO000906,NCC043,SP0202,07/10/2024,952,288700.0
PO001263,NCC019,SP0121,2024-10-04,562,112700.0
PO002227,NCC022,SP0111,26/12/2024,165,40200.0
PO002290,NCC001,SP0077,07/10/2024,556,96900.0
PO000619,NCC023,SP0191,29/01/2026,925,36100.0
PO002529,NCC040,,24/02/2026,48,161800.0
PO002777,NCC031,SP0195,13/11/2025,172,151700.0
PO001393,NCC038,SP0162,04/01/2025,726,102900.0
PO003214,NCC030,SP0050,27/06/2025,321,413700.0
PO001507,NCC005,SP0151,01/06/2026,282,126700.0
PO000050,NCC011,SP0157,20/05/2026,831,172600.0
PO002666,NCC015,SP0037,22/04/2025,724,114400.0
PO002958,NCC040,SP0172,11/06/2026,545,414800.0
PO003229,NCC016,SP0032,01/10/2025,589,141300.0
PO000693,NCC042,SP0034,06/02/2025,988,144100.0
PO002330,NCC007,SP0027,24/08/2025,21,51600.0
PO003068,NCC006,SP0152,19/08/2024,895,115500.0
PO002148,NCC037,SP0023,07/30/2026,901,109600.0
PO002883,NCC037,SP0120,13/08/2025,579,93900.0
PO003241,NCC025,SP0206,05/04/2026,773,38900.0
PO000232,NCC009,SP0209,17/02/2025,127,85300.0
PO002660,NCC002,SP0087,04/08/2024,105,133200.0
PO000389,NCC014,SP0198,30/01/2025,93,19200.0
PO002935,NCC035,SP0186,16/01/2025,177,683300.0
PO000445,NCC004,SP0085,25/04/2026,357,60400.0
PO002585,NCC009,SP0023,2024-11-18,386,105100.0
PO002745,NCC036,SP0164,29/05/2026,929,486900.0
PO003345,NCC021,SP0144,26/10/2024,74,129400.0
PO003054,NCC003,SP0118,12/04/2026,556,121600.0
PO000870,NCC022,SP0048,07/05/2025,301,43800.0
PO002876,NCC029,SP0107,24/05/2025,484,199400.0
PO002841,NCC900,SP0072,10/02/2026,918,422900.0
PO000851,NCC006,SP0106,04/01/2026,632,112800.0
PO002212,NCC009,SP0133,08/06/2026,491,138200.0
PO002083,NCC019,SP0009,03/09/2025,424,261900.0
PO000058,NCC015,SP0081,24/11/2025,432,33300.0
PO000372,NCC025,SP0187,21/10/2024,408,129800.0
PO001729,NCC042,SP0152,26/06/2026,291,130700.0
PO001794,NCC014,SP0100,2026-01-26,495,168500.0
PO000780,NCC006,SP0119,28/07/2025,40,160300.0
PO002409,NCC036,SP0106,30/08/2025,208,115700.0
PO002722,NCC011,SP0215,06/06/2026,653,61900.0
PO000624,NCC043,SP0198,23/07/2025,24,18300.0
PO001941,NCC038,SP0096,26/11/2025,771,41600.0
PO000163,NCC021,SP0166,08/09/2025,944,241500.0
PO002627,NCC029,SP0179,21/05/2025,64,139800.0
PO000175,NCC021,SP0160,25/11/2024,599,48300.0
PO001596,NCC011,SP0154,15/06/2026,741,24300.0
PO003356,NCC027,SP0209,20/09/2024,558,67800.0
PO000959,NCC034,SP0158,18/05/2025,674,91500.0
PO003010,NCC002,SP0060,15/03/2025,165,20000.0
PO000968,NCC044,SP0061,03/05/2026,645,121900.0
PO003230,NCC013,SP0171,02/08/2024,648,19700.0
PO001694,NCC001,SP0113,14/12/2024,405,129500.0
PO000534,NCC004,SP0131,09/10/2024,866,28400.0
PO001101,NCC029,SP0216,05/05/2025,925,40000.0
PO001401,NCC022,SP0169,30/10/2024,662,589200.0
PO002258,NCC009,SP0007,01/09/2025,164,123500.0
PO003487,NCC035,SP0024,23/08/2024,246,54100.0
PO001677,NCC014,SP0100,18/06/2026,536,152600.0
PO003316,NCC006,SP0191,31/08/2024,223,37900.0
PO003314,NCC023,SP0083,26/08/2024,921,45300.0
PO003153,NCC044,SP0214,20/08/2025,178,38300.0
PO001971,NCC014,SP0203,08/03/2026,921,599700.0
PO001163,NCC013,SP0118,07/07/2026,51,138300.0
PO002762,NCC033,SP0184,04/06/2025,379,126200.0
PO002210,NCC044,SP0192,01/12/2025,148,318300.0
PO002824,NCC905,SP0123,26/07/2026,572,164700.0
PO000120,NCC042,SP0189,10/09/2025,41,97000.0
PO002562,NCC012,SP0158,19/07/2025,158,104400.0
PO003027,NCC012,SP0059,25/08/2024,760,478600.0
PO001759,NCC016,SP0207,14/10/2025,201,21000.0
PO001301,NCC008,SP0200,05/12/2025,934,268900.0
PO001218,NCC026,SP0194,01/12/2026,289,94300.0
PO001786,NCC044,SP0011,20/06/2026,74,29100.0
PO002033,NCC017,SP0175,30/07/2026,382,20400.0
PO002036,NCC023,SP0204,16/12/2025,47,753600.0
PO000843,NCC023,SP0139,29/07/2026,41,115200.0
PO002568,NCC001,SP0046,21/12/2024,454,27800.0
PO000107,NCC030,SP0065,21/12/2025,251,608700.0
PO001688,NCC011,SP0092,25/09/2025,202,30700.0
PO001719,NCC005,SP0168,03/18/2025,771,19400.0
PO003252,NCC038,SP0208,10/10/2025,92,71400.0
PO000524,NCC043,SP0144,03/12/2024,630,116100.0
PO000539,NCC004,SP0138,30/07/2026,728,25600.0
PO003246,NCC016,SP0022,15/06/2026,895,905700.0
PO002439,NCC009,SP0015,28/01/2026,539,67600.0
PO003469,NCC032,SP0005,02/02/2025,681,131600.0
PO002665,NCC042,SP0152,11/11/2025,222,138600.0
PO002569,NCC008,SP0136,10/02/2026,294,500400.0
PO000970,NCC023,SP0140,26/06/2025,36,146000.0
PO000281,NCC012,SP0044,25/11/2025,482,822900.0
PO001860,NCC028,SP0168,23/07/2025,103,20100.0
PO002048,NCC011,SP0154,18/09/2024,766,25900.0
PO003043,NCC033,SP0140,11/01/2025,49,176200.0
PO003483,NCC015,SP0020,2026-01-15,828,57700.0
PO002304,NCC034,SP0179,01/06/2025,915,163800.0
PO002518,NCC039,SP0152,05/05/2026,308,140400.0
PO001376,NCC026,SP0213,15/01/2025,420,26500.0
PO003175,NCC009,SP0197,23/05/2026,633,461500.0
PO001373,NCC038,SP0098,11/06/2026,902,64500.0
PO002390,NCC037,SP0163,02/06/2026,44,116400.0
PO001753,NCC004,SP0120,24/06/2025,58,100800.0
PO001313,NCC039,SP0199,16/02/2026,100,79500.0
PO002647,NCC019,SP0077,19/05/2026,178,78600.0
PO003473,NCC034,SP0205,15/06/2025,399,266000.0
PO000811,NCC039,SP0001,09/10/2025,332,29400.0
PO001060,NCC009,SP0041,30/05/2026,358,774800.0
PO000758,NCC028,,08/05/2025,237,44900.0
PO002458,NCC004,SP0091,01/10/2024,403,43700.0
PO000796,NCC026,SP0057,16/08/2024,815,163500.0
PO001189,NCC020,SP0120,30/12/2024,394,105000.0
PO003162,NCC007,SP0045,28/07/2025,654,128400.0
PO000566,NCC908,SP0219,14/03/2025,544,36500.0
PO000311,NCC002,SP0172,23/10/2024,361,505500.0
PO002311,NCC002,SP0039,02/12/2024,62,14300.0
PO001806,NCC040,SP0191,17/07/2026,497,38000.0
PO002144,NCC002,SP0155,14/12/2025,142,142500.0
PO002321,NCC044,SP0080,15/12/2025,351,112400.0
PO001995,NCC031,SP0028,13/11/2024,607,93600.0
PO002776,NCC016,SP0214,18/12/2025,913,38000.0
PO003017,NCC043,SP0069,31/01/2026,615,37100.0
PO9900028,NCC024,SP0121,13/09/2025,505,110400.0
PO000829,NCC034,SP0149,05/06/2026,506,864600.0
PO001009,NCC036,SP0163,12/06/2026,78,103900.0
PO000575,NCC039,SP0190,23/12/2025,173,32100.0
PO001105,NCC029,SP0007,04/08/2025,588,124800.0
PO000082,NCC038,SP0059,21/04/2025,63,418200.0
PO002743,NCC011,SP0089,24/10/2025,717,103200.0
PO000254,NCC021,SP0002,10/11/2025,524,27900.0
PO000001,NCC039,SP0199,15/09/2024,461,73900.0
PO000611,NCC027,SP0137,01/01/2025,870,571400.0
PO000318,NCC009,SP0108,03/04/2025,155,85100.0
PO000807,NCC041,SP0182,20/11/2024,966,87800.0
PO002939,NCC034,SP0100,05/03/2026,353,154700.0
PO000590,NCC042,SP0124,12/09/2025,982,50800.0
PO002236,NCC037,SP0217,04/02/2025,605,161700.0
PO001618,NCC035,SP0195,20/10/2024,106,157400.0
PO003205,NCC011,SP0102,23/06/2025,873,459600.0
PO002092,NCC020,SP0218,27/06/2026,876,116200.0
PO001139,NCC040,SP0022,23/05/2026,896,752300.0
PO001503,NCC018,SP0170,26/12/2025,332,164000.0
PO001185,NCC035,SP0142,22/10/2024,332,308600.0
PO000294,NCC025,SP0119,13/09/2024,738,155300.0
PO001449,NCC005,SP0173,27/07/2026,686,94800.0
PO001055,NCC041,SP0105,22/07/2025,861,135200.0
PO003323,NCC034,SP0063,07/03/2025,757,51800.0
PO000488,NCC042,SP0219,03/12/2024,941,46200.0
PO002373,NCC026,SP0191,20/11/2024,166,36200.0
PO002267,NCC031,SP0089,21/01/2026,948,117600.0
PO000794,NCC033,SP0039,05/07/2025,207,14400.0
PO003178,NCC044,SP0102,22/03/2026,427,522900.0
PO000309,NCC043,SP0179,19/12/2025,631,143500.0
PO002380,NCC032,SP0051,10/31/2024,203,142300.0
PO000491,NCC042,SP0122,13/03/2025,301,85300.0
PO003120,NCC040,SP0145,10/10/2025,83,107700.0
PO002697,NCC037,SP0068,17/07/2026,718,37900.0
PO000634,NCC023,SP0110,15/09/2024,727,42500.0
PO001476,NCC030,,12/11/2024,168,58200.0
PO001549,NCC009,SP0128,15/05/2026,270,134400.0
PO003220,NCC007,SP0096,13/08/2025,181,41000.0
PO002948,NCC013,SP0187,18/09/2025,298,149000.0
PO002792,NCC006,SP0195,21/07/2026,768,132900.0
PO000213,NCC002,SP0110,13/01/2025,789,36100.0
PO000439,NCC030,SP0054,05/04/2026,209,76800.0
PO003236,NCC028,SP0196,05/01/2026,905,67500.0
PO000234,NCC037,,06/04/2025,806,737400.0
PO000415,NCC018,SP0181,05/04/2025,714,495900.0
PO000952,NCC040,SP0047,21/06/2025,792,90300.0
PO000268,NCC015,SP0212,20/11/2025,726,168300.0
PO002246,NCC041,SP0106,05/05/2026,441,110700.0
PO002990,NCC032,SP0134,02/02/2026,84,106700.0
PO001846,NCC002,SP0051,17/06/2025,176,174600.0
PO001670,NCC024,SP0171,24/05/2025,935,21300.0
PO003380,NCC011,SP0073,07/06/2025,554,65800.0
PO002661,NCC007,SP0012,13/03/2026,971,110200.0
PO002980,NCC010,SP0044,11/08/2025,177,853400.0
PO001133,NCC044,SP0066,18/08/2024,931,388200.0
PO001689,NCC018,SP0150,03/07/2026,168,126600.0
PO003377,NCC039,SP0025,01/02/2026,456,23000.0
PO001969,NCC010,SP0162,05/08/2024,670,115900.0
PO000375,NCC026,,12/09/2025,76,97400.0
PO000150,NCC033,SP0048,2025-07-05,337,44400.0
PO000034,NCC016,SP0060,12/10/2025,209,21300.0
PO002916,NCC033,SP0108,18/10/2025,599,101900.0
PO002205,NCC022,SP0172,22/05/2025,241,445000.0
PO000177,NCC032,SP0051,30/07/2026,834,194400.0
PO001827,NCC011,SP0208,26/07/2025,896,60500.0
PO001832,NCC011,SP0212,23/06/2025,351,122000.0
PO9900043,NCC037,SP0097,12/02/2025,514,47200.0
PO000878,NCC004,SP0009,26/05/2026,820,288300.0
PO000980,NCC028,SP0196,23/01/2026,126,80900.0
PO001566,NCC009,SP0040,18/02/2025,967,154600.0
PO000032,NCC031,SP0068,23/07/2025,486,37900.0
PO003364,NCC028,SP0220,22/06/2026,541,41000.0
PO002176,NCC007,SP0057,07/02/2026,101,151100.0
PO002483,NCC036,SP0196,01/02/2025,705,90400.0
PO000114,NCC042,SP0136,16/03/2025,173,545700.0
PO000812,NCC032,SP0010,03/09/2024,236,562500.0
PO003168,NCC018,SP0003,16/07/2026,333,43900.0
PO001131,NCC014,SP0162,01/02/2025,634,118700.0
PO9900052,NCC020,SP0159,22/09/2024,250,463700.0
PO002387,NCC026,SP0017,28/02/2026,364,38700.0
PO002392,NCC009,SP0117,14/06/2025,31,29900.0
PO002682,NCC035,SP0022,02/04/2026,983,826700.0
PO003476,NCC043,SP0019,05/06/2026,811,123500.0
PO002938,NCC042,SP0095,14/04/2026,302,62800.0
PO000986,NCC040,SP0145,06/02/2026,198,102300.0
PO003011,NCC040,SP0142,02/01/2025,493,336700.0
PO000554,NCC027,SP0185,03/06/2025,875,19400.0
PO001982,NCC040,SP0160,13/06/2025,156,43500.0
PO003052,NCC001,SP0189,15/02/2026,913,95200.0
PO001822,NCC035,SP0028,15/05/2026,46,107600.0
PO000667,NCC029,SP0047,06/11/2024,321,89500.0
PO003294,NCC020,SP0159,29/11/2025,785,386400.0
PO001746,NCC015,SP0036,17/08/2024,94,132200.0
PO000650,NCC010,SP0031,22/07/2026,749,36700.0
PO003166,NCC035,SP0014,28/12/2025,975,486100.0
PO002355,NCC042,SP0154,08/03/2025,591,26200.0
PO002150,NCC008,,05/02/2025,153,114000.0
PO9900042,NCC011,SP0119,01/02/2025,327,132300.0
PO000376,NCC029,SP0156,30/01/2026,877,59300.0
PO001403,NCC001,SP0163,27/05/2026,332,111000.0
PO001778,NCC024,SP0107,21/10/2024,336,178600.0
PO000354,NCC037,SP0097,12/02/2025,514,47200.0
PO003157,NCC015,SP0124,07/11/2025,174,52500.0
PO000452,NCC044,SP0111,2025-12-12,900,39900.0
PO002900,NCC002,SP0214,13/03/2026,980,39800.0
PO002000,NCC001,SP0028,29/12/2024,559,103800.0
PO003179,NCC038,SP0018,09/12/2025,179,591800.0
PO002688,NCC009,SP0161,24/12/2024,656,67500.0
PO001158,NCC038,SP0094,22/04/2026,479,97500.0
PO001515,NCC028,SP0171,27/04/2025,257,21200.0
PO001200,NCC030,SP0056,06/10/2024,536,40600.0
PO000360,NCC030,SP0159,16/09/2024,943,463000.0
PO000037,NCC039,SP0106,27/03/2025,997,103000.0
PO001750,NCC015,SP0113,31/01/2026,237,104500.0
PO9900023,NCC023,SP0171,20/03/2026,977,19900.0
PO000024,NCC038,SP0106,14/10/2025,872,130100.0
PO001384,NCC904,SP0012,01/02/2025,738,92200.0
PO001183,NCC021,SP0033,09/09/2025,827,69500.0
PO001994,NCC013,SP0087,04/02/2026,823,122500.0
PO000912,NCC012,SP0069,07/02/2025,297,35200.0
PO000822,NCC022,SP0182,04/05/2026,398,62800.0
PO000636,NCC020,SP0180,31/10/2025,322,806400.0
PO001954,NCC028,SP0068,11/09/2024,405,39500.0
PO002489,NCC027,SP0187,11/11/2025,782,140400.0
PO001599,NCC016,SP0161,19/12/2025,426,64500.0
PO000072,NCC018,SP0117,22/04/2025,615,32100.0
PO000686,NCC027,SP0189,09/11/2024,809,99200.0
PO000127,NCC010,SP0217,09/02/2026,165,166900.0
PO002115,NCC042,SP0005,07/02/2025,836,148500.0
PO000776,NCC018,SP0125,03/05/2026,467,162000.0
PO001849,NCC036,SP0129,01/10/2024,771,154500.0
PO000521,NCC032,SP0061,20/02/2025,295,146900.0
PO000441,NCC033,SP0219,11/01/2026,979,36300.0
PO001947,NCC031,SP0029,18/04/2025,400,161300.0
PO001961,NCC033,SP0156,26/10/2025,51,76500.0
PO001021,NCC007,SP0084,01/12/2024,169,80900.0
PO001127,NCC035,SP0036,29/05/2025,201,138000.0
PO002225,NCC029,SP0054,17/12/2025,951,70500.0
PO002799,NCC044,SP0097,21/02/2025,666,43600.0
PO002673,NCC010,SP0060,18/09/2025,445,19100.0
PO003019,NCC012,SP0189,17/09/2025,159,91800.0
PO002398,NCC037,SP0184,03/12/2024,501,162200.0
PO000053,NCC038,,28/07/2026,486,76000.0
PO002146,NCC039,SP0013,27/10/2024,808,70200.0
PO9900046,NCC002,SP0112,20/08/2024,91,111400.0
PO003100,NCC002,SP0078,11/05/2025,314,120400.0
PO003291,NCC024,SP0204,26/02/2025,171,741500.0
PO001441,NCC034,SP0176,22/12/2024,48,87600.0
PO000455,NCC901,SP0197,24/03/2026,249,531100.0
PO001150,NCC005,SP0012,27/01/2025,245,124200.0
PO000944,NCC007,SP0174,03/11/2024,296,431400.0
PO001965,NCC033,SP0188,22/09/2025,299,86000.0
PO002280,NCC045,SP0136,29/01/2025,835,583000.0
PO000450,NCC040,SP0023,18/07/2026,613,127000.0
PO002595,NCC018,SP0085,10/02/2026,507,67600.0
PO002323,NCC030,SP0163,21/05/2026,203,92700.0
PO000509,NCC041,SP0166,11/03/2026,962,244500.0
PO001400,NCC010,SP0204,07/11/2025,999,816500.0
PO001465,NCC037,SP0143,22/09/2025,175,89600.0
PO002098,NCC014,SP0093,20/05/2026,358,732700.0
PO001636,NCC023,SP0178,04/04/2026,568,117500.0
PO003341,NCC025,SP0165,18/04/2025,554,24200.0
PO002732,NCC043,SP0143,06/10/2024,848,99400.0
PO000386,NCC004,SP0132,20/06/2025,64,251700.0
PO001309,NCC014,SP0129,03/12/2024,686,130800.0
PO001368,NCC012,SP0099,28/07/2025,980,142400.0
PO000852,NCC028,SP0079,25/04/2025,88,22700.0
PO000069,NCC015,SP0079,26/11/2025,959,20400.0
PO003463,NCC034,SP0124,22/11/2025,548,45600.0
PO001314,NCC044,SP0196,12/09/2025,903,90500.0
PO001737,NCC013,SP0082,22/02/2026,638,541700.0
PO002013,NCC034,SP0198,30/04/2026,648,19000.0
PO002770,NCC031,SP0072,2026-01-22,544,442900.0
PO002207,NCC008,SP0202,24/09/2025,597,252700.0
PO002252,NCC041,SP0212,09/02/2026,855,129200.0
PO001608,NCC019,SP0072,25/05/2025,693,423400.0
PO000564,NCC005,SP0125,30/10/2024,349,150200.0
PO000319,NCC010,SP0174,22/11/2024,987,498200.0
PO002540,NCC036,SP0196,08/03/2025,509,94400.0
PO002984,NCC026,SP0023,03/23/2026,157,126700.0
PO000844,NCC035,SP0089,07/04/2026,750,117100.0
PO000525,NCC001,SP0107,23/09/2025,780,179800.0
PO000440,NCC045,SP0106,06/08/2025,526,123400.0
PO001045,NCC019,SP0066,29/08/2024,554,351000.0
PO002715,NCC017,SP0170,02/08/2024,695,161300.0
PO002109,NCC007,SP0019,19/05/2026,203,94600.0
PO003350,NCC017,SP0138,29/10/2024,547,23600.0
PO001882,NCC024,SP0028,19/07/2025,139,111800.0
PO002318,NCC005,SP0205,18/05/2026,325,326700.0
PO001795,NCC015,SP0100,19/12/2025,686,125900.0
PO001949,NCC032,SP0180,08/04/2025,992,764600.0
PO002615,NCC024,SP0087,24/07/2025,986,133100.0
PO002185,NCC021,SP0023,16/05/2025,636,126100.0
PO000630,NCC028,SP0149,27/11/2024,20,693900.0
PO001702,NCC031,SP0117,19/12/2025,356,31800.0
PO000085,NCC006,SP0154,04/04/2026,364,23500.0
PO001468,NCC008,SP0177,30/05/2026,693,152300.0
PO000678,NCC010,SP0073,22/05/2026,618,57500.0
PO003412,NCC012,SP0142,10/10/2025,897,371600.0
PO000400,NCC028,SP0119,30/11/2024,105,176000.0
PO001881,NCC018,SP0065,15/10/2024,921,474900.0
PO003213,NCC018,SP0089,20/08/2024,839,120100.0
PO001305,NCC041,SP0085,08/01/2026,730,77300.0
PO000858,NCC011,SP0111,13/04/2026,787,40300.0
PO002407,NCC040,SP0075,02/04/2025,521,101900.0
PO002178,NCC001,SP0091,31/12/2025,114,47000.0
PO002862,NCC014,SP0029,26/04/2025,797,127500.0
PO002600,NCC022,SP0182,05/11/2025,265,81700.0
PO000258,NCC039,SP0213,11/10/2025,242,25100.0
PO001658,NCC014,SP0196,2026-03-18,503,91800.0
PO001514,NCC022,SP0183,30/08/2025,542,93900.0
PO000267,NCC010,SP0173,06/06/2026,280,81500.0
PO000396,NCC022,SP0068,31/08/2025,502,38900.0
PO002887,NCC011,SP0063,10/01/2026,288,56300.0
PO003485,NCC012,SP0078,27/06/2025,571,127900.0
PO000162,NCC015,SP0196,15/07/2026,491,90100.0
PO000112,NCC013,SP0200,26/12/2024,673,313200.0
PO003461,NCC037,SP0028,08/04/2026,305,96600.0
PO001641,NCC017,SP0140,15/10/2024,314,169400.0
PO003099,NCC033,SP0084,18/10/2025,731,108900.0
PO001430,NCC023,SP0174,02/03/2026,512,535000.0
PO001699,NCC045,SP0039,21/03/2026,597,14400.0
PO002206,NCC038,SP0170,20/01/2026,318,149600.0
PO002546,NCC022,SP0070,25/03/2025,104,99500.0
PO002998,NCC023,SP0022,23/12/2025,697,845000.0
PO000180,NCC029,SP0098,28/09/2025,226,66000.0
PO000709,NCC002,SP0079,19/09/2025,856,20600.0
PO000338,NCC031,SP0192,28/06/2026,779,311700.0
PO001479,NCC033,SP0117,26/06/2026,744,31500.0
PO000031,NCC006,SP0006,23/07/2025,182,681000.0
PO001066,NCC026,SP0045,07/05/2025,706,114400.0
PO000392,NCC031,SP0181,04/04/2026,472,531700.0
PO001157,NCC002,SP0182,04/11/2024,405,73200.0
PO000179,NCC020,SP0141,07/02/2025,523,40900.0
PO000136,NCC031,SP0153,14/12/2025,714,108400.0
PO000108,NCC037,SP0151,08/04/2025,101,123600.0
PO000492,NCC044,SP0154,24/04/2025,166,23100.0
PO000877,NCC035,SP0035,09/08/2024,524,559500.0
PO001421,NCC022,SP0055,18/02/2025,316,175400.0
PO000973,NCC023,SP0109,19/02/2025,716,521900.0
PO000461,NCC008,SP0092,12/12/2025,252,30000.0
PO002655,NCC020,SP0215,25/05/2025,475,53100.0
PO002575,NCC034,SP0179,23/06/2025,29,143500.0
PO002967,NCC034,SP0205,10/08/2024,383,257900.0
PO000742,NCC030,SP0076,10/06/2025,118,67200.0
PO001024,NCC037,SP0032,11/16/2025,412,111500.0
PO001123,NCC024,SP0200,07/09/2024,917,343600.0
PO001500,NCC040,SP0123,12/05/2025,637,177300.0
PO001328,NCC012,SP0213,17/10/2025,154,24200.0
PO001561,NCC040,SP0104,28/05/2026,132,629600.0
PO000164,NCC019,SP0148,01/12/2025,980,35200.0
PO001516,NCC013,SP0045,04/12/2025,883,125200.0
PO000937,NCC003,SP0080,08/07/2025,466,93200.0
PO000697,NCC021,SP0104,26/04/2025,749,696900.0
PO002543,NCC001,SP0156,18/05/2025,835,75600.0
PO001004,NCC041,SP0058,09/09/2025,64,34800.0
PO001436,NCC045,SP0089,02/12/2024,835,121100.0
PO003061,NCC010,SP0193,26/09/2025,583,88100.0
PO001304,NCC025,SP0058,03/02/2025,944,33700.0
PO001347,NCC002,SP0074,12/01/2025,272,729500.0
PO000800,NCC907,SP0118,05/09/2024,651,130200.0
PO002728,NCC028,SP0171,01/08/2024,319,21500.0
PO000916,NCC031,SP0012,25/01/2025,474,89100.0
PO002336,NCC002,SP0214,12/05/2026,553,38000.0
PO000257,NCC005,SP0125,28/06/2025,290,152200.0
PO002993,NCC045,SP0199,08/08/2025,890,75600.0
PO001704,NCC027,SP0167,05/09/2025,697,28700.0
PO000436,NCC004,SP0159,05/03/2025,376,489600.0
PO003310,NCC905,SP0163,06/19/2025,256,126100.0
PO000553,NCC029,SP0135,25/10/2025,386,595200.0
PO002514,NCC031,SP0040,13/08/2024,761,125800.0
PO000286,NCC006,,14/07/2026,683,45100.0
PO002476,NCC004,SP0144,04/09/2025,195,124400.0
PO001274,NCC010,SP0071,06/02/2026,61,535600.0
PO001464,NCC011,SP0203,19/01/2025,984,570200.0
PO001614,NCC907,SP0044,23/05/2026,632,733200.0
PO000395,NCC005,SP0168,19/05/2025,401,20300.0
PO000860,NCC030,SP0178,29/03/2026,495,145100.0
PO001724,NCC020,SP0021,07/11/2025,748,35000.0
PO001063,NCC025,SP0115,30/06/2025,727,20100.0
PO002084,NCC009,SP0187,28/06/2025,487,148800.0
PO001167,NCC014,SP0044,10/01/2025,265,808100.0
PO000559,NCC022,SP0011,26/08/2025,20,28000.0
PO001392,NCC012,SP0114,13/03/2025,111,58100.0
PO001735,NCC020,SP0111,12/04/2026,430,36500.0
PO003259,NCC044,SP0032,05/05/2025,888,144800.0
PO002145,NCC022,SP0084,06/05/2025,783,109000.0
PO001611,NCC039,SP0194,16/01/2025,351,99000.0
PO001383,NCC024,SP0067,29/10/2025,994,11600.0
PO001352,NCC045,SP0106,13/04/2026,986,127200.0
PO001037,NCC006,SP0072,11/01/2026,879,433200.0
PO000643,NCC015,SP0119,30/07/2026,69,151700.0
PO002991,NCC033,SP0003,16/02/2025,513,43700.0
PO000674,NCC022,SP0220,24/10/2024,251,38100.0
PO001576,NCC042,SP0034,22/06/2026,910,134100.0
PO001606,NCC029,SP0209,27/12/2024,586,74800.0
PO002996,NCC011,SP0090,31/10/2024,946,491100.0
PO001462,NCC041,SP0050,05/10/2024,824,412200.0
PO001217,NCC035,SP0015,27/06/2026,873,69700.0
PO001260,NCC002,SP0213,01/09/2024,613,24800.0
PO001864,NCC020,SP0205,26/09/2025,137,307700.0
PO002237,NCC014,SP0197,06/01/2026,689,520900.0
PO001787,NCC030,SP0216,01/04/2025,952,52800.0
PO001629,NCC023,SP0038,29/09/2025,879,698800.0
PO002103,NCC003,SP0166,20/02/2026,793,198900.0
PO002693,NCC032,SP0029,13/10/2024,278,159800.0
PO000215,NCC009,SP0030,18/02/2026,730,568200.0
PO002224,NCC012,SP0034,29/09/2024,173,175700.0
PO000080,NCC023,SP0022,02/03/2026,427,773100.0
PO002437,NCC031,SP0034,07/08/2025,65,147100.0
PO001230,NCC009,SP0029,01/10/2024,953,140900.0
PO002583,NCC037,SP0141,26/12/2024,50,49500.0
PO9900021,NCC021,SP0122,27/04/2026,601,93300.0
PO000138,NCC026,SP0174,25/09/2024,918,519700.0
PO001195,NCC033,,24/06/2026,230,125900.0
PO001405,NCC043,SP0003,09/11/2024,885,46900.0
PO001076,NCC009,SP0099,26/09/2025,523,149300.0
PO000963,NCC029,SP0179,04/19/2026,504,121600.0
PO002162,NCC003,SP0123,08/11/2025,101,168700.0
PO001920,NCC022,SP0057,17/01/2025,685,141800.0
PO000707,NCC007,SP0049,05/09/2025,847,136500.0
PO002413,NCC029,SP0015,15/04/2026,268,50600.0
PO001422,NCC027,SP0072,31/07/2026,662,430500.0
PO002884,NCC035,SP0011,12/08/2025,926,28100.0
PO001783,NCC035,,21/01/2026,404,146700.0
PO001488,NCC025,SP0111,27/09/2024,435,40600.0
PO002497,NCC022,SP0181,2024-11-24,475,500500.0
PO002747,NCC034,SP0162,02/01/2025,838,116300.0
PO000792,NCC028,SP0167,08/10/2024,183,30100.0
PO003418,NCC003,SP0055,24/03/2025,843,148900.0
PO001475,NCC013,SP0068,02/06/2025,618,38400.0
PO9900041,NCC027,SP0025,02/05/2025,696,26400.0
PO001425,NCC008,SP0110,04/08/2024,577,38000.0
PO001533,NCC014,SP0107,10/05/2026,743,202800.0
PO003121,NCC027,SP0166,04/01/2026,858,211600.0
PO000347,NCC022,SP0211,20/03/2026,52,142400.0
PO002305,NCC028,SP0013,18/10/2024,675,81300.0
PO002334,NCC013,SP0025,10/09/2024,362,25500.0
PO001573,NCC032,SP0078,08/04/2025,919,109600.0
PO001887,NCC040,SP0210,02/11/2025,394,18600.0
PO002848,NCC033,SP0111,22/03/2025,297,39000.0
PO002740,NCC027,SP0165,05/04/2025,309,23300.0
PO002983,NCC032,SP0194,28/01/2026,403,83000.0
PO002412,NCC009,SP0067,09/12/2024,88,10800.0
PO000960,NCC037,SP0019,05/06/2025,606,95100.0
PO000702,NCC002,SP0107,25/10/2024,302,171800.0
PO002035,NCC044,SP0182,10/02/2025,277,62500.0
PO001639,NCC031,SP0062,05/05/2026,749,165800.0
PO003289,NCC014,SP0138,03/12/2025,701,22800.0
PO001897,NCC020,SP0103,31/12/2024,956,140400.0
PO001310,NCC038,SP0197,19/01/2025,20,599400.0
PO000781,NCC013,SP0125,16/06/2025,339,142600.0
PO002816,NCC016,SP0004,30/08/2024,839,115500.0
PO001540,NCC031,SP0158,13/12/2024,864,105700.0
PO001416,NCC030,SP0016,12/10/2024,703,563400.0
PO000694,NCC028,SP0092,23/10/2024,669,33000.0
PO003467,NCC042,SP0149,21/02/2026,866,812000.0
PO000059,NCC045,SP0145,14/08/2025,213,97300.0
PO003190,NCC017,SP0046,28/05/2026,359,28500.0
PO000867,NCC042,SP0191,29/12/2024,420,36300.0
PO000144,NCC041,SP0078,04/03/2025,176,108400.0
PO002113,NCC040,SP0175,28/11/2025,450,21100.0
PO003078,NCC005,SP0072,22/05/2026,218,467000.0
PO001706,NCC028,,23/06/2025,291,750700.0
PO000265,NCC033,SP0218,08/06/2026,493,104700.0
PO000446,NCC003,SP0028,17/05/2026,413,100700.0
PO002960,NCC011,SP0064,20/03/2025,211,118600.0
PO002494,NCC021,SP0151,12/04/2025,358,127100.0
PO002156,NCC032,SP0067,10/12/2025,534,11500.0
PO001182,NCC907,SP0116,14/06/2025,501,385800.0
PO000454,NCC032,SP0096,01/08/2025,164,40700.0
PO002801,NCC023,SP0113,24/05/2026,824,133500.0
PO000423,NCC039,SP0072,13/10/2024,723,381600.0
PO002931,NCC041,SP0187,19/09/2024,146,157400.0
PO001567,NCC014,SP0125,08/05/2025,831,124300.0
PO001680,NCC006,SP0136,2026-04-10,329,642400.0
PO002511,NCC026,SP0061,21/06/2026,702,122600.0
PO002964,NCC035,SP0111,24/11/2025,781,40900.0
PO000833,NCC037,SP0080,04/11/2025,598,109500.0
PO001014,NCC003,,18/12/2025,35,66100.0
PO001069,NCC028,SP0094,22/08/2024,21,82300.0
PO9900017,NCC024,SP0047,21/10/2024,713,105600.0
PO001054,NCC019,SP0149,07/09/2024,119,862200.0
PO001933,NCC002,,23/08/2024,34,24700.0
PO002803,NCC045,SP0075,04/01/2026,177,77700.0
PO9900038,NCC015,SP0096,21/02/2026,197,44200.0
PO003203,NCC030,SP0129,28/01/2026,174,151200.0
PO001083,NCC032,SP0122,11/12/2025,774,78800.0
PO003238,NCC037,SP0144,13/11/2025,580,133900.0
PO000836,NCC019,SP0180,19/12/2025,880,697000.0
PO002414,NCC021,SP0130,12/12/2025,594,128600.0
PO003320,NCC012,SP0186,08/02/2026,115,551300.0
PO001192,NCC044,SP0210,01/03/2026,755,20100.0
PO002469,NCC027,SP0084,25/04/2026,310,92600.0
PO000876,NCC002,SP0051,04/03/2025,102,191300.0
PO002899,NCC033,SP0048,16/10/2025,187,41700.0
PO000714,NCC034,SP0196,16/06/2025,548,90900.0
PO002128,NCC015,SP0119,21/04/2026,721,162900.0
PO001844,NCC010,SP0113,09/11/2024,660,130100.0
PO003085,NCC009,SP0011,10/01/2026,76,28200.0
PO002314,NCC029,SP0139,30/01/2026,208,152900.0
PO000762,NCC021,SP0072,04/08/2025,328,374200.0
PO000814,NCC010,SP0210,26/03/2026,288,19400.0
PO000893,NCC012,SP0093,10/06/2026,992,727900.0
PO003227,NCC022,SP0155,27/12/2025,619,164000.0
PO002030,NCC007,SP0047,21/12/2025,929,84600.0
PO002632,NCC043,SP0182,26/10/2024,683,60500.0
PO002730,NCC043,SP0163,06/01/2025,657,123000.0
PO001271,NCC024,SP0114,27/11/2025,488,62200.0
PO000211,NCC031,SP0002,21/08/2024,114,24700.0
PO002837,NCC004,SP0170,06/05/2025,669,138600.0
PO000189,NCC029,SP0193,13/03/2026,789,64400.0
PO001379,NCC003,SP0203,11/06/2026,852,742100.0
PO003042,NCC030,SP0088,01/12/2025,123,70200.0
PO001964,NCC002,SP0048,30/09/2025,555,43000.0
PO003249,NCC023,SP0194,05/01/2026,963,88500.0
PO001997,NCC020,SP0096,02/09/2024,545,43200.0
PO002164,NCC042,SP0178,07/08/2024,320,129500.0
PO002420,NCC021,SP0185,21/12/2025,438,21400.0
PO002978,NCC034,SP0208,02/12/2025,280,66100.0
PO001554,NCC039,SP0150,25/12/2024,896,115800.0
PO001525,NCC028,,19/05/2025,344,97000.0
PO000633,NCC045,SP0175,21/08/2025,67,22500.0
PO000359,NCC018,SP0161,18/03/2026,598,69100.0
PO000259,NCC010,SP0117,29/06/2025,594,33600.0
PO000868,NCC035,SP0009,27/12/2024,682,273200.0
PO000004,NCC007,SP0161,22/07/2025,506,76200.0
PO002768,NCC001,SP0111,05/11/2024,64,39100.0
PO003129,NCC037,SP0193,27/09/2025,552,74200.0
PO003018,NCC011,SP0192,03/01/2026,651,322900.0
PO001651,NCC041,SP0186,08/12/2024,717,742400.0
PO002771,NCC014,SP0024,07/09/2024,505,66600.0
PO000961,NCC005,SP0112,01/01/2025,720,101200.0
PO000121,NCC005,SP0140,16/01/2026,923,140100.0
PO003414,NCC031,SP0205,23/05/2026,271,300100.0
PO000522,NCC026,SP0024,05/12/2025,834,60600.0
PO002646,NCC040,SP0012,05/07/2025,203,123800.0
PO001106,NCC008,SP0055,03/12/2024,922,166700.0
PO001269,NCC022,SP0040,22/05/2025,324,137400.0
PO001454,NCC041,SP0213,21/07/2025,807,24600.0
PO001739,NCC015,SP0219,06/02/2026,81,37200.0
PO000271,NCC019,SP0016,07/03/2026,113,522500.0
PO002421,NCC001,SP0010,18/05/2025,855,498500.0
PO002863,NCC028,SP0044,09/10/2025,570,774800.0
PO000497,NCC015,SP0037,27/10/2025,890,118700.0
PO000951,NCC008,SP0184,19/01/2026,545,149400.0
PO001872,NCC012,SP0097,20/11/2025,513,59700.0
PO9900005,NCC044,,10/02/2025,277,62500.0
PO000748,NCC039,SP0149,02/11/2024,588,857700.0
PO003147,NCC014,SP0170,29/09/2025,144,144700.0
PO003088,NCC025,SP0156,29/04/2025,946,77700.0
PO000503,NCC032,SP0158,16/04/2026,717,93700.0
PO001178,NCC015,SP0206,29/04/2025,849,39600.0
PO000383,NCC005,SP0054,23/09/2024,416,91600.0
PO001669,NCC045,SP0190,20/11/2024,391,29100.0
PO002170,NCC020,SP0036,01/01/2025,96,166100.0
PO002275,NCC016,SP0148,17/05/2026,142,35500.0
PO000933,NCC042,SP0162,12/10/2025,858,96900.0
PO000769,NCC012,SP0116,04/12/2024,569,422800.0
PO000777,NCC041,SP0063,29/04/2025,642,54500.0
PO002106,NCC015,SP0195,19/05/2025,759,116500.0
PO002219,NCC039,SP0124,25/11/2025,414,40100.0
PO003035,NCC021,SP0115,02/02/2026,317,20900.0
PO000098,NCC020,SP0126,17/06/2026,150,76600.0
PO000926,NCC007,SP0025,05/02/2025,726,26900.0
PO9900009,NCC028,SP0191,28/08/2025,203,33600.0
PO001842,NCC037,SP0109,25/04/2025,243,576500.0
PO001052,NCC010,SP0194,15/03/2026,306,111400.0
PO001543,NCC004,SP0046,10/07/2026,199,27100.0
PO003353,NCC031,SP0213,13/03/2026,572,23200.0
PO001433,NCC013,SP0166,04/21/2026,715,244000.0
PO002499,NCC025,SP0111,11/03/2026,639,40700.0
PO002263,NCC039,SP0065,28/12/2024,827,471900.0
PO001149,NCC005,SP0021,12/05/2026,729,38000.0
PO002504,NCC038,SP0060,01/03/2025,863,21300.0
PO002886,NCC017,SP0173,11/09/2025,663,90300.0
PO000990,NCC030,SP0160,29/11/2025,828,50200.0
PO003094,NCC035,SP0165,18/11/2024,669,23400.0
PO000911,NCC009,SP0100,18/08/2024,70,152700.0
PO001848,NCC031,SP0101,30/04/2025,583,233900.0
PO003093,NCC004,SP0127,05/04/2026,778,28600.0
PO001164,NCC012,SP0036,07/02/2025,684,150400.0
PO000157,NCC005,SP0125,08/06/2026,28,123000.0
PO000663,NCC012,SP0185,06/06/2026,846,19000.0
PO000442,NCC908,SP0117,11/01/2025,156,33200.0
PO001531,NCC009,SP0064,10/10/2024,343,121900.0
PO000806,NCC042,SP0073,30/09/2025,559,59600.0
PO001880,NCC020,SP0196,22/09/2025,268,76600.0
PO000417,NCC014,SP0091,11/02/2025,74,46300.0
PO002689,NCC024,SP0175,19/01/2025,537,22100.0
PO001801,NCC019,,02/06/2025,150,654500.0
PO001869,NCC029,,10/09/2024,904,158500.0
PO003274,NCC012,SP0058,06/09/2024,33,32300.0
PO001300,NCC024,SP0114,16/06/2025,188,62700.0
PO003447,NCC022,SP0073,04/11/2024,877,54200.0
PO000025,NCC027,SP0025,02/05/2025,696,26400.0
PO001923,NCC022,SP0080,19/03/2025,450,109600.0
PO000167,NCC005,SP0179,05/04/2026,553,161300.0
PO001397,NCC021,SP0030,26/04/2025,283,521600.0
PO001740,NCC001,SP0192,10/10/2024,540,355200.0
PO001261,NCC016,SP0062,11/08/2025,490,142200.0
PO002712,NCC020,SP0067,17/05/2026,603,11500.0
PO000132,NCC005,SP0142,23/09/2025,310,359200.0
PO000105,NCC023,SP0205,24/08/2025,200,323300.0
PO003070,NCC041,SP0144,08/10/2024,359,136800.0
PO002062,NCC036,SP0066,2025-01-20,505,365100.0
PO002153,NCC009,SP0169,08/04/2025,119,461900.0
PO000335,NCC045,SP0069,27/05/2026,466,45700.0
PO003244,NCC040,SP0142,03/12/2025,938,334500.0
PO003295,NCC007,SP0181,18/10/2025,498,482000.0
PO000651,NCC021,SP0220,03/11/2025,43,41100.0
PO002828,NCC005,SP0020,20/04/2026,548,53400.0
PO000635,NCC002,SP0175,08/06/2025,439,20500.0
PO001937,NCC011,SP0202,11/01/2025,155,265000.0
PO000486,NCC024,SP0010,01/14/2025,853,641900.0
PO002078,NCC041,,13/08/2024,978,607100.0
PO002908,NCC022,SP0164,07/09/2025,630,454500.0
PO000035,NCC019,SP0134,28/04/2026,647,114900.0
PO002798,NCC001,SP0149,28/07/2026,425,761000.0
PO003397,NCC035,SP0072,21/07/2025,154,463300.0
PO001690,NCC042,SP0137,24/10/2025,406,725400.0
PO000909,NCC038,SP0016,22/06/2026,872,577000.0
PO002474,NCC040,SP0184,2025-02-20,821,131700.0
PO000238,NCC038,SP0100,15/01/2026,450,138500.0
PO003087,NCC020,SP0041,21/05/2025,837,803600.0
PO002737,NCC039,SP0183,01/08/2025,474,93800.0
PO000710,NCC026,SP0129,16/05/2026,897,159900.0
PO002123,NCC007,SP0178,03/10/2024,285,155000.0
PO000514,NCC022,SP0064,11/05/2026,496,111400.0
PO000401,NCC030,SP0024,30/10/2024,565,58200.0
PO003081,NCC038,SP0037,28/11/2025,931,112200.0
PO002073,NCC900,SP0026,06/10/2025,709,68300.0
PO000999,NCC031,SP0140,30/12/2024,146,175300.0
PO001927,NCC008,SP0090,13/02/2025,192,483200.0
PO000987,NCC008,SP0013,14/11/2025,779,81100.0
PO001906,NCC011,SP0175,20/02/2025,225,18500.0
PO002548,NCC045,SP0148,18/06/2026,349,39100.0
PO003102,NCC043,SP0116,18/12/2025,20,391100.0
PO000018,NCC018,SP0148,10/10/2024,505,35300.0
PO003344,NCC028,SP0020,18/05/2025,764,52900.0
PO002580,NCC034,SP0173,25/07/2025,559,107900.0
PO001341,NCC023,SP0087,13/03/2025,251,102400.0
PO001902,NCC014,SP0172,13/10/2024,679,491300.0
PO001262,NCC037,SP0158,02/09/2024,553,102600.0
PO001345,NCC028,SP0022,2026-03-01,712,663700.0
PO001275,NCC012,SP0043,17/03/2025,641,153800.0
PO000444,NCC040,SP0007,25/01/2025,745,139300.0
PO001034,NCC008,SP0006,16/02/2025,880,682200.0
PO001093,NCC030,SP0039,29/03/2026,161,15000.0
PO000601,NCC036,SP0096,02/11/2025,664,41500.0
PO002315,NCC042,SP0155,20/12/2024,422,132800.0
PO002038,NCC020,SP0184,24/02/2025,547,114600.0
PO003059,NCC003,SP0130,01/03/2026,48,133100.0
PO002286,NCC025,SP0162,10/04/2026,409,95700.0
PO001354,NCC034,SP0171,22/07/2026,273,19200.0
PO001772,NCC025,SP0062,17/05/2026,686,142200.0
PO002261,NCC029,SP0220,29/08/2025,410,43200.0
PO003148,NCC022,SP0032,25/06/2026,219,133400.0
PO001064,NCC035,SP0170,09/04/2025,721,144900.0
PO001910,NCC041,SP0039,09/20/2025,234,15700.0
PO000731,NCC027,SP0196,07/08/2024,254,68400.0
PO000864,NCC019,SP0037,23/06/2026,89,111000.0
PO002343,NCC029,SP0017,18/12/2025,599,38800.0
PO000089,NCC042,SP0132,27/12/2025,980,292600.0
PO001978,NCC021,,20/02/2026,520,135600.0
PO001209,NCC043,SP0187,31/01/2025,405,147700.0
PO002432,NCC024,SP0046,26/05/2026,556,27100.0
PO000074,NCC044,SP0106,11/02/2025,689,126600.0
PO000531,NCC037,SP0203,08/04/2026,355,728000.0
PO9900019,NCC029,SP0115,16/10/2025,599,21700.0
PO000585,NCC034,SP0127,21/10/2024,529,28400.0
PO002839,NCC013,SP0081,18/02/2026,87,29900.0
PO003258,NCC002,SP0024,19/04/2026,358,57100.0
PO002605,NCC028,SP0165,28/01/2026,777,23500.0
PO001998,NCC042,SP0002,21/11/2025,838,24300.0
PO000541,NCC016,SP0200,31/12/2025,575,292900.0
PO001983,NCC027,SP0207,10/02/2025,829,20300.0
PO001582,NCC030,SP0061,26/04/2026,755,126900.0
PO003285,NCC001,SP0213,05/12/2025,599,24500.0
PO000766,NCC017,SP0117,24/07/2026,544,31500.0
PO001854,NCC900,SP0194,06/05/2025,310,76200.0
PO002932,NCC045,SP0078,2025-09-09,222,115200.0
PO002720,NCC022,SP0069,10/02/2025,375,39400.0
PO003044,NCC036,SP0104,29/11/2024,690,610600.0
PO000629,NCC043,SP0040,22/08/2025,607,112200.0
PO002593,NCC004,,2026-06-03,346,129900.0
PO003383,NCC013,SP0071,09/07/2025,605,542100.0
PO000627,NCC023,SP0162,08/01/2026,736,113800.0
PO000117,NCC006,SP0093,11/08/2025,661,684700.0
PO002901,NCC035,SP0147,28/05/2025,83,44100.0
PO003098,NCC005,SP0104,24/02/2026,289,658000.0
PO001196,NCC005,SP0117,27/02/2025,219,33200.0
PO000380,NCC020,SP0025,08/09/2025,492,25200.0
PO001033,NCC014,SP0114,2026-02-08,770,53100.0
PO001020,NCC030,,27/08/2024,223,79100.0
PO000571,NCC044,SP0045,17/02/2026,817,127600.0
PO002486,NCC036,SP0072,10/05/2025,43,404300.0
PO002913,NCC038,SP0032,16/10/2024,479,111100.0
PO002362,NCC023,SP0049,19/01/2025,354,111900.0
PO001683,NCC004,SP0011,08/07/2025,689,29100.0
PO001571,NCC016,SP0055,19/02/2025,850,169800.0
PO000698,NCC038,SP0181,29/10/2025,489,480500.0
PO000655,NCC032,SP0013,18/04/2026,731,70600.0
PO003069,NCC030,SP0220,17/10/2024,489,44800.0
PO002656,NCC001,SP0189,04/12/2025,173,88300.0
PO001659,NCC038,SP0104,14/10/2024,476,688900.0
PO001907,NCC031,SP0074,23/12/2025,564,822900.0
PO000084,NCC024,SP0123,28/07/2026,694,153400.0
PO000149,NCC009,SP0039,29/12/2024,945,13800.0
PO001936,NCC002,SP0153,10/04/2026,345,125100.0
PO003378,NCC025,SP0104,03/08/2024,777,724300.0
PO001057,NCC035,SP0171,19/03/2026,790,18900.0
PO001590,NCC015,SP0011,15/10/2025,997,30800.0
PO003477,NCC017,SP0020,18/08/2025,756,58700.0
PO000328,NCC034,SP0058,13/01/2025,969,29700.0
PO002966,NCC011,SP0076,10/06/2026,959,57700.0
PO001909,NCC027,SP0147,20/08/2024,951,53900.0
PO001656,NCC031,SP0079,28/08/2024,914,19900.0
PO002607,NCC038,SP0212,09/12/2025,142,125500.0
PO001103,NCC008,SP0053,09/04/2026,133,123000.0
PO001173,NCC045,SP0112,19/07/2026,208,91300.0
PO003422,NCC038,SP0016,15/11/2025,846,552000.0
PO002473,NCC026,SP0107,02/09/2025,814,187900.0
PO000610,NCC031,SP0189,26/01/2026,511,91200.0
PO000640,NCC017,SP0176,13/03/2026,728,78800.0
PO002752,NCC045,SP0177,09/09/2025,713,148100.0
PO000243,NCC022,SP0057,10/04/2026,298,156800.0
PO003077,NCC909,SP0018,26/08/2025,55,525700.0
PO000616,NCC034,SP0052,12/07/2025,281,28200.0
PO001112,NCC034,SP0002,19/11/2024,252,26800.0
PO002772,NCC902,,24/08/2025,699,276000.0
PO002233,NCC001,SP0012,10/11/2025,758,90100.0
PO001622,NCC008,SP0148,24/04/2025,216,34400.0
PO002346,NCC004,SP0066,14/07/2026,163,351400.0
PO000237,NCC037,SP0020,13/02/2025,151,68100.0
PO002232,NCC039,SP0208,21/03/2025,190,63700.0
PO002631,NCC027,SP0204,2025-11-02,378,887000.0
PO000984,NCC009,SP0109,29/10/2024,918,575000.0
PO000591,NCC043,SP0156,08/02/2025,514,63200.0
PO000143,NCC021,SP0072,28/01/2026,874,385700.0
PO001088,NCC044,SP0049,09/11/2024,497,116600.0
PO002490,NCC013,SP0032,27/09/2025,163,100700.0
PO003247,NCC020,SP0009,22/01/2026,442,314600.0
PO002118,NCC030,SP0010,19/07/2025,104,579800.0
PO002755,NCC035,SP0108,29/01/2026,751,104600.0
PO002731,NCC008,SP0014,06/06/2025,346,442800.0
PO000201,NCC017,SP0038,09/04/2025,741,755600.0
PO001109,NCC045,SP0050,23/12/2025,736,442600.0
PO000003,NCC044,SP0172,14/07/2025,916,441200.0
PO000928,NCC023,SP0199,12/06/2026,650,74000.0
PO001594,NCC012,SP0117,17/09/2025,108,33700.0
PO002248,NCC028,SP0152,22/10/2025,475,110700.0
PO001562,NCC039,SP0136,18/01/2025,67,582400.0
PO000890,NCC026,SP0158,21/09/2025,167,101000.0
PO001091,NCC026,SP0134,08/07/2026,734,107000.0
PO001903,NCC005,SP0031,18/04/2025,947,42000.0
PO002044,NCC031,SP0174,29/06/2026,770,537200.0
PO002423,NCC016,SP0018,19/05/2026,226,621400.0
PO001291,NCC029,SP0062,30/10/2025,529,186200.0
PO001804,NCC025,SP0042,06/05/2026,208,94500.0
PO002547,NCC026,SP0061,06/03/2025,315,131000.0
PO002320,NCC900,SP0126,31/08/2025,510,59600.0
PO002158,NCC028,SP0070,29/12/2025,399,103200.0
PO001717,NCC012,SP0181,09/12/2024,373,523100.0
PO002163,NCC004,SP0054,03/05/2025,924,79300.0
PO003158,NCC006,SP0037,29/07/2026,234,124900.0
PO002378,NCC010,SP0143,22/07/2026,580,97400.0
PO001537,NCC042,SP0100,25/07/2026,927,151700.0
PO001875,NCC016,SP0108,18/10/2025,175,80900.0
PO000124,NCC039,SP0052,28/03/2026,620,27200.0
PO002502,NCC042,SP0209,07/08/2025,863,76800.0
PO002940,NCC011,SP0023,2026-07-30,43,108200.0
PO002757,NCC014,SP0186,29/08/2024,611,733000.0
PO001934,NCC039,SP0106,17/08/2024,50,129900.0
PO002834,NCC027,SP0096,29/09/2025,218,41800.0
PO001587,NCC040,SP0034,31/12/2024,587,156000.0
PO002450,NCC045,SP0217,03/05/2025,818,177600.0
PO000036,NCC016,SP0075,22/08/2025,20,90800.0
PO001868,NCC040,SP0012,23/07/2026,792,109000.0
PO000046,NCC037,,19/02/2026,402,32400.0
PO000647,NCC044,SP0191,04/04/2026,363,38600.0
PO000431,NCC026,SP0206,05/17/2025,915,35900.0
PO000831,NCC009,SP0042,23/08/2025,465,95200.0
PO002245,NCC015,SP0046,04/05/2025,197,25700.0
PO002989,NCC006,SP0148,09/07/2026,534,35200.0
PO002813,NCC015,SP0144,21/01/2026,469,111700.0
PO002447,NCC016,SP0145,19/10/2024,653,103400.0
PO002741,NCC030,SP0124,04/09/2025,203,56900.0
PO001295,NCC022,SP0010,12/10/2024,808,527800.0
PO003169,NCC024,SP0132,08/02/2026,610,255800.0
PO002485,NCC029,SP0103,20/02/2026,36,133800.0
PO002116,NCC019,SP0195,12/07/2025,751,163300.0
PO000490,NCC016,SP0193,30/06/2025,403,77900.0
PO001586,NCC036,SP0052,21/03/2025,199,29700.0
PO003410,NCC033,SP0125,27/06/2026,838,137300.0
PO002356,NCC022,SP0187,12/09/2025,170,151100.0
PO003198,NCC031,SP0110,10/02/2026,753,41800.0
PO002976,NCC004,SP0007,11/12/2025,277,163600.0
PO003346,NCC014,SP0084,07/06/2026,553,88500.0
PO003067,NCC014,SP0154,08/05/2025,323,25300.0
PO003297,NCC034,SP0219,09/10/2024,694,45000.0
PO002795,NCC043,SP0033,04/07/2025,708,61600.0
PO002471,NCC029,SP0072,24/03/2026,450,408400.0
PO002613,NCC042,SP0098,01/10/2025,979,65700.0
PO000620,NCC033,SP0006,05/11/2025,128,769100.0
PO003333,NCC012,SP0198,15/07/2025,923,17600.0
PO003057,NCC028,SP0030,11/09/2025,918,674600.0
PO000665,NCC045,SP0088,28/09/2024,122,63800.0
PO003276,NCC001,SP0120,16/06/2026,367,97300.0
PO000768,NCC024,SP0025,27/09/2025,927,23100.0
PO001784,NCC043,,25/12/2024,999,98200.0
PO002676,NCC004,SP0159,05/02/2025,928,427400.0
PO001222,NCC035,SP0166,24/11/2025,697,214100.0
PO001486,NCC036,SP0158,25/09/2025,67,108600.0
PO001129,NCC037,SP0110,30/08/2024,868,41300.0
PO002992,NCC018,SP0170,05/09/2025,931,145200.0
PO001605,NCC026,SP0155,17/08/2025,549,122900.0
PO003008,NCC038,SP0057,25/06/2025,370,121800.0
PO003373,NCC045,SP0172,09/10/2024,176,450400.0
PO000767,NCC025,SP0197,18/12/2024,994,466800.0
PO000020,NCC019,,18/10/2025,466,41600.0
PO001197,NCC008,SP0047,24/02/2026,349,87400.0
PO001358,NCC040,SP0133,27/11/2024,182,143000.0
PO001221,NCC019,SP0124,29/10/2025,548,44100.0
PO001675,NCC002,SP0175,24/08/2024,110,21000.0
PO000681,NCC036,SP0165,21/11/2024,881,24100.0
PO001190,NCC018,SP0114,21/09/2024,317,56800.0
PO000355,NCC022,SP0160,30/12/2024,492,57000.0
PO002091,NCC036,SP0160,21/03/2026,536,40400.0
PO002453,NCC025,SP0099,24/04/2026,973,137000.0
PO003386,NCC002,SP0110,29/05/2025,832,40600.0
PO003446,NCC015,SP0150,09/12/2025,685,119100.0
PO001245,NCC001,SP0020,27/02/2026,515,61500.0
PO002719,NCC007,SP0025,14/03/2026,443,26000.0
PO000097,NCC011,SP0098,04/06/2025,67,74900.0
PO000282,NCC012,SP0149,05/28/2026,929,821500.0
PO001583,NCC909,SP0080,24/01/2025,831,98800.0
PO002937,NCC027,SP0073,12/09/2024,460,61900.0
PO001411,NCC044,SP0072,05/06/2025,980,358000.0
PO001165,NCC034,SP0088,12/02/2025,374,72500.0
PO001011,NCC001,SP0125,25/09/2025,812,155000.0
PO002681,NCC002,SP0095,14/01/2026,559,55100.0
PO002572,NCC006,SP0037,05/07/2025,941,105500.0
PO003359,NCC001,SP0183,25/08/2024,205,96000.0
PO002096,NCC023,SP0157,17/12/2024,846,145400.0
PO001959,NCC039,SP0202,2025-08-27,296,288100.0
PO001710,NCC016,SP0058,01/08/2024,804,32700.0
PO000071,NCC044,,17/08/2024,659,69900.0
PO001814,NCC010,SP0048,02/08/2025,735,44100.0
PO001325,NCC006,SP0089,07/11/2024,341,111500.0
PO003336,NCC042,SP0004,01/08/2024,713,140500.0
PO000827,NCC013,SP0061,18/04/2025,770,144200.0
PO001340,NCC015,SP0135,08/02/2025,199,656200.0
PO003024,NCC036,SP0067,22/09/2024,343,12600.0
PO003352,NCC002,SP0002,09/03/2025,269,24700.0
PO000300,NCC022,SP0048,24/09/2024,982,41400.0
PO002121,NCC017,SP0159,15/02/2026,601,432000.0
PO001215,NCC017,SP0080,31/03/2025,484,86900.0
PO001815,NCC045,SP0054,10/04/2026,313,85500.0
PO002787,NCC001,SP0156,04/02/2026,537,67300.0
PO001866,NCC036,,19/01/2026,981,146900.0
PO003331,NCC030,SP0162,16/06/2025,863,114300.0
PO001676,NCC014,SP0084,30/06/2025,637,99900.0
PO000214,NCC023,SP0174,15/06/2026,685,518000.0
PO9900027,NCC030,SP0218,2025-02-11,613,117000.0
PO001593,NCC030,SP0134,27/02/2026,796,109200.0
PO002220,NCC042,SP0151,17/04/2026,367,103700.0
PO000517,NCC024,SP0120,20/09/2025,557,82300.0
PO003034,NCC010,SP0043,03/03/2026,56,145800.0
PO001040,NCC011,SP0110,06/12/2025,210,42100.0
PO002358,NCC006,SP0210,17/09/2025,836,18900.0
PO002397,NCC037,SP0101,03/08/2025,119,226500.0
PO002075,NCC016,SP0203,30/04/2025,512,569100.0
PO003355,NCC036,SP0107,06/18/2025,992,167100.0
PO003000,NCC017,SP0097,30/12/2025,629,58700.0
PO000288,NCC024,SP0137,11/12/2024,109,598000.0
PO9900010,NCC012,SP0065,19/10/2024,93,553600.0
PO002137,NCC008,SP0087,10/06/2025,461,134000.0
PO001782,NCC037,SP0041,24/08/2024,997,702500.0
PO002426,NCC033,SP0031,17/11/2025,145,42700.0
PO000212,NCC015,SP0077,11/02/2026,220,97200.0
PO000723,NCC027,SP0173,02/04/2025,927,95100.0
PO000875,NCC035,SP0065,28/03/2026,50,496100.0
PO001564,NCC039,SP0162,22/09/2024,481,84400.0
PO002235,NCC025,SP0101,15/08/2024,390,223600.0
PO9900003,NCC041,SP0197,27/07/2025,29,583700.0
PO000104,NCC045,SP0215,03/10/2025,471,50400.0
PO001065,NCC034,SP0218,31/10/2025,236,101100.0
PO000910,NCC043,SP0118,22/11/2024,490,133300.0
PO002952,NCC016,SP0003,27/08/2024,177,45900.0
PO001426,NCC024,SP0211,18/10/2025,913,160200.0
PO003079,NCC025,SP0165,20/04/2025,37,24200.0
PO000485,NCC014,SP0201,03/04/2026,28,574900.0
PO002131,NCC014,SP0149,18/09/2025,566,738200.0
PO9900020,NCC014,SP0169,16/10/2025,748,526500.0
PO001438,NCC007,SP0173,26/02/2026,637,93500.0
PO000428,NCC042,SP0007,04/10/2025,128,113800.0
PO002532,NCC014,SP0059,10/11/2024,385,466600.0
PO000188,NCC004,SP0079,11/07/2025,175,22900.0
PO001718,NCC023,SP0145,22/05/2026,953,93900.0
PO001213,NCC015,SP0087,11/02/2026,721,122500.0
PO000378,NCC029,SP0109,14/04/2026,136,632100.0
PO000543,NCC045,SP0033,07/08/2025,927,64900.0
PO000434,NCC011,SP0183,18/12/2025,734,81300.0
PO003154,NCC020,SP0043,08/02/2025,875,149300.0
PO000983,NCC008,SP0135,09/07/2025,108,745300.0
PO001730,NCC010,SP0083,01/03/2025,520,47700.0
PO002053,NCC030,SP0207,03/03/2025,554,19400.0
PO001977,NCC010,SP0079,01/02/2025,270,21800.0
PO003379,NCC013,SP0154,06/05/2025,822,23600.0
PO002298,NCC015,SP0104,31/01/2026,79,787100.0
PO002223,NCC002,SP0046,18/10/2024,753,27000.0
PO003499,NCC006,SP0105,17/10/2025,832,115400.0
PO002893,NCC021,,07/08/2024,673,124000.0
PO002381,NCC033,SP0220,08/11/2024,416,43700.0
PO002513,NCC034,SP0089,20/11/2024,785,103000.0
PO000240,NCC013,SP0135,31/12/2024,858,671600.0
PO002382,NCC043,SP0037,13/08/2024,998,104900.0
PO001041,NCC011,SP0177,16/12/2024,144,127500.0
PO002181,NCC009,SP0012,06/10/2024,45,93500.0
PO003287,NCC014,SP0121,04/05/2026,123,126500.0
PO002391,NCC024,SP0188,24/04/2025,212,99000.0
PO001029,NCC018,SP0008,10/05/2026,836,788700.0
PO002049,NCC023,SP0192,12/12/2024,278,368000.0
PO002865,NCC904,SP0146,30/09/2025,725,64200.0
PO001442,NCC044,SP0130,25/04/2025,398,141300.0
PO000235,NCC042,SP0204,07/03/2025,362,767500.0
PO001395,NCC030,SP0031,12/10/2024,794,42700.0
PO003404,NCC014,SP0188,12/08/2024,641,100800.0
PO000608,NCC040,SP0103,23/08/2024,140,119900.0
PO001703,NCC037,SP0196,16/12/2025,531,77600.0
PO001251,NCC014,SP0104,11/03/2025,881,765200.0
PO003494,NCC023,SP0162,20/11/2025,740,120700.0
PO002947,NCC045,SP0098,13/11/2025,718,64400.0
PO003122,NCC042,SP0207,27/03/2025,586,19000.0
PO001239,NCC023,SP0158,12/03/2026,478,91200.0
PO002274,NCC019,SP0036,22/11/2025,531,156200.0
PO001459,NCC030,SP0014,19/08/2025,94,494900.0
PO001761,NCC010,SP0079,01/08/2025,681,20900.0
PO001005,NCC032,SP0076,17/03/2025,859,68300.0
PO003161,NCC001,SP0214,17/09/2025,920,38400.0
PO000950,NCC014,SP0002,13/02/2026,973,26300.0
PO001146,NCC016,SP0218,06/06/2026,566,99400.0
PO000675,NCC004,SP0050,20/11/2024,830,424300.0
PO000207,NCC025,SP0010,18/11/2025,525,558000.0
PO003290,NCC027,SP0088,28/05/2025,649,60000.0
PO000443,NCC030,SP0162,22/01/2026,668,122300.0
PO001853,NCC021,SP0037,04/05/2026,855,107700.0
PO002812,NCC042,SP0026,06/12/2024,490,58400.0
PO000086,NCC007,SP0126,10/06/2025,807,59000.0
PO000340,NCC045,SP0126,09/04/2026,171,53900.0
PO000899,NCC005,SP0027,14/08/2024,909,44800.0
PO001315,NCC019,SP0169,06/06/2026,594,555900.0
PO001603,NCC004,SP0177,21/12/2024,804,144200.0
PO002393,NCC035,SP0197,20/08/2024,353,586900.0
PO000462,NCC031,SP0141,20/12/2024,998,48300.0
PO001577,NCC026,SP0070,31/08/2025,881,104600.0
PO000974,NCC006,SP0082,02/10/2024,774,519000.0
PO000137,NCC017,SP0011,25/07/2025,689,26200.0
PO000008,NCC038,SP0190,17/10/2024,601,30800.0
PO001496,NCC026,SP0016,04/02/2025,507,472500.0
PO001544,NCC042,SP0026,10/09/2025,49,55600.0
PO001637,NCC020,,09/20/2025,741,21500.0
PO003150,NCC030,SP0088,15/05/2026,601,54200.0
PO000161,NCC040,SP0131,07/01/2025,589,28000.0
PO001628,NCC013,SP0034,24/10/2025,61,142200.0
PO002774,NCC020,SP0028,08/05/2026,817,117400.0
PO001307,NCC001,SP0012,10/08/2024,37,105200.0
PO002406,NCC001,SP0068,27/10/2025,974,41100.0
PO002910,NCC001,SP0032,14/09/2024,97,108900.0
PO000779,NCC037,SP0001,07/06/2025,747,30700.0
PO002527,NCC010,SP0150,11/10/2025,573,131500.0
PO003184,NCC030,SP0115,25/01/2026,997,21200.0
PO003219,NCC012,SP0021,16/08/2024,433,37300.0
PO002797,NCC015,SP0168,28/08/2025,119,22000.0
PO000685,NCC031,SP0203,11/03/2026,401,648900.0
PO003006,NCC007,SP0163,08/11/2025,879,104800.0
PO002705,NCC037,SP0032,30/08/2024,150,111800.0
PO001891,NCC030,SP0106,14/01/2025,133,131200.0
PO000420,NCC029,SP0194,28/10/2025,27,91700.0
PO002067,NCC023,SP0044,17/10/2025,44,809600.0
PO003055,NCC032,SP0156,06/01/2025,342,86100.0
PO000153,NCC033,SP0092,24/11/2024,870,31300.0
PO001613,NCC024,SP0177,28/02/2025,48,165800.0
PO000660,NCC036,SP0073,17/02/2026,714,74600.0
PO002707,NCC026,SP0007,06/09/2024,353,126800.0
PO002959,NCC008,SP0153,26/09/2024,488,125700.0
PO002452,NCC041,SP0157,06/05/2025,166,148000.0
PO000506,NCC016,SP0053,25/09/2025,536,142500.0
PO002292,NCC035,SP0111,03/11/2024,291,41200.0
PO002628,NCC009,SP0155,01/01/2026,833,136700.0
PO002782,NCC041,SP0113,2025-05-14,356,121600.0
PO003340,NCC023,SP0188,21/10/2025,104,91500.0
PO003206,NCC006,SP0092,05/05/2025,687,32100.0
PO002199,NCC028,SP0215,21/07/2026,547,59800.0
PO003104,NCC036,SP0156,22/10/2025,590,62500.0
PO000810,NCC001,SP0056,01/11/2024,861,45300.0
PO002767,NCC014,SP0169,16/10/2025,748,526500.0
PO002505,NCC010,SP0014,01/12/2024,435,382600.0
PO003430,NCC010,SP0052,13/03/2026,789,29900.0
PO000805,NCC024,SP0138,05/06/2026,763,24200.0
PO000597,NCC016,SP0035,25/12/2025,855,543000.0
PO000101,NCC034,SP0020,22/08/2025,650,59600.0
PO001901,NCC022,SP0141,08/01/2025,335,43600.0
PO000290,NCC008,SP0028,22/10/2024,31,90500.0
PO002790,NCC022,SP0059,23/09/2024,445,498900.0
PO003389,NCC002,SP0068,04/05/2026,376,39600.0
PO003349,NCC041,SP0039,19/09/2025,146,14900.0
PO003296,NCC025,,30/09/2024,673,163700.0
PO002370,NCC005,SP0121,09/01/2025,765,112100.0
PO002566,NCC003,SP0075,25/10/2025,872,90000.0
PO002701,NCC026,SP0212,01/11/2024,870,134800.0
PO002325,NCC025,SP0198,22/12/2024,741,18200.0
PO002699,NCC010,SP0214,26/09/2024,535,42400.0
PO000883,NCC007,SP0047,01/11/2025,786,98100.0
PO002618,NCC036,SP0111,25/06/2025,843,39100.0
PO003282,NCC002,SP0159,20/10/2025,65,463300.0
PO001330,NCC021,SP0024,07/10/2025,496,59400.0
PO002636,NCC027,,06/05/2026,208,116000.0
PO003103,NCC032,SP0182,23/04/2026,340,64900.0
PO001297,NCC006,SP0171,05/06/2026,248,19700.0
PO003086,NCC041,SP0178,04/11/2024,164,154900.0
PO002487,NCC028,SP0103,06/06/2025,577,135700.0
PO000477,NCC035,SP0083,29/12/2024,88,43900.0
PO003299,NCC018,SP0046,14/03/2026,303,24800.0
PO9900049,NCC040,SP0208,29/10/2025,362,69200.0
PO003050,NCC012,SP0006,29/09/2025,155,671600.0
PO002968,NCC039,SP0120,02/09/2025,443,87200.0
PO000210,NCC015,SP0018,06/04/2026,193,633900.0
PO003029,NCC003,SP0045,02/04/2025,204,120900.0
PO002058,NCC040,SP0021,18/08/2024,550,33200.0
PO000838,NCC023,SP0187,20/03/2026,734,157500.0
PO002652,NCC013,SP0190,20/02/2026,131,28900.0
PO002809,NCC015,SP0220,04/06/2025,161,42500.0
PO000456,NCC029,SP0019,01/09/2025,899,109500.0
PO003207,NCC033,SP0005,13/07/2025,389,171200.0
PO001259,NCC004,,21/09/2025,584,686200.0
PO001360,NCC032,SP0092,08/11/2024,461,32100.0
PO000869,NCC906,SP0062,19/11/2024,101,138000.0
PO001374,NCC043,SP0213,26/10/2024,435,24200.0
PO002769,NCC004,SP0005,21/10/2024,262,137900.0
PO002301,NCC025,SP0210,14/07/2026,587,17500.0
PO000119,NCC029,SP0042,22/10/2025,447,130700.0
PO001025,NCC037,SP0182,06/07/2025,316,76200.0
PO002692,NCC014,SP0058,06/07/2026,227,33500.0
PO002272,NCC001,SP0118,25/12/2024,183,141300.0
PO002617,NCC031,SP0147,15/04/2025,359,41200.0
PO000141,NCC020,SP0191,14/08/2024,250,37200.0
PO000412,NCC026,SP0165,26/01/2025,806,26000.0
PO003074,NCC012,SP0134,14/06/2026,90,89200.0
PO000330,NCC019,SP0157,02/04/2026,522,169900.0
PO003058,NCC040,SP0082,21/04/2025,430,593200.0
PO001303,NCC016,SP0134,21/09/2024,736,108200.0
PO000151,NCC038,SP0060,31/10/2025,74,20100.0
PO002723,NCC012,SP0065,19/10/2024,93,553600.0
PO001312,NCC025,SP0159,16/08/2025,909,419800.0
PO000550,NCC017,SP0013,14/04/2026,379,67800.0
PO000774,NCC026,SP0192,08/07/2026,624,322700.0
PO002016,NCC001,SP0041,02/05/2026,900,778800.0
PO001523,NCC004,SP0098,23/05/2026,818,75400.0
PO001720,NCC010,SP0077,03/08/2024,769,97300.0
PO000421,NCC011,SP0158,04/01/2026,638,100900.0
PO001159,NCC034,SP0064,12/09/2025,141,122600.0
PO001560,NCC018,SP0026,19/08/2025,217,68100.0
PO000609,NCC005,SP0185,12/28/2024,865,20000.0
PO002069,NCC006,SP0025,28/09/2024,277,22900.0
PO001273,NCC031,SP0089,04/07/2025,273,111000.0
PO002371,NCC037,SP0208,22/10/2024,579,84200.0
PO003117,NCC007,SP0101,26/06/2025,197,226500.0
PO003270,NCC043,SP0094,08/02/2025,381,85000.0
PO002296,NCC041,SP0031,21/06/2026,604,41900.0
PO002493,NCC028,SP0169,07/01/2026,963,472300.0
PO002297,NCC040,SP0077,27/09/2025,648,107900.0
PO000083,NCC001,SP0013,21/04/2026,855,63000.0
PO002276,NCC003,SP0123,13/04/2025,573,131800.0
PO000363,NCC005,SP0203,14/01/2026,962,709400.0
PO003080,NCC043,,12/09/2025,199,106000.0
PO000416,NCC019,SP0208,02/01/2025,598,57900.0
PO000527,NCC037,SP0175,10/08/2024,310,21100.0
PO000368,NCC035,SP0044,29/01/2025,512,811700.0
PO000692,NCC003,SP0161,2026-03-04,445,64000.0
PO003174,NCC043,SP0158,23/11/2024,152,85700.0
PO001769,NCC009,SP0010,25/02/2026,559,573400.0
PO000793,NCC032,SP0071,09/04/2026,344,539200.0
PO002542,NCC013,SP0184,20/02/2026,184,122700.0
PO003005,NCC016,,16/05/2025,937,160600.0
PO002449,NCC042,SP0185,27/03/2025,323,20500.0
PO002383,NCC010,SP0034,03/03/2025,97,148000.0
PO001322,NCC006,SP0014,19/10/2024,136,460400.0
PO001036,NCC028,SP0179,20/12/2024,740,133300.0
PO001532,NCC038,SP0163,16/10/2024,797,97600.0
PO001748,NCC016,SP0087,16/02/2025,840,108000.0
PO001122,NCC005,SP0201,05/03/2026,185,536600.0
PO000955,NCC039,SP0142,12/05/2025,635,320800.0
PO003186,NCC032,SP0045,04/03/2025,90,132000.0
PO002079,NCC025,SP0177,2024-11-08,85,135500.0
PO002244,NCC001,SP0060,30/04/2026,370,19900.0
PO001895,NCC007,SP0131,21/05/2025,746,27400.0
PO003286,NCC003,SP0171,13/07/2026,386,20200.0
PO003263,NCC012,SP0197,21/06/2025,618,529300.0
PO000964,NCC035,SP0033,20/04/2025,204,64200.0
PO001546,NCC023,SP0131,09/10/2025,734,29000.0
PO000075,NCC004,SP0128,22/06/2025,24,162000.0
PO002399,NCC027,SP0178,29/04/2026,844,119600.0
PO001440,NCC038,SP0152,19/04/2025,417,102800.0
PO000536,NCC021,SP0124,21/07/2025,143,47900.0
PO000992,NCC001,SP0022,19/04/2025,829,698500.0
PO002930,NCC007,SP0204,11/06/2026,272,739000.0
PO001597,NCC031,SP0122,14/06/2026,452,90500.0
PO000938,NCC032,SP0158,17/08/2024,129,109400.0
PO003082,NCC024,SP0116,03/04/2025,403,374300.0
PO000989,NCC013,SP0063,17/01/2025,249,55700.0
PO001876,NCC041,SP0189,22/08/2025,363,95100.0
PO003367,NCC022,SP0112,05/11/2025,741,89700.0
PO002255,NCC020,SP0027,20/02/2026,745,43200.0
PO001311,NCC018,SP0113,05/06/2026,273,117400.0
PO003337,NCC011,SP0174,12/10/2025,943,484700.0
PO000065,NCC045,SP0149,29/08/2024,136,791100.0
PO001817,NCC009,SP0198,26/03/2025,854,16900.0
PO001306,NCC030,SP0074,10/02/2025,247,747700.0
PO001662,NCC040,SP0046,08/02/2025,556,28400.0
PO000394,NCC042,,19/01/2025,35,91100.0
PO002530,NCC017,SP0057,17/06/2025,772,137800.0
PO000760,NCC043,SP0079,11/04/2025,785,22700.0
PO001691,NCC010,SP0043,15/11/2024,446,133900.0
PO9900012,NCC035,SP0044,29/01/2025,512,811700.0
PO001380,NCC029,SP0130,16/12/2025,316,164100.0
PO003479,NCC045,SP0028,21/09/2025,69,119900.0
PO001137,NCC039,SP0114,22/12/2025,59,54700.0
PO000029,NCC018,SP0018,14/09/2025,885,570400.0
PO001976,NCC043,,18/05/2025,219,224500.0
PO001058,NCC024,SP0050,04/02/2025,513,413300.0
PO002867,NCC031,SP0063,19/01/2025,608,53500.0
PO003039,NCC007,SP0156,23/07/2026,40,67300.0
PO003272,NCC040,SP0112,09/01/2026,165,109700.0
PO000385,NCC011,SP0158,17/07/2025,489,110200.0
PO002352,NCC013,SP0210,24/04/2026,700,19600.0
PO003481,NCC041,SP0016,20/04/2026,520,583400.0
PO002309,NCC038,SP0181,10/04/2026,289,467800.0
PO001950,NCC024,SP0218,18/12/2024,600,102600.0
PO002074,NCC034,SP0193,08/09/2024,641,89900.0
PO003240,NCC025,SP0162,09/08/2024,636,111300.0
PO000949,NCC011,SP0015,06/07/2026,60,58800.0
PO001147,NCC023,SP0113,29/12/2024,28,120600.0
PO001568,NCC035,SP0114,19/08/2024,460,58500.0
PO001216,NCC006,SP0199,31/07/2026,858,81100.0
PO001132,NCC015,SP0124,09/04/2025,695,54800.0
PO001253,NCC019,SP0196,07/06/2026,72,74100.0
PO001807,NCC001,SP0096,28/04/2026,883,38600.0
PO001092,NCC037,SP0170,17/08/2025,39,165300.0
PO002696,NCC002,SP0121,30/03/2025,21,118600.0
PO002698,NCC018,SP0129,05/05/2025,591,161700.0
PO002811,NCC032,SP0171,19/09/2024,885,21300.0
PO002825,NCC036,SP0199,18/11/2024,468,93200.0
PO000648,NCC040,SP0120,16/07/2025,381,104600.0
PO002885,NCC021,SP0069,13/11/2024,508,33500.0
PO001791,NCC011,SP0118,02/04/2026,232,129100.0
PO000345,NCC021,SP0102,23/08/2025,824,425100.0
PO002826,NCC042,SP0195,19/05/2025,337,111000.0
PO003305,NCC024,SP0039,06/15/2025,726,14900.0
PO001962,NCC035,SP0135,13/12/2025,934,685100.0
PO001463,NCC020,SP0007,08/06/2026,929,147400.0
PO001404,NCC010,SP0045,05/10/2025,108,126200.0
PO001410,NCC036,SP0177,18/06/2025,900,121900.0
PO000225,NCC012,SP0114,11/04/2025,820,64000.0
PO003475,NCC034,SP0008,11/02/2026,993,828200.0
PO001258,NCC011,SP0013,07/07/2026,716,62900.0
PO000227,NCC012,SP0109,25/05/2025,351,585300.0
PO000733,NCC023,SP0112,05/11/2025,236,102300.0
PO000825,NCC007,SP0082,11/04/2026,764,640600.0
PO002247,NCC024,SP0196,15/07/2025,510,97600.0
PO002648,NCC039,SP0078,08/04/2025,202,115300.0
PO001610,NCC035,SP0070,18/06/2025,20,86400.0
PO002904,NCC020,,11/01/2026,798,742800.0
PO000719,NCC015,SP0162,14/02/2025,495,105500.0
PO002264,NCC036,SP0118,31/01/2026,137,130700.0
PO002945,NCC028,,04/01/2025,316,70100.0
PO002189,NCC027,SP0205,17/02/2026,659,323700.0
PO001366,NCC022,SP0186,23/09/2024,478,630700.0
PO000095,NCC035,SP0114,01/01/2025,445,64600.0
PO9900045,NCC004,SP0217,15/08/2025,382,161800.0
PO003180,NCC019,SP0062,30/03/2025,694,184200.0
PO001277,NCC038,SP0139,04/05/2026,96,149500.0
PO002833,NCC011,SP0014,25/12/2025,301,499400.0
PO002802,NCC001,SP0046,10/04/2025,966,27300.0
PO001698,NCC019,SP0023,09/03/2025,60,107900.0
PO000033,NCC004,SP0183,23/10/2025,434,100700.0
PO001265,NCC040,SP0024,09/03/2025,235,47200.0
PO002814,NCC003,SP0077,29/01/2026,84,113800.0
PO000724,NCC045,SP0149,02/04/2025,936,730600.0
PO003134,NCC031,SP0162,10/06/2025,27,106100.0
PO003125,NCC016,SP0199,01/04/2026,618,99000.0
PO000656,NCC011,SP0119,01/02/2025,327,132300.0
PO002574,NCC044,SP0160,31/08/2024,630,45500.0
PO9900032,NCC009,SP0104,2024-10-31,385,768000.0
PO003160,NCC031,SP0199,26/01/2025,942,96100.0
PO003253,NCC006,SP0084,05/03/2026,190,100800.0
PO002831,NCC045,SP0218,30/12/2024,437,113800.0
PO002047,NCC041,SP0059,01/07/2026,131,408300.0
PO002909,NCC012,SP0190,05/01/2026,354,30100.0
PO000391,NCC016,SP0203,29/09/2024,947,624000.0
PO003318,NCC034,SP0220,17/08/2024,644,40800.0
PO001229,NCC030,SP0149,04/01/2026,355,828500.0
PO000593,NCC005,SP0067,23/10/2024,208,11100.0
PO000402,NCC035,SP0149,17/04/2026,716,835700.0
PO002331,NCC019,SP0194,06/11/2025,598,97100.0
PO001160,NCC018,SP0176,20/06/2026,614,89500.0
PO002241,NCC007,SP0202,23/10/2024,254,243300.0
PO002690,NCC008,SP0006,15/05/2025,650,612800.0
PO002531,NCC045,SP0029,07/04/2026,946,147700.0
PO000712,NCC013,SP0083,03/09/2025,559,48500.0
PO003033,NCC005,SP0053,05/12/2024,694,140600.0
PO002338,NCC038,SP0168,12/10/2025,143,21800.0
PO002925,NCC021,SP0201,28/04/2025,401,564200.0
PO001809,NCC020,SP0129,15/08/2025,697,119400.0
PO001075,NCC004,SP0008,30/01/2025,909,745200.0
PO002890,NCC028,SP0022,01/05/2026,344,853200.0
PO003002,NCC001,SP0211,21/07/2026,664,115000.0
PO000332,NCC001,SP0155,2025-11-27,51,179700.0
PO001671,NCC012,SP0138,20/06/2025,645,25800.0
PO000409,NCC003,SP0154,08/09/2024,1000,23700.0
PO002377,NCC025,SP0040,17/02/2026,438,126800.0
PO000326,NCC001,SP0004,04/30/2026,476,110900.0
PO002037,NCC042,SP0128,20/10/2025,530,164900.0
PO002100,NCC001,SP0047,19/04/2026,458,77100.0
PO002361,NCC037,SP0117,18/02/2025,308,33600.0
PO000832,NCC019,SP0180,24/06/2025,463,747100.0
PO001445,NCC021,SP0197,22/03/2025,445,593400.0
PO002454,NCC016,,05/03/2026,299,70100.0
PO001692,NCC008,SP0179,09/11/2025,199,161700.0
PO003025,NCC033,SP0149,06/01/2026,169,851200.0
PO001485,NCC025,SP0047,01/09/2025,771,98200.0
PO002250,NCC018,SP0097,22/12/2024,370,58900.0
PO000251,NCC002,SP0053,10/03/2026,801,161800.0
PO001634,NCC043,SP0153,31/12/2024,601,121900.0
PO000577,NCC011,SP0116,27/10/2024,928,397200.0
PO002422,NCC035,SP0138,14/06/2025,391,25700.0
PO000250,NCC034,,09/07/2025,767,22500.0
PO000728,NCC040,SP0146,19/01/2025,897,60600.0
PO001072,NCC022,SP0179,10/12/2024,884,148400.0
PO001873,NCC017,SP0026,25/08/2024,392,68000.0
PO000939,NCC007,SP0041,27/10/2024,116,707400.0
PO000304,NCC909,SP0002,05/07/2025,488,28300.0
PO000339,NCC024,SP0176,05/02/2026,368,71000.0
PO001116,NCC010,SP0068,28/07/2026,23,39200.0
PO000399,NCC032,SP0163,08/19/2024,629,110300.0
PO002152,NCC014,SP0015,27/03/2026,528,63800.0
PO002110,NCC027,SP0010,06/05/2026,902,625300.0
PO001073,NCC013,SP0027,07/10/2025,235,51100.0
PO000594,NCC023,SP0075,05/01/2025,378,90100.0
PO000365,NCC003,SP0014,13/01/2026,354,451400.0
PO003076,NCC029,SP0081,06/07/2025,803,33900.0
PO001240,NCC044,SP0141,03/08/2024,734,58900.0
PO003420,NCC016,SP0185,24/12/2025,560,19900.0
PO002441,NCC018,SP0145,03/10/2024,237,99600.0
PO001181,NCC012,SP0070,09/03/2025,415,116600.0
PO001138,NCC037,SP0133,08/04/2025,42,135200.0
PO001802,NCC011,SP0077,30/05/2025,918,82700.0
PO000791,NCC018,SP0101,21/06/2026,692,232200.0
PO000040,NCC029,SP0165,20/06/2026,536,21600.0
PO001355,NCC033,SP0154,23/02/2026,459,23300.0
PO000682,NCC027,SP0197,30/05/2026,346,604900.0
PO001023,NCC015,SP0012,24/06/2025,442,126200.0
PO000544,NCC012,SP0098,20/12/2025,609,84600.0
PO000073,NCC034,SP0123,23/02/2026,681,144400.0
PO002520,NCC024,SP0182,25/04/2026,447,84100.0
PO000994,NCC031,SP0142,18/07/2025,116,371500.0
PO003458,NCC008,SP0189,26/01/2025,688,87100.0
PO002623,NCC032,SP0080,03/11/2025,965,112000.0
PO000871,NCC015,SP0178,04/02/2025,287,137600.0
PO002954,NCC027,SP0028,2024-11-13,789,90900.0
PO002114,NCC037,SP0064,24/11/2025,300,118900.0
PO003193,NCC015,SP0079,09/08/2025,488,20300.0
PO001916,NCC033,SP0017,12/10/2024,414,36300.0
PO000501,NCC002,SP0045,16/03/2026,559,114000.0
PO003226,NCC027,SP0217,18/11/2024,73,175300.0
PO002005,NCC018,SP0078,11/05/2025,501,100500.0
PO000414,NCC025,SP0083,27/02/2025,547,50500.0
PO000520,NCC005,SP0007,11/03/2026,757,149600.0
PO002888,NCC025,SP0009,22/06/2026,629,302100.0
PO001444,NCC016,,21/06/2026,661,47100.0
PO001960,NCC035,,11/03/2026,918,110200.0
PO000079,NCC013,SP0195,24/04/2026,152,125000.0
PO000047,NCC032,SP0127,09/08/2025,643,31500.0
PO003454,NCC020,SP0002,01/20/2026,142,27300.0
PO002468,NCC009,SP0092,10/08/2025,915,31900.0
PO001721,NCC908,SP0001,03/10/2025,72,27600.0
PO002516,NCC007,SP0106,16/10/2024,315,111700.0
PO003022,NCC010,SP0160,04/07/2026,328,54800.0
PO000953,NCC029,SP0151,02/05/2025,28,116000.0
PO000574,NCC041,SP0021,07/07/2025,684,34800.0
PO001257,NCC006,SP0080,2024-11-25,321,111500.0
PO000508,NCC040,,14/12/2025,756,106000.0
PO003405,NCC904,SP0095,01/01/2026,323,62000.0
PO002101,NCC018,SP0108,08/01/2026,121,102400.0
PO001391,NCC017,SP0014,15/11/2025,584,474000.0
PO002710,NCC029,SP0088,09/04/2026,778,70400.0
PO000171,NCC013,SP0034,13/04/2025,422,131400.0
PO001434,NCC005,SP0101,04/06/2026,80,190700.0
PO000364,NCC028,SP0177,15/02/2025,97,162800.0
PO002677,NCC037,SP0124,08/07/2025,881,39300.0
PO001003,NCC004,SP0072,19/10/2025,697,442000.0
PO002894,NCC015,SP0130,26/02/2025,354,198100.0
PO002995,NCC028,SP0121,15/03/2025,976,112400.0
PO000404,NCC029,SP0127,21/05/2026,31,28200.0
PO000154,NCC038,SP0215,25/02/2026,724,53000.0
PO002981,NCC026,SP0045,21/02/2025,619,127600.0
PO001233,NCC015,SP0004,16/07/2025,441,134600.0
PO000283,NCC003,SP0159,03/09/2024,232,394900.0
PO002659,NCC015,SP0066,15/06/2026,85,314600.0
PO001175,NCC014,SP0111,29/03/2026,604,41300.0
PO001757,NCC021,SP0024,16/03/2026,613,49100.0
PO000744,NCC035,SP0049,02/12/2024,167,139400.0
PO000430,NCC017,SP0090,06/06/2025,502,472900.0
PO001743,NCC002,SP0097,27/12/2024,105,56600.0
PO000174,NCC039,SP0085,10/04/2025,932,57100.0
PO002160,NCC041,SP0011,04/02/2025,452,27600.0
PO001199,NCC011,SP0181,11/11/2024,247,479000.0
PO002997,NCC043,SP0118,27/11/2024,43,121100.0
PO000891,NCC038,SP0199,26/03/2025,596,89000.0
PO002032,NCC006,SP0157,03/21/2025,624,176000.0
PO000184,NCC031,SP0003,2026-03-19,194,43100.0
PO002554,NCC024,SP0120,18/11/2024,79,90500.0
PO000217,NCC011,SP0079,14/12/2024,549,21000.0
PO002860,NCC032,SP0102,28/04/2026,450,536000.0
PO001863,NCC907,SP0214,13/07/2025,251,39000.0
PO002524,NCC011,SP0015,27/02/2025,823,62200.0
PO003083,NCC034,SP0104,09/09/2025,342,762900.0
PO002354,NCC020,SP0037,28/03/2025,391,101900.0
PO003427,NCC042,SP0161,03/16/2026,993,65300.0
PO000985,NCC016,SP0211,22/06/2026,436,122900.0
PO000588,NCC041,SP0158,25/08/2024,884,85000.0
PO002597,NCC014,SP0130,03/01/2025,730,191700.0
PO001851,NCC028,SP0031,10/06/2026,279,38800.0
PO001749,NCC022,SP0086,17/09/2025,910,111800.0
PO001241,NCC009,SP0085,12/03/2025,608,54000.0
PO001616,NCC003,SP0131,13/08/2025,591,27600.0
PO003216,NCC024,SP0110,20/01/2025,876,40700.0
PO001733,NCC029,SP0044,25/08/2024,937,956400.0
PO000618,NCC012,SP0133,19/12/2024,739,123000.0
PO003329,NCC028,SP0168,03/06/2026,614,19600.0
PO002332,NCC023,SP0079,01/06/2026,873,20400.0
PO002820,NCC908,SP0121,26/07/2026,911,109400.0
PO001451,NCC002,SP0014,14/12/2024,562,370500.0
PO000475,NCC027,SP0178,2024-10-19,357,146200.0
PO001316,NCC019,SP0008,2024-09-30,595,737600.0
PO000884,NCC044,SP0077,17/02/2026,416,92400.0
PO000465,NCC035,SP0080,12/04/2026,82,123200.0
PO000711,NCC009,SP0168,22/03/2026,144,22900.0
PO001777,NCC039,SP0164,2026-03-31,225,531400.0
PO001174,NCC045,SP0077,12/08/2024,573,102900.0
PO002951,NCC022,SP0166,12/06/2026,882,234000.0
PO000038,NCC004,SP0033,20/02/2025,683,62000.0
PO002249,NCC033,SP0198,31/01/2025,515,16600.0
PO001351,NCC002,SP0122,10/01/2025,422,86100.0
PO001248,NCC005,SP0045,12/04/2025,864,125800.0
PO000093,NCC028,SP0031,22/03/2025,959,40300.0
PO001471,NCC002,SP0104,01/08/2024,404,620600.0
PO002491,NCC045,SP0049,04/27/2026,625,133700.0
PO003165,NCC017,SP0034,28/06/2025,727,144400.0
PO003429,NCC044,SP0125,25/11/2025,876,138000.0
PO002142,NCC022,SP0134,24/04/2026,819,123200.0
PO002898,NCC012,SP0108,09/07/2026,575,88700.0
PO000670,NCC041,SP0184,04/01/2026,922,141900.0
PO000060,NCC021,SP0122,27/04/2026,601,93300.0
PO003339,NCC027,SP0200,11/03/2025,684,294900.0
PO000052,NCC042,SP0045,22/01/2025,781,120400.0
PO000425,NCC015,SP0179,23/12/2024,752,163600.0
PO000361,NCC001,SP0022,24/07/2025,559,865400.0
PO002498,NCC025,SP0166,04/12/2025,80,198900.0
PO000449,NCC036,SP0038,29/01/2026,245,723700.0
PO003215,NCC010,SP0161,05/12/2025,748,57000.0
PO003312,NCC002,SP0177,11/01/2025,684,140200.0
PO000846,NCC022,SP0088,28/03/2025,698,71300.0
PO002372,NCC045,SP0064,12/01/2024,475,99800.0
PO000185,NCC043,,12/08/2024,576,440800.0
PO003199,NCC023,SP0177,26/01/2025,413,140800.0
PO000263,NCC010,SP0179,2025-09-19,795,161100.0
PO002295,NCC031,SP0104,03/03/2026,308,787800.0
PO001415,NCC017,SP0060,16/08/2025,402,20800.0
PO003239,NCC037,SP0141,21/01/2025,107,48900.0
PO003342,NCC042,SP0045,20/03/2025,799,114700.0
PO000377,NCC006,SP0171,02/04/2025,486,20100.0
PO002416,NCC030,SP0190,08/01/2026,692,30100.0
PO001237,NCC009,SP0087,03/09/2025,849,111700.0
PO003072,NCC004,SP0138,17/02/2025,331,24600.0
PO000422,NCC025,SP0218,16/02/2026,981,95800.0
PO001850,NCC021,SP0184,24/10/2024,126,168800.0
PO001110,NCC023,SP0087,16/01/2026,197,101200.0
PO001210,NCC019,SP0159,07/12/2025,888,463700.0
PO000218,NCC013,SP0072,05/08/2024,486,396100.0
PO003338,NCC031,SP0214,23/12/2024,31,36400.0
PO001336,NCC013,SP0021,08/08/2024,909,34900.0
PO003424,NCC030,,06/04/2026,795,597600.0
PO000737,NCC018,SP0137,27/06/2026,230,701600.0
PO000118,NCC019,SP0152,22/03/2026,129,112000.0
PO000887,NCC039,SP0085,20/11/2024,249,59100.0
PO000581,NCC027,SP0161,26/12/2025,618,59600.0
PO000880,NCC035,SP0067,08/02/2025,455,11200.0
PO002800,NCC028,,20/08/2025,466,141800.0
PO001508,NCC017,SP0065,31/08/2025,240,510900.0
PO001885,NCC027,,23/11/2024,562,61700.0
PO002509,NCC041,SP0082,10/03/2026,604,605000.0
PO001017,NCC026,SP0032,21/07/2025,573,111700.0
PO001744,NCC031,SP0162,25/07/2026,103,95100.0
PO001914,NCC031,SP0181,09/05/2026,978,542900.0
PO001623,NCC023,SP0106,25/09/2024,81,114900.0
PO000809,NCC003,SP0106,13/01/2025,382,157800.0
PO003478,NCC043,SP0095,23/05/2025,316,49500.0
PO000691,NCC037,,11/01/2026,443,26100.0
PO003063,NCC037,SP0038,03/09/2024,232,599600.0
PO000236,NCC020,SP0186,18/04/2026,138,690100.0
PO002431,NCC008,,18/07/2025,253,41900.0
PO000123,NCC020,SP0220,28/03/2026,599,39200.0
PO002957,NCC005,SP0129,12/12/2024,980,128900.0
PO003416,NCC014,SP0141,22/02/2026,967,42500.0
PO003089,NCC002,SP0139,10/07/2026,894,135000.0
PO000002,NCC034,SP0125,10/05/2025,958,132600.0
PO002914,NCC001,SP0011,30/11/2024,997,30400.0
PO002462,NCC024,SP0082,26/07/2026,736,502700.0
PO002933,NCC028,,02/08/2025,361,19700.0
PO003496,NCC024,SP0026,14/08/2025,681,61500.0
PO000603,NCC041,SP0007,02/10/2025,477,139300.0
PO000703,NCC045,SP0206,27/08/2024,349,35700.0
PO9900026,NCC010,SP0031,09/26/2025,930,42700.0
PO002277,NCC007,SP0031,22/09/2025,75,41300.0
PO000872,NCC008,SP0076,11/04/2026,926,52300.0
PO000273,NCC902,SP0060,19/02/2025,62,21200.0
PO9900022,NCC034,SP0205,10/08/2024,383,257900.0
PO001922,NCC030,SP0189,11/09/2024,466,93700.0
PO001453,NCC001,SP0151,26/03/2025,168,107600.0
PO000917,NCC027,SP0012,21/02/2025,922,121800.0
PO002251,NCC025,,12/26/2024,232,476900.0
PO000187,NCC041,SP0027,07/12/2024,730,52600.0
PO003187,NCC036,SP0087,10/09/2024,854,119200.0
PO002139,NCC016,SP0096,06/10/2024,140,41500.0
PO003047,NCC003,SP0176,12/01/2026,868,94400.0
PO001062,NCC039,SP0173,08/07/2026,362,98600.0
PO002243,NCC038,SP0165,09/03/2025,449,24700.0
PO001206,NCC001,SP0202,26/06/2026,90,274000.0
PO002827,NCC044,SP0030,10/07/2026,311,619600.0
PO000307,NCC033,SP0040,19/01/2026,286,115900.0
PO003433,NCC013,SP0098,10/03/2025,368,65200.0
PO000220,NCC015,SP0220,09/01/2026,606,43500.0
PO003053,NCC041,SP0098,03/11/2025,60,67100.0
PO000718,NCC044,SP0186,17/04/2025,997,660800.0
PO002287,NCC015,SP0095,04/08/2024,905,68600.0
PO002584,NCC035,SP0204,11/05/2026,460,848800.0
PO9900029,NCC014,SP0172,13/10/2024,679,491300.0
PO002756,NCC038,SP0153,25/11/2024,841,98500.0
PO001861,NCC001,SP0049,19/12/2024,78,120900.0
PO002003,NCC020,SP0147,28/05/2026,597,46100.0
PO000130,NCC034,SP0182,02/05/2026,160,78800.0
PO000413,NCC024,SP0003,05/06/2026,213,50500.0
PO001811,NCC022,SP0049,12/06/2025,712,118100.0
PO000476,NCC008,SP0112,15/02/2025,140,103400.0
PO001423,NCC019,SP0182,03/04/2026,78,60600.0
PO001067,NCC014,SP0032,28/11/2025,484,106100.0
PO002734,NCC024,SP0013,01/14/2025,80,75900.0
PO002190,NCC009,SP0164,21/09/2024,177,481300.0
PO000348,NCC905,SP0164,10/04/2025,140,459500.0
PO002007,NCC045,SP0218,11/08/2025,211,104900.0
PO001337,NCC022,SP0011,2026-01-02,489,26100.0
PO9900008,NCC007,SP0161,04/09/2024,200,61100.0
PO002404,NCC040,SP0105,18/11/2025,669,131400.0
PO003251,NCC022,SP0158,08/10/2025,346,84800.0
PO002215,NCC044,SP0143,19/07/2025,881,91500.0
PO000474,NCC038,SP0112,08/03/2026,763,90400.0
PO001319,NCC018,SP0001,05/03/2025,482,29200.0
PO001342,NCC029,SP0200,11/07/2024,173,312500.0
PO000088,NCC007,SP0195,14/02/2025,851,162300.0
PO9900025,NCC034,SP0036,06/05/2026,878,157600.0
PO002446,NCC001,SP0067,22/02/2026,128,12600.0
PO001946,NCC040,SP0084,11/07/2026,820,98900.0
PO002619,NCC042,SP0042,16/12/2024,929,117700.0
PO000654,NCC021,SP0084,13/06/2026,36,74800.0
PO001280,NCC030,SP0184,11/04/2025,122,140200.0
PO001595,NCC044,SP0076,31/03/2025,878,66300.0
PO002611,NCC037,,25/05/2025,51,60500.0
PO003232,NCC028,SP0067,30/05/2026,613,12100.0
PO002678,NCC027,SP0026,16/06/2025,238,59300.0
PO002847,NCC016,SP0042,27/07/2026,579,113700.0
PO001988,NCC040,SP0030,04/29/2025,315,573500.0
PO001202,NCC037,,07/07/2026,568,136400.0
PO002307,NCC900,SP0138,19/03/2026,162,23600.0
PO001693,NCC043,SP0140,30/06/2025,565,159400.0
PO001631,NCC045,SP0122,05/09/2024,105,74400.0
PO002240,NCC021,SP0042,21/07/2025,619,112700.0
PO000583,NCC043,SP0026,15/02/2025,720,65300.0
PO000745,NCC029,SP0047,21/03/2026,921,94600.0
PO002956,NCC012,SP0144,22/07/2026,758,126300.0
PO002750,NCC023,SP0181,31/01/2025,842,452700.0
PO000866,NCC017,SP0063,06/09/2025,591,55100.0
PO001168,NCC044,SP0128,04/09/2026,982,135700.0
PO000388,NCC031,SP0159,08/30/2025,628,412500.0
PO000091,NCC034,SP0170,01/11/2025,335,138700.0
PO000556,NCC017,SP0009,21/08/2024,921,265600.0
PO000962,NCC038,SP0030,27/06/2026,596,546400.0
PO000366,NCC025,SP0203,16/01/2026,719,628200.0
PO001754,NCC039,SP0076,25/05/2026,747,58700.0
PO003108,NCC022,SP0045,27/09/2024,342,119100.0
PO000945,NCC003,SP0146,22/08/2024,131,55900.0
PO002733,NCC037,SP0006,01/06/2025,111,668700.0
PO001385,NCC004,SP0078,31/05/2025,29,95500.0
PO002059,NCC029,SP0151,09/07/2025,665,128700.0
PO002911,NCC006,SP0200,03/12/2024,716,339400.0
PO003013,NCC022,SP0055,13/12/2024,780,137800.0
PO001535,NCC043,SP0058,20/07/2025,342,31500.0
PO003212,NCC014,SP0180,27/05/2026,198,862900.0
PO002924,NCC042,SP0018,11/10/2025,543,611800.0
PO001077,NCC016,SP0090,01/11/2025,889,460300.0
PO001681,NCC020,,25/10/2024,464,922700.0
PO000051,NCC009,SP0027,29/03/2025,469,53600.0
PO002987,NCC044,SP0157,13/11/2025,835,173500.0
PO001825,NCC025,SP0070,2026-03-20,919,104000.0
PO000457,NCC016,SP0214,17/07/2025,966,40700.0
PO003090,NCC020,SP0084,23/05/2026,185,104200.0
PO003118,NCC043,SP0141,30/09/2025,644,53800.0
PO000671,NCC036,,2026-04-30,655,61000.0
PO002117,NCC029,SP0055,02/07/2026,307,169700.0
PO001232,NCC003,SP0006,08/05/2026,293,580700.0
PO000145,NCC015,SP0219,04/11/2024,140,45400.0
PO002448,NCC013,SP0050,24/11/2025,530,483900.0
PO001338,NCC026,SP0146,05/05/2025,162,57800.0
PO000528,NCC041,SP0009,05/04/2026,738,314300.0
PO001678,NCC032,SP0031,29/09/2025,102,40900.0
PO001816,NCC029,SP0188,01/02/2025,996,77600.0
PO003139,NCC005,SP0218,22/07/2026,105,112300.0
PO001762,NCC038,SP0031,12/11/2024,787,38800.0
PO001711,NCC908,SP0019,15/12/2025,39,115000.0
PO000424,NCC025,,2026-06-12,457,29700.0
PO001673,NCC031,SP0096,10/08/2025,815,39500.0
PO001008,NCC020,SP0013,09/29/2024,265,80500.0
PO003135,NCC031,SP0173,06/07/2025,943,104800.0
PO003390,NCC028,SP0213,30/05/2025,457,25100.0
PO000628,NCC037,SP0152,01/11/2025,110,103900.0
PO000547,NCC005,SP0036,09/17/2025,597,158500.0
PO003391,NCC045,SP0064,08/01/2026,474,120200.0
PO001745,NCC022,SP0004,12/08/2025,497,132800.0
PO001283,NCC045,SP0205,16/12/2024,144,308600.0
PO9900039,NCC033,SP0171,20/07/2026,833,20400.0
PO002793,NCC042,SP0021,13/12/2025,682,37000.0
PO002335,NCC035,SP0154,27/01/2026,353,25000.0
PO001672,NCC024,SP0171,27/06/2026,277,20700.0
PO002492,NCC014,SP0163,14/09/2025,472,107900.0
PO003210,NCC008,SP0199,11/04/2026,426,93000.0
PO002519,NCC014,SP0123,11/11/2024,56,161800.0
PO000907,NCC021,SP0034,21/08/2025,622,146400.0
PO000350,NCC043,SP0115,27/07/2025,996,20800.0
PO003056,NCC008,SP0109,30/03/2026,802,507700.0
PO003107,NCC027,SP0078,01/06/2026,782,117900.0
PO001588,NCC014,SP0071,01/09/2024,329,423400.0
PO002994,NCC035,SP0061,17/06/2025,547,155600.0
PO001990,NCC040,SP0072,19/09/2025,393,414700.0
PO000054,NCC008,SP0140,16/05/2025,373,162700.0
PO002804,NCC023,SP0219,25/12/2025,535,40500.0
PO001156,NCC005,SP0064,27/07/2026,613,113900.0
PO001359,NCC043,SP0148,17/04/2026,889,36300.0
PO002759,NCC009,SP0105,11/03/2026,332,125600.0
PO000384,NCC012,SP0162,19/12/2024,337,104000.0
PO002367,NCC014,SP0089,2025-08-11,289,97700.0
PO000160,NCC004,,07/01/2026,343,142200.0
PO001298,NCC034,SP0089,11/09/2024,742,95200.0
PO001455,NCC041,SP0119,27/03/2025,742,145900.0
PO000481,NCC043,SP0009,10/06/2026,78,291800.0
PO000645,NCC007,SP0134,07/12/2024,862,102400.0
PO003457,NCC015,SP0038,30/10/2025,542,702600.0
PO002228,NCC042,SP0138,08/03/2026,277,23100.0
PO001032,NCC003,SP0033,09/09/2025,436,72300.0
PO002041,NCC042,SP0014,21/04/2026,587,400800.0
PO002024,NCC007,SP0050,13/09/2024,55,485200.0
PO000840,NCC023,SP0173,04/04/2026,450,83200.0
PO000586,NCC007,SP0204,27/11/2025,200,871300.0
PO000009,NCC043,SP0010,05/10/2024,235,558400.0
PO000373,NCC024,SP0035,08/01/2025,961,565300.0
PO000592,NCC043,SP0055,25/10/2024,225,124200.0
PO000222,NCC010,SP0212,26/08/2024,245,140700.0
PO002950,NCC042,SP0018,06/06/2026,270,569000.0
PO001705,NCC042,SP0073,14/09/2024,100,71000.0
PO002560,NCC029,SP0140,22/01/2025,480,165100.0
PO001367,NCC003,SP0091,22/11/2025,370,43500.0
PO000823,NCC013,SP0145,30/05/2025,807,91800.0
PO000572,NCC041,SP0197,27/07/2025,29,583700.0
PO002253,NCC040,SP0054,19/07/2025,170,92500.0
PO002919,NCC016,SP0056,25/07/2026,474,44500.0
PO001270,NCC030,SP0162,22/07/2025,733,113500.0
PO002714,NCC042,SP0066,22/07/2026,235,304400.0
PO002438,NCC023,SP0212,03/29/2025,405,156500.0
PO002869,NCC039,SP0026,13/07/2025,114,64500.0
PO002667,NCC034,SP0217,21/12/2025,85,130100.0
PO003303,NCC027,SP0182,24/06/2026,749,82600.0
PO001143,NCC043,SP0139,02/08/2025,322,135000.0
PO001027,NCC003,SP0047,26/01/2025,837,96700.0
PO002088,NCC042,SP0048,27/06/2025,490,41600.0
PO000902,NCC040,SP0187,15/11/2025,211,116100.0
PO002926,NCC035,SP0188,16/12/2024,326,100300.0
PO002763,NCC043,SP0096,01/08/2024,726,44400.0
PO001569,NCC042,SP0202,24/10/2025,706,260000.0
PO002459,NCC040,SP0102,12/26/2024,627,485900.0
PO000757,NCC015,SP0200,27/07/2026,680,309800.0
PO000853,NCC030,SP0109,16/04/2026,306,631900.0
PO000513,NCC042,SP0094,07/07/2025,114,102300.0
PO000191,NCC001,SP0213,25/05/2026,63,23800.0
PO002807,NCC008,SP0162,27/04/2025,968,90300.0
PO000535,NCC004,SP0017,05/07/2026,633,43100.0
PO001396,NCC038,SP0076,03/01/2026,986,68800.0
PO001874,NCC002,SP0035,16/06/2025,306,493600.0
PO001928,NCC034,SP0162,22/08/2025,181,117200.0
PO003426,NCC011,SP0086,25/03/2025,588,119400.0
PO002202,NCC030,SP0172,17/06/2026,666,423400.0
PO002337,NCC025,SP0212,16/07/2026,76,159600.0
PO000113,NCC905,SP0040,06/07/2025,456,110300.0
PO001870,NCC042,SP0105,21/09/2025,270,106700.0
PO003202,NCC018,SP0166,20/12/2024,949,220700.0
PO001551,NCC023,SP0164,23/12/2024,97,559500.0
PO000752,NCC018,SP0139,04/20/2025,641,110200.0
PO003228,NCC003,SP0016,27/06/2026,521,568900.0
PO001620,NCC040,SP0009,09/10/2024,225,284900.0
PO001049,NCC014,SP0062,17/12/2024,825,163600.0
PO001019,NCC033,SP0194,29/05/2025,523,104100.0
PO001913,NCC031,SP0024,07/06/2025,33,61600.0
PO000548,NCC038,SP0007,29/12/2024,524,157500.0
PO002609,NCC026,SP0058,25/04/2025,893,30800.0
PO000789,NCC016,SP0173,08/05/2025,545,80100.0
PO001963,NCC036,SP0106,17/02/2025,298,147200.0
PO003071,NCC004,SP0005,09/02/2026,647,168400.0
PO000804,NCC016,SP0199,10/02/2026,911,100600.0
PO002739,NCC006,SP0061,30/04/2025,827,117600.0
PO002071,NCC037,SP0216,22/05/2025,209,58200.0
PO001524,NCC033,SP0149,23/05/2025,677,849300.0
PO002852,NCC004,SP0171,15/06/2026,963,19900.0
PO003159,NCC905,SP0074,09/11/2025,330,721400.0
PO003255,NCC040,SP0038,16/06/2026,278,633200.0
PO000334,NCC008,SP0148,11/06/2025,209,37200.0
PO001517,NCC030,SP0175,27/09/2025,55,20000.0
PO002445,NCC006,SP0139,06/17/2025,570,113400.0
PO003110,NCC012,SP0033,13/07/2025,527,70900.0
PO000231,NCC008,SP0197,12/05/2025,896,479800.0
PO000923,NCC007,SP0155,24/07/2026,809,169000.0
PO002982,NCC044,SP0134,29/07/2026,617,119400.0
PO000921,NCC026,SP0063,09/07/2025,975,57100.0
PO000323,NCC004,SP0034,07/03/2025,95,146700.0
PO002858,NCC037,SP0200,14/01/2025,709,297500.0
PO000493,NCC005,SP0114,14/02/2026,344,63000.0
PO001591,NCC027,SP0096,30/04/2026,716,46200.0
PO003221,NCC013,SP0060,28/06/2025,463,21700.0
PO002031,NCC029,SP0035,28/01/2026,599,559300.0
PO002090,NCC027,SP0058,21/02/2026,257,33000.0
PO001904,NCC045,SP0036,30/01/2026,440,172900.0
PO001372,NCC042,SP0141,14/08/2025,448,45900.0
PO002558,NCC037,SP0039,20/05/2026,295,16200.0
PO001728,NCC009,SP0208,20/06/2026,222,76400.0
PO001865,NCC008,SP0190,25/07/2025,439,29600.0
PO003480,NCC033,SP0042,05/04/2025,605,105600.0
PO003242,NCC002,SP0181,21/01/2026,330,451800.0
PO001219,NCC002,SP0129,09/03/2025,976,151200.0
PO002975,NCC021,SP0004,23/11/2024,754,116400.0
PO001958,NCC012,SP0081,05/06/2026,139,31000.0
PO003140,NCC001,SP0047,16/07/2025,394,99800.0
PO001553,NCC016,SP0156,08/03/2026,302,85500.0
PO000045,NCC012,SP0025,14/07/2026,253,25200.0
PO002822,NCC020,SP0203,10/01/2026,277,628100.0
PO001030,NCC013,SP0076,02/08/2025,251,68700.0
PO001220,NCC030,SP0101,08/09/2025,981,224000.0
PO003233,NCC016,SP0030,20/08/2024,956,550800.0
PO001207,NCC034,SP0126,28/02/2025,329,64100.0
PO001480,NCC001,SP0022,28/11/2024,975,903000.0
PO001016,NCC031,SP0104,06/20/2026,827,731800.0
PO000289,NCC025,SP0023,06/03/2026,75,99100.0
PO001096,NCC005,SP0037,28/01/2025,611,101800.0
PO002154,NCC013,SP0179,09/06/2025,131,166500.0
PO000598,NCC005,SP0080,05/04/2026,290,110500.0
PO002105,NCC009,SP0020,30/08/2025,357,61300.0
PO001612,NCC002,SP0135,04/03/2025,296,573000.0
PO003137,NCC018,SP0184,15/09/2024,118,149800.0
PO001187,NCC008,SP0127,23/10/2024,530,28100.0
PO002394,NCC019,SP0143,17/03/2026,308,106200.0
PO002877,NCC012,SP0112,29/01/2025,813,99500.0
PO003440,NCC011,SP0101,24/10/2024,644,232000.0
PO002988,NCC024,SP0167,11/03/2026,260,29000.0
PO001752,NCC039,SP0214,11/07/2026,451,37300.0
PO002905,NCC031,SP0143,13/06/2026,816,97500.0
PO002923,NCC008,SP0023,02/03/2025,399,101000.0
PO001247,NCC023,SP0102,13/02/2026,966,582300.0
PO002401,NCC045,SP0116,09/06/2025,286,369700.0
PO002077,NCC004,SP0059,07/02/2026,911,499400.0
PO001331,NCC016,SP0005,15/02/2025,410,154900.0
PO001398,NCC035,SP0015,24/06/2025,38,64200.0
PO000835,NCC018,SP0173,03/03/2026,145,77200.0
PO001087,NCC017,SP0115,02/09/2025,251,20700.0
PO001042,NCC035,SP0169,22/02/2026,185,539000.0
PO003269,NCC006,SP0032,21/10/2025,864,110100.0
PO001686,NCC008,SP0190,16/01/2025,909,29600.0
PO000920,NCC035,SP0044,01/08/2025,364,783200.0
PO002606,NCC004,SP0161,26/12/2025,248,62300.0
PO002211,NCC020,SP0070,14/11/2024,881,96700.0
PO002643,NCC020,SP0027,10/05/2026,822,46500.0
PO001538,NCC006,SP0124,08/05/2026,606,53600.0
PO002326,NCC004,SP0025,11/04/2026,696,26600.0
PO001968,NCC018,SP0199,12/01/2025,749,75600.0
PO001738,NCC005,SP0070,2025-08-26,102,108000.0
PO001056,NCC015,SP0005,13/09/2024,272,145000.0
PO002460,NCC031,SP0003,28/10/2025,761,43100.0
PO003261,NCC036,SP0128,07/05/2026,821,155900.0
PO001074,NCC044,SP0069,09/10/2025,939,36200.0
PO000096,NCC017,SP0099,30/04/2026,982,113200.0
PO000919,NCC022,SP0178,18/11/2025,280,151900.0
PO001287,NCC032,,11/08/2025,680,137700.0
PO003114,NCC040,SP0008,20/10/2024,957,859300.0
PO002555,NCC032,SP0026,30/11/2025,949,59200.0
PO002451,NCC038,SP0120,28/10/2024,683,101900.0
PO002388,NCC031,SP0201,20/07/2025,200,638200.0
PO002120,NCC032,SP0218,23/10/2024,888,103100.0
PO000908,NCC027,SP0064,02/02/2026,677,106000.0
PO000314,NCC041,SP0155,06/16/2025,872,162900.0
PO000576,NCC024,SP0099,01/04/2025,689,141400.0
PO003096,NCC006,SP0154,15/05/2026,728,26500.0
PO000560,NCC022,SP0069,11/06/2025,522,44800.0
PO001469,NCC041,SP0181,14/02/2026,948,423700.0
PO002818,NCC034,SP0116,26/09/2025,449,356900.0
PO002289,NCC032,SP0099,29/03/2025,984,160200.0
PO000813,NCC042,SP0093,16/05/2025,344,674600.0
PO000889,NCC032,SP0081,20/01/2026,176,32700.0
PO000438,NCC007,SP0045,15/08/2024,552,122700.0
PO001236,NCC011,SP0096,02/10/2025,402,45500.0
PO002374,NCC022,SP0190,04/04/2025,790,30500.0
PO000209,NCC006,SP0094,09/05/2026,793,85300.0
PO002817,NCC009,SP0191,12/11/2024,655,36700.0
PO001667,NCC026,SP0141,20/10/2024,799,45500.0
PO000764,NCC018,SP0108,09/11/2025,421,100500.0
PO002198,NCC014,SP0013,08/01/2025,576,85800.0
PO002640,NCC030,SP0101,15/11/2025,913,228100.0
PO002709,NCC009,,13/01/2025,280,48200.0
PO000947,NCC014,SP0167,10/03/2025,758,31100.0
PO002057,NCC026,SP0167,01/02/2025,450,30200.0
PO003400,NCC014,SP0158,12/10/2024,251,99400.0
PO003421,NCC041,SP0091,02/03/2026,535,46900.0
PO000116,NCC031,SP0095,02/12/2025,881,49900.0
PO003442,NCC014,SP0050,27/02/2025,662,500100.0
PO003264,NCC004,SP0092,24/04/2025,781,32200.0
PO002651,NCC002,SP0084,05/11/2024,264,105400.0
PO003234,NCC028,SP0076,26/06/2026,908,57700.0
PO000716,NCC013,SP0066,17/01/2025,356,299700.0
PO001970,NCC032,SP0078,26/11/2025,938,116000.0
PO002742,NCC020,SP0043,21/02/2025,307,130300.0
PO002765,NCC030,SP0176,2025-09-18,122,97400.0
PO003040,NCC039,SP0208,13/09/2024,922,73100.0
PO002155,NCC009,SP0172,06/09/2024,303,489500.0
PO003004,NCC034,SP0055,26/06/2025,32,123900.0
PO003488,NCC030,SP0051,03/03/2026,946,171800.0
PO002590,NCC030,SP0137,25/12/2025,925,615200.0
PO000014,NCC022,SP0092,27/12/2024,201,33100.0
PO002760,NCC904,SP0009,12/06/2025,973,308500.0
PO000751,NCC031,SP0065,24/03/2025,694,573100.0
PO000736,NCC009,SP0010,28/01/2026,169,559600.0
PO000099,NCC033,SP0200,23/07/2026,747,331400.0
PO001284,NCC035,SP0123,28/02/2025,299,126000.0
PO002942,NCC001,SP0038,03/05/2026,795,573700.0
PO002011,NCC013,SP0107,23/07/2026,616,192800.0
PO002836,NCC037,SP0109,27/06/2025,686,632000.0
PO000239,NCC024,SP0121,13/09/2025,505,110400.0
PO000783,NCC041,SP0080,19/05/2026,487,106600.0
PO001051,NCC021,SP0211,11/11/2025,122,147800.0
PO003374,NCC028,,08/08/2024,852,520100.0
PO001796,NCC006,SP0102,11/01/2025,59,556800.0
PO000726,NCC031,SP0039,16/01/2026,993,14600.0
PO001781,NCC010,SP0162,07/06/2025,619,125200.0
PO001751,NCC905,SP0133,17/04/2026,802,145900.0
PO002135,NCC029,SP0082,20/05/2025,555,587100.0
PO001547,NCC012,SP0201,19/10/2025,936,555900.0
PO000223,NCC001,SP0024,15/05/2025,43,50700.0
PO000542,NCC038,SP0213,06/04/2026,35,24900.0
PO002521,NCC038,SP0166,28/01/2026,578,195800.0
PO002288,NCC021,SP0005,12/07/2026,859,144300.0
PO000269,NCC015,SP0097,13/03/2026,828,62100.0
PO001956,NCC041,SP0188,27/09/2025,668,94300.0
PO002641,NCC011,SP0041,24/09/2024,425,687500.0
PO002868,NCC002,SP0006,02/10/2025,142,590700.0
PO001090,NCC003,SP0116,06/12/2025,330,396100.0
PO002781,NCC017,SP0166,06/12/2024,233,243400.0
PO001767,NCC017,SP0094,22/12/2025,81,83800.0
PO002260,NCC042,,28/04/2025,404,128100.0
PO000972,NCC024,SP0163,04/11/2025,821,119400.0
PO001552,NCC045,SP0209,03/25/2026,411,87600.0
PO000743,NCC016,SP0086,02/10/2025,844,129700.0
PO003372,NCC031,SP0080,17/12/2024,783,116500.0
PO000979,NCC001,SP0201,29/05/2026,621,588200.0
PO000802,NCC028,SP0175,17/06/2025,849,19400.0
PO002902,NCC022,SP0129,22/03/2026,828,126600.0
PO003143,NCC016,SP0207,22/04/2025,646,21000.0
PO002174,NCC030,SP0054,02/09/2025,602,99000.0
PO002751,NCC031,SP0144,28/11/2024,895,137900.0
PO9900011,NCC012,SP0109,25/05/2025,351,585300.0
PO001407,NCC020,SP0173,22/02/2026,773,97000.0
PO003191,NCC005,SP0186,17/04/2026,885,653400.0
PO000397,NCC003,SP0012,11/09/2024,387,97800.0
PO001548,NCC042,SP0178,12/08/2025,80,122800.0
PO000324,NCC012,SP0080,18/02/2025,97,108300.0
PO001141,NCC037,SP0098,26/02/2026,135,78300.0
PO002488,NCC010,SP0218,29/09/2025,420,93300.0
PO000725,NCC007,SP0079,16/01/2026,313,20900.0
PO001118,NCC029,,13/03/2025,754,631300.0
PO002664,NCC027,SP0144,08/11/2024,551,118100.0
PO001267,NCC904,SP0119,28/03/2026,21,143800.0
PO000264,NCC029,SP0148,04/01/2025,109,37400.0
PO001318,NCC038,SP0091,23/11/2025,36,48600.0
PO003279,NCC017,SP0190,05/08/2024,175,30300.0
PO002042,NCC030,SP0193,06/07/2026,422,77900.0
PO003278,NCC904,SP0113,06/11/2024,131,102000.0
PO002039,NCC045,SP0192,05/04/2025,567,366200.0
PO001584,NCC007,SP0149,27/11/2025,50,733700.0
PO003402,NCC002,SP0085,14/02/2025,409,66100.0
PO001715,NCC021,SP0174,11/04/2025,553,423100.0
PO000817,NCC023,SP0111,22/12/2025,808,38800.0
PO001898,NCC038,SP0072,19/03/2026,91,451700.0
PO000437,NCC009,SP0175,28/07/2026,190,19700.0
PO001643,NCC009,SP0101,14/06/2025,213,209300.0
PO002758,NCC008,SP0121,15/12/2025,137,118700.0
PO000190,NCC026,SP0160,09/01/2025,226,58000.0
PO001012,NCC010,SP0134,05/07/2026,881,91700.0
PO001031,NCC016,SP0063,18/07/2025,144,68400.0
PO001334,NCC014,SP0004,28/08/2024,593,122000.0
PO000529,NCC012,SP0159,01/04/2026,555,430400.0
PO001466,NCC015,SP0050,23/05/2026,729,424100.0
PO000352,NCC038,SP0069,07/19/2026,492,34700.0
PO000198,NCC033,SP0059,18/10/2025,633,442800.0
PO000940,NCC012,SP0100,09/06/2025,949,173300.0
PO001294,NCC013,SP0113,11/10/2024,112,108800.0
PO000861,NCC041,SP0194,15/04/2025,596,105900.0
PO001799,NCC022,SP0204,07/11/2024,653,890300.0
PO003434,NCC035,SP0115,26/10/2025,505,19200.0
PO002829,NCC029,,08/07/2025,89,28700.0
PO002603,NCC004,SP0026,06/05/2026,394,56100.0
PO002662,NCC028,SP0058,15/03/2025,896,32300.0
PO000502,NCC033,SP0126,24/03/2025,298,50400.0
PO002108,NCC033,SP0051,27/04/2025,556,169100.0
PO000471,NCC025,SP0042,28/01/2025,896,130200.0
PO9900007,NCC031,SP0186,16/11/2025,546,656100.0
PO002187,NCC003,SP0027,23/05/2026,823,56900.0
