MaSanPham,Thang,TonDauKy,Nhap,Xuat,HaoHut,TonCuoiKy
SP0001,2024-08,90.0,63.0,21.0,0.0,132.0
SP0002,2024-08,364000.0,250000.0,233000.0,2000.0,379000.0
SP0003,2024-08,0.4,0.36,0.38,0.0,0.38
SP9509,2024-08,84.0,2.0,0.0,0.0,86.0
SP0005,2024-08,0.28,0.14,0.14,0.0,0.28
SP0006,2024-08,473.0,152.0,144.0,0.0,481.0
SP0007,2024-08,295000.0,205000.0,214000.0,2000.0,284000.0
SP0008,2024-08,446.0,322.0,287.0,0.0,481.0
SP0009,2024-08,372.0,291.0,264.0,0.0,399.0
SP0010,2024-08,71.0,325.0,311.0,1.0,84.0
SP0011,2024-08,466.0,286.0,254.0,1.0,497.0
SP0012,2024-08,221.0,339.0,345.0,6.0,209.0
SP0013,2024-08,217.0,40.0,14.0,0.0,243.0
SP0014,2024-08,480.0,237.0,234.0,0.0,483.0
SP0015,2024-08,254.0,10.0,0.0,0.0,264.0
SP0016,2024-08,104.0,339.0,290.0,0.0,153.0
SP0017,2024-08,434.0,289.0,301.0,1.0,421.0
SP0018,2024-08,140.0,71.0,23.0,0.0,188.0
SP0019,2024-08,425.0,159.0,153.0,2.0,429.0
SP0020,2024-08,470.0,12.0,1.0,0.0,481.0
SP0021,2024-08,359.0,225.0,201.0,1.0,382.0
SP0022,2024-08,0.42,0.0,0.0,0.0,0.43
SP0023,2024-08,115.0,368.0,316.0,3.0,164.0
SP0024,2024-08,168.0,60.0,20.0,0.0,208.0
SP0025,2024-08,132.0,237.0,225.0,2.0,142.0
SP0026,2024-08,52.0,14.0,1.0,0.0,65.0
SP0027,2024-08,470.0,344.0,324.0,3.0,487.0
SP0028,2024-08,145.0,193.0,181.0,2.0,155.0
SP0029,2024-08,266.0,10.0,0.0,0.0,276.0
SP0030,2024-08,176.0,298.0,272.0,0.0,202.0
SP0031,2024-08,257.0,187.0,178.0,1.0,265.0
SP0032,2024-08,482.0,32.0,9.0,0.0,505.0
SP0033,2024-08,255.0,234.0,232.0,4.0,253.0
SP0034,2024-08,446.0,313.0,284.0,3.0,472.0
SP0035,2024-08,92.0,232.0,224.0,0.0,100.0
,2024-08,282.0,15.0,1.0,0.0,296.0
SP0037,2024-08,316.0,249.0,260.0,2.0,303.0
SP0038,2024-08,404.0,357.0,344.0,1.0,416.0
SP0039,2024-08,221.0,10.0,0.0,0.0,231.0
SP0040,2024-08,428000.0,24000.0,7000.0,0.0,445000.0
SP0041,2024-08,154000.0,343000.0,293000.0,0.0,204000.0
SP0042,2024-08,229.0,332.0,300.0,6.0,255.0
SP0043,2024-08,486.0,271.0,241.0,1.0,515.0
SP0044,2024-08,344.0,198.0,201.0,1.0,340.0
SP0045,2024-08,156000.0,223000.0,213000.0,2000.0,164000.0
SP0046,2024-08,64.0,289.0,259.0,3.0,91.0
SP0047,2024-08,0.23,0.16,0.16,0.0,0.23
SP0048,2024-08,244.0,216.0,212.0,1.0,247.0
,2024-08,0.05,0.01,0.0,0.0,0.06
SP0050,2024-08,122.0,17.0,0.0,0.0,139.0
SP0051,2024-08,172.0,72.0,21.0,1.0,222.0
SP0052,2024-08,251.0,298.0,311.0,1.0,237.0
SP0053,2024-08,0.44,0.37,0.38,0.0,0.42
SP0054,2024-08,284.0,32.0,18.0,1.0,297.0
SP0055,2024-08,339.0,58.0,23.0,0.0,374.0
,2024-08,290.0,206.0,206.0,1.0,289.0
SP0057,2024-08,197.0,10.0,1.0,0.0,206.0
SP0058,2024-08,345.0,20.0,10.0,0.0,355.0
SP0059,2024-08,346.0,8.0,1.0,0.0,353.0
SP0060,2024-08,305.0,32.0,13.0,0.0,324.0
SP0061,2024-08,482.0,188.0,177.0,1.0,492.0
SP0062,2024-08,337.0,323.0,290.0,6.0,364.0
SP0063,2024-08,418.0,6.0,0.0,0.0,424.0
SP0064,2024-08,127.0,35.0,12.0,0.0,150.0
SP0065,2024-08,406.0,319.0,293.0,2.0,430.0
SP0066,2024-08,147.0,223.0,216.0,1.0,153.0
SP0067,2024-08,177.0,378.0,347.0,1.0,207.0
SP0068,2024-08,375.0,56.0,32.0,0.0,399.0
SP0069,2024-08,175.0,14.0,0.0,0.0,189.0
SP0070,2024-08,143.0,345.0,348.0,5.0,135.0
SP0071,2024-08,0.45,0.32,0.29,0.0,0.48
SP0072,2024-08,286.0,183.0,166.0,0.0,303.0
SP0073,2024-08,190.0,4.0,0.0,0.0,194.0
SP0074,2024-08,354.0,70.0,38.0,0.0,386.0
SP0075,2024-08,209.0,47.0,15.0,0.0,241.0
SP0076,2024-08,106.0,218.0,187.0,1.0,136.0
SP0077,2024-08,139.0,350.0,335.0,4.0,150.0
SP0078,2024-08,353000.0,247000.0,227000.0,1000.0,372000.0
SP0079,2024-08,246.0,289.0,246.0,2.0,287.0
,2024-08,270.0,38.0,18.0,0.0,290.0
SP0081,2024-08,411.0,40.0,18.0,0.0,433.0
SP0082,2024-08,196.0,0.0,0.0,0.0,196.0
SP0083,2024-08,291.0,15.0,1.0,0.0,305.0
SP0084,2024-08,303.0,173.0,155.0,3.0,318.0
SP0085,2024-08,85.0,70.0,35.0,1.0,119.0
SP0086,2024-08,480.0,7.0,0.0,0.0,487.0
SP0087,2024-08,351.0,46.0,25.0,1.0,371.0
SP0088,2024-08,335.0,320.0,315.0,2.0,338.0
SP0089,2024-08,225.0,235.0,215.0,2.0,243.0
SP0090,2024-08,322.0,296.0,308.0,0.0,310.0
SP0091,2024-08,124.0,5.0,0.0,0.0,129.0
SP0092,2024-08,355.0,312.0,269.0,3.0,395.0
SP9506,2024-08,364000.0,219000.0,196000.0,1000.0,386000.0
SP0094,2024-08,414.0,32.0,9.0,0.0,437.0
SP0095,2024-08,163.0,252.0,260.0,3.0,152.0
SP0096,2024-08,456.0,165.0,145.0,1.0,475.0
SP0097,2024-08,305.0,223.0,204.0,2.0,322.0
SP0098,2024-08,353.0,75.0,34.0,1.0,393.0
SP0099,2024-08,247.0,305.0,313.0,4.0,235.0
SP0100,2024-08,127.0,30.0,16.0,0.0,141.0
SP0101,2024-08,250.0,259.0,244.0,1.0,264.0
SP0102,2024-08,198.0,53.0,17.0,0.0,234.0
SP0103,2024-08,203.0,354.0,306.0,5.0,246.0
SP9504,2024-08,228.0,250.0,228.0,0.0,250.0
SP0105,2024-08,443.0,52.0,17.0,0.0,478.0
SP0106,2024-08,0.22,0.36,0.34,0.01,0.23
SP0107,2024-08,257.0,174.0,155.0,0.0,276.0
SP0108,2024-08,63.0,151.0,129.0,1.0,84.0
SP0109,2024-08,200.0,70.0,21.0,0.0,249.0
SP0110,2024-08,207.0,255.0,248.0,2.0,212.0
SP0111,2024-08,209.0,33.0,19.0,0.0,223.0
SP0112,2024-08,289.0,376.0,319.0,2.0,344.0
SP0113,2024-08,156.0,194.0,176.0,2.0,172.0
SP0114,2024-08,186.0,192.0,163.0,3.0,212.0
SP0115,2024-08,447.0,352.0,312.0,2.0,485.0
SP0116,2024-08,126.0,291.0,265.0,1.0,151.0
SP0117,2024-08,56.0,246.0,212.0,2.0,88.0
SP0118,2024-08,241.0,227.0,221.0,3.0,244.0
SP0119,2024-08,416.0,14.0,0.0,0.0,430.0
SP0120,2024-08,272.0,194.0,194.0,1.0,271.0
SP0121,2024-08,299.0,342.0,356.0,2.0,283.0
SP0122,2024-08,347.0,56.0,23.0,1.0,379.0
SP0123,2024-08,221.0,202.0,206.0,1.0,216.0
SP0124,2024-08,387.0,323.0,278.0,2.0,430.0
SP0125,2024-08,223.0,41.0,20.0,0.0,244.0
SP0126,2024-08,417.0,8.0,1.0,0.0,424.0
SP0127,2024-08,379.0,268.0,240.0,3.0,404.0
SP0128,2024-08,139.0,12.0,0.0,0.0,151.0
SP0129,2024-08,406.0,227.0,208.0,1.0,424.0
SP0130,2024-08,328.0,257.0,247.0,4.0,334.0
SP0131,2024-08,90.0,270.0,230.0,3.0,127.0
SP0132,2024-08,52.0,19.0,2.0,0.0,69.0
SP0133,2024-08,0.08,0.16,0.16,0.0,0.08
SP0134,2024-08,90.0,347.0,302.0,5.0,130.0
SP0135,2024-08,425.0,226.0,210.0,1.0,440.0
SP0136,2024-08,190.0,351.0,308.0,2.0,231.0
SP0137,2024-08,178.0,345.0,358.0,1.0,164.0
SP0138,2024-08,151.0,252.0,225.0,1.0,177.0
SP0139,2024-08,120.0,184.0,167.0,2.0,135.0
SP0140,2024-08,134.0,263.0,265.0,3.0,129.0
SP0141,2024-08,309.0,282.0,277.0,3.0,311.0
SP0142,2024-08,454.0,249.0,256.0,0.0,447.0
SP0143,2024-08,432.0,234.0,239.0,3.0,424.0
SP0144,2024-08,143.0,238.0,241.0,1.0,139.0
SP0145,2024-08,72.0,67.0,34.0,1.0,104.0
SP0146,2024-08,178.0,287.0,249.0,3.0,213.0
SP0147,2024-08,167.0,62.0,22.0,0.0,207.0
SP0148,2024-08,440.0,350.0,318.0,1.0,471.0
SP0149,2024-08,448.0,274.0,249.0,1.0,472.0
SP0150,2024-08,275.0,296.0,259.0,5.0,307.0
SP0151,2024-08,130.0,330.0,319.0,1.0,140.0
SP0152,2024-08,197.0,265.0,251.0,5.0,206.0
SP0153,2024-08,252.0,175.0,164.0,2.0,261.0
SP0154,2024-08,184.0,219.0,193.0,1.0,209.0
SP0155,2024-08,363.0,163.0,151.0,3.0,372.0
SP0156,2024-08,443.0,289.0,250.0,3.0,479.0
SP0157,2024-08,327.0,215.0,209.0,2.0,331.0
SP0158,2024-08,304.0,204.0,211.0,2.0,295.0
SP0159,2024-08,202.0,268.0,228.0,0.0,242.0
SP0160,2024-08,500.0,61.0,18.0,0.0,543.0
SP0161,2024-08,283.0,284.0,293.0,1.0,273.0
SP0162,2024-08,134.0,28.0,13.0,0.0,149.0
SP0163,2024-08,89.0,184.0,191.0,2.0,80.0
SP0164,2024-08,169.0,242.0,242.0,1.0,168.0
SP0165,2024-08,298.0,62.0,22.0,0.0,338.0
SP0166,2024-08,119.0,7.0,0.0,0.0,126.0
SP0167,2024-08,196.0,147.0,147.0,1.0,195.0
SP0168,2024-08,0.29,0.34,0.34,0.0,0.28
SP0169,2024-08,265.0,39.0,18.0,0.0,286.0
SP0170,2024-08,129.0,40.0,12.0,0.0,157.0
SP0171,2024-08,267.0,243.0,221.0,2.0,287.0
SP0172,2024-08,336.0,231.0,237.0,1.0,329.0
,2024-08,370.0,339.0,306.0,2.0,401.0
SP0174,2024-08,475.0,251.0,247.0,0.0,479.0
SP0175,2024-08,63000.0,205000.0,174000.0,1000.0,93000.0
SP0176,2024-08,250000.0,184000.0,188000.0,1000.0,245000.0
SP0177,2024-08,432.0,230.0,226.0,3.0,433.0
SP0178,2024-08,304.0,46.0,19.0,1.0,330.0
SP0179,2024-08,350.0,334.0,335.0,2.0,347.0
SP0180,2024-08,406.0,357.0,326.0,0.0,437.0
SP9505,2024-08,352.0,53.0,24.0,0.0,381.0
SP0182,2024-08,205.0,28.0,8.0,0.0,225.0
SP0183,2024-08,489.0,242.0,206.0,2.0,523.0
SP0184,2024-08,206.0,248.0,255.0,5.0,194.0
SP0185,2024-08,118.0,196.0,169.0,1.0,144.0
SP0186,2024-08,164.0,302.0,276.0,1.0,189.0
SP0187,2024-08,90.0,188.0,165.0,2.0,111.0
SP0188,2024-08,86.0,347.0,346.0,2.0,85.0
SP0189,2024-08,446.0,330.0,319.0,5.0,452.0
SP0190,2024-08,169.0,277.0,274.0,3.0,169.0
SP0191,2024-08,427.0,279.0,241.0,2.0,463.0
SP0192,2024-08,119.0,342.0,318.0,1.0,142.0
SP0193,2024-08,425.0,301.0,273.0,1.0,452.0
SP0194,2024-08,200.0,244.0,244.0,5.0,195.0
,2024-08,56.0,344.0,355.0,4.0,41.0
SP9501,2024-08,480.0,30.0,9.0,0.0,501.0
SP0197,2024-08,435000.0,186000.0,184000.0,0.0,437000.0
SP0198,2024-08,355.0,36.0,13.0,0.0,378.0
SP0199,2024-08,415.0,60.0,26.0,1.0,448.0
SP0200,2024-08,0.2,0.22,0.2,0.0,0.21
SP0201,2024-08,141.0,176.0,175.0,0.0,142.0
SP0202,2024-08,432.0,219.0,196.0,0.0,455.0
SP0203,2024-08,110.0,281.0,259.0,0.0,132.0
SP0204,2024-08,211.0,65.0,23.0,0.0,253.0
SP0205,2024-08,71.0,200.0,186.0,0.0,85.0
SP0206,2024-08,224.0,148.0,155.0,0.0,217.0
SP0207,2024-08,432.0,155.0,152.0,1.0,434.0
SP0208,2024-08,85.0,287.0,263.0,4.0,105.0
SP0209,2024-08,308.0,336.0,303.0,1.0,340.0
SP0210,2024-08,50.0,173.0,163.0,1.0,59.0
SP0211,2024-08,274.0,337.0,322.0,5.0,284.0
SP0212,2024-08,194.0,16.0,0.0,0.0,210.0
SP0213,2024-08,256.0,363.0,352.0,2.0,265.0
SP0214,2024-08,160.0,178.0,171.0,1.0,166.0
SP0215,2024-08,105.0,249.0,251.0,2.0,101.0
SP0216,2024-08,338.0,365.0,371.0,6.0,326.0
SP0217,2024-08,110.0,333.0,331.0,4.0,108.0
SP0218,2024-08,246.0,220.0,226.0,2.0,238.0
SP9505,2024-08,243.0,212.0,194.0,3.0,258.0
SP0220,2024-08,246.0,302.0,283.0,3.0,262.0
SP0001,2024-09,132.0,72.0,22.0,0.0,182.0
SP0002,2024-09,379.0,277.0,263.0,1.0,392.0
SP0003,2024-09,380.0,264.0,270.0,1.0,373.0
SP0004,2024-09,86.0,10.0,1.0,0.0,95.0
SP0005,2024-09,277.0,316.0,284.0,2.0,307.0
SP0006,2024-09,0.48,0.22,0.22,0.0,0.48
SP0007,2024-09,284.0,369.0,377.0,4.0,272.0
SP0008,2024-09,481.0,169.0,162.0,0.0,488.0
SP0009,2024-09,399.0,295.0,284.0,0.0,410.0
SP0010,2024-09,84.0,225.0,229.0,1.0,79.0
SP0011,2024-09,497.0,194.0,170.0,2.0,519.0
SP0012,2024-09,209.0,368.0,342.0,7.0,228.0
SP0013,2024-09,243.0,48.0,22.0,0.0,269.0
SP0014,2024-09,483.0,338.0,326.0,2.0,493.0
SP0015,2024-09,264.0,4.0,0.0,0.0,268.0
SP0016,2024-09,153.0,191.0,163.0,0.0,181.0
SP0017,2024-09,421.0,239.0,216.0,1.0,443.0
SP0018,2024-09,188.0,45.0,20.0,0.0,213.0
SP0019,2024-09,429.0,341.0,337.0,2.0,431.0
SP0020,2024-09,481.0,16.0,0.0,0.0,497.0
SP0021,2024-09,382.0,313.0,284.0,3.0,408.0
SP0022,2024-09,429.0,12.0,1.0,0.0,440.0
SP0023,2024-09,164.0,160.0,160.0,2.0,162.0
SP0024,2024-09,208.0,79.0,35.0,1.0,251.0
SP0025,2024-09,142.0,209.0,209.0,1.0,141.0
SP0026,2024-09,65.0,3.0,0.0,0.0,68.0
SP0027,2024-09,487.0,351.0,339.0,1.0,498.0
SP0028,2024-09,155.0,224.0,214.0,2.0,163.0
SP0029,2024-09,276.0,10.0,1.0,0.0,285.0
SP0030,2024-09,202.0,178.0,178.0,1.0,201.0
SP0031,2024-09,265.0,212.0,202.0,1.0,274.0
SP0032,2024-09,505.0,54.0,20.0,0.0,539.0
SP0033,2024-09,0.25,0.29,0.27,0.0,0.27
SP0034,2024-09,472.0,194.0,198.0,1.0,467.0
SP0035,2024-09,100.0,371.0,385.0,1.0,85.0
SP0036,2024-09,296.0,18.0,1.0,0.0,313.0
SP0037,2024-09,303.0,396.0,380.0,4.0,315.0
SP0038,2024-09,416.0,259.0,224.0,1.0,450.0
SP0039,2024-09,231.0,13.0,1.0,0.0,243.0
SP0040,2024-09,445.0,63.0,31.0,1.0,476.0
SP0041,2024-09,0.2,0.3,0.29,0.0,0.21
SP0042,2024-09,255.0,351.0,361.0,3.0,242.0
SP0043,2024-09,515.0,380.0,385.0,1.0,509.0
SP0044,2024-09,340.0,298.0,272.0,1.0,365.0
SP0045,2024-09,164.0,340.0,322.0,4.0,178.0
SP0046,2024-09,91.0,192.0,165.0,1.0,117.0
SP0047,2024-09,227.0,242.0,206.0,4.0,259.0
SP0048,2024-09,247.0,347.0,317.0,1.0,276.0
SP0049,2024-09,61.0,16.0,1.0,0.0,76.0
SP0050,2024-09,139.0,7.0,0.0,0.0,146.0
SP0051,2024-09,222.0,60.0,24.0,1.0,257.0
SP0052,2024-09,237.0,225.0,218.0,2.0,242.0
SP0053,2024-09,421.0,166.0,170.0,3.0,414.0
SP0054,2024-09,297.0,61.0,31.0,1.0,326.0
SP0055,2024-09,374.0,69.0,34.0,1.0,408.0
SP0056,2024-09,289.0,324.0,286.0,3.0,324.0
SP0057,2024-09,206.0,2.0,0.0,0.0,208.0
SP0058,2024-09,355.0,43.0,18.0,0.0,380.0
SP0059,2024-09,353.0,2.0,0.0,0.0,355.0
SP0060,2024-09,324.0,55.0,27.0,0.0,352.0
SP0061,2024-09,492.0,221.0,190.0,1.0,522.0
SP0062,2024-09,364000.0,226000.0,218000.0,3000.0,369000.0
SP0063,2024-09,424.0,10.0,0.0,0.0,434.0
SP0064,2024-09,150.0,33.0,13.0,0.0,170.0
SP0065,2024-09,430.0,202.0,192.0,0.0,440.0
SP0066,2024-09,153.0,189.0,191.0,0.0,151.0
SP0067,2024-09,207.0,273.0,268.0,1.0,211.0
SP0068,2024-09,399.0,44.0,19.0,0.0,424.0
SP0069,2024-09,189.0,3.0,0.0,0.0,192.0
SP0070,2024-09,135.0,261.0,256.0,3.0,137.0
SP0071,2024-09,477.0,310.0,301.0,1.0,485.0
SP0072,2024-09,303.0,368.0,324.0,1.0,346.0
SP0073,2024-09,194.0,3.0,0.0,0.0,197.0
SP0074,2024-09,386.0,33.0,19.0,0.0,400.0
SP0075,2024-09,241.0,73.0,29.0,1.0,284.0
SP0076,2024-09,136.0,173.0,163.0,1.0,145.0
SP9506,2024-09,150.0,166.0,145.0,3.0,168.0
SP9509,2024-09,372000.0,387000.0,331000.0,6000.0,422000.0
SP0079,2024-09,287.0,345.0,303.0,1.0,328.0
SP0080,2024-09,290.0,67.0,37.0,0.0,320.0
SP0081,2024-09,433.0,41.0,18.0,0.0,456.0
SP0082,2024-09,196.0,4.0,0.0,0.0,200.0
SP0083,2024-09,305.0,17.0,1.0,0.0,321.0
SP0084,2024-09,318.0,332.0,304.0,6.0,340.0
SP0085,2024-09,119.0,20.0,8.0,0.0,131.0
SP0086,2024-09,487.0,19.0,0.0,0.0,506.0
SP0087,2024-09,371.0,36.0,11.0,0.0,396.0
SP0088,2024-09,338.0,335.0,340.0,4.0,329.0
SP9506,2024-09,243.0,199.0,169.0,1.0,272.0
SP0090,2024-09,310.0,345.0,338.0,0.0,317.0
SP0091,2024-09,129.0,2.0,0.0,0.0,131.0
SP0092,2024-09,395.0,385.0,327.0,2.0,451.0
SP0093,2024-09,386.0,376.0,380.0,1.0,381.0
SP0094,2024-09,437.0,41.0,17.0,1.0,460.0
SP0095,2024-09,152.0,295.0,261.0,4.0,182.0
SP0096,2024-09,475.0,287.0,285.0,1.0,476.0
SP0097,2024-09,322.0,179.0,156.0,2.0,343.0
SP0098,2024-09,0.39,0.04,0.02,0.0,0.41
SP0099,2024-09,235.0,373.0,349.0,4.0,255.0
SP0100,2024-09,141.0,49.0,15.0,0.0,175.0
SP0101,2024-09,264.0,214.0,186.0,1.0,291.0
SP0102,2024-09,234.0,71.0,39.0,0.0,266.0
SP0103,2024-09,0.25,0.36,0.32,0.0,0.28
SP0104,2024-09,250.0,159.0,147.0,1.0,261.0
SP0105,2024-09,478.0,21.0,7.0,0.0,492.0
SP0106,2024-09,231.0,227.0,196.0,1.0,261.0
SP0107,2024-09,276.0,329.0,287.0,1.0,317.0
SP0108,2024-09,84.0,286.0,298.0,4.0,68.0
SP0109,2024-09,249.0,28.0,11.0,0.0,266.0
,2024-09,212.0,258.0,228.0,2.0,240.0
SP0111,2024-09,223.0,54.0,19.0,0.0,258.0
SP0112,2024-09,344.0,184.0,187.0,1.0,340.0
SP0113,2024-09,172.0,203.0,193.0,1.0,181.0
SP0114,2024-09,212.0,281.0,252.0,2.0,239.0
SP0115,2024-09,485.0,367.0,345.0,1.0,506.0
SP0116,2024-09,151.0,239.0,232.0,0.0,158.0
SP0117,2024-09,88.0,301.0,256.0,3.0,130.0
SP0118,2024-09,0.24,0.17,0.16,0.0,0.25
SP0119,2024-09,430.0,18.0,1.0,0.0,447.0
SP0120,2024-09,271.0,186.0,159.0,2.0,296.0
SP0121,2024-09,0.28,0.18,0.18,0.0,0.28
SP0122,2024-09,379.0,51.0,28.0,0.0,402.0
SP0123,2024-09,216.0,297.0,309.0,3.0,201.0
SP0124,2024-09,430.0,266.0,238.0,3.0,455.0
SP0125,2024-09,244.0,28.0,11.0,0.0,261.0
SP0126,2024-09,424.0,19.0,1.0,0.0,442.0
SP0127,2024-09,404.0,154.0,131.0,0.0,427.0
SP0128,2024-09,151.0,17.0,1.0,0.0,167.0
SP0129,2024-09,424.0,300.0,281.0,4.0,439.0
SP0130,2024-09,334.0,230.0,219.0,3.0,342.0
SP0131,2024-09,127.0,331.0,283.0,2.0,173.0
SP0132,2024-09,69.0,7.0,0.0,0.0,76.0
SP0133,2024-09,84.0,201.0,177.0,2.0,106.0
SP0134,2024-09,130.0,371.0,335.0,2.0,164.0
SP0135,2024-09,440.0,287.0,281.0,1.0,445.0
SP0136,2024-09,231.0,193.0,185.0,0.0,239.0
SP0137,2024-09,164.0,301.0,286.0,1.0,178.0
SP0138,2024-09,177.0,184.0,179.0,1.0,181.0
SP0139,2024-09,135.0,156.0,140.0,1.0,150.0
SP0140,2024-09,129.0,379.0,334.0,4.0,170.0
SP0141,2024-09,311.0,290.0,301.0,3.0,297.0
SP0142,2024-09,447.0,309.0,323.0,0.0,433.0
SP0143,2024-09,424.0,305.0,293.0,1.0,435.0
SP0144,2024-09,139.0,253.0,232.0,1.0,159.0
SP0145,2024-09,104.0,66.0,29.0,1.0,140.0
SP0146,2024-09,213.0,397.0,365.0,6.0,239.0
SP0147,2024-09,207.0,24.0,13.0,0.0,218.0
SP0148,2024-09,471.0,369.0,314.0,1.0,525.0
SP0149,2024-09,472.0,190.0,173.0,0.0,489.0
SP0150,2024-09,307.0,290.0,284.0,4.0,309.0
SP0151,2024-09,140.0,184.0,185.0,2.0,137.0
SP9501,2024-09,0.21,0.3,0.3,0.0,0.2
SP0153,2024-09,261.0,389.0,377.0,2.0,271.0
SP0154,2024-09,209.0,200.0,191.0,1.0,217.0
SP0155,2024-09,372.0,287.0,286.0,2.0,371.0
SP0156,2024-09,479.0,378.0,388.0,3.0,466.0
SP0157,2024-09,331.0,180.0,162.0,3.0,346.0
SP0158,2024-09,295.0,280.0,264.0,3.0,308.0
SP0159,2024-09,242.0,355.0,343.0,1.0,253.0
SP0160,2024-09,543.0,33.0,19.0,0.0,557.0
SP0161,2024-09,273.0,194.0,201.0,1.0,265.0
SP0162,2024-09,149.0,51.0,17.0,1.0,182.0
SP0163,2024-09,80.0,377.0,362.0,2.0,93.0
SP0164,2024-09,168.0,281.0,266.0,1.0,182.0
SP0165,2024-09,338.0,42.0,22.0,0.0,358.0
SP0166,2024-09,126.0,4.0,0.0,0.0,130.0
SP0167,2024-09,195.0,397.0,345.0,2.0,245.0
SP0168,2024-09,284.0,210.0,209.0,2.0,283.0
SP0169,2024-09,286.0,71.0,37.0,0.0,320.0
SP0170,2024-09,0.16,0.06,0.02,0.0,0.2
SP0171,2024-09,287.0,290.0,248.0,2.0,327.0
SP0172,2024-09,329.0,368.0,367.0,0.0,330.0
,2024-09,0.4,0.39,0.36,0.0,0.43
SP0174,2024-09,479.0,288.0,268.0,1.0,498.0
SP0175,2024-09,93.0,171.0,149.0,2.0,113.0
SP0176,2024-09,245.0,367.0,352.0,5.0,255.0
SP0177,2024-09,433.0,302.0,265.0,3.0,467.0
SP0178,2024-09,330.0,32.0,13.0,0.0,349.0
SP0179,2024-09,347.0,294.0,294.0,3.0,344.0
SP0180,2024-09,437.0,210.0,211.0,1.0,435.0
SP0181,2024-09,381000.0,43000.0,22000.0,0.0,402000.0
SP0182,2024-09,225.0,21.0,11.0,0.0,235.0
SP9505,2024-09,523.0,267.0,276.0,3.0,511.0
SP0184,2024-09,194.0,255.0,262.0,1.0,186.0
SP0185,2024-09,144000.0,389000.0,344000.0,2000.0,187000.0
SP0186,2024-09,189.0,210.0,216.0,0.0,183.0
SP0187,2024-09,111.0,208.0,179.0,3.0,137.0
SP0188,2024-09,85.0,301.0,309.0,4.0,73.0
SP0189,2024-09,0.45,0.3,0.29,0.0,0.45
SP0190,2024-09,169.0,172.0,165.0,1.0,175.0
SP0191,2024-09,463.0,373.0,341.0,3.0,492.0
SP0192,2024-09,142.0,306.0,266.0,0.0,182.0
SP0193,2024-09,452.0,239.0,204.0,2.0,485.0
SP0194,2024-09,195.0,216.0,216.0,2.0,193.0
SP0195,2024-09,41.0,163.0,156.0,2.0,46.0
SP0196,2024-09,501.0,45.0,18.0,1.0,527.0
SP0197,2024-09,437.0,356.0,347.0,1.0,445.0
SP0198,2024-09,378.0,25.0,9.0,0.0,394.0
SP0199,2024-09,448.0,20.0,7.0,0.0,461.0
SP0200,2024-09,213.0,301.0,295.0,1.0,218.0
SP0201,2024-09,142.0,180.0,173.0,0.0,149.0
SP0202,2024-09,455.0,160.0,158.0,0.0,457.0
SP0203,2024-09,132.0,295.0,279.0,0.0,148.0
SP0204,2024-09,253.0,28.0,8.0,0.0,273.0
SP0205,2024-09,85.0,265.0,236.0,0.0,114.0
SP0206,2024-09,0.22,0.35,0.31,0.0,0.26
SP0207,2024-09,434.0,329.0,316.0,3.0,444.0
SP0208,2024-09,105.0,206.0,184.0,4.0,123.0
SP0209,2024-09,340.0,246.0,253.0,2.0,331.0
SP0210,2024-09,59.0,162.0,166.0,0.0,55.0
SP0211,2024-09,284.0,355.0,350.0,2.0,287.0
SP0212,2024-09,210000.0,5000.0,0.0,0.0,215000.0
SP0213,2024-09,265.0,197.0,169.0,2.0,291.0
SP0214,2024-09,166.0,208.0,200.0,1.0,173.0
SP0215,2024-09,101.0,223.0,227.0,4.0,93.0
SP0216,2024-09,326.0,190.0,195.0,2.0,319.0
SP0217,2024-09,0.11,0.31,0.28,0.0,0.14
SP0218,2024-09,238.0,350.0,367.0,4.0,217.0
SP0219,2024-09,258.0,282.0,251.0,4.0,285.0
SP0220,2024-09,262.0,229.0,215.0,2.0,274.0
SP0001,2024-10,182.0,24.0,9.0,0.0,197.0
SP0002,2024-10,392.0,356.0,312.0,3.0,433.0
SP0003,2024-10,0.37,0.34,0.32,0.0,0.4
SP0004,2024-10,95.0,8.0,0.0,0.0,103.0
SP0005,2024-10,307.0,423.0,416.0,6.0,308.0
SP0006,2024-10,482.0,241.0,237.0,0.0,486.0
SP0007,2024-10,272.0,177.0,167.0,1.0,281.0
SP0008,2024-10,488.0,295.0,270.0,1.0,512.0
SP0009,2024-10,410.0,228.0,200.0,1.0,437.0
SP0010,2024-10,79.0,265.0,230.0,1.0,113.0
SP0011,2024-10,519.0,204.0,175.0,1.0,547.0
SP0012,2024-10,228.0,296.0,275.0,6.0,243.0
SP0013,2024-10,269.0,79.0,31.0,0.0,317.0
SP0014,2024-10,493.0,208.0,186.0,0.0,515.0
SP0015,2024-10,268.0,16.0,2.0,0.0,282.0
SP0016,2024-10,181.0,167.0,142.0,1.0,205.0
SP0017,2024-10,443.0,205.0,180.0,2.0,466.0
SP0018,2024-10,213.0,24.0,11.0,0.0,226.0
SP0019,2024-10,431.0,439.0,419.0,4.0,447.0
SP0020,2024-10,497.0,3.0,0.0,0.0,500.0
SP0021,2024-10,408.0,318.0,284.0,3.0,439.0
SP0022,2024-10,440.0,7.0,0.0,0.0,447.0
SP0023,2024-10,162.0,364.0,326.0,5.0,195.0
SP0024,2024-10,251.0,74.0,23.0,1.0,301.0
SP0025,2024-10,141.0,259.0,271.0,1.0,128.0
SP0026,2024-10,68.0,2.0,0.0,0.0,70.0
,2024-10,498.0,292.0,258.0,2.0,530.0
SP0028,2024-10,163.0,434.0,421.0,2.0,174.0
SP0029,2024-10,285.0,5.0,0.0,0.0,290.0
SP0030,2024-10,201.0,168.0,170.0,0.0,199.0
SP0031,2024-10,274.0,402.0,385.0,2.0,289.0
SP0032,2024-10,539.0,26.0,8.0,1.0,556.0
SP0033,2024-10,267.0,204.0,211.0,4.0,256.0
SP0034,2024-10,467.0,415.0,409.0,5.0,468.0
SP0035,2024-10,85.0,250.0,223.0,0.0,112.0
SP0036,2024-10,0.31,0.0,0.0,0.0,0.31
SP0037,2024-10,315.0,248.0,258.0,3.0,302.0
SP0038,2024-10,450.0,396.0,396.0,2.0,448.0
SP0039,2024-10,243.0,16.0,1.0,0.0,258.0
SP0040,2024-10,476.0,72.0,32.0,1.0,515.0
SP0041,2024-10,212.0,180.0,164.0,0.0,228.0
SP0042,2024-10,242.0,366.0,337.0,7.0,264.0
SP0043,2024-10,509.0,394.0,368.0,1.0,534.0
SP0044,2024-10,365000.0,185000.0,183000.0,0.0,367000.0
SP0045,2024-10,178.0,388.0,396.0,2.0,168.0
SP0046,2024-10,117.0,429.0,445.0,2.0,99.0
SP0047,2024-10,259.0,393.0,358.0,3.0,291.0
SP0048,2024-10,276.0,222.0,229.0,1.0,268.0
SP0049,2024-10,76.0,19.0,1.0,0.0,94.0
SP0050,2024-10,146.0,19.0,0.0,0.0,165.0
SP0051,2024-10,257.0,45.0,21.0,1.0,280.0
SP0052,2024-10,242.0,238.0,209.0,2.0,269.0
SP0053,2024-10,414.0,192.0,187.0,4.0,415.0
SP0054,2024-10,326.0,86.0,28.0,1.0,383.0
SP9508,2024-10,408.0,45.0,25.0,0.0,428.0
SP0056,2024-10,324.0,360.0,331.0,2.0,351.0
SP0057,2024-10,208.0,10.0,0.0,0.0,218.0
SP0058,2024-10,380.0,27.0,15.0,0.0,392.0
SP0059,2024-10,355.0,6.0,0.0,0.0,361.0
SP0060,2024-10,352.0,63.0,19.0,0.0,396.0
SP0061,2024-10,522.0,192.0,176.0,2.0,536.0
SP0062,2024-10,369.0,289.0,292.0,4.0,362.0
SP0063,2024-10,434.0,10.0,1.0,0.0,443.0
SP0064,2024-10,170.0,52.0,20.0,0.0,202.0
SP0065,2024-10,440.0,295.0,251.0,1.0,483.0
SP0066,2024-10,151.0,366.0,314.0,1.0,202.0
SP0067,2024-10,211.0,206.0,191.0,1.0,225.0
SP0068,2024-10,424.0,23.0,9.0,0.0,438.0
SP0069,2024-10,192.0,15.0,0.0,0.0,207.0
SP0070,2024-10,137.0,272.0,245.0,4.0,160.0
SP0071,2024-10,485.0,375.0,338.0,2.0,520.0
SP0072,2024-10,346.0,234.0,214.0,1.0,365.0
SP0073,2024-10,197.0,1.0,0.0,0.0,198.0
SP0074,2024-10,400.0,27.0,9.0,0.0,418.0
SP0075,2024-10,284.0,62.0,23.0,0.0,323.0
SP0076,2024-10,145000.0,185000.0,182000.0,1000.0,147000.0
SP0077,2024-10,168.0,362.0,357.0,7.0,166.0
SP0078,2024-10,0.42,0.22,0.18,0.0,0.45
SP0079,2024-10,328.0,406.0,410.0,2.0,322.0
SP0080,2024-10,0.32,0.05,0.02,0.0,0.35
SP0081,2024-10,456.0,47.0,24.0,0.0,479.0
SP0082,2024-10,200.0,6.0,0.0,0.0,206.0
SP0083,2024-10,321.0,12.0,1.0,0.0,332.0
SP0084,2024-10,340.0,177.0,177.0,2.0,338.0
SP0085,2024-10,131.0,68.0,38.0,1.0,160.0
SP0086,2024-10,506.0,15.0,1.0,0.0,520.0
SP0087,2024-10,396.0,37.0,13.0,1.0,419.0
SP0088,2024-10,329000.0,273000.0,268000.0,3000.0,331000.0
SP0089,2024-10,272.0,213.0,202.0,1.0,282.0
SP0090,2024-10,317.0,214.0,219.0,0.0,312.0
SP0091,2024-10,131.0,19.0,1.0,0.0,149.0
SP0092,2024-10,451.0,377.0,392.0,2.0,434.0
SP0093,2024-10,381.0,374.0,343.0,1.0,411.0
SP0094,2024-10,460.0,72.0,40.0,1.0,491.0
SP0095,2024-10,182.0,217.0,185.0,2.0,212.0
SP0096,2024-10,476.0,227.0,198.0,1.0,504.0
SP0097,2024-10,343.0,325.0,279.0,3.0,386.0
SP0098,2024-10,414.0,40.0,21.0,0.0,433.0
SP0099,2024-10,255.0,198.0,187.0,1.0,265.0
SP0100,2024-10,175.0,78.0,23.0,0.0,230.0
SP0101,2024-10,291.0,409.0,360.0,1.0,339.0
SP0102,2024-10,266.0,34.0,13.0,0.0,287.0
SP0103,2024-10,284.0,394.0,365.0,2.0,311.0
SP0104,2024-10,261.0,289.0,247.0,1.0,302.0
SP0105,2024-10,0.49,0.06,0.02,0.0,0.53
SP0106,2024-10,261.0,246.0,212.0,3.0,292.0
SP0107,2024-10,317.0,274.0,269.0,1.0,321.0
SP0108,2024-10,68.0,283.0,244.0,3.0,104.0
SP0109,2024-10,266.0,84.0,39.0,0.0,311.0
SP0110,2024-10,240.0,374.0,324.0,3.0,287.0
SP0111,2024-10,258.0,72.0,33.0,0.0,297.0
SP0112,2024-10,340.0,219.0,204.0,1.0,354.0
SP0113,2024-10,0.18,0.26,0.24,0.0,0.19
,2024-10,239.0,183.0,169.0,2.0,251.0
SP0115,2024-10,506.0,266.0,254.0,2.0,516.0
SP0116,2024-10,158.0,292.0,256.0,1.0,193.0
SP0117,2024-10,130.0,396.0,342.0,2.0,182.0
SP0118,2024-10,251.0,300.0,301.0,3.0,247.0
SP0119,2024-10,447.0,9.0,0.0,0.0,456.0
SP0120,2024-10,296.0,233.0,204.0,2.0,323.0
SP0121,2024-10,275.0,207.0,214.0,1.0,267.0
SP0122,2024-10,402.0,85.0,38.0,1.0,448.0
SP0123,2024-10,0.2,0.37,0.37,0.0,0.2
SP0124,2024-10,455.0,312.0,305.0,6.0,456.0
SP0125,2024-10,261.0,76.0,32.0,1.0,304.0
SP0126,2024-10,0.44,0.0,0.0,0.0,0.45
SP0127,2024-10,427.0,240.0,245.0,2.0,420.0
SP0128,2024-10,167.0,13.0,1.0,0.0,179.0
SP0129,2024-10,439.0,225.0,208.0,1.0,455.0
SP0130,2024-10,342.0,194.0,178.0,3.0,355.0
,2024-10,173.0,185.0,180.0,1.0,177.0
SP0132,2024-10,76.0,6.0,0.0,0.0,82.0
SP0133,2024-10,106.0,333.0,294.0,3.0,142.0
SP0134,2024-10,164.0,318.0,274.0,2.0,206.0
SP0135,2024-10,445.0,195.0,175.0,0.0,465.0
SP0136,2024-10,239.0,413.0,433.0,0.0,219.0
SP0137,2024-10,178.0,291.0,258.0,0.0,211.0
SP0138,2024-10,181.0,376.0,344.0,1.0,212.0
SP0139,2024-10,150.0,312.0,282.0,4.0,176.0
SP0140,2024-10,170.0,428.0,391.0,1.0,206.0
SP0141,2024-10,297.0,364.0,346.0,3.0,312.0
SP0142,2024-10,433.0,268.0,263.0,0.0,438.0
SP0143,2024-10,435000.0,194000.0,183000.0,1000.0,445000.0
SP0144,2024-10,159.0,364.0,352.0,2.0,169.0
SP0145,2024-10,140000.0,57000.0,17000.0,1000.0,179000.0
SP0146,2024-10,239.0,178.0,170.0,2.0,245.0
SP0147,2024-10,218.0,57.0,21.0,1.0,253.0
SP0148,2024-10,525.0,281.0,260.0,3.0,543.0
SP9507,2024-10,489.0,346.0,327.0,0.0,508.0
SP0150,2024-10,309000.0,371000.0,361000.0,3000.0,316000.0
SP0151,2024-10,137.0,262.0,269.0,1.0,129.0
SP0152,2024-10,205.0,340.0,309.0,6.0,230.0
SP0153,2024-10,271.0,405.0,392.0,2.0,282.0
SP0154,2024-10,217.0,328.0,325.0,2.0,218.0
SP0155,2024-10,371.0,310.0,317.0,6.0,358.0
SP0156,2024-10,466.0,269.0,230.0,1.0,504.0
SP0157,2024-10,346.0,371.0,328.0,3.0,386.0
SP0158,2024-10,308.0,380.0,354.0,2.0,332.0
SP0159,2024-10,253.0,238.0,234.0,0.0,257.0
SP0160,2024-10,557.0,78.0,42.0,1.0,592.0
SP0161,2024-10,265.0,402.0,397.0,3.0,267.0
SP0162,2024-10,182.0,45.0,15.0,0.0,212.0
SP0163,2024-10,93.0,225.0,215.0,2.0,101.0
SP0164,2024-10,182.0,329.0,308.0,0.0,203.0
SP0165,2024-10,358.0,63.0,35.0,0.0,386.0
SP0166,2024-10,130.0,13.0,1.0,0.0,142.0
SP0167,2024-10,245.0,173.0,147.0,1.0,270.0
SP0168,2024-10,283.0,275.0,254.0,1.0,303.0
SP0169,2024-10,320.0,41.0,20.0,0.0,341.0
SP0170,2024-10,200.0,82.0,38.0,2.0,242.0
SP0171,2024-10,327.0,320.0,305.0,3.0,339.0
SP0172,2024-10,330.0,350.0,308.0,2.0,370.0
SP0173,2024-10,434.0,301.0,269.0,4.0,462.0
SP0174,2024-10,498.0,188.0,197.0,1.0,488.0
SP0175,2024-10,113.0,304.0,263.0,2.0,152.0
SP0176,2024-10,255.0,209.0,197.0,3.0,264.0
SP0177,2024-10,467.0,196.0,199.0,2.0,462.0
SP0178,2024-10,349.0,69.0,26.0,1.0,391.0
SP0179,2024-10,344.0,221.0,198.0,2.0,365.0
SP0180,2024-10,435.0,313.0,326.0,1.0,421.0
SP0181,2024-10,402.0,52.0,19.0,0.0,435.0
SP0182,2024-10,235.0,55.0,24.0,1.0,265.0
SP0183,2024-10,511.0,353.0,352.0,5.0,507.0
SP0184,2024-10,186.0,187.0,184.0,2.0,187.0
SP0185,2024-10,187.0,418.0,430.0,2.0,173.0
SP0186,2024-10,183.0,231.0,232.0,1.0,181.0
SP0187,2024-10,137.0,243.0,232.0,3.0,145.0
SP0188,2024-10,73.0,433.0,370.0,5.0,131.0
SP0189,2024-10,453.0,238.0,222.0,3.0,466.0
SP0190,2024-10,175.0,345.0,295.0,3.0,222.0
SP0191,2024-10,492.0,302.0,279.0,1.0,514.0
SP0192,2024-10,182.0,392.0,370.0,1.0,203.0
SP0193,2024-10,485.0,181.0,159.0,1.0,506.0
SP0194,2024-10,193.0,237.0,217.0,3.0,210.0
SP0195,2024-10,46.0,240.0,242.0,3.0,41.0
SP0196,2024-10,527.0,74.0,38.0,1.0,562.0
SP0197,2024-10,445.0,356.0,316.0,0.0,485.0
SP0198,2024-10,394.0,42.0,16.0,0.0,420.0
SP0199,2024-10,461.0,80.0,34.0,1.0,506.0
SP0200,2024-10,218.0,373.0,389.0,2.0,200.0
SP0201,2024-10,149.0,230.0,235.0,0.0,144.0
SP0202,2024-10,457.0,280.0,284.0,0.0,453.0
SP9500,2024-10,148.0,187.0,177.0,0.0,158.0
SP0204,2024-10,273.0,41.0,21.0,0.0,293.0
SP0205,2024-10,114.0,201.0,206.0,1.0,108.0
SP0206,2024-10,259.0,324.0,302.0,2.0,279.0
SP0207,2024-10,0.44,0.31,0.31,0.0,0.44
SP0208,2024-10,123.0,430.0,366.0,8.0,179.0
SP0209,2024-10,331.0,301.0,281.0,3.0,348.0
SP0210,2024-10,55000.0,346000.0,325000.0,3000.0,73000.0
SP0211,2024-10,287.0,212.0,206.0,1.0,292.0
SP0212,2024-10,215.0,10.0,0.0,0.0,225.0
SP0213,2024-10,291.0,334.0,301.0,3.0,321.0
SP0214,2024-10,173.0,316.0,269.0,3.0,217.0
SP0215,2024-10,93.0,219.0,217.0,4.0,91.0
SP0216,2024-10,319.0,265.0,246.0,5.0,333.0
SP0217,2024-10,137000.0,353000.0,311000.0,4000.0,175000.0
SP0218,2024-10,217.0,360.0,332.0,1.0,244.0
SP0219,2024-10,285.0,271.0,268.0,2.0,286.0
SP0220,2024-10,274.0,412.0,384.0,4.0,298.0
SP0001,2024-11,197.0,47.0,22.0,0.0,222.0
SP0002,2024-11,433.0,274.0,236.0,2.0,469.0
SP0003,2024-11,396.0,238.0,214.0,2.0,418.0
SP0004,2024-11,103.0,11.0,1.0,0.0,113.0
SP0005,2024-11,308.0,398.0,365.0,1.0,340.0
SP0006,2024-11,486.0,208.0,201.0,0.0,493.0
SP0007,2024-11,281.0,449.0,405.0,3.0,322.0
SP0008,2024-11,512.0,497.0,506.0,2.0,501.0
SP0009,2024-11,437.0,270.0,267.0,0.0,440.0
SP0010,2024-11,113.0,446.0,399.0,2.0,158.0
SP0011,2024-11,547.0,410.0,429.0,4.0,524.0
SP0012,2024-11,243.0,280.0,271.0,4.0,248.0
SP0013,2024-11,0.32,0.04,0.02,0.0,0.34
SP0014,2024-11,515.0,202.0,208.0,0.0,509.0
SP0015,2024-11,282.0,10.0,0.0,0.0,292.0
SP0016,2024-11,205.0,412.0,372.0,1.0,244.0
SP9509,2024-11,466000.0,415000.0,356000.0,4000.0,521000.0
SP0018,2024-11,226.0,84.0,29.0,0.0,281.0
SP0019,2024-11,447.0,475.0,472.0,7.0,443.0
SP0020,2024-11,500.0,0.0,0.0,0.0,500.0
SP0021,2024-11,439.0,221.0,221.0,1.0,438.0
SP0022,2024-11,447000.0,19000.0,0.0,0.0,466000.0
SP0023,2024-11,195.0,343.0,328.0,4.0,206.0
SP0024,2024-11,301.0,72.0,23.0,1.0,349.0
SP0025,2024-11,128.0,518.0,509.0,2.0,135.0
SP0026,2024-11,0.07,0.01,0.0,0.0,0.08
SP0027,2024-11,530.0,482.0,499.0,4.0,509.0
SP0028,2024-11,174.0,248.0,216.0,4.0,202.0
SP9506,2024-11,290.0,16.0,0.0,0.0,306.0
SP0030,2024-11,199000.0,412000.0,432000.0,2000.0,177000.0
SP0031,2024-11,289.0,332.0,296.0,1.0,324.0
SP0032,2024-11,556.0,50.0,18.0,1.0,587.0
SP0033,2024-11,0.26,0.47,0.4,0.0,0.32
SP0034,2024-11,468.0,215.0,213.0,1.0,469.0
SP0035,2024-11,112.0,496.0,453.0,1.0,154.0
SP0036,2024-11,314.0,6.0,0.0,0.0,320.0
SP0037,2024-11,302.0,465.0,447.0,3.0,317.0
SP0038,2024-11,448.0,208.0,215.0,1.0,440.0
SP0039,2024-11,258.0,4.0,0.0,0.0,262.0
SP0040,2024-11,515.0,79.0,38.0,2.0,554.0
SP0041,2024-11,228.0,429.0,405.0,2.0,250.0
SP0042,2024-11,264.0,286.0,251.0,4.0,295.0
SP9509,2024-11,534.0,291.0,302.0,1.0,522.0
SP0044,2024-11,367.0,254.0,220.0,1.0,400.0
SP0045,2024-11,168.0,313.0,267.0,1.0,213.0
SP0046,2024-11,99.0,389.0,345.0,3.0,140.0
SP0047,2024-11,291.0,267.0,265.0,4.0,289.0
SP0048,2024-11,268.0,519.0,521.0,3.0,263.0
SP0049,2024-11,94.0,17.0,0.0,0.0,111.0
SP0050,2024-11,165.0,12.0,1.0,0.0,176.0
SP0051,2024-11,280.0,66.0,33.0,1.0,312.0
SP0052,2024-11,269.0,366.0,357.0,2.0,276.0
SP0053,2024-11,0.42,0.45,0.44,0.0,0.42
SP0054,2024-11,383.0,80.0,37.0,1.0,425.0
SP0055,2024-11,428.0,77.0,37.0,1.0,467.0
SP0056,2024-11,351.0,352.0,355.0,2.0,346.0
SP0057,2024-11,218.0,9.0,0.0,0.0,227.0
SP0058,2024-11,392.0,51.0,27.0,0.0,416.0
SP0059,2024-11,361.0,19.0,1.0,0.0,379.0
SP0060,2024-11,396000.0,41000.0,18000.0,0.0,419000.0
SP0061,2024-11,536.0,357.0,360.0,5.0,528.0
SP0062,2024-11,362.0,245.0,215.0,3.0,389.0
SP0063,2024-11,443.0,3.0,0.0,0.0,446.0
SP0064,2024-11,202.0,73.0,36.0,1.0,238.0
SP0065,2024-11,483.0,444.0,430.0,2.0,495.0
SP0066,2024-11,202.0,350.0,302.0,0.0,250.0
SP0067,2024-11,225.0,390.0,394.0,4.0,217.0
SP0068,2024-11,438.0,77.0,46.0,1.0,468.0
SP0069,2024-11,207.0,16.0,1.0,0.0,222.0
SP0070,2024-11,160.0,300.0,306.0,2.0,152.0
SP0071,2024-11,520.0,436.0,416.0,0.0,540.0
SP0072,2024-11,365.0,393.0,345.0,2.0,411.0
SP0073,2024-11,198.0,13.0,0.0,0.0,211.0
SP0074,2024-11,418.0,46.0,23.0,0.0,441.0
SP0075,2024-11,323.0,53.0,18.0,0.0,358.0
SP0076,2024-11,147.0,233.0,215.0,1.0,164.0
SP0077,2024-11,166.0,374.0,320.0,2.0,218.0
SP0078,2024-11,454.0,243.0,207.0,2.0,488.0
SP0079,2024-11,322.0,325.0,281.0,2.0,364.0
SP0080,2024-11,353.0,57.0,24.0,1.0,385.0
SP0081,2024-11,479.0,47.0,21.0,0.0,505.0
SP0082,2024-11,206.0,13.0,1.0,0.0,218.0
SP0083,2024-11,332.0,3.0,0.0,0.0,335.0
SP0084,2024-11,338.0,215.0,196.0,3.0,354.0
SP0085,2024-11,160.0,34.0,16.0,0.0,178.0
SP0086,2024-11,520.0,6.0,0.0,0.0,526.0
SP0087,2024-11,419000.0,43000.0,22000.0,1000.0,439000.0
SP0088,2024-11,331.0,390.0,342.0,3.0,376.0
SP0089,2024-11,282.0,502.0,521.0,4.0,259.0
SP0090,2024-11,312.0,407.0,350.0,0.0,369.0
SP0091,2024-11,149.0,4.0,0.0,0.0,153.0
SP0092,2024-11,434.0,439.0,425.0,2.0,446.0
SP0093,2024-11,411000.0,337000.0,290000.0,1000.0,457000.0
SP0094,2024-11,491.0,53.0,27.0,1.0,516.0
SP0095,2024-11,212.0,473.0,402.0,9.0,274.0
SP0096,2024-11,504.0,232.0,211.0,1.0,524.0
SP0097,2024-11,386.0,477.0,406.0,7.0,450.0
SP0098,2024-11,433.0,97.0,36.0,1.0,493.0
SP0099,2024-11,265.0,226.0,226.0,3.0,262.0
SP0100,2024-11,230.0,40.0,22.0,0.0,248.0
SP0101,2024-11,339.0,474.0,478.0,2.0,333.0
SP0102,2024-11,287.0,41.0,14.0,0.0,314.0
SP0103,2024-11,311.0,474.0,467.0,2.0,316.0
SP0104,2024-11,302.0,478.0,421.0,2.0,357.0
SP0105,2024-11,532.0,33.0,17.0,0.0,548.0
SP0106,2024-11,292.0,273.0,235.0,3.0,327.0
SP0107,2024-11,321.0,285.0,289.0,1.0,316.0
SP0108,2024-11,104.0,465.0,485.0,6.0,78.0
SP0109,2024-11,311.0,80.0,27.0,0.0,364.0
SP0110,2024-11,287.0,397.0,351.0,3.0,330.0
SP0111,2024-11,297.0,45.0,21.0,0.0,321.0
SP0112,2024-11,354.0,258.0,255.0,2.0,355.0
SP0113,2024-11,191.0,349.0,337.0,3.0,200.0
SP0114,2024-11,251.0,368.0,370.0,3.0,246.0
SP0115,2024-11,516.0,459.0,467.0,4.0,504.0
SP0116,2024-11,193.0,314.0,316.0,1.0,190.0
SP0117,2024-11,182.0,254.0,259.0,2.0,175.0
SP0118,2024-11,247.0,335.0,288.0,1.0,293.0
SP0119,2024-11,456.0,15.0,0.0,0.0,471.0
SP0120,2024-11,323.0,265.0,231.0,2.0,355.0
SP0121,2024-11,267.0,424.0,417.0,6.0,268.0
SP0122,2024-11,448.0,69.0,39.0,1.0,477.0
SP0123,2024-11,197.0,220.0,224.0,3.0,190.0
SP0124,2024-11,456.0,479.0,477.0,9.0,449.0
SP0125,2024-11,304.0,51.0,28.0,1.0,326.0
SP0126,2024-11,446.0,9.0,0.0,0.0,455.0
SP0127,2024-11,420.0,511.0,481.0,5.0,445.0
SP0128,2024-11,179.0,18.0,0.0,0.0,197.0
SP0129,2024-11,455.0,422.0,388.0,4.0,485.0
SP0130,2024-11,355.0,472.0,408.0,4.0,415.0
SP0131,2024-11,177.0,222.0,212.0,2.0,185.0
SP0132,2024-11,82.0,17.0,2.0,0.0,97.0
SP0133,2024-11,142.0,424.0,416.0,4.0,146.0
SP0134,2024-11,0.21,0.34,0.34,0.0,0.2
SP0135,2024-11,465.0,459.0,417.0,1.0,506.0
SP0136,2024-11,219.0,489.0,467.0,2.0,239.0
SP0137,2024-11,211.0,475.0,463.0,1.0,222.0
SP0138,2024-11,212.0,214.0,195.0,1.0,230.0
SP0139,2024-11,176.0,436.0,420.0,8.0,184.0
SP0140,2024-11,206000.0,303000.0,288000.0,4000.0,217000.0
SP0141,2024-11,312.0,264.0,253.0,2.0,321.0
SP0142,2024-11,438.0,389.0,347.0,1.0,479.0
SP0143,2024-11,445.0,277.0,287.0,1.0,434.0
SP0144,2024-11,169.0,303.0,271.0,2.0,199.0
SP0145,2024-11,179.0,70.0,38.0,1.0,210.0
SP0146,2024-11,245.0,236.0,212.0,1.0,268.0
SP0147,2024-11,253.0,77.0,25.0,1.0,304.0
SP0148,2024-11,543.0,485.0,460.0,4.0,564.0
SP0149,2024-11,508.0,459.0,474.0,1.0,492.0
SP0150,2024-11,0.32,0.35,0.34,0.01,0.32
SP0151,2024-11,129.0,356.0,318.0,2.0,165.0
SP0152,2024-11,230.0,382.0,397.0,2.0,213.0
SP0153,2024-11,282.0,375.0,366.0,3.0,288.0
SP0154,2024-11,218.0,301.0,306.0,2.0,211.0
SP0155,2024-11,358.0,328.0,291.0,3.0,392.0
SP0156,2024-11,504.0,513.0,481.0,6.0,530.0
SP0157,2024-11,386.0,318.0,285.0,6.0,413.0
SP0158,2024-11,332.0,372.0,373.0,5.0,326.0
SP0159,2024-11,257.0,224.0,215.0,0.0,266.0
SP0160,2024-11,592.0,35.0,11.0,0.0,616.0
SP0161,2024-11,267.0,478.0,474.0,2.0,269.0
SP0162,2024-11,212.0,49.0,14.0,0.0,247.0
SP0163,2024-11,101.0,370.0,346.0,5.0,120.0
SP0164,2024-11,203.0,267.0,246.0,1.0,223.0
SP0165,2024-11,386.0,60.0,25.0,1.0,420.0
SP0166,2024-11,142.0,19.0,0.0,0.0,161.0
SP0167,2024-11,270.0,492.0,435.0,3.0,324.0
SP0168,2024-11,303.0,453.0,385.0,4.0,367.0
SP0169,2024-11,341.0,47.0,23.0,0.0,365.0
SP0170,2024-11,242.0,40.0,21.0,1.0,260.0
SP0171,2024-11,339.0,390.0,361.0,4.0,364.0
SP0172,2024-11,370.0,460.0,395.0,0.0,435.0
SP0173,2024-11,462.0,337.0,335.0,2.0,462.0
SP0174,2024-11,488.0,196.0,172.0,1.0,511.0
SP0175,2024-11,152.0,370.0,345.0,2.0,175.0
SP0176,2024-11,264.0,209.0,186.0,3.0,284.0
SP0177,2024-11,462.0,319.0,275.0,2.0,504.0
SP0178,2024-11,391.0,65.0,27.0,1.0,428.0
SP0179,2024-11,365.0,514.0,441.0,4.0,434.0
SP9504,2024-11,421.0,233.0,222.0,1.0,431.0
SP0181,2024-11,435.0,88.0,36.0,0.0,487.0
SP0182,2024-11,265.0,45.0,18.0,1.0,291.0
SP0183,2024-11,507.0,396.0,388.0,4.0,511.0
SP0184,2024-11,187.0,335.0,332.0,3.0,187.0
SP0185,2024-11,173.0,320.0,335.0,2.0,156.0
SP0186,2024-11,181.0,516.0,522.0,1.0,174.0
SP0187,2024-11,145.0,324.0,338.0,3.0,128.0
SP0188,2024-11,131.0,234.0,200.0,3.0,162.0
SP0189,2024-11,466.0,497.0,445.0,4.0,514.0
SP0190,2024-11,222000.0,453000.0,452000.0,3000.0,220000.0
SP0191,2024-11,514.0,461.0,409.0,1.0,565.0
SP0192,2024-11,203.0,218.0,191.0,1.0,229.0
SP0193,2024-11,506.0,443.0,400.0,6.0,543.0
SP0194,2024-11,210.0,272.0,275.0,3.0,204.0
SP0195,2024-11,41.0,319.0,281.0,5.0,74.0
SP0196,2024-11,0.56,0.09,0.05,0.0,0.6
SP0197,2024-11,485.0,371.0,334.0,1.0,521.0
SP0198,2024-11,420.0,46.0,26.0,0.0,440.0
SP0199,2024-11,506.0,58.0,25.0,1.0,538.0
SP0200,2024-11,200.0,289.0,247.0,1.0,241.0
SP0201,2024-11,144.0,296.0,289.0,1.0,150.0
SP0202,2024-11,453.0,320.0,279.0,1.0,493.0
SP0203,2024-11,158.0,475.0,417.0,2.0,214.0
SP0204,2024-11,293.0,100.0,40.0,0.0,353.0
SP0205,2024-11,108.0,214.0,221.0,1.0,100.0
,2024-11,279.0,329.0,288.0,3.0,317.0
SP0207,2024-11,441.0,259.0,220.0,1.0,479.0
SP0208,2024-11,179.0,373.0,374.0,7.0,171.0
SP0209,2024-11,348.0,304.0,276.0,4.0,372.0
SP0210,2024-11,73.0,260.0,260.0,1.0,72.0
SP0211,2024-11,292.0,208.0,212.0,2.0,286.0
SP0212,2024-11,225.0,15.0,1.0,0.0,239.0
SP0213,2024-11,321.0,499.0,466.0,5.0,349.0
SP0214,2024-11,217000.0,513000.0,517000.0,3000.0,210000.0
SP0215,2024-11,91.0,396.0,362.0,5.0,120.0
SP0216,2024-11,333.0,300.0,311.0,4.0,318.0
SP0217,2024-11,175.0,251.0,230.0,3.0,193.0
SP0218,2024-11,244.0,229.0,215.0,1.0,257.0
SP0219,2024-11,286.0,321.0,311.0,6.0,290.0
SP0220,2024-11,298.0,198.0,175.0,2.0,319.0
SP0001,2024-12,222.0,62.0,19.0,0.0,265.0
SP0002,2024-12,469.0,314.0,272.0,2.0,509.0
SP0003,2024-12,418.0,586.0,596.0,3.0,405.0
SP0004,2024-12,113.0,5.0,0.0,0.0,118.0
SP0005,2024-12,340.0,578.0,565.0,5.0,348.0
SP0006,2024-12,493.0,284.0,286.0,0.0,491.0
SP0007,2024-12,322.0,532.0,505.0,6.0,343.0
SP0008,2024-12,501000.0,333000.0,310000.0,1000.0,523000.0
SP0009,2024-12,440.0,567.0,532.0,2.0,473.0
SP0010,2024-12,158.0,315.0,275.0,1.0,197.0
SP0011,2024-12,524.0,348.0,343.0,3.0,526.0
SP0012,2024-12,248.0,539.0,534.0,7.0,246.0
SP0013,2024-12,336.0,112.0,61.0,1.0,386.0
SP0014,2024-12,509.0,407.0,375.0,1.0,540.0
SP0015,2024-12,292000.0,4000.0,0.0,0.0,296000.0
SP0016,2024-12,244.0,513.0,463.0,1.0,293.0
SP0017,2024-12,521.0,600.0,597.0,2.0,522.0
SP0018,2024-12,281.0,116.0,65.0,0.0,332.0
SP0019,2024-12,443.0,442.0,385.0,3.0,497.0
SP0020,2024-12,500.0,0.0,0.0,0.0,500.0
SP0021,2024-12,438.0,448.0,448.0,3.0,435.0
SP0022,2024-12,0.47,0.0,0.0,0.0,0.47
SP0023,2024-12,206.0,404.0,420.0,2.0,188.0
SP0024,2024-12,349.0,64.0,34.0,1.0,378.0
SP0025,2024-12,135.0,477.0,458.0,2.0,152.0
SP0026,2024-12,80.0,2.0,0.0,0.0,82.0
SP0027,2024-12,509.0,577.0,547.0,6.0,533.0
SP0028,2024-12,202.0,287.0,252.0,2.0,235.0
SP0029,2024-12,306.0,10.0,1.0,0.0,315.0
SP0030,2024-12,177.0,495.0,450.0,1.0,221.0
SP0031,2024-12,324.0,619.0,531.0,4.0,408.0
,2024-12,587.0,121.0,60.0,1.0,647.0
SP0033,2024-12,318.0,403.0,380.0,6.0,335.0
SP0034,2024-12,469000.0,253000.0,223000.0,3000.0,496000.0
SP0035,2024-12,154.0,322.0,306.0,1.0,169.0
SP0036,2024-12,320.0,14.0,1.0,0.0,333.0
SP0037,2024-12,317.0,459.0,466.0,2.0,308.0
,2024-12,440.0,268.0,274.0,0.0,434.0
SP0039,2024-12,262.0,5.0,0.0,0.0,267.0
SP0040,2024-12,0.55,0.11,0.03,0.0,0.63
SP0041,2024-12,250.0,615.0,631.0,0.0,234.0
SP0042,2024-12,295.0,565.0,536.0,9.0,315.0
SP0043,2024-12,522.0,353.0,328.0,1.0,546.0
SP0044,2024-12,400000.0,345000.0,302000.0,0.0,443000.0
SP0045,2024-12,0.21,0.54,0.53,0.0,0.22
SP0046,2024-12,140.0,558.0,496.0,5.0,197.0
SP0047,2024-12,289.0,421.0,366.0,8.0,336.0
SP0048,2024-12,263.0,592.0,587.0,2.0,266.0
SP0049,2024-12,111.0,7.0,0.0,0.0,118.0
SP0050,2024-12,176.0,4.0,0.0,0.0,180.0
SP0051,2024-12,312.0,76.0,31.0,1.0,356.0
SP0052,2024-12,276.0,481.0,411.0,3.0,343.0
SP0053,2024-12,424.0,358.0,374.0,3.0,405.0
SP0054,2024-12,425.0,106.0,58.0,2.0,471.0
SP0055,2024-12,467.0,39.0,21.0,1.0,484.0
SP0056,2024-12,346.0,534.0,478.0,2.0,400.0
SP0057,2024-12,227.0,19.0,0.0,0.0,246.0
SP0058,2024-12,416.0,62.0,33.0,0.0,445.0
SP0059,2024-12,379000.0,5000.0,0.0,0.0,384000.0
SP0060,2024-12,419.0,60.0,32.0,0.0,447.0
SP0061,2024-12,528.0,505.0,520.0,3.0,510.0
SP0062,2024-12,389.0,260.0,240.0,5.0,404.0
SP0063,2024-12,446.0,18.0,1.0,0.0,463.0
SP0064,2024-12,238.0,100.0,38.0,1.0,299.0
SP0065,2024-12,495.0,253.0,254.0,1.0,493.0
SP0066,2024-12,250.0,540.0,486.0,2.0,302.0
SP0067,2024-12,217.0,275.0,255.0,2.0,235.0
SP0068,2024-12,468.0,74.0,32.0,0.0,510.0
SP0069,2024-12,0.22,0.02,0.0,0.0,0.24
SP9502,2024-12,152.0,276.0,245.0,4.0,179.0
SP0071,2024-12,540.0,467.0,410.0,0.0,597.0
SP0072,2024-12,411.0,603.0,572.0,3.0,439.0
SP0073,2024-12,211.0,18.0,0.0,0.0,229.0
SP0074,2024-12,441.0,69.0,29.0,0.0,481.0
SP0075,2024-12,358.0,38.0,11.0,1.0,384.0
SP0076,2024-12,164.0,521.0,523.0,2.0,160.0
SP0077,2024-12,218.0,522.0,532.0,5.0,203.0
SP0078,2024-12,488.0,312.0,324.0,4.0,472.0
SP0079,2024-12,364.0,462.0,425.0,1.0,400.0
SP0080,2024-12,385.0,89.0,50.0,1.0,423.0
SP0081,2024-12,505.0,64.0,27.0,0.0,542.0
SP0082,2024-12,218.0,0.0,0.0,0.0,218.0
SP9506,2024-12,335.0,15.0,0.0,0.0,350.0
SP0084,2024-12,354000.0,505000.0,523000.0,10000.0,326000.0
SP0085,2024-12,178.0,36.0,13.0,0.0,201.0
SP0086,2024-12,526.0,15.0,0.0,0.0,541.0
SP0087,2024-12,439.0,45.0,17.0,1.0,466.0
SP0088,2024-12,376.0,395.0,401.0,4.0,366.0
SP0089,2024-12,259.0,364.0,319.0,3.0,301.0
SP0090,2024-12,369.0,307.0,321.0,1.0,354.0
SP0091,2024-12,153.0,16.0,1.0,0.0,168.0
SP0092,2024-12,446.0,367.0,379.0,1.0,433.0
SP0093,2024-12,457.0,455.0,455.0,0.0,457.0
SP9507,2024-12,516.0,66.0,36.0,1.0,545.0
SP0095,2024-12,274.0,601.0,590.0,6.0,279.0
SP0096,2024-12,524.0,272.0,256.0,1.0,539.0
SP0097,2024-12,450.0,336.0,321.0,3.0,462.0
SP0098,2024-12,493.0,67.0,39.0,0.0,521.0
SP0099,2024-12,262.0,492.0,480.0,4.0,270.0
SP0100,2024-12,248.0,40.0,15.0,0.0,273.0
SP0101,2024-12,333.0,253.0,244.0,0.0,342.0
SP0102,2024-12,314.0,112.0,60.0,1.0,365.0
SP0103,2024-12,316.0,529.0,496.0,7.0,342.0
SP0104,2024-12,357.0,564.0,553.0,2.0,366.0
SP0105,2024-12,548.0,48.0,17.0,0.0,579.0
SP0106,2024-12,327000.0,368000.0,327000.0,4000.0,364000.0
SP0107,2024-12,316.0,494.0,496.0,1.0,313.0
SP0108,2024-12,78.0,524.0,473.0,5.0,124.0
SP0109,2024-12,364.0,103.0,39.0,0.0,428.0
SP0110,2024-12,330.0,546.0,471.0,5.0,400.0
SP0111,2024-12,321.0,39.0,11.0,0.0,349.0
,2024-12,355.0,421.0,375.0,3.0,398.0
SP0113,2024-12,200.0,540.0,498.0,3.0,239.0
SP0114,2024-12,0.25,0.61,0.55,0.0,0.31
SP0115,2024-12,504.0,275.0,284.0,2.0,493.0
SP0116,2024-12,190.0,308.0,308.0,0.0,190.0
SP0117,2024-12,175.0,560.0,556.0,1.0,178.0
SP0118,2024-12,293.0,350.0,354.0,4.0,285.0
SP0119,2024-12,471.0,9.0,1.0,0.0,479.0
SP0120,2024-12,355.0,590.0,527.0,6.0,412.0
SP0121,2024-12,268.0,253.0,260.0,2.0,259.0
SP0122,2024-12,477.0,46.0,26.0,0.0,497.0
SP0123,2024-12,190.0,510.0,456.0,6.0,238.0
SP0124,2024-12,449.0,594.0,620.0,4.0,419.0
SP0125,2024-12,326.0,82.0,47.0,1.0,360.0
SP0126,2024-12,0.46,0.0,0.0,0.0,0.46
SP0127,2024-12,445.0,490.0,417.0,3.0,515.0
SP0128,2024-12,197.0,11.0,1.0,0.0,207.0
SP0129,2024-12,485.0,384.0,350.0,5.0,514.0
SP0130,2024-12,415000.0,402000.0,374000.0,5000.0,438000.0
SP0131,2024-12,185.0,387.0,340.0,2.0,230.0
SP0132,2024-12,97.0,10.0,0.0,0.0,107.0
,2024-12,146.0,466.0,424.0,1.0,187.0
SP0134,2024-12,199.0,555.0,533.0,6.0,215.0
SP0135,2024-12,506.0,570.0,548.0,2.0,526.0
SP0136,2024-12,239.0,401.0,379.0,2.0,259.0
SP0137,2024-12,222000.0,510000.0,492000.0,2000.0,238000.0
SP0138,2024-12,230.0,558.0,509.0,5.0,274.0
SP0139,2024-12,184.0,505.0,486.0,9.0,194.0
SP0140,2024-12,217000.0,320000.0,324000.0,4000.0,209000.0
SP0141,2024-12,321.0,460.0,416.0,5.0,360.0
SP0142,2024-12,479.0,368.0,315.0,0.0,532.0
SP0143,2024-12,434.0,559.0,506.0,4.0,483.0
SP0144,2024-12,199.0,491.0,455.0,2.0,233.0
SP0145,2024-12,210.0,76.0,37.0,1.0,248.0
SP0146,2024-12,268.0,402.0,385.0,7.0,278.0
SP0147,2024-12,304.0,94.0,31.0,1.0,366.0
SP0148,2024-12,564.0,242.0,243.0,1.0,562.0
SP0149,2024-12,492.0,331.0,341.0,1.0,481.0
SP0150,2024-12,321.0,360.0,373.0,6.0,302.0
SP0151,2024-12,165.0,321.0,324.0,4.0,158.0
SP0152,2024-12,213.0,444.0,413.0,5.0,239.0
SP0153,2024-12,288.0,481.0,443.0,6.0,320.0
SP0154,2024-12,211.0,453.0,451.0,4.0,209.0
SP0155,2024-12,392.0,454.0,452.0,3.0,391.0
SP0156,2024-12,530.0,493.0,472.0,7.0,544.0
SP0157,2024-12,413.0,511.0,526.0,9.0,389.0
SP0158,2024-12,326.0,541.0,476.0,4.0,387.0
SP0159,2024-12,266.0,277.0,271.0,0.0,272.0
SP0160,2024-12,616.0,102.0,55.0,1.0,662.0
SP0161,2024-12,269.0,381.0,330.0,3.0,317.0
SP0162,2024-12,247.0,76.0,39.0,1.0,283.0
SP0163,2024-12,120.0,496.0,486.0,4.0,126.0
SP9502,2024-12,223.0,575.0,577.0,1.0,220.0
SP0165,2024-12,420.0,43.0,14.0,0.0,449.0
SP0166,2024-12,161.0,1.0,0.0,0.0,162.0
SP0167,2024-12,0.32,0.37,0.36,0.0,0.33
SP0168,2024-12,367.0,566.0,483.0,4.0,446.0
SP0169,2024-12,365.0,53.0,23.0,0.0,395.0
SP0170,2024-12,260.0,91.0,44.0,2.0,305.0
SP0171,2024-12,364.0,290.0,269.0,3.0,382.0
SP0172,2024-12,435.0,498.0,443.0,2.0,488.0
SP0173,2024-12,462.0,351.0,333.0,1.0,479.0
SP9506,2024-12,511.0,241.0,206.0,1.0,545.0
SP0175,2024-12,175.0,336.0,296.0,2.0,213.0
SP0176,2024-12,284.0,571.0,495.0,7.0,353.0
SP0177,2024-12,504.0,339.0,343.0,6.0,494.0
SP0178,2024-12,428000.0,85000.0,37000.0,1000.0,475000.0
SP0179,2024-12,434.0,279.0,286.0,2.0,425.0
SP0180,2024-12,431.0,554.0,499.0,2.0,484.0
SP0181,2024-12,487.0,115.0,49.0,0.0,553.0
SP0182,2024-12,291.0,60.0,22.0,1.0,328.0
SP0183,2024-12,511.0,469.0,430.0,3.0,547.0
SP0184,2024-12,187000.0,616000.0,640000.0,9000.0,154000.0
,2024-12,156.0,513.0,496.0,3.0,170.0
SP0186,2024-12,174.0,578.0,584.0,1.0,167.0
SP0187,2024-12,128.0,580.0,606.0,4.0,98.0
SP0188,2024-12,162.0,359.0,373.0,6.0,142.0
SP0189,2024-12,0.51,0.34,0.32,0.0,0.53
SP0190,2024-12,220.0,455.0,394.0,2.0,279.0
SP0191,2024-12,565.0,446.0,413.0,2.0,596.0
SP0192,2024-12,229.0,411.0,414.0,2.0,224.0
SP0193,2024-12,543.0,294.0,278.0,4.0,555.0
SP0194,2024-12,204.0,271.0,256.0,5.0,214.0
SP0195,2024-12,74.0,398.0,413.0,4.0,55.0
SP0196,2024-12,600.0,102.0,33.0,1.0,668.0
SP0197,2024-12,521.0,456.0,408.0,2.0,567.0
,2024-12,440.0,120.0,61.0,0.0,499.0
SP0199,2024-12,538.0,63.0,28.0,0.0,573.0
SP0200,2024-12,0.24,0.53,0.46,0.0,0.31
SP0201,2024-12,150000.0,278000.0,276000.0,1000.0,151000.0
SP0202,2024-12,0.49,0.59,0.53,0.0,0.55
SP9502,2024-12,214.0,272.0,283.0,0.0,203.0
SP0204,2024-12,353.0,104.0,57.0,0.0,400.0
SP0205,2024-12,100.0,523.0,457.0,0.0,166.0
SP0206,2024-12,317.0,331.0,316.0,2.0,330.0
SP0207,2024-12,479000.0,271000.0,258000.0,2000.0,490000.0
SP0208,2024-12,171.0,362.0,324.0,6.0,203.0
SP0209,2024-12,372.0,391.0,362.0,6.0,395.0
SP0210,2024-12,72.0,338.0,323.0,3.0,84.0
SP0211,2024-12,286.0,261.0,268.0,2.0,277.0
SP0212,2024-12,239.0,14.0,1.0,0.0,252.0
SP0213,2024-12,349000.0,282000.0,289000.0,1000.0,341000.0
SP0214,2024-12,210.0,238.0,204.0,1.0,243.0
SP9507,2024-12,120.0,407.0,412.0,6.0,109.0
SP0216,2024-12,318000.0,286000.0,293000.0,5000.0,306000.0
SP0217,2024-12,193.0,514.0,476.0,3.0,228.0
SP0218,2024-12,257.0,407.0,375.0,5.0,284.0
SP0219,2024-12,290.0,558.0,534.0,6.0,308.0
SP0220,2024-12,319.0,276.0,250.0,2.0,343.0
SP0001,2025-01,265.0,65.0,34.0,1.0,295.0
SP0002,2025-01,509.0,524.0,518.0,4.0,511.0
SP0003,2025-01,405.0,429.0,429.0,1.0,404.0
SP0004,2025-01,118.0,3.0,0.0,0.0,121.0
SP0005,2025-01,348.0,242.0,230.0,3.0,357.0
SP0006,2025-01,491.0,212.0,185.0,0.0,518.0
SP0007,2025-01,343.0,514.0,444.0,2.0,411.0
SP0008,2025-01,523.0,313.0,328.0,0.0,508.0
SP0009,2025-01,473.0,355.0,334.0,0.0,494.0
SP0010,2025-01,197.0,458.0,472.0,1.0,182.0
SP0011,2025-01,526.0,281.0,262.0,1.0,544.0
SP0012,2025-01,246.0,342.0,291.0,5.0,292.0
SP0013,2025-01,386.0,58.0,18.0,1.0,425.0
SP0014,2025-01,540.0,520.0,544.0,0.0,516.0
SP0015,2025-01,296.0,8.0,1.0,0.0,303.0
SP0016,2025-01,293.0,279.0,262.0,1.0,309.0
,2025-01,522.0,494.0,517.0,3.0,496.0
SP0018,2025-01,332.0,29.0,14.0,0.0,347.0
SP9506,2025-01,497.0,216.0,183.0,1.0,529.0
SP0020,2025-01,500.0,2.0,0.0,0.0,502.0
SP0021,2025-01,435.0,386.0,391.0,1.0,429.0
SP0022,2025-01,468.0,17.0,0.0,0.0,485.0
SP0023,2025-01,188.0,311.0,300.0,4.0,195.0
SP0024,2025-01,378.0,36.0,11.0,0.0,403.0
SP0025,2025-01,152.0,398.0,360.0,1.0,189.0
SP0026,2025-01,82.0,4.0,0.0,0.0,86.0
SP0027,2025-01,533.0,496.0,446.0,7.0,576.0
SP0028,2025-01,235.0,353.0,330.0,2.0,256.0
SP0029,2025-01,315.0,6.0,0.0,0.0,321.0
SP0030,2025-01,221.0,256.0,261.0,0.0,216.0
SP0031,2025-01,408.0,247.0,231.0,2.0,422.0
SP0032,2025-01,647.0,76.0,36.0,1.0,686.0
SP0033,2025-01,335.0,456.0,398.0,9.0,384.0
SP0034,2025-01,496.0,479.0,417.0,3.0,555.0
SP0035,2025-01,169000.0,477000.0,425000.0,2000.0,219000.0
SP0036,2025-01,333.0,0.0,0.0,0.0,333.0
SP0037,2025-01,308.0,398.0,381.0,3.0,322.0
SP0038,2025-01,434.0,320.0,296.0,1.0,457.0
SP0039,2025-01,267.0,10.0,0.0,0.0,277.0
SP0040,2025-01,627.0,27.0,15.0,0.0,639.0
SP0041,2025-01,234.0,204.0,201.0,0.0,237.0
SP0042,2025-01,315.0,272.0,238.0,5.0,344.0
SP0043,2025-01,546.0,344.0,323.0,0.0,567.0
SP0044,2025-01,443.0,468.0,420.0,1.0,490.0
SP0045,2025-01,219000.0,353000.0,328000.0,3000.0,241000.0
SP0046,2025-01,197.0,268.0,280.0,1.0,184.0
SP0047,2025-01,336.0,493.0,496.0,6.0,327.0
SP0048,2025-01,266.0,340.0,304.0,1.0,301.0
SP0049,2025-01,118.0,11.0,0.0,0.0,129.0
SP0050,2025-01,180.0,7.0,0.0,0.0,187.0
SP0051,2025-01,356.0,85.0,36.0,1.0,404.0
SP0052,2025-01,343.0,239.0,232.0,1.0,349.0
SP0053,2025-01,405000.0,303000.0,262000.0,4000.0,442000.0
SP0054,2025-01,471000.0,63000.0,25000.0,1000.0,508000.0
SP0055,2025-01,484.0,53.0,29.0,0.0,508.0
SP0056,2025-01,400000.0,394000.0,377000.0,4000.0,413000.0
SP0057,2025-01,246.0,10.0,0.0,0.0,256.0
SP0058,2025-01,445.0,69.0,29.0,0.0,485.0
SP0059,2025-01,384.0,17.0,0.0,0.0,401.0
SP9506,2025-01,447.0,85.0,42.0,0.0,490.0
SP0061,2025-01,510.0,293.0,269.0,3.0,531.0
SP0062,2025-01,404.0,495.0,461.0,5.0,433.0
SP0063,2025-01,463.0,1.0,0.0,0.0,464.0
SP0064,2025-01,299.0,100.0,30.0,1.0,368.0
SP0065,2025-01,493.0,480.0,487.0,2.0,484.0
SP0066,2025-01,302.0,321.0,317.0,1.0,305.0
SP0067,2025-01,235.0,461.0,469.0,3.0,224.0
SP0068,2025-01,510000.0,64000.0,21000.0,0.0,553000.0
SP0069,2025-01,237.0,18.0,0.0,0.0,255.0
SP0070,2025-01,179.0,268.0,252.0,2.0,193.0
SP0071,2025-01,597.0,314.0,279.0,1.0,631.0
SP0072,2025-01,439.0,505.0,511.0,2.0,431.0
SP9507,2025-01,229.0,17.0,2.0,0.0,244.0
SP0074,2025-01,481.0,90.0,42.0,0.0,529.0
SP0075,2025-01,384.0,65.0,30.0,1.0,418.0
SP0076,2025-01,160.0,276.0,274.0,2.0,160.0
SP0077,2025-01,203.0,347.0,296.0,6.0,248.0
SP0078,2025-01,472.0,393.0,343.0,2.0,520.0
SP0079,2025-01,400.0,470.0,473.0,1.0,396.0
SP0080,2025-01,0.42,0.07,0.04,0.0,0.45
SP0081,2025-01,542.0,35.0,11.0,0.0,566.0
SP0082,2025-01,0.22,0.0,0.0,0.0,0.22
SP0083,2025-01,350.0,0.0,0.0,0.0,350.0
SP0084,2025-01,326.0,245.0,208.0,3.0,360.0
SP0085,2025-01,201.0,42.0,18.0,1.0,224.0
SP0086,2025-01,541.0,18.0,1.0,0.0,558.0
SP0087,2025-01,466.0,101.0,51.0,1.0,515.0
,2025-01,366.0,457.0,433.0,5.0,385.0
SP0089,2025-01,0.3,0.5,0.46,0.0,0.34
SP0090,2025-01,354.0,371.0,376.0,1.0,348.0
SP0091,2025-01,168.0,11.0,0.0,0.0,179.0
SP0092,2025-01,433.0,204.0,179.0,2.0,456.0
SP0093,2025-01,457.0,293.0,299.0,0.0,451.0
SP0094,2025-01,545.0,96.0,48.0,1.0,592.0
SP0095,2025-01,279.0,409.0,403.0,7.0,278.0
SP0096,2025-01,539.0,360.0,372.0,2.0,525.0
SP0097,2025-01,462000.0,310000.0,281000.0,4000.0,487000.0
SP0098,2025-01,521.0,105.0,31.0,1.0,594.0
SP0099,2025-01,270.0,353.0,352.0,3.0,268.0
SP0100,2025-01,273.0,77.0,32.0,1.0,317.0
SP0101,2025-01,342.0,468.0,464.0,1.0,345.0
SP0102,2025-01,365.0,32.0,11.0,0.0,386.0
SP0103,2025-01,342.0,413.0,361.0,3.0,391.0
SP0104,2025-01,366.0,296.0,282.0,1.0,379.0
SP0105,2025-01,579.0,37.0,14.0,0.0,602.0
SP0106,2025-01,364.0,301.0,264.0,4.0,397.0
SP0107,2025-01,313.0,360.0,358.0,1.0,314.0
SP0108,2025-01,124.0,327.0,339.0,5.0,107.0
SP0109,2025-01,428.0,85.0,36.0,0.0,477.0
SP0110,2025-01,400.0,380.0,332.0,3.0,445.0
SP0111,2025-01,0.35,0.07,0.02,0.0,0.4
SP0112,2025-01,398.0,435.0,416.0,3.0,414.0
SP0113,2025-01,239.0,286.0,265.0,3.0,257.0
SP0114,2025-01,311.0,394.0,387.0,5.0,313.0
SP0115,2025-01,493.0,529.0,506.0,2.0,514.0
SP0116,2025-01,190.0,517.0,528.0,0.0,179.0
SP0117,2025-01,178.0,450.0,442.0,4.0,182.0
SP0118,2025-01,285.0,321.0,309.0,2.0,295.0
SP0119,2025-01,479000.0,7000.0,0.0,0.0,486000.0
SP0120,2025-01,412.0,317.0,282.0,4.0,443.0
SP0121,2025-01,259.0,418.0,424.0,6.0,247.0
SP0122,2025-01,497.0,94.0,30.0,1.0,560.0
SP0123,2025-01,238.0,218.0,210.0,2.0,244.0
SP0124,2025-01,0.42,0.52,0.53,0.01,0.4
SP0125,2025-01,360.0,107.0,37.0,1.0,429.0
SP0126,2025-01,457.0,12.0,0.0,0.0,469.0
SP0127,2025-01,515.0,444.0,447.0,3.0,509.0
SP0128,2025-01,207.0,10.0,1.0,0.0,216.0
SP0129,2025-01,514.0,354.0,342.0,2.0,524.0
SP0130,2025-01,438.0,376.0,324.0,3.0,487.0
SP0131,2025-01,230.0,205.0,185.0,1.0,249.0
SP0132,2025-01,107.0,19.0,0.0,0.0,126.0
SP0133,2025-01,187.0,453.0,422.0,4.0,214.0
SP0134,2025-01,215.0,517.0,540.0,3.0,189.0
SP0135,2025-01,526.0,241.0,247.0,1.0,519.0
SP0136,2025-01,259.0,319.0,319.0,0.0,259.0
SP0137,2025-01,238.0,308.0,265.0,1.0,280.0
SP0138,2025-01,274.0,328.0,318.0,3.0,281.0
SP0139,2025-01,194000.0,304000.0,311000.0,3000.0,184000.0
,2025-01,209.0,418.0,388.0,3.0,236.0
SP0141,2025-01,360.0,226.0,194.0,3.0,389.0
SP0142,2025-01,532.0,421.0,441.0,0.0,512.0
SP0143,2025-01,0.48,0.44,0.39,0.0,0.53
SP0144,2025-01,233.0,482.0,459.0,6.0,250.0
SP0145,2025-01,248.0,35.0,11.0,1.0,271.0
SP0146,2025-01,278.0,502.0,506.0,10.0,264.0
SP0147,2025-01,366.0,85.0,50.0,1.0,400.0
SP0148,2025-01,562.0,396.0,364.0,2.0,592.0
SP0149,2025-01,481.0,223.0,202.0,0.0,502.0
SP0150,2025-01,302.0,394.0,347.0,6.0,343.0
SP0151,2025-01,158.0,321.0,303.0,4.0,172.0
SP0152,2025-01,239.0,234.0,242.0,3.0,228.0
SP0153,2025-01,320.0,472.0,455.0,5.0,332.0
SP0154,2025-01,209.0,513.0,500.0,1.0,221.0
SP0155,2025-01,391.0,241.0,205.0,2.0,425.0
SP0156,2025-01,544.0,521.0,512.0,5.0,548.0
SP0157,2025-01,389.0,221.0,231.0,3.0,376.0
SP0158,2025-01,387.0,219.0,216.0,2.0,388.0
,2025-01,0.27,0.3,0.27,0.0,0.3
SP0160,2025-01,662.0,102.0,39.0,1.0,724.0
SP0161,2025-01,317000.0,325000.0,307000.0,4000.0,331000.0
SP0162,2025-01,283.0,65.0,35.0,0.0,313.0
SP0163,2025-01,126.0,271.0,273.0,2.0,122.0
SP0164,2025-01,220.0,229.0,219.0,1.0,229.0
SP0165,2025-01,449.0,70.0,32.0,0.0,487.0
SP0166,2025-01,0.16,0.01,0.0,0.0,0.18
SP0167,2025-01,328.0,250.0,236.0,1.0,341.0
SP0168,2025-01,446.0,209.0,210.0,1.0,444.0
SP0169,2025-01,395.0,74.0,42.0,0.0,427.0
SP0170,2025-01,305.0,48.0,16.0,1.0,336.0
SP0171,2025-01,382.0,346.0,301.0,2.0,425.0
SP0172,2025-01,488000.0,246000.0,254000.0,1000.0,479000.0
SP0173,2025-01,479.0,426.0,372.0,6.0,527.0
SP0174,2025-01,545.0,411.0,373.0,0.0,583.0
SP0175,2025-01,0.21,0.38,0.36,0.0,0.23
SP0176,2025-01,353.0,267.0,229.0,3.0,388.0
SP0177,2025-01,494.0,295.0,306.0,5.0,478.0
SP0178,2025-01,475.0,97.0,34.0,1.0,537.0
SP0179,2025-01,425.0,509.0,525.0,6.0,403.0
SP0180,2025-01,484.0,272.0,282.0,1.0,473.0
SP0181,2025-01,0.55,0.06,0.02,0.0,0.59
SP0182,2025-01,328.0,89.0,35.0,1.0,381.0
SP0183,2025-01,547.0,245.0,255.0,1.0,536.0
SP0184,2025-01,0.15,0.38,0.4,0.0,0.13
SP0185,2025-01,170.0,387.0,380.0,2.0,175.0
SP0186,2025-01,167.0,409.0,379.0,2.0,195.0
SP0187,2025-01,98.0,310.0,314.0,2.0,92.0
SP0188,2025-01,142.0,365.0,382.0,6.0,119.0
SP0189,2025-01,532.0,218.0,223.0,1.0,526.0
SP0190,2025-01,279.0,372.0,367.0,3.0,281.0
SP0191,2025-01,596.0,380.0,374.0,1.0,601.0
SP0192,2025-01,224.0,242.0,242.0,0.0,224.0
SP0193,2025-01,0.56,0.34,0.31,0.0,0.58
SP0194,2025-01,214.0,422.0,362.0,3.0,271.0
SP0195,2025-01,55.0,214.0,192.0,3.0,74.0
,2025-01,668.0,44.0,24.0,0.0,688.0
SP0197,2025-01,567.0,443.0,394.0,1.0,615.0
SP0198,2025-01,0.5,0.09,0.05,0.0,0.54
SP0199,2025-01,573.0,54.0,29.0,1.0,597.0
SP0200,2025-01,313.0,469.0,465.0,0.0,317.0
SP0201,2025-01,151.0,349.0,327.0,1.0,172.0
SP0202,2025-01,552.0,513.0,521.0,1.0,543.0
SP0203,2025-01,203.0,250.0,252.0,0.0,201.0
SP0204,2025-01,400.0,31.0,11.0,0.0,420.0
SP0205,2025-01,166.0,340.0,301.0,1.0,204.0
SP0206,2025-01,330.0,378.0,348.0,4.0,356.0
SP0207,2025-01,490.0,268.0,267.0,1.0,490.0
SP0208,2025-01,203.0,514.0,463.0,3.0,251.0
SP0209,2025-01,395.0,391.0,402.0,1.0,383.0
SP0210,2025-01,84.0,395.0,370.0,3.0,106.0
SP0211,2025-01,277.0,384.0,384.0,4.0,273.0
SP0212,2025-01,252.0,13.0,0.0,0.0,265.0
SP0213,2025-01,341.0,421.0,371.0,2.0,389.0
SP0214,2025-01,243.0,360.0,306.0,3.0,294.0
SP0215,2025-01,109000.0,357000.0,338000.0,6000.0,122000.0
SP0216,2025-01,306.0,405.0,378.0,6.0,327.0
SP0217,2025-01,228.0,327.0,292.0,1.0,262.0
SP0218,2025-01,284.0,236.0,219.0,1.0,300.0
SP0219,2025-01,0.31,0.29,0.24,0.0,0.35
SP0220,2025-01,343.0,213.0,215.0,2.0,339.0
SP0001,2025-02,295.0,20.0,6.0,0.0,309.0
SP0002,2025-02,511.0,244.0,209.0,1.0,545.0
SP0003,2025-02,404.0,114.0,97.0,0.0,421.0
SP0004,2025-02,121.0,1.0,0.0,0.0,122.0
SP0005,2025-02,357.0,171.0,146.0,1.0,381.0
SP0006,2025-02,518.0,162.0,138.0,0.0,542.0
SP0007,2025-02,411.0,218.0,212.0,2.0,415.0
SP0008,2025-02,508.0,123.0,115.0,1.0,515.0
SP0009,2025-02,494000.0,179000.0,186000.0,1000.0,486000.0
SP0010,2025-02,182.0,178.0,184.0,0.0,176.0
SP0011,2025-02,544.0,224.0,208.0,1.0,559.0
SP0012,2025-02,0.29,0.15,0.15,0.0,0.29
SP0013,2025-02,425.0,49.0,25.0,1.0,448.0
SP0014,2025-02,516.0,221.0,196.0,1.0,540.0
SP0015,2025-02,303.0,8.0,0.0,0.0,311.0
SP0016,2025-02,309.0,246.0,253.0,1.0,301.0
SP0017,2025-02,496.0,246.0,248.0,2.0,492.0
SP0018,2025-02,347.0,53.0,27.0,0.0,373.0
SP0019,2025-02,529.0,237.0,215.0,3.0,548.0
SP0020,2025-02,502.0,16.0,1.0,0.0,517.0
SP0021,2025-02,429.0,242.0,207.0,1.0,463.0
SP0022,2025-02,485.0,7.0,0.0,0.0,492.0
SP0023,2025-02,195.0,121.0,111.0,2.0,203.0
SP0024,2025-02,403.0,22.0,9.0,0.0,416.0
SP0025,2025-02,189.0,161.0,144.0,1.0,205.0
SP0026,2025-02,86000.0,18000.0,1000.0,0.0,103000.0
SP0027,2025-02,576.0,142.0,145.0,2.0,571.0
SP0028,2025-02,256.0,177.0,164.0,2.0,267.0
SP0029,2025-02,321.0,1.0,0.0,0.0,322.0
SP0030,2025-02,216.0,150.0,154.0,1.0,211.0
SP0031,2025-02,422.0,123.0,116.0,1.0,428.0
SP0032,2025-02,686.0,38.0,13.0,0.0,711.0
SP0033,2025-02,384.0,137.0,132.0,2.0,387.0
SP0034,2025-02,555.0,263.0,250.0,1.0,567.0
SP0035,2025-02,219.0,133.0,130.0,0.0,222.0
SP0036,2025-02,333.0,3.0,0.0,0.0,336.0
SP0037,2025-02,322.0,112.0,115.0,1.0,318.0
SP0038,2025-02,457.0,179.0,165.0,0.0,471.0
SP0039,2025-02,277.0,0.0,0.0,0.0,277.0
SP0040,2025-02,639000.0,43000.0,18000.0,1000.0,663000.0
SP0041,2025-02,237.0,193.0,172.0,0.0,258.0
SP0042,2025-02,344.0,255.0,217.0,2.0,380.0
SP0043,2025-02,567.0,127.0,113.0,0.0,581.0
SP0044,2025-02,490.0,105.0,108.0,0.0,487.0
SP0045,2025-02,241.0,220.0,195.0,1.0,265.0
SP0046,2025-02,184.0,128.0,114.0,1.0,197.0
SP0047,2025-02,327.0,202.0,210.0,2.0,317.0
SP0048,2025-02,0.3,0.27,0.25,0.0,0.32
SP0049,2025-02,129.0,10.0,0.0,0.0,139.0
SP0050,2025-02,187.0,1.0,0.0,0.0,188.0
SP0051,2025-02,404.0,33.0,15.0,0.0,422.0
SP0052,2025-02,349.0,244.0,218.0,1.0,374.0
SP0053,2025-02,442.0,259.0,238.0,2.0,461.0
SP0054,2025-02,508.0,31.0,13.0,1.0,525.0
SP0055,2025-02,508.0,45.0,14.0,1.0,538.0
SP0056,2025-02,413.0,248.0,228.0,2.0,431.0
SP0057,2025-02,256.0,0.0,0.0,0.0,256.0
SP0058,2025-02,485.0,53.0,30.0,0.0,508.0
SP0059,2025-02,401.0,8.0,1.0,0.0,408.0
SP0060,2025-02,490.0,31.0,12.0,0.0,509.0
SP0061,2025-02,531.0,249.0,250.0,2.0,528.0
SP0062,2025-02,433.0,148.0,126.0,2.0,453.0
SP0063,2025-02,464.0,1.0,0.0,0.0,465.0
SP0064,2025-02,368.0,46.0,26.0,0.0,388.0
SP0065,2025-02,484.0,180.0,155.0,1.0,508.0
SP0066,2025-02,305.0,206.0,204.0,0.0,307.0
SP0067,2025-02,224.0,274.0,258.0,1.0,239.0
SP0068,2025-02,553000.0,46000.0,25000.0,0.0,574000.0
SP0069,2025-02,255.0,0.0,0.0,0.0,255.0
SP0070,2025-02,193.0,106.0,94.0,1.0,204.0
SP0071,2025-02,631.0,277.0,271.0,1.0,636.0
SP0072,2025-02,431.0,230.0,211.0,1.0,449.0
SP0073,2025-02,244.0,18.0,2.0,0.0,260.0
SP0074,2025-02,0.53,0.03,0.01,0.0,0.55
SP0075,2025-02,418.0,55.0,22.0,1.0,450.0
SP0076,2025-02,160.0,225.0,196.0,3.0,186.0
SP0077,2025-02,248.0,204.0,174.0,3.0,275.0
SP0078,2025-02,520.0,172.0,163.0,2.0,527.0
SP0079,2025-02,396.0,149.0,148.0,1.0,396.0
SP0080,2025-02,452.0,42.0,21.0,1.0,472.0
SP0081,2025-02,566.0,21.0,7.0,0.0,580.0
SP0082,2025-02,222.0,4.0,0.0,0.0,226.0
SP0083,2025-02,350.0,3.0,0.0,0.0,353.0
SP0084,2025-02,360.0,277.0,253.0,3.0,381.0
SP0085,2025-02,224.0,42.0,22.0,0.0,244.0
SP0086,2025-02,558.0,8.0,0.0,0.0,566.0
SP0087,2025-02,515.0,38.0,13.0,1.0,539.0
SP0088,2025-02,385.0,210.0,184.0,1.0,410.0
SP0089,2025-02,339000.0,151000.0,129000.0,2000.0,359000.0
SP0090,2025-02,348.0,156.0,158.0,0.0,346.0
SP0091,2025-02,179.0,7.0,0.0,0.0,186.0
SP0092,2025-02,456.0,247.0,249.0,1.0,453.0
SP0093,2025-02,451.0,155.0,138.0,0.0,468.0
SP0094,2025-02,592.0,15.0,6.0,0.0,601.0
SP0095,2025-02,0.28,0.18,0.18,0.0,0.28
SP0096,2025-02,525.0,199.0,171.0,1.0,552.0
SP0097,2025-02,487.0,248.0,237.0,3.0,495.0
SP0098,2025-02,594.0,38.0,18.0,0.0,614.0
SP0099,2025-02,268.0,133.0,116.0,2.0,283.0
SP0100,2025-02,317.0,40.0,21.0,0.0,336.0
SP0101,2025-02,345.0,107.0,111.0,0.0,341.0
SP0102,2025-02,386.0,14.0,7.0,0.0,393.0
SP0103,2025-02,391.0,125.0,117.0,2.0,397.0
SP0104,2025-02,379.0,133.0,129.0,0.0,383.0
SP0105,2025-02,602.0,30.0,13.0,0.0,619.0
SP0106,2025-02,397.0,122.0,116.0,1.0,402.0
SP0107,2025-02,314.0,160.0,163.0,1.0,310.0
SP0108,2025-02,107.0,248.0,213.0,2.0,140.0
SP0109,2025-02,477.0,37.0,14.0,0.0,500.0
SP0110,2025-02,445.0,243.0,209.0,1.0,478.0
SP0111,2025-02,397.0,36.0,17.0,0.0,416.0
SP0112,2025-02,414.0,253.0,257.0,4.0,406.0
SP0113,2025-02,257.0,217.0,187.0,1.0,286.0
SP0114,2025-02,313.0,172.0,149.0,2.0,334.0
SP0115,2025-02,514.0,181.0,182.0,2.0,511.0
SP0116,2025-02,179.0,161.0,140.0,0.0,200.0
SP0117,2025-02,182.0,209.0,196.0,2.0,193.0
SP0118,2025-02,295.0,142.0,126.0,1.0,310.0
SP0119,2025-02,486.0,12.0,1.0,0.0,497.0
SP0120,2025-02,443.0,216.0,202.0,3.0,454.0
SP0121,2025-02,247.0,184.0,168.0,1.0,262.0
SP0122,2025-02,560.0,46.0,14.0,0.0,592.0
SP0123,2025-02,244.0,127.0,112.0,1.0,258.0
SP0124,2025-02,396.0,134.0,125.0,3.0,402.0
SP0125,2025-02,429.0,28.0,11.0,0.0,446.0
SP0126,2025-02,469000.0,8000.0,0.0,0.0,477000.0
SP0127,2025-02,509.0,136.0,126.0,1.0,518.0
SP0128,2025-02,216000.0,12000.0,1000.0,0.0,227000.0
SP0129,2025-02,524.0,176.0,184.0,1.0,515.0
SP0130,2025-02,487.0,122.0,115.0,2.0,492.0
SP0131,2025-02,249.0,202.0,171.0,1.0,279.0
SP0132,2025-02,126.0,3.0,0.0,0.0,129.0
SP0133,2025-02,214.0,261.0,257.0,2.0,216.0
SP0134,2025-02,189.0,202.0,179.0,2.0,210.0
SP0135,2025-02,519.0,128.0,115.0,1.0,531.0
SP0136,2025-02,259.0,248.0,255.0,1.0,251.0
SP0137,2025-02,280.0,123.0,126.0,0.0,277.0
SP0138,2025-02,281.0,248.0,255.0,1.0,273.0
SP0139,2025-02,184.0,208.0,202.0,4.0,186.0
SP0140,2025-02,236.0,142.0,139.0,2.0,237.0
SP0141,2025-02,389.0,196.0,197.0,2.0,386.0
SP0142,2025-02,512.0,171.0,158.0,0.0,525.0
SP0143,2025-02,526.0,132.0,117.0,2.0,539.0
,2025-02,250.0,142.0,130.0,1.0,261.0
SP0145,2025-02,271.0,16.0,9.0,0.0,278.0
SP0146,2025-02,264.0,192.0,177.0,1.0,278.0
SP0147,2025-02,400.0,48.0,17.0,1.0,430.0
SP0148,2025-02,592000.0,224000.0,229000.0,2000.0,585000.0
SP0149,2025-02,502.0,200.0,195.0,1.0,506.0
SP0150,2025-02,343.0,223.0,212.0,1.0,353.0
SP0151,2025-02,172000.0,267000.0,231000.0,2000.0,206000.0
SP0152,2025-02,228.0,278.0,263.0,3.0,240.0
SP0153,2025-02,332.0,174.0,178.0,1.0,327.0
,2025-02,221.0,153.0,142.0,1.0,231.0
SP0155,2025-02,425.0,165.0,148.0,1.0,441.0
SP0156,2025-02,548.0,133.0,131.0,1.0,549.0
SP0157,2025-02,376.0,143.0,129.0,2.0,388.0
SP0158,2025-02,388.0,261.0,237.0,3.0,409.0
SP0159,2025-02,303.0,270.0,258.0,1.0,314.0
SP0160,2025-02,724.0,27.0,11.0,0.0,740.0
SP0161,2025-02,331.0,200.0,188.0,1.0,342.0
SP0162,2025-02,313.0,19.0,7.0,0.0,325.0
SP0163,2025-02,122.0,127.0,110.0,1.0,138.0
SP0164,2025-02,229.0,221.0,224.0,0.0,226.0
SP0165,2025-02,0.49,0.04,0.02,0.0,0.51
SP0166,2025-02,176000.0,11000.0,0.0,0.0,187000.0
SP0167,2025-02,341.0,182.0,167.0,1.0,355.0
SP0168,2025-02,444.0,241.0,227.0,1.0,457.0
SP0169,2025-02,427.0,46.0,22.0,0.0,451.0
SP0170,2025-02,336.0,31.0,11.0,0.0,356.0
SP0171,2025-02,425.0,236.0,227.0,1.0,433.0
SP0172,2025-02,479.0,193.0,167.0,0.0,505.0
,2025-02,527.0,210.0,191.0,2.0,544.0
SP0174,2025-02,583.0,151.0,130.0,1.0,603.0
SP0175,2025-02,233.0,196.0,188.0,1.0,240.0
SP0176,2025-02,388000.0,147000.0,140000.0,1000.0,394000.0
SP0177,2025-02,478.0,247.0,255.0,2.0,468.0
SP0178,2025-02,537.0,24.0,10.0,0.0,551.0
SP0179,2025-02,403.0,169.0,144.0,1.0,427.0
SP0180,2025-02,473.0,272.0,251.0,0.0,494.0
SP0181,2025-02,592.0,55.0,32.0,0.0,615.0
SP0182,2025-02,381.0,51.0,22.0,1.0,409.0
SP0183,2025-02,536.0,231.0,204.0,3.0,560.0
SP0184,2025-02,133.0,262.0,269.0,4.0,122.0
SP0185,2025-02,175.0,173.0,157.0,0.0,191.0
SP9506,2025-02,195.0,253.0,238.0,1.0,209.0
SP0187,2025-02,92.0,261.0,230.0,3.0,120.0
SP0188,2025-02,119.0,175.0,180.0,3.0,111.0
SP0189,2025-02,526.0,173.0,168.0,1.0,530.0
SP0190,2025-02,281.0,116.0,113.0,1.0,283.0
SP0191,2025-02,601.0,260.0,229.0,1.0,631.0
SP0192,2025-02,224.0,267.0,244.0,1.0,246.0
SP0193,2025-02,579.0,139.0,133.0,1.0,584.0
SP0194,2025-02,271.0,172.0,170.0,2.0,271.0
SP0195,2025-02,74.0,105.0,106.0,1.0,72.0
SP0196,2025-02,688.0,14.0,8.0,0.0,694.0
SP0197,2025-02,615.0,260.0,249.0,0.0,626.0
SP0198,2025-02,535.0,21.0,7.0,0.0,549.0
SP0199,2025-02,597.0,46.0,20.0,1.0,622.0
SP0200,2025-02,317.0,254.0,242.0,0.0,329.0
SP0201,2025-02,172.0,263.0,233.0,1.0,201.0
SP0202,2025-02,543.0,184.0,169.0,1.0,557.0
SP0203,2025-02,201.0,171.0,175.0,1.0,196.0
SP0204,2025-02,420.0,35.0,17.0,0.0,438.0
SP0205,2025-02,204.0,221.0,191.0,0.0,234.0
SP0206,2025-02,356.0,116.0,115.0,1.0,356.0
SP0207,2025-02,490.0,190.0,192.0,2.0,486.0
SP0208,2025-02,251.0,124.0,118.0,1.0,256.0
SP0209,2025-02,383.0,214.0,194.0,3.0,400.0
SP0210,2025-02,106.0,210.0,185.0,1.0,130.0
SP0211,2025-02,273000.0,249000.0,248000.0,3000.0,271000.0
SP0212,2025-02,265.0,13.0,0.0,0.0,278.0
SP0213,2025-02,389.0,215.0,182.0,1.0,421.0
SP0214,2025-02,294.0,213.0,211.0,2.0,294.0
SP0215,2025-02,122.0,127.0,110.0,2.0,137.0
SP0216,2025-02,327.0,167.0,142.0,3.0,349.0
SP0217,2025-02,262.0,124.0,112.0,1.0,273.0
,2025-02,300.0,256.0,248.0,2.0,306.0
SP0219,2025-02,348.0,132.0,123.0,2.0,355.0
SP0220,2025-02,339.0,163.0,149.0,1.0,352.0
SP0001,2025-03,309.0,53.0,16.0,0.0,346.0
SP0002,2025-03,545.0,270.0,246.0,2.0,567.0
SP0003,2025-03,421.0,158.0,144.0,1.0,434.0
SP0004,2025-03,122.0,8.0,1.0,0.0,129.0
SP0005,2025-03,381.0,196.0,166.0,1.0,410.0
SP0006,2025-03,542000.0,281000.0,291000.0,0.0,532000.0
SP0007,2025-03,415.0,242.0,238.0,3.0,416.0
SP0008,2025-03,515.0,121.0,123.0,0.0,513.0
SP0009,2025-03,486.0,244.0,211.0,0.0,519.0
SP0010,2025-03,176.0,175.0,164.0,0.0,187.0
SP0011,2025-03,559.0,212.0,220.0,1.0,550.0
SP0012,2025-03,288.0,301.0,293.0,4.0,292.0
SP0013,2025-03,448.0,60.0,21.0,1.0,486.0
SP0014,2025-03,540.0,277.0,266.0,1.0,550.0
SP0015,2025-03,311.0,9.0,1.0,0.0,319.0
SP0016,2025-03,301.0,222.0,204.0,0.0,319.0
SP0017,2025-03,492.0,292.0,250.0,1.0,533.0
SP0018,2025-03,373.0,30.0,14.0,0.0,389.0
SP0019,2025-03,548.0,178.0,157.0,2.0,567.0
SP0020,2025-03,517.0,2.0,0.0,0.0,519.0
SP0021,2025-03,463.0,281.0,271.0,1.0,472.0
SP0022,2025-03,492.0,13.0,0.0,0.0,505.0
SP0023,2025-03,203.0,198.0,193.0,3.0,205.0
SP0024,2025-03,416.0,45.0,23.0,0.0,438.0
SP0025,2025-03,205.0,235.0,234.0,1.0,205.0
SP0026,2025-03,103.0,18.0,0.0,0.0,121.0
SP0027,2025-03,571.0,157.0,156.0,2.0,570.0
SP0028,2025-03,267.0,313.0,319.0,4.0,257.0
SP0029,2025-03,322.0,17.0,2.0,0.0,337.0
SP0030,2025-03,0.21,0.28,0.25,0.0,0.24
SP0031,2025-03,428.0,122.0,104.0,1.0,445.0
SP0032,2025-03,711000.0,21000.0,12000.0,0.0,720000.0
SP0033,2025-03,387.0,226.0,234.0,3.0,376.0
SP0034,2025-03,567.0,239.0,216.0,1.0,589.0
SP0035,2025-03,222.0,259.0,241.0,1.0,239.0
SP0036,2025-03,336000.0,5000.0,0.0,0.0,341000.0
SP0037,2025-03,318.0,310.0,265.0,3.0,360.0
SP0038,2025-03,471.0,213.0,217.0,0.0,467.0
SP0039,2025-03,277.0,9.0,1.0,0.0,285.0
SP0040,2025-03,663.0,33.0,15.0,0.0,681.0
SP0041,2025-03,258.0,230.0,199.0,1.0,288.0
SP0042,2025-03,380.0,195.0,196.0,2.0,377.0
SP0043,2025-03,0.58,0.22,0.21,0.0,0.6
,2025-03,487.0,304.0,295.0,1.0,495.0
SP9506,2025-03,265.0,233.0,199.0,2.0,297.0
SP0046,2025-03,197.0,196.0,185.0,2.0,206.0
SP0047,2025-03,317.0,303.0,308.0,2.0,310.0
SP0048,2025-03,320.0,181.0,172.0,2.0,327.0
SP0049,2025-03,139.0,0.0,0.0,0.0,139.0
SP0050,2025-03,188.0,4.0,0.0,0.0,192.0
SP0051,2025-03,422.0,34.0,11.0,1.0,444.0
SP0052,2025-03,374.0,242.0,205.0,2.0,409.0
,2025-03,461000.0,307000.0,280000.0,4000.0,484000.0
SP0054,2025-03,525.0,40.0,22.0,0.0,543.0
SP0055,2025-03,538.0,23.0,9.0,0.0,552.0
SP0056,2025-03,431.0,272.0,280.0,1.0,422.0
SP0057,2025-03,256.0,7.0,0.0,0.0,263.0
SP0058,2025-03,508.0,20.0,10.0,0.0,518.0
SP0059,2025-03,408.0,9.0,0.0,0.0,417.0
SP0060,2025-03,509.0,47.0,24.0,0.0,532.0
SP0061,2025-03,528.0,144.0,123.0,1.0,548.0
SP0062,2025-03,453.0,310.0,263.0,2.0,498.0
SP0063,2025-03,465.0,1.0,0.0,0.0,466.0
SP0064,2025-03,388.0,32.0,12.0,0.0,408.0
SP0065,2025-03,508.0,278.0,271.0,1.0,514.0
SP0066,2025-03,307.0,168.0,158.0,0.0,317.0
SP0067,2025-03,239.0,241.0,251.0,1.0,228.0
SP0068,2025-03,574.0,57.0,31.0,1.0,599.0
SP0069,2025-03,255.0,0.0,0.0,0.0,255.0
SP0070,2025-03,0.2,0.18,0.17,0.0,0.21
SP0071,2025-03,636.0,310.0,286.0,1.0,659.0
SP0072,2025-03,449.0,170.0,156.0,1.0,462.0
SP0073,2025-03,260.0,9.0,0.0,0.0,269.0
SP0074,2025-03,0.55,0.03,0.02,0.0,0.57
SP0075,2025-03,450.0,54.0,21.0,1.0,482.0
SP0076,2025-03,186.0,253.0,231.0,2.0,206.0
SP0077,2025-03,275.0,259.0,263.0,4.0,267.0
SP0078,2025-03,527.0,281.0,289.0,3.0,516.0
SP0079,2025-03,396.0,219.0,213.0,1.0,401.0
SP0080,2025-03,472.0,57.0,25.0,0.0,504.0
SP0081,2025-03,580.0,41.0,17.0,0.0,604.0
SP0082,2025-03,226.0,17.0,0.0,0.0,243.0
SP0083,2025-03,353.0,1.0,0.0,0.0,354.0
SP0084,2025-03,381.0,216.0,225.0,3.0,369.0
,2025-03,244.0,39.0,18.0,1.0,264.0
,2025-03,566.0,0.0,0.0,0.0,566.0
SP0087,2025-03,539.0,30.0,12.0,1.0,556.0
SP0088,2025-03,410.0,131.0,126.0,2.0,413.0
SP0089,2025-03,359.0,274.0,238.0,3.0,392.0
SP0090,2025-03,346.0,262.0,259.0,1.0,348.0
SP0091,2025-03,186.0,5.0,0.0,0.0,191.0
SP0092,2025-03,453.0,201.0,173.0,1.0,480.0
SP0093,2025-03,468.0,232.0,204.0,0.0,496.0
SP0094,2025-03,601.0,16.0,6.0,0.0,611.0
SP0095,2025-03,283.0,169.0,147.0,3.0,302.0
SP0096,2025-03,552.0,182.0,160.0,1.0,573.0
SP0097,2025-03,495.0,173.0,156.0,2.0,510.0
SP0098,2025-03,614.0,35.0,12.0,0.0,637.0
SP0099,2025-03,283.0,175.0,164.0,2.0,292.0
SP0100,2025-03,336.0,56.0,31.0,1.0,360.0
SP0101,2025-03,341.0,122.0,119.0,0.0,344.0
SP0102,2025-03,393.0,25.0,14.0,0.0,404.0
SP0103,2025-03,397.0,161.0,157.0,2.0,399.0
SP9507,2025-03,383.0,157.0,156.0,1.0,383.0
SP0105,2025-03,619.0,31.0,11.0,0.0,639.0
SP0106,2025-03,402.0,218.0,202.0,4.0,414.0
SP0107,2025-03,310.0,171.0,159.0,0.0,322.0
SP0108,2025-03,140.0,174.0,152.0,2.0,160.0
SP0109,2025-03,500.0,32.0,15.0,0.0,517.0
SP0110,2025-03,0.48,0.2,0.17,0.0,0.5
SP0111,2025-03,416.0,62.0,31.0,0.0,447.0
SP0112,2025-03,406.0,204.0,212.0,2.0,396.0
SP0113,2025-03,286.0,251.0,258.0,1.0,278.0
SP0114,2025-03,334.0,262.0,270.0,1.0,325.0
SP0115,2025-03,511.0,130.0,134.0,1.0,506.0
SP0116,2025-03,200.0,278.0,252.0,1.0,225.0
SP0117,2025-03,193.0,171.0,166.0,1.0,197.0
SP0118,2025-03,310.0,163.0,167.0,1.0,305.0
SP0119,2025-03,497.0,19.0,2.0,0.0,514.0
SP0120,2025-03,454.0,200.0,182.0,3.0,469.0
SP0121,2025-03,262.0,303.0,280.0,2.0,283.0
SP0122,2025-03,592.0,43.0,25.0,0.0,610.0
SP0123,2025-03,258.0,282.0,282.0,1.0,257.0
SP0124,2025-03,402.0,214.0,223.0,2.0,391.0
SP0125,2025-03,446.0,36.0,11.0,0.0,471.0
SP0126,2025-03,477.0,4.0,0.0,0.0,481.0
SP0127,2025-03,518.0,277.0,239.0,1.0,555.0
SP0128,2025-03,227.0,0.0,0.0,0.0,227.0
SP0129,2025-03,515.0,299.0,255.0,2.0,557.0
SP0130,2025-03,492.0,175.0,183.0,1.0,483.0
SP0131,2025-03,279.0,190.0,180.0,1.0,288.0
SP0132,2025-03,129.0,1.0,0.0,0.0,130.0
SP9509,2025-03,216.0,173.0,152.0,2.0,235.0
SP0134,2025-03,210.0,157.0,139.0,2.0,226.0
SP0135,2025-03,531.0,156.0,158.0,0.0,529.0
SP0136,2025-03,251.0,226.0,224.0,1.0,252.0
,2025-03,277.0,196.0,185.0,1.0,287.0
SP0138,2025-03,273.0,177.0,177.0,1.0,272.0
SP0139,2025-03,0.19,0.15,0.15,0.0,0.18
SP0140,2025-03,237.0,207.0,213.0,3.0,228.0
SP0141,2025-03,386.0,278.0,284.0,3.0,377.0
SP0142,2025-03,525.0,296.0,279.0,1.0,541.0
SP0143,2025-03,539.0,212.0,185.0,2.0,564.0
SP0144,2025-03,261.0,124.0,111.0,2.0,272.0
SP0145,2025-03,278.0,47.0,23.0,1.0,301.0
SP0146,2025-03,278.0,147.0,140.0,1.0,284.0
SP0147,2025-03,430.0,53.0,23.0,1.0,459.0
SP0148,2025-03,585.0,197.0,184.0,2.0,596.0
SP0149,2025-03,506000.0,189000.0,192000.0,0.0,503000.0
SP0150,2025-03,353.0,192.0,194.0,2.0,349.0
SP0151,2025-03,206.0,144.0,141.0,1.0,208.0
SP0152,2025-03,240.0,168.0,173.0,2.0,233.0
SP0153,2025-03,327.0,179.0,177.0,2.0,327.0
SP0154,2025-03,231.0,181.0,182.0,1.0,229.0
SP0155,2025-03,441.0,175.0,167.0,1.0,448.0
SP0156,2025-03,549.0,196.0,174.0,1.0,570.0
SP9501,2025-03,388.0,233.0,234.0,3.0,384.0
SP0158,2025-03,409.0,281.0,271.0,3.0,416.0
SP0159,2025-03,314.0,141.0,140.0,0.0,315.0
SP0160,2025-03,740.0,42.0,16.0,0.0,766.0
SP0161,2025-03,342.0,284.0,266.0,1.0,359.0
SP0162,2025-03,325.0,40.0,15.0,0.0,350.0
SP0163,2025-03,138.0,251.0,252.0,2.0,135.0
SP0164,2025-03,226.0,192.0,198.0,0.0,220.0
SP0165,2025-03,506.0,29.0,8.0,0.0,527.0
SP0166,2025-03,187.0,3.0,0.0,0.0,190.0
SP0167,2025-03,355.0,315.0,275.0,3.0,392.0
SP0168,2025-03,457.0,184.0,166.0,2.0,473.0
SP0169,2025-03,451.0,45.0,23.0,0.0,473.0
SP0170,2025-03,0.36,0.04,0.02,0.0,0.38
SP0171,2025-03,433.0,315.0,313.0,2.0,433.0
SP0172,2025-03,505.0,242.0,231.0,0.0,516.0
SP0173,2025-03,544.0,174.0,150.0,1.0,567.0
SP0174,2025-03,603.0,125.0,114.0,0.0,614.0
SP0175,2025-03,0.24,0.26,0.23,0.0,0.27
SP0176,2025-03,394.0,137.0,134.0,2.0,395.0
SP0177,2025-03,468.0,314.0,268.0,3.0,511.0
SP0178,2025-03,551.0,31.0,14.0,0.0,568.0
SP0179,2025-03,427.0,148.0,147.0,2.0,426.0
SP0180,2025-03,494.0,195.0,167.0,0.0,522.0
SP0181,2025-03,615.0,52.0,19.0,0.0,648.0
SP9506,2025-03,409.0,42.0,24.0,0.0,427.0
SP0183,2025-03,560.0,199.0,171.0,3.0,585.0
SP0184,2025-03,122.0,154.0,135.0,2.0,139.0
SP0185,2025-03,191.0,310.0,307.0,2.0,192.0
SP0186,2025-03,209.0,242.0,208.0,0.0,243.0
SP0187,2025-03,120.0,167.0,166.0,1.0,120.0
SP0188,2025-03,111000.0,237000.0,207000.0,4000.0,137000.0
SP0189,2025-03,530.0,234.0,208.0,1.0,555.0
SP0190,2025-03,283.0,286.0,275.0,1.0,293.0
SP0191,2025-03,631.0,244.0,243.0,2.0,630.0
SP0192,2025-03,246.0,270.0,244.0,0.0,272.0
SP0193,2025-03,0.58,0.29,0.29,0.0,0.58
SP0194,2025-03,271.0,250.0,245.0,2.0,274.0
SP0195,2025-03,72.0,229.0,213.0,2.0,86.0
SP0196,2025-03,694.0,32.0,13.0,1.0,712.0
SP0197,2025-03,626.0,129.0,129.0,1.0,625.0
SP0198,2025-03,549.0,27.0,14.0,0.0,562.0
SP0199,2025-03,622.0,21.0,11.0,0.0,632.0
SP0200,2025-03,329.0,212.0,196.0,1.0,344.0
SP0201,2025-03,201.0,273.0,259.0,0.0,215.0
SP0202,2025-03,557.0,230.0,227.0,1.0,559.0
SP0203,2025-03,196.0,284.0,296.0,1.0,183.0
SP0204,2025-03,438.0,25.0,13.0,0.0,450.0
SP0205,2025-03,234.0,190.0,182.0,1.0,241.0
SP0206,2025-03,356.0,212.0,194.0,1.0,373.0
SP0207,2025-03,486.0,145.0,127.0,0.0,504.0
SP0208,2025-03,256.0,298.0,278.0,5.0,271.0
SP0209,2025-03,400.0,124.0,115.0,1.0,408.0
SP0210,2025-03,130.0,271.0,273.0,1.0,127.0
SP0211,2025-03,271.0,140.0,128.0,2.0,281.0
SP0212,2025-03,0.28,0.0,0.0,0.0,0.28
SP0213,2025-03,421.0,123.0,113.0,0.0,431.0
SP0214,2025-03,294.0,301.0,298.0,3.0,294.0
SP0215,2025-03,137.0,288.0,282.0,5.0,138.0
SP0216,2025-03,349.0,184.0,172.0,1.0,360.0
SP0217,2025-03,273.0,276.0,267.0,2.0,280.0
SP0218,2025-03,306.0,123.0,106.0,0.0,323.0
SP0219,2025-03,355.0,242.0,220.0,3.0,374.0
SP0220,2025-03,352.0,200.0,180.0,1.0,371.0
SP0001,2025-04,346.0,36.0,20.0,0.0,362.0
SP0002,2025-04,567.0,248.0,241.0,1.0,573.0
SP0003,2025-04,434.0,183.0,177.0,1.0,439.0
SP0004,2025-04,129000.0,15000.0,0.0,0.0,144000.0
SP0005,2025-04,410.0,276.0,269.0,3.0,414.0
SP0006,2025-04,532.0,176.0,179.0,0.0,529.0
SP0007,2025-04,416.0,249.0,247.0,2.0,416.0
SP0008,2025-04,513.0,289.0,265.0,0.0,537.0
SP0009,2025-04,519.0,196.0,180.0,0.0,535.0
SP0010,2025-04,187.0,237.0,222.0,1.0,201.0
SP0011,2025-04,550.0,218.0,190.0,1.0,577.0
SP0012,2025-04,292.0,178.0,176.0,1.0,293.0
SP0013,2025-04,486.0,63.0,28.0,1.0,520.0
SP0014,2025-04,550.0,316.0,318.0,0.0,548.0
SP0015,2025-04,319.0,3.0,0.0,0.0,322.0
SP0016,2025-04,319.0,253.0,241.0,0.0,331.0
SP0017,2025-04,533.0,195.0,181.0,1.0,546.0
SP0018,2025-04,389.0,19.0,7.0,0.0,401.0
SP0019,2025-04,567.0,165.0,141.0,1.0,590.0
SP0020,2025-04,519.0,0.0,0.0,0.0,519.0
SP0021,2025-04,472.0,248.0,219.0,1.0,500.0
SP0022,2025-04,0.5,0.02,0.0,0.0,0.52
SP0023,2025-04,205.0,265.0,256.0,4.0,210.0
SP0024,2025-04,438000.0,39000.0,18000.0,0.0,459000.0
SP0025,2025-04,205.0,350.0,321.0,2.0,232.0
SP0026,2025-04,121.0,0.0,0.0,0.0,121.0
SP0027,2025-04,570.0,204.0,207.0,2.0,565.0
SP0028,2025-04,257.0,192.0,179.0,2.0,268.0
SP0029,2025-04,337.0,8.0,0.0,0.0,345.0
SP0030,2025-04,241.0,254.0,257.0,0.0,238.0
SP0031,2025-04,445.0,176.0,178.0,0.0,443.0
SP0032,2025-04,720.0,41.0,22.0,0.0,739.0
SP0033,2025-04,376.0,332.0,313.0,4.0,391.0
SP0034,2025-04,589.0,199.0,170.0,3.0,615.0
SP0035,2025-04,239.0,338.0,299.0,1.0,277.0
SP0036,2025-04,341.0,17.0,1.0,0.0,357.0
SP0037,2025-04,360.0,171.0,155.0,1.0,375.0
SP0038,2025-04,467000.0,331000.0,347000.0,1000.0,450000.0
SP0039,2025-04,285.0,0.0,0.0,0.0,285.0
SP0040,2025-04,681.0,30.0,11.0,1.0,699.0
SP0041,2025-04,288.0,167.0,167.0,0.0,288.0
SP0042,2025-04,377.0,300.0,263.0,5.0,409.0
SP0043,2025-04,595.0,359.0,360.0,1.0,593.0
SP0044,2025-04,495.0,311.0,289.0,1.0,516.0
SP0045,2025-04,297.0,190.0,199.0,2.0,286.0
SP0046,2025-04,206.0,235.0,225.0,2.0,214.0
SP0047,2025-04,310.0,161.0,157.0,1.0,313.0
SP0048,2025-04,327.0,256.0,232.0,2.0,349.0
SP0049,2025-04,139.0,14.0,0.0,0.0,153.0
SP0050,2025-04,0.19,0.01,0.0,0.0,0.2
SP0051,2025-04,444.0,54.0,21.0,0.0,477.0
SP0052,2025-04,409.0,188.0,171.0,2.0,424.0
SP0053,2025-04,484.0,318.0,289.0,4.0,509.0
SP0054,2025-04,543.0,20.0,8.0,0.0,555.0
SP9506,2025-04,552.0,23.0,10.0,0.0,565.0
SP0056,2025-04,422.0,204.0,197.0,2.0,427.0
,2025-04,263.0,14.0,1.0,0.0,276.0
SP0058,2025-04,518000.0,49000.0,24000.0,0.0,543000.0
SP0059,2025-04,417.0,2.0,0.0,0.0,419.0
,2025-04,532.0,58.0,30.0,0.0,560.0
SP0061,2025-04,548.0,205.0,183.0,2.0,568.0
SP0062,2025-04,498.0,166.0,159.0,3.0,502.0
SP0063,2025-04,466.0,19.0,2.0,0.0,483.0
SP0064,2025-04,408.0,20.0,9.0,0.0,419.0
SP0065,2025-04,514.0,318.0,273.0,0.0,559.0
SP0066,2025-04,317.0,255.0,225.0,1.0,346.0
SP0067,2025-04,228.0,145.0,149.0,1.0,223.0
SP0068,2025-04,599.0,55.0,22.0,0.0,632.0
SP0069,2025-04,0.26,0.01,0.0,0.0,0.26
SP0070,2025-04,214.0,205.0,191.0,1.0,227.0
SP0071,2025-04,659.0,246.0,234.0,1.0,670.0
SP0072,2025-04,462.0,228.0,234.0,1.0,455.0
SP0073,2025-04,269.0,19.0,2.0,0.0,286.0
SP0074,2025-04,566.0,51.0,21.0,0.0,596.0
SP0075,2025-04,482.0,26.0,13.0,0.0,495.0
SP0076,2025-04,206.0,150.0,127.0,1.0,228.0
SP0077,2025-04,267.0,339.0,320.0,6.0,280.0
SP0078,2025-04,516.0,257.0,261.0,2.0,510.0
SP0079,2025-04,401.0,273.0,267.0,2.0,405.0
SP0080,2025-04,504.0,43.0,15.0,0.0,532.0
SP0081,2025-04,604.0,69.0,30.0,0.0,643.0
SP9504,2025-04,243.0,18.0,1.0,0.0,260.0
SP0083,2025-04,354.0,18.0,1.0,0.0,371.0
SP0084,2025-04,369.0,273.0,254.0,4.0,384.0
SP0085,2025-04,264.0,36.0,11.0,0.0,289.0
SP0086,2025-04,0.57,0.02,0.0,0.0,0.58
SP0087,2025-04,556.0,55.0,22.0,1.0,588.0
SP9500,2025-04,413.0,260.0,267.0,3.0,403.0
SP0089,2025-04,392.0,359.0,357.0,4.0,390.0
SP0090,2025-04,348.0,359.0,375.0,1.0,331.0
SP0091,2025-04,191.0,1.0,0.0,0.0,192.0
SP0092,2025-04,480.0,217.0,205.0,0.0,492.0
SP0093,2025-04,496.0,154.0,158.0,1.0,491.0
SP0094,2025-04,611.0,31.0,18.0,1.0,623.0
SP0095,2025-04,302.0,254.0,256.0,4.0,296.0
SP0096,2025-04,573.0,148.0,151.0,0.0,570.0
SP0097,2025-04,510.0,261.0,226.0,3.0,542.0
SP0098,2025-04,637.0,52.0,19.0,1.0,669.0
SP0099,2025-04,292.0,272.0,256.0,3.0,305.0
SP0100,2025-04,360.0,20.0,6.0,0.0,374.0
SP0101,2025-04,344.0,244.0,247.0,1.0,340.0
SP0102,2025-04,404.0,27.0,15.0,0.0,416.0
SP0103,2025-04,399.0,292.0,248.0,4.0,439.0
SP0104,2025-04,383.0,334.0,284.0,2.0,431.0
SP0105,2025-04,639.0,43.0,20.0,0.0,662.0
SP0106,2025-04,414.0,198.0,203.0,3.0,406.0
SP0107,2025-04,322.0,338.0,290.0,1.0,369.0
SP0108,2025-04,160.0,314.0,318.0,3.0,153.0
SP0109,2025-04,517.0,69.0,31.0,0.0,555.0
SP0110,2025-04,499.0,146.0,128.0,1.0,516.0
SP0111,2025-04,0.45,0.03,0.01,0.0,0.46
SP0112,2025-04,396.0,142.0,128.0,1.0,409.0
SP0113,2025-04,278.0,182.0,169.0,1.0,290.0
SP0114,2025-04,325.0,324.0,279.0,3.0,367.0
SP0115,2025-04,506.0,295.0,280.0,2.0,519.0
SP0116,2025-04,225.0,189.0,175.0,1.0,238.0
SP0117,2025-04,197.0,338.0,289.0,2.0,244.0
SP0118,2025-04,305000.0,290000.0,289000.0,1000.0,305000.0
SP0119,2025-04,0.51,0.01,0.0,0.0,0.53
SP0120,2025-04,469.0,347.0,315.0,1.0,500.0
SP0121,2025-04,283.0,267.0,278.0,2.0,270.0
SP0122,2025-04,610.0,28.0,12.0,0.0,626.0
SP0123,2025-04,257.0,230.0,220.0,3.0,264.0
SP0124,2025-04,391.0,356.0,365.0,7.0,375.0
SP0125,2025-04,471.0,50.0,23.0,1.0,497.0
SP0126,2025-04,481000.0,11000.0,0.0,0.0,492000.0
SP0127,2025-04,555.0,151.0,145.0,1.0,560.0
SP0128,2025-04,227.0,17.0,0.0,0.0,244.0
SP0129,2025-04,557.0,325.0,299.0,2.0,581.0
SP0130,2025-04,483.0,308.0,272.0,5.0,514.0
SP0131,2025-04,288.0,333.0,340.0,1.0,280.0
SP0132,2025-04,130.0,1.0,0.0,0.0,131.0
SP0133,2025-04,235.0,210.0,210.0,3.0,232.0
SP0134,2025-04,226.0,251.0,243.0,2.0,232.0
SP0135,2025-04,529.0,269.0,260.0,0.0,538.0
SP0136,2025-04,252.0,282.0,258.0,1.0,275.0
,2025-04,287.0,326.0,328.0,0.0,285.0
SP0138,2025-04,272.0,296.0,266.0,1.0,301.0
SP0139,2025-04,179.0,287.0,252.0,4.0,210.0
SP0140,2025-04,228.0,339.0,343.0,3.0,221.0
SP0141,2025-04,377.0,280.0,283.0,4.0,370.0
SP0142,2025-04,541.0,358.0,313.0,2.0,584.0
SP0143,2025-04,0.56,0.2,0.21,0.0,0.56
SP0144,2025-04,272.0,189.0,184.0,2.0,275.0
SP0145,2025-04,301.0,25.0,8.0,0.0,318.0
SP0146,2025-04,284.0,166.0,150.0,1.0,299.0
SP0147,2025-04,459.0,30.0,15.0,0.0,474.0
SP0148,2025-04,596.0,245.0,254.0,1.0,586.0
SP0149,2025-04,503.0,270.0,262.0,0.0,511.0
SP0150,2025-04,349.0,350.0,335.0,2.0,362.0
SP0151,2025-04,208.0,241.0,210.0,3.0,236.0
SP0152,2025-04,233.0,189.0,196.0,3.0,223.0
SP0153,2025-04,327.0,277.0,271.0,3.0,330.0
SP0154,2025-04,0.23,0.35,0.32,0.0,0.25
SP0155,2025-04,448000.0,260000.0,226000.0,3000.0,479000.0
SP0156,2025-04,570.0,359.0,375.0,5.0,549.0
SP0157,2025-04,384.0,137.0,142.0,1.0,378.0
SP0158,2025-04,416000.0,152000.0,132000.0,2000.0,434000.0
SP0159,2025-04,315.0,299.0,292.0,1.0,321.0
SP0160,2025-04,766.0,66.0,20.0,1.0,811.0
SP9500,2025-04,359.0,323.0,304.0,2.0,376.0
SP0162,2025-04,0.35,0.06,0.03,0.0,0.38
SP0163,2025-04,135.0,158.0,163.0,1.0,129.0
SP0164,2025-04,220.0,170.0,154.0,0.0,236.0
SP0165,2025-04,527.0,30.0,12.0,0.0,545.0
SP0166,2025-04,190.0,5.0,0.0,0.0,195.0
SP0167,2025-04,392.0,241.0,236.0,1.0,396.0
SP0168,2025-04,473.0,321.0,286.0,1.0,507.0
SP0169,2025-04,473.0,25.0,10.0,0.0,488.0
SP0170,2025-04,381000.0,34000.0,11000.0,1000.0,403000.0
SP0171,2025-04,433.0,278.0,247.0,2.0,462.0
SP0172,2025-04,516.0,333.0,338.0,1.0,510.0
SP0173,2025-04,567.0,262.0,259.0,3.0,567.0
SP9505,2025-04,614.0,277.0,289.0,1.0,601.0
SP0175,2025-04,267000.0,307000.0,311000.0,1000.0,262000.0
SP0176,2025-04,395.0,168.0,158.0,3.0,402.0
SP0177,2025-04,511.0,307.0,274.0,2.0,542.0
SP0178,2025-04,568.0,64.0,30.0,1.0,601.0
SP0179,2025-04,426.0,174.0,181.0,1.0,418.0
SP0180,2025-04,522.0,215.0,204.0,1.0,532.0
SP0181,2025-04,648.0,39.0,18.0,0.0,669.0
SP0182,2025-04,427.0,56.0,33.0,0.0,450.0
SP0183,2025-04,585.0,211.0,207.0,3.0,586.0
SP0184,2025-04,0.14,0.22,0.22,0.0,0.14
SP0185,2025-04,192.0,217.0,195.0,2.0,212.0
SP0186,2025-04,243.0,220.0,198.0,1.0,264.0
SP0187,2025-04,120.0,262.0,246.0,3.0,133.0
SP0188,2025-04,137.0,305.0,275.0,2.0,165.0
SP0189,2025-04,555.0,287.0,286.0,1.0,555.0
SP0190,2025-04,293.0,298.0,277.0,2.0,312.0
SP0191,2025-04,630.0,174.0,182.0,0.0,622.0
SP0192,2025-04,272.0,341.0,297.0,1.0,315.0
SP0193,2025-04,583.0,312.0,308.0,2.0,585.0
SP0194,2025-04,0.27,0.24,0.22,0.0,0.29
SP0195,2025-04,86.0,319.0,319.0,6.0,80.0
SP0196,2025-04,712.0,22.0,9.0,0.0,725.0
SP0197,2025-04,625000.0,351000.0,364000.0,1000.0,611000.0
SP0198,2025-04,562.0,41.0,19.0,0.0,584.0
SP0199,2025-04,632.0,55.0,29.0,1.0,657.0
SP0200,2025-04,344.0,171.0,157.0,1.0,357.0
SP0201,2025-04,215.0,272.0,274.0,1.0,212.0
SP0202,2025-04,559.0,153.0,158.0,0.0,554.0
SP0203,2025-04,183000.0,149000.0,127000.0,0.0,205000.0
SP0204,2025-04,0.45,0.02,0.0,0.0,0.46
SP0205,2025-04,241.0,334.0,311.0,2.0,262.0
SP0206,2025-04,373.0,161.0,159.0,1.0,374.0
SP0207,2025-04,504.0,263.0,272.0,2.0,493.0
SP0208,2025-04,271.0,256.0,234.0,3.0,290.0
SP0209,2025-04,408.0,179.0,168.0,3.0,416.0
SP0210,2025-04,127.0,276.0,240.0,1.0,162.0
SP0211,2025-04,281.0,327.0,300.0,2.0,306.0
SP0212,2025-04,280.0,15.0,1.0,0.0,294.0
SP0213,2025-04,431.0,259.0,220.0,2.0,468.0
SP0214,2025-04,294.0,311.0,284.0,1.0,320.0
SP0215,2025-04,138.0,184.0,187.0,2.0,133.0
SP0216,2025-04,0.36,0.21,0.19,0.0,0.38
SP0217,2025-04,280.0,185.0,189.0,1.0,275.0
SP0218,2025-04,323.0,229.0,195.0,3.0,354.0
SP0219,2025-04,374.0,322.0,307.0,4.0,385.0
SP0220,2025-04,371000.0,184000.0,170000.0,2000.0,383000.0
SP0001,2025-05,362.0,37.0,12.0,0.0,387.0
SP0002,2025-05,573.0,272.0,285.0,1.0,559.0
SP0003,2025-05,439.0,218.0,186.0,1.0,470.0
SP0004,2025-05,144.0,7.0,0.0,0.0,151.0
SP0005,2025-05,414.0,251.0,249.0,3.0,413.0
SP0006,2025-05,529.0,246.0,215.0,1.0,559.0
SP0007,2025-05,0.42,0.31,0.31,0.0,0.4
SP0008,2025-05,537.0,196.0,180.0,1.0,552.0
SP0009,2025-05,535.0,350.0,330.0,2.0,553.0
SP0010,2025-05,201.0,237.0,241.0,0.0,197.0
SP0011,2025-05,577.0,188.0,168.0,2.0,595.0
SP0012,2025-05,293.0,155.0,148.0,3.0,297.0
SP0013,2025-05,520.0,59.0,31.0,1.0,547.0
SP0014,2025-05,548.0,364.0,319.0,1.0,592.0
SP0015,2025-05,322.0,3.0,0.0,0.0,325.0
SP0016,2025-05,331.0,305.0,282.0,1.0,353.0
SP0017,2025-05,546.0,305.0,271.0,2.0,578.0
SP9504,2025-05,401.0,64.0,28.0,0.0,437.0
SP0019,2025-05,590.0,202.0,185.0,3.0,604.0
SP0020,2025-05,519.0,5.0,0.0,0.0,524.0
SP0021,2025-05,500.0,326.0,290.0,3.0,533.0
SP0022,2025-05,519.0,14.0,0.0,0.0,533.0
SP0023,2025-05,210.0,336.0,333.0,3.0,210.0
SP0024,2025-05,459.0,41.0,14.0,1.0,485.0
,2025-05,0.23,0.15,0.14,0.0,0.25
SP0026,2025-05,121.0,3.0,0.0,0.0,124.0
SP0027,2025-05,565.0,170.0,149.0,2.0,584.0
SP0028,2025-05,268.0,180.0,157.0,1.0,290.0
SP0029,2025-05,345.0,16.0,2.0,0.0,359.0
SP0030,2025-05,238000.0,359000.0,325000.0,0.0,272000.0
SP9505,2025-05,443.0,376.0,340.0,2.0,477.0
SP0032,2025-05,739.0,43.0,14.0,0.0,768.0
SP0033,2025-05,391.0,156.0,141.0,3.0,403.0
SP0034,2025-05,615.0,178.0,176.0,2.0,615.0
SP0035,2025-05,277.0,231.0,223.0,0.0,285.0
,2025-05,357.0,19.0,1.0,0.0,375.0
SP0037,2025-05,375000.0,146000.0,131000.0,2000.0,388000.0
,2025-05,450.0,211.0,193.0,0.0,468.0
SP0039,2025-05,285.0,14.0,1.0,0.0,298.0
SP0040,2025-05,699.0,41.0,13.0,1.0,726.0
SP0041,2025-05,288.0,336.0,294.0,1.0,329.0
SP0042,2025-05,409.0,242.0,239.0,2.0,410.0
SP0043,2025-05,593.0,149.0,150.0,1.0,591.0
SP0044,2025-05,516.0,161.0,156.0,0.0,521.0
SP0045,2025-05,286.0,295.0,291.0,2.0,288.0
SP0046,2025-05,214.0,157.0,139.0,1.0,231.0
SP0047,2025-05,313.0,241.0,223.0,3.0,328.0
SP0048,2025-05,349.0,255.0,227.0,1.0,376.0
SP0049,2025-05,153.0,1.0,0.0,0.0,154.0
SP0050,2025-05,198.0,13.0,0.0,0.0,211.0
SP0051,2025-05,477.0,74.0,34.0,1.0,516.0
SP0052,2025-05,424.0,269.0,240.0,1.0,452.0
SP0053,2025-05,509.0,255.0,237.0,4.0,523.0
SP0054,2025-05,555.0,75.0,30.0,1.0,599.0
SP0055,2025-05,565.0,71.0,24.0,1.0,611.0
SP0056,2025-05,427.0,248.0,223.0,1.0,451.0
SP0057,2025-05,276.0,19.0,2.0,0.0,293.0
SP0058,2025-05,543.0,27.0,11.0,0.0,559.0
SP0059,2025-05,419.0,14.0,0.0,0.0,433.0
,2025-05,560.0,50.0,18.0,0.0,592.0
SP0061,2025-05,568.0,284.0,295.0,2.0,555.0
SP0062,2025-05,502.0,181.0,170.0,3.0,510.0
SP0063,2025-05,483.0,7.0,0.0,0.0,490.0
SP0064,2025-05,419.0,30.0,17.0,0.0,432.0
SP0065,2025-05,559.0,297.0,273.0,1.0,582.0
SP0066,2025-05,346.0,339.0,289.0,0.0,396.0
SP0067,2025-05,223.0,239.0,215.0,2.0,245.0
SP0068,2025-05,632.0,22.0,12.0,0.0,642.0
SP0069,2025-05,264.0,7.0,0.0,0.0,271.0
SP0070,2025-05,227.0,224.0,203.0,3.0,245.0
SP0071,2025-05,670.0,354.0,342.0,0.0,682.0
SP0072,2025-05,455.0,373.0,339.0,1.0,488.0
SP0073,2025-05,286.0,15.0,0.0,0.0,301.0
SP0074,2025-05,596.0,33.0,14.0,0.0,615.0
SP0075,2025-05,495.0,27.0,10.0,0.0,512.0
SP0076,2025-05,228.0,272.0,259.0,3.0,238.0
SP0077,2025-05,280.0,211.0,216.0,3.0,272.0
SP0078,2025-05,510.0,210.0,207.0,1.0,512.0
SP0079,2025-05,405.0,145.0,131.0,1.0,418.0
SP0080,2025-05,532.0,44.0,23.0,0.0,553.0
SP0081,2025-05,643.0,37.0,19.0,0.0,661.0
SP0082,2025-05,260.0,9.0,1.0,0.0,268.0
SP9507,2025-05,371000.0,0.0,0.0,0.0,371000.0
SP0084,2025-05,384.0,197.0,197.0,3.0,381.0
SP0085,2025-05,289.0,42.0,14.0,0.0,317.0
SP0086,2025-05,585.0,4.0,0.0,0.0,589.0
SP0087,2025-05,588.0,21.0,12.0,0.0,597.0
SP9500,2025-05,403.0,165.0,151.0,2.0,415.0
SP0089,2025-05,390.0,158.0,144.0,2.0,402.0
SP0090,2025-05,331.0,376.0,390.0,1.0,316.0
SP0091,2025-05,192.0,16.0,0.0,0.0,208.0
SP0092,2025-05,492.0,349.0,335.0,1.0,505.0
SP0093,2025-05,491.0,247.0,231.0,0.0,507.0
SP0094,2025-05,623.0,36.0,14.0,0.0,645.0
SP0095,2025-05,296.0,236.0,245.0,4.0,283.0
SP0096,2025-05,570.0,198.0,198.0,1.0,569.0
SP0097,2025-05,542000.0,168000.0,163000.0,3000.0,544000.0
SP0098,2025-05,669.0,63.0,31.0,1.0,700.0
SP0099,2025-05,305.0,169.0,152.0,2.0,320.0
SP0100,2025-05,374.0,55.0,29.0,1.0,399.0
SP0101,2025-05,340.0,220.0,193.0,1.0,366.0
SP0102,2025-05,416.0,62.0,27.0,0.0,451.0
SP0103,2025-05,439.0,189.0,185.0,1.0,442.0
SP0104,2025-05,431.0,199.0,170.0,1.0,459.0
SP0105,2025-05,662.0,62.0,34.0,0.0,690.0
SP0106,2025-05,406.0,353.0,318.0,6.0,435.0
SP0107,2025-05,369.0,339.0,294.0,1.0,413.0
SP0108,2025-05,153.0,257.0,224.0,3.0,183.0
SP0109,2025-05,555.0,30.0,17.0,0.0,568.0
SP0110,2025-05,516.0,191.0,181.0,1.0,525.0
SP9503,2025-05,462.0,32.0,13.0,0.0,481.0
SP0112,2025-05,409.0,324.0,305.0,3.0,425.0
SP0113,2025-05,290.0,363.0,334.0,5.0,314.0
SP0114,2025-05,367.0,175.0,169.0,1.0,372.0
SP0115,2025-05,519.0,165.0,142.0,2.0,540.0
SP0116,2025-05,238000.0,280000.0,280000.0,1000.0,237000.0
SP0117,2025-05,244.0,323.0,279.0,1.0,287.0
SP0118,2025-05,305.0,209.0,197.0,1.0,316.0
SP0119,2025-05,528.0,4.0,0.0,0.0,532.0
SP0120,2025-05,500.0,351.0,338.0,3.0,510.0
SP0121,2025-05,270000.0,258000.0,268000.0,3000.0,257000.0
SP0122,2025-05,626000.0,36000.0,18000.0,0.0,644000.0
SP0123,2025-05,264.0,306.0,293.0,5.0,272.0
SP0124,2025-05,375.0,257.0,258.0,4.0,370.0
SP0125,2025-05,497.0,32.0,11.0,0.0,518.0
SP0126,2025-05,492.0,5.0,0.0,0.0,497.0
SP0127,2025-05,560.0,307.0,277.0,1.0,589.0
SP0128,2025-05,244.0,13.0,1.0,0.0,256.0
SP0129,2025-05,581.0,300.0,270.0,2.0,609.0
SP0130,2025-05,514.0,379.0,330.0,5.0,558.0
SP0131,2025-05,280.0,245.0,250.0,1.0,274.0
SP0132,2025-05,131.0,9.0,0.0,0.0,140.0
SP0133,2025-05,232.0,267.0,246.0,3.0,250.0
SP0134,2025-05,232000.0,224000.0,215000.0,2000.0,239000.0
SP0135,2025-05,538.0,369.0,365.0,0.0,542.0
SP0136,2025-05,275.0,353.0,335.0,1.0,292.0
SP0137,2025-05,285.0,329.0,335.0,1.0,278.0
SP0138,2025-05,301.0,350.0,334.0,2.0,315.0
SP0139,2025-05,210.0,360.0,346.0,7.0,217.0
SP0140,2025-05,221.0,204.0,180.0,1.0,244.0
SP0141,2025-05,370.0,317.0,288.0,5.0,394.0
SP0142,2025-05,584.0,150.0,151.0,0.0,583.0
SP0143,2025-05,556.0,371.0,323.0,6.0,598.0
SP0144,2025-05,275.0,271.0,274.0,3.0,269.0
SP0145,2025-05,318.0,38.0,13.0,1.0,342.0
SP0146,2025-05,299.0,202.0,200.0,1.0,300.0
SP0147,2025-05,474.0,33.0,15.0,0.0,492.0
SP0148,2025-05,586.0,168.0,164.0,1.0,589.0
SP0149,2025-05,511.0,204.0,182.0,1.0,532.0
SP0150,2025-05,362.0,159.0,164.0,1.0,356.0
SP0151,2025-05,236.0,181.0,187.0,2.0,228.0
SP0152,2025-05,223.0,258.0,229.0,4.0,248.0
SP0153,2025-05,330.0,351.0,314.0,4.0,363.0
SP0154,2025-05,252.0,236.0,220.0,2.0,266.0
SP0155,2025-05,479.0,257.0,260.0,3.0,473.0
SP0156,2025-05,549.0,150.0,155.0,1.0,543.0
SP0157,2025-05,378.0,149.0,145.0,2.0,380.0
SP0158,2025-05,434.0,321.0,312.0,1.0,442.0
SP0159,2025-05,321000.0,358000.0,353000.0,2000.0,324000.0
SP0160,2025-05,811.0,33.0,16.0,0.0,828.0
SP0161,2025-05,376.0,277.0,253.0,4.0,396.0
SP0162,2025-05,385.0,44.0,14.0,0.0,415.0
SP0163,2025-05,0.13,0.34,0.34,0.0,0.13
SP0164,2025-05,236.0,244.0,227.0,1.0,252.0
SP0165,2025-05,545.0,66.0,32.0,0.0,579.0
SP0166,2025-05,195.0,10.0,1.0,0.0,204.0
SP0167,2025-05,396.0,280.0,277.0,2.0,397.0
SP0168,2025-05,507.0,186.0,187.0,1.0,505.0
SP0169,2025-05,488.0,19.0,8.0,0.0,499.0
SP0170,2025-05,403.0,47.0,24.0,0.0,426.0
SP0171,2025-05,462.0,308.0,274.0,1.0,495.0
SP0172,2025-05,510.0,168.0,172.0,0.0,506.0
SP0173,2025-05,567.0,158.0,146.0,1.0,578.0
SP0174,2025-05,601.0,149.0,128.0,0.0,622.0
SP0175,2025-05,0.26,0.27,0.26,0.0,0.27
SP0176,2025-05,402.0,330.0,316.0,2.0,414.0
,2025-05,542.0,334.0,325.0,4.0,547.0
SP0178,2025-05,601.0,53.0,20.0,0.0,634.0
SP0179,2025-05,418.0,324.0,279.0,3.0,460.0
SP0180,2025-05,532.0,188.0,170.0,0.0,550.0
SP0181,2025-05,669.0,67.0,25.0,0.0,711.0
SP0182,2025-05,450.0,50.0,16.0,0.0,484.0
SP0183,2025-05,586.0,250.0,241.0,4.0,591.0
SP0184,2025-05,135.0,364.0,310.0,5.0,184.0
SP0185,2025-05,212.0,227.0,224.0,1.0,214.0
SP0186,2025-05,264.0,276.0,282.0,1.0,257.0
SP0187,2025-05,133.0,369.0,335.0,3.0,164.0
SP0188,2025-05,165.0,208.0,205.0,3.0,165.0
SP0189,2025-05,0.56,0.3,0.29,0.0,0.56
SP0190,2025-05,312.0,221.0,188.0,1.0,344.0
SP0191,2025-05,622000.0,352000.0,342000.0,2000.0,630000.0
SP0192,2025-05,0.32,0.28,0.27,0.0,0.32
SP0193,2025-05,585.0,353.0,332.0,2.0,604.0
SP0194,2025-05,287.0,345.0,311.0,7.0,314.0
SP0195,2025-05,80.0,262.0,252.0,2.0,88.0
SP0196,2025-05,725.0,72.0,25.0,1.0,771.0
SP0197,2025-05,0.61,0.23,0.22,0.0,0.62
SP0198,2025-05,584.0,44.0,17.0,0.0,611.0
SP0199,2025-05,657.0,49.0,22.0,0.0,684.0
SP0200,2025-05,357.0,151.0,130.0,0.0,378.0
SP0201,2025-05,212.0,370.0,373.0,1.0,208.0
SP0202,2025-05,554.0,187.0,186.0,0.0,555.0
SP0203,2025-05,205.0,222.0,229.0,1.0,197.0
SP0204,2025-05,463.0,26.0,15.0,0.0,474.0
SP0205,2025-05,262.0,169.0,160.0,1.0,270.0
SP0206,2025-05,374.0,175.0,164.0,1.0,384.0
SP0207,2025-05,493.0,238.0,221.0,2.0,508.0
SP0208,2025-05,290.0,207.0,196.0,2.0,299.0
SP0209,2025-05,416.0,182.0,186.0,2.0,410.0
SP0210,2025-05,162.0,285.0,288.0,2.0,157.0
SP0211,2025-05,306.0,192.0,186.0,2.0,310.0
SP0212,2025-05,294.0,2.0,0.0,0.0,296.0
SP0213,2025-05,468.0,346.0,335.0,2.0,477.0
SP0214,2025-05,320.0,348.0,358.0,1.0,309.0
SP0215,2025-05,133.0,311.0,299.0,2.0,143.0
SP0216,2025-05,376.0,300.0,303.0,4.0,369.0
SP0217,2025-05,275.0,269.0,266.0,2.0,276.0
SP0218,2025-05,354.0,329.0,317.0,3.0,363.0
SP0219,2025-05,385.0,324.0,280.0,4.0,425.0
SP0220,2025-05,383.0,352.0,350.0,1.0,384.0
SP0001,2025-06,387000.0,40000.0,21000.0,0.0,406000.0
SP0002,2025-06,559.0,215.0,219.0,1.0,554.0
SP0003,2025-06,470.0,204.0,185.0,2.0,487.0
SP0004,2025-06,0.15,0.01,0.0,0.0,0.16
SP0005,2025-06,413.0,151.0,130.0,1.0,433.0
SP0006,2025-06,559.0,325.0,278.0,1.0,605.0
SP0007,2025-06,405.0,246.0,248.0,3.0,400.0
SP0008,2025-06,552.0,167.0,146.0,0.0,573.0
SP0009,2025-06,553.0,166.0,161.0,0.0,558.0
SP0010,2025-06,197.0,155.0,131.0,1.0,220.0
SP0011,2025-06,595.0,184.0,175.0,1.0,603.0
SP0012,2025-06,297.0,305.0,261.0,4.0,337.0
SP0013,2025-06,547.0,57.0,20.0,0.0,584.0
SP0014,2025-06,592.0,288.0,276.0,1.0,603.0
SP0015,2025-06,325.0,7.0,0.0,0.0,332.0
SP0016,2025-06,353.0,313.0,325.0,0.0,341.0
SP0017,2025-06,578.0,155.0,133.0,1.0,599.0
SP0018,2025-06,437.0,70.0,30.0,0.0,477.0
SP0019,2025-06,604.0,362.0,347.0,3.0,616.0
SP0020,2025-06,524.0,1.0,0.0,0.0,525.0
SP0021,2025-06,533.0,373.0,337.0,2.0,567.0
SP0022,2025-06,533000.0,3000.0,0.0,0.0,536000.0
SP0023,2025-06,210.0,221.0,224.0,1.0,206.0
SP0024,2025-06,485.0,72.0,34.0,1.0,522.0
SP0025,2025-06,248.0,240.0,213.0,2.0,273.0
SP0026,2025-06,124.0,6.0,0.0,0.0,130.0
SP0027,2025-06,584.0,192.0,171.0,1.0,604.0
SP0028,2025-06,290.0,247.0,256.0,1.0,280.0
SP0029,2025-06,359.0,16.0,0.0,0.0,375.0
SP0030,2025-06,272.0,200.0,203.0,0.0,269.0
SP0031,2025-06,477.0,351.0,342.0,3.0,483.0
SP0032,2025-06,768.0,31.0,12.0,0.0,787.0
SP0033,2025-06,403.0,250.0,249.0,1.0,403.0
SP0034,2025-06,615.0,325.0,318.0,1.0,621.0
SP0035,2025-06,285.0,158.0,142.0,0.0,301.0
SP0036,2025-06,375.0,4.0,0.0,0.0,379.0
SP0037,2025-06,388.0,243.0,239.0,3.0,389.0
SP0038,2025-06,468.0,182.0,185.0,0.0,465.0
SP0039,2025-06,298.0,17.0,1.0,0.0,314.0
SP0040,2025-06,726.0,38.0,16.0,0.0,748.0
SP0041,2025-06,329000.0,165000.0,169000.0,0.0,325000.0
SP0042,2025-06,410.0,329.0,329.0,6.0,404.0
SP0043,2025-06,591.0,368.0,333.0,0.0,626.0
SP0044,2025-06,521.0,337.0,338.0,1.0,519.0
SP0045,2025-06,288.0,220.0,189.0,1.0,318.0
SP0046,2025-06,231.0,190.0,168.0,1.0,252.0
SP0047,2025-06,328.0,365.0,324.0,3.0,366.0
SP0048,2025-06,376.0,385.0,391.0,2.0,368.0
SP0049,2025-06,154.0,10.0,0.0,0.0,164.0
SP0050,2025-06,211.0,6.0,0.0,0.0,217.0
SP0051,2025-06,516000.0,69000.0,23000.0,1000.0,561000.0
SP0052,2025-06,452.0,214.0,218.0,2.0,446.0
SP0053,2025-06,523.0,325.0,297.0,3.0,548.0
SP0054,2025-06,599.0,61.0,33.0,0.0,627.0
SP0055,2025-06,0.61,0.06,0.03,0.0,0.64
SP0056,2025-06,0.45,0.3,0.29,0.0,0.46
SP0057,2025-06,293.0,7.0,0.0,0.0,300.0
SP0058,2025-06,559.0,48.0,14.0,0.0,593.0
SP0059,2025-06,433.0,5.0,0.0,0.0,438.0
SP0060,2025-06,592.0,31.0,12.0,0.0,611.0
SP0061,2025-06,0.56,0.31,0.3,0.0,0.56
SP0062,2025-06,510.0,348.0,313.0,6.0,539.0
SP0063,2025-06,490.0,7.0,0.0,0.0,497.0
SP0064,2025-06,432.0,51.0,20.0,1.0,462.0
SP0065,2025-06,582.0,342.0,295.0,2.0,627.0
SP0066,2025-06,396.0,186.0,183.0,1.0,398.0
SP0067,2025-06,245.0,281.0,272.0,3.0,251.0
SP9504,2025-06,642.0,26.0,8.0,0.0,660.0
SP0069,2025-06,271.0,8.0,1.0,0.0,278.0
SP0070,2025-06,245.0,294.0,302.0,4.0,233.0
SP0071,2025-06,682.0,362.0,360.0,1.0,683.0
SP0072,2025-06,488.0,323.0,329.0,1.0,481.0
SP0073,2025-06,301000.0,14000.0,1000.0,0.0,314000.0
SP0074,2025-06,615.0,53.0,24.0,0.0,644.0
SP0075,2025-06,512.0,61.0,32.0,0.0,541.0
SP0076,2025-06,238.0,194.0,194.0,1.0,237.0
SP0077,2025-06,272.0,203.0,211.0,2.0,262.0
SP0078,2025-06,512.0,308.0,272.0,3.0,545.0
SP0079,2025-06,418.0,245.0,232.0,1.0,430.0
SP0080,2025-06,553.0,54.0,27.0,1.0,579.0
SP0081,2025-06,661.0,45.0,24.0,0.0,682.0
SP0082,2025-06,268.0,0.0,0.0,0.0,268.0
SP0083,2025-06,371.0,5.0,0.0,0.0,376.0
SP0084,2025-06,0.38,0.4,0.39,0.0,0.38
SP0085,2025-06,0.32,0.06,0.02,0.0,0.36
SP0086,2025-06,589.0,13.0,0.0,0.0,602.0
SP0087,2025-06,0.6,0.04,0.02,0.0,0.62
SP0088,2025-06,415.0,268.0,272.0,5.0,406.0
SP0089,2025-06,402.0,343.0,332.0,1.0,412.0
SP0090,2025-06,316.0,347.0,362.0,1.0,300.0
SP0091,2025-06,208.0,2.0,0.0,0.0,210.0
SP0092,2025-06,505.0,363.0,373.0,2.0,493.0
SP0093,2025-06,507.0,204.0,205.0,1.0,505.0
SP0094,2025-06,0.64,0.04,0.01,0.0,0.67
SP0095,2025-06,283.0,158.0,149.0,1.0,291.0
SP0096,2025-06,569.0,371.0,372.0,3.0,565.0
SP0097,2025-06,544.0,298.0,283.0,5.0,554.0
SP0098,2025-06,700.0,66.0,30.0,1.0,735.0
SP0099,2025-06,320000.0,332000.0,290000.0,3000.0,359000.0
SP0100,2025-06,399.0,43.0,18.0,0.0,424.0
SP0101,2025-06,366000.0,393000.0,407000.0,0.0,352000.0
SP0102,2025-06,451.0,76.0,41.0,0.0,486.0
SP0103,2025-06,442.0,170.0,177.0,2.0,433.0
SP0104,2025-06,459.0,332.0,345.0,1.0,445.0
SP0105,2025-06,690.0,25.0,14.0,0.0,701.0
SP0106,2025-06,435.0,289.0,267.0,5.0,452.0
SP0107,2025-06,413.0,218.0,212.0,0.0,419.0
SP0108,2025-06,183.0,297.0,264.0,1.0,215.0
SP0109,2025-06,568.0,37.0,12.0,0.0,593.0
SP0110,2025-06,525.0,373.0,374.0,3.0,521.0
SP0111,2025-06,481.0,37.0,17.0,0.0,501.0
SP0112,2025-06,425.0,388.0,383.0,2.0,428.0
SP0113,2025-06,314.0,314.0,269.0,2.0,357.0
SP0114,2025-06,372.0,309.0,265.0,4.0,412.0
SP0115,2025-06,0.54,0.25,0.22,0.0,0.57
SP0116,2025-06,237.0,228.0,229.0,1.0,235.0
SP0117,2025-06,287.0,359.0,340.0,3.0,303.0
SP0118,2025-06,316000.0,251000.0,222000.0,1000.0,344000.0
SP0119,2025-06,532.0,10.0,0.0,0.0,542.0
SP0120,2025-06,510.0,303.0,300.0,2.0,511.0
SP0121,2025-06,257.0,211.0,206.0,1.0,261.0
SP0122,2025-06,644.0,57.0,22.0,1.0,678.0
SP0123,2025-06,272.0,347.0,317.0,2.0,300.0
SP0124,2025-06,370.0,315.0,310.0,5.0,370.0
SP0125,2025-06,518.0,72.0,22.0,1.0,567.0
SP0126,2025-06,497.0,13.0,1.0,0.0,509.0
SP0127,2025-06,0.59,0.2,0.19,0.0,0.59
SP0128,2025-06,256.0,17.0,2.0,0.0,271.0
SP0129,2025-06,609.0,221.0,213.0,3.0,614.0
SP0130,2025-06,558.0,258.0,235.0,3.0,578.0
SP0131,2025-06,274.0,170.0,176.0,1.0,267.0
SP0132,2025-06,140.0,11.0,0.0,0.0,151.0
SP0133,2025-06,250.0,335.0,349.0,5.0,231.0
SP0134,2025-06,239.0,166.0,163.0,1.0,241.0
SP0135,2025-06,542.0,270.0,237.0,1.0,574.0
SP0136,2025-06,292.0,393.0,360.0,2.0,323.0
SP0137,2025-06,278.0,373.0,389.0,1.0,261.0
SP0138,2025-06,315.0,251.0,215.0,2.0,349.0
SP0139,2025-06,217.0,222.0,231.0,4.0,204.0
SP0140,2025-06,244.0,240.0,245.0,3.0,236.0
SP0141,2025-06,394.0,191.0,162.0,3.0,420.0
SP0142,2025-06,583000.0,280000.0,292000.0,1000.0,570000.0
SP0143,2025-06,0.6,0.19,0.18,0.0,0.6
SP0144,2025-06,269.0,205.0,213.0,1.0,260.0
SP0145,2025-06,342.0,55.0,32.0,1.0,364.0
SP0146,2025-06,300.0,287.0,261.0,2.0,324.0
SP0147,2025-06,492.0,47.0,18.0,0.0,521.0
SP0148,2025-06,589.0,262.0,225.0,2.0,624.0
SP0149,2025-06,532.0,338.0,322.0,0.0,548.0
SP0150,2025-06,356000.0,198000.0,168000.0,4000.0,382000.0
SP0151,2025-06,228.0,172.0,175.0,2.0,223.0
SP0152,2025-06,248.0,283.0,255.0,4.0,272.0
SP0153,2025-06,363.0,155.0,140.0,1.0,377.0
SP0154,2025-06,266.0,188.0,191.0,1.0,262.0
SP0155,2025-06,473.0,172.0,156.0,3.0,486.0
SP0156,2025-06,543.0,322.0,309.0,4.0,552.0
SP0157,2025-06,380.0,331.0,334.0,4.0,373.0
SP0158,2025-06,442.0,296.0,271.0,3.0,464.0
SP0159,2025-06,324.0,395.0,370.0,1.0,348.0
SP0160,2025-06,828.0,69.0,22.0,1.0,874.0
SP0161,2025-06,396.0,186.0,170.0,2.0,410.0
SP0162,2025-06,415.0,40.0,18.0,0.0,437.0
SP0163,2025-06,129000.0,221000.0,229000.0,3000.0,118000.0
SP0164,2025-06,252.0,342.0,340.0,0.0,254.0
SP0165,2025-06,579.0,68.0,40.0,1.0,606.0
SP0166,2025-06,204.0,17.0,0.0,0.0,221.0
SP0167,2025-06,397.0,391.0,357.0,1.0,430.0
SP0168,2025-06,505.0,224.0,224.0,1.0,504.0
SP0169,2025-06,499.0,47.0,27.0,0.0,519.0
SP0170,2025-06,426.0,50.0,26.0,0.0,450.0
SP0171,2025-06,495.0,352.0,368.0,3.0,476.0
SP0172,2025-06,506.0,354.0,356.0,0.0,504.0
SP0173,2025-06,578.0,186.0,162.0,2.0,600.0
SP0174,2025-06,622.0,394.0,375.0,1.0,640.0
SP0175,2025-06,271.0,210.0,216.0,2.0,263.0
SP0176,2025-06,414.0,383.0,349.0,5.0,443.0
SP0177,2025-06,547.0,343.0,347.0,7.0,536.0
SP0178,2025-06,634000.0,44000.0,19000.0,0.0,659000.0
SP0179,2025-06,460.0,168.0,166.0,1.0,461.0
SP0180,2025-06,550.0,341.0,325.0,0.0,566.0
SP0181,2025-06,711.0,63.0,29.0,0.0,745.0
SP0182,2025-06,484.0,38.0,13.0,1.0,508.0
SP0183,2025-06,591.0,393.0,387.0,6.0,591.0
SP0184,2025-06,184.0,357.0,372.0,3.0,166.0
SP0185,2025-06,214.0,272.0,252.0,2.0,232.0
SP0186,2025-06,257000.0,242000.0,212000.0,1000.0,286000.0
SP0187,2025-06,164.0,248.0,221.0,1.0,190.0
SP0188,2025-06,165.0,310.0,288.0,3.0,184.0
SP0189,2025-06,561.0,164.0,147.0,1.0,577.0
SP0190,2025-06,344.0,250.0,215.0,1.0,378.0
SP0191,2025-06,630.0,305.0,271.0,2.0,662.0
SP0192,2025-06,322.0,192.0,184.0,1.0,329.0
SP0193,2025-06,604.0,273.0,246.0,4.0,627.0
SP0194,2025-06,314.0,154.0,159.0,2.0,307.0
SP0195,2025-06,88.0,290.0,267.0,5.0,106.0
SP0196,2025-06,771.0,39.0,19.0,0.0,791.0
SP0197,2025-06,616.0,395.0,378.0,0.0,633.0
SP0198,2025-06,611.0,52.0,19.0,0.0,644.0
SP0199,2025-06,684.0,46.0,21.0,0.0,709.0
SP0200,2025-06,378.0,198.0,206.0,1.0,369.0
SP0201,2025-06,208.0,262.0,252.0,0.0,218.0
SP0202,2025-06,555.0,244.0,235.0,1.0,563.0
SP0203,2025-06,197.0,384.0,342.0,1.0,238.0
SP0204,2025-06,474.0,69.0,34.0,0.0,509.0
SP0205,2025-06,270.0,363.0,329.0,1.0,303.0
SP0206,2025-06,384.0,160.0,144.0,0.0,400.0
SP0207,2025-06,508.0,271.0,261.0,2.0,516.0
SP0208,2025-06,299.0,290.0,278.0,4.0,307.0
SP0209,2025-06,410.0,174.0,160.0,2.0,422.0
SP0210,2025-06,157.0,284.0,291.0,1.0,149.0
SP0211,2025-06,310.0,210.0,213.0,3.0,304.0
SP0212,2025-06,296.0,5.0,0.0,0.0,301.0
SP0213,2025-06,477.0,190.0,194.0,2.0,471.0
SP0214,2025-06,309.0,191.0,182.0,0.0,318.0
SP0215,2025-06,143.0,328.0,309.0,6.0,156.0
SP9509,2025-06,369.0,394.0,342.0,8.0,413.0
SP0217,2025-06,276.0,174.0,159.0,3.0,288.0
SP0218,2025-06,363.0,373.0,350.0,2.0,384.0
SP0219,2025-06,425.0,190.0,174.0,4.0,437.0
SP0220,2025-06,384.0,175.0,176.0,1.0,382.0
SP0001,2025-07,406.0,54.0,18.0,0.0,442.0
SP0002,2025-07,554.0,260.0,254.0,1.0,559.0
SP0003,2025-07,487.0,342.0,346.0,3.0,480.0
SP0004,2025-07,157.0,14.0,0.0,0.0,171.0
SP0005,2025-07,0.43,0.25,0.22,0.0,0.46
SP0006,2025-07,605.0,393.0,338.0,2.0,658.0
SP0007,2025-07,400.0,385.0,339.0,4.0,442.0
SP0008,2025-07,573.0,325.0,326.0,1.0,571.0
SP0009,2025-07,558.0,177.0,169.0,0.0,566.0
SP0010,2025-07,220000.0,200000.0,175000.0,1000.0,244000.0
SP0011,2025-07,0.6,0.38,0.4,0.0,0.58
SP0012,2025-07,337.0,368.0,344.0,3.0,358.0
SP0013,2025-07,584.0,58.0,26.0,0.0,616.0
SP0014,2025-07,603.0,195.0,168.0,1.0,629.0
SP0015,2025-07,332.0,18.0,0.0,0.0,350.0
SP0016,2025-07,341.0,342.0,330.0,0.0,353.0
SP0017,2025-07,599.0,265.0,254.0,3.0,607.0
SP0018,2025-07,477.0,22.0,12.0,0.0,487.0
SP9507,2025-07,616.0,360.0,376.0,3.0,597.0
SP0020,2025-07,525.0,8.0,0.0,0.0,533.0
SP0021,2025-07,567.0,222.0,223.0,1.0,565.0
SP0022,2025-07,536.0,15.0,0.0,0.0,551.0
SP0023,2025-07,206.0,304.0,311.0,2.0,197.0
SP0024,2025-07,522.0,31.0,10.0,0.0,543.0
SP0025,2025-07,273.0,227.0,200.0,2.0,298.0
SP0026,2025-07,130000.0,8000.0,0.0,0.0,138000.0
SP0027,2025-07,604.0,251.0,229.0,3.0,623.0
SP0028,2025-07,280.0,292.0,256.0,2.0,314.0
SP0029,2025-07,0.38,0.01,0.0,0.0,0.38
SP0030,2025-07,269.0,393.0,383.0,1.0,278.0
SP0031,2025-07,483.0,237.0,222.0,1.0,497.0
SP0032,2025-07,787.0,60.0,33.0,1.0,813.0
SP0033,2025-07,403.0,235.0,225.0,4.0,409.0
SP0034,2025-07,621.0,376.0,343.0,3.0,651.0
SP0035,2025-07,0.3,0.16,0.15,0.0,0.31
SP0036,2025-07,379.0,6.0,0.0,0.0,385.0
SP0037,2025-07,389.0,390.0,365.0,2.0,412.0
SP0038,2025-07,465.0,208.0,207.0,0.0,466.0
SP0039,2025-07,314.0,6.0,0.0,0.0,320.0
SP0040,2025-07,748.0,75.0,24.0,1.0,798.0
SP0041,2025-07,325.0,280.0,280.0,1.0,324.0
SP0042,2025-07,404.0,294.0,260.0,4.0,434.0
SP0043,2025-07,626.0,158.0,153.0,0.0,631.0
SP0044,2025-07,519.0,155.0,147.0,0.0,527.0
SP0045,2025-07,318.0,253.0,257.0,3.0,311.0
SP0046,2025-07,252.0,156.0,133.0,1.0,274.0
SP0047,2025-07,366.0,273.0,232.0,3.0,404.0
SP0048,2025-07,368.0,364.0,356.0,3.0,373.0
SP0049,2025-07,164.0,5.0,0.0,0.0,169.0
SP0050,2025-07,217.0,12.0,1.0,0.0,228.0
SP0051,2025-07,561.0,29.0,16.0,0.0,574.0
SP0052,2025-07,446.0,372.0,347.0,2.0,469.0
SP0053,2025-07,548000.0,157000.0,138000.0,3000.0,564000.0
SP0054,2025-07,627.0,68.0,26.0,1.0,668.0
SP0055,2025-07,640.0,55.0,27.0,1.0,667.0
SP0056,2025-07,462.0,395.0,339.0,3.0,515.0
,2025-07,300.0,17.0,2.0,0.0,315.0
SP0058,2025-07,593.0,65.0,32.0,1.0,625.0
SP0059,2025-07,438.0,4.0,0.0,0.0,442.0
SP0060,2025-07,611.0,41.0,12.0,0.0,640.0
SP0061,2025-07,564.0,221.0,190.0,2.0,593.0
SP0062,2025-07,539.0,204.0,194.0,3.0,546.0
SP0063,2025-07,497.0,11.0,1.0,0.0,507.0
SP0064,2025-07,462.0,52.0,29.0,0.0,485.0
SP0065,2025-07,627.0,202.0,182.0,0.0,647.0
SP0066,2025-07,398.0,163.0,164.0,0.0,397.0
SP0067,2025-07,251000.0,335000.0,322000.0,1000.0,263000.0
SP0068,2025-07,660.0,57.0,27.0,0.0,690.0
SP0069,2025-07,278.0,6.0,0.0,0.0,284.0
SP0070,2025-07,233.0,276.0,283.0,3.0,223.0
SP0071,2025-07,683.0,297.0,301.0,0.0,679.0
SP0072,2025-07,481.0,157.0,160.0,0.0,478.0
SP0073,2025-07,314.0,6.0,0.0,0.0,320.0
SP0074,2025-07,644.0,31.0,11.0,0.0,664.0
SP0075,2025-07,541.0,21.0,9.0,0.0,553.0
SP0076,2025-07,0.24,0.18,0.15,0.0,0.26
SP0077,2025-07,262.0,202.0,190.0,4.0,270.0
SP0078,2025-07,545.0,228.0,238.0,1.0,534.0
SP0079,2025-07,430.0,286.0,253.0,2.0,461.0
SP0080,2025-07,579.0,52.0,28.0,0.0,603.0
SP0081,2025-07,682.0,26.0,14.0,0.0,694.0
SP0082,2025-07,0.27,0.02,0.0,0.0,0.29
SP0083,2025-07,376.0,6.0,0.0,0.0,382.0
SP0084,2025-07,379.0,191.0,171.0,3.0,396.0
,2025-07,358.0,66.0,24.0,1.0,399.0
SP0086,2025-07,602.0,3.0,0.0,0.0,605.0
SP0087,2025-07,622.0,26.0,9.0,0.0,639.0
SP0088,2025-07,406.0,237.0,233.0,2.0,408.0
SP0089,2025-07,412.0,367.0,353.0,4.0,422.0
SP0090,2025-07,300.0,304.0,259.0,0.0,345.0
SP0091,2025-07,210.0,10.0,0.0,0.0,220.0
SP0092,2025-07,493000.0,178000.0,165000.0,0.0,506000.0
SP0093,2025-07,505.0,276.0,258.0,0.0,523.0
SP0094,2025-07,670.0,28.0,15.0,1.0,682.0
SP0095,2025-07,291.0,278.0,262.0,2.0,305.0
SP0096,2025-07,565.0,273.0,261.0,2.0,575.0
SP0097,2025-07,554.0,340.0,318.0,7.0,569.0
SP0098,2025-07,735.0,41.0,21.0,1.0,754.0
SP0099,2025-07,359.0,196.0,173.0,2.0,380.0
SP0100,2025-07,424.0,75.0,40.0,0.0,459.0
SP0101,2025-07,352.0,309.0,262.0,1.0,398.0
SP0102,2025-07,486.0,56.0,18.0,0.0,524.0
SP9501,2025-07,433.0,297.0,269.0,3.0,458.0
SP0104,2025-07,445.0,276.0,261.0,1.0,459.0
SP0105,2025-07,701.0,79.0,27.0,1.0,752.0
SP0106,2025-07,452000.0,248000.0,229000.0,4000.0,467000.0
SP0107,2025-07,419.0,282.0,276.0,0.0,425.0
SP0108,2025-07,215.0,366.0,361.0,2.0,218.0
SP0109,2025-07,593.0,43.0,24.0,0.0,612.0
SP0110,2025-07,521.0,176.0,163.0,2.0,532.0
SP0111,2025-07,501.0,33.0,15.0,0.0,519.0
SP0112,2025-07,428.0,155.0,148.0,1.0,434.0
SP0113,2025-07,357.0,231.0,218.0,1.0,369.0
SP0114,2025-07,412.0,180.0,175.0,1.0,416.0
SP0115,2025-07,569.0,233.0,224.0,1.0,577.0
SP0116,2025-07,235.0,312.0,297.0,0.0,250.0
SP0117,2025-07,303.0,151.0,140.0,0.0,314.0
SP0118,2025-07,344.0,235.0,240.0,2.0,337.0
SP0119,2025-07,542.0,8.0,0.0,0.0,550.0
SP0120,2025-07,511.0,290.0,278.0,2.0,521.0
SP0121,2025-07,261.0,267.0,235.0,4.0,289.0
SP0122,2025-07,678.0,49.0,15.0,0.0,712.0
SP0123,2025-07,300.0,290.0,267.0,2.0,321.0
SP0124,2025-07,370.0,383.0,364.0,4.0,385.0
SP0125,2025-07,567.0,31.0,12.0,0.0,586.0
SP0126,2025-07,509.0,2.0,0.0,0.0,511.0
SP0127,2025-07,592.0,221.0,195.0,1.0,617.0
SP0128,2025-07,271.0,0.0,0.0,0.0,271.0
SP0129,2025-07,614000.0,253000.0,241000.0,3000.0,623000.0
SP0130,2025-07,578.0,268.0,277.0,2.0,567.0
SP0131,2025-07,267.0,308.0,264.0,1.0,310.0
,2025-07,151.0,0.0,0.0,0.0,151.0
SP0133,2025-07,231.0,316.0,294.0,4.0,249.0
SP0134,2025-07,241.0,319.0,325.0,2.0,233.0
SP0135,2025-07,574.0,326.0,317.0,0.0,583.0
SP0136,2025-07,323.0,237.0,209.0,1.0,350.0
SP0137,2025-07,261.0,243.0,248.0,0.0,256.0
SP0138,2025-07,349.0,372.0,347.0,1.0,373.0
SP0139,2025-07,204.0,224.0,199.0,1.0,228.0
SP0140,2025-07,236000.0,217000.0,211000.0,2000.0,240000.0
SP0141,2025-07,420.0,340.0,309.0,2.0,449.0
SP0142,2025-07,570.0,229.0,212.0,1.0,586.0
SP0143,2025-07,602.0,262.0,260.0,3.0,601.0
SP0144,2025-07,260.0,318.0,302.0,3.0,273.0
SP0145,2025-07,364.0,25.0,11.0,0.0,378.0
SP0146,2025-07,324.0,388.0,367.0,3.0,342.0
SP0147,2025-07,521.0,72.0,29.0,1.0,563.0
SP0148,2025-07,624.0,204.0,206.0,2.0,620.0
,2025-07,548.0,309.0,267.0,1.0,589.0
SP0150,2025-07,382.0,232.0,237.0,3.0,374.0
SP0151,2025-07,223.0,239.0,245.0,1.0,216.0
SP9501,2025-07,272.0,358.0,309.0,6.0,315.0
SP0153,2025-07,377.0,224.0,230.0,3.0,368.0
SP0154,2025-07,262.0,297.0,255.0,2.0,302.0
SP0155,2025-07,486.0,273.0,274.0,5.0,480.0
SP0156,2025-07,552.0,376.0,369.0,3.0,556.0
SP0157,2025-07,373.0,240.0,234.0,5.0,374.0
SP0158,2025-07,464.0,291.0,281.0,3.0,471.0
,2025-07,348.0,325.0,280.0,1.0,392.0
SP0160,2025-07,874.0,76.0,45.0,0.0,905.0
SP0161,2025-07,410.0,360.0,339.0,5.0,426.0
SP0162,2025-07,437.0,38.0,20.0,0.0,455.0
SP0163,2025-07,118.0,195.0,186.0,2.0,125.0
SP0164,2025-07,254.0,380.0,360.0,2.0,272.0
SP0165,2025-07,606.0,42.0,22.0,0.0,626.0
SP0166,2025-07,221.0,11.0,1.0,0.0,231.0
SP0167,2025-07,430.0,318.0,272.0,3.0,473.0
SP0168,2025-07,504.0,374.0,358.0,3.0,517.0
SP0169,2025-07,519.0,61.0,27.0,0.0,553.0
SP0170,2025-07,450.0,76.0,44.0,1.0,481.0
SP0171,2025-07,476.0,304.0,293.0,1.0,486.0
SP0172,2025-07,504.0,172.0,172.0,0.0,504.0
SP0173,2025-07,600.0,325.0,292.0,3.0,630.0
SP0174,2025-07,640.0,278.0,264.0,0.0,654.0
SP0175,2025-07,263.0,171.0,169.0,1.0,264.0
SP0176,2025-07,443.0,282.0,260.0,3.0,462.0
SP0177,2025-07,536.0,258.0,253.0,1.0,540.0
SP0178,2025-07,659.0,79.0,40.0,1.0,697.0
SP0179,2025-07,461.0,390.0,392.0,2.0,457.0
SP0180,2025-07,566.0,217.0,194.0,0.0,589.0
SP0181,2025-07,745.0,22.0,9.0,0.0,758.0
SP0182,2025-07,508.0,41.0,15.0,1.0,533.0
SP0183,2025-07,591.0,362.0,344.0,2.0,607.0
SP0184,2025-07,166.0,391.0,397.0,7.0,153.0
SP0185,2025-07,232.0,161.0,142.0,1.0,250.0
SP0186,2025-07,286.0,320.0,321.0,1.0,284.0
SP0187,2025-07,0.19,0.34,0.3,0.0,0.23
SP0188,2025-07,184.0,258.0,238.0,5.0,199.0
SP0189,2025-07,577.0,348.0,335.0,3.0,587.0
SP0190,2025-07,378.0,243.0,243.0,1.0,377.0
SP0191,2025-07,662.0,328.0,343.0,1.0,646.0
SP0192,2025-07,329.0,393.0,389.0,2.0,331.0
SP0193,2025-07,627.0,268.0,279.0,1.0,615.0
SP0194,2025-07,307.0,275.0,238.0,3.0,341.0
SP0195,2025-07,106.0,279.0,261.0,2.0,122.0
SP0196,2025-07,791.0,33.0,9.0,1.0,814.0
SP0197,2025-07,633.0,327.0,293.0,0.0,667.0
SP0198,2025-07,644000.0,69000.0,22000.0,1000.0,690000.0
SP0199,2025-07,709.0,64.0,37.0,1.0,735.0
SP0200,2025-07,369.0,264.0,248.0,1.0,384.0
SP0201,2025-07,218.0,397.0,392.0,2.0,221.0
SP0202,2025-07,563.0,278.0,259.0,1.0,581.0
SP0203,2025-07,238.0,184.0,179.0,1.0,242.0
SP0204,2025-07,509.0,36.0,19.0,0.0,526.0
SP0205,2025-07,303.0,280.0,283.0,1.0,299.0
SP0206,2025-07,400.0,303.0,260.0,2.0,441.0
SP0207,2025-07,516.0,248.0,222.0,1.0,541.0
SP0208,2025-07,0.31,0.2,0.18,0.0,0.33
,2025-07,422.0,374.0,370.0,5.0,421.0
SP0210,2025-07,149.0,289.0,289.0,3.0,146.0
SP0211,2025-07,304.0,287.0,265.0,1.0,325.0
SP0212,2025-07,0.3,0.01,0.0,0.0,0.31
SP0213,2025-07,471.0,264.0,242.0,2.0,491.0
SP0214,2025-07,318.0,203.0,183.0,2.0,336.0
SP0215,2025-07,156.0,214.0,217.0,2.0,151.0
SP0216,2025-07,413.0,342.0,319.0,5.0,431.0
SP0217,2025-07,288.0,338.0,316.0,4.0,306.0
SP0218,2025-07,384.0,270.0,237.0,2.0,415.0
SP0219,2025-07,437.0,387.0,335.0,5.0,484.0
SP0220,2025-07,382.0,380.0,371.0,3.0,388.0
SP0001,2025-08,442.0,48.0,26.0,0.0,464.0
SP0002,2025-08,559.0,274.0,277.0,1.0,555.0
SP0003,2025-08,480.0,347.0,299.0,3.0,525.0
SP0004,2025-08,171.0,16.0,1.0,0.0,186.0
SP0005,2025-08,461.0,275.0,275.0,2.0,459.0
SP0006,2025-08,658.0,221.0,211.0,0.0,668.0
SP0007,2025-08,442.0,343.0,306.0,2.0,477.0
SP0008,2025-08,571.0,316.0,293.0,0.0,594.0
SP0009,2025-08,566.0,344.0,356.0,2.0,552.0
SP0010,2025-08,244.0,355.0,347.0,1.0,251.0
SP0011,2025-08,582000.0,273000.0,236000.0,1000.0,618000.0
SP0012,2025-08,358.0,281.0,265.0,5.0,369.0
SP0013,2025-08,616.0,59.0,20.0,1.0,654.0
SP0014,2025-08,629.0,361.0,337.0,2.0,651.0
SP0015,2025-08,350.0,2.0,0.0,0.0,352.0
SP0016,2025-08,353.0,212.0,199.0,0.0,366.0
SP0017,2025-08,607.0,174.0,178.0,1.0,602.0
SP0018,2025-08,487000.0,29000.0,14000.0,0.0,502000.0
SP0019,2025-08,597.0,302.0,316.0,1.0,582.0
SP0020,2025-08,533.0,7.0,0.0,0.0,540.0
SP0021,2025-08,565.0,338.0,299.0,3.0,601.0
SP0022,2025-08,551.0,12.0,1.0,0.0,562.0
SP0023,2025-08,197.0,296.0,273.0,2.0,218.0
SP0024,2025-08,543.0,26.0,14.0,0.0,555.0
SP0025,2025-08,298.0,344.0,341.0,2.0,299.0
SP0026,2025-08,138.0,16.0,0.0,0.0,154.0
SP0027,2025-08,623.0,146.0,145.0,1.0,623.0
SP0028,2025-08,314.0,353.0,301.0,4.0,362.0
SP0029,2025-08,384.0,16.0,2.0,0.0,398.0
SP0030,2025-08,278.0,152.0,144.0,0.0,286.0
SP0031,2025-08,497.0,186.0,159.0,1.0,523.0
SP0032,2025-08,813.0,22.0,7.0,0.0,828.0
SP0033,2025-08,409.0,358.0,316.0,6.0,445.0
SP0034,2025-08,651.0,307.0,318.0,3.0,637.0
SP0035,2025-08,307.0,313.0,295.0,1.0,324.0
SP0036,2025-08,385.0,4.0,0.0,0.0,389.0
SP0037,2025-08,412.0,173.0,158.0,1.0,426.0
SP0038,2025-08,466.0,327.0,299.0,1.0,493.0
,2025-08,320.0,1.0,0.0,0.0,321.0
SP0040,2025-08,798.0,52.0,23.0,0.0,827.0
SP0041,2025-08,324.0,153.0,140.0,0.0,337.0
SP0042,2025-08,434.0,289.0,293.0,3.0,427.0
SP0043,2025-08,631.0,375.0,321.0,2.0,683.0
SP0044,2025-08,527000.0,293000.0,255000.0,0.0,565000.0
SP0045,2025-08,311.0,347.0,315.0,5.0,338.0
SP0046,2025-08,274.0,150.0,145.0,1.0,278.0
SP0047,2025-08,404.0,358.0,333.0,4.0,425.0
SP0048,2025-08,373.0,309.0,302.0,2.0,378.0
SP0049,2025-08,169.0,3.0,0.0,0.0,172.0
SP0050,2025-08,228.0,16.0,1.0,0.0,243.0
SP0051,2025-08,574.0,25.0,8.0,0.0,591.0
SP0052,2025-08,469.0,323.0,295.0,1.0,496.0
SP0053,2025-08,564.0,267.0,237.0,4.0,590.0
SP0054,2025-08,668.0,31.0,16.0,1.0,682.0
SP0055,2025-08,667.0,56.0,31.0,1.0,691.0
SP0056,2025-08,515.0,155.0,148.0,1.0,521.0
SP0057,2025-08,315.0,18.0,2.0,0.0,331.0
SP0058,2025-08,625.0,46.0,19.0,0.0,652.0
SP0059,2025-08,442.0,3.0,0.0,0.0,445.0
SP0060,2025-08,640.0,50.0,20.0,0.0,670.0
SP0061,2025-08,593.0,334.0,345.0,3.0,579.0
SP0062,2025-08,546.0,350.0,339.0,4.0,553.0
SP0063,2025-08,507.0,16.0,1.0,0.0,522.0
SP0064,2025-08,0.48,0.03,0.01,0.0,0.5
SP9500,2025-08,647000.0,161000.0,145000.0,0.0,663000.0
SP0066,2025-08,397.0,253.0,229.0,1.0,420.0
SP0067,2025-08,263.0,189.0,166.0,1.0,285.0
SP0068,2025-08,690.0,73.0,22.0,0.0,741.0
SP0069,2025-08,284.0,14.0,1.0,0.0,297.0
SP0070,2025-08,223.0,340.0,318.0,3.0,242.0
SP0071,2025-08,679.0,176.0,156.0,0.0,699.0
SP0072,2025-08,478.0,201.0,198.0,1.0,480.0
SP0073,2025-08,320.0,8.0,0.0,0.0,328.0
SP0074,2025-08,664.0,30.0,15.0,0.0,679.0
SP0075,2025-08,553.0,51.0,27.0,1.0,576.0
SP0076,2025-08,262.0,239.0,216.0,2.0,283.0
SP0077,2025-08,270.0,342.0,327.0,4.0,281.0
SP0078,2025-08,534.0,361.0,325.0,4.0,566.0
SP0079,2025-08,461.0,328.0,329.0,3.0,457.0
SP0080,2025-08,603.0,61.0,35.0,0.0,629.0
SP0081,2025-08,694.0,41.0,17.0,0.0,718.0
SP0082,2025-08,285.0,15.0,1.0,0.0,299.0
SP0083,2025-08,382.0,4.0,0.0,0.0,386.0
SP0084,2025-08,396000.0,328000.0,288000.0,3000.0,433000.0
SP0085,2025-08,399.0,45.0,16.0,1.0,427.0
SP0086,2025-08,605.0,16.0,0.0,0.0,621.0
,2025-08,639.0,23.0,9.0,0.0,653.0
SP0088,2025-08,408.0,226.0,197.0,2.0,435.0
SP0089,2025-08,422.0,189.0,192.0,3.0,416.0
SP0090,2025-08,345.0,152.0,142.0,1.0,354.0
,2025-08,220.0,4.0,0.0,0.0,224.0
SP0092,2025-08,506.0,359.0,311.0,2.0,552.0
SP0093,2025-08,523.0,167.0,175.0,0.0,515.0
SP0094,2025-08,682.0,47.0,26.0,0.0,703.0
SP0095,2025-08,305.0,308.0,298.0,4.0,311.0
SP0096,2025-08,575.0,356.0,372.0,2.0,557.0
SP0097,2025-08,569.0,154.0,160.0,2.0,561.0
SP9500,2025-08,0.75,0.04,0.02,0.0,0.78
SP0099,2025-08,380.0,243.0,240.0,1.0,382.0
SP0100,2025-08,459.0,55.0,20.0,1.0,493.0
SP0101,2025-08,398.0,274.0,249.0,1.0,422.0
SP0102,2025-08,524.0,52.0,28.0,0.0,548.0
SP0103,2025-08,458.0,351.0,306.0,4.0,499.0
SP0104,2025-08,459.0,166.0,157.0,1.0,467.0
SP0105,2025-08,752.0,55.0,28.0,1.0,778.0
SP0106,2025-08,467.0,231.0,223.0,4.0,471.0
SP0107,2025-08,425.0,207.0,200.0,0.0,432.0
SP0108,2025-08,218.0,375.0,385.0,5.0,203.0
SP0109,2025-08,612.0,29.0,14.0,0.0,627.0
SP0110,2025-08,532000.0,220000.0,212000.0,1000.0,539000.0
SP0111,2025-08,519.0,45.0,20.0,0.0,544.0
SP0112,2025-08,434.0,241.0,240.0,2.0,433.0
SP0113,2025-08,0.37,0.31,0.3,0.0,0.38
SP0114,2025-08,416.0,272.0,252.0,2.0,434.0
SP0115,2025-08,577.0,185.0,169.0,2.0,591.0
SP0116,2025-08,250.0,148.0,150.0,0.0,248.0
SP0117,2025-08,314.0,274.0,287.0,1.0,300.0
SP0118,2025-08,337.0,277.0,243.0,3.0,368.0
SP0119,2025-08,550.0,12.0,0.0,0.0,562.0
SP0120,2025-08,521.0,183.0,183.0,2.0,519.0
SP0121,2025-08,289.0,240.0,205.0,3.0,321.0
SP0122,2025-08,712.0,43.0,17.0,0.0,738.0
SP0123,2025-08,0.32,0.17,0.18,0.0,0.31
SP0124,2025-08,385.0,277.0,250.0,4.0,408.0
SP0125,2025-08,586.0,47.0,24.0,0.0,609.0
SP0126,2025-08,511.0,10.0,1.0,0.0,520.0
SP0127,2025-08,617.0,334.0,326.0,1.0,624.0
SP0128,2025-08,271.0,9.0,0.0,0.0,280.0
SP0129,2025-08,623.0,235.0,233.0,2.0,623.0
SP0130,2025-08,567.0,357.0,312.0,6.0,606.0
SP0131,2025-08,310.0,186.0,175.0,1.0,320.0
SP0132,2025-08,151.0,12.0,0.0,0.0,163.0
SP0133,2025-08,249.0,269.0,278.0,3.0,237.0
SP0134,2025-08,233.0,148.0,129.0,2.0,250.0
SP0135,2025-08,583000.0,248000.0,217000.0,0.0,614000.0
SP0136,2025-08,350.0,159.0,139.0,0.0,370.0
SP0137,2025-08,256.0,339.0,291.0,1.0,303.0
SP0138,2025-08,373.0,339.0,298.0,1.0,413.0
SP0139,2025-08,228.0,165.0,169.0,1.0,223.0
SP0140,2025-08,240.0,251.0,219.0,2.0,270.0
SP0141,2025-08,449.0,275.0,270.0,5.0,449.0
SP0142,2025-08,586.0,233.0,199.0,1.0,619.0
SP0143,2025-08,601.0,228.0,197.0,2.0,630.0
SP0144,2025-08,273.0,373.0,390.0,3.0,253.0
SP0145,2025-08,378.0,72.0,38.0,1.0,411.0
SP0146,2025-08,342.0,337.0,314.0,5.0,360.0
SP0147,2025-08,563.0,56.0,31.0,1.0,587.0
SP0148,2025-08,620.0,307.0,317.0,2.0,608.0
SP0149,2025-08,589.0,163.0,142.0,1.0,609.0
SP9503,2025-08,374.0,226.0,197.0,3.0,400.0
SP0151,2025-08,216.0,212.0,221.0,2.0,205.0
SP0152,2025-08,315.0,280.0,249.0,5.0,341.0
SP0153,2025-08,368.0,185.0,181.0,2.0,370.0
SP0154,2025-08,302.0,189.0,182.0,2.0,307.0
SP0155,2025-08,480.0,368.0,360.0,7.0,481.0
SP0156,2025-08,556.0,257.0,225.0,4.0,584.0
SP0157,2025-08,374.0,168.0,167.0,3.0,372.0
SP0158,2025-08,471.0,313.0,309.0,2.0,473.0
SP0159,2025-08,392.0,261.0,265.0,1.0,387.0
SP0160,2025-08,905.0,75.0,42.0,0.0,938.0
SP0161,2025-08,426.0,287.0,262.0,1.0,450.0
SP0162,2025-08,455.0,58.0,20.0,1.0,492.0
SP0163,2025-08,125.0,189.0,187.0,1.0,126.0
SP0164,2025-08,272.0,177.0,156.0,1.0,292.0
SP0165,2025-08,626.0,42.0,23.0,0.0,645.0
SP9504,2025-08,0.23,0.01,0.0,0.0,0.24
SP0167,2025-08,473.0,301.0,264.0,1.0,509.0
SP0168,2025-08,517.0,267.0,279.0,2.0,503.0
SP0169,2025-08,553.0,24.0,12.0,0.0,565.0
SP0170,2025-08,481.0,54.0,18.0,0.0,517.0
SP0171,2025-08,486.0,377.0,373.0,1.0,489.0
SP0172,2025-08,504.0,227.0,208.0,1.0,522.0
SP0173,2025-08,630.0,346.0,318.0,4.0,654.0
SP0174,2025-08,654.0,144.0,130.0,0.0,668.0
SP0175,2025-08,264.0,294.0,255.0,2.0,301.0
SP0176,2025-08,462.0,188.0,162.0,3.0,485.0
SP0177,2025-08,0.54,0.18,0.18,0.0,0.54
SP0178,2025-08,697000.0,75000.0,38000.0,1000.0,733000.0
SP0179,2025-08,457.0,285.0,284.0,2.0,456.0
SP0180,2025-08,589.0,347.0,341.0,1.0,594.0
SP0181,2025-08,758.0,60.0,20.0,0.0,798.0
SP0182,2025-08,533.0,20.0,11.0,0.0,542.0
,2025-08,607.0,329.0,330.0,2.0,604.0
SP0184,2025-08,153.0,320.0,290.0,6.0,177.0
SP0185,2025-08,250.0,152.0,148.0,1.0,253.0
SP0186,2025-08,284.0,275.0,274.0,0.0,285.0
SP0187,2025-08,228.0,347.0,359.0,4.0,212.0
SP0188,2025-08,199000.0,323000.0,333000.0,6000.0,183000.0
SP0189,2025-08,587.0,289.0,268.0,3.0,605.0
SP0190,2025-08,377.0,270.0,236.0,2.0,409.0
SP0191,2025-08,646.0,371.0,359.0,2.0,656.0
SP0192,2025-08,331.0,356.0,335.0,1.0,351.0
SP0193,2025-08,615.0,356.0,335.0,3.0,633.0
SP0194,2025-08,0.34,0.36,0.34,0.0,0.36
SP0195,2025-08,122.0,290.0,250.0,5.0,157.0
SP0196,2025-08,814.0,35.0,19.0,0.0,830.0
SP0197,2025-08,667.0,294.0,256.0,0.0,705.0
SP0198,2025-08,690.0,29.0,13.0,0.0,706.0
SP0199,2025-08,735.0,37.0,20.0,0.0,752.0
SP0200,2025-08,384.0,218.0,220.0,1.0,381.0
SP0201,2025-08,221.0,175.0,171.0,0.0,225.0
SP0202,2025-08,581.0,264.0,256.0,1.0,588.0
SP0203,2025-08,242.0,315.0,273.0,0.0,284.0
SP0204,2025-08,526.0,47.0,22.0,0.0,551.0
SP0205,2025-08,299.0,275.0,262.0,0.0,312.0
SP0206,2025-08,441.0,324.0,316.0,3.0,446.0
SP0207,2025-08,541.0,366.0,313.0,3.0,591.0
SP0208,2025-08,326.0,357.0,371.0,4.0,308.0
SP0209,2025-08,421.0,151.0,131.0,2.0,439.0
SP0210,2025-08,146.0,246.0,247.0,1.0,144.0
SP0211,2025-08,325.0,353.0,306.0,4.0,368.0
SP0212,2025-08,309.0,8.0,0.0,0.0,317.0
SP0213,2025-08,491.0,362.0,332.0,2.0,519.0
SP0214,2025-08,0.34,0.26,0.25,0.0,0.35
SP0215,2025-08,151.0,367.0,358.0,7.0,153.0
SP0216,2025-08,431.0,150.0,153.0,3.0,425.0
,2025-08,306.0,288.0,287.0,3.0,304.0
SP0218,2025-08,415.0,325.0,287.0,2.0,451.0
SP0219,2025-08,484.0,271.0,276.0,1.0,478.0
SP0220,2025-08,388.0,297.0,253.0,1.0,431.0
SP9506,2025-09,464.0,57.0,25.0,0.0,496.0
SP0002,2025-09,555.0,270.0,231.0,2.0,592.0
SP0003,2025-09,525.0,173.0,151.0,1.0,546.0
SP0004,2025-09,186.0,10.0,0.0,0.0,196.0
SP0005,2025-09,459.0,325.0,280.0,2.0,502.0
SP0006,2025-09,668.0,295.0,259.0,1.0,703.0
SP0007,2025-09,477.0,184.0,183.0,2.0,476.0
SP0008,2025-09,594.0,387.0,347.0,1.0,633.0
SP0009,2025-09,552.0,205.0,208.0,1.0,548.0
SP0010,2025-09,251.0,150.0,146.0,0.0,255.0
SP0011,2025-09,618.0,201.0,200.0,1.0,618.0
SP9503,2025-09,369.0,288.0,245.0,5.0,407.0
SP0013,2025-09,654000.0,44000.0,20000.0,1000.0,677000.0
SP0014,2025-09,0.65,0.2,0.2,0.0,0.65
SP0015,2025-09,352.0,16.0,0.0,0.0,368.0
SP0016,2025-09,366.0,240.0,220.0,1.0,385.0
SP0017,2025-09,602.0,258.0,262.0,2.0,596.0
SP0018,2025-09,502.0,37.0,14.0,0.0,525.0
SP0019,2025-09,582.0,278.0,237.0,3.0,620.0
SP0020,2025-09,540.0,12.0,1.0,0.0,551.0
SP0021,2025-09,601.0,243.0,227.0,1.0,616.0
SP0022,2025-09,0.56,0.02,0.0,0.0,0.58
SP0023,2025-09,218.0,273.0,239.0,1.0,251.0
SP0024,2025-09,555.0,63.0,22.0,0.0,596.0
SP0025,2025-09,299.0,264.0,265.0,1.0,297.0
SP0026,2025-09,154.0,19.0,0.0,0.0,173.0
SP0027,2025-09,623.0,371.0,384.0,4.0,606.0
SP0028,2025-09,362.0,323.0,304.0,2.0,379.0
SP0029,2025-09,398.0,1.0,0.0,0.0,399.0
SP0030,2025-09,286.0,153.0,149.0,0.0,290.0
SP0031,2025-09,523.0,359.0,312.0,2.0,568.0
SP0032,2025-09,0.83,0.04,0.01,0.0,0.85
SP0033,2025-09,445.0,327.0,280.0,4.0,488.0
SP0034,2025-09,637.0,308.0,293.0,4.0,648.0
SP0035,2025-09,324.0,293.0,296.0,0.0,321.0
SP0036,2025-09,389.0,10.0,0.0,0.0,399.0
SP0037,2025-09,426.0,157.0,140.0,1.0,442.0
SP0038,2025-09,0.49,0.38,0.38,0.0,0.49
SP0039,2025-09,321.0,10.0,1.0,0.0,330.0
SP0040,2025-09,827.0,44.0,24.0,1.0,846.0
SP0041,2025-09,337.0,237.0,203.0,0.0,371.0
SP0042,2025-09,427.0,311.0,324.0,3.0,411.0
SP0043,2025-09,683.0,350.0,357.0,2.0,674.0
SP0044,2025-09,565.0,396.0,413.0,1.0,547.0
SP0045,2025-09,338.0,285.0,276.0,2.0,345.0
SP0046,2025-09,0.28,0.28,0.27,0.0,0.29
SP0047,2025-09,425.0,176.0,177.0,2.0,422.0
SP0048,2025-09,378.0,193.0,198.0,1.0,372.0
SP0049,2025-09,172.0,18.0,1.0,0.0,189.0
SP0050,2025-09,243.0,2.0,0.0,0.0,245.0
SP0051,2025-09,591.0,24.0,12.0,0.0,603.0
SP0052,2025-09,496.0,241.0,215.0,1.0,521.0
SP0053,2025-09,590000.0,245000.0,236000.0,2000.0,597000.0
SP0054,2025-09,682.0,64.0,34.0,1.0,711.0
SP0055,2025-09,691.0,47.0,21.0,0.0,717.0
SP0056,2025-09,521.0,265.0,240.0,2.0,544.0
SP0057,2025-09,331.0,5.0,0.0,0.0,336.0
SP0058,2025-09,652.0,71.0,35.0,1.0,687.0
SP0059,2025-09,445000.0,15000.0,0.0,0.0,460000.0
SP0060,2025-09,670.0,77.0,23.0,1.0,723.0
SP0061,2025-09,579.0,224.0,206.0,3.0,594.0
SP0062,2025-09,553.0,352.0,336.0,5.0,564.0
SP9509,2025-09,522.0,15.0,0.0,0.0,537.0
SP0064,2025-09,505.0,21.0,11.0,0.0,515.0
SP0065,2025-09,663.0,151.0,140.0,1.0,673.0
SP0066,2025-09,420.0,174.0,174.0,1.0,419.0
SP0067,2025-09,285.0,362.0,340.0,3.0,304.0
SP0068,2025-09,741.0,55.0,31.0,0.0,765.0
SP0069,2025-09,297.0,10.0,1.0,0.0,306.0
SP0070,2025-09,242.0,220.0,193.0,3.0,266.0
SP0071,2025-09,699.0,173.0,173.0,1.0,698.0
SP0072,2025-09,480000.0,202000.0,211000.0,1000.0,470000.0
SP0073,2025-09,328.0,6.0,0.0,0.0,334.0
SP0074,2025-09,679000.0,77000.0,39000.0,0.0,717000.0
SP0075,2025-09,576.0,28.0,14.0,0.0,590.0
SP0076,2025-09,283.0,150.0,152.0,1.0,280.0
SP0077,2025-09,281.0,337.0,327.0,5.0,286.0
SP0078,2025-09,0.57,0.29,0.28,0.0,0.57
SP0079,2025-09,457.0,383.0,383.0,2.0,455.0
SP0080,2025-09,629.0,64.0,37.0,1.0,655.0
SP0081,2025-09,718.0,67.0,36.0,0.0,749.0
SP0082,2025-09,299.0,6.0,0.0,0.0,305.0
SP0083,2025-09,386.0,8.0,0.0,0.0,394.0
,2025-09,433.0,185.0,165.0,3.0,450.0
SP0085,2025-09,427.0,59.0,27.0,1.0,458.0
SP0086,2025-09,621.0,6.0,0.0,0.0,627.0
SP0087,2025-09,653.0,20.0,6.0,0.0,667.0
SP0088,2025-09,435.0,198.0,177.0,1.0,455.0
SP0089,2025-09,416.0,173.0,162.0,2.0,425.0
SP0090,2025-09,354.0,294.0,264.0,1.0,383.0
SP0091,2025-09,224.0,9.0,0.0,0.0,233.0
SP0092,2025-09,552.0,203.0,187.0,1.0,567.0
SP0093,2025-09,515.0,151.0,133.0,0.0,533.0
SP0094,2025-09,703.0,64.0,20.0,1.0,746.0
SP0095,2025-09,311.0,263.0,270.0,3.0,301.0
SP0096,2025-09,0.56,0.15,0.14,0.0,0.57
SP0097,2025-09,561.0,308.0,279.0,4.0,586.0
SP0098,2025-09,776.0,31.0,14.0,0.0,793.0
SP0099,2025-09,382.0,178.0,180.0,1.0,379.0
SP0100,2025-09,493.0,28.0,14.0,0.0,507.0
SP0101,2025-09,422.0,356.0,330.0,0.0,448.0
SP0102,2025-09,548.0,73.0,25.0,0.0,596.0
SP0103,2025-09,499.0,176.0,172.0,1.0,502.0
SP0104,2025-09,467.0,316.0,313.0,1.0,469.0
SP0105,2025-09,778.0,29.0,13.0,0.0,794.0
SP0106,2025-09,471.0,208.0,190.0,3.0,486.0
SP0107,2025-09,432.0,360.0,339.0,2.0,451.0
SP0108,2025-09,203.0,355.0,346.0,2.0,210.0
SP0109,2025-09,627.0,46.0,17.0,0.0,656.0
SP0110,2025-09,539.0,372.0,355.0,4.0,552.0
SP0111,2025-09,544.0,44.0,19.0,0.0,569.0
SP0112,2025-09,433.0,379.0,327.0,4.0,481.0
,2025-09,377.0,159.0,153.0,1.0,382.0
SP0114,2025-09,434.0,216.0,218.0,3.0,429.0
SP0115,2025-09,0.59,0.19,0.18,0.0,0.6
SP0116,2025-09,248.0,179.0,181.0,1.0,245.0
SP0117,2025-09,300.0,197.0,181.0,1.0,315.0
SP0118,2025-09,368.0,298.0,258.0,1.0,407.0
,2025-09,562.0,16.0,1.0,0.0,577.0
SP0120,2025-09,519.0,367.0,350.0,5.0,531.0
SP0121,2025-09,321.0,358.0,329.0,3.0,347.0
SP0122,2025-09,738.0,75.0,25.0,1.0,787.0
SP9506,2025-09,314.0,311.0,312.0,2.0,311.0
SP0124,2025-09,408.0,150.0,137.0,2.0,419.0
SP0125,2025-09,609.0,47.0,14.0,1.0,641.0
SP0126,2025-09,520.0,7.0,0.0,0.0,527.0
SP0127,2025-09,624.0,280.0,242.0,2.0,660.0
SP0128,2025-09,280.0,6.0,0.0,0.0,286.0
SP0129,2025-09,623.0,351.0,322.0,5.0,647.0
SP0130,2025-09,606.0,343.0,349.0,6.0,594.0
SP0131,2025-09,320.0,157.0,161.0,1.0,315.0
SP0132,2025-09,163.0,15.0,2.0,0.0,176.0
SP0133,2025-09,237.0,181.0,188.0,1.0,229.0
SP0134,2025-09,250.0,257.0,262.0,3.0,242.0
SP0135,2025-09,614.0,386.0,365.0,0.0,635.0
SP0136,2025-09,370.0,256.0,250.0,1.0,375.0
SP0137,2025-09,303.0,339.0,316.0,1.0,325.0
SP0138,2025-09,413.0,398.0,378.0,2.0,431.0
SP0139,2025-09,223.0,225.0,225.0,3.0,220.0
SP0140,2025-09,270.0,351.0,354.0,1.0,266.0
SP0141,2025-09,449.0,191.0,170.0,3.0,467.0
SP0142,2025-09,619.0,388.0,384.0,1.0,622.0
SP0143,2025-09,630.0,251.0,234.0,2.0,645.0
SP0144,2025-09,253.0,310.0,267.0,3.0,293.0
SP0145,2025-09,411.0,41.0,23.0,0.0,429.0
SP0146,2025-09,360.0,225.0,221.0,4.0,360.0
SP0147,2025-09,587.0,69.0,29.0,0.0,627.0
SP0148,2025-09,608.0,321.0,310.0,1.0,618.0
SP0149,2025-09,609.0,153.0,148.0,1.0,613.0
SP0150,2025-09,400.0,252.0,227.0,3.0,422.0
SP0151,2025-09,205.0,241.0,223.0,3.0,220.0
SP0152,2025-09,341.0,160.0,158.0,2.0,341.0
SP0153,2025-09,370.0,177.0,182.0,1.0,364.0
SP0154,2025-09,307.0,198.0,168.0,2.0,335.0
SP0155,2025-09,481.0,385.0,371.0,3.0,492.0
SP0156,2025-09,584.0,232.0,228.0,2.0,586.0
SP0157,2025-09,372.0,214.0,223.0,1.0,362.0
SP0158,2025-09,473.0,388.0,348.0,2.0,511.0
SP0159,2025-09,387.0,200.0,188.0,0.0,399.0
SP0160,2025-09,938000.0,46000.0,14000.0,1000.0,969000.0
SP0161,2025-09,450.0,327.0,342.0,3.0,432.0
SP0162,2025-09,492.0,40.0,14.0,0.0,518.0
,2025-09,126.0,290.0,256.0,4.0,156.0
SP0164,2025-09,292.0,389.0,353.0,2.0,326.0
SP0165,2025-09,645.0,36.0,20.0,0.0,661.0
SP0166,2025-09,238000.0,10000.0,0.0,0.0,248000.0
SP0167,2025-09,509.0,231.0,220.0,1.0,519.0
SP0168,2025-09,503.0,394.0,396.0,2.0,499.0
SP0169,2025-09,565.0,72.0,31.0,0.0,606.0
SP0170,2025-09,517.0,24.0,8.0,0.0,533.0
SP0171,2025-09,489.0,288.0,279.0,2.0,496.0
SP0172,2025-09,522.0,152.0,147.0,0.0,527.0
SP0173,2025-09,654.0,381.0,387.0,5.0,643.0
SP0174,2025-09,668.0,199.0,201.0,0.0,666.0
SP0175,2025-09,301.0,287.0,253.0,2.0,333.0
SP0176,2025-09,485.0,268.0,253.0,4.0,496.0
SP0177,2025-09,541.0,160.0,152.0,2.0,547.0
SP0178,2025-09,733.0,54.0,24.0,0.0,763.0
SP0179,2025-09,456.0,270.0,246.0,2.0,478.0
SP0180,2025-09,594.0,234.0,234.0,1.0,593.0
SP0181,2025-09,798.0,45.0,15.0,0.0,828.0
SP0182,2025-09,542.0,63.0,23.0,1.0,581.0
SP0183,2025-09,0.6,0.16,0.15,0.0,0.62
SP0184,2025-09,177.0,176.0,172.0,3.0,178.0
SP0185,2025-09,253.0,379.0,366.0,3.0,263.0
SP0186,2025-09,285.0,304.0,293.0,1.0,295.0
SP0187,2025-09,212.0,191.0,191.0,1.0,211.0
SP0188,2025-09,183.0,369.0,358.0,6.0,188.0
SP0189,2025-09,605.0,186.0,168.0,1.0,622.0
SP0190,2025-09,409.0,150.0,136.0,1.0,422.0
SP0191,2025-09,656.0,297.0,293.0,2.0,658.0
SP0192,2025-09,351.0,300.0,268.0,0.0,383.0
SP0193,2025-09,633.0,362.0,311.0,3.0,681.0
SP0194,2025-09,362.0,251.0,254.0,3.0,356.0
SP0195,2025-09,157.0,285.0,294.0,2.0,146.0
SP0196,2025-09,830.0,65.0,35.0,1.0,859.0
SP0197,2025-09,705.0,302.0,304.0,1.0,702.0
SP0198,2025-09,706.0,55.0,20.0,0.0,741.0
SP0199,2025-09,752.0,65.0,22.0,1.0,794.0
SP0200,2025-09,381.0,395.0,385.0,1.0,390.0
SP0201,2025-09,225.0,382.0,387.0,2.0,218.0
SP0202,2025-09,588.0,342.0,347.0,1.0,582.0
SP0203,2025-09,284.0,246.0,231.0,1.0,298.0
SP0204,2025-09,551.0,58.0,19.0,0.0,590.0
SP0205,2025-09,312.0,392.0,369.0,1.0,334.0
SP0206,2025-09,446.0,309.0,313.0,2.0,440.0
SP0207,2025-09,0.59,0.24,0.22,0.0,0.62
SP0208,2025-09,308.0,294.0,258.0,6.0,338.0
SP0209,2025-09,439.0,238.0,229.0,2.0,446.0
SP0210,2025-09,144.0,169.0,162.0,1.0,150.0
SP0211,2025-09,368.0,280.0,249.0,3.0,396.0
SP0212,2025-09,317.0,13.0,1.0,0.0,329.0
,2025-09,519.0,205.0,179.0,0.0,545.0
SP0214,2025-09,349.0,206.0,193.0,2.0,360.0
SP0215,2025-09,153.0,383.0,371.0,4.0,161.0
SP0216,2025-09,425000.0,293000.0,277000.0,2000.0,439000.0
SP0217,2025-09,304.0,342.0,352.0,4.0,290.0
SP0218,2025-09,451.0,355.0,335.0,4.0,467.0
SP0219,2025-09,478.0,318.0,278.0,5.0,513.0
SP0220,2025-09,431.0,336.0,352.0,2.0,413.0
SP0001,2025-10,0.5,0.07,0.03,0.0,0.54
SP0002,2025-10,592.0,277.0,280.0,1.0,588.0
SP0003,2025-10,546.0,281.0,240.0,2.0,585.0
SP0004,2025-10,196.0,17.0,0.0,0.0,213.0
SP0005,2025-10,502.0,236.0,243.0,3.0,492.0
SP9508,2025-10,703.0,313.0,279.0,0.0,737.0
SP0007,2025-10,476.0,268.0,252.0,1.0,491.0
SP0008,2025-10,633.0,317.0,286.0,1.0,663.0
SP0009,2025-10,548.0,274.0,240.0,1.0,581.0
SP0010,2025-10,255.0,427.0,428.0,2.0,252.0
SP0011,2025-10,618.0,310.0,316.0,2.0,610.0
SP0012,2025-10,407.0,204.0,212.0,2.0,397.0
SP0013,2025-10,677.0,75.0,36.0,1.0,715.0
SP0014,2025-10,654.0,438.0,425.0,2.0,665.0
SP0015,2025-10,0.37,0.01,0.0,0.0,0.38
SP0016,2025-10,385.0,294.0,262.0,1.0,416.0
SP0017,2025-10,596.0,172.0,161.0,1.0,606.0
SP0018,2025-10,525.0,42.0,23.0,0.0,544.0
SP0019,2025-10,620.0,388.0,341.0,4.0,663.0
SP0020,2025-10,551.0,15.0,2.0,0.0,564.0
SP0021,2025-10,616.0,249.0,249.0,1.0,615.0
SP0022,2025-10,578.0,14.0,0.0,0.0,592.0
SP0023,2025-10,251.0,207.0,188.0,2.0,268.0
SP0024,2025-10,596.0,77.0,27.0,1.0,645.0
SP0025,2025-10,297.0,223.0,197.0,1.0,322.0
SP0026,2025-10,173.0,13.0,0.0,0.0,186.0
SP0027,2025-10,606.0,223.0,200.0,3.0,626.0
SP0028,2025-10,379.0,217.0,192.0,2.0,402.0
SP0029,2025-10,0.4,0.02,0.0,0.0,0.41
SP0030,2025-10,290.0,204.0,175.0,1.0,318.0
SP0031,2025-10,568.0,344.0,335.0,2.0,575.0
SP0032,2025-10,849.0,72.0,43.0,1.0,877.0
SP0033,2025-10,488.0,413.0,388.0,6.0,507.0
SP0034,2025-10,648.0,275.0,267.0,4.0,652.0
SP0035,2025-10,321.0,311.0,283.0,1.0,348.0
SP0036,2025-10,399.0,7.0,0.0,0.0,406.0
SP0037,2025-10,442.0,285.0,260.0,4.0,463.0
,2025-10,490.0,371.0,356.0,1.0,504.0
SP0039,2025-10,330.0,17.0,2.0,0.0,345.0
SP0040,2025-10,846.0,36.0,18.0,0.0,864.0
SP0041,2025-10,371.0,279.0,280.0,1.0,369.0
SP0042,2025-10,411000.0,199000.0,189000.0,2000.0,419000.0
SP0043,2025-10,674.0,302.0,292.0,1.0,683.0
SP0044,2025-10,547.0,371.0,324.0,0.0,594.0
SP0045,2025-10,345.0,298.0,299.0,3.0,341.0
SP0046,2025-10,287.0,365.0,342.0,1.0,309.0
SP0047,2025-10,422.0,166.0,174.0,1.0,413.0
SP0048,2025-10,372.0,394.0,365.0,2.0,399.0
SP0049,2025-10,189.0,11.0,1.0,0.0,199.0
SP0050,2025-10,245.0,2.0,0.0,0.0,247.0
SP0051,2025-10,603.0,75.0,41.0,0.0,637.0
SP0052,2025-10,0.52,0.38,0.38,0.0,0.52
SP0053,2025-10,597.0,226.0,208.0,2.0,613.0
SP0054,2025-10,711.0,56.0,27.0,1.0,739.0
SP0055,2025-10,717.0,59.0,19.0,1.0,756.0
SP0056,2025-10,544.0,187.0,177.0,1.0,553.0
SP0057,2025-10,336.0,7.0,0.0,0.0,343.0
SP0058,2025-10,687.0,81.0,33.0,1.0,734.0
SP0059,2025-10,460.0,4.0,0.0,0.0,464.0
SP0060,2025-10,723.0,83.0,33.0,0.0,773.0
SP0061,2025-10,594.0,336.0,346.0,3.0,581.0
SP0062,2025-10,564.0,289.0,261.0,2.0,590.0
SP0063,2025-10,537.0,15.0,1.0,0.0,551.0
SP0064,2025-10,515.0,60.0,28.0,0.0,547.0
SP0065,2025-10,673.0,392.0,379.0,0.0,686.0
SP0066,2025-10,419.0,438.0,433.0,1.0,423.0
SP0067,2025-10,304.0,335.0,348.0,3.0,288.0
SP0068,2025-10,765.0,53.0,24.0,0.0,794.0
SP0069,2025-10,306.0,18.0,2.0,0.0,322.0
SP0070,2025-10,266.0,301.0,309.0,3.0,255.0
SP0071,2025-10,698.0,409.0,369.0,0.0,738.0
SP0072,2025-10,470.0,404.0,385.0,1.0,488.0
SP0073,2025-10,334.0,5.0,0.0,0.0,339.0
SP0074,2025-10,717.0,53.0,26.0,0.0,744.0
SP0075,2025-10,590.0,59.0,26.0,0.0,623.0
SP0076,2025-10,280.0,218.0,196.0,1.0,301.0
SP0077,2025-10,286.0,335.0,305.0,3.0,313.0
SP0078,2025-10,568.0,169.0,152.0,2.0,583.0
SP0079,2025-10,455.0,203.0,186.0,1.0,471.0
SP0080,2025-10,655.0,75.0,37.0,1.0,692.0
SP0081,2025-10,749.0,57.0,33.0,0.0,773.0
SP0082,2025-10,305.0,14.0,1.0,0.0,318.0
SP0083,2025-10,394.0,19.0,2.0,0.0,411.0
SP0084,2025-10,450.0,210.0,206.0,3.0,451.0
SP0085,2025-10,0.46,0.08,0.05,0.0,0.49
SP0086,2025-10,627.0,6.0,0.0,0.0,633.0
SP0087,2025-10,667.0,78.0,43.0,0.0,702.0
SP0088,2025-10,455.0,189.0,189.0,3.0,452.0
SP0089,2025-10,425.0,198.0,172.0,2.0,449.0
SP0090,2025-10,383.0,370.0,382.0,1.0,370.0
SP0091,2025-10,233.0,18.0,0.0,0.0,251.0
SP0092,2025-10,567.0,209.0,197.0,2.0,577.0
SP0093,2025-10,533.0,174.0,181.0,0.0,526.0
SP0094,2025-10,746.0,27.0,12.0,0.0,761.0
SP0095,2025-10,301.0,283.0,241.0,3.0,340.0
SP0096,2025-10,569.0,186.0,173.0,1.0,581.0
SP0097,2025-10,0.59,0.33,0.3,0.0,0.62
SP0098,2025-10,793.0,62.0,28.0,1.0,826.0
SP0099,2025-10,379.0,266.0,246.0,2.0,397.0
SP0100,2025-10,507.0,28.0,14.0,0.0,521.0
SP0101,2025-10,448.0,198.0,196.0,1.0,449.0
SP0102,2025-10,596.0,35.0,19.0,0.0,612.0
SP0103,2025-10,502.0,333.0,338.0,1.0,496.0
SP0104,2025-10,469.0,258.0,256.0,1.0,470.0
SP0105,2025-10,794.0,41.0,14.0,0.0,821.0
SP0106,2025-10,486.0,396.0,360.0,6.0,516.0
SP0107,2025-10,0.45,0.38,0.34,0.0,0.48
SP0108,2025-10,210.0,166.0,144.0,1.0,231.0
SP0109,2025-10,656.0,54.0,25.0,0.0,685.0
SP0110,2025-10,0.55,0.23,0.21,0.0,0.57
SP0111,2025-10,569.0,63.0,33.0,1.0,598.0
SP0112,2025-10,481.0,317.0,322.0,3.0,473.0
SP0113,2025-10,382.0,187.0,161.0,1.0,407.0
SP0114,2025-10,429.0,273.0,243.0,4.0,455.0
SP0115,2025-10,599.0,348.0,314.0,3.0,630.0
SP0116,2025-10,245.0,396.0,371.0,0.0,270.0
SP0117,2025-10,315.0,418.0,429.0,2.0,302.0
SP0118,2025-10,407.0,415.0,430.0,2.0,390.0
SP0119,2025-10,577000.0,19000.0,0.0,0.0,596000.0
SP0120,2025-10,531.0,428.0,372.0,2.0,585.0
SP0121,2025-10,347.0,265.0,226.0,1.0,385.0
SP0122,2025-10,787.0,87.0,39.0,1.0,834.0
SP0123,2025-10,311.0,351.0,301.0,5.0,356.0
SP0124,2025-10,419.0,349.0,337.0,2.0,429.0
SP0125,2025-10,641.0,59.0,23.0,0.0,677.0
SP0126,2025-10,527.0,4.0,0.0,0.0,531.0
,2025-10,660.0,207.0,179.0,2.0,686.0
SP0128,2025-10,286.0,9.0,1.0,0.0,294.0
SP0129,2025-10,647.0,275.0,270.0,3.0,649.0
SP0130,2025-10,594.0,222.0,198.0,4.0,614.0
SP0131,2025-10,315.0,409.0,412.0,4.0,308.0
SP0132,2025-10,176.0,19.0,0.0,0.0,195.0
,2025-10,229.0,172.0,159.0,2.0,240.0
SP0134,2025-10,242.0,376.0,328.0,5.0,285.0
SP0135,2025-10,635.0,171.0,161.0,1.0,644.0
SP0136,2025-10,375.0,338.0,296.0,2.0,415.0
SP0137,2025-10,325.0,272.0,241.0,1.0,355.0
SP0138,2025-10,431.0,165.0,170.0,1.0,425.0
SP0139,2025-10,220.0,333.0,319.0,2.0,232.0
SP9505,2025-10,266.0,412.0,414.0,5.0,259.0
SP0141,2025-10,467.0,170.0,161.0,3.0,473.0
,2025-10,622.0,203.0,198.0,0.0,627.0
SP0143,2025-10,645.0,403.0,418.0,5.0,625.0
SP0144,2025-10,293.0,249.0,215.0,3.0,324.0
SP0145,2025-10,429.0,71.0,33.0,1.0,466.0
SP0146,2025-10,360.0,294.0,292.0,2.0,360.0
SP0147,2025-10,627.0,34.0,15.0,0.0,646.0
SP0148,2025-10,618.0,168.0,168.0,1.0,617.0
SP0149,2025-10,0.61,0.36,0.32,0.0,0.65
SP0150,2025-10,422.0,409.0,383.0,7.0,441.0
SP0151,2025-10,220.0,261.0,265.0,3.0,213.0
SP0152,2025-10,341.0,308.0,285.0,6.0,358.0
SP0153,2025-10,364.0,204.0,213.0,1.0,354.0
SP0154,2025-10,335.0,265.0,256.0,1.0,343.0
SP0155,2025-10,492.0,341.0,291.0,4.0,538.0
SP0156,2025-10,586.0,213.0,214.0,2.0,583.0
SP0157,2025-10,362.0,402.0,343.0,5.0,416.0
SP9509,2025-10,511000.0,432000.0,379000.0,2000.0,562000.0
SP0159,2025-10,399.0,425.0,406.0,1.0,417.0
SP0160,2025-10,969.0,31.0,12.0,0.0,988.0
SP0161,2025-10,432.0,428.0,441.0,6.0,413.0
SP0162,2025-10,518.0,86.0,49.0,1.0,554.0
SP0163,2025-10,156.0,169.0,152.0,2.0,171.0
SP0164,2025-10,0.33,0.41,0.41,0.0,0.33
SP0165,2025-10,661.0,69.0,31.0,0.0,699.0
SP0166,2025-10,248.0,19.0,0.0,0.0,267.0
SP0167,2025-10,519.0,172.0,176.0,1.0,514.0
SP0168,2025-10,499.0,369.0,368.0,2.0,498.0
SP0169,2025-10,606.0,73.0,43.0,0.0,636.0
SP0170,2025-10,533.0,58.0,19.0,1.0,571.0
SP0171,2025-10,496.0,212.0,183.0,2.0,523.0
SP0172,2025-10,527.0,390.0,353.0,1.0,563.0
SP0173,2025-10,643.0,212.0,204.0,2.0,649.0
SP0174,2025-10,666.0,342.0,328.0,1.0,679.0
SP0175,2025-10,333.0,386.0,357.0,1.0,361.0
SP0176,2025-10,496.0,203.0,187.0,2.0,510.0
SP0177,2025-10,547.0,204.0,178.0,1.0,572.0
SP0178,2025-10,0.76,0.07,0.03,0.0,0.79
SP0179,2025-10,478.0,337.0,312.0,3.0,500.0
SP0180,2025-10,593.0,387.0,378.0,0.0,602.0
SP0181,2025-10,828.0,87.0,27.0,0.0,888.0
SP0182,2025-10,581000.0,58000.0,28000.0,1000.0,610000.0
SP0183,2025-10,616.0,396.0,366.0,5.0,641.0
SP0184,2025-10,178.0,234.0,207.0,3.0,202.0
SP0185,2025-10,263.0,267.0,245.0,1.0,284.0
SP0186,2025-10,295.0,283.0,251.0,1.0,326.0
SP0187,2025-10,211.0,378.0,350.0,2.0,237.0
SP0188,2025-10,0.19,0.33,0.34,0.0,0.17
SP0189,2025-10,622.0,309.0,267.0,3.0,661.0
SP0190,2025-10,422.0,302.0,295.0,3.0,426.0
SP0191,2025-10,658.0,301.0,302.0,1.0,656.0
SP0192,2025-10,383.0,288.0,251.0,0.0,420.0
SP0193,2025-10,681000.0,298000.0,301000.0,3000.0,675000.0
SP0194,2025-10,356.0,403.0,404.0,4.0,351.0
,2025-10,146.0,240.0,230.0,3.0,153.0
SP0196,2025-10,0.86,0.04,0.01,0.0,0.88
SP0197,2025-10,702.0,180.0,160.0,0.0,722.0
SP0198,2025-10,741.0,30.0,16.0,0.0,755.0
SP0199,2025-10,794.0,85.0,30.0,1.0,848.0
SP0200,2025-10,390.0,181.0,178.0,0.0,393.0
SP0201,2025-10,218.0,271.0,248.0,0.0,241.0
SP0202,2025-10,582.0,175.0,180.0,0.0,577.0
SP0203,2025-10,298.0,330.0,296.0,0.0,332.0
SP0204,2025-10,590.0,86.0,28.0,0.0,648.0
SP0205,2025-10,334.0,434.0,380.0,0.0,388.0
SP0206,2025-10,440.0,251.0,263.0,1.0,427.0
SP0207,2025-10,618.0,213.0,209.0,1.0,621.0
SP0208,2025-10,338.0,325.0,312.0,4.0,347.0
SP0209,2025-10,0.45,0.38,0.4,0.0,0.42
SP0210,2025-10,0.15,0.39,0.35,0.0,0.19
SP0211,2025-10,396.0,265.0,229.0,2.0,430.0
SP0212,2025-10,329.0,0.0,0.0,0.0,329.0
SP0213,2025-10,545.0,349.0,360.0,3.0,531.0
SP0214,2025-10,360.0,238.0,223.0,1.0,374.0
SP0215,2025-10,161.0,357.0,324.0,6.0,188.0
SP0216,2025-10,439.0,171.0,170.0,1.0,439.0
SP0217,2025-10,290.0,234.0,207.0,3.0,314.0
SP0218,2025-10,467.0,227.0,227.0,1.0,466.0
SP0219,2025-10,513.0,337.0,306.0,3.0,541.0
SP0220,2025-10,413.0,368.0,323.0,2.0,456.0
SP0001,2025-11,535.0,31.0,16.0,0.0,550.0
SP0002,2025-11,588.0,400.0,376.0,1.0,611.0
SP0003,2025-11,585.0,395.0,368.0,3.0,609.0
SP0004,2025-11,213.0,17.0,0.0,0.0,230.0
SP0005,2025-11,492.0,314.0,273.0,5.0,528.0
SP0006,2025-11,737.0,481.0,431.0,1.0,786.0
SP0007,2025-11,491.0,363.0,331.0,3.0,520.0
SP0008,2025-11,663.0,315.0,296.0,2.0,680.0
SP0009,2025-11,581.0,371.0,329.0,2.0,621.0
SP0010,2025-11,252000.0,296000.0,251000.0,1000.0,296000.0
SP0011,2025-11,610.0,366.0,355.0,1.0,620.0
SP0012,2025-11,397.0,251.0,220.0,1.0,427.0
SP0013,2025-11,715.0,40.0,22.0,1.0,732.0
SP0014,2025-11,665.0,426.0,415.0,0.0,676.0
SP0015,2025-11,378.0,13.0,0.0,0.0,391.0
SP0016,2025-11,416.0,244.0,230.0,0.0,430.0
SP0017,2025-11,606.0,516.0,499.0,3.0,620.0
SP0018,2025-11,544.0,48.0,24.0,0.0,568.0
SP0019,2025-11,663.0,239.0,207.0,3.0,692.0
SP0020,2025-11,564.0,7.0,0.0,0.0,571.0
SP0021,2025-11,0.62,0.32,0.29,0.0,0.65
SP0022,2025-11,592.0,1.0,0.0,0.0,593.0
SP0023,2025-11,268.0,459.0,460.0,2.0,265.0
SP0024,2025-11,645.0,57.0,24.0,1.0,677.0
SP0025,2025-11,322.0,424.0,369.0,3.0,374.0
,2025-11,186.0,1.0,0.0,0.0,187.0
SP0027,2025-11,626.0,504.0,461.0,5.0,664.0
SP0028,2025-11,0.4,0.38,0.35,0.0,0.43
SP0029,2025-11,413.0,12.0,0.0,0.0,425.0
SP0030,2025-11,318.0,292.0,296.0,1.0,313.0
SP0031,2025-11,575.0,437.0,421.0,3.0,588.0
SP0032,2025-11,877.0,26.0,12.0,0.0,891.0
SP0033,2025-11,507.0,469.0,443.0,3.0,530.0
SP0034,2025-11,652.0,204.0,185.0,2.0,669.0
SP0035,2025-11,348.0,330.0,305.0,1.0,372.0
SP0036,2025-11,406.0,14.0,0.0,0.0,420.0
SP0037,2025-11,463.0,300.0,291.0,4.0,468.0
SP0038,2025-11,504.0,357.0,317.0,0.0,544.0
SP0039,2025-11,345.0,15.0,1.0,0.0,359.0
SP0040,2025-11,864000.0,31000.0,18000.0,0.0,877000.0
SP0041,2025-11,369.0,356.0,363.0,0.0,362.0
SP0042,2025-11,419.0,233.0,233.0,2.0,417.0
SP0043,2025-11,683.0,300.0,290.0,0.0,693.0
SP0044,2025-11,594.0,397.0,349.0,0.0,642.0
SP0045,2025-11,341.0,436.0,419.0,2.0,356.0
SP9500,2025-11,309.0,431.0,401.0,1.0,338.0
SP0047,2025-11,413.0,269.0,255.0,3.0,424.0
SP0048,2025-11,399.0,489.0,450.0,4.0,434.0
SP0049,2025-11,199.0,18.0,1.0,0.0,216.0
SP0050,2025-11,247.0,2.0,0.0,0.0,249.0
SP0051,2025-11,0.64,0.08,0.05,0.0,0.67
SP0052,2025-11,525.0,513.0,437.0,5.0,596.0
SP0053,2025-11,613.0,452.0,439.0,4.0,622.0
SP0054,2025-11,739.0,37.0,12.0,0.0,764.0
SP0055,2025-11,756.0,78.0,28.0,1.0,805.0
SP0056,2025-11,553.0,503.0,448.0,4.0,604.0
SP0057,2025-11,343.0,18.0,0.0,0.0,361.0
SP0058,2025-11,734.0,32.0,18.0,0.0,748.0
SP0059,2025-11,464.0,0.0,0.0,0.0,464.0
SP0060,2025-11,773000.0,93000.0,54000.0,0.0,812000.0
SP0061,2025-11,581.0,423.0,416.0,3.0,585.0
SP0062,2025-11,590.0,456.0,424.0,3.0,619.0
SP0063,2025-11,551.0,19.0,0.0,0.0,570.0
SP0064,2025-11,547.0,35.0,17.0,0.0,565.0
SP0065,2025-11,686.0,253.0,230.0,1.0,708.0
SP0066,2025-11,423.0,323.0,305.0,0.0,441.0
SP0067,2025-11,288.0,406.0,373.0,4.0,317.0
SP0068,2025-11,794.0,95.0,51.0,1.0,837.0
SP0069,2025-11,322000.0,6000.0,0.0,0.0,328000.0
SP0070,2025-11,255.0,221.0,228.0,2.0,246.0
SP0071,2025-11,738.0,485.0,474.0,2.0,747.0
SP0072,2025-11,488.0,469.0,403.0,1.0,553.0
SP0073,2025-11,339.0,14.0,1.0,0.0,352.0
SP0074,2025-11,744.0,61.0,30.0,0.0,775.0
SP0075,2025-11,623.0,29.0,13.0,0.0,639.0
SP0076,2025-11,301.0,315.0,304.0,2.0,310.0
SP0077,2025-11,313.0,453.0,465.0,5.0,296.0
SP0078,2025-11,583.0,462.0,472.0,2.0,571.0
SP0079,2025-11,471.0,461.0,472.0,4.0,456.0
SP0080,2025-11,692.0,86.0,37.0,1.0,740.0
SP0081,2025-11,773.0,50.0,19.0,0.0,804.0
SP0082,2025-11,318.0,4.0,0.0,0.0,322.0
SP0083,2025-11,411.0,17.0,1.0,0.0,427.0
SP0084,2025-11,451.0,516.0,471.0,9.0,487.0
SP0085,2025-11,489.0,66.0,37.0,1.0,517.0
SP0086,2025-11,633.0,16.0,0.0,0.0,649.0
SP0087,2025-11,702.0,29.0,13.0,0.0,718.0
SP0088,2025-11,452.0,335.0,334.0,6.0,447.0
SP0089,2025-11,449.0,297.0,299.0,1.0,446.0
SP0090,2025-11,370.0,432.0,371.0,2.0,429.0
SP0091,2025-11,251.0,0.0,0.0,0.0,251.0
SP0092,2025-11,577.0,373.0,352.0,2.0,596.0
SP0093,2025-11,526.0,420.0,439.0,1.0,506.0
SP0094,2025-11,761.0,43.0,17.0,1.0,786.0
SP0095,2025-11,340.0,252.0,235.0,2.0,355.0
SP0096,2025-11,581.0,478.0,453.0,4.0,602.0
SP0097,2025-11,0.62,0.27,0.24,0.0,0.64
SP0098,2025-11,826.0,80.0,27.0,1.0,878.0
SP0099,2025-11,397.0,337.0,346.0,3.0,385.0
SP0100,2025-11,521.0,56.0,23.0,0.0,554.0
SP0101,2025-11,449.0,410.0,371.0,1.0,487.0
SP0102,2025-11,612.0,82.0,38.0,0.0,656.0
SP0103,2025-11,496.0,463.0,438.0,6.0,515.0
SP9502,2025-11,470.0,280.0,257.0,1.0,492.0
SP0105,2025-11,821.0,78.0,33.0,1.0,865.0
SP0106,2025-11,516.0,229.0,222.0,2.0,521.0
SP0107,2025-11,485.0,318.0,330.0,1.0,472.0
SP0108,2025-11,231.0,501.0,452.0,3.0,277.0
SP0109,2025-11,685.0,102.0,43.0,0.0,744.0
SP0110,2025-11,572.0,443.0,450.0,1.0,564.0
SP0111,2025-11,598.0,37.0,17.0,0.0,618.0
SP0112,2025-11,473.0,405.0,420.0,5.0,453.0
SP0113,2025-11,407.0,419.0,378.0,6.0,442.0
SP0114,2025-11,455.0,201.0,176.0,2.0,478.0
SP0115,2025-11,630.0,395.0,413.0,2.0,610.0
SP0116,2025-11,270.0,244.0,220.0,1.0,293.0
SP0117,2025-11,302.0,306.0,299.0,1.0,308.0
SP9508,2025-11,390.0,350.0,365.0,4.0,371.0
SP0119,2025-11,0.6,0.0,0.0,0.0,0.6
SP0120,2025-11,585.0,449.0,411.0,3.0,620.0
SP0121,2025-11,385.0,351.0,321.0,3.0,412.0
SP0122,2025-11,834.0,59.0,21.0,0.0,872.0
SP0123,2025-11,356.0,294.0,256.0,3.0,391.0
SP0124,2025-11,429.0,221.0,206.0,4.0,440.0
SP0125,2025-11,677.0,48.0,20.0,1.0,704.0
SP0126,2025-11,531.0,8.0,0.0,0.0,539.0
SP0127,2025-11,686.0,232.0,208.0,2.0,708.0
SP0128,2025-11,294.0,9.0,1.0,0.0,302.0
SP0129,2025-11,649.0,468.0,412.0,7.0,698.0
SP0130,2025-11,614.0,390.0,376.0,5.0,623.0
SP0131,2025-11,308.0,230.0,196.0,1.0,341.0
SP0132,2025-11,195.0,10.0,0.0,0.0,205.0
SP0133,2025-11,240.0,386.0,390.0,5.0,231.0
SP0134,2025-11,285.0,197.0,176.0,1.0,305.0
SP0135,2025-11,644.0,507.0,522.0,2.0,627.0
SP0136,2025-11,415.0,455.0,406.0,2.0,462.0
SP0137,2025-11,355000.0,357000.0,359000.0,1000.0,352000.0
SP0138,2025-11,425.0,395.0,357.0,3.0,460.0
SP0139,2025-11,232.0,407.0,353.0,5.0,281.0
SP0140,2025-11,259.0,404.0,357.0,5.0,301.0
SP0141,2025-11,473.0,361.0,310.0,6.0,518.0
SP0142,2025-11,627.0,432.0,424.0,2.0,633.0
SP0143,2025-11,625.0,278.0,275.0,3.0,625.0
SP9509,2025-11,324.0,389.0,366.0,4.0,343.0
SP0145,2025-11,466.0,65.0,34.0,0.0,497.0
SP0146,2025-11,360.0,255.0,229.0,4.0,382.0
SP0147,2025-11,646.0,101.0,52.0,1.0,694.0
SP0148,2025-11,617.0,285.0,263.0,3.0,636.0
SP0149,2025-11,647.0,434.0,433.0,1.0,647.0
SP0150,2025-11,441.0,216.0,199.0,2.0,456.0
SP0151,2025-11,213.0,502.0,503.0,6.0,206.0
SP0152,2025-11,358.0,493.0,488.0,8.0,355.0
SP0153,2025-11,354.0,395.0,344.0,3.0,402.0
SP0154,2025-11,343.0,279.0,263.0,1.0,358.0
SP0155,2025-11,538.0,485.0,478.0,8.0,537.0
SP0156,2025-11,583.0,283.0,255.0,4.0,607.0
SP0157,2025-11,416.0,287.0,258.0,3.0,442.0
SP0158,2025-11,562.0,335.0,336.0,2.0,559.0
SP0159,2025-11,417000.0,289000.0,268000.0,1000.0,437000.0
SP0160,2025-11,988.0,52.0,23.0,1.0,1016.0
SP0161,2025-11,413.0,235.0,244.0,3.0,401.0
SP0162,2025-11,554.0,95.0,56.0,1.0,592.0
SP0163,2025-11,171.0,362.0,342.0,2.0,189.0
SP0164,2025-11,329.0,264.0,267.0,0.0,326.0
SP0165,2025-11,699.0,53.0,19.0,0.0,733.0
SP0166,2025-11,267.0,16.0,1.0,0.0,282.0
SP0167,2025-11,514.0,432.0,448.0,3.0,495.0
SP0168,2025-11,498.0,256.0,245.0,1.0,508.0
SP0169,2025-11,636.0,89.0,30.0,0.0,695.0
SP0170,2025-11,571.0,103.0,49.0,1.0,624.0
SP0171,2025-11,523.0,273.0,277.0,2.0,517.0
SP0172,2025-11,563.0,248.0,229.0,1.0,581.0
SP0173,2025-11,649.0,518.0,451.0,6.0,710.0
SP0174,2025-11,679.0,407.0,426.0,1.0,659.0
SP0175,2025-11,361.0,366.0,312.0,2.0,413.0
SP0176,2025-11,510.0,439.0,415.0,4.0,530.0
SP0177,2025-11,572.0,235.0,206.0,4.0,597.0
SP0178,2025-11,794.0,27.0,14.0,0.0,807.0
SP0179,2025-11,500.0,284.0,282.0,3.0,499.0
SP0180,2025-11,602.0,209.0,194.0,1.0,616.0
SP0181,2025-11,888.0,31.0,14.0,0.0,905.0
SP0182,2025-11,0.61,0.08,0.04,0.0,0.64
SP0183,2025-11,641.0,260.0,224.0,3.0,674.0
SP0184,2025-11,202000.0,324000.0,294000.0,2000.0,230000.0
SP0185,2025-11,284.0,320.0,296.0,1.0,307.0
SP0186,2025-11,326.0,507.0,491.0,2.0,340.0
SP0187,2025-11,237.0,199.0,171.0,3.0,262.0
SP0188,2025-11,171.0,316.0,314.0,6.0,167.0
SP0189,2025-11,0.66,0.27,0.26,0.0,0.66
SP0190,2025-11,426.0,321.0,319.0,1.0,427.0
SP0191,2025-11,656.0,490.0,510.0,4.0,632.0
SP0192,2025-11,420.0,385.0,383.0,1.0,421.0
SP0193,2025-11,675.0,512.0,523.0,7.0,657.0
SP0194,2025-11,351000.0,491000.0,458000.0,6000.0,378000.0
SP0195,2025-11,153.0,371.0,333.0,5.0,186.0
SP0196,2025-11,883.0,50.0,24.0,1.0,908.0
SP0197,2025-11,722.0,491.0,422.0,2.0,789.0
SP0198,2025-11,755.0,33.0,13.0,0.0,775.0
SP0199,2025-11,848.0,101.0,52.0,2.0,895.0
SP0200,2025-11,393.0,257.0,245.0,1.0,404.0
SP0201,2025-11,241.0,215.0,189.0,0.0,267.0
SP0202,2025-11,0.58,0.36,0.31,0.0,0.63
SP0203,2025-11,332.0,511.0,440.0,2.0,401.0
SP0204,2025-11,648.0,90.0,37.0,0.0,701.0
SP0205,2025-11,388.0,326.0,286.0,0.0,428.0
SP0206,2025-11,427.0,221.0,222.0,2.0,424.0
SP0207,2025-11,621.0,497.0,515.0,1.0,602.0
SP0208,2025-11,347.0,446.0,415.0,3.0,375.0
SP0209,2025-11,424000.0,291000.0,250000.0,2000.0,463000.0
SP0210,2025-11,186.0,372.0,341.0,2.0,215.0
SP0211,2025-11,430.0,513.0,446.0,4.0,493.0
SP0212,2025-11,329.0,12.0,0.0,0.0,341.0
SP0213,2025-11,531.0,442.0,408.0,4.0,561.0
SP0214,2025-11,374.0,457.0,473.0,4.0,354.0
SP0215,2025-11,188.0,370.0,340.0,7.0,211.0
SP0216,2025-11,439.0,315.0,270.0,5.0,479.0
SP0217,2025-11,314.0,202.0,194.0,2.0,320.0
SP0218,2025-11,466.0,369.0,350.0,5.0,480.0
SP0219,2025-11,541000.0,361000.0,336000.0,3000.0,563000.0
SP0220,2025-11,456.0,518.0,535.0,4.0,435.0
SP0001,2025-12,550.0,77.0,38.0,0.0,589.0
SP0002,2025-12,611.0,348.0,339.0,1.0,619.0
SP0003,2025-12,609.0,240.0,235.0,2.0,612.0
SP0004,2025-12,0.23,0.01,0.0,0.0,0.24
SP0005,2025-12,528.0,558.0,556.0,5.0,525.0
SP0006,2025-12,786.0,272.0,240.0,1.0,817.0
SP0007,2025-12,520.0,252.0,227.0,2.0,543.0
SP0008,2025-12,680.0,254.0,258.0,0.0,676.0
SP0009,2025-12,621.0,535.0,548.0,2.0,606.0
SP0010,2025-12,296.0,247.0,250.0,0.0,293.0
SP0011,2025-12,620.0,385.0,395.0,3.0,607.0
SP0012,2025-12,0.43,0.29,0.3,0.0,0.42
SP0013,2025-12,732.0,58.0,22.0,0.0,768.0
SP0014,2025-12,676.0,232.0,212.0,0.0,696.0
SP0015,2025-12,391.0,5.0,0.0,0.0,396.0
SP9501,2025-12,430.0,576.0,507.0,1.0,498.0
SP0017,2025-12,620.0,475.0,471.0,4.0,620.0
SP0018,2025-12,568.0,79.0,28.0,0.0,619.0
SP0019,2025-12,692.0,303.0,266.0,2.0,727.0
SP0020,2025-12,571.0,18.0,2.0,0.0,587.0
SP9508,2025-12,646.0,502.0,452.0,4.0,692.0
SP0022,2025-12,593.0,2.0,0.0,0.0,595.0
SP0023,2025-12,265.0,369.0,316.0,2.0,316.0
SP0024,2025-12,677.0,74.0,29.0,0.0,722.0
SP0025,2025-12,374.0,580.0,599.0,2.0,353.0
SP0026,2025-12,187.0,3.0,0.0,0.0,190.0
SP0027,2025-12,664.0,387.0,378.0,1.0,672.0
SP0028,2025-12,428.0,295.0,257.0,3.0,463.0
SP0029,2025-12,425000.0,19000.0,2000.0,0.0,442000.0
SP0030,2025-12,313.0,453.0,407.0,1.0,358.0
SP0031,2025-12,588.0,545.0,489.0,2.0,642.0
SP0032,2025-12,891.0,96.0,53.0,1.0,933.0
SP0033,2025-12,530.0,246.0,236.0,4.0,536.0
SP0034,2025-12,669.0,383.0,353.0,1.0,698.0
SP0035,2025-12,372.0,285.0,294.0,1.0,362.0
SP0036,2025-12,420.0,9.0,1.0,0.0,428.0
SP0037,2025-12,0.47,0.62,0.54,0.0,0.54
SP0038,2025-12,544.0,447.0,443.0,2.0,546.0
SP0039,2025-12,0.36,0.01,0.0,0.0,0.37
SP0040,2025-12,877.0,33.0,14.0,0.0,896.0
SP0041,2025-12,362.0,578.0,591.0,2.0,347.0
SP0042,2025-12,417.0,249.0,218.0,1.0,447.0
SP0043,2025-12,693.0,266.0,276.0,1.0,682.0
SP0044,2025-12,642.0,397.0,392.0,1.0,646.0
SP0045,2025-12,356.0,565.0,516.0,6.0,399.0
SP0046,2025-12,338.0,475.0,459.0,3.0,351.0
SP0047,2025-12,424.0,421.0,439.0,5.0,401.0
SP0048,2025-12,434.0,367.0,333.0,1.0,467.0
SP0049,2025-12,216.0,12.0,0.0,0.0,228.0
SP0050,2025-12,249.0,3.0,0.0,0.0,252.0
SP0051,2025-12,672.0,33.0,17.0,0.0,688.0
SP0052,2025-12,596000.0,490000.0,509000.0,4000.0,573000.0
SP0053,2025-12,622.0,348.0,361.0,6.0,603.0
SP0054,2025-12,764.0,123.0,52.0,2.0,833.0
SP0055,2025-12,805.0,32.0,16.0,1.0,820.0
SP0056,2025-12,604.0,369.0,324.0,3.0,646.0
SP0057,2025-12,361.0,2.0,0.0,0.0,363.0
SP0058,2025-12,748.0,114.0,57.0,1.0,804.0
SP0059,2025-12,464.0,16.0,0.0,0.0,480.0
SP0060,2025-12,812.0,84.0,29.0,0.0,867.0
SP0061,2025-12,585.0,354.0,338.0,5.0,596.0
SP0062,2025-12,619.0,614.0,534.0,12.0,687.0
SP0063,2025-12,570.0,13.0,0.0,0.0,583.0
SP0064,2025-12,565.0,58.0,23.0,1.0,599.0
SP0065,2025-12,708.0,293.0,258.0,0.0,743.0
SP0066,2025-12,441.0,340.0,309.0,0.0,472.0
SP0067,2025-12,317.0,366.0,312.0,2.0,369.0
SP9507,2025-12,837.0,44.0,21.0,0.0,860.0
SP0069,2025-12,328.0,18.0,1.0,0.0,345.0
SP0070,2025-12,246.0,470.0,423.0,4.0,289.0
SP0071,2025-12,747.0,385.0,398.0,0.0,734.0
SP0072,2025-12,553.0,540.0,555.0,2.0,536.0
SP0073,2025-12,352.0,16.0,0.0,0.0,368.0
SP0074,2025-12,775.0,81.0,41.0,0.0,815.0
SP0075,2025-12,639.0,107.0,55.0,0.0,691.0
SP0076,2025-12,310.0,356.0,313.0,1.0,352.0
SP0077,2025-12,296.0,308.0,273.0,5.0,326.0
SP0078,2025-12,571.0,579.0,564.0,3.0,583.0
,2025-12,456.0,406.0,387.0,3.0,472.0
SP9505,2025-12,740.0,84.0,29.0,1.0,794.0
SP0081,2025-12,804.0,84.0,41.0,1.0,846.0
SP0082,2025-12,322.0,17.0,2.0,0.0,337.0
SP0083,2025-12,0.43,0.0,0.0,0.0,0.43
SP0084,2025-12,487.0,519.0,529.0,4.0,473.0
SP0085,2025-12,517.0,110.0,50.0,1.0,576.0
SP0086,2025-12,649.0,14.0,1.0,0.0,662.0
SP0087,2025-12,718.0,92.0,43.0,1.0,766.0
SP9507,2025-12,447.0,445.0,417.0,4.0,471.0
SP0089,2025-12,446.0,497.0,504.0,7.0,432.0
SP0090,2025-12,429.0,364.0,370.0,2.0,421.0
SP0091,2025-12,251.0,15.0,1.0,0.0,265.0
SP0092,2025-12,596.0,249.0,236.0,2.0,607.0
SP9501,2025-12,0.51,0.6,0.55,0.0,0.55
SP0094,2025-12,786.0,117.0,46.0,1.0,856.0
SP0095,2025-12,355.0,432.0,388.0,3.0,396.0
SP0096,2025-12,602.0,354.0,324.0,3.0,629.0
SP0097,2025-12,637.0,435.0,455.0,4.0,613.0
SP0098,2025-12,878.0,83.0,32.0,1.0,928.0
SP0099,2025-12,385.0,594.0,595.0,5.0,379.0
SP0100,2025-12,554.0,117.0,39.0,2.0,630.0
SP0101,2025-12,487.0,528.0,552.0,0.0,463.0
SP0102,2025-12,656.0,32.0,14.0,0.0,674.0
SP0103,2025-12,515.0,239.0,245.0,2.0,507.0
SP0104,2025-12,492.0,439.0,422.0,0.0,509.0
SP0105,2025-12,865.0,107.0,59.0,2.0,911.0
SP0106,2025-12,521.0,459.0,420.0,4.0,556.0
SP0107,2025-12,472.0,608.0,602.0,2.0,476.0
SP0108,2025-12,277.0,480.0,448.0,5.0,304.0
SP0109,2025-12,0.74,0.12,0.04,0.0,0.83
SP0110,2025-12,564.0,444.0,393.0,3.0,612.0
SP0111,2025-12,618.0,55.0,28.0,0.0,645.0
SP0112,2025-12,453.0,523.0,464.0,8.0,504.0
SP0113,2025-12,442.0,259.0,262.0,4.0,435.0
SP0114,2025-12,478.0,314.0,298.0,4.0,490.0
SP0115,2025-12,610.0,449.0,436.0,4.0,619.0
SP0116,2025-12,293.0,359.0,356.0,1.0,295.0
SP0117,2025-12,308.0,272.0,274.0,2.0,304.0
SP0118,2025-12,371.0,601.0,623.0,8.0,341.0
SP0119,2025-12,600.0,5.0,0.0,0.0,605.0
SP0120,2025-12,620.0,564.0,479.0,3.0,702.0
SP0121,2025-12,412.0,538.0,510.0,6.0,434.0
SP0122,2025-12,872.0,86.0,31.0,1.0,926.0
SP0123,2025-12,391.0,537.0,469.0,2.0,457.0
SP0124,2025-12,440.0,519.0,467.0,8.0,484.0
SP0125,2025-12,704.0,34.0,10.0,0.0,728.0
SP0126,2025-12,539.0,12.0,0.0,0.0,551.0
SP0127,2025-12,708.0,579.0,501.0,3.0,783.0
SP0128,2025-12,302.0,1.0,0.0,0.0,303.0
SP0129,2025-12,698.0,595.0,522.0,8.0,763.0
SP0130,2025-12,623.0,310.0,268.0,4.0,661.0
SP0131,2025-12,341.0,405.0,414.0,1.0,331.0
SP0132,2025-12,205.0,6.0,0.0,0.0,211.0
SP0133,2025-12,231.0,469.0,438.0,5.0,257.0
SP0134,2025-12,305.0,278.0,271.0,2.0,310.0
SP0135,2025-12,627.0,247.0,213.0,1.0,660.0
SP0136,2025-12,462.0,441.0,410.0,2.0,491.0
SP0137,2025-12,352.0,412.0,407.0,1.0,356.0
SP0138,2025-12,460.0,303.0,259.0,3.0,501.0
SP0139,2025-12,281.0,470.0,462.0,9.0,280.0
SP0140,2025-12,301.0,238.0,207.0,4.0,328.0
SP0141,2025-12,0.52,0.42,0.4,0.0,0.53
SP0142,2025-12,633.0,436.0,393.0,1.0,675.0
SP0143,2025-12,625.0,422.0,432.0,3.0,612.0
SP0144,2025-12,343.0,351.0,362.0,1.0,331.0
SP0145,2025-12,497.0,73.0,22.0,1.0,547.0
SP0146,2025-12,382.0,320.0,277.0,4.0,421.0
SP0147,2025-12,0.69,0.08,0.04,0.0,0.73
SP9504,2025-12,636000.0,617000.0,582000.0,6000.0,665000.0
SP0149,2025-12,647.0,524.0,504.0,1.0,666.0
SP0150,2025-12,456.0,401.0,345.0,7.0,505.0
SP0151,2025-12,206.0,501.0,480.0,3.0,224.0
SP0152,2025-12,355.0,392.0,352.0,7.0,388.0
SP0153,2025-12,402.0,336.0,305.0,2.0,431.0
SP0154,2025-12,358.0,562.0,551.0,5.0,364.0
SP0155,2025-12,537.0,240.0,213.0,3.0,561.0
SP0156,2025-12,607.0,339.0,340.0,4.0,602.0
SP0157,2025-12,442.0,415.0,412.0,2.0,443.0
SP0158,2025-12,559.0,541.0,530.0,6.0,564.0
SP0159,2025-12,437.0,602.0,617.0,3.0,419.0
,2025-12,1016.0,120.0,68.0,1.0,1067.0
SP0161,2025-12,401.0,340.0,353.0,4.0,384.0
SP0162,2025-12,592.0,75.0,37.0,1.0,629.0
SP0163,2025-12,189.0,248.0,220.0,2.0,215.0
SP0164,2025-12,326.0,390.0,344.0,1.0,371.0
SP0165,2025-12,733.0,112.0,57.0,1.0,787.0
SP0166,2025-12,282.0,2.0,0.0,0.0,284.0
SP0167,2025-12,495.0,426.0,432.0,2.0,487.0
SP0168,2025-12,508.0,306.0,274.0,3.0,537.0
SP0169,2025-12,695.0,85.0,48.0,0.0,732.0
SP0170,2025-12,624.0,117.0,44.0,1.0,696.0
SP0171,2025-12,517.0,396.0,388.0,3.0,522.0
SP0172,2025-12,581.0,307.0,307.0,1.0,580.0
SP0173,2025-12,710.0,561.0,480.0,4.0,787.0
SP0174,2025-12,659.0,537.0,560.0,1.0,635.0
SP0175,2025-12,413.0,492.0,450.0,1.0,454.0
SP0176,2025-12,530.0,515.0,502.0,8.0,535.0
SP0177,2025-12,597.0,431.0,443.0,5.0,580.0
SP0178,2025-12,807.0,62.0,28.0,1.0,840.0
SP0179,2025-12,499.0,268.0,278.0,3.0,486.0
SP0180,2025-12,616.0,272.0,261.0,1.0,626.0
SP0181,2025-12,905.0,99.0,49.0,0.0,955.0
SP0182,2025-12,0.64,0.04,0.02,0.0,0.67
SP0183,2025-12,674.0,431.0,415.0,3.0,687.0
SP0184,2025-12,230.0,587.0,572.0,9.0,236.0
SP0185,2025-12,307.0,445.0,433.0,1.0,318.0
SP0186,2025-12,340.0,458.0,408.0,0.0,390.0
SP0187,2025-12,262.0,577.0,588.0,2.0,249.0
SP0188,2025-12,167.0,328.0,328.0,3.0,164.0
SP0189,2025-12,660.0,351.0,362.0,2.0,647.0
SP0190,2025-12,427.0,484.0,467.0,4.0,440.0
SP0191,2025-12,632.0,595.0,568.0,5.0,654.0
SP0192,2025-12,421.0,453.0,417.0,2.0,455.0
SP0193,2025-12,657.0,235.0,245.0,2.0,645.0
SP0194,2025-12,378.0,357.0,357.0,5.0,373.0
SP0195,2025-12,186.0,262.0,265.0,2.0,181.0
SP0196,2025-12,908.0,84.0,33.0,1.0,958.0
SP0197,2025-12,789.0,343.0,346.0,1.0,785.0
SP0198,2025-12,775.0,101.0,54.0,1.0,821.0
SP0199,2025-12,895.0,90.0,50.0,1.0,934.0
SP0200,2025-12,404.0,239.0,225.0,0.0,418.0
SP0201,2025-12,267.0,525.0,505.0,0.0,287.0
SP0202,2025-12,626.0,545.0,528.0,0.0,643.0
SP0203,2025-12,0.4,0.5,0.46,0.0,0.43
SP0204,2025-12,701.0,118.0,54.0,0.0,765.0
SP0205,2025-12,428.0,273.0,264.0,1.0,436.0
SP0206,2025-12,424000.0,364000.0,334000.0,2000.0,452000.0
SP0207,2025-12,602.0,433.0,396.0,2.0,637.0
SP0208,2025-12,375.0,288.0,260.0,4.0,399.0
SP0209,2025-12,463.0,408.0,391.0,5.0,475.0
SP0210,2025-12,215.0,473.0,420.0,1.0,267.0
SP0211,2025-12,493.0,444.0,390.0,6.0,541.0
SP0212,2025-12,341.0,4.0,0.0,0.0,345.0
SP0213,2025-12,561.0,549.0,521.0,3.0,586.0
SP0214,2025-12,354.0,617.0,554.0,3.0,414.0
SP0215,2025-12,211000.0,271000.0,274000.0,4000.0,204000.0
SP0216,2025-12,479.0,261.0,225.0,4.0,511.0
SP9506,2025-12,320.0,609.0,607.0,9.0,313.0
SP0218,2025-12,480.0,250.0,258.0,3.0,469.0
SP0219,2025-12,563.0,538.0,461.0,10.0,630.0
SP0220,2025-12,435.0,543.0,540.0,1.0,437.0
SP0001,2026-01,589.0,95.0,44.0,1.0,639.0
,2026-01,619.0,383.0,337.0,3.0,662.0
SP0003,2026-01,612.0,382.0,339.0,1.0,654.0
SP0004,2026-01,236.0,14.0,0.0,0.0,250.0
SP0005,2026-01,525.0,460.0,431.0,3.0,551.0
SP0006,2026-01,817.0,476.0,489.0,2.0,802.0
SP0007,2026-01,543.0,310.0,305.0,3.0,545.0
SP0008,2026-01,676.0,427.0,391.0,2.0,710.0
SP0009,2026-01,606.0,338.0,290.0,1.0,653.0
SP0010,2026-01,293.0,521.0,472.0,1.0,341.0
SP0011,2026-01,607.0,230.0,196.0,1.0,640.0
SP0012,2026-01,416.0,214.0,194.0,2.0,434.0
SP0013,2026-01,768.0,56.0,22.0,1.0,801.0
SP0014,2026-01,696.0,378.0,365.0,0.0,709.0
SP0015,2026-01,396.0,10.0,0.0,0.0,406.0
SP0016,2026-01,498.0,295.0,277.0,1.0,515.0
SP0017,2026-01,620.0,462.0,440.0,3.0,639.0
,2026-01,619.0,96.0,54.0,0.0,661.0
SP0019,2026-01,727.0,307.0,307.0,3.0,724.0
SP0020,2026-01,587.0,4.0,0.0,0.0,591.0
SP0021,2026-01,692.0,204.0,207.0,2.0,687.0
SP0022,2026-01,595.0,19.0,2.0,0.0,612.0
SP0023,2026-01,316.0,206.0,194.0,1.0,327.0
SP0024,2026-01,722.0,31.0,18.0,0.0,735.0
SP0025,2026-01,353.0,500.0,475.0,1.0,377.0
SP0026,2026-01,190.0,14.0,1.0,0.0,203.0
SP0027,2026-01,672.0,206.0,185.0,2.0,691.0
SP0028,2026-01,463.0,287.0,288.0,4.0,458.0
SP0029,2026-01,442.0,19.0,0.0,0.0,461.0
SP0030,2026-01,358.0,333.0,305.0,1.0,385.0
SP0031,2026-01,642.0,297.0,253.0,1.0,685.0
SP0032,2026-01,933.0,42.0,20.0,1.0,954.0
SP0033,2026-01,536.0,244.0,214.0,3.0,563.0
SP0034,2026-01,698000.0,531000.0,476000.0,4000.0,749000.0
SP0035,2026-01,362.0,212.0,194.0,1.0,379.0
SP0036,2026-01,428.0,13.0,1.0,0.0,440.0
SP0037,2026-01,543.0,216.0,224.0,2.0,533.0
SP0038,2026-01,546000.0,275000.0,257000.0,0.0,564000.0
SP0039,2026-01,373.0,6.0,0.0,0.0,379.0
SP0040,2026-01,896.0,100.0,42.0,2.0,952.0
SP0041,2026-01,347.0,286.0,297.0,1.0,335.0
SP0042,2026-01,447.0,244.0,215.0,4.0,472.0
SP0043,2026-01,682.0,245.0,233.0,0.0,694.0
SP0044,2026-01,646.0,411.0,369.0,0.0,688.0
SP0045,2026-01,399.0,249.0,235.0,1.0,412.0
SP0046,2026-01,351.0,324.0,299.0,3.0,373.0
SP0047,2026-01,401.0,361.0,368.0,3.0,391.0
SP0048,2026-01,467.0,337.0,301.0,3.0,500.0
SP0049,2026-01,228.0,12.0,1.0,0.0,239.0
SP0050,2026-01,252.0,17.0,2.0,0.0,267.0
SP0051,2026-01,688.0,61.0,31.0,1.0,717.0
SP0052,2026-01,573.0,261.0,236.0,2.0,596.0
SP0053,2026-01,603.0,284.0,272.0,4.0,611.0
SP0054,2026-01,833.0,52.0,18.0,1.0,866.0
SP0055,2026-01,820.0,96.0,31.0,1.0,884.0
SP0056,2026-01,646.0,300.0,295.0,3.0,648.0
SP0057,2026-01,363.0,19.0,2.0,0.0,380.0
SP0058,2026-01,804.0,72.0,38.0,1.0,837.0
SP0059,2026-01,480.0,11.0,1.0,0.0,490.0
SP0060,2026-01,867.0,69.0,31.0,0.0,905.0
SP0061,2026-01,596.0,374.0,374.0,2.0,594.0
SP0062,2026-01,687.0,376.0,372.0,6.0,685.0
SP9502,2026-01,583.0,1.0,0.0,0.0,584.0
SP0064,2026-01,599.0,92.0,52.0,1.0,638.0
SP0065,2026-01,743.0,515.0,452.0,1.0,805.0
SP0066,2026-01,472.0,397.0,339.0,2.0,528.0
SP0067,2026-01,369.0,467.0,471.0,4.0,361.0
,2026-01,860.0,104.0,36.0,1.0,927.0
SP0069,2026-01,345.0,18.0,1.0,0.0,362.0
SP0070,2026-01,289.0,212.0,193.0,2.0,306.0
SP0071,2026-01,734.0,352.0,320.0,2.0,764.0
SP0072,2026-01,536.0,534.0,477.0,1.0,592.0
SP0073,2026-01,368.0,1.0,0.0,0.0,369.0
SP0074,2026-01,815.0,47.0,15.0,0.0,847.0
SP0075,2026-01,0.69,0.04,0.02,0.0,0.72
SP0076,2026-01,352.0,378.0,380.0,5.0,345.0
SP0077,2026-01,326.0,320.0,318.0,2.0,326.0
SP0078,2026-01,583.0,282.0,242.0,3.0,620.0
SP0079,2026-01,472.0,300.0,272.0,1.0,499.0
SP0080,2026-01,794.0,84.0,36.0,0.0,842.0
SP0081,2026-01,846.0,76.0,42.0,0.0,880.0
SP0082,2026-01,337.0,10.0,0.0,0.0,347.0
SP0083,2026-01,430.0,15.0,2.0,0.0,443.0
SP9502,2026-01,473.0,482.0,490.0,9.0,456.0
SP0085,2026-01,576.0,79.0,29.0,2.0,624.0
SP0086,2026-01,662.0,5.0,0.0,0.0,667.0
SP0087,2026-01,766.0,55.0,23.0,1.0,797.0
SP0088,2026-01,471.0,344.0,345.0,3.0,467.0
SP0089,2026-01,432.0,239.0,238.0,2.0,431.0
SP0090,2026-01,0.42,0.47,0.48,0.0,0.4
SP0091,2026-01,265.0,4.0,0.0,0.0,269.0
SP0092,2026-01,607.0,408.0,413.0,1.0,601.0
SP0093,2026-01,551.0,450.0,420.0,2.0,579.0
SP0094,2026-01,856.0,63.0,21.0,1.0,897.0
SP0095,2026-01,396.0,354.0,350.0,3.0,397.0
SP0096,2026-01,629.0,213.0,188.0,1.0,653.0
SP0097,2026-01,613.0,455.0,423.0,6.0,639.0
SP0098,2026-01,928.0,96.0,41.0,1.0,982.0
SP0099,2026-01,379.0,268.0,242.0,3.0,402.0
SP0100,2026-01,630.0,37.0,14.0,0.0,653.0
SP0101,2026-01,463000.0,394000.0,347000.0,1000.0,509000.0
SP0102,2026-01,674000.0,76000.0,44000.0,0.0,706000.0
SP0103,2026-01,507.0,532.0,557.0,4.0,478.0
SP0104,2026-01,509000.0,417000.0,371000.0,1000.0,554000.0
SP0105,2026-01,911.0,77.0,23.0,0.0,965.0
SP0106,2026-01,556.0,367.0,326.0,3.0,594.0
SP0107,2026-01,476.0,441.0,411.0,2.0,504.0
SP0108,2026-01,304.0,238.0,230.0,2.0,310.0
SP0109,2026-01,829.0,55.0,32.0,0.0,852.0
SP0110,2026-01,612.0,245.0,221.0,1.0,635.0
SP0111,2026-01,645.0,28.0,9.0,0.0,664.0
SP0112,2026-01,504.0,227.0,203.0,3.0,525.0
SP0113,2026-01,0.44,0.52,0.53,0.0,0.42
SP0114,2026-01,490.0,270.0,249.0,1.0,510.0
SP0115,2026-01,619.0,410.0,364.0,1.0,664.0
SP0116,2026-01,295.0,372.0,358.0,1.0,308.0
SP0117,2026-01,304.0,441.0,403.0,3.0,339.0
SP0118,2026-01,341.0,259.0,263.0,1.0,336.0
SP0119,2026-01,605.0,14.0,0.0,0.0,619.0
SP0120,2026-01,702.0,495.0,483.0,6.0,708.0
SP0121,2026-01,434.0,364.0,314.0,5.0,479.0
SP0122,2026-01,926000.0,50000.0,28000.0,1000.0,947000.0
SP0123,2026-01,457.0,407.0,406.0,3.0,455.0
SP0124,2026-01,484.0,278.0,284.0,5.0,473.0
SP0125,2026-01,728.0,70.0,32.0,1.0,765.0
SP0126,2026-01,551.0,13.0,1.0,0.0,563.0
SP0127,2026-01,783.0,411.0,422.0,1.0,771.0
SP0128,2026-01,303.0,15.0,0.0,0.0,318.0
SP0129,2026-01,763.0,303.0,307.0,3.0,756.0
SP9504,2026-01,661000.0,338000.0,315000.0,3000.0,681000.0
SP0131,2026-01,331.0,506.0,492.0,1.0,344.0
SP0132,2026-01,211.0,6.0,0.0,0.0,217.0
SP0133,2026-01,257.0,410.0,392.0,4.0,271.0
SP0134,2026-01,310.0,440.0,443.0,6.0,301.0
SP0135,2026-01,660.0,229.0,195.0,1.0,693.0
SP0136,2026-01,491.0,420.0,420.0,2.0,489.0
SP0137,2026-01,356000.0,329000.0,314000.0,1000.0,370000.0
SP0138,2026-01,501000.0,451000.0,461000.0,3000.0,488000.0
SP0139,2026-01,280.0,387.0,381.0,7.0,279.0
SP0140,2026-01,328.0,250.0,246.0,4.0,328.0
SP0141,2026-01,532.0,420.0,438.0,4.0,510.0
SP0142,2026-01,675.0,353.0,332.0,1.0,695.0
SP0143,2026-01,612.0,417.0,405.0,3.0,621.0
SP0144,2026-01,331.0,355.0,366.0,4.0,316.0
SP0145,2026-01,0.55,0.1,0.06,0.0,0.59
SP0146,2026-01,421000.0,508000.0,433000.0,9000.0,487000.0
SP0147,2026-01,727.0,27.0,13.0,0.0,741.0
SP0148,2026-01,665000.0,383000.0,343000.0,3000.0,702000.0
SP0149,2026-01,666.0,233.0,226.0,1.0,672.0
SP0150,2026-01,505.0,210.0,205.0,2.0,508.0
SP0151,2026-01,224.0,323.0,331.0,1.0,215.0
SP0152,2026-01,388.0,406.0,408.0,6.0,380.0
SP0153,2026-01,0.43,0.48,0.5,0.01,0.41
SP0154,2026-01,364.0,444.0,449.0,4.0,355.0
SP0155,2026-01,561.0,527.0,493.0,8.0,587.0
SP0156,2026-01,602.0,252.0,244.0,2.0,608.0
SP0157,2026-01,443.0,309.0,264.0,4.0,484.0
SP0158,2026-01,564.0,514.0,516.0,6.0,556.0
SP0159,2026-01,419.0,379.0,353.0,0.0,445.0
SP0160,2026-01,1067.0,76.0,33.0,1.0,1109.0
SP0161,2026-01,384.0,484.0,502.0,2.0,364.0
SP0162,2026-01,0.63,0.09,0.05,0.0,0.67
SP0163,2026-01,215.0,413.0,430.0,5.0,193.0
SP0164,2026-01,371.0,214.0,193.0,1.0,391.0
SP0165,2026-01,787.0,58.0,24.0,0.0,821.0
SP0166,2026-01,284.0,18.0,1.0,0.0,301.0
SP0167,2026-01,487.0,366.0,370.0,2.0,481.0
SP0168,2026-01,537.0,242.0,235.0,1.0,543.0
SP0169,2026-01,732.0,51.0,17.0,0.0,766.0
SP0170,2026-01,696.0,71.0,23.0,1.0,743.0
SP0171,2026-01,522.0,272.0,273.0,1.0,520.0
SP0172,2026-01,580.0,389.0,373.0,2.0,594.0
SP0173,2026-01,787.0,245.0,245.0,3.0,784.0
SP0174,2026-01,635.0,344.0,334.0,0.0,645.0
SP0175,2026-01,454.0,411.0,364.0,3.0,498.0
SP0176,2026-01,535.0,445.0,402.0,3.0,575.0
SP0177,2026-01,580.0,427.0,440.0,2.0,565.0
SP0178,2026-01,840.0,88.0,52.0,1.0,875.0
SP0179,2026-01,486.0,248.0,218.0,2.0,514.0
SP0180,2026-01,626.0,317.0,283.0,0.0,660.0
SP0181,2026-01,955.0,90.0,33.0,0.0,1012.0
,2026-01,667.0,60.0,19.0,1.0,707.0
SP0183,2026-01,687.0,429.0,392.0,3.0,721.0
SP0184,2026-01,236.0,220.0,223.0,4.0,229.0
SP0185,2026-01,318.0,394.0,369.0,3.0,340.0
SP0186,2026-01,0.39,0.24,0.24,0.0,0.39
SP0187,2026-01,249.0,451.0,455.0,3.0,242.0
SP0188,2026-01,164.0,329.0,284.0,5.0,204.0
SP0189,2026-01,647.0,263.0,226.0,2.0,682.0
SP0190,2026-01,440.0,301.0,261.0,1.0,479.0
SP0191,2026-01,654.0,230.0,234.0,1.0,649.0
SP0192,2026-01,455.0,267.0,280.0,0.0,442.0
SP0193,2026-01,0.64,0.51,0.45,0.01,0.7
SP0194,2026-01,373.0,331.0,314.0,6.0,384.0
SP0195,2026-01,181.0,264.0,230.0,4.0,211.0
SP0196,2026-01,958000.0,107000.0,60000.0,1000.0,1004000.0
SP0197,2026-01,785.0,237.0,221.0,1.0,800.0
SP0198,2026-01,821.0,52.0,30.0,0.0,843.0
SP0199,2026-01,934.0,79.0,46.0,1.0,966.0
SP0200,2026-01,418.0,388.0,338.0,0.0,468.0
SP0201,2026-01,287.0,302.0,272.0,1.0,316.0
SP0202,2026-01,643.0,321.0,329.0,0.0,635.0
SP0203,2026-01,433.0,448.0,386.0,2.0,493.0
SP0204,2026-01,765.0,98.0,36.0,0.0,827.0
SP0205,2026-01,436.0,462.0,457.0,1.0,440.0
SP0206,2026-01,452.0,317.0,284.0,3.0,482.0
SP0207,2026-01,637.0,369.0,373.0,3.0,630.0
SP0208,2026-01,399.0,493.0,502.0,3.0,387.0
SP0209,2026-01,475.0,452.0,441.0,4.0,482.0
SP0210,2026-01,267.0,333.0,330.0,3.0,267.0
SP0211,2026-01,541.0,323.0,277.0,2.0,585.0
,2026-01,345.0,11.0,1.0,0.0,355.0
SP0213,2026-01,586.0,259.0,268.0,1.0,576.0
SP0214,2026-01,414.0,404.0,384.0,1.0,433.0
SP0215,2026-01,204.0,287.0,298.0,6.0,187.0
SP0216,2026-01,511.0,506.0,474.0,6.0,537.0
SP0217,2026-01,313000.0,476000.0,410000.0,3000.0,376000.0
SP0218,2026-01,469.0,512.0,458.0,4.0,519.0
SP0219,2026-01,630.0,315.0,310.0,5.0,630.0
SP0220,2026-01,437.0,327.0,295.0,3.0,466.0
SP0001,2026-02,639.0,37.0,13.0,0.0,663.0
SP0002,2026-02,662.0,134.0,122.0,1.0,673.0
SP0003,2026-02,654.0,180.0,160.0,2.0,672.0
SP0004,2026-02,250.0,13.0,1.0,0.0,262.0
SP0005,2026-02,551.0,239.0,248.0,3.0,539.0
SP0006,2026-02,802.0,195.0,170.0,0.0,827.0
SP0007,2026-02,545.0,131.0,134.0,2.0,540.0
SP0008,2026-02,710.0,183.0,181.0,0.0,712.0
SP0009,2026-02,653.0,159.0,165.0,0.0,647.0
SP0010,2026-02,0.34,0.11,0.12,0.0,0.34
SP0011,2026-02,640.0,239.0,210.0,2.0,667.0
SP0012,2026-02,434.0,132.0,136.0,1.0,429.0
SP0013,2026-02,801.0,42.0,20.0,1.0,822.0
SP0014,2026-02,709.0,245.0,208.0,1.0,745.0
SP0015,2026-02,406.0,8.0,0.0,0.0,414.0
SP0016,2026-02,515.0,197.0,202.0,0.0,510.0
SP0017,2026-02,639.0,203.0,180.0,1.0,661.0
SP0018,2026-02,661.0,43.0,18.0,0.0,686.0
SP0019,2026-02,724.0,207.0,179.0,1.0,751.0
SP0020,2026-02,591000.0,15000.0,1000.0,0.0,605000.0
SP0021,2026-02,687.0,124.0,125.0,1.0,685.0
,2026-02,612.0,14.0,1.0,0.0,625.0
SP0023,2026-02,327.0,238.0,236.0,2.0,327.0
SP0024,2026-02,735.0,27.0,10.0,0.0,752.0
SP0025,2026-02,377.0,196.0,184.0,1.0,388.0
SP0026,2026-02,203.0,11.0,0.0,0.0,214.0
SP0027,2026-02,691.0,129.0,129.0,1.0,690.0
SP0028,2026-02,458.0,181.0,186.0,3.0,450.0
SP0029,2026-02,461.0,0.0,0.0,0.0,461.0
SP0030,2026-02,385.0,170.0,145.0,0.0,410.0
SP9507,2026-02,685.0,245.0,243.0,1.0,686.0
SP0032,2026-02,954.0,49.0,26.0,0.0,977.0
SP0033,2026-02,563.0,279.0,251.0,5.0,586.0
SP0034,2026-02,0.75,0.17,0.17,0.0,0.75
SP0035,2026-02,379.0,125.0,121.0,0.0,383.0
SP0036,2026-02,440.0,17.0,0.0,0.0,457.0
SP0037,2026-02,533.0,264.0,230.0,4.0,563.0
SP0038,2026-02,564.0,137.0,134.0,1.0,566.0
SP9509,2026-02,379.0,10.0,0.0,0.0,389.0
SP0040,2026-02,952.0,20.0,6.0,0.0,966.0
SP0041,2026-02,335.0,241.0,224.0,1.0,351.0
SP0042,2026-02,472.0,166.0,153.0,2.0,483.0
SP0043,2026-02,694.0,271.0,246.0,1.0,718.0
SP0044,2026-02,688.0,114.0,106.0,0.0,696.0
SP0045,2026-02,412.0,120.0,103.0,2.0,427.0
SP0046,2026-02,373.0,144.0,122.0,1.0,394.0
SP0047,2026-02,391.0,172.0,151.0,3.0,409.0
SP0048,2026-02,500.0,127.0,127.0,1.0,499.0
SP0049,2026-02,239.0,4.0,0.0,0.0,243.0
SP0050,2026-02,267.0,7.0,0.0,0.0,274.0
SP0051,2026-02,717.0,18.0,9.0,0.0,726.0
SP0052,2026-02,596.0,252.0,252.0,2.0,594.0
SP0053,2026-02,611.0,116.0,103.0,2.0,622.0
SP0054,2026-02,866.0,37.0,19.0,0.0,884.0
SP0055,2026-02,884.0,48.0,21.0,1.0,910.0
SP0056,2026-02,648.0,124.0,119.0,1.0,652.0
SP0057,2026-02,380.0,13.0,1.0,0.0,392.0
SP0058,2026-02,837.0,18.0,8.0,0.0,847.0
SP0059,2026-02,490.0,4.0,0.0,0.0,494.0
SP0060,2026-02,905.0,41.0,21.0,0.0,925.0
SP0061,2026-02,594.0,197.0,201.0,2.0,588.0
SP0062,2026-02,685.0,151.0,142.0,1.0,693.0
SP0063,2026-02,584.0,12.0,0.0,0.0,596.0
SP0064,2026-02,638.0,40.0,17.0,0.0,661.0
SP0065,2026-02,0.8,0.15,0.13,0.0,0.82
SP0066,2026-02,528.0,216.0,186.0,1.0,557.0
SP0067,2026-02,361000.0,187000.0,178000.0,2000.0,368000.0
SP0068,2026-02,927.0,32.0,17.0,0.0,942.0
SP0069,2026-02,362.0,14.0,0.0,0.0,376.0
SP0070,2026-02,306.0,238.0,243.0,3.0,298.0
SP0071,2026-02,764.0,171.0,146.0,0.0,789.0
SP0072,2026-02,592.0,256.0,227.0,0.0,621.0
SP0073,2026-02,369000.0,12000.0,1000.0,0.0,380000.0
SP0074,2026-02,847.0,26.0,8.0,0.0,865.0
SP0075,2026-02,0.72,0.02,0.0,0.0,0.73
SP0076,2026-02,345.0,171.0,160.0,1.0,355.0
SP0077,2026-02,326.0,165.0,154.0,2.0,335.0
SP0078,2026-02,620000.0,230000.0,233000.0,3000.0,614000.0
SP0079,2026-02,499.0,208.0,207.0,2.0,498.0
SP0080,2026-02,842.0,30.0,15.0,0.0,857.0
SP0081,2026-02,880.0,28.0,16.0,0.0,892.0
SP0082,2026-02,347.0,6.0,0.0,0.0,353.0
SP0083,2026-02,443.0,17.0,2.0,0.0,458.0
SP0084,2026-02,456.0,268.0,254.0,4.0,466.0
SP0085,2026-02,624.0,49.0,16.0,1.0,656.0
SP0086,2026-02,667.0,11.0,0.0,0.0,678.0
SP0087,2026-02,797.0,21.0,7.0,0.0,811.0
SP9501,2026-02,467.0,186.0,162.0,3.0,488.0
SP0089,2026-02,431.0,195.0,168.0,1.0,457.0
SP0090,2026-02,401.0,106.0,107.0,0.0,400.0
SP0091,2026-02,269.0,15.0,0.0,0.0,284.0
SP0092,2026-02,601.0,230.0,215.0,1.0,615.0
SP0093,2026-02,579000.0,212000.0,187000.0,1000.0,603000.0
SP0094,2026-02,897.0,19.0,6.0,0.0,910.0
SP0095,2026-02,397.0,140.0,129.0,1.0,407.0
SP0096,2026-02,653.0,170.0,165.0,1.0,657.0
SP0097,2026-02,639.0,157.0,139.0,2.0,655.0
SP0098,2026-02,982.0,20.0,7.0,0.0,995.0
SP0099,2026-02,402.0,110.0,103.0,2.0,407.0
SP0100,2026-02,653.0,31.0,14.0,0.0,670.0
SP0101,2026-02,509.0,108.0,95.0,0.0,522.0
SP0102,2026-02,706.0,31.0,13.0,0.0,724.0
SP0103,2026-02,0.48,0.16,0.13,0.0,0.5
SP0104,2026-02,0.55,0.24,0.21,0.0,0.59
SP0105,2026-02,965.0,23.0,8.0,0.0,980.0
SP0106,2026-02,594.0,257.0,222.0,5.0,624.0
SP0107,2026-02,504.0,229.0,223.0,1.0,509.0
SP0108,2026-02,0.31,0.2,0.17,0.0,0.34
SP0109,2026-02,852.0,51.0,15.0,0.0,888.0
SP0110,2026-02,635.0,120.0,109.0,0.0,646.0
SP0111,2026-02,664.0,46.0,17.0,0.0,693.0
SP0112,2026-02,525.0,132.0,122.0,1.0,534.0
SP0113,2026-02,422.0,178.0,178.0,3.0,419.0
SP0114,2026-02,510.0,269.0,241.0,3.0,535.0
SP0115,2026-02,664.0,159.0,164.0,1.0,658.0
SP0116,2026-02,308.0,167.0,144.0,0.0,331.0
SP0117,2026-02,339.0,151.0,141.0,0.0,349.0
SP0118,2026-02,336.0,223.0,198.0,3.0,358.0
SP0119,2026-02,619.0,3.0,0.0,0.0,622.0
SP0120,2026-02,708.0,159.0,164.0,2.0,701.0
SP0121,2026-02,479.0,277.0,269.0,3.0,484.0
SP0122,2026-02,947.0,39.0,20.0,1.0,965.0
SP0123,2026-02,455.0,194.0,168.0,2.0,479.0
SP0124,2026-02,473.0,249.0,255.0,5.0,462.0
SP0125,2026-02,765.0,55.0,25.0,1.0,794.0
SP0126,2026-02,0.56,0.01,0.0,0.0,0.57
SP0127,2026-02,771.0,218.0,191.0,1.0,797.0
SP0128,2026-02,318.0,4.0,0.0,0.0,322.0
SP9502,2026-02,756.0,242.0,251.0,1.0,746.0
SP0130,2026-02,681.0,229.0,217.0,1.0,692.0
SP0131,2026-02,344.0,236.0,219.0,1.0,360.0
SP0132,2026-02,217.0,16.0,0.0,0.0,233.0
SP0133,2026-02,271.0,108.0,91.0,1.0,287.0
SP0134,2026-02,301.0,211.0,194.0,1.0,317.0
SP0135,2026-02,693.0,111.0,104.0,0.0,700.0
SP0136,2026-02,489.0,197.0,192.0,0.0,494.0
SP0137,2026-02,370000.0,198000.0,174000.0,1000.0,393000.0
SP0138,2026-02,488.0,189.0,197.0,2.0,478.0
SP0139,2026-02,279.0,242.0,228.0,4.0,289.0
SP0140,2026-02,0.33,0.11,0.09,0.0,0.34
SP0141,2026-02,510.0,203.0,198.0,3.0,512.0
SP0142,2026-02,695.0,161.0,149.0,1.0,706.0
SP0143,2026-02,621.0,169.0,164.0,2.0,624.0
SP0144,2026-02,316.0,162.0,166.0,1.0,311.0
SP0145,2026-02,592.0,29.0,12.0,0.0,609.0
SP0146,2026-02,487000.0,237000.0,221000.0,3000.0,500000.0
SP0147,2026-02,741.0,15.0,5.0,0.0,751.0
SP0148,2026-02,702.0,187.0,159.0,1.0,729.0
SP0149,2026-02,672.0,159.0,162.0,1.0,668.0
SP0150,2026-02,508000.0,254000.0,260000.0,2000.0,500000.0
SP0151,2026-02,215.0,250.0,220.0,3.0,242.0
SP0152,2026-02,380.0,190.0,175.0,3.0,392.0
SP0153,2026-02,407.0,218.0,207.0,1.0,417.0
SP0154,2026-02,355.0,134.0,124.0,0.0,365.0
SP9504,2026-02,0.59,0.16,0.15,0.0,0.6
SP0156,2026-02,608.0,256.0,238.0,3.0,623.0
SP0157,2026-02,484.0,275.0,234.0,4.0,521.0
SP0158,2026-02,556.0,105.0,107.0,1.0,553.0
SP0159,2026-02,445.0,278.0,261.0,1.0,461.0
SP0160,2026-02,1109.0,31.0,10.0,0.0,1130.0
SP0161,2026-02,364.0,252.0,216.0,2.0,398.0
SP0162,2026-02,668.0,38.0,17.0,0.0,689.0
SP0163,2026-02,193.0,216.0,213.0,2.0,194.0
SP0164,2026-02,391.0,200.0,207.0,0.0,384.0
SP0165,2026-02,821.0,43.0,15.0,0.0,849.0
SP0166,2026-02,301.0,15.0,0.0,0.0,316.0
,2026-02,481.0,147.0,141.0,1.0,486.0
SP0168,2026-02,543.0,151.0,155.0,1.0,538.0
SP0169,2026-02,766.0,53.0,21.0,0.0,798.0
SP0170,2026-02,743.0,53.0,29.0,1.0,766.0
SP9508,2026-02,520.0,258.0,219.0,2.0,557.0
SP0172,2026-02,594.0,211.0,179.0,1.0,625.0
SP0173,2026-02,784.0,146.0,130.0,2.0,798.0
SP0174,2026-02,645.0,247.0,218.0,0.0,674.0
SP0175,2026-02,498.0,251.0,249.0,1.0,499.0
SP0176,2026-02,575000.0,128000.0,127000.0,2000.0,574000.0
SP0177,2026-02,565.0,137.0,125.0,2.0,575.0
SP0178,2026-02,875.0,24.0,12.0,0.0,887.0
SP0179,2026-02,514.0,143.0,131.0,2.0,524.0
SP0180,2026-02,660.0,222.0,198.0,0.0,684.0
SP0181,2026-02,1012.0,33.0,13.0,0.0,1032.0
SP0182,2026-02,707.0,52.0,21.0,1.0,737.0
SP0183,2026-02,721.0,135.0,135.0,2.0,719.0
SP0184,2026-02,229.0,241.0,244.0,3.0,223.0
SP0185,2026-02,340.0,175.0,180.0,1.0,334.0
SP0186,2026-02,394.0,112.0,105.0,0.0,401.0
SP0187,2026-02,242.0,176.0,171.0,2.0,245.0
SP0188,2026-02,204.0,194.0,194.0,1.0,203.0
SP0189,2026-02,682.0,217.0,194.0,1.0,704.0
SP0190,2026-02,479.0,227.0,215.0,1.0,490.0
SP0191,2026-02,649000.0,276000.0,245000.0,1000.0,679000.0
SP0192,2026-02,442.0,251.0,223.0,0.0,470.0
SP0193,2026-02,700000.0,247000.0,251000.0,2000.0,694000.0
SP0194,2026-02,384.0,268.0,271.0,2.0,379.0
SP0195,2026-02,211.0,230.0,234.0,3.0,204.0
SP0196,2026-02,1004.0,42.0,20.0,0.0,1026.0
SP0197,2026-02,800.0,208.0,213.0,0.0,795.0
SP0198,2026-02,843.0,41.0,19.0,0.0,865.0
SP0199,2026-02,966.0,46.0,16.0,1.0,995.0
SP0200,2026-02,468.0,260.0,256.0,0.0,472.0
SP0201,2026-02,316.0,273.0,263.0,1.0,325.0
SP0202,2026-02,0.64,0.25,0.25,0.0,0.63
SP0203,2026-02,493.0,184.0,159.0,1.0,517.0
SP0204,2026-02,827.0,41.0,20.0,0.0,848.0
SP0205,2026-02,440.0,151.0,130.0,0.0,461.0
SP0206,2026-02,482.0,259.0,263.0,2.0,476.0
SP0207,2026-02,630.0,187.0,172.0,1.0,644.0
SP0208,2026-02,387.0,250.0,256.0,2.0,379.0
SP0209,2026-02,482.0,239.0,217.0,2.0,502.0
SP0210,2026-02,267.0,157.0,135.0,1.0,288.0
SP0211,2026-02,585.0,126.0,116.0,2.0,593.0
SP0212,2026-02,355.0,12.0,1.0,0.0,366.0
SP0213,2026-02,576.0,277.0,251.0,1.0,601.0
SP0214,2026-02,433.0,157.0,142.0,1.0,447.0
SP0215,2026-02,0.19,0.15,0.13,0.0,0.2
SP0216,2026-02,537.0,117.0,99.0,2.0,553.0
SP0217,2026-02,0.38,0.19,0.19,0.0,0.37
SP0218,2026-02,519.0,227.0,229.0,1.0,516.0
SP0219,2026-02,630.0,244.0,235.0,2.0,637.0
SP0220,2026-02,466.0,265.0,230.0,2.0,499.0
SP0001,2026-03,663.0,26.0,8.0,0.0,681.0
SP0002,2026-03,673.0,236.0,244.0,1.0,664.0
SP0003,2026-03,0.67,0.17,0.14,0.0,0.7
SP0004,2026-03,262.0,4.0,0.0,0.0,266.0
SP0005,2026-03,539.0,190.0,197.0,1.0,531.0
SP0006,2026-03,827.0,170.0,151.0,0.0,846.0
SP0007,2026-03,540.0,312.0,296.0,1.0,555.0
SP0008,2026-03,712.0,260.0,237.0,0.0,735.0
SP0009,2026-03,647.0,200.0,180.0,1.0,666.0
SP0010,2026-03,337.0,220.0,222.0,0.0,335.0
SP0011,2026-03,667.0,229.0,234.0,1.0,661.0
SP0012,2026-03,429.0,304.0,262.0,4.0,467.0
SP0013,2026-03,822.0,58.0,34.0,1.0,845.0
SP0014,2026-03,745000.0,290000.0,273000.0,1000.0,761000.0
SP0015,2026-03,414.0,2.0,0.0,0.0,416.0
SP0016,2026-03,510.0,149.0,145.0,0.0,514.0
SP0017,2026-03,661.0,260.0,227.0,1.0,693.0
SP0018,2026-03,686.0,21.0,7.0,0.0,700.0
SP0019,2026-03,751.0,288.0,257.0,3.0,779.0
SP0020,2026-03,605.0,3.0,0.0,0.0,608.0
SP0021,2026-03,685.0,260.0,262.0,1.0,682.0
SP0022,2026-03,625.0,4.0,0.0,0.0,629.0
SP0023,2026-03,327.0,256.0,254.0,3.0,326.0
SP0024,2026-03,752.0,28.0,15.0,0.0,765.0
SP0025,2026-03,388.0,221.0,209.0,1.0,399.0
SP0026,2026-03,214.0,12.0,0.0,0.0,226.0
SP0027,2026-03,690.0,239.0,243.0,1.0,685.0
SP0028,2026-03,450.0,265.0,269.0,3.0,443.0
SP0029,2026-03,461.0,18.0,0.0,0.0,479.0
SP0030,2026-03,410.0,145.0,134.0,1.0,420.0
SP0031,2026-03,686.0,201.0,183.0,1.0,703.0
SP0032,2026-03,0.98,0.02,0.01,0.0,0.99
SP0033,2026-03,586.0,151.0,150.0,2.0,585.0
SP0034,2026-03,747.0,189.0,175.0,3.0,758.0
SP0035,2026-03,383.0,285.0,245.0,0.0,423.0
,2026-03,457.0,7.0,0.0,0.0,464.0
SP0037,2026-03,563.0,156.0,140.0,1.0,578.0
SP0038,2026-03,566.0,297.0,256.0,0.0,607.0
SP0039,2026-03,389.0,4.0,0.0,0.0,393.0
SP0040,2026-03,966.0,59.0,20.0,1.0,1004.0
SP0041,2026-03,351.0,230.0,203.0,0.0,378.0
SP0042,2026-03,483.0,156.0,149.0,2.0,488.0
SP0043,2026-03,718.0,235.0,221.0,0.0,732.0
SP0044,2026-03,696.0,253.0,236.0,0.0,713.0
SP0045,2026-03,427.0,303.0,299.0,4.0,427.0
SP0046,2026-03,394.0,281.0,286.0,1.0,388.0
SP0047,2026-03,409.0,250.0,233.0,4.0,422.0
SP0048,2026-03,499.0,194.0,202.0,2.0,489.0
SP0049,2026-03,243.0,17.0,0.0,0.0,260.0
SP0050,2026-03,274.0,12.0,0.0,0.0,286.0
SP0051,2026-03,726.0,55.0,19.0,1.0,761.0
SP0052,2026-03,594.0,227.0,235.0,1.0,585.0
SP9501,2026-03,622.0,167.0,174.0,3.0,612.0
SP0054,2026-03,884.0,47.0,15.0,1.0,915.0
SP0055,2026-03,910.0,57.0,22.0,1.0,944.0
SP0056,2026-03,652.0,241.0,235.0,2.0,656.0
SP0057,2026-03,392.0,15.0,0.0,0.0,407.0
SP0058,2026-03,847000.0,55000.0,17000.0,0.0,885000.0
SP0059,2026-03,494.0,4.0,0.0,0.0,498.0
SP0060,2026-03,925.0,40.0,18.0,0.0,947.0
SP0061,2026-03,588.0,301.0,279.0,4.0,606.0
SP0062,2026-03,693.0,167.0,165.0,2.0,693.0
SP0063,2026-03,596.0,12.0,1.0,0.0,607.0
SP0064,2026-03,661.0,33.0,16.0,0.0,678.0
SP0065,2026-03,825000.0,167000.0,147000.0,0.0,845000.0
SP0066,2026-03,557.0,197.0,198.0,1.0,555.0
SP0067,2026-03,368.0,274.0,263.0,1.0,378.0
SP0068,2026-03,942.0,36.0,12.0,0.0,966.0
SP9507,2026-03,376.0,16.0,1.0,0.0,391.0
SP0070,2026-03,298.0,203.0,179.0,1.0,321.0
SP0071,2026-03,789.0,257.0,259.0,1.0,786.0
SP0072,2026-03,621.0,267.0,272.0,0.0,616.0
SP0073,2026-03,380.0,10.0,0.0,0.0,390.0
SP0074,2026-03,865.0,29.0,10.0,0.0,884.0
SP0075,2026-03,726.0,18.0,5.0,0.0,739.0
SP0076,2026-03,355000.0,199000.0,174000.0,2000.0,378000.0
SP0077,2026-03,335.0,220.0,205.0,2.0,348.0
SP0078,2026-03,614.0,314.0,295.0,2.0,631.0
SP0079,2026-03,498.0,224.0,229.0,1.0,492.0
SP0080,2026-03,857.0,48.0,20.0,0.0,885.0
SP0081,2026-03,892.0,20.0,6.0,0.0,906.0
SP0082,2026-03,353.0,7.0,0.0,0.0,360.0
SP0083,2026-03,0.46,0.0,0.0,0.0,0.46
SP0084,2026-03,466.0,192.0,169.0,2.0,487.0
SP0085,2026-03,0.66,0.03,0.02,0.0,0.67
SP0086,2026-03,678.0,19.0,0.0,0.0,697.0
SP0087,2026-03,811.0,33.0,14.0,0.0,830.0
SP0088,2026-03,488.0,227.0,194.0,1.0,520.0
SP0089,2026-03,457.0,280.0,259.0,1.0,477.0
SP0090,2026-03,400.0,314.0,310.0,0.0,404.0
SP0091,2026-03,284.0,4.0,0.0,0.0,288.0
SP0092,2026-03,615.0,235.0,237.0,1.0,612.0
SP0093,2026-03,603.0,312.0,275.0,0.0,640.0
SP0094,2026-03,910.0,40.0,18.0,1.0,931.0
SP0095,2026-03,407.0,148.0,127.0,2.0,426.0
SP0096,2026-03,657.0,288.0,296.0,1.0,648.0
SP0097,2026-03,655.0,225.0,203.0,1.0,676.0
SP9502,2026-03,995.0,41.0,23.0,0.0,1013.0
SP0099,2026-03,407.0,306.0,280.0,3.0,430.0
SP0100,2026-03,670.0,43.0,19.0,0.0,694.0
SP0101,2026-03,522.0,297.0,309.0,0.0,510.0
SP0102,2026-03,0.72,0.06,0.02,0.0,0.76
SP0103,2026-03,499.0,264.0,276.0,3.0,484.0
SP0104,2026-03,586.0,281.0,284.0,0.0,583.0
SP0105,2026-03,980.0,16.0,7.0,0.0,989.0
SP0106,2026-03,624.0,242.0,247.0,1.0,618.0
SP9506,2026-03,509.0,192.0,168.0,1.0,532.0
SP0108,2026-03,337.0,139.0,141.0,0.0,335.0
SP0109,2026-03,0.89,0.06,0.02,0.0,0.93
SP0110,2026-03,646.0,190.0,179.0,2.0,655.0
SP0111,2026-03,693.0,43.0,17.0,0.0,719.0
SP0112,2026-03,534.0,174.0,162.0,1.0,545.0
SP0113,2026-03,0.42,0.24,0.24,0.0,0.41
SP0114,2026-03,535.0,180.0,168.0,2.0,545.0
SP0115,2026-03,658.0,274.0,255.0,1.0,676.0
SP0116,2026-03,331.0,130.0,127.0,0.0,334.0
SP0117,2026-03,349.0,208.0,201.0,1.0,355.0
SP0118,2026-03,358.0,193.0,200.0,3.0,348.0
SP0119,2026-03,622.0,14.0,0.0,0.0,636.0
SP0120,2026-03,701.0,171.0,165.0,1.0,706.0
SP0121,2026-03,484.0,160.0,139.0,2.0,503.0
SP0122,2026-03,965.0,43.0,24.0,0.0,984.0
SP0123,2026-03,479.0,292.0,305.0,2.0,464.0
SP0124,2026-03,462000.0,295000.0,288000.0,3000.0,466000.0
SP0125,2026-03,794.0,57.0,26.0,1.0,824.0
SP0126,2026-03,570.0,10.0,0.0,0.0,580.0
SP0127,2026-03,797.0,162.0,139.0,0.0,820.0
SP0128,2026-03,322.0,4.0,0.0,0.0,326.0
SP0129,2026-03,746.0,222.0,226.0,2.0,740.0
SP0130,2026-03,692.0,234.0,237.0,1.0,688.0
SP0131,2026-03,360.0,227.0,194.0,1.0,392.0
SP0132,2026-03,233.0,3.0,0.0,0.0,236.0
SP0133,2026-03,287.0,286.0,278.0,3.0,292.0
SP0134,2026-03,317.0,138.0,139.0,2.0,314.0
SP0135,2026-03,700.0,226.0,212.0,0.0,714.0
SP0136,2026-03,494.0,293.0,263.0,1.0,523.0
SP0137,2026-03,393.0,274.0,251.0,1.0,415.0
SP0138,2026-03,478000.0,207000.0,210000.0,2000.0,473000.0
SP0139,2026-03,289.0,171.0,176.0,1.0,283.0
SP0140,2026-03,344.0,216.0,202.0,3.0,355.0
SP0141,2026-03,512.0,284.0,281.0,4.0,511.0
SP0142,2026-03,706.0,271.0,266.0,1.0,710.0
SP0143,2026-03,624.0,158.0,143.0,2.0,637.0
SP9506,2026-03,311.0,159.0,135.0,1.0,334.0
SP0145,2026-03,609.0,23.0,8.0,0.0,624.0
SP0146,2026-03,500000.0,121000.0,118000.0,1000.0,502000.0
SP0147,2026-03,751.0,19.0,6.0,0.0,764.0
SP0148,2026-03,729.0,309.0,318.0,3.0,717.0
SP0149,2026-03,668.0,151.0,130.0,0.0,689.0
SP0150,2026-03,500.0,164.0,156.0,2.0,506.0
SP0151,2026-03,242.0,149.0,134.0,1.0,256.0
SP0152,2026-03,392.0,165.0,153.0,1.0,403.0
SP0153,2026-03,417.0,221.0,210.0,2.0,426.0
SP0154,2026-03,365.0,316.0,320.0,2.0,359.0
SP0155,2026-03,0.6,0.13,0.11,0.0,0.61
SP0156,2026-03,623.0,266.0,231.0,2.0,656.0
SP0157,2026-03,521.0,247.0,244.0,1.0,523.0
SP0158,2026-03,553.0,153.0,147.0,1.0,558.0
SP0159,2026-03,461.0,169.0,152.0,0.0,478.0
SP0160,2026-03,1130.0,45.0,13.0,0.0,1162.0
SP0161,2026-03,398.0,276.0,250.0,4.0,420.0
SP0162,2026-03,689.0,62.0,36.0,1.0,714.0
SP0163,2026-03,194.0,152.0,144.0,2.0,200.0
SP0164,2026-03,384.0,194.0,193.0,1.0,384.0
SP0165,2026-03,0.85,0.05,0.03,0.0,0.87
SP0166,2026-03,316.0,4.0,0.0,0.0,320.0
SP0167,2026-03,486.0,257.0,230.0,1.0,512.0
SP0168,2026-03,538.0,179.0,159.0,1.0,557.0
SP0169,2026-03,798.0,27.0,13.0,0.0,812.0
SP0170,2026-03,766.0,44.0,22.0,0.0,788.0
SP0171,2026-03,557.0,226.0,193.0,2.0,588.0
SP0172,2026-03,625.0,291.0,300.0,1.0,615.0
SP0173,2026-03,0.8,0.31,0.31,0.0,0.79
SP0174,2026-03,674.0,233.0,234.0,1.0,672.0
SP9508,2026-03,499.0,160.0,146.0,1.0,512.0
SP0176,2026-03,574.0,241.0,209.0,2.0,604.0
SP0177,2026-03,575.0,311.0,281.0,2.0,603.0
SP0178,2026-03,887.0,48.0,27.0,1.0,907.0
SP0179,2026-03,524.0,280.0,256.0,1.0,547.0
SP0180,2026-03,684000.0,286000.0,281000.0,1000.0,688000.0
SP0181,2026-03,1032.0,27.0,8.0,0.0,1051.0
SP0182,2026-03,737.0,44.0,21.0,0.0,760.0
SP0183,2026-03,719.0,175.0,153.0,2.0,739.0
SP0184,2026-03,223.0,130.0,134.0,2.0,217.0
SP0185,2026-03,334.0,225.0,204.0,1.0,354.0
SP0186,2026-03,401.0,302.0,278.0,1.0,424.0
SP0187,2026-03,245.0,212.0,218.0,2.0,237.0
SP0188,2026-03,203.0,147.0,153.0,2.0,195.0
SP0189,2026-03,704.0,163.0,168.0,2.0,697.0
SP0190,2026-03,490.0,143.0,141.0,1.0,491.0
SP0191,2026-03,679.0,285.0,251.0,1.0,712.0
SP0192,2026-03,470.0,308.0,271.0,1.0,506.0
SP0193,2026-03,694.0,213.0,217.0,1.0,689.0
SP0194,2026-03,379.0,204.0,188.0,3.0,392.0
SP0195,2026-03,204.0,204.0,199.0,1.0,208.0
SP0196,2026-03,1026.0,61.0,25.0,1.0,1061.0
SP0197,2026-03,795.0,270.0,245.0,1.0,819.0
SP0198,2026-03,865.0,51.0,28.0,0.0,888.0
SP0199,2026-03,995.0,46.0,19.0,1.0,1021.0
SP0200,2026-03,0.47,0.26,0.23,0.0,0.5
SP0201,2026-03,325.0,242.0,235.0,1.0,331.0
SP0202,2026-03,631.0,267.0,239.0,1.0,658.0
SP0203,2026-03,0.52,0.23,0.23,0.0,0.52
SP0204,2026-03,848.0,37.0,16.0,0.0,869.0
SP0205,2026-03,461.0,313.0,321.0,0.0,453.0
SP0206,2026-03,476.0,199.0,169.0,1.0,505.0
SP0207,2026-03,644.0,201.0,176.0,1.0,668.0
SP0208,2026-03,379.0,169.0,153.0,2.0,393.0
SP0209,2026-03,0.5,0.14,0.14,0.0,0.5
SP0210,2026-03,288.0,266.0,277.0,1.0,276.0
SP9506,2026-03,593000.0,258000.0,223000.0,3000.0,625000.0
SP0212,2026-03,366.0,7.0,0.0,0.0,373.0
SP0213,2026-03,601.0,148.0,135.0,1.0,613.0
SP0214,2026-03,447.0,260.0,258.0,2.0,447.0
SP0215,2026-03,203.0,165.0,143.0,3.0,222.0
SP0216,2026-03,553.0,218.0,193.0,2.0,576.0
SP9503,2026-03,369.0,317.0,311.0,4.0,371.0
SP0218,2026-03,516.0,155.0,159.0,1.0,511.0
SP0219,2026-03,637.0,275.0,286.0,4.0,622.0
SP9505,2026-03,499.0,124.0,127.0,0.0,496.0
SP0001,2026-04,681.0,43.0,18.0,0.0,706.0
SP0002,2026-04,664.0,278.0,264.0,2.0,676.0
SP0003,2026-04,695.0,189.0,190.0,1.0,693.0
SP0004,2026-04,266.0,11.0,0.0,0.0,277.0
SP0005,2026-04,531.0,299.0,310.0,3.0,517.0
SP0006,2026-04,846.0,273.0,263.0,0.0,856.0
SP0007,2026-04,555.0,197.0,183.0,1.0,568.0
SP0008,2026-04,735.0,167.0,153.0,0.0,749.0
SP0009,2026-04,666.0,322.0,301.0,1.0,686.0
SP0010,2026-04,335000.0,184000.0,180000.0,1000.0,338000.0
SP0011,2026-04,661.0,263.0,270.0,3.0,651.0
SP0012,2026-04,467.0,149.0,133.0,2.0,481.0
SP0013,2026-04,845.0,31.0,13.0,0.0,863.0
SP0014,2026-04,761.0,205.0,196.0,1.0,769.0
SP0015,2026-04,416.0,8.0,1.0,0.0,423.0
SP0016,2026-04,514.0,228.0,212.0,0.0,530.0
SP0017,2026-04,693.0,198.0,194.0,1.0,696.0
SP0018,2026-04,700.0,29.0,10.0,0.0,719.0
SP0019,2026-04,779.0,311.0,286.0,2.0,802.0
SP0020,2026-04,608.0,4.0,0.0,0.0,612.0
SP0021,2026-04,682.0,326.0,289.0,2.0,717.0
SP0022,2026-04,629.0,2.0,0.0,0.0,631.0
SP0023,2026-04,326.0,298.0,293.0,4.0,327.0
SP0024,2026-04,765.0,54.0,30.0,0.0,789.0
SP0025,2026-04,399.0,348.0,329.0,3.0,415.0
,2026-04,226.0,16.0,0.0,0.0,242.0
SP0027,2026-04,685.0,320.0,294.0,2.0,709.0
SP0028,2026-04,443.0,169.0,170.0,1.0,441.0
SP0029,2026-04,479.0,10.0,0.0,0.0,489.0
SP0030,2026-04,420.0,295.0,307.0,0.0,408.0
SP0031,2026-04,703.0,254.0,264.0,1.0,692.0
SP0032,2026-04,991.0,68.0,26.0,1.0,1032.0
SP0033,2026-04,585.0,304.0,314.0,2.0,573.0
SP0034,2026-04,758.0,265.0,248.0,2.0,773.0
SP0035,2026-04,423.0,327.0,340.0,1.0,409.0
SP0036,2026-04,464.0,18.0,2.0,0.0,480.0
SP0037,2026-04,578.0,219.0,200.0,3.0,594.0
SP0038,2026-04,607.0,279.0,243.0,1.0,642.0
SP0039,2026-04,393.0,17.0,0.0,0.0,410.0
SP0040,2026-04,1004000.0,56000.0,17000.0,1000.0,1042000.0
SP0041,2026-04,378000.0,165000.0,157000.0,0.0,386000.0
SP0042,2026-04,488.0,226.0,196.0,2.0,516.0
SP0043,2026-04,732.0,262.0,233.0,0.0,761.0
SP0044,2026-04,713.0,273.0,280.0,1.0,705.0
SP0045,2026-04,427.0,171.0,148.0,2.0,448.0
SP0046,2026-04,388.0,332.0,326.0,2.0,392.0
SP0047,2026-04,422.0,159.0,138.0,3.0,440.0
SP0048,2026-04,489.0,183.0,185.0,1.0,486.0
SP0049,2026-04,260.0,12.0,1.0,0.0,271.0
SP0050,2026-04,286.0,6.0,0.0,0.0,292.0
SP0051,2026-04,761.0,50.0,19.0,1.0,791.0
SP0052,2026-04,585.0,234.0,227.0,1.0,591.0
SP0053,2026-04,612.0,167.0,157.0,2.0,620.0
SP0054,2026-04,915.0,37.0,17.0,1.0,934.0
SP0055,2026-04,944.0,56.0,25.0,0.0,975.0
SP0056,2026-04,656.0,191.0,169.0,1.0,677.0
SP0057,2026-04,407.0,4.0,0.0,0.0,411.0
SP0058,2026-04,885.0,18.0,6.0,0.0,897.0
SP0059,2026-04,498.0,6.0,0.0,0.0,504.0
SP0060,2026-04,947.0,31.0,16.0,0.0,962.0
SP0061,2026-04,606.0,333.0,285.0,4.0,650.0
SP0062,2026-04,693.0,195.0,172.0,3.0,713.0
SP0063,2026-04,607.0,6.0,0.0,0.0,613.0
SP0064,2026-04,678.0,30.0,9.0,0.0,699.0
SP0065,2026-04,845.0,278.0,271.0,1.0,851.0
SP0066,2026-04,555.0,352.0,327.0,1.0,579.0
SP0067,2026-04,378.0,319.0,309.0,2.0,386.0
SP0068,2026-04,0.97,0.02,0.01,0.0,0.98
SP0069,2026-04,391.0,12.0,1.0,0.0,402.0
SP0070,2026-04,321.0,270.0,248.0,1.0,342.0
SP0071,2026-04,786.0,220.0,207.0,0.0,799.0
SP0072,2026-04,0.62,0.21,0.21,0.0,0.62
SP0073,2026-04,390.0,6.0,0.0,0.0,396.0
SP0074,2026-04,884.0,50.0,16.0,0.0,918.0
SP0075,2026-04,739.0,51.0,27.0,1.0,762.0
SP0076,2026-04,378.0,184.0,179.0,3.0,380.0
SP0077,2026-04,348.0,296.0,280.0,4.0,360.0
SP0078,2026-04,631.0,153.0,140.0,1.0,643.0
SP0079,2026-04,492.0,222.0,210.0,2.0,502.0
SP0080,2026-04,885.0,30.0,17.0,0.0,898.0
SP0081,2026-04,906.0,22.0,11.0,0.0,917.0
SP0082,2026-04,0.36,0.01,0.0,0.0,0.37
SP0083,2026-04,460.0,4.0,0.0,0.0,464.0
SP0084,2026-04,487000.0,135000.0,136000.0,1000.0,485000.0
SP0085,2026-04,669.0,24.0,8.0,0.0,685.0
SP0086,2026-04,697.0,7.0,1.0,0.0,703.0
SP0087,2026-04,830.0,30.0,9.0,0.0,851.0
SP0088,2026-04,520000.0,320000.0,307000.0,2000.0,531000.0
SP0089,2026-04,477.0,262.0,268.0,1.0,470.0
SP0090,2026-04,404.0,142.0,142.0,0.0,404.0
SP0091,2026-04,288.0,12.0,1.0,0.0,299.0
SP0092,2026-04,612.0,286.0,275.0,3.0,620.0
SP0093,2026-04,640.0,270.0,245.0,1.0,664.0
SP0094,2026-04,931.0,30.0,14.0,0.0,947.0
,2026-04,426.0,357.0,313.0,4.0,466.0
SP0096,2026-04,0.65,0.24,0.22,0.0,0.67
SP0097,2026-04,676.0,153.0,159.0,2.0,668.0
SP0098,2026-04,1013.0,52.0,26.0,0.0,1039.0
SP0099,2026-04,430.0,227.0,234.0,3.0,420.0
SP0100,2026-04,694.0,65.0,25.0,1.0,733.0
SP9505,2026-04,510.0,290.0,301.0,1.0,498.0
SP0102,2026-04,760.0,44.0,14.0,0.0,790.0
SP0103,2026-04,484.0,217.0,212.0,2.0,487.0
SP0104,2026-04,583.0,247.0,250.0,1.0,579.0
SP0105,2026-04,989.0,62.0,24.0,1.0,1026.0
SP0106,2026-04,618.0,317.0,310.0,4.0,621.0
SP0107,2026-04,532.0,321.0,280.0,1.0,572.0
SP0108,2026-04,335.0,289.0,294.0,4.0,326.0
SP0109,2026-04,928.0,61.0,23.0,0.0,966.0
SP0110,2026-04,655.0,283.0,267.0,2.0,669.0
SP0111,2026-04,719.0,70.0,38.0,0.0,751.0
SP0112,2026-04,545.0,170.0,146.0,1.0,568.0
SP0113,2026-04,413.0,250.0,235.0,4.0,424.0
SP0114,2026-04,0.55,0.34,0.32,0.0,0.56
SP0115,2026-04,676.0,220.0,222.0,1.0,673.0
,2026-04,334.0,351.0,339.0,0.0,346.0
SP9503,2026-04,355.0,246.0,210.0,1.0,390.0
SP0118,2026-04,348.0,346.0,328.0,5.0,361.0
SP0119,2026-04,636.0,11.0,0.0,0.0,647.0
SP0120,2026-04,0.71,0.33,0.32,0.0,0.71
SP0121,2026-04,503.0,209.0,182.0,2.0,528.0
SP0122,2026-04,984.0,61.0,29.0,0.0,1016.0
SP0123,2026-04,464.0,219.0,188.0,3.0,492.0
SP0124,2026-04,466.0,323.0,321.0,2.0,466.0
SP0125,2026-04,824.0,49.0,16.0,1.0,856.0
SP0126,2026-04,580.0,6.0,0.0,0.0,586.0
SP0127,2026-04,0.82,0.14,0.13,0.0,0.84
SP0128,2026-04,326.0,19.0,1.0,0.0,344.0
SP0129,2026-04,740.0,259.0,238.0,3.0,758.0
SP0130,2026-04,688.0,153.0,158.0,2.0,681.0
SP0131,2026-04,392.0,297.0,308.0,1.0,380.0
SP0132,2026-04,236.0,19.0,0.0,0.0,255.0
,2026-04,292.0,191.0,167.0,1.0,315.0
SP9503,2026-04,314.0,350.0,333.0,2.0,329.0
SP0135,2026-04,714.0,309.0,279.0,1.0,743.0
SP0136,2026-04,523.0,278.0,264.0,1.0,536.0
SP0137,2026-04,415.0,202.0,191.0,0.0,426.0
SP0138,2026-04,473.0,180.0,178.0,1.0,474.0
SP0139,2026-04,283.0,199.0,170.0,2.0,310.0
SP0140,2026-04,355.0,220.0,221.0,2.0,352.0
,2026-04,511.0,358.0,374.0,5.0,490.0
SP0142,2026-04,710.0,172.0,169.0,1.0,712.0
SP0143,2026-04,637.0,284.0,281.0,2.0,638.0
SP0144,2026-04,334000.0,281000.0,263000.0,3000.0,349000.0
SP0145,2026-04,624.0,64.0,28.0,1.0,659.0
SP0146,2026-04,502.0,156.0,156.0,3.0,499.0
SP0147,2026-04,764.0,33.0,19.0,0.0,778.0
SP0148,2026-04,717.0,342.0,338.0,3.0,718.0
SP0149,2026-04,689.0,202.0,186.0,1.0,704.0
SP0150,2026-04,506.0,349.0,357.0,5.0,493.0
SP0151,2026-04,256.0,266.0,262.0,3.0,257.0
SP0152,2026-04,403.0,213.0,201.0,4.0,411.0
SP0153,2026-04,426.0,185.0,167.0,1.0,443.0
SP0154,2026-04,359.0,276.0,234.0,1.0,400.0
SP0155,2026-04,613.0,278.0,240.0,2.0,649.0
SP0156,2026-04,656.0,359.0,364.0,5.0,646.0
SP0157,2026-04,523.0,176.0,153.0,2.0,544.0
SP0158,2026-04,558.0,353.0,320.0,2.0,589.0
SP0159,2026-04,478.0,319.0,320.0,1.0,476.0
SP0160,2026-04,1162.0,25.0,11.0,0.0,1176.0
SP0161,2026-04,420.0,262.0,241.0,4.0,437.0
SP0162,2026-04,714.0,26.0,8.0,0.0,732.0
SP0163,2026-04,200.0,294.0,287.0,1.0,206.0
SP0164,2026-04,384.0,315.0,271.0,0.0,428.0
SP0165,2026-04,870.0,25.0,9.0,0.0,886.0
SP0166,2026-04,320.0,15.0,1.0,0.0,334.0
SP0167,2026-04,512000.0,307000.0,304000.0,2000.0,513000.0
SP0168,2026-04,557.0,146.0,131.0,1.0,571.0
SP0169,2026-04,812.0,20.0,6.0,0.0,826.0
SP0170,2026-04,788.0,47.0,14.0,1.0,820.0
SP0171,2026-04,588.0,191.0,176.0,1.0,602.0
SP0172,2026-04,615.0,288.0,252.0,1.0,650.0
SP0173,2026-04,794000.0,342000.0,311000.0,2000.0,823000.0
SP0174,2026-04,672.0,190.0,163.0,0.0,699.0
SP0175,2026-04,512.0,277.0,276.0,1.0,512.0
SP0176,2026-04,604.0,335.0,311.0,3.0,625.0
SP9509,2026-04,603.0,169.0,146.0,1.0,625.0
SP0178,2026-04,907.0,34.0,16.0,0.0,925.0
SP0179,2026-04,547.0,280.0,290.0,4.0,533.0
SP0180,2026-04,688.0,145.0,145.0,1.0,687.0
SP0181,2026-04,1051000.0,34000.0,18000.0,0.0,1067000.0
SP0182,2026-04,760.0,61.0,28.0,0.0,793.0
SP0183,2026-04,739.0,172.0,148.0,2.0,761.0
SP9508,2026-04,217.0,346.0,301.0,3.0,259.0
SP0185,2026-04,354.0,345.0,330.0,3.0,366.0
SP0186,2026-04,0.42,0.17,0.16,0.0,0.43
SP0187,2026-04,237.0,240.0,228.0,2.0,247.0
SP0188,2026-04,195.0,177.0,178.0,2.0,192.0
SP0189,2026-04,697.0,161.0,160.0,1.0,697.0
SP0190,2026-04,491.0,141.0,145.0,1.0,486.0
SP0191,2026-04,712.0,139.0,138.0,0.0,713.0
SP0192,2026-04,506.0,185.0,186.0,0.0,505.0
SP0193,2026-04,689.0,308.0,322.0,3.0,672.0
SP0194,2026-04,392.0,268.0,268.0,1.0,391.0
SP0195,2026-04,208.0,193.0,193.0,4.0,204.0
SP0196,2026-04,1061.0,35.0,19.0,0.0,1077.0
SP0197,2026-04,819.0,135.0,133.0,0.0,821.0
SP9505,2026-04,888.0,42.0,17.0,0.0,913.0
SP0199,2026-04,1021.0,30.0,9.0,0.0,1042.0
SP0200,2026-04,498.0,139.0,128.0,1.0,508.0
SP0201,2026-04,331.0,250.0,250.0,1.0,330.0
SP0202,2026-04,658.0,309.0,306.0,1.0,660.0
SP0203,2026-04,518000.0,266000.0,229000.0,1000.0,554000.0
SP0204,2026-04,869.0,24.0,12.0,0.0,881.0
SP0205,2026-04,453.0,340.0,344.0,1.0,448.0
SP0206,2026-04,505.0,170.0,171.0,1.0,503.0
SP0207,2026-04,668.0,195.0,185.0,0.0,678.0
SP0208,2026-04,393.0,327.0,309.0,5.0,406.0
SP0209,2026-04,502.0,285.0,284.0,3.0,500.0
SP0210,2026-04,276.0,329.0,281.0,1.0,323.0
SP0211,2026-04,625.0,276.0,274.0,1.0,626.0
SP0212,2026-04,373.0,1.0,0.0,0.0,374.0
SP0213,2026-04,613.0,183.0,174.0,1.0,621.0
SP0214,2026-04,447.0,192.0,164.0,1.0,474.0
SP0215,2026-04,222.0,335.0,313.0,2.0,242.0
SP0216,2026-04,576.0,255.0,263.0,2.0,566.0
SP0217,2026-04,371.0,142.0,125.0,2.0,386.0
SP0218,2026-04,511.0,273.0,254.0,4.0,526.0
SP0219,2026-04,622.0,252.0,256.0,3.0,615.0
SP0220,2026-04,496.0,351.0,339.0,1.0,507.0
SP0001,2026-05,706.0,74.0,33.0,1.0,746.0
SP0002,2026-05,676.0,242.0,210.0,2.0,706.0
SP0003,2026-05,693.0,144.0,132.0,1.0,704.0
SP0004,2026-05,277.0,8.0,1.0,0.0,284.0
SP0005,2026-05,517.0,323.0,321.0,2.0,517.0
SP0006,2026-05,856.0,215.0,200.0,1.0,870.0
SP0007,2026-05,568.0,227.0,225.0,3.0,567.0
SP0008,2026-05,749000.0,211000.0,189000.0,1000.0,770000.0
SP0009,2026-05,686.0,375.0,347.0,1.0,713.0
,2026-05,338.0,365.0,379.0,1.0,323.0
SP0011,2026-05,651.0,336.0,297.0,2.0,688.0
SP0012,2026-05,481.0,195.0,197.0,2.0,477.0
SP0013,2026-05,863.0,64.0,24.0,1.0,902.0
SP0014,2026-05,769.0,369.0,327.0,1.0,810.0
SP0015,2026-05,423.0,0.0,0.0,0.0,423.0
SP0016,2026-05,530.0,338.0,312.0,1.0,555.0
SP0017,2026-05,696.0,373.0,331.0,3.0,735.0
SP0018,2026-05,719.0,57.0,25.0,0.0,751.0
SP0019,2026-05,802.0,198.0,179.0,2.0,819.0
SP0020,2026-05,612.0,8.0,0.0,0.0,620.0
SP0021,2026-05,717.0,271.0,234.0,2.0,752.0
SP0022,2026-05,631.0,10.0,1.0,0.0,640.0
SP0023,2026-05,327.0,275.0,274.0,2.0,326.0
SP0024,2026-05,789.0,54.0,23.0,0.0,820.0
SP0025,2026-05,415.0,166.0,157.0,1.0,423.0
SP0026,2026-05,242.0,18.0,1.0,0.0,259.0
SP0027,2026-05,709.0,331.0,344.0,5.0,691.0
SP0028,2026-05,441.0,348.0,358.0,2.0,429.0
SP0029,2026-05,0.49,0.02,0.0,0.0,0.5
SP0030,2026-05,0.41,0.17,0.15,0.0,0.43
SP0031,2026-05,692.0,305.0,315.0,1.0,681.0
SP0032,2026-05,1032.0,37.0,17.0,1.0,1051.0
SP0033,2026-05,573.0,197.0,196.0,3.0,571.0
SP0034,2026-05,773.0,353.0,349.0,2.0,775.0
SP0035,2026-05,409.0,305.0,292.0,0.0,422.0
SP0036,2026-05,480.0,10.0,0.0,0.0,490.0
SP0037,2026-05,594.0,147.0,147.0,2.0,592.0
SP0038,2026-05,642.0,371.0,383.0,0.0,630.0
SP0039,2026-05,410.0,10.0,0.0,0.0,420.0
SP0040,2026-05,1042.0,58.0,26.0,1.0,1073.0
SP0041,2026-05,386.0,198.0,169.0,1.0,414.0
SP0042,2026-05,516.0,178.0,173.0,3.0,518.0
SP0043,2026-05,761.0,241.0,218.0,1.0,783.0
SP0044,2026-05,705.0,251.0,249.0,1.0,706.0
,2026-05,0.45,0.22,0.2,0.0,0.46
SP0046,2026-05,392.0,308.0,294.0,2.0,404.0
SP0047,2026-05,440.0,243.0,230.0,2.0,451.0
SP0048,2026-05,486.0,223.0,230.0,1.0,478.0
SP0049,2026-05,271.0,2.0,0.0,0.0,273.0
SP0050,2026-05,292.0,8.0,1.0,0.0,299.0
SP0051,2026-05,791.0,64.0,35.0,1.0,819.0
SP0052,2026-05,591.0,330.0,302.0,2.0,617.0
SP0053,2026-05,620.0,158.0,153.0,2.0,623.0
SP0054,2026-05,934.0,60.0,29.0,1.0,964.0
SP0055,2026-05,0.98,0.03,0.01,0.0,1.0
SP0056,2026-05,677.0,269.0,262.0,2.0,682.0
SP0057,2026-05,411000.0,7000.0,0.0,0.0,418000.0
SP0058,2026-05,897000.0,75000.0,28000.0,0.0,944000.0
SP0059,2026-05,504.0,10.0,1.0,0.0,513.0
SP0060,2026-05,962.0,30.0,13.0,0.0,979.0
SP0061,2026-05,650.0,200.0,192.0,1.0,657.0
SP0062,2026-05,713.0,353.0,319.0,4.0,743.0
SP0063,2026-05,613000.0,6000.0,0.0,0.0,619000.0
SP0064,2026-05,699.0,62.0,22.0,1.0,738.0
SP0065,2026-05,851.0,217.0,199.0,0.0,869.0
SP0066,2026-05,579.0,325.0,298.0,1.0,605.0
SP0067,2026-05,386.0,193.0,175.0,2.0,402.0
SP0068,2026-05,976.0,36.0,19.0,0.0,993.0
SP0069,2026-05,402.0,7.0,0.0,0.0,409.0
SP9501,2026-05,342000.0,293000.0,252000.0,3000.0,380000.0
SP0071,2026-05,799.0,238.0,237.0,1.0,799.0
SP0072,2026-05,622.0,278.0,273.0,1.0,626.0
SP0073,2026-05,396.0,1.0,0.0,0.0,397.0
SP0074,2026-05,918.0,33.0,12.0,0.0,939.0
SP0075,2026-05,762.0,30.0,16.0,0.0,776.0
SP0076,2026-05,380.0,335.0,297.0,4.0,414.0
SP0077,2026-05,360.0,244.0,238.0,3.0,363.0
SP0078,2026-05,643.0,289.0,271.0,2.0,659.0
SP0079,2026-05,502.0,278.0,267.0,2.0,511.0
SP0080,2026-05,898.0,27.0,13.0,0.0,912.0
SP0081,2026-05,917.0,65.0,31.0,0.0,951.0
SP0082,2026-05,370.0,5.0,0.0,0.0,375.0
SP0083,2026-05,464.0,0.0,0.0,0.0,464.0
SP0084,2026-05,485.0,340.0,315.0,7.0,503.0
SP0085,2026-05,685.0,61.0,32.0,1.0,713.0
SP0086,2026-05,703.0,19.0,0.0,0.0,722.0
SP0087,2026-05,851.0,41.0,13.0,1.0,878.0
SP0088,2026-05,531.0,286.0,288.0,6.0,523.0
SP0089,2026-05,470.0,369.0,365.0,2.0,472.0
SP0090,2026-05,404.0,352.0,366.0,1.0,389.0
SP0091,2026-05,299.0,6.0,0.0,0.0,305.0
SP0092,2026-05,620.0,152.0,151.0,1.0,620.0
SP0093,2026-05,664.0,341.0,297.0,0.0,708.0
SP0094,2026-05,947.0,58.0,27.0,1.0,977.0
SP9507,2026-05,466.0,220.0,189.0,2.0,495.0
SP0096,2026-05,666000.0,260000.0,253000.0,2000.0,671000.0
SP0097,2026-05,668.0,338.0,347.0,6.0,653.0
SP0098,2026-05,1039.0,28.0,11.0,0.0,1056.0
SP0099,2026-05,420.0,181.0,177.0,3.0,421.0
SP0100,2026-05,733.0,70.0,28.0,0.0,775.0
SP0101,2026-05,498.0,331.0,294.0,0.0,535.0
SP0102,2026-05,790.0,47.0,26.0,0.0,811.0
SP0103,2026-05,487.0,219.0,220.0,3.0,483.0
SP0104,2026-05,579.0,215.0,199.0,1.0,594.0
SP0105,2026-05,1026.0,51.0,16.0,0.0,1061.0
SP0106,2026-05,621.0,210.0,192.0,1.0,638.0
SP0107,2026-05,572.0,200.0,173.0,1.0,598.0
SP0108,2026-05,326.0,249.0,215.0,4.0,356.0
SP0109,2026-05,966.0,20.0,9.0,0.0,977.0
SP0110,2026-05,669000.0,157000.0,153000.0,1000.0,672000.0
SP0111,2026-05,751.0,69.0,32.0,1.0,787.0
SP9506,2026-05,568.0,229.0,233.0,2.0,562.0
SP0113,2026-05,424.0,202.0,177.0,2.0,447.0
SP0114,2026-05,0.56,0.19,0.17,0.0,0.58
SP0115,2026-05,673.0,322.0,296.0,1.0,698.0
SP0116,2026-05,346.0,189.0,194.0,1.0,340.0
SP0117,2026-05,390.0,183.0,182.0,1.0,390.0
SP0118,2026-05,361.0,198.0,168.0,2.0,389.0
SP0119,2026-05,647.0,0.0,0.0,0.0,647.0
SP0120,2026-05,711.0,372.0,355.0,4.0,724.0
SP0121,2026-05,528.0,347.0,325.0,3.0,547.0
SP0122,2026-05,1016.0,64.0,28.0,1.0,1051.0
SP0123,2026-05,492.0,193.0,164.0,1.0,520.0
SP0124,2026-05,466.0,204.0,183.0,4.0,483.0
SP0125,2026-05,856.0,65.0,32.0,1.0,888.0
SP0126,2026-05,586.0,2.0,0.0,0.0,588.0
SP0127,2026-05,839.0,372.0,383.0,2.0,826.0
SP0128,2026-05,344.0,8.0,1.0,0.0,351.0
SP0129,2026-05,758.0,159.0,166.0,1.0,750.0
SP0130,2026-05,681.0,178.0,165.0,3.0,691.0
SP0131,2026-05,380.0,256.0,247.0,2.0,387.0
SP0132,2026-05,255.0,2.0,0.0,0.0,257.0
SP0133,2026-05,315.0,146.0,130.0,2.0,329.0
SP0134,2026-05,329.0,242.0,215.0,2.0,354.0
SP0135,2026-05,743.0,153.0,159.0,1.0,736.0
SP0136,2026-05,0.54,0.37,0.33,0.0,0.57
SP0137,2026-05,426.0,236.0,202.0,0.0,460.0
SP0138,2026-05,474.0,199.0,194.0,1.0,478.0
SP0139,2026-05,310.0,254.0,237.0,5.0,322.0
SP0140,2026-05,352.0,156.0,133.0,1.0,374.0
SP0141,2026-05,490.0,298.0,299.0,5.0,484.0
SP0142,2026-05,712.0,180.0,161.0,0.0,731.0
SP0143,2026-05,638.0,344.0,358.0,2.0,622.0
SP0144,2026-05,349.0,302.0,302.0,4.0,345.0
SP0145,2026-05,659.0,21.0,6.0,0.0,674.0
SP0146,2026-05,499.0,268.0,252.0,2.0,513.0
SP0147,2026-05,778.0,33.0,19.0,0.0,792.0
SP0148,2026-05,718.0,322.0,332.0,3.0,705.0
SP0149,2026-05,704.0,304.0,279.0,1.0,728.0
SP0150,2026-05,493.0,363.0,320.0,5.0,531.0
SP0151,2026-05,257.0,226.0,230.0,2.0,251.0
SP0152,2026-05,411.0,154.0,144.0,3.0,418.0
SP0153,2026-05,443.0,332.0,336.0,1.0,438.0
SP0154,2026-05,400.0,351.0,341.0,2.0,408.0
SP0155,2026-05,649.0,297.0,287.0,5.0,654.0
SP0156,2026-05,646.0,371.0,365.0,2.0,650.0
SP0157,2026-05,544.0,303.0,307.0,5.0,535.0
SP0158,2026-05,589.0,224.0,196.0,1.0,616.0
SP0159,2026-05,476.0,173.0,180.0,0.0,469.0
SP0160,2026-05,1176.0,67.0,22.0,0.0,1221.0
SP0161,2026-05,437.0,281.0,272.0,3.0,443.0
,2026-05,0.73,0.02,0.01,0.0,0.74
SP0163,2026-05,206000.0,152000.0,130000.0,1000.0,227000.0
SP0164,2026-05,428.0,179.0,168.0,1.0,438.0
SP0165,2026-05,886.0,41.0,18.0,0.0,909.0
SP0166,2026-05,334.0,12.0,0.0,0.0,346.0
SP0167,2026-05,513.0,269.0,264.0,2.0,516.0
SP0168,2026-05,571.0,166.0,170.0,1.0,566.0
SP0169,2026-05,826.0,53.0,24.0,0.0,855.0
SP0170,2026-05,820.0,31.0,10.0,0.0,841.0
SP0171,2026-05,602.0,157.0,144.0,2.0,613.0
SP0172,2026-05,650.0,270.0,280.0,1.0,639.0
SP0173,2026-05,823.0,370.0,367.0,3.0,823.0
SP9506,2026-05,699.0,378.0,349.0,1.0,727.0
SP0175,2026-05,512.0,372.0,348.0,4.0,532.0
SP0176,2026-05,625.0,301.0,283.0,2.0,641.0
SP0177,2026-05,625.0,177.0,160.0,3.0,639.0
SP0178,2026-05,925.0,52.0,30.0,0.0,947.0
SP0179,2026-05,533.0,375.0,393.0,2.0,513.0
SP0180,2026-05,687.0,167.0,150.0,0.0,704.0
SP0181,2026-05,1067.0,31.0,15.0,0.0,1083.0
SP0182,2026-05,793.0,65.0,28.0,0.0,830.0
SP0183,2026-05,761.0,143.0,133.0,0.0,771.0
SP0184,2026-05,259.0,202.0,201.0,2.0,258.0
SP0185,2026-05,366.0,215.0,211.0,2.0,368.0
SP0186,2026-05,429.0,331.0,298.0,1.0,461.0
SP0187,2026-05,247.0,329.0,301.0,4.0,271.0
SP0188,2026-05,192.0,257.0,255.0,4.0,190.0
SP0189,2026-05,697.0,319.0,321.0,4.0,691.0
SP9505,2026-05,486.0,150.0,141.0,1.0,494.0
SP0191,2026-05,713.0,203.0,202.0,1.0,713.0
SP0192,2026-05,505.0,237.0,229.0,0.0,513.0
SP0193,2026-05,672.0,285.0,285.0,1.0,671.0
SP0194,2026-05,391.0,331.0,302.0,2.0,418.0
SP0195,2026-05,204000.0,251000.0,249000.0,3000.0,203000.0
SP0196,2026-05,1077.0,62.0,30.0,1.0,1108.0
SP0197,2026-05,821.0,173.0,149.0,0.0,845.0
SP0198,2026-05,913.0,44.0,18.0,0.0,939.0
SP0199,2026-05,1042.0,21.0,9.0,0.0,1054.0
SP0200,2026-05,508.0,169.0,146.0,1.0,530.0
SP0201,2026-05,330.0,300.0,292.0,1.0,337.0
SP0202,2026-05,0.66,0.35,0.3,0.0,0.71
SP0203,2026-05,554.0,187.0,173.0,0.0,568.0
SP0204,2026-05,881000.0,28000.0,13000.0,0.0,896000.0
SP0205,2026-05,448.0,297.0,297.0,0.0,448.0
SP0206,2026-05,503.0,281.0,254.0,1.0,529.0
SP0207,2026-05,678000.0,376000.0,387000.0,2000.0,665000.0
SP0208,2026-05,406.0,300.0,310.0,2.0,394.0
SP0209,2026-05,500.0,160.0,139.0,1.0,520.0
SP0210,2026-05,323.0,293.0,292.0,1.0,323.0
SP0211,2026-05,626.0,190.0,173.0,2.0,641.0
SP0212,2026-05,374.0,6.0,0.0,0.0,380.0
SP0213,2026-05,0.62,0.23,0.21,0.0,0.65
SP0214,2026-05,474.0,222.0,195.0,2.0,499.0
SP0215,2026-05,242.0,338.0,294.0,3.0,283.0
SP0216,2026-05,566.0,269.0,248.0,2.0,585.0
SP0217,2026-05,386.0,283.0,262.0,1.0,406.0
SP0218,2026-05,526.0,212.0,196.0,2.0,540.0
SP0219,2026-05,615.0,366.0,356.0,6.0,619.0
SP0220,2026-05,507.0,169.0,165.0,1.0,510.0
SP0001,2026-06,746.0,51.0,18.0,0.0,779.0
SP0002,2026-06,706.0,185.0,159.0,1.0,731.0
SP0003,2026-06,704.0,216.0,213.0,1.0,706.0
SP0004,2026-06,284.0,1.0,0.0,0.0,285.0
SP0005,2026-06,517.0,340.0,296.0,3.0,558.0
SP0006,2026-06,870.0,366.0,337.0,1.0,898.0
SP0007,2026-06,567.0,209.0,211.0,1.0,564.0
SP0008,2026-06,770.0,358.0,322.0,1.0,805.0
SP0009,2026-06,713.0,234.0,225.0,0.0,722.0
SP0010,2026-06,323.0,261.0,244.0,0.0,340.0
SP0011,2026-06,688.0,338.0,304.0,3.0,719.0
SP0012,2026-06,477.0,338.0,307.0,5.0,503.0
SP0013,2026-06,902.0,48.0,25.0,0.0,925.0
SP0014,2026-06,810.0,325.0,290.0,1.0,844.0
SP0015,2026-06,423.0,7.0,0.0,0.0,430.0
SP0016,2026-06,555.0,369.0,376.0,1.0,547.0
SP0017,2026-06,735.0,150.0,143.0,1.0,741.0
SP0018,2026-06,751.0,39.0,11.0,0.0,779.0
SP0019,2026-06,819.0,394.0,392.0,6.0,815.0
SP0020,2026-06,620.0,4.0,0.0,0.0,624.0
SP0021,2026-06,752.0,213.0,200.0,2.0,763.0
SP0022,2026-06,640.0,11.0,1.0,0.0,650.0
SP0023,2026-06,326.0,179.0,181.0,2.0,322.0
SP0024,2026-06,820.0,24.0,9.0,0.0,835.0
SP0025,2026-06,423.0,165.0,169.0,1.0,418.0
SP0026,2026-06,0.26,0.01,0.0,0.0,0.27
SP0027,2026-06,691.0,316.0,297.0,4.0,706.0
SP0028,2026-06,429.0,376.0,390.0,4.0,411.0
SP0029,2026-06,505.0,3.0,0.0,0.0,508.0
SP0030,2026-06,432.0,398.0,371.0,1.0,458.0
SP0031,2026-06,681.0,247.0,236.0,2.0,690.0
SP9507,2026-06,1051.0,44.0,19.0,0.0,1076.0
SP0033,2026-06,571.0,346.0,335.0,7.0,575.0
SP0034,2026-06,775.0,318.0,309.0,2.0,782.0
SP0035,2026-06,422.0,208.0,208.0,0.0,422.0
SP0036,2026-06,490.0,10.0,0.0,0.0,500.0
SP0037,2026-06,592.0,379.0,375.0,4.0,592.0
SP0038,2026-06,630.0,354.0,321.0,0.0,663.0
SP0039,2026-06,420.0,2.0,0.0,0.0,422.0
SP0040,2026-06,1073.0,44.0,25.0,1.0,1091.0
SP0041,2026-06,414.0,220.0,200.0,1.0,433.0
SP0042,2026-06,518.0,209.0,208.0,1.0,518.0
SP0043,2026-06,783.0,228.0,195.0,1.0,815.0
SP0044,2026-06,706.0,345.0,349.0,0.0,702.0
SP0045,2026-06,463.0,174.0,158.0,2.0,477.0
SP0046,2026-06,404.0,222.0,200.0,1.0,425.0
SP0047,2026-06,451.0,269.0,230.0,2.0,488.0
SP0048,2026-06,478.0,246.0,210.0,1.0,513.0
SP0049,2026-06,273.0,3.0,0.0,0.0,276.0
SP0050,2026-06,299.0,18.0,0.0,0.0,317.0
SP0051,2026-06,819.0,69.0,34.0,1.0,853.0
SP0052,2026-06,617.0,179.0,170.0,1.0,625.0
SP0053,2026-06,623.0,220.0,230.0,3.0,610.0
SP0054,2026-06,964.0,65.0,25.0,1.0,1003.0
SP0055,2026-06,996.0,26.0,11.0,0.0,1011.0
SP0056,2026-06,682000.0,266000.0,263000.0,2000.0,683000.0
,2026-06,418.0,5.0,0.0,0.0,423.0
SP0058,2026-06,944.0,44.0,16.0,0.0,972.0
SP0059,2026-06,513.0,14.0,1.0,0.0,526.0
SP0060,2026-06,979.0,56.0,18.0,0.0,1017.0
SP0061,2026-06,657.0,185.0,158.0,2.0,682.0
SP0062,2026-06,743.0,353.0,352.0,5.0,739.0
SP9501,2026-06,619.0,6.0,0.0,0.0,625.0
SP0064,2026-06,738.0,66.0,35.0,0.0,769.0
SP0065,2026-06,869.0,322.0,309.0,1.0,881.0
SP0066,2026-06,605.0,275.0,251.0,0.0,629.0
SP0067,2026-06,402.0,177.0,150.0,1.0,428.0
SP0068,2026-06,993.0,48.0,18.0,0.0,1023.0
SP0069,2026-06,409.0,12.0,1.0,0.0,420.0
SP0070,2026-06,380.0,242.0,242.0,2.0,378.0
SP0071,2026-06,799.0,388.0,354.0,1.0,832.0
SP0072,2026-06,626.0,393.0,334.0,1.0,684.0
SP0073,2026-06,397.0,2.0,0.0,0.0,399.0
SP0074,2026-06,939.0,37.0,21.0,0.0,955.0
SP0075,2026-06,776.0,40.0,18.0,0.0,798.0
SP0076,2026-06,414.0,387.0,399.0,1.0,401.0
SP0077,2026-06,363.0,255.0,229.0,5.0,384.0
SP0078,2026-06,659.0,393.0,336.0,2.0,714.0
SP0079,2026-06,511.0,288.0,275.0,2.0,522.0
SP0080,2026-06,912.0,58.0,24.0,0.0,946.0
SP9501,2026-06,951.0,75.0,34.0,1.0,991.0
SP0082,2026-06,375.0,18.0,2.0,0.0,391.0
SP0083,2026-06,464.0,13.0,0.0,0.0,477.0
SP0084,2026-06,503.0,215.0,218.0,3.0,497.0
SP0085,2026-06,713.0,31.0,14.0,0.0,730.0
SP0086,2026-06,722.0,13.0,0.0,0.0,735.0
SP0087,2026-06,878.0,41.0,16.0,0.0,903.0
SP0088,2026-06,523.0,277.0,237.0,2.0,561.0
SP0089,2026-06,472.0,391.0,398.0,4.0,461.0
SP0090,2026-06,389.0,356.0,362.0,2.0,381.0
SP0091,2026-06,305.0,15.0,2.0,0.0,318.0
SP0092,2026-06,620.0,189.0,176.0,1.0,632.0
SP0093,2026-06,708.0,302.0,259.0,1.0,750.0
SP0094,2026-06,977.0,45.0,26.0,1.0,995.0
SP0095,2026-06,495.0,162.0,154.0,1.0,502.0
SP0096,2026-06,671.0,196.0,202.0,1.0,664.0
SP0097,2026-06,653.0,298.0,310.0,5.0,636.0
SP0098,2026-06,1056.0,74.0,38.0,1.0,1091.0
SP0099,2026-06,421.0,171.0,174.0,2.0,416.0
SP0100,2026-06,775.0,52.0,29.0,0.0,798.0
SP0101,2026-06,535.0,283.0,276.0,0.0,542.0
SP0102,2026-06,811.0,61.0,33.0,0.0,839.0
SP0103,2026-06,483.0,154.0,156.0,2.0,479.0
SP0104,2026-06,594.0,191.0,175.0,0.0,610.0
SP0105,2026-06,1061.0,72.0,36.0,0.0,1097.0
SP0106,2026-06,638.0,358.0,311.0,3.0,682.0
SP0107,2026-06,598.0,300.0,310.0,1.0,587.0
SP0108,2026-06,356.0,387.0,362.0,1.0,380.0
SP0109,2026-06,977.0,68.0,28.0,0.0,1017.0
SP0110,2026-06,672.0,167.0,170.0,1.0,668.0
SP0111,2026-06,787.0,28.0,9.0,0.0,806.0
SP0112,2026-06,562.0,211.0,199.0,1.0,573.0
SP0113,2026-06,447.0,152.0,147.0,2.0,450.0
SP0114,2026-06,582.0,190.0,179.0,2.0,591.0
SP0115,2026-06,698.0,168.0,148.0,1.0,717.0
SP0116,2026-06,340.0,219.0,196.0,1.0,362.0
SP0117,2026-06,390.0,179.0,187.0,2.0,380.0
SP0118,2026-06,389.0,349.0,326.0,3.0,409.0
SP0119,2026-06,0.65,0.02,0.0,0.0,0.66
SP0120,2026-06,724.0,288.0,278.0,3.0,731.0
SP0121,2026-06,547.0,188.0,162.0,1.0,572.0
SP9506,2026-06,1051.0,23.0,8.0,0.0,1066.0
SP0123,2026-06,520.0,370.0,381.0,3.0,506.0
SP0124,2026-06,483.0,354.0,347.0,3.0,487.0
SP0125,2026-06,888.0,40.0,22.0,1.0,905.0
SP0126,2026-06,588.0,12.0,1.0,0.0,599.0
SP0127,2026-06,826.0,164.0,145.0,1.0,844.0
SP0128,2026-06,351.0,12.0,1.0,0.0,362.0
SP0129,2026-06,750.0,174.0,175.0,2.0,747.0
SP0130,2026-06,691.0,335.0,285.0,5.0,736.0
SP0131,2026-06,387.0,208.0,196.0,2.0,397.0
SP0132,2026-06,257.0,2.0,0.0,0.0,259.0
SP0133,2026-06,329.0,227.0,229.0,1.0,326.0
,2026-06,354.0,356.0,311.0,5.0,394.0
SP0135,2026-06,736.0,266.0,241.0,1.0,760.0
SP0136,2026-06,572.0,265.0,265.0,0.0,572.0
SP0137,2026-06,460.0,272.0,279.0,1.0,452.0
SP0138,2026-06,478.0,360.0,333.0,2.0,503.0
SP0139,2026-06,322.0,233.0,200.0,3.0,352.0
SP0140,2026-06,374.0,234.0,218.0,1.0,389.0
SP0141,2026-06,484.0,235.0,209.0,2.0,508.0
SP0142,2026-06,731.0,246.0,224.0,0.0,753.0
SP0143,2026-06,622.0,349.0,325.0,3.0,643.0
SP0144,2026-06,345.0,150.0,138.0,1.0,356.0
SP0145,2026-06,0.67,0.07,0.03,0.0,0.71
SP0146,2026-06,513.0,290.0,281.0,4.0,518.0
SP0147,2026-06,792.0,41.0,20.0,0.0,813.0
SP0148,2026-06,705.0,209.0,217.0,1.0,696.0
SP0149,2026-06,728.0,150.0,144.0,0.0,734.0
SP0150,2026-06,531.0,196.0,188.0,2.0,537.0
SP0151,2026-06,251.0,255.0,258.0,3.0,245.0
SP0152,2026-06,418.0,215.0,214.0,2.0,417.0
SP0153,2026-06,438.0,336.0,321.0,5.0,448.0
SP0154,2026-06,408.0,197.0,188.0,1.0,416.0
SP0155,2026-06,654.0,380.0,394.0,4.0,636.0
SP0156,2026-06,650000.0,382000.0,341000.0,5000.0,686000.0
SP0157,2026-06,535.0,267.0,279.0,3.0,520.0
SP0158,2026-06,616.0,215.0,218.0,1.0,612.0
SP0159,2026-06,469.0,184.0,172.0,0.0,481.0
SP0160,2026-06,1221.0,75.0,33.0,1.0,1262.0
SP0161,2026-06,443.0,263.0,237.0,4.0,465.0
SP0162,2026-06,741.0,62.0,24.0,1.0,778.0
SP0163,2026-06,227.0,227.0,202.0,1.0,251.0
SP0164,2026-06,438.0,362.0,331.0,1.0,468.0
SP0165,2026-06,909.0,69.0,22.0,0.0,956.0
SP0166,2026-06,346.0,2.0,0.0,0.0,348.0
SP0167,2026-06,516.0,258.0,252.0,2.0,520.0
SP0168,2026-06,566.0,258.0,245.0,1.0,578.0
SP0169,2026-06,855.0,34.0,19.0,0.0,870.0
SP0170,2026-06,841.0,40.0,13.0,1.0,867.0
,2026-06,613.0,371.0,335.0,1.0,648.0
SP0172,2026-06,0.64,0.34,0.34,0.0,0.64
SP0173,2026-06,823.0,300.0,306.0,3.0,814.0
SP0174,2026-06,727000.0,250000.0,259000.0,1000.0,717000.0
SP9502,2026-06,532.0,231.0,216.0,2.0,545.0
SP0176,2026-06,641.0,323.0,330.0,4.0,630.0
SP0177,2026-06,639000.0,343000.0,347000.0,2000.0,633000.0
SP0178,2026-06,947.0,37.0,15.0,0.0,969.0
,2026-06,513.0,165.0,145.0,2.0,531.0
SP0180,2026-06,704.0,224.0,206.0,1.0,721.0
SP0181,2026-06,1083000.0,77000.0,23000.0,0.0,1137000.0
SP0182,2026-06,830.0,72.0,33.0,0.0,869.0
SP0183,2026-06,771.0,378.0,375.0,5.0,769.0
SP0184,2026-06,258.0,329.0,297.0,2.0,288.0
SP0185,2026-06,0.37,0.32,0.32,0.0,0.36
SP0186,2026-06,461000.0,305000.0,270000.0,0.0,496000.0
SP0187,2026-06,271.0,287.0,260.0,4.0,294.0
SP0188,2026-06,190.0,188.0,167.0,1.0,210.0
SP0189,2026-06,691.0,287.0,292.0,4.0,682.0
SP0190,2026-06,494.0,339.0,296.0,3.0,534.0
SP0191,2026-06,713.0,150.0,143.0,1.0,719.0
SP0192,2026-06,513.0,270.0,268.0,1.0,514.0
SP0193,2026-06,671.0,328.0,287.0,4.0,708.0
SP0194,2026-06,418.0,308.0,321.0,4.0,401.0
SP0195,2026-06,203.0,237.0,226.0,2.0,212.0
SP0196,2026-06,1108.0,36.0,11.0,1.0,1132.0
SP0197,2026-06,845.0,286.0,291.0,1.0,839.0
SP0198,2026-06,939000.0,22000.0,12000.0,0.0,949000.0
SP0199,2026-06,1054.0,57.0,25.0,1.0,1085.0
SP0200,2026-06,530.0,362.0,346.0,1.0,545.0
SP0201,2026-06,337.0,299.0,287.0,0.0,349.0
SP0202,2026-06,711.0,277.0,273.0,0.0,715.0
SP0203,2026-06,568.0,224.0,198.0,0.0,594.0
SP0204,2026-06,896.0,48.0,27.0,0.0,917.0
SP0205,2026-06,448.0,363.0,338.0,2.0,471.0
SP0206,2026-06,529.0,294.0,281.0,2.0,540.0
SP0207,2026-06,665.0,322.0,288.0,3.0,696.0
SP0208,2026-06,394.0,328.0,321.0,2.0,399.0
SP0209,2026-06,520.0,254.0,264.0,3.0,507.0
SP0210,2026-06,323.0,311.0,274.0,2.0,358.0
SP0211,2026-06,641.0,378.0,387.0,4.0,628.0
SP0212,2026-06,380.0,0.0,0.0,0.0,380.0
SP0213,2026-06,647.0,249.0,221.0,2.0,673.0
SP0214,2026-06,499.0,307.0,311.0,1.0,494.0
SP0215,2026-06,283.0,332.0,315.0,3.0,297.0
SP0216,2026-06,0.58,0.26,0.24,0.0,0.6
SP0217,2026-06,406.0,260.0,272.0,1.0,393.0
SP0218,2026-06,540.0,317.0,274.0,3.0,580.0
SP0219,2026-06,619.0,309.0,322.0,3.0,603.0
SP0220,2026-06,510.0,387.0,378.0,3.0,516.0
SP0001,2026-07,779.0,68.0,31.0,0.0,816.0
SP0002,2026-07,731.0,355.0,337.0,1.0,748.0
SP9501,2026-07,706.0,384.0,349.0,2.0,739.0
SP0004,2026-07,285.0,10.0,0.0,0.0,295.0
SP0005,2026-07,558.0,369.0,371.0,5.0,551.0
SP0006,2026-07,898.0,267.0,264.0,1.0,900.0
SP0007,2026-07,564.0,194.0,188.0,3.0,567.0
SP0008,2026-07,805000.0,241000.0,205000.0,0.0,841000.0
SP0009,2026-07,722.0,274.0,237.0,1.0,758.0
SP0010,2026-07,340.0,350.0,312.0,0.0,378.0
SP0011,2026-07,719.0,363.0,313.0,3.0,766.0
SP0012,2026-07,503.0,384.0,390.0,6.0,491.0
SP0013,2026-07,925.0,47.0,18.0,0.0,954.0
SP0014,2026-07,844.0,260.0,266.0,1.0,837.0
SP0015,2026-07,430.0,9.0,0.0,0.0,439.0
SP0016,2026-07,547.0,181.0,186.0,1.0,541.0
SP0017,2026-07,741.0,239.0,249.0,1.0,730.0
SP0018,2026-07,779.0,68.0,40.0,0.0,807.0
SP0019,2026-07,815.0,241.0,206.0,3.0,847.0
SP0020,2026-07,624.0,10.0,1.0,0.0,633.0
SP0021,2026-07,763.0,380.0,367.0,1.0,775.0
SP0022,2026-07,650.0,1.0,0.0,0.0,651.0
SP0023,2026-07,322.0,177.0,168.0,2.0,329.0
SP0024,2026-07,835.0,46.0,15.0,1.0,865.0
SP0025,2026-07,418.0,389.0,371.0,4.0,432.0
SP0026,2026-07,272.0,19.0,2.0,0.0,289.0
SP0027,2026-07,706.0,289.0,284.0,3.0,708.0
SP0028,2026-07,411.0,337.0,288.0,2.0,458.0
SP0029,2026-07,508000.0,17000.0,2000.0,0.0,523000.0
SP0030,2026-07,458.0,334.0,303.0,1.0,488.0
SP0031,2026-07,690.0,230.0,238.0,1.0,681.0
SP0032,2026-07,1076.0,58.0,31.0,1.0,1102.0
SP0033,2026-07,575.0,388.0,340.0,8.0,615.0
SP0034,2026-07,782.0,157.0,137.0,1.0,801.0
SP0035,2026-07,422.0,177.0,173.0,0.0,426.0
SP0036,2026-07,500.0,7.0,0.0,0.0,507.0
SP0037,2026-07,592.0,155.0,157.0,2.0,588.0
SP0038,2026-07,0.66,0.18,0.16,0.0,0.68
SP0039,2026-07,422.0,13.0,1.0,0.0,434.0
SP0040,2026-07,1091.0,41.0,21.0,1.0,1110.0
SP0041,2026-07,433.0,372.0,367.0,1.0,437.0
SP0042,2026-07,0.52,0.35,0.3,0.01,0.56
SP0043,2026-07,815.0,334.0,345.0,1.0,803.0
SP0044,2026-07,702.0,152.0,131.0,0.0,723.0
SP0045,2026-07,477.0,382.0,374.0,6.0,479.0
SP0046,2026-07,425.0,251.0,238.0,2.0,436.0
SP0047,2026-07,488.0,281.0,270.0,2.0,497.0
SP0048,2026-07,513.0,358.0,325.0,3.0,543.0
SP0049,2026-07,276.0,17.0,1.0,0.0,292.0
SP0050,2026-07,317.0,18.0,0.0,0.0,335.0
SP0051,2026-07,853.0,25.0,7.0,0.0,871.0
SP0052,2026-07,625.0,382.0,381.0,2.0,624.0
SP0053,2026-07,610.0,382.0,364.0,5.0,623.0
SP0054,2026-07,1003.0,67.0,27.0,1.0,1042.0
SP0055,2026-07,1011.0,44.0,24.0,1.0,1030.0
SP0056,2026-07,683.0,234.0,207.0,1.0,709.0
SP0057,2026-07,423.0,14.0,1.0,0.0,436.0
SP0058,2026-07,972.0,38.0,20.0,0.0,990.0
SP0059,2026-07,526.0,6.0,0.0,0.0,532.0
SP0060,2026-07,1017.0,40.0,19.0,0.0,1038.0
SP0061,2026-07,682000.0,298000.0,278000.0,3000.0,699000.0
SP0062,2026-07,739000.0,383000.0,336000.0,3000.0,783000.0
SP0063,2026-07,625.0,19.0,0.0,0.0,644.0
SP0064,2026-07,769.0,74.0,30.0,1.0,812.0
SP0065,2026-07,881.0,369.0,348.0,0.0,902.0
SP0066,2026-07,629.0,279.0,262.0,0.0,646.0
SP0067,2026-07,428000.0,372000.0,325000.0,1000.0,474000.0
SP0068,2026-07,1023.0,64.0,35.0,0.0,1052.0
SP0069,2026-07,420.0,18.0,0.0,0.0,438.0
SP0070,2026-07,378.0,152.0,155.0,2.0,373.0
SP0071,2026-07,832.0,207.0,203.0,1.0,835.0
SP0072,2026-07,684.0,290.0,272.0,1.0,701.0
SP0073,2026-07,399.0,16.0,2.0,0.0,413.0
SP0074,2026-07,955.0,28.0,11.0,0.0,972.0
,2026-07,798.0,38.0,16.0,0.0,820.0
SP0076,2026-07,401.0,331.0,332.0,4.0,396.0
SP0077,2026-07,384.0,261.0,272.0,3.0,370.0
SP0078,2026-07,714.0,169.0,177.0,1.0,705.0
SP0079,2026-07,522.0,357.0,362.0,3.0,514.0
SP0080,2026-07,946.0,40.0,12.0,0.0,974.0
SP0081,2026-07,991.0,33.0,18.0,0.0,1006.0
SP0082,2026-07,391.0,19.0,1.0,0.0,409.0
SP0083,2026-07,477.0,0.0,0.0,0.0,477.0
SP0084,2026-07,497.0,171.0,160.0,1.0,507.0
SP0085,2026-07,730.0,67.0,21.0,1.0,775.0
SP0086,2026-07,0.74,0.01,0.0,0.0,0.74
SP0087,2026-07,903.0,47.0,20.0,0.0,930.0
SP0088,2026-07,561.0,206.0,208.0,3.0,556.0
SP0089,2026-07,461.0,277.0,242.0,3.0,493.0
SP0090,2026-07,381.0,275.0,242.0,0.0,414.0
SP0091,2026-07,318000.0,10000.0,0.0,0.0,328000.0
SP0092,2026-07,632.0,215.0,214.0,1.0,632.0
SP0093,2026-07,750.0,348.0,324.0,2.0,772.0
SP0094,2026-07,995.0,57.0,29.0,1.0,1022.0
SP0095,2026-07,502.0,363.0,318.0,6.0,541.0
SP0096,2026-07,664.0,369.0,383.0,1.0,649.0
SP0097,2026-07,636.0,256.0,231.0,2.0,659.0
SP0098,2026-07,1091.0,72.0,22.0,1.0,1140.0
SP0099,2026-07,416.0,334.0,299.0,4.0,447.0
SP0100,2026-07,798.0,26.0,13.0,0.0,811.0
SP0101,2026-07,542.0,167.0,159.0,1.0,549.0
SP0102,2026-07,839.0,70.0,41.0,0.0,868.0
SP0103,2026-07,479.0,152.0,136.0,1.0,494.0
SP0104,2026-07,610.0,254.0,264.0,0.0,600.0
SP0105,2026-07,1097000.0,51000.0,28000.0,0.0,1120000.0
SP0106,2026-07,682.0,332.0,308.0,3.0,703.0
SP0107,2026-07,587.0,370.0,338.0,1.0,618.0
SP0108,2026-07,380000.0,238000.0,226000.0,1000.0,391000.0
SP0109,2026-07,1017.0,20.0,9.0,0.0,1028.0
SP0110,2026-07,668.0,297.0,282.0,2.0,681.0
SP0111,2026-07,806.0,59.0,19.0,0.0,846.0
SP0112,2026-07,573.0,367.0,351.0,4.0,585.0
SP0113,2026-07,450.0,382.0,336.0,2.0,494.0
SP0114,2026-07,591.0,208.0,198.0,1.0,600.0
SP0115,2026-07,717.0,340.0,348.0,3.0,706.0
SP0116,2026-07,362.0,369.0,370.0,0.0,361.0
SP0117,2026-07,380.0,348.0,333.0,3.0,392.0
SP0118,2026-07,409.0,316.0,296.0,2.0,427.0
SP0119,2026-07,662.0,19.0,0.0,0.0,681.0
SP9506,2026-07,731.0,307.0,274.0,2.0,762.0
SP0121,2026-07,572.0,162.0,168.0,1.0,565.0
SP0122,2026-07,1066.0,41.0,16.0,1.0,1090.0
SP0123,2026-07,506.0,367.0,339.0,2.0,532.0
SP0124,2026-07,487000.0,219000.0,204000.0,3000.0,499000.0
SP0125,2026-07,905.0,30.0,13.0,0.0,922.0
SP0126,2026-07,599.0,12.0,0.0,0.0,611.0
SP0127,2026-07,844000.0,329000.0,318000.0,2000.0,853000.0
SP0128,2026-07,362.0,18.0,0.0,0.0,380.0
SP0129,2026-07,747.0,311.0,297.0,4.0,757.0
SP0130,2026-07,736.0,156.0,146.0,1.0,745.0
SP0131,2026-07,397.0,368.0,383.0,2.0,380.0
SP0132,2026-07,259.0,6.0,0.0,0.0,265.0
SP0133,2026-07,326.0,162.0,152.0,1.0,335.0
SP0134,2026-07,394.0,344.0,353.0,5.0,380.0
SP0135,2026-07,760.0,155.0,152.0,1.0,762.0
SP0136,2026-07,572.0,294.0,304.0,1.0,561.0
SP0137,2026-07,452.0,252.0,221.0,1.0,482.0
SP0138,2026-07,503.0,228.0,219.0,1.0,511.0
SP0139,2026-07,352.0,174.0,179.0,3.0,344.0
SP0140,2026-07,389.0,375.0,349.0,2.0,413.0
SP0141,2026-07,508.0,218.0,223.0,3.0,500.0
SP0142,2026-07,753.0,153.0,139.0,0.0,767.0
SP0143,2026-07,643.0,175.0,180.0,2.0,636.0
SP0144,2026-07,356.0,192.0,168.0,3.0,377.0
SP0145,2026-07,710.0,42.0,15.0,1.0,736.0
SP0146,2026-07,518.0,246.0,216.0,4.0,544.0
SP0147,2026-07,813.0,71.0,36.0,1.0,847.0
SP0148,2026-07,696.0,321.0,276.0,1.0,740.0
SP0149,2026-07,734.0,324.0,279.0,0.0,779.0
SP0150,2026-07,537.0,288.0,290.0,6.0,529.0
SP0151,2026-07,245.0,247.0,246.0,1.0,245.0
SP0152,2026-07,417.0,309.0,271.0,5.0,450.0
SP0153,2026-07,448.0,357.0,362.0,5.0,438.0
SP0154,2026-07,416.0,360.0,353.0,2.0,421.0
SP0155,2026-07,636.0,311.0,303.0,4.0,640.0
SP0156,2026-07,686.0,312.0,287.0,3.0,708.0
SP0157,2026-07,520.0,390.0,372.0,5.0,533.0
SP0158,2026-07,612.0,304.0,279.0,4.0,633.0
SP9500,2026-07,481.0,374.0,370.0,1.0,484.0
SP0160,2026-07,1262.0,50.0,20.0,0.0,1292.0
SP0161,2026-07,465.0,233.0,199.0,3.0,496.0
SP0162,2026-07,778.0,32.0,11.0,0.0,799.0
SP0163,2026-07,251.0,274.0,244.0,2.0,279.0
SP0164,2026-07,468.0,351.0,358.0,2.0,459.0
SP0165,2026-07,956.0,66.0,30.0,0.0,992.0
SP0166,2026-07,348.0,5.0,0.0,0.0,353.0
,2026-07,520.0,342.0,304.0,2.0,556.0
,2026-07,578.0,360.0,332.0,3.0,603.0
SP0169,2026-07,870.0,36.0,12.0,0.0,894.0
SP0170,2026-07,867.0,25.0,13.0,0.0,879.0
SP0171,2026-07,648.0,224.0,233.0,2.0,637.0
SP0172,2026-07,645.0,304.0,262.0,0.0,687.0
SP0173,2026-07,814.0,166.0,165.0,1.0,814.0
SP0174,2026-07,717.0,323.0,314.0,0.0,726.0
SP0175,2026-07,545.0,361.0,346.0,3.0,557.0
SP0176,2026-07,630.0,271.0,263.0,2.0,636.0
SP0177,2026-07,633.0,316.0,304.0,2.0,643.0
SP0178,2026-07,969.0,27.0,11.0,0.0,985.0
SP0179,2026-07,531.0,227.0,225.0,1.0,532.0
SP0180,2026-07,721.0,302.0,265.0,1.0,757.0
SP0181,2026-07,1137.0,52.0,24.0,0.0,1165.0
SP0182,2026-07,869.0,29.0,9.0,0.0,889.0
SP0183,2026-07,769.0,183.0,170.0,1.0,781.0
SP0184,2026-07,288.0,240.0,235.0,2.0,291.0
SP0185,2026-07,364.0,297.0,280.0,2.0,379.0
SP0186,2026-07,496.0,357.0,352.0,1.0,500.0
SP0187,2026-07,294.0,225.0,232.0,1.0,286.0
SP0188,2026-07,210.0,311.0,268.0,2.0,251.0
SP0189,2026-07,682.0,233.0,207.0,3.0,705.0
SP0190,2026-07,534.0,392.0,350.0,2.0,574.0
SP0191,2026-07,719.0,272.0,282.0,1.0,708.0
SP0192,2026-07,514.0,343.0,360.0,0.0,497.0
SP9509,2026-07,708.0,279.0,259.0,2.0,726.0
SP0194,2026-07,401.0,180.0,177.0,3.0,401.0
SP0195,2026-07,212.0,342.0,307.0,2.0,245.0
SP0196,2026-07,1132.0,61.0,29.0,1.0,1163.0
SP0197,2026-07,0.84,0.36,0.37,0.0,0.84
SP0198,2026-07,949.0,74.0,22.0,0.0,1001.0
SP0199,2026-07,1.08,0.06,0.02,0.0,1.12
SP0200,2026-07,545.0,230.0,198.0,1.0,576.0
SP0201,2026-07,349.0,318.0,270.0,0.0,397.0
SP0202,2026-07,715.0,190.0,192.0,0.0,713.0
SP0203,2026-07,594.0,300.0,287.0,1.0,606.0
SP0204,2026-07,917.0,56.0,25.0,0.0,948.0
SP0205,2026-07,471.0,162.0,150.0,0.0,483.0
SP0206,2026-07,540.0,356.0,317.0,3.0,576.0
SP0207,2026-07,696.0,213.0,205.0,2.0,702.0
SP0208,2026-07,399.0,277.0,288.0,2.0,386.0
SP0209,2026-07,0.51,0.34,0.35,0.0,0.5
SP0210,2026-07,358.0,268.0,247.0,2.0,377.0
SP0211,2026-07,628.0,262.0,247.0,4.0,639.0
SP0212,2026-07,380.0,6.0,0.0,0.0,386.0
SP0213,2026-07,673.0,384.0,333.0,3.0,721.0
SP0214,2026-07,494000.0,279000.0,283000.0,2000.0,488000.0
SP0215,2026-07,297.0,364.0,343.0,7.0,311.0
SP0216,2026-07,601.0,215.0,214.0,2.0,600.0
SP0217,2026-07,393.0,181.0,159.0,1.0,414.0
SP0218,2026-07,580.0,287.0,281.0,3.0,583.0
SP0219,2026-07,603.0,365.0,377.0,6.0,585.0
SP0220,2026-07,516.0,280.0,252.0,3.0,541.0
