MaHoaDon,MaDonHang,NgayXuatHoaDon,HanThanhToan,SoTien,DaThu,ConLai
hd000001,dh002372,04/08/2024,30/10/2024,265003700.0,265003700.0,0.0
HD000002,dh002391,03/08/2024,10/08/2024,14160000.0,14160000.0,0.0
hd000003,dh003373,01/08/2024,11/10/2024,353526800.0,353526800.0,0.0
hd000004,dh003189,03/08/2024,29/09/2024,148233900.0,23059700.0,125174200.0
hd000005,dh011709,03/08/2024,2024-08-17,777600.0,777600.0,0.0
hd000006,DH011191,04/08/2024,06/10/2024,606274400.0,606274400.0,0.0
HD000007,dh000919,04/08/2024,26/09/2024,111696500.0,111696500.0,0.0
hd000008,dh011881,02/08/2024,06/10/2024,66745900.0,39548900.0,27197000.0
hd000009,dh001763,05/08/2024,18/08/2024,889700.0,889700.0,0.0
hd000010,DH000902,02/08/2024,15/08/2024,1026000.0,1026000.0,0.0
hd000011,dh008205,04/08/2024,11/08/2024,209100.0,209100.0,0.0
hd000012,dh002966,02/08/2024,16/09/2024,369688300.0,369688300.0,0.0
hd000013,dh005427,03/08/2024,08/10/2024,396123400.0,285831700.0,110291700.0
hd000014,dh007874,04/08/2024,16/08/2024,5887400.0,5887400.0,0.0
hd000015,dh001490,05/08/2024,16/08/2024,233100.0,233100.0,0.0
hd000016,dh002788,03/08/2024,25/09/2024,409787100.0,409787100.0,0.0
hd000017,dh004798,03/08/2024,13/08/2024,1639800.0,1639800.0,0.0
HD000018,dh001380,05/08/2024,28/10/2024,517604900.0,157193100.0,360411800.0
HD000019,dh008582,03/08/2024,06/10/2024,410076600.0,410076600.0,0.0
hd000020,dh008834,03/08/2024,10/08/2024,1076000.0,1076000.0,0.0
HD000021,dh009431,02/08/2024,22/10/2024,83036000.0,83036000.0,0.0
hd000022,dh007222,05/08/2024,07/10/2024,432753000.0,432753000.0,0.0
HD000023,dh000531,04/08/2024,18/08/2024,2042500.0,2042500.0,0.0
HD000024,dh008978,04/08/2024,14/08/2024,5799000.0,5799000.0,0.0
hd000025,dh001622,04/08/2024,17/08/2024,4315300.0,4315300.0,0.0
hd000026,dh006848,03/08/2024,01/11/2024,461148600.0,461148600.0,0.0
HD000027,dh004670,05/08/2024,27/09/2024,73096500.0,73096500.0,0.0
hd000028,dh006201,02/08/2024,23/10/2024,140863400.0,27988700.0,112874700.0
HD000029,DH900008,05/08/2024,16/10/2024,292925900.0,292925900.0,0.0
hd000030,dh008442,02/08/2024,15/08/2024,4076600.0,4076600.0,0.0
HD000031,dh001419,06/08/2024,21/08/2024,326800.0,326800.0,0.0
hd000032,dh004654,05/08/2024,15/08/2024,2641000.0,2641000.0,0.0
hd000033,dh001736,03/08/2024,29/09/2024,140885400.0,59539300.0,81346100.0
hd000034,,04/08/2024,03/10/2024,311239800.0,311239800.0,0.0
HD000035,dh002555,06/08/2024,23/09/2024,213761500.0,198216100.0,15545400.0
HD000036,dh009344,03/08/2024,29/10/2024,360835000.0,360835000.0,0.0
hd000037,dh003211,03/08/2024,30/09/2024,84227800.0,57608700.0,26619100.0
hd000038,dh001558,05/08/2024,16/08/2024,10179000.0,10179000.0,0.0
HD000039,dh010999,06/08/2024,26/10/2024,341923800.0,341923800.0,0.0
hd000040,dh004667,08/03/2024,18/09/2024,303467800.0,303467800.0,0.0
hd000041,DH008322,06/08/2024,13/08/2024,1390000.0,1390000.0,0.0
hd000042,dh010698,05/08/2024,12/08/2024,1072000.0,1072000.0,0.0
hd000043,dh006452,07/08/2024,17/08/2024,4822800.0,4822800.0,0.0
hd000044,dh007828,04/08/2024,10/02/2024,167949600.0,167949600.0,0.0
hd000045,dh004967,05/08/2024,17/10/2024,374204900.0,374204900.0,0.0
hd000046,dh009144,07/08/2024,07/10/2024,205538000.0,186999200.0,18538800.0
HD000047,dh010927,06/08/2024,14/10/2024,655978700.0,224119300.0,431859400.0
hd000048,dh008531,07/08/2024,16/08/2024,4196000.0,1951700.0,2244300.0
hd000049,dh006572,05/08/2024,14/08/2024,299700.0,299700.0,0.0
hd000050,dh006269,05/08/2024,16/08/2024,1533600.0,1533600.0,0.0
hd000051,dh006497,05/08/2024,07/10/2024,825811400.0,353989500.0,471821900.0
hd000052,dh009151,07/08/2024,20/10/2024,130467800.0,130467800.0,0.0
hd000053,dh002981,05/08/2024,17/08/2024,979200.0,979200.0,0.0
hd000054,dh011275,07/08/2024,14/08/2024,2786800.0,2786800.0,0.0
hd000055,DH002452,06/08/2024,10/10/2024,254712000.0,254712000.0,0.0
hd000056,dh001813,05/08/2024,12/08/2024,2556000.0,2556000.0,0.0
hd000057,,07/08/2024,31/10/2024,194964800.0,194964800.0,0.0
hd000058,dh000589,07/08/2024,17/08/2024,4832000.0,4832000.0,0.0
hd000059,dh004223,08/08/2024,27/09/2024,471600500.0,233546200.0,238054300.0
HD000060,dh005488,08/08/2024,12/10/2024,317111600.0,140624200.0,176487400.0
hd000061,,06/08/2024,19/08/2024,9405000.0,994000.0,8411000.0
hd000062,DH900006,08/08/2024,18/08/2024,1100800.0,1100800.0,0.0
hd000063,dh009755,07/08/2024,19/08/2024,3237000.0,3237000.0,0.0
hd000064,dh003109,07/08/2024,18/08/2024,2493900.0,2493900.0,0.0
hd000065,dh008606,05/08/2024,29/09/2024,101308000.0,11100700.0,90207300.0
hd000066,dh003045,07/08/2024,16/08/2024,1183000.0,1183000.0,0.0
hd000067,dh003658,2024-08-08,16/08/2024,910000.0,910000.0,0.0
HD000068,DH011726,08/08/2024,23/08/2024,2022000.0,2022000.0,0.0
hd000069,dh007358,07/08/2024,19/08/2024,1191600.0,231300.0,960300.0
hd000070,dh006757,07/08/2024,22/08/2024,1128000.0,1067700.0,60300.0
hd000071,DH003589,09/08/2024,10/06/2024,342569700.0,342569700.0,0.0
hd000072,DH006647,09/08/2024,18/08/2024,9845000.0,8685500.0,1159500.0
hd000073,DH900002,09/08/2024,30/10/2024,165735600.0,165735600.0,0.0
HD000074,dh003264,06/08/2024,18/10/2024,176409600.0,176409600.0,0.0
hd000075,dh007610,07/08/2024,07/10/2024,227650100.0,79729200.0,147920900.0
hd000076,dh009720,08/08/2024,22/08/2024,1514300.0,1514300.0,0.0
hd000077,dh006712,08/08/2024,17/08/2024,631800.0,631800.0,0.0
HD000078,dh007979,08/08/2024,2024-08-22,872100.0,769100.0,103000.0
hd000079,dh005379,06/08/2024,16/08/2024,639200.0,639200.0,0.0
hd000080,dh002404,08/08/2024,25/10/2024,660358600.0,73249500.0,587109100.0
HD000081,dh001159,08/08/2024,16/08/2024,2897200.0,2897200.0,0.0
hd000082,dh006297,06/08/2024,14/08/2024,5011000.0,5011000.0,0.0
hd000083,dh001091,07/08/2024,15/08/2024,10654800.0,10654800.0,0.0
hd000084,dh008380,06/08/2024,18/10/2024,372349200.0,135397500.0,236951700.0
hd000085,dh000950,06/08/2024,15/08/2024,8502000.0,8502000.0,0.0
hd000086,dh009110,08/08/2024,23/10/2024,830605700.0,830605700.0,0.0
hd000087,dh004519,09/08/2024,20/08/2024,4656000.0,4656000.0,0.0
hd000088,DH900007,10/08/2024,24/08/2024,9938500.0,9938500.0,0.0
HD000089,dh006310,07/08/2024,27/09/2024,102874400.0,102874400.0,0.0
hd000090,dh000787,07/08/2024,17/08/2024,2601000.0,2601000.0,0.0
hd000091,dh003988,07/08/2024,20/08/2024,7102600.0,7102600.0,0.0
hd000092,dh009659,08/08/2024,10/10/2024,174910600.0,174910600.0,0.0
hd000093,dh004394,07/08/2024,10/10/2024,91066000.0,91066000.0,0.0
hd000094,DH008747,07/08/2024,16/08/2024,834300.0,834300.0,0.0
hd000095,dh010097,07/08/2024,19/10/2024,648857600.0,291403300.0,357454300.0
hd000096,dh000158,10/08/2024,07/11/2024,237462000.0,237462000.0,0.0
HD000097,dh004505,08/08/2024,23/08/2024,11725000.0,11725000.0,0.0
HD000098,dh007722,08/08/2024,05/10/2024,180129000.0,180129000.0,0.0
hd000099,dh005114,08/08/2024,16/08/2024,2930000.0,1199400.0,1730600.0
HD000100,dh005430,09/08/2024,16/08/2024,2918000.0,2918000.0,0.0
hd000101,,08/08/2024,15/08/2024,3986300.0,3986300.0,0.0
hd000102,dh000483,08/08/2024,23/08/2024,313200.0,274400.0,38800.0
hd000103,dh002644,10/08/2024,14/10/2024,224661500.0,224661500.0,0.0
HD000104,DH000292,10/08/2024,19/08/2024,2708000.0,2708000.0,0.0
hd000105,DH008801,09/08/2024,26/10/2024,148281000.0,51484500.0,96796500.0
hd000106,dh001002,08/08/2024,01/11/2024,492102600.0,335855000.0,156247600.0
HD000107,dh010323,11/08/2024,23/08/2024,9303600.0,9303600.0,0.0
hd000108,dh005242,11/08/2024,13/10/2024,22474300.0,3371700.0,19102600.0
hd000109,dh007878,09/08/2024,08/10/2024,390204600.0,390204600.0,0.0
hd000110,dh011634,09/08/2024,06/10/2024,223469100.0,144618700.0,78850400.0
hd000111,dh008786,09/08/2024,19/08/2024,5040000.0,5040000.0,0.0
hd000112,dh011865,08/08/2024,06/10/2024,119578100.0,77892600.0,41685500.0
HD000113,dh004577,09/08/2024,22/08/2024,7303800.0,7303800.0,0.0
hd000114,dh001835,09/08/2024,17/10/2024,523929400.0,523929400.0,0.0
hd000115,dh002828,09/08/2024,08/10/2024,232332700.0,232332700.0,0.0
hd000116,dh009728,12/08/2024,2024-10-30,129062000.0,129062000.0,0.0
hd000117,dh009105,09/08/2024,23/08/2024,3516000.0,3516000.0,0.0
hd000118,dh003990,12/08/2024,24/08/2024,3736000.0,2553900.0,1182100.0
hd000119,dh002920,12/08/2024,01/11/2024,504149000.0,416634500.0,87514500.0
hd000120,DH011880,08/11/2024,22/08/2024,10557000.0,10557000.0,0.0
hd000121,dh006382,12/08/2024,20/08/2024,956200.0,956200.0,0.0
hd000122,dh010992,11/08/2024,19/08/2024,6074500.0,6074500.0,0.0
hd000123,dh005163,09/08/2024,18/08/2024,4167500.0,4167500.0,0.0
hd000124,dh003047,09/08/2024,11/10/2024,510188400.0,510188400.0,0.0
hd000125,dh001309,12/08/2024,23/08/2024,1720000.0,1720000.0,0.0
hd000126,dh005234,11/08/2024,21/10/2024,155179800.0,18545700.0,136634100.0
hd000127,dh008406,10/08/2024,25/08/2024,1125900.0,1125900.0,0.0
hd000128,dh005126,09/08/2024,16/08/2024,656000.0,656000.0,0.0
hd000129,DH900004,10/08/2024,06/11/2024,42879100.0,42879100.0,0.0
hd000130,dh002152,11/08/2024,27/10/2024,502741400.0,502741400.0,0.0
hd000131,dh004162,11/08/2024,01/11/2024,126174000.0,126174000.0,0.0
HD000132,,11/08/2024,28/09/2024,450824200.0,268266300.0,182557900.0
hd000133,dh004703,11/08/2024,23/08/2024,2005000.0,2005000.0,0.0
hd000134,dh010128,12/08/2024,21/08/2024,200000.0,200000.0,0.0
HD000135,dh001317,10/08/2024,25/08/2024,2505600.0,2505600.0,0.0
hd000136,dh001371,11/08/2024,22/08/2024,755000.0,755000.0,0.0
hd000137,dh000332,10/08/2024,18/08/2024,9315800.0,9315800.0,0.0
hd000138,dh002713,12/08/2024,13/10/2024,316006300.0,208595400.0,107410900.0
HD000139,dh004354,11/08/2024,23/08/2024,1045800.0,1045800.0,0.0
hd000140,DH002207,12/08/2024,27/08/2024,793000.0,793000.0,0.0
hd000141,dh010131,11/08/2024,22/08/2024,1208700.0,1208700.0,0.0
hd000142,dh010701,08/13/2024,07/11/2024,80001000.0,80001000.0,0.0
hd000143,dh003334,12/08/2024,09/10/2024,45348800.0,35243600.0,10105200.0
HD000144,dh009452,11/08/2024,29/09/2024,541853800.0,243077100.0,298776700.0
hd000145,dh010455,14/08/2024,27/08/2024,2538000.0,2538000.0,0.0
hd000146,dh006259,13/08/2024,27/08/2024,6311800.0,6311800.0,0.0
HD000147,dh008988,12/08/2024,24/08/2024,6963400.0,6963400.0,0.0
HD000148,dh000335,14/08/2024,22/08/2024,1232100.0,1232100.0,0.0
hd000149,dh004551,14/08/2024,28/09/2024,27048600.0,27048600.0,0.0
hd000150,dh002239,13/08/2024,21/08/2024,12717000.0,12717000.0,0.0
hd000151,dh000145,11/08/2024,21/10/2024,64037700.0,64037700.0,0.0
hd000152,dh001461,12/08/2024,20/10/2024,195912300.0,195912300.0,0.0
hd000153,dh004951,11/08/2024,2024-08-23,5072800.0,5072800.0,0.0
hd000154,DH004188,15/08/2024,30/08/2024,1351000.0,1351000.0,0.0
HD000155,dh004272,14/08/2024,27/08/2024,416000.0,416000.0,0.0
hd000156,dh006211,14/08/2024,25/08/2024,1719000.0,1719000.0,0.0
hd000157,dh003720,13/08/2024,25/08/2024,2658400.0,1453800.0,1204600.0
hd000158,dh002879,12/08/2024,20/08/2024,759200.0,759200.0,0.0
HD000159,dh009638,2024-08-14,25/08/2024,128200.0,128200.0,0.0
hd000160,,15/08/2024,25/08/2024,11192000.0,11192000.0,0.0
hd000161,dh007307,12/08/2024,27/08/2024,2546400.0,2546400.0,0.0
hd000162,dh003012,15/08/2024,25/08/2024,913500.0,913500.0,0.0
hd000163,DH005072,15/08/2024,09/11/2024,316472100.0,316472100.0,0.0
hd000164,dh009127,15/08/2024,30/08/2024,1973200.0,1973200.0,0.0
HD000165,dh006075,16/08/2024,10/10/2024,319748600.0,25874400.0,293874200.0
HD000166,dh001142,13/08/2024,22/08/2024,688000.0,688000.0,0.0
hd000167,DH006654,13/08/2024,20/08/2024,8816000.0,5121600.0,3694400.0
hd000168,dh002851,14/08/2024,09/10/2024,139478300.0,90869100.0,48609200.0
hd000169,dh008718,16/08/2024,04/10/2024,491250600.0,49970000.0,441280600.0
hd000170,dh006768,2024-08-15,23/08/2024,100800.0,100800.0,0.0
hd000171,dh008745,15/08/2024,26/10/2024,452987200.0,117663900.0,335323300.0
hd000172,dh007903,16/08/2024,26/08/2024,85000.0,85000.0,0.0
HD000173,dh007342,13/08/2024,24/08/2024,2097000.0,2097000.0,0.0
hd000174,DH002998,16/08/2024,05/10/2024,400410000.0,400410000.0,0.0
HD000175,dh004430,14/08/2024,28/09/2024,330809600.0,330809600.0,0.0
hd000176,dh005172,13/08/2024,04/11/2024,369587200.0,264416900.0,105170300.0
hd000177,DH010811,13/08/2024,24/08/2024,6823800.0,6823800.0,0.0
hd000178,dh003013,13/08/2024,27/08/2024,7889300.0,7889300.0,0.0
hd000179,dh008244,15/08/2024,22/10/2024,117332200.0,18950500.0,98381700.0
hd000180,dh003671,16/08/2024,15/10/2024,126250600.0,90932100.0,35318500.0
hd000181,dh002090,16/08/2024,29/08/2024,10055000.0,6809500.0,3245500.0
hd000182,dh000308,15/08/2024,29/08/2024,3750200.0,741800.0,3008400.0
hd000183,DH900009,15/08/2024,13/11/2024,207091900.0,207091900.0,0.0
hd000184,dh009141,15/08/2024,24/08/2024,1514700.0,1514700.0,0.0
hd000185,dh011960,14/08/2024,2024-11-07,108752800.0,108752800.0,0.0
hd000186,DH001358,16/08/2024,23/08/2024,4454600.0,4454600.0,0.0
HD000187,dh006788,15/08/2024,17/10/2024,245832600.0,231809100.0,14023500.0
HD000188,dh000081,2024-08-15,29/08/2024,4976000.0,4976000.0,0.0
hd000189,dh007760,17/08/2024,03/11/2024,146699700.0,146699700.0,0.0
hd000190,,18/08/2024,27/08/2024,5670000.0,5670000.0,0.0
hd000191,dh001294,2024-08-15,08/11/2024,371183900.0,371183900.0,0.0
hd000192,dh007103,17/08/2024,03/10/2024,96976500.0,96976500.0,0.0
HD000193,dh000456,18/08/2024,02/09/2024,22100.0,13500.0,8600.0
HD000194,dh009014,17/08/2024,24/08/2024,6213000.0,6213000.0,0.0
hd000195,,16/08/2024,30/09/2024,778239500.0,778239500.0,0.0
hd000196,DH005292,17/08/2024,25/08/2024,1316000.0,1316000.0,0.0
HD000197,DH001652,17/08/2024,15/10/2024,124177000.0,89883900.0,34293100.0
hd000198,dh010699,15/08/2024,26/08/2024,1460000.0,1460000.0,0.0
hd000199,dh010783,18/08/2024,11/11/2024,444117800.0,444117800.0,0.0
hd000200,dh001132,15/08/2024,13/11/2024,353685600.0,270638700.0,83046900.0
hd000201,dh003331,16/08/2024,02/10/2024,48387100.0,10524500.0,37862600.0
hd000202,dh009870,15/08/2024,11/11/2024,555791500.0,167906900.0,387884600.0
hd000203,dh000624,18/08/2024,31/08/2024,5511000.0,5511000.0,0.0
hd000204,dh008540,16/08/2024,19/10/2024,234721300.0,97883700.0,136837600.0
HD000205,dh002210,19/08/2024,26/08/2024,6716500.0,6716500.0,0.0
HD000206,,16/08/2024,2024-08-26,1332500.0,1332500.0,0.0
hd000207,DH003221,17/08/2024,26/08/2024,382500.0,382500.0,0.0
hd000208,dh005097,17/08/2024,31/08/2024,1011800.0,1011800.0,0.0
hd000209,dh010089,17/08/2024,07/11/2024,360513400.0,168618500.0,191894900.0
hd000210,dh010869,19/08/2024,29/08/2024,7861000.0,4500100.0,3360900.0
HD000211,DH009332,18/08/2024,11/10/2024,294399200.0,294399200.0,0.0
hd000212,dh007508,17/08/2024,31/08/2024,7162000.0,7162000.0,0.0
HD000213,dh001238,18/08/2024,27/08/2024,477900.0,477900.0,0.0
hd000214,dh000703,17/08/2024,31/08/2024,1139600.0,1139600.0,0.0
hd000215,DH008851,17/08/2024,27/10/2024,56778400.0,13787600.0,42990800.0
HD000216,dh003695,19/08/2024,27/08/2024,6406200.0,4291500.0,2114700.0
HD000217,dh004182,17/08/2024,31/08/2024,1700800.0,1700800.0,0.0
hd000218,dh003332,19/08/2024,2024-10-11,200705800.0,200705800.0,0.0
hd000219,dh007668,17/08/2024,04/11/2024,652651800.0,237727300.0,414924500.0
HD000220,dh006345,19/08/2024,20/10/2024,198847800.0,198847800.0,0.0
HD000221,dh009137,17/08/2024,20/10/2024,266489600.0,53155900.0,213333700.0
hd000222,dh002601,18/08/2024,29/08/2024,10095300.0,10095300.0,0.0
HD000223,dh008916,18/08/2024,18/10/2024,642316200.0,541593800.0,100722400.0
hd000224,dh008573,20/08/2024,27/08/2024,176000.0,176000.0,0.0
hd000225,dh010069,19/08/2024,04/11/2024,271160700.0,271160700.0,0.0
hd000226,dh002012,19/08/2024,29/08/2024,8301800.0,8301800.0,0.0
hd000227,dh000597,20/08/2024,11/04/2024,655890700.0,392748400.0,263142300.0
hd000228,dh000687,20/08/2024,03/09/2024,10495100.0,10495100.0,0.0
HD000229,dh009182,20/08/2024,10/11/2024,281130400.0,266869100.0,14261300.0
hd000230,dh000117,20/08/2024,10/11/2024,167316700.0,167316700.0,0.0
HD000231,dh000743,19/08/2024,15/10/2024,447794000.0,166116900.0,281677100.0
hd000232,dh002430,18/08/2024,31/08/2024,313200.0,313200.0,0.0
hd000233,dh007047,20/08/2024,05/11/2024,168545000.0,168545000.0,0.0
hd000234,dh003434,20/08/2024,02/09/2024,8739900.0,8739900.0,0.0
hd000235,dh003643,22/08/2024,01/09/2024,6650200.0,2764800.0,3885400.0
hd000236,dh004057,19/08/2024,27/10/2024,486744300.0,322035500.0,164708800.0
hd000237,dh001502,20/08/2024,30/08/2024,378000.0,378000.0,0.0
hd000238,dh009404,19/08/2024,29/08/2024,1028000.0,1028000.0,0.0
hd000239,dh007725,21/08/2024,28/08/2024,16180000.0,16180000.0,0.0
hd000240,dh006597,21/08/2024,03/09/2024,1179000.0,1179000.0,0.0
hd000241,dh004758,19/08/2024,31/08/2024,6090000.0,6090000.0,0.0
hd000242,DH900002,19/08/2024,29/08/2024,8240200.0,6625800.0,1614400.0
hd000243,dh009276,21/08/2024,30/08/2024,1800000.0,1800000.0,0.0
hd000244,dh004756,20/08/2024,04/11/2024,275716100.0,275716100.0,0.0
hd000245,dh011560,21/08/2024,13/11/2024,305009200.0,177651400.0,127357800.0
hd000246,dh002696,22/08/2024,08/10/2024,107204900.0,107204900.0,0.0
hd000247,DH010588,20/08/2024,08/11/2024,534146300.0,534146300.0,0.0
HD000248,dh009944,2024-08-22,03/09/2024,3692800.0,3692800.0,0.0
hd000249,dh004384,21/08/2024,02/11/2024,245102400.0,245102400.0,0.0
hd000250,DH006077,21/08/2024,16/10/2024,224633100.0,43001100.0,181632000.0
HD000251,dh008902,23/08/2024,01/09/2024,2978100.0,2978100.0,0.0
hd000252,,22/08/2024,06/09/2024,3138000.0,3138000.0,0.0
hd000253,dh006370,20/08/2024,30/08/2024,1477000.0,1477000.0,0.0
hd000254,dh008568,23/08/2024,06/09/2024,4560200.0,4560200.0,0.0
hd000255,dh001450,22/08/2024,21/10/2024,217720200.0,170457500.0,47262700.0
hd000256,dh000273,20/08/2024,19/10/2024,485450300.0,485450300.0,0.0
hd000257,dh009721,22/08/2024,16/11/2024,411881800.0,48632400.0,363249400.0
HD000258,dh003783,21/08/2024,02/09/2024,474000.0,474000.0,0.0
hd000259,dh002699,20/08/2024,04/09/2024,2250000.0,2250000.0,0.0
hd000260,DH003202,22/08/2024,05/11/2024,240909000.0,240909000.0,0.0
hd000261,dh005763,21/08/2024,07/10/2024,258620400.0,258620400.0,0.0
HD000262,dh000416,23/08/2024,19/11/2024,455946900.0,102066800.0,353880100.0
HD000263,dh008470,22/08/2024,08/11/2024,179300200.0,137008400.0,42291800.0
hd000264,dh009796,23/08/2024,03/09/2024,6557000.0,6557000.0,0.0
hd000265,dh011252,24/08/2024,31/10/2024,278007800.0,97338100.0,180669700.0
hd000266,dh008133,23/08/2024,11/11/2024,442303500.0,295451600.0,146851900.0
hd000267,dh005766,24/08/2024,13/11/2024,335489200.0,225288200.0,110201000.0
hd000268,dh000230,21/08/2024,07/11/2024,365076000.0,365076000.0,0.0
hd000269,dh005573,21/08/2024,28/08/2024,52000.0,52000.0,0.0
HD000270,dh002681,23/08/2024,17/11/2024,500712000.0,500712000.0,0.0
hd000271,dh002464,24/08/2024,08/09/2024,3946200.0,3946200.0,0.0
hd000272,dh006882,22/08/2024,31/08/2024,1332800.0,885900.0,446900.0
hd000273,dh009974,24/08/2024,08/09/2024,1399000.0,1399000.0,0.0
hd000274,dh003326,24/08/2024,05/11/2024,150075800.0,150075800.0,0.0
HD000275,,24/08/2024,03/09/2024,1558900.0,1558900.0,0.0
hd000276,dh011823,25/08/2024,26/10/2024,423279200.0,423279200.0,0.0
hd000277,dh004935,24/08/2024,07/11/2024,312178800.0,312178800.0,0.0
hd000278,dh007646,24/08/2024,03/09/2024,9385000.0,9385000.0,0.0
hd000279,dh006048,23/08/2024,07/09/2024,12977900.0,12977900.0,0.0
hd000280,dh010098,25/08/2024,11/10/2024,262866200.0,256552100.0,6314100.0
hd000281,dh010518,22/08/2024,31/08/2024,3477600.0,3477600.0,0.0
hd000282,dh003208,23/08/2024,16/11/2024,497876600.0,32617600.0,465259000.0
HD000283,dh005108,25/08/2024,21/11/2024,223363800.0,181074100.0,42289700.0
hd000284,dh001728,25/08/2024,10/19/2024,617125100.0,617125100.0,0.0
hd000285,dh011343,22/08/2024,08/11/2024,354627400.0,354627400.0,0.0
HD000286,dh005320,25/08/2024,08/09/2024,721800.0,721800.0,0.0
HD000287,dh009086,24/08/2024,14/11/2024,145690800.0,44469700.0,101221100.0
HD000288,dh003619,22/08/2024,2024-09-01,5845400.0,5845400.0,0.0
HD000289,dh007956,24/08/2024,18/10/2024,464788200.0,464788200.0,0.0
hd000290,DH900000,24/08/2024,02/09/2024,59000.0,59000.0,0.0
hd000291,dh007179,23/08/2024,06/09/2024,4127000.0,4127000.0,0.0
hd000292,,24/08/2024,09/08/2024,4087400.0,4087400.0,0.0
HD000293,dh000949,25/08/2024,2024-10-26,278421300.0,278421300.0,0.0
hd000294,dh009814,26/08/2024,31/10/2024,558961400.0,474457400.0,84504000.0
hd000295,dh010941,25/08/2024,09/09/2024,1182000.0,1182000.0,0.0
hd000296,dh008364,27/08/2024,08/09/2024,8257700.0,6909000.0,1348700.0
hd000297,dh001721,27/08/2024,11/23/2024,535502000.0,161635000.0,373867000.0
HD000298,dh000935,26/08/2024,02/09/2024,2456200.0,2456200.0,0.0
HD000299,dh006541,27/08/2024,04/09/2024,1726100.0,1726100.0,0.0
hd000300,dh004587,26/08/2024,09/09/2024,1950800.0,1950800.0,0.0
HD000301,dh000388,25/08/2024,2024-11-03,110382400.0,110382400.0,0.0
hd000302,dh008797,26/08/2024,07/09/2024,338400.0,286500.0,51900.0
hd000303,DH900003,27/08/2024,03/09/2024,2678000.0,2678000.0,0.0
hd000304,dh002066,24/08/2024,04/09/2024,31000.0,31000.0,0.0
hd000305,dh007699,24/08/2024,09/10/2024,246787900.0,35913700.0,210874200.0
hd000306,dh008068,25/08/2024,01/09/2024,746700.0,128000.0,618700.0
hd000307,dh006836,25/08/2024,09/09/2024,5447200.0,5447200.0,0.0
hd000308,dh008518,25/08/2024,25/10/2024,424747400.0,424747400.0,0.0
hd000309,dh008265,24/08/2024,21/11/2024,299552000.0,299552000.0,0.0
hd000310,dh002006,26/08/2024,07/09/2024,3215600.0,1947600.0,1268000.0
hd000311,dh010229,26/08/2024,06/09/2024,16436800.0,16436800.0,0.0
hd000312,dh008462,27/08/2024,03/09/2024,208000.0,37800.0,170200.0
hd000313,dh000806,25/08/2024,27/10/2024,809383400.0,809383400.0,0.0
hd000314,DH004652,25/08/2024,05/09/2024,8418000.0,8418000.0,0.0
hd000315,dh008809,25/08/2024,04/09/2024,842000.0,842000.0,0.0
hd000316,DH006057,28/08/2024,06/11/2024,517300300.0,517300300.0,0.0
hd000317,dh003981,25/08/2024,04/09/2024,860200.0,551000.0,309200.0
hd000318,dh002770,28/08/2024,11/09/2024,1539800.0,1539800.0,0.0
hd000319,dh004203,26/08/2024,02/11/2024,240510300.0,240510300.0,0.0
hd000320,dh000291,25/08/2024,25/10/2024,522053700.0,522053700.0,0.0
hd000321,dh010973,25/08/2024,03/09/2024,2837300.0,2837300.0,0.0
hd000322,dh004806,25/08/2024,05/09/2024,1539000.0,1539000.0,0.0
hd000323,dh002667,25/08/2024,07/09/2024,2103500.0,1844500.0,259000.0
hd000324,dh007566,28/08/2024,09/09/2024,7038000.0,7038000.0,0.0
hd000325,dh002515,25/08/2024,11/15/2024,134540000.0,134540000.0,0.0
hd000326,dh003390,27/08/2024,09/07/2024,1504100.0,1504100.0,0.0
hd000327,dh009263,27/08/2024,03/09/2024,2829600.0,2829600.0,0.0
hd000328,dh001540,26/08/2024,10/22/2024,415548000.0,415548000.0,0.0
hd000329,dh006347,28/08/2024,22/10/2024,145709100.0,7391700.0,138317400.0
hd000330,dh007138,28/08/2024,07/09/2024,1080000.0,1080000.0,0.0
hd000331,dh002768,28/08/2024,26/10/2024,419674500.0,419674500.0,0.0
HD000332,dh002149,27/08/2024,12/11/2024,343190800.0,343190800.0,0.0
hd000333,dh000545,27/08/2024,08/09/2024,1368000.0,1368000.0,0.0
hd000334,dh011789,29/08/2024,08/09/2024,15656500.0,15656500.0,0.0
hd000335,dh006993,26/08/2024,23/10/2024,660473300.0,209383200.0,451090100.0
hd000336,dh011413,28/08/2024,11/09/2024,2751000.0,2751000.0,0.0
hd000337,dh009751,29/08/2024,12/09/2024,696200.0,696200.0,0.0
hd000338,dh003034,28/08/2024,10/09/2024,627000.0,627000.0,0.0
HD000339,dh006531,28/08/2024,10/09/2024,5817000.0,5817000.0,0.0
hd000340,dh002581,27/08/2024,05/09/2024,2650000.0,2650000.0,0.0
hd000341,dh006421,29/08/2024,06/11/2024,113114000.0,42994900.0,70119100.0
hd000342,dh001559,29/08/2024,05/09/2024,1960000.0,1960000.0,0.0
hd000343,dh006438,28/08/2024,19/10/2024,374727800.0,374727800.0,0.0
HD000344,DH006943,30/08/2024,12/11/2024,333639800.0,333639800.0,0.0
HD000345,dh001218,28/08/2024,21/11/2024,58175400.0,58175400.0,0.0
hd000346,dh008949,30/08/2024,28/11/2024,975477600.0,975477600.0,0.0
hd000347,dh000318,27/08/2024,05/09/2024,15566000.0,15566000.0,0.0
hd000348,dh001258,29/08/2024,17/10/2024,642504000.0,320893100.0,321610900.0
hd000349,dh003982,2024-08-27,04/09/2024,1043700.0,1043700.0,0.0
hd000350,dh002032,27/08/2024,04/09/2024,140400.0,140400.0,0.0
hd000351,dh011948,30/08/2024,06/09/2024,576800.0,576800.0,0.0
hd000352,dh001710,27/08/2024,07/09/2024,1934600.0,1934600.0,0.0
hd000353,dh008967,30/08/2024,12/09/2024,357000.0,357000.0,0.0
hd000354,DH004503,30/08/2024,01/11/2024,488202500.0,311197000.0,177005500.0
hd000355,,29/08/2024,13/09/2024,4017000.0,4017000.0,0.0
hd000356,dh002444,31/08/2024,02/11/2024,374549300.0,374549300.0,0.0
hd000357,dh009071,31/08/2024,28/11/2024,158556400.0,158556400.0,0.0
hd000358,dh005001,30/08/2024,12/09/2024,3361000.0,3361000.0,0.0
hd000359,dh002229,28/08/2024,11/09/2024,378000.0,185100.0,192900.0
hd000360,dh006055,31/08/2024,08/11/2024,684288800.0,684288800.0,0.0
hd000361,DH003090,30/08/2024,2024-09-12,1083600.0,1083600.0,0.0
hd000362,dh009976,01/09/2024,27/11/2024,444450200.0,349400600.0,95049600.0
hd000363,dh002397,01/09/2024,23/10/2024,455318700.0,174788300.0,280530400.0
hd000364,dh008324,31/08/2024,27/11/2024,385674000.0,385674000.0,0.0
HD000365,dh005718,01/09/2024,15/09/2024,9360000.0,9360000.0,0.0
hd000366,dh004146,2024-08-30,06/09/2024,11149200.0,11149200.0,0.0
hd000367,DH009887,01/09/2024,09/09/2024,1972000.0,1972000.0,0.0
hd000368,dh010182,30/08/2024,17/10/2024,198562700.0,69121400.0,129441300.0
hd000369,dh003871,29/08/2024,11/24/2024,136336200.0,136336200.0,0.0
HD000370,dh001628,01/09/2024,18/11/2024,90263600.0,9953200.0,80310400.0
hd000371,dh006657,01/09/2024,16/11/2024,150644100.0,57823400.0,92820700.0
HD000372,,31/08/2024,10/09/2024,1180000.0,705900.0,474100.0
hd000373,dh003302,31/08/2024,13/09/2024,3496200.0,3496200.0,0.0
hd000374,dh006681,31/08/2024,15/10/2024,536903800.0,243125300.0,293778500.0
hd000375,dh006322,29/08/2024,25/10/2024,169878000.0,169878000.0,0.0
hd000376,dh000564,30/08/2024,08/11/2024,182191800.0,182191800.0,0.0
hd000377,dh010422,31/08/2024,08/09/2024,11240600.0,11240600.0,0.0
HD000378,dh005928,31/08/2024,27/10/2024,309177400.0,309177400.0,0.0
hd000379,dh007009,01/09/2024,08/09/2024,54000.0,54000.0,0.0
hd000380,dh011494,02/09/2024,19/10/2024,176807200.0,176807200.0,0.0
hd000381,DH005038,02/09/2024,16/09/2024,1299600.0,1299600.0,0.0
HD000382,dh011822,30/08/2024,02/11/2024,348172400.0,213327900.0,134844500.0
HD000383,dh000812,31/08/2024,12/09/2024,2115600.0,1320300.0,795300.0
HD000384,dh004822,09/01/2024,2024-10-17,145242600.0,60307700.0,84934900.0
hd000385,DH002570,31/08/2024,29/10/2024,228505200.0,24161800.0,204343400.0
hd000386,dh003255,01/09/2024,13/09/2024,1326400.0,1326400.0,0.0
hd000387,dh003891,01/09/2024,13/09/2024,5416200.0,3982000.0,1434200.0
hd000388,dh003266,30/08/2024,11/09/2024,510000.0,510000.0,0.0
hd000389,dh010426,30/08/2024,06/11/2024,247819000.0,39300800.0,208518200.0
HD000390,dh011786,31/08/2024,01/11/2024,45394200.0,45394200.0,0.0
HD000391,dh004316,31/08/2024,21/10/2024,273203100.0,94543000.0,178660100.0
hd000392,dh011439,31/08/2024,09/11/2024,99426000.0,61012800.0,38413200.0
hd000393,dh011772,01/09/2024,09/09/2024,2076600.0,2076600.0,0.0
hd000394,dh007114,03/09/2024,08/11/2024,187760600.0,60823700.0,126936900.0
hd000395,dh000685,31/08/2024,17/10/2024,391024500.0,164981000.0,226043500.0
hd000396,DH009594,03/09/2024,13/09/2024,2024700.0,1650400.0,374300.0
hd000397,dh010687,31/08/2024,09/09/2024,11238500.0,11238500.0,0.0
hd000398,dh008728,02/09/2024,25/10/2024,759046800.0,759046800.0,0.0
hd000399,dh010549,02/09/2024,13/09/2024,10528200.0,10528200.0,0.0
hd000400,DH002108,03/09/2024,26/11/2024,218695000.0,218695000.0,0.0
hd000401,dh000983,01/09/2024,07/11/2024,281964000.0,281964000.0,0.0
HD000402,dh011017,03/09/2024,10/09/2024,3078000.0,3078000.0,0.0
hd000403,DH900008,2024-09-01,26/10/2024,304737000.0,207079900.0,97657100.0
hd000404,dh011703,01/09/2024,28/10/2024,655463000.0,324767400.0,330695600.0
hd000405,dh002437,02/09/2024,18/11/2024,117655900.0,87171500.0,30484400.0
hd000406,dh011388,03/09/2024,10/09/2024,5033000.0,5033000.0,0.0
HD000407,dh008868,04/09/2024,2024-11-12,134230500.0,134230500.0,0.0
hd000408,dh009228,01/09/2024,31/10/2024,234641200.0,115099800.0,119541400.0
hd000409,dh003785,04/09/2024,17/09/2024,1188000.0,1188000.0,0.0
HD000410,dh009044,01/09/2024,13/09/2024,1233000.0,1233000.0,0.0
hd000411,dh003949,02/09/2024,15/09/2024,2773600.0,2773600.0,0.0
hd000412,dh002640,04/09/2024,11/11/2024,527275000.0,527275000.0,0.0
hd000413,dh005196,04/09/2024,2024-11-13,130910000.0,53389400.0,77520600.0
hd000414,dh003432,02/09/2024,16/11/2024,312093200.0,186038600.0,126054600.0
hd000415,dh003149,02/09/2024,16/09/2024,5229000.0,5229000.0,0.0
hd000416,dh008403,04/09/2024,19/11/2024,269797200.0,269797200.0,0.0
hd000417,dh007132,04/09/2024,18/09/2024,10399500.0,10399500.0,0.0
hd000418,dh004834,04/09/2024,23/11/2024,435124200.0,435124200.0,0.0
hd000419,dh002277,05/09/2024,01/12/2024,202045900.0,202045900.0,0.0
hd000420,dh007465,03/09/2024,28/10/2024,234052200.0,234052200.0,0.0
hd000421,dh007039,09/03/2024,13/09/2024,15975400.0,15975400.0,0.0
hd000422,dh002067,02/09/2024,09/12/2024,5906000.0,5906000.0,0.0
hd000423,dh002100,04/09/2024,2024-11-30,403803700.0,403803700.0,0.0
hd000424,dh010924,04/09/2024,17/09/2024,1977200.0,1977200.0,0.0
HD000425,dh010253,05/09/2024,29/10/2024,409193700.0,259631700.0,149562000.0
HD000426,dh005374,02/09/2024,30/11/2024,344835000.0,190645300.0,154189700.0
hd000427,DH008703,05/09/2024,31/10/2024,143507700.0,133408900.0,10098800.0
hd000428,dh008416,03/09/2024,11/09/2024,6229700.0,6229700.0,0.0
hd000429,dh008904,02/09/2024,14/09/2024,1234400.0,1234400.0,0.0
hd000430,dh006908,04/09/2024,21/11/2024,430882800.0,91945500.0,338937300.0
hd000431,dh003562,05/09/2024,24/11/2024,460618300.0,460618300.0,0.0
hd000432,dh008055,03/09/2024,2024-09-17,1757000.0,1757000.0,0.0
hd000433,dh001577,02/09/2024,16/09/2024,1156000.0,948200.0,207800.0
hd000434,dh008344,04/09/2024,22/10/2024,811384200.0,109638000.0,701746200.0
hd000435,dh007503,03/09/2024,13/11/2024,356058800.0,356058800.0,0.0
hd000436,dh007178,04/09/2024,21/10/2024,104225800.0,104225800.0,0.0
HD000437,,09/04/2024,13/11/2024,598883300.0,264221100.0,334662200.0
hd000438,dh010671,04/09/2024,23/11/2024,576975000.0,576975000.0,0.0
hd000439,dh007381,03/09/2024,15/09/2024,9535400.0,7337800.0,2197600.0
hd000440,dh011918,02/09/2024,13/09/2024,3918000.0,3918000.0,0.0
HD000441,dh009897,03/09/2024,13/09/2024,3313400.0,3213900.0,99500.0
hd000442,DH005927,05/09/2024,13/09/2024,5643900.0,5643900.0,0.0
hd000443,dh006333,06/09/2024,15/09/2024,6995000.0,6995000.0,0.0
hd000444,DH007977,05/09/2024,14/09/2024,10172700.0,4419100.0,5753600.0
HD000445,dh004633,06/09/2024,14/09/2024,875400.0,875400.0,0.0
HD000446,DH007558,05/09/2024,19/09/2024,7265700.0,7265700.0,0.0
hd000447,dh007124,04/09/2024,17/09/2024,3176800.0,2309200.0,867600.0
hd000448,dh003094,03/09/2024,10/09/2024,10182300.0,10182300.0,0.0
hd000449,dh007502,04/09/2024,21/11/2024,387643800.0,387643800.0,0.0
hd000450,dh003501,04/09/2024,11/09/2024,584000.0,584000.0,0.0
hd000451,dh002432,06/09/2024,14/09/2024,800200.0,800200.0,0.0
hd000452,dh011971,05/09/2024,20/11/2024,95111400.0,29826300.0,65285100.0
hd000453,dh011384,04/09/2024,13/09/2024,5164700.0,4490400.0,674300.0
hd000454,dh008859,04/09/2024,11/09/2024,577800.0,577800.0,0.0
hd000455,dh004032,05/09/2024,13/09/2024,7453400.0,7453400.0,0.0
HD000456,dh007758,05/09/2024,20/09/2024,1834000.0,1834000.0,0.0
hd000457,dh007327,06/09/2024,19/11/2024,375859200.0,184976600.0,190882600.0
HD000458,dh004122,04/09/2024,16/09/2024,584000.0,584000.0,0.0
hd000459,dh001526,05/09/2024,12/09/2024,505000.0,348700.0,156300.0
hd000460,dh008689,06/09/2024,16/09/2024,2100000.0,983100.0,1116900.0
hd000461,dh003555,04/09/2024,12/02/2024,550435800.0,550435800.0,0.0
hd000462,dh003585,04/09/2024,27/11/2024,94523100.0,87912300.0,6610800.0
hd000463,dh000561,04/09/2024,15/09/2024,1285200.0,1285200.0,0.0
HD000464,dh002328,04/09/2024,09/11/2024,492991000.0,492991000.0,0.0
hd000465,dh001494,06/09/2024,15/09/2024,5000000.0,5000000.0,0.0
hd000466,dh004238,06/09/2024,21/09/2024,547900.0,510300.0,37600.0
hd000467,DH007458,05/09/2024,29/11/2024,214877400.0,172012900.0,42864500.0
hd000468,dh000233,07/09/2024,21/09/2024,2222000.0,2222000.0,0.0
HD000469,dh010262,2024-09-05,03/12/2024,80418000.0,79589300.0,828700.0
HD000470,dh009582,07/09/2024,21/09/2024,3096000.0,3096000.0,0.0
hd000471,dh008258,04/09/2024,31/10/2024,117692200.0,117692200.0,0.0
hd000472,dh011901,06/09/2024,02/12/2024,157686500.0,144587000.0,13099500.0
hd000473,dh009707,05/09/2024,12/09/2024,427200.0,427200.0,0.0
hd000474,dh007759,04/09/2024,29/11/2024,237192000.0,80605100.0,156586900.0
hd000475,dh011658,07/09/2024,22/09/2024,2839400.0,2839400.0,0.0
hd000476,dh001617,06/09/2024,18/11/2024,427838800.0,4235500.0,423603300.0
hd000477,dh008507,08/09/2024,25/10/2024,328137400.0,328137400.0,0.0
hd000478,dh002705,07/09/2024,19/09/2024,2421600.0,1131200.0,1290400.0
hd000479,dh009380,08/09/2024,17/09/2024,7852700.0,6635400.0,1217300.0
hd000480,dh007823,06/09/2024,19/11/2024,350915200.0,303093100.0,47822100.0
hd000481,dh002265,08/09/2024,06/12/2024,174395800.0,174395800.0,0.0
hd000482,DH900005,08/09/2024,21/09/2024,4151000.0,4151000.0,0.0
hd000483,DH900000,05/09/2024,15/09/2024,5183000.0,5183000.0,0.0
hd000484,dh007118,07/09/2024,22/09/2024,5971200.0,5971200.0,0.0
hd000485,dh004062,06/09/2024,18/09/2024,2318400.0,2318400.0,0.0
hd000486,DH003878,06/09/2024,21/09/2024,2543700.0,2543700.0,0.0
HD000487,dh000725,05/09/2024,26/11/2024,814243400.0,524894100.0,289349300.0
HD000488,dh007375,06/09/2024,20/09/2024,3051400.0,3051400.0,0.0
hd000489,,07/09/2024,21/09/2024,8440800.0,8440800.0,0.0
hd000490,dh006806,08/09/2024,16/09/2024,72900.0,72900.0,0.0
hd000491,dh003464,2024-09-06,22/11/2024,349764400.0,349764400.0,0.0
hd000492,dh006932,07/09/2024,21/09/2024,173700.0,173700.0,0.0
hd000493,dh003196,08/09/2024,29/11/2024,144707500.0,48526900.0,96180600.0
hd000494,DH900001,07/09/2024,19/11/2024,301997500.0,301997500.0,0.0
hd000495,dh009586,09/09/2024,20/09/2024,3445800.0,3445800.0,0.0
hd000496,dh011858,08/09/2024,13/11/2024,56166800.0,41692500.0,14474300.0
HD000497,dh000295,06/09/2024,13/09/2024,6755700.0,695200.0,6060500.0
HD000498,dh003054,09/09/2024,18/09/2024,8588000.0,8588000.0,0.0
hd000499,dh005685,10/09/2024,18/09/2024,261400.0,207100.0,54300.0
HD000500,DH001833,08/09/2024,14/11/2024,285572200.0,285572200.0,0.0
hd000501,dh004843,10/09/2024,28/11/2024,113041300.0,113041300.0,0.0
hd000502,dh003395,09/09/2024,19/09/2024,208500.0,208500.0,0.0
HD000503,dh006081,08/09/2024,23/09/2024,7356600.0,7356600.0,0.0
hd000504,dh008995,08/09/2024,25/10/2024,532804200.0,284339500.0,248464700.0
hd000505,dh004908,10/09/2024,25/09/2024,120000.0,76300.0,43700.0
hd000506,dh010289,07/09/2024,09/11/2024,140141200.0,140141200.0,0.0
hd000507,dh000001,07/09/2024,16/11/2024,40207800.0,30145600.0,10062200.0
HD000508,dh006865,07/09/2024,17/11/2024,83384100.0,61842400.0,21541700.0
hd000509,dh003400,08/09/2024,21/09/2024,3642300.0,2680600.0,961700.0
hd000510,dh003488,09/09/2024,21/09/2024,10285000.0,10285000.0,0.0
hd000511,dh002801,08/09/2024,17/09/2024,4575000.0,4575000.0,0.0
hd000512,dh002847,10/09/2024,11/11/2024,492698300.0,363527000.0,129171300.0
hd000513,dh000612,11/09/2024,26/09/2024,12883000.0,9748300.0,3134700.0
hd000514,dh003813,09/09/2024,11/11/2024,513490000.0,513490000.0,0.0
hd000515,dh008121,09/09/2024,21/09/2024,479500.0,479500.0,0.0
hd000516,dh011077,09/09/2024,14/11/2024,541870400.0,541870400.0,0.0
HD000517,dh003078,08/09/2024,21/09/2024,10294800.0,10294800.0,0.0
HD000518,dh008818,08/09/2024,21/09/2024,11850000.0,11850000.0,0.0
hd000519,dh005711,11/09/2024,03/11/2024,513088400.0,513088400.0,0.0
hd000520,dh006144,08/09/2024,22/09/2024,460400.0,460400.0,0.0
hd000521,dh009960,10/09/2024,23/09/2024,2090000.0,2090000.0,0.0
hd000522,dh006397,11/09/2024,08/11/2024,152899200.0,152899200.0,0.0
HD000523,dh005861,08/09/2024,21/09/2024,3549000.0,3549000.0,0.0
hd000524,dh010781,08/09/2024,15/09/2024,11998800.0,11998800.0,0.0
hd000525,dh007770,11/09/2024,25/11/2024,394364200.0,394364200.0,0.0
hd000526,dh010641,12/09/2024,23/09/2024,4961000.0,4961000.0,0.0
hd000527,dh006578,10/09/2024,2024-09-22,2036700.0,2036700.0,0.0
HD000528,DH005289,10/09/2024,24/09/2024,6434500.0,6434500.0,0.0
hd000529,dh000470,12/09/2024,26/09/2024,11675400.0,11675400.0,0.0
hd000530,DH900000,11/09/2024,22/09/2024,394000.0,394000.0,0.0
hd000531,DH001815,11/09/2024,26/10/2024,325780200.0,325780200.0,0.0
HD000532,dh007023,11/09/2024,24/09/2024,828000.0,828000.0,0.0
hd000533,DH900003,09/09/2024,11/12/2024,222705800.0,73649600.0,149056200.0
hd000534,dh006888,12/09/2024,14/11/2024,196995000.0,196995000.0,0.0
HD000535,dh000134,11/09/2024,30/11/2024,311381800.0,311381800.0,0.0
hd000536,dh007176,11/09/2024,18/09/2024,3765600.0,3562200.0,203400.0
hd000537,dh005201,12/09/2024,06/11/2024,105041400.0,79559300.0,25482100.0
HD000538,dh007521,09/09/2024,21/09/2024,2546000.0,2546000.0,0.0
HD000539,DH006035,11/09/2024,18/09/2024,358200.0,358200.0,0.0
hd000540,dh003687,10/09/2024,15/11/2024,540303100.0,540303100.0,0.0
hd000541,dh001863,10/09/2024,23/09/2024,3743000.0,1234800.0,2508200.0
hd000542,dh003944,12/09/2024,23/09/2024,77900.0,60300.0,17600.0
hd000543,dh007520,09/10/2024,20/09/2024,661200.0,661200.0,0.0
hd000544,dh008338,09/09/2024,17/11/2024,473992400.0,234114400.0,239878000.0
hd000545,dh006603,11/09/2024,26/09/2024,8081800.0,8081800.0,0.0
hd000546,DH004091,12/09/2024,22/11/2024,371898900.0,231702200.0,140196700.0
hd000547,dh007872,12/09/2024,17/11/2024,647773600.0,647773600.0,0.0
hd000548,,2024-09-11,30/11/2024,272170000.0,173826500.0,98343500.0
hd000549,dh005627,13/09/2024,28/09/2024,2395800.0,2395800.0,0.0
HD000550,dh008152,11/09/2024,19/09/2024,2570100.0,2570100.0,0.0
hd000551,dh009504,13/09/2024,26/09/2024,2482000.0,2482000.0,0.0
hd000552,dh002409,11/09/2024,12/11/2024,276148400.0,274285500.0,1862900.0
hd000553,dh008216,13/09/2024,24/09/2024,174600.0,174600.0,0.0
hd000554,dh005543,13/09/2024,30/11/2024,266714100.0,34147800.0,232566300.0
hd000555,dh001598,11/09/2024,26/09/2024,11365700.0,11365700.0,0.0
hd000556,dh007720,12/09/2024,16/11/2024,277726000.0,119268000.0,158458000.0
hd000557,dh000307,13/09/2024,23/09/2024,713000.0,713000.0,0.0
HD000558,dh004140,12/09/2024,11/11/2024,381452600.0,176203700.0,205248900.0
hd000559,dh006683,12/09/2024,19/09/2024,8469600.0,8469600.0,0.0
HD000560,dh010045,13/09/2024,21/11/2024,311439900.0,149720500.0,161719400.0
hd000561,dh008432,11/09/2024,09/12/2024,106985600.0,74608700.0,32376900.0
hd000562,dh011682,14/09/2024,23/09/2024,896000.0,896000.0,0.0
hd000563,dh002341,11/09/2024,22/09/2024,298400.0,298400.0,0.0
hd000564,dh011956,11/09/2024,11/11/2024,359961300.0,18434300.0,341527000.0
hd000565,dh005736,13/09/2024,07/12/2024,225564400.0,101180700.0,124383700.0
hd000566,dh006388,11/09/2024,22/11/2024,321169600.0,321169600.0,0.0
hd000567,dh006508,12/09/2024,24/09/2024,1376000.0,1376000.0,0.0
hd000568,dh008841,11/09/2024,19/09/2024,662200.0,662200.0,0.0
hd000569,DH001263,14/09/2024,13/12/2024,172490800.0,21951200.0,150539600.0
hd000570,dh011614,11/09/2024,03/11/2024,362895000.0,362895000.0,0.0
hd000571,dh003290,13/09/2024,28/09/2024,579000.0,477200.0,101800.0
HD000572,dh011164,12/09/2024,21/09/2024,3060000.0,3060000.0,0.0
HD000573,dh005405,11/09/2024,18/11/2024,182908100.0,19404100.0,163504000.0
hd000574,DH007183,13/09/2024,25/09/2024,10104000.0,10104000.0,0.0
hd000575,dh010835,2024-09-13,23/09/2024,6636000.0,6636000.0,0.0
hd000576,dh007595,09/12/2024,20/09/2024,803400.0,803400.0,0.0
hd000577,dh002196,14/09/2024,30/11/2024,130239600.0,82980700.0,47258900.0
hd000578,dh003229,15/09/2024,29/09/2024,1584000.0,1584000.0,0.0
hd000579,dh008428,14/09/2024,11/12/2024,162487000.0,24062300.0,138424700.0
HD000580,dh010606,14/09/2024,04/12/2024,171639600.0,115523800.0,56115800.0
hd000581,dh001331,14/09/2024,13/11/2024,223553400.0,185930100.0,37623300.0
hd000582,dh007833,13/09/2024,25/09/2024,11142400.0,8188100.0,2954300.0
hd000583,dh003522,15/09/2024,27/09/2024,3566700.0,3566700.0,0.0
hd000584,DH000958,13/09/2024,26/09/2024,1530400.0,1530400.0,0.0
hd000585,dh006326,13/09/2024,23/11/2024,492807600.0,242612700.0,250194900.0
HD000586,dh011539,14/09/2024,02/11/2024,20616300.0,7182400.0,13433900.0
hd000587,dh007794,15/09/2024,24/11/2024,122698500.0,122698500.0,0.0
hd000588,dh002670,13/09/2024,25/09/2024,909000.0,909000.0,0.0
hd000589,dh009536,13/09/2024,28/09/2024,2625500.0,2625500.0,0.0
HD000590,,16/09/2024,16/11/2024,446872000.0,340232200.0,106639800.0
hd000591,dh009031,13/09/2024,23/09/2024,468000.0,468000.0,0.0
HD000592,dh007022,16/09/2024,05/12/2024,117946000.0,40679200.0,77266800.0
hd000593,dh000721,14/09/2024,24/09/2024,2166800.0,2166800.0,0.0
HD000594,dh002692,15/09/2024,07/12/2024,319874900.0,267994000.0,51880900.0
hd000595,dh010752,16/09/2024,16/11/2024,163205600.0,163205600.0,0.0
HD000596,dh008010,15/09/2024,01/11/2024,174444500.0,174444500.0,0.0
hd000597,dh009732,13/09/2024,24/09/2024,1833500.0,1833500.0,0.0
hd000598,dh008444,13/09/2024,12/12/2024,260446500.0,260446500.0,0.0
hd000599,dh001824,13/09/2024,29/10/2024,537899600.0,537899600.0,0.0
hd000600,dh003080,13/09/2024,2024-12-05,286240400.0,225724100.0,60516300.0
hd000601,dh001731,16/09/2024,23/11/2024,356002600.0,356002600.0,0.0
hd000602,DH010240,14/09/2024,21/11/2024,90203600.0,90203600.0,0.0
hd000603,dh009553,15/09/2024,30/10/2024,380288200.0,72550100.0,307738100.0
hd000604,dh009508,15/09/2024,07/11/2024,347077400.0,74321800.0,272755600.0
hd000605,,15/09/2024,24/09/2024,923000.0,923000.0,0.0
hd000606,DH003038,17/09/2024,27/09/2024,2741000.0,2741000.0,0.0
hd000607,dh011529,17/09/2024,26/09/2024,11260000.0,7945800.0,3314200.0
hd000608,dh008491,15/09/2024,26/09/2024,1691200.0,1691200.0,0.0
hd000609,dh006701,15/09/2024,08/12/2024,113267100.0,72858100.0,40409000.0
HD000610,dh000891,16/09/2024,23/11/2024,465701000.0,334919000.0,130782000.0
HD000611,,16/09/2024,08/11/2024,516253200.0,321796500.0,194456700.0
hd000612,dh000834,14/09/2024,02/12/2024,425509300.0,78231800.0,347277500.0
hd000613,dh008183,14/09/2024,30/10/2024,228528000.0,228528000.0,0.0
HD000614,dh001158,16/09/2024,12/11/2024,161354100.0,161354100.0,0.0
HD000615,dh004148,16/09/2024,28/09/2024,184400.0,184400.0,0.0
hd000616,dh002135,15/09/2024,29/09/2024,4316000.0,1849400.0,2466600.0
hd000617,DH007883,15/09/2024,25/09/2024,4928800.0,4040200.0,888600.0
hd000618,,15/09/2024,25/09/2024,3613000.0,3613000.0,0.0
hd000619,dh000365,15/09/2024,26/09/2024,306000.0,270900.0,35100.0
hd000620,dh007634,17/09/2024,05/11/2024,457287300.0,457287300.0,0.0
hd000621,dh009981,17/09/2024,25/09/2024,770000.0,770000.0,0.0
hd000622,dh001509,17/09/2024,24/09/2024,2221200.0,2221200.0,0.0
HD000623,dh011696,14/09/2024,04/12/2024,142446600.0,142446600.0,0.0
HD000624,dh009081,14/09/2024,26/09/2024,2754600.0,2754600.0,0.0
hd000625,dh005443,16/09/2024,11/12/2024,432203400.0,105454700.0,326748700.0
HD000626,dh001758,18/09/2024,27/09/2024,6950000.0,6950000.0,0.0
hd000627,dh008922,18/09/2024,02/10/2024,3119000.0,3119000.0,0.0
hd000628,dh001730,16/09/2024,29/09/2024,13335500.0,13335500.0,0.0
hd000629,dh011732,17/09/2024,24/09/2024,256000.0,256000.0,0.0
hd000630,dh008339,17/09/2024,26/09/2024,2975000.0,2975000.0,0.0
hd000631,dh001093,17/09/2024,26/09/2024,4154100.0,4154100.0,0.0
hd000632,dh004789,17/09/2024,26/09/2024,5726000.0,5726000.0,0.0
HD000633,dh002226,15/09/2024,28/11/2024,133275800.0,127736500.0,5539300.0
hd000634,dh009154,17/09/2024,2024-11-30,232564000.0,232564000.0,0.0
hd000635,dh000845,15/09/2024,26/09/2024,2210000.0,2210000.0,0.0
hd000636,dh011265,17/09/2024,24/09/2024,945000.0,945000.0,0.0
hd000637,dh003711,16/09/2024,24/09/2024,9810400.0,9810400.0,0.0
hd000638,dh008934,17/09/2024,30/09/2024,4629500.0,4629500.0,0.0
HD000639,dh010954,16/09/2024,14/11/2024,302213000.0,143395200.0,158817800.0
hd000640,DH003528,15/09/2024,29/09/2024,6980800.0,6980800.0,0.0
hd000641,dh001648,17/09/2024,01/10/2024,1782000.0,1629100.0,152900.0
hd000642,dh007462,15/09/2024,24/11/2024,232741800.0,164097600.0,68644200.0
HD000643,dh009179,17/09/2024,22/11/2024,241384000.0,241384000.0,0.0
HD000644,dh002556,17/09/2024,09/11/2024,166000400.0,69507200.0,96493200.0
hd000645,DH002225,16/09/2024,10/12/2024,168688000.0,109276500.0,59411500.0
hd000646,dh011697,15/09/2024,22/09/2024,309400.0,309400.0,0.0
HD000647,dh006277,09/16/2024,25/09/2024,2315200.0,2315200.0,0.0
hd000648,dh004987,18/09/2024,25/11/2024,433862600.0,433862600.0,0.0
HD000649,dh006924,17/09/2024,01/10/2024,296400.0,296400.0,0.0
hd000650,dh005283,18/09/2024,27/09/2024,1558400.0,1558400.0,0.0
hd000651,dh007058,19/09/2024,28/09/2024,2667000.0,2667000.0,0.0
hd000652,dh000050,16/09/2024,23/09/2024,4812800.0,4812800.0,0.0
hd000653,dh010764,17/09/2024,22/11/2024,525661000.0,525661000.0,0.0
HD000654,dh004129,19/09/2024,04/10/2024,1764000.0,1723700.0,40300.0
hd000655,dh000523,16/09/2024,01/10/2024,984800.0,984800.0,0.0
hd000656,dh011234,19/09/2024,01/12/2024,584483000.0,274435100.0,310047900.0
hd000657,dh001206,17/09/2024,22/11/2024,329646100.0,222833700.0,106812400.0
hd000658,dh000929,16/09/2024,11/11/2024,471234000.0,395034700.0,76199300.0
hd000659,dh009222,18/09/2024,03/11/2024,720981600.0,720981600.0,0.0
hd000660,dh002218,20/09/2024,04/10/2024,1930000.0,1930000.0,0.0
hd000661,dh001359,20/09/2024,29/09/2024,8550000.0,8550000.0,0.0
HD000662,dh000004,18/09/2024,30/09/2024,2373300.0,2373300.0,0.0
hd000663,dh011274,18/09/2024,17/11/2024,367802100.0,201984700.0,165817400.0
hd000664,dh008513,19/09/2024,27/09/2024,1077900.0,1077900.0,0.0
hd000665,,17/09/2024,28/09/2024,1932400.0,1932400.0,0.0
hd000666,dh011333,18/09/2024,29/09/2024,2901000.0,2901000.0,0.0
HD000667,dh003968,18/09/2024,03/10/2024,128000.0,128000.0,0.0
HD000668,dh011085,19/09/2024,11/11/2024,65318200.0,65318200.0,0.0
HD000669,dh004321,18/09/2024,27/09/2024,2449700.0,2449700.0,0.0
hd000670,dh009701,17/09/2024,26/09/2024,6158500.0,6158500.0,0.0
hd000671,dh000249,20/09/2024,29/09/2024,294000.0,294000.0,0.0
HD000672,dh011088,19/09/2024,28/09/2024,5124700.0,26600.0,5098100.0
HD000673,DH002884,17/09/2024,24/11/2024,169567000.0,169567000.0,0.0
hd000674,dh006252,17/09/2024,24/09/2024,912600.0,912600.0,0.0
hd000675,dh001892,20/09/2024,05/10/2024,9953500.0,8552300.0,1401200.0
hd000676,dh010167,20/09/2024,03/12/2024,126075000.0,101409300.0,24665700.0
hd000677,dh007867,19/09/2024,30/09/2024,185200.0,185200.0,0.0
hd000678,dh010365,19/09/2024,26/09/2024,324000.0,114900.0,209100.0
hd000679,dh003536,21/09/2024,22/11/2024,98118600.0,41323500.0,56795100.0
hd000680,dh000268,19/09/2024,24/11/2024,86904000.0,71417600.0,15486400.0
HD000681,dh011404,18/09/2024,10/03/2024,421200.0,421200.0,0.0
HD000682,dh003160,09/19/2024,11/12/2024,326314200.0,229208300.0,97105900.0
HD000683,dh002040,18/09/2024,26/09/2024,2924300.0,2924300.0,0.0
HD000684,dh006698,19/09/2024,18/12/2024,404719000.0,96734400.0,307984600.0
HD000685,,19/09/2024,11/11/2024,123627500.0,49072500.0,74555000.0
hd000686,dh006499,19/09/2024,24/11/2024,264596400.0,175754200.0,88842200.0
hd000687,dh011433,21/09/2024,04/10/2024,588000.0,588000.0,0.0
hd000688,dh010027,20/09/2024,04/12/2024,191626200.0,191626200.0,0.0
hd000689,dh000204,19/09/2024,26/09/2024,2329400.0,2329400.0,0.0
hd000690,dh001912,21/09/2024,10/12/2024,247614900.0,191677500.0,55937400.0
hd000691,dh003909,21/09/2024,06/10/2024,3174000.0,3174000.0,0.0
hd000692,dh005409,20/09/2024,11/12/2024,450406400.0,450406400.0,0.0
hd000693,DH900004,18/09/2024,01/10/2024,2142000.0,2142000.0,0.0
HD000694,dh008435,21/09/2024,06/10/2024,230200.0,230200.0,0.0
HD000695,dh003052,19/09/2024,28/09/2024,2422600.0,1850400.0,572200.0
hd000696,dh011311,20/09/2024,17/12/2024,227652500.0,227652500.0,0.0
hd000697,DH008259,20/09/2024,03/10/2024,4308800.0,3115700.0,1193100.0
hd000698,,22/09/2024,13/11/2024,426169300.0,356732800.0,69436500.0
HD000699,dh010585,22/09/2024,09/11/2024,378659000.0,378659000.0,0.0
hd000700,dh003151,22/09/2024,05/10/2024,1323000.0,1323000.0,0.0
hd000701,,19/09/2024,24/11/2024,145369500.0,20905800.0,124463700.0
HD000702,dh004745,21/09/2024,30/09/2024,590000.0,590000.0,0.0
hd000703,dh004245,22/09/2024,18/12/2024,306977100.0,229892300.0,77084800.0
HD000704,dh003261,20/09/2024,02/10/2024,153900.0,51600.0,102300.0
hd000705,DH900002,20/09/2024,02/10/2024,1862400.0,1862400.0,0.0
hd000706,dh010318,20/09/2024,23/11/2024,197186000.0,42645900.0,154540100.0
HD000707,dh010841,22/09/2024,11/11/2024,99548400.0,99548400.0,0.0
hd000708,dh005513,19/09/2024,03/10/2024,1023400.0,1023400.0,0.0
hd000709,DH000990,22/09/2024,30/09/2024,4410400.0,4410400.0,0.0
hd000710,dh009010,23/09/2024,29/11/2024,555438500.0,555438500.0,0.0
hd000711,dh011912,21/09/2024,20/11/2024,255924800.0,255924800.0,0.0
hd000712,dh008171,2024-09-22,23/11/2024,112559800.0,112559800.0,0.0
hd000713,dh001187,21/09/2024,01/10/2024,531800.0,531800.0,0.0
hd000714,dh002544,22/09/2024,07/10/2024,2380000.0,2380000.0,0.0
hd000715,dh002758,22/09/2024,02/10/2024,3767000.0,3767000.0,0.0
hd000716,,20/09/2024,28/09/2024,6663300.0,6663300.0,0.0
hd000717,dh005434,20/09/2024,04/10/2024,5964000.0,5964000.0,0.0
hd000718,dh000656,20/09/2024,17/12/2024,1005713800.0,36209500.0,969504300.0
hd000719,dh008203,21/09/2024,28/09/2024,4543500.0,4543500.0,0.0
hd000720,dh007021,21/09/2024,10/05/2024,424600.0,424600.0,0.0
HD000721,dh002766,24/09/2024,13/12/2024,300599900.0,220729300.0,79870600.0
hd000722,dh000357,23/09/2024,30/09/2024,410400.0,410400.0,0.0
hd000723,dh010031,23/09/2024,06/10/2024,2475000.0,2475000.0,0.0
hd000724,dh003700,21/09/2024,30/09/2024,13092600.0,13092600.0,0.0
hd000725,dh001448,21/09/2024,13/12/2024,466423600.0,118862200.0,347561400.0
hd000726,dh005475,24/09/2024,09/10/2024,2331000.0,2331000.0,0.0
HD000727,dh003439,24/09/2024,15/11/2024,365109500.0,365109500.0,0.0
HD000728,dh004113,24/09/2024,29/11/2024,367222500.0,13156400.0,354066100.0
hd000729,dh002653,23/09/2024,30/09/2024,6266200.0,6266200.0,0.0
hd000730,dh004227,22/09/2024,29/11/2024,184892000.0,163011100.0,21880900.0
hd000731,dh002661,23/09/2024,03/10/2024,4403700.0,4403700.0,0.0
hd000732,dh009361,21/09/2024,2024-12-16,88161200.0,88161200.0,0.0
hd000733,dh010303,24/09/2024,21/12/2024,127845800.0,127845800.0,0.0
hd000734,dh007432,24/09/2024,03/10/2024,104000.0,104000.0,0.0
hd000735,dh001794,22/09/2024,25/11/2024,440667000.0,440667000.0,0.0
HD000736,dh006182,25/09/2024,09/10/2024,1139000.0,1139000.0,0.0
hd000737,dh001257,24/09/2024,28/11/2024,121675700.0,24024200.0,97651500.0
HD000738,dh004909,22/09/2024,01/12/2024,337016900.0,209855000.0,127161900.0
hd000739,dh008112,24/09/2024,02/10/2024,2028000.0,2028000.0,0.0
hd000740,dh003717,23/09/2024,30/09/2024,1785000.0,1785000.0,0.0
hd000741,dh002873,25/09/2024,04/12/2024,156216800.0,153532000.0,2684800.0
hd000742,dh010446,22/09/2024,2024-12-05,277024200.0,277024200.0,0.0
HD000743,dh005851,23/09/2024,02/10/2024,870400.0,373600.0,496800.0
HD000744,dh011010,23/09/2024,06/10/2024,802800.0,98600.0,704200.0
hd000745,dh002829,24/09/2024,01/12/2024,104391600.0,104391600.0,0.0
HD000746,DH004824,23/09/2024,30/09/2024,4849500.0,4849500.0,0.0
HD000747,dh006992,22/09/2024,03/10/2024,360000.0,332500.0,27500.0
hd000748,dh011365,22/09/2024,25/11/2024,660668400.0,311738900.0,348929500.0
hd000749,dh003209,23/09/2024,15/11/2024,378785000.0,371739000.0,7046000.0
hd000750,dh011611,25/09/2024,15/11/2024,119845800.0,119845800.0,0.0
hd000751,dh007255,23/09/2024,01/10/2024,7429000.0,7429000.0,0.0
hd000752,dh003408,26/09/2024,03/10/2024,1935200.0,1888300.0,46900.0
hd000753,dh003397,24/09/2024,10/07/2024,2785500.0,2785500.0,0.0
hd000754,dh010398,2024-09-24,16/11/2024,227737200.0,105813800.0,121923400.0
hd000755,dh007804,2024-09-23,03/12/2024,234973700.0,234973700.0,0.0
hd000756,dh000496,26/09/2024,04/10/2024,5131400.0,4858700.0,272700.0
hd000757,dh006941,25/09/2024,26/11/2024,549718500.0,373807400.0,175911100.0
hd000758,dh001522,24/09/2024,02/10/2024,6786000.0,6786000.0,0.0
hd000759,dh007418,26/09/2024,07/10/2024,934200.0,934200.0,0.0
hd000760,dh011368,26/09/2024,04/10/2024,2078400.0,2078400.0,0.0
hd000761,dh000482,26/09/2024,10/10/2024,15142000.0,15142000.0,0.0
hd000762,dh009765,26/09/2024,09/10/2024,1083300.0,1083300.0,0.0
hd000763,dh005582,27/09/2024,12/05/2024,388897000.0,388897000.0,0.0
HD000764,dh007674,24/09/2024,04/12/2024,296571800.0,296571800.0,0.0
HD000765,DH003919,26/09/2024,10/10/2024,5140800.0,5140800.0,0.0
hd000766,dh003175,27/09/2024,30/11/2024,91974600.0,71471800.0,20502800.0
hd000767,DH000084,25/09/2024,09/11/2024,369246400.0,318851100.0,50395300.0
hd000768,dh007365,27/09/2024,04/10/2024,1331100.0,1331100.0,0.0
hd000769,dh008404,25/09/2024,15/11/2024,151883000.0,107381500.0,44501500.0
HD000770,dh004636,26/09/2024,06/10/2024,1368000.0,1368000.0,0.0
HD000771,DH900003,26/09/2024,12/11/2024,167380400.0,167380400.0,0.0
hd000772,dh005301,24/09/2024,08/11/2024,980817000.0,980817000.0,0.0
hd000773,dh005025,27/09/2024,12/10/2024,2371600.0,2371600.0,0.0
hd000774,dh006167,25/09/2024,07/10/2024,925400.0,925400.0,0.0
HD000775,dh011162,25/09/2024,11/11/2024,494947800.0,448017100.0,46930700.0
hd000776,DH900009,27/09/2024,11/12/2024,353305400.0,353305400.0,0.0
HD000777,dh011019,26/09/2024,25/11/2024,449262600.0,221471700.0,227790900.0
HD000778,dh011769,27/09/2024,19/11/2024,831431500.0,831431500.0,0.0
HD000779,dh002240,25/09/2024,07/10/2024,287300.0,287300.0,0.0
hd000780,DH010519,28/09/2024,10/06/2024,442300.0,442300.0,0.0
hd000781,DH004058,28/09/2024,11/10/2024,5070600.0,5070600.0,0.0
hd000782,dh001676,26/09/2024,25/12/2024,390710300.0,227336400.0,163373900.0
hd000783,dh006139,27/09/2024,15/12/2024,397024500.0,97428100.0,299596400.0
HD000784,dh000144,28/09/2024,11/10/2024,1311700.0,1298800.0,12900.0
HD000785,dh009291,26/09/2024,24/11/2024,16236400.0,11755700.0,4480700.0
HD000786,dh001890,26/09/2024,07/10/2024,518700.0,518700.0,0.0
hd000787,DH900002,28/09/2024,10/10/2024,1241100.0,1241100.0,0.0
HD000788,dh004264,27/09/2024,2024-12-26,102094100.0,102094100.0,0.0
hd000789,dh008966,27/09/2024,12/05/2024,231671600.0,29061300.0,202610300.0
hd000790,dh005517,27/09/2024,05/10/2024,5499000.0,3555700.0,1943300.0
HD000791,dh011340,27/09/2024,10/10/2024,3102500.0,3102500.0,0.0
hd000792,dh001022,27/09/2024,06/12/2024,292741600.0,292741600.0,0.0
hd000793,dh009089,28/09/2024,23/11/2024,603692000.0,299405600.0,304286400.0
hd000794,dh001695,25/09/2024,27/11/2024,195887600.0,195887600.0,0.0
hd000795,dh006254,29/09/2024,16/12/2024,110542500.0,110542500.0,0.0
hd000796,dh011058,26/09/2024,11/10/2024,148200.0,148200.0,0.0
hd000797,dh001624,27/09/2024,11/12/2024,113945000.0,113945000.0,0.0
hd000798,dh010757,29/09/2024,13/10/2024,4720500.0,4720500.0,0.0
HD000799,dh008669,26/09/2024,14/11/2024,386030100.0,85369000.0,300661100.0
hd000800,dh006588,29/09/2024,07/10/2024,11253200.0,11253200.0,0.0
HD000801,dh006659,26/09/2024,08/10/2024,2620800.0,1578500.0,1042300.0
hd000802,DH900005,28/09/2024,09/10/2024,6077000.0,3191700.0,2885300.0
hd000803,dh011602,28/09/2024,10/10/2024,1617000.0,1617000.0,0.0
hd000804,dh004435,27/09/2024,23/12/2024,240550000.0,44957800.0,195592200.0
hd000805,dh002497,28/09/2024,17/11/2024,50950000.0,39562300.0,11387700.0
HD000806,dh009547,27/09/2024,07/10/2024,388700.0,388700.0,0.0
HD000807,dh001374,29/09/2024,06/10/2024,2846400.0,2846400.0,0.0
HD000808,dh007083,26/09/2024,22/12/2024,371934400.0,367757200.0,4177200.0
hd000809,dh007210,29/09/2024,10/10/2024,1762200.0,1762200.0,0.0
hd000810,dh003580,27/09/2024,07/12/2024,984090200.0,808085300.0,176004900.0
hd000811,dh006193,28/09/2024,08/10/2024,259000.0,259000.0,0.0
hd000812,dh004941,27/09/2024,06/10/2024,368500.0,368500.0,0.0
hd000813,dh002804,29/09/2024,13/10/2024,2580000.0,2580000.0,0.0
hd000814,dh008409,28/09/2024,06/12/2024,108093200.0,71021400.0,37071800.0
hd000815,dh005303,28/09/2024,05/12/2024,206292200.0,87172200.0,119120000.0
hd000816,dh003410,28/09/2024,2024-10-13,2531000.0,2531000.0,0.0
hd000817,dh005535,29/09/2024,13/12/2024,55200400.0,55200400.0,0.0
HD000818,DH900008,28/09/2024,12/12/2024,190868400.0,120212800.0,70655600.0
hd000819,dh005735,27/09/2024,12/10/2024,1530900.0,1530900.0,0.0
hd000820,dh009227,29/09/2024,08/10/2024,4390200.0,226200.0,4164000.0
hd000821,dh003230,28/09/2024,06/10/2024,5134000.0,5134000.0,0.0
HD000822,dh009955,27/09/2024,09/10/2024,16753200.0,16753200.0,0.0
hd000823,dh005143,28/09/2024,06/10/2024,1370000.0,903300.0,466700.0
HD000824,dh004036,01/10/2024,22/11/2024,239738400.0,163648900.0,76089500.0
hd000825,dh005548,01/10/2024,10/10/2024,4222000.0,4222000.0,0.0
hd000826,dh011263,29/09/2024,06/10/2024,1852000.0,1852000.0,0.0
hd000827,dh006742,30/09/2024,10/10/2024,124200.0,124200.0,0.0
hd000828,dh007892,30/09/2024,08/10/2024,1379400.0,1379400.0,0.0
hd000829,dh000672,29/09/2024,15/12/2024,211819200.0,173257600.0,38561600.0
hd000830,dh009181,29/09/2024,23/11/2024,173204400.0,55004000.0,118200400.0
hd000831,dh009254,28/09/2024,29/11/2024,426918400.0,341433500.0,85484900.0
hd000832,dh008802,01/10/2024,10/15/2024,767600.0,767600.0,0.0
hd000833,dh007542,01/10/2024,2024-10-10,1688200.0,1688200.0,0.0
hd000834,dh005617,28/09/2024,22/12/2024,475992000.0,297958300.0,178033700.0
hd000835,dh010793,01/10/2024,22/12/2024,425128000.0,425128000.0,0.0
HD000836,dh011517,28/09/2024,2024-10-07,2937800.0,2937800.0,0.0
hd000837,dh002233,02/10/2024,08/12/2024,441143000.0,226252900.0,214890100.0
hd000838,dh003926,02/10/2024,16/11/2024,432246400.0,432246400.0,0.0
hd000839,dh005350,01/10/2024,23/12/2024,120497400.0,120497400.0,0.0
hd000840,dh005647,01/10/2024,25/12/2024,591409900.0,591409900.0,0.0
hd000841,dh002363,29/09/2024,10/12/2024,408486400.0,348294200.0,60192200.0
hd000842,DH005167,01/10/2024,15/11/2024,242144000.0,79615200.0,162528800.0
hd000843,dh003729,30/09/2024,08/10/2024,164000.0,60400.0,103600.0
hd000844,DH004240,02/10/2024,14/10/2024,4460000.0,4460000.0,0.0
hd000845,dh002305,02/10/2024,23/11/2024,249528400.0,249528400.0,0.0
HD000846,dh001737,01/10/2024,11/10/2024,1052000.0,1052000.0,0.0
hd000847,dh005251,29/09/2024,07/10/2024,1863000.0,1863000.0,0.0
hd000848,dh008948,02/10/2024,16/10/2024,1971000.0,1971000.0,0.0
hd000849,dh003796,01/10/2024,10/10/2024,231200.0,231200.0,0.0
HD000850,dh002407,29/09/2024,08/10/2024,2316600.0,2316600.0,0.0
hd000851,DH002522,29/09/2024,05/12/2024,233843600.0,233843600.0,0.0
hd000852,dh001468,01/10/2024,21/12/2024,45743000.0,45743000.0,0.0
hd000853,dh000512,01/10/2024,18/11/2024,109204800.0,109204800.0,0.0
HD000854,dh007466,01/10/2024,13/10/2024,8267500.0,8267500.0,0.0
hd000855,dh003142,30/09/2024,11/10/2024,280200.0,280200.0,0.0
hd000856,dh005231,30/09/2024,10/11/2024,922000.0,922000.0,0.0
hd000857,dh010602,03/10/2024,10/12/2024,480786500.0,480786500.0,0.0
HD000858,dh002818,01/10/2024,13/10/2024,1525000.0,1525000.0,0.0
HD000859,dh008772,30/09/2024,11/10/2024,1720800.0,1720800.0,0.0
hd000860,dh007973,30/09/2024,09/10/2024,2074000.0,2074000.0,0.0
HD000861,dh001541,30/09/2024,19/11/2024,809883800.0,809883800.0,0.0
hd000862,dh009756,02/10/2024,25/12/2024,826666800.0,826666800.0,0.0
HD000863,dh005784,01/10/2024,23/12/2024,302077000.0,302077000.0,0.0
HD000864,dh008935,01/10/2024,16/10/2024,5241200.0,5241200.0,0.0
HD000865,dh009060,2024-10-03,11/10/2024,545000.0,545000.0,0.0
hd000866,dh001733,03/10/2024,12/10/2024,1188600.0,1188600.0,0.0
HD000867,dh004937,30/09/2024,04/12/2024,198372000.0,186390800.0,11981200.0
hd000868,dh000047,02/10/2024,10/10/2024,1412100.0,1412100.0,0.0
HD000869,,03/10/2024,10/10/2024,7032000.0,7032000.0,0.0
HD000870,dh009190,04/10/2024,25/11/2024,204442000.0,181614300.0,22827700.0
HD000871,dh010515,02/10/2024,16/10/2024,8533200.0,8533200.0,0.0
hd000872,dh009198,02/10/2024,11/12/2024,534710800.0,534710800.0,0.0
hd000873,DH011989,01/10/2024,16/10/2024,7837000.0,7837000.0,0.0
hd000874,dh000814,02/10/2024,31/12/2024,500774600.0,500774600.0,0.0
hd000875,dh006787,01/10/2024,15/12/2024,642371500.0,642371500.0,0.0
hd000876,dh006014,01/10/2024,17/11/2024,24259900.0,124600.0,24135300.0
hd000877,dh005933,01/10/2024,13/10/2024,448000.0,448000.0,0.0
HD000878,dh009527,02/10/2024,09/10/2024,12348600.0,12348600.0,0.0
hd000879,dh006015,02/10/2024,13/10/2024,952000.0,388600.0,563400.0
hd000880,dh007946,01/10/2024,13/10/2024,578000.0,578000.0,0.0
HD000881,dh011402,04/10/2024,21/12/2024,101477700.0,67293400.0,34184300.0
hd000882,dh000807,02/10/2024,11/10/2024,408000.0,408000.0,0.0
hd000883,dh006942,04/10/2024,14/10/2024,1025100.0,1025100.0,0.0
hd000884,dh004904,01/10/2024,11/30/2024,192103300.0,93172900.0,98930400.0
hd000885,dh006207,02/10/2024,02/12/2024,147797100.0,147797100.0,0.0
hd000886,dh006045,03/10/2024,15/10/2024,1093000.0,1093000.0,0.0
HD000887,dh010710,04/10/2024,20/12/2024,301139000.0,301139000.0,0.0
HD000888,DH004634,04/10/2024,19/10/2024,2654000.0,2654000.0,0.0
hd000889,dh011358,04/10/2024,28/11/2024,116018500.0,116018500.0,0.0
HD000890,,02/10/2024,10/10/2024,1196800.0,1196800.0,0.0
hd000891,dh004154,02/10/2024,13/10/2024,1940800.0,1940800.0,0.0
hd000892,dh004309,02/10/2024,23/12/2024,75493600.0,75493600.0,0.0
hd000893,,04/10/2024,14/12/2024,176809100.0,117375200.0,59433900.0
hd000894,dh011261,03/10/2024,18/10/2024,4662400.0,4662400.0,0.0
HD000895,dh006408,03/10/2024,13/10/2024,1727200.0,1403800.0,323400.0
hd000896,DH002846,05/10/2024,12/10/2024,3333100.0,3333100.0,0.0
hd000897,dh002294,02/10/2024,12/10/2024,1543000.0,1042300.0,500700.0
HD000898,dh002246,03/10/2024,12/10/2024,1041600.0,1041600.0,0.0
hd000899,dh008704,03/10/2024,13/10/2024,3730400.0,3730400.0,0.0
hd000900,dh011964,02/10/2024,15/10/2024,4314000.0,3123200.0,1190800.0
hd000901,dh002414,03/10/2024,19/11/2024,373276600.0,162837300.0,210439300.0
hd000902,DH900002,06/10/2024,13/10/2024,6701400.0,6701400.0,0.0
hd000903,dh005565,06/10/2024,01/12/2024,267948300.0,171675900.0,96272400.0
hd000904,dh001811,03/10/2024,18/10/2024,1056000.0,1056000.0,0.0
hd000905,dh006146,06/10/2024,02/12/2024,350692400.0,73729700.0,276962700.0
hd000906,dh007309,06/10/2024,13/12/2024,464511000.0,220242400.0,244268600.0
HD000907,dh011524,2024-10-05,17/12/2024,476679500.0,164710600.0,311968900.0
hd000908,dh000179,05/10/2024,04/12/2024,143488200.0,143488200.0,0.0
hd000909,DH004765,06/10/2024,21/12/2024,349166300.0,349166300.0,0.0
hd000910,dh007323,03/10/2024,15/12/2024,807720400.0,807720400.0,0.0
hd000911,dh011837,04/10/2024,12/10/2024,14219100.0,14219100.0,0.0
hd000912,dh009913,06/10/2024,17/12/2024,186451500.0,18996500.0,167455000.0
hd000913,dh001525,2024-10-05,12/10/2024,3564000.0,3564000.0,0.0
hd000914,dh005549,05/10/2024,23/12/2024,628363000.0,336175300.0,292187700.0
HD000915,DH004386,04/10/2024,11/10/2024,410400.0,410400.0,0.0
hd000916,dh001273,05/10/2024,20/10/2024,4641000.0,4641000.0,0.0
HD000917,dh006400,06/10/2024,10/13/2024,1254000.0,1254000.0,0.0
hd000918,,05/10/2024,10/12/2024,746838900.0,237888600.0,508950300.0
hd000919,dh001803,05/10/2024,19/12/2024,308912400.0,106353400.0,202559000.0
HD000920,dh004375,07/10/2024,19/10/2024,510000.0,510000.0,0.0
HD000921,dh005725,05/10/2024,17/10/2024,18267000.0,18267000.0,0.0
hd000922,dh003111,05/10/2024,27/11/2024,242222700.0,194434900.0,47787800.0
hd000923,dh008856,05/10/2024,25/11/2024,288202200.0,288202200.0,0.0
HD000924,dh009462,05/10/2024,12/31/2024,60798000.0,5657000.0,55141000.0
hd000925,dh005014,07/10/2024,05/01/2025,399555900.0,176802700.0,222753200.0
HD000926,dh010269,05/10/2024,30/11/2024,370821200.0,370821200.0,0.0
HD000927,dh005577,05/10/2024,17/10/2024,3661800.0,3661800.0,0.0
HD000928,dh002393,08/10/2024,01/12/2024,36975300.0,36975300.0,0.0
hd000929,,08/10/2024,13/12/2024,76685800.0,56070300.0,20615500.0
HD000930,dh001097,2024-10-07,19/10/2024,3734200.0,3734200.0,0.0
hd000931,dh010916,08/10/2024,16/10/2024,289000.0,289000.0,0.0
hd000932,dh005599,05/10/2024,14/10/2024,4759000.0,3047100.0,1711900.0
hd000933,dh002925,08/10/2024,15/12/2024,617547300.0,559519400.0,58027900.0
hd000934,dh001458,07/10/2024,28/11/2024,606178000.0,24173900.0,582004100.0
hd000935,dh004367,09/10/2024,28/11/2024,204589500.0,204589500.0,0.0
HD000936,DH006409,08/10/2024,12/12/2024,380812400.0,158401800.0,222410600.0
HD000937,dh008228,08/10/2024,25/12/2024,214886100.0,78916700.0,135969400.0
hd000938,dh002510,08/10/2024,25/11/2024,180838800.0,180838800.0,0.0
HD000939,dh006113,09/10/2024,2024-12-21,614452200.0,614452200.0,0.0
hd000940,dh002694,08/10/2024,26/11/2024,172834100.0,62095200.0,110738900.0
hd000941,dh008635,09/10/2024,22/10/2024,558900.0,558900.0,0.0
hd000942,dh009989,07/10/2024,19/10/2024,494600.0,494600.0,0.0
hd000943,dh010631,2024-10-09,21/10/2024,3319000.0,2097700.0,1221300.0
HD000944,DH900009,06/10/2024,20/11/2024,222995600.0,222995600.0,0.0
hd000945,dh003043,07/10/2024,20/10/2024,516000.0,516000.0,0.0
hd000946,dh002861,09/10/2024,22/10/2024,1778000.0,1778000.0,0.0
hd000947,dh009585,09/10/2024,21/10/2024,1141200.0,1141200.0,0.0
hd000948,dh005504,07/10/2024,15/10/2024,2114800.0,2114800.0,0.0
HD000949,dh004078,08/10/2024,24/11/2024,189135600.0,128141500.0,60994100.0
hd000950,dh006199,07/10/2024,24/11/2024,56534000.0,24872900.0,31661100.0
hd000951,dh001026,09/10/2024,19/10/2024,234600.0,234600.0,0.0
HD000952,dh005437,08/10/2024,24/12/2024,153270800.0,115314300.0,37956500.0
HD000953,DH008981,07/10/2024,22/10/2024,3557700.0,3557700.0,0.0
hd000954,dh007925,08/10/2024,18/10/2024,1004000.0,1004000.0,0.0
hd000955,dh005659,09/10/2024,2024-10-23,2872800.0,2872800.0,0.0
hd000956,dh000494,09/10/2024,24/10/2024,1952800.0,767900.0,1184900.0
hd000957,DH010717,08/10/2024,22/10/2024,1585800.0,1585800.0,0.0
hd000958,dh005828,08/10/2024,29/12/2024,186288400.0,186288400.0,0.0
hd000959,DH008092,10/10/2024,18/10/2024,1399000.0,1399000.0,0.0
hd000960,dh000226,09/10/2024,16/10/2024,481200.0,481200.0,0.0
hd000961,dh007202,08/10/2024,12/25/2024,289894600.0,289894600.0,0.0
hd000962,dh000587,08/10/2024,20/12/2024,237762800.0,86890300.0,150872500.0
hd000963,dh011766,10/10/2024,18/10/2024,7195000.0,5608700.0,1586300.0
hd000964,dh002806,10/10/2024,21/10/2024,1740000.0,1740000.0,0.0
hd000965,dh009621,11/10/2024,23/10/2024,2440000.0,2440000.0,0.0
hd000966,dh007678,08/10/2024,12/12/2024,128200400.0,52135800.0,76064600.0
hd000967,dh003825,08/10/2024,12/18/2024,163891800.0,163891800.0,0.0
hd000968,DH002992,08/10/2024,21/10/2024,7557500.0,7557500.0,0.0
HD000969,DH002334,08/10/2024,01/01/2025,157047800.0,157047800.0,0.0
hd000970,DH900000,08/10/2024,06/01/2025,157077000.0,157077000.0,0.0
hd000971,dh007242,10/10/2024,04/12/2024,191829600.0,191829600.0,0.0
HD000972,dh008586,08/10/2024,01/01/2025,474674600.0,375016100.0,99658500.0
hd000973,dh005579,08/10/2024,21/10/2024,8640000.0,8640000.0,0.0
HD000974,dh000835,10/10/2024,11/12/2024,260724700.0,86618100.0,174106600.0
hd000975,dh010170,08/10/2024,16/10/2024,102600.0,102600.0,0.0
hd000976,dh005839,10/10/2024,19/10/2024,2829000.0,2829000.0,0.0
hd000977,dh007889,11/10/2024,26/10/2024,3134700.0,3134700.0,0.0
hd000978,dh008943,10/10/2024,20/10/2024,2116800.0,1145700.0,971100.0
hd000979,dh003141,11/10/2024,08/12/2024,462938000.0,444350100.0,18587900.0
hd000980,dh004680,10/10/2024,18/10/2024,903600.0,903600.0,0.0
hd000981,dh011779,09/10/2024,14/12/2024,305589000.0,305589000.0,0.0
HD000982,DH900006,09/10/2024,17/10/2024,6087000.0,6087000.0,0.0
hd000983,DH005032,09/10/2024,23/12/2024,100417600.0,100417600.0,0.0
hd000984,dh011480,09/10/2024,01/01/2025,480892200.0,361547400.0,119344800.0
hd000985,dh006351,11/10/2024,21/10/2024,761600.0,761600.0,0.0
hd000986,DH011978,11/10/2024,23/10/2024,4392000.0,3398600.0,993400.0
hd000987,dh011496,11/10/2024,22/12/2024,138077600.0,138077600.0,0.0
hd000988,dh006389,12/10/2024,22/10/2024,1527900.0,1527900.0,0.0
hd000989,DH011648,09/10/2024,22/10/2024,3417000.0,3417000.0,0.0
hd000990,dh002075,09/10/2024,21/10/2024,1020000.0,1020000.0,0.0
hd000991,dh008562,10/10/2024,24/10/2024,748000.0,405000.0,343000.0
hd000992,dh007121,09/10/2024,23/10/2024,2502300.0,2502300.0,0.0
hd000993,dh009754,11/10/2024,09/01/2025,411455400.0,301131000.0,110324400.0
hd000994,dh004324,12/10/2024,25/10/2024,2514300.0,2514300.0,0.0
hd000995,,12/10/2024,05/12/2024,49060700.0,8552200.0,40508500.0
hd000996,,11/10/2024,26/10/2024,2348400.0,2348400.0,0.0
hd000997,dh006801,10/10/2024,23/10/2024,2168000.0,2168000.0,0.0
hd000998,dh008102,12/10/2024,25/12/2024,427508200.0,427508200.0,0.0
hd000999,dh008854,12/10/2024,10/20/2024,1688400.0,1688400.0,0.0
HD001000,dh010315,12/10/2024,25/10/2024,1275000.0,1275000.0,0.0
hd001001,dh010231,12/10/2024,28/12/2024,479752100.0,374208500.0,105543600.0
hd001002,dh009136,11/10/2024,20/10/2024,2322200.0,2322200.0,0.0
hd001003,dh004977,13/10/2024,06/12/2024,199483800.0,38077900.0,161405900.0
hd001004,dh009852,10/10/2024,30/11/2024,680326000.0,636889200.0,43436800.0
HD001005,dh003476,11/10/2024,06/01/2025,499854000.0,364643100.0,135210900.0
hd001006,dh008951,10/10/2024,24/12/2024,418640000.0,418640000.0,0.0
hd001007,,11/10/2024,28/11/2024,680344000.0,60550800.0,619793200.0
hd001008,dh003964,11/10/2024,25/10/2024,1562000.0,1562000.0,0.0
HD001009,dh010058,14/10/2024,26/10/2024,4796000.0,4796000.0,0.0
HD001010,dh008813,11/10/2024,15/12/2024,648851700.0,11388300.0,637463400.0
hd001011,,11/10/2024,19/10/2024,256000.0,183900.0,72100.0
hd001012,dh010596,13/10/2024,21/10/2024,1227400.0,1227400.0,0.0
hd001013,dh004950,14/10/2024,24/10/2024,5060700.0,2071600.0,2989100.0
hd001014,dh010707,12/10/2024,23/10/2024,6275200.0,6275200.0,0.0
hd001015,dh009739,14/10/2024,25/12/2024,160379700.0,160379700.0,0.0
HD001016,dh001075,13/10/2024,29/12/2024,116878800.0,116878800.0,0.0
HD001017,dh006873,11/10/2024,25/12/2024,539953400.0,539953400.0,0.0
hd001018,dh008874,13/10/2024,13/12/2024,194907300.0,186234200.0,8673100.0
hd001019,dh009070,14/10/2024,29/10/2024,1334400.0,1334400.0,0.0
hd001020,dh010592,13/10/2024,28/10/2024,4851000.0,4851000.0,0.0
HD001021,dh000443,15/10/2024,20/12/2024,359506400.0,86679100.0,272827300.0
HD001022,dh003399,14/10/2024,04/12/2024,576549000.0,233026400.0,343522600.0
hd001023,dh007630,12/10/2024,24/10/2024,8252800.0,8252800.0,0.0
hd001024,dh005197,13/10/2024,06/01/2025,814567000.0,79557300.0,735009700.0
hd001025,dh007481,14/10/2024,21/10/2024,2033700.0,2033700.0,0.0
hd001026,dh008307,14/10/2024,13/12/2024,431169600.0,431169600.0,0.0
hd001027,dh009229,12/10/2024,23/10/2024,1524000.0,1524000.0,0.0
hd001028,dh007701,13/10/2024,01/01/2025,377482800.0,6161400.0,371321400.0
hd001029,dh007098,14/10/2024,17/12/2024,182307900.0,182307900.0,0.0
hd001030,,15/10/2024,22/10/2024,2653000.0,1061600.0,1591400.0
hd001031,dh005798,14/10/2024,23/10/2024,9005800.0,9005800.0,0.0
hd001032,dh004535,13/10/2024,27/10/2024,829000.0,829000.0,0.0
hd001033,dh003905,12/10/2024,21/10/2024,1627000.0,1627000.0,0.0
HD001034,DH010416,16/10/2024,04/01/2025,81941200.0,49979200.0,31962000.0
hd001035,dh003470,14/10/2024,29/11/2024,480126000.0,382808600.0,97317400.0
hd001036,dh004974,13/10/2024,28/10/2024,1222300.0,1222300.0,0.0
hd001037,DH900001,14/10/2024,09/12/2024,619627900.0,404558000.0,215069900.0
HD001038,dh009560,16/10/2024,28/10/2024,406000.0,406000.0,0.0
hd001039,dh011417,14/10/2024,03/01/2025,382905600.0,339347900.0,43557700.0
hd001040,dh001546,14/10/2024,27/10/2024,2745400.0,2745400.0,0.0
hd001041,dh003155,15/10/2024,07/12/2024,113987700.0,12917700.0,101070000.0
hd001042,dh006204,15/10/2024,04/01/2025,397162600.0,397162600.0,0.0
HD001043,dh007974,14/10/2024,14/12/2024,618043900.0,414844400.0,203199500.0
hd001044,dh001311,14/10/2024,24/10/2024,6392600.0,6392600.0,0.0
hd001045,DH011465,13/10/2024,20/10/2024,2367800.0,2367800.0,0.0
hd001046,dh000424,15/10/2024,01/12/2024,158599100.0,158599100.0,0.0
hd001047,dh005887,14/10/2024,2024-10-21,284400.0,284400.0,0.0
hd001048,,16/10/2024,27/10/2024,10238400.0,10238400.0,0.0
hd001049,dh002223,17/10/2024,29/10/2024,2181000.0,2181000.0,0.0
hd001050,dh003282,16/10/2024,25/10/2024,2754000.0,2754000.0,0.0
hd001051,dh010643,16/10/2024,01/01/2025,491660800.0,491660800.0,0.0
hd001052,dh004207,14/10/2024,12/07/2024,226002800.0,226002800.0,0.0
hd001053,dh000313,17/10/2024,26/10/2024,250000.0,250000.0,0.0
hd001054,dh001440,14/10/2024,21/10/2024,957600.0,426900.0,530700.0
HD001055,dh011637,14/10/2024,07/01/2025,324563200.0,324563200.0,0.0
HD001056,dh001184,16/10/2024,10/25/2024,3110200.0,2377800.0,732400.0
HD001057,DH004447,15/10/2024,22/10/2024,1412700.0,1412700.0,0.0
hd001058,dh010978,18/10/2024,05/01/2025,134606600.0,134606600.0,0.0
hd001059,dh002915,17/10/2024,19/12/2024,140899400.0,86789100.0,54110300.0
hd001060,dh010046,17/10/2024,02/12/2024,361483800.0,43296400.0,318187400.0
hd001061,dh002565,16/10/2024,19/12/2024,202499800.0,169280400.0,33219400.0
HD001062,dh000160,17/10/2024,27/10/2024,386100.0,386100.0,0.0
hd001063,DH900008,16/10/2024,28/10/2024,15255000.0,15255000.0,0.0
hd001064,dh009698,2024-10-18,02/11/2024,1433100.0,1433100.0,0.0
hd001065,dh004159,18/10/2024,16/12/2024,121076600.0,55211600.0,65865000.0
hd001066,dh009681,17/10/2024,29/12/2024,796261800.0,185985500.0,610276300.0
hd001067,DH002355,17/10/2024,25/10/2024,1561000.0,1561000.0,0.0
hd001068,dh005004,18/10/2024,02/12/2024,417011000.0,417011000.0,0.0
hd001069,dh010143,2024-10-17,30/10/2024,7999100.0,7999100.0,0.0
hd001070,dh007245,16/10/2024,19/12/2024,24351600.0,4309300.0,20042300.0
hd001071,DH003041,17/10/2024,01/11/2024,5582800.0,5582800.0,0.0
hd001072,dh008492,18/10/2024,11/02/2024,5068400.0,3808700.0,1259700.0
hd001073,dh006272,15/10/2024,27/10/2024,3679300.0,3679300.0,0.0
HD001074,dh010049,17/10/2024,26/10/2024,11990000.0,11990000.0,0.0
hd001075,DH001650,18/10/2024,02/11/2024,3467000.0,3467000.0,0.0
hd001076,,16/10/2024,24/10/2024,1020000.0,807700.0,212300.0
hd001077,DH001590,16/10/2024,23/10/2024,1647200.0,1647200.0,0.0
hd001078,dh009589,15/10/2024,26/10/2024,3958800.0,3958800.0,0.0
hd001079,dh000216,16/10/2024,25/10/2024,5921800.0,5921800.0,0.0
hd001080,dh003091,16/10/2024,24/10/2024,10902000.0,10902000.0,0.0
hd001081,dh009986,19/10/2024,14/01/2025,633877000.0,633877000.0,0.0
HD001082,dh011416,19/10/2024,28/10/2024,2581200.0,2581200.0,0.0
HD001083,dh000474,19/10/2024,18/12/2024,638191600.0,638191600.0,0.0
hd001084,dh003859,18/10/2024,15/12/2024,145523400.0,119078900.0,26444500.0
HD001085,dh011514,19/10/2024,15/12/2024,665319500.0,665319500.0,0.0
hd001086,dh010716,17/10/2024,26/12/2024,728790200.0,728790200.0,0.0
hd001087,dh011463,16/10/2024,18/12/2024,307519200.0,249438000.0,58081200.0
hd001088,dh000572,20/10/2024,29/12/2024,91058600.0,91058600.0,0.0
hd001089,dh008820,18/10/2024,30/10/2024,699500.0,699500.0,0.0
hd001090,dh000244,18/10/2024,25/10/2024,2746800.0,2746800.0,0.0
hd001091,dh008559,20/10/2024,28/12/2024,214426500.0,214426500.0,0.0
hd001092,dh007046,18/10/2024,02/11/2024,5735400.0,5735400.0,0.0
HD001093,dh003136,17/10/2024,06/01/2025,86832000.0,24190700.0,62641300.0
hd001094,dh001561,18/10/2024,31/10/2024,2040000.0,2040000.0,0.0
hd001095,dh001332,20/10/2024,09/12/2024,255019200.0,112049800.0,142969400.0
hd001096,DH900005,17/10/2024,13/12/2024,54139800.0,54139800.0,0.0
HD001097,dh010218,20/10/2024,04/11/2024,2601900.0,786200.0,1815700.0
hd001098,dh009625,20/10/2024,19/12/2024,410831400.0,410831400.0,0.0
HD001099,dh009435,19/10/2024,28/10/2024,3659400.0,3659400.0,0.0
hd001100,dh006790,18/10/2024,01/11/2024,133000.0,133000.0,0.0
hd001101,dh010553,19/10/2024,01/11/2024,14041800.0,14041800.0,0.0
hd001102,dh004413,19/10/2024,03/11/2024,1769400.0,1769400.0,0.0
hd001103,dh001663,18/10/2024,28/10/2024,3915200.0,3915200.0,0.0
hd001104,dh004776,18/10/2024,05/01/2025,298978600.0,298978600.0,0.0
HD001105,dh010911,18/10/2024,01/11/2024,4736600.0,4736600.0,0.0
HD001106,dh001321,20/10/2024,29/10/2024,285000.0,215900.0,69100.0
HD001107,dh006690,19/10/2024,27/10/2024,1140000.0,1140000.0,0.0
hd001108,dh005155,20/10/2024,04/12/2024,345307800.0,345307800.0,0.0
hd001109,dh003705,21/10/2024,26/12/2024,652958500.0,354813700.0,298144800.0
hd001110,dh011243,19/10/2024,26/12/2024,264903600.0,179338500.0,85565100.0
HD001111,dh005446,19/10/2024,01/11/2024,1403000.0,1403000.0,0.0
hd001112,dh004030,18/10/2024,02/11/2024,605400.0,605400.0,0.0
hd001113,dh011172,19/10/2024,30/10/2024,294000.0,294000.0,0.0
HD001114,dh007271,21/10/2024,04/11/2024,1716000.0,1716000.0,0.0
HD001115,dh008045,20/10/2024,04/01/2025,450570900.0,450570900.0,0.0
HD001116,dh004276,20/10/2024,27/10/2024,297000.0,297000.0,0.0
hd001117,dh000077,19/10/2024,13/01/2025,67094300.0,67094300.0,0.0
HD001118,dh010324,21/10/2024,11/01/2025,125493100.0,125493100.0,0.0
HD001119,dh011873,19/10/2024,02/11/2024,3907800.0,3907800.0,0.0
hd001120,dh004344,20/10/2024,29/10/2024,442800.0,442800.0,0.0
hd001121,dh009576,21/10/2024,03/01/2025,105039000.0,47261100.0,57777900.0
hd001122,dh010207,22/10/2024,04/11/2024,3321300.0,3321300.0,0.0
hd001123,DH001036,22/10/2024,30/10/2024,2784700.0,2784700.0,0.0
hd001124,DH009742,21/10/2024,04/11/2024,2866000.0,2511300.0,354700.0
HD001125,dh005008,22/10/2024,2025-01-06,303284800.0,59349400.0,243935400.0
hd001126,dh001560,22/10/2024,06/11/2024,11574500.0,7897700.0,3676800.0
HD001127,dh005040,20/10/2024,03/11/2024,1739400.0,1739400.0,0.0
hd001128,dh000761,20/10/2024,02/11/2024,3234000.0,3234000.0,0.0
hd001129,dh004156,22/10/2024,29/12/2024,52705600.0,31654300.0,21051300.0
hd001130,dh008047,19/10/2024,26/10/2024,6754100.0,6754100.0,0.0
hd001131,dh004527,20/10/2024,10/01/2025,586171200.0,586171200.0,0.0
hd001132,dh007296,19/10/2024,29/12/2024,184103200.0,184103200.0,0.0
hd001133,dh002353,21/10/2024,14/01/2025,277417600.0,52877700.0,224539900.0
HD001134,,22/10/2024,01/11/2024,9944000.0,9944000.0,0.0
hd001135,dh001072,20/10/2024,27/12/2024,307803700.0,307803700.0,0.0
hd001136,DH003583,21/10/2024,22/12/2024,249017900.0,249017900.0,0.0
hd001137,DH900001,22/10/2024,20/12/2024,100329800.0,36597400.0,63732400.0
hd001138,dh005245,21/10/2024,13/12/2024,237311600.0,237311600.0,0.0
hd001139,DH002480,22/10/2024,01/11/2024,5478000.0,5478000.0,0.0
hd001140,dh006334,20/10/2024,11/02/2024,2577000.0,2025100.0,551900.0
hd001141,dh001492,20/10/2024,04/11/2024,1675800.0,1675800.0,0.0
hd001142,DH001547,21/10/2024,04/11/2024,7421500.0,7421500.0,0.0
hd001143,dh010314,21/10/2024,16/01/2025,376793800.0,62320100.0,314473700.0
hd001144,dh008316,20/10/2024,08/12/2024,58650000.0,58650000.0,0.0
hd001145,dh005593,21/10/2024,06/01/2025,62647200.0,28330500.0,34316700.0
hd001146,dh003079,21/10/2024,11/01/2025,392203600.0,392203600.0,0.0
hd001147,,20/10/2024,28/10/2024,3633000.0,3633000.0,0.0
HD001148,dh005442,21/10/2024,06/01/2025,100355300.0,100355300.0,0.0
HD001149,dh002548,23/10/2024,06/01/2025,314156000.0,314156000.0,0.0
hd001150,dh000475,24/10/2024,15/12/2024,524137200.0,524137200.0,0.0
hd001151,dh011367,23/10/2024,16/12/2024,285718200.0,285718200.0,0.0
HD001152,dh002416,21/10/2024,13/01/2025,45702000.0,30684600.0,15017400.0
hd001153,dh003880,24/10/2024,08/11/2024,1627000.0,1627000.0,0.0
hd001154,dh007822,21/10/2024,04/11/2024,561000.0,561000.0,0.0
hd001155,DH001050,23/10/2024,15/12/2024,470881800.0,470881800.0,0.0
hd001156,dh011199,21/10/2024,10/12/2024,450060400.0,450060400.0,0.0
HD001157,dh004560,24/10/2024,01/11/2024,263700.0,263700.0,0.0
hd001158,dh004739,24/10/2024,08/01/2025,413785100.0,240078700.0,173706400.0
hd001159,dh009456,23/10/2024,06/11/2024,2084200.0,2084200.0,0.0
hd001160,dh005512,10/24/2024,27/12/2024,467544000.0,309610800.0,157933200.0
HD001161,dh006058,21/10/2024,31/12/2024,165866800.0,86573300.0,79293500.0
hd001162,DH900000,24/10/2024,05/11/2024,310000.0,310000.0,0.0
hd001163,dh000002,22/10/2024,01/11/2024,2693700.0,2693700.0,0.0
HD001164,dh009147,22/10/2024,14/01/2025,269743200.0,269743200.0,0.0
hd001165,dh010865,10/24/2024,12/12/2024,354489100.0,145770100.0,208719000.0
hd001166,DH000559,22/10/2024,02/11/2024,350600.0,350600.0,0.0
hd001167,dh001287,23/10/2024,31/10/2024,2740000.0,2740000.0,0.0
hd001168,dh011406,24/10/2024,31/10/2024,817500.0,792500.0,25000.0
hd001169,dh011050,23/10/2024,18/01/2025,1041111500.0,1041111500.0,0.0
hd001170,dh000455,25/10/2024,06/11/2024,3715000.0,3715000.0,0.0
HD001171,dh000146,23/10/2024,19/01/2025,130733000.0,130733000.0,0.0
hd001172,dh011537,22/10/2024,01/11/2024,3671100.0,1457300.0,2213800.0
hd001173,dh011588,22/10/2024,18/12/2024,155498000.0,51172100.0,104325900.0
HD001174,dh005613,24/10/2024,09/12/2024,149398000.0,109921200.0,39476800.0
hd001175,dh000052,24/10/2024,05/11/2024,2319600.0,2319600.0,0.0
hd001176,dh002600,24/10/2024,08/11/2024,508100.0,508100.0,0.0
hd001177,DH008733,22/10/2024,17/12/2024,226372400.0,206993800.0,19378600.0
hd001178,dh011990,23/10/2024,02/11/2024,2468700.0,2468700.0,0.0
hd001179,dh008536,22/10/2024,25/12/2024,302586700.0,279237700.0,23349000.0
HD001180,dh003032,23/10/2024,13/12/2024,151815000.0,141462000.0,10353000.0
hd001181,dh000880,23/10/2024,31/12/2024,163754400.0,58589400.0,105165000.0
hd001182,dh004928,24/10/2024,13/01/2025,473703000.0,473703000.0,0.0
hd001183,dh001581,22/10/2024,03/11/2024,186000.0,186000.0,0.0
hd001184,dh000215,24/10/2024,14/01/2025,163114000.0,97180700.0,65933300.0
HD001185,DH002079,22/10/2024,02/11/2024,3100000.0,3100000.0,0.0
hd001186,dh003024,24/10/2024,08/11/2024,2052000.0,2052000.0,0.0
HD001187,dh007362,23/10/2024,02/11/2024,1776400.0,1776400.0,0.0
hd001188,dh000711,24/10/2024,24/12/2024,185577600.0,113590100.0,71987500.0
hd001189,dh000947,2024-10-25,04/11/2024,1244000.0,501300.0,742700.0
HD001190,dh006483,25/10/2024,02/11/2024,270000.0,270000.0,0.0
hd001191,,23/10/2024,03/01/2025,404220600.0,404220600.0,0.0
hd001192,DH004784,25/10/2024,11/05/2024,244800.0,244800.0,0.0
HD001193,dh009970,26/10/2024,03/01/2025,141088000.0,90378100.0,50709900.0
hd001194,dh006762,23/10/2024,31/12/2024,209379400.0,149011800.0,60367600.0
HD001195,dh005185,25/10/2024,06/01/2025,178053400.0,178053400.0,0.0
hd001196,dh003353,24/10/2024,28/12/2024,78769400.0,41768200.0,37001200.0
hd001197,dh007111,26/10/2024,02/11/2024,3681000.0,3681000.0,0.0
HD001198,dh001920,24/10/2024,12/12/2024,284658000.0,86342600.0,198315400.0
hd001199,dh011395,24/10/2024,03/11/2024,1929200.0,1929200.0,0.0
hd001200,dh007802,24/10/2024,31/10/2024,7701000.0,7701000.0,0.0
hd001201,dh002883,24/10/2024,2025-01-03,437848300.0,143318500.0,294529800.0
HD001202,DH900008,26/10/2024,05/11/2024,1723500.0,1723500.0,0.0
hd001203,dh000622,2024-10-25,16/01/2025,289873500.0,89071700.0,200801800.0
hd001204,DH900004,25/10/2024,07/11/2024,17361500.0,17361500.0,0.0
hd001205,DH900000,26/10/2024,04/11/2024,203400.0,203400.0,0.0
HD001206,dh005391,26/10/2024,29/12/2024,366164000.0,366164000.0,0.0
hd001207,dh003850,26/10/2024,02/01/2025,365673900.0,365673900.0,0.0
hd001208,dh004544,24/10/2024,02/11/2024,1228600.0,1228600.0,0.0
hd001209,dh001408,25/10/2024,08/11/2024,111000.0,111000.0,0.0
HD001210,dh011980,27/10/2024,14/12/2024,410005100.0,191652400.0,218352700.0
hd001211,dh009204,26/10/2024,02/01/2025,331624400.0,331624400.0,0.0
hd001212,dh008713,24/10/2024,16/12/2024,76097000.0,76097000.0,0.0
hd001213,,27/10/2024,18/12/2024,238930600.0,191149200.0,47781400.0
hd001214,dh007015,25/10/2024,04/11/2024,2895000.0,2895000.0,0.0
hd001215,DH900005,27/10/2024,18/01/2025,319039000.0,319039000.0,0.0
HD001216,dh004282,25/10/2024,07/11/2024,13055100.0,13055100.0,0.0
hd001217,dh001843,24/10/2024,03/11/2024,2416000.0,2416000.0,0.0
hd001218,dh006210,27/10/2024,09/01/2025,292824400.0,292824400.0,0.0
hd001219,dh001760,24/10/2024,11/12/2024,232342200.0,232342200.0,0.0
hd001220,dh010855,26/10/2024,31/12/2024,473581300.0,225496900.0,248084400.0
hd001221,DH900007,26/10/2024,10/01/2025,451340000.0,451340000.0,0.0
hd001222,DH000511,24/10/2024,03/11/2024,1491100.0,1491100.0,0.0
hd001223,dh002968,27/10/2024,12/12/2024,230563400.0,6963900.0,223599500.0
hd001224,dh001319,27/10/2024,11/11/2024,8560200.0,8560200.0,0.0
hd001225,dh008266,25/10/2024,03/11/2024,1094000.0,1094000.0,0.0
hd001226,dh004382,25/10/2024,07/01/2025,136457700.0,136457700.0,0.0
HD001227,DH001960,28/10/2024,18/01/2025,432841300.0,381145700.0,51695600.0
hd001228,dh008619,28/10/2024,22/12/2024,284556000.0,281174700.0,3381300.0
hd001229,dh000889,26/10/2024,05/11/2024,1088700.0,1088700.0,0.0
hd001230,dh002014,25/10/2024,12/12/2024,698758700.0,698758700.0,0.0
HD001231,dh002502,26/10/2024,14/12/2024,320665400.0,6725600.0,313939800.0
hd001232,dh001788,28/10/2024,10/01/2025,178491000.0,123461800.0,55029200.0
hd001233,dh006344,26/10/2024,04/11/2024,4131900.0,4131900.0,0.0
hd001234,dh001277,25/10/2024,08/11/2024,556000.0,556000.0,0.0
hd001235,dh010560,28/10/2024,05/11/2024,8953800.0,8953800.0,0.0
HD001236,dh007235,25/10/2024,06/11/2024,3796000.0,3796000.0,0.0
hd001237,dh010944,28/10/2024,19/12/2024,134473200.0,25990000.0,108483200.0
HD001238,dh010457,26/10/2024,03/11/2024,1834000.0,1834000.0,0.0
hd001239,DH007528,28/10/2024,06/11/2024,1242000.0,54200.0,1187800.0
hd001240,dh006977,10/25/2024,08/01/2025,324732600.0,324732600.0,0.0
hd001241,dh005111,27/10/2024,10/11/2024,2088000.0,2088000.0,0.0
HD001242,DH011259,26/10/2024,02/11/2024,200000.0,200000.0,0.0
hd001243,,25/10/2024,06/11/2024,1275000.0,1275000.0,0.0
HD001244,DH009954,28/10/2024,08/11/2024,2686000.0,2686000.0,0.0
hd001245,dh000646,27/10/2024,07/11/2024,9561600.0,9561600.0,0.0
hd001246,dh001003,26/10/2024,07/01/2025,346088000.0,209281000.0,136807000.0
HD001247,dh009356,26/10/2024,12/01/2025,203122400.0,203122400.0,0.0
hd001248,dh010685,26/10/2024,04/11/2024,985100.0,985100.0,0.0
hd001249,dh010369,27/10/2024,06/11/2024,16951000.0,16951000.0,0.0
hd001250,dh000630,29/10/2024,13/11/2024,108000.0,108000.0,0.0
hd001251,dh011798,27/10/2024,06/11/2024,650000.0,650000.0,0.0
hd001252,dh011724,26/10/2024,04/11/2024,8191000.0,8191000.0,0.0
hd001253,dh003244,26/10/2024,04/11/2024,3040200.0,3040200.0,0.0
HD001254,dh005117,26/10/2024,13/12/2024,552810500.0,552810500.0,0.0
hd001255,dh003371,26/10/2024,08/11/2024,3752400.0,2127200.0,1625200.0
hd001256,dh011909,26/10/2024,19/01/2025,838053500.0,305471200.0,532582300.0
hd001257,DH010928,27/10/2024,2025-01-09,83508900.0,83508900.0,0.0
hd001258,DH003018,27/10/2024,26/12/2024,488231900.0,488231900.0,0.0
hd001259,dh007727,28/10/2024,08/01/2025,66057800.0,31742500.0,34315300.0
hd001260,dh004013,28/10/2024,11/11/2024,4669400.0,4382700.0,286700.0
hd001261,dh002960,30/10/2024,30/12/2024,330656200.0,330656200.0,0.0
hd001262,dh008894,28/10/2024,10/11/2024,4525800.0,3603300.0,922500.0
hd001263,dh005227,27/10/2024,17/12/2024,102333800.0,49629100.0,52704700.0
hd001264,DH001118,30/10/2024,06/01/2025,534629300.0,322469400.0,212159900.0
hd001265,DH004279,28/10/2024,17/01/2025,207011100.0,149417100.0,57594000.0
hd001266,,2024-10-30,08/01/2025,430179600.0,430179600.0,0.0
hd001267,dh000747,27/10/2024,09/11/2024,5771000.0,5771000.0,0.0
hd001268,dh010582,27/10/2024,06/11/2024,9161600.0,9161600.0,0.0
hd001269,dh003807,28/10/2024,23/01/2025,491435000.0,491435000.0,0.0
hd001270,,27/10/2024,03/11/2024,13986000.0,13986000.0,0.0
hd001271,dh005586,28/10/2024,05/11/2024,4384000.0,4384000.0,0.0
hd001272,dh006125,30/10/2024,22/01/2025,568958200.0,383287900.0,185670300.0
hd001273,dh001576,10/29/2024,09/01/2025,336070400.0,68209200.0,267861200.0
hd001274,dh006892,30/10/2024,13/11/2024,10839000.0,10839000.0,0.0
hd001275,dh000324,28/10/2024,23/01/2025,468088400.0,468088400.0,0.0
hd001276,dh007449,29/10/2024,06/01/2025,515446900.0,445235600.0,70211300.0
hd001277,dh001377,29/10/2024,08/11/2024,1648000.0,1648000.0,0.0
hd001278,dh011488,28/10/2024,09/11/2024,3292400.0,3292400.0,0.0
HD001279,dh009079,30/10/2024,21/01/2025,194818800.0,194818800.0,0.0
hd001280,dh008986,28/10/2024,23/12/2024,430064800.0,370411400.0,59653400.0
HD001281,dh000962,30/10/2024,23/01/2025,416605700.0,416605700.0,0.0
hd001282,dh003559,31/10/2024,13/11/2024,150000.0,150000.0,0.0
HD001283,dh011649,28/10/2024,30/12/2024,491000100.0,491000100.0,0.0
hd001284,DH900007,29/10/2024,06/11/2024,289000.0,289000.0,0.0
hd001285,dh001723,28/10/2024,15/01/2025,243821700.0,206331500.0,37490200.0
HD001286,dh008783,30/10/2024,19/12/2024,97448000.0,71736200.0,25711800.0
HD001287,,31/10/2024,11/11/2024,285000.0,285000.0,0.0
hd001288,dh002540,31/10/2024,29/12/2024,164916600.0,164916600.0,0.0
hd001289,dh001511,28/10/2024,12/20/2024,467038500.0,458674200.0,8364300.0
hd001290,dh003840,28/10/2024,11/10/2024,8541700.0,8541700.0,0.0
hd001291,dh004913,29/10/2024,08/11/2024,1976800.0,1976800.0,0.0
hd001292,dh005893,29/10/2024,31/12/2024,524027800.0,524027800.0,0.0
HD001293,dh004421,2024-10-28,21/01/2025,123796700.0,50774300.0,73022400.0
hd001294,DH006429,31/10/2024,24/12/2024,147519600.0,57758200.0,89761400.0
hd001295,,29/10/2024,07/11/2024,420000.0,420000.0,0.0
hd001296,dh001320,30/10/2024,09/11/2024,1780600.0,1780600.0,0.0
hd001297,dh005085,30/10/2024,2025-01-04,515856900.0,365978600.0,149878300.0
HD001298,dh010195,01/11/2024,06/01/2025,558425600.0,66833900.0,491591700.0
hd001299,DH900005,31/10/2024,10/11/2024,1606500.0,1606500.0,0.0
hd001300,dh009230,01/11/2024,16/11/2024,2011200.0,1241700.0,769500.0
hd001301,DH001933,31/10/2024,15/11/2024,3112400.0,3112400.0,0.0
hd001302,dh006661,30/10/2024,17/12/2024,392024100.0,392024100.0,0.0
hd001303,DH004390,29/10/2024,31/12/2024,163010400.0,64917300.0,98093100.0
hd001304,,30/10/2024,31/12/2024,335283900.0,151952400.0,183331500.0
hd001305,dh002395,30/10/2024,06/11/2024,969000.0,969000.0,0.0
hd001306,DH001491,01/11/2024,21/12/2024,917055800.0,282879300.0,634176500.0
hd001307,,31/10/2024,13/11/2024,262000.0,262000.0,0.0
hd001308,dh008778,31/10/2024,07/11/2024,6302200.0,6302200.0,0.0
hd001309,dh007232,30/10/2024,16/01/2025,68025000.0,44425600.0,23599400.0
hd001310,dh005752,02/11/2024,11/01/2025,409196400.0,282982500.0,126213900.0
hd001311,dh008196,30/10/2024,18/01/2025,384069400.0,384069400.0,0.0
HD001312,dh011590,02/11/2024,12/11/2024,10975900.0,10975900.0,0.0
hd001313,dh009832,01/11/2024,18/01/2025,195513400.0,195513400.0,0.0
hd001314,dh001081,01/11/2024,10/11/2024,1841600.0,1841600.0,0.0
HD001315,dh008240,31/10/2024,14/11/2024,2115000.0,2115000.0,0.0
hd001316,dh005089,01/11/2024,14/11/2024,2036800.0,1568000.0,468800.0
hd001317,dh006229,02/11/2024,04/01/2025,381711700.0,381711700.0,0.0
hd001318,dh003542,31/10/2024,17/01/2025,320572000.0,320572000.0,0.0
hd001319,,02/11/2024,10/11/2024,2473500.0,2473500.0,0.0
HD001320,dh007796,01/11/2024,14/11/2024,9753400.0,9753400.0,0.0
hd001321,dh005516,31/10/2024,2024-11-14,374000.0,374000.0,0.0
hd001322,dh005694,01/11/2024,15/01/2025,458385600.0,458385600.0,0.0
HD001323,dh004529,02/11/2024,30/12/2024,765072200.0,765072200.0,0.0
HD001324,dh008001,01/11/2024,11/11/2024,10172400.0,10172400.0,0.0
hd001325,,01/11/2024,16/11/2024,10262800.0,10262800.0,0.0
hd001326,dh003588,02/11/2024,09/11/2024,503500.0,503500.0,0.0
hd001327,DH005957,01/11/2024,12/11/2024,336000.0,336000.0,0.0
hd001328,dh007338,02/11/2024,17/11/2024,7651000.0,7651000.0,0.0
HD001329,dh008910,01/11/2024,02/01/2025,333300000.0,250723100.0,82576900.0
hd001330,dh010759,31/10/2024,25/01/2025,199615800.0,183332600.0,16283200.0
HD001331,DH900007,01/11/2024,15/11/2024,698000.0,698000.0,0.0
hd001332,dh009206,31/10/2024,09/11/2024,3281000.0,3281000.0,0.0
hd001333,DH900005,01/11/2024,13/01/2025,117291800.0,117291800.0,0.0
HD001334,dh009271,31/10/2024,08/11/2024,1523000.0,1523000.0,0.0
HD001335,dh005420,03/11/2024,26/01/2025,336832000.0,336832000.0,0.0
hd001336,dh004348,31/10/2024,04/01/2025,238283400.0,144476600.0,93806800.0
hd001337,dh006962,2024-10-31,11/15/2024,1240500.0,1240500.0,0.0
hd001338,dh002377,02/11/2024,30/12/2024,181675000.0,181675000.0,0.0
hd001339,DH007285,04/11/2024,11/11/2024,1175600.0,1175600.0,0.0
HD001340,dh011037,01/11/2024,14/11/2024,381000.0,236800.0,144200.0
hd001341,DH900005,02/11/2024,14/11/2024,4340000.0,4340000.0,0.0
hd001342,dh008516,03/11/2024,14/11/2024,8289000.0,8289000.0,0.0
hd001343,dh004867,04/11/2024,26/12/2024,631305200.0,615948700.0,15356500.0
hd001344,dh003883,03/11/2024,18/12/2024,207010800.0,207010800.0,0.0
HD001345,dh001484,01/11/2024,09/11/2024,4983000.0,4983000.0,0.0
hd001346,dh006148,02/11/2024,10/11/2024,344000.0,344000.0,0.0
hd001347,,02/11/2024,21/12/2024,194413100.0,194413100.0,0.0
hd001348,dh000091,03/11/2024,07/01/2025,65027000.0,65027000.0,0.0
hd001349,dh002228,02/11/2024,14/11/2024,7412500.0,7412500.0,0.0
HD001350,DH008686,02/11/2024,12/11/2024,3078000.0,3078000.0,0.0
hd001351,dh009593,02/11/2024,14/11/2024,864000.0,864000.0,0.0
HD001352,dh010222,04/11/2024,12/11/2024,2844400.0,2844400.0,0.0
hd001353,dh000153,03/11/2024,25/12/2024,355546200.0,355546200.0,0.0
hd001354,dh002373,03/11/2024,12/11/2024,1096000.0,1096000.0,0.0
hd001355,dh008268,04/11/2024,11/11/2024,2039200.0,2039200.0,0.0
hd001356,DH008008,02/11/2024,13/11/2024,642600.0,642600.0,0.0
hd001357,dh005772,01/11/2024,24/12/2024,256936100.0,184880600.0,72055500.0
hd001358,dh005781,03/11/2024,25/12/2024,392326600.0,392326600.0,0.0
hd001359,dh000601,03/11/2024,26/01/2025,97571400.0,97571400.0,0.0
hd001360,dh007221,01/11/2024,12/01/2025,428875200.0,124241000.0,304634200.0
hd001361,DH002063,04/11/2024,12/11/2024,4219000.0,4219000.0,0.0
hd001362,dh002231,02/11/2024,2024-11-11,372000.0,372000.0,0.0
hd001363,DH009624,04/11/2024,28/01/2025,150385800.0,150385800.0,0.0
hd001364,dh008848,05/11/2024,15/11/2024,7415000.0,7415000.0,0.0
HD001365,dh006530,03/11/2024,18/11/2024,9769600.0,9769600.0,0.0
hd001366,dh007177,05/11/2024,18/11/2024,23400.0,23100.0,300.0
hd001367,DH009565,05/11/2024,18/11/2024,4244400.0,3031200.0,1213200.0
HD001368,dh011763,11/03/2024,13/01/2025,324433200.0,140187900.0,184245300.0
hd001369,dh007343,02/11/2024,16/11/2024,47000.0,47000.0,0.0
hd001370,dh004996,05/11/2024,18/11/2024,824000.0,824000.0,0.0
hd001371,dh008503,04/11/2024,11/01/2025,509386900.0,74773400.0,434613500.0
hd001372,dh001174,04/11/2024,14/01/2025,314850700.0,314850700.0,0.0
hd001373,dh008511,02/11/2024,13/11/2024,2257000.0,2257000.0,0.0
hd001374,dh003724,03/11/2024,01/01/2025,102393000.0,70199500.0,32193500.0
hd001375,dh006359,05/11/2024,30/12/2024,633578800.0,633578800.0,0.0
HD001376,dh004252,04/11/2024,14/11/2024,2274000.0,2274000.0,0.0
hd001377,dh003917,03/11/2024,12/11/2024,1684700.0,1266200.0,418500.0
hd001378,dh003547,02/11/2024,11/11/2024,1033200.0,949400.0,83800.0
hd001379,dh005601,02/11/2024,09/11/2024,3689800.0,1251000.0,2438800.0
hd001380,dh003515,03/11/2024,14/01/2025,482941000.0,481127000.0,1814000.0
hd001381,dh007504,06/11/2024,17/11/2024,1500000.0,1500000.0,0.0
hd001382,dh000853,06/11/2024,18/01/2025,775568800.0,604517900.0,171050900.0
hd001383,dh010884,05/11/2024,11/01/2025,388787500.0,388787500.0,0.0
HD001384,dh001631,04/11/2024,17/11/2024,28000.0,28000.0,0.0
hd001385,,04/11/2024,12/11/2024,3850000.0,3850000.0,0.0
HD001386,dh002927,05/11/2024,19/01/2025,264837400.0,264837400.0,0.0
hd001387,dh010638,05/11/2024,09/01/2025,177039000.0,177039000.0,0.0
HD001388,dh001662,04/11/2024,17/11/2024,1008000.0,1008000.0,0.0
hd001389,dh007295,03/11/2024,15/11/2024,2510200.0,1518600.0,991600.0
hd001390,dh008832,05/11/2024,18/11/2024,15499000.0,15499000.0,0.0
HD001391,dh011729,03/11/2024,17/11/2024,5176500.0,5176500.0,0.0
HD001392,dh011412,06/11/2024,09/01/2025,121159300.0,9551900.0,111607400.0
hd001393,DH008473,03/11/2024,15/11/2024,4704300.0,4704300.0,0.0
hd001394,,03/11/2024,01/01/2025,62278200.0,62278200.0,0.0
hd001395,dh005776,06/11/2024,16/11/2024,2776400.0,2776400.0,0.0
HD001396,dh004453,05/11/2024,19/11/2024,941300.0,941300.0,0.0
hd001397,dh011236,06/11/2024,18/11/2024,763600.0,763600.0,0.0
hd001398,dh006494,04/11/2024,19/11/2024,977600.0,637200.0,340400.0
HD001399,dh002387,05/11/2024,17/11/2024,1869800.0,1869800.0,0.0
HD001400,dh002440,05/11/2024,08/01/2025,367566600.0,112181500.0,255385100.0
hd001401,dh002005,07/11/2024,30/12/2024,333205500.0,235615600.0,97589900.0
hd001402,dh007436,05/11/2024,15/11/2024,12627000.0,12627000.0,0.0
hd001403,DH004232,07/11/2024,29/12/2024,324560700.0,311020300.0,13540400.0
hd001404,dh005687,2024-11-05,16/11/2024,4072600.0,4072600.0,0.0
hd001405,dh006922,04/11/2024,17/11/2024,3347600.0,3347600.0,0.0
HD001406,DH008711,04/11/2024,22/01/2025,716623600.0,509803200.0,206820400.0
hd001407,dh002980,07/11/2024,25/12/2024,412403200.0,412403200.0,0.0
HD001408,dh002399,06/11/2024,21/11/2024,1500700.0,1500700.0,0.0
hd001409,dh000578,06/11/2024,29/01/2025,447961200.0,447961200.0,0.0
HD001410,DH009310,06/11/2024,26/01/2025,102248100.0,68684200.0,33563900.0
hd001411,dh011778,05/11/2024,13/11/2024,863600.0,863600.0,0.0
HD001412,dh001176,11/07/2024,05/01/2025,20975200.0,20975200.0,0.0
HD001413,dh004407,05/11/2024,31/01/2025,93276500.0,40312000.0,52964500.0
hd001414,dh003961,07/11/2024,21/11/2024,1143200.0,1143200.0,0.0
HD001415,dh003798,07/11/2024,22/01/2025,708864800.0,96402400.0,612462400.0
hd001416,dh005146,05/11/2024,14/11/2024,256700.0,256700.0,0.0
hd001417,dh001069,07/11/2024,14/11/2024,2257000.0,1767900.0,489100.0
hd001418,,08/11/2024,20/11/2024,6507600.0,6507600.0,0.0
HD001419,DH001370,05/11/2024,15/11/2024,4748500.0,4748500.0,0.0
hd001420,dh008401,06/11/2024,27/12/2024,75878400.0,21211700.0,54666700.0
hd001421,dh006723,07/11/2024,20/11/2024,3650400.0,3650400.0,0.0
hd001422,dh004888,06/11/2024,25/01/2025,89878400.0,26917100.0,62961300.0
hd001423,dh007800,07/11/2024,29/01/2025,622925200.0,432298200.0,190627000.0
hd001424,dh002134,08/11/2024,23/01/2025,405279000.0,274701000.0,130578000.0
hd001425,dh003680,07/11/2024,22/11/2024,10527000.0,10527000.0,0.0
HD001426,dh000784,07/11/2024,06/01/2025,364327900.0,364327900.0,0.0
hd001427,dh000423,06/11/2024,02/02/2025,403028200.0,351624500.0,51403700.0
hd001428,dh007278,08/11/2024,15/11/2024,2000000.0,959100.0,1040900.0
hd001429,,08/11/2024,23/12/2024,338385500.0,167639800.0,170745700.0
hd001430,dh003440,06/11/2024,07/01/2025,620482900.0,399972000.0,220510900.0
hd001431,dh010062,11/07/2024,21/11/2024,249800.0,249800.0,0.0
hd001432,dh011397,08/11/2024,30/12/2024,395733700.0,395733700.0,0.0
hd001433,dh002575,07/11/2024,21/11/2024,929600.0,929600.0,0.0
hd001434,DH900003,09/11/2024,28/12/2024,482375800.0,482375800.0,0.0
hd001435,dh001499,08/11/2024,31/12/2024,213844600.0,213844600.0,0.0
hd001436,dh010155,07/11/2024,20/11/2024,1931300.0,1931300.0,0.0
hd001437,dh006807,08/11/2024,17/11/2024,3144500.0,3144500.0,0.0
hd001438,dh010767,09/11/2024,23/11/2024,1848000.0,1848000.0,0.0
hd001439,dh008349,08/11/2024,21/01/2025,105294200.0,105294200.0,0.0
hd001440,DH900008,07/11/2024,28/01/2025,274440000.0,274440000.0,0.0
HD001441,dh000045,07/11/2024,19/11/2024,418200.0,418200.0,0.0
hd001442,dh009187,07/11/2024,21/11/2024,338600.0,338600.0,0.0
hd001443,dh002721,09/11/2024,03/02/2025,375016200.0,375016200.0,0.0
hd001444,dh001773,09/11/2024,19/11/2024,600000.0,600000.0,0.0
hd001445,dh005791,09/11/2024,30/01/2025,275541400.0,44921900.0,230619500.0
hd001446,dh008849,09/11/2024,17/11/2024,1138000.0,1138000.0,0.0
hd001447,dh004684,06/11/2024,15/11/2024,1383800.0,1383800.0,0.0
hd001448,dh000833,08/11/2024,23/01/2025,489572600.0,306489400.0,183083200.0
hd001449,dh004287,07/11/2024,11/01/2025,86791500.0,86791500.0,0.0
HD001450,dh007506,09/11/2024,18/11/2024,154700.0,154700.0,0.0
hd001451,,06/11/2024,25/01/2025,197374800.0,173263700.0,24111100.0
hd001452,dh008469,08/11/2024,12/01/2025,132469400.0,132469400.0,0.0
HD001453,DH900006,07/11/2024,01/27/2025,283099000.0,283099000.0,0.0
HD001454,dh010499,08/11/2024,27/12/2024,186411600.0,95593600.0,90818000.0
hd001455,DH004609,06/11/2024,14/11/2024,2054000.0,2054000.0,0.0
hd001456,dh010935,08/11/2024,23/12/2024,253051300.0,253051300.0,0.0
hd001457,dh008651,07/11/2024,04/02/2025,256813800.0,256813800.0,0.0
hd001458,dh004791,09/11/2024,16/01/2025,452789600.0,452789600.0,0.0
hd001459,dh006831,08/11/2024,17/01/2025,96602300.0,45412100.0,51190200.0
hd001460,dh003773,09/11/2024,15/01/2025,475821200.0,86314900.0,389506300.0
hd001461,dh005721,08/11/2024,02/01/2025,167237000.0,129397400.0,37839600.0
hd001462,dh001480,2024-11-06,21/11/2024,4222800.0,4222800.0,0.0
hd001463,dh005264,07/11/2024,21/11/2024,864000.0,496300.0,367700.0
hd001464,dh005519,10/11/2024,23/11/2024,8418000.0,8418000.0,0.0
hd001465,dh011869,08/11/2024,20/11/2024,97800.0,97800.0,0.0
hd001466,dh010741,08/11/2024,16/11/2024,10627600.0,10627600.0,0.0
hd001467,dh007402,09/11/2024,2025-01-20,214999500.0,193862200.0,21137300.0
hd001468,dh010434,07/11/2024,19/11/2024,3018200.0,2836900.0,181300.0
hd001469,dh004547,09/11/2024,30/12/2024,58400100.0,58400100.0,0.0
hd001470,dh001909,08/11/2024,25/01/2025,205357600.0,135530900.0,69826700.0
HD001471,dh000963,09/11/2024,17/11/2024,4460000.0,4460000.0,0.0
HD001472,dh007357,10/11/2024,23/11/2024,672000.0,672000.0,0.0
hd001473,,07/11/2024,2025-01-03,399615200.0,243006800.0,156608400.0
hd001474,,11/09/2024,23/01/2025,59643200.0,59643200.0,0.0
hd001475,dh005041,10/11/2024,25/11/2024,1523000.0,1523000.0,0.0
HD001476,DH002747,09/11/2024,11/01/2025,94766000.0,13076100.0,81689900.0
hd001477,,09/11/2024,18/11/2024,8078200.0,4375400.0,3702800.0
hd001478,dh005690,10/11/2024,08/02/2025,431085000.0,186407200.0,244677800.0
HD001479,dh001661,09/11/2024,22/11/2024,651000.0,651000.0,0.0
HD001480,dh006568,09/11/2024,06/01/2025,429166100.0,302218900.0,126947200.0
hd001481,dh001254,08/11/2024,18/11/2024,4815000.0,4815000.0,0.0
hd001482,dh010148,08/11/2024,18/11/2024,2381500.0,2381500.0,0.0
HD001483,DH010267,08/11/2024,24/01/2025,403517900.0,403517900.0,0.0
HD001484,dh001896,10/11/2024,20/11/2024,1748300.0,1748300.0,0.0
hd001485,dh003996,08/11/2024,06/02/2025,300162600.0,300162600.0,0.0
hd001486,dh001714,08/11/2024,20/11/2024,15402100.0,14856200.0,545900.0
hd001487,dh007657,11/11/2024,23/11/2024,80000.0,80000.0,0.0
HD001488,dh011608,10/11/2024,20/01/2025,227786800.0,227786800.0,0.0
HD001489,dh011773,10/11/2024,04/01/2025,305532800.0,305532800.0,0.0
hd001490,DH009122,09/11/2024,24/01/2025,417347000.0,143523300.0,273823700.0
hd001491,dh000041,10/11/2024,24/11/2024,1014000.0,640100.0,373900.0
hd001492,dh009215,11/11/2024,26/11/2024,4211400.0,4211400.0,0.0
hd001493,dh006423,10/11/2024,22/11/2024,9237200.0,9237200.0,0.0
hd001494,dh002392,10/11/2024,22/11/2024,15037200.0,15037200.0,0.0
hd001495,dh008313,09/11/2024,11/17/2024,8680600.0,8680600.0,0.0
hd001496,dh001171,11/11/2024,27/12/2024,252206600.0,108843900.0,143362700.0
hd001497,DH010653,09/11/2024,06/01/2025,327015300.0,327015300.0,0.0
hd001498,dh000309,10/11/2024,22/11/2024,2415000.0,2415000.0,0.0
hd001499,dh009378,09/11/2024,20/01/2025,396334300.0,396334300.0,0.0
hd001500,dh007082,09/11/2024,01/01/2025,360584200.0,360584200.0,0.0
HD001501,dh010352,09/11/2024,13/01/2025,408757100.0,408757100.0,0.0
hd001502,DH001589,09/11/2024,28/01/2025,250242300.0,250242300.0,0.0
hd001503,dh003274,11/11/2024,05/02/2025,252383600.0,182695200.0,69688400.0
hd001504,DH010617,11/11/2024,21/11/2024,473400.0,473400.0,0.0
hd001505,dh011475,09/11/2024,01/01/2025,401792400.0,391001700.0,10790700.0
hd001506,dh000035,11/11/2024,20/11/2024,232000.0,232000.0,0.0
hd001507,DH007042,10/11/2024,24/11/2024,6107300.0,4540200.0,1567100.0
hd001508,DH900007,09/11/2024,16/11/2024,2790000.0,2790000.0,0.0
hd001509,dh009484,11/09/2024,20/11/2024,1230800.0,324000.0,906800.0
HD001510,dh001042,11/11/2024,22/11/2024,1878000.0,1878000.0,0.0
HD001511,DH003207,11/11/2024,19/11/2024,1518000.0,1518000.0,0.0
hd001512,dh009688,11/11/2024,26/01/2025,232596100.0,232596100.0,0.0
hd001513,dh009746,12/11/2024,21/11/2024,11032800.0,11032800.0,0.0
hd001514,DH003864,12/11/2024,29/01/2025,344621100.0,344621100.0,0.0
hd001515,dh004774,12/11/2024,26/11/2024,4292100.0,4292100.0,0.0
hd001516,dh011455,11/11/2024,04/02/2025,167934400.0,167934400.0,0.0
hd001517,dh011182,11/11/2024,22/01/2025,465192600.0,465192600.0,0.0
HD001518,dh005440,12/11/2024,24/11/2024,1722200.0,1722200.0,0.0
hd001519,DH003129,10/11/2024,26/12/2024,569420800.0,122128900.0,447291900.0
hd001520,dh006585,09/11/2024,01/08/2025,162751000.0,162751000.0,0.0
hd001521,dh007891,11/11/2024,2025-01-17,299901000.0,37941400.0,261959600.0
hd001522,dh005581,09/11/2024,31/12/2024,180411400.0,180411400.0,0.0
hd001523,dh006589,09/11/2024,17/11/2024,3037800.0,3037800.0,0.0
hd001524,dh002027,12/11/2024,19/01/2025,25235200.0,3767900.0,21467300.0
HD001525,DH900004,11/12/2024,26/11/2024,9159800.0,9159800.0,0.0
hd001526,dh000712,12/11/2024,27/12/2024,334027000.0,334027000.0,0.0
hd001527,dh009440,13/11/2024,27/11/2024,1246400.0,1246400.0,0.0
hd001528,dh003828,10/11/2024,28/01/2025,726924000.0,726924000.0,0.0
hd001529,dh002273,13/11/2024,27/11/2024,4156500.0,4156500.0,0.0
hd001530,dh001044,11/11/2024,18/11/2024,259200.0,259200.0,0.0
HD001531,dh006550,13/11/2024,28/12/2024,194447700.0,36825800.0,157621900.0
hd001532,dh010068,13/11/2024,12/01/2025,115092000.0,115092000.0,0.0
hd001533,dh004637,10/11/2024,31/12/2024,1033056200.0,703328800.0,329727400.0
hd001534,,12/11/2024,01/02/2025,209397800.0,209397800.0,0.0
hd001535,dh001372,11/11/2024,17/01/2025,355688600.0,127796300.0,227892300.0
HD001536,,11/11/2024,19/11/2024,4070800.0,4070800.0,0.0
hd001537,dh008787,10/11/2024,27/12/2024,301603200.0,37384700.0,264218500.0
hd001538,dh002732,10/11/2024,22/11/2024,2043100.0,2043100.0,0.0
hd001539,dh005658,11/11/2024,25/11/2024,2448000.0,2448000.0,0.0
hd001540,dh004814,13/11/2024,19/01/2025,62218400.0,62218400.0,0.0
HD001541,dh000490,13/11/2024,30/12/2024,620612400.0,117019700.0,503592700.0
hd001542,dh005696,11/11/2024,26/01/2025,208096300.0,185173000.0,22923300.0
hd001543,dh010257,14/11/2024,22/11/2024,444600.0,444600.0,0.0
hd001544,,14/11/2024,24/11/2024,6858100.0,6858100.0,0.0
hd001545,,14/11/2024,21/11/2024,562000.0,562000.0,0.0
hd001546,dh011599,13/11/2024,28/01/2025,245275900.0,245275900.0,0.0
hd001547,DH011548,13/11/2024,24/01/2025,306884400.0,69274200.0,237610200.0
hd001548,dh008887,14/11/2024,24/11/2024,1592300.0,1592300.0,0.0
hd001549,DH001651,14/11/2024,27/11/2024,1421700.0,1421700.0,0.0
hd001550,DH000603,12/11/2024,25/11/2024,5565500.0,5565500.0,0.0
hd001551,dh001030,13/11/2024,24/11/2024,186000.0,186000.0,0.0
HD001552,dh008145,14/11/2024,24/11/2024,966000.0,966000.0,0.0
hd001553,dh002772,14/11/2024,22/11/2024,753300.0,753300.0,0.0
hd001554,dh001230,13/11/2024,22/11/2024,1056000.0,1056000.0,0.0
hd001555,dh006381,11/11/2024,08/01/2025,46487000.0,9199600.0,37287400.0
hd001556,dh006282,13/11/2024,05/02/2025,230577400.0,230577400.0,0.0
hd001557,dh006754,13/11/2024,30/01/2025,164671000.0,27551300.0,137119700.0
hd001558,dh002905,14/11/2024,28/01/2025,224065400.0,224065400.0,0.0
hd001559,dh009999,12/11/2024,27/11/2024,14132500.0,12654400.0,1478100.0
hd001560,DH007987,11/11/2024,30/12/2024,602946200.0,602946200.0,0.0
hd001561,dh008726,15/11/2024,16/01/2025,616186400.0,616186400.0,0.0
HD001562,dh011410,12/11/2024,19/11/2024,125000.0,125000.0,0.0
HD001563,dh002199,15/11/2024,29/11/2024,680000.0,680000.0,0.0
hd001564,dh009948,15/11/2024,22/11/2024,1606000.0,262600.0,1343400.0
HD001565,dh005587,12/11/2024,21/01/2025,382123100.0,382123100.0,0.0
HD001566,dh004924,15/11/2024,14/01/2025,401611300.0,401611300.0,0.0
HD001567,dh006556,12/11/2024,06/01/2025,239561500.0,239561500.0,0.0
hd001568,dh008755,13/11/2024,20/11/2024,8371800.0,8371800.0,0.0
hd001569,dh002062,14/11/2024,02/01/2025,114658100.0,88742300.0,25915800.0
hd001570,dh004841,12/11/2024,26/01/2025,132593200.0,103791200.0,28802000.0
HD001571,dh006350,12/11/2024,26/11/2024,2925000.0,2925000.0,0.0
hd001572,dh004933,14/11/2024,28/11/2024,7640100.0,7640100.0,0.0
hd001573,dh004380,14/11/2024,18/01/2025,275901800.0,275901800.0,0.0
hd001574,,13/11/2024,10/02/2025,482632400.0,482632400.0,0.0
hd001575,dh006893,2024-11-14,28/11/2024,2829000.0,2829000.0,0.0
hd001576,dh005027,12/11/2024,21/11/2024,932000.0,932000.0,0.0
HD001577,dh007990,16/11/2024,01/01/2025,111647100.0,38949200.0,72697900.0
HD001578,dh000539,16/11/2024,26/11/2024,8313000.0,4217200.0,4095800.0
hd001579,,16/11/2024,01/12/2024,3058600.0,2190800.0,867800.0
hd001580,dh001677,14/11/2024,06/02/2025,311591000.0,210485900.0,101105100.0
hd001581,dh000412,13/11/2024,26/11/2024,11741300.0,11741300.0,0.0
hd001582,dh003638,16/11/2024,25/11/2024,9623000.0,8259100.0,1363900.0
HD001583,dh011836,16/11/2024,30/11/2024,2865400.0,2865400.0,0.0
hd001584,dh005903,14/11/2024,24/11/2024,1783400.0,1783400.0,0.0
hd001585,dh010962,15/11/2024,06/02/2025,220926600.0,204515500.0,16411100.0
hd001586,dh003378,16/11/2024,04/01/2025,317164400.0,50026000.0,267138400.0
hd001587,dh011783,14/11/2024,31/12/2024,205396000.0,94198700.0,111197300.0
hd001588,dh006079,14/11/2024,27/11/2024,7749000.0,7749000.0,0.0
HD001589,dh005938,14/11/2024,13/01/2025,87351600.0,17116700.0,70234900.0
hd001590,DH001527,17/11/2024,14/01/2025,434140600.0,35207500.0,398933100.0
HD001591,dh005620,17/11/2024,29/11/2024,9504000.0,9504000.0,0.0
hd001592,dh011824,14/11/2024,29/11/2024,1386200.0,1009400.0,376800.0
hd001593,dh005607,16/11/2024,27/11/2024,23400.0,17000.0,6400.0
hd001594,dh009135,14/11/2024,25/01/2025,359872400.0,359872400.0,0.0
HD001595,dh011653,16/11/2024,07/01/2025,148770200.0,56115400.0,92654800.0
hd001596,DH009251,17/11/2024,28/11/2024,13226900.0,13226900.0,0.0
hd001597,dh006340,14/11/2024,28/01/2025,303069600.0,104060800.0,199008800.0
hd001598,dh003979,15/11/2024,27/11/2024,7697900.0,6122700.0,1575200.0
hd001599,dh010363,17/11/2024,11/01/2025,353469000.0,345936200.0,7532800.0
HD001600,dh001001,15/11/2024,30/11/2024,153900.0,153900.0,0.0
HD001601,dh005760,14/11/2024,08/02/2025,557187300.0,7478100.0,549709200.0
hd001602,dh004126,15/11/2024,08/01/2025,1063159300.0,26690700.0,1036468600.0
hd001603,dh007902,17/11/2024,15/02/2025,642423000.0,642423000.0,0.0
hd001604,dh005312,15/11/2024,13/02/2025,107676000.0,9765700.0,97910300.0
hd001605,dh008915,16/11/2024,27/11/2024,4347600.0,4347600.0,0.0
hd001606,dh000741,14/11/2024,26/11/2024,2280000.0,2280000.0,0.0
HD001607,dh008862,14/11/2024,08/01/2025,372393300.0,295375800.0,77017500.0
hd001608,dh002232,16/11/2024,30/11/2024,10000000.0,10000000.0,0.0
HD001609,dh008292,18/11/2024,20/01/2025,338788900.0,233566000.0,105222900.0
hd001610,dh001242,16/11/2024,18/01/2025,245488800.0,245488800.0,0.0
hd001611,dh008439,2024-11-17,23/01/2025,335969100.0,335969100.0,0.0
hd001612,dh002193,16/11/2024,27/11/2024,1376000.0,920100.0,455900.0
HD001613,dh001866,16/11/2024,01/12/2024,986000.0,986000.0,0.0
HD001614,dh008749,17/11/2024,25/11/2024,7468200.0,7468200.0,0.0
HD001615,dh000113,18/11/2024,12/01/2025,177065400.0,23829700.0,153235700.0
HD001616,dh006187,15/11/2024,19/01/2025,120939800.0,114560900.0,6378900.0
hd001617,dh000697,18/11/2024,02/12/2024,6907800.0,6907800.0,0.0
hd001618,DH003561,17/11/2024,25/11/2024,1186200.0,1186200.0,0.0
hd001619,DH010390,17/11/2024,28/11/2024,4707000.0,3810400.0,896600.0
hd001620,dh008638,16/11/2024,29/01/2025,360437600.0,25101200.0,335336400.0
hd001621,dh006546,17/11/2024,27/01/2025,370659600.0,370659600.0,0.0
hd001622,dh011483,17/11/2024,30/11/2024,3633800.0,3633800.0,0.0
HD001623,dh001681,16/11/2024,27/11/2024,6555800.0,6555800.0,0.0
hd001624,dh000082,17/11/2024,01/12/2024,9125700.0,9125700.0,0.0
HD001625,dh002539,17/11/2024,26/11/2024,1920900.0,1920900.0,0.0
HD001626,dh005058,17/11/2024,02/12/2024,3287800.0,3287800.0,0.0
hd001627,dh003510,17/11/2024,14/01/2025,135687600.0,116533400.0,19154200.0
HD001628,dh002282,18/11/2024,01/12/2024,743800.0,743800.0,0.0
hd001629,dh011972,16/11/2024,06/02/2025,396960200.0,78046000.0,318914200.0
hd001630,dh003130,18/11/2024,04/02/2025,606351300.0,456822000.0,149529300.0
HD001631,dh005895,18/11/2024,01/19/2025,437517400.0,194979500.0,242537900.0
hd001632,dh001180,19/11/2024,15/02/2025,91443100.0,91443100.0,0.0
hd001633,dh006590,19/11/2024,31/01/2025,80192600.0,80192600.0,0.0
hd001634,dh008583,18/11/2024,27/01/2025,374921600.0,322750900.0,52170700.0
HD001635,dh007938,17/11/2024,31/01/2025,53775700.0,47104700.0,6671000.0
hd001636,DH011385,18/11/2024,25/11/2024,11655000.0,11655000.0,0.0
hd001637,dh002899,20/11/2024,15/01/2025,46243000.0,21663900.0,24579100.0
hd001638,dh009968,17/11/2024,01/12/2024,13233400.0,13233400.0,0.0
hd001639,dh002501,20/11/2024,28/11/2024,5303200.0,3550200.0,1753000.0
hd001640,dh008494,20/11/2024,28/11/2024,2868000.0,2868000.0,0.0
hd001641,dh000027,19/11/2024,01/12/2024,68400.0,68400.0,0.0
hd001642,dh004782,19/11/2024,02/02/2025,429628600.0,429628600.0,0.0
hd001643,dh000223,18/11/2024,02/12/2024,2092500.0,1978000.0,114500.0
hd001644,dh011930,17/11/2024,08/02/2025,623699500.0,623699500.0,0.0
hd001645,dh011532,19/11/2024,13/01/2025,406101000.0,406101000.0,0.0
hd001646,dh005794,17/11/2024,13/01/2025,259995100.0,259995100.0,0.0
hd001647,dh005257,20/11/2024,16/02/2025,260487600.0,260487600.0,0.0
hd001648,dh008086,18/11/2024,30/11/2024,4143400.0,4143400.0,0.0
hd001649,dh006194,18/11/2024,28/11/2024,164000.0,164000.0,0.0
HD001650,dh010012,19/11/2024,30/11/2024,1022200.0,1022200.0,0.0
hd001651,dh010605,2024-11-19,03/12/2024,8467200.0,8467200.0,0.0
hd001652,dh005569,18/11/2024,27/11/2024,2352600.0,2352600.0,0.0
hd001653,dh006376,18/11/2024,09/02/2025,459834800.0,173253700.0,286581100.0
HD001654,,21/11/2024,02/12/2024,10020000.0,10020000.0,0.0
hd001655,dh006980,18/11/2024,16/01/2025,90830000.0,84183400.0,6646600.0
hd001656,dh007965,20/11/2024,28/11/2024,549100.0,549100.0,0.0
HD001657,dh003179,21/11/2024,16/02/2025,206661800.0,72083900.0,134577900.0
hd001658,dh008116,21/11/2024,01/20/2025,271485100.0,271485100.0,0.0
HD001659,dh008993,20/11/2024,26/01/2025,306220500.0,306220500.0,0.0
HD001660,dh000944,20/11/2024,04/01/2025,515852000.0,257362400.0,258489600.0
hd001661,,20/11/2024,03/12/2024,4107800.0,980200.0,3127600.0
hd001662,DH008100,21/11/2024,02/12/2024,1422000.0,1340000.0,82000.0
HD001663,dh004166,20/11/2024,16/02/2025,140908800.0,11939800.0,128969000.0
hd001664,dh011684,21/11/2024,26/01/2025,951477900.0,152515000.0,798962900.0
HD001665,dh003822,19/11/2024,08/01/2025,230467800.0,105904000.0,124563800.0
hd001666,dh008539,11/18/2024,12/02/2025,287211300.0,287211300.0,0.0
hd001667,dh006292,18/11/2024,26/11/2024,516000.0,268900.0,247100.0
hd001668,dh000339,19/11/2024,15/01/2025,206334000.0,26863400.0,179470600.0
hd001669,dh002496,22/11/2024,13/01/2025,468674000.0,468674000.0,0.0
HD001670,dh010400,19/11/2024,02/12/2024,2122000.0,2122000.0,0.0
HD001671,DH900000,20/11/2024,09/01/2025,303501600.0,303501600.0,0.0
HD001672,dh004033,21/11/2024,30/11/2024,240000.0,81400.0,158600.0
hd001673,dh004525,19/11/2024,03/12/2024,1786700.0,1786700.0,0.0
hd001674,dh000744,21/11/2024,04/12/2024,4952800.0,4952800.0,0.0
HD001675,DH900008,22/11/2024,01/02/2025,92670800.0,92670800.0,0.0
hd001676,dh009286,21/11/2024,06/12/2024,732400.0,298200.0,434200.0
HD001677,dh005381,19/11/2024,10/02/2025,360776900.0,236912300.0,123864600.0
hd001678,dh005979,22/11/2024,31/01/2025,292007000.0,292007000.0,0.0
hd001679,dh006318,19/11/2024,14/01/2025,617600500.0,518745500.0,98855000.0
hd001680,dh002261,22/11/2024,14/02/2025,233119100.0,233119100.0,0.0
hd001681,dh006773,23/11/2024,08/12/2024,6701600.0,6701600.0,0.0
hd001682,dh010645,20/11/2024,30/11/2024,10535600.0,10535600.0,0.0
hd001683,DH008591,21/11/2024,29/11/2024,6254000.0,6254000.0,0.0
hd001684,dh010655,21/11/2024,03/12/2024,4072500.0,4072500.0,0.0
hd001685,dh009433,22/11/2024,01/12/2024,236500.0,236500.0,0.0
hd001686,dh005385,21/11/2024,30/11/2024,8424600.0,8424600.0,0.0
hd001687,DH003257,23/11/2024,07/12/2024,2772600.0,931500.0,1841100.0
hd001688,dh008580,21/11/2024,08/01/2025,231845300.0,231845300.0,0.0
hd001689,dh006475,23/11/2024,01/16/2025,445127000.0,445127000.0,0.0
HD001690,DH001479,20/11/2024,14/01/2025,290156200.0,290156200.0,0.0
hd001691,dh007330,23/11/2024,06/12/2024,4392000.0,4392000.0,0.0
hd001692,dh009533,20/11/2024,23/01/2025,416076600.0,416076600.0,0.0
hd001693,dh006018,22/11/2024,19/02/2025,128895500.0,128895500.0,0.0
HD001694,dh005192,23/11/2024,07/01/2025,102852800.0,79482200.0,23370600.0
hd001695,dh006594,23/11/2024,17/01/2025,561586500.0,561586500.0,0.0
HD001696,dh005901,20/11/2024,02/02/2025,189518300.0,189518300.0,0.0
hd001697,dh003782,2024-11-22,30/01/2025,335905200.0,28899900.0,307005300.0
hd001698,dh006803,20/11/2024,12/01/2025,226249600.0,226249600.0,0.0
hd001699,dh005909,20/11/2024,2025-02-17,335142000.0,151981700.0,183160300.0
hd001700,dh004729,11/20/2024,02/12/2024,450000.0,450000.0,0.0
hd001701,dh011363,22/11/2024,06/12/2024,16910500.0,16910500.0,0.0
hd001702,dh004128,24/11/2024,01/12/2024,205200.0,205200.0,0.0
hd001703,dh003393,22/11/2024,07/12/2024,10283800.0,10283800.0,0.0
hd001704,dh005830,22/11/2024,05/12/2024,5020800.0,4210900.0,809900.0
hd001705,dh000151,24/11/2024,01/12/2024,4916300.0,4916300.0,0.0
hd001706,dh009600,22/11/2024,04/12/2024,280200.0,280200.0,0.0
hd001707,dh008326,21/11/2024,08/02/2025,359949200.0,312721500.0,47227700.0
HD001708,dh000911,23/11/2024,15/02/2025,468439900.0,468439900.0,0.0
hd001709,dh010151,21/11/2024,15/02/2025,344963200.0,220550800.0,124412400.0
hd001710,dh006313,24/11/2024,04/12/2024,2493000.0,2493000.0,0.0
HD001711,DH000488,21/11/2024,06/02/2025,108627000.0,67257100.0,41369900.0
HD001712,dh009626,21/11/2024,03/12/2024,1836100.0,1836100.0,0.0
hd001713,dh011218,23/11/2024,01/12/2024,2733200.0,2733200.0,0.0
hd001714,dh006923,23/11/2024,04/12/2024,368000.0,368000.0,0.0
hd001715,DH005194,24/11/2024,21/01/2025,146586700.0,146586700.0,0.0
hd001716,dh000030,22/11/2024,08/02/2025,308603800.0,308603800.0,0.0
hd001717,,24/11/2024,10/01/2025,151768600.0,151768600.0,0.0
HD001718,dh010385,23/11/2024,30/11/2024,3693000.0,1138400.0,2554600.0
hd001719,dh004663,22/11/2024,20/01/2025,782235400.0,782235400.0,0.0
hd001720,dh009368,23/11/2024,06/12/2024,9698000.0,9698000.0,0.0
hd001721,dh001162,25/11/2024,02/12/2024,4577900.0,4577900.0,0.0
hd001722,dh010971,22/11/2024,12/05/2024,1641400.0,1641400.0,0.0
HD001723,dh011774,25/11/2024,09/02/2025,29608600.0,29608600.0,0.0
hd001724,DH005057,24/11/2024,02/09/2025,126096200.0,126096200.0,0.0
HD001725,dh002016,22/11/2024,09/02/2025,127676700.0,127676700.0,0.0
hd001726,DH900006,24/11/2024,06/12/2024,3831000.0,3831000.0,0.0
hd001727,DH900009,25/11/2024,15/02/2025,138013800.0,48147100.0,89866700.0
hd001728,DH005867,11/22/2024,07/12/2024,2468400.0,1881900.0,586500.0
HD001729,dh001228,26/11/2024,07/12/2024,10750000.0,10750000.0,0.0
hd001730,dh005225,24/11/2024,10/01/2025,238842000.0,88413100.0,150428900.0
hd001731,dh007270,26/11/2024,03/12/2024,10867200.0,10867200.0,0.0
HD001732,dh000042,23/11/2024,30/11/2024,11059200.0,11059200.0,0.0
hd001733,dh003557,25/11/2024,04/12/2024,1910000.0,1910000.0,0.0
hd001734,dh005423,24/11/2024,29/01/2025,667102600.0,314008300.0,353094300.0
hd001735,dh006084,25/11/2024,11/01/2025,483223400.0,204777900.0,278445500.0
hd001736,dh007856,24/11/2024,27/01/2025,395519700.0,197912200.0,197607500.0
hd001737,,11/25/2024,31/01/2025,452503600.0,78290500.0,374213100.0
hd001738,,25/11/2024,17/02/2025,102110000.0,68463900.0,33646100.0
hd001739,dh002791,26/11/2024,10/12/2024,5635500.0,5635500.0,0.0
hd001740,dh011859,25/11/2024,03/02/2025,82779800.0,71495100.0,11284700.0
hd001741,dh008558,24/11/2024,26/01/2025,590227900.0,590227900.0,0.0
hd001742,dh006401,23/11/2024,30/11/2024,1128600.0,1128600.0,0.0
hd001743,DH005433,26/11/2024,23/02/2025,483139100.0,292743900.0,190395200.0
hd001744,dh001995,23/11/2024,09/02/2025,169707800.0,84606000.0,85101800.0
HD001745,dh002275,25/11/2024,09/12/2024,5564000.0,5564000.0,0.0
HD001746,dh001637,23/11/2024,04/02/2025,65423500.0,44910300.0,20513200.0
HD001747,dh010142,23/11/2024,07/12/2024,2532200.0,2532200.0,0.0
hd001748,dh009643,23/11/2024,06/12/2024,970400.0,970400.0,0.0
hd001749,dh003137,26/11/2024,08/12/2024,2961000.0,2961000.0,0.0
hd001750,dh006999,24/11/2024,05/12/2024,7906500.0,5253000.0,2653500.0
HD001751,dh006296,26/11/2024,11/12/2024,1284000.0,1132600.0,151400.0
hd001752,dh009724,24/11/2024,03/12/2024,5053500.0,5053500.0,0.0
hd001753,dh010676,25/11/2024,03/12/2024,1114500.0,1114500.0,0.0
hd001754,dh006737,26/11/2024,07/12/2024,6729000.0,6729000.0,0.0
hd001755,dh009499,24/11/2024,03/12/2024,3849000.0,3849000.0,0.0
HD001756,dh005484,25/11/2024,02/12/2024,1376600.0,1376600.0,0.0
hd001757,dh008895,24/11/2024,23/01/2025,273670000.0,23545300.0,250124700.0
hd001758,dh011075,27/11/2024,06/12/2024,795500.0,621200.0,174300.0
hd001759,dh007534,25/11/2024,20/01/2025,334974600.0,162066300.0,172908300.0
hd001760,dh001882,26/11/2024,05/12/2024,2289400.0,2289400.0,0.0
HD001761,dh004743,25/11/2024,05/12/2024,162000.0,162000.0,0.0
hd001762,dh007388,27/11/2024,12/12/2024,236300.0,236300.0,0.0
hd001763,dh003236,24/11/2024,26/01/2025,537375400.0,525520100.0,11855300.0
HD001764,dh003992,25/11/2024,07/12/2024,3444000.0,3444000.0,0.0
HD001765,dh002418,25/11/2024,2025-02-05,625065600.0,323416500.0,301649100.0
hd001766,dh002259,26/11/2024,07/12/2024,6615600.0,6615600.0,0.0
hd001767,DH010345,25/11/2024,02/12/2024,14130000.0,14130000.0,0.0
HD001768,dh000822,26/11/2024,09/02/2025,391794600.0,380028000.0,11766600.0
hd001769,dh003095,27/11/2024,24/01/2025,535609100.0,362327500.0,173281600.0
HD001770,dh005689,25/11/2024,04/12/2024,6987400.0,6987400.0,0.0
HD001771,dh005017,25/11/2024,07/12/2024,2436800.0,2436800.0,0.0
hd001772,dh001181,26/11/2024,05/12/2024,3905200.0,3905200.0,0.0
hd001773,dh004556,26/11/2024,09/12/2024,4870400.0,4870400.0,0.0
hd001774,DH008504,26/11/2024,26/01/2025,199402500.0,199402500.0,0.0
hd001775,dh001136,27/11/2024,20/02/2025,237476300.0,237476300.0,0.0
hd001776,dh005142,27/11/2024,12/12/2024,156000.0,19000.0,137000.0
HD001777,DH007890,26/11/2024,10/12/2024,1760000.0,1760000.0,0.0
hd001778,dh001647,27/11/2024,04/12/2024,4834000.0,3255000.0,1579000.0
HD001779,dh010559,26/11/2024,10/01/2025,384515100.0,384515100.0,0.0
hd001780,dh009731,25/11/2024,22/02/2025,200888500.0,200888500.0,0.0
hd001781,dh005829,25/11/2024,22/01/2025,400856600.0,317798700.0,83057900.0
hd001782,dh000901,28/11/2024,08/12/2024,4597000.0,4597000.0,0.0
hd001783,dh007853,28/11/2024,24/02/2025,154141000.0,124458000.0,29683000.0
hd001784,dh010321,27/11/2024,09/12/2024,6263700.0,6263700.0,0.0
hd001785,,27/11/2024,10/12/2024,13499700.0,13499700.0,0.0
hd001786,dh009210,26/11/2024,06/12/2024,855600.0,855600.0,0.0
hd001787,dh003392,27/11/2024,12/01/2025,821039600.0,519099600.0,301940000.0
hd001788,DH011563,25/11/2024,05/12/2024,2015000.0,2015000.0,0.0
hd001789,dh005300,25/11/2024,09/12/2024,1132000.0,1132000.0,0.0
hd001790,dh011604,27/11/2024,10/12/2024,1275000.0,1275000.0,0.0
hd001791,dh008340,27/11/2024,23/01/2025,547416100.0,547416100.0,0.0
hd001792,dh003285,28/11/2024,17/02/2025,117995800.0,117995800.0,0.0
hd001793,dh011197,26/11/2024,18/02/2025,390283600.0,337591200.0,52692400.0
hd001794,dh005079,25/11/2024,02/12/2024,4039800.0,1621800.0,2418000.0
hd001795,dh003793,27/11/2024,06/12/2024,5489000.0,5489000.0,0.0
hd001796,dh008113,29/11/2024,17/01/2025,105852900.0,54142700.0,51710200.0
hd001797,dh001140,27/11/2024,08/12/2024,2531000.0,2531000.0,0.0
hd001798,dh010463,26/11/2024,06/02/2025,138000400.0,104101300.0,33899100.0
hd001799,dh009677,27/11/2024,17/01/2025,157044300.0,28457000.0,128587300.0
HD001800,,29/11/2024,12/12/2024,10747500.0,10747500.0,0.0
hd001801,dh005995,29/11/2024,06/12/2024,2520200.0,2520200.0,0.0
hd001802,dh011381,29/11/2024,07/12/2024,421600.0,421600.0,0.0
HD001803,,29/11/2024,16/02/2025,303494000.0,303494000.0,0.0
HD001804,dh005241,28/11/2024,25/02/2025,269932900.0,212956700.0,56976200.0
HD001805,dh001660,29/11/2024,14/12/2024,4863400.0,4278100.0,585300.0
hd001806,dh001150,28/11/2024,13/12/2024,1487100.0,1487100.0,0.0
hd001807,dh010200,29/11/2024,09/12/2024,640000.0,640000.0,0.0
hd001808,dh005568,26/11/2024,22/01/2025,37419600.0,37419600.0,0.0
hd001809,dh009668,29/11/2024,27/02/2025,611392400.0,418919600.0,192472800.0
hd001810,dh008436,29/11/2024,13/12/2024,678000.0,678000.0,0.0
hd001811,dh009400,27/11/2024,05/12/2024,935000.0,935000.0,0.0
HD001812,dh004480,29/11/2024,05/02/2025,562420300.0,562420300.0,0.0
HD001813,dh010441,2024-11-27,11/12/2024,6124900.0,6124900.0,0.0
hd001814,dh005629,29/11/2024,11/12/2024,4615400.0,4615400.0,0.0
hd001815,dh000174,29/11/2024,14/12/2024,2216200.0,2216200.0,0.0
hd001816,dh002156,28/11/2024,07/12/2024,1673400.0,785300.0,888100.0
HD001817,,26/11/2024,30/01/2025,147937600.0,147937600.0,0.0
hd001818,dh001846,29/11/2024,27/02/2025,410546400.0,185672600.0,224873800.0
hd001819,DH900006,28/11/2024,11/12/2024,2461800.0,2461800.0,0.0
HD001820,dh002342,30/11/2024,15/12/2024,811000.0,440900.0,370100.0
HD001821,dh000801,28/11/2024,10/02/2025,590349600.0,590349600.0,0.0
hd001822,dh006117,29/11/2024,14/12/2024,1972000.0,1972000.0,0.0
hd001823,dh005378,30/11/2024,18/01/2025,166054800.0,95730900.0,70323900.0
HD001824,dh004757,28/11/2024,06/12/2024,13427200.0,11566300.0,1860900.0
hd001825,dh001024,29/11/2024,30/01/2025,67321400.0,31985200.0,35336200.0
hd001826,dh010589,29/11/2024,07/12/2024,6596000.0,6596000.0,0.0
hd001827,dh005090,30/11/2024,14/01/2025,125449900.0,125449900.0,0.0
hd001828,dh005555,29/11/2024,12/12/2024,145800.0,145800.0,0.0
HD001829,dh011622,27/11/2024,06/12/2024,110500.0,110500.0,0.0
hd001830,dh003606,30/11/2024,18/01/2025,236217100.0,184082600.0,52134500.0
HD001831,dh004263,28/11/2024,12/12/2024,2215800.0,2215800.0,0.0
hd001832,DH001782,29/11/2024,2025-01-26,477646900.0,477646900.0,0.0
hd001833,dh009377,28/11/2024,23/01/2025,645103400.0,398699300.0,246404100.0
hd001834,dh009510,28/11/2024,24/01/2025,108085500.0,85823300.0,22262200.0
hd001835,dh007792,30/11/2024,04/02/2025,504837900.0,31228900.0,473609000.0
hd001836,dh003881,30/11/2024,15/12/2024,8940000.0,8940000.0,0.0
hd001837,dh008648,28/11/2024,11/02/2025,129550000.0,93661800.0,35888200.0
hd001838,dh005633,29/11/2024,03/02/2025,866699700.0,52177500.0,814522200.0
hd001839,DH900007,29/11/2024,27/02/2025,422935200.0,422935200.0,0.0
hd001840,dh010060,30/11/2024,17/02/2025,371662000.0,371662000.0,0.0
HD001841,dh008991,30/11/2024,22/02/2025,133369800.0,52573800.0,80796000.0
HD001842,dh002046,28/11/2024,11/12/2024,1892800.0,1892800.0,0.0
HD001843,dh000936,28/11/2024,29/01/2025,66228400.0,66228400.0,0.0
hd001844,dh011955,29/11/2024,20/01/2025,279353500.0,123473800.0,155879700.0
hd001845,dh001548,28/11/2024,06/12/2024,3012000.0,3012000.0,0.0
hd001846,dh010114,29/11/2024,14/12/2024,2357100.0,2357100.0,0.0
hd001847,dh004305,30/11/2024,16/02/2025,162415700.0,162415700.0,0.0
hd001848,DH900000,02/12/2024,10/12/2024,35100.0,35100.0,0.0
HD001849,dh003125,29/11/2024,23/01/2025,233394200.0,207496100.0,25898100.0
hd001850,dh000573,01/12/2024,08/12/2024,1190700.0,1190700.0,0.0
hd001851,dh001603,30/11/2024,28/02/2025,363480400.0,175889800.0,187590600.0
hd001852,dh011727,02/12/2024,21/02/2025,171314400.0,162934000.0,8380400.0
HD001853,dh007626,02/12/2024,09/12/2024,8807600.0,8807600.0,0.0
hd001854,dh011119,01/12/2024,10/12/2024,2309000.0,2309000.0,0.0
hd001855,dh000918,01/12/2024,23/02/2025,203194900.0,162307600.0,40887300.0
HD001856,dh002557,01/12/2024,08/12/2024,867000.0,867000.0,0.0
hd001857,dh003238,01/12/2024,22/02/2025,149746200.0,141640700.0,8105500.0
hd001858,dh002304,01/12/2024,27/02/2025,625103400.0,196760700.0,428342700.0
hd001859,dh005822,30/11/2024,11/12/2024,32000.0,32000.0,0.0
HD001860,dh004257,01/12/2024,23/01/2025,198453500.0,198453500.0,0.0
HD001861,dh010189,29/11/2024,06/12/2024,376000.0,376000.0,0.0
hd001862,dh007233,29/11/2024,03/02/2025,52320000.0,52320000.0,0.0
hd001863,dh004457,01/12/2024,11/12/2024,974000.0,974000.0,0.0
hd001864,dh010644,02/12/2024,10/12/2024,83700.0,83700.0,0.0
hd001865,,02/12/2024,22/01/2025,506099200.0,83246600.0,422852600.0
hd001866,dh004265,02/12/2024,2025-01-22,408246900.0,5263600.0,402983300.0
hd001867,DH004810,12/01/2024,10/12/2024,5479100.0,5479100.0,0.0
HD001868,dh000542,30/11/2024,09/12/2024,245600.0,245600.0,0.0
hd001869,dh011215,01/12/2024,16/12/2024,3080000.0,3080000.0,0.0
hd001870,DH007169,30/11/2024,07/02/2025,684868500.0,443355900.0,241512600.0
HD001871,dh008101,01/12/2024,08/12/2024,1246700.0,1246700.0,0.0
hd001872,dh007166,03/12/2024,15/12/2024,13464300.0,13464300.0,0.0
hd001873,dh006638,02/12/2024,10/12/2024,4000300.0,4000300.0,0.0
hd001874,dh002645,12/02/2024,01/03/2025,235189800.0,235189800.0,0.0
hd001875,dh011325,01/12/2024,12/12/2024,288000.0,288000.0,0.0
hd001876,dh002693,02/12/2024,2025-01-17,218417900.0,81961100.0,136456800.0
hd001877,dh007787,03/12/2024,12/12/2024,48000.0,48000.0,0.0
hd001878,dh004368,03/12/2024,05/02/2025,135957000.0,55363900.0,80593100.0
hd001879,dh001405,02/12/2024,10/02/2025,68835700.0,17514900.0,51320800.0
hd001880,dh001997,2024-12-03,15/12/2024,928800.0,928800.0,0.0
HD001881,dh006183,30/11/2024,15/12/2024,1324000.0,1324000.0,0.0
HD001882,dh007407,02/12/2024,28/02/2025,61508000.0,61508000.0,0.0
HD001883,dh006432,02/12/2024,04/02/2025,434156000.0,434156000.0,0.0
hd001884,dh004968,12/03/2024,17/12/2024,5449800.0,5449800.0,0.0
hd001885,dh011685,03/12/2024,11/02/2025,473661300.0,437540500.0,36120800.0
HD001886,dh000718,03/12/2024,21/01/2025,117988500.0,117988500.0,0.0
hd001887,dh001378,04/12/2024,14/12/2024,4181600.0,4181600.0,0.0
hd001888,dh011600,03/12/2024,10/12/2024,4733400.0,4733400.0,0.0
HD001889,dh004153,01/12/2024,17/02/2025,45406300.0,45406300.0,0.0
hd001890,dh009629,01/12/2024,23/01/2025,193105600.0,126471700.0,66633900.0
hd001891,dh006957,04/12/2024,17/02/2025,392014000.0,392014000.0,0.0
hd001892,dh008165,02/12/2024,13/12/2024,4592200.0,4592200.0,0.0
hd001893,dh011225,02/12/2024,15/02/2025,155618100.0,14203700.0,141414400.0
hd001894,dh008178,01/12/2024,14/12/2024,3698000.0,3698000.0,0.0
hd001895,dh004839,04/12/2024,18/12/2024,1266300.0,1266300.0,0.0
HD001896,DH010594,03/12/2024,17/12/2024,2546000.0,2546000.0,0.0
hd001897,dh007193,03/12/2024,01/02/2025,734169300.0,642406100.0,91763200.0
hd001898,dh004610,01/12/2024,19/01/2025,343438000.0,343438000.0,0.0
hd001899,dh010607,02/12/2024,13/12/2024,11105000.0,11105000.0,0.0
hd001900,dh005920,01/12/2024,09/02/2025,297878000.0,250923300.0,46954700.0
hd001901,dh003003,01/12/2024,14/12/2024,913500.0,913500.0,0.0
HD001902,dh007472,04/12/2024,13/12/2024,3164400.0,3164400.0,0.0
hd001903,dh006005,04/12/2024,26/01/2025,111446600.0,111446600.0,0.0
hd001904,,03/12/2024,2024-12-17,5656000.0,5656000.0,0.0
hd001905,,02/12/2024,14/02/2025,51722000.0,18489700.0,33232300.0
hd001906,dh011350,02/12/2024,11/12/2024,6837300.0,6837300.0,0.0
hd001907,dh000887,05/12/2024,24/02/2025,416673700.0,416673700.0,0.0
HD001908,dh001080,03/12/2024,17/12/2024,4296000.0,4296000.0,0.0
hd001909,dh004694,03/12/2024,02/03/2025,461010300.0,438943900.0,22066400.0
hd001910,dh007050,02/12/2024,09/12/2024,12053700.0,12053700.0,0.0
HD001911,dh006870,04/12/2024,19/12/2024,4359900.0,4359900.0,0.0
HD001912,dh007510,03/12/2024,11/12/2024,8568000.0,8568000.0,0.0
hd001913,dh005712,04/12/2024,11/12/2024,1009800.0,1009800.0,0.0
hd001914,dh010947,02/12/2024,05/02/2025,434824000.0,434824000.0,0.0
hd001915,dh011362,02/12/2024,15/02/2025,128062800.0,128062800.0,0.0
hd001916,dh003150,04/12/2024,16/02/2025,535628400.0,91622300.0,444006100.0
hd001917,dh001375,02/12/2024,24/02/2025,733163100.0,733163100.0,0.0
hd001918,dh000505,03/12/2024,21/01/2025,197480700.0,197480700.0,0.0
hd001919,dh002498,04/12/2024,11/12/2024,213800.0,213800.0,0.0
hd001920,dh005668,03/12/2024,16/12/2024,4804200.0,4804200.0,0.0
hd001921,dh002484,04/12/2024,11/02/2025,309386000.0,309386000.0,0.0
hd001922,dh003268,02/12/2024,18/02/2025,719698300.0,719698300.0,0.0
hd001923,dh005137,03/12/2024,07/02/2025,450844000.0,450844000.0,0.0
hd001924,DH002917,04/12/2024,19/12/2024,459800.0,459800.0,0.0
hd001925,DH900007,05/12/2024,01/03/2025,153255900.0,153255900.0,0.0
hd001926,DH009570,02/12/2024,14/12/2024,1050000.0,1050000.0,0.0
HD001927,DH900005,05/12/2024,24/02/2025,248941300.0,194897500.0,54043800.0
hd001928,dh003239,02/12/2024,07/02/2025,236286300.0,236286300.0,0.0
hd001929,DH900002,03/12/2024,10/12/2024,820000.0,362900.0,457100.0
hd001930,dh004581,05/12/2024,2025-01-27,446151500.0,269800700.0,176350800.0
hd001931,dh009996,02/12/2024,26/01/2025,215777200.0,116878400.0,98898800.0
HD001932,DH010554,12/06/2024,01/28/2025,71044800.0,71044800.0,0.0
HD001933,dh011474,06/12/2024,18/12/2024,1225800.0,1225800.0,0.0
HD001934,dh000018,04/12/2024,19/12/2024,738000.0,472700.0,265300.0
hd001935,,05/12/2024,15/12/2024,2344000.0,2344000.0,0.0
hd001936,dh009403,06/12/2024,19/12/2024,1086300.0,1086300.0,0.0
hd001937,DH900002,05/12/2024,13/12/2024,384900.0,384900.0,0.0
hd001938,dh001854,05/12/2024,19/12/2024,14131100.0,14131100.0,0.0
hd001939,dh002534,03/12/2024,01/02/2025,895377600.0,595073300.0,300304300.0
hd001940,dh007332,06/12/2024,26/01/2025,359662600.0,359662600.0,0.0
hd001941,dh002894,03/12/2024,18/02/2025,126442000.0,126442000.0,0.0
hd001942,dh001016,05/12/2024,13/12/2024,12751000.0,12751000.0,0.0
hd001943,dh002576,06/12/2024,17/02/2025,503131600.0,376989400.0,126142200.0
hd001944,dh011857,03/12/2024,12/02/2025,645843600.0,389358900.0,256484700.0
hd001945,dh011022,04/12/2024,25/01/2025,128912100.0,15992500.0,112919600.0
hd001946,dh001596,12/03/2024,14/12/2024,7689800.0,7689800.0,0.0
HD001947,dh006519,05/12/2024,22/02/2025,481212600.0,481212600.0,0.0
hd001948,DH007611,05/12/2024,01/02/2025,569593200.0,569593200.0,0.0
HD001949,dh006815,03/12/2024,25/02/2025,170593200.0,30247300.0,140345900.0
hd001950,dh006087,03/12/2024,10/12/2024,5142600.0,5142600.0,0.0
HD001951,dh007026,05/12/2024,19/01/2025,662162800.0,411433600.0,250729200.0
hd001952,dh010678,05/12/2024,05/02/2025,721419000.0,721419000.0,0.0
hd001953,dh003096,05/12/2024,14/02/2025,285608800.0,249364800.0,36244000.0
hd001954,dh011125,05/12/2024,02/02/2025,539517000.0,539517000.0,0.0
HD001955,DH008250,12/05/2024,04/02/2025,117796000.0,117796000.0,0.0
hd001956,dh000739,05/12/2024,15/02/2025,175259000.0,137793300.0,37465700.0
hd001957,dh006424,03/12/2024,12/12/2024,6117000.0,6117000.0,0.0
hd001958,dh010389,06/12/2024,20/12/2024,841500.0,841500.0,0.0
hd001959,dh011958,04/12/2024,14/02/2025,425096800.0,115141300.0,309955500.0
hd001960,dh003216,03/12/2024,05/02/2025,295071500.0,295071500.0,0.0
HD001961,dh002128,06/12/2024,16/12/2024,3220000.0,3220000.0,0.0
hd001962,dh001750,03/12/2024,17/12/2024,2908000.0,968900.0,1939100.0
HD001963,dh005514,04/12/2024,01/03/2025,214563100.0,214563100.0,0.0
hd001964,DH000061,05/12/2024,06/02/2025,622018000.0,291510400.0,330507600.0
hd001965,dh002335,04/12/2024,23/02/2025,204985900.0,64650600.0,140335300.0
hd001966,dh003490,06/12/2024,28/02/2025,185380400.0,185380400.0,0.0
hd001967,dh006488,04/12/2024,19/01/2025,604596300.0,421271700.0,183324600.0
hd001968,dh004080,06/12/2024,25/01/2025,180158800.0,180158800.0,0.0
hd001969,dh001274,06/12/2024,16/12/2024,2560700.0,2560700.0,0.0
hd001970,dh010537,06/12/2024,26/01/2025,578892000.0,175532700.0,403359300.0
hd001971,dh008278,07/12/2024,22/12/2024,9852000.0,9852000.0,0.0
hd001972,dh002896,06/12/2024,12/21/2024,2664000.0,2664000.0,0.0
hd001973,dh003185,07/12/2024,16/12/2024,595600.0,595600.0,0.0
hd001974,dh006677,07/12/2024,18/12/2024,136800.0,136800.0,0.0
hd001975,dh003661,05/12/2024,2024-12-15,8204800.0,8204800.0,0.0
hd001976,dh011082,05/12/2024,17/12/2024,6422800.0,6422800.0,0.0
HD001977,dh009467,07/12/2024,22/12/2024,2084600.0,2084600.0,0.0
hd001978,dh004516,05/12/2024,17/12/2024,2520000.0,2520000.0,0.0
hd001979,dh007430,07/12/2024,27/01/2025,184590000.0,184590000.0,0.0
hd001980,dh011246,04/12/2024,14/12/2024,3510000.0,3510000.0,0.0
hd001981,dh011140,05/12/2024,13/12/2024,1080000.0,1080000.0,0.0
hd001982,dh006476,05/12/2024,19/12/2024,5027400.0,2798400.0,2229000.0
hd001983,dh002421,05/12/2024,17/12/2024,877500.0,877500.0,0.0
hd001984,dh004521,08/12/2024,28/01/2025,223384200.0,30125300.0,193258900.0
hd001985,dh001570,06/12/2024,26/02/2025,369803400.0,197429700.0,172373700.0
hd001986,dh008578,08/12/2024,18/12/2024,727800.0,727800.0,0.0
hd001987,dh011288,12/07/2024,22/12/2024,247000.0,247000.0,0.0
hd001988,dh008892,07/12/2024,17/12/2024,5087900.0,5087900.0,0.0
hd001989,dh006332,08/12/2024,18/12/2024,5672000.0,5672000.0,0.0
hd001990,dh004665,07/12/2024,19/02/2025,579184000.0,579184000.0,0.0
hd001991,dh008535,06/12/2024,16/12/2024,1113500.0,769500.0,344000.0
hd001992,dh007741,08/12/2024,21/12/2024,468000.0,468000.0,0.0
HD001993,DH001918,07/12/2024,01/03/2025,634939000.0,263585900.0,371353100.0
hd001994,dh000875,08/12/2024,19/12/2024,2798000.0,2798000.0,0.0
hd001995,dh002455,05/12/2024,01/02/2025,534300000.0,534300000.0,0.0
hd001996,dh010041,07/12/2024,21/12/2024,2934600.0,2934600.0,0.0
hd001997,dh000014,08/12/2024,24/02/2025,809535100.0,809535100.0,0.0
HD001998,dh006910,08/12/2024,22/12/2024,310000.0,309300.0,700.0
hd001999,dh010453,07/12/2024,21/01/2025,146357000.0,61316100.0,85040900.0
hd002000,dh003609,05/12/2024,14/12/2024,12159300.0,12159300.0,0.0
HD002001,dh011986,07/12/2024,17/12/2024,13733000.0,13733000.0,0.0
hd002002,dh008610,05/12/2024,11/02/2025,203441800.0,111921300.0,91520500.0
HD002003,,07/12/2024,14/12/2024,6006000.0,6006000.0,0.0
HD002004,dh003126,07/12/2024,20/12/2024,11047000.0,11047000.0,0.0
hd002005,dh002655,05/12/2024,16/12/2024,493000.0,493000.0,0.0
hd002006,dh011982,12/08/2024,22/12/2024,4409600.0,4409600.0,0.0
hd002007,dh011967,07/12/2024,25/02/2025,748430200.0,291661600.0,456768600.0
hd002008,dh006779,08/12/2024,28/01/2025,156894800.0,156894800.0,0.0
hd002009,dh006396,06/12/2024,01/02/2025,86232500.0,51321100.0,34911400.0
hd002010,dh001053,09/12/2024,18/12/2024,15847400.0,15847400.0,0.0
hd002011,dh005786,09/12/2024,24/12/2024,860000.0,295100.0,564900.0
hd002012,dh004855,06/12/2024,15/12/2024,32300.0,5200.0,27100.0
hd002013,DH005503,06/12/2024,14/12/2024,5054400.0,5054400.0,0.0
hd002014,dh009662,06/12/2024,02/02/2025,291265000.0,291265000.0,0.0
hd002015,DH009140,09/12/2024,23/12/2024,1134300.0,1134300.0,0.0
HD002016,dh007716,07/12/2024,17/02/2025,184087000.0,184087000.0,0.0
hd002017,dh000661,08/12/2024,16/12/2024,3013200.0,3013200.0,0.0
HD002018,dh010372,06/12/2024,14/02/2025,365057100.0,329158700.0,35898400.0
hd002019,dh004504,07/12/2024,24/01/2025,327678300.0,33872900.0,293805400.0
hd002020,dh000585,09/12/2024,15/02/2025,353335200.0,353335200.0,0.0
hd002021,dh000122,08/12/2024,03/03/2025,461159400.0,461159400.0,0.0
hd002022,DH007984,07/12/2024,01/02/2025,689765000.0,642124600.0,47640400.0
hd002023,dh007746,09/12/2024,07/03/2025,182142700.0,76554400.0,105588300.0
hd002024,dh008956,07/12/2024,31/01/2025,167581200.0,167581200.0,0.0
HD002025,dh011101,09/12/2024,01/02/2025,492221000.0,492221000.0,0.0
hd002026,dh002840,09/12/2024,24/12/2024,22222800.0,16405800.0,5817000.0
hd002027,dh009017,07/12/2024,12/16/2024,8328600.0,8328600.0,0.0
hd002028,dh002822,07/12/2024,09/02/2025,371544200.0,151048300.0,220495900.0
hd002029,dh004567,06/12/2024,01/03/2025,247600500.0,160872300.0,86728200.0
hd002030,dh003345,07/12/2024,18/12/2024,11311200.0,11311200.0,0.0
hd002031,dh011015,08/12/2024,21/12/2024,11166600.0,11166600.0,0.0
HD002032,dh001606,09/12/2024,07/03/2025,249077800.0,109653600.0,139424200.0
hd002033,dh006874,12/08/2024,16/12/2024,8479000.0,8479000.0,0.0
hd002034,dh001251,09/12/2024,21/02/2025,277954100.0,277954100.0,0.0
HD002035,dh005705,10/12/2024,25/02/2025,209691500.0,151808000.0,57883500.0
HD002036,dh009919,07/12/2024,17/12/2024,2870500.0,2870500.0,0.0
HD002037,dh008335,10/12/2024,20/12/2024,8767000.0,8767000.0,0.0
hd002038,dh002029,08/12/2024,25/02/2025,48510000.0,6285900.0,42224100.0
hd002039,dh003442,09/12/2024,22/12/2024,945000.0,918400.0,26600.0
HD002040,dh005499,07/12/2024,2024-12-16,2616300.0,2616300.0,0.0
hd002041,dh001623,10/12/2024,14/02/2025,450031000.0,450031000.0,0.0
hd002042,dh008368,07/12/2024,12/18/2024,14389600.0,14389600.0,0.0
hd002043,dh001400,09/12/2024,23/02/2025,387974400.0,3567600.0,384406800.0
hd002044,dh000775,09/12/2024,13/02/2025,234132400.0,234132400.0,0.0
hd002045,dh002717,09/12/2024,13/02/2025,245658000.0,245658000.0,0.0
HD002046,,10/12/2024,24/12/2024,5269900.0,5269900.0,0.0
HD002047,dh008602,11/12/2024,21/12/2024,1556800.0,1556800.0,0.0
hd002048,dh003035,08/12/2024,18/12/2024,18665300.0,18665300.0,0.0
hd002049,dh006505,10/12/2024,25/12/2024,3948900.0,3948900.0,0.0
hd002050,dh007231,08/12/2024,21/02/2025,330736900.0,200522900.0,130214000.0
HD002051,dh001844,09/12/2024,28/01/2025,289795000.0,120266100.0,169528900.0
HD002052,dh005340,08/12/2024,15/12/2024,135000.0,135000.0,0.0
hd002053,DH005958,09/12/2024,21/12/2024,1514700.0,1514700.0,0.0
HD002054,dh000647,11/12/2024,18/12/2024,2207800.0,2207800.0,0.0
hd002055,dh007914,2024-12-11,02/08/2025,405207200.0,248673100.0,156534100.0
HD002056,dh009563,10/12/2024,03/03/2025,235092300.0,110633800.0,124458500.0
hd002057,dh003210,09/12/2024,26/01/2025,441713200.0,441713200.0,0.0
hd002058,dh007417,11/12/2024,21/12/2024,205200.0,205200.0,0.0
hd002059,dh000064,08/12/2024,22/12/2024,2201200.0,2201200.0,0.0
hd002060,dh007975,09/12/2024,21/12/2024,1665000.0,1665000.0,0.0
hd002061,dh010693,12/10/2024,2024-12-24,1624500.0,1624500.0,0.0
HD002062,dh010039,09/12/2024,24/12/2024,15079500.0,15079500.0,0.0
hd002063,dh008579,10/12/2024,04/02/2025,319571300.0,6178700.0,313392600.0
hd002064,dh003234,11/12/2024,21/12/2024,2256000.0,2256000.0,0.0
hd002065,dh003309,11/12/2024,28/01/2025,540517300.0,540517300.0,0.0
hd002066,dh004220,10/12/2024,25/12/2024,1234800.0,1234800.0,0.0
hd002067,dh005456,08/12/2024,20/12/2024,2910000.0,2910000.0,0.0
HD002068,dh004383,12/12/2024,21/12/2024,1410000.0,1410000.0,0.0
hd002069,dh003615,2024-12-11,02/02/2025,533514500.0,434366100.0,99148400.0
HD002070,dh002679,11/12/2024,31/01/2025,712694800.0,690860300.0,21834500.0
hd002071,,12/12/2024,26/12/2024,7956000.0,4957000.0,2999000.0
HD002072,dh008382,10/12/2024,23/12/2024,2301600.0,2301600.0,0.0
hd002073,dh004275,09/12/2024,23/12/2024,1137600.0,1137600.0,0.0
hd002074,dh011145,09/12/2024,20/02/2025,453812200.0,224939700.0,228872500.0
HD002075,DH002710,2024-12-09,18/12/2024,6744000.0,6744000.0,0.0
HD002076,DH900001,12/12/2024,27/02/2025,91820000.0,91820000.0,0.0
hd002077,dh006849,09/12/2024,2024-12-18,18615400.0,18615400.0,0.0
hd002078,dh000431,09/12/2024,24/12/2024,12213900.0,4139700.0,8074200.0
hd002079,dh010477,09/12/2024,06/02/2025,855290200.0,726638600.0,128651600.0
HD002080,dh000742,10/12/2024,23/12/2024,12744100.0,12744100.0,0.0
hd002081,dh003716,10/12/2024,15/02/2025,316770700.0,206358500.0,110412200.0
hd002082,dh003939,09/12/2024,17/12/2024,3568000.0,382200.0,3185800.0
HD002083,dh001638,10/12/2024,24/02/2025,380095000.0,48432900.0,331662100.0
HD002084,,2024-12-10,23/12/2024,856800.0,856800.0,0.0
hd002085,dh010836,10/12/2024,10/02/2025,547896200.0,266453600.0,281442600.0
hd002086,dh004288,12/09/2024,22/12/2024,5358600.0,5358600.0,0.0
HD002087,dh004199,09/12/2024,12/02/2025,479959300.0,281242500.0,198716800.0
hd002088,dh003806,10/12/2024,01/02/2025,411841400.0,145297700.0,266543700.0
hd002089,dh004048,10/12/2024,23/12/2024,5910600.0,5910600.0,0.0
HD002090,DH005849,12/12/2024,25/12/2024,437000.0,437000.0,0.0
hd002091,dh003123,12/12/2024,22/12/2024,1575800.0,1575800.0,0.0
hd002092,dh003595,12/12/2024,19/12/2024,2862000.0,2862000.0,0.0
HD002093,DH900000,13/12/2024,02/22/2025,310683200.0,310683200.0,0.0
hd002094,DH010555,10/12/2024,30/01/2025,449059500.0,449059500.0,0.0
HD002095,dh005560,12/12/2024,18/02/2025,158137400.0,29358800.0,128778600.0
hd002096,dh004927,13/12/2024,24/12/2024,9760800.0,9760800.0,0.0
HD002097,dh009978,10/12/2024,20/12/2024,2038000.0,2038000.0,0.0
hd002098,dh011447,11/12/2024,08/02/2025,1216332400.0,593291500.0,623040900.0
hd002099,dh000198,11/12/2024,08/02/2025,384260400.0,201641700.0,182618700.0
HD002100,dh000932,10/12/2024,02/02/2025,516930600.0,130494000.0,386436600.0
HD002101,dh002169,10/12/2024,19/12/2024,3261300.0,3261300.0,0.0
HD002102,dh000780,12/12/2024,07/03/2025,243392000.0,222071800.0,21320200.0
hd002103,dh003406,10/12/2024,15/02/2025,318334000.0,248641200.0,69692800.0
HD002104,dh010795,12/12/2024,27/12/2024,655500.0,655500.0,0.0
hd002105,dh000487,12/12/2024,08/02/2025,394363000.0,394363000.0,0.0
hd002106,dh001323,10/12/2024,05/02/2025,641693500.0,641693500.0,0.0
hd002107,dh005858,12/12/2024,21/12/2024,2183800.0,2183800.0,0.0
hd002108,dh008752,10/12/2024,23/12/2024,855000.0,855000.0,0.0
HD002109,dh007614,10/12/2024,14/02/2025,509719000.0,481985200.0,27733800.0
hd002110,dh008150,12/12/2024,28/01/2025,836665200.0,836665200.0,0.0
HD002111,dh003645,13/12/2024,02/02/2025,714646600.0,714646600.0,0.0
hd002112,DH006298,11/12/2024,23/12/2024,598700.0,578700.0,20000.0
hd002113,dh006862,11/12/2024,22/12/2024,12967600.0,12967600.0,0.0
hd002114,dh007926,12/12/2024,14/02/2025,234046200.0,233762700.0,283500.0
hd002115,,14/12/2024,28/01/2025,757031800.0,757031800.0,0.0
hd002116,dh000169,12/12/2024,18/02/2025,166584600.0,166584600.0,0.0
HD002117,dh002561,12/13/2024,14/02/2025,131656200.0,50380700.0,81275500.0
hd002118,DH002599,13/12/2024,20/02/2025,277825400.0,17602400.0,260223000.0
hd002119,dh001819,14/12/2024,2025-02-26,638456500.0,638456500.0,0.0
hd002120,,14/12/2024,22/02/2025,264136000.0,264136000.0,0.0
hd002121,dh011564,14/12/2024,14/02/2025,345823400.0,345823400.0,0.0
HD002122,dh011190,14/12/2024,23/12/2024,1360000.0,1360000.0,0.0
hd002123,dh009653,13/12/2024,21/12/2024,13030000.0,13030000.0,0.0
hd002124,dh002212,12/12/2024,25/12/2024,800000.0,800000.0,0.0
hd002125,dh009650,13/12/2024,20/12/2024,1663200.0,1663200.0,0.0
HD002126,dh004520,14/12/2024,25/12/2024,138000.0,138000.0,0.0
hd002127,dh007456,11/12/2024,01/03/2025,378327400.0,378327400.0,0.0
hd002128,dh010287,11/12/2024,12/02/2025,322261200.0,124271300.0,197989900.0
hd002129,dh005523,13/12/2024,26/12/2024,1563700.0,1563700.0,0.0
HD002130,dh011359,14/12/2024,23/12/2024,12422800.0,12422800.0,0.0
HD002131,DH011896,14/12/2024,12/03/2025,91923000.0,1352200.0,90570800.0
HD002132,dh011048,14/12/2024,24/02/2025,742128100.0,257154300.0,484973800.0
hd002133,dh005150,12/12/2024,23/12/2024,560000.0,560000.0,0.0
hd002134,DH009497,13/12/2024,26/02/2025,479246500.0,77974400.0,401272100.0
hd002135,dh004775,13/12/2024,28/12/2024,3661000.0,3661000.0,0.0
HD002136,dh003738,12/12/2024,26/02/2025,583900800.0,361930300.0,221970500.0
HD002137,dh008180,13/12/2024,24/12/2024,2347200.0,2347200.0,0.0
hd002138,dh006373,13/12/2024,21/02/2025,480055400.0,225741400.0,254314000.0
hd002139,dh004923,13/12/2024,25/12/2024,16225200.0,16225200.0,0.0
hd002140,dh005779,15/12/2024,30/12/2024,517000.0,517000.0,0.0
hd002141,dh004391,13/12/2024,25/12/2024,2540000.0,2540000.0,0.0
hd002142,DH001116,12/12/2024,22/12/2024,1248200.0,1248200.0,0.0
HD002143,dh004209,14/12/2024,26/12/2024,1337000.0,1337000.0,0.0
hd002144,DH009522,12/14/2024,15/02/2025,105274000.0,76284700.0,28989300.0
HD002145,dh011804,12/12/2024,18/02/2025,897027400.0,897027400.0,0.0
hd002146,dh007638,15/12/2024,26/02/2025,282769500.0,56241200.0,226528300.0
hd002147,dh005862,12/12/2024,05/02/2025,184094400.0,67362900.0,116731500.0
hd002148,dh009025,14/12/2024,06/03/2025,440087800.0,186326900.0,253760900.0
hd002149,dh011561,15/12/2024,25/12/2024,2853300.0,2853300.0,0.0
HD002150,dh009015,12/12/2024,24/02/2025,658331400.0,583094900.0,75236500.0
hd002151,dh008829,12/12/2024,22/12/2024,1936500.0,1936500.0,0.0
HD002152,dh002734,13/12/2024,25/02/2025,375928300.0,375928300.0,0.0
hd002153,DH009523,12/12/2024,19/12/2024,995000.0,995000.0,0.0
hd002154,dh003533,14/12/2024,25/12/2024,2251600.0,2251600.0,0.0
hd002155,dh006348,14/12/2024,12/29/2024,2773100.0,2773100.0,0.0
hd002156,dh010998,13/12/2024,24/12/2024,3000500.0,3000500.0,0.0
hd002157,DH006490,13/12/2024,13/03/2025,280747700.0,222447900.0,58299800.0
hd002158,dh008863,13/12/2024,22/12/2024,12768000.0,12768000.0,0.0
hd002159,dh006011,12/12/2024,24/12/2024,4440600.0,4440600.0,0.0
hd002160,dh002336,15/12/2024,30/12/2024,2187900.0,2187900.0,0.0
HD002161,DH010524,12/12/2024,19/12/2024,18382000.0,18382000.0,0.0
hd002162,dh005561,16/12/2024,23/02/2025,639173800.0,450371200.0,188802600.0
hd002163,DH900002,13/12/2024,19/02/2025,371874600.0,371874600.0,0.0
hd002164,dh005246,16/12/2024,06/03/2025,197070600.0,158804000.0,38266600.0
hd002165,dh008054,13/12/2024,07/02/2025,711718400.0,687086800.0,24631600.0
hd002166,,14/12/2024,25/12/2024,1342000.0,1342000.0,0.0
hd002167,dh006562,13/12/2024,03/13/2025,261963400.0,233193800.0,28769600.0
hd002168,dh007483,14/12/2024,28/12/2024,20020500.0,20020500.0,0.0
hd002169,dh004075,16/12/2024,19/02/2025,107007400.0,105572900.0,1434500.0
hd002170,DH002810,14/12/2024,02/02/2025,564022400.0,346581700.0,217440700.0
hd002171,dh001415,16/12/2024,30/12/2024,1521000.0,1521000.0,0.0
hd002172,dh001989,13/12/2024,11/02/2025,217184200.0,217184200.0,0.0
hd002173,dh008345,13/12/2024,24/12/2024,2334600.0,2334600.0,0.0
hd002174,dh008363,13/12/2024,21/12/2024,297000.0,297000.0,0.0
hd002175,DH001046,15/12/2024,23/12/2024,1366800.0,1366800.0,0.0
hd002176,dh011760,2024-12-16,26/02/2025,462366000.0,462366000.0,0.0
hd002177,,13/12/2024,20/12/2024,397700.0,397700.0,0.0
hd002178,dh008662,16/12/2024,29/12/2024,10350600.0,10350600.0,0.0
HD002179,dh007803,15/12/2024,24/12/2024,9122400.0,9122400.0,0.0
hd002180,dh004574,16/12/2024,07/02/2025,595953000.0,595953000.0,0.0
hd002181,dh003232,15/12/2024,09/02/2025,293944200.0,293944200.0,0.0
hd002182,dh005747,15/12/2024,08/03/2025,370860400.0,370860400.0,0.0
hd002183,dh000037,13/12/2024,31/01/2025,145092000.0,102181200.0,42910800.0
hd002184,dh000421,14/12/2024,22/12/2024,13116000.0,8622600.0,4493400.0
hd002185,dh000626,14/12/2024,07/02/2025,237815700.0,161122200.0,76693500.0
hd002186,dh008952,14/12/2024,25/12/2024,4166300.0,4166300.0,0.0
hd002187,dh008279,17/12/2024,04/03/2025,292064800.0,227533200.0,64531600.0
hd002188,dh009810,16/12/2024,26/12/2024,10753400.0,10753400.0,0.0
hd002189,dh010425,14/12/2024,16/02/2025,298391000.0,298391000.0,0.0
hd002190,dh000441,17/12/2024,28/12/2024,41000.0,41000.0,0.0
hd002191,dh008999,16/12/2024,27/12/2024,1752000.0,1752000.0,0.0
hd002192,dh000359,15/12/2024,18/02/2025,251309000.0,251309000.0,0.0
hd002193,DH011323,16/12/2024,30/12/2024,16893000.0,16893000.0,0.0
hd002194,dh008119,2024-12-15,20/02/2025,492499400.0,492499400.0,0.0
hd002195,dh001045,15/12/2024,26/12/2024,2289000.0,1751800.0,537200.0
hd002196,dh000726,17/12/2024,01/01/2025,306000.0,233500.0,72500.0
hd002197,dh000961,14/12/2024,25/12/2024,4236300.0,917900.0,3318400.0
hd002198,dh006448,15/12/2024,28/12/2024,13914000.0,13914000.0,0.0
HD002199,DH002433,15/12/2024,06/03/2025,225063800.0,82681900.0,142381900.0
hd002200,DH008920,15/12/2024,11/02/2025,285737900.0,67073600.0,218664300.0
hd002201,dh005345,14/12/2024,28/12/2024,1865600.0,1214800.0,650800.0
HD002202,dh000190,16/12/2024,30/12/2024,962000.0,962000.0,0.0
HD002203,dh002272,17/12/2024,19/02/2025,120808000.0,53235900.0,67572100.0
HD002204,dh001963,17/12/2024,23/02/2025,176740600.0,176740600.0,0.0
hd002205,dh011708,16/12/2024,11/02/2025,278776400.0,278776400.0,0.0
HD002206,dh009266,16/12/2024,24/12/2024,5538000.0,5538000.0,0.0
hd002207,dh011827,17/12/2024,24/12/2024,1665100.0,1589400.0,75700.0
hd002208,DH900000,17/12/2024,12/25/2024,353000.0,353000.0,0.0
HD002209,,17/12/2024,30/12/2024,7646400.0,7646400.0,0.0
hd002210,dh006149,18/12/2024,22/02/2025,134458500.0,13034700.0,121423800.0
hd002211,dh010514,18/12/2024,01/02/2025,141536400.0,141536400.0,0.0
HD002212,dh002022,15/12/2024,22/12/2024,2761000.0,2468500.0,292500.0
HD002213,dh004451,16/12/2024,30/01/2025,498357900.0,207752800.0,290605100.0
hd002214,dh004428,18/12/2024,15/02/2025,633433100.0,633433100.0,0.0
hd002215,dh006107,15/12/2024,30/12/2024,10361000.0,10361000.0,0.0
HD002216,dh005632,15/12/2024,21/02/2025,478010400.0,342217500.0,135792900.0
HD002217,dh007615,16/12/2024,11/02/2025,302527000.0,20038700.0,282488300.0
hd002218,DH002099,15/12/2024,23/12/2024,4456800.0,3005400.0,1451400.0
hd002219,dh008566,15/12/2024,27/12/2024,10074000.0,10074000.0,0.0
hd002220,dh011947,15/12/2024,17/02/2025,374516600.0,374516600.0,0.0
hd002221,dh011421,18/12/2024,29/12/2024,3911000.0,3911000.0,0.0
hd002222,dh006413,18/12/2024,27/12/2024,2284000.0,2284000.0,0.0
hd002223,dh000067,15/12/2024,02/02/2025,250087600.0,250087600.0,0.0
hd002224,dh009053,15/12/2024,05/02/2025,301152200.0,301152200.0,0.0
HD002225,dh005166,15/12/2024,27/12/2024,2257200.0,2257200.0,0.0
hd002226,dh010299,17/12/2024,31/12/2024,1812000.0,1812000.0,0.0
hd002227,dh001901,16/12/2024,26/02/2025,173244000.0,173244000.0,0.0
HD002228,DH008229,2024-12-15,2025-02-20,89901300.0,38872600.0,51028700.0
hd002229,dh006774,19/12/2024,27/02/2025,340961600.0,336981100.0,3980500.0
hd002230,dh004024,18/12/2024,15/03/2025,215356200.0,199930300.0,15425900.0
HD002231,dh000989,19/12/2024,30/12/2024,832000.0,832000.0,0.0
hd002232,DH900000,19/12/2024,02/02/2025,513065500.0,456542900.0,56522600.0
hd002233,dh010780,17/12/2024,27/12/2024,2648000.0,2648000.0,0.0
hd002234,dh007478,16/12/2024,25/12/2024,3183000.0,2070400.0,1112600.0
hd002235,dh008812,18/12/2024,27/12/2024,6826600.0,6826600.0,0.0
hd002236,dh002913,19/12/2024,26/12/2024,1820700.0,1820700.0,0.0
hd002237,DH003362,18/12/2024,23/02/2025,474393800.0,330917000.0,143476800.0
hd002238,dh005542,2024-12-16,30/12/2024,3396000.0,3396000.0,0.0
hd002239,dh006593,17/12/2024,31/12/2024,4020300.0,4020300.0,0.0
hd002240,DH002308,19/12/2024,26/12/2024,2375000.0,2375000.0,0.0
hd002241,dh006894,2024-12-17,24/12/2024,1315000.0,1315000.0,0.0
HD002242,,19/12/2024,16/02/2025,279759000.0,279759000.0,0.0
hd002243,dh006112,17/12/2024,06/02/2025,485758600.0,485758600.0,0.0
hd002244,dh007517,19/12/2024,08/03/2025,239322600.0,170861700.0,68460900.0
hd002245,DH009872,18/12/2024,16/02/2025,242546400.0,242546400.0,0.0
hd002246,dh011775,16/12/2024,13/03/2025,198633600.0,140850900.0,57782700.0
hd002247,dh009716,16/12/2024,29/12/2024,10881800.0,10881800.0,0.0
hd002248,dh005053,19/12/2024,01/01/2025,14922600.0,14922600.0,0.0
HD002249,dh010018,17/12/2024,01/01/2025,2646000.0,2646000.0,0.0
hd002250,DH000723,2024-12-19,26/12/2024,4662000.0,4662000.0,0.0
hd002251,dh000556,17/12/2024,01/01/2025,8939600.0,8939600.0,0.0
hd002252,dh005063,17/12/2024,29/12/2024,4410300.0,4410300.0,0.0
hd002253,DH900009,17/12/2024,27/02/2025,158116600.0,158116600.0,0.0
hd002254,dh000377,20/12/2024,18/02/2025,128655000.0,66376300.0,62278700.0
HD002255,dh009940,19/12/2024,28/02/2025,517576600.0,439187500.0,78389100.0
HD002256,dh008218,20/12/2024,03/01/2025,11064000.0,11064000.0,0.0
hd002257,dh003336,20/12/2024,11/02/2025,464029300.0,424389000.0,39640300.0
hd002258,dh011757,17/12/2024,27/12/2024,93000.0,93000.0,0.0
hd002259,dh010885,17/12/2024,13/02/2025,180847000.0,180847000.0,0.0
HD002260,dh000340,18/12/2024,07/03/2025,335963200.0,335963200.0,0.0
hd002261,dh001354,18/12/2024,02/02/2025,229615300.0,12268800.0,217346500.0
hd002262,dh011711,19/12/2024,06/03/2025,538591600.0,75475100.0,463116500.0
hd002263,dh001634,20/12/2024,04/01/2025,828000.0,828000.0,0.0
hd002264,dh003989,20/12/2024,04/01/2025,1345200.0,1345200.0,0.0
hd002265,dh003060,19/12/2024,12/26/2024,6623900.0,4176500.0,2447400.0
hd002266,dh000939,17/12/2024,29/12/2024,6769000.0,6769000.0,0.0
hd002267,dh011846,17/12/2024,12/24/2024,15774000.0,15774000.0,0.0
hd002268,dh008684,18/12/2024,02/27/2025,152483000.0,152483000.0,0.0
hd002269,dh006906,17/12/2024,28/12/2024,7878100.0,7878100.0,0.0
HD002270,dh008366,17/12/2024,28/12/2024,82000.0,82000.0,0.0
hd002271,dh010490,17/12/2024,31/12/2024,14176400.0,14176400.0,0.0
hd002272,dh011040,18/12/2024,15/02/2025,339600900.0,224984100.0,114616800.0
hd002273,dh006643,18/12/2024,25/12/2024,643200.0,643200.0,0.0
HD002274,dh011115,20/12/2024,01/01/2025,2367700.0,1649800.0,717900.0
hd002275,dh009200,21/12/2024,30/12/2024,3680000.0,3680000.0,0.0
hd002276,dh010526,19/12/2024,17/02/2025,104908200.0,104908200.0,0.0
hd002277,dh005950,21/12/2024,31/12/2024,2049200.0,2049200.0,0.0
hd002278,dh000897,19/12/2024,22/02/2025,58210600.0,49860100.0,8350500.0
hd002279,dh001443,20/12/2024,04/01/2025,6160800.0,6160800.0,0.0
hd002280,DH001605,19/12/2024,31/12/2024,4618000.0,4618000.0,0.0
hd002281,,19/12/2024,12/02/2025,367021600.0,367021600.0,0.0
hd002282,dh007771,19/12/2024,02/13/2025,595680300.0,89738100.0,505942200.0
HD002283,dh011377,19/12/2024,2025-01-02,1620000.0,1620000.0,0.0
HD002284,dh001306,21/12/2024,30/12/2024,1040500.0,1040500.0,0.0
HD002285,dh007128,18/12/2024,11/02/2025,218648600.0,25083300.0,193565300.0
hd002286,dh008070,19/12/2024,15/03/2025,251480600.0,98292300.0,153188300.0
hd002287,dh008647,21/12/2024,05/02/2025,639915800.0,639915800.0,0.0
hd002288,dh008853,21/12/2024,31/12/2024,12160800.0,9166700.0,2994100.0
hd002289,,20/12/2024,01/01/2025,2430000.0,2430000.0,0.0
HD002290,dh011074,20/12/2024,12/29/2024,345800.0,345800.0,0.0
HD002291,dh005314,18/12/2024,27/12/2024,16848600.0,16848600.0,0.0
HD002292,dh005157,21/12/2024,02/01/2025,1301500.0,1301500.0,0.0
hd002293,dh005134,21/12/2024,28/12/2024,2424800.0,2424800.0,0.0
hd002294,dh009468,19/12/2024,31/12/2024,3972000.0,3972000.0,0.0
hd002295,DH011694,21/12/2024,06/02/2025,217221000.0,168217000.0,49004000.0
hd002296,DH001800,20/12/2024,16/03/2025,664030400.0,62464600.0,601565800.0
HD002297,dh002303,19/12/2024,01/01/2025,4456200.0,4456200.0,0.0
hd002298,dh011249,18/12/2024,20/02/2025,346550500.0,346550500.0,0.0
HD002299,dh008136,21/12/2024,05/01/2025,18020800.0,18020800.0,0.0
HD002300,DH000590,22/12/2024,10/02/2025,346815200.0,51039500.0,295775700.0
hd002301,DH010332,19/12/2024,31/12/2024,12096000.0,12096000.0,0.0
hd002302,dh002936,21/12/2024,01/01/2025,5625000.0,5625000.0,0.0
hd002303,DH900002,20/12/2024,29/12/2024,2200000.0,2200000.0,0.0
hd002304,dh003214,19/12/2024,25/02/2025,266922000.0,24403900.0,242518100.0
hd002305,dh003622,21/12/2024,06/03/2025,381217000.0,184429200.0,196787800.0
hd002306,dh006749,21/12/2024,14/02/2025,886710800.0,886710800.0,0.0
hd002307,DH010888,19/12/2024,29/12/2024,15473000.0,15473000.0,0.0
hd002308,DH900004,22/12/2024,02/01/2025,6997200.0,6997200.0,0.0
hd002309,dh009069,22/12/2024,26/02/2025,497859400.0,128141200.0,369718200.0
hd002310,dh003235,21/12/2024,05/01/2025,2940600.0,582100.0,2358500.0
hd002311,dh009495,21/12/2024,12/02/2025,262409400.0,194265100.0,68144300.0
hd002312,dh011636,19/12/2024,13/02/2025,219277000.0,79720300.0,139556700.0
hd002313,dh000186,20/12/2024,29/12/2024,1992000.0,1992000.0,0.0
HD002314,DH001787,20/12/2024,27/02/2025,96973800.0,96973800.0,0.0
hd002315,dh008707,22/12/2024,05/03/2025,76680100.0,76680100.0,0.0
HD002316,dh005942,21/12/2024,02/01/2025,2293000.0,261100.0,2031900.0
HD002317,DH000450,22/12/2024,06/03/2025,181052900.0,181052900.0,0.0
hd002318,,21/12/2024,16/03/2025,86742800.0,86742800.0,0.0
hd002319,dh000089,21/12/2024,29/12/2024,5592400.0,2304200.0,3288200.0
hd002320,dh003181,21/12/2024,05/03/2025,934350200.0,934350200.0,0.0
hd002321,dh009777,23/12/2024,02/01/2025,7856000.0,7856000.0,0.0
hd002322,dh002025,23/12/2024,30/12/2024,1382700.0,1382700.0,0.0
hd002323,dh001810,23/12/2024,01/01/2025,2477600.0,2477600.0,0.0
HD002324,dh011925,22/12/2024,25/02/2025,525060100.0,402405800.0,122654300.0
HD002325,DH900004,20/12/2024,31/12/2024,16701000.0,11663900.0,5037100.0
hd002326,dh005308,21/12/2024,19/03/2025,222734300.0,222734300.0,0.0
HD002327,,20/12/2024,29/12/2024,1188000.0,1159300.0,28700.0
hd002328,dh001563,20/12/2024,02/01/2025,2801600.0,2801600.0,0.0
hd002329,dh006398,21/12/2024,31/12/2024,2335900.0,2335900.0,0.0
hd002330,dh000103,20/12/2024,02/01/2025,224000.0,224000.0,0.0
HD002331,dh009987,21/12/2024,01/01/2025,7062000.0,7062000.0,0.0
HD002332,,20/12/2024,28/12/2024,18868200.0,18868200.0,0.0
hd002333,dh001823,23/12/2024,04/01/2025,480400.0,324400.0,156000.0
HD002334,dh007578,22/12/2024,14/02/2025,333975800.0,333975800.0,0.0
hd002335,dh008770,22/12/2024,30/12/2024,1792000.0,1792000.0,0.0
hd002336,dh011346,21/12/2024,30/12/2024,877200.0,877200.0,0.0
hd002337,dh000514,24/12/2024,05/01/2025,234000.0,234000.0,0.0
hd002338,dh002512,24/12/2024,01/01/2025,1902400.0,1662300.0,240100.0
hd002339,dh001301,21/12/2024,21/02/2025,116782700.0,11025600.0,105757100.0
hd002340,dh008422,24/12/2024,02/01/2025,1157200.0,1157200.0,0.0
hd002341,dh011900,24/12/2024,19/02/2025,284486800.0,284486800.0,0.0
hd002342,dh007292,23/12/2024,25/02/2025,189476300.0,180629000.0,8847300.0
hd002343,dh010562,23/12/2024,06/02/2025,81036400.0,81036400.0,0.0
HD002344,dh004688,23/12/2024,01/01/2025,11466000.0,11466000.0,0.0
HD002345,dh011315,23/12/2024,25/02/2025,210331000.0,210331000.0,0.0
hd002346,dh008624,22/12/2024,17/02/2025,482479800.0,482479800.0,0.0
hd002347,DH008459,24/12/2024,2025-01-02,1578800.0,1578800.0,0.0
hd002348,dh007838,23/12/2024,21/02/2025,284228400.0,3312200.0,280916200.0
hd002349,dh010703,22/12/2024,29/12/2024,8303000.0,8303000.0,0.0
HD002350,dh009109,22/12/2024,19/02/2025,656723000.0,220569100.0,436153900.0
hd002351,dh003947,21/12/2024,01/01/2025,1410800.0,1410800.0,0.0
hd002352,dh003851,22/12/2024,06/01/2025,6853600.0,5126600.0,1727000.0
hd002353,dh000643,24/12/2024,02/01/2025,12174100.0,7978000.0,4196100.0
hd002354,dh000433,22/12/2024,05/03/2025,173023800.0,30154700.0,142869100.0
HD002355,dh001639,21/12/2024,28/12/2024,6903000.0,6903000.0,0.0
hd002356,dh000543,22/12/2024,03/03/2025,724464200.0,540288900.0,184175300.0
hd002357,dh011983,12/21/2024,03/01/2025,5306400.0,5306400.0,0.0
hd002358,dh006655,22/12/2024,04/01/2025,2643800.0,2643800.0,0.0
hd002359,dh003706,25/12/2024,15/03/2025,447231200.0,61686500.0,385544700.0
HD002360,dh000720,23/12/2024,04/01/2025,938000.0,938000.0,0.0
HD002361,dh008847,25/12/2024,19/03/2025,634399400.0,634399400.0,0.0
hd002362,dh001744,22/12/2024,16/03/2025,212238000.0,196235300.0,16002700.0
hd002363,dh002234,22/12/2024,01/03/2025,462284100.0,462284100.0,0.0
hd002364,DH900005,25/12/2024,13/02/2025,171341200.0,14452600.0,156888600.0
HD002365,dh004669,23/12/2024,20/02/2025,655832200.0,655832200.0,0.0
hd002366,dh008758,22/12/2024,02/01/2025,10197300.0,10197300.0,0.0
HD002367,dh000210,23/12/2024,03/03/2025,333783600.0,283518700.0,50264900.0
HD002368,dh007557,25/12/2024,2025-01-09,67500.0,67500.0,0.0
HD002369,dh009457,12/24/2024,03/09/2025,313238200.0,151094600.0,162143600.0
hd002370,dh006967,22/12/2024,08/03/2025,499159800.0,238171700.0,260988100.0
hd002371,dh011076,25/12/2024,12/03/2025,53020000.0,34732200.0,18287800.0
hd002372,dh001060,22/12/2024,24/02/2025,601155000.0,101682500.0,499472500.0
hd002373,dh005644,24/12/2024,09/02/2025,224871600.0,160137400.0,64734200.0
hd002374,,24/12/2024,14/03/2025,485532600.0,310070700.0,175461900.0
hd002375,DH006357,25/12/2024,16/02/2025,84679700.0,5140500.0,79539200.0
hd002376,dh002184,22/12/2024,31/12/2024,5680200.0,5680200.0,0.0
hd002377,,22/12/2024,01/01/2025,10822100.0,10822100.0,0.0
hd002378,dh007371,23/12/2024,30/12/2024,7968000.0,7968000.0,0.0
HD002379,dh004701,25/12/2024,2025-03-19,435740800.0,144891600.0,290849200.0
hd002380,dh002930,25/12/2024,07/01/2025,2736800.0,1199400.0,1537400.0
HD002381,dh011825,24/12/2024,02/26/2025,152414000.0,116708200.0,35705800.0
hd002382,dh011812,25/12/2024,04/01/2025,5315000.0,5315000.0,0.0
HD002383,dh010736,26/12/2024,01/03/2025,825280400.0,788014800.0,37265600.0
hd002384,dh000792,25/12/2024,19/03/2025,694370600.0,345647900.0,348722700.0
hd002385,dh004744,25/12/2024,02/01/2025,3348000.0,3348000.0,0.0
hd002386,dh010987,25/12/2024,09/01/2025,2871000.0,2331800.0,539200.0
HD002387,dh007141,24/12/2024,04/03/2025,556834800.0,205200100.0,351634700.0
hd002388,dh006327,23/12/2024,02/01/2025,9109100.0,9109100.0,0.0
hd002389,dh009232,23/12/2024,2025-02-12,53312600.0,53312600.0,0.0
hd002390,dh002327,26/12/2024,24/02/2025,300602000.0,95010700.0,205591300.0
hd002391,,26/12/2024,06/01/2025,5888900.0,5888900.0,0.0
hd002392,dh009839,25/12/2024,15/03/2025,301678400.0,197401300.0,104277100.0
hd002393,dh004373,25/12/2024,09/01/2025,3300000.0,3300000.0,0.0
hd002394,dh004244,24/12/2024,31/12/2024,3322900.0,3322900.0,0.0
hd002395,dh009715,23/12/2024,02/01/2025,2988600.0,2988600.0,0.0
hd002396,dh001266,24/12/2024,13/02/2025,614970000.0,143190100.0,471779900.0
hd002397,dh000831,23/12/2024,22/02/2025,152836800.0,55186400.0,97650400.0
HD002398,dh002588,26/12/2024,08/01/2025,13407900.0,1313800.0,12094100.0
hd002399,dh004985,23/12/2024,06/01/2025,1696000.0,1696000.0,0.0
HD002400,dh008720,25/12/2024,04/01/2025,956200.0,956200.0,0.0
hd002401,dh003995,26/12/2024,08/01/2025,1808000.0,1808000.0,0.0
hd002402,dh002082,25/12/2024,14/03/2025,332061900.0,332061900.0,0.0
hd002403,dh011030,27/12/2024,02/03/2025,422584300.0,422584300.0,0.0
HD002404,dh007468,26/12/2024,03/01/2025,1848900.0,1848900.0,0.0
hd002405,dh009503,27/12/2024,12/02/2025,69254000.0,67598600.0,1655400.0
hd002406,dh000498,24/12/2024,05/03/2025,798619800.0,798619800.0,0.0
hd002407,dh009849,26/12/2024,10/01/2025,420000.0,420000.0,0.0
hd002408,dh002701,25/12/2024,10/03/2025,147668000.0,122379000.0,25289000.0
HD002409,dh011817,27/12/2024,08/01/2025,5020000.0,5020000.0,0.0
hd002410,dh004083,26/12/2024,26/02/2025,599804600.0,166093900.0,433710700.0
HD002411,dh000415,26/12/2024,10/01/2025,1026000.0,1026000.0,0.0
hd002412,dh000107,24/12/2024,07/03/2025,345947600.0,345947600.0,0.0
hd002413,dh006479,26/12/2024,22/02/2025,600863400.0,600863400.0,0.0
hd002414,dh007540,27/12/2024,03/03/2025,407265100.0,407265100.0,0.0
HD002415,dh009084,24/12/2024,03/01/2025,14048000.0,11760400.0,2287600.0
HD002416,dh006876,27/12/2024,04/03/2025,242557200.0,242557200.0,0.0
HD002417,dh007486,24/12/2024,08/01/2025,3265800.0,3265800.0,0.0
hd002418,dh003472,26/12/2024,08/01/2025,1485000.0,1485000.0,0.0
hd002419,dh010794,27/12/2024,16/03/2025,507935100.0,364841500.0,143093600.0
hd002420,dh002892,24/12/2024,01/01/2025,1512000.0,1098300.0,413700.0
hd002421,DH900009,26/12/2024,20/03/2025,101408700.0,37485400.0,63923300.0
hd002422,dh011446,28/12/2024,04/01/2025,10820700.0,10820700.0,0.0
HD002423,dh009046,28/12/2024,05/01/2025,2910000.0,2910000.0,0.0
hd002424,dh001385,28/12/2024,08/01/2025,10546200.0,10546200.0,0.0
HD002425,dh000074,28/12/2024,04/03/2025,725657000.0,725657000.0,0.0
hd002426,dh003795,25/12/2024,20/02/2025,274877300.0,124352900.0,150524400.0
hd002427,dh005158,28/12/2024,09/01/2025,32000.0,17000.0,15000.0
hd002428,dh010598,25/12/2024,24/03/2025,377737800.0,377737800.0,0.0
HD002429,dh004792,28/12/2024,05/01/2025,2225400.0,2225400.0,0.0
hd002430,dh004700,27/12/2024,10/02/2025,183177000.0,183177000.0,0.0
hd002431,dh011662,27/12/2024,10/01/2025,570300.0,570300.0,0.0
hd002432,dh009924,25/12/2024,07/01/2025,7625900.0,6874800.0,751100.0
hd002433,,28/12/2024,06/01/2025,7327900.0,7327900.0,0.0
hd002434,dh011294,28/12/2024,2025-03-11,702417100.0,702417100.0,0.0
hd002435,dh011831,27/12/2024,07/01/2025,4421500.0,4421500.0,0.0
HD002436,dh000156,28/12/2024,10/01/2025,2519400.0,2519400.0,0.0
hd002437,dh001085,29/12/2024,09/01/2025,6170700.0,6170700.0,0.0
HD002438,dh002049,28/12/2024,11/01/2025,5473100.0,5473100.0,0.0
hd002439,dh002519,27/12/2024,06/01/2025,5834000.0,5834000.0,0.0
HD002440,dh008913,28/12/2024,25/02/2025,558665400.0,22539800.0,536125600.0
hd002441,dh003398,26/12/2024,03/01/2025,5140500.0,5140500.0,0.0
hd002442,dh007541,27/12/2024,07/01/2025,15000.0,15000.0,0.0
hd002443,dh005857,2024-12-28,12/03/2025,549126100.0,353218600.0,195907500.0
hd002444,dh008681,26/12/2024,07/01/2025,3023400.0,3023400.0,0.0
hd002445,dh008984,28/12/2024,02/12/2025,156191700.0,150118900.0,6072800.0
HD002446,dh008195,29/12/2024,22/03/2025,315181000.0,315181000.0,0.0
hd002447,,28/12/2024,01/09/2025,2636000.0,2636000.0,0.0
hd002448,dh006818,28/12/2024,10/01/2025,2561900.0,2561900.0,0.0
HD002449,dh010467,27/12/2024,02/14/2025,501854100.0,258035000.0,243819100.0
hd002450,dh003927,26/12/2024,10/01/2025,1462000.0,1462000.0,0.0
HD002451,,28/12/2024,04/01/2025,2520000.0,2520000.0,0.0
hd002452,dh009307,26/12/2024,04/03/2025,259662500.0,259662500.0,0.0
hd002453,dh010361,29/12/2024,07/01/2025,12998900.0,12998900.0,0.0
HD002454,dh000440,29/12/2024,12/03/2025,426128400.0,315095600.0,111032800.0
HD002455,dh009525,27/12/2024,09/01/2025,2192000.0,2192000.0,0.0
hd002456,,27/12/2024,15/02/2025,558440800.0,558440800.0,0.0
hd002457,,29/12/2024,28/02/2025,524016400.0,524016400.0,0.0
hd002458,DH005787,30/12/2024,14/03/2025,623925900.0,231122900.0,392803000.0
hd002459,dh000079,27/12/2024,11/01/2025,1690700.0,1690700.0,0.0
hd002460,dh003607,27/12/2024,10/03/2025,191710400.0,87257800.0,104452600.0
hd002461,dh010929,28/12/2024,14/03/2025,670155500.0,670155500.0,0.0
hd002462,dh008975,30/12/2024,2025-03-11,186511400.0,23189300.0,163322100.0
hd002463,,29/12/2024,05/01/2025,1460000.0,1460000.0,0.0
hd002464,dh001066,28/12/2024,23/03/2025,272255800.0,257239100.0,15016700.0
hd002465,dh002753,30/12/2024,16/03/2025,1209172200.0,1209172200.0,0.0
hd002466,dh000344,28/12/2024,05/01/2025,5657000.0,5657000.0,0.0
hd002467,dh001346,28/12/2024,06/01/2025,259800.0,259800.0,0.0
hd002468,dh001910,30/12/2024,19/02/2025,415667700.0,415667700.0,0.0
hd002469,dh009142,27/12/2024,11/01/2025,2392000.0,2392000.0,0.0
HD002470,dh007820,28/12/2024,11/01/2025,10135000.0,10135000.0,0.0
hd002471,dh002648,29/12/2024,23/03/2025,214898000.0,176137500.0,38760500.0
HD002472,dh008058,28/12/2024,23/02/2025,179849100.0,129332000.0,50517100.0
hd002473,dh000678,29/12/2024,14/03/2025,553363300.0,464116900.0,89246400.0
HD002474,dh001029,29/12/2024,06/01/2025,117000.0,117000.0,0.0
hd002475,dh002201,28/12/2024,12/01/2025,337500.0,337500.0,0.0
hd002476,dh007993,28/12/2024,21/02/2025,484314200.0,67375100.0,416939100.0
hd002477,dh002812,29/12/2024,09/03/2025,747955600.0,513737600.0,234218000.0
hd002478,dh011407,29/12/2024,09/01/2025,2046400.0,2046400.0,0.0
hd002479,,27/12/2024,25/03/2025,566367900.0,566367900.0,0.0
hd002480,dh010577,30/12/2024,04/03/2025,363284200.0,155775300.0,207508900.0
HD002481,dh011347,27/12/2024,09/01/2025,6102100.0,6102100.0,0.0
HD002482,dh010656,31/12/2024,23/02/2025,664870200.0,642535200.0,22335000.0
HD002483,dh002529,31/12/2024,07/01/2025,3413000.0,3413000.0,0.0
hd002484,,31/12/2024,14/03/2025,371069000.0,245166300.0,125902700.0
hd002485,dh010845,29/12/2024,10/01/2025,6126300.0,6126300.0,0.0
hd002486,DH003465,31/12/2024,13/01/2025,108300.0,108300.0,0.0
hd002487,dh007005,31/12/2024,30/03/2025,36044800.0,36044800.0,0.0
hd002488,dh011329,30/12/2024,10/01/2025,921600.0,921600.0,0.0
HD002489,dh000913,30/12/2024,09/01/2025,5988200.0,5988200.0,0.0
hd002490,dh006265,30/12/2024,10/01/2025,10053300.0,10053300.0,0.0
hd002491,dh005215,30/12/2024,19/03/2025,111830000.0,111830000.0,0.0
hd002492,dh001981,28/12/2024,12/02/2025,464614200.0,361318800.0,103295400.0
hd002493,dh007387,28/12/2024,13/03/2025,1240473300.0,49977400.0,1190495900.0
hd002494,dh011681,30/12/2024,09/01/2025,1799600.0,1799600.0,0.0
hd002495,DH000252,29/12/2024,26/02/2025,548642300.0,548642300.0,0.0
hd002496,DH001414,30/12/2024,08/01/2025,13455800.0,13455800.0,0.0
hd002497,dh003839,31/12/2024,05/03/2025,545782200.0,545782200.0,0.0
HD002498,dh000931,30/12/2024,08/01/2025,1320000.0,1320000.0,0.0
hd002499,dh006059,29/12/2024,09/01/2025,876000.0,876000.0,0.0
hd002500,dh010454,31/12/2024,17/03/2025,197313600.0,197313600.0,0.0
hd002501,DH002349,29/12/2024,08/01/2025,2055000.0,2055000.0,0.0
HD002502,dh008354,29/12/2024,02/03/2025,511876100.0,363730500.0,148145600.0
hd002503,dh009393,30/12/2024,19/02/2025,267837600.0,42534500.0,225303100.0
HD002504,dh010442,28/12/2024,01/03/2025,628178700.0,121027000.0,507151700.0
hd002505,dh007248,01/01/2025,20/02/2025,131540700.0,85173000.0,46367700.0
hd002506,dh000884,31/12/2024,18/02/2025,314758400.0,277692800.0,37065600.0
hd002507,dh002979,30/12/2024,24/03/2025,861648400.0,621170700.0,240477700.0
hd002508,dh006377,29/12/2024,05/01/2025,1709000.0,1709000.0,0.0
HD002509,dh001641,01/01/2025,23/03/2025,261790500.0,261790500.0,0.0
hd002510,dh001256,29/12/2024,08/01/2025,392000.0,232900.0,159100.0
hd002511,dh001100,29/12/2024,11/01/2025,76000.0,76000.0,0.0
hd002512,dh000632,31/12/2024,13/01/2025,8744400.0,8744400.0,0.0
hd002513,dh004151,30/12/2024,08/01/2025,160000.0,160000.0,0.0
hd002514,dh003935,12/31/2024,03/03/2025,276092700.0,229536000.0,46556700.0
HD002515,dh002597,01/01/2025,03/03/2025,644008600.0,644008600.0,0.0
hd002516,DH008901,30/12/2024,20/02/2025,334963800.0,334963800.0,0.0
hd002517,dh010354,29/12/2024,07/03/2025,313051400.0,313051400.0,0.0
hd002518,dh000162,01/01/2025,15/01/2025,12298200.0,10915100.0,1383100.0
hd002519,dh010349,30/12/2024,06/01/2025,10144000.0,3116700.0,7027300.0
HD002520,dh011574,01/01/2025,29/03/2025,404532500.0,404532500.0,0.0
HD002521,dh002340,01/01/2025,14/01/2025,205000.0,205000.0,0.0
hd002522,dh004692,31/12/2024,01/12/2025,3634800.0,3634800.0,0.0
HD002523,,30/12/2024,25/03/2025,555397200.0,369893600.0,185503600.0
hd002524,dh002402,30/12/2024,04/03/2025,308756500.0,308756500.0,0.0
hd002525,DH001310,01/01/2025,16/01/2025,2123800.0,2123800.0,0.0
hd002526,dh008423,31/12/2024,02/18/2025,1148204200.0,1148204200.0,0.0
hd002527,dh002171,02/01/2025,04/03/2025,487485200.0,487485200.0,0.0
hd002528,dh011052,30/12/2024,06/01/2025,11088000.0,11088000.0,0.0
hd002529,dh010970,31/12/2024,08/01/2025,2216600.0,2216600.0,0.0
hd002530,DH005104,01/01/2025,15/01/2025,2216600.0,599400.0,1617200.0
hd002531,dh006970,30/12/2024,09/03/2025,464851800.0,20571200.0,444280600.0
HD002532,dh000294,31/12/2024,31/03/2025,809167500.0,193796200.0,615371300.0
hd002533,dh007864,30/12/2024,14/01/2025,125000.0,125000.0,0.0
hd002534,DH004462,31/12/2024,10/03/2025,474032000.0,474032000.0,0.0
hd002535,dh003019,31/12/2024,09/01/2025,4516000.0,4516000.0,0.0
hd002536,dh002628,02/01/2025,29/03/2025,299727700.0,299727700.0,0.0
hd002537,dh001059,31/12/2024,07/01/2025,5472200.0,5472200.0,0.0
hd002538,DH007912,02/01/2025,10/01/2025,10493100.0,10493100.0,0.0
hd002539,dh005817,31/12/2024,10/01/2025,5052000.0,5052000.0,0.0
hd002540,dh011194,01/01/2025,14/01/2025,2290000.0,2290000.0,0.0
hd002541,dh004596,31/12/2024,09/03/2025,92330200.0,52033100.0,40297100.0
hd002542,DH900009,01/01/2025,11/01/2025,2108700.0,2108700.0,0.0
hd002543,dh001240,02/01/2025,18/03/2025,344934000.0,281745700.0,63188300.0
hd002544,dh002785,30/12/2024,13/01/2025,18794400.0,18794400.0,0.0
HD002545,dh006946,02/01/2025,12/01/2025,162000.0,162000.0,0.0
hd002546,dh007809,01/01/2025,08/01/2025,6452600.0,6452600.0,0.0
hd002547,DH008663,03/01/2025,30/03/2025,160595300.0,81680100.0,78915200.0
hd002548,dh005161,03/01/2025,01/10/2025,1575000.0,1575000.0,0.0
hd002549,dh000530,31/12/2024,16/03/2025,399076100.0,366120300.0,32955800.0
hd002550,dh007839,31/12/2024,19/03/2025,754743400.0,754743400.0,0.0
hd002551,dh010760,01/01/2025,13/01/2025,896800.0,896800.0,0.0
hd002552,dh004096,01/01/2025,01/15/2025,2106000.0,2106000.0,0.0
hd002553,dh002583,02/01/2025,12/03/2025,133677000.0,87346500.0,46330500.0
hd002554,dh004515,02/01/2025,10/03/2025,339538000.0,210593300.0,128944700.0
hd002555,dh006294,01/01/2025,09/01/2025,1653000.0,1653000.0,0.0
HD002556,dh001144,31/12/2024,14/03/2025,593641800.0,593641800.0,0.0
hd002557,DH900003,01/01/2025,16/01/2025,4111200.0,4111200.0,0.0
hd002558,,31/12/2024,08/01/2025,9404000.0,9404000.0,0.0
hd002559,dh003943,02/01/2025,04/03/2025,238942000.0,238942000.0,0.0
hd002560,dh004618,03/01/2025,25/03/2025,397278300.0,397278300.0,0.0
hd002561,,03/01/2025,12/01/2025,1848000.0,1848000.0,0.0
hd002562,dh009973,03/01/2025,03/03/2025,314535000.0,246426000.0,68109000.0
HD002563,dh002144,01/01/2025,13/03/2025,273910600.0,227900200.0,46010400.0
hd002564,dh004502,01/02/2025,02/03/2025,221990500.0,221990500.0,0.0
hd002565,dh007773,01/01/2025,09/01/2025,7978800.0,7978800.0,0.0
hd002566,dh004982,04/01/2025,25/02/2025,486961200.0,378055300.0,108905900.0
HD002567,dh003453,04/01/2025,11/01/2025,167400.0,167400.0,0.0
hd002568,dh002760,03/01/2025,25/03/2025,893929900.0,893929900.0,0.0
hd002569,dh007723,02/01/2025,15/01/2025,6711500.0,6711500.0,0.0
hd002570,DH004886,01/01/2025,13/01/2025,262200.0,262200.0,0.0
hd002571,dh005507,03/01/2025,03/31/2025,230172800.0,230172800.0,0.0
hd002572,dh004047,04/01/2025,22/03/2025,777488800.0,493817500.0,283671300.0
hd002573,dh004668,04/01/2025,03/03/2025,167477800.0,159793100.0,7684700.0
HD002574,dh000275,01/01/2025,14/01/2025,2235600.0,2235600.0,0.0
hd002575,dh009953,01/01/2025,13/01/2025,8553000.0,8553000.0,0.0
hd002576,dh006775,03/01/2025,15/03/2025,218340500.0,218340500.0,0.0
hd002577,dh002668,04/01/2025,11/01/2025,2016000.0,2016000.0,0.0
hd002578,dh006869,02/01/2025,13/03/2025,448038000.0,352674900.0,95363100.0
hd002579,dh007551,03/01/2025,10/01/2025,6180300.0,6180300.0,0.0
hd002580,dh007261,03/01/2025,12/01/2025,1562000.0,1562000.0,0.0
hd002581,dh000702,01/04/2025,14/01/2025,5868000.0,5868000.0,0.0
hd002582,dh007308,04/01/2025,11/01/2025,3731200.0,3731200.0,0.0
hd002583,dh004450,04/01/2025,16/01/2025,2559000.0,2559000.0,0.0
HD002584,dh001640,04/01/2025,11/01/2025,4822500.0,4822500.0,0.0
hd002585,dh003156,04/01/2025,05/03/2025,355104900.0,258662700.0,96442200.0
hd002586,DH900009,03/01/2025,14/03/2025,529890600.0,529890600.0,0.0
HD002587,,02/01/2025,09/01/2025,206900.0,206900.0,0.0
hd002588,dh009538,03/01/2025,2025-01-11,1488200.0,1488200.0,0.0
hd002589,dh006544,03/01/2025,03/03/2025,222063100.0,187874700.0,34188400.0
hd002590,dh007162,02/01/2025,08/03/2025,389965400.0,389965400.0,0.0
hd002591,dh003294,04/01/2025,18/02/2025,337324900.0,34820500.0,302504400.0
hd002592,dh007459,03/01/2025,12/03/2025,202105300.0,24496700.0,177608600.0
hd002593,dh004825,05/01/2025,04/03/2025,325691200.0,49016300.0,276674900.0
hd002594,dh011746,2025-01-02,16/01/2025,8359200.0,8359200.0,0.0
hd002595,dh008884,05/01/2025,14/01/2025,5249000.0,5249000.0,0.0
hd002596,dh003413,03/01/2025,12/03/2025,160904000.0,160904000.0,0.0
hd002597,dh007565,04/01/2025,18/01/2025,15000.0,15000.0,0.0
HD002598,dh010353,05/01/2025,13/01/2025,2189400.0,2189400.0,0.0
hd002599,dh007055,06/01/2025,21/01/2025,917000.0,917000.0,0.0
hd002600,dh002525,04/01/2025,29/03/2025,405724800.0,405724800.0,0.0
hd002601,dh004298,03/01/2025,14/01/2025,3153000.0,3153000.0,0.0
hd002602,dh002738,03/01/2025,15/01/2025,4281400.0,4281400.0,0.0
hd002603,DH002456,06/01/2025,10/03/2025,205837700.0,66059400.0,139778300.0
HD002604,dh010462,06/01/2025,13/01/2025,4905300.0,4234900.0,670400.0
HD002605,dh004971,04/01/2025,01/04/2025,869066000.0,869066000.0,0.0
hd002606,DH001683,04/01/2025,22/02/2025,773666300.0,504763700.0,268902600.0
hd002607,dh009679,05/01/2025,13/03/2025,427584600.0,175313800.0,252270800.0
hd002608,DH010008,06/01/2025,20/03/2025,380770200.0,380770200.0,0.0
hd002609,dh010130,05/01/2025,17/01/2025,505000.0,471600.0,33400.0
HD002610,dh011844,03/01/2025,19/02/2025,69465400.0,29462900.0,40002500.0
hd002611,dh011482,03/01/2025,18/02/2025,141530400.0,141530400.0,0.0
hd002612,dh000759,03/01/2025,15/01/2025,1735300.0,1735300.0,0.0
HD002613,dh008303,03/01/2025,15/01/2025,2381700.0,1138900.0,1242800.0
hd002614,DH000691,07/01/2025,04/03/2025,95331500.0,5491400.0,89840100.0
HD002615,DH000137,04/01/2025,20/02/2025,426128200.0,426128200.0,0.0
hd002616,dh003789,05/01/2025,01/03/2025,284346000.0,284346000.0,0.0
hd002617,dh007263,04/01/2025,26/03/2025,490726000.0,386360800.0,104365200.0
hd002618,DH900005,04/01/2025,21/02/2025,466236500.0,466236500.0,0.0
hd002619,dh011408,04/01/2025,18/01/2025,2934000.0,1033000.0,1901000.0
hd002620,dh007182,06/01/2025,21/01/2025,7303500.0,7303500.0,0.0
hd002621,dh002984,04/01/2025,03/03/2025,513553200.0,382019700.0,131533500.0
hd002622,dh010333,2025-01-07,27/02/2025,29733000.0,29733000.0,0.0
hd002623,dh003275,06/01/2025,21/01/2025,925000.0,925000.0,0.0
hd002624,dh008795,07/01/2025,21/01/2025,312000.0,312000.0,0.0
hd002625,dh000170,07/01/2025,18/01/2025,1524500.0,1524500.0,0.0
hd002626,dh006426,04/01/2025,14/01/2025,3849200.0,3849200.0,0.0
hd002627,dh008158,06/01/2025,26/03/2025,625251600.0,622210200.0,3041400.0
hd002628,dh005144,06/01/2025,21/01/2025,14234000.0,14234000.0,0.0
hd002629,DH008970,05/01/2025,21/02/2025,988540200.0,131506000.0,857034200.0
hd002630,dh004741,06/01/2025,02/04/2025,277247500.0,277247500.0,0.0
hd002631,,05/01/2025,25/03/2025,443384200.0,443384200.0,0.0
hd002632,dh000517,08/01/2025,26/02/2025,885163700.0,708738600.0,176425100.0
hd002633,dh011007,06/01/2025,24/02/2025,268806000.0,268806000.0,0.0
hd002634,dh007319,05/01/2025,15/03/2025,180843100.0,115359800.0,65483300.0
HD002635,DH900005,05/01/2025,19/01/2025,1598800.0,1598800.0,0.0
hd002636,dh009260,08/01/2025,21/01/2025,2232000.0,2218200.0,13800.0
hd002637,DH006953,08/01/2025,09/03/2025,525846800.0,257123100.0,268723700.0
hd002638,dh004098,2025-01-05,13/01/2025,2061000.0,2061000.0,0.0
hd002639,dh010622,05/01/2025,21/03/2025,224432500.0,224432500.0,0.0
hd002640,dh005930,06/01/2025,21/02/2025,276205500.0,276205500.0,0.0
hd002641,DH900001,2025-01-06,15/01/2025,369000.0,369000.0,0.0
hd002642,dh010040,05/01/2025,19/01/2025,6885000.0,6885000.0,0.0
hd002643,,06/01/2025,23/02/2025,234564000.0,234564000.0,0.0
hd002644,dh010502,06/01/2025,18/01/2025,3563600.0,1230700.0,2332900.0
hd002645,dh000360,06/01/2025,2025-01-20,2411000.0,2411000.0,0.0
hd002646,dh003025,05/01/2025,12/01/2025,221000.0,221000.0,0.0
hd002647,,05/01/2025,02/04/2025,118798600.0,118798600.0,0.0
hd002648,dh006068,08/01/2025,17/03/2025,388128000.0,388128000.0,0.0
hd002649,dh002468,07/01/2025,15/01/2025,1895500.0,1895500.0,0.0
hd002650,dh000571,06/01/2025,18/03/2025,271624200.0,271624200.0,0.0
hd002651,DH000390,09/01/2025,07/04/2025,545713100.0,496300000.0,49413100.0
HD002652,dh009631,07/01/2025,07/03/2025,528918200.0,484210000.0,44708200.0
hd002653,dh007681,07/01/2025,19/01/2025,178600.0,178600.0,0.0
hd002654,,06/01/2025,20/01/2025,900600.0,900600.0,0.0
hd002655,dh008588,09/01/2025,22/01/2025,8158600.0,8158600.0,0.0
hd002656,dh005204,06/01/2025,20/01/2025,314700.0,269500.0,45200.0
hd002657,dh009734,08/01/2025,23/01/2025,11641900.0,11641900.0,0.0
hd002658,dh003752,08/01/2025,20/01/2025,2649700.0,2649700.0,0.0
hd002659,dh001418,07/01/2025,17/01/2025,18780000.0,6062900.0,12717100.0
hd002660,dh000076,06/01/2025,15/01/2025,78000.0,28900.0,49100.0
hd002661,dh009080,08/01/2025,19/01/2025,11474000.0,11474000.0,0.0
HD002662,DH007643,09/01/2025,31/03/2025,42974000.0,41544600.0,1429400.0
hd002663,dh007157,07/01/2025,2025-01-19,4670000.0,4670000.0,0.0
hd002664,dh004623,06/01/2025,14/01/2025,2280000.0,2280000.0,0.0
hd002665,dh010014,06/01/2025,02/04/2025,985852800.0,171266100.0,814586700.0
hd002666,dh007576,09/01/2025,20/01/2025,275400.0,275400.0,0.0
HD002667,dh008134,07/01/2025,17/01/2025,3771500.0,3771500.0,0.0
hd002668,dh007861,07/01/2025,16/03/2025,806663900.0,806663900.0,0.0
hd002669,dh011245,08/01/2025,03/04/2025,430066200.0,430066200.0,0.0
hd002670,dh005922,06/01/2025,14/01/2025,5482200.0,5482200.0,0.0
hd002671,dh008359,08/01/2025,23/01/2025,4089800.0,4089800.0,0.0
hd002672,dh006461,09/01/2025,18/01/2025,2690000.0,2690000.0,0.0
hd002673,dh005207,07/01/2025,16/01/2025,2635200.0,2635200.0,0.0
hd002674,dh010226,09/01/2025,03/09/2025,326250600.0,326250600.0,0.0
hd002675,dh001138,08/01/2025,23/01/2025,1256800.0,1256800.0,0.0
hd002676,dh008407,09/01/2025,18/01/2025,621300.0,621300.0,0.0
hd002677,dh006088,07/01/2025,07/03/2025,396896400.0,396896400.0,0.0
HD002678,dh004500,10/01/2025,20/01/2025,3589300.0,3589300.0,0.0
hd002679,dh009708,08/01/2025,24/02/2025,326810500.0,105912600.0,220897900.0
hd002680,dh003394,07/01/2025,20/01/2025,3092000.0,3092000.0,0.0
hd002681,dh010867,07/01/2025,17/01/2025,17481300.0,12701500.0,4779800.0
HD002682,DH007113,07/01/2025,04/04/2025,306184900.0,270782600.0,35402300.0
hd002683,dh009123,01/08/2025,19/03/2025,223331600.0,217226900.0,6104700.0
hd002684,dh003772,07/01/2025,20/01/2025,20917600.0,20917600.0,0.0
hd002685,dh001121,08/01/2025,29/03/2025,632989600.0,455470900.0,177518700.0
hd002686,,10/01/2025,18/01/2025,13028000.0,13028000.0,0.0
hd002687,dh002524,08/01/2025,13/03/2025,481517000.0,481517000.0,0.0
hd002688,dh000858,10/01/2025,23/03/2025,230582100.0,230582100.0,0.0
hd002689,dh001664,10/01/2025,03/03/2025,387123600.0,283036000.0,104087600.0
HD002690,dh007840,10/01/2025,25/01/2025,6187000.0,6187000.0,0.0
hd002691,dh002782,08/01/2025,21/03/2025,338795400.0,338795400.0,0.0
hd002692,dh007205,08/01/2025,19/01/2025,9019200.0,1512700.0,7506500.0
hd002693,dh007690,09/01/2025,25/02/2025,195234400.0,195234400.0,0.0
hd002694,dh003401,11/01/2025,19/03/2025,432758800.0,432758800.0,0.0
hd002695,dh011430,10/01/2025,22/01/2025,5578000.0,5578000.0,0.0
hd002696,dh011317,10/01/2025,18/01/2025,1597200.0,1597200.0,0.0
hd002697,DH900006,09/01/2025,21/01/2025,1170600.0,1028700.0,141900.0
hd002698,dh003656,09/01/2025,18/01/2025,677500.0,677500.0,0.0
hd002699,dh005152,09/01/2025,23/01/2025,7982000.0,7982000.0,0.0
hd002700,dh010597,08/01/2025,05/03/2025,119718000.0,34256600.0,85461400.0
hd002701,dh011305,09/01/2025,09/04/2025,359908800.0,48712700.0,311196100.0
hd002702,dh002107,09/01/2025,23/01/2025,1896000.0,1896000.0,0.0
hd002703,dh002489,08/01/2025,21/01/2025,230000.0,230000.0,0.0
HD002704,dh011106,10/01/2025,26/02/2025,235947600.0,235947600.0,0.0
hd002705,dh010317,08/01/2025,08/04/2025,239967400.0,239967400.0,0.0
hd002706,dh003117,08/01/2025,27/03/2025,700134400.0,486830300.0,213304100.0
HD002707,dh002986,10/01/2025,16/03/2025,708518500.0,708518500.0,0.0
HD002708,DH900006,09/01/2025,25/02/2025,262347600.0,172013100.0,90334500.0
hd002709,dh009736,09/01/2025,26/02/2025,280238200.0,280238200.0,0.0
hd002710,dh011053,08/01/2025,01/04/2025,178373800.0,178373800.0,0.0
HD002711,dh003407,08/01/2025,18/01/2025,1978800.0,1978800.0,0.0
hd002712,dh011200,08/01/2025,21/01/2025,2696100.0,2696100.0,0.0
hd002713,dh005681,09/01/2025,27/03/2025,173495600.0,133989700.0,39505900.0
hd002714,dh000560,09/01/2025,24/01/2025,588000.0,196200.0,391800.0
HD002715,DH900008,11/01/2025,18/03/2025,339074100.0,66628800.0,272445300.0
hd002716,dh011349,11/01/2025,19/01/2025,306000.0,306000.0,0.0
hd002717,dh010866,11/01/2025,25/01/2025,2682000.0,2682000.0,0.0
hd002718,dh008402,10/01/2025,08/03/2025,494029200.0,149484700.0,344544500.0
hd002719,dh010362,09/01/2025,08/03/2025,699050800.0,263774300.0,435276500.0
hd002720,dh001156,11/01/2025,25/01/2025,2904000.0,2904000.0,0.0
hd002721,dh009301,10/01/2025,23/01/2025,1380000.0,1380000.0,0.0
hd002722,dh001231,12/01/2025,21/01/2025,6840000.0,6840000.0,0.0
hd002723,dh002311,10/01/2025,24/01/2025,1300000.0,1300000.0,0.0
HD002724,dh004640,12/01/2025,2025-01-23,9508800.0,3418900.0,6089900.0
hd002725,dh011112,11/01/2025,10/03/2025,121455400.0,75318000.0,46137400.0
hd002726,dh006512,12/01/2025,2025-01-27,2084400.0,2084400.0,0.0
hd002727,DH002330,10/01/2025,25/01/2025,1755000.0,1755000.0,0.0
hd002728,dh010113,11/01/2025,11/04/2025,435817800.0,329107500.0,106710300.0
hd002729,dh002389,13/01/2025,24/03/2025,126618400.0,93120800.0,33497600.0
hd002730,dh008276,10/01/2025,18/01/2025,71200.0,71200.0,0.0
hd002731,dh004231,10/01/2025,28/02/2025,372784200.0,266095800.0,106688400.0
hd002732,dh002394,12/01/2025,19/01/2025,6737400.0,6737400.0,0.0
hd002733,dh010288,10/01/2025,21/01/2025,8297100.0,8297100.0,0.0
hd002734,dh004268,13/01/2025,22/03/2025,603253800.0,76116900.0,527136900.0
hd002735,dh006467,12/01/2025,25/01/2025,1695000.0,1695000.0,0.0
hd002736,dh009946,10/01/2025,05/04/2025,230881000.0,230881000.0,0.0
hd002737,dh011915,13/01/2025,27/03/2025,347322800.0,347322800.0,0.0
HD002738,,11/01/2025,12/03/2025,570013700.0,570013700.0,0.0
HD002739,dh010346,12/01/2025,21/01/2025,75000.0,75000.0,0.0
hd002740,dh006170,11/01/2025,07/04/2025,171448000.0,106447200.0,65000800.0
HD002741,dh001198,2025-01-12,03/03/2025,172111000.0,172111000.0,0.0
hd002742,dh005120,10/01/2025,19/03/2025,443397000.0,67654100.0,375742900.0
hd002743,dh011756,12/01/2025,01/25/2025,16075200.0,16075200.0,0.0
hd002744,dh011765,10/01/2025,23/03/2025,301542000.0,301542000.0,0.0
hd002745,dh003359,13/01/2025,22/01/2025,8343600.0,8343600.0,0.0
hd002746,dh011667,14/01/2025,26/01/2025,3155000.0,3155000.0,0.0
hd002747,dh005140,12/01/2025,25/03/2025,312218800.0,312218800.0,0.0
hd002748,dh008260,12/01/2025,26/01/2025,4603100.0,4603100.0,0.0
hd002749,dh008181,2025-01-13,20/01/2025,622800.0,622800.0,0.0
hd002750,dh003835,11/01/2025,26/01/2025,1368900.0,1368900.0,0.0
hd002751,dh000799,14/01/2025,06/03/2025,494887600.0,494887600.0,0.0
HD002752,dh007655,13/01/2025,22/01/2025,3274500.0,3274500.0,0.0
hd002753,dh011725,12/01/2025,20/01/2025,2682600.0,1962300.0,720300.0
hd002754,dh010432,14/01/2025,26/01/2025,1035800.0,1035800.0,0.0
HD002755,dh007683,11/01/2025,24/01/2025,725000.0,725000.0,0.0
HD002756,dh006309,11/01/2025,19/01/2025,2028000.0,2028000.0,0.0
hd002757,dh000010,13/01/2025,25/01/2025,3870300.0,3870300.0,0.0
hd002758,dh008015,13/01/2025,09/03/2025,714800000.0,258464000.0,456336000.0
hd002759,dh010542,11/01/2025,20/01/2025,14618400.0,14618400.0,0.0
hd002760,dh001185,12/01/2025,22/01/2025,2079000.0,2079000.0,0.0
hd002761,dh001620,14/01/2025,01/03/2025,245407600.0,205058600.0,40349000.0
hd002762,dh000567,11/01/2025,18/01/2025,3753000.0,3753000.0,0.0
hd002763,,14/01/2025,01/04/2025,779610200.0,779610200.0,0.0
hd002764,dh006197,14/01/2025,05/03/2025,227921000.0,227921000.0,0.0
hd002765,dh003625,14/01/2025,29/01/2025,3194200.0,3194200.0,0.0
hd002766,dh007350,14/01/2025,21/01/2025,531000.0,531000.0,0.0
hd002767,dh000176,15/01/2025,17/03/2025,495487200.0,70528800.0,424958400.0
hd002768,dh005208,12/01/2025,22/01/2025,864000.0,864000.0,0.0
hd002769,,14/01/2025,08/04/2025,1112035300.0,967672100.0,144363200.0
hd002770,dh010969,12/01/2025,02/03/2025,175629400.0,131315000.0,44314400.0
HD002771,DH900009,15/01/2025,11/04/2025,271663100.0,130858500.0,140804600.0
HD002772,dh000849,14/01/2025,12/03/2025,392479300.0,243201800.0,149277500.0
hd002773,dh002673,15/01/2025,23/01/2025,9353400.0,9353400.0,0.0
hd002774,dh001275,14/01/2025,26/01/2025,929100.0,929100.0,0.0
hd002775,dh006842,15/01/2025,29/01/2025,8072000.0,8072000.0,0.0
hd002776,dh006328,13/01/2025,05/03/2025,211276800.0,88859200.0,122417600.0
hd002777,dh001568,13/01/2025,27/01/2025,12588000.0,10501300.0,2086700.0
hd002778,dh003113,14/01/2025,28/01/2025,262000.0,262000.0,0.0
HD002779,dh000928,12/01/2025,26/03/2025,294588600.0,183814300.0,110774300.0
HD002780,dh010632,13/01/2025,18/03/2025,204717200.0,115662800.0,89054400.0
hd002781,dh004015,12/01/2025,09/04/2025,373272200.0,373272200.0,0.0
hd002782,DH008225,01/13/2025,10/03/2025,568874000.0,110372500.0,458501500.0
hd002783,DH008370,13/01/2025,10/03/2025,418432300.0,408162200.0,10270100.0
hd002784,dh011981,12/01/2025,22/01/2025,3610800.0,3610800.0,0.0
HD002785,dh002487,12/01/2025,19/01/2025,2225700.0,2225700.0,0.0
hd002786,dh001152,01/14/2025,20/03/2025,41618500.0,41618500.0,0.0
hd002787,dh001352,2025-01-12,13/03/2025,150466800.0,150466800.0,0.0
hd002788,dh005115,14/01/2025,2025-04-13,373559200.0,373559200.0,0.0
hd002789,dh005049,14/01/2025,2025-01-28,9684500.0,9684500.0,0.0
hd002790,dh004832,15/01/2025,24/01/2025,101700.0,101700.0,0.0
hd002791,dh006453,15/01/2025,25/01/2025,2920000.0,2920000.0,0.0
HD002792,dh000232,13/01/2025,02/03/2025,172311300.0,172311300.0,0.0
hd002793,dh008309,16/01/2025,25/01/2025,134200.0,134200.0,0.0
hd002794,dh001146,13/01/2025,07/04/2025,487497100.0,432622000.0,54875100.0
hd002795,dh007413,14/01/2025,23/01/2025,1101600.0,1101600.0,0.0
hd002796,dh010159,16/01/2025,27/01/2025,10011000.0,4666700.0,5344300.0
hd002797,dh007989,16/01/2025,18/03/2025,284382000.0,134063600.0,150318400.0
HD002798,dh009238,16/01/2025,28/03/2025,365713200.0,166309100.0,199404100.0
hd002799,dh001343,14/01/2025,25/01/2025,1768800.0,1768800.0,0.0
hd002800,dh008766,14/01/2025,25/01/2025,4872000.0,4872000.0,0.0
HD002801,dh005612,15/01/2025,23/03/2025,264263200.0,264263200.0,0.0
HD002802,dh008310,14/01/2025,14/03/2025,221339200.0,217270900.0,4068300.0
hd002803,dh008620,15/01/2025,29/03/2025,439718000.0,439718000.0,0.0
hd002804,dh003698,17/01/2025,08/03/2025,691849200.0,449798700.0,242050500.0
hd002805,DH001543,15/01/2025,25/01/2025,5460000.0,5460000.0,0.0
hd002806,dh006029,17/01/2025,28/01/2025,1605000.0,1605000.0,0.0
HD002807,dh007368,15/01/2025,27/01/2025,3472600.0,3472600.0,0.0
hd002808,dh000735,17/01/2025,29/01/2025,8700000.0,8700000.0,0.0
hd002809,dh009415,16/01/2025,03/04/2025,564618000.0,198177500.0,366440500.0
HD002810,dh010235,16/01/2025,15/03/2025,115483000.0,18750900.0,96732100.0
HD002811,dh011866,15/01/2025,04/03/2025,163362000.0,104488900.0,58873100.0
hd002812,dh006092,14/01/2025,11/03/2025,188077200.0,143050700.0,45026500.0
HD002813,dh006786,17/01/2025,28/01/2025,2561900.0,2561900.0,0.0
HD002814,dh003272,17/01/2025,31/01/2025,17308100.0,17308100.0,0.0
HD002815,dh000481,16/01/2025,24/01/2025,14337200.0,14337200.0,0.0
hd002816,DH011094,2025-01-16,05/03/2025,729180000.0,88879600.0,640300400.0
HD002817,dh006503,17/01/2025,08/03/2025,435736600.0,435736600.0,0.0
hd002818,dh005352,15/01/2025,25/01/2025,2435000.0,2435000.0,0.0
hd002819,dh001253,17/01/2025,09/03/2025,73733200.0,22671600.0,51061600.0
HD002820,dh010048,15/01/2025,28/01/2025,3636400.0,3636400.0,0.0
hd002821,dh006191,16/01/2025,26/01/2025,5161000.0,2393000.0,2768000.0
hd002822,dh009325,14/01/2025,23/01/2025,4114700.0,4114700.0,0.0
HD002823,dh005078,14/01/2025,26/01/2025,5915000.0,5915000.0,0.0
hd002824,dh010800,17/01/2025,29/01/2025,2748000.0,1810300.0,937700.0
hd002825,dh009023,16/01/2025,26/01/2025,239700.0,239700.0,0.0
HD002826,dh001071,17/01/2025,01/29/2025,1492500.0,1492500.0,0.0
hd002827,dh010933,17/01/2025,30/01/2025,1048000.0,1048000.0,0.0
hd002828,dh003721,18/01/2025,25/01/2025,12627000.0,12627000.0,0.0
HD002829,dh011092,01/15/2025,22/01/2025,4224800.0,4224800.0,0.0
hd002830,dh004318,15/01/2025,03/04/2025,356409500.0,134109800.0,222299700.0
hd002831,dh008886,17/01/2025,27/01/2025,3860800.0,3860800.0,0.0
HD002832,dh002878,16/01/2025,05/03/2025,106821600.0,91063100.0,15758500.0
hd002833,dh007135,17/01/2025,30/01/2025,6447500.0,6447500.0,0.0
HD002834,dh011095,15/01/2025,24/01/2025,1752000.0,1752000.0,0.0
hd002835,dh011072,16/01/2025,23/01/2025,763000.0,763000.0,0.0
hd002836,dh001314,16/01/2025,31/03/2025,168149200.0,23732800.0,144416400.0
hd002837,dh007642,16/01/2025,08/04/2025,133191800.0,68071600.0,65120200.0
hd002838,dh003247,18/01/2025,02/02/2025,4113500.0,4113500.0,0.0
hd002839,dh001215,17/01/2025,12/03/2025,307573200.0,307573200.0,0.0
hd002840,,17/01/2025,27/01/2025,3372000.0,3372000.0,0.0
hd002841,dh001364,2025-01-18,31/03/2025,161104600.0,161104600.0,0.0
hd002842,dh007772,19/01/2025,31/01/2025,2390300.0,2390300.0,0.0
hd002843,dh004605,16/01/2025,16/03/2025,378318000.0,184167900.0,194150100.0
hd002844,dh001885,19/01/2025,02/02/2025,1218000.0,1218000.0,0.0
hd002845,dh000682,17/01/2025,13/03/2025,301819700.0,222831700.0,78988000.0
hd002846,dh009350,18/01/2025,18/03/2025,747627400.0,747627400.0,0.0
HD002847,dh009424,17/01/2025,30/01/2025,1873400.0,1873400.0,0.0
hd002848,DH008808,17/01/2025,24/03/2025,913833600.0,276324100.0,637509500.0
hd002849,DH002865,17/01/2025,16/04/2025,124284400.0,21577900.0,102706500.0
hd002850,dh000411,17/01/2025,27/01/2025,2268000.0,2128000.0,140000.0
hd002851,dh000300,19/01/2025,19/04/2025,145196200.0,34937700.0,110258500.0
hd002852,dh005133,19/01/2025,03/04/2025,156465400.0,88729200.0,67736200.0
HD002853,dh001947,19/01/2025,26/01/2025,157200.0,152500.0,4700.0
hd002854,dh006604,18/01/2025,20/03/2025,578159800.0,202809600.0,375350200.0
hd002855,DH004674,16/01/2025,28/03/2025,101592500.0,6065200.0,95527300.0
hd002856,dh001004,16/01/2025,26/01/2025,5629500.0,5629500.0,0.0
hd002857,dh005654,19/01/2025,31/01/2025,109000.0,65600.0,43400.0
hd002858,dh004406,18/01/2025,09/04/2025,227676600.0,189610700.0,38065900.0
hd002859,dh003644,18/01/2025,28/01/2025,3762600.0,3762600.0,0.0
HD002860,,19/01/2025,31/01/2025,2295000.0,2295000.0,0.0
hd002861,dh000866,18/01/2025,27/01/2025,4692000.0,3702300.0,989700.0
hd002862,dh011819,18/01/2025,01/30/2025,1239300.0,1239300.0,0.0
hd002863,dh005291,17/01/2025,29/01/2025,3783300.0,1254200.0,2529100.0
hd002864,dh005541,18/01/2025,02/02/2025,10346800.0,10346800.0,0.0
hd002865,DH007672,18/01/2025,29/01/2025,4264900.0,4264900.0,0.0
HD002866,dh011688,20/01/2025,29/01/2025,1666800.0,1666800.0,0.0
hd002867,dh000823,19/01/2025,01/02/2025,2154600.0,2154600.0,0.0
HD002868,dh001122,17/01/2025,29/01/2025,3327200.0,3327200.0,0.0
hd002869,dh001345,17/01/2025,01/02/2025,3143100.0,3143100.0,0.0
HD002870,DH006152,18/01/2025,07/03/2025,351414800.0,351414800.0,0.0
HD002871,dh000852,20/01/2025,09/03/2025,476689200.0,476689200.0,0.0
hd002872,dh002461,19/01/2025,26/03/2025,266478600.0,266478600.0,0.0
HD002873,dh007543,21/01/2025,23/03/2025,452868500.0,213779400.0,239089100.0
hd002874,dh001272,19/01/2025,06/03/2025,480120800.0,480120800.0,0.0
hd002875,dh011771,21/01/2025,02/02/2025,25000.0,25000.0,0.0
hd002876,dh007266,19/01/2025,30/01/2025,410000.0,410000.0,0.0
hd002877,dh011380,19/01/2025,03/04/2025,548315800.0,72373800.0,475942000.0
hd002878,dh003918,20/01/2025,15/04/2025,136224600.0,136224600.0,0.0
hd002879,DH005116,19/01/2025,18/03/2025,597402200.0,597402200.0,0.0
hd002880,dh001318,20/01/2025,01/02/2025,12814300.0,12814300.0,0.0
hd002881,,21/01/2025,10/03/2025,147276000.0,27908000.0,119368000.0
HD002882,DH900004,20/01/2025,04/02/2025,7042200.0,7042200.0,0.0
hd002883,dh007277,18/01/2025,16/03/2025,282342600.0,282342600.0,0.0
HD002884,DH900007,21/01/2025,28/01/2025,2627700.0,2627700.0,0.0
hd002885,dh009387,20/01/2025,31/01/2025,125400.0,12800.0,112600.0
hd002886,dh006736,20/01/2025,30/01/2025,2891200.0,2891200.0,0.0
hd002887,dh006747,20/01/2025,28/01/2025,2667600.0,2667600.0,0.0
hd002888,DH008004,18/01/2025,28/01/2025,929100.0,929100.0,0.0
hd002889,dh001438,18/01/2025,27/01/2025,2413800.0,1435600.0,978200.0
hd002890,dh000920,20/01/2025,03/02/2025,14799000.0,14799000.0,0.0
hd002891,dh000620,22/01/2025,31/01/2025,8106600.0,8106600.0,0.0
hd002892,DH000998,21/01/2025,01/02/2025,13822700.0,13822700.0,0.0
hd002893,DH004307,19/01/2025,01/02/2025,2928400.0,2928400.0,0.0
hd002894,dh000065,21/01/2025,02/02/2025,1134900.0,1134900.0,0.0
hd002895,dh003253,20/01/2025,04/02/2025,2502300.0,2502300.0,0.0
hd002896,dh010188,19/01/2025,02/02/2025,2516500.0,2362300.0,154200.0
hd002897,dh005808,22/01/2025,31/01/2025,581400.0,581400.0,0.0
HD002898,dh008685,19/01/2025,30/01/2025,1090000.0,1090000.0,0.0
hd002899,dh003584,19/01/2025,08/04/2025,87295100.0,12503100.0,74792000.0
HD002900,DH002081,21/01/2025,13/04/2025,213958000.0,213958000.0,0.0
hd002901,dh010003,20/01/2025,31/01/2025,3452000.0,3452000.0,0.0
HD002902,dh009833,21/01/2025,05/04/2025,882816200.0,277926500.0,604889700.0
hd002903,DH005445,20/01/2025,23/03/2025,690921200.0,9000300.0,681920900.0
hd002904,dh000485,21/01/2025,12/03/2025,307576000.0,149324700.0,158251300.0
hd002905,dh006984,22/01/2025,29/01/2025,865200.0,865200.0,0.0
hd002906,dh009853,21/01/2025,02/02/2025,12826600.0,12826600.0,0.0
hd002907,dh009047,01/21/2025,16/04/2025,988668700.0,779911400.0,208757300.0
hd002908,dh008626,21/01/2025,01/02/2025,2821500.0,1450600.0,1370900.0
hd002909,dh001958,20/01/2025,03/04/2025,458428700.0,458428700.0,0.0
HD002910,dh007496,22/01/2025,01/02/2025,1417500.0,1417500.0,0.0
hd002911,dh011660,22/01/2025,29/01/2025,745200.0,745200.0,0.0
hd002912,dh003421,21/01/2025,25/03/2025,140804100.0,140804100.0,0.0
HD002913,DH011902,22/01/2025,06/02/2025,21200.0,21200.0,0.0
hd002914,dh006826,22/01/2025,31/01/2025,4908600.0,4908600.0,0.0
hd002915,dh008027,23/01/2025,03/02/2025,1560600.0,234300.0,1326300.0
HD002916,dh004687,23/01/2025,04/02/2025,10902300.0,7566900.0,3335400.0
hd002917,dh004351,23/01/2025,02/05/2025,6098700.0,6098700.0,0.0
hd002918,dh001460,20/01/2025,12/04/2025,272586000.0,154339000.0,118247000.0
hd002919,dh005651,23/01/2025,11/03/2025,521681400.0,403292900.0,118388500.0
hd002920,dh003277,23/01/2025,31/01/2025,3802700.0,3802700.0,0.0
HD002921,dh009293,23/01/2025,09/03/2025,291983700.0,144593900.0,147389800.0
hd002922,dh001084,22/01/2025,15/04/2025,106965400.0,106965400.0,0.0
hd002923,dh010697,23/01/2025,23/04/2025,169747200.0,132314700.0,37432500.0
hd002924,dh005640,24/01/2025,01/02/2025,7749600.0,7749600.0,0.0
HD002925,,21/01/2025,05/02/2025,674700.0,159500.0,515200.0
hd002926,dh011034,24/01/2025,04/02/2025,87400.0,87400.0,0.0
hd002927,dh004267,24/01/2025,22/03/2025,432498900.0,190123300.0,242375600.0
HD002928,dh003800,21/01/2025,02/04/2025,223534400.0,36076200.0,187458200.0
hd002929,dh003100,23/01/2025,05/02/2025,1123000.0,1123000.0,0.0
HD002930,dh011973,23/01/2025,04/02/2025,719000.0,523000.0,196000.0
hd002931,dh003506,23/01/2025,30/01/2025,1890000.0,1890000.0,0.0
hd002932,dh003692,21/01/2025,01/02/2025,3268600.0,3268600.0,0.0
hd002933,dh005280,23/01/2025,04/02/2025,1825200.0,1825200.0,0.0
HD002934,dh001934,23/01/2025,03/04/2025,204695800.0,204695800.0,0.0
hd002935,dh004190,21/01/2025,11/03/2025,314433000.0,314433000.0,0.0
hd002936,dh004219,22/01/2025,29/03/2025,467690000.0,305754200.0,161935800.0
hd002937,dh001147,23/01/2025,02/03/2025,1752000.0,1752000.0,0.0
hd002938,dh010116,21/01/2025,07/03/2025,94392600.0,13768000.0,80624600.0
HD002939,dh003753,24/01/2025,12/04/2025,447285000.0,76172400.0,371112600.0
HD002940,dh011016,24/01/2025,31/03/2025,112069700.0,86577700.0,25492000.0
hd002941,dh007298,22/01/2025,09/03/2025,939688400.0,651757000.0,287931400.0
hd002942,dh010815,25/01/2025,20/04/2025,377047000.0,279951600.0,97095400.0
hd002943,dh006143,25/01/2025,11/04/2025,90227100.0,74099000.0,16128100.0
hd002944,DH900005,22/01/2025,30/01/2025,2412000.0,2412000.0,0.0
hd002945,dh002580,23/01/2025,01/02/2025,1493100.0,1493100.0,0.0
hd002946,dh003159,24/01/2025,15/03/2025,82741400.0,37627200.0,45114200.0
hd002947,dh011257,23/01/2025,25/03/2025,303197500.0,303197500.0,0.0
HD002948,dh000296,23/01/2025,06/02/2025,6869000.0,6869000.0,0.0
HD002949,dh009933,24/01/2025,02/02/2025,2692800.0,2692800.0,0.0
hd002950,dh002256,25/01/2025,14/04/2025,108014400.0,108014400.0,0.0
HD002951,dh006660,25/01/2025,18/04/2025,257755100.0,127954300.0,129800800.0
hd002952,,24/01/2025,13/04/2025,156255200.0,156255200.0,0.0
hd002953,dh003240,22/01/2025,11/03/2025,113333500.0,113333500.0,0.0
hd002954,dh001549,22/01/2025,06/02/2025,6343800.0,6343800.0,0.0
hd002955,dh006447,22/01/2025,21/04/2025,62633400.0,11389900.0,51243500.0
hd002956,dh011466,25/01/2025,03/23/2025,1065663900.0,1065663900.0,0.0
hd002957,DH007516,26/01/2025,23/04/2025,305615500.0,17504800.0,288110700.0
HD002958,dh011942,26/01/2025,29/03/2025,340761400.0,340761400.0,0.0
hd002959,dh003269,23/01/2025,24/03/2025,178647500.0,178647500.0,0.0
hd002960,dh010471,23/01/2025,03/02/2025,1479600.0,1479600.0,0.0
HD002961,dh000803,23/01/2025,22/03/2025,161422400.0,161422400.0,0.0
hd002962,dh010047,25/01/2025,04/02/2025,622900.0,622900.0,0.0
hd002963,dh005418,25/01/2025,02/02/2025,7206300.0,4478500.0,2727800.0
hd002964,dh009905,23/01/2025,01/02/2025,1620000.0,1620000.0,0.0
HD002965,dh004710,24/01/2025,16/04/2025,348117200.0,348117200.0,0.0
hd002966,dh008011,23/01/2025,21/04/2025,998014800.0,534906900.0,463107900.0
hd002967,dh002578,24/01/2025,07/02/2025,4050700.0,4050700.0,0.0
HD002968,dh000790,25/01/2025,06/02/2025,336000.0,336000.0,0.0
hd002969,dh011609,23/01/2025,06/02/2025,6044000.0,6044000.0,0.0
hd002970,dh001038,25/01/2025,23/04/2025,139047500.0,139047500.0,0.0
hd002971,dh005364,26/01/2025,02/02/2025,1300500.0,1300500.0,0.0
hd002972,dh010523,24/01/2025,31/01/2025,1665200.0,1665200.0,0.0
hd002973,dh001115,25/01/2025,06/02/2025,2564700.0,2564700.0,0.0
hd002974,dh001874,25/01/2025,15/03/2025,648202100.0,648202100.0,0.0
hd002975,dh002549,27/01/2025,10/02/2025,3288600.0,3288600.0,0.0
hd002976,dh000819,25/01/2025,04/03/2025,377392200.0,292829200.0,84563000.0
hd002977,DH900002,27/01/2025,08/02/2025,475300.0,475300.0,0.0
hd002978,dh003412,25/01/2025,24/03/2025,554132800.0,508137500.0,45995300.0
hd002979,DH001967,27/01/2025,14/03/2025,195710300.0,128675300.0,67035000.0
hd002980,dh003088,26/01/2025,05/04/2025,758073200.0,758073200.0,0.0
hd002981,dh007029,26/01/2025,31/03/2025,547004300.0,11959400.0,535044900.0
hd002982,dh005336,27/01/2025,03/02/2025,1695000.0,1119900.0,575100.0
hd002983,DH005176,26/01/2025,25/04/2025,147007500.0,128357100.0,18650400.0
hd002984,dh000614,25/01/2025,11/03/2025,541980300.0,541980300.0,0.0
HD002985,dh008965,27/01/2025,10/02/2025,5893800.0,5893800.0,0.0
HD002986,dh004705,26/01/2025,14/04/2025,320441200.0,320441200.0,0.0
HD002987,,26/01/2025,12/04/2025,515556500.0,503656300.0,11900200.0
HD002988,dh003764,24/01/2025,02/06/2025,2194200.0,2194200.0,0.0
HD002989,dh011270,26/01/2025,14/04/2025,218966700.0,113949000.0,105017700.0
hd002990,dh005119,25/01/2025,2025-03-21,69624800.0,69624800.0,0.0
hd002991,dh011750,26/01/2025,04/02/2025,10551900.0,6096300.0,4455600.0
hd002992,dh008973,27/01/2025,15/04/2025,265474900.0,265474900.0,0.0
HD002993,dh011544,26/01/2025,03/02/2025,15840800.0,15840800.0,0.0
hd002994,dh010587,25/01/2025,10/04/2025,165554600.0,22717600.0,142837000.0
hd002995,dh010684,27/01/2025,07/02/2025,1294600.0,1294600.0,0.0
hd002996,DH005249,26/01/2025,03/02/2025,16776400.0,10762600.0,6013800.0
HD002997,dh010078,28/01/2025,25/03/2025,467132300.0,467132300.0,0.0
hd002998,dh009764,28/01/2025,16/04/2025,77076600.0,10181100.0,66895500.0
hd002999,dh003803,26/01/2025,03/04/2025,305886000.0,19384100.0,286501900.0
hd003000,dh006789,25/01/2025,05/02/2025,2866200.0,2866200.0,0.0
hd003001,dh011429,26/01/2025,2025-02-06,2592000.0,2592000.0,0.0
HD003002,dh003960,27/01/2025,23/03/2025,957000400.0,957000400.0,0.0
hd003003,dh006820,25/01/2025,02/02/2025,2236300.0,2236300.0,0.0
hd003004,dh006285,27/01/2025,03/02/2025,4042700.0,4042700.0,0.0
hd003005,dh004831,25/01/2025,30/03/2025,226387300.0,226387300.0,0.0
hd003006,DH005982,25/01/2025,07/02/2025,14294400.0,14294400.0,0.0
hd003007,dh011423,25/01/2025,09/02/2025,8235700.0,8235700.0,0.0
HD003008,dh005774,28/01/2025,28/04/2025,164545900.0,103085400.0,61460500.0
hd003009,dh009776,26/01/2025,07/02/2025,4217200.0,4217200.0,0.0
hd003010,dh008449,29/01/2025,09/02/2025,984300.0,772700.0,211600.0
hd003011,DH005977,29/01/2025,2025-02-07,270000.0,270000.0,0.0
HD003012,dh009160,27/01/2025,04/02/2025,921400.0,921400.0,0.0
HD003013,dh008836,29/01/2025,27/04/2025,238123600.0,140630100.0,97493500.0
HD003014,dh004658,26/01/2025,16/04/2025,99128000.0,27150800.0,71977200.0
hd003015,dh006796,26/01/2025,30/03/2025,336900800.0,165650600.0,171250200.0
hd003016,dh009787,26/01/2025,04/04/2025,655499700.0,576397500.0,79102200.0
hd003017,dh010630,28/01/2025,11/02/2025,1128600.0,1128600.0,0.0
hd003018,dh002943,29/01/2025,31/03/2025,499660500.0,499660500.0,0.0
hd003019,dh003757,28/01/2025,28/04/2025,846434800.0,549291800.0,297143000.0
hd003020,dh000141,28/01/2025,07/02/2025,5844000.0,5844000.0,0.0
hd003021,dh001313,27/01/2025,08/02/2025,431800.0,431800.0,0.0
HD003022,dh007797,26/01/2025,04/02/2025,2059400.0,2059400.0,0.0
hd003023,dh005524,27/01/2025,09/02/2025,875900.0,875900.0,0.0
hd003024,dh006486,30/01/2025,13/02/2025,2561200.0,2561200.0,0.0
hd003025,dh009781,28/01/2025,08/02/2025,656000.0,656000.0,0.0
hd003026,dh001793,30/01/2025,07/02/2025,299200.0,299200.0,0.0
HD003027,dh001809,28/01/2025,10/02/2025,2376000.0,2376000.0,0.0
hd003028,DH011740,28/01/2025,07/02/2025,1421000.0,1421000.0,0.0
HD003029,dh006255,30/01/2025,16/03/2025,193849200.0,71326200.0,122523000.0
HD003030,dh011258,30/01/2025,19/03/2025,356999600.0,268587100.0,88412500.0
hd003031,dh010176,28/01/2025,12/02/2025,1797000.0,1797000.0,0.0
HD003032,dh002241,27/01/2025,02/04/2025,396454600.0,396454600.0,0.0
hd003033,DH900009,30/01/2025,10/02/2025,5769200.0,5443800.0,325400.0
hd003034,dh002469,27/01/2025,04/04/2025,450931200.0,450931200.0,0.0
hd003035,dh002351,29/01/2025,06/02/2025,77400.0,76600.0,800.0
hd003036,dh008042,27/01/2025,08/02/2025,11807200.0,11807200.0,0.0
hd003037,dh010629,28/01/2025,06/02/2025,8334700.0,8334700.0,0.0
hd003038,DH007052,29/01/2025,09/02/2025,561000.0,561000.0,0.0
hd003039,dh002982,29/01/2025,06/02/2025,2880000.0,2880000.0,0.0
hd003040,dh006634,30/01/2025,28/04/2025,366579400.0,335346500.0,31232900.0
hd003041,dh006618,27/01/2025,03/02/2025,853600.0,443100.0,410500.0
hd003042,dh000992,27/01/2025,03/04/2025,150970400.0,150970400.0,0.0
hd003043,dh007536,29/01/2025,08/02/2025,3580800.0,3580800.0,0.0
hd003044,dh005515,30/01/2025,17/04/2025,827536500.0,104032100.0,723504400.0
hd003045,dh008393,30/01/2025,13/04/2025,96806700.0,74088100.0,22718600.0
HD003046,dh009308,30/01/2025,13/02/2025,1246000.0,1246000.0,0.0
hd003047,dh008069,29/01/2025,03/04/2025,209266400.0,37068000.0,172198400.0
hd003048,dh003514,31/01/2025,27/03/2025,235976300.0,235976300.0,0.0
hd003049,dh009718,28/01/2025,11/02/2025,60000.0,60000.0,0.0
hd003050,dh006302,2025-01-30,08/02/2025,481200.0,481200.0,0.0
hd003051,dh003067,31/01/2025,12/02/2025,478800.0,478800.0,0.0
hd003052,dh006971,29/01/2025,08/02/2025,2982000.0,2982000.0,0.0
HD003053,dh002039,30/01/2025,2025-04-02,295806500.0,295806500.0,0.0
HD003054,dh004193,28/01/2025,06/02/2025,1216000.0,1216000.0,0.0
hd003055,dh003564,31/01/2025,02/04/2025,224771000.0,224771000.0,0.0
HD003056,dh011813,30/01/2025,21/03/2025,94510000.0,6360400.0,88149600.0
HD003057,dh010611,28/01/2025,22/04/2025,176891700.0,58841800.0,118049900.0
HD003058,dh008191,29/01/2025,11/04/2025,67246600.0,67246600.0,0.0
hd003059,dh010816,31/01/2025,27/03/2025,888879200.0,888879200.0,0.0
hd003060,dh006816,31/01/2025,29/03/2025,277875800.0,277875800.0,0.0
hd003061,dh009521,28/01/2025,2025-03-24,107634000.0,101175900.0,6458100.0
hd003062,dh007467,01/30/2025,07/02/2025,5083500.0,4136500.0,947000.0
hd003063,dh006147,29/01/2025,12/02/2025,5084700.0,3336900.0,1747800.0
hd003064,dh010792,29/01/2025,18/04/2025,158418600.0,75725400.0,82693200.0
HD003065,dh004916,29/01/2025,08/02/2025,1170000.0,1170000.0,0.0
hd003066,dh010789,01/02/2025,09/02/2025,6442000.0,6442000.0,0.0
hd003067,dh000114,31/01/2025,10/02/2025,186200.0,186200.0,0.0
hd003068,dh008555,30/01/2025,08/02/2025,1242000.0,1242000.0,0.0
hd003069,dh000982,30/01/2025,13/02/2025,3069000.0,3069000.0,0.0
hd003070,dh004760,30/01/2025,11/02/2025,3581400.0,3581400.0,0.0
hd003071,dh002054,01/02/2025,11/02/2025,965200.0,965200.0,0.0
hd003072,dh008585,29/01/2025,08/02/2025,229500.0,229500.0,0.0
HD003073,dh004016,01/02/2025,14/04/2025,328071600.0,328071600.0,0.0
hd003074,dh007656,31/01/2025,07/02/2025,1180800.0,390500.0,790300.0
hd003075,dh004921,01/02/2025,12/02/2025,378000.0,378000.0,0.0
HD003076,dh006138,01/02/2025,15/04/2025,278387000.0,278387000.0,0.0
hd003077,dh005010,31/01/2025,14/02/2025,2023500.0,1633500.0,390000.0
hd003078,dh009242,01/02/2025,09/02/2025,7312000.0,7312000.0,0.0
hd003079,dh011672,31/01/2025,01/05/2025,510895600.0,510895600.0,0.0
hd003080,,29/01/2025,09/02/2025,3023000.0,3023000.0,0.0
hd003081,dh011091,29/01/2025,06/02/2025,21540600.0,21540600.0,0.0
hd003082,dh002718,29/01/2025,20/04/2025,583437800.0,577629200.0,5808600.0
hd003083,dh006709,29/01/2025,29/03/2025,490661400.0,387585500.0,103075900.0
hd003084,dh002975,02/02/2025,11/02/2025,2380000.0,2380000.0,0.0
hd003085,dh002415,02/02/2025,13/02/2025,738000.0,738000.0,0.0
hd003086,,02/02/2025,17/02/2025,91200.0,91200.0,0.0
hd003087,,30/01/2025,01/04/2025,129848400.0,64719900.0,65128500.0
hd003088,dh001082,2025-01-31,01/04/2025,220909400.0,176147900.0,44761500.0
hd003089,dh009675,31/01/2025,15/02/2025,607200.0,607200.0,0.0
hd003090,,02/02/2025,09/02/2025,448000.0,448000.0,0.0
hd003091,dh007227,31/01/2025,2025-02-09,82800.0,82800.0,0.0
HD003092,dh001291,02/02/2025,11/02/2025,1447800.0,1447800.0,0.0
hd003093,dh010726,01/02/2025,11/02/2025,7173100.0,7173100.0,0.0
HD003094,DH004418,30/01/2025,08/02/2025,6577200.0,6577200.0,0.0
hd003095,dh009646,31/01/2025,09/02/2025,19941300.0,19941300.0,0.0
hd003096,DH002323,30/01/2025,23/03/2025,161622900.0,161622900.0,0.0
hd003097,dh008611,02/02/2025,30/04/2025,137555400.0,62381300.0,75174100.0
hd003098,dh008210,02/02/2025,13/02/2025,11689000.0,11689000.0,0.0
hd003099,dh005655,31/01/2025,2025-03-27,85763200.0,85763200.0,0.0
hd003100,dh003649,31/01/2025,24/04/2025,565435600.0,355397700.0,210037900.0
hd003101,dh011733,01/02/2025,2025-02-09,1188000.0,1188000.0,0.0
hd003102,DH900004,31/01/2025,12/04/2025,646016800.0,406316800.0,239700000.0
hd003103,DH900003,02/02/2025,23/03/2025,179592100.0,179592100.0,0.0
hd003104,dh007012,02/02/2025,15/02/2025,6101100.0,6101100.0,0.0
HD003105,dh011292,03/02/2025,11/02/2025,986000.0,986000.0,0.0
hd003106,dh004210,02/02/2025,15/02/2025,6275000.0,6275000.0,0.0
hd003107,dh008096,02/02/2025,25/03/2025,228456100.0,228456100.0,0.0
hd003108,dh005429,02/02/2025,23/04/2025,185779800.0,185779800.0,0.0
HD003109,dh008253,01/02/2025,03/04/2025,739802800.0,675558900.0,64243900.0
HD003110,dh002154,01/02/2025,21/04/2025,185186000.0,27481200.0,157704800.0
HD003111,dh010308,01/02/2025,16/02/2025,10215600.0,10215600.0,0.0
hd003112,dh002895,31/01/2025,2025-02-15,12334500.0,12334500.0,0.0
hd003113,dh006240,02/02/2025,14/04/2025,762105000.0,604364900.0,157740100.0
hd003114,dh011269,02/02/2025,12/02/2025,205200.0,205200.0,0.0
hd003115,dh002191,31/01/2025,12/02/2025,2645400.0,2645400.0,0.0
hd003116,dh007606,03/02/2025,13/02/2025,13769000.0,13769000.0,0.0
HD003117,dh008226,01/02/2025,03/22/2025,746197000.0,523295900.0,222901100.0
hd003118,DH900002,31/01/2025,11/02/2025,1254300.0,1254300.0,0.0
hd003119,dh007618,02/02/2025,09/02/2025,1616000.0,1616000.0,0.0
hd003120,dh007489,03/02/2025,26/03/2025,337588300.0,237443600.0,100144700.0
hd003121,dh003140,03/02/2025,18/02/2025,1586000.0,1586000.0,0.0
hd003122,dh001510,02/02/2025,13/04/2025,725987900.0,725987900.0,0.0
hd003123,dh000270,31/01/2025,23/03/2025,262321300.0,262321300.0,0.0
HD003124,DH009138,02/02/2025,22/03/2025,263361300.0,263361300.0,0.0
hd003125,dh006637,02/02/2025,17/02/2025,879000.0,879000.0,0.0
hd003126,DH009988,2025-02-04,18/02/2025,7992500.0,7992500.0,0.0
hd003127,DH003829,03/02/2025,17/04/2025,140169800.0,118369800.0,21800000.0
hd003128,DH004315,04/02/2025,11/02/2025,2776500.0,2776500.0,0.0
HD003129,dh005198,04/02/2025,28/04/2025,480285600.0,132149800.0,348135800.0
hd003130,dh001881,04/02/2025,14/02/2025,1850400.0,1850400.0,0.0
hd003131,dh007994,03/02/2025,10/02/2025,4873500.0,4873500.0,0.0
hd003132,dh003820,04/02/2025,04/04/2025,327833000.0,275256300.0,52576700.0
hd003133,dh002778,03/02/2025,23/04/2025,46929600.0,1367400.0,45562200.0
hd003134,dh002872,04/02/2025,12/02/2025,1252800.0,1252800.0,0.0
HD003135,dh010228,05/02/2025,25/03/2025,449337200.0,449337200.0,0.0
hd003136,dh008939,03/02/2025,11/02/2025,749700.0,749700.0,0.0
hd003137,dh009162,04/02/2025,19/02/2025,1365100.0,1365100.0,0.0
HD003138,dh005070,03/02/2025,16/02/2025,2075000.0,2075000.0,0.0
hd003139,dh006056,04/02/2025,26/03/2025,370862100.0,370862100.0,0.0
hd003140,dh011661,03/02/2025,30/04/2025,708776400.0,590049700.0,118726700.0
hd003141,dh008148,03/02/2025,01/04/2025,120845000.0,12915700.0,107929300.0
hd003142,dh011625,03/02/2025,15/02/2025,201600.0,98700.0,102900.0
HD003143,dh011382,03/02/2025,18/04/2025,268621800.0,117442200.0,151179600.0
HD003144,dh007632,04/02/2025,15/02/2025,1843000.0,1843000.0,0.0
hd003145,dh009355,02/02/2025,15/02/2025,1000800.0,994800.0,6000.0
hd003146,dh008280,03/02/2025,27/03/2025,225670200.0,73323000.0,152347200.0
hd003147,dh010534,04/02/2025,11/02/2025,6000000.0,4215300.0,1784700.0
hd003148,dh003573,05/02/2025,19/02/2025,2352300.0,2352300.0,0.0
HD003149,dh000658,06/02/2025,18/02/2025,1971000.0,1971000.0,0.0
hd003150,DH005082,03/02/2025,12/02/2025,1758600.0,1758600.0,0.0
hd003151,,03/02/2025,10/02/2025,1156000.0,1127300.0,28700.0
HD003152,DH001433,05/02/2025,30/04/2025,398272000.0,398272000.0,0.0
hd003153,dh007180,05/02/2025,06/05/2025,519997200.0,519997200.0,0.0
hd003154,dh010115,06/02/2025,08/04/2025,536973600.0,403595800.0,133377800.0
hd003155,dh005321,05/02/2025,08/04/2025,139221400.0,139221400.0,0.0
hd003156,dh009760,07/02/2025,21/02/2025,3615100.0,2573600.0,1041500.0
HD003157,dh011266,06/02/2025,17/02/2025,2796300.0,2796300.0,0.0
hd003158,dh000662,2025-02-06,13/02/2025,7630000.0,7630000.0,0.0
hd003159,dh006487,04/02/2025,30/04/2025,364636000.0,29244800.0,335391200.0
HD003160,dh009530,04/02/2025,15/02/2025,1275600.0,1275600.0,0.0
HD003161,dh006105,05/02/2025,19/02/2025,6550500.0,5086700.0,1463800.0
hd003162,,04/02/2025,07/04/2025,102637400.0,64051600.0,38585800.0
hd003163,dh003031,07/02/2025,21/04/2025,769586500.0,612914000.0,156672500.0
HD003164,dh008077,07/02/2025,29/03/2025,291437000.0,291437000.0,0.0
hd003165,dh000870,07/02/2025,20/02/2025,540000.0,540000.0,0.0
hd003166,dh008831,07/02/2025,06/05/2025,415600400.0,415600400.0,0.0
hd003167,dh005818,07/02/2025,26/04/2025,362183800.0,5640300.0,356543500.0
HD003168,dh008700,06/02/2025,20/04/2025,378077200.0,378077200.0,0.0
hd003169,dh001202,05/02/2025,13/02/2025,6424400.0,6424400.0,0.0
hd003170,dh000690,05/02/2025,2025-02-17,2376800.0,1969000.0,407800.0
hd003171,dh006824,07/02/2025,31/03/2025,177939400.0,114814400.0,63125000.0
HD003172,dh006083,06/02/2025,20/02/2025,670000.0,670000.0,0.0
HD003173,dh011893,06/02/2025,19/04/2025,555754900.0,274986500.0,280768400.0
HD003174,dh008735,08/02/2025,23/02/2025,1531000.0,1531000.0,0.0
HD003175,dh002357,05/02/2025,12/02/2025,287000.0,287000.0,0.0
hd003176,dh000668,05/02/2025,28/03/2025,632048200.0,88028600.0,544019600.0
hd003177,dh004490,05/02/2025,14/02/2025,1870500.0,1870500.0,0.0
hd003178,dh002127,07/02/2025,20/02/2025,6391500.0,6391500.0,0.0
HD003179,dh002427,2025-02-05,15/02/2025,583200.0,583200.0,0.0
hd003180,dh005276,06/02/2025,2025-05-02,513496200.0,513496200.0,0.0
hd003181,dh010807,02/07/2025,10/04/2025,499170900.0,203448800.0,295722100.0
hd003182,dh008515,05/02/2025,14/02/2025,2256000.0,2256000.0,0.0
hd003183,dh004002,06/02/2025,08/04/2025,320300000.0,74055200.0,246244800.0
hd003184,dh002991,2025-02-05,03/04/2025,289153600.0,289153600.0,0.0
hd003185,dh000165,07/02/2025,16/02/2025,3247000.0,3247000.0,0.0
hd003186,dh008622,06/02/2025,19/02/2025,7850200.0,7850200.0,0.0
hd003187,dh004514,09/02/2025,16/02/2025,1041200.0,1041200.0,0.0
HD003188,DH007767,06/02/2025,16/02/2025,7507200.0,7507200.0,0.0
hd003189,dh009072,07/02/2025,25/03/2025,116247300.0,42186100.0,74061200.0
HD003190,dh011419,08/02/2025,09/05/2025,77044500.0,63582800.0,13461700.0
hd003191,dh006465,08/02/2025,08/04/2025,366897000.0,366897000.0,0.0
hd003192,dh004597,09/02/2025,16/02/2025,2548800.0,2548800.0,0.0
hd003193,dh005570,08/02/2025,17/02/2025,302400.0,302400.0,0.0
hd003194,dh008757,09/02/2025,18/02/2025,4040100.0,4040100.0,0.0
hd003195,DH011196,07/02/2025,2025-04-18,325508500.0,50294600.0,275213900.0
HD003196,dh010273,09/02/2025,06/05/2025,448190000.0,448190000.0,0.0
hd003197,DH900004,09/02/2025,30/03/2025,415824200.0,43646800.0,372177400.0
hd003198,dh004753,08/02/2025,16/02/2025,3265600.0,3265600.0,0.0
hd003199,dh000641,2025-02-07,14/02/2025,1456200.0,1456200.0,0.0
hd003200,dh010285,08/02/2025,23/02/2025,648000.0,648000.0,0.0
hd003201,dh008413,07/02/2025,12/04/2025,337841100.0,337841100.0,0.0
hd003202,dh009501,10/02/2025,01/05/2025,376458200.0,376458200.0,0.0
hd003203,DH900001,09/02/2025,23/02/2025,2483000.0,2483000.0,0.0
HD003204,dh006221,08/02/2025,22/04/2025,137462100.0,17209400.0,120252700.0
hd003205,dh000716,10/02/2025,05/04/2025,474245200.0,474245200.0,0.0
hd003206,,08/02/2025,17/02/2025,1376000.0,212600.0,1163400.0
hd003207,dh007947,10/02/2025,19/02/2025,2052000.0,2052000.0,0.0
hd003208,dh007712,08/02/2025,02/05/2025,100498800.0,40907900.0,59590900.0
HD003209,DH004508,11/02/2025,14/04/2025,124363200.0,27919800.0,96443400.0
HD003210,dh003761,11/02/2025,29/04/2025,71949000.0,6872600.0,65076400.0
hd003211,dh007144,10/02/2025,19/02/2025,913600.0,913600.0,0.0
hd003212,dh008551,11/02/2025,23/02/2025,1307200.0,1307200.0,0.0
hd003213,dh011087,11/02/2025,22/02/2025,330600.0,330600.0,0.0
hd003214,dh005962,09/02/2025,22/02/2025,5051600.0,5051600.0,0.0
hd003215,dh007713,10/02/2025,20/02/2025,9424500.0,9424500.0,0.0
hd003216,dh007328,10/02/2025,17/02/2025,216600.0,216600.0,0.0
hd003217,dh002495,12/02/2025,27/02/2025,10444000.0,10444000.0,0.0
hd003218,dh002137,11/02/2025,18/02/2025,6840000.0,6840000.0,0.0
hd003219,dh010508,11/02/2025,21/02/2025,1452200.0,1452200.0,0.0
hd003220,,09/02/2025,10/05/2025,11149400.0,11149400.0,0.0
hd003221,DH001665,12/02/2025,27/02/2025,10008000.0,9821800.0,186200.0
HD003222,dh008514,11/02/2025,02/05/2025,225074700.0,225074700.0,0.0
hd003223,dh000099,11/02/2025,11/05/2025,607455200.0,199635900.0,407819300.0
hd003224,dh009430,12/02/2025,25/02/2025,1256800.0,1256800.0,0.0
hd003225,DH001010,10/02/2025,01/04/2025,333522800.0,279447300.0,54075500.0
hd003226,DH002280,09/02/2025,30/03/2025,273228100.0,206081300.0,67146800.0
hd003227,dh003083,09/02/2025,21/04/2025,590460400.0,204787700.0,385672700.0
hd003228,dh010138,10/02/2025,21/04/2025,233477200.0,183070800.0,50406400.0
hd003229,dh009542,11/02/2025,01/05/2025,245519800.0,245519800.0,0.0
hd003230,dh008776,13/02/2025,24/02/2025,504000.0,234700.0,269300.0
hd003231,dh002044,12/02/2025,29/04/2025,432783900.0,10694000.0,422089900.0
hd003232,DH008328,11/02/2025,23/02/2025,7888200.0,7888200.0,0.0
HD003233,dh002916,11/02/2025,04/04/2025,285499200.0,285499200.0,0.0
hd003234,dh003487,11/02/2025,26/02/2025,1157100.0,1157100.0,0.0
hd003235,dh003449,13/02/2025,19/04/2025,530925500.0,394815500.0,136110000.0
hd003236,DH002596,12/02/2025,25/02/2025,1249000.0,1249000.0,0.0
hd003237,dh007847,14/02/2025,26/02/2025,5814000.0,5814000.0,0.0
hd003238,dh008521,13/02/2025,22/02/2025,3688000.0,3688000.0,0.0
HD003239,dh008211,14/02/2025,10/04/2025,501050400.0,247217400.0,253833000.0
hd003240,dh005474,11/02/2025,03/05/2025,299271200.0,299271200.0,0.0
hd003241,dh007374,11/02/2025,18/02/2025,8440600.0,8440600.0,0.0
hd003242,dh003162,14/02/2025,25/02/2025,618000.0,618000.0,0.0
HD003243,dh004017,12/02/2025,04/05/2025,814986400.0,619609100.0,195377300.0
HD003244,dh010900,13/02/2025,02/21/2025,6017600.0,6017600.0,0.0
hd003245,DH003637,14/02/2025,14/04/2025,129380300.0,129380300.0,0.0
hd003246,dh006948,12/02/2025,19/02/2025,1011800.0,1011800.0,0.0
hd003247,dh011089,12/02/2025,30/03/2025,413007300.0,116865400.0,296141900.0
hd003248,dh008769,13/02/2025,26/04/2025,142701800.0,110248000.0,32453800.0
hd003249,dh004110,14/02/2025,28/02/2025,874800.0,874800.0,0.0
HD003250,dh011148,15/02/2025,07/05/2025,284706500.0,109268600.0,175437900.0
hd003251,dh003007,14/02/2025,05/05/2025,118175600.0,77637800.0,40537800.0
hd003252,dh007461,13/02/2025,21/04/2025,1038696800.0,952109800.0,86587000.0
HD003253,dh011307,14/02/2025,23/02/2025,1824000.0,1824000.0,0.0
hd003254,dh003900,02/15/2025,11/04/2025,167844200.0,167844200.0,0.0
hd003255,dh000864,14/02/2025,21/02/2025,3920200.0,3920200.0,0.0
hd003256,dh004345,14/02/2025,12/05/2025,458656200.0,458656200.0,0.0
hd003257,dh007900,13/02/2025,10/05/2025,107256400.0,37638700.0,69617700.0
hd003258,,14/02/2025,18/04/2025,118634000.0,118634000.0,0.0
HD003259,dh003611,15/02/2025,16/05/2025,198973900.0,166339900.0,32634000.0
hd003260,dh007377,12/02/2025,19/02/2025,6116700.0,6116700.0,0.0
HD003261,dh000907,14/02/2025,29/04/2025,345885200.0,345885200.0,0.0
hd003262,DH003157,15/02/2025,01/03/2025,5617400.0,3777100.0,1840300.0
HD003263,dh001519,13/02/2025,27/02/2025,4000000.0,2361600.0,1638400.0
hd003264,dh008305,14/02/2025,2025-02-25,1086000.0,1086000.0,0.0
hd003265,dh001713,13/02/2025,01/05/2025,148213000.0,63828500.0,84384500.0
hd003266,dh005910,15/02/2025,16/04/2025,146532600.0,137570200.0,8962400.0
hd003267,dh009607,13/02/2025,22/02/2025,154700.0,154700.0,0.0
hd003268,dh006738,15/02/2025,03/05/2025,263177700.0,263177700.0,0.0
hd003269,dh007851,16/02/2025,26/02/2025,9300000.0,9300000.0,0.0
HD003270,dh004816,13/02/2025,27/02/2025,8850000.0,5715300.0,3134700.0
hd003271,dh011451,16/02/2025,02/03/2025,3069500.0,2114200.0,955300.0
hd003272,dh011177,13/02/2025,21/02/2025,1909800.0,1909800.0,0.0
hd003273,dh000060,16/02/2025,21/04/2025,188243400.0,26394300.0,161849100.0
hd003274,dh005965,17/02/2025,03/03/2025,582000.0,582000.0,0.0
HD003275,dh004051,16/02/2025,24/02/2025,3988200.0,3988200.0,0.0
hd003276,dh011742,16/02/2025,25/04/2025,204877500.0,204877500.0,0.0
HD003277,dh008510,17/02/2025,08/05/2025,30894400.0,30894400.0,0.0
hd003278,dh005592,15/02/2025,24/02/2025,6252600.0,6252600.0,0.0
hd003279,,16/02/2025,27/04/2025,437815500.0,73903600.0,363911900.0
HD003280,DH900005,14/02/2025,31/03/2025,256560700.0,244861700.0,11699000.0
hd003281,dh000361,15/02/2025,05/05/2025,240525200.0,191263500.0,49261700.0
HD003282,dh006981,14/02/2025,27/02/2025,1268900.0,1268900.0,0.0
hd003283,dh002926,14/02/2025,2025-04-26,203620100.0,203620100.0,0.0
hd003284,dh001028,14/02/2025,21/02/2025,6933600.0,6933600.0,0.0
hd003285,dh009466,15/02/2025,05/05/2025,140615000.0,140615000.0,0.0
hd003286,dh001434,15/02/2025,27/04/2025,173700600.0,120953200.0,52747400.0
hd003287,dh001587,15/02/2025,23/04/2025,199605300.0,68112900.0,131492400.0
HD003288,dh009020,17/02/2025,25/02/2025,2029000.0,2029000.0,0.0
hd003289,dh010194,16/02/2025,05/13/2025,238056100.0,231725100.0,6331000.0
hd003290,dh011780,17/02/2025,28/04/2025,528254600.0,232822400.0,295432200.0
hd003291,dh002723,17/02/2025,04/12/2025,145830300.0,145830300.0,0.0
hd003292,dh011843,15/02/2025,01/05/2025,365554000.0,328641400.0,36912600.0
hd003293,dh009735,18/02/2025,28/02/2025,10202000.0,10202000.0,0.0
HD003294,dh010650,17/02/2025,03/03/2025,3399200.0,3399200.0,0.0
hd003295,dh000619,18/02/2025,20/04/2025,115765600.0,50404500.0,65361100.0
hd003296,dh004737,17/02/2025,02/05/2025,248745600.0,248745600.0,0.0
hd003297,DH900003,19/02/2025,26/04/2025,236860600.0,51426700.0,185433900.0
hd003298,dh005567,16/02/2025,2025-02-27,7024600.0,7024600.0,0.0
hd003299,dh011262,17/02/2025,16/05/2025,149416700.0,149416700.0,0.0
HD003300,dh004981,17/02/2025,02/28/2025,942000.0,942000.0,0.0
hd003301,dh008173,02/17/2025,27/02/2025,7287700.0,6805900.0,481800.0
hd003302,DH900002,18/02/2025,25/02/2025,5562000.0,5562000.0,0.0
HD003303,dh006858,16/02/2025,27/02/2025,3334000.0,3334000.0,0.0
hd003304,dh009155,19/02/2025,17/05/2025,169230400.0,102292200.0,66938200.0
HD003305,,16/02/2025,24/02/2025,272000.0,272000.0,0.0
hd003306,dh000763,16/02/2025,02/04/2025,822166500.0,822166500.0,0.0
hd003307,dh004262,20/02/2025,10/04/2025,188776800.0,188776800.0,0.0
hd003308,dh004448,17/02/2025,09/05/2025,333809800.0,143255900.0,190553900.0
hd003309,dh010290,20/02/2025,06/03/2025,2537400.0,1924400.0,613000.0
hd003310,dh000509,18/02/2025,25/02/2025,647100.0,647100.0,0.0
hd003311,DH011884,18/02/2025,28/02/2025,9684200.0,9684200.0,0.0
hd003312,dh002841,18/02/2025,2025-04-12,387829100.0,387829100.0,0.0
hd003313,dh011965,17/02/2025,25/02/2025,3993400.0,3993400.0,0.0
HD003314,dh000673,20/02/2025,09/04/2025,663879900.0,663879900.0,0.0
hd003315,dh002026,20/02/2025,01/05/2025,55035100.0,55035100.0,0.0
hd003316,dh001192,20/02/2025,04/03/2025,3783000.0,3783000.0,0.0
HD003317,,21/02/2025,05/05/2025,286735200.0,286735200.0,0.0
hd003318,dh001709,21/02/2025,04/03/2025,5832000.0,5832000.0,0.0
hd003319,dh011303,18/02/2025,18/05/2025,597235800.0,9877300.0,587358500.0
hd003320,dh009038,19/02/2025,01/03/2025,2448000.0,291500.0,2156500.0
hd003321,dh001223,19/02/2025,24/04/2025,126146000.0,126146000.0,0.0
hd003322,DH000915,19/02/2025,26/02/2025,4276600.0,4276600.0,0.0
HD003323,dh000143,21/02/2025,07/03/2025,163400.0,163400.0,0.0
HD003324,,18/02/2025,02/03/2025,9858000.0,9858000.0,0.0
HD003325,dh008361,19/02/2025,04/03/2025,375200.0,285100.0,90100.0
hd003326,dh001436,02/21/2025,24/04/2025,511083500.0,375340300.0,135743200.0
hd003327,DH004192,20/02/2025,06/03/2025,8927100.0,8927100.0,0.0
hd003328,dh001659,19/02/2025,09/05/2025,259131600.0,259131600.0,0.0
HD003329,dh001049,20/02/2025,04/03/2025,1609200.0,1609200.0,0.0
hd003330,dh008208,22/02/2025,05/04/2025,443390600.0,403765400.0,39625200.0
hd003331,dh000007,22/02/2025,04/03/2025,7609800.0,7609800.0,0.0
HD003332,dh004573,21/02/2025,06/05/2025,473673800.0,473673800.0,0.0
hd003333,,21/02/2025,20/04/2025,127559200.0,127559200.0,0.0
hd003334,dh005588,22/02/2025,01/03/2025,773500.0,773500.0,0.0
HD003335,dh011320,22/02/2025,06/03/2025,1513800.0,1513800.0,0.0
hd003336,dh007397,22/02/2025,15/04/2025,238425000.0,238425000.0,0.0
hd003337,dh003092,20/02/2025,21/05/2025,368697600.0,368697600.0,0.0
hd003338,dh008569,22/02/2025,07/03/2025,2866800.0,2866800.0,0.0
hd003339,dh006700,20/02/2025,01/03/2025,72900.0,72900.0,0.0
hd003340,dh011049,22/02/2025,08/03/2025,1416600.0,1416600.0,0.0
hd003341,dh001466,21/02/2025,11/04/2025,224259000.0,99853400.0,124405600.0
hd003342,dh004317,21/02/2025,01/03/2025,114000.0,114000.0,0.0
hd003343,dh005211,23/02/2025,03/03/2025,16156800.0,16156800.0,0.0
hd003344,DH003722,23/02/2025,04/03/2025,810000.0,630600.0,179400.0
hd003345,dh010059,21/02/2025,03/03/2025,4594600.0,4594600.0,0.0
hd003346,DH005869,21/02/2025,13/05/2025,497649400.0,497649400.0,0.0
HD003347,dh008652,22/02/2025,23/04/2025,469610900.0,469610900.0,0.0
hd003348,dh000547,22/02/2025,25/04/2025,181170100.0,181170100.0,0.0
hd003349,dh001139,23/02/2025,07/03/2025,8526000.0,8526000.0,0.0
hd003350,DH002974,21/02/2025,28/02/2025,833000.0,833000.0,0.0
hd003351,dh000218,21/02/2025,11/04/2025,263565700.0,263565700.0,0.0
HD003352,dh009315,22/02/2025,17/05/2025,453474000.0,32975200.0,420498800.0
hd003353,DH900003,22/02/2025,13/04/2025,960950300.0,310508500.0,650441800.0
hd003354,dh010506,24/02/2025,03/03/2025,4239000.0,4239000.0,0.0
hd003355,dh005855,22/02/2025,08/03/2025,6186000.0,6186000.0,0.0
hd003356,dh006956,23/02/2025,19/05/2025,216946000.0,182027100.0,34918900.0
hd003357,dh001191,24/02/2025,29/04/2025,109700700.0,109700700.0,0.0
hd003358,dh005052,22/02/2025,15/04/2025,105088000.0,105088000.0,0.0
hd003359,dh003186,22/02/2025,02/03/2025,3855000.0,3855000.0,0.0
hd003360,dh006346,23/02/2025,05/03/2025,4737800.0,4737800.0,0.0
hd003361,dh003517,2025-02-22,14/04/2025,534328000.0,503493700.0,30834300.0
hd003362,dh007978,25/02/2025,05/05/2025,94000000.0,19065200.0,74934800.0
HD003363,dh005096,24/02/2025,07/03/2025,3985100.0,3985100.0,0.0
hd003364,dh005193,22/02/2025,22/04/2025,171270700.0,119558200.0,51712500.0
HD003365,dh003831,25/02/2025,15/04/2025,51594500.0,42780500.0,8814000.0
hd003366,dh005438,24/02/2025,30/04/2025,425545700.0,425545700.0,0.0
HD003367,dh006225,02/23/2025,2025-05-18,250351600.0,75937500.0,174414100.0
hd003368,dh002946,23/02/2025,11/05/2025,344428000.0,15692600.0,328735400.0
hd003369,dh004352,24/02/2025,09/03/2025,255000.0,255000.0,0.0
hd003370,dh001467,26/02/2025,2025-04-12,297053400.0,236828800.0,60224600.0
HD003371,dh010882,25/02/2025,20/05/2025,189219400.0,162384000.0,26835400.0
HD003372,dh008615,24/02/2025,05/03/2025,185300.0,185300.0,0.0
hd003373,dh005022,26/02/2025,24/04/2025,234888400.0,91836700.0,143051700.0
hd003374,DH009822,25/02/2025,16/04/2025,191635300.0,191635300.0,0.0
hd003375,dh011131,26/02/2025,08/03/2025,1148100.0,1148100.0,0.0
hd003376,dh011133,25/02/2025,24/04/2025,190132200.0,34205000.0,155927200.0
hd003377,dh011224,26/02/2025,09/03/2025,1805100.0,1805100.0,0.0
hd003378,dh003538,27/02/2025,13/03/2025,170000.0,170000.0,0.0
hd003379,dh010932,27/02/2025,12/03/2025,429000.0,429000.0,0.0
hd003380,dh005500,26/02/2025,15/05/2025,72773000.0,72773000.0,0.0
hd003381,dh011176,27/02/2025,03/09/2025,1399000.0,1399000.0,0.0
hd003382,dh007090,25/02/2025,06/05/2025,650413300.0,650413300.0,0.0
hd003383,dh008519,25/02/2025,12/03/2025,4121600.0,1328700.0,2792900.0
hd003384,dh001797,24/02/2025,06/03/2025,1818000.0,1818000.0,0.0
hd003385,dh007830,26/02/2025,20/04/2025,386146100.0,386146100.0,0.0
hd003386,dh011553,25/02/2025,15/04/2025,537947900.0,442104200.0,95843700.0
hd003387,DH900001,27/02/2025,23/04/2025,190117800.0,102705500.0,87412300.0
hd003388,dh007570,25/02/2025,23/05/2025,241975900.0,241975900.0,0.0
HD003389,dh000952,26/02/2025,06/03/2025,2758100.0,2758100.0,0.0
hd003390,,27/02/2025,14/03/2025,13911400.0,13911400.0,0.0
hd003391,DH009769,26/02/2025,11/03/2025,12591000.0,12591000.0,0.0
HD003392,dh000392,24/02/2025,11/03/2025,5712000.0,5712000.0,0.0
hd003393,dh010337,24/02/2025,12/04/2025,377152800.0,377152800.0,0.0
HD003394,dh011875,27/02/2025,09/03/2025,930000.0,930000.0,0.0
hd003395,dh009184,28/02/2025,2025-05-17,346310400.0,130055100.0,216255300.0
hd003396,dh008675,26/02/2025,13/03/2025,303000.0,224600.0,78400.0
hd003397,dh002740,25/02/2025,16/04/2025,491749600.0,337655900.0,154093700.0
HD003398,dh001600,28/02/2025,21/04/2025,240204400.0,240204400.0,0.0
hd003399,DH009174,25/02/2025,11/03/2025,3612200.0,3612200.0,0.0
hd003400,dh000284,27/02/2025,24/04/2025,166483000.0,29761100.0,136721900.0
HD003401,,28/02/2025,27/04/2025,131725800.0,38323700.0,93402100.0
HD003402,dh002744,26/02/2025,07/03/2025,2704500.0,2704500.0,0.0
hd003403,dh009077,27/02/2025,04/13/2025,288110800.0,9053600.0,279057200.0
hd003404,dh001019,01/03/2025,27/04/2025,126605800.0,26963200.0,99642600.0
HD003405,dh000121,02/03/2025,28/04/2025,303724000.0,135711400.0,168012600.0
hd003406,dh011235,01/03/2025,14/03/2025,2356400.0,2356400.0,0.0
HD003407,DH900008,01/03/2025,08/03/2025,277400.0,251600.0,25800.0
HD003408,DH007434,27/02/2025,19/05/2025,176050900.0,34251600.0,141799300.0
HD003409,dh004049,02/03/2025,2025-03-17,1566600.0,1566600.0,0.0
HD003410,dh001478,02/03/2025,19/04/2025,127481100.0,13558800.0,113922300.0
hd003411,dh008083,27/02/2025,20/04/2025,636127800.0,636127800.0,0.0
HD003412,dh003765,02/03/2025,14/03/2025,9157000.0,9157000.0,0.0
HD003413,,03/01/2025,12/03/2025,9670000.0,9670000.0,0.0
hd003414,dh007490,28/02/2025,10/03/2025,6053700.0,6053700.0,0.0
HD003415,dh002794,28/02/2025,12/05/2025,577717500.0,141582900.0,436134600.0
hd003416,dh004301,03/03/2025,21/05/2025,156745000.0,156745000.0,0.0
hd003417,dh003972,03/03/2025,26/05/2025,540224000.0,540224000.0,0.0
hd003418,dh009472,01/03/2025,26/05/2025,557111600.0,557111600.0,0.0
hd003419,dh010183,03/03/2025,23/05/2025,213326000.0,201242600.0,12083400.0
hd003420,dh001367,01/03/2025,12/03/2025,1710000.0,1710000.0,0.0
hd003421,dh001512,02/03/2025,20/05/2025,242948600.0,242948600.0,0.0
hd003422,dh009969,01/03/2025,23/05/2025,346087400.0,220008400.0,126079000.0
hd003423,dh006555,03/03/2025,13/03/2025,3107000.0,3107000.0,0.0
hd003424,dh008156,28/02/2025,2025-03-07,2897100.0,2897100.0,0.0
HD003425,dh009840,03/03/2025,17/03/2025,550000.0,550000.0,0.0
hd003426,dh008254,04/03/2025,2025-03-14,13052700.0,13052700.0,0.0
hd003427,dh005287,01/03/2025,24/05/2025,324603600.0,324603600.0,0.0
hd003428,dh010552,01/03/2025,23/05/2025,77940900.0,77940900.0,0.0
HD003429,dh005902,02/03/2025,16/04/2025,561593600.0,62563500.0,499030100.0
hd003430,dh008052,03/03/2025,19/05/2025,126604100.0,110916400.0,15687700.0
hd003431,dh011398,03/03/2025,18/03/2025,3358400.0,3358400.0,0.0
hd003432,dh003436,03/03/2025,12/03/2025,967500.0,967500.0,0.0
hd003433,dh000606,04/03/2025,12/03/2025,1020000.0,1020000.0,0.0
HD003434,dh005699,01/03/2025,06/05/2025,530867800.0,296858500.0,234009300.0
hd003435,dh004360,01/03/2025,03/05/2025,549834600.0,423719000.0,126115600.0
hd003436,dh000625,01/03/2025,25/05/2025,113742400.0,103118400.0,10624000.0
hd003437,dh001446,02/03/2025,23/05/2025,598749400.0,598749400.0,0.0
hd003438,dh003119,04/03/2025,15/03/2025,1337000.0,1337000.0,0.0
hd003439,dh005536,02/03/2025,13/03/2025,2057400.0,1646400.0,411000.0
hd003440,dh003201,02/03/2025,13/03/2025,13480700.0,7621400.0,5859300.0
hd003441,dh010271,04/03/2025,15/03/2025,55800.0,55800.0,0.0
hd003442,dh000583,05/03/2025,14/03/2025,1015000.0,1015000.0,0.0
hd003443,,04/03/2025,20/05/2025,237312800.0,237312800.0,0.0
hd003444,dh003545,02/03/2025,12/03/2025,786200.0,786200.0,0.0
hd003445,dh000695,05/03/2025,26/05/2025,215422000.0,215422000.0,0.0
hd003446,dh007817,05/03/2025,24/04/2025,682845200.0,288756300.0,394088900.0
hd003447,dh009016,04/03/2025,12/03/2025,3413200.0,2512600.0,900600.0
HD003448,DH011907,05/03/2025,02/06/2025,461406100.0,43684200.0,417721900.0
hd003449,dh000005,05/03/2025,14/03/2025,3889600.0,3889600.0,0.0
hd003450,DH007251,06/03/2025,18/05/2025,347966400.0,62194300.0,285772100.0
hd003451,dh005174,05/03/2025,21/04/2025,319855900.0,244000300.0,75855600.0
hd003452,dh004363,06/03/2025,22/05/2025,188164200.0,188164200.0,0.0
HD003453,dh001409,04/03/2025,15/03/2025,3296400.0,3296400.0,0.0
hd003454,dh010080,04/03/2025,01/05/2025,613233200.0,378110700.0,235122500.0
hd003455,dh006763,07/03/2025,2025-05-19,229337500.0,29551000.0,199786500.0
hd003456,dh005485,06/03/2025,18/03/2025,394200.0,394200.0,0.0
hd003457,dh011127,05/03/2025,22/05/2025,297837000.0,297837000.0,0.0
hd003458,dh004779,07/03/2025,19/03/2025,2658800.0,2658800.0,0.0
hd003459,dh002776,06/03/2025,17/03/2025,2256000.0,1195800.0,1060200.0
hd003460,DH010124,05/03/2025,01/06/2025,156179800.0,15113500.0,141066300.0
hd003461,dh000289,04/03/2025,16/05/2025,159319000.0,159319000.0,0.0
hd003462,dh004022,05/03/2025,21/05/2025,147972000.0,147972000.0,0.0
hd003463,dh009867,05/03/2025,01/06/2025,194324600.0,34491800.0,159832800.0
hd003464,dh010786,05/03/2025,17/03/2025,786000.0,786000.0,0.0
hd003465,dh007353,07/03/2025,06/05/2025,194057500.0,11009000.0,183048500.0
hd003466,dh000804,08/03/2025,02/05/2025,229718400.0,84201600.0,145516800.0
hd003467,dh009143,07/03/2025,22/04/2025,280938400.0,280938400.0,0.0
HD003468,dh006811,07/03/2025,30/05/2025,285475900.0,165785900.0,119690000.0
hd003469,dh010242,07/03/2025,27/04/2025,388360600.0,388360600.0,0.0
hd003470,dh000529,08/03/2025,15/03/2025,2400000.0,2400000.0,0.0
hd003471,dh006094,05/03/2025,18/03/2025,5145000.0,5145000.0,0.0
hd003472,dh000217,05/03/2025,13/03/2025,2259000.0,1240400.0,1018600.0
HD003473,dh007750,07/03/2025,02/05/2025,80139600.0,7106800.0,73032800.0
hd003474,DH900003,06/03/2025,20/03/2025,8265600.0,8265600.0,0.0
hd003475,dh005048,07/03/2025,21/03/2025,1746000.0,1746000.0,0.0
hd003476,dh007810,08/03/2025,22/03/2025,3087000.0,3087000.0,0.0
hd003477,dh009410,07/03/2025,17/03/2025,1300500.0,862300.0,438200.0
hd003478,DH005864,08/03/2025,29/04/2025,221727800.0,58965400.0,162762400.0
hd003479,dh007721,06/03/2025,02/06/2025,145866800.0,238000.0,145628800.0
HD003480,DH003941,09/03/2025,04/06/2025,447720500.0,315046500.0,132674000.0
HD003481,dh008888,07/03/2025,04/05/2025,627413000.0,627413000.0,0.0
hd003482,dh007352,2025-03-09,20/03/2025,3148400.0,3148400.0,0.0
hd003483,dh010193,08/03/2025,22/03/2025,1386000.0,1386000.0,0.0
hd003484,DH009274,09/03/2025,03/17/2025,3750800.0,3750800.0,0.0
hd003485,,07/03/2025,17/03/2025,630200.0,548100.0,82100.0
hd003486,dh007562,06/03/2025,15/03/2025,4915000.0,4915000.0,0.0
HD003487,DH003540,10/03/2025,18/03/2025,1888000.0,1885900.0,2100.0
hd003488,DH009237,09/03/2025,21/03/2025,2018700.0,2018700.0,0.0
hd003489,dh007301,08/03/2025,18/03/2025,254000.0,254000.0,0.0
hd003490,DH005047,10/03/2025,25/03/2025,2425000.0,2425000.0,0.0
HD003491,DH006214,10/03/2025,19/03/2025,264000.0,264000.0,0.0
hd003492,DH001062,10/03/2025,24/03/2025,3137000.0,3060300.0,76700.0
hd003493,dh010279,08/03/2025,04/06/2025,381486200.0,231168100.0,150318100.0
hd003494,DH900008,08/03/2025,22/05/2025,829668900.0,829668900.0,0.0
HD003495,dh008290,07/03/2025,15/03/2025,3597300.0,3597300.0,0.0
hd003496,dh005695,07/03/2025,14/03/2025,736800.0,80600.0,656200.0
hd003497,,09/03/2025,16/03/2025,2456800.0,2456800.0,0.0
HD003498,dh006365,07/03/2025,20/03/2025,3303700.0,3303700.0,0.0
hd003499,dh007447,08/03/2025,16/03/2025,13647200.0,13647200.0,0.0
HD003500,dh007600,08/03/2025,15/05/2025,162991500.0,162991500.0,0.0
hd003501,dh008692,08/03/2025,21/03/2025,1275000.0,1275000.0,0.0
hd003502,DH000757,08/03/2025,24/05/2025,437658000.0,214355400.0,223302600.0
hd003503,dh008627,09/03/2025,16/03/2025,1910000.0,1910000.0,0.0
hd003504,dh006804,10/03/2025,21/05/2025,216300000.0,131650300.0,84649700.0
hd003505,dh003443,11/03/2025,18/03/2025,783000.0,783000.0,0.0
HD003506,dh002017,09/03/2025,18/03/2025,640000.0,482400.0,157600.0
hd003507,dh010633,08/03/2025,21/03/2025,1906800.0,1906800.0,0.0
hd003508,dh011175,09/03/2025,23/03/2025,3750000.0,3750000.0,0.0
hd003509,,10/03/2025,04/06/2025,343957200.0,343957200.0,0.0
HD003510,dh006644,10/03/2025,25/03/2025,4246000.0,4246000.0,0.0
hd003511,DH004356,09/03/2025,21/03/2025,701100.0,701100.0,0.0
hd003512,dh001061,08/03/2025,30/04/2025,231261700.0,141050300.0,90211400.0
HD003513,dh001829,08/03/2025,18/03/2025,753000.0,753000.0,0.0
hd003514,dh011949,08/03/2025,2025-06-02,433316600.0,433316600.0,0.0
hd003515,dh008390,09/03/2025,23/04/2025,647095200.0,647095200.0,0.0
hd003516,dh006740,10/03/2025,07/06/2025,45384500.0,3254100.0,42130400.0
HD003517,DH900000,10/03/2025,23/05/2025,812257400.0,731551800.0,80705600.0
hd003518,dh005129,09/03/2025,03/06/2025,413154600.0,84261000.0,328893600.0
hd003519,dh000264,12/03/2025,27/03/2025,12123200.0,12123200.0,0.0
HD003520,dh003719,09/03/2025,03/18/2025,4740800.0,4740800.0,0.0
hd003521,dh004785,10/03/2025,17/03/2025,1050000.0,1050000.0,0.0
hd003522,dh000588,12/03/2025,16/05/2025,118240600.0,118240600.0,0.0
hd003523,DH002264,11/03/2025,23/03/2025,5744200.0,5744200.0,0.0
hd003524,dh006890,09/03/2025,23/03/2025,13151500.0,13151500.0,0.0
hd003525,dh010612,11/03/2025,29/05/2025,133332400.0,4901000.0,128431400.0
hd003526,DH009917,12/03/2025,07/05/2025,76481600.0,42461800.0,34019800.0
hd003527,dh007247,10/03/2025,24/04/2025,99143100.0,99143100.0,0.0
HD003528,dh003581,10/03/2025,28/05/2025,164624800.0,164624800.0,0.0
hd003529,dh011014,12/03/2025,08/06/2025,329554800.0,221510400.0,108044400.0
hd003530,dh001507,11/03/2025,20/03/2025,1815600.0,1815600.0,0.0
hd003531,dh004599,09/03/2025,19/03/2025,306000.0,306000.0,0.0
hd003532,dh003741,12/03/2025,22/03/2025,85000.0,85000.0,0.0
hd003533,dh010859,10/03/2025,05/05/2025,562757200.0,39171600.0,523585600.0
hd003534,dh002312,13/03/2025,20/03/2025,2183800.0,2183800.0,0.0
HD003535,dh004404,13/03/2025,19/05/2025,94786400.0,92754100.0,2032300.0
HD003536,dh009161,13/03/2025,28/03/2025,11463000.0,11463000.0,0.0
HD003537,dh001376,12/03/2025,21/05/2025,331525700.0,331525700.0,0.0
HD003538,dh007344,10/03/2025,26/04/2025,399534000.0,127306700.0,272227300.0
hd003539,,10/03/2025,03/21/2025,7082100.0,924900.0,6157200.0
hd003540,dh000943,13/03/2025,25/03/2025,1722200.0,1722200.0,0.0
hd003541,dh011617,13/03/2025,26/03/2025,5621000.0,5621000.0,0.0
hd003542,dh007898,13/03/2025,25/03/2025,1903000.0,1903000.0,0.0
hd003543,dh004486,12/03/2025,10/05/2025,395420100.0,24419100.0,371001000.0
hd003544,dh002408,11/03/2025,18/03/2025,2699800.0,2699800.0,0.0
hd003545,dh000040,11/03/2025,14/05/2025,588012100.0,473661300.0,114350800.0
hd003546,DH010895,12/03/2025,26/03/2025,11478200.0,11478200.0,0.0
HD003547,dh006033,12/03/2025,23/05/2025,50418800.0,32972100.0,17446700.0
HD003548,dh007608,13/03/2025,23/05/2025,401228600.0,401228600.0,0.0
hd003549,dh010393,13/03/2025,22/03/2025,2000900.0,2000900.0,0.0
hd003550,DH000577,12/03/2025,28/05/2025,520275200.0,437479300.0,82795900.0
hd003551,dh000191,11/03/2025,30/04/2025,76057000.0,76057000.0,0.0
hd003552,dh009690,11/03/2025,23/05/2025,482876100.0,350650100.0,132226000.0
HD003553,dh004008,14/03/2025,25/03/2025,913600.0,913600.0,0.0
hd003554,dh000722,12/03/2025,19/03/2025,94500.0,66000.0,28500.0
hd003555,dh010492,14/03/2025,02/05/2025,140209400.0,140209400.0,0.0
hd003556,dh001688,12/03/2025,20/03/2025,15132900.0,15132900.0,0.0
hd003557,dh008296,14/03/2025,23/03/2025,1639000.0,1639000.0,0.0
hd003558,dh002274,13/03/2025,25/05/2025,122234600.0,122234600.0,0.0
hd003559,dh002739,15/03/2025,10/06/2025,185219100.0,172213700.0,13005400.0
hd003560,DH900002,13/03/2025,27/03/2025,3022500.0,3022500.0,0.0
HD003561,dh004326,2025-03-15,26/03/2025,3091000.0,3091000.0,0.0
hd003562,dh010376,15/03/2025,02/06/2025,637172000.0,637172000.0,0.0
hd003563,dh000429,14/03/2025,24/03/2025,2422500.0,2422500.0,0.0
hd003564,dh008765,14/03/2025,29/03/2025,13372000.0,6275600.0,7096400.0
hd003565,DH900006,12/03/2025,11/05/2025,783808500.0,71026900.0,712781600.0
hd003566,DH000760,13/03/2025,13/05/2025,541738600.0,338296600.0,203442000.0
hd003567,dh000839,14/03/2025,10/06/2025,221681400.0,221681400.0,0.0
hd003568,dh010923,14/03/2025,24/05/2025,463135700.0,229650600.0,233485100.0
hd003569,dh003824,12/03/2025,25/03/2025,2187000.0,1579900.0,607100.0
HD003570,dh000495,15/03/2025,24/05/2025,476338900.0,195933900.0,280405000.0
hd003571,dh009794,03/16/2025,14/06/2025,548999600.0,484518000.0,64481600.0
HD003572,dh005850,16/03/2025,12/06/2025,220515200.0,220515200.0,0.0
HD003573,dh005739,16/03/2025,07/06/2025,136407000.0,136407000.0,0.0
hd003574,DH001087,14/03/2025,26/03/2025,91200.0,57500.0,33700.0
HD003575,dh009156,13/03/2025,2025-06-05,436900400.0,178890200.0,258010200.0
hd003576,DH010489,15/03/2025,30/03/2025,255000.0,255000.0,0.0
HD003577,dh007544,13/03/2025,07/05/2025,83351700.0,83351700.0,0.0
hd003578,dh000304,13/03/2025,25/05/2025,141519000.0,121214800.0,20304200.0
HD003579,dh008167,17/03/2025,07/06/2025,160197300.0,27689800.0,132507500.0
HD003580,dh005217,16/03/2025,30/04/2025,172970900.0,115463500.0,57507400.0
hd003581,dh002931,16/03/2025,03/06/2025,289734300.0,192005300.0,97729000.0
hd003582,DH007109,17/03/2025,28/03/2025,1204000.0,1204000.0,0.0
hd003583,dh007333,17/03/2025,31/03/2025,1058400.0,1058400.0,0.0
hd003584,,15/03/2025,30/03/2025,3214800.0,3214800.0,0.0
hd003585,dh010458,17/03/2025,22/05/2025,542933500.0,98852500.0,444081000.0
hd003586,dh006532,15/03/2025,29/03/2025,6640800.0,6640800.0,0.0
hd003587,dh004802,16/03/2025,03/05/2025,62291100.0,62291100.0,0.0
hd003588,dh005931,14/03/2025,26/03/2025,1664700.0,1664700.0,0.0
hd003589,DH900006,17/03/2025,30/03/2025,1213200.0,1213200.0,0.0
hd003590,dh003634,17/03/2025,31/03/2025,399400.0,399400.0,0.0
HD003591,dh003318,17/03/2025,26/03/2025,1011500.0,1011500.0,0.0
hd003592,dh006689,18/03/2025,06/06/2025,196173400.0,124235200.0,71938200.0
hd003593,dh008650,17/03/2025,26/03/2025,1010000.0,1010000.0,0.0
hd003594,DH006791,18/03/2025,06/05/2025,163748300.0,163748300.0,0.0
hd003595,dh000592,17/03/2025,28/03/2025,1464000.0,1464000.0,0.0
HD003596,dh001514,18/03/2025,27/03/2025,5541000.0,5541000.0,0.0
hd003597,dh002819,15/03/2025,07/06/2025,818582100.0,370141800.0,448440300.0
hd003598,dh003808,18/03/2025,03/05/2025,124257400.0,34828900.0,89428500.0
HD003599,dh007470,15/03/2025,22/03/2025,12994500.0,12994500.0,0.0
hd003600,DH900008,16/03/2025,16/05/2025,350097700.0,350097700.0,0.0
hd003601,dh007033,17/03/2025,07/05/2025,392470000.0,392470000.0,0.0
hd003602,dh005777,18/03/2025,14/05/2025,178556900.0,124321400.0,54235500.0
hd003603,dh008946,19/03/2025,2025-05-08,320920300.0,320920300.0,0.0
hd003604,DH001770,18/03/2025,15/05/2025,200561200.0,88948500.0,111612700.0
hd003605,dh008065,17/03/2025,13/06/2025,641434500.0,250419400.0,391015100.0
hd003606,dh010054,16/03/2025,26/05/2025,712194600.0,534161000.0,178033600.0
hd003607,dh003886,17/03/2025,12/05/2025,572295200.0,65447700.0,506847500.0
hd003608,dh002690,16/03/2025,30/03/2025,1278000.0,1278000.0,0.0
HD003609,dh003283,19/03/2025,31/03/2025,136000.0,135900.0,100.0
hd003610,dh003553,17/03/2025,31/03/2025,3176500.0,3176500.0,0.0
HD003611,dh006403,2025-03-18,28/03/2025,4791000.0,4791000.0,0.0
hd003612,dh009958,20/03/2025,28/03/2025,3694800.0,3694800.0,0.0
hd003613,DH900002,17/03/2025,30/03/2025,138000.0,138000.0,0.0
hd003614,dh003069,20/03/2025,2025-05-21,394675200.0,394675200.0,0.0
hd003615,dh007971,18/03/2025,30/03/2025,6840000.0,6840000.0,0.0
hd003616,dh008351,19/03/2025,27/03/2025,1004700.0,1004700.0,0.0
HD003617,dh000652,18/03/2025,11/05/2025,305130400.0,85847000.0,219283400.0
hd003618,dh008992,18/03/2025,29/03/2025,4495000.0,4495000.0,0.0
hd003619,dh001976,20/03/2025,28/03/2025,1726000.0,1726000.0,0.0
hd003620,,20/03/2025,03/04/2025,3302100.0,1425900.0,1876200.0
HD003621,dh006355,17/03/2025,01/04/2025,486000.0,486000.0,0.0
hd003622,dh002170,19/03/2025,07/05/2025,405048200.0,405048200.0,0.0
hd003623,dh008496,18/03/2025,04/01/2025,248400.0,248400.0,0.0
HD003624,dh010566,21/03/2025,15/05/2025,99248600.0,64948100.0,34300500.0
hd003625,DH900007,19/03/2025,02/04/2025,4501500.0,4501500.0,0.0
hd003626,dh005471,20/03/2025,31/03/2025,3521600.0,3521600.0,0.0
hd003627,dh006028,20/03/2025,30/03/2025,2413800.0,2413800.0,0.0
hd003628,dh003946,20/03/2025,14/05/2025,253285900.0,156152500.0,97133400.0
hd003629,dh006695,21/03/2025,17/06/2025,234816000.0,234816000.0,0.0
hd003630,dh003801,18/03/2025,29/03/2025,1110000.0,1110000.0,0.0
hd003631,dh008032,18/03/2025,03/31/2025,3809000.0,3809000.0,0.0
HD003632,DH008206,20/03/2025,31/03/2025,4372000.0,4372000.0,0.0
hd003633,dh001398,18/03/2025,30/03/2025,4584400.0,4584400.0,0.0
hd003634,dh001993,20/03/2025,02/06/2025,68582100.0,49791700.0,18790400.0
HD003635,dh005852,19/03/2025,01/06/2025,306029200.0,306029200.0,0.0
HD003636,dh000767,19/03/2025,08/06/2025,241573800.0,64664000.0,176909800.0
hd003637,,21/03/2025,19/05/2025,270429300.0,268141300.0,2288000.0
hd003638,dh002151,20/03/2025,16/06/2025,269335600.0,203909200.0,65426400.0
hd003639,dh003621,22/03/2025,06/04/2025,728000.0,499700.0,228300.0
hd003640,dh009799,22/03/2025,03/04/2025,1661500.0,493800.0,1167700.0
HD003641,dh011490,21/03/2025,11/05/2025,42534000.0,14823600.0,27710400.0
hd003642,dh006380,21/03/2025,23/05/2025,150161100.0,18467800.0,131693300.0
hd003643,dh010920,21/03/2025,10/06/2025,262064600.0,165947800.0,96116800.0
HD003644,dh000736,20/03/2025,21/05/2025,168803600.0,168803600.0,0.0
hd003645,dh002751,21/03/2025,28/03/2025,10053500.0,10053500.0,0.0
hd003646,dh003901,21/03/2025,30/03/2025,10796000.0,10796000.0,0.0
hd003647,dh000185,20/03/2025,31/03/2025,728100.0,728100.0,0.0
hd003648,dh000197,21/03/2025,14/06/2025,166344800.0,166344800.0,0.0
hd003649,dh004931,23/03/2025,20/06/2025,421916000.0,105201100.0,316714900.0
hd003650,dh006629,22/03/2025,30/03/2025,4118400.0,4118400.0,0.0
HD003651,dh007165,20/03/2025,01/06/2025,603748500.0,603748500.0,0.0
hd003652,dh011953,20/03/2025,02/04/2025,495900.0,495900.0,0.0
hd003653,dh011619,23/03/2025,30/05/2025,126792300.0,16351500.0,110440800.0
hd003654,dh005086,24/03/2025,31/05/2025,340603700.0,126578200.0,214025500.0
hd003655,dh007345,21/03/2025,06/05/2025,309661000.0,289330000.0,20331000.0
hd003656,dh009052,22/03/2025,14/06/2025,142676600.0,56011600.0,86665000.0
hd003657,dh011592,24/03/2025,31/03/2025,1242000.0,1242000.0,0.0
HD003658,DH010111,24/03/2025,04/04/2025,1903600.0,705600.0,1198000.0
hd003659,,24/03/2025,07/04/2025,4315000.0,4315000.0,0.0
HD003660,dh011217,22/03/2025,11/05/2025,164125300.0,133767400.0,30357900.0
hd003661,dh007913,22/03/2025,20/05/2025,311270300.0,311270300.0,0.0
HD003662,,21/03/2025,05/04/2025,9358400.0,4968500.0,4389900.0
hd003663,dh010739,22/03/2025,15/06/2025,380456400.0,41893500.0,338562900.0
hd003664,dh007351,24/03/2025,08/04/2025,2873300.0,2873300.0,0.0
hd003665,dh011102,21/03/2025,30/03/2025,3497100.0,3497100.0,0.0
hd003666,dh008021,21/03/2025,07/05/2025,306109700.0,193476700.0,112633000.0
HD003667,dh007158,22/03/2025,22/05/2025,339060800.0,339060800.0,0.0
hd003668,dh002284,22/03/2025,15/06/2025,539924800.0,539924800.0,0.0
hd003669,dh000447,22/03/2025,08/05/2025,187110000.0,129420300.0,57689700.0
hd003670,DH001076,24/03/2025,18/06/2025,186489400.0,186489400.0,0.0
hd003671,dh004347,24/03/2025,05/04/2025,3891000.0,448600.0,3442400.0
HD003672,dh001952,22/03/2025,31/05/2025,412321500.0,412321500.0,0.0
hd003673,dh011244,22/03/2025,03/04/2025,7691800.0,6261700.0,1430100.0
HD003674,DH004615,23/03/2025,31/05/2025,261499100.0,158614300.0,102884800.0
hd003675,dh011339,25/03/2025,04/04/2025,1490500.0,1490500.0,0.0
hd003676,dh011486,22/03/2025,02/04/2025,1080100.0,1080100.0,0.0
hd003677,dh011147,24/03/2025,10/05/2025,368782000.0,47570900.0,321211100.0
HD003678,dh003231,25/03/2025,07/04/2025,16237000.0,16237000.0,0.0
hd003679,dh006863,25/03/2025,07/06/2025,484379600.0,484379600.0,0.0
hd003680,DH900004,03/25/2025,07/04/2025,853200.0,853200.0,0.0
hd003681,dh009636,23/03/2025,12/05/2025,66543300.0,39542200.0,27001100.0
hd003682,dh000315,26/03/2025,08/04/2025,1927600.0,1927600.0,0.0
hd003683,,25/03/2025,22/06/2025,37781600.0,37781600.0,0.0
hd003684,dh010255,2025-03-23,07/04/2025,147900.0,147900.0,0.0
hd003685,dh007641,25/03/2025,05/28/2025,86986200.0,39883800.0,47102400.0
hd003686,DH900008,26/03/2025,03/06/2025,519027200.0,409657500.0,109369700.0
hd003687,dh001906,26/03/2025,05/04/2025,6033000.0,1933600.0,4099400.0
HD003688,dh000138,23/03/2025,05/04/2025,3699000.0,3699000.0,0.0
hd003689,dh002712,26/03/2025,09/04/2025,641200.0,432200.0,209000.0
hd003690,DH900001,23/03/2025,13/05/2025,68911600.0,68911600.0,0.0
hd003691,,26/03/2025,04/03/2025,3153900.0,3153900.0,0.0
HD003692,dh005564,2025-03-24,04/04/2025,463500.0,463500.0,0.0
hd003693,dh001957,03/24/2025,04/04/2025,398600.0,398600.0,0.0
hd003694,dh002460,25/03/2025,09/04/2025,9771500.0,1695600.0,8075900.0
hd003695,dh003284,24/03/2025,08/04/2025,384000.0,243300.0,140700.0
hd003696,dh000602,26/03/2025,22/05/2025,876263200.0,681376400.0,194886800.0
HD003697,dh010580,25/03/2025,07/04/2025,1812500.0,1812500.0,0.0
HD003698,DH006372,26/03/2025,07/04/2025,272700.0,272700.0,0.0
HD003699,dh009907,27/03/2025,10/04/2025,12155400.0,12155400.0,0.0
hd003700,dh009830,25/03/2025,28/05/2025,177082500.0,177082500.0,0.0
hd003701,dh001905,25/03/2025,06/04/2025,2370000.0,2370000.0,0.0
hd003702,dh006528,25/03/2025,02/04/2025,9818000.0,9818000.0,0.0
hd003703,dh003948,03/27/2025,06/04/2025,5293100.0,5293100.0,0.0
hd003704,dh003675,26/03/2025,2025-06-06,165871000.0,165871000.0,0.0
hd003705,DH900003,28/03/2025,25/06/2025,351301600.0,351301600.0,0.0
hd003706,dh009507,26/03/2025,01/06/2025,212927800.0,170195300.0,42732500.0
hd003707,dh008807,28/03/2025,07/04/2025,9889200.0,9889200.0,0.0
hd003708,dh001671,27/03/2025,15/05/2025,256917400.0,93217500.0,163699900.0
hd003709,DH010291,25/03/2025,17/06/2025,178976000.0,178976000.0,0.0
hd003710,,26/03/2025,04/04/2025,2536200.0,2536200.0,0.0
HD003711,dh001870,27/03/2025,11/04/2025,1954000.0,1954000.0,0.0
HD003712,,26/03/2025,09/04/2025,945000.0,945000.0,0.0
HD003713,dh011062,28/03/2025,17/06/2025,65776200.0,65776200.0,0.0
hd003714,dh011568,26/03/2025,07/04/2025,809000.0,781200.0,27800.0
hd003715,dh003173,28/03/2025,15/05/2025,143401800.0,143401800.0,0.0
HD003716,dh006703,28/03/2025,09/04/2025,388800.0,352100.0,36700.0
hd003717,dh003118,27/03/2025,11/05/2025,302556600.0,246930600.0,55626000.0
hd003718,dh010742,25/03/2025,15/06/2025,379122800.0,379122800.0,0.0
hd003719,dh001820,28/03/2025,23/06/2025,203933700.0,167116900.0,36816800.0
hd003720,DH006583,28/03/2025,29/05/2025,542940200.0,542940200.0,0.0
hd003721,dh008168,29/03/2025,08/06/2025,456388000.0,456388000.0,0.0
HD003722,dh006072,28/03/2025,11/04/2025,1895400.0,1895400.0,0.0
hd003723,dh009239,26/03/2025,09/04/2025,3225600.0,3225600.0,0.0
hd003724,dh008457,28/03/2025,25/06/2025,130244200.0,63044700.0,67199500.0
hd003725,dh003980,27/03/2025,04/04/2025,4302000.0,4302000.0,0.0
hd003726,dh004915,26/03/2025,07/04/2025,3045000.0,1982300.0,1062700.0
hd003727,dh006037,27/03/2025,08/04/2025,1917000.0,1917000.0,0.0
hd003728,dh005911,27/03/2025,10/06/2025,13492800.0,6711600.0,6781200.0
hd003729,dh005510,29/03/2025,06/06/2025,545990600.0,545990600.0,0.0
HD003730,dh005981,28/03/2025,23/05/2025,765896600.0,738955100.0,26941500.0
HD003731,dh006563,29/03/2025,23/05/2025,77026000.0,11374200.0,65651800.0
hd003732,dh008289,26/03/2025,14/06/2025,471354200.0,471354200.0,0.0
HD003733,dh007868,28/03/2025,10/06/2025,218294000.0,4639200.0,213654800.0
hd003734,dh007314,28/03/2025,29/05/2025,133132000.0,59631800.0,73500200.0
hd003735,dh003316,27/03/2025,05/04/2025,5340000.0,5340000.0,0.0
hd003736,dh000417,30/03/2025,11/06/2025,378478000.0,220640100.0,157837900.0
hd003737,dh008742,29/03/2025,13/04/2025,124000.0,124000.0,0.0
hd003738,dh007625,28/03/2025,06/04/2025,2478900.0,438400.0,2040500.0
hd003739,dh005069,27/03/2025,24/05/2025,521325200.0,279739700.0,241585500.0
hd003740,DH011100,29/03/2025,27/06/2025,98908200.0,98908200.0,0.0
hd003741,dh011135,03/30/2025,07/04/2025,1608000.0,1608000.0,0.0
hd003742,dh009513,28/03/2025,12/04/2025,10553000.0,10553000.0,0.0
hd003743,dh011793,30/03/2025,08/04/2025,737000.0,318700.0,418300.0
hd003744,dh010768,30/03/2025,09/04/2025,3074300.0,2963700.0,110600.0
HD003745,dh008415,27/03/2025,12/05/2025,211646800.0,162405200.0,49241600.0
HD003746,dh001208,27/03/2025,04/04/2025,1119600.0,1119600.0,0.0
hd003747,dh001796,29/03/2025,31/05/2025,105242800.0,39764000.0,65478800.0
hd003748,dh004248,27/03/2025,19/05/2025,429117000.0,429117000.0,0.0
hd003749,dh004584,29/03/2025,19/06/2025,208941000.0,194488400.0,14452600.0
HD003750,dh001871,28/03/2025,04/04/2025,1270000.0,1270000.0,0.0
hd003751,dh005546,31/03/2025,08/04/2025,9898500.0,9898500.0,0.0
HD003752,dh011319,28/03/2025,10/06/2025,26130200.0,26130200.0,0.0
HD003753,dh007509,30/03/2025,29/05/2025,198695400.0,90376900.0,108318500.0
hd003754,dh009029,31/03/2025,10/04/2025,965800.0,965800.0,0.0
hd003755,,29/03/2025,22/05/2025,190455500.0,190455500.0,0.0
hd003756,dh007932,29/03/2025,23/05/2025,363680900.0,363680900.0,0.0
hd003757,DH006202,01/04/2025,01/06/2025,716310400.0,716310400.0,0.0
hd003758,DH004147,30/03/2025,10/04/2025,6939000.0,6939000.0,0.0
hd003759,DH010057,31/03/2025,27/06/2025,604769700.0,551392800.0,53376900.0
HD003760,dh003600,31/03/2025,08/04/2025,10232600.0,10232600.0,0.0
hd003761,dh003262,31/03/2025,08/04/2025,2252000.0,2252000.0,0.0
hd003762,dh000659,2025-03-29,05/04/2025,1155000.0,1155000.0,0.0
hd003763,dh002898,30/03/2025,06/04/2025,5068000.0,5068000.0,0.0
hd003764,dh005411,01/04/2025,14/04/2025,3193000.0,3193000.0,0.0
HD003765,dh006098,29/03/2025,26/06/2025,89585400.0,89585400.0,0.0
hd003766,dh007095,29/03/2025,10/04/2025,2997100.0,2997100.0,0.0
hd003767,dh005489,31/03/2025,02/06/2025,606051600.0,606051600.0,0.0
hd003768,dh007693,01/04/2025,23/06/2025,801047400.0,801047400.0,0.0
hd003769,dh003667,30/03/2025,16/05/2025,937652600.0,2588700.0,935063900.0
hd003770,dh006925,02/04/2025,14/04/2025,8698800.0,8698800.0,0.0
hd003771,dh004458,30/03/2025,13/06/2025,144910700.0,131212300.0,13698400.0
hd003772,dh007315,01/04/2025,11/04/2025,7340600.0,7340600.0,0.0
HD003773,dh011180,02/04/2025,10/04/2025,7489600.0,7489600.0,0.0
hd003774,dh009448,30/03/2025,28/05/2025,185455800.0,83186300.0,102269500.0
hd003775,DH005698,30/03/2025,27/05/2025,115916700.0,115916700.0,0.0
hd003776,dh002050,02/04/2025,04/06/2025,137884500.0,132781200.0,5103300.0
HD003777,DH900002,30/03/2025,14/04/2025,1890000.0,1890000.0,0.0
hd003778,dh004702,03/04/2025,17/06/2025,712462300.0,712462300.0,0.0
hd003779,DH007146,03/04/2025,18/06/2025,40793000.0,910000.0,39883000.0
HD003780,dh002625,31/03/2025,15/06/2025,278431000.0,278431000.0,0.0
HD003781,dh008018,02/04/2025,28/06/2025,395867100.0,395867100.0,0.0
HD003782,DH900003,01/04/2025,07/06/2025,466990100.0,201244300.0,265745800.0
hd003783,DH003342,01/04/2025,09/06/2025,309865300.0,309865300.0,0.0
hd003784,dh004973,31/03/2025,28/05/2025,239917000.0,239917000.0,0.0
HD003785,dh007917,31/03/2025,07/04/2025,891000.0,891000.0,0.0
hd003786,,03/04/2025,25/05/2025,183567600.0,183567600.0,0.0
hd003787,dh004125,01/04/2025,13/04/2025,10917200.0,10917200.0,0.0
hd003788,dh002298,31/03/2025,20/05/2025,118167300.0,118167300.0,0.0
hd003789,dh005337,01/04/2025,20/06/2025,376303700.0,376303700.0,0.0
hd003790,dh009414,01/04/2025,2025-04-15,553400.0,553400.0,0.0
hd003791,dh007584,31/03/2025,07/04/2025,12230000.0,12230000.0,0.0
HD003792,dh004429,01/04/2025,30/05/2025,619062200.0,619062200.0,0.0
HD003793,dh010988,01/04/2025,11/04/2025,1560600.0,1560600.0,0.0
hd003794,dh008653,03/04/2025,21/06/2025,489840500.0,183056100.0,306784400.0
hd003795,dh005795,03/04/2025,17/04/2025,5874000.0,3780900.0,2093100.0
hd003796,dh011220,04/04/2025,12/04/2025,2637000.0,2637000.0,0.0
HD003797,dh005435,04/01/2025,13/04/2025,1806000.0,1806000.0,0.0
hd003798,dh003340,01/04/2025,15/04/2025,4267900.0,4267900.0,0.0
HD003799,dh011801,02/04/2025,12/04/2025,6576400.0,6576400.0,0.0
hd003800,dh003218,03/04/2025,15/04/2025,1871500.0,1344900.0,526600.0
hd003801,DH000080,02/04/2025,14/04/2025,7638300.0,6921800.0,716500.0
hd003802,dh009345,04/04/2025,19/05/2025,168156800.0,27801700.0,140355100.0
HD003803,dh006696,03/04/2025,28/06/2025,485272500.0,61021400.0,424251100.0
HD003804,dh006343,01/04/2025,11/04/2025,1067800.0,1067800.0,0.0
HD003805,dh004523,04/04/2025,16/04/2025,5671000.0,5671000.0,0.0
hd003806,dh006897,04/04/2025,2025-04-11,1083000.0,1083000.0,0.0
HD003807,dh009555,01/04/2025,12/04/2025,2044000.0,1872100.0,171900.0
HD003808,dh007244,02/04/2025,10/04/2025,3824800.0,3490800.0,334000.0
hd003809,dh011852,03/04/2025,14/04/2025,1379000.0,1379000.0,0.0
HD003810,dh010440,03/04/2025,14/04/2025,384000.0,384000.0,0.0
HD003811,dh004887,02/04/2025,12/04/2025,387700.0,387700.0,0.0
HD003812,DH010842,02/04/2025,10/04/2025,1837200.0,1837200.0,0.0
HD003813,dh009111,04/04/2025,13/04/2025,1589500.0,1589500.0,0.0
hd003814,DH900009,04/04/2025,14/04/2025,1070400.0,850000.0,220400.0
hd003815,dh001454,05/04/2025,26/05/2025,489609800.0,212009500.0,277600300.0
HD003816,dh000203,03/04/2025,10/04/2025,350000.0,350000.0,0.0
hd003817,dh011999,02/04/2025,28/06/2025,652254800.0,652254800.0,0.0
HD003818,dh011814,03/04/2025,15/04/2025,1113600.0,1113600.0,0.0
hd003819,dh005949,03/04/2025,27/05/2025,423156200.0,156368200.0,266788000.0
hd003820,dh006891,02/04/2025,23/06/2025,104045000.0,104045000.0,0.0
hd003821,dh004912,03/04/2025,15/04/2025,1143000.0,1143000.0,0.0
hd003822,,05/04/2025,10/06/2025,623884000.0,277903000.0,345981000.0
hd003823,dh000395,03/04/2025,24/06/2025,230663000.0,230663000.0,0.0
hd003824,dh003299,03/04/2025,06/06/2025,147495800.0,147495800.0,0.0
hd003825,dh007096,06/04/2025,13/04/2025,9630000.0,9630000.0,0.0
hd003826,dh011515,06/04/2025,13/04/2025,1683000.0,1200900.0,482100.0
hd003827,dh001916,03/04/2025,10/04/2025,4591800.0,4591800.0,0.0
hd003828,dh010818,05/04/2025,13/06/2025,271339000.0,723000.0,270616000.0
hd003829,dh002558,06/04/2025,21/06/2025,327942900.0,164385900.0,163557000.0
hd003830,dh010414,03/04/2025,26/05/2025,575132900.0,575132900.0,0.0
HD003831,dh011897,04/04/2025,15/04/2025,3256000.0,1973500.0,1282500.0
hd003832,dh005799,06/04/2025,03/06/2025,132153600.0,132153600.0,0.0
hd003833,dh011328,03/04/2025,25/05/2025,361717200.0,361717200.0,0.0
hd003834,DH002793,04/04/2025,19/04/2025,1249500.0,1249500.0,0.0
hd003835,dh004479,05/04/2025,16/04/2025,4516000.0,4516000.0,0.0
hd003836,,05/04/2025,02/06/2025,287000600.0,49233300.0,237767300.0
HD003837,dh003145,06/04/2025,20/04/2025,5978000.0,5978000.0,0.0
hd003838,dh001785,07/04/2025,06/07/2025,33857700.0,23327400.0,10530300.0
hd003839,dh011579,04/04/2025,16/06/2025,156452200.0,40525500.0,115926700.0
HD003840,dh009034,06/04/2025,30/05/2025,454946800.0,454946800.0,0.0
hd003841,dh010798,06/04/2025,28/05/2025,94394900.0,70300900.0,24094000.0
hd003842,dh004944,06/04/2025,09/06/2025,522345000.0,315028900.0,207316100.0
HD003843,dh008394,04/04/2025,03/07/2025,415222700.0,415222700.0,0.0
hd003844,dh007972,07/04/2025,19/04/2025,675000.0,675000.0,0.0
hd003845,DH008091,07/04/2025,17/06/2025,491042800.0,491042800.0,0.0
hd003846,dh006445,06/04/2025,2025-06-17,504145100.0,392749000.0,111396100.0
hd003847,DH900001,07/04/2025,01/07/2025,220647200.0,4338800.0,216308400.0
hd003848,dh006854,08/04/2025,17/04/2025,900000.0,900000.0,0.0
hd003849,dh006031,08/04/2025,06/14/2025,56542200.0,20637200.0,35905000.0
HD003850,dh007020,05/04/2025,12/04/2025,366400.0,366400.0,0.0
HD003851,dh011782,07/04/2025,20/04/2025,7020300.0,7020300.0,0.0
hd003852,dh002833,06/04/2025,21/04/2025,1692000.0,1692000.0,0.0
hd003853,dh002944,05/04/2025,20/04/2025,14344000.0,14344000.0,0.0
hd003854,dh007732,06/04/2025,20/04/2025,8042700.0,8042700.0,0.0
hd003855,dh010275,05/04/2025,24/05/2025,551842900.0,551842900.0,0.0
hd003856,dh011059,07/04/2025,19/04/2025,2860000.0,345000.0,2515000.0
HD003857,dh001500,08/04/2025,08/06/2025,178594100.0,112212800.0,66381300.0
hd003858,dh011351,08/04/2025,04/15/2025,387000.0,387000.0,0.0
hd003859,dh001719,06/04/2025,15/04/2025,4348000.0,4348000.0,0.0
hd003860,dh005024,09/04/2025,19/04/2025,6386600.0,6386600.0,0.0
hd003861,dh007252,04/08/2025,01/07/2025,576967800.0,576967800.0,0.0
hd003862,dh001604,07/04/2025,15/04/2025,746700.0,746700.0,0.0
hd003863,dh003174,09/04/2025,15/06/2025,263016700.0,263016700.0,0.0
hd003864,dh006744,06/04/2025,21/04/2025,26000.0,26000.0,0.0
hd003865,dh003367,06/04/2025,17/04/2025,8902000.0,8902000.0,0.0
HD003866,dh007645,06/04/2025,17/04/2025,3438000.0,3438000.0,0.0
HD003867,DH007149,09/04/2025,20/04/2025,177000.0,177000.0,0.0
hd003868,dh010527,06/04/2025,15/04/2025,1656000.0,1656000.0,0.0
hd003869,dh009558,09/04/2025,14/06/2025,332871700.0,332871700.0,0.0
HD003870,dh008007,07/04/2025,28/05/2025,131113300.0,131113300.0,0.0
hd003871,dh000733,07/04/2025,20/06/2025,737833200.0,669354600.0,68478600.0
hd003872,dh007072,08/04/2025,03/06/2025,443948200.0,354188100.0,89760100.0
hd003873,dh006437,09/04/2025,29/05/2025,447216200.0,447216200.0,0.0
hd003874,dh008840,07/04/2025,10/06/2025,222074700.0,60269600.0,161805100.0
hd003875,dh011151,07/04/2025,19/04/2025,2481600.0,2481600.0,0.0
hd003876,dh008522,08/04/2025,10/06/2025,151862000.0,151862000.0,0.0
hd003877,dh009562,10/04/2025,07/06/2025,548029900.0,548029900.0,0.0
hd003878,dh008587,07/04/2025,22/04/2025,7183400.0,1861200.0,5322200.0
hd003879,dh001684,09/04/2025,24/04/2025,26000.0,11000.0,15000.0
hd003880,dh010007,10/04/2025,22/04/2025,10218000.0,10218000.0,0.0
hd003881,dh009322,10/04/2025,09/06/2025,176109800.0,176109800.0,0.0
hd003882,dh002994,08/04/2025,29/05/2025,268550100.0,262606400.0,5943700.0
hd003883,dh000829,08/04/2025,24/05/2025,388674000.0,265772000.0,122902000.0
hd003884,dh000694,09/04/2025,16/04/2025,3498400.0,3498400.0,0.0
hd003885,dh003454,10/04/2025,23/04/2025,4659400.0,4659400.0,0.0
hd003886,dh002727,09/04/2025,20/04/2025,8471800.0,8471800.0,0.0
hd003887,dh005923,10/04/2025,05/06/2025,176845700.0,176845700.0,0.0
hd003888,dh005663,08/04/2025,20/04/2025,4760000.0,4760000.0,0.0
hd003889,dh000334,10/04/2025,24/06/2025,347888200.0,39644300.0,308243900.0
hd003890,dh010355,07/04/2025,31/05/2025,906206400.0,906206400.0,0.0
hd003891,DH003049,08/04/2025,29/06/2025,703547300.0,549735200.0,153812100.0
hd003892,dh009024,11/04/2025,21/04/2025,135000.0,135000.0,0.0
hd003893,dh010104,11/04/2025,13/06/2025,552403400.0,552403400.0,0.0
hd003894,dh001261,08/04/2025,21/06/2025,72484000.0,12971200.0,59512800.0
HD003895,dh010805,10/04/2025,20/04/2025,14087000.0,14087000.0,0.0
hd003896,dh011375,09/04/2025,30/06/2025,291259900.0,186594700.0,104665200.0
hd003897,dh003915,09/04/2025,30/06/2025,144570600.0,144570600.0,0.0
hd003898,dh007983,09/04/2025,16/04/2025,196200.0,196200.0,0.0
hd003899,dh002634,11/04/2025,30/06/2025,221389600.0,161981800.0,59407800.0
hd003900,dh005080,08/04/2025,26/06/2025,123421600.0,123421600.0,0.0
hd003901,dh007793,12/04/2025,16/06/2025,164979600.0,164979600.0,0.0
hd003902,dh007197,10/04/2025,05/07/2025,230557000.0,144784600.0,85772400.0
hd003903,DH900005,09/04/2025,18/04/2025,280800.0,280800.0,0.0
hd003904,dh002685,11/04/2025,26/04/2025,10283500.0,10283500.0,0.0
HD003905,dh009101,11/04/2025,18/04/2025,1008600.0,1008600.0,0.0
HD003906,dh009635,09/04/2025,04/17/2025,1677100.0,1677100.0,0.0
hd003907,dh001838,11/04/2025,04/18/2025,471600.0,471600.0,0.0
hd003908,dh000693,12/04/2025,26/04/2025,8036200.0,3058500.0,4977700.0
HD003909,dh003479,10/04/2025,25/04/2025,208000.0,208000.0,0.0
hd003910,DH005109,12/04/2025,24/04/2025,2019600.0,2019600.0,0.0
HD003911,dh009951,11/04/2025,10/06/2025,418806400.0,320731000.0,98075400.0
hd003912,dh010677,12/04/2025,26/04/2025,2376000.0,2376000.0,0.0
HD003913,dh005641,12/04/2025,19/04/2025,525000.0,525000.0,0.0
hd003914,dh010452,2025-04-12,21/04/2025,510000.0,510000.0,0.0
HD003915,dh003601,12/04/2025,23/04/2025,2098400.0,2098400.0,0.0
hd003916,dh005974,13/04/2025,27/04/2025,7041600.0,7041600.0,0.0
HD003917,DH007203,12/04/2025,23/04/2025,507900.0,507900.0,0.0
HD003918,dh007653,11/04/2025,26/04/2025,2577200.0,2577200.0,0.0
hd003919,dh001786,12/04/2025,29/06/2025,568270600.0,146508200.0,421762400.0
hd003920,dh005247,11/04/2025,22/04/2025,2862300.0,2862300.0,0.0
hd003921,dh011871,13/04/2025,24/04/2025,1023600.0,1023600.0,0.0
hd003922,DH900004,13/04/2025,31/05/2025,130531400.0,130531400.0,0.0
hd003923,dh011312,13/04/2025,09/07/2025,436285800.0,436285800.0,0.0
HD003924,dh007208,13/04/2025,11/07/2025,603214800.0,512459500.0,90755300.0
hd003925,dh004612,12/04/2025,13/06/2025,589805100.0,218713600.0,371091500.0
hd003926,dh003694,14/04/2025,22/04/2025,136000.0,136000.0,0.0
hd003927,dh003387,13/04/2025,24/04/2025,2344000.0,2344000.0,0.0
HD003928,dh005572,14/04/2025,29/04/2025,2784000.0,2784000.0,0.0
hd003929,dh006586,11/04/2025,11/06/2025,162955500.0,162955500.0,0.0
hd003930,dh011108,14/04/2025,26/04/2025,2492000.0,2492000.0,0.0
hd003931,DH010873,12/04/2025,24/04/2025,278800.0,278800.0,0.0
hd003932,dh000104,11/04/2025,25/04/2025,2689700.0,2689700.0,0.0
hd003933,dh005758,12/04/2025,27/04/2025,1905700.0,1905700.0,0.0
hd003934,DH900009,11/04/2025,07/06/2025,146218600.0,146218600.0,0.0
HD003935,dh009090,13/04/2025,31/05/2025,443177600.0,443177600.0,0.0
HD003936,dh004800,11/04/2025,26/04/2025,3339600.0,3339600.0,0.0
HD003937,dh006994,13/04/2025,27/04/2025,4530000.0,4530000.0,0.0
hd003938,dh009094,12/04/2025,22/04/2025,967600.0,967600.0,0.0
hd003939,dh007714,15/04/2025,26/04/2025,6036000.0,6036000.0,0.0
hd003940,dh004234,12/04/2025,13/06/2025,587034700.0,587034700.0,0.0
HD003941,dh004325,12/04/2025,20/04/2025,4185500.0,4185500.0,0.0
hd003942,dh006944,13/04/2025,28/04/2025,1433600.0,1433600.0,0.0
HD003943,dh000771,15/04/2025,30/05/2025,564857600.0,564857600.0,0.0
HD003944,dh004000,12/04/2025,19/04/2025,8001000.0,8001000.0,0.0
HD003945,DH010890,15/04/2025,29/04/2025,8071400.0,8071400.0,0.0
hd003946,dh005294,12/04/2025,25/04/2025,4269700.0,4269700.0,0.0
HD003947,dh006729,16/04/2025,06/06/2025,774912800.0,655687600.0,119225200.0
hd003948,dh008144,16/04/2025,26/04/2025,1857600.0,1857600.0,0.0
hd003949,DH010284,14/04/2025,22/04/2025,559800.0,559800.0,0.0
HD003950,,14/04/2025,13/06/2025,257214800.0,257214800.0,0.0
hd003951,dh010185,16/04/2025,27/04/2025,1350000.0,1350000.0,0.0
hd003952,,2025-04-14,27/04/2025,195300.0,195300.0,0.0
hd003953,dh004434,16/04/2025,15/06/2025,72020000.0,72020000.0,0.0
HD003954,dh005846,16/04/2025,09/07/2025,107942100.0,107942100.0,0.0
hd003955,dh000120,16/04/2025,29/04/2025,6402600.0,6402600.0,0.0
hd003956,dh006463,13/04/2025,20/04/2025,615600.0,509700.0,105900.0
hd003957,dh005508,16/04/2025,13/07/2025,88562700.0,88562700.0,0.0
hd003958,dh004550,13/04/2025,25/04/2025,8002000.0,4435200.0,3566800.0
HD003959,dh005272,15/04/2025,29/04/2025,2985000.0,1793800.0,1191200.0
hd003960,,14/04/2025,18/06/2025,265006700.0,74546100.0,190460600.0
hd003961,dh000422,13/04/2025,30/06/2025,241054600.0,25295700.0,215758900.0
hd003962,dh004604,13/04/2025,12/06/2025,300664400.0,300664400.0,0.0
HD003963,dh009847,04/15/2025,27/06/2025,263117600.0,263117600.0,0.0
HD003964,,16/04/2025,27/06/2025,99336800.0,99336800.0,0.0
hd003965,dh006231,15/04/2025,28/06/2025,405170800.0,405170800.0,0.0
hd003966,DH001353,16/04/2025,29/04/2025,1771800.0,1771800.0,0.0
hd003967,DH005885,16/04/2025,29/04/2025,2571800.0,2571800.0,0.0
hd003968,dh011021,15/04/2025,28/04/2025,12551500.0,12551500.0,0.0
hd003969,dh005093,16/04/2025,23/04/2025,293000.0,293000.0,0.0
hd003970,dh009671,14/04/2025,24/04/2025,10170800.0,10170800.0,0.0
hd003971,DH900009,16/04/2025,09/07/2025,97664500.0,97664500.0,0.0
HD003972,dh011841,17/04/2025,2025-07-12,593507600.0,593507600.0,0.0
hd003973,dh009163,16/04/2025,14/06/2025,56081100.0,56081100.0,0.0
hd003974,dh002122,16/04/2025,23/04/2025,265000.0,265000.0,0.0
hd003975,DH008000,15/04/2025,27/04/2025,2122000.0,2122000.0,0.0
HD003976,dh003811,16/04/2025,22/06/2025,112370100.0,95111400.0,17258700.0
hd003977,dh003260,17/04/2025,15/06/2025,328662900.0,328662900.0,0.0
hd003978,dh001471,14/04/2025,21/04/2025,59000.0,40600.0,18400.0
hd003979,dh011316,16/04/2025,04/07/2025,175950600.0,175950600.0,0.0
hd003980,dh003066,14/04/2025,29/05/2025,287985600.0,123017200.0,164968400.0
hd003981,dh000473,15/04/2025,12/06/2025,222783200.0,25009000.0,197774200.0
hd003982,DH900002,16/04/2025,21/06/2025,235162900.0,191238900.0,43924000.0
hd003983,dh004273,16/04/2025,28/04/2025,108300.0,108300.0,0.0
HD003984,,15/04/2025,23/04/2025,270000.0,270000.0,0.0
hd003985,dh001876,16/04/2025,26/06/2025,263171000.0,263171000.0,0.0
hd003986,dh003552,17/04/2025,11/07/2025,89919400.0,11977900.0,77941500.0
HD003987,dh010038,18/04/2025,2025-04-25,2768000.0,2768000.0,0.0
hd003988,dh010681,17/04/2025,06/06/2025,247210000.0,121378900.0,125831100.0
hd003989,dh001447,18/04/2025,30/04/2025,8849700.0,8849700.0,0.0
hd003990,dh002603,16/04/2025,16/06/2025,385508800.0,385508800.0,0.0
hd003991,dh004144,18/04/2025,19/06/2025,475454200.0,439335300.0,36118900.0
hd003992,dh003836,16/04/2025,30/04/2025,1515900.0,1515900.0,0.0
HD003993,DH900009,18/04/2025,02/05/2025,1719000.0,1719000.0,0.0
hd003994,dh004280,18/04/2025,03/05/2025,1831000.0,1831000.0,0.0
hd003995,dh008746,16/04/2025,26/04/2025,2376000.0,2376000.0,0.0
HD003996,dh008026,16/04/2025,10/06/2025,308335400.0,92780000.0,215555400.0
hd003997,DH007269,16/04/2025,01/05/2025,6012900.0,6012900.0,0.0
hd003998,dh002853,18/04/2025,13/06/2025,178844500.0,165841700.0,13002800.0
hd003999,dh003101,17/04/2025,02/05/2025,6246000.0,6246000.0,0.0
HD004000,dh004707,18/04/2025,2025-07-02,419300200.0,159800200.0,259500000.0
hd004001,dh000159,17/04/2025,24/06/2025,301869600.0,278728400.0,23141200.0
hd004002,dh003458,19/04/2025,03/05/2025,1260000.0,1260000.0,0.0
hd004003,dh001403,18/04/2025,26/04/2025,973800.0,485800.0,488000.0
hd004004,dh008306,17/04/2025,30/04/2025,1085800.0,1065400.0,20400.0
hd004005,dh006909,16/04/2025,29/06/2025,475596200.0,236272900.0,239323300.0
hd004006,dh004534,04/17/2025,04/26/2025,1325000.0,1165100.0,159900.0
hd004007,dh003127,19/04/2025,02/05/2025,18456400.0,18456400.0,0.0
hd004008,dh001983,19/04/2025,05/06/2025,479840900.0,186689800.0,293151100.0
HD004009,dh010456,19/04/2025,09/07/2025,86332000.0,86332000.0,0.0
hd004010,dh010953,17/04/2025,28/04/2025,10592000.0,10592000.0,0.0
HD004011,dh001856,17/04/2025,26/04/2025,1953000.0,370600.0,1582400.0
hd004012,dh003689,17/04/2025,14/06/2025,387445400.0,387445400.0,0.0
hd004013,dh010966,17/04/2025,26/04/2025,3933000.0,3933000.0,0.0
hd004014,dh006835,19/04/2025,08/07/2025,189453300.0,189453300.0,0.0
hd004015,dh004742,20/04/2025,01/05/2025,2107200.0,2107200.0,0.0
HD004016,dh003296,04/18/2025,26/04/2025,13771600.0,13771600.0,0.0
hd004017,,20/04/2025,30/06/2025,637096100.0,508047300.0,129048800.0
hd004018,dh005046,19/04/2025,29/04/2025,1018400.0,68400.0,950000.0
hd004019,dh005178,19/04/2025,26/04/2025,1130000.0,1130000.0,0.0
hd004020,DH007598,19/04/2025,26/04/2025,435100.0,435100.0,0.0
hd004021,dh002621,18/04/2025,03/05/2025,2664000.0,2664000.0,0.0
hd004022,dh001113,19/04/2025,2025-06-04,106162800.0,106162800.0,0.0
hd004023,dh000225,21/04/2025,14/06/2025,398498100.0,307305200.0,91192900.0
hd004024,DH011372,18/04/2025,22/06/2025,431415700.0,109661000.0,321754700.0
hd004025,,19/04/2025,23/06/2025,310807800.0,310807800.0,0.0
hd004026,dh005894,21/04/2025,06/06/2025,173816800.0,173816800.0,0.0
hd004027,dh004946,21/04/2025,03/05/2025,14699000.0,14699000.0,0.0
hd004028,dh002177,19/04/2025,26/04/2025,132600.0,101200.0,31400.0
hd004029,dh000692,2025-04-22,10/06/2025,285535900.0,285535900.0,0.0
hd004030,dh004228,19/04/2025,03/05/2025,545600.0,545600.0,0.0
hd004031,dh007582,20/04/2025,05/05/2025,336000.0,220600.0,115400.0
hd004032,dh005521,22/04/2025,03/05/2025,1165000.0,1165000.0,0.0
hd004033,dh004611,21/04/2025,06/05/2025,352000.0,281200.0,70800.0
hd004034,dh009465,22/04/2025,07/05/2025,9878400.0,9017300.0,861100.0
hd004035,dh002360,19/04/2025,29/04/2025,3104200.0,3104200.0,0.0
HD004036,dh001680,20/04/2025,04/05/2025,4872000.0,4872000.0,0.0
hd004037,dh010417,04/19/2025,28/04/2025,4118400.0,4118400.0,0.0
hd004038,dh000329,19/04/2025,29/04/2025,1990800.0,356700.0,1634100.0
hd004039,dh000161,22/04/2025,13/06/2025,434856000.0,434856000.0,0.0
HD004040,dh011104,22/04/2025,19/07/2025,480049900.0,239089000.0,240960900.0
HD004041,dh001953,22/04/2025,29/04/2025,2931600.0,2931600.0,0.0
hd004042,dh003868,21/04/2025,07/09/2025,403028400.0,403028400.0,0.0
HD004043,dh004401,21/04/2025,18/07/2025,477991000.0,477991000.0,0.0
hd004044,dh004408,22/04/2025,06/28/2025,167515400.0,123122000.0,44393400.0
HD004045,dh005075,21/04/2025,12/07/2025,111858900.0,111858900.0,0.0
hd004046,dh011646,23/04/2025,07/06/2025,136970800.0,136970800.0,0.0
hd004047,dh009965,21/04/2025,29/04/2025,1239200.0,1239200.0,0.0
hd004048,dh003969,21/04/2025,2025-06-15,601507200.0,601507200.0,0.0
HD004049,dh000629,22/04/2025,08/07/2025,365910200.0,320542400.0,45367800.0
hd004050,dh004979,23/04/2025,25/06/2025,351826500.0,351826500.0,0.0
hd004051,dh003815,20/04/2025,2025-06-13,111902700.0,111902700.0,0.0
hd004052,dh011975,21/04/2025,03/05/2025,1681500.0,1681500.0,0.0
hd004053,dh000163,21/04/2025,29/06/2025,1066451200.0,605230900.0,461220300.0
hd004054,dh006001,21/04/2025,03/05/2025,892400.0,892400.0,0.0
hd004055,dh011201,22/04/2025,05/05/2025,21474600.0,4124800.0,17349800.0
hd004056,,23/04/2025,06/28/2025,141212300.0,141212300.0,0.0
hd004057,dh009476,21/04/2025,04/05/2025,10935900.0,10935900.0,0.0
hd004058,dh005455,23/04/2025,19/07/2025,195447800.0,176009300.0,19438500.0
hd004059,dh002172,23/04/2025,02/05/2025,1840200.0,1840200.0,0.0
hd004060,,24/04/2025,06/05/2025,454400.0,454400.0,0.0
hd004061,,23/04/2025,07/05/2025,2808000.0,2808000.0,0.0
hd004062,dh006305,21/04/2025,05/05/2025,165400.0,165400.0,0.0
hd004063,dh001356,24/04/2025,03/07/2025,101679600.0,92637900.0,9041700.0
hd004064,dh010386,21/04/2025,01/05/2025,635000.0,635000.0,0.0
hd004065,DH002526,21/04/2025,18/06/2025,554887200.0,363926700.0,190960500.0
hd004066,dh007637,22/04/2025,06/05/2025,3531000.0,3531000.0,0.0
hd004067,dh005408,23/04/2025,05/05/2025,945600.0,945600.0,0.0
hd004068,dh002070,23/04/2025,2025-07-15,394918100.0,394918100.0,0.0
hd004069,dh011645,25/04/2025,17/07/2025,486540600.0,486540600.0,0.0
hd004070,dh005832,23/04/2025,03/05/2025,1182000.0,1182000.0,0.0
hd004071,dh007100,24/04/2025,05/05/2025,480000.0,480000.0,0.0
hd004072,DH006561,22/04/2025,09/07/2025,733493600.0,733493600.0,0.0
hd004073,,25/04/2025,06/05/2025,6451500.0,6451500.0,0.0
hd004074,dh000987,22/04/2025,27/06/2025,460939000.0,460939000.0,0.0
HD004075,DH900004,04/25/2025,05/05/2025,3856000.0,3856000.0,0.0
hd004076,dh003838,25/04/2025,02/07/2025,243565200.0,11817700.0,231747500.0
hd004077,dh009441,23/04/2025,21/06/2025,407413600.0,72669000.0,334744600.0
hd004078,dh003691,23/04/2025,08/05/2025,941800.0,941800.0,0.0
HD004079,dh000550,26/04/2025,09/05/2025,2292000.0,2292000.0,0.0
hd004080,dh010883,24/04/2025,06/05/2025,2631800.0,2631800.0,0.0
hd004081,dh007525,24/04/2025,22/07/2025,362882900.0,362882900.0,0.0
HD004082,dh000826,26/04/2025,2025-07-16,86703600.0,61651200.0,25052400.0
hd004083,dh011063,24/04/2025,11/06/2025,282294200.0,282294200.0,0.0
hd004084,dh004942,24/04/2025,08/05/2025,204000.0,204000.0,0.0
hd004085,dh000892,24/04/2025,23/07/2025,127787700.0,59575000.0,68212700.0
hd004086,dh005033,25/04/2025,10/06/2025,281491600.0,62241300.0,219250300.0
hd004087,dh002053,23/04/2025,08/05/2025,234000.0,83700.0,150300.0
hd004088,dh007450,24/04/2025,09/05/2025,224400.0,224400.0,0.0
hd004089,dh005727,24/04/2025,06/05/2025,1807600.0,1231000.0,576600.0
hd004090,dh010036,24/04/2025,16/06/2025,199001400.0,138284700.0,60716700.0
HD004091,dh002269,23/04/2025,01/05/2025,350200.0,350200.0,0.0
HD004092,dh010325,23/04/2025,02/07/2025,283558800.0,62410300.0,221148500.0
hd004093,dh005693,2025-04-26,17/07/2025,61138000.0,7939800.0,53198200.0
hd004094,DH900008,24/04/2025,05/05/2025,2613600.0,2613600.0,0.0
hd004095,dh002248,27/04/2025,10/05/2025,1583000.0,1583000.0,0.0
hd004096,DH006314,27/04/2025,05/05/2025,12669300.0,12669300.0,0.0
hd004097,dh002605,24/04/2025,01/05/2025,1039200.0,1039200.0,0.0
hd004098,DH900003,27/04/2025,04/07/2025,384734400.0,71897100.0,312837300.0
hd004099,dh004870,26/04/2025,08/07/2025,583156800.0,176001000.0,407155800.0
HD004100,dh005767,24/04/2025,15/06/2025,518478700.0,518478700.0,0.0
hd004101,dh002314,26/04/2025,10/05/2025,8006400.0,8006400.0,0.0
hd004102,DH001766,25/04/2025,11/06/2025,623831400.0,623831400.0,0.0
hd004103,dh008267,27/04/2025,06/28/2025,159212100.0,6587000.0,152625100.0
hd004104,dh000100,24/04/2025,09/05/2025,2232000.0,2232000.0,0.0
hd004105,dh004180,26/04/2025,06/05/2025,756000.0,756000.0,0.0
HD004106,dh001316,28/04/2025,08/05/2025,340200.0,265900.0,74300.0
HD004107,dh006078,26/04/2025,17/07/2025,82004600.0,82004600.0,0.0
hd004108,dh005255,28/04/2025,23/06/2025,223701200.0,69221200.0,154480000.0
HD004109,dh001755,28/04/2025,06/05/2025,714000.0,714000.0,0.0
hd004110,dh003668,04/27/2025,05/05/2025,1357200.0,1357200.0,0.0
hd004111,dh003978,28/04/2025,15/07/2025,317414400.0,317414400.0,0.0
hd004112,dh004715,27/04/2025,06/05/2025,5258400.0,5258400.0,0.0
hd004113,dh008764,28/04/2025,06/05/2025,2398100.0,2398100.0,0.0
HD004114,dh011273,25/04/2025,11/06/2025,385597400.0,275015500.0,110581900.0
hd004115,dh011511,28/04/2025,08/05/2025,11600000.0,11600000.0,0.0
HD004116,dh000867,28/04/2025,06/05/2025,3439000.0,3439000.0,0.0
HD004117,dh000087,26/04/2025,19/06/2025,356347800.0,356347800.0,0.0
hd004118,dh010955,26/04/2025,05/05/2025,688000.0,688000.0,0.0
hd004119,DH001324,28/04/2025,05/05/2025,756000.0,756000.0,0.0
HD004120,dh001669,28/04/2025,08/07/2025,436362600.0,403164300.0,33198300.0
hd004121,dh006730,27/04/2025,16/06/2025,745198600.0,496078700.0,249119900.0
HD004122,dh005232,26/04/2025,23/06/2025,929168600.0,929168600.0,0.0
hd004123,dh007968,28/04/2025,12/05/2025,4086600.0,4086600.0,0.0
hd004124,dh005159,27/04/2025,09/05/2025,3049000.0,3049000.0,0.0
hd004125,dh001290,26/04/2025,06/05/2025,390300.0,241400.0,148900.0
hd004126,dh009881,26/04/2025,05/05/2025,2286000.0,2286000.0,0.0
hd004127,dh010564,27/04/2025,06/07/2025,281321500.0,281321500.0,0.0
hd004128,dh010237,26/04/2025,19/07/2025,162546000.0,64106100.0,98439900.0
hd004129,dh002750,26/04/2025,22/07/2025,132820000.0,130680800.0,2139200.0
hd004130,dh008798,26/04/2025,06/05/2025,584800.0,584800.0,0.0
hd004131,DH000362,29/04/2025,07/07/2025,505727300.0,505727300.0,0.0
hd004132,dh003677,30/04/2025,12/05/2025,1588500.0,1588500.0,0.0
hd004133,dh008844,29/04/2025,08/05/2025,786000.0,786000.0,0.0
hd004134,dh003920,28/04/2025,13/05/2025,2172600.0,2172600.0,0.0
hd004135,dh000522,27/04/2025,29/06/2025,498655200.0,313524000.0,185131200.0
HD004136,dh005759,29/04/2025,12/07/2025,456249000.0,95491600.0,360757400.0
hd004137,dh007546,29/04/2025,27/07/2025,46208000.0,23426800.0,22781200.0
hd004138,dh004338,27/04/2025,04/05/2025,2669400.0,2669400.0,0.0
hd004139,dh006548,29/04/2025,16/06/2025,50948400.0,24281500.0,26666900.0
hd004140,dh002020,30/04/2025,03/07/2025,578393500.0,373180300.0,205213200.0
hd004141,dh002379,27/04/2025,10/05/2025,144000.0,144000.0,0.0
hd004142,dh003804,27/04/2025,12/05/2025,6263600.0,6263600.0,0.0
hd004143,dh004919,28/04/2025,08/05/2025,187800.0,187800.0,0.0
hd004144,DH001658,29/04/2025,16/06/2025,91594000.0,91594000.0,0.0
hd004145,,27/04/2025,05/05/2025,170100.0,170100.0,0.0
hd004146,dh001452,29/04/2025,19/07/2025,159349600.0,107018400.0,52331200.0
hd004147,dh004546,29/04/2025,26/07/2025,129583000.0,129583000.0,0.0
hd004148,dh008780,30/04/2025,22/06/2025,160153500.0,62546600.0,97606900.0
HD004149,dh006938,2025-04-29,14/05/2025,4350000.0,4350000.0,0.0
hd004150,dh004312,29/04/2025,13/05/2025,5244800.0,5244800.0,0.0
hd004151,dh001007,29/04/2025,06/05/2025,11960000.0,11960000.0,0.0
hd004152,dh008890,30/04/2025,23/06/2025,239275000.0,89095300.0,150179700.0
hd004153,dh008947,30/04/2025,23/07/2025,549244800.0,443157400.0,106087400.0
hd004154,dh006020,28/04/2025,10/05/2025,5202300.0,5202300.0,0.0
hd004155,dh005424,28/04/2025,30/06/2025,462692000.0,329824400.0,132867600.0
HD004156,dh004052,29/04/2025,12/05/2025,109000.0,109000.0,0.0
hd004157,dh006506,30/04/2025,17/07/2025,121915000.0,121915000.0,0.0
HD004158,,29/04/2025,07/05/2025,640000.0,640000.0,0.0
hd004159,dh003375,01/05/2025,12/05/2025,12705000.0,12705000.0,0.0
HD004160,dh007070,01/05/2025,08/05/2025,4093800.0,4093800.0,0.0
hd004161,dh005284,29/04/2025,06/07/2025,323689800.0,323689800.0,0.0
hd004162,dh002885,01/05/2025,23/07/2025,245847800.0,245847800.0,0.0
HD004163,dh005623,02/05/2025,05/12/2025,465000.0,25300.0,439700.0
hd004164,dh009330,30/04/2025,11/05/2025,1317000.0,1317000.0,0.0
hd004165,dh005551,02/05/2025,2025-05-14,9114000.0,9114000.0,0.0
hd004166,dh002096,05/01/2025,12/05/2025,8547700.0,8547700.0,0.0
hd004167,dh003921,30/04/2025,15/06/2025,812831000.0,812831000.0,0.0
hd004168,dh005715,02/05/2025,13/05/2025,448000.0,448000.0,0.0
hd004169,dh004117,29/04/2025,29/06/2025,283660600.0,265105100.0,18555500.0
HD004170,dh004807,29/04/2025,25/06/2025,124985600.0,110225500.0,14760100.0
hd004171,,01/05/2025,14/07/2025,486772400.0,459007000.0,27765400.0
hd004172,dh008574,02/05/2025,10/05/2025,9429000.0,9429000.0,0.0
hd004173,,02/05/2025,25/07/2025,102690000.0,16132100.0,86557900.0
hd004174,dh006247,30/04/2025,19/07/2025,309836400.0,309836400.0,0.0
hd004175,DH011702,30/04/2025,10/05/2025,1890000.0,1890000.0,0.0
HD004176,dh007899,03/05/2025,12/05/2025,36000.0,36000.0,0.0
hd004177,dh009842,01/05/2025,14/07/2025,346847100.0,243604700.0,103242400.0
hd004178,dh004755,01/05/2025,17/06/2025,327496400.0,244177800.0,83318600.0
HD004179,dh003639,30/04/2025,05/13/2025,3816600.0,3816600.0,0.0
hd004180,DH900001,30/04/2025,07/21/2025,84341300.0,55694500.0,28646800.0
hd004181,,30/04/2025,09/05/2025,5346200.0,5346200.0,0.0
hd004182,dh002838,02/05/2025,27/06/2025,111751200.0,111751200.0,0.0
hd004183,dh010840,03/05/2025,23/06/2025,351119400.0,241801300.0,109318100.0
hd004184,dh010546,03/05/2025,18/07/2025,518482800.0,518482800.0,0.0
hd004185,dh009153,03/05/2025,20/07/2025,286930600.0,286930600.0,0.0
HD004186,dh010620,03/05/2025,11/05/2025,986000.0,898400.0,87600.0
hd004187,dh002700,03/05/2025,18/05/2025,10673400.0,10673400.0,0.0
HD004188,dh001483,02/05/2025,01/07/2025,122936000.0,122936000.0,0.0
hd004189,dh009672,01/05/2025,03/07/2025,356601500.0,227594700.0,129006800.0
hd004190,dh002438,03/05/2025,20/06/2025,189233600.0,130400200.0,58833400.0
hd004191,dh002689,01/05/2025,08/05/2025,5407800.0,5407800.0,0.0
hd004192,dh002918,01/05/2025,27/07/2025,174287600.0,174287600.0,0.0
hd004193,DH004606,02/05/2025,17/05/2025,1055700.0,1055700.0,0.0
hd004194,dh011615,01/05/2025,09/05/2025,1779200.0,1779200.0,0.0
hd004195,dh006969,04/05/2025,12/05/2025,2730000.0,2730000.0,0.0
hd004196,dh011226,03/05/2025,16/05/2025,1464600.0,978200.0,486400.0
hd004197,dh001521,03/05/2025,2025-07-18,451251800.0,393207600.0,58044200.0
hd004198,DH008572,03/05/2025,22/06/2025,510419400.0,204887900.0,305531500.0
hd004199,dh009323,04/05/2025,13/07/2025,271444200.0,271444200.0,0.0
HD004200,dh007927,02/05/2025,11/05/2025,186000.0,186000.0,0.0
HD004201,dh001423,02/05/2025,12/05/2025,744000.0,675300.0,68700.0
hd004202,dh001545,05/05/2025,28/06/2025,844127800.0,768292900.0,75834900.0
hd004203,dh004936,04/05/2025,16/05/2025,285000.0,247600.0,37400.0
hd004204,dh005389,03/05/2025,10/05/2025,3518000.0,3518000.0,0.0
hd004205,DH005811,05/05/2025,15/05/2025,2786500.0,2029100.0,757400.0
HD004206,dh009352,02/05/2025,19/07/2025,143925300.0,143925300.0,0.0
HD004207,dh007801,05/05/2025,23/06/2025,119577500.0,119577500.0,0.0
hd004208,dh001845,02/05/2025,05/07/2025,121770500.0,62302700.0,59467800.0
HD004209,dh009517,03/05/2025,10/05/2025,410400.0,410400.0,0.0
hd004210,dh008716,03/05/2025,27/06/2025,403257900.0,403257900.0,0.0
hd004211,dh009120,05/05/2025,23/07/2025,175251700.0,14761100.0,160490600.0
hd004212,DH006825,05/05/2025,12/05/2025,4086600.0,4086600.0,0.0
hd004213,dh011583,04/05/2025,29/06/2025,350979800.0,350979800.0,0.0
hd004214,dh006653,04/05/2025,20/06/2025,302614800.0,302614800.0,0.0
hd004215,,06/05/2025,16/05/2025,744600.0,744600.0,0.0
hd004216,,06/05/2025,23/07/2025,583419000.0,583419000.0,0.0
hd004217,dh006185,05/05/2025,02/08/2025,195095000.0,191078800.0,4016200.0
hd004218,dh006442,06/05/2025,21/05/2025,6799700.0,6799700.0,0.0
HD004219,dh005259,03/05/2025,15/05/2025,16870500.0,16870500.0,0.0
HD004220,dh001389,03/05/2025,24/07/2025,281384500.0,281384500.0,0.0
HD004221,dh000497,05/05/2025,14/05/2025,1461200.0,1461200.0,0.0
hd004222,dh000382,05/05/2025,12/05/2025,414000.0,290300.0,123700.0
hd004223,dh001941,07/05/2025,15/05/2025,3944000.0,3944000.0,0.0
hd004224,dh002824,06/05/2025,26/07/2025,189751100.0,189751100.0,0.0
hd004225,dh003704,05/05/2025,20/05/2025,267300.0,267300.0,0.0
hd004226,dh002410,04/05/2025,11/05/2025,7544000.0,7544000.0,0.0
HD004227,dh005277,05/05/2025,13/07/2025,474388900.0,28006000.0,446382900.0
hd004228,dh003582,04/05/2025,19/05/2025,10655700.0,3983600.0,6672100.0
hd004229,dh001368,06/05/2025,11/07/2025,481697700.0,182817600.0,298880100.0
hd004230,dh008002,04/05/2025,20/06/2025,303877800.0,303877800.0,0.0
HD004231,dh010652,04/05/2025,07/07/2025,219355800.0,219355800.0,0.0
hd004232,dh000851,04/05/2025,17/05/2025,2360400.0,2360400.0,0.0
hd004233,dh008433,07/05/2025,26/07/2025,78843200.0,78843200.0,0.0
hd004234,dh008166,06/05/2025,14/05/2025,463000.0,463000.0,0.0
hd004235,dh003441,05/05/2025,21/06/2025,535974000.0,535974000.0,0.0
hd004236,dh002748,04/05/2025,18/05/2025,7518200.0,7518200.0,0.0
hd004237,dh006611,04/05/2025,03/07/2025,110830500.0,74966300.0,35864200.0
HD004238,dh003246,06/05/2025,17/05/2025,10141400.0,10141400.0,0.0
hd004239,dh010469,05/05/2025,17/05/2025,2383200.0,2383200.0,0.0
HD004240,dh005237,07/05/2025,22/05/2025,12389300.0,12389300.0,0.0
hd004241,dh010525,06/05/2025,2025-07-15,97774500.0,50254800.0,47519700.0
hd004242,dh010270,08/05/2025,05/08/2025,665072600.0,57957400.0,607115200.0
hd004243,dh001900,05/05/2025,20/05/2025,5319000.0,5319000.0,0.0
HD004244,dh011141,05/05/2025,04/07/2025,493403500.0,493403500.0,0.0
hd004245,DH007935,07/05/2025,18/05/2025,9120600.0,9120600.0,0.0
HD004246,dh001288,06/05/2025,24/06/2025,448427900.0,323745600.0,124682300.0
hd004247,dh006070,05/05/2025,19/05/2025,337500.0,337500.0,0.0
hd004248,dh010728,05/05/2025,13/07/2025,529294400.0,529294400.0,0.0
hd004249,dh007024,06/05/2025,15/05/2025,6642800.0,6258500.0,384300.0
hd004250,dh005944,07/05/2025,28/07/2025,253899200.0,202906900.0,50992300.0
HD004251,dh006829,07/05/2025,31/07/2025,125027000.0,125027000.0,0.0
HD004252,dh001805,06/05/2025,16/05/2025,1452200.0,1452200.0,0.0
HD004253,dh004111,06/05/2025,19/05/2025,699000.0,699000.0,0.0
HD004254,dh001422,06/05/2025,01/07/2025,604543000.0,604543000.0,0.0
hd004255,dh010163,05/07/2025,21/05/2025,993700.0,993700.0,0.0
hd004256,dh006834,06/05/2025,27/07/2025,40987000.0,28225000.0,12762000.0
hd004257,dh009407,09/05/2025,18/07/2025,125694800.0,77670900.0,48023900.0
hd004258,dh009463,07/05/2025,14/05/2025,823500.0,823500.0,0.0
hd004259,dh010512,06/05/2025,19/05/2025,8000000.0,7111200.0,888800.0
hd004260,dh009171,06/05/2025,16/07/2025,357867300.0,357867300.0,0.0
hd004261,dh009169,08/05/2025,17/05/2025,6112800.0,6112800.0,0.0
HD004262,,06/05/2025,02/07/2025,855829700.0,855829700.0,0.0
hd004263,dh010478,06/05/2025,03/07/2025,963866700.0,343597900.0,620268800.0
hd004264,dh007152,09/05/2025,19/05/2025,2993700.0,2993700.0,0.0
hd004265,dh002167,09/05/2025,22/05/2025,6146400.0,6146400.0,0.0
HD004266,dh006498,08/05/2025,22/05/2025,5068000.0,1434000.0,3634000.0
hd004267,dh005635,09/05/2025,27/07/2025,484491500.0,240763800.0,243727700.0
HD004268,dh010660,08/05/2025,19/07/2025,104933400.0,104933400.0,0.0
hd004269,dh006212,07/05/2025,17/05/2025,13431300.0,13431300.0,0.0
hd004270,dh009092,06/05/2025,27/06/2025,417143000.0,282959400.0,134183600.0
hd004271,dh009099,08/05/2025,21/05/2025,1083600.0,1083600.0,0.0
HD004272,dh002607,07/05/2025,21/05/2025,2123200.0,2123200.0,0.0
HD004273,dh009369,09/05/2025,27/06/2025,320268200.0,170139500.0,150128700.0
hd004274,dh004725,10/05/2025,2025-05-19,2871000.0,2871000.0,0.0
hd004275,dh001107,07/05/2025,21/05/2025,2902500.0,2902500.0,0.0
HD004276,dh003823,10/05/2025,23/07/2025,544382500.0,296447400.0,247935100.0
hd004277,DH003343,2025-05-07,20/05/2025,112000.0,100200.0,11800.0
hd004278,dh011098,09/05/2025,31/07/2025,28833500.0,28833500.0,0.0
hd004279,dh001154,07/05/2025,27/06/2025,466404000.0,466404000.0,0.0
hd004280,dh000665,08/05/2025,17/05/2025,3041100.0,3041100.0,0.0
hd004281,dh009177,10/05/2025,24/05/2025,1236000.0,1236000.0,0.0
hd004282,dh003983,10/05/2025,07/07/2025,69373000.0,12337600.0,57035400.0
HD004283,,11/05/2025,22/07/2025,178586600.0,88182600.0,90404000.0
hd004284,dh007751,10/05/2025,13/07/2025,730895700.0,581931000.0,148964700.0
HD004285,dh010667,11/05/2025,28/06/2025,153319600.0,4148700.0,149170900.0
hd004286,dh011770,09/05/2025,24/06/2025,420272400.0,420272400.0,0.0
HD004287,dh010402,05/11/2025,30/06/2025,317128000.0,317128000.0,0.0
hd004288,dh006605,10/05/2025,22/05/2025,293000.0,293000.0,0.0
hd004289,dh010179,11/05/2025,21/05/2025,3991000.0,3991000.0,0.0
HD004290,dh006321,11/05/2025,19/05/2025,251100.0,251100.0,0.0
HD004291,dh003428,10/05/2025,08/08/2025,317998200.0,317998200.0,0.0
hd004292,dh002871,11/05/2025,13/07/2025,216887600.0,144326100.0,72561500.0
hd004293,DH004526,09/05/2025,20/05/2025,1126200.0,899400.0,226800.0
hd004294,dh009055,12/05/2025,23/05/2025,9616100.0,9616100.0,0.0
hd004295,dh010403,12/05/2025,27/05/2025,586000.0,586000.0,0.0
hd004296,dh002290,12/05/2025,24/05/2025,1401200.0,1401200.0,0.0
hd004297,dh000401,09/05/2025,18/05/2025,207000.0,207000.0,0.0
hd004298,dh011132,09/05/2025,16/05/2025,438000.0,438000.0,0.0
hd004299,dh008048,11/05/2025,05/08/2025,112980000.0,6814100.0,106165900.0
hd004300,dh003424,11/05/2025,19/05/2025,478500.0,478500.0,0.0
hd004301,dh003265,09/05/2025,07/15/2025,772187700.0,468556600.0,303631100.0
HD004302,dh003577,12/05/2025,19/05/2025,1079800.0,1079800.0,0.0
hd004303,dh000863,11/05/2025,20/05/2025,4322000.0,4322000.0,0.0
hd004304,dh002129,11/05/2025,20/05/2025,1912000.0,1307600.0,604400.0
hd004305,dh009460,10/05/2025,03/07/2025,103763500.0,28028800.0,75734700.0
hd004306,dh007356,12/05/2025,05/08/2025,195622800.0,195622800.0,0.0
HD004307,dh003882,12/05/2025,07/22/2025,161906000.0,42830700.0,119075300.0
HD004308,dh000618,12/05/2025,2025-05-23,8825000.0,8825000.0,0.0
HD004309,dh004592,13/05/2025,20/05/2025,1205100.0,1205100.0,0.0
HD004310,dh004862,12/05/2025,27/06/2025,216502000.0,98889800.0,117612200.0
hd004311,dh002203,10/05/2025,21/05/2025,3468000.0,3468000.0,0.0
HD004312,dh000503,13/05/2025,28/05/2025,3268100.0,3268100.0,0.0
hd004313,dh010661,13/05/2025,22/05/2025,1252800.0,1252800.0,0.0
HD004314,dh008033,12/05/2025,08/08/2025,223558600.0,223558600.0,0.0
HD004315,dh007097,14/05/2025,26/05/2025,1839400.0,1839400.0,0.0
hd004316,dh007887,14/05/2025,21/05/2025,3228000.0,3228000.0,0.0
hd004317,dh007789,11/05/2025,23/05/2025,2080500.0,2080500.0,0.0
hd004318,dh006349,12/05/2025,12/07/2025,72632000.0,44057900.0,28574100.0
HD004319,dh002299,14/05/2025,28/05/2025,2474600.0,2474600.0,0.0
HD004320,dh009812,12/05/2025,26/05/2025,3396000.0,3396000.0,0.0
HD004321,dh005189,13/05/2025,21/07/2025,973262200.0,754328600.0,218933600.0
HD004322,dh011565,13/05/2025,14/07/2025,146155800.0,62997200.0,83158600.0
hd004323,DH900003,13/05/2025,10/08/2025,363136600.0,49189600.0,313947000.0
hd004324,DH003780,14/05/2025,21/05/2025,652000.0,652000.0,0.0
hd004325,dh005756,12/05/2025,17/07/2025,52790400.0,2660200.0,50130200.0
HD004326,dh009880,05/12/2025,10/07/2025,363392400.0,363392400.0,0.0
hd004327,dh003703,14/05/2025,26/05/2025,19000.0,19000.0,0.0
hd004328,dh001816,13/05/2025,24/05/2025,630000.0,630000.0,0.0
hd004329,dh000437,14/05/2025,29/05/2025,455600.0,455600.0,0.0
hd004330,dh011784,14/05/2025,29/05/2025,7104000.0,7104000.0,0.0
hd004331,dh004613,14/05/2025,23/05/2025,194400.0,179300.0,15100.0
hd004332,DH001657,14/05/2025,26/05/2025,4452300.0,4452300.0,0.0
HD004333,dh011795,14/05/2025,24/05/2025,502200.0,502200.0,0.0
hd004334,dh011414,13/05/2025,20/07/2025,240365700.0,186138100.0,54227600.0
hd004335,DH900009,14/05/2025,18/07/2025,323767800.0,75631000.0,248136800.0
hd004336,dh000557,15/05/2025,22/05/2025,9030000.0,6102400.0,2927600.0
hd004337,dh008940,12/05/2025,20/05/2025,2012800.0,2012800.0,0.0
hd004338,dh006261,15/05/2025,20/07/2025,349985000.0,132848200.0,217136800.0
HD004339,DH900008,13/05/2025,04/07/2025,428674200.0,194113700.0,234560500.0
hd004340,dh009042,13/05/2025,18/07/2025,305927200.0,141992000.0,163935200.0
hd004341,dh002155,12/05/2025,02/08/2025,67650400.0,63631900.0,4018500.0
hd004342,dh011376,15/05/2025,22/05/2025,193200.0,193200.0,0.0
hd004343,dh009588,15/05/2025,26/05/2025,850500.0,850500.0,0.0
hd004344,dh008012,15/05/2025,27/05/2025,2152600.0,155100.0,1997500.0
hd004345,dh010123,13/05/2025,23/05/2025,3438600.0,3438600.0,0.0
HD004346,dh011921,14/05/2025,11/08/2025,156043600.0,156043600.0,0.0
hd004347,dh003725,15/05/2025,29/05/2025,4597300.0,4597300.0,0.0
hd004348,dh010162,13/05/2025,23/05/2025,8537800.0,8537800.0,0.0
HD004349,dh007619,15/05/2025,01/08/2025,276741400.0,167474500.0,109266900.0
hd004350,dh006719,13/05/2025,28/05/2025,174800.0,174800.0,0.0
hd004351,DH002215,16/05/2025,28/05/2025,5348000.0,5348000.0,0.0
hd004352,dh000349,15/05/2025,10/08/2025,197772800.0,30007700.0,167765100.0
hd004353,DH001875,16/05/2025,07/08/2025,167519100.0,74703600.0,92815500.0
hd004354,dh000886,14/05/2025,01/08/2025,331054200.0,331054200.0,0.0
HD004355,DH006684,15/05/2025,26/05/2025,4830000.0,1888000.0,2942000.0
hd004356,dh010076,16/05/2025,15/07/2025,55311000.0,55311000.0,0.0
hd004357,dh004788,15/05/2025,24/07/2025,325978600.0,325978600.0,0.0
hd004358,dh005200,14/05/2025,11/08/2025,492042300.0,352654600.0,139387700.0
hd004359,dh010893,15/05/2025,05/07/2025,347419300.0,54193700.0,293225600.0
hd004360,dh008595,16/05/2025,24/05/2025,1956000.0,1956000.0,0.0
hd004361,dh010778,2025-05-17,14/07/2025,401368600.0,318684600.0,82684000.0
HD004362,DH006800,16/05/2025,04/07/2025,239887100.0,239887100.0,0.0
hd004363,,15/05/2025,23/05/2025,2729400.0,2729400.0,0.0
hd004364,DH006784,16/05/2025,05/28/2025,3841000.0,1418100.0,2422900.0
HD004365,dh011060,14/05/2025,22/05/2025,1045000.0,1045000.0,0.0
hd004366,dh001329,16/05/2025,25/05/2025,4360500.0,4360500.0,0.0
hd004367,dh004517,17/05/2025,05/08/2025,610796000.0,610796000.0,0.0
hd004368,dh010050,14/05/2025,25/05/2025,2343500.0,2343500.0,0.0
HD004369,dh006026,15/05/2025,27/05/2025,1578000.0,1578000.0,0.0
hd004370,dh002041,17/05/2025,01/06/2025,9879200.0,9879200.0,0.0
hd004371,dh009561,15/05/2025,09/08/2025,260426600.0,193773800.0,66652800.0
HD004372,dh003696,16/05/2025,2025-05-31,558000.0,84300.0,473700.0
hd004373,dh007505,17/05/2025,26/05/2025,6196000.0,6196000.0,0.0
HD004374,,17/05/2025,08/07/2025,249962800.0,249962800.0,0.0
hd004375,dh001968,18/05/2025,02/06/2025,4353500.0,4353500.0,0.0
hd004376,dh011877,18/05/2025,06/07/2025,139526000.0,59152300.0,80373700.0
hd004377,dh001382,17/05/2025,02/07/2025,292795500.0,292795500.0,0.0
hd004378,dh009966,18/05/2025,31/05/2025,1465200.0,1465200.0,0.0
HD004379,dh009130,18/05/2025,28/05/2025,119700.0,27900.0,91800.0
HD004380,dh002367,16/05/2025,28/05/2025,8352100.0,3907100.0,4445000.0
hd004381,dh003771,17/05/2025,29/05/2025,2774400.0,2774400.0,0.0
hd004382,dh005669,17/05/2025,18/07/2025,105187200.0,105187200.0,0.0
hd004383,dh002536,17/05/2025,29/05/2025,2885600.0,61000.0,2824600.0
hd004384,dh002198,2025-05-16,23/05/2025,511600.0,511600.0,0.0
HD004385,dh002424,16/05/2025,23/05/2025,666000.0,666000.0,0.0
HD004386,dh005298,19/05/2025,11/07/2025,331690400.0,231016700.0,100673700.0
hd004387,dh009537,17/05/2025,25/05/2025,432000.0,351200.0,80800.0
hd004388,dh002028,17/05/2025,12/07/2025,453440400.0,453440400.0,0.0
HD004389,dh010300,19/05/2025,02/06/2025,1645000.0,1263700.0,381300.0
hd004390,dh009782,19/05/2025,01/06/2025,2630000.0,1807200.0,822800.0
hd004391,dh006289,16/05/2025,24/05/2025,2990000.0,2990000.0,0.0
hd004392,dh001041,19/05/2025,24/07/2025,501977700.0,174392600.0,327585100.0
hd004393,dh008628,19/05/2025,25/07/2025,291902800.0,43167300.0,248735500.0
hd004394,dh004650,19/05/2025,07/08/2025,258409900.0,258409900.0,0.0
hd004395,,20/05/2025,02/06/2025,2648000.0,2648000.0,0.0
HD004396,dh001161,17/05/2025,24/05/2025,3135000.0,3135000.0,0.0
hd004397,dh010765,17/05/2025,30/05/2025,3447700.0,3447700.0,0.0
hd004398,DH006399,19/05/2025,18/07/2025,301966600.0,137413900.0,164552700.0
hd004399,dh003746,18/05/2025,25/07/2025,886640400.0,886640400.0,0.0
hd004400,dh000093,18/05/2025,12/07/2025,520736600.0,101978400.0,418758200.0
HD004401,dh007846,17/05/2025,16/07/2025,210445600.0,29130300.0,181315300.0
HD004402,dh002324,20/05/2025,30/05/2025,5400000.0,5400000.0,0.0
hd004403,dh005084,18/05/2025,28/05/2025,696000.0,696000.0,0.0
HD004404,dh006331,18/05/2025,21/07/2025,467000600.0,445200400.0,21800200.0
HD004405,dh009918,20/05/2025,04/06/2025,9898500.0,9898500.0,0.0
hd004406,dh008509,21/05/2025,15/07/2025,295501500.0,295501500.0,0.0
hd004407,dh011640,18/05/2025,29/05/2025,954600.0,954600.0,0.0
hd004408,dh008861,18/05/2025,26/05/2025,761600.0,761600.0,0.0
HD004409,dh005099,19/05/2025,05/08/2025,470815000.0,470815000.0,0.0
hd004410,dh004010,19/05/2025,30/05/2025,662000.0,467900.0,194100.0
hd004411,dh010572,18/05/2025,01/06/2025,1055000.0,1055000.0,0.0
hd004412,dh000895,18/05/2025,29/05/2025,841200.0,841200.0,0.0
hd004413,dh007018,20/05/2025,03/06/2025,1068200.0,1068200.0,0.0
hd004414,dh001886,21/05/2025,30/05/2025,1131300.0,1131300.0,0.0
hd004415,dh010281,22/05/2025,15/07/2025,321231200.0,321231200.0,0.0
hd004416,DH004881,20/05/2025,02/08/2025,659068800.0,537209300.0,121859500.0
hd004417,dh006366,22/05/2025,03/06/2025,4194000.0,4194000.0,0.0
hd004418,dh003931,20/05/2025,20/07/2025,678907400.0,678907400.0,0.0
hd004419,dh011616,21/05/2025,30/05/2025,9510000.0,9510000.0,0.0
hd004420,dh006591,22/05/2025,31/05/2025,6049600.0,6049600.0,0.0
hd004421,dh005665,22/05/2025,01/08/2025,153045900.0,139841600.0,13204300.0
hd004422,DH000194,22/05/2025,20/08/2025,122794900.0,89954100.0,32840800.0
hd004423,DH900008,22/05/2025,05/06/2025,7126300.0,7126300.0,0.0
hd004424,dh003633,20/05/2025,04/06/2025,3240700.0,3240700.0,0.0
hd004425,dh006610,20/05/2025,12/08/2025,320767000.0,156922200.0,163844800.0
hd004426,dh000168,22/05/2025,05/06/2025,4606500.0,4182800.0,423700.0
hd004427,dh010418,19/05/2025,27/07/2025,79199300.0,9573000.0,69626300.0
hd004428,dh001826,19/05/2025,13/07/2025,709848000.0,439301900.0,270546100.0
hd004429,dh007601,21/05/2025,24/07/2025,795851200.0,775653800.0,20197400.0
hd004430,dh000956,22/05/2025,06/06/2025,1156000.0,1156000.0,0.0
hd004431,DH008541,20/05/2025,29/05/2025,1668000.0,1521200.0,146800.0
HD004432,DH004804,23/05/2025,07/06/2025,236000.0,236000.0,0.0
hd004433,dh011355,21/05/2025,31/05/2025,4008500.0,4008500.0,0.0
hd004434,dh011963,21/05/2025,03/06/2025,1614300.0,1614300.0,0.0
hd004435,DH006878,22/05/2025,31/05/2025,4671400.0,4671400.0,0.0
hd004436,dh001190,20/05/2025,30/05/2025,8347800.0,8347800.0,0.0
hd004437,dh007702,20/05/2025,04/06/2025,2273200.0,1720700.0,552500.0
hd004438,dh000013,20/05/2025,21/07/2025,202197700.0,202197700.0,0.0
hd004439,dh007885,22/05/2025,07/08/2025,399176200.0,399176200.0,0.0
HD004440,dh002630,21/05/2025,05/08/2025,249197500.0,112010800.0,137186700.0
hd004441,DH011810,22/05/2025,31/07/2025,499408600.0,499408600.0,0.0
hd004442,,22/05/2025,19/07/2025,142196800.0,142196800.0,0.0
hd004443,DH900001,21/05/2025,18/08/2025,830759000.0,830759000.0,0.0
HD004444,dh010005,22/05/2025,09/08/2025,629034200.0,505090400.0,123943800.0
HD004445,dh011057,21/05/2025,28/05/2025,1194200.0,1194200.0,0.0
hd004446,dh003494,21/05/2025,12/07/2025,134606700.0,125826700.0,8780000.0
hd004447,dh006799,21/05/2025,14/07/2025,426192200.0,426192200.0,0.0
hd004448,dh008257,21/05/2025,30/05/2025,10150000.0,10150000.0,0.0
hd004449,dh008079,23/05/2025,07/06/2025,1511200.0,1511200.0,0.0
hd004450,dh004883,21/05/2025,29/05/2025,78000.0,78000.0,0.0
HD004451,dh001462,23/05/2025,25/07/2025,374024400.0,374024400.0,0.0
hd004452,dh006378,23/05/2025,13/07/2025,92359000.0,92359000.0,0.0
hd004453,DH900007,23/05/2025,04/06/2025,1407600.0,1407600.0,0.0
hd004454,dh009312,23/05/2025,07/06/2025,190000.0,190000.0,0.0
hd004455,,23/05/2025,19/08/2025,54703100.0,54703100.0,0.0
HD004456,dh001165,05/21/2025,04/06/2025,6567500.0,6567500.0,0.0
hd004457,dh002672,23/05/2025,16/08/2025,315835400.0,315835400.0,0.0
HD004458,dh011503,22/05/2025,30/05/2025,5161500.0,5161500.0,0.0
HD004459,dh007580,22/05/2025,04/06/2025,465000.0,465000.0,0.0
hd004460,dh007289,25/05/2025,01/08/2025,368022800.0,73022400.0,295000400.0
HD004461,dh009726,22/05/2025,03/06/2025,580200.0,145600.0,434600.0
hd004462,dh002912,22/05/2025,01/06/2025,3328700.0,3328700.0,0.0
HD004463,dh006781,23/05/2025,02/06/2025,2020000.0,2020000.0,0.0
hd004464,dh011573,23/05/2025,20/07/2025,131221100.0,131221100.0,0.0
hd004465,dh005602,22/05/2025,29/05/2025,6559300.0,4745800.0,1813500.0
hd004466,DH005417,23/05/2025,06/06/2025,4284000.0,4284000.0,0.0
hd004467,dh007945,24/05/2025,28/07/2025,238008900.0,72440400.0,165568500.0
hd004468,dh005840,23/05/2025,18/07/2025,200172500.0,125281400.0,74891100.0
HD004469,DH010991,25/05/2025,08/06/2025,2065000.0,2065000.0,0.0
hd004470,dh006168,24/05/2025,25/07/2025,384088200.0,384088200.0,0.0
hd004471,DH002965,26/05/2025,04/06/2025,182000.0,182000.0,0.0
hd004472,dh003865,2025-05-23,03/06/2025,11712000.0,11712000.0,0.0
HD004473,dh011213,26/05/2025,03/06/2025,3060000.0,3060000.0,0.0
hd004474,DH900002,24/05/2025,03/06/2025,11307600.0,11307600.0,0.0
HD004475,dh000862,26/05/2025,02/08/2025,369380800.0,369380800.0,0.0
hd004476,dh007532,26/05/2025,28/07/2025,355372200.0,355372200.0,0.0
hd004477,dh011961,24/05/2025,04/08/2025,683224400.0,577215900.0,106008500.0
hd004478,DH009783,26/05/2025,06/06/2025,1147500.0,1088900.0,58600.0
hd004479,DH007827,25/05/2025,08/06/2025,6497700.0,6497700.0,0.0
hd004480,dh011069,25/05/2025,26/07/2025,332562000.0,249704800.0,82857200.0
hd004481,dh004533,26/05/2025,03/06/2025,344000.0,344000.0,0.0
hd004482,dh001914,24/05/2025,06/06/2025,882600.0,882600.0,0.0
hd004483,dh008220,24/05/2025,31/05/2025,2070000.0,2070000.0,0.0
hd004484,DH000420,27/05/2025,25/08/2025,229453300.0,7455800.0,221997500.0
hd004485,dh000765,26/05/2025,23/07/2025,527195800.0,352335000.0,174860800.0
hd004486,DH001337,26/05/2025,02/06/2025,9821000.0,9821000.0,0.0
hd004487,dh010379,25/05/2025,2025-07-27,110509000.0,71958500.0,38550500.0
HD004488,dh011476,27/05/2025,07/06/2025,51300.0,51300.0,0.0
hd004489,dh002000,24/05/2025,2025-07-19,521851800.0,521851800.0,0.0
hd004490,dh005439,25/05/2025,08/09/2025,309009400.0,309009400.0,0.0
hd004491,dh003631,28/05/2025,12/06/2025,6339000.0,6339000.0,0.0
hd004492,dh001776,28/05/2025,11/06/2025,8930000.0,8930000.0,0.0
HD004493,dh000106,28/05/2025,29/07/2025,382730400.0,382730400.0,0.0
hd004494,dh002202,28/05/2025,04/06/2025,9186500.0,7100300.0,2086200.0
hd004495,dh000777,26/05/2025,08/08/2025,224667800.0,190747800.0,33920000.0
hd004496,dh003033,25/05/2025,22/08/2025,912890800.0,912890800.0,0.0
hd004497,dh004767,27/05/2025,21/08/2025,269714600.0,209282200.0,60432400.0
hd004498,dh000247,27/05/2025,03/06/2025,4424800.0,4424800.0,0.0
hd004499,dh007410,27/05/2025,31/07/2025,458530200.0,406517100.0,52013100.0
HD004500,dh003965,28/05/2025,07/06/2025,2023000.0,2023000.0,0.0
hd004501,dh011739,28/05/2025,22/07/2025,456655900.0,456655900.0,0.0
hd004502,dh011170,26/05/2025,25/07/2025,449054600.0,449054600.0,0.0
hd004503,dh009610,28/05/2025,21/07/2025,72313000.0,72313000.0,0.0
hd004504,,28/05/2025,16/08/2025,687315800.0,687315800.0,0.0
hd004505,dh002245,26/05/2025,21/08/2025,112178900.0,112178900.0,0.0
HD004506,dh010908,28/05/2025,04/08/2025,150524200.0,23833300.0,126690900.0
hd004507,dh002370,28/05/2025,12/08/2025,221022800.0,221022800.0,0.0
hd004508,dh007065,29/05/2025,11/08/2025,261652600.0,124231200.0,137421400.0
hd004509,dh004651,29/05/2025,11/06/2025,2381600.0,2381600.0,0.0
hd004510,dh007863,29/05/2025,24/08/2025,342274800.0,244277900.0,97996900.0
hd004511,DH900008,27/05/2025,11/07/2025,183411000.0,183411000.0,0.0
hd004512,dh011654,26/05/2025,15/07/2025,214507100.0,214507100.0,0.0
hd004513,dh003226,27/05/2025,07/06/2025,1411000.0,1411000.0,0.0
hd004514,dh002677,27/05/2025,19/08/2025,191139000.0,76243500.0,114895500.0
HD004515,dh010029,26/05/2025,15/08/2025,124704100.0,124704100.0,0.0
hd004516,dh007728,26/05/2025,06/06/2025,8419200.0,8419200.0,0.0
HD004517,dh001814,27/05/2025,21/08/2025,320172400.0,320172400.0,0.0
hd004518,dh011253,27/05/2025,07/06/2025,10514000.0,10514000.0,0.0
HD004519,DH000508,28/05/2025,08/06/2025,2773000.0,2773000.0,0.0
HD004520,dh004109,28/05/2025,14/07/2025,125215300.0,69431500.0,55783800.0
hd004521,dh000926,29/05/2025,10/08/2025,179226300.0,179226300.0,0.0
hd004522,dh009663,2025-05-28,10/06/2025,9744300.0,9744300.0,0.0
HD004523,dh009421,29/05/2025,08/24/2025,322863800.0,195524800.0,127339000.0
hd004524,dh007037,28/05/2025,07/06/2025,5468000.0,939700.0,4528300.0
HD004525,DH007424,29/05/2025,06/07/2025,1834200.0,1834200.0,0.0
hd004526,dh004842,28/05/2025,11/06/2025,4012800.0,4012800.0,0.0
HD004527,dh004106,28/05/2025,06/06/2025,1708400.0,1708400.0,0.0
hd004528,dh000164,29/05/2025,11/06/2025,41400.0,41400.0,0.0
HD004529,dh006961,27/05/2025,24/07/2025,460093800.0,241131900.0,218961900.0
hd004530,dh007740,28/05/2025,18/07/2025,572940100.0,572940100.0,0.0
hd004531,dh000325,29/05/2025,08/06/2025,3590000.0,3590000.0,0.0
hd004532,dh010889,29/05/2025,11/06/2025,1229600.0,1229600.0,0.0
HD004533,dh011788,30/05/2025,24/07/2025,706425700.0,641781000.0,64644700.0
hd004534,dh011268,29/05/2025,04/08/2025,204825500.0,204825500.0,0.0
HD004535,dh002550,30/05/2025,19/07/2025,273621600.0,51402200.0,222219400.0
hd004536,dh007071,29/05/2025,08/06/2025,2431400.0,2431400.0,0.0
hd004537,dh009498,28/05/2025,14/07/2025,66079200.0,33187700.0,32891500.0
hd004538,DH900000,27/05/2025,10/08/2025,358077100.0,239967000.0,118110100.0
hd004539,dh002094,29/05/2025,12/06/2025,8255700.0,8255700.0,0.0
hd004540,dh000125,30/05/2025,09/06/2025,7215000.0,7215000.0,0.0
hd004541,dh004446,27/05/2025,02/08/2025,162947700.0,5359600.0,157588100.0
HD004542,dh008477,28/05/2025,07/06/2025,7299300.0,7299300.0,0.0
hd004543,dh006582,28/05/2025,01/08/2025,945117200.0,75477300.0,869639900.0
hd004544,dh001205,31/05/2025,20/07/2025,287619600.0,287619600.0,0.0
hd004545,dh002180,30/05/2025,12/06/2025,1826000.0,1826000.0,0.0
hd004546,dh010751,30/05/2025,08/06/2025,1128000.0,1128000.0,0.0
HD004547,,31/05/2025,28/08/2025,264721200.0,264721200.0,0.0
hd004548,dh001642,30/05/2025,14/06/2025,6871600.0,6871600.0,0.0
hd004549,dh007677,31/05/2025,15/06/2025,898900.0,898900.0,0.0
HD004550,dh009854,30/05/2025,10/06/2025,10179000.0,3827800.0,6351200.0
hd004551,DH007107,31/05/2025,17/07/2025,135242500.0,88969100.0,46273400.0
hd004552,dh002009,28/05/2025,08/06/2025,575600.0,575600.0,0.0
hd004553,dh005071,29/05/2025,21/08/2025,260344500.0,260344500.0,0.0
hd004554,dh006295,31/05/2025,06/08/2025,9640200.0,9640200.0,0.0
hd004555,,28/05/2025,07/06/2025,2973000.0,2973000.0,0.0
hd004556,dh007762,30/05/2025,05/08/2025,100040000.0,24746900.0,75293100.0
HD004557,DH900005,30/05/2025,08/06/2025,7132500.0,7132500.0,0.0
hd004558,dh003670,31/05/2025,26/08/2025,158203000.0,97628700.0,60574300.0
hd004559,,29/05/2025,27/08/2025,327989200.0,263464500.0,64524700.0
hd004560,dh007045,31/05/2025,12/06/2025,2232800.0,2232800.0,0.0
HD004561,DH007966,31/05/2025,08/06/2025,1276200.0,1276200.0,0.0
hd004562,DH006853,01/06/2025,18/08/2025,413680600.0,413680600.0,0.0
hd004563,dh005591,01/06/2025,01/08/2025,220076000.0,220076000.0,0.0
hd004564,dh002825,01/06/2025,08/06/2025,940000.0,940000.0,0.0
hd004565,dh004594,29/05/2025,13/06/2025,2806800.0,2806800.0,0.0
hd004566,dh011620,01/06/2025,16/06/2025,2393400.0,2393400.0,0.0
HD004567,dh005332,2025-05-30,04/08/2025,137037000.0,137037000.0,0.0
hd004568,dh004459,29/05/2025,23/08/2025,613362700.0,613362700.0,0.0
hd004569,dh003364,30/05/2025,10/06/2025,1461600.0,1461600.0,0.0
HD004570,dh008760,01/06/2025,14/06/2025,4073800.0,4073800.0,0.0
hd004571,dh003037,29/05/2025,21/07/2025,351981100.0,168997000.0,182984100.0
hd004572,dh002827,01/06/2025,09/06/2025,2565000.0,2565000.0,0.0
hd004573,dh011903,30/05/2025,09/06/2025,15412500.0,9563500.0,5849000.0
hd004574,dh005123,31/05/2025,08/08/2025,321943600.0,33196800.0,288746800.0
HD004575,,29/05/2025,06/06/2025,3369000.0,3369000.0,0.0
hd004576,dh005035,01/06/2025,08/23/2025,305419900.0,305419900.0,0.0
HD004577,dh010364,30/05/2025,06/07/2025,377800.0,377800.0,0.0
HD004578,dh008661,01/06/2025,23/08/2025,369862500.0,369862500.0,0.0
hd004579,dh009620,30/05/2025,23/07/2025,730891800.0,113906900.0,616984900.0
HD004580,dh008377,02/06/2025,17/06/2025,2895000.0,2895000.0,0.0
hd004581,dh003322,02/06/2025,17/07/2025,486844200.0,486844200.0,0.0
hd004582,dh005210,02/06/2025,31/07/2025,356910600.0,26240100.0,330670500.0
HD004583,,2025-06-02,13/06/2025,12853600.0,12853600.0,0.0
hd004584,,30/05/2025,31/07/2025,1125331400.0,649412400.0,475919000.0
hd004585,dh010472,02/06/2025,09/06/2025,2663200.0,2663200.0,0.0
hd004586,dh000363,02/06/2025,01/08/2025,80645500.0,38006900.0,42638600.0
hd004587,DH003640,01/06/2025,10/06/2025,311600.0,311600.0,0.0
HD004588,,30/05/2025,12/08/2025,483330800.0,184782200.0,298548600.0
HD004589,dh004568,31/05/2025,10/06/2025,5748000.0,5748000.0,0.0
hd004590,dh002200,30/05/2025,12/06/2025,448400.0,448400.0,0.0
hd004591,dh010102,30/05/2025,06/13/2025,1012500.0,1012500.0,0.0
hd004592,dh002413,02/06/2025,28/07/2025,450815600.0,97477000.0,353338600.0
HD004593,dh007399,30/05/2025,10/06/2025,2376000.0,2376000.0,0.0
hd004594,dh007364,31/05/2025,08/06/2025,2611400.0,2611400.0,0.0
hd004595,dh007401,03/06/2025,17/06/2025,13872600.0,13872600.0,0.0
HD004596,dh006329,01/06/2025,09/06/2025,6810000.0,6810000.0,0.0
hd004597,dh009486,03/06/2025,27/07/2025,462733200.0,462733200.0,0.0
hd004598,dh006379,03/06/2025,13/06/2025,3804400.0,3804400.0,0.0
hd004599,DH007408,02/06/2025,05/08/2025,45375000.0,45375000.0,0.0
hd004600,DH900000,01/06/2025,11/08/2025,722057700.0,722057700.0,0.0
hd004601,dh011123,01/06/2025,12/06/2025,2448000.0,2448000.0,0.0
hd004602,dh001137,02/06/2025,13/06/2025,1545400.0,1545400.0,0.0
hd004603,dh001361,02/06/2025,01/08/2025,24190800.0,24190800.0,0.0
hd004604,dh008630,31/05/2025,14/06/2025,1757700.0,1757700.0,0.0
hd004605,dh003059,31/05/2025,25/07/2025,687426400.0,135135300.0,552291100.0
HD004606,dh008618,03/06/2025,17/06/2025,675000.0,675000.0,0.0
hd004607,DH009878,01/06/2025,14/06/2025,212800.0,163500.0,49300.0
hd004608,DH900004,03/06/2025,12/06/2025,2165000.0,2165000.0,0.0
hd004609,dh004443,04/06/2025,19/07/2025,250848300.0,43796000.0,207052300.0
hd004610,dh009374,01/06/2025,21/07/2025,65812800.0,52223400.0,13589400.0
hd004611,dh006394,01/06/2025,24/08/2025,56152000.0,7915900.0,48236100.0
hd004612,dh008561,01/06/2025,28/08/2025,198168500.0,198168500.0,0.0
hd004613,dh004050,02/06/2025,10/06/2025,1648900.0,1648900.0,0.0
hd004614,dh009389,01/06/2025,12/06/2025,1805500.0,1805500.0,0.0
hd004615,dh007006,01/06/2025,20/08/2025,134421200.0,7285300.0,127135900.0
hd004616,DH010683,01/06/2025,08/08/2025,637507500.0,417211700.0,220295800.0
hd004617,DH000253,04/06/2025,19/06/2025,1961000.0,1961000.0,0.0
hd004618,DH009712,03/06/2025,14/06/2025,2385600.0,2385600.0,0.0
HD004619,dh003389,01/06/2025,04/08/2025,229094000.0,108300300.0,120793700.0
hd004620,dh006987,01/06/2025,14/06/2025,3084400.0,2720600.0,363800.0
hd004621,dh001772,02/06/2025,11/06/2025,6738000.0,6738000.0,0.0
hd004622,dh003544,04/06/2025,11/06/2025,1144000.0,1144000.0,0.0
hd004623,dh005771,03/06/2025,30/08/2025,327235000.0,327235000.0,0.0
hd004624,dh011937,04/06/2025,16/06/2025,2944700.0,2944700.0,0.0
hd004625,dh003733,03/06/2025,30/07/2025,596870800.0,143022500.0,453848300.0
HD004626,dh005462,04/06/2025,19/06/2025,2583200.0,2583200.0,0.0
hd004627,dh009408,04/06/2025,29/07/2025,389828800.0,236515200.0,153313600.0
hd004628,dh005317,02/06/2025,22/07/2025,585566000.0,585566000.0,0.0
hd004629,dh002961,05/06/2025,20/06/2025,384000.0,384000.0,0.0
HD004630,dh000898,02/06/2025,09/06/2025,2557500.0,2557500.0,0.0
HD004631,dh004194,04/06/2025,29/07/2025,301334200.0,295582100.0,5752100.0
hd004632,,04/06/2025,11/06/2025,371200.0,371200.0,0.0
HD004633,dh003205,02/06/2025,01/08/2025,252032000.0,45556000.0,206476000.0
hd004634,dh000715,03/06/2025,17/06/2025,10854800.0,10854800.0,0.0
hd004635,dh004905,2025-06-04,07/08/2025,447909800.0,447909800.0,0.0
hd004636,dh006928,2025-06-05,12/06/2025,23000.0,23000.0,0.0
hd004637,dh008391,02/06/2025,13/08/2025,289417700.0,49558500.0,239859200.0
hd004638,dh004780,06/02/2025,14/06/2025,3007600.0,3007600.0,0.0
hd004639,dh001537,03/06/2025,10/06/2025,2280000.0,2280000.0,0.0
hd004640,dh003460,03/06/2025,24/08/2025,123619300.0,94767300.0,28852000.0
hd004641,dh005724,04/06/2025,11/06/2025,5543000.0,5543000.0,0.0
hd004642,dh009808,03/06/2025,19/08/2025,744560200.0,744560200.0,0.0
hd004643,dh006764,04/06/2025,21/08/2025,544507300.0,544507300.0,0.0
HD004644,dh003116,03/06/2025,10/06/2025,2690100.0,2690100.0,0.0
hd004645,dh007998,03/06/2025,10/06/2025,2386400.0,2386400.0,0.0
HD004646,dh010127,05/06/2025,16/06/2025,1446000.0,1446000.0,0.0
hd004647,dh010567,04/06/2025,13/06/2025,3601000.0,2807800.0,793200.0
hd004648,dh010484,03/06/2025,2025-07-29,117184000.0,25803600.0,91380400.0
HD004649,dh003591,06/06/2025,15/06/2025,11289400.0,11289400.0,0.0
hd004650,dh008192,03/06/2025,10/06/2025,1374000.0,1374000.0,0.0
hd004651,dh010201,04/06/2025,12/06/2025,6114400.0,6114400.0,0.0
hd004652,dh008330,07/06/2025,20/06/2025,776000.0,776000.0,0.0
hd004653,dh000809,05/06/2025,15/06/2025,4890000.0,46000.0,4844000.0
hd004654,dh004362,05/06/2025,19/06/2025,336000.0,336000.0,0.0
hd004655,dh010983,07/06/2025,02/08/2025,357352500.0,71647500.0,285705000.0
hd004656,dh002077,07/06/2025,04/09/2025,198933600.0,37620000.0,161313600.0
hd004657,dh001416,2025-06-06,18/06/2025,2704400.0,2704400.0,0.0
hd004658,dh006756,05/06/2025,16/06/2025,1544400.0,1544400.0,0.0
hd004659,dh010430,06/06/2025,18/06/2025,1665000.0,1665000.0,0.0
HD004660,dh002230,06/06/2025,30/08/2025,202910000.0,186824400.0,16085600.0
hd004661,dh002779,07/06/2025,14/06/2025,78000.0,78000.0,0.0
hd004662,dh005820,07/06/2025,25/08/2025,605835200.0,605835200.0,0.0
hd004663,dh003471,04/06/2025,16/08/2025,230972700.0,210650800.0,20321900.0
hd004664,dh004087,07/06/2025,22/06/2025,14468000.0,9997400.0,4470600.0
hd004665,dh003070,07/06/2025,12/08/2025,235875600.0,12674200.0,223201400.0
hd004666,DH002378,05/06/2025,07/28/2025,230180000.0,230180000.0,0.0
HD004667,dh000824,05/06/2025,12/06/2025,1007000.0,760200.0,246800.0
hd004668,dh007790,07/06/2025,23/07/2025,358916600.0,358916600.0,0.0
HD004669,DH002115,05/06/2025,15/06/2025,1850100.0,1850100.0,0.0
HD004670,dh007865,06/06/2025,17/06/2025,3772000.0,3772000.0,0.0
hd004671,dh011867,05/06/2025,16/06/2025,1168000.0,395000.0,773000.0
hd004672,dh004137,06/08/2025,18/06/2025,9309600.0,9309600.0,0.0
hd004673,dh002161,07/06/2025,03/09/2025,294049000.0,294049000.0,0.0
hd004674,dh008410,06/06/2025,21/06/2025,1118700.0,1118700.0,0.0
hd004675,dh010940,05/06/2025,31/07/2025,548961300.0,548961300.0,0.0
hd004676,dh007036,05/06/2025,09/08/2025,271118100.0,95415500.0,175702600.0
hd004677,dh003122,06/06/2025,19/06/2025,11176800.0,8512900.0,2663900.0
hd004678,dh002566,08/06/2025,17/06/2025,112500.0,112500.0,0.0
hd004679,dh010520,06/06/2025,31/08/2025,81208600.0,38960300.0,42248300.0
hd004680,dh009480,08/06/2025,05/08/2025,199192000.0,139846100.0,59345900.0
hd004681,dh003727,05/06/2025,15/06/2025,3153000.0,1213100.0,1939900.0
hd004682,dh002121,08/06/2025,17/08/2025,638388100.0,449273800.0,189114300.0
hd004683,dh006251,08/06/2025,23/08/2025,500113000.0,500113000.0,0.0
hd004684,dh000770,09/06/2025,21/08/2025,335798400.0,223592200.0,112206200.0
hd004685,,07/06/2025,31/08/2025,1003159600.0,1003159600.0,0.0
hd004686,dh007017,09/06/2025,21/06/2025,2056000.0,234500.0,1821500.0
hd004687,dh008108,2025-06-07,04/09/2025,424367400.0,424367400.0,0.0
HD004688,dh002260,09/06/2025,17/06/2025,2885400.0,2885400.0,0.0
hd004689,dh005066,07/06/2025,03/08/2025,367584900.0,367584900.0,0.0
hd004690,dh009104,07/06/2025,29/08/2025,446293200.0,154129800.0,292163400.0
hd004691,DH006606,08/06/2025,2025-06-20,61200.0,61200.0,0.0
hd004692,dh007835,09/06/2025,08/18/2025,384472800.0,75995600.0,308477200.0
hd004693,dh005483,09/06/2025,11/08/2025,757969200.0,757969200.0,0.0
hd004694,dh006535,08/06/2025,29/08/2025,442718400.0,442718400.0,0.0
hd004695,dh003576,08/06/2025,11/08/2025,73155200.0,73155200.0,0.0
hd004696,dh004675,08/06/2025,20/06/2025,27000.0,27000.0,0.0
hd004697,DH005416,07/06/2025,16/06/2025,14373900.0,14373900.0,0.0
HD004698,dh011728,09/06/2025,09/08/2025,445953200.0,445953200.0,0.0
hd004699,dh003467,07/06/2025,21/06/2025,11134000.0,11134000.0,0.0
hd004700,dh011607,08/06/2025,2025-06-18,1785000.0,1785000.0,0.0
hd004701,dh004482,07/06/2025,29/08/2025,167605000.0,167605000.0,0.0
HD004702,dh010817,09/06/2025,02/09/2025,246675600.0,179317300.0,67358300.0
hd004703,dh010914,07/06/2025,22/08/2025,98219900.0,98219900.0,0.0
hd004704,,09/06/2025,27/07/2025,59190200.0,59190200.0,0.0
hd004705,dh011988,09/06/2025,30/08/2025,380351000.0,380351000.0,0.0
hd004706,dh004208,07/06/2025,2025-08-17,174641600.0,137391600.0,37250000.0
hd004707,dh003495,10/06/2025,28/07/2025,334502600.0,334502600.0,0.0
hd004708,,08/06/2025,17/06/2025,5232600.0,5232600.0,0.0
hd004709,DH900000,08/06/2025,26/08/2025,463621400.0,17766300.0,445855100.0
HD004710,dh004112,10/06/2025,17/06/2025,2140000.0,2140000.0,0.0
HD004711,dh000119,07/06/2025,09/02/2025,126130800.0,126130800.0,0.0
hd004712,dh002279,09/06/2025,31/07/2025,321738000.0,321738000.0,0.0
HD004713,dh000940,10/06/2025,20/06/2025,12875000.0,12875000.0,0.0
hd004714,DH005357,07/06/2025,15/06/2025,7272000.0,7272000.0,0.0
hd004715,DH900000,07/06/2025,02/09/2025,173645600.0,136137600.0,37508000.0
hd004716,dh001686,09/06/2025,08/08/2025,272101300.0,40476300.0,231625000.0
hd004717,dh006435,09/06/2025,04/09/2025,615195600.0,615195600.0,0.0
hd004718,dh004966,07/06/2025,19/06/2025,3781800.0,3781800.0,0.0
HD004719,dh002491,09/06/2025,31/07/2025,248013400.0,91283300.0,156730100.0
hd004720,dh011198,08/06/2025,21/08/2025,285714000.0,285714000.0,0.0
hd004721,dh010974,10/06/2025,18/08/2025,654338600.0,654338600.0,0.0
hd004722,dh011041,09/06/2025,31/07/2025,336650800.0,306358200.0,30292600.0
hd004723,DH900000,11/06/2025,27/08/2025,255321400.0,255321400.0,0.0
hd004724,dh000555,2025-06-10,16/08/2025,788436000.0,276589600.0,511846400.0
hd004725,dh005168,10/06/2025,23/06/2025,1327900.0,1327900.0,0.0
hd004726,DH010429,08/06/2025,24/08/2025,88730200.0,61351200.0,27379000.0
HD004727,dh007396,11/06/2025,14/08/2025,823473200.0,448215700.0,375257500.0
hd004728,dh001591,08/06/2025,03/08/2025,113018600.0,113018600.0,0.0
hd004729,dh011161,11/06/2025,20/06/2025,810000.0,810000.0,0.0
hd004730,DH900001,10/06/2025,2025-06-19,2152100.0,2152100.0,0.0
hd004731,dh000642,08/06/2025,21/06/2025,300000.0,184000.0,116000.0
hd004732,dh007548,08/06/2025,27/08/2025,325850400.0,114032700.0,211817700.0
hd004733,dh007831,11/06/2025,23/06/2025,11145600.0,11145600.0,0.0
HD004734,dh011379,11/06/2025,23/06/2025,15892000.0,15892000.0,0.0
hd004735,dh008067,08/06/2025,11/08/2025,352499400.0,106104800.0,246394600.0
hd004736,dh010801,2025-06-08,19/06/2025,1071000.0,64500.0,1006500.0
hd004737,dh002972,10/06/2025,23/06/2025,2601000.0,2601000.0,0.0
HD004738,dh005388,09/06/2025,30/08/2025,283442000.0,76779100.0,206662900.0
hd004739,dh010876,09/06/2025,22/06/2025,3520300.0,3520300.0,0.0
hd004740,dh008329,10/06/2025,23/06/2025,2084200.0,1294600.0,789600.0
hd004741,dh004247,09/06/2025,13/08/2025,227425100.0,227425100.0,0.0
hd004742,dh011668,10/06/2025,25/06/2025,2835100.0,2835100.0,0.0
hd004743,DH010339,11/06/2025,30/07/2025,316774800.0,131076700.0,185698100.0
HD004744,dh009648,10/06/2025,08/09/2025,289553100.0,36319600.0,253233500.0
hd004745,dh001178,12/06/2025,12/08/2025,332524800.0,332524800.0,0.0
hd004746,dh009132,09/06/2025,25/08/2025,499142900.0,432874400.0,66268500.0
hd004747,dh006184,10/06/2025,2025-06-21,1185000.0,1185000.0,0.0
hd004748,dh001517,10/06/2025,25/06/2025,1623000.0,1623000.0,0.0
HD004749,dh011674,09/06/2025,21/06/2025,3847200.0,3847200.0,0.0
hd004750,dh005804,10/06/2025,20/08/2025,612901200.0,612901200.0,0.0
hd004751,DH010141,11/06/2025,01/08/2025,101472800.0,94763100.0,6709700.0
hd004752,,09/06/2025,25/08/2025,446018400.0,446018400.0,0.0
hd004753,dh004631,12/06/2025,22/06/2025,1312400.0,1312400.0,0.0
hd004754,dh003508,11/06/2025,26/06/2025,4439800.0,1427000.0,3012800.0
hd004755,dh000800,13/06/2025,26/06/2025,10238200.0,10238200.0,0.0
hd004756,dh003953,10/06/2025,06/08/2025,493468800.0,281714100.0,211754700.0
hd004757,dh006492,13/06/2025,27/06/2025,10924000.0,10226300.0,697700.0
hd004758,dh001602,12/06/2025,01/08/2025,584953200.0,584953200.0,0.0
hd004759,DH900009,13/06/2025,19/08/2025,156674000.0,156674000.0,0.0
hd004760,dh005447,12/06/2025,25/06/2025,3163200.0,3163200.0,0.0
hd004761,dh011950,12/06/2025,04/08/2025,615665900.0,569177000.0,46488900.0
hd004762,dh007497,13/06/2025,11/08/2025,64462500.0,52163800.0,12298700.0
hd004763,DH900006,12/06/2025,02/09/2025,34213400.0,32574400.0,1639000.0
hd004764,dh011888,13/06/2025,22/06/2025,10929600.0,3593200.0,7336400.0
hd004765,dh004507,13/06/2025,03/09/2025,379251800.0,379251800.0,0.0
HD004766,DH009292,10/06/2025,29/07/2025,642969900.0,202316900.0,440653000.0
hd004767,dh004797,06/11/2025,01/08/2025,155447000.0,155447000.0,0.0
hd004768,DH004216,11/06/2025,12/08/2025,35772800.0,35772800.0,0.0
hd004769,dh004501,12/06/2025,19/08/2025,280930400.0,280930400.0,0.0
hd004770,dh011762,14/06/2025,27/06/2025,5951800.0,5951800.0,0.0
hd004771,dh000130,12/06/2025,29/08/2025,131039700.0,14600000.0,116439700.0
hd004772,dh011338,13/06/2025,19/08/2025,155033800.0,155033800.0,0.0
HD004773,,11/06/2025,22/08/2025,239639700.0,239639700.0,0.0
hd004774,,12/06/2025,01/09/2025,441339400.0,441339400.0,0.0
hd004775,dh000922,14/06/2025,25/06/2025,10900500.0,10900500.0,0.0
hd004776,dh009980,12/06/2025,30/07/2025,247691000.0,136572900.0,111118100.0
hd004777,,2025-06-13,28/06/2025,304000.0,304000.0,0.0
hd004778,dh005390,12/06/2025,26/06/2025,468000.0,468000.0,0.0
hd004779,dh007915,13/06/2025,27/08/2025,722559000.0,706381400.0,16177600.0
hd004780,dh003734,13/06/2025,07/09/2025,320759000.0,200390800.0,120368200.0
HD004781,dh000714,13/06/2025,22/06/2025,1328000.0,1328000.0,0.0
HD004782,dh011222,15/06/2025,30/06/2025,1086800.0,1086800.0,0.0
hd004783,dh009687,12/06/2025,21/06/2025,1704000.0,1704000.0,0.0
HD004784,dh011936,14/06/2025,29/06/2025,1686400.0,464100.0,1222300.0
HD004785,dh010249,13/06/2025,03/08/2025,132236600.0,3880800.0,128355800.0
hd004786,dh002533,12/06/2025,01/09/2025,90924200.0,20978300.0,69945900.0
hd004787,dh000820,12/06/2025,23/06/2025,6285600.0,6285600.0,0.0
HD004788,dh000785,13/06/2025,01/08/2025,624885200.0,624885200.0,0.0
hd004789,dh007440,06/15/2025,25/06/2025,597400.0,391800.0,205600.0
HD004790,dh000981,13/06/2025,06/08/2025,442201400.0,180775500.0,261425900.0
hd004791,dh003872,12/06/2025,31/07/2025,240205800.0,130027400.0,110178400.0
hd004792,dh002164,14/06/2025,23/06/2025,1398500.0,1398500.0,0.0
HD004793,dh009971,15/06/2025,06/09/2025,352506400.0,60593600.0,291912800.0
hd004794,dh005309,16/06/2025,2025-06-23,1329000.0,1329000.0,0.0
hd004795,DH010824,14/06/2025,25/06/2025,3391000.0,3391000.0,0.0
HD004796,dh004965,06/13/2025,22/06/2025,5344300.0,4611800.0,732500.0
hd004797,,13/06/2025,02/09/2025,778960800.0,778960800.0,0.0
hd004798,dh001895,13/06/2025,11/09/2025,524392000.0,325563800.0,198828200.0
HD004799,dh011457,14/06/2025,2025-08-14,107702900.0,72373200.0,35329700.0
HD004800,dh009297,15/06/2025,31/08/2025,222657200.0,194424300.0,28232900.0
HD004801,dh010880,14/06/2025,24/06/2025,7707700.0,7707700.0,0.0
hd004802,DH006904,13/06/2025,25/06/2025,2248000.0,2248000.0,0.0
hd004803,dh006003,15/06/2025,29/08/2025,442408000.0,338487800.0,103920200.0
hd004804,,15/06/2025,26/06/2025,3515200.0,3515200.0,0.0
hd004805,dh006134,14/06/2025,23/08/2025,121189500.0,28465900.0,92723600.0
hd004806,DH900007,16/06/2025,30/06/2025,1147500.0,1147500.0,0.0
HD004807,dh005908,16/06/2025,11/09/2025,334914500.0,43660600.0,291253900.0
HD004808,dh002951,17/06/2025,09/08/2025,269407200.0,269407200.0,0.0
hd004809,dh008811,15/06/2025,30/06/2025,1310400.0,1310400.0,0.0
hd004810,dh005803,15/06/2025,07/08/2025,218607200.0,218607200.0,0.0
hd004811,dh005136,14/06/2025,23/08/2025,299218600.0,299218600.0,0.0
HD004812,dh005165,17/06/2025,29/06/2025,15277500.0,15277500.0,0.0
hd004813,dh003699,16/06/2025,03/08/2025,176766000.0,176766000.0,0.0
hd004814,dh000997,15/06/2025,13/08/2025,286106800.0,32880300.0,253226500.0
HD004815,dh000149,15/06/2025,26/06/2025,2650000.0,2650000.0,0.0
HD004816,dh011290,17/06/2025,05/08/2025,202567800.0,46986100.0,155581700.0
hd004817,dh000609,14/06/2025,2025-08-10,137097600.0,106136000.0,30961600.0
HD004818,dh006746,16/06/2025,14/08/2025,548248800.0,470080600.0,78168200.0
hd004819,dh002166,14/06/2025,25/06/2025,2111500.0,2111500.0,0.0
hd004820,dh003188,17/06/2025,24/06/2025,531000.0,531000.0,0.0
hd004821,dh001269,16/06/2025,26/06/2025,738800.0,738800.0,0.0
hd004822,dh006539,18/06/2025,02/09/2025,379209600.0,247652100.0,131557500.0
hd004823,dh011995,17/06/2025,30/06/2025,4037800.0,4037800.0,0.0
hd004824,DH006287,18/06/2025,26/06/2025,46000.0,46000.0,0.0
hd004825,dh000679,17/06/2025,2025-06-26,2536000.0,1818800.0,717200.0
hd004826,dh010731,17/06/2025,16/08/2025,339311800.0,264940600.0,74371200.0
hd004827,dh001682,16/06/2025,17/08/2025,152898600.0,152898600.0,0.0
hd004828,DH002076,16/06/2025,01/07/2025,9236500.0,9236500.0,0.0
hd004829,dh009711,15/06/2025,27/06/2025,7119600.0,7119600.0,0.0
hd004830,dh010017,18/06/2025,26/06/2025,6083000.0,6083000.0,0.0
hd004831,dh010551,16/06/2025,26/06/2025,2896200.0,2896200.0,0.0
hd004832,dh007585,18/06/2025,01/09/2025,201323100.0,201323100.0,0.0
HD004833,dh003759,18/06/2025,30/06/2025,595000.0,595000.0,0.0
HD004834,dh008497,16/06/2025,29/06/2025,5275000.0,5275000.0,0.0
hd004835,dh008193,16/06/2025,30/06/2025,3923200.0,3923200.0,0.0
hd004836,dh000175,15/06/2025,31/08/2025,665506600.0,563676200.0,101830400.0
HD004837,dh009772,18/06/2025,01/07/2025,2239600.0,2239600.0,0.0
hd004838,dh003486,19/06/2025,21/08/2025,543154200.0,543154200.0,0.0
HD004839,dh010959,19/06/2025,21/08/2025,149985100.0,149985100.0,0.0
hd004840,dh001250,17/06/2025,08/13/2025,225230900.0,155235800.0,69995100.0
hd004841,DH006319,19/06/2025,07/08/2025,112399700.0,75665800.0,36733900.0
hd004842,dh005238,19/06/2025,06/09/2025,157682700.0,157682700.0,0.0
hd004843,dh009250,16/06/2025,24/06/2025,3936200.0,3936200.0,0.0
hd004844,dh007487,18/06/2025,14/09/2025,162421800.0,111905200.0,50516600.0
hd004845,DH010100,19/06/2025,11/09/2025,242291300.0,242291300.0,0.0
hd004846,dh010584,19/06/2025,11/09/2025,111475800.0,34078500.0,77397300.0
hd004847,dh011109,19/06/2025,02/07/2025,605400.0,605400.0,0.0
hd004848,dh004334,18/06/2025,08/15/2025,70879600.0,70879600.0,0.0
hd004849,dh000582,16/06/2025,03/08/2025,578509200.0,394240600.0,184268600.0
hd004850,dh002614,19/06/2025,22/08/2025,575031400.0,397765200.0,177266200.0
HD004851,dh000375,16/06/2025,12/09/2025,377526600.0,195500.0,377331100.0
HD004852,dh002765,20/06/2025,27/06/2025,5049400.0,5049400.0,0.0
hd004853,dh005299,19/06/2025,03/07/2025,1506500.0,1506500.0,0.0
hd004854,dh002316,20/06/2025,04/09/2025,276378300.0,276378300.0,0.0
hd004855,,18/06/2025,18/08/2025,198249900.0,77648300.0,120601600.0
hd004856,dh009882,20/06/2025,15/08/2025,26350800.0,8885800.0,17465000.0
HD004857,dh008038,19/06/2025,21/08/2025,262105600.0,262105600.0,0.0
hd004858,dh009234,20/06/2025,21/08/2025,278963400.0,278963400.0,0.0
hd004859,dh009678,18/06/2025,03/07/2025,2098400.0,2098400.0,0.0
hd004860,dh009873,20/06/2025,28/06/2025,5752000.0,5752000.0,0.0
hd004861,dh003271,20/06/2025,03/07/2025,224000.0,224000.0,0.0
hd004862,dh001175,17/06/2025,25/06/2025,129200.0,129200.0,0.0
HD004863,dh004817,17/06/2025,02/07/2025,612000.0,612000.0,0.0
HD004864,DH011424,19/06/2025,27/06/2025,2178000.0,2178000.0,0.0
hd004865,dh009841,20/06/2025,01/07/2025,4630500.0,4630500.0,0.0
hd004866,dh009078,18/06/2025,08/28/2025,173858800.0,164403100.0,9455700.0
hd004867,dh008885,19/06/2025,19/08/2025,212986400.0,84330100.0,128656300.0
hd004868,dh009246,19/06/2025,02/07/2025,3655400.0,3655400.0,0.0
hd004869,dh006093,18/06/2025,10/08/2025,141908000.0,141908000.0,0.0
hd004870,dh000257,18/06/2025,10/09/2025,440884400.0,86811200.0,354073200.0
hd004871,,19/06/2025,29/06/2025,2449700.0,2449700.0,0.0
hd004872,dh002147,17/06/2025,28/06/2025,2941200.0,2941200.0,0.0
hd004873,dh002950,20/06/2025,01/07/2025,9742500.0,9742500.0,0.0
hd004874,dh006275,19/06/2025,10/09/2025,134124300.0,134124300.0,0.0
hd004875,dh000285,19/06/2025,15/08/2025,271299900.0,271299900.0,0.0
hd004876,dh010015,21/06/2025,02/07/2025,909000.0,859900.0,49100.0
hd004877,,19/06/2025,15/08/2025,436360400.0,345790400.0,90570000.0
hd004878,dh011336,19/06/2025,26/06/2025,2027700.0,2027700.0,0.0
hd004879,dh003254,18/06/2025,19/08/2025,508035800.0,120462600.0,387573200.0
hd004880,DH001670,20/06/2025,02/09/2025,388001400.0,388001400.0,0.0
hd004881,dh007949,19/06/2025,14/08/2025,702172200.0,702172200.0,0.0
HD004882,dh000746,18/06/2025,25/06/2025,465800.0,465800.0,0.0
hd004883,dh002237,18/06/2025,26/06/2025,228000.0,228000.0,0.0
hd004884,dh006783,19/06/2025,12/09/2025,446962400.0,446962400.0,0.0
hd004885,dh008557,20/06/2025,19/08/2025,183660700.0,183660700.0,0.0
HD004886,dh001768,18/06/2025,09/09/2025,465091500.0,436086700.0,29004800.0
HD004887,dh000654,21/06/2025,02/09/2025,375267000.0,262938400.0,112328600.0
hd004888,dh005486,21/06/2025,24/08/2025,260706000.0,51296500.0,209409500.0
HD004889,dh003081,18/06/2025,26/06/2025,33000.0,33000.0,0.0
hd004890,DH005530,20/06/2025,27/06/2025,4002000.0,4002000.0,0.0
hd004891,dh006504,22/06/2025,02/07/2025,724200.0,724200.0,0.0
HD004892,dh003647,19/06/2025,15/08/2025,110544200.0,48842200.0,61702000.0
HD004893,dh004266,22/06/2025,08/31/2025,393988400.0,393988400.0,0.0
hd004894,dh004006,20/06/2025,30/08/2025,225746000.0,164449700.0,61296300.0
hd004895,dh003180,21/06/2025,01/07/2025,8992000.0,5977300.0,3014700.0
hd004896,,21/06/2025,07/02/2025,588000.0,588000.0,0.0
hd004897,dh000896,20/06/2025,28/06/2025,562900.0,562900.0,0.0
hd004898,DH900003,21/06/2025,02/07/2025,5732300.0,5732300.0,0.0
hd004899,dh008239,21/06/2025,01/09/2025,53178800.0,8408400.0,44770400.0
hd004900,dh008908,19/06/2025,04/07/2025,771100.0,771100.0,0.0
hd004901,DH006402,20/06/2025,02/07/2025,538000.0,538000.0,0.0
hd004902,dh003569,21/06/2025,04/07/2025,2855600.0,2855600.0,0.0
HD004903,dh000368,21/06/2025,06/07/2025,8945000.0,8945000.0,0.0
HD004904,dh011571,22/06/2025,03/07/2025,1547600.0,1547600.0,0.0
hd004905,dh000255,22/06/2025,03/07/2025,759400.0,759400.0,0.0
HD004906,dh010569,20/06/2025,15/09/2025,510312200.0,510312200.0,0.0
HD004907,dh011473,20/06/2025,04/07/2025,15854000.0,15854000.0,0.0
hd004908,dh001860,22/06/2025,04/07/2025,366700.0,366700.0,0.0
HD004909,dh010636,22/06/2025,05/07/2025,3319200.0,3319200.0,0.0
HD004910,dh009825,20/06/2025,05/08/2025,591956000.0,591956000.0,0.0
HD004911,dh011996,20/06/2025,11/08/2025,191674300.0,191674300.0,0.0
hd004912,DH003361,20/06/2025,01/07/2025,1265000.0,1265000.0,0.0
hd004913,dh002726,21/06/2025,29/06/2025,332500.0,168600.0,163900.0
hd004914,dh011513,20/06/2025,01/07/2025,9456300.0,9456300.0,0.0
hd004915,dh001615,23/06/2025,15/09/2025,91046400.0,91046400.0,0.0
HD004916,dh004621,21/06/2025,03/07/2025,2598200.0,2598200.0,0.0
hd004917,dh009890,20/06/2025,06/08/2025,224436000.0,175590500.0,48845500.0
hd004918,dh003814,22/06/2025,15/08/2025,753373900.0,348508100.0,404865800.0
hd004919,dh009417,23/06/2025,03/07/2025,1042700.0,1042700.0,0.0
hd004920,DH006190,23/06/2025,14/08/2025,159871800.0,159871800.0,0.0
hd004921,dh010348,22/06/2025,05/07/2025,537200.0,537200.0,0.0
hd004922,dh004233,20/06/2025,05/07/2025,2261100.0,2261100.0,0.0
hd004923,dh007673,23/06/2025,05/07/2025,238000.0,238000.0,0.0
hd004924,DH001850,22/06/2025,15/09/2025,379419600.0,195077500.0,184342100.0
hd004925,dh010858,22/06/2025,30/06/2025,960000.0,685100.0,274900.0
hd004926,dh009641,23/06/2025,04/07/2025,7898000.0,7898000.0,0.0
hd004927,,22/06/2025,08/09/2025,250459700.0,119022600.0,131437100.0
hd004928,dh008043,22/06/2025,07/07/2025,165800.0,14600.0,151200.0
HD004929,DH005068,22/06/2025,11/09/2025,51245000.0,18051400.0,33193600.0
hd004930,dh010482,22/06/2025,09/08/2025,320663000.0,124718000.0,195945000.0
hd004931,dh009851,23/06/2025,07/07/2025,339400.0,284100.0,55300.0
HD004932,dh006776,23/06/2025,05/07/2025,10762000.0,10762000.0,0.0
hd004933,dh007736,23/06/2025,21/09/2025,684452600.0,684452600.0,0.0
hd004934,DH900007,24/06/2025,03/07/2025,4824000.0,936600.0,3887400.0
hd004935,dh004939,24/06/2025,05/07/2025,270000.0,270000.0,0.0
hd004936,dh005780,22/06/2025,28/08/2025,365310700.0,231907100.0,133403600.0
hd004937,dh008064,25/06/2025,08/07/2025,1426000.0,1426000.0,0.0
HD004938,dh006405,24/06/2025,03/09/2025,172080600.0,172080600.0,0.0
hd004939,dh003809,22/06/2025,04/07/2025,1338200.0,1338200.0,0.0
hd004940,dh011422,22/06/2025,22/08/2025,293915100.0,197583200.0,96331900.0
hd004941,,23/06/2025,04/07/2025,891000.0,891000.0,0.0
hd004942,dh009599,23/06/2025,09/09/2025,265876400.0,265876400.0,0.0
hd004943,dh006758,23/06/2025,16/09/2025,327653600.0,207588500.0,120065100.0
HD004944,dh008141,2025-06-24,02/09/2025,314632000.0,314632000.0,0.0
HD004945,dh003857,23/06/2025,02/07/2025,4429000.0,4429000.0,0.0
hd004946,dh007384,23/06/2025,30/06/2025,1386000.0,1386000.0,0.0
hd004947,dh009990,22/06/2025,20/09/2025,177515400.0,122851800.0,54663600.0
hd004948,dh005373,22/06/2025,12/08/2025,285377800.0,136619400.0,148758400.0
HD004949,dh005664,23/06/2025,06/07/2025,13969400.0,13969400.0,0.0
hd004950,dh011526,24/06/2025,06/07/2025,1136000.0,1136000.0,0.0
hd004951,dh002278,22/06/2025,06/07/2025,2971800.0,324200.0,2647600.0
hd004952,dh010256,24/06/2025,25/08/2025,799675500.0,799675500.0,0.0
hd004953,dh010101,25/06/2025,16/09/2025,282257700.0,282257700.0,0.0
hd004954,dh010809,24/06/2025,10/08/2025,195142200.0,195142200.0,0.0
hd004955,dh000206,24/06/2025,10/09/2025,280644800.0,280644800.0,0.0
hd004956,,26/06/2025,03/07/2025,1544600.0,1544600.0,0.0
HD004957,dh007204,25/06/2025,08/07/2025,5396000.0,5396000.0,0.0
hd004958,dh002085,25/06/2025,14/08/2025,514639100.0,514639100.0,0.0
hd004959,dh010753,25/06/2025,08/07/2025,2150000.0,2150000.0,0.0
hd004960,dh007054,25/06/2025,08/07/2025,4487400.0,4487400.0,0.0
hd004961,dh001463,23/06/2025,03/09/2025,71616200.0,63011700.0,8604500.0
HD004962,dh008325,25/06/2025,07/07/2025,197000.0,197000.0,0.0
hd004963,dh006067,25/06/2025,04/07/2025,4449600.0,4449600.0,0.0
hd004964,dh005863,24/06/2025,01/09/2025,310590400.0,36662800.0,273927600.0
hd004965,dh000173,25/06/2025,06/07/2025,5181400.0,5181400.0,0.0
hd004966,dh004337,26/06/2025,30/08/2025,161782500.0,161782500.0,0.0
hd004967,dh000281,23/06/2025,17/08/2025,321070200.0,321070200.0,0.0
hd004968,dh006765,24/06/2025,16/09/2025,413737500.0,259565000.0,154172500.0
hd004969,,25/06/2025,02/07/2025,2745500.0,2745500.0,0.0
HD004970,dh001516,24/06/2025,09/07/2025,5625600.0,5625600.0,0.0
hd004971,dh011204,24/06/2025,04/07/2025,9846000.0,9846000.0,0.0
HD004972,dh006458,24/06/2025,08/07/2025,3684000.0,3684000.0,0.0
hd004973,dh002517,26/06/2025,09/09/2025,257299600.0,189643300.0,67656300.0
hd004974,dh006133,25/06/2025,03/09/2025,74779600.0,22347800.0,52431800.0
hd004975,dh009319,26/06/2025,18/09/2025,215343600.0,146986800.0,68356800.0
HD004976,dh008463,27/06/2025,28/08/2025,69863600.0,69863600.0,0.0
hd004977,dh007726,25/06/2025,06/07/2025,1445000.0,1445000.0,0.0
HD004978,dh011341,28/06/2025,13/07/2025,3022600.0,3022600.0,0.0
hd004979,dh004769,27/06/2025,20/08/2025,381490600.0,260313800.0,121176800.0
hd004980,dh001828,26/06/2025,10/07/2025,2524500.0,2524500.0,0.0
hd004981,dh007689,26/06/2025,04/07/2025,1040800.0,1040800.0,0.0
hd004982,dh004255,25/06/2025,30/08/2025,187279400.0,139635100.0,47644300.0
hd004983,dh005154,27/06/2025,20/08/2025,318407600.0,318407600.0,0.0
hd004984,dh002569,25/06/2025,14/08/2025,437610500.0,189787900.0,247822600.0
hd004985,dh000955,26/06/2025,04/07/2025,5295000.0,5295000.0,0.0
HD004986,dh011118,27/06/2025,19/08/2025,611164600.0,611164600.0,0.0
hd004987,,25/06/2025,15/09/2025,58897200.0,22325900.0,36571300.0
hd004988,,25/06/2025,03/07/2025,1181400.0,1181400.0,0.0
hd004989,dh005953,25/06/2025,07/09/2025,272203000.0,272203000.0,0.0
hd004990,DH009423,27/06/2025,15/09/2025,724154800.0,271626000.0,452528800.0
hd004991,dh006767,26/06/2025,16/08/2025,71270000.0,21415100.0,49854900.0
hd004992,dh003163,26/06/2025,07/07/2025,2729800.0,2729800.0,0.0
HD004993,dh003924,27/06/2025,12/08/2025,422716100.0,370607600.0,52108500.0
hd004994,dh005113,27/06/2025,17/08/2025,273396800.0,273396800.0,0.0
hd004995,dh007275,06/28/2025,07/10/2025,3592400.0,3592400.0,0.0
hd004996,dh011596,29/06/2025,23/08/2025,252340500.0,167653300.0,84687200.0
hd004997,dh007427,28/06/2025,21/08/2025,130780700.0,130780700.0,0.0
hd004998,dh006270,29/06/2025,16/09/2025,117699000.0,36371600.0,81327400.0
HD004999,DH005496,28/06/2025,16/09/2025,127625500.0,127625500.0,0.0
HD005000,dh002146,27/06/2025,05/07/2025,4617400.0,4617400.0,0.0
hd005001,dh002258,27/06/2025,09/07/2025,2236000.0,2236000.0,0.0
hd005002,dh006200,29/06/2025,07/07/2025,8982200.0,8982200.0,0.0
hd005003,DH011293,28/06/2025,2025-08-17,261616000.0,127036300.0,134579700.0
hd005004,dh011327,26/06/2025,08/07/2025,43700.0,43700.0,0.0
HD005005,dh007391,26/06/2025,10/07/2025,3585000.0,3585000.0,0.0
hd005006,DH900000,29/06/2025,10/07/2025,2658000.0,2658000.0,0.0
hd005007,dh001326,2025-06-27,07/07/2025,4286800.0,4286800.0,0.0
hd005008,dh000502,27/06/2025,09/07/2025,4873500.0,3951800.0,921700.0
hd005009,dh005778,26/06/2025,23/08/2025,519393900.0,519393900.0,0.0
hd005010,DH900004,27/06/2025,20/08/2025,106065600.0,106065600.0,0.0
hd005011,dh008629,28/06/2025,07/07/2025,2394500.0,2394500.0,0.0
HD005012,dh011523,27/06/2025,04/07/2025,1205800.0,836000.0,369800.0
hd005013,dh009049,28/06/2025,10/07/2025,2680900.0,2680900.0,0.0
hd005014,dh010108,30/06/2025,08/07/2025,7413600.0,7413600.0,0.0
hd005015,dh011122,2025-06-27,27/08/2025,203396100.0,203396100.0,0.0
hd005016,dh001740,2025-06-29,11/07/2025,207900.0,207900.0,0.0
HD005017,dh007499,27/06/2025,06/07/2025,1822100.0,1469900.0,352200.0
hd005018,dh011006,29/06/2025,05/09/2025,565627200.0,565627200.0,0.0
hd005019,dh007329,28/06/2025,13/07/2025,2673000.0,2673000.0,0.0
hd005020,dh004524,28/06/2025,08/07/2025,1819200.0,1819200.0,0.0
hd005021,,30/06/2025,14/08/2025,153408600.0,153408600.0,0.0
hd005022,dh009391,28/06/2025,08/07/2025,4024800.0,4024800.0,0.0
HD005023,dh011643,29/06/2025,06/07/2025,3938000.0,3595000.0,343000.0
hd005024,dh009066,29/06/2025,23/08/2025,836576000.0,251484200.0,585091800.0
hd005025,dh009443,29/06/2025,10/07/2025,4176400.0,1443800.0,2732600.0
hd005026,dh002074,30/06/2025,27/08/2025,164716200.0,128112900.0,36603300.0
HD005027,dh004191,29/06/2025,17/09/2025,631754200.0,631754200.0,0.0
hd005028,dh004992,28/06/2025,13/07/2025,17800000.0,17800000.0,0.0
hd005029,dh007556,28/06/2025,31/08/2025,280120600.0,280120600.0,0.0
hd005030,dh008695,29/06/2025,12/07/2025,145800.0,145800.0,0.0
hd005031,,29/06/2025,19/08/2025,84856400.0,84856400.0,0.0
HD005032,dh000039,01/07/2025,14/07/2025,2139200.0,1320300.0,818900.0
hd005033,dh011593,28/06/2025,09/07/2025,4131000.0,4131000.0,0.0
HD005034,dh011605,29/06/2025,13/09/2025,537532400.0,537532400.0,0.0
hd005035,dh005769,28/06/2025,07/07/2025,666800.0,666800.0,0.0
hd005036,dh000297,01/07/2025,12/07/2025,3261200.0,3261200.0,0.0
hd005037,dh009518,29/06/2025,12/07/2025,1550800.0,1550800.0,0.0
hd005038,dh006884,28/06/2025,14/08/2025,382538000.0,217077200.0,165460800.0
hd005039,dh000562,01/07/2025,30/08/2025,718179600.0,718179600.0,0.0
hd005040,dh004940,01/07/2025,13/07/2025,3374700.0,3374700.0,0.0
hd005041,,30/06/2025,07/09/2025,2041200.0,2041200.0,0.0
HD005042,dh009673,29/06/2025,15/09/2025,604332200.0,23665700.0,580666500.0
hd005043,dh003135,28/06/2025,12/09/2025,111344100.0,111344100.0,0.0
HD005044,DH002775,01/07/2025,15/07/2025,9950000.0,9950000.0,0.0
hd005045,dh008447,01/07/2025,12/07/2025,196000.0,196000.0,0.0
hd005046,dh000948,30/06/2025,10/07/2025,1164000.0,1164000.0,0.0
hd005047,dh007310,30/06/2025,09/18/2025,247293900.0,247293900.0,0.0
hd005048,dh009831,02/07/2025,28/09/2025,611455200.0,191982600.0,419472600.0
hd005049,dh003036,02/07/2025,09/01/2025,76834800.0,76834800.0,0.0
HD005050,dh004600,02/07/2025,22/09/2025,702052800.0,702052800.0,0.0
hd005051,dh011777,01/07/2025,01/09/2025,105925900.0,105925900.0,0.0
hd005052,dh000705,02/07/2025,08/09/2025,32246800.0,9240600.0,23006200.0
hd005053,dh001644,01/07/2025,12/07/2025,5987800.0,5987800.0,0.0
hd005054,DH009348,02/07/2025,05/09/2025,297976200.0,297976200.0,0.0
hd005055,dh002390,01/07/2025,08/07/2025,5090000.0,5090000.0,0.0
hd005056,dh007317,29/06/2025,07/07/2025,6710500.0,6710500.0,0.0
hd005057,dh009900,01/07/2025,28/08/2025,445794500.0,445794500.0,0.0
hd005058,dh007735,01/07/2025,08/07/2025,1071000.0,1071000.0,0.0
hd005059,dh003842,01/07/2025,22/09/2025,225978800.0,86207300.0,139771500.0
hd005060,dh009216,03/07/2025,14/09/2025,120444200.0,120444200.0,0.0
hd005061,dh000020,01/07/2025,16/07/2025,907200.0,292200.0,615000.0
hd005062,dh006153,02/07/2025,17/07/2025,1548000.0,1548000.0,0.0
hd005063,dh001579,06/30/2025,06/09/2025,281649400.0,281649400.0,0.0
HD005064,dh006717,30/06/2025,07/07/2025,7915400.0,7915400.0,0.0
hd005065,dh004947,03/07/2025,16/09/2025,174978700.0,148896000.0,26082700.0
hd005066,DH001009,01/07/2025,20/09/2025,137257400.0,137257400.0,0.0
hd005067,dh002900,01/07/2025,08/07/2025,1593000.0,1593000.0,0.0
hd005068,dh003826,01/07/2025,17/08/2025,289628300.0,289628300.0,0.0
hd005069,DH009633,01/07/2025,09/07/2025,5712000.0,5712000.0,0.0
HD005070,dh008332,02/07/2025,13/07/2025,1452000.0,1084300.0,367700.0
hd005071,dh008575,01/07/2025,31/08/2025,126525800.0,12653000.0,113872800.0
hd005072,dh006040,03/07/2025,13/07/2025,1234200.0,1234200.0,0.0
hd005073,dh009921,02/07/2025,11/09/2025,349980800.0,172864200.0,177116600.0
HD005074,dh011863,04/07/2025,16/07/2025,1714500.0,1714500.0,0.0
HD005075,DH001034,03/07/2025,12/09/2025,197805000.0,197805000.0,0.0
hd005076,dh005235,04/07/2025,17/07/2025,4408500.0,4408500.0,0.0
hd005077,dh006019,02/07/2025,16/09/2025,687692000.0,92535200.0,595156800.0
HD005078,dh007406,04/07/2025,14/09/2025,65983900.0,54109900.0,11874000.0
hd005079,dh007063,03/07/2025,28/08/2025,113284400.0,113284400.0,0.0
HD005080,dh002573,02/07/2025,10/07/2025,673200.0,673200.0,0.0
hd005081,,01/07/2025,24/09/2025,174884400.0,174884400.0,0.0
hd005082,,04/07/2025,13/07/2025,1806000.0,1806000.0,0.0
hd005083,dh008523,03/07/2025,15/09/2025,328961000.0,261737100.0,67223900.0
hd005084,dh004827,04/07/2025,13/09/2025,268234800.0,268234800.0,0.0
hd005085,dh008424,03/07/2025,07/15/2025,681000.0,681000.0,0.0
hd005086,dh010749,04/07/2025,19/07/2025,956200.0,956200.0,0.0
HD005087,DH003168,04/07/2025,12/07/2025,1819000.0,1819000.0,0.0
hd005088,dh005968,03/07/2025,28/09/2025,365269500.0,234249700.0,131019800.0
HD005089,dh010107,04/07/2025,19/08/2025,379616000.0,379616000.0,0.0
hd005090,dh007479,03/07/2025,28/09/2025,78447900.0,47374500.0,31073400.0
HD005091,dh000972,04/07/2025,18/07/2025,724200.0,724200.0,0.0
hd005092,dh009502,03/07/2025,24/08/2025,564055500.0,564055500.0,0.0
hd005093,dh002786,02/07/2025,17/07/2025,3456600.0,3456600.0,0.0
HD005094,dh009845,02/07/2025,03/09/2025,206571600.0,206571600.0,0.0
HD005095,dh009383,05/07/2025,20/07/2025,13280000.0,13280000.0,0.0
HD005096,dh000957,03/07/2025,07/09/2025,76800800.0,13816800.0,62984000.0
hd005097,dh002385,05/07/2025,16/07/2025,469000.0,469000.0,0.0
hd005098,dh004863,04/07/2025,22/09/2025,696384600.0,696384600.0,0.0
hd005099,dh011018,05/07/2025,16/07/2025,5361600.0,3678500.0,1683100.0
HD005100,,04/07/2025,12/07/2025,15341700.0,15341700.0,0.0
hd005101,dh008147,07/05/2025,27/08/2025,140557800.0,64821100.0,75736700.0
hd005102,dh011932,06/07/2025,24/09/2025,331413600.0,331413600.0,0.0
HD005103,dh007403,03/07/2025,03/09/2025,286254500.0,242862900.0,43391600.0
hd005104,dh008245,03/07/2025,28/09/2025,194965000.0,169447600.0,25517400.0
hd005105,dh006651,03/07/2025,09/09/2025,339691500.0,339691500.0,0.0
hd005106,dh005316,03/07/2025,25/08/2025,369016600.0,201870400.0,167146200.0
hd005107,dh011890,03/07/2025,17/08/2025,328976500.0,47319700.0,281656800.0
hd005108,dh004991,05/07/2025,09/14/2025,334405600.0,334405600.0,0.0
hd005109,dh002821,05/07/2025,02/09/2025,227758000.0,61929700.0,165828300.0
HD005110,dh000841,05/07/2025,15/07/2025,4628600.0,4628600.0,0.0
HD005111,dh000805,03/07/2025,17/08/2025,194751000.0,194751000.0,0.0
hd005112,dh001051,06/07/2025,22/09/2025,719314100.0,105316700.0,613997400.0
hd005113,dh004647,04/07/2025,15/07/2025,703800.0,703800.0,0.0
HD005114,dh003726,04/07/2025,2025-07-14,3268800.0,3268800.0,0.0
hd005115,dh001474,04/07/2025,23/08/2025,146726800.0,139780500.0,6946300.0
HD005116,dh003333,05/07/2025,20/07/2025,1513500.0,1513500.0,0.0
hd005117,dh001955,2025-07-07,16/09/2025,320904500.0,274273000.0,46631500.0
hd005118,dh002845,04/07/2025,11/07/2025,3327000.0,3327000.0,0.0
HD005119,dh002682,05/07/2025,12/07/2025,2850000.0,2263000.0,587000.0
hd005120,DH011929,06/07/2025,22/09/2025,157188200.0,157188200.0,0.0
HD005121,dh004969,05/07/2025,14/09/2025,392237800.0,392237800.0,0.0
hd005122,dh007133,04/07/2025,12/07/2025,378200.0,378200.0,0.0
hd005123,dh010539,05/07/2025,2025-08-30,116617100.0,116617100.0,0.0
hd005124,dh005164,04/07/2025,2025-07-19,9189000.0,5885300.0,3303700.0
hd005125,dh005643,04/07/2025,2025-07-13,1681000.0,837000.0,844000.0
hd005126,dh007420,07/07/2025,08/09/2025,182533900.0,104997700.0,77536200.0
hd005127,DH001148,04/07/2025,18/07/2025,2966000.0,2966000.0,0.0
hd005128,dh001096,05/07/2025,2025-08-31,296699300.0,55126800.0,241572500.0
hd005129,dh007155,04/07/2025,14/07/2025,2053400.0,2053400.0,0.0
HD005130,dh006223,05/07/2025,14/07/2025,790500.0,790500.0,0.0
hd005131,dh006258,06/07/2025,13/07/2025,1434000.0,1434000.0,0.0
hd005132,dh002185,07/07/2025,07/18/2025,1290000.0,1290000.0,0.0
hd005133,dh008775,07/07/2025,04/09/2025,163743000.0,110242800.0,53500200.0
hd005134,DH004962,04/07/2025,01/10/2025,188669200.0,152302600.0,36366600.0
hd005135,dh007062,06/07/2025,08/09/2025,658807800.0,658807800.0,0.0
hd005136,dh002368,05/07/2025,20/07/2025,3212000.0,3212000.0,0.0
hd005137,dh010260,05/07/2025,19/07/2025,6426000.0,4063100.0,2362900.0
hd005138,dh010545,08/07/2025,20/07/2025,383400.0,383400.0,0.0
hd005139,dh006404,08/07/2025,16/09/2025,248340000.0,196745200.0,51594800.0
hd005140,dh006566,07/07/2025,19/09/2025,183971000.0,183971000.0,0.0
HD005141,dh005877,07/05/2025,30/08/2025,287842000.0,111917700.0,175924300.0
hd005142,dh000995,05/07/2025,16/07/2025,4480500.0,4480500.0,0.0
hd005143,dh007834,08/07/2025,29/09/2025,156909200.0,156909200.0,0.0
HD005144,dh001169,05/07/2025,14/07/2025,1052000.0,1052000.0,0.0
HD005145,dh000546,06/07/2025,24/08/2025,427123600.0,427123600.0,0.0
hd005146,,06/07/2025,26/08/2025,142671600.0,60197000.0,82474600.0
HD005147,dh006912,08/07/2025,20/07/2025,3854100.0,1984300.0,1869800.0
HD005148,,08/07/2025,30/08/2025,117557200.0,106609500.0,10947700.0
hd005149,dh004538,07/07/2025,19/07/2025,2967000.0,2967000.0,0.0
HD005150,dh000073,05/07/2025,15/07/2025,973400.0,973400.0,0.0
hd005151,dh002660,07/07/2025,19/07/2025,3960000.0,3960000.0,0.0
HD005152,dh007909,07/06/2025,04/10/2025,114057100.0,114057100.0,0.0
hd005153,dh009170,08/07/2025,18/07/2025,82000.0,82000.0,0.0
hd005154,DH011555,09/07/2025,19/07/2025,8357500.0,5440400.0,2917100.0
hd005155,dh006446,08/07/2025,21/07/2025,7980000.0,7980000.0,0.0
hd005156,dh007832,06/07/2025,11/09/2025,467322500.0,56205800.0,411116700.0
hd005157,dh002359,06/07/2025,17/07/2025,5656200.0,5656200.0,0.0
HD005158,dh007043,07/07/2025,21/08/2025,248295800.0,196725600.0,51570200.0
HD005159,dh007280,06/07/2025,13/07/2025,329000.0,329000.0,0.0
hd005160,dh006230,08/07/2025,20/09/2025,149670700.0,149670700.0,0.0
hd005161,dh007209,07/07/2025,2025-09-14,351888600.0,47450900.0,304437700.0
hd005162,DH004043,08/07/2025,16/07/2025,1265500.0,77600.0,1187900.0
HD005163,dh011966,08/07/2025,29/08/2025,372150000.0,60317800.0,311832200.0
HD005164,DH001985,09/07/2025,18/07/2025,369000.0,369000.0,0.0
hd005165,dh007053,08/07/2025,30/08/2025,477563500.0,379400100.0,98163400.0
hd005166,dh010729,08/07/2025,29/09/2025,496450600.0,256585300.0,239865300.0
hd005167,dh011443,07/07/2025,20/09/2025,59416900.0,22615100.0,36801800.0
hd005168,dh008419,10/07/2025,18/07/2025,4921000.0,4921000.0,0.0
HD005169,dh011008,07/07/2025,03/10/2025,343778000.0,343778000.0,0.0
hd005170,dh010843,08/07/2025,20/07/2025,4360500.0,4360500.0,0.0
hd005171,dh009723,08/07/2025,04/09/2025,311059800.0,104757000.0,206302800.0
hd005172,dh010917,07/07/2025,30/09/2025,226607100.0,226607100.0,0.0
hd005173,dh004084,08/07/2025,21/07/2025,256000.0,256000.0,0.0
hd005174,dh004365,08/07/2025,14/09/2025,594405100.0,594405100.0,0.0
HD005175,dh005184,09/07/2025,18/07/2025,1129500.0,646100.0,483400.0
hd005176,dh009923,07/07/2025,17/07/2025,1249200.0,1249200.0,0.0
HD005177,dh009759,08/07/2025,15/07/2025,3060000.0,3060000.0,0.0
hd005178,DH009100,07/07/2025,15/07/2025,2452800.0,2452800.0,0.0
hd005179,dh004353,08/07/2025,18/07/2025,605800.0,605800.0,0.0
hd005180,dh000951,2025-07-07,14/09/2025,296919500.0,70390200.0,226529300.0
hd005181,dh005459,2025-07-08,22/09/2025,78268200.0,30381800.0,47886400.0
HD005182,dh005209,08/07/2025,21/07/2025,1601700.0,1601700.0,0.0
hd005183,dh003030,08/07/2025,31/08/2025,213704200.0,213704200.0,0.0
hd005184,dh011885,08/07/2025,05/10/2025,351544200.0,144560900.0,206983300.0
hd005185,dh000105,10/07/2025,19/07/2025,1194600.0,833400.0,361200.0
hd005186,dh011369,11/07/2025,05/10/2025,91637200.0,91637200.0,0.0
hd005187,dh003437,10/07/2025,27/09/2025,205734600.0,205734600.0,0.0
HD005188,dh009205,08/07/2025,04/09/2025,332553600.0,332553600.0,0.0
hd005189,dh007473,08/07/2025,21/09/2025,140484800.0,140484800.0,0.0
hd005190,,08/07/2025,2025-09-22,864343500.0,603026900.0,261316600.0
hd005191,DH007599,08/07/2025,15/09/2025,481913900.0,481913900.0,0.0
hd005192,dh001464,10/07/2025,24/07/2025,6554200.0,6554200.0,0.0
hd005193,dh002142,10/07/2025,08/10/2025,351495600.0,117655900.0,233839700.0
hd005194,dh011603,12/07/2025,19/07/2025,2478100.0,2478100.0,0.0
hd005195,dh009173,11/07/2025,24/07/2025,8346000.0,8346000.0,0.0
hd005196,dh004020,10/07/2025,18/07/2025,161000.0,161000.0,0.0
hd005197,DH011767,12/07/2025,11/09/2025,544599000.0,344838500.0,199760500.0
hd005198,dh006558,10/07/2025,18/07/2025,6747800.0,6747800.0,0.0
hd005199,dh003429,09/07/2025,24/07/2025,230800.0,230800.0,0.0
HD005200,dh003543,12/07/2025,26/07/2025,2587800.0,2587800.0,0.0
hd005201,DH002839,10/07/2025,07/25/2025,2860000.0,1982400.0,877600.0
hd005202,dh005853,13/07/2025,31/08/2025,796487900.0,775944100.0,20543800.0
hd005203,dh009048,11/07/2025,14/09/2025,216078400.0,216078400.0,0.0
HD005204,DH001696,10/07/2025,24/07/2025,2826000.0,2826000.0,0.0
hd005205,DH900007,11/07/2025,18/07/2025,3882600.0,3882600.0,0.0
hd005206,DH003847,11/07/2025,26/08/2025,111407400.0,20312200.0,91095200.0
hd005207,dh003427,13/07/2025,06/09/2025,630541000.0,630541000.0,0.0
hd005208,dh003739,10/07/2025,18/07/2025,7336800.0,7336800.0,0.0
hd005209,DH009336,2025-07-11,24/07/2025,570000.0,570000.0,0.0
HD005210,dh011296,13/07/2025,25/07/2025,224400.0,224400.0,0.0
hd005211,,10/07/2025,08/10/2025,239036300.0,196639000.0,42397300.0
HD005212,dh009259,10/07/2025,19/07/2025,2385000.0,2385000.0,0.0
HD005213,dh000933,12/07/2025,27/07/2025,1303800.0,1303800.0,0.0
hd005214,dh000066,13/07/2025,07/10/2025,592085600.0,263164300.0,328921300.0
HD005215,dh010147,10/07/2025,04/09/2025,190627700.0,61376400.0,129251300.0
hd005216,dh002038,11/07/2025,01/10/2025,193591600.0,145323000.0,48268600.0
hd005217,dh010258,12/07/2025,28/09/2025,113701200.0,107365500.0,6335700.0
hd005218,dh004115,13/07/2025,18/09/2025,433118200.0,313850000.0,119268200.0
hd005219,,11/07/2025,24/07/2025,4393200.0,4393200.0,0.0
hd005220,dh001134,13/07/2025,28/07/2025,93000.0,49100.0,43900.0
HD005221,dh010626,14/07/2025,27/07/2025,1758000.0,1758000.0,0.0
hd005222,dh000227,11/07/2025,25/07/2025,206100.0,206100.0,0.0
hd005223,dh003797,11/07/2025,05/09/2025,280035200.0,266368700.0,13666500.0
hd005224,dh008872,12/07/2025,26/07/2025,1095000.0,1095000.0,0.0
HD005225,dh007687,14/07/2025,27/07/2025,5405100.0,3340000.0,2065100.0
hd005226,dh008139,2025-07-13,11/10/2025,402272800.0,402272800.0,0.0
hd005227,dh007951,11/07/2025,24/07/2025,3180000.0,3180000.0,0.0
hd005228,DH006755,11/07/2025,19/09/2025,255960500.0,172468000.0,83492500.0
hd005229,dh006145,13/07/2025,28/09/2025,236428200.0,236428200.0,0.0
hd005230,dh001635,12/07/2025,19/07/2025,1305200.0,1305200.0,0.0
HD005231,dh008846,12/07/2025,23/07/2025,1099500.0,1099500.0,0.0
hd005232,dh009493,13/07/2025,30/08/2025,573255000.0,573255000.0,0.0
hd005233,dh000139,13/07/2025,28/07/2025,962000.0,962000.0,0.0
hd005234,dh001778,13/07/2025,24/07/2025,17395000.0,17395000.0,0.0
hd005235,dh008974,15/07/2025,03/10/2025,195730000.0,179174200.0,16555800.0
hd005236,dh000728,12/07/2025,2025-08-31,193038800.0,25934400.0,167104400.0
hd005237,DH900001,14/07/2025,22/07/2025,2370000.0,2370000.0,0.0
hd005238,dh006670,12/07/2025,25/07/2025,13164800.0,13164800.0,0.0
hd005239,dh002881,15/07/2025,24/09/2025,579030900.0,579030900.0,0.0
hd005240,dh010851,15/07/2025,28/09/2025,231965000.0,231965000.0,0.0
hd005241,dh009001,14/07/2025,28/07/2025,348500.0,346100.0,2400.0
hd005242,dh007850,15/07/2025,28/07/2025,164000.0,164000.0,0.0
HD005243,dh008950,14/07/2025,23/07/2025,1385500.0,1385500.0,0.0
hd005244,dh005461,16/07/2025,23/09/2025,384892200.0,250652800.0,134239400.0
hd005245,dh007140,14/07/2025,09/09/2025,458030200.0,458030200.0,0.0
hd005246,dh009489,16/07/2025,04/09/2025,484577600.0,352024300.0,132553300.0
HD005247,dh004803,15/07/2025,25/07/2025,11222000.0,11222000.0,0.0
hd005248,dh009267,13/07/2025,05/09/2025,451574600.0,451574600.0,0.0
hd005249,dh010762,14/07/2025,29/08/2025,112807400.0,112807400.0,0.0
hd005250,DH900008,15/07/2025,30/08/2025,603542600.0,603542600.0,0.0
hd005251,dh010510,13/07/2025,31/08/2025,361400300.0,361400300.0,0.0
hd005252,dh011968,16/07/2025,26/07/2025,3396200.0,3396200.0,0.0
hd005253,DH001913,2025-07-15,27/09/2025,188969200.0,53471700.0,135497500.0
hd005254,DH007324,07/16/2025,02/10/2025,342111600.0,188178700.0,153932900.0
HD005255,dh001212,2025-07-16,29/07/2025,2116100.0,2116100.0,0.0
hd005256,DH001160,15/07/2025,22/07/2025,1732900.0,1284600.0,448300.0
hd005257,dh001157,17/07/2025,06/09/2025,132729800.0,132729800.0,0.0
hd005258,dh005147,16/07/2025,23/09/2025,338447000.0,170221800.0,168225200.0
hd005259,dh000580,16/07/2025,13/10/2025,225912100.0,225912100.0,0.0
hd005260,dh005584,15/07/2025,25/07/2025,10290000.0,10290000.0,0.0
hd005261,dh007860,14/07/2025,25/07/2025,2256300.0,2256300.0,0.0
hd005262,dh011403,16/07/2025,25/09/2025,424132400.0,384999200.0,39133200.0
hd005263,dh011957,17/07/2025,27/07/2025,11132500.0,11132500.0,0.0
hd005264,dh000945,17/07/2025,2025-09-27,45482000.0,45482000.0,0.0
hd005265,dh004956,15/07/2025,07/27/2025,3135000.0,3135000.0,0.0
HD005266,DH900005,17/07/2025,01/08/2025,421600.0,421600.0,0.0
hd005267,dh001211,15/07/2025,26/07/2025,4745000.0,4745000.0,0.0
HD005268,dh007443,15/07/2025,22/07/2025,4642000.0,4642000.0,0.0
hd005269,dh005976,15/07/2025,27/07/2025,5228000.0,5228000.0,0.0
HD005270,dh001334,17/07/2025,01/10/2025,358091600.0,219003800.0,139087800.0
hd005271,dh001550,15/07/2025,25/07/2025,14917500.0,14917500.0,0.0
hd005272,dh010963,18/07/2025,25/09/2025,426410800.0,304013000.0,122397800.0
hd005273,dh008601,17/07/2025,09/09/2025,171957300.0,65665000.0,106292300.0
HD005274,DH900005,16/07/2025,03/09/2025,81528400.0,1568000.0,79960400.0
hd005275,dh004274,17/07/2025,29/07/2025,1321800.0,1321800.0,0.0
hd005276,DH900008,16/07/2025,14/09/2025,377167400.0,340420100.0,36747300.0
hd005277,dh006111,16/07/2025,08/09/2025,534934200.0,372314600.0,162619600.0
hd005278,dh002271,19/07/2025,18/09/2025,336393000.0,283908700.0,52484300.0
hd005279,dh002564,19/07/2025,30/07/2025,5741800.0,5741800.0,0.0
hd005280,dh000700,19/07/2025,06/09/2025,417659000.0,330702200.0,86956800.0
hd005281,dh005884,18/07/2025,24/09/2025,439876800.0,279477100.0,160399700.0
hd005282,dh009725,19/07/2025,03/08/2025,2992000.0,2992000.0,0.0
hd005283,dh010020,18/07/2025,18/09/2025,369821000.0,369821000.0,0.0
hd005284,dh010936,19/07/2025,31/07/2025,192900.0,192900.0,0.0
hd005285,dh010563,17/07/2025,31/07/2025,6608800.0,4497600.0,2111200.0
hd005286,dh011713,17/07/2025,01/08/2025,8167400.0,6749900.0,1417500.0
HD005287,dh008392,17/07/2025,26/07/2025,259200.0,259200.0,0.0
hd005288,dh005790,17/07/2025,06/10/2025,683715200.0,270101900.0,413613300.0
hd005289,dh007799,18/07/2025,26/07/2025,10861200.0,10861200.0,0.0
hd005290,dh008320,19/07/2025,08/09/2025,640543400.0,564695200.0,75848200.0
hd005291,dh006886,19/07/2025,03/08/2025,93600.0,93600.0,0.0
hd005292,dh005213,20/07/2025,27/07/2025,1043200.0,1043200.0,0.0
hd005293,dh004513,20/07/2025,02/08/2025,91800.0,91800.0,0.0
hd005294,dh005842,19/07/2025,31/07/2025,7226300.0,7226300.0,0.0
hd005295,dh001495,20/07/2025,05/10/2025,122450400.0,16228600.0,106221800.0
hd005296,dh010063,2025-07-17,01/08/2025,2319100.0,2278200.0,40900.0
hd005297,,18/07/2025,29/07/2025,16940000.0,16940000.0,0.0
hd005298,,17/07/2025,11/10/2025,294537200.0,233518900.0,61018300.0
hd005299,dh009253,19/07/2025,14/09/2025,495937700.0,317523400.0,178414300.0
hd005300,dh003057,21/07/2025,29/07/2025,2079000.0,2079000.0,0.0
hd005301,dh002669,18/07/2025,02/10/2025,295619100.0,295619100.0,0.0
hd005302,dh005556,18/07/2025,03/09/2025,383180000.0,383180000.0,0.0
hd005303,dh010639,18/07/2025,26/07/2025,2355400.0,2355400.0,0.0
hd005304,dh001855,19/07/2025,17/09/2025,493989500.0,39004100.0,454985400.0
hd005305,dh001496,18/07/2025,29/07/2025,877800.0,877800.0,0.0
hd005306,dh008063,21/07/2025,03/10/2025,461348200.0,202592100.0,258756100.0
hd005307,dh002431,19/07/2025,29/07/2025,4999600.0,4999600.0,0.0
hd005308,dh006241,21/07/2025,14/09/2025,724282400.0,24966800.0,699315600.0
hd005309,dh006901,20/07/2025,29/07/2025,4014200.0,4014200.0,0.0
hd005310,dh009651,19/07/2025,29/09/2025,152997400.0,152997400.0,0.0
HD005311,dh007515,21/07/2025,29/07/2025,449900.0,449900.0,0.0
HD005312,dh003614,20/07/2025,28/07/2025,2332800.0,2332800.0,0.0
hd005313,dh007038,21/07/2025,19/10/2025,504605800.0,504605800.0,0.0
hd005314,dh009982,20/07/2025,30/07/2025,2240100.0,2240100.0,0.0
hd005315,dh002632,2025-07-21,28/07/2025,339200.0,339200.0,0.0
hd005316,dh001090,19/07/2025,01/08/2025,1490700.0,1490700.0,0.0
hd005317,dh006926,21/07/2025,01/08/2025,897300.0,897300.0,0.0
HD005318,dh003288,19/07/2025,23/09/2025,186008000.0,85578800.0,100429200.0
hd005319,dh004955,07/21/2025,28/07/2025,2322000.0,2322000.0,0.0
hd005320,dh006025,19/07/2025,08/10/2025,704954200.0,114702200.0,590252000.0
hd005321,dh004246,21/07/2025,20/09/2025,295433000.0,295433000.0,0.0
hd005322,dh011572,21/07/2025,28/07/2025,1971000.0,1971000.0,0.0
hd005323,dh007279,21/07/2025,31/07/2025,745400.0,745400.0,0.0
HD005324,,21/07/2025,17/09/2025,462967600.0,328773900.0,134193700.0
hd005325,dh003963,19/07/2025,16/09/2025,250714800.0,250714800.0,0.0
hd005326,dh000031,20/07/2025,27/07/2025,3445600.0,3101200.0,344400.0
hd005327,,21/07/2025,05/09/2025,402340100.0,156728800.0,245611300.0
hd005328,dh003351,22/07/2025,30/07/2025,4105400.0,4105400.0,0.0
hd005329,dh007928,22/07/2025,02/08/2025,6219000.0,6219000.0,0.0
hd005330,,07/20/2025,03/08/2025,4774700.0,4774700.0,0.0
HD005331,dh004938,20/07/2025,29/09/2025,717058900.0,59624600.0,657434300.0
hd005332,dh005240,20/07/2025,08/10/2025,149587500.0,15275500.0,134312000.0
HD005333,dh005177,21/07/2025,11/09/2025,462540800.0,462540800.0,0.0
hd005334,dh009008,21/07/2025,30/07/2025,471000.0,471000.0,0.0
hd005335,,21/07/2025,2025-09-08,329375200.0,63825900.0,265549300.0
hd005336,dh004740,21/07/2025,03/08/2025,2091800.0,2091800.0,0.0
hd005337,DH004795,21/07/2025,08/10/2025,523421300.0,77027900.0,446393400.0
hd005338,dh004286,22/07/2025,05/08/2025,216000.0,216000.0,0.0
hd005339,dh010593,21/07/2025,18/09/2025,153748900.0,153748900.0,0.0
hd005340,dh000110,23/07/2025,10/03/2025,438291100.0,438291100.0,0.0
HD005341,dh002955,21/07/2025,29/09/2025,293429400.0,191079000.0,102350400.0
hd005342,,22/07/2025,23/09/2025,232954800.0,66076700.0,166878100.0
hd005343,dh005816,21/07/2025,10/09/2025,195635000.0,195635000.0,0.0
hd005344,dh008987,20/07/2025,04/08/2025,3951000.0,3951000.0,0.0
hd005345,dh008149,24/07/2025,21/10/2025,309369600.0,41430900.0,267938700.0
HD005346,DH002962,07/22/2025,17/10/2025,191792700.0,191792700.0,0.0
hd005347,dh003475,23/07/2025,05/08/2025,1737000.0,1737000.0,0.0
hd005348,dh007533,24/07/2025,04/08/2025,2172600.0,2172600.0,0.0
HD005349,dh004738,24/07/2025,06/08/2025,4672200.0,4672200.0,0.0
hd005350,dh008384,24/07/2025,17/10/2025,126123300.0,126123300.0,0.0
hd005351,dh001035,21/07/2025,01/08/2025,5740600.0,5740600.0,0.0
hd005352,dh005268,23/07/2025,14/09/2025,843724400.0,843724400.0,0.0
hd005353,dh005122,23/07/2025,30/07/2025,2650000.0,2650000.0,0.0
HD005354,dh006990,24/07/2025,02/08/2025,8835000.0,8835000.0,0.0
hd005355,dh004322,22/07/2025,25/09/2025,415541500.0,149587300.0,265954200.0
hd005356,DH004455,21/07/2025,09/26/2025,424310600.0,269833200.0,154477400.0
hd005357,dh006246,22/07/2025,18/10/2025,604743300.0,604743300.0,0.0
hd005358,dh009203,24/07/2025,24/09/2025,325478000.0,325478000.0,0.0
hd005359,dh002001,24/07/2025,20/09/2025,619569700.0,619569700.0,0.0
hd005360,dh003955,23/07/2025,31/07/2025,8044700.0,8044700.0,0.0
hd005361,dh001893,24/07/2025,07/09/2025,83244600.0,14538500.0,68706100.0
hd005362,dh010856,22/07/2025,31/07/2025,1870200.0,1870200.0,0.0
hd005363,dh010061,24/07/2025,06/08/2025,6000000.0,6000000.0,0.0
hd005364,dh007066,23/07/2025,13/10/2025,1004774100.0,532850400.0,471923700.0
hd005365,dh004601,24/07/2025,08/08/2025,1327200.0,1327200.0,0.0
HD005366,dh007882,24/07/2025,19/10/2025,316403400.0,57898600.0,258504800.0
HD005367,dh005614,23/07/2025,07/09/2025,127952800.0,127952800.0,0.0
hd005368,dh007032,22/07/2025,05/09/2025,419492400.0,419492400.0,0.0
hd005369,dh010719,24/07/2025,08/08/2025,1443400.0,1443400.0,0.0
hd005370,dh008050,23/07/2025,31/07/2025,6833900.0,6833900.0,0.0
hd005371,dh006627,23/07/2025,15/10/2025,253892100.0,252925700.0,966400.0
hd005372,dh000657,24/07/2025,27/09/2025,362644600.0,142349100.0,220295500.0
hd005373,dh005672,23/07/2025,09/18/2025,263848800.0,122994100.0,140854700.0
HD005374,dh005973,25/07/2025,15/10/2025,293507900.0,293507900.0,0.0
hd005375,dh011861,26/07/2025,03/08/2025,7308500.0,7308500.0,0.0
hd005376,dh010979,24/07/2025,20/09/2025,177322200.0,21512800.0,155809400.0
hd005377,dh001911,25/07/2025,05/08/2025,3150000.0,3150000.0,0.0
hd005378,dh001583,25/07/2025,07/08/2025,2956000.0,2675500.0,280500.0
hd005379,dh003075,25/07/2025,24/09/2025,631152000.0,271406800.0,359745200.0
hd005380,dh006300,23/07/2025,15/10/2025,191898400.0,17050100.0,174848300.0
hd005381,dh002606,25/07/2025,02/08/2025,314000.0,271800.0,42200.0
hd005382,dh011535,23/07/2025,2025-08-02,11802600.0,11802600.0,0.0
hd005383,dh002749,25/07/2025,11/10/2025,284989600.0,120880300.0,164109300.0
hd005384,dh006584,26/07/2025,04/08/2025,2998000.0,2998000.0,0.0
hd005385,DH011043,24/07/2025,08/08/2025,12250000.0,12250000.0,0.0
hd005386,dh000871,26/07/2025,06/10/2025,78980400.0,78980400.0,0.0
hd005387,dh010144,24/07/2025,07/08/2025,1350000.0,1350000.0,0.0
hd005388,dh004708,24/07/2025,26/09/2025,309384000.0,309384000.0,0.0
hd005389,DH900004,24/07/2025,06/08/2025,1819000.0,1819000.0,0.0
hd005390,dh003497,24/07/2025,17/09/2025,535240400.0,525416200.0,9824200.0
hd005391,dh003975,26/07/2025,06/08/2025,45000.0,22800.0,22200.0
hd005392,,26/07/2025,24/10/2025,161129200.0,152936700.0,8192500.0
hd005393,dh003974,24/07/2025,13/10/2025,720239700.0,720239700.0,0.0
hd005394,dh001593,24/07/2025,31/07/2025,1143800.0,1143800.0,0.0
hd005395,dh001925,27/07/2025,10/09/2025,275327400.0,275327400.0,0.0
hd005396,dh006263,26/07/2025,23/10/2025,261827900.0,81389800.0,180438100.0
hd005397,dh009614,24/07/2025,2025-08-02,996200.0,996200.0,0.0
hd005398,dh010286,26/07/2025,10/09/2025,540682800.0,540682800.0,0.0
hd005399,dh007988,26/07/2025,02/08/2025,2992100.0,2992100.0,0.0
hd005400,dh010578,25/07/2025,04/08/2025,7893000.0,7893000.0,0.0
HD005401,dh002993,26/07/2025,03/10/2025,85827600.0,85827600.0,0.0
hd005402,dh005064,25/07/2025,2025-08-04,354600.0,354600.0,0.0
hd005403,dh008899,26/07/2025,05/08/2025,1059700.0,1059700.0,0.0
hd005404,,26/07/2025,2025-10-20,189577000.0,72797100.0,116779900.0
hd005405,dh003298,28/07/2025,28/09/2025,708962400.0,708962400.0,0.0
hd005406,dh005947,27/07/2025,08/10/2025,206789200.0,206789200.0,0.0
hd005407,,27/07/2025,16/10/2025,110564000.0,58855700.0,51708300.0
HD005408,,28/07/2025,09/08/2025,6987200.0,6987200.0,0.0
hd005409,dh011026,25/07/2025,04/10/2025,414474500.0,108443200.0,306031300.0
hd005410,,25/07/2025,11/09/2025,510608900.0,510608900.0,0.0
HD005411,dh007763,28/07/2025,08/08/2025,4738000.0,4738000.0,0.0
hd005412,dh006732,25/07/2025,12/10/2025,387546600.0,387546600.0,0.0
hd005413,dh009063,27/07/2025,07/10/2025,92356300.0,14309000.0,78047300.0
hd005414,DH900008,27/07/2025,05/10/2025,287610400.0,144238200.0,143372200.0
hd005415,dh000934,28/07/2025,09/10/2025,576478700.0,84200400.0,492278300.0
hd005416,dh002109,29/07/2025,08/08/2025,7328300.0,7328300.0,0.0
hd005417,dh002426,28/07/2025,02/10/2025,475019100.0,162021300.0,312997800.0
HD005418,DH005367,26/07/2025,22/09/2025,180148900.0,40011800.0,140137100.0
HD005419,dh010145,26/07/2025,08/08/2025,77900.0,77900.0,0.0
hd005420,DH009353,29/07/2025,05/10/2025,203265200.0,33710400.0,169554800.0
hd005421,dh009623,28/07/2025,14/10/2025,126626400.0,60827700.0,65798700.0
hd005422,dh005333,28/07/2025,08/08/2025,84100.0,32700.0,51400.0
hd005423,dh011642,07/28/2025,05/10/2025,185226300.0,44586000.0,140640300.0
HD005424,dh006867,29/07/2025,10/08/2025,3481800.0,3481800.0,0.0
HD005425,DH009419,28/07/2025,06/08/2025,7870800.0,4772100.0,3098700.0
hd005426,dh004040,29/07/2025,06/08/2025,1734800.0,1734800.0,0.0
hd005427,DH004114,30/07/2025,10/08/2025,1170400.0,1170400.0,0.0
hd005428,dh000214,29/07/2025,2025-08-10,264000.0,264000.0,0.0
hd005429,DH003131,29/07/2025,05/08/2025,357000.0,357000.0,0.0
hd005430,dh002458,27/07/2025,24/09/2025,669053300.0,534386000.0,134667300.0
hd005431,dh010006,27/07/2025,11/08/2025,59000.0,59000.0,0.0
hd005432,dh010405,27/07/2025,14/09/2025,196890800.0,73434000.0,123456800.0
hd005433,dh005873,30/07/2025,21/09/2025,121114200.0,121114200.0,0.0
hd005434,dh008907,28/07/2025,2025-08-06,1304000.0,1304000.0,0.0
HD005435,dh003337,30/07/2025,10/08/2025,1814000.0,1814000.0,0.0
HD005436,DH004878,30/07/2025,07/08/2025,307800.0,307800.0,0.0
hd005437,dh007151,28/07/2025,10/04/2025,219609700.0,158852000.0,60757700.0
hd005438,dh005061,29/07/2025,09/08/2025,996000.0,996000.0,0.0
hd005439,dh006997,31/07/2025,09/08/2025,9089800.0,9089800.0,0.0
hd005440,dh001021,31/07/2025,08/08/2025,1267100.0,1267100.0,0.0
hd005441,dh008188,31/07/2025,12/08/2025,10026600.0,10026600.0,0.0
hd005442,DH009039,31/07/2025,10/08/2025,3711600.0,3711600.0,0.0
hd005443,dh010948,29/07/2025,15/10/2025,111898000.0,81057000.0,30841000.0
hd005444,dh009909,28/07/2025,10/08/2025,1954500.0,1954500.0,0.0
hd005445,dh008013,30/07/2025,10/08/2025,2592000.0,2592000.0,0.0
hd005446,dh003879,30/07/2025,03/10/2025,322421200.0,322421200.0,0.0
hd005447,dh001848,31/07/2025,14/09/2025,58939000.0,45774300.0,13164700.0
hd005448,dh000246,29/07/2025,13/08/2025,3760100.0,3760100.0,0.0
hd005449,dh000510,29/07/2025,13/08/2025,2523200.0,198100.0,2325100.0
hd005450,dh004718,30/07/2025,13/10/2025,227030100.0,227030100.0,0.0
hd005451,dh007448,28/07/2025,05/08/2025,1241100.0,1241100.0,0.0
hd005452,DH006232,28/07/2025,18/10/2025,180253800.0,176327000.0,3926800.0
hd005453,dh001887,29/07/2025,06/08/2025,930000.0,930000.0,0.0
hd005454,dh011628,01/08/2025,16/10/2025,823976900.0,823976900.0,0.0
hd005455,dh005954,01/08/2025,11/08/2025,2380000.0,2380000.0,0.0
hd005456,DH900005,31/07/2025,24/10/2025,625152200.0,206622200.0,418530000.0
HD005457,dh004850,01/08/2025,13/08/2025,274000.0,274000.0,0.0
HD005458,DH900002,31/07/2025,21/09/2025,153035400.0,81224200.0,71811200.0
hd005459,dh001950,30/07/2025,10/06/2025,498193800.0,371715200.0,126478600.0
hd005460,dh003466,01/08/2025,23/09/2025,143759600.0,143759600.0,0.0
HD005461,dh006385,30/07/2025,19/09/2025,401806000.0,401806000.0,0.0
hd005462,dh002849,30/07/2025,07/08/2025,756000.0,717800.0,38200.0
hd005463,dh008093,29/07/2025,08/08/2025,1624900.0,1624900.0,0.0
hd005464,dh002214,31/07/2025,12/08/2025,1598000.0,1598000.0,0.0
hd005465,dh009512,01/08/2025,29/09/2025,128982900.0,100086300.0,28896600.0
hd005466,dh002494,30/07/2025,17/09/2025,254490400.0,254490400.0,0.0
hd005467,DH004963,30/07/2025,13/08/2025,3364400.0,3364400.0,0.0
hd005468,dh005741,31/07/2025,23/09/2025,599653400.0,599653400.0,0.0
HD005469,dh006249,01/08/2025,24/09/2025,383111200.0,54789900.0,328321300.0
hd005470,dh010377,01/08/2025,03/10/2025,50224800.0,50224800.0,0.0
hd005471,dh001523,02/08/2025,13/08/2025,996000.0,109200.0,886800.0
hd005472,dh002412,30/07/2025,14/10/2025,780849200.0,780849200.0,0.0
hd005473,dh001092,31/07/2025,11/08/2025,533000.0,533000.0,0.0
hd005474,DH008080,31/07/2025,09/08/2025,2705000.0,1687200.0,1017800.0
hd005475,dh010488,30/07/2025,06/08/2025,6443300.0,6443300.0,0.0
hd005476,dh006601,02/08/2025,12/10/2025,326859700.0,326859700.0,0.0
hd005477,dh007923,02/08/2025,19/10/2025,186546500.0,186546500.0,0.0
hd005478,DH008869,01/08/2025,18/09/2025,372016000.0,15816200.0,356199800.0
hd005479,dh006222,01/08/2025,15/08/2025,2338000.0,2338000.0,0.0
HD005480,dh000430,30/07/2025,11/08/2025,1013000.0,1013000.0,0.0
hd005481,dh010548,30/07/2025,2025-10-09,148302300.0,147875600.0,426700.0
hd005482,dh009133,01/08/2025,25/09/2025,327230000.0,327230000.0,0.0
HD005483,dh000189,31/07/2025,15/10/2025,266767400.0,266767400.0,0.0
HD005484,dh007061,31/07/2025,14/08/2025,6339000.0,3944100.0,2394900.0
HD005485,dh011283,02/08/2025,11/08/2025,2056000.0,2056000.0,0.0
hd005486,dh005311,02/08/2025,10/10/2025,563147800.0,257376700.0,305771100.0
hd005487,dh004829,01/08/2025,21/10/2025,194128700.0,194128700.0,0.0
HD005488,dh002344,31/07/2025,10/08/2025,3248400.0,3248400.0,0.0
hd005489,dh001531,03/08/2025,16/08/2025,747200.0,747200.0,0.0
hd005490,dh002907,01/08/2025,12/08/2025,6726400.0,6726400.0,0.0
hd005491,dh001864,03/08/2025,21/09/2025,200972200.0,127402800.0,73569400.0
hd005492,dh003190,08/02/2025,12/08/2025,2673700.0,2673700.0,0.0
hd005493,DH900005,31/07/2025,10/17/2025,438169700.0,62904400.0,375265300.0
HD005494,dh009333,31/07/2025,14/08/2025,1024000.0,1024000.0,0.0
hd005495,dh009696,31/07/2025,10/15/2025,254565500.0,254565500.0,0.0
hd005496,dh001836,08/03/2025,18/08/2025,1206500.0,1135700.0,70800.0
hd005497,DH002971,31/07/2025,29/09/2025,582928400.0,450047900.0,132880500.0
hd005498,dh004387,31/07/2025,11/08/2025,275200.0,275200.0,0.0
hd005499,dh004028,03/08/2025,27/09/2025,214228200.0,95434200.0,118794000.0
hd005500,dh005639,01/08/2025,13/08/2025,3719800.0,3719800.0,0.0
HD005501,dh008429,02/08/2025,11/08/2025,208000.0,208000.0,0.0
HD005502,dh001245,02/08/2025,11/08/2025,314500.0,314500.0,0.0
hd005503,dh011504,01/08/2025,16/08/2025,2736800.0,2736800.0,0.0
hd005504,dh010830,02/08/2025,15/10/2025,642588400.0,642588400.0,0.0
hd005505,dh002594,01/08/2025,15/08/2025,2108500.0,2108500.0,0.0
hd005506,dh009703,02/08/2025,20/10/2025,81552700.0,77057200.0,4495500.0
HD005507,dh009438,01/08/2025,29/10/2025,241764600.0,241764600.0,0.0
hd005508,dh011142,01/08/2025,10/08/2025,3030800.0,2321900.0,708900.0
hd005509,dh006301,04/08/2025,19/10/2025,594661200.0,365332900.0,229328300.0
hd005510,dh006162,01/08/2025,12/08/2025,2466000.0,2466000.0,0.0
HD005511,dh001235,04/08/2025,16/08/2025,719100.0,719100.0,0.0
hd005512,,02/08/2025,26/09/2025,947400200.0,390947600.0,556452600.0
hd005513,dh003222,04/08/2025,13/08/2025,2655800.0,2655800.0,0.0
hd005514,dh001601,01/08/2025,16/08/2025,4238400.0,4238400.0,0.0
hd005515,dh002891,01/08/2025,15/10/2025,73073500.0,73073500.0,0.0
hd005516,dh004771,02/08/2025,06/10/2025,326041000.0,35245500.0,290795500.0
HD005517,dh001945,01/08/2025,13/10/2025,428148900.0,428148900.0,0.0
hd005518,dh006131,02/08/2025,12/08/2025,588000.0,588000.0,0.0
hd005519,dh008731,02/08/2025,19/10/2025,762623600.0,583246300.0,179377300.0
hd005520,dh004060,04/08/2025,13/08/2025,3882000.0,3882000.0,0.0
HD005521,dh009108,04/08/2025,18/08/2025,3651000.0,257200.0,3393800.0
hd005522,DH001557,01/08/2025,10/10/2025,102660800.0,14133100.0,88527700.0
hd005523,dh007527,03/08/2025,12/10/2025,79117800.0,48702900.0,30414900.0
hd005524,dh004528,04/08/2025,11/08/2025,72900.0,72900.0,0.0
hd005525,dh007154,05/08/2025,12/10/2025,227690800.0,201059300.0,26631500.0
hd005526,dh009740,04/08/2025,06/10/2025,376445200.0,249458000.0,126987200.0
hd005527,dh009644,02/08/2025,08/12/2025,3291200.0,3291200.0,0.0
HD005528,dh004603,04/08/2025,11/08/2025,6395200.0,6395200.0,0.0
HD005529,dh011939,03/08/2025,17/08/2025,7015000.0,3193500.0,3821500.0
hd005530,dh011374,05/08/2025,18/08/2025,5780000.0,4457900.0,1322100.0
hd005531,dh002773,02/08/2025,01/10/2025,107011000.0,9199400.0,97811600.0
hd005532,dh005444,05/08/2025,08/17/2025,176800.0,176800.0,0.0
hd005533,dh011943,05/08/2025,31/10/2025,299911100.0,299911100.0,0.0
HD005534,dh004385,03/08/2025,16/08/2025,6359000.0,6359000.0,0.0
hd005535,dh000446,04/08/2025,27/10/2025,321582000.0,321582000.0,0.0
hd005536,dh002665,06/08/2025,07/10/2025,550934600.0,550934600.0,0.0
hd005537,DH010334,06/08/2025,09/10/2025,52662000.0,52662000.0,0.0
hd005538,DH009910,04/08/2025,08/11/2025,1046200.0,1046200.0,0.0
hd005539,dh002532,05/08/2025,25/10/2025,149387500.0,110946200.0,38441300.0
hd005540,dh009195,03/08/2025,11/08/2025,2709000.0,2709000.0,0.0
hd005541,dh009884,03/08/2025,25/09/2025,573380200.0,459014300.0,114365900.0
hd005542,dh002729,04/08/2025,29/10/2025,563114000.0,563114000.0,0.0
HD005543,dh011502,04/08/2025,09/10/2025,679011500.0,293844200.0,385167300.0
HD005544,dh002453,04/08/2025,18/08/2025,2013000.0,613300.0,1399700.0
hd005545,DH008367,05/08/2025,12/08/2025,1927800.0,1927800.0,0.0
hd005546,dh009056,05/08/2025,30/09/2025,380630200.0,380630200.0,0.0
hd005547,dh001908,05/08/2025,12/08/2025,1184400.0,1184400.0,0.0
hd005548,DH001475,03/08/2025,21/10/2025,582705600.0,398631400.0,184074200.0
HD005549,dh010910,06/08/2025,20/08/2025,115000.0,115000.0,0.0
hd005550,dh002545,03/08/2025,26/09/2025,191483600.0,3276200.0,188207400.0
hd005551,dh006914,04/08/2025,11/08/2025,114000.0,114000.0,0.0
hd005552,dh010887,04/08/2025,2025-10-11,56849400.0,56849400.0,0.0
hd005553,dh006299,04/08/2025,16/08/2025,8096000.0,8096000.0,0.0
hd005554,dh011427,05/08/2025,2025-08-20,6193000.0,6193000.0,0.0
hd005555,dh006545,05/08/2025,28/10/2025,93700600.0,84499000.0,9201600.0
hd005556,dh000023,07/08/2025,29/09/2025,435384000.0,435384000.0,0.0
hd005557,dh004090,06/08/2025,19/08/2025,10460200.0,10460200.0,0.0
hd005558,dh000764,07/08/2025,17/08/2025,53200.0,53200.0,0.0
hd005559,dh002371,04/08/2025,17/08/2025,5348500.0,506600.0,4841900.0
hd005560,DH001888,07/08/2025,17/08/2025,252900.0,252900.0,0.0
hd005561,dh010378,07/08/2025,18/10/2025,310844700.0,310844700.0,0.0
HD005562,dh003713,06/08/2025,08/10/2025,243482600.0,208993800.0,34488800.0
HD005563,dh003212,05/08/2025,27/10/2025,234427600.0,234427600.0,0.0
hd005564,dh002104,05/08/2025,2025-08-18,401200.0,401200.0,0.0
hd005565,dh008187,05/08/2025,20/08/2025,1391800.0,1391800.0,0.0
hd005566,dh006771,06/08/2025,19/08/2025,232600.0,232600.0,0.0
hd005567,dh005598,04/08/2025,16/08/2025,2860000.0,1857700.0,1002300.0
hd005568,DH000442,05/08/2025,19/09/2025,169557600.0,169557600.0,0.0
HD005569,DH000663,04/08/2025,17/10/2025,176519700.0,54106000.0,122413700.0
hd005570,,08/08/2025,21/08/2025,449800.0,244000.0,205800.0
hd005571,dh007680,08/08/2025,29/10/2025,75180800.0,75180800.0,0.0
HD005572,dh003065,08/08/2025,05/11/2025,855684400.0,855684400.0,0.0
hd005573,dh007698,07/08/2025,18/08/2025,1989900.0,1989900.0,0.0
hd005574,DH900008,05/08/2025,19/09/2025,682701000.0,336624600.0,346076400.0
HD005575,dh007920,07/08/2025,18/08/2025,1686000.0,1686000.0,0.0
hd005576,dh002262,08/08/2025,18/08/2025,6062700.0,6062700.0,0.0
hd005577,dh011238,06/08/2025,21/10/2025,463382200.0,454804000.0,8578200.0
hd005578,dh000680,07/08/2025,23/09/2025,395637500.0,395637500.0,0.0
hd005579,dh008285,08/08/2025,17/10/2025,506771600.0,212323500.0,294448100.0
hd005580,dh005801,08/08/2025,16/08/2025,3707000.0,3707000.0,0.0
hd005581,dh000797,08/08/2025,16/08/2025,2828800.0,2540000.0,288800.0
hd005582,dh010925,08/08/2025,17/08/2025,576000.0,576000.0,0.0
hd005583,dh004149,06/08/2025,15/10/2025,128502000.0,123980200.0,4521800.0
hd005584,dh003888,05/08/2025,20/09/2025,164770600.0,140064300.0,24706300.0
hd005585,dh003966,06/08/2025,17/08/2025,866400.0,866400.0,0.0
hd005586,,07/08/2025,24/10/2025,368738200.0,223749700.0,144988500.0
HD005587,DH008517,08/08/2025,16/08/2025,4078800.0,4078800.0,0.0
hd005588,dh004205,08/08/2025,20/08/2025,1216000.0,1216000.0,0.0
hd005589,dh010758,06/08/2025,27/10/2025,28492200.0,13803300.0,14688900.0
hd005590,dh000301,07/08/2025,08/14/2025,1854400.0,1854400.0,0.0
HD005591,dh007241,08/08/2025,09/10/2025,379128000.0,379128000.0,0.0
hd005592,dh007067,08/08/2025,29/09/2025,291409400.0,88484600.0,202924800.0
HD005593,dh004481,09/08/2025,23/09/2025,180084000.0,180084000.0,0.0
hd005594,DH005347,08/08/2025,29/10/2025,302273000.0,1367900.0,300905100.0
hd005595,dh006006,09/08/2025,2025-10-16,133678800.0,133678800.0,0.0
hd005596,,06/08/2025,18/08/2025,894000.0,894000.0,0.0
HD005597,DH003315,07/08/2025,16/08/2025,3822700.0,3214400.0,608300.0
hd005598,DH008438,08/08/2025,22/08/2025,12668800.0,12668800.0,0.0
hd005599,dh006047,08/08/2025,23/08/2025,60000.0,60000.0,0.0
hd005600,dh008659,10/08/2025,26/09/2025,112284400.0,112284400.0,0.0
HD005601,dh011747,08/08/2025,15/08/2025,471200.0,461600.0,9600.0
hd005602,dh008154,08/08/2025,15/08/2025,3954600.0,3954600.0,0.0
HD005603,dh009500,09/08/2025,21/08/2025,2167000.0,2167000.0,0.0
hd005604,dh003709,10/08/2025,14/10/2025,187479200.0,46453600.0,141025600.0
hd005605,dh001834,07/08/2025,19/08/2025,825000.0,825000.0,0.0
hd005606,dh011383,07/08/2025,21/09/2025,493811400.0,493811400.0,0.0
hd005607,dh000184,09/08/2025,18/08/2025,1739700.0,1739700.0,0.0
hd005608,dh000312,07/08/2025,08/16/2025,1628200.0,1628200.0,0.0
hd005609,dh000250,10/08/2025,01/11/2025,97376600.0,47309100.0,50067500.0
HD005610,dh011356,10/08/2025,19/08/2025,165600.0,165600.0,0.0
hd005611,dh011938,11/08/2025,18/08/2025,2452000.0,2452000.0,0.0
hd005612,dh011927,08/08/2025,11/10/2025,484085700.0,210507800.0,273577900.0
hd005613,dh003897,2025-08-09,19/08/2025,3717900.0,3717900.0,0.0
HD005614,dh000367,10/08/2025,06/11/2025,126068500.0,126068500.0,0.0
hd005615,dh007756,08/08/2025,20/10/2025,335658800.0,246637800.0,89021000.0
hd005616,dh007379,10/08/2025,06/11/2025,46887800.0,36782200.0,10105600.0
HD005617,dh006743,09/08/2025,22/08/2025,1174500.0,1174500.0,0.0
hd005618,dh004749,08/08/2025,27/10/2025,503887400.0,135124600.0,368762800.0
hd005619,dh007942,08/08/2025,25/09/2025,70251000.0,50733300.0,19517700.0
hd005620,dh000380,11/08/2025,26/09/2025,518652500.0,403002000.0,115650500.0
hd005621,dh010282,09/08/2025,16/08/2025,394000.0,394000.0,0.0
hd005622,,11/08/2025,08/11/2025,173358900.0,173358900.0,0.0
hd005623,dh004452,10/08/2025,22/08/2025,3178500.0,3178500.0,0.0
hd005624,dh011744,11/08/2025,10/25/2025,228589600.0,129682900.0,98906700.0
hd005625,dh007290,11/08/2025,06/10/2025,111857600.0,90190000.0,21667600.0
HD005626,,12/08/2025,30/10/2025,177169600.0,132958200.0,44211400.0
hd005627,dh007419,10/08/2025,24/08/2025,1470000.0,1470000.0,0.0
hd005628,dh008453,10/08/2025,19/08/2025,48000.0,48000.0,0.0
hd005629,dh008060,11/08/2025,08/20/2025,2690700.0,2690700.0,0.0
HD005630,dh007559,10/08/2025,04/10/2025,432963200.0,357370500.0,75592700.0
HD005631,dh007291,09/08/2025,12/10/2025,512189000.0,455636900.0,56552100.0
hd005632,dh003940,11/08/2025,06/11/2025,321548700.0,306089600.0,15459100.0
hd005633,dh007088,12/08/2025,30/10/2025,195205400.0,106795000.0,88410400.0
HD005634,dh004645,09/08/2025,23/08/2025,15284700.0,15284700.0,0.0
hd005635,dh010407,09/08/2025,08/19/2025,6199300.0,6199300.0,0.0
hd005636,dh011714,12/08/2025,06/11/2025,80354500.0,80354500.0,0.0
hd005637,DH005688,12/08/2025,26/08/2025,187000.0,187000.0,0.0
HD005638,dh005825,10/08/2025,30/10/2025,438697700.0,438697700.0,0.0
hd005639,DH002255,11/08/2025,02/10/2025,339111800.0,339111800.0,0.0
hd005640,DH011576,09/08/2025,24/08/2025,4531500.0,1179500.0,3352000.0
hd005641,dh004572,10/08/2025,01/11/2025,77921200.0,66157100.0,11764100.0
hd005642,dh004786,13/08/2025,18/10/2025,160652600.0,160652600.0,0.0
HD005643,dh000258,10/08/2025,24/08/2025,2061400.0,2061400.0,0.0
HD005644,dh001369,11/08/2025,21/08/2025,1524000.0,1524000.0,0.0
hd005645,dh002011,13/08/2025,14/10/2025,537210000.0,358131500.0,179078500.0
hd005646,DH900001,08/11/2025,21/08/2025,3420000.0,3420000.0,0.0
hd005647,dh003755,11/08/2025,29/09/2025,504181000.0,504181000.0,0.0
hd005648,DH011285,13/08/2025,20/08/2025,8928000.0,8928000.0,0.0
hd005649,dh011997,13/08/2025,21/08/2025,1917600.0,1917600.0,0.0
hd005650,dh000322,12/08/2025,19/08/2025,3777600.0,3777600.0,0.0
hd005651,dh007016,13/08/2025,24/08/2025,2634200.0,2634200.0,0.0
HD005652,dh003685,12/08/2025,24/08/2025,8658600.0,8658600.0,0.0
hd005653,dh001172,12/08/2025,23/08/2025,78200.0,78200.0,0.0
HD005654,,13/08/2025,04/11/2025,85442400.0,70178400.0,15264000.0
hd005655,dh005994,13/08/2025,08/25/2025,5159000.0,5159000.0,0.0
HD005656,dh008016,11/08/2025,15/10/2025,562846200.0,562846200.0,0.0
HD005657,dh009367,10/08/2025,19/08/2025,1858000.0,1858000.0,0.0
hd005658,dh010473,12/08/2025,02/11/2025,638652800.0,638652800.0,0.0
hd005659,dh008774,12/08/2025,31/10/2025,62838600.0,29383800.0,33454800.0
hd005660,dh000532,12/08/2025,29/09/2025,260458400.0,130101300.0,130357100.0
HD005661,dh002087,14/08/2025,13/10/2025,680978100.0,514659100.0,166319000.0
hd005662,dh009559,12/08/2025,10/10/2025,130764500.0,107587100.0,23177400.0
hd005663,dh011794,13/08/2025,06/10/2025,359621800.0,359621800.0,0.0
HD005664,DH900003,11/08/2025,21/08/2025,161500.0,161500.0,0.0
hd005665,dh003456,12/08/2025,19/10/2025,328539500.0,326335500.0,2204000.0
hd005666,dh006071,14/08/2025,11/08/2025,325668200.0,325668200.0,0.0
hd005667,dh003629,14/08/2025,29/08/2025,1734700.0,1639100.0,95600.0
hd005668,,15/08/2025,25/08/2025,5217800.0,5217800.0,0.0
hd005669,dh000904,12/08/2025,2025-08-23,9749000.0,9749000.0,0.0
hd005670,dh002869,12/08/2025,16/10/2025,21746400.0,18294800.0,3451600.0
hd005671,dh000535,15/08/2025,07/10/2025,203387800.0,85293800.0,118094000.0
hd005672,DH900008,12/08/2025,19/08/2025,1632600.0,1481900.0,150700.0
hd005673,dh005714,12/08/2025,07/10/2025,454093600.0,83660400.0,370433200.0
hd005674,dh002227,14/08/2025,21/08/2025,750000.0,750000.0,0.0
hd005675,dh003894,15/08/2025,25/08/2025,5515200.0,5515200.0,0.0
HD005676,dh006819,13/08/2025,07/10/2025,693343800.0,693343800.0,0.0
hd005677,dh000277,16/08/2025,25/08/2025,5992000.0,5992000.0,0.0
hd005678,dh009413,14/08/2025,24/08/2025,3848000.0,3438300.0,409700.0
HD005679,DH900001,16/08/2025,28/08/2025,556000.0,556000.0,0.0
hd005680,dh004552,13/08/2025,09/10/2025,468988700.0,468988700.0,0.0
hd005681,dh006985,15/08/2025,29/08/2025,924000.0,924000.0,0.0
hd005682,dh004379,13/08/2025,26/10/2025,75915000.0,75915000.0,0.0
HD005683,dh006745,16/08/2025,06/10/2025,763045300.0,763045300.0,0.0
hd005684,dh011005,15/08/2025,22/10/2025,712357300.0,712357300.0,0.0
hd005685,dh004155,15/08/2025,23/08/2025,1863000.0,1863000.0,0.0
hd005686,DH007122,13/08/2025,10/10/2025,350536800.0,350536800.0,0.0
hd005687,dh007652,14/08/2025,02/10/2025,473928600.0,473928600.0,0.0
HD005688,dh003571,13/08/2025,04/11/2025,480970100.0,228858800.0,252111300.0
hd005689,dh002084,13/08/2025,25/08/2025,2428300.0,2428300.0,0.0
hd005690,dh010331,2025-08-16,29/08/2025,2221200.0,2221200.0,0.0
hd005691,DH004297,13/08/2025,27/10/2025,697601700.0,465042200.0,232559500.0
hd005692,dh004871,13/08/2025,20/08/2025,10185700.0,10185700.0,0.0
hd005693,dh006866,15/08/2025,29/08/2025,1816600.0,1816600.0,0.0
hd005694,dh008670,14/08/2025,11/10/2025,158910600.0,28028300.0,130882300.0
hd005695,dh008044,15/08/2025,05/11/2025,196670900.0,196670900.0,0.0
hd005696,dh007108,14/08/2025,26/08/2025,3102000.0,3102000.0,0.0
hd005697,dh009494,14/08/2025,06/11/2025,400924600.0,290464600.0,110460000.0
hd005698,dh010664,16/08/2025,29/08/2025,4747800.0,4747800.0,0.0
hd005699,DH009983,17/08/2025,25/08/2025,809500.0,687700.0,121800.0
hd005700,dh011764,17/08/2025,04/10/2025,148250000.0,93011400.0,55238600.0
hd005701,dh002485,15/08/2025,06/10/2025,312146600.0,312146600.0,0.0
hd005702,dh009357,14/08/2025,06/10/2025,380255100.0,380255100.0,0.0
hd005703,dh004747,14/08/2025,13/10/2025,399246800.0,247556500.0,151690300.0
HD005704,dh010342,16/08/2025,13/11/2025,216468800.0,216468800.0,0.0
hd005705,DH004067,14/08/2025,10/10/2025,179508800.0,61901200.0,117607600.0
hd005706,dh003986,17/08/2025,30/08/2025,10840800.0,10840800.0,0.0
hd005707,dh004089,14/08/2025,10/03/2025,114311600.0,20247200.0,94064400.0
hd005708,DH002615,14/08/2025,28/08/2025,1249200.0,1249200.0,0.0
hd005709,dh007757,16/08/2025,30/08/2025,1675400.0,1675400.0,0.0
hd005710,dh001971,17/08/2025,28/08/2025,548000.0,548000.0,0.0
hd005711,dh000971,14/08/2025,28/08/2025,3007000.0,3007000.0,0.0
hd005712,dh010391,15/08/2025,22/08/2025,3060000.0,3060000.0,0.0
hd005713,dh008589,15/08/2025,27/10/2025,272557400.0,272557400.0,0.0
hd005714,DH004911,16/08/2025,17/10/2025,686811100.0,686811100.0,0.0
hd005715,dh007073,15/08/2025,05/10/2025,373148300.0,373148300.0,0.0
HD005716,dh000621,15/08/2025,27/08/2025,1915200.0,1915200.0,0.0
hd005717,DH004998,18/08/2025,25/08/2025,3264000.0,3264000.0,0.0
hd005718,dh007416,18/08/2025,01/09/2025,15389400.0,15389400.0,0.0
HD005719,dh000491,15/08/2025,28/08/2025,905100.0,905100.0,0.0
hd005720,dh003320,17/08/2025,01/10/2025,345008800.0,345008800.0,0.0
hd005721,dh011911,16/08/2025,2025-10-19,111080900.0,111080900.0,0.0
HD005722,dh001014,16/08/2025,24/08/2025,2499000.0,2137600.0,361400.0
HD005723,dh010601,18/08/2025,28/10/2025,412153100.0,135992000.0,276161100.0
hd005724,dh005675,17/08/2025,14/10/2025,322262800.0,231369200.0,90893600.0
hd005725,dh004934,17/08/2025,25/08/2025,5474000.0,4922200.0,551800.0
hd005726,DH008085,17/08/2025,08/30/2025,2570000.0,2570000.0,0.0
HD005727,dh003204,17/08/2025,01/09/2025,9124400.0,9124400.0,0.0
hd005728,dh006065,17/08/2025,09/10/2025,93979400.0,93979400.0,0.0
hd005729,dh000263,17/08/2025,31/08/2025,2059000.0,2059000.0,0.0
hd005730,dh007779,2025-08-16,26/08/2025,348500.0,348500.0,0.0
HD005731,dh008230,18/08/2025,26/08/2025,932000.0,932000.0,0.0
hd005732,dh002250,19/08/2025,26/08/2025,4210800.0,4210800.0,0.0
hd005733,dh001994,18/08/2025,11/11/2025,547045500.0,403962700.0,143082800.0
hd005734,dh008631,16/08/2025,01/11/2025,758250600.0,758250600.0,0.0
HD005735,DH004536,17/08/2025,12/10/2025,314118300.0,197149400.0,116968900.0
hd005736,dh001725,2025-08-17,14/10/2025,380328200.0,380328200.0,0.0
hd005737,dh011071,19/08/2025,07/10/2025,280966400.0,175213400.0,105753000.0
hd005738,dh009722,19/08/2025,02/09/2025,530000.0,104400.0,425600.0
hd005739,dh010213,18/08/2025,15/10/2025,275091200.0,275091200.0,0.0
hd005740,dh000501,17/08/2025,24/10/2025,311937700.0,311937700.0,0.0
HD005741,dh009157,17/08/2025,16/10/2025,186349100.0,91289700.0,95059400.0
hd005742,dh006239,16/08/2025,29/08/2025,1393000.0,1238100.0,154900.0
hd005743,dh003942,16/08/2025,28/08/2025,1439400.0,1439400.0,0.0
hd005744,dh003356,17/08/2025,01/09/2025,171000.0,171000.0,0.0
hd005745,DH003455,17/08/2025,22/10/2025,809489400.0,217604200.0,591885200.0
hd005746,dh011120,19/08/2025,01/09/2025,1290000.0,1290000.0,0.0
HD005747,dh002859,17/08/2025,14/11/2025,210071400.0,210071400.0,0.0
hd005748,dh010483,19/08/2025,02/09/2025,3418200.0,3418200.0,0.0
hd005749,dh007106,19/08/2025,07/10/2025,182594000.0,182594000.0,0.0
hd005750,dh005218,20/08/2025,05/10/2025,161055800.0,161055800.0,0.0
hd005751,dh008214,18/08/2025,10/06/2025,314987000.0,33213100.0,281773900.0
HD005752,DH001555,17/08/2025,03/11/2025,315344200.0,302965100.0,12379100.0
HD005753,dh002150,20/08/2025,29/10/2025,169221700.0,169221700.0,0.0
hd005754,dh011143,18/08/2025,29/08/2025,1135600.0,1135600.0,0.0
hd005755,dh010487,19/08/2025,27/08/2025,1245800.0,1245800.0,0.0
hd005756,dh006778,17/08/2025,30/08/2025,1184400.0,1184400.0,0.0
hd005757,dh010997,18/08/2025,25/10/2025,546677300.0,290058700.0,256618600.0
hd005758,DH005823,18/08/2025,30/08/2025,6924600.0,6924600.0,0.0
HD005759,dh000180,21/08/2025,30/08/2025,83700.0,83700.0,0.0
hd005760,dh006739,21/08/2025,01/09/2025,95000.0,24600.0,70400.0
hd005761,dh005900,21/08/2025,16/11/2025,72515400.0,32434600.0,40080800.0
hd005762,dh004537,20/08/2025,08/10/2025,346906300.0,346906300.0,0.0
HD005763,dh006280,19/08/2025,11/07/2025,95234400.0,95234400.0,0.0
hd005764,dh001704,18/08/2025,01/09/2025,1716000.0,1716000.0,0.0
hd005765,dh008179,19/08/2025,26/08/2025,1322400.0,1322400.0,0.0
hd005766,dh006718,18/08/2025,31/08/2025,1113000.0,1113000.0,0.0
HD005767,dh008062,21/08/2025,01/09/2025,11445300.0,11445300.0,0.0
hd005768,dh001339,18/08/2025,30/08/2025,1673800.0,1673800.0,0.0
HD005769,dh007744,20/08/2025,30/08/2025,13160600.0,13160600.0,0.0
HD005770,dh000640,19/08/2025,27/08/2025,5689100.0,5689100.0,0.0
hd005771,dh004997,20/08/2025,02/09/2025,2489000.0,2489000.0,0.0
hd005772,dh011577,18/08/2025,20/10/2025,764839600.0,748372200.0,16467400.0
hd005773,dh004837,21/08/2025,31/10/2025,614025400.0,614025400.0,0.0
hd005774,dh002509,19/08/2025,28/08/2025,2151000.0,1159400.0,991600.0
hd005775,dh007216,19/08/2025,30/08/2025,2516000.0,2516000.0,0.0
hd005776,,19/08/2025,06/11/2025,697653500.0,54713800.0,642939700.0
hd005777,DH006567,21/08/2025,24/10/2025,200970000.0,200970000.0,0.0
hd005778,DH006374,21/08/2025,19/11/2025,136562200.0,135034600.0,1527600.0
HD005779,dh001179,21/08/2025,19/10/2025,419128100.0,419128100.0,0.0
HD005780,,19/08/2025,10/10/2025,52263000.0,5370800.0,46892200.0
HD005781,dh010846,19/08/2025,24/10/2025,162475000.0,162475000.0,0.0
hd005782,dh011255,20/08/2025,01/09/2025,10773000.0,4601600.0,6171400.0
hd005783,dh001939,20/08/2025,02/09/2025,2246000.0,2246000.0,0.0
HD005784,dh001726,20/08/2025,04/09/2025,7385300.0,7385300.0,0.0
hd005785,dh010828,21/08/2025,07/10/2025,349371900.0,318363800.0,31008100.0
hd005786,dh007623,21/08/2025,29/08/2025,6560600.0,6560600.0,0.0
hd005787,dh008959,22/08/2025,15/10/2025,110650900.0,14283300.0,96367600.0
HD005788,dh008656,21/08/2025,05/09/2025,117000.0,117000.0,0.0
hd005789,dh009106,20/08/2025,30/10/2025,478038500.0,226772600.0,251265900.0
HD005790,DH003026,19/08/2025,04/11/2025,393121500.0,310454300.0,82667200.0
HD005791,dh008017,19/08/2025,26/10/2025,493326700.0,493321800.0,4900.0
hd005792,dh003818,19/08/2025,21/10/2025,402287200.0,168353600.0,233933600.0
hd005793,dh001903,22/08/2025,15/10/2025,126720300.0,126720300.0,0.0
hd005794,dh002162,19/08/2025,27/08/2025,4617000.0,4617000.0,0.0
hd005795,dh010670,21/08/2025,11/10/2025,317242600.0,210181000.0,107061600.0
hd005796,dh000979,22/08/2025,29/08/2025,1968000.0,1968000.0,0.0
hd005797,dh010096,22/08/2025,25/10/2025,402157400.0,89313100.0,312844300.0
hd005798,dh005361,20/08/2025,28/08/2025,2082500.0,2082500.0,0.0
hd005799,dh002157,21/08/2025,28/08/2025,352000.0,311700.0,40300.0
hd005800,dh008039,23/08/2025,31/08/2025,1652400.0,1652400.0,0.0
hd005801,DH005866,22/08/2025,02/09/2025,5148000.0,5148000.0,0.0
hd005802,dh003382,08/22/2025,06/09/2025,13167500.0,13167500.0,0.0
HD005803,dh006507,23/08/2025,31/08/2025,4292200.0,976900.0,3315300.0
HD005804,dh010921,24/08/2025,01/11/2025,625820000.0,625820000.0,0.0
hd005805,dh001207,24/08/2025,24/10/2025,409835200.0,409835200.0,0.0
hd005806,dh002855,23/08/2025,03/09/2025,1344000.0,1344000.0,0.0
hd005807,dh001806,23/08/2025,05/11/2025,202612000.0,202612000.0,0.0
hd005808,dh004097,23/08/2025,07/09/2025,6365600.0,6365600.0,0.0
hd005809,DH900009,23/08/2025,13/11/2025,149020900.0,149020900.0,0.0
hd005810,dh009658,24/08/2025,30/10/2025,206517000.0,206517000.0,0.0
hd005811,dh009211,21/08/2025,23/10/2025,194247700.0,31490700.0,162757000.0
hd005812,dh007593,22/08/2025,06/09/2025,958000.0,958000.0,0.0
hd005813,dh006324,24/08/2025,21/11/2025,109373000.0,64616200.0,44756800.0
hd005814,dh006060,22/08/2025,29/08/2025,2304000.0,2304000.0,0.0
hd005815,DH003554,24/08/2025,03/09/2025,1678800.0,1678800.0,0.0
hd005816,dh006573,22/08/2025,05/09/2025,74400.0,50700.0,23700.0
HD005817,DH900004,22/08/2025,09/11/2025,342117600.0,37944400.0,304173200.0
hd005818,dh005883,08/22/2025,20/11/2025,183704000.0,183704000.0,0.0
hd005819,dh002897,22/08/2025,10/10/2025,318316600.0,148385000.0,169931600.0
hd005820,dh002805,23/08/2025,06/09/2025,5355000.0,5355000.0,0.0
hd005821,dh010777,23/08/2025,31/08/2025,7416000.0,7416000.0,0.0
hd005822,dh000631,25/08/2025,23/10/2025,50746700.0,50746700.0,0.0
HD005823,dh010133,22/08/2025,31/08/2025,837200.0,837200.0,0.0
hd005824,DH002542,24/08/2025,21/11/2025,62086100.0,55196700.0,6889400.0
HD005825,dh010804,24/08/2025,31/08/2025,1236600.0,1236600.0,0.0
hd005826,dh007921,23/08/2025,07/09/2025,3231900.0,3231900.0,0.0
HD005827,dh003876,22/08/2025,03/09/2025,2052000.0,2052000.0,0.0
HD005828,dh000817,22/08/2025,01/09/2025,243000.0,243000.0,0.0
hd005829,DH002406,25/08/2025,04/09/2025,310000.0,310000.0,0.0
hd005830,dh009945,24/08/2025,16/11/2025,269454100.0,269416300.0,37800.0
hd005831,dh006441,25/08/2025,09/09/2025,9797400.0,9797400.0,0.0
HD005832,dh000528,23/08/2025,13/10/2025,294252500.0,294252500.0,0.0
hd005833,dh002514,24/08/2025,08/11/2025,323654000.0,330600.0,323323400.0
hd005834,dh011624,24/08/2025,17/11/2025,411559800.0,186047300.0,225512500.0
HD005835,dh009459,23/08/2025,13/11/2025,255676600.0,255676600.0,0.0
hd005836,dh002238,24/08/2025,2025-09-08,8644000.0,8644000.0,0.0
hd005837,dh005717,24/08/2025,20/10/2025,184578000.0,184578000.0,0.0
hd005838,dh011400,25/08/2025,25/10/2025,91199200.0,56459700.0,34739500.0
hd005839,dh000890,25/08/2025,01/09/2025,324000.0,324000.0,0.0
hd005840,dh004826,26/08/2025,22/11/2025,159502200.0,159502200.0,0.0
hd005841,dh005662,25/08/2025,02/09/2025,8604000.0,8604000.0,0.0
hd005842,dh008486,24/08/2025,08/09/2025,4043700.0,4043700.0,0.0
hd005843,dh011286,2025-08-25,04/09/2025,9726800.0,9726800.0,0.0
hd005844,dh004361,26/08/2025,09/09/2025,3345200.0,2368400.0,976800.0
hd005845,dh007639,24/08/2025,17/10/2025,77827000.0,14234400.0,63592600.0
hd005846,dh011635,23/08/2025,24/10/2025,79521800.0,1121400.0,78400400.0
hd005847,dh009761,26/08/2025,16/10/2025,237846800.0,5039300.0,232807500.0
HD005848,dh006557,26/08/2025,02/11/2025,425743200.0,425743200.0,0.0
hd005849,dh008131,24/08/2025,04/09/2025,8487000.0,8487000.0,0.0
hd005850,dh009925,23/08/2025,10/29/2025,1254843400.0,1254843400.0,0.0
hd005851,dh003023,24/08/2025,15/11/2025,564553200.0,67794300.0,496758900.0
HD005852,dh004860,24/08/2025,08/09/2025,900000.0,900000.0,0.0
hd005853,dh004371,24/08/2025,27/10/2025,771687000.0,771687000.0,0.0
HD005854,DH008734,26/08/2025,27/10/2025,359035000.0,316102500.0,42932500.0
hd005855,dh000222,24/08/2025,16/11/2025,314210200.0,314210200.0,0.0
hd005856,dh001629,24/08/2025,03/09/2025,11615400.0,11615400.0,0.0
hd005857,dh011933,26/08/2025,21/10/2025,396188700.0,31429100.0,364759600.0
hd005858,dh000150,26/08/2025,20/11/2025,392276900.0,107827300.0,284449600.0
HD005859,dh005199,26/08/2025,03/09/2025,1200000.0,1200000.0,0.0
HD005860,dh007167,25/08/2025,16/10/2025,390066300.0,390066300.0,0.0
hd005861,dh008294,27/08/2025,09/11/2025,5659200.0,5659200.0,0.0
HD005862,dh004222,24/08/2025,2025-09-01,1080000.0,416500.0,663500.0
hd005863,dh000195,26/08/2025,10/09/2025,1015000.0,672200.0,342800.0
hd005864,dh008701,26/08/2025,04/09/2025,1147200.0,1147200.0,0.0
HD005865,dh010985,24/08/2025,21/11/2025,217942200.0,136630300.0,81311900.0
hd005866,,2025-08-24,19/10/2025,318196900.0,108507100.0,209689800.0
hd005867,dh006481,26/08/2025,02/09/2025,2134200.0,2134200.0,0.0
hd005868,dh002347,27/08/2025,11/08/2025,666042700.0,69548600.0,596494100.0
hd005869,dh002254,27/08/2025,04/11/2025,354123600.0,295832000.0,58291600.0
hd005870,dh011638,26/08/2025,10/09/2025,359100.0,359100.0,0.0
hd005871,dh011809,28/08/2025,09/09/2025,2015600.0,2015600.0,0.0
hd005872,,28/08/2025,17/11/2025,224520600.0,137460500.0,87060100.0
hd005873,dh002492,27/08/2025,19/11/2025,231608400.0,231608400.0,0.0
hd005874,dh010137,27/08/2025,11/09/2025,164000.0,164000.0,0.0
HD005875,dh005229,28/08/2025,07/09/2025,1935800.0,1231600.0,704200.0
hd005876,dh001473,08/25/2025,09/09/2025,1700600.0,1700600.0,0.0
hd005877,,26/08/2025,04/09/2025,127500.0,127500.0,0.0
HD005878,DH008300,26/08/2025,07/09/2025,5532000.0,5532000.0,0.0
hd005879,dh004559,27/08/2025,25/11/2025,150968800.0,150968800.0,0.0
hd005880,dh010733,26/08/2025,08/11/2025,273654200.0,171961500.0,101692700.0
HD005881,dh009197,08/25/2025,09/10/2025,143218800.0,143218800.0,0.0
hd005882,dh005978,26/08/2025,03/09/2025,1275500.0,435200.0,840300.0
hd005883,dh001554,29/08/2025,08/09/2025,9954000.0,8203200.0,1750800.0
HD005884,dh005815,26/08/2025,10/09/2025,12028500.0,12028500.0,0.0
hd005885,dh004575,29/08/2025,13/09/2025,9323100.0,9323100.0,0.0
hd005886,dh002143,29/08/2025,10/09/2025,1151400.0,1151400.0,0.0
hd005887,dh004655,27/08/2025,09/09/2025,2876000.0,1103100.0,1772900.0
hd005888,dh008117,28/08/2025,11/09/2025,2357400.0,2357400.0,0.0
hd005889,dh003219,28/08/2025,07/09/2025,1826000.0,1826000.0,0.0
hd005890,dh004818,28/08/2025,09/09/2025,2487400.0,2487400.0,0.0
HD005891,DH009992,27/08/2025,03/11/2025,300090400.0,300090400.0,0.0
hd005892,dh004372,29/08/2025,20/10/2025,293512400.0,293512400.0,0.0
hd005893,dh006024,26/08/2025,07/09/2025,820000.0,820000.0,0.0
HD005894,dh006952,08/26/2025,11/17/2025,338598400.0,338598400.0,0.0
hd005895,dh002083,29/08/2025,06/11/2025,286988200.0,286988200.0,0.0
HD005896,dh009956,28/08/2025,06/09/2025,43700.0,43700.0,0.0
hd005897,dh005044,29/08/2025,05/09/2025,909000.0,909000.0,0.0
HD005898,DH011528,29/08/2025,06/11/2025,72126200.0,1527500.0,70598700.0
hd005899,dh009941,30/08/2025,13/09/2025,6885000.0,6885000.0,0.0
hd005900,dh009540,29/08/2025,16/10/2025,720721600.0,108412900.0,612308700.0
hd005901,dh009471,28/08/2025,06/11/2025,289465100.0,254879600.0,34585500.0
hd005902,dh006706,30/08/2025,14/09/2025,9985000.0,9985000.0,0.0
hd005903,,27/08/2025,20/10/2025,237326800.0,174725400.0,62601400.0
hd005904,dh008806,27/08/2025,11/09/2025,11679000.0,11679000.0,0.0
hd005905,DH900007,28/08/2025,09/12/2025,1650000.0,1650000.0,0.0
hd005906,dh004607,27/08/2025,09/11/2025,146504000.0,99866100.0,46637900.0
hd005907,dh004071,27/08/2025,10/09/2025,2372400.0,2372400.0,0.0
hd005908,dh005282,30/08/2025,29/10/2025,1199605700.0,162595700.0,1037010000.0
hd005909,dh005464,30/08/2025,11/09/2025,12851600.0,10363400.0,2488200.0
hd005910,dh008066,29/08/2025,07/09/2025,2538000.0,2538000.0,0.0
HD005911,dh007791,28/08/2025,09/09/2025,1750800.0,1750800.0,0.0
hd005912,dh004419,27/08/2025,28/10/2025,783602000.0,40611100.0,742990900.0
hd005913,dh002187,30/08/2025,14/10/2025,406915100.0,46937200.0,359977900.0
hd005914,dh010447,29/08/2025,09/09/2025,5955300.0,5955300.0,0.0
HD005915,dh003910,30/08/2025,03/11/2025,113131400.0,72070300.0,41061100.0
HD005916,dh005011,29/08/2025,06/09/2025,2690000.0,2690000.0,0.0
hd005917,,28/08/2025,26/10/2025,242714000.0,75523300.0,167190700.0
hd005918,dh002036,31/08/2025,09/07/2025,8802000.0,8802000.0,0.0
HD005919,dh007276,29/08/2025,17/11/2025,163914000.0,141971400.0,21942600.0
hd005920,dh010735,28/08/2025,05/09/2025,5044000.0,5044000.0,0.0
hd005921,dh004270,30/08/2025,10/09/2025,1940600.0,1940600.0,0.0
hd005922,dh009027,2025-08-30,24/11/2025,326934400.0,326934400.0,0.0
hd005923,dh010420,2025-08-31,08/11/2025,252474300.0,49050700.0,203423600.0
hd005924,dh009050,31/08/2025,13/09/2025,286800.0,286800.0,0.0
hd005925,dh008162,2025-08-28,06/09/2025,3430600.0,3430600.0,0.0
hd005926,dh011302,31/08/2025,05/11/2025,183228100.0,98312100.0,84916000.0
hd005927,dh002860,08/31/2025,10/09/2025,4230000.0,1777500.0,2452500.0
hd005928,dh001956,29/08/2025,06/09/2025,5398600.0,5398600.0,0.0
hd005929,dh008600,29/08/2025,10/09/2025,10135500.0,10135500.0,0.0
hd005930,dh011237,31/08/2025,13/09/2025,1857600.0,1857600.0,0.0
hd005931,dh011084,31/08/2025,21/10/2025,408803500.0,43909100.0,364894400.0
hd005932,dh007184,31/08/2025,10/09/2025,173400.0,173400.0,0.0
HD005933,dh005940,31/08/2025,01/11/2025,178319200.0,28552200.0,149767000.0
hd005934,dh006973,01/09/2025,09/09/2025,2630400.0,2630400.0,0.0
hd005935,dh009358,01/09/2025,13/09/2025,885600.0,885600.0,0.0
HD005936,dh009193,29/08/2025,29/10/2025,174552200.0,174552200.0,0.0
hd005937,dh004211,30/08/2025,11/09/2025,657000.0,657000.0,0.0
hd005938,dh008200,01/09/2025,16/09/2025,595000.0,595000.0,0.0
hd005939,dh002582,30/08/2025,12/09/2025,731000.0,731000.0,0.0
hd005940,dh004070,30/08/2025,11/09/2025,5736000.0,5736000.0,0.0
hd005941,dh001393,31/08/2025,08/09/2025,1904000.0,1904000.0,0.0
hd005942,dh007590,30/08/2025,08/09/2025,1719000.0,1719000.0,0.0
hd005943,dh005441,30/08/2025,11/09/2025,4149200.0,4149200.0,0.0
HD005944,dh002784,29/08/2025,13/10/2025,447161200.0,212575200.0,234586000.0
hd005945,dh001569,31/08/2025,07/09/2025,200000.0,119400.0,80600.0
hd005946,dh009750,08/31/2025,26/11/2025,489981100.0,419464500.0,70516600.0
hd005947,dh010149,30/08/2025,25/11/2025,111032400.0,111032400.0,0.0
HD005948,dh000633,02/09/2025,10/09/2025,121500.0,121500.0,0.0
hd005949,dh000193,01/09/2025,08/09/2025,1290000.0,1290000.0,0.0
hd005950,dh002045,31/08/2025,15/10/2025,418453400.0,273610700.0,144842700.0
hd005951,dh000015,09/01/2025,13/09/2025,3408800.0,2408200.0,1000600.0
hd005952,,01/09/2025,10/09/2025,2215000.0,2215000.0,0.0
hd005953,dh010732,30/08/2025,10/09/2025,4061000.0,4061000.0,0.0
hd005954,dh000515,01/09/2025,16/09/2025,2256800.0,2256800.0,0.0
hd005955,dh009420,02/09/2025,16/09/2025,84000.0,84000.0,0.0
HD005956,dh011501,03/09/2025,13/09/2025,2868300.0,790100.0,2078200.0
hd005957,dh010573,02/09/2025,12/11/2025,165819000.0,165819000.0,0.0
hd005958,,02/09/2025,22/10/2025,502926600.0,476242200.0,26684400.0
hd005959,dh007412,2025-08-31,21/11/2025,505515200.0,67829100.0,437686100.0
hd005960,dh008719,03/09/2025,21/11/2025,99646000.0,13071400.0,86574600.0
hd005961,dh004644,31/08/2025,13/09/2025,6498000.0,6498000.0,0.0
HD005962,dh003646,02/09/2025,14/09/2025,2628500.0,2628500.0,0.0
hd005963,DH005859,01/09/2025,09/09/2025,2855800.0,2855800.0,0.0
hd005964,dh003608,02/09/2025,24/10/2025,452118500.0,183674100.0,268444400.0
hd005965,dh003339,03/09/2025,07/11/2025,583625000.0,583625000.0,0.0
hd005966,dh000645,01/09/2025,2025-09-10,1810100.0,928800.0,881300.0
hd005967,dh004893,03/09/2025,08/11/2025,323115900.0,323115900.0,0.0
hd005968,dh008914,03/09/2025,16/09/2025,10584000.0,10584000.0,0.0
hd005969,dh011459,04/09/2025,18/09/2025,436100.0,436100.0,0.0
HD005970,dh005544,01/09/2025,14/09/2025,3474000.0,3474000.0,0.0
hd005971,dh008805,03/09/2025,16/09/2025,18297000.0,18297000.0,0.0
hd005972,dh008881,01/09/2025,12/09/2025,850000.0,850000.0,0.0
hd005973,DH900007,04/09/2025,19/09/2025,485400.0,485400.0,0.0
HD005974,dh008767,01/09/2025,09/09/2025,4360500.0,4360500.0,0.0
hd005975,dh010839,04/09/2025,08/11/2025,273408200.0,240837600.0,32570600.0
hd005976,dh010968,04/09/2025,12/09/2025,2804200.0,2804200.0,0.0
hd005977,dh009655,03/09/2025,23/11/2025,115537400.0,105336900.0,10200500.0
hd005978,dh001470,01/09/2025,14/09/2025,9810400.0,3105400.0,6705000.0
hd005979,dh002742,01/09/2025,24/11/2025,604818000.0,523693900.0,81124100.0
hd005980,dh001255,02/09/2025,13/09/2025,2009400.0,2009400.0,0.0
hd005981,dh009118,03/09/2025,02/12/2025,591249000.0,477839000.0,113410000.0
hd005982,dh000650,04/09/2025,12/09/2025,3769300.0,3769300.0,0.0
hd005983,dh002572,03/09/2025,17/09/2025,3378000.0,3378000.0,0.0
hd005984,dh000241,04/09/2025,29/11/2025,365495400.0,138071400.0,227424000.0
HD005985,dh006785,02/09/2025,17/09/2025,6581600.0,6581600.0,0.0
hd005986,dh008909,05/09/2025,18/09/2025,2315800.0,2315800.0,0.0
hd005987,dh005806,03/09/2025,13/09/2025,1140000.0,1140000.0,0.0
hd005988,dh005278,02/09/2025,11/11/2025,919586200.0,919586200.0,0.0
hd005989,dh000493,04/09/2025,29/11/2025,577264000.0,577264000.0,0.0
hd005990,dh000607,04/09/2025,12/09/2025,1959200.0,1959200.0,0.0
hd005991,DH010964,05/09/2025,25/11/2025,280925400.0,280925400.0,0.0
HD005992,DH900005,04/09/2025,12/09/2025,4132800.0,3259500.0,873300.0
hd005993,dh003040,03/09/2025,14/09/2025,309800.0,193700.0,116100.0
hd005994,dh008233,04/09/2025,14/09/2025,3560000.0,3560000.0,0.0
hd005995,dh002940,04/09/2025,01/11/2025,464375600.0,464375600.0,0.0
hd005996,dh010196,03/09/2025,10/23/2025,49666000.0,23969700.0,25696300.0
hd005997,dh004381,03/09/2025,01/12/2025,242516500.0,242516500.0,0.0
HD005998,,04/09/2025,13/09/2025,704000.0,37400.0,666600.0
hd005999,dh002043,03/09/2025,09/15/2025,3280200.0,3280200.0,0.0
hd006000,DH009126,04/09/2025,29/11/2025,432783600.0,223022200.0,209761400.0
hd006001,dh008386,05/09/2025,18/09/2025,1903500.0,1903500.0,0.0
hd006002,dh003679,03/09/2025,10/09/2025,6565000.0,6565000.0,0.0
hd006003,dh000941,03/09/2025,24/11/2025,209750000.0,209750000.0,0.0
HD006004,dh011267,05/09/2025,01/11/2025,438142200.0,178650400.0,259491800.0
hd006005,DH008673,04/09/2025,17/09/2025,2182500.0,2182500.0,0.0
hd006006,dh002242,2025-09-05,29/11/2025,311414100.0,251259800.0,60154300.0
hd006007,dh010776,07/09/2025,21/09/2025,147200.0,147200.0,0.0
hd006008,DH001437,04/09/2025,14/09/2025,3207900.0,3207900.0,0.0
hd006009,dh010136,07/09/2025,05/11/2025,60883700.0,38793300.0,22090400.0
hd006010,dh010368,06/09/2025,20/09/2025,1167600.0,1167600.0,0.0
hd006011,dh010099,05/09/2025,25/10/2025,195008200.0,195008200.0,0.0
hd006012,dh010712,04/09/2025,19/09/2025,85500.0,85500.0,0.0
hd006013,,06/09/2025,16/09/2025,2905200.0,2905200.0,0.0
hd006014,dh002530,07/09/2025,05/11/2025,166899400.0,16658900.0,150240500.0
hd006015,dh001530,2025-09-06,18/09/2025,4053000.0,4053000.0,0.0
hd006016,dh002078,04/09/2025,03/12/2025,351767000.0,351767000.0,0.0
hd006017,dh000653,07/09/2025,16/09/2025,1280000.0,1280000.0,0.0
HD006018,DH900008,06/09/2025,22/10/2025,485603500.0,485603500.0,0.0
hd006019,dh004851,06/09/2025,14/09/2025,3504000.0,3504000.0,0.0
hd006020,dh009656,04/09/2025,11/09/2025,13176800.0,13176800.0,0.0
hd006021,dh005526,07/09/2025,22/11/2025,128216000.0,128216000.0,0.0
HD006022,dh000984,07/09/2025,21/09/2025,12769600.0,12769600.0,0.0
HD006023,dh000615,05/09/2025,04/12/2025,720276900.0,720276900.0,0.0
HD006024,dh002263,05/09/2025,16/09/2025,1224000.0,1224000.0,0.0
hd006025,dh006443,05/09/2025,19/09/2025,4334600.0,4334600.0,0.0
hd006026,dh011110,05/09/2025,23/11/2025,355406700.0,355406700.0,0.0
hd006027,dh009339,07/09/2025,21/09/2025,6213000.0,6213000.0,0.0
hd006028,dh004396,08/09/2025,21/11/2025,596632700.0,596632700.0,0.0
hd006029,dh011591,05/09/2025,20/09/2025,2162700.0,2162700.0,0.0
HD006030,dh000404,06/09/2025,21/10/2025,756223200.0,756223200.0,0.0
HD006031,dh000051,08/09/2025,16/09/2025,1022400.0,1022400.0,0.0
hd006032,dh011277,09/09/2025,13/11/2025,241884600.0,97177900.0,144706700.0
hd006033,dh009116,07/09/2025,20/09/2025,2098400.0,2098400.0,0.0
hd006034,dh006368,06/09/2025,21/09/2025,259000.0,259000.0,0.0
hd006035,dh000213,08/09/2025,28/10/2025,648821400.0,319357600.0,329463800.0
hd006036,dh001037,06/09/2025,29/10/2025,559730000.0,418787900.0,140942100.0
hd006037,dh006224,09/09/2025,21/11/2025,108697800.0,45261100.0,63436700.0
hd006038,dh005059,09/09/2025,18/09/2025,1352000.0,820900.0,531100.0
hd006039,dh005498,08/09/2025,20/09/2025,6437200.0,6437200.0,0.0
hd006040,dh007589,07/09/2025,17/11/2025,107052800.0,107052800.0,0.0
HD006041,dh000131,09/09/2025,2025-09-17,2853000.0,2853000.0,0.0
hd006042,dh001365,06/09/2025,29/11/2025,481455100.0,86811700.0,394643400.0
HD006043,dh011056,09/09/2025,24/09/2025,3082000.0,3082000.0,0.0
hd006044,dh000927,07/09/2025,12/11/2025,217749600.0,217749600.0,0.0
hd006045,dh010610,09/09/2025,19/09/2025,645000.0,645000.0,0.0
hd006046,dh004376,09/09/2025,21/09/2025,1034100.0,1034100.0,0.0
hd006047,dh010672,07/09/2025,21/09/2025,4003500.0,4003500.0,0.0
HD006048,dh004948,07/09/2025,01/11/2025,731211400.0,618194200.0,113017200.0
hd006049,dh002808,09/09/2025,24/09/2025,3819900.0,3819900.0,0.0
hd006050,,08/09/2025,08/11/2025,85134800.0,85134800.0,0.0
HD006051,dh001017,09/09/2025,25/11/2025,74134000.0,35528100.0,38605900.0
hd006052,DH007754,09/09/2025,22/09/2025,9810900.0,6633000.0,3177900.0
hd006053,DH001427,09/09/2025,02/11/2025,339989800.0,277527600.0,62462200.0
hd006054,dh005274,10/09/2025,17/11/2025,349562700.0,315288500.0,34274200.0
hd006055,dh006714,09/09/2025,10/11/2025,722518500.0,344903500.0,377615000.0
hd006056,dh011919,08/09/2025,22/09/2025,856800.0,856800.0,0.0
hd006057,dh004848,09/09/2025,19/09/2025,123000.0,123000.0,0.0
HD006058,dh011618,10/09/2025,22/09/2025,7466800.0,7466800.0,0.0
hd006059,dh011546,07/09/2025,13/11/2025,235336200.0,82985800.0,152350400.0
hd006060,dh004019,07/09/2025,20/09/2025,1524000.0,1524000.0,0.0
hd006061,dh005595,09/09/2025,20/09/2025,698700.0,698700.0,0.0
hd006062,dh008794,08/09/2025,01/12/2025,833885700.0,706853300.0,127032400.0
hd006063,dh007303,09/09/2025,28/11/2025,256870800.0,256870800.0,0.0
hd006064,dh005751,10/09/2025,18/09/2025,6575800.0,6575800.0,0.0
hd006065,DH001108,10/09/2025,25/09/2025,526500.0,526500.0,0.0
hd006066,dh002781,11/09/2025,24/09/2025,111000.0,111000.0,0.0
hd006067,dh001741,11/09/2025,26/09/2025,6062400.0,6062400.0,0.0
hd006068,,08/09/2025,19/09/2025,5014200.0,5014200.0,0.0
HD006069,dh000237,11/09/2025,24/09/2025,164000.0,164000.0,0.0
hd006070,dh002428,10/09/2025,22/09/2025,328800.0,328800.0,0.0
hd006071,dh003802,09/09/2025,20/09/2025,5138800.0,5138800.0,0.0
hd006072,dh011387,10/09/2025,17/09/2025,4605500.0,4605500.0,0.0
hd006073,dh004415,09/10/2025,21/09/2025,2133800.0,2133800.0,0.0
hd006074,dh011248,11/09/2025,23/09/2025,2556000.0,2556000.0,0.0
HD006075,dh000115,11/09/2025,26/10/2025,45425600.0,45425600.0,0.0
hd006076,dh001444,09/09/2025,20/09/2025,8167200.0,8167200.0,0.0
HD006077,dh006919,10/09/2025,20/09/2025,1206500.0,1206500.0,0.0
hd006078,dh001996,08/09/2025,19/09/2025,1484000.0,1484000.0,0.0
hd006079,dh005966,11/09/2025,14/11/2025,184778800.0,151831300.0,32947500.0
HD006080,dh003324,10/09/2025,20/09/2025,12087000.0,12087000.0,0.0
hd006081,dh000533,11/09/2025,29/11/2025,122415800.0,21968300.0,100447500.0
HD006082,dh005797,10/09/2025,25/09/2025,12495800.0,12495800.0,0.0
HD006083,dh005190,09/09/2025,23/09/2025,1082000.0,864400.0,217600.0
hd006084,DH010067,09/09/2025,08/11/2025,194605600.0,123331500.0,71274100.0
hd006085,dh000974,10/09/2025,22/09/2025,1582200.0,1582200.0,0.0
hd006086,dh000454,11/09/2025,20/09/2025,2120000.0,723900.0,1396100.0
HD006087,dh003745,11/09/2025,09/21/2025,2614500.0,1858600.0,755900.0
hd006088,dh002756,11/09/2025,08/12/2025,319836600.0,222970200.0,96866400.0
hd006089,dh006741,10/09/2025,23/09/2025,1456400.0,1456400.0,0.0
hd006090,dh006523,10/09/2025,21/11/2025,315327000.0,315327000.0,0.0
hd006091,dh001086,10/09/2025,02/12/2025,205967000.0,74938200.0,131028800.0
HD006092,dh004625,12/09/2025,17/11/2025,656089300.0,656089300.0,0.0
HD006093,dh008135,10/09/2025,08/11/2025,65313300.0,64851700.0,461600.0
hd006094,dh008082,12/09/2025,10/11/2025,427016700.0,382301400.0,44715300.0
HD006095,dh002678,09/09/2025,14/11/2025,578074500.0,578074500.0,0.0
hd006096,dh008020,10/09/2025,25/09/2025,1736200.0,1736200.0,0.0
hd006097,DH900001,09/09/2025,20/09/2025,1026800.0,1026800.0,0.0
hd006098,dh010649,13/09/2025,28/09/2025,2714600.0,2714600.0,0.0
hd006099,dh003346,12/09/2025,15/11/2025,323524200.0,280980100.0,42544100.0
hd006100,dh005838,11/09/2025,24/11/2025,233792000.0,69168000.0,164624000.0
HD006101,dh007426,13/09/2025,28/09/2025,448000.0,448000.0,0.0
hd006102,dh005295,13/09/2025,30/11/2025,164602600.0,121071400.0,43531200.0
HD006103,dh006174,10/09/2025,12/11/2025,94783800.0,94783800.0,0.0
hd006104,dh002520,11/09/2025,21/09/2025,2091000.0,2091000.0,0.0
hd006105,,10/09/2025,02/11/2025,515237000.0,77526500.0,437710500.0
HD006106,dh003293,13/09/2025,2025-12-03,147003400.0,107883400.0,39120000.0
HD006107,dh011044,13/09/2025,23/09/2025,252800.0,252800.0,0.0
hd006108,dh010388,13/09/2025,26/09/2025,1144200.0,1144200.0,0.0
hd006109,dh001812,10/09/2025,07/12/2025,201010800.0,122697400.0,78313400.0
hd006110,dh008697,10/09/2025,2025-09-25,612200.0,612200.0,0.0
hd006111,dh005537,10/09/2025,19/09/2025,2186000.0,1471900.0,714100.0
HD006112,dh011438,13/09/2025,23/09/2025,653400.0,653400.0,0.0
hd006113,,13/09/2025,20/09/2025,12217000.0,12217000.0,0.0
hd006114,dh003669,11/09/2025,01/12/2025,329939200.0,281793300.0,48145900.0
HD006115,dh000209,12/09/2025,28/11/2025,184397800.0,184397800.0,0.0
hd006116,dh009231,12/09/2025,21/11/2025,190879900.0,24042400.0,166837500.0
hd006117,dh003195,11/09/2025,20/09/2025,516000.0,516000.0,0.0
hd006118,dh006474,12/09/2025,08/11/2025,159298000.0,109170800.0,50127200.0
hd006119,dh003945,12/09/2025,20/11/2025,100367800.0,100367800.0,0.0
hd006120,dh000778,12/09/2025,23/09/2025,4397400.0,2881200.0,1516200.0
HD006121,dh003297,12/09/2025,30/11/2025,358667800.0,358667800.0,0.0
hd006122,DH900002,13/09/2025,21/11/2025,296665600.0,180616400.0,116049200.0
hd006123,dh008883,12/09/2025,05/11/2025,455123300.0,135000.0,454988300.0
hd006124,dh005670,14/09/2025,29/09/2025,2218200.0,2218200.0,0.0
hd006125,dh011540,13/09/2025,11/11/2025,325051000.0,325051000.0,0.0
hd006126,,14/09/2025,29/09/2025,2588200.0,109600.0,2478600.0
HD006127,dh007884,13/09/2025,04/11/2025,189053700.0,9593800.0,179459900.0
hd006128,dh004131,14/09/2025,26/09/2025,404000.0,404000.0,0.0
hd006129,,11/09/2025,24/09/2025,450000.0,450000.0,0.0
hd006130,dh002593,12/09/2025,12/05/2025,286458000.0,260205200.0,26252800.0
hd006131,dh003566,14/09/2025,05/11/2025,432368700.0,432368700.0,0.0
hd006132,dh011541,14/09/2025,30/11/2025,106402400.0,106402400.0,0.0
HD006133,dh000727,14/09/2025,27/09/2025,1140000.0,1140000.0,0.0
hd006134,dh002451,12/09/2025,09/12/2025,146448100.0,146448100.0,0.0
hd006135,dh010696,13/09/2025,27/09/2025,2644500.0,2644500.0,0.0
hd006136,dh005782,15/09/2025,29/09/2025,1115800.0,1115800.0,0.0
hd006137,dh011239,14/09/2025,29/09/2025,8918000.0,8918000.0,0.0
hd006138,dh004105,13/09/2025,04/12/2025,337082400.0,326365600.0,10716800.0
hd006139,dh002997,13/09/2025,23/09/2025,381000.0,230800.0,150200.0
hd006140,dh005371,13/09/2025,25/09/2025,216800.0,216800.0,0.0
hd006141,dh004449,2025-09-12,24/09/2025,1526400.0,1526400.0,0.0
hd006142,dh011538,15/09/2025,12/11/2025,438787400.0,344342900.0,94444500.0
hd006143,dh000859,16/09/2025,24/09/2025,887400.0,887400.0,0.0
hd006144,dh004856,14/09/2025,22/11/2025,184820800.0,184820800.0,0.0
hd006145,dh005539,14/09/2025,02/11/2025,635761200.0,221916400.0,413844800.0
hd006146,dh003411,15/09/2025,23/11/2025,391926200.0,391926200.0,0.0
hd006147,dh005187,15/09/2025,19/11/2025,113390000.0,51360000.0,62030000.0
hd006148,dh007040,16/09/2025,06/11/2025,498855400.0,384215100.0,114640300.0
hd006149,dh003379,15/09/2025,2025-09-28,171000.0,171000.0,0.0
hd006150,dh005616,15/09/2025,15/11/2025,526208400.0,419949100.0,106259300.0
hd006151,dh003433,14/09/2025,24/09/2025,5178800.0,5178800.0,0.0
hd006152,dh010375,13/09/2025,23/09/2025,2855700.0,2855700.0,0.0
hd006153,dh003521,15/09/2025,20/11/2025,287267800.0,49237300.0,238030500.0
hd006154,dh009602,15/09/2025,23/09/2025,6764200.0,6764200.0,0.0
hd006155,dh007706,17/09/2025,03/12/2025,228168000.0,228168000.0,0.0
hd006156,DH009146,16/09/2025,30/09/2025,3171000.0,3171000.0,0.0
hd006157,,16/09/2025,23/09/2025,5508600.0,5508600.0,0.0
hd006158,dh002281,14/09/2025,24/09/2025,3348000.0,3348000.0,0.0
HD006159,dh009212,16/09/2025,08/12/2025,194522600.0,173632100.0,20890500.0
HD006160,dh008502,14/09/2025,23/09/2025,2473500.0,2473500.0,0.0
hd006161,DH000846,16/09/2025,04/12/2025,86838000.0,67304900.0,19533100.0
hd006162,dh003248,14/09/2025,24/09/2025,120600.0,120600.0,0.0
hd006163,dh010961,16/09/2025,25/09/2025,2187000.0,2187000.0,0.0
hd006164,dh008855,16/09/2025,08/12/2025,472421200.0,472421200.0,0.0
hd006165,dh008954,14/09/2025,2025-09-28,2995500.0,2995500.0,0.0
HD006166,dh002906,17/09/2025,2025-11-02,143246800.0,55840800.0,87406000.0
HD006167,dh003158,15/09/2025,09/11/2025,558181600.0,375611400.0,182570200.0
hd006168,dh001924,15/09/2025,07/11/2025,671567100.0,671567100.0,0.0
HD006169,DH900007,15/09/2025,23/09/2025,4144000.0,4144000.0,0.0
HD006170,dh008867,15/09/2025,05/11/2025,286131200.0,237481100.0,48650100.0
hd006171,dh008641,15/09/2025,02/12/2025,145912700.0,145912700.0,0.0
HD006172,dh010053,15/09/2025,25/09/2025,2152000.0,1602100.0,549900.0
hd006173,DH010599,16/09/2025,26/09/2025,6194200.0,6194200.0,0.0
hd006174,dh000837,18/09/2025,28/11/2025,155811600.0,141053300.0,14758300.0
hd006175,dh007454,16/09/2025,25/09/2025,1032000.0,1032000.0,0.0
hd006176,DH006082,09/17/2025,10/11/2025,423776400.0,76770500.0,347005900.0
hd006177,DH007738,18/09/2025,03/10/2025,275400.0,275400.0,0.0
hd006178,DH010180,15/09/2025,26/09/2025,7133000.0,7133000.0,0.0
hd006179,dh004018,17/09/2025,26/09/2025,2219400.0,2219400.0,0.0
HD006180,dh002947,18/09/2025,12/11/2025,434876700.0,434876700.0,0.0
hd006181,dh004880,16/09/2025,23/09/2025,1242000.0,1242000.0,0.0
hd006182,dh006860,17/09/2025,16/12/2025,509147800.0,509147800.0,0.0
HD006183,DH008388,17/09/2025,18/11/2025,341873000.0,341873000.0,0.0
hd006184,dh003491,18/09/2025,07/12/2025,394431000.0,225884600.0,168546400.0
hd006185,dh003154,17/09/2025,23/11/2025,427990400.0,427990400.0,0.0
hd006186,dh011495,18/09/2025,28/11/2025,215592200.0,126197900.0,89394300.0
hd006187,dh000096,18/09/2025,25/11/2025,504281200.0,442925600.0,61355600.0
hd006188,dh009082,16/09/2025,30/09/2025,6161400.0,6161400.0,0.0
hd006189,dh011985,17/09/2025,25/09/2025,11355000.0,11355000.0,0.0
hd006190,dh011931,17/09/2025,26/09/2025,10534000.0,10534000.0,0.0
hd006191,dh005324,19/09/2025,28/09/2025,2035600.0,2035600.0,0.0
hd006192,dh004983,19/09/2025,27/09/2025,5732400.0,5732400.0,0.0
hd006193,dh001752,16/09/2025,01/11/2025,295744100.0,122772900.0,172971200.0
hd006194,dh003099,19/09/2025,04/12/2025,491404500.0,319736600.0,171667900.0
hd006195,DH009065,17/09/2025,26/09/2025,7591200.0,7591200.0,0.0
hd006196,dh003846,17/09/2025,11/12/2025,251212000.0,191092000.0,60120000.0
hd006197,dh002037,2025-09-19,29/09/2025,1561000.0,1561000.0,0.0
hd006198,dh009596,19/09/2025,27/11/2025,211975400.0,211975400.0,0.0
hd006199,dh004691,17/09/2025,29/09/2025,1143000.0,87600.0,1055400.0
hd006200,dh006104,19/09/2025,05/11/2025,457318000.0,313938300.0,143379700.0
hd006201,DH001515,17/09/2025,01/10/2025,276000.0,276000.0,0.0
HD006202,dh000378,18/09/2025,17/11/2025,360781600.0,169485900.0,191295700.0
HD006203,dh000267,19/09/2025,27/09/2025,3116400.0,3116400.0,0.0
hd006204,dh004218,17/09/2025,02/12/2025,204446200.0,8657400.0,195788800.0
hd006205,DH004100,19/09/2025,04/10/2025,437400.0,437400.0,0.0
hd006206,dh003912,18/09/2025,01/10/2025,7772100.0,7772100.0,0.0
hd006207,dh009895,20/09/2025,17/11/2025,204696300.0,204696300.0,0.0
hd006208,dh003959,20/09/2025,21/11/2025,410066000.0,410066000.0,0.0
hd006209,dh004163,17/09/2025,23/11/2025,591645200.0,396481300.0,195163900.0
hd006210,dh011247,20/09/2025,30/09/2025,1476000.0,1476000.0,0.0
hd006211,dh002546,20/09/2025,30/09/2025,1274200.0,783000.0,491200.0
hd006212,dh001225,18/09/2025,27/09/2025,4394100.0,4394100.0,0.0
hd006213,dh011785,18/09/2025,10/12/2025,299438000.0,299438000.0,0.0
hd006214,dh007051,17/09/2025,2025-11-10,98507400.0,98507400.0,0.0
HD006215,DH900007,19/09/2025,11/12/2025,679000800.0,679000800.0,0.0
hd006216,dh003291,18/09/2025,22/11/2025,286246600.0,54988700.0,231257900.0
hd006217,dh010415,20/09/2025,28/09/2025,1908000.0,1908000.0,0.0
hd006218,dh008249,20/09/2025,04/12/2025,468082700.0,468082700.0,0.0
HD006219,DH004402,18/09/2025,28/09/2025,1404700.0,1404700.0,0.0
hd006220,dh009278,18/09/2025,04/12/2025,287149800.0,287149800.0,0.0
HD006221,dh010392,18/09/2025,01/10/2025,728000.0,728000.0,0.0
hd006222,dh003171,21/09/2025,04/10/2025,4164700.0,4164700.0,0.0
hd006223,dh008524,18/09/2025,01/10/2025,7003000.0,7003000.0,0.0
hd006224,dh002091,19/09/2025,05/11/2025,229702600.0,229099500.0,603100.0
HD006225,dh003987,21/09/2025,02/10/2025,1806000.0,1121000.0,685000.0
hd006226,dh004873,19/09/2025,05/11/2025,248110300.0,248110300.0,0.0
hd006227,dh001401,20/09/2025,03/10/2025,1826000.0,1826000.0,0.0
HD006228,dh001302,20/09/2025,03/10/2025,946100.0,946100.0,0.0
hd006229,dh000855,22/09/2025,09/12/2025,222636600.0,222636600.0,0.0
hd006230,dh004397,22/09/2025,10/12/2025,120894400.0,120894400.0,0.0
hd006231,dh009972,19/09/2025,28/09/2025,680200.0,680200.0,0.0
hd006232,dh006752,21/09/2025,02/10/2025,5995700.0,5995700.0,0.0
hd006233,dh006021,20/09/2025,30/09/2025,4054000.0,4054000.0,0.0
HD006234,dh005005,21/09/2025,01/10/2025,531000.0,531000.0,0.0
HD006235,DH002902,22/09/2025,29/09/2025,3168000.0,3168000.0,0.0
HD006236,dh010931,21/09/2025,18/11/2025,429804700.0,429804700.0,0.0
hd006237,dh009749,19/09/2025,03/12/2025,329253600.0,329253600.0,0.0
hd006238,dh003507,09/22/2025,20/11/2025,695241800.0,688367700.0,6874100.0
HD006239,dh003874,22/09/2025,03/10/2025,2016000.0,2016000.0,0.0
hd006240,dh003810,20/09/2025,18/12/2025,192996000.0,51700400.0,141295600.0
HD006241,DH009346,22/09/2025,11/11/2025,225632300.0,55279000.0,170353300.0
hd006242,dh000706,21/09/2025,08/12/2025,318080800.0,318080800.0,0.0
hd006243,dh002967,19/09/2025,27/09/2025,471100.0,471100.0,0.0
hd006244,DH007392,21/09/2025,06/10/2025,795000.0,795000.0,0.0
hd006245,dh000637,23/09/2025,22/12/2025,66303600.0,66303600.0,0.0
HD006246,dh002192,22/09/2025,10/07/2025,2578800.0,2578800.0,0.0
hd006247,dh007321,22/09/2025,06/10/2025,1445800.0,1445800.0,0.0
hd006248,DH011680,22/09/2025,09/29/2025,1285200.0,1285200.0,0.0
hd006249,dh000524,21/09/2025,28/09/2025,12288000.0,12288000.0,0.0
hd006250,dh010042,22/09/2025,29/09/2025,2219400.0,2219400.0,0.0
HD006251,dh004160,21/09/2025,01/12/2025,317541800.0,317541800.0,0.0
hd006252,DH008474,22/09/2025,24/11/2025,402550700.0,402550700.0,0.0
hd006253,,20/09/2025,05/10/2025,1670400.0,1670400.0,0.0
hd006254,dh009488,21/09/2025,05/12/2025,78962200.0,78962200.0,0.0
HD006255,dh004918,21/09/2025,25/11/2025,103685800.0,103685800.0,0.0
hd006256,dh004557,23/09/2025,15/12/2025,98225200.0,98225200.0,0.0
hd006257,dh002790,22/09/2025,06/10/2025,2079000.0,2079000.0,0.0
hd006258,dh010669,23/09/2025,17/11/2025,524654600.0,524654600.0,0.0
HD006259,DH000044,21/09/2025,05/10/2025,1804000.0,1804000.0,0.0
hd006260,dh005732,21/09/2025,04/12/2025,621539100.0,379853400.0,241685700.0
hd006261,dh008487,23/09/2025,06/10/2025,2697900.0,2697900.0,0.0
hd006262,dh009733,21/09/2025,13/11/2025,375433800.0,291529800.0,83904000.0
hd006263,dh000172,22/09/2025,03/10/2025,180000.0,180000.0,0.0
hd006264,,23/09/2025,14/11/2025,340217800.0,340217800.0,0.0
hd006265,dh007881,20/09/2025,21/11/2025,112899200.0,112899200.0,0.0
hd006266,dh006510,24/09/2025,07/10/2025,928800.0,928800.0,0.0
hd006267,dh001610,24/09/2025,2025-10-04,1323000.0,1323000.0,0.0
hd006268,dh000448,23/09/2025,09/11/2025,47598000.0,47598000.0,0.0
hd006269,DH003936,22/09/2025,30/09/2025,7519000.0,7519000.0,0.0
hd006270,dh001998,23/09/2025,02/10/2025,236000.0,236000.0,0.0
HD006271,dh000348,24/09/2025,12/12/2025,444704100.0,191913700.0,252790400.0
hd006272,,22/09/2025,30/09/2025,314200.0,314200.0,0.0
HD006273,dh004958,24/09/2025,12/11/2025,270124200.0,20616100.0,249508100.0
hd006274,dh003289,23/09/2025,19/11/2025,904887900.0,130284900.0,774603000.0
hd006275,dh004598,24/09/2025,19/12/2025,423727200.0,166498200.0,257229000.0
hd006276,dh008715,24/09/2025,09/10/2025,775000.0,378100.0,396900.0
hd006277,dh009801,23/09/2025,29/11/2025,198393000.0,198393000.0,0.0
HD006278,dh001006,24/09/2025,09/10/2025,1624000.0,1624000.0,0.0
hd006279,dh000675,21/09/2025,01/10/2025,5521000.0,5521000.0,0.0
hd006280,dh002306,21/09/2025,07/11/2025,103363200.0,37082800.0,66280400.0
HD006281,dh007788,21/09/2025,28/09/2025,4176200.0,4176200.0,0.0
HD006282,dh001759,24/09/2025,12/11/2025,425109400.0,425109400.0,0.0
hd006283,dh007992,21/09/2025,01/10/2025,828000.0,254100.0,573900.0
hd006284,dh011448,24/09/2025,07/12/2025,424063100.0,424063100.0,0.0
HD006285,dh006449,25/09/2025,18/12/2025,241575400.0,159323200.0,82252200.0
hd006286,dh005000,24/09/2025,01/10/2025,16648200.0,16648200.0,0.0
hd006287,dh011651,23/09/2025,30/09/2025,3645000.0,3645000.0,0.0
hd006288,dh004405,23/09/2025,05/12/2025,147625300.0,103333800.0,44291500.0
hd006289,dh004215,23/09/2025,04/10/2025,168200.0,168200.0,0.0
hd006290,dh000458,25/09/2025,06/10/2025,2608200.0,2333400.0,274800.0
hd006291,dh008142,22/09/2025,18/12/2025,59590000.0,9399200.0,50190800.0
hd006292,,22/09/2025,16/12/2025,236799700.0,106137400.0,130662300.0
hd006293,dh003366,24/09/2025,07/10/2025,293000.0,293000.0,0.0
HD006294,dh004632,22/09/2025,01/10/2025,423000.0,423000.0,0.0
hd006295,dh000894,23/09/2025,10/08/2025,8176600.0,8176600.0,0.0
hd006296,dh010603,25/09/2025,16/11/2025,299660200.0,299660200.0,0.0
hd006297,dh007172,25/09/2025,07/10/2025,11489000.0,11489000.0,0.0
hd006298,dh000677,25/09/2025,10/10/2025,3413000.0,3413000.0,0.0
hd006299,dh007669,23/09/2025,18/11/2025,263561500.0,173472500.0,90089000.0
hd006300,DH007718,24/09/2025,30/11/2025,91875400.0,63499500.0,28375900.0
hd006301,dh011521,25/09/2025,05/10/2025,3256000.0,3256000.0,0.0
hd006302,dh007272,23/09/2025,30/11/2025,112884000.0,112884000.0,0.0
hd006303,DH001779,24/09/2025,05/10/2025,3780000.0,3780000.0,0.0
hd006304,dh007198,26/09/2025,05/10/2025,6569600.0,6569600.0,0.0
hd006305,dh003133,24/09/2025,08/10/2025,9454200.0,9454200.0,0.0
hd006306,dh001879,23/09/2025,18/12/2025,578837500.0,578837500.0,0.0
HD006307,dh006608,26/09/2025,09/10/2025,2600000.0,2600000.0,0.0
hd006308,dh002338,23/09/2025,28/11/2025,571781600.0,571781600.0,0.0
hd006309,dh006165,23/09/2025,06/10/2025,939200.0,939200.0,0.0
hd006310,dh004657,27/09/2025,22/11/2025,211894100.0,102310000.0,109584100.0
hd006311,DH900006,26/09/2025,10/10/2025,9095800.0,9095800.0,0.0
hd006312,dh011993,26/09/2025,11/26/2025,172309500.0,103894400.0,68415100.0
hd006313,dh002656,24/09/2025,08/12/2025,100080000.0,100080000.0,0.0
hd006314,dh003575,26/09/2025,06/10/2025,5274000.0,5274000.0,0.0
hd006315,dh005837,25/09/2025,05/10/2025,1640000.0,1640000.0,0.0
hd006316,dh010623,27/09/2025,11/12/2025,595756000.0,595756000.0,0.0
hd006317,dh011023,27/09/2025,04/10/2025,3819800.0,3041400.0,778400.0
hd006318,DH009738,25/09/2025,13/11/2025,203743000.0,203743000.0,0.0
HD006319,,24/09/2025,12/11/2025,100594600.0,100594600.0,0.0
hd006320,dh005305,26/09/2025,10/10/2025,82000.0,82000.0,0.0
hd006321,dh005841,25/09/2025,24/11/2025,167434600.0,60216900.0,107217700.0
hd006322,dh004034,26/09/2025,09/10/2025,483300.0,483300.0,0.0
hd006323,dh005307,28/09/2025,12/18/2025,149421200.0,149421200.0,0.0
hd006324,dh010750,25/09/2025,09/10/2025,1500000.0,1500000.0,0.0
hd006325,dh007163,26/09/2025,04/10/2025,1707000.0,1707000.0,0.0
hd006326,dh007676,25/09/2025,26/11/2025,81550400.0,62028600.0,19521800.0
HD006327,DH005422,27/09/2025,11/12/2025,234023000.0,234023000.0,0.0
HD006328,dh009700,28/09/2025,14/12/2025,79226000.0,79226000.0,0.0
hd006329,DH900004,25/09/2025,02/10/2025,1439500.0,1439500.0,0.0
hd006330,DH004620,29/09/2025,14/10/2025,3232000.0,3232000.0,0.0
hd006331,dh003327,26/09/2025,04/12/2025,250697500.0,250697500.0,0.0
hd006332,dh003855,26/09/2025,09/10/2025,1330000.0,1330000.0,0.0
hd006333,dh008759,29/09/2025,14/10/2025,4400200.0,4400200.0,0.0
hd006334,dh010682,27/09/2025,18/11/2025,246502300.0,40997100.0,205505200.0
hd006335,DH005112,28/09/2025,24/11/2025,142719800.0,140707000.0,2012800.0
hd006336,dh009892,27/09/2025,08/10/2025,549000.0,280400.0,268600.0
hd006337,dh000525,2025-09-29,26/11/2025,439580100.0,439580100.0,0.0
hd006338,dh007219,28/09/2025,28/11/2025,259222200.0,259222200.0,0.0
hd006339,dh007115,28/09/2025,09/10/2025,3475000.0,3475000.0,0.0
hd006340,dh009281,28/09/2025,02/12/2025,780876000.0,764839900.0,16036100.0
hd006341,dh002034,27/09/2025,21/11/2025,286552600.0,234046200.0,52506400.0
HD006342,dh006518,29/09/2025,2025-11-18,598685000.0,507885000.0,90800000.0
hd006343,dh000623,28/09/2025,02/12/2025,291364000.0,177645300.0,113718700.0
hd006344,dh004783,27/09/2025,04/10/2025,2295000.0,2295000.0,0.0
HD006345,dh006529,29/09/2025,12/10/2025,7333200.0,7333200.0,0.0
hd006346,dh006425,28/09/2025,08/12/2025,355380400.0,38420700.0,316959700.0
HD006347,dh005253,29/09/2025,08/10/2025,8391000.0,5448600.0,2942400.0
hd006348,dh010745,28/09/2025,25/11/2025,267659200.0,267659200.0,0.0
HD006349,DH006872,29/09/2025,09/10/2025,3024000.0,3024000.0,0.0
hd006350,dh003093,29/09/2025,06/10/2025,648600.0,648600.0,0.0
hd006351,DH008014,29/09/2025,29/11/2025,603394200.0,603394200.0,0.0
hd006352,dh003956,28/09/2025,24/11/2025,363871400.0,363871400.0,0.0
hd006353,dh007896,27/09/2025,06/10/2025,2958000.0,2958000.0,0.0
hd006354,dh005807,29/09/2025,24/12/2025,291681800.0,291681800.0,0.0
HD006355,dh001101,30/09/2025,14/10/2025,9430200.0,9430200.0,0.0
hd006356,dh009004,29/09/2025,28/11/2025,94645000.0,94645000.0,0.0
hd006357,dh007383,27/09/2025,18/12/2025,145395600.0,138925400.0,6470200.0
hd006358,,28/09/2025,19/11/2025,178298500.0,178298500.0,0.0
hd006359,DH010004,30/09/2025,14/11/2025,156452100.0,61714700.0,94737400.0
HD006360,DH003417,27/09/2025,24/12/2025,288710200.0,122318700.0,166391500.0
hd006361,dh006658,29/09/2025,16/11/2025,461945600.0,461945600.0,0.0
hd006362,dh003854,30/09/2025,25/12/2025,490544900.0,153451400.0,337093500.0
hd006363,dh006841,27/09/2025,06/10/2025,9631800.0,9631800.0,0.0
hd006364,dh005578,29/09/2025,13/10/2025,19000.0,19000.0,0.0
hd006365,dh001980,29/09/2025,08/10/2025,1462800.0,1462800.0,0.0
hd006366,dh006493,01/10/2025,29/11/2025,179787300.0,179787300.0,0.0
HD006367,dh003402,01/10/2025,28/11/2025,80876000.0,80876000.0,0.0
hd006368,dh011627,09/29/2025,07/12/2025,448962000.0,448962000.0,0.0
hd006369,DH010037,01/10/2025,17/11/2025,165046400.0,57515300.0,107531100.0
hd006370,dh008750,28/09/2025,06/12/2025,124131000.0,95452900.0,28678100.0
hd006371,dh002118,28/09/2025,20/12/2025,494142100.0,494142100.0,0.0
hd006372,dh008385,29/09/2025,28/11/2025,162141700.0,143975700.0,18166000.0
hd006373,dh007628,30/09/2025,03/12/2025,287712000.0,287712000.0,0.0
hd006374,dh003166,29/09/2025,06/10/2025,259200.0,259200.0,0.0
hd006375,dh005525,29/09/2025,12/04/2025,549398400.0,184262800.0,365135600.0
HD006376,dh008879,01/10/2025,22/12/2025,52089500.0,47177200.0,4912300.0
hd006377,dh002823,28/09/2025,2025-12-01,331905600.0,331905600.0,0.0
hd006378,DH900007,29/09/2025,09/10/2025,8023400.0,4840000.0,3183400.0
HD006379,dh000355,01/10/2025,13/10/2025,11866000.0,11866000.0,0.0
HD006380,dh002033,29/09/2025,11/10/2025,12080000.0,12080000.0,0.0
hd006381,dh006933,30/09/2025,16/12/2025,440680100.0,440680100.0,0.0
hd006382,dh000152,30/09/2025,10/12/2025,679397000.0,457342700.0,222054300.0
hd006383,DH004377,30/09/2025,25/12/2025,334566400.0,275325600.0,59240800.0
hd006384,dh008691,02/10/2025,12/12/2025,256119200.0,256119200.0,0.0
hd006385,dh004323,29/09/2025,27/12/2025,283083200.0,115953200.0,167130000.0
HD006386,dh001982,02/10/2025,15/10/2025,7519600.0,7519600.0,0.0
hd006387,dh009606,02/10/2025,24/11/2025,595070800.0,403863300.0,191207500.0
hd006388,dh001047,09/30/2025,15/10/2025,2507500.0,2497400.0,10100.0
hd006389,dh004467,30/09/2025,15/10/2025,3259800.0,3259800.0,0.0
HD006390,dh009611,02/10/2025,14/10/2025,797500.0,797500.0,0.0
hd006391,dh003482,30/09/2025,14/12/2025,190179100.0,114445400.0,75733700.0
hd006392,dh008924,02/10/2025,09/10/2025,1434000.0,1434000.0,0.0
HD006393,dh004068,30/09/2025,10/12/2025,1025000.0,1025000.0,0.0
hd006394,DH008383,2025-09-30,15/10/2025,7850000.0,7850000.0,0.0
HD006395,dh007145,02/10/2025,29/12/2025,106687000.0,46699300.0,59987700.0
hd006396,dh002307,01/10/2025,08/10/2025,2218500.0,2218500.0,0.0
hd006397,dh010198,03/10/2025,17/12/2025,168031900.0,168031900.0,0.0
HD006398,dh005006,01/10/2025,26/12/2025,64274400.0,64274400.0,0.0
hd006399,dh009051,01/10/2025,14/10/2025,2090800.0,2090800.0,0.0
hd006400,dh010877,02/10/2025,21/11/2025,325530500.0,305111300.0,20419200.0
hd006401,dh002941,03/10/2025,18/11/2025,417666500.0,417666500.0,0.0
hd006402,DH900007,30/09/2025,06/12/2025,347967000.0,196056100.0,151910900.0
hd006403,dh007904,04/10/2025,08/12/2025,379760500.0,256979200.0,122781300.0
hd006404,dh010265,01/10/2025,13/10/2025,1567300.0,1567300.0,0.0
hd006405,dh010293,03/10/2025,26/12/2025,132934600.0,132934600.0,0.0
hd006406,DH001145,01/10/2025,26/11/2025,456036400.0,378127900.0,77908500.0
hd006407,dh008468,04/10/2025,28/11/2025,286761400.0,49506900.0,237254500.0
hd006408,dh003001,01/10/2025,23/12/2025,171580800.0,171580800.0,0.0
HD006409,dh000397,01/10/2025,23/11/2025,238803000.0,238803000.0,0.0
HD006410,dh004116,04/10/2025,22/11/2025,596376200.0,596376200.0,0.0
hd006411,dh006979,04/10/2025,26/12/2025,23716300.0,22670300.0,1046000.0
hd006412,dh010813,03/10/2025,26/11/2025,57015400.0,34237900.0,22777500.0
hd006413,DH009412,01/10/2025,06/12/2025,293768800.0,293768800.0,0.0
HD006414,dh005026,04/10/2025,28/12/2025,442283100.0,442283100.0,0.0
hd006415,dh011344,01/10/2025,11/10/2025,799800.0,663300.0,136500.0
hd006416,dh000386,01/10/2025,14/10/2025,2246000.0,2246000.0,0.0
HD006417,dh002870,01/10/2025,13/10/2025,827900.0,265000.0,562900.0
hd006418,dh004343,01/10/2025,12/10/2025,1269200.0,1269200.0,0.0
hd006419,DH900000,01/10/2025,12/10/2025,2960400.0,2960400.0,0.0
hd006420,dh005432,03/10/2025,05/12/2025,480021800.0,480021800.0,0.0
hd006421,DH002450,2025-10-03,14/10/2025,432700.0,432700.0,0.0
hd006422,dh003837,04/10/2025,19/11/2025,407506700.0,407506700.0,0.0
hd006423,dh000445,04/10/2025,17/10/2025,1124700.0,1124700.0,0.0
HD006424,dh008604,02/10/2025,2025-10-16,3351000.0,3351000.0,0.0
hd006425,dh011700,03/10/2025,29/12/2025,403504000.0,36005500.0,367498500.0
hd006426,dh003098,02/10/2025,11/10/2025,171000.0,171000.0,0.0
HD006427,dh007446,02/10/2025,13/10/2025,1821200.0,1821200.0,0.0
HD006428,dh010184,05/10/2025,15/10/2025,9233100.0,9233100.0,0.0
hd006429,dh001978,03/10/2025,11/10/2025,864000.0,527200.0,336800.0
hd006430,dh008972,03/10/2025,11/10/2025,2661500.0,2643200.0,18300.0
hd006431,dh011536,05/10/2025,24/12/2025,278521400.0,245233300.0,33288100.0
HD006432,DH900007,02/10/2025,11/10/2025,1390000.0,1390000.0,0.0
hd006433,,05/10/2025,10/12/2025,4562000.0,4562000.0,0.0
hd006434,dh009697,05/10/2025,10/14/2025,4855000.0,4707300.0,147700.0
HD006435,dh006456,05/10/2025,20/12/2025,282421400.0,222529700.0,59891700.0
HD006436,DH900007,02/10/2025,2025-12-28,141927500.0,102468400.0,39459100.0
hd006437,dh005809,05/10/2025,13/10/2025,1493000.0,1493000.0,0.0
hd006438,dh002403,03/10/2025,24/12/2025,472280000.0,472280000.0,0.0
hd006439,dh010847,04/10/2025,12/12/2025,300672400.0,193567500.0,107104900.0
hd006440,dh011318,03/10/2025,10/10/2025,496300.0,496300.0,0.0
hd006441,dh008896,03/10/2025,07/12/2025,144240600.0,26669500.0,117571100.0
hd006442,dh005888,03/10/2025,14/10/2025,2473200.0,2473200.0,0.0
HD006443,dh002419,04/10/2025,18/11/2025,204673000.0,154747300.0,49925700.0
HD006444,dh004653,06/10/2025,19/12/2025,597148700.0,438739000.0,158409700.0
hd006445,dh005757,03/10/2025,13/10/2025,691200.0,691200.0,0.0
hd006446,dh000813,2025-10-03,12/10/2025,7885400.0,7885400.0,0.0
HD006447,dh001878,06/10/2025,08/12/2025,547517200.0,86951300.0,460565900.0
hd006448,dh002803,05/10/2025,27/11/2025,115075000.0,107380900.0,7694100.0
hd006449,dh003492,04/10/2025,23/11/2025,574920800.0,78920000.0,496000800.0
hd006450,dh004007,05/10/2025,13/12/2025,449730500.0,148744600.0,300985900.0
hd006451,dh000236,03/10/2025,14/10/2025,1545200.0,1545200.0,0.0
hd006452,dh001322,05/10/2025,19/12/2025,418869000.0,418869000.0,0.0
HD006453,dh008645,03/10/2025,14/10/2025,3564000.0,3564000.0,0.0
hd006454,dh002174,03/10/2025,17/10/2025,4178600.0,4178600.0,0.0
HD006455,dh004039,04/10/2025,11/10/2025,901000.0,901000.0,0.0
hd006456,dh000877,05/10/2025,18/10/2025,678000.0,678000.0,0.0
hd006457,dh010411,04/10/2025,13/10/2025,1602600.0,1602600.0,0.0
hd006458,dh010709,2025-10-06,2025-10-18,1899400.0,1899400.0,0.0
hd006459,dh002213,04/10/2025,21/11/2025,257850200.0,9204700.0,248645500.0
hd006460,dh000199,05/10/2025,19/10/2025,8942800.0,8942800.0,0.0
hd006461,,07/10/2025,03/01/2026,92827000.0,41271100.0,51555900.0
hd006462,dh011507,04/10/2025,12/04/2025,101151500.0,101151500.0,0.0
hd006463,dh000579,05/10/2025,19/10/2025,6474000.0,6474000.0,0.0
HD006464,dh010408,04/10/2025,04/12/2025,239155200.0,239155200.0,0.0
hd006465,DH900007,04/10/2025,16/12/2025,202438200.0,95273100.0,107165100.0
hd006466,dh002811,06/10/2025,2025-11-24,367577000.0,256323900.0,111253100.0
hd006467,dh010849,06/10/2025,12/28/2025,218512500.0,39053300.0,179459200.0
hd006468,dh003723,04/10/2025,08/12/2025,160898700.0,160898700.0,0.0
hd006469,dh004370,04/10/2025,23/11/2025,388759000.0,388759000.0,0.0
hd006470,DH900007,04/10/2025,19/12/2025,298543300.0,83555000.0,214988300.0
hd006471,dh002757,04/10/2025,10/12/2025,148469500.0,148469500.0,0.0
hd006472,dh009478,06/10/2025,19/12/2025,149825000.0,149825000.0,0.0
HD006473,dh009095,05/10/2025,19/11/2025,422042100.0,392936500.0,29105600.0
hd006474,dh000782,2025-10-07,08/12/2025,383813900.0,383813900.0,0.0
hd006475,dh004562,04/10/2025,20/12/2025,93487200.0,93487200.0,0.0
hd006476,DH008400,05/10/2025,29/11/2025,25407400.0,25407400.0,0.0
hd006477,dh006844,07/10/2025,14/10/2025,296700.0,296700.0,0.0
hd006478,dh011470,06/10/2025,20/10/2025,1550400.0,1550400.0,0.0
hd006479,dh004167,05/10/2025,11/12/2025,323240800.0,323240800.0,0.0
HD006480,dh003321,04/10/2025,20/11/2025,360347200.0,120339800.0,240007400.0
HD006481,dh007575,06/10/2025,08/12/2025,134170100.0,36894000.0,97276100.0
hd006482,,06/10/2025,14/10/2025,432000.0,432000.0,0.0
hd006483,dh004811,06/10/2025,15/10/2025,1044000.0,1044000.0,0.0
hd006484,DH007981,06/10/2025,02/12/2025,627951000.0,28885600.0,599065400.0
HD006485,DH008103,06/10/2025,10/12/2025,349899800.0,108802300.0,241097500.0
HD006486,dh003869,05/10/2025,07/12/2025,160575800.0,4610000.0,155965800.0
hd006487,dh011547,05/10/2025,28/11/2025,259494600.0,259494600.0,0.0
hd006488,dh006640,07/10/2025,09/12/2025,157576300.0,22179300.0,135397000.0
hd006489,DH010543,10/07/2025,20/10/2025,5405500.0,5405500.0,0.0
hd006490,dh005239,05/10/2025,08/12/2025,391201200.0,391201200.0,0.0
hd006491,dh003758,06/10/2025,14/10/2025,4027000.0,4027000.0,0.0
hd006492,dh008155,08/10/2025,26/12/2025,245059200.0,180837400.0,64221800.0
hd006493,dh008434,07/10/2025,14/10/2025,1719000.0,1719000.0,0.0
hd006494,dh004768,05/10/2025,13/10/2025,813200.0,813200.0,0.0
hd006495,dh002763,05/10/2025,16/10/2025,3594700.0,3594700.0,0.0
hd006496,dh008072,08/10/2025,28/12/2025,68709800.0,46379400.0,22330400.0
hd006497,dh007829,08/10/2025,2025-10-23,6230600.0,6230600.0,0.0
HD006498,dh002598,08/10/2025,24/12/2025,310000900.0,305952700.0,4048200.0
hd006499,dh003224,07/10/2025,08/12/2025,223822000.0,223822000.0,0.0
HD006500,dh004005,05/10/2025,24/12/2025,132116400.0,132116400.0,0.0
HD006501,dh002376,2025-10-08,20/10/2025,3364100.0,2534800.0,829300.0
hd006502,,06/10/2025,20/11/2025,448190700.0,165016000.0,283174700.0
hd006503,DH011922,05/10/2025,13/10/2025,1915000.0,1915000.0,0.0
hd006504,dh007488,08/10/2025,16/12/2025,127186800.0,1126000.0,126060800.0
hd006505,dh002398,09/10/2025,22/12/2025,397618600.0,72280200.0,325338400.0
hd006506,dh007895,07/10/2025,22/12/2025,413592400.0,413592400.0,0.0
hd006507,dh003951,08/10/2025,16/10/2025,1620000.0,1620000.0,0.0
hd006508,DH004291,07/10/2025,18/10/2025,502400.0,502400.0,0.0
hd006509,dh007743,09/10/2025,21/10/2025,190000.0,190000.0,0.0
hd006510,dh001182,09/10/2025,21/10/2025,3096400.0,3096400.0,0.0
hd006511,dh007125,09/10/2025,27/11/2025,170933900.0,170933900.0,0.0
hd006512,,06/10/2025,29/12/2025,288274800.0,58319900.0,229954900.0
hd006513,dh009302,09/10/2025,19/10/2025,2015100.0,2015100.0,0.0
hd006514,dh011665,09/10/2025,30/12/2025,231333200.0,98410200.0,132923000.0
hd006515,dh003688,06/10/2025,03/01/2026,750283000.0,750283000.0,0.0
HD006516,dh000102,07/10/2025,22/10/2025,2559100.0,2559100.0,0.0
hd006517,DH900009,06/10/2025,29/11/2025,884730100.0,703120800.0,181609300.0
hd006518,DH004796,08/10/2025,24/11/2025,309891200.0,65089600.0,244801600.0
hd006519,dh010304,09/10/2025,06/01/2026,145467800.0,22699100.0,122768700.0
hd006520,dh011211,09/10/2025,15/12/2025,210565600.0,83357500.0,127208100.0
HD006521,dh008897,06/10/2025,10/20/2025,2409800.0,2409800.0,0.0
hd006522,dh000595,08/10/2025,16/10/2025,1021800.0,1021800.0,0.0
hd006523,dh005768,08/10/2025,18/10/2025,1725000.0,1693800.0,31200.0
hd006524,dh011755,10/10/2025,29/11/2025,473803200.0,473803200.0,0.0
HD006525,dh002365,09/10/2025,18/10/2025,1736200.0,1736200.0,0.0
hd006526,dh008923,07/10/2025,16/12/2025,244674600.0,174198300.0,70476300.0
hd006527,dh001712,07/10/2025,16/10/2025,448200.0,448200.0,0.0
hd006528,dh005946,10/10/2025,20/10/2025,638400.0,638400.0,0.0
hd006529,DH000492,10/10/2025,24/11/2025,350274000.0,66324600.0,283949400.0
hd006530,dh005708,09/10/2025,21/10/2025,1620000.0,1477100.0,142900.0
hd006531,dh000026,07/10/2025,12/18/2025,669017900.0,230749100.0,438268800.0
hd006532,dh007491,08/10/2025,23/10/2025,750000.0,750000.0,0.0
hd006533,dh001407,10/10/2025,30/12/2025,136813200.0,136813200.0,0.0
hd006534,dh010202,09/10/2025,17/10/2025,3295200.0,16100.0,3279100.0
HD006535,dh007522,10/09/2025,16/10/2025,234600.0,234600.0,0.0
hd006536,dh009862,09/10/2025,23/10/2025,6567600.0,6567600.0,0.0
hd006537,dh004214,10/10/2025,18/10/2025,9786000.0,9786000.0,0.0
HD006538,dh008246,08/10/2025,04/12/2025,168577400.0,129188800.0,39388600.0
hd006539,dh000068,07/10/2025,14/10/2025,625000.0,625000.0,0.0
HD006540,dh004554,07/10/2025,13/12/2025,338753000.0,87557300.0,251195700.0
hd006541,DH006260,07/10/2025,17/10/2025,5344100.0,2280500.0,3063600.0
HD006542,dh011229,09/10/2025,01/01/2026,322360600.0,322360600.0,0.0
hd006543,dh007964,10/10/2025,2025-10-25,10004000.0,10004000.0,0.0
hd006544,dh000717,08/10/2025,22/10/2025,872600.0,872600.0,0.0
hd006545,dh011821,11/10/2025,08/12/2025,854469400.0,854469400.0,0.0
hd006546,dh002145,09/10/2025,03/12/2025,408927000.0,13651500.0,395275500.0
hd006547,dh009183,10/10/2025,21/10/2025,2689000.0,2689000.0,0.0
hd006548,dh007953,10/10/2025,28/12/2025,470241200.0,470241200.0,0.0
hd006549,dh011219,08/10/2025,13/12/2025,320766800.0,120159400.0,200607400.0
hd006550,dh000604,10/10/2025,11/12/2025,658552600.0,380761900.0,277790700.0
hd006551,dh007349,10/10/2025,20/10/2025,1846800.0,1846800.0,0.0
hd006552,dh007807,11/10/2025,01/12/2025,409028700.0,409028700.0,0.0
HD006553,DH010074,10/10/2025,25/10/2025,7098000.0,7098000.0,0.0
HD006554,,10/10/2025,2025-10-18,7735000.0,7735000.0,0.0
hd006555,dh000154,09/10/2025,22/10/2025,250800.0,250800.0,0.0
hd006556,dh011797,10/10/2025,07/01/2026,174711800.0,76421600.0,98290200.0
HD006557,dh005145,09/10/2025,24/10/2025,8542200.0,8542200.0,0.0
hd006558,dh009285,10/10/2025,28/12/2025,369987000.0,369987000.0,0.0
HD006559,dh001667,10/10/2025,18/10/2025,7085800.0,7085800.0,0.0
hd006560,dh006063,10/10/2025,26/12/2025,120644100.0,120644100.0,0.0
HD006561,dh009935,12/10/2025,07/12/2025,309214000.0,147447000.0,161767000.0
hd006562,DH900006,10/10/2025,09/12/2025,332037600.0,165962700.0,166074900.0
hd006563,dh006772,12/10/2025,08/12/2025,115749600.0,115749600.0,0.0
HD006564,dh001654,10/10/2025,28/11/2025,314176700.0,145077800.0,169098900.0
hd006565,dh010529,12/10/2025,26/12/2025,100557800.0,90861800.0,9696000.0
HD006566,,09/10/2025,24/12/2025,409745700.0,235460800.0,174284900.0
hd006567,dh001355,09/10/2025,18/12/2025,229617400.0,94184700.0,135432700.0
HD006568,dh005128,09/10/2025,17/10/2025,1818300.0,1249700.0,568600.0
hd006569,DH009313,11/10/2025,31/12/2025,97603000.0,97603000.0,0.0
HD006570,dh010680,12/10/2025,20/10/2025,4301400.0,4301400.0,0.0
HD006571,dh004001,10/10/2025,22/10/2025,2624000.0,2624000.0,0.0
hd006572,dh004221,2025-10-10,04/01/2026,515183000.0,155946700.0,359236300.0
hd006573,dh003650,13/10/2025,21/12/2025,390352600.0,31405100.0,358947500.0
hd006574,dh004629,13/10/2025,08/12/2025,169835000.0,169835000.0,0.0
hd006575,DH900007,12/10/2025,21/10/2025,1674000.0,1674000.0,0.0
hd006576,dh008123,12/10/2025,05/12/2025,173151700.0,25722200.0,147429500.0
hd006577,dh008845,11/10/2025,21/10/2025,1378800.0,1378800.0,0.0
hd006578,dh001974,10/10/2025,22/10/2025,2006200.0,2006200.0,0.0
HD006579,DH900008,10/10/2025,25/10/2025,1189000.0,1189000.0,0.0
hd006580,dh008500,12/10/2025,26/10/2025,2288000.0,2288000.0,0.0
hd006581,DH010616,12/10/2025,24/12/2025,439875700.0,32203900.0,407671800.0
hd006582,dh009148,10/10/2025,30/11/2025,157951700.0,2376200.0,155575500.0
hd006583,dh000796,10/10/2025,02/12/2025,409063800.0,409063800.0,0.0
hd006584,,10/10/2025,19/10/2025,42800.0,14700.0,28100.0
HD006585,dh002650,11/10/2025,19/10/2025,8178400.0,8178400.0,0.0
hd006586,dh000283,14/10/2025,26/10/2025,6056000.0,5069200.0,986800.0
hd006587,dh007906,12/10/2025,22/10/2025,4957600.0,4957600.0,0.0
hd006588,dh007875,11/10/2025,21/10/2025,4712400.0,4712400.0,0.0
hd006589,dh010052,11/10/2025,02/01/2026,239974200.0,239974200.0,0.0
HD006590,dh004641,2025-10-14,07/12/2025,236257500.0,236257500.0,0.0
HD006591,dh003598,14/10/2025,10/27/2025,1854600.0,949600.0,905000.0
hd006592,DH900001,12/10/2025,15/12/2025,302726900.0,302726900.0,0.0
hd006593,dh002562,13/10/2025,24/12/2025,350304200.0,55439500.0,294864700.0
hd006594,DH900006,13/10/2025,15/12/2025,296824600.0,296824600.0,0.0
hd006595,dh002687,13/10/2025,02/01/2026,538063400.0,538063400.0,0.0
hd006596,dh009370,15/10/2025,30/10/2025,3220500.0,3197300.0,23200.0
HD006597,dh002289,13/10/2025,27/12/2025,221274000.0,204161800.0,17112200.0
hd006598,dh011431,15/10/2025,09/01/2026,237349000.0,237349000.0,0.0
hd006599,dh002244,14/10/2025,06/01/2026,440123800.0,440123800.0,0.0
HD006600,dh008159,12/10/2025,24/12/2025,666129000.0,621310000.0,44819000.0
hd006601,dh005989,12/10/2025,20/10/2025,240000.0,240000.0,0.0
hd006602,dh002057,14/10/2025,28/10/2025,1586400.0,1586400.0,0.0
hd006603,dh008532,16/10/2025,03/01/2026,78366000.0,78058200.0,307800.0
hd006604,dh004561,14/10/2025,27/10/2025,10274100.0,10274100.0,0.0
hd006605,DH002206,15/10/2025,27/12/2025,442791600.0,10519200.0,432272400.0
hd006606,dh008372,13/10/2025,01/12/2025,525378900.0,325446500.0,199932400.0
HD006607,dh005793,16/10/2025,31/10/2025,5344000.0,5344000.0,0.0
hd006608,dh011080,15/10/2025,22/10/2025,2701200.0,2701200.0,0.0
hd006609,dh007476,16/10/2025,07/01/2026,436559700.0,420166000.0,16393700.0
HD006610,dh011013,16/10/2025,27/12/2025,135936500.0,135936500.0,0.0
hd006611,dh007753,16/10/2025,24/12/2025,439107800.0,439107800.0,0.0
HD006612,dh006663,15/10/2025,30/10/2025,192000.0,192000.0,0.0
hd006613,,13/10/2025,04/12/2025,183594000.0,63592600.0,120001400.0
hd006614,dh003273,15/10/2025,08/01/2026,382888800.0,335849600.0,47039200.0
hd006615,dh000993,15/10/2025,24/10/2025,1046000.0,1046000.0,0.0
hd006616,dh001260,14/10/2025,23/10/2025,5069400.0,5069400.0,0.0
HD006617,dh005407,14/10/2025,12/12/2025,885058200.0,592090900.0,292967300.0
hd006618,dh003485,16/10/2025,2025-10-28,4065700.0,4065700.0,0.0
HD006619,dh005734,17/10/2025,01/11/2025,1747600.0,1747600.0,0.0
hd006620,dh009385,15/10/2025,25/10/2025,1320000.0,1320000.0,0.0
hd006621,dh004576,15/10/2025,14/12/2025,401958400.0,133107200.0,268851200.0
HD006622,DH007455,16/10/2025,30/10/2025,1249200.0,1249200.0,0.0
hd006623,dh006966,15/10/2025,28/10/2025,1345800.0,1345800.0,0.0
hd006624,dh007034,17/10/2025,27/10/2025,6001200.0,6001200.0,0.0
HD006625,dh005671,15/10/2025,17/12/2025,669224800.0,364409900.0,304814900.0
hd006626,dh008262,16/10/2025,27/10/2025,81000.0,81000.0,0.0
hd006627,dh009757,15/10/2025,01/01/2026,415710600.0,135831000.0,279879600.0
hd006628,dh008003,10/14/2025,27/10/2025,1506000.0,1506000.0,0.0
hd006629,dh009744,17/10/2025,24/10/2025,1358000.0,1358000.0,0.0
hd006630,dh011613,16/10/2025,30/10/2025,2342000.0,2342000.0,0.0
hd006631,dh010700,15/10/2025,26/10/2025,352400.0,352400.0,0.0
hd006632,dh004852,18/10/2025,12/09/2025,160968800.0,120483800.0,40485000.0
hd006633,dh000463,16/10/2025,26/10/2025,1841000.0,1179100.0,661900.0
hd006634,dh004161,18/10/2025,10/26/2025,1561800.0,1561800.0,0.0
HD006635,dh002602,18/10/2025,28/10/2025,18619500.0,3247700.0,15371800.0
hd006636,dh008358,17/10/2025,25/10/2025,8668500.0,8668500.0,0.0
hd006637,DH003712,18/10/2025,28/10/2025,2871100.0,2871100.0,0.0
hd006638,dh005273,16/10/2025,15/12/2025,230272800.0,230272800.0,0.0
hd006639,dh001743,17/10/2025,12/12/2025,97142600.0,66667100.0,30475500.0
HD006640,dh004903,16/10/2025,26/10/2025,3957000.0,3957000.0,0.0
hd006641,dh007084,18/10/2025,02/11/2025,2350300.0,2350300.0,0.0
hd006642,dh007120,18/10/2025,11/12/2025,55347800.0,55347800.0,0.0
HD006643,dh001292,16/10/2025,27/10/2025,11058000.0,11058000.0,0.0
hd006644,dh007808,15/10/2025,01/08/2026,305010100.0,267449000.0,37561100.0
hd006645,dh005088,16/10/2025,23/10/2025,387600.0,387600.0,0.0
hd006646,dh008182,15/10/2025,15/12/2025,119700500.0,39651800.0,80048700.0
HD006647,dh011454,18/10/2025,29/10/2025,6575600.0,6575600.0,0.0
HD006648,dh008919,19/10/2025,03/11/2025,3696600.0,3696600.0,0.0
HD006649,dh002439,19/10/2025,03/12/2025,165485400.0,76675800.0,88809600.0
HD006650,dh002300,17/10/2025,10/30/2025,8100000.0,8100000.0,0.0
hd006651,dh007013,19/10/2025,31/10/2025,7214000.0,7214000.0,0.0
HD006652,dh004763,17/10/2025,23/12/2025,239636100.0,239636100.0,0.0
HD006653,dh009426,18/10/2025,10/12/2025,112579500.0,71524000.0,41055500.0
hd006654,dh005015,18/10/2025,11/01/2026,457710800.0,457710800.0,0.0
hd006655,dh007862,18/10/2025,27/10/2025,696000.0,696000.0,0.0
hd006656,dh007283,18/10/2025,01/11/2025,216000.0,216000.0,0.0
hd006657,dh004121,17/10/2025,28/10/2025,1420600.0,1420600.0,0.0
hd006658,dh011481,20/10/2025,04/11/2025,7315000.0,7315000.0,0.0
HD006659,dh002114,19/10/2025,14/01/2026,202238900.0,90084300.0,112154600.0
hd006660,dh003143,19/10/2025,03/11/2025,13525200.0,13525200.0,0.0
hd006661,dh004642,20/10/2025,29/10/2025,3628800.0,1377100.0,2251700.0
HD006662,dh011134,19/10/2025,30/10/2025,6905300.0,6905300.0,0.0
HD006663,dh007845,17/10/2025,14/12/2025,111655200.0,111655200.0,0.0
hd006664,dh004145,17/10/2025,25/10/2025,753000.0,753000.0,0.0
hd006665,DH002813,18/10/2025,26/10/2025,1507000.0,1507000.0,0.0
HD006666,dh005547,19/10/2025,07/01/2026,435960800.0,400801000.0,35159800.0
HD006667,,20/10/2025,31/10/2025,9668000.0,9668000.0,0.0
hd006668,DH900005,18/10/2025,22/12/2025,391472600.0,255996900.0,135475700.0
hd006669,dh009864,18/10/2025,31/10/2025,1164500.0,1164500.0,0.0
HD006670,dh002285,21/10/2025,03/11/2025,7928800.0,7928800.0,0.0
hd006671,dh003493,21/10/2025,2025-10-30,5426400.0,5426400.0,0.0
hd006672,dh007215,21/10/2025,05/11/2025,2042000.0,2042000.0,0.0
hd006673,dh004896,19/10/2025,12/01/2026,181385600.0,142415200.0,38970400.0
hd006674,dh008754,18/10/2025,02/01/2026,360703000.0,307971100.0,52731900.0
hd006675,dh005657,18/10/2025,31/10/2025,748000.0,748000.0,0.0
hd006676,dh011354,20/10/2025,31/10/2025,5530000.0,5530000.0,0.0
HD006677,dh000003,18/10/2025,29/10/2025,1315800.0,1315800.0,0.0
HD006678,dh011500,20/10/2025,30/10/2025,2930000.0,2930000.0,0.0
HD006679,dh000840,20/10/2025,2025-11-01,4110500.0,4110500.0,0.0
hd006680,dh002189,20/10/2025,17/12/2025,254887300.0,254887300.0,0.0
hd006681,dh008204,22/10/2025,10/01/2026,284455600.0,93048300.0,191407300.0
hd006682,dh006353,20/10/2025,31/10/2025,3892400.0,3892400.0,0.0
hd006683,dh002568,20/10/2025,01/11/2025,8046900.0,8046900.0,0.0
hd006684,dh011337,19/10/2025,31/10/2025,1050000.0,783600.0,266400.0
hd006685,dh001745,19/10/2025,01/01/2026,577067600.0,107566900.0,469500700.0
hd006686,dh005951,21/10/2025,01/11/2025,6421600.0,6421600.0,0.0
hd006687,dh001128,19/10/2025,29/10/2025,414000.0,414000.0,0.0
hd006688,DH006580,21/10/2025,02/11/2025,1948400.0,1948400.0,0.0
hd006689,dh009539,22/10/2025,31/12/2025,454404800.0,426405800.0,27999000.0
hd006690,dh009691,2025-10-22,11/12/2025,592763600.0,592763600.0,0.0
hd006691,,22/10/2025,31/10/2025,2885600.0,2824700.0,60900.0
hd006692,dh007651,20/10/2025,29/12/2025,362368200.0,362368200.0,0.0
hd006693,DH005874,21/10/2025,18/12/2025,394794000.0,394794000.0,0.0
hd006694,dh007428,22/10/2025,31/10/2025,598500.0,598500.0,0.0
HD006695,dh011905,22/10/2025,06/11/2025,1949400.0,1949400.0,0.0
hd006696,dh007004,20/10/2025,03/11/2025,7210800.0,7210800.0,0.0
hd006697,dh007707,19/10/2025,12/01/2026,436361000.0,76641200.0,359719800.0
hd006698,dh007824,20/10/2025,2025-11-02,1364100.0,1364100.0,0.0
hd006699,dh000985,21/10/2025,08/01/2026,370378800.0,95818000.0,274560800.0
hd006700,dh006794,22/10/2025,02/11/2025,620500.0,620500.0,0.0
hd006701,dh000384,21/10/2025,03/11/2025,3533000.0,3533000.0,0.0
hd006702,dh007603,20/10/2025,31/10/2025,4434400.0,4434400.0,0.0
HD006703,dh006900,20/10/2025,16/12/2025,206669000.0,101870200.0,104798800.0
hd006704,dh006724,20/10/2025,29/10/2025,2523300.0,2523300.0,0.0
hd006705,dh002454,20/10/2025,02/11/2025,1292800.0,1292800.0,0.0
hd006706,DH003039,23/10/2025,03/11/2025,3196500.0,3196500.0,0.0
hd006707,dh001199,20/10/2025,31/12/2025,363354800.0,145244200.0,218110600.0
hd006708,dh009657,21/10/2025,20/12/2025,549287700.0,549287700.0,0.0
hd006709,dh007597,20/10/2025,04/11/2025,405000.0,405000.0,0.0
hd006710,dh005206,20/10/2025,30/10/2025,1349700.0,1349700.0,0.0
hd006711,dh006628,22/10/2025,28/12/2025,383030200.0,383030200.0,0.0
HD006712,dh011287,21/10/2025,23/12/2025,169594400.0,106152100.0,63442300.0
hd006713,dh009758,10/22/2025,29/10/2025,866400.0,866400.0,0.0
hd006714,dh001233,22/10/2025,31/10/2025,1206600.0,1206600.0,0.0
hd006715,dh006711,22/10/2025,04/11/2025,13235800.0,13235800.0,0.0
HD006716,DH001867,22/10/2025,03/11/2025,1178600.0,1178600.0,0.0
hd006717,dh003898,21/10/2025,12/12/2025,348683400.0,289936200.0,58747200.0
hd006718,dh011487,20/10/2025,15/01/2026,213475600.0,213475600.0,0.0
HD006719,dh008090,22/10/2025,24/12/2025,127960700.0,81681700.0,46279000.0
hd006720,dh011137,23/10/2025,03/11/2025,3400800.0,3400800.0,0.0
hd006721,dh009362,23/10/2025,03/11/2025,877200.0,877200.0,0.0
hd006722,dh003760,24/10/2025,06/11/2025,627200.0,627200.0,0.0
hd006723,dh008857,23/10/2025,13/01/2026,236747400.0,64321200.0,172426200.0
hd006724,dh011974,22/10/2025,01/11/2025,156000.0,156000.0,0.0
hd006725,DH007586,23/10/2025,23/12/2025,778606400.0,322597900.0,456008500.0
hd006726,dh008170,24/10/2025,02/11/2025,1566000.0,1566000.0,0.0
hd006727,dh002761,22/10/2025,10/12/2025,93899100.0,93899100.0,0.0
hd006728,dh007256,22/10/2025,02/01/2026,467803900.0,376335700.0,91468200.0
HD006729,DH005060,21/10/2025,31/10/2025,1320000.0,1320000.0,0.0
hd006730,dh004648,22/10/2025,30/10/2025,971700.0,971700.0,0.0
hd006731,dh011291,22/10/2025,01/01/2026,79497200.0,62805100.0,16692100.0
hd006732,dh009314,22/10/2025,08/01/2026,94547000.0,94547000.0,0.0
HD006733,dh007200,24/10/2025,25/12/2025,463289500.0,70566600.0,392722900.0
hd006734,dh005062,24/10/2025,12/12/2025,72294400.0,22463000.0,49831400.0
hd006735,dh000351,25/10/2025,07/11/2025,5504400.0,5504400.0,0.0
HD006736,dh011946,24/10/2025,03/11/2025,12627000.0,12627000.0,0.0
hd006737,dh004053,22/10/2025,05/11/2025,11879600.0,11879600.0,0.0
hd006738,dh009201,22/10/2025,01/11/2025,2594200.0,2594200.0,0.0
hd006739,dh003572,24/10/2025,03/11/2025,1514700.0,1514700.0,0.0
HD006740,dh002072,22/10/2025,06/11/2025,39000.0,39000.0,0.0
hd006741,dh011612,24/10/2025,07/11/2025,1908000.0,1908000.0,0.0
hd006742,dh011181,25/10/2025,06/11/2025,10612300.0,4325700.0,6286600.0
hd006743,dh002322,24/10/2025,20/01/2026,258182800.0,57932000.0,200250800.0
hd006744,dh005243,25/10/2025,08/11/2025,6499500.0,6499500.0,0.0
hd006745,dh006192,26/10/2025,06/11/2025,2226700.0,2226700.0,0.0
hd006746,dh005726,26/10/2025,10/11/2025,6482500.0,6482500.0,0.0
hd006747,dh006613,26/10/2025,01/04/2026,414254000.0,326802900.0,87451100.0
hd006748,dh000704,26/10/2025,05/01/2026,456024800.0,110510600.0,345514200.0
hd006749,dh009279,25/10/2025,25/12/2025,296834000.0,33225700.0,263608300.0
hd006750,dh002850,25/10/2025,09/01/2026,650464100.0,650464100.0,0.0
hd006751,dh003369,26/10/2025,04/11/2025,1672200.0,1672200.0,0.0
hd006752,dh000140,26/10/2025,09/11/2025,3971200.0,3971200.0,0.0
hd006753,dh004835,25/10/2025,24/12/2025,580381000.0,580381000.0,0.0
hd006754,dh002425,23/10/2025,02/11/2025,2914800.0,2914800.0,0.0
hd006755,dh002774,25/10/2025,07/11/2025,590200.0,590200.0,0.0
hd006756,dh000092,23/10/2025,02/11/2025,804000.0,804000.0,0.0
HD006757,dh000072,2025-10-26,02/11/2025,4834800.0,4383900.0,450900.0
hd006758,dh005094,24/10/2025,05/11/2025,1512400.0,1055700.0,456700.0
HD006759,dh008674,25/10/2025,02/11/2025,11023400.0,11023400.0,0.0
HD006760,dh011594,26/10/2025,08/11/2025,315900.0,315900.0,0.0
HD006761,dh000094,26/10/2025,09/11/2025,5766000.0,5766000.0,0.0
hd006762,DH001338,26/10/2025,27/12/2025,318826500.0,53404000.0,265422500.0
hd006763,dh009577,25/10/2025,25/12/2025,616537900.0,524729800.0,91808100.0
hd006764,dh001738,23/10/2025,10/01/2026,582064400.0,582064400.0,0.0
HD006765,dh006358,26/10/2025,08/11/2025,3579900.0,3189300.0,390600.0
HD006766,dh011468,25/10/2025,31/12/2025,613102600.0,207097900.0,406004700.0
hd006767,dh004118,24/10/2025,03/11/2025,1413000.0,1368700.0,44300.0
hd006768,dh010051,25/10/2025,05/01/2026,333056800.0,126025100.0,207031700.0
HD006769,,27/10/2025,03/11/2025,4666800.0,4666800.0,0.0
hd006770,DH900003,27/10/2025,04/11/2025,446200.0,384300.0,61900.0
hd006771,dh010480,27/10/2025,06/11/2025,5819100.0,5819100.0,0.0
hd006772,DH900006,24/10/2025,08/12/2025,312579500.0,312579500.0,0.0
hd006773,dh003636,27/10/2025,08/11/2025,809200.0,809200.0,0.0
hd006774,dh006433,25/10/2025,09/11/2025,1864000.0,1864000.0,0.0
hd006775,dh004549,27/10/2025,17/12/2025,176496200.0,176496200.0,0.0
HD006776,dh007284,27/10/2025,03/11/2025,7014000.0,1581400.0,5432600.0
hd006777,dh006121,26/10/2025,10/11/2025,225200.0,225200.0,0.0
hd006778,dh009002,24/10/2025,07/11/2025,2295000.0,1105700.0,1189300.0
hd006779,dh001384,26/10/2025,02/11/2025,3515100.0,3515100.0,0.0
hd006780,,25/10/2025,05/01/2026,131750500.0,131750500.0,0.0
hd006781,dh007367,26/10/2025,18/01/2026,306656000.0,306656000.0,0.0
hd006782,DH010153,26/10/2025,04/11/2025,539000.0,539000.0,0.0
hd006783,dh006141,25/10/2025,17/01/2026,445701800.0,445701800.0,0.0
hd006784,dh000893,26/10/2025,11/09/2025,2376000.0,371800.0,2004200.0
hd006785,DH000248,25/10/2025,05/11/2025,2939000.0,2939000.0,0.0
HD006786,dh010651,26/10/2025,02/11/2025,5876800.0,5876800.0,0.0
hd006787,dh004828,28/10/2025,20/12/2025,328672800.0,328672800.0,0.0
HD006788,dh008396,25/10/2025,19/01/2026,137228200.0,96989500.0,40238700.0
HD006789,dh002957,28/10/2025,30/12/2025,179585100.0,12571600.0,167013500.0
HD006790,dh011484,25/10/2025,29/12/2025,503346800.0,503346800.0,0.0
hd006791,dh009428,25/10/2025,07/11/2025,6450200.0,6450200.0,0.0
hd006792,dh004473,26/10/2025,27/12/2025,444541500.0,405879700.0,38661800.0
hd006793,dh007400,26/10/2025,21/01/2026,480720500.0,95301000.0,385419500.0
hd006794,dh007253,25/10/2025,08/11/2025,7514000.0,7514000.0,0.0
hd006795,dh005740,25/10/2025,04/11/2025,4471800.0,4471800.0,0.0
hd006796,dh009804,28/10/2025,24/12/2025,360921400.0,281410700.0,79510700.0
hd006797,,25/10/2025,09/11/2025,3375000.0,1115900.0,2259100.0
HD006798,dh011768,27/10/2025,31/12/2025,257218200.0,257218200.0,0.0
hd006799,dh003594,26/10/2025,16/01/2026,344894800.0,344894800.0,0.0
HD006800,dh010812,26/10/2025,18/01/2026,153132200.0,153132200.0,0.0
hd006801,dh006857,28/10/2025,12/01/2026,619880300.0,619880300.0,0.0
HD006802,dh003748,29/10/2025,08/01/2026,363935900.0,363935900.0,0.0
hd006803,dh008817,26/10/2025,08/01/2026,523259800.0,523259800.0,0.0
hd006804,dh002999,28/10/2025,18/01/2026,210567800.0,191192900.0,19374900.0
hd006805,dh005395,26/10/2025,15/01/2026,636697800.0,636697800.0,0.0
hd006806,dh000969,26/10/2025,08/11/2025,1509600.0,1509600.0,0.0
hd006807,dh004952,26/10/2025,01/01/2026,235097000.0,16476300.0,218620700.0
hd006808,dh003701,27/10/2025,27/12/2025,224900000.0,224900000.0,0.0
hd006809,dh006995,26/10/2025,15/01/2026,728752600.0,728752600.0,0.0
hd006810,dh000954,28/10/2025,10/11/2025,860000.0,860000.0,0.0
hd006811,,28/10/2025,09/11/2025,11230000.0,11230000.0,0.0
hd006812,dh011166,27/10/2025,05/11/2025,1045000.0,1045000.0,0.0
hd006813,dh006940,29/10/2025,21/01/2026,566977000.0,250659600.0,316317400.0
hd006814,dh006678,26/10/2025,22/12/2025,384024000.0,242775700.0,141248300.0
hd006815,dh001488,26/10/2025,02/11/2025,4551700.0,3870000.0,681700.0
HD006816,dh010410,29/10/2025,13/11/2025,4290600.0,4290600.0,0.0
hd006817,dh000396,26/10/2025,07/01/2026,547001000.0,547001000.0,0.0
HD006818,dh006708,27/10/2025,31/12/2025,231966800.0,231966800.0,0.0
hd006819,dh006877,29/10/2025,09/11/2025,2014000.0,2014000.0,0.0
hd006820,dh005339,29/10/2025,29/12/2025,57320400.0,9874200.0,47446200.0
HD006821,dh000021,30/10/2025,15/01/2026,168931400.0,168931400.0,0.0
HD006822,dh009117,30/10/2025,06/11/2025,8574000.0,8574000.0,0.0
hd006823,dh007765,27/10/2025,09/11/2025,268000.0,161000.0,107000.0
hd006824,dh001799,27/10/2025,27/12/2025,354894800.0,354894800.0,0.0
hd006825,dh011707,27/10/2025,05/11/2025,1251000.0,1251000.0,0.0
HD006826,dh004493,29/10/2025,13/12/2025,666864200.0,666864200.0,0.0
hd006827,dh010516,30/10/2025,06/11/2025,3738800.0,3738800.0,0.0
hd006828,dh005183,27/10/2025,05/11/2025,375000.0,375000.0,0.0
hd006829,dh001227,28/10/2025,28/12/2025,392696500.0,200303000.0,192393500.0
HD006830,dh009603,10/27/2025,09/11/2025,1372000.0,1372000.0,0.0
hd006831,dh009931,30/10/2025,15/01/2026,290853500.0,93731500.0,197122000.0
HD006832,dh007539,30/10/2025,04/01/2026,515566300.0,515566300.0,0.0
hd006833,dh005943,29/10/2025,09/01/2026,172231600.0,133991800.0,38239800.0
hd006834,dh008921,30/10/2025,20/12/2025,123968600.0,123968600.0,0.0
hd006835,DH900007,29/10/2025,25/12/2025,580215200.0,245126700.0,335088500.0
hd006836,dh008644,29/10/2025,10/11/2025,13790000.0,13790000.0,0.0
hd006837,dh010915,30/10/2025,13/11/2025,1083600.0,1083600.0,0.0
hd006838,dh010995,31/10/2025,2025-11-08,2289000.0,2289000.0,0.0
hd006839,DH006726,31/10/2025,15/11/2025,499800.0,343400.0,156400.0
hd006840,dh011991,30/10/2025,05/01/2026,178956200.0,178956200.0,0.0
hd006841,dh002488,31/10/2025,08/11/2025,2724600.0,2724600.0,0.0
hd006842,dh009192,29/10/2025,2025-11-06,5160600.0,5160600.0,0.0
HD006843,dh004662,28/10/2025,22/01/2026,581211600.0,6926800.0,574284800.0
hd006844,dh004157,30/10/2025,18/01/2026,447854600.0,76427800.0,371426800.0
hd006845,dh009786,31/10/2025,07/11/2025,2574600.0,2574600.0,0.0
hd006846,dh010246,30/10/2025,11/11/2025,1934000.0,1934000.0,0.0
hd006847,dh007684,30/10/2025,08/11/2025,1532000.0,1326500.0,205500.0
hd006848,dh006279,30/10/2025,03/01/2026,100726000.0,100726000.0,0.0
hd006849,dh002922,30/10/2025,06/11/2025,3168000.0,3168000.0,0.0
HD006850,dh008545,28/10/2025,24/12/2025,134291000.0,134291000.0,0.0
hd006851,dh010272,30/10/2025,06/11/2025,1530900.0,1530900.0,0.0
hd006852,dh005753,31/10/2025,09/11/2025,7905000.0,7905000.0,0.0
HD006853,dh006881,29/10/2025,12/11/2025,9936000.0,9936000.0,0.0
hd006854,dh006428,30/10/2025,11/11/2025,1347300.0,1347300.0,0.0
hd006855,dh000635,31/10/2025,17/01/2026,355658900.0,355658900.0,0.0
hd006856,dh006126,01/11/2025,08/11/2025,15135000.0,15135000.0,0.0
hd006857,dh009865,30/10/2025,21/01/2026,442950600.0,145165500.0,297785100.0
hd006858,dh001265,30/10/2025,28/12/2025,152373000.0,100486700.0,51886300.0
HD006859,DH900009,30/10/2025,14/11/2025,1056000.0,724800.0,331200.0
hd006860,dh009145,31/10/2025,11/11/2025,561600.0,561600.0,0.0
hd006861,dh007659,31/10/2025,14/11/2025,6021000.0,6021000.0,0.0
hd006862,dh009930,10/29/2025,20/12/2025,212479000.0,131408300.0,81070700.0
HD006863,dh001155,31/10/2025,14/11/2025,1386800.0,1386800.0,0.0
hd006864,dh001508,29/10/2025,13/11/2025,197600.0,197600.0,0.0
hd006865,dh009592,31/10/2025,11/01/2026,194160200.0,194160200.0,0.0
hd006866,dh006947,29/10/2025,02/01/2026,476074900.0,155063100.0,321011800.0
HD006867,DH009836,30/10/2025,08/11/2025,3822200.0,3822200.0,0.0
hd006868,dh001748,30/10/2025,15/01/2026,622040600.0,502868700.0,119171900.0
hd006869,DH006466,31/10/2025,23/01/2026,390385500.0,390385500.0,0.0
hd006870,dh011103,01/11/2025,28/01/2026,643586900.0,32824800.0,610762100.0
hd006871,,29/10/2025,21/12/2025,194474800.0,194474800.0,0.0
hd006872,dh003008,01/11/2025,18/01/2026,176324100.0,139654100.0,36670000.0
hd006873,dh008608,29/10/2025,07/11/2025,3687400.0,3687400.0,0.0
HD006874,dh003176,02/11/2025,09/11/2025,6577800.0,6577800.0,0.0
hd006875,dh004626,02/11/2025,11/17/2025,530000.0,530000.0,0.0
hd006876,dh009283,01/11/2025,11/01/2026,510221600.0,510221600.0,0.0
hd006877,dh010561,31/10/2025,14/11/2025,2510000.0,2510000.0,0.0
hd006878,DH900006,31/10/2025,13/11/2025,8832500.0,8832500.0,0.0
hd006879,dh011689,31/10/2025,16/01/2026,423645000.0,423645000.0,0.0
hd006880,dh004793,31/10/2025,09/11/2025,278000.0,278000.0,0.0
hd006881,dh001872,31/10/2025,10/11/2025,2299000.0,2299000.0,0.0
hd006882,dh009771,30/10/2025,07/11/2025,806400.0,806400.0,0.0
HD006883,dh004403,30/10/2025,10/01/2026,510486800.0,510486800.0,0.0
hd006884,dh005562,30/10/2025,14/01/2026,405303700.0,206541300.0,198762400.0
hd006885,dh009791,01/11/2025,06/01/2026,496412700.0,496412700.0,0.0
HD006886,dh006228,02/11/2025,16/01/2026,250871600.0,92062700.0,158808900.0
hd006887,dh004892,02/11/2025,11/11/2025,12013200.0,12013200.0,0.0
HD006888,dh002179,01/11/2025,24/01/2026,384761600.0,384761600.0,0.0
hd006889,dh002088,01/11/2025,18/12/2025,462153300.0,125760900.0,336392400.0
hd006890,dh003962,01/11/2025,24/12/2025,148742000.0,148742000.0,0.0
HD006891,dh004484,02/11/2025,16/11/2025,598000.0,598000.0,0.0
hd006892,dh004061,01/11/2025,30/01/2026,315425200.0,315425200.0,0.0
hd006893,dh007134,02/11/2025,19/12/2025,394846500.0,394846500.0,0.0
hd006894,,03/11/2025,22/12/2025,385481500.0,45547800.0,339933700.0
hd006895,DH900001,31/10/2025,11/11/2025,4738500.0,4738500.0,0.0
HD006896,dh006101,2025-11-01,14/11/2025,1353900.0,1353900.0,0.0
hd006897,dh002499,03/11/2025,13/11/2025,126000.0,126000.0,0.0
HD006898,dh010926,03/11/2025,10/11/2025,4327500.0,4327500.0,0.0
hd006899,DH010984,03/11/2025,11/11/2025,3118400.0,2299600.0,818800.0
hd006900,dh010511,02/11/2025,22/01/2026,294409400.0,54471900.0,239937500.0
hd006901,dh007635,02/11/2025,29/01/2026,79485400.0,1388300.0,78097100.0
HD006902,dh007139,31/10/2025,09/11/2025,251100.0,251100.0,0.0
HD006903,dh011227,03/11/2025,11/11/2025,6211200.0,6211200.0,0.0
hd006904,dh008430,03/11/2025,18/12/2025,392106100.0,392106100.0,0.0
hd006905,dh007137,04/11/2025,13/11/2025,12414000.0,12414000.0,0.0
HD006906,,03/11/2025,01/01/2026,390853600.0,390853600.0,0.0
hd006907,dh008709,01/11/2025,11/01/2026,265278000.0,163654300.0,101623700.0
hd006908,dh005224,02/11/2025,17/11/2025,13813200.0,13813200.0,0.0
hd006909,dh000346,04/11/2025,19/11/2025,8220800.0,8220800.0,0.0
hd006910,dh001406,02/11/2025,18/12/2025,140382600.0,140382600.0,0.0
HD006911,dh011650,03/11/2025,2025-12-26,451649200.0,86302100.0,365347100.0
HD006912,dh000795,01/11/2025,19/01/2026,106215400.0,106215400.0,0.0
HD006913,dh008464,04/11/2025,25/12/2025,122139000.0,122139000.0,0.0
hd006914,dh002457,03/11/2025,02/01/2026,524632600.0,524632600.0,0.0
hd006915,dh002159,03/11/2025,03/01/2026,71558700.0,71558700.0,0.0
hd006916,DH004897,03/11/2025,31/01/2026,778768000.0,778768000.0,0.0
hd006917,dh003029,01/11/2025,01/01/2026,168172400.0,168172400.0,0.0
hd006918,dh009642,03/11/2025,18/11/2025,4705000.0,4705000.0,0.0
hd006919,dh003618,04/11/2025,12/26/2025,313153400.0,195729900.0,117423500.0
HD006920,dh002388,05/11/2025,13/11/2025,2757000.0,2757000.0,0.0
HD006921,dh002374,05/11/2025,09/01/2026,107603900.0,107603900.0,0.0
HD006922,dh003115,03/11/2025,19/12/2025,299359800.0,90267800.0,209092000.0
hd006923,,05/11/2025,19/11/2025,272800.0,272800.0,0.0
hd006924,DH010274,03/11/2025,24/12/2025,156981300.0,156981300.0,0.0
hd006925,dh007538,03/11/2025,13/11/2025,2076000.0,1727300.0,348700.0
hd006926,dh002835,02/11/2025,09/11/2025,4037200.0,4037200.0,0.0
hd006927,dh004543,05/11/2025,31/01/2026,98581200.0,98581200.0,0.0
hd006928,dh006617,03/11/2025,18/11/2025,9237600.0,5551900.0,3685700.0
hd006929,dh010870,04/11/2025,15/11/2025,295000.0,295000.0,0.0
hd006930,,02/11/2025,13/01/2026,391717600.0,74259600.0,317458000.0
hd006931,dh001333,02/11/2025,12/11/2025,729000.0,729000.0,0.0
hd006932,dh007460,04/11/2025,19/11/2025,4410600.0,4410600.0,0.0
HD006933,dh011223,04/11/2025,13/11/2025,5934600.0,5934600.0,0.0
hd006934,dh005710,02/11/2025,01/01/2026,155632600.0,155632600.0,0.0
hd006935,dh008983,06/11/2025,09/01/2026,389000000.0,389000000.0,0.0
hd006936,dh011829,04/11/2025,14/11/2025,96000.0,75900.0,20100.0
hd006937,dh009654,03/11/2025,20/01/2026,511596500.0,511596500.0,0.0
HD006938,DH009372,03/11/2025,28/01/2026,515681000.0,515681000.0,0.0
hd006939,dh005302,05/11/2025,22/12/2025,367904400.0,341468400.0,26436000.0
hd006940,dh002862,06/11/2025,16/11/2025,483000.0,483000.0,0.0
hd006941,dh004679,03/11/2025,11/15/2025,4446800.0,4446800.0,0.0
hd006942,dh006543,04/11/2025,04/01/2026,445592700.0,445592700.0,0.0
hd006943,dh010976,06/11/2025,21/11/2025,7908400.0,7908400.0,0.0
HD006944,dh001166,03/11/2025,11/11/2025,3468000.0,3468000.0,0.0
hd006945,dh009321,11/03/2025,18/11/2025,3172700.0,3172700.0,0.0
HD006946,dh001938,05/11/2025,17/11/2025,2312000.0,2312000.0,0.0
hd006947,dh010232,05/11/2025,11/01/2026,371473200.0,332649000.0,38824200.0
hd006948,dh004699,03/11/2025,18/11/2025,1697400.0,1697400.0,0.0
hd006949,dh008664,06/11/2025,20/11/2025,295200.0,295200.0,0.0
HD006950,dh009753,06/11/2025,30/01/2026,285736000.0,238484500.0,47251500.0
hd006951,dh007866,04/11/2025,22/01/2026,238598000.0,155382300.0,83215700.0
hd006952,dh003077,04/11/2025,16/11/2025,2731200.0,2731200.0,0.0
hd006953,dh009019,03/11/2025,15/01/2026,312835600.0,155134200.0,157701400.0
hd006954,dh009121,03/11/2025,15/11/2025,2068200.0,2068200.0,0.0
hd006955,dh001520,04/11/2025,13/11/2025,3856000.0,3856000.0,0.0
hd006956,dh011833,03/11/2025,11/15/2025,1659000.0,1659000.0,0.0
hd006957,dh003524,05/11/2025,15/11/2025,9605000.0,8992000.0,613000.0
hd006958,dh002924,04/11/2025,31/12/2025,237628500.0,163950400.0,73678100.0
hd006959,dh002591,06/11/2025,30/12/2025,193881400.0,193881400.0,0.0
hd006960,dh002908,04/11/2025,2025-12-25,136403300.0,65136900.0,71266400.0
hd006961,dh010394,05/11/2025,20/11/2025,3161300.0,3161300.0,0.0
hd006962,DH006813,05/11/2025,16/11/2025,1825000.0,702100.0,1122900.0
HD006963,DH008727,06/11/2025,02/01/2026,195597000.0,195597000.0,0.0
HD006964,dh002876,06/11/2025,18/01/2026,315805000.0,194747300.0,121057700.0
hd006965,DH010938,04/11/2025,15/11/2025,621000.0,621000.0,0.0
hd006966,DH005479,07/11/2025,30/12/2025,194019800.0,106179400.0,87840400.0
HD006967,dh002702,04/11/2025,11/11/2025,786600.0,289100.0,497500.0
HD006968,DH003519,05/11/2025,12/11/2025,2879800.0,2879800.0,0.0
hd006969,dh010659,07/11/2025,15/11/2025,1178000.0,1178000.0,0.0
hd006970,dh004957,06/11/2025,21/11/2025,1848000.0,1848000.0,0.0
hd006971,dh006315,06/11/2025,19/11/2025,1797000.0,1797000.0,0.0
hd006972,DH900002,06/11/2025,13/11/2025,4309800.0,4309800.0,0.0
hd006973,dh011000,07/11/2025,22/01/2026,246814100.0,246814100.0,0.0
hd006974,dh010259,06/11/2025,29/12/2025,490068000.0,490068000.0,0.0
hd006975,dh011527,07/11/2025,14/11/2025,7085600.0,7085600.0,0.0
hd006976,dh011330,07/11/2025,30/01/2026,139540100.0,92688300.0,46851800.0
hd006977,dh008903,07/11/2025,18/11/2025,212500.0,212500.0,0.0
hd006978,dh007089,04/11/2025,28/12/2025,685891200.0,276706000.0,409185200.0
hd006979,dh005491,05/11/2025,26/12/2025,192603000.0,161721500.0,30881500.0
HD006980,dh001481,05/11/2025,31/12/2025,367007000.0,252017600.0,114989400.0
hd006981,dh005892,05/11/2025,20/01/2026,378906200.0,378906200.0,0.0
hd006982,dh008450,05/11/2025,13/11/2025,604800.0,563100.0,41700.0
hd006983,DH900009,05/11/2025,12/11/2025,550800.0,550800.0,0.0
hd006984,dh010547,06/11/2025,19/11/2025,1004000.0,369100.0,634900.0
HD006985,dh003502,07/11/2025,18/11/2025,712500.0,712500.0,0.0
hd006986,DH005399,07/11/2025,16/11/2025,1410000.0,1410000.0,0.0
hd006987,dh004012,06/11/2025,10/01/2026,472492000.0,472492000.0,0.0
hd006988,dh011587,06/11/2025,04/02/2026,226594200.0,226594200.0,0.0
hd006989,DH900008,05/11/2025,19/11/2025,420000.0,420000.0,0.0
HD006990,dh002422,08/11/2025,17/11/2025,341200.0,341200.0,0.0
hd006991,dh001880,05/11/2025,13/11/2025,7099100.0,7099100.0,0.0
hd006992,DH007524,07/11/2025,26/01/2026,236650700.0,236650700.0,0.0
hd006993,dh000737,07/11/2025,17/11/2025,11633200.0,11633200.0,0.0
hd006994,dh010737,05/11/2025,17/11/2025,4700900.0,4700900.0,0.0
HD006995,dh003097,06/11/2025,21/12/2025,274478800.0,246025100.0,28453700.0
HD006996,dh005214,05/11/2025,14/11/2025,862800.0,862800.0,0.0
hd006997,dh005709,07/11/2025,23/01/2026,108362000.0,108362000.0,0.0
hd006998,dh000071,08/11/2025,12/01/2026,426890900.0,426890900.0,0.0
hd006999,dh005370,07/11/2025,18/11/2025,1575000.0,1575000.0,0.0
hd007000,dh009730,07/11/2025,01/06/2026,141912000.0,123967200.0,17944800.0
hd007001,,08/11/2025,18/11/2025,318000.0,318000.0,0.0
hd007002,dh004932,06/11/2025,2026-01-18,347542200.0,347542200.0,0.0
hd007003,dh009815,2025-11-07,13/01/2026,442800400.0,442800400.0,0.0
hd007004,dh011666,07/11/2025,21/11/2025,1954000.0,1954000.0,0.0
hd007005,,07/11/2025,27/01/2026,247428400.0,186119700.0,61308700.0
hd007006,DH009469,06/11/2025,06/01/2026,565810200.0,33857600.0,531952600.0
hd007007,dh002680,05/11/2025,15/11/2025,584000.0,75500.0,508500.0
hd007008,dh000376,05/11/2025,27/01/2026,177273400.0,51608900.0,125664500.0
hd007009,dh006960,09/11/2025,28/12/2025,211383900.0,211383900.0,0.0
hd007010,dh006090,07/11/2025,18/11/2025,8618000.0,8618000.0,0.0
hd007011,DH009904,09/11/2025,27/12/2025,86679900.0,86679900.0,0.0
hd007012,DH900008,06/11/2025,25/01/2026,328922400.0,58903000.0,270019400.0
hd007013,dh001213,09/11/2025,02/01/2026,330283000.0,330283000.0,0.0
hd007014,dh007435,08/11/2025,31/01/2026,428325700.0,309716000.0,118609700.0
hd007015,dh004107,06/11/2025,18/01/2026,263526700.0,14594000.0,248932700.0
HD007016,dh008982,09/11/2025,08/01/2026,287167800.0,44669100.0,242498700.0
hd007017,dh000965,09/11/2025,02/01/2026,91331500.0,56052500.0,35279000.0
hd007018,dh002531,06/11/2025,18/01/2026,182959000.0,182959000.0,0.0
hd007019,dh000593,06/11/2025,24/12/2025,682814400.0,682814400.0,0.0
HD007020,dh003856,06/11/2025,17/11/2025,1169100.0,1169100.0,0.0
hd007021,dh006996,07/11/2025,18/11/2025,7695000.0,3728500.0,3966500.0
hd007022,dh003887,09/11/2025,23/11/2025,1329000.0,1013300.0,315700.0
hd007023,dh004920,07/11/2025,04/01/2026,190361400.0,190361400.0,0.0
HD007024,dh005835,06/11/2025,24/01/2026,325711500.0,325711500.0,0.0
HD007025,dh001614,08/11/2025,25/12/2025,958237100.0,716430800.0,241806300.0
hd007026,dh002361,08/11/2025,30/12/2025,147561600.0,96057800.0,51503800.0
hd007027,dh005597,09/11/2025,20/11/2025,1386000.0,1386000.0,0.0
hd007028,dh005692,07/11/2025,19/11/2025,2002000.0,2002000.0,0.0
hd007029,dh009013,07/11/2025,11/01/2026,350815200.0,20865500.0,329949700.0
hd007030,dh010187,10/11/2025,24/01/2026,280748400.0,2503800.0,278244600.0
hd007031,dh007940,08/11/2025,11/01/2026,427488900.0,419819900.0,7669000.0
hd007032,DH900007,10/11/2025,20/01/2026,70717200.0,45697600.0,25019600.0
hd007033,dh000097,08/11/2025,01/02/2026,623400400.0,623400400.0,0.0
hd007034,dh005603,10/11/2025,22/11/2025,153000.0,153000.0,0.0
hd007035,dh002716,10/11/2025,21/01/2026,619664800.0,619664800.0,0.0
hd007036,dh001643,10/11/2025,2026-01-13,352217100.0,352217100.0,0.0
hd007037,dh001217,09/11/2025,05/01/2026,145976000.0,145976000.0,0.0
HD007038,dh007715,09/11/2025,24/11/2025,2226000.0,2226000.0,0.0
hd007039,DH900001,09/11/2025,02/01/2026,383173800.0,162792400.0,220381400.0
hd007040,,08/11/2025,18/11/2025,3680200.0,1776800.0,1903400.0
hd007041,dh011717,09/11/2025,18/11/2025,22646000.0,22646000.0,0.0
hd007042,dh011557,08/11/2025,15/01/2026,247142200.0,166610400.0,80531800.0
hd007043,DH900009,09/11/2025,19/11/2025,2242900.0,2242900.0,0.0
hd007044,dh003928,08/11/2025,28/01/2026,603190300.0,412834900.0,190355400.0
HD007045,DH010358,2025-11-10,19/01/2026,75974800.0,45336600.0,30638200.0
hd007046,dh003087,09/11/2025,2025-11-22,2610000.0,2610000.0,0.0
hd007047,dh008912,10/11/2025,17/11/2025,2479200.0,2479200.0,0.0
hd007048,DH003610,10/11/2025,08/01/2026,101273600.0,64960400.0,36313200.0
hd007049,dh005576,09/11/2025,24/01/2026,76602400.0,76602400.0,0.0
HD007050,dh008789,09/11/2025,21/11/2025,4981600.0,4981600.0,0.0
HD007051,DH900008,10/11/2025,21/11/2025,6763500.0,6763500.0,0.0
HD007052,,11/11/2025,22/11/2025,4632000.0,4632000.0,0.0
hd007053,dh003665,10/11/2025,21/11/2025,1225000.0,1225000.0,0.0
hd007054,dh009640,09/11/2025,01/02/2026,131489500.0,119360700.0,12128800.0
hd007055,DH006307,09/11/2025,16/11/2025,788400.0,788400.0,0.0
hd007056,dh006672,10/11/2025,24/11/2025,8648000.0,6127300.0,2520700.0
HD007057,dh009068,08/11/2025,23/11/2025,1055600.0,1055600.0,0.0
hd007058,dh004728,10/11/2025,17/11/2025,1403000.0,1403000.0,0.0
HD007059,dh000910,10/11/2025,23/11/2025,2513300.0,2513300.0,0.0
hd007060,dh003923,09/11/2025,04/02/2026,386958400.0,386958400.0,0.0
hd007061,dh005600,10/11/2025,19/11/2025,1010400.0,1010400.0,0.0
hd007062,dh008319,08/11/2025,19/11/2025,7730000.0,7730000.0,0.0
HD007063,dh008263,11/11/2025,27/12/2025,324606200.0,324606200.0,0.0
hd007064,dh005918,11/08/2025,23/11/2025,1656000.0,1656000.0,0.0
hd007065,dh010298,11/11/2025,15/01/2026,1160814800.0,165191900.0,995622900.0
hd007066,dh005341,11/11/2025,11/01/2026,641025400.0,641025400.0,0.0
hd007067,dh008274,08/11/2025,15/11/2025,6301900.0,6301900.0,0.0
HD007068,dh007662,10/11/2025,09/01/2026,241003500.0,241003500.0,0.0
hd007069,dh004995,11/11/2025,02/01/2026,198460000.0,198460000.0,0.0
hd007070,dh009057,09/11/2025,24/11/2025,746800.0,746800.0,0.0
hd007071,dh011664,09/11/2025,16/11/2025,986400.0,986400.0,0.0
hd007072,dh006668,10/11/2025,10/01/2026,368015700.0,368015700.0,0.0
hd007073,dh000265,12/11/2025,11/01/2026,566261600.0,566261600.0,0.0
hd007074,dh000973,09/11/2025,02/02/2026,225742100.0,165734300.0,60007800.0
HD007075,dh007228,12/11/2025,07/01/2026,519802600.0,98099400.0,421703200.0
hd007076,dh002123,09/11/2025,29/12/2025,62438600.0,10382200.0,52056400.0
hd007077,DH007398,10/11/2025,18/01/2026,98554600.0,98554600.0,0.0
hd007078,dh001459,12/11/2025,09/01/2026,72878000.0,39465500.0,33412500.0
hd007079,dh011695,10/11/2025,05/01/2026,461429100.0,39741500.0,421687600.0
hd007080,dh007390,09/11/2025,14/01/2026,69072300.0,27347900.0,41724400.0
hd007081,dh003867,12/11/2025,17/01/2026,164256300.0,68735400.0,95520900.0
HD007082,,11/11/2025,28/12/2025,603094200.0,428081300.0,175012900.0
hd007083,dh008666,10/11/2025,26/12/2025,426516200.0,426516200.0,0.0
hd007084,dh005824,2025-11-10,07/02/2026,111966200.0,111966200.0,0.0
hd007085,dh003182,10/11/2025,2025-11-20,26000.0,26000.0,0.0
HD007086,dh003913,11/09/2025,21/11/2025,6847800.0,6847800.0,0.0
HD007087,,12/11/2025,21/11/2025,258000.0,36800.0,221200.0
hd007088,dh009949,10/11/2025,24/11/2025,1016000.0,1016000.0,0.0
hd007089,dh011878,11/10/2025,17/01/2026,501474200.0,41219600.0,460254600.0
HD007090,dh011228,13/11/2025,27/11/2025,8117700.0,8117700.0,0.0
hd007091,dh004964,13/11/2025,25/11/2025,2736600.0,2736600.0,0.0
hd007092,dh009888,13/11/2025,22/11/2025,144000.0,144000.0,0.0
hd007093,dh004917,10/11/2025,08/02/2026,111032700.0,111032700.0,0.0
hd007094,DH011440,10/11/2025,23/11/2025,4809300.0,4809300.0,0.0
hd007095,dh010448,11/11/2025,25/11/2025,3055300.0,3055300.0,0.0
HD007096,dh010071,12/11/2025,05/01/2026,159203800.0,15282800.0,143921000.0
hd007097,DH900005,12/11/2025,20/11/2025,5490900.0,5490900.0,0.0
hd007098,,12/11/2025,23/11/2025,5662400.0,5662400.0,0.0
HD007099,dh000208,11/11/2025,11/25/2025,2016000.0,2016000.0,0.0
HD007100,dh007112,12/11/2025,23/01/2026,549634800.0,549634800.0,0.0
hd007101,dh007080,10/11/2025,18/11/2025,604400.0,604400.0,0.0
hd007102,dh005631,13/11/2025,27/11/2025,1476000.0,1476000.0,0.0
hd007103,DH900005,11/11/2025,22/11/2025,658800.0,658800.0,0.0
HD007104,DH900006,13/11/2025,04/02/2026,346888600.0,346888600.0,0.0
hd007105,dh007439,13/11/2025,27/11/2025,963900.0,963900.0,0.0
hd007106,dh006226,12/11/2025,19/11/2025,1360000.0,1360000.0,0.0
hd007107,dh008803,14/11/2025,07/01/2026,196450500.0,164550600.0,31899900.0
hd007108,dh009191,14/11/2025,28/11/2025,1821000.0,1821000.0,0.0
hd007109,dh009837,12/11/2025,24/11/2025,5943500.0,5943500.0,0.0
hd007110,dh005899,12/11/2025,01/01/2026,651455700.0,651455700.0,0.0
hd007111,dh000043,12/11/2025,02/02/2026,993937800.0,946660800.0,47277000.0
hd007112,dh004168,14/11/2025,06/02/2026,639049700.0,67409000.0,571640700.0
hd007113,dh010909,14/11/2025,04/02/2026,340783000.0,211795700.0,128987300.0
HD007114,dh004566,13/11/2025,15/01/2026,269259900.0,269259900.0,0.0
hd007115,dh009800,14/11/2025,26/11/2025,7262600.0,7262600.0,0.0
hd007116,,13/11/2025,21/11/2025,2245500.0,2245500.0,0.0
hd007117,dh000372,15/11/2025,25/01/2026,162701200.0,162701200.0,0.0
hd007118,dh010658,13/11/2025,21/11/2025,472000.0,472000.0,0.0
hd007119,dh008408,14/11/2025,22/11/2025,5692000.0,5692000.0,0.0
HD007120,dh002706,14/11/2025,11/01/2026,348563900.0,95264600.0,253299300.0
hd007121,dh000696,15/11/2025,22/01/2026,634898400.0,634898400.0,0.0
hd007122,dh006427,13/11/2025,23/11/2025,3176400.0,1245500.0,1930900.0
hd007123,dh006178,14/11/2025,25/11/2025,7074000.0,7074000.0,0.0
hd007124,dh010283,12/11/2025,27/01/2026,373894700.0,373894700.0,0.0
HD007125,,13/11/2025,26/11/2025,1952000.0,1952000.0,0.0
hd007126,DH900005,14/11/2025,23/11/2025,243000.0,243000.0,0.0
hd007127,dh006850,12/11/2025,26/11/2025,1353000.0,1353000.0,0.0
hd007128,dh003604,12/11/2025,28/01/2026,302558100.0,302558100.0,0.0
HD007129,dh003890,15/11/2025,27/11/2025,18552000.0,18552000.0,0.0
hd007130,dh001653,12/11/2025,12/01/2026,208054000.0,150264700.0,57789300.0
HD007131,dh010571,13/11/2025,04/02/2026,563169500.0,563169500.0,0.0
HD007132,DH010497,12/11/2025,19/11/2025,1689200.0,1689200.0,0.0
hd007133,dh000342,12/11/2025,22/11/2025,4415000.0,4415000.0,0.0
hd007134,dh010960,13/11/2025,03/01/2026,175460100.0,175460100.0,0.0
hd007135,dh004690,13/11/2025,26/11/2025,7555800.0,7555800.0,0.0
hd007136,DH008270,15/11/2025,05/01/2026,625844200.0,625844200.0,0.0
HD007137,dh005362,16/11/2025,29/11/2025,2019600.0,2019600.0,0.0
hd007138,dh002635,16/11/2025,01/01/2026,251752500.0,251752500.0,0.0
HD007139,dh007512,14/11/2025,05/02/2026,169393000.0,169393000.0,0.0
hd007140,,16/11/2025,30/01/2026,546013600.0,423028100.0,122985500.0
hd007141,dh010943,16/11/2025,29/11/2025,10702400.0,10702400.0,0.0
HD007142,dh010640,14/11/2025,26/11/2025,333000.0,333000.0,0.0
hd007143,dh007555,13/11/2025,27/11/2025,1935000.0,1935000.0,0.0
hd007144,dh004226,13/11/2025,26/11/2025,11600000.0,8179300.0,3420700.0
hd007145,,14/11/2025,12/02/2026,394252200.0,157087400.0,237164800.0
hd007146,dh000636,14/11/2025,25/11/2025,6777000.0,282300.0,6494700.0
hd007147,dh009979,16/11/2025,27/11/2025,12922000.0,12922000.0,0.0
hd007148,dh010740,13/11/2025,24/01/2026,297854600.0,233083800.0,64770800.0
hd007149,dh003108,16/11/2025,18/01/2026,416707200.0,21991400.0,394715800.0
HD007150,dh003520,13/11/2025,22/11/2025,7020000.0,7020000.0,0.0
hd007151,dh011659,14/11/2025,28/01/2026,289761000.0,227180300.0,62580700.0
HD007152,dh011799,14/11/2025,07/01/2026,230770000.0,230770000.0,0.0
hd007153,dh008421,14/11/2025,24/11/2025,2278200.0,2278200.0,0.0
hd007154,DH011520,14/11/2025,21/11/2025,374400.0,374400.0,0.0
HD007155,DH009879,16/11/2025,28/11/2025,1645200.0,1645200.0,0.0
HD007156,,13/11/2025,12/01/2026,335001100.0,49001100.0,286000000.0
hd007157,dh009178,15/11/2025,22/11/2025,1487000.0,1487000.0,0.0
HD007158,dh001632,13/11/2025,29/12/2025,521514500.0,136047800.0,385466700.0
hd007159,dh007553,16/11/2025,30/11/2025,4691500.0,4691500.0,0.0
hd007160,dh003816,14/11/2025,26/11/2025,1847000.0,1847000.0,0.0
hd007161,dh001123,15/11/2025,21/01/2026,148040800.0,76730000.0,71310800.0
hd007162,dh002139,16/11/2025,2026-01-22,291216500.0,291216500.0,0.0
hd007163,dh001025,11/17/2025,2025-11-26,2972000.0,2972000.0,0.0
hd007164,dh009789,15/11/2025,12/02/2026,308695200.0,308695200.0,0.0
HD007165,dh011452,16/11/2025,30/11/2025,1026200.0,1026200.0,0.0
hd007166,dh011505,17/11/2025,01/12/2025,6056000.0,6056000.0,0.0
hd007167,dh007745,17/11/2025,27/01/2026,303362800.0,85678900.0,217683900.0
hd007168,dh008603,14/11/2025,25/11/2025,8188000.0,8188000.0,0.0
HD007169,dh001693,14/11/2025,23/11/2025,3587100.0,3587100.0,0.0
hd007170,dh003641,16/11/2025,23/11/2025,1325000.0,1325000.0,0.0
HD007171,dh010261,14/11/2025,26/11/2025,2991300.0,1337400.0,1653900.0
hd007172,DH010590,2025-11-14,27/11/2025,7806500.0,7806500.0,0.0
hd007173,dh011512,15/11/2025,23/01/2026,326260600.0,310827100.0,15433500.0
hd007174,dh003766,15/11/2025,25/11/2025,4276000.0,4276000.0,0.0
hd007175,dh001724,16/11/2025,2026-01-10,76286000.0,76286000.0,0.0
hd007176,dh007844,17/11/2025,12/02/2026,197723900.0,167741700.0,29982200.0
hd007177,,18/11/2025,02/12/2025,1874200.0,1874200.0,0.0
hd007178,dh003929,16/11/2025,27/01/2026,366132100.0,366132100.0,0.0
hd007179,dh011432,15/11/2025,27/11/2025,289000.0,180900.0,108100.0
hd007180,dh003925,18/11/2025,15/02/2026,108977500.0,108977500.0,0.0
hd007181,dh004412,18/11/2025,02/12/2025,858500.0,858500.0,0.0
HD007182,dh005636,18/11/2025,27/01/2026,238987600.0,238987600.0,0.0
hd007183,dh005398,16/11/2025,18/01/2026,306020000.0,259961500.0,46058500.0
hd007184,dh001612,15/11/2025,25/11/2025,1121200.0,1121200.0,0.0
hd007185,dh008495,17/11/2025,28/11/2025,1127600.0,1127600.0,0.0
hd007186,dh005271,17/11/2025,29/11/2025,1232600.0,263500.0,969100.0
hd007187,dh009566,17/11/2025,06/01/2026,396769300.0,396769300.0,0.0
hd007188,dh003383,15/11/2025,30/11/2025,142500.0,142500.0,0.0
hd007189,dh000548,17/11/2025,04/02/2026,491540100.0,317372800.0,174167300.0
hd007190,dh010169,15/11/2025,28/01/2026,190913000.0,190913000.0,0.0
hd007191,DH004175,16/11/2025,24/11/2025,10650200.0,10650200.0,0.0
hd007192,dh003630,16/11/2025,24/11/2025,10650000.0,10650000.0,0.0
hd007193,dh005701,15/11/2025,28/11/2025,1122600.0,1122600.0,0.0
HD007194,dh001536,17/11/2025,26/11/2025,4564800.0,4112800.0,452000.0
HD007195,DH006213,15/11/2025,11/01/2026,36587800.0,36587800.0,0.0
hd007196,dh004261,18/11/2025,29/11/2025,319500.0,319500.0,0.0
hd007197,dh009857,17/11/2025,03/01/2026,160452800.0,160452800.0,0.0
hd007198,dh007999,18/11/2025,16/01/2026,168559600.0,168559600.0,0.0
hd007199,dh000832,16/11/2025,08/02/2026,510966200.0,384050100.0,126916100.0
hd007200,dh002796,16/11/2025,27/11/2025,1448600.0,1448600.0,0.0
hd007201,dh007783,15/11/2025,15/01/2026,322142100.0,264880000.0,57262100.0
HD007202,,17/11/2025,03/02/2026,186603400.0,186603400.0,0.0
hd007203,dh008443,18/11/2025,30/11/2025,4573200.0,134400.0,4438800.0
hd007204,dh000299,17/11/2025,03/01/2026,230141300.0,213301800.0,16839500.0
hd007205,dh009916,17/11/2025,14/02/2026,716798500.0,716798500.0,0.0
hd007206,DH001074,18/11/2025,01/12/2025,404000.0,404000.0,0.0
hd007207,,19/11/2025,27/11/2025,3088400.0,3088400.0,0.0
HD007208,dh004736,17/11/2025,02/12/2025,7732500.0,7732500.0,0.0
hd007209,dh010230,19/11/2025,10/01/2026,271780000.0,165014500.0,106765500.0
hd007210,dh003635,17/11/2025,24/11/2025,707200.0,467600.0,239600.0
hd007211,dh004086,17/11/2025,30/11/2025,2265300.0,2265300.0,0.0
hd007212,dh006760,17/11/2025,29/11/2025,3950200.0,3950200.0,0.0
hd007213,dh005934,16/11/2025,23/11/2025,230800.0,230800.0,0.0
hd007214,dh002585,16/11/2025,07/01/2026,554628000.0,552977300.0,1650700.0
hd007215,dh005529,16/11/2025,2026-01-08,153927600.0,153927600.0,0.0
hd007216,dh002411,19/11/2025,03/12/2025,6601100.0,4933400.0,1667700.0
hd007217,dh003875,18/11/2025,02/12/2025,807500.0,807500.0,0.0
hd007218,dh000369,17/11/2025,24/11/2025,1215000.0,914900.0,300100.0
HD007219,dh002629,19/11/2025,31/01/2026,495296600.0,495296600.0,0.0
HD007220,,18/11/2025,25/01/2026,707410600.0,607530500.0,99880100.0
hd007221,dh007334,17/11/2025,31/01/2026,119813700.0,45260000.0,74553700.0
hd007222,dh005065,17/11/2025,13/01/2026,622527200.0,340537800.0,281989400.0
HD007223,dh010802,17/11/2025,16/01/2026,574054000.0,574054000.0,0.0
hd007224,dh005118,17/11/2025,11/24/2025,1750300.0,246200.0,1504100.0
hd007225,dh003431,18/11/2025,26/11/2025,194800.0,150100.0,44700.0
hd007226,dh006549,17/11/2025,26/11/2025,8417000.0,8417000.0,0.0
HD007227,dh007199,17/11/2025,30/01/2026,304458700.0,281272500.0,23186200.0
hd007228,dh001959,20/11/2025,11/02/2026,241235100.0,241235100.0,0.0
hd007229,dh004026,18/11/2025,10/01/2026,154600800.0,72729100.0,81871700.0
hd007230,dh010459,18/11/2025,03/12/2025,6991500.0,6991500.0,0.0
HD007231,dh011193,17/11/2025,30/11/2025,9417000.0,9417000.0,0.0
hd007232,dh003468,19/11/2025,10/02/2026,361024400.0,361024400.0,0.0
hd007233,dh005009,19/11/2025,17/01/2026,231941300.0,231941300.0,0.0
HD007234,dh004251,18/11/2025,29/11/2025,3960000.0,3960000.0,0.0
hd007235,,20/11/2025,03/12/2025,8717200.0,8717200.0,0.0
hd007236,dh001636,19/11/2025,04/12/2025,11766400.0,11766400.0,0.0
hd007237,dh010431,17/11/2025,29/11/2025,10985600.0,10985600.0,0.0
hd007238,dh006464,19/11/2025,17/02/2026,356622800.0,346624900.0,9997900.0
hd007239,dh004445,21/11/2025,04/12/2025,2312000.0,2312000.0,0.0
hd007240,dh008676,19/11/2025,27/11/2025,627300.0,627300.0,0.0
HD007241,dh011941,20/11/2025,17/01/2026,575760600.0,575760600.0,0.0
HD007242,DH001753,11/19/2025,03/12/2025,5072700.0,5072700.0,0.0
HD007243,dh000975,20/11/2025,02/12/2025,1565400.0,1565400.0,0.0
hd007244,dh005583,21/11/2025,14/01/2026,79073600.0,79073600.0,0.0
hd007245,dh008605,19/11/2025,01/12/2025,2492400.0,2492400.0,0.0
hd007246,dh010117,21/11/2025,10/02/2026,459223400.0,367063800.0,92159600.0
hd007247,dh009717,21/11/2025,07/01/2026,130117000.0,22757100.0,107359900.0
hd007248,dh000655,20/11/2025,28/11/2025,103500.0,103500.0,0.0
hd007249,dh003376,20/11/2025,10/01/2026,245914000.0,245914000.0,0.0
hd007250,dh004328,19/11/2025,13/01/2026,920963300.0,367204900.0,553758400.0
hd007251,dh006491,20/11/2025,04/12/2025,1350000.0,1350000.0,0.0
hd007252,dh008222,20/11/2025,27/11/2025,4129400.0,4129400.0,0.0
hd007253,dh002429,20/11/2025,24/01/2026,137841800.0,137841800.0,0.0
hd007254,dh004433,19/11/2025,24/01/2026,227684800.0,19764300.0,207920500.0
hd007255,dh007982,19/11/2025,30/01/2026,685190800.0,336796600.0,348394200.0
hd007256,dh003311,18/11/2025,30/11/2025,1846000.0,1846000.0,0.0
HD007257,dh010206,20/11/2025,30/11/2025,4250800.0,4250800.0,0.0
hd007258,dh003314,20/11/2025,29/11/2025,2245800.0,2245800.0,0.0
HD007259,dh008706,21/11/2025,26/01/2026,346529400.0,346529400.0,0.0
hd007260,DH900008,11/21/2025,29/11/2025,2085300.0,2085300.0,0.0
hd007261,dh005160,20/11/2025,30/11/2025,1672000.0,1672000.0,0.0
hd007262,dh008397,18/11/2025,26/11/2025,4263000.0,4263000.0,0.0
HD007263,dh000537,19/11/2025,19/01/2026,326251400.0,326251400.0,0.0
HD007264,dh010575,19/11/2025,03/12/2025,14332600.0,14332600.0,0.0
hd007265,dh009649,19/11/2025,30/11/2025,767700.0,767700.0,0.0
hd007266,dh001889,19/11/2025,26/11/2025,8212700.0,8212700.0,0.0
hd007267,,20/11/2025,03/02/2026,80854600.0,80854600.0,0.0
hd007268,dh005552,21/11/2025,03/12/2025,1129500.0,1129500.0,0.0
hd007269,dh011641,21/11/2025,05/12/2025,9405000.0,9405000.0,0.0
HD007270,dh008028,22/11/2025,25/01/2026,563710300.0,563710300.0,0.0
hd007271,dh008560,19/11/2025,04/12/2025,1010000.0,1010000.0,0.0
hd007272,dh001381,22/11/2025,07/12/2025,1449000.0,1449000.0,0.0
hd007273,dh008341,21/11/2025,01/12/2025,437400.0,437400.0,0.0
HD007274,DH004359,22/11/2025,05/12/2025,4243200.0,4243200.0,0.0
hd007275,dh003997,22/11/2025,29/11/2025,5012800.0,5012800.0,0.0
hd007276,dh002798,21/11/2025,20/01/2026,446154600.0,120938400.0,325216200.0
hd007277,dh001453,19/11/2025,01/29/2026,344142100.0,170343600.0,173798500.0
hd007278,DH007110,20/11/2025,17/02/2026,426854600.0,426854600.0,0.0
hd007279,DH900005,23/11/2025,17/01/2026,135674500.0,7915200.0,127759300.0
HD007280,dh004474,22/11/2025,07/12/2025,7308000.0,7308000.0,0.0
HD007281,DH900009,21/11/2025,05/12/2025,126900.0,74900.0,52000.0
hd007282,,23/11/2025,08/12/2025,252000.0,252000.0,0.0
hd007283,dh002319,21/11/2025,28/11/2025,445100.0,445100.0,0.0
hd007284,dh004845,23/11/2025,01/12/2025,6089600.0,6089600.0,0.0
hd007285,dh008030,20/11/2025,14/01/2026,138925400.0,138925400.0,0.0
hd007286,dh008437,23/11/2025,25/01/2026,62838100.0,19510600.0,43327500.0
hd007287,,23/11/2025,06/02/2026,1040068200.0,483104600.0,556963600.0
HD007288,dh011945,21/11/2025,08/01/2026,181394600.0,153637400.0,27757200.0
hd007289,dh006599,20/11/2025,19/01/2026,524836000.0,22745900.0,502090100.0
hd007290,dh008347,20/11/2025,03/12/2025,10767000.0,1581400.0,9185600.0
HD007291,dh005967,20/11/2025,04/12/2025,7896800.0,7896800.0,0.0
HD007292,dh011675,21/11/2025,26/01/2026,523125700.0,191985600.0,331140100.0
HD007293,dh000200,23/11/2025,2025-12-08,763000.0,763000.0,0.0
hd007294,DH011629,23/11/2025,12/02/2025,1461100.0,1461100.0,0.0
hd007295,dh011792,21/11/2025,23/01/2026,467613800.0,26077000.0,441536800.0
hd007296,,23/11/2025,13/02/2026,414147800.0,97080300.0,317067500.0
hd007297,dh000166,23/11/2025,10/02/2026,326058900.0,145130600.0,180928300.0
hd007298,dh009236,21/11/2025,26/01/2026,634766600.0,634766600.0,0.0
hd007299,dh003546,21/11/2025,06/12/2025,1635000.0,1635000.0,0.0
HD007300,dh005952,22/11/2025,18/02/2026,143057500.0,101424300.0,41633200.0
HD007301,dh010942,24/11/2025,12/01/2026,323537500.0,323537500.0,0.0
hd007302,DH003500,24/11/2025,05/12/2025,1664700.0,1664700.0,0.0
hd007303,dh003697,21/11/2025,06/12/2025,3595000.0,3595000.0,0.0
hd007304,dh005386,24/11/2025,15/01/2026,79012000.0,56987400.0,22024600.0
hd007305,dh009554,22/11/2025,19/02/2026,287124000.0,114103900.0,173020100.0
hd007306,dh007060,21/11/2025,28/01/2026,111038800.0,111038800.0,0.0
hd007307,dh007299,11/22/2025,10/02/2026,369374200.0,227065200.0,142309000.0
hd007308,dh002868,22/11/2025,04/12/2025,8095400.0,8095400.0,0.0
hd007309,dh004891,23/11/2025,03/02/2026,65858000.0,45274200.0,20583800.0
hd007310,dh010350,25/11/2025,07/12/2025,900000.0,900000.0,0.0
hd007311,DH900006,22/11/2025,20/02/2026,85399700.0,63636600.0,21763100.0
hd007312,,24/11/2025,08/12/2025,850800.0,850800.0,0.0
hd007313,dh005783,25/11/2025,08/02/2026,256292400.0,256292400.0,0.0
hd007314,dh004242,24/11/2025,09/01/2026,369168300.0,369168300.0,0.0
HD007315,dh004200,24/11/2025,04/12/2025,3381600.0,3381600.0,0.0
hd007316,DH900002,24/11/2025,03/02/2026,478543800.0,411749700.0,66794100.0
HD007317,dh008099,24/11/2025,01/02/2026,172487800.0,172487800.0,0.0
hd007318,dh011366,25/11/2025,05/12/2025,15441000.0,15441000.0,0.0
hd007319,dh005522,22/11/2025,29/11/2025,20307300.0,20307300.0,0.0
hd007320,dh008075,24/11/2025,14/01/2026,382194800.0,382194800.0,0.0
hd007321,dh001451,25/11/2025,12/02/2026,207215800.0,174097500.0,33118300.0
hd007322,dh003662,22/11/2025,18/01/2026,148389500.0,95098800.0,53290700.0
hd007323,dh009214,22/11/2025,07/12/2025,140600.0,140600.0,0.0
hd007324,,24/11/2025,19/02/2026,279179800.0,279179800.0,0.0
hd007325,dh005788,25/11/2025,19/01/2026,127372200.0,16267600.0,111104600.0
hd007326,dh000451,24/11/2025,24/01/2026,480866200.0,368134900.0,112731300.0
HD007327,DH002024,22/11/2025,20/02/2026,423327400.0,423327400.0,0.0
hd007328,dh011289,22/11/2025,20/02/2026,354044000.0,354044000.0,0.0
hd007329,dh003106,25/11/2025,07/12/2025,5619200.0,5619200.0,0.0
hd007330,dh008839,23/11/2025,08/12/2025,1101700.0,1101700.0,0.0
hd007331,dh005073,25/11/2025,07/12/2025,482600.0,482600.0,0.0
HD007332,DH001746,25/11/2025,07/12/2025,7928900.0,6012700.0,1916200.0
hd007333,dh008212,2025-11-24,31/01/2026,478623300.0,352435200.0,126188100.0
hd007334,dh000709,25/11/2025,03/12/2025,658800.0,458300.0,200500.0
hd007335,dh007774,24/11/2025,30/01/2026,199811000.0,199811000.0,0.0
hd007336,dh009737,24/11/2025,14/02/2026,213224800.0,213224800.0,0.0
hd007337,dh011117,25/11/2025,12/01/2026,406778400.0,406778400.0,0.0
HD007338,,23/11/2025,05/12/2025,288000.0,288000.0,0.0
HD007339,DH900001,25/11/2025,07/12/2025,8264000.0,8264000.0,0.0
hd007340,dh004476,24/11/2025,30/01/2026,65161100.0,50865900.0,14295200.0
hd007341,dh001769,23/11/2025,07/12/2025,7530000.0,7530000.0,0.0
hd007342,DH010436,26/11/2025,03/12/2025,7801800.0,7801800.0,0.0
hd007343,dh001357,26/11/2025,03/12/2025,3886000.0,3886000.0,0.0
HD007344,dh003578,24/11/2025,01/17/2026,599414700.0,599414700.0,0.0
HD007345,dh006391,25/11/2025,07/12/2025,1823700.0,1823700.0,0.0
hd007346,dh007944,25/11/2025,04/12/2025,2003400.0,2003400.0,0.0
HD007347,dh005254,25/11/2025,20/02/2026,191510600.0,191510600.0,0.0
HD007348,dh006416,23/11/2025,01/12/2025,7569600.0,7569600.0,0.0
HD007349,dh004442,26/11/2025,07/12/2025,2971600.0,2971600.0,0.0
hd007350,dh003742,26/11/2025,19/02/2026,690806000.0,690806000.0,0.0
hd007351,DH007786,26/11/2025,21/02/2026,272084300.0,272084300.0,0.0
hd007352,dh006833,24/11/2025,03/12/2025,14712800.0,12439400.0,2273400.0
hd007353,DH002447,27/11/2025,23/01/2026,224831800.0,214088300.0,10743500.0
HD007354,dh004497,25/11/2025,07/02/2026,127440200.0,22796200.0,104644000.0
hd007355,dh011051,26/11/2025,01/02/2026,374708200.0,270751600.0,103956600.0
hd007356,dh011304,27/11/2025,12/04/2025,2619000.0,1318000.0,1301000.0
hd007357,dh011883,26/11/2025,04/12/2025,2259900.0,2259900.0,0.0
HD007358,dh011842,27/11/2025,04/12/2025,4481200.0,4481200.0,0.0
hd007359,dh010322,26/11/2025,11/12/2025,7200000.0,7200000.0,0.0
hd007360,dh011570,24/11/2025,07/12/2025,13289700.0,6623200.0,6666500.0
hd007361,DH006676,24/11/2025,22/01/2026,89860800.0,38263800.0,51597000.0
hd007362,dh011944,26/11/2025,08/12/2025,7663000.0,7663000.0,0.0
HD007363,DH006293,24/11/2025,03/12/2025,1868600.0,1868600.0,0.0
hd007364,dh003419,27/11/2025,04/12/2025,150000.0,150000.0,0.0
HD007365,dh009481,25/11/2025,05/02/2026,30247200.0,30247200.0,0.0
hd007366,DH004676,27/11/2025,08/12/2025,2812500.0,2812500.0,0.0
hd007367,dh000188,26/11/2025,11/02/2026,111726800.0,111726800.0,0.0
HD007368,dh003751,24/11/2025,05/12/2025,1124800.0,1124800.0,0.0
HD007369,dh005480,27/11/2025,10/12/2025,6672800.0,6672800.0,0.0
hd007370,dh009529,26/11/2025,17/02/2026,591512400.0,591512400.0,0.0
hd007371,,25/11/2025,28/01/2026,168906900.0,168906900.0,0.0
hd007372,dh000613,25/11/2025,22/02/2026,552209400.0,552209400.0,0.0
hd007373,dh011130,26/11/2025,08/12/2025,1764800.0,1764800.0,0.0
hd007374,dh004683,26/11/2025,11/12/2025,808000.0,808000.0,0.0
hd007375,dh006574,28/11/2025,06/12/2025,576000.0,576000.0,0.0
hd007376,dh006430,28/11/2025,09/02/2026,281710200.0,53641400.0,228068800.0
hd007377,,27/11/2025,30/01/2026,118963000.0,118963000.0,0.0
hd007378,dh000085,25/11/2025,24/01/2026,243698200.0,243698200.0,0.0
hd007379,dh009280,27/11/2025,04/12/2025,8806800.0,8806800.0,0.0
HD007380,dh007523,27/11/2025,16/02/2026,289536100.0,289536100.0,0.0
hd007381,dh000259,26/11/2025,22/02/2026,630810000.0,630810000.0,0.0
hd007382,dh009335,28/11/2025,24/02/2026,192355300.0,192355300.0,0.0
hd007383,dh006227,27/11/2025,11/12/2025,1811500.0,1811500.0,0.0
hd007384,dh007425,28/11/2025,09/12/2025,8392000.0,8392000.0,0.0
HD007385,dh009674,27/11/2025,04/12/2025,137700.0,137700.0,0.0
HD007386,dh005986,26/11/2025,01/02/2026,115558400.0,115558400.0,0.0
HD007387,dh005436,25/11/2025,05/12/2025,4495400.0,4495400.0,0.0
hd007388,dh003994,25/11/2025,08/12/2025,6228100.0,6228100.0,0.0
HD007389,dh000017,25/11/2025,13/02/2026,256733800.0,256733800.0,0.0
hd007390,,27/11/2025,29/01/2026,606866800.0,606866800.0,0.0
hd007391,dh005532,28/11/2025,17/02/2026,458071800.0,351559600.0,106512200.0
hd007392,,28/11/2025,31/01/2026,53858600.0,53858600.0,0.0
hd007393,dh000207,26/11/2025,10/12/2025,10159000.0,10159000.0,0.0
hd007394,dh008792,28/11/2025,29/01/2026,177095600.0,130922500.0,46173100.0
hd007395,dh010164,29/11/2025,14/12/2025,443700.0,327900.0,115800.0
hd007396,dh001373,28/11/2025,06/12/2025,199500.0,199500.0,0.0
HD007397,dh004206,28/11/2025,07/12/2025,3672800.0,3672800.0,0.0
hd007398,dh004103,26/11/2025,07/12/2025,664400.0,664400.0,0.0
hd007399,dh001289,26/11/2025,13/02/2026,454127000.0,74493000.0,379634000.0
hd007400,DH009305,26/11/2025,04/02/2026,184513800.0,138976400.0,45537400.0
hd007401,dh003529,29/11/2025,25/02/2026,571181200.0,242715400.0,328465800.0
hd007402,DH006830,28/11/2025,14/01/2026,125455200.0,101250800.0,24204400.0
HD007403,dh011647,29/11/2025,07/02/2026,160530900.0,154989000.0,5541900.0
HD007404,dh010635,26/11/2025,23/02/2026,537897000.0,537897000.0,0.0
HD007405,dh004029,26/11/2025,06/12/2025,99900.0,99900.0,0.0
hd007406,DH006406,26/11/2025,30/01/2026,432100000.0,61295900.0,370804100.0
hd007407,dh008201,26/11/2025,22/02/2026,598518100.0,598518100.0,0.0
hd007408,dh001840,28/11/2025,07/12/2025,1800000.0,1800000.0,0.0
hd007409,,26/11/2025,05/12/2025,13335800.0,13335800.0,0.0
HD007410,dh000732,26/11/2025,10/12/2025,3800000.0,3800000.0,0.0
hd007411,dh003866,27/11/2025,22/01/2026,544293400.0,67217500.0,477075900.0
hd007412,dh010886,29/11/2025,08/02/2026,427105400.0,427105400.0,0.0
HD007413,,29/11/2025,05/02/2026,352393800.0,352393800.0,0.0
HD007414,DH001209,28/11/2025,09/12/2025,675000.0,675000.0,0.0
hd007415,dh002590,11/29/2025,14/12/2025,926500.0,926500.0,0.0
hd007416,DH003632,27/11/2025,08/12/2025,1178600.0,1178600.0,0.0
hd007417,dh005331,29/11/2025,11/12/2025,7112000.0,4110200.0,3001800.0
hd007418,dh007730,29/11/2025,08/12/2025,2353300.0,756900.0,1596400.0
hd007419,dh004617,26/11/2025,04/12/2025,1091600.0,1091600.0,0.0
hd007420,dh011979,27/11/2025,11/12/2025,194000.0,194000.0,0.0
hd007421,dh000406,26/11/2025,03/02/2026,317983600.0,206808500.0,111175100.0
hd007422,dh007027,29/11/2025,20/02/2026,644109600.0,538892200.0,105217400.0
HD007423,dh002877,26/11/2025,12/02/2026,427863700.0,59071700.0,368792000.0
hd007424,dh003718,27/11/2025,09/12/2025,4657000.0,4657000.0,0.0
hd007425,dh011669,29/11/2025,01/02/2026,586602300.0,586602300.0,0.0
HD007426,dh010820,27/11/2025,15/01/2026,240542800.0,32999400.0,207543400.0
hd007427,dh008672,29/11/2025,08/12/2025,12620200.0,12620200.0,0.0
hd007428,dh007842,27/11/2025,10/12/2025,1638200.0,1638200.0,0.0
hd007429,dh004512,29/11/2025,06/12/2025,15042800.0,15042800.0,0.0
hd007430,dh006244,30/11/2025,23/01/2026,492942800.0,7275800.0,485667000.0
hd007431,DH003074,30/11/2025,10/12/2025,7348800.0,7348800.0,0.0
hd007432,dh004283,29/11/2025,19/01/2026,225212600.0,28011000.0,197201600.0
hd007433,dh000964,28/11/2025,07/12/2025,8661500.0,3360900.0,5300600.0
hd007434,dh000221,30/11/2025,23/02/2026,515636300.0,515636300.0,0.0
hd007435,dh011864,27/11/2025,20/01/2026,162557600.0,162557600.0,0.0
hd007436,dh004178,29/11/2025,28/01/2026,406314900.0,258524200.0,147790700.0
hd007437,DH006116,27/11/2025,10/12/2025,1326800.0,1326800.0,0.0
hd007438,dh005606,30/11/2025,09/12/2025,14100000.0,14100000.0,0.0
hd007439,DH004959,29/11/2025,12/12/2025,214200.0,183800.0,30400.0
hd007440,dh002595,29/11/2025,21/02/2026,387385800.0,387385800.0,0.0
hd007441,dh000978,01/12/2025,14/12/2025,1291300.0,905600.0,385700.0
hd007442,dh002326,30/11/2025,14/12/2025,867000.0,867000.0,0.0
hd007443,dh004064,28/11/2025,13/12/2025,93000.0,93000.0,0.0
hd007444,dh011670,29/11/2025,02/07/2026,29439100.0,29439100.0,0.0
HD007445,dh009957,28/11/2025,06/12/2025,2081700.0,2081700.0,0.0
hd007446,DH009816,01/12/2025,08/12/2025,734400.0,734400.0,0.0
hd007447,dh001718,29/11/2025,21/01/2026,210563600.0,210563600.0,0.0
hd007448,dh008261,30/11/2025,15/12/2025,795000.0,795000.0,0.0
hd007449,dh010173,2025-11-29,17/02/2026,358765000.0,248750900.0,110014100.0
HD007450,dh000719,30/11/2025,31/01/2026,377884400.0,377884400.0,0.0
HD007451,dh006073,29/11/2025,05/02/2026,200048300.0,200048300.0,0.0
hd007452,dh007003,29/11/2025,12/02/2026,220342800.0,87054900.0,133287900.0
hd007453,DH900000,01/12/2025,13/12/2025,2308000.0,2308000.0,0.0
hd007454,DH001196,30/11/2025,14/12/2025,5048600.0,5048600.0,0.0
hd007455,dh011314,29/11/2025,09/12/2025,1218000.0,1218000.0,0.0
HD007456,dh011723,11/30/2025,11/12/2025,5859400.0,1951300.0,3908100.0
hd007457,dh007156,30/11/2025,09/12/2025,2928000.0,1272600.0,1655400.0
HD007458,dh008925,30/11/2025,28/01/2026,59692600.0,10348800.0,49343800.0
HD007459,dh009439,02/12/2025,06/02/2026,87096600.0,69063900.0,18032700.0
hd007460,dh008917,29/11/2025,09/12/2025,1154200.0,1154200.0,0.0
hd007461,DH005626,29/11/2025,15/02/2026,355915200.0,179529500.0,176385700.0
hd007462,dh004306,12/02/2025,10/12/2025,1306800.0,1306800.0,0.0
HD007463,dh002921,30/11/2025,12/12/2025,1406800.0,1406800.0,0.0
hd007464,dh002657,30/11/2025,11/12/2025,2231300.0,2231300.0,0.0
hd007465,dh009416,01/12/2025,17/02/2026,65724200.0,65724200.0,0.0
hd007466,dh006614,02/12/2025,13/12/2025,1026000.0,1026000.0,0.0
hd007467,dh004196,30/11/2025,11/12/2025,669600.0,669600.0,0.0
hd007468,,02/12/2025,13/12/2025,229500.0,229500.0,0.0
hd007469,dh007785,30/11/2025,12/15/2025,3683000.0,2786700.0,896300.0
hd007470,dh004861,29/11/2025,14/12/2025,2413800.0,2413800.0,0.0
hd007471,dh011787,29/11/2025,06/12/2025,1275200.0,803000.0,472200.0
hd007472,dh010190,29/11/2025,14/02/2026,316205000.0,245074600.0,71130400.0
hd007473,dh006291,02/12/2025,09/12/2025,2902800.0,2902800.0,0.0
hd007474,dh001476,02/12/2025,15/12/2025,944000.0,944000.0,0.0
hd007475,DH009859,02/12/2025,10/12/2025,11619800.0,11619800.0,0.0
hd007476,dh005148,30/11/2025,15/01/2026,354495000.0,354495000.0,0.0
hd007477,dh005029,30/11/2025,14/12/2025,803200.0,803200.0,0.0
hd007478,DH003862,01/12/2025,16/01/2026,121070400.0,76624700.0,44445700.0
HD007479,dh005860,02/12/2025,17/12/2025,10498000.0,7907000.0,2591000.0
hd007480,dh009158,30/11/2025,11/12/2025,963800.0,963800.0,0.0
HD007481,dh007475,02/12/2025,17/12/2025,1863000.0,1863000.0,0.0
hd007482,dh005686,30/11/2025,25/02/2026,279567300.0,279567300.0,0.0
HD007483,dh003971,03/12/2025,10/12/2025,4578900.0,4578900.0,0.0
HD007484,dh008238,01/12/2025,16/02/2026,75600000.0,51968600.0,23631400.0
HD007485,dh011453,03/12/2025,10/12/2025,8100000.0,8100000.0,0.0
hd007486,dh004750,02/12/2025,03/02/2026,185160200.0,3033200.0,182127000.0
hd007487,,01/12/2025,15/12/2025,8441600.0,8441600.0,0.0
HD007488,dh002683,30/11/2025,11/12/2025,2378600.0,2378600.0,0.0
hd007489,dh001999,03/12/2025,28/02/2026,105220000.0,92590100.0,12629900.0
hd007490,dh004201,2025-12-02,12/12/2025,10191600.0,10191600.0,0.0
hd007491,dh000541,04/12/2025,05/02/2026,220186100.0,97300700.0,122885400.0
HD007492,DH005566,02/12/2025,16/12/2025,3922500.0,3922500.0,0.0
hd007493,dh008826,04/12/2025,03/02/2026,569258800.0,443504300.0,125754500.0
hd007494,dh006245,03/12/2025,15/12/2025,92700.0,92700.0,0.0
HD007495,,02/12/2025,09/12/2025,554800.0,554800.0,0.0
hd007496,dh008699,01/12/2025,19/01/2026,707699000.0,707699000.0,0.0
HD007497,dh006560,02/12/2025,09/12/2025,4987800.0,4987800.0,0.0
hd007498,dh001595,04/12/2025,25/02/2026,116966800.0,116966800.0,0.0
hd007499,dh009235,01/12/2025,16/02/2026,373405300.0,85594000.0,287811300.0
hd007500,dh004470,03/12/2025,17/12/2025,4056700.0,4056700.0,0.0
hd007501,dh010357,02/12/2025,10/02/2026,150023900.0,150023900.0,0.0
hd007502,dh000825,02/12/2025,11/12/2025,2858400.0,2858400.0,0.0
HD007503,,02/12/2025,14/12/2025,7360000.0,7360000.0,0.0
hd007504,dh000479,03/12/2025,12/12/2025,3512000.0,3512000.0,0.0
HD007505,dh002703,02/12/2025,28/02/2026,113571700.0,76058600.0,37513100.0
hd007506,dh003933,04/12/2025,19/12/2025,5270400.0,5270400.0,0.0
hd007507,dh006473,03/12/2025,12/02/2026,727300600.0,130167000.0,597133600.0
hd007508,dh003161,02/12/2025,15/12/2025,11504600.0,11504600.0,0.0
HD007509,dh009908,02/12/2025,04/02/2026,263374500.0,263374500.0,0.0
hd007510,dh001964,02/12/2025,14/12/2025,2552000.0,2552000.0,0.0
hd007511,dh006042,01/12/2025,28/01/2026,829219400.0,700676000.0,128543400.0
hd007512,dh009366,03/12/2025,20/02/2026,511191100.0,511191100.0,0.0
hd007513,DH006303,03/12/2025,15/12/2025,2805000.0,2091500.0,713500.0
HD007514,dh000327,03/12/2025,20/01/2026,811004100.0,811004100.0,0.0
HD007515,dh011558,04/12/2025,24/01/2026,1004863500.0,1004863500.0,0.0
hd007516,dh011299,04/12/2025,14/12/2025,388800.0,388800.0,0.0
HD007517,dh009327,03/12/2025,15/12/2025,1506300.0,1506300.0,0.0
hd007518,dh000019,05/12/2025,14/12/2025,1878000.0,1878000.0,0.0
hd007519,dh007739,02/12/2025,05/02/2026,540295000.0,540295000.0,0.0
hd007520,dh006284,05/12/2025,02/03/2026,102400000.0,47023600.0,55376400.0
hd007521,,05/12/2025,2026-01-29,313691100.0,313691100.0,0.0
hd007522,dh007910,05/12/2025,2025-12-12,9197400.0,9197400.0,0.0
HD007523,dh003911,04/12/2025,03/03/2026,252640400.0,252640400.0,0.0
hd007524,dh004340,04/12/2025,14/02/2026,77245000.0,14999600.0,62245400.0
HD007525,dh000811,05/12/2025,17/12/2025,2907000.0,2907000.0,0.0
hd007526,dh009490,02/12/2025,12/12/2025,7818000.0,7818000.0,0.0
hd007527,dh004945,05/12/2025,27/01/2026,153800600.0,153800600.0,0.0
HD007528,dh002329,03/12/2025,16/12/2025,512000.0,512000.0,0.0
hd007529,dh005376,03/12/2025,13/12/2025,3299700.0,3299700.0,0.0
HD007530,,05/12/2025,16/02/2026,296958100.0,296958100.0,0.0
hd007531,dh004836,04/12/2025,04/02/2026,671554300.0,671554300.0,0.0
hd007532,dh006337,05/12/2025,19/12/2025,574000.0,479800.0,94200.0
HD007533,dh005363,12/05/2025,20/12/2025,712500.0,712500.0,0.0
hd007534,DH008554,03/12/2025,11/02/2026,980439000.0,900276400.0,80162600.0
hd007535,DH001079,03/12/2025,16/12/2025,872100.0,872100.0,0.0
hd007536,dh007636,04/12/2025,02/03/2026,317167000.0,235576100.0,81590900.0
hd007537,dh000818,03/12/2025,02/27/2026,460846800.0,460846800.0,0.0
HD007538,dh010220,04/12/2025,11/12/2025,341700.0,341700.0,0.0
hd007539,DH900008,04/12/2025,11/02/2026,317324600.0,272911800.0,44412800.0
hd007540,dh010209,03/12/2025,11/12/2025,5386500.0,1604300.0,3782200.0
hd007541,DH010009,06/12/2025,21/12/2025,1224000.0,521600.0,702400.0
hd007542,DH011807,04/12/2025,01/03/2026,347300200.0,347300200.0,0.0
hd007543,,05/12/2025,17/12/2025,1313000.0,1313000.0,0.0
hd007544,dh004813,05/12/2025,12/12/2025,12809500.0,12809500.0,0.0
hd007545,DH900001,06/12/2025,16/12/2025,1834800.0,1834800.0,0.0
hd007546,dh007897,03/12/2025,13/12/2025,3647700.0,3647700.0,0.0
HD007547,dh007056,05/12/2025,21/01/2026,436144100.0,384912600.0,51231500.0
hd007548,dh000980,05/12/2025,24/01/2026,296511000.0,242094200.0,54416800.0
hd007549,dh005003,03/12/2025,13/12/2025,7375200.0,7375200.0,0.0
hd007550,dh002475,06/12/2025,29/01/2026,491752600.0,491752600.0,0.0
hd007551,dh011710,05/12/2025,12/12/2025,1388200.0,1388200.0,0.0
hd007552,dh009264,05/12/2025,20/02/2026,413555200.0,410649600.0,2905600.0
hd007553,,06/12/2025,01/02/2026,203899400.0,50416900.0,153482500.0
HD007554,dh010833,05/12/2025,23/01/2026,412024200.0,412024200.0,0.0
hd007555,,03/12/2025,17/12/2025,1297200.0,1297200.0,0.0
hd007556,dh004876,04/12/2025,27/01/2026,224508000.0,38450100.0,186057900.0
hd007557,dh006632,05/12/2025,05/02/2026,158782900.0,145894700.0,12888200.0
HD007558,dh002486,05/12/2025,15/12/2025,1597800.0,1564900.0,32900.0
hd007559,dh009011,04/12/2025,14/12/2025,1195700.0,1195700.0,0.0
hd007560,dh010351,07/12/2025,14/12/2025,1510500.0,1438500.0,72000.0
HD007561,dh005492,06/12/2025,29/01/2026,148003400.0,148003400.0,0.0
hd007562,dh002506,06/12/2025,21/12/2025,3998700.0,3998700.0,0.0
hd007563,dh003002,07/12/2025,02/02/2026,375123900.0,174237800.0,200886100.0
hd007564,dh004139,07/12/2025,26/02/2026,546535200.0,170013700.0,376521500.0
hd007565,DH011020,08/12/2025,16/12/2025,3193600.0,3193600.0,0.0
hd007566,dh009634,08/12/2025,21/12/2025,2190700.0,2190700.0,0.0
hd007567,dh010704,06/12/2025,14/12/2025,222300.0,207200.0,15100.0
hd007568,dh005368,05/12/2025,18/12/2025,657000.0,657000.0,0.0
hd007569,dh005749,05/12/2025,13/12/2025,4146800.0,4146800.0,0.0
hd007570,dh007300,06/12/2025,16/12/2025,19707600.0,19707600.0,0.0
hd007571,dh005384,05/12/2025,16/12/2025,156600.0,156600.0,0.0
hd007572,dh006930,05/12/2025,18/12/2025,752400.0,752400.0,0.0
hd007573,dh004332,12/05/2025,23/02/2026,499687600.0,53380800.0,446306800.0
HD007574,dh007924,05/12/2025,20/12/2025,3368000.0,3368000.0,0.0
hd007575,dh006852,06/12/2025,20/01/2026,492787400.0,43555300.0,449232100.0
hd007576,dh002708,05/12/2025,19/12/2025,516600.0,516600.0,0.0
hd007577,dh009985,05/12/2025,10/02/2026,168029200.0,168029200.0,0.0
hd007578,dh008476,05/12/2025,15/12/2025,729000.0,729000.0,0.0
hd007579,,06/12/2025,20/02/2026,644633100.0,644633100.0,0.0
HD007580,dh006472,06/12/2025,01/02/2026,455327600.0,455327600.0,0.0
hd007581,dh000129,05/12/2025,10/02/2026,197567700.0,197567700.0,0.0
HD007582,dh003527,08/12/2025,16/02/2026,401951600.0,401951600.0,0.0
HD007583,dh002938,06/12/2025,19/12/2025,8387400.0,8387400.0,0.0
HD007584,DH007354,05/12/2025,15/12/2025,5092200.0,5092200.0,0.0
HD007585,dh004809,08/12/2025,22/12/2025,3726600.0,2368900.0,1357700.0
hd007586,dh004183,07/12/2025,05/03/2026,53618000.0,37155300.0,16462700.0
HD007587,DH900006,06/12/2025,13/12/2025,675000.0,675000.0,0.0
hd007588,dh007293,06/12/2025,03/02/2026,180047000.0,35378100.0,144668900.0
hd007589,dh005702,09/12/2025,31/01/2026,533782100.0,533782100.0,0.0
hd007590,dh003352,09/12/2025,20/02/2026,271261800.0,194000700.0,77261100.0
hd007591,dh008871,06/12/2025,19/12/2025,4738500.0,4738500.0,0.0
hd007592,dh007238,06/12/2025,14/12/2025,1792000.0,1792000.0,0.0
hd007593,,08/12/2025,05/03/2026,177220000.0,86662400.0,90557600.0
hd007594,dh000272,08/12/2025,23/12/2025,108000.0,108000.0,0.0
hd007595,dh008129,06/12/2025,16/12/2025,128700.0,128700.0,0.0
HD007596,DH008109,07/12/2025,15/12/2025,4305600.0,4305600.0,0.0
hd007597,DH001708,06/12/2025,19/12/2025,85000.0,85000.0,0.0
hd007598,dh007331,08/12/2025,21/12/2025,37000.0,37000.0,0.0
hd007599,dh007254,07/12/2025,07/03/2026,952176100.0,952176100.0,0.0
HD007600,dh000414,06/12/2025,16/02/2026,392266200.0,330865000.0,61401200.0
hd007601,DH011149,08/12/2025,18/12/2025,8604000.0,8604000.0,0.0
HD007602,dh005360,07/12/2025,21/12/2025,11305000.0,1526300.0,9778700.0
HD007603,dh002737,07/12/2025,18/12/2025,1012000.0,1012000.0,0.0
HD007604,dh001921,06/12/2025,13/12/2025,494700.0,494700.0,0.0
HD007605,DH004731,07/12/2025,13/02/2026,24694000.0,24694000.0,0.0
hd007606,dh004678,06/12/2025,17/12/2025,521000.0,521000.0,0.0
HD007607,dh011045,08/12/2025,21/12/2025,12362600.0,12362600.0,0.0
HD007608,dh008732,06/12/2025,19/12/2025,1053000.0,1053000.0,0.0
hd007609,DH006216,06/12/2025,17/12/2025,5948200.0,5948200.0,0.0
hd007610,dh008596,08/12/2025,20/12/2025,1932300.0,1932300.0,0.0
hd007611,dh003579,2025-12-07,25/01/2026,153820800.0,153820800.0,0.0
hd007612,DH005481,06/12/2025,20/01/2026,251404600.0,218337200.0,33067400.0
hd007613,dh006509,08/12/2025,10/02/2026,277827000.0,277827000.0,0.0
hd007614,dh003058,06/12/2025,17/12/2025,2340900.0,2340900.0,0.0
HD007615,dh005545,06/12/2025,18/12/2025,8385400.0,8385400.0,0.0
hd007616,dh008730,09/12/2025,14/02/2026,353561100.0,298591100.0,54970000.0
hd007617,dh008125,06/12/2025,18/12/2025,2105800.0,2105800.0,0.0
HD007618,dh004142,2025-12-08,23/12/2025,4211800.0,4211800.0,0.0
hd007619,dh009300,07/12/2025,22/02/2026,155004000.0,24427600.0,130576400.0
HD007620,dh002754,07/12/2025,2026-02-13,258515500.0,258515500.0,0.0
HD007621,DH003790,10/12/2025,24/12/2025,364000.0,364000.0,0.0
HD007622,dh004910,10/12/2025,24/12/2025,14641200.0,14641200.0,0.0
HD007623,dh009942,12/10/2025,03/03/2026,221630600.0,14670200.0,206960400.0
hd007624,dh008190,07/12/2025,22/12/2025,4697000.0,4697000.0,0.0
hd007625,dh002939,08/12/2025,08/02/2026,197299800.0,121417000.0,75882800.0
hd007626,dh002820,07/12/2025,26/02/2026,821480400.0,821480400.0,0.0
HD007627,dh007457,10/12/2025,12/17/2025,3249000.0,3249000.0,0.0
hd007628,dh000133,07/12/2025,06/03/2026,398242000.0,398242000.0,0.0
HD007629,dh011657,09/12/2025,12/19/2025,6470100.0,6470100.0,0.0
HD007630,,10/12/2025,2026-01-24,396049300.0,396049300.0,0.0
HD007631,dh001757,10/12/2025,18/12/2025,2494800.0,2494800.0,0.0
hd007632,dh008247,09/12/2025,01/30/2026,63593100.0,63593100.0,0.0
hd007633,DH001944,09/12/2025,22/12/2025,381000.0,381000.0,0.0
hd007634,dh010439,10/12/2025,20/12/2025,1303000.0,1303000.0,0.0
hd007635,dh002675,07/12/2025,08/02/2026,747812000.0,747812000.0,0.0
hd007636,dh011212,07/12/2025,26/02/2026,199231400.0,150993900.0,48237500.0
HD007637,dh001065,08/12/2025,24/01/2026,210258200.0,100167700.0,110090500.0
hd007638,dh001493,10/12/2025,21/12/2025,8846000.0,8846000.0,0.0
hd007639,dh004392,08/12/2025,31/01/2026,278042200.0,220816300.0,57225900.0
hd007640,,09/12/2025,19/02/2026,221408000.0,110532100.0,110875900.0
HD007641,dh005605,08/12/2025,2026-02-08,580734200.0,552904000.0,27830200.0
HD007642,dh007888,10/12/2025,18/12/2025,428400.0,428400.0,0.0
hd007643,dh000025,07/12/2025,19/12/2025,795500.0,795500.0,0.0
hd007644,dh004522,09/12/2025,21/12/2025,8922000.0,8922000.0,0.0
HD007645,dh006387,08/12/2025,2025-12-20,831200.0,831200.0,0.0
hd007646,dh008547,09/12/2025,09/02/2026,144457600.0,144457600.0,0.0
hd007647,dh005156,08/12/2025,18/12/2025,4914600.0,4914600.0,0.0
hd007648,dh002195,10/12/2025,23/12/2025,3059700.0,3059700.0,0.0
hd007649,dh003832,2025-12-11,19/02/2026,442495400.0,442495400.0,0.0
hd007650,dh003958,12/10/2025,22/12/2025,2047200.0,1396200.0,651000.0
HD007651,dh007373,09/12/2025,24/12/2025,2947800.0,2947800.0,0.0
HD007652,dh001984,08/12/2025,05/03/2026,291974900.0,175079600.0,116895300.0
hd007653,dh004141,11/12/2025,22/12/2025,3978200.0,3978200.0,0.0
hd007654,DH011830,11/12/2025,21/12/2025,2205600.0,2205600.0,0.0
HD007655,dh006009,09/12/2025,22/12/2025,2394000.0,2394000.0,0.0
hd007656,dh009609,11/12/2025,26/12/2025,9639000.0,3776600.0,5862400.0
hd007657,dh004545,10/12/2025,24/12/2025,10860300.0,10860300.0,0.0
hd007658,dh000994,10/12/2025,18/12/2025,1110000.0,1110000.0,0.0
hd007659,dh006264,08/12/2025,18/02/2026,123327200.0,123327200.0,0.0
hd007660,dh000558,09/12/2025,28/02/2026,679997800.0,424804500.0,255193300.0
hd007661,dh002221,09/12/2025,24/02/2026,87159000.0,87159000.0,0.0
hd007662,dh002745,10/12/2025,24/12/2025,2018000.0,2018000.0,0.0
HD007663,dh004838,10/12/2025,02/24/2026,236131600.0,85767600.0,150364000.0
hd007664,,08/12/2025,10/02/2026,671496700.0,671496700.0,0.0
hd007665,dh002165,09/12/2025,17/12/2025,4257000.0,4257000.0,0.0
HD007666,DH003147,08/12/2025,19/12/2025,54000.0,54000.0,0.0
hd007667,dh011003,10/12/2025,2026-01-25,253421800.0,253421800.0,0.0
hd007668,dh007980,09/12/2025,19/12/2025,2264400.0,2264400.0,0.0
hd007669,dh000435,10/12/2025,20/12/2025,2295000.0,2295000.0,0.0
hd007670,dh001431,2025-12-12,21/02/2026,863960600.0,343687000.0,520273600.0
hd007671,dh011687,11/12/2025,19/12/2025,4310900.0,4310900.0,0.0
hd007672,dh010373,09/12/2025,21/12/2025,1754400.0,1754400.0,0.0
hd007673,DH009207,10/12/2025,19/12/2025,4364400.0,4364400.0,0.0
hd007674,dh005831,09/12/2025,24/02/2026,319601600.0,231341400.0,88260200.0
HD007675,dh003548,10/12/2025,19/12/2025,3544700.0,3544700.0,0.0
hd007676,dh005956,10/12/2025,22/02/2026,179064700.0,176703400.0,2361300.0
hd007677,dh002789,11/12/2025,22/12/2025,3504000.0,2566200.0,937800.0
hd007678,dh008352,09/12/2025,20/12/2025,132500.0,132500.0,0.0
HD007679,dh003774,12/12/2025,10/03/2026,157154600.0,157154600.0,0.0
HD007680,dh005087,11/12/2025,03/03/2026,438196800.0,438196800.0,0.0
HD007681,dh006911,11/12/2025,25/12/2025,3861000.0,3861000.0,0.0
HD007682,dh003305,09/12/2025,11/02/2026,96921600.0,96921600.0,0.0
hd007683,dh009929,10/12/2025,02/02/2026,683372400.0,87119200.0,596253200.0
hd007684,DH900007,11/12/2025,20/12/2025,2868000.0,2868000.0,0.0
hd007685,dh011791,12/12/2025,30/01/2026,315899400.0,265269300.0,50630100.0
hd007686,DH011231,11/12/2025,22/12/2025,6903400.0,6903400.0,0.0
hd007687,dh007825,11/12/2025,21/12/2025,280200.0,89400.0,190800.0
hd007688,dh009482,11/12/2025,25/02/2026,167003200.0,102680100.0,64323100.0
HD007689,dh010528,10/12/2025,25/02/2026,642830200.0,429264600.0,213565600.0
hd007690,dh004389,11/12/2025,21/02/2026,403424000.0,48880600.0,354543400.0
hd007691,dh001456,11/12/2025,24/02/2026,148490700.0,53990000.0,94500700.0
hd007692,dh009429,12/12/2025,27/01/2026,153711000.0,140806200.0,12904800.0
hd007693,dh005019,13/12/2025,02/02/2026,225289600.0,225289600.0,0.0
hd007694,dh010647,13/12/2025,25/12/2025,7140000.0,7140000.0,0.0
hd007695,dh005870,10/12/2025,26/02/2026,658059000.0,48683400.0,609375600.0
hd007696,dh002769,10/12/2025,20/12/2025,1907800.0,1907800.0,0.0
hd007697,dh006099,11/12/2025,27/02/2026,660088100.0,660088100.0,0.0
hd007698,dh002995,12/12/2025,01/03/2026,278990800.0,135636200.0,143354600.0
hd007699,dh007908,12/12/2025,09/02/2026,298676300.0,128912700.0,169763600.0
hd007700,dh005170,11/12/2025,19/12/2025,3008200.0,3008200.0,0.0
hd007701,dh009202,10/12/2025,30/01/2026,467877000.0,375383700.0,92493300.0
hd007702,dh005222,12/12/2025,28/01/2026,188674200.0,188674200.0,0.0
hd007703,dh010766,11/12/2025,07/03/2026,253414400.0,103993200.0,149421200.0
hd007704,dh002964,12/12/2025,19/12/2025,18285600.0,18285600.0,0.0
hd007705,dh010507,11/12/2025,06/02/2026,271044400.0,146120200.0,124924200.0
hd007706,dh010203,13/12/2025,07/03/2026,726711400.0,726711400.0,0.0
hd007707,dh009647,12/12/2025,24/02/2026,386327000.0,386327000.0,0.0
HD007708,dh000844,12/12/2025,26/12/2025,2080800.0,2080800.0,0.0
hd007709,dh008598,13/12/2025,24/12/2025,299200.0,299200.0,0.0
hd007710,dh005410,13/12/2025,26/02/2026,387752600.0,387752600.0,0.0
hd007711,,13/12/2025,21/12/2025,2670000.0,2670000.0,0.0
hd007712,dh004619,13/12/2025,27/12/2025,3147800.0,3147800.0,0.0
HD007713,dh008465,11/12/2025,25/02/2026,198313100.0,112666200.0,85646900.0
hd007714,dh003072,2025-12-12,27/12/2025,10338500.0,10338500.0,0.0
hd007715,dh011251,13/12/2025,21/12/2025,1162800.0,1162800.0,0.0
hd007716,DH010922,11/12/2025,25/12/2025,6354900.0,6354900.0,0.0
hd007717,dh006975,12/12/2025,04/02/2026,420194000.0,420194000.0,0.0
hd007718,DH900000,14/12/2025,01/03/2026,377973400.0,369145300.0,8828100.0
HD007719,dh011679,12/12/2025,27/12/2025,261900.0,261900.0,0.0
hd007720,dh001465,14/12/2025,29/12/2025,408600.0,408600.0,0.0
hd007721,dh009434,14/12/2025,13/03/2026,102089200.0,37475000.0,64614200.0
HD007722,dh008508,12/12/2025,25/12/2025,108000.0,108000.0,0.0
HD007723,dh006769,11/12/2025,18/12/2025,7232200.0,7232200.0,0.0
hd007724,dh006846,13/12/2025,2025-12-27,11781000.0,11781000.0,0.0
hd007725,dh003999,11/12/2025,25/12/2025,234000.0,234000.0,0.0
HD007726,dh002814,12/12/2025,23/12/2025,688000.0,688000.0,0.0
hd007727,dh003769,14/12/2025,28/12/2025,3261000.0,1122800.0,2138200.0
hd007728,dh005353,11/12/2025,02/03/2026,920821200.0,920821200.0,0.0
HD007729,dh011706,12/12/2025,12/02/2026,313104300.0,279274700.0,33829600.0
HD007730,dh000575,13/12/2025,23/12/2025,144000.0,135400.0,8600.0
hd007731,DH900002,14/12/2025,25/12/2025,11373800.0,11373800.0,0.0
hd007732,dh010494,11/12/2025,2025-12-21,4882300.0,4882300.0,0.0
hd007733,dh008248,11/12/2025,18/12/2025,135000.0,135000.0,0.0
hd007734,dh004704,13/12/2025,27/12/2025,2098800.0,2098800.0,0.0
HD007735,dh004165,14/12/2025,26/12/2025,291500.0,291500.0,0.0
hd007736,dh007025,14/12/2025,28/12/2025,7849600.0,7849600.0,0.0
hd007737,dh003767,11/12/2025,21/12/2025,232000.0,232000.0,0.0
hd007738,dh005477,12/12/2025,29/01/2026,113506800.0,52806700.0,60700100.0
HD007739,dh007836,11/12/2025,01/03/2026,174224200.0,174224200.0,0.0
hd007740,dh000022,14/12/2025,04/03/2026,526820500.0,75560000.0,451260500.0
HD007741,dh002197,14/12/2025,08/02/2026,189032600.0,189032600.0,0.0
hd007742,dh006278,13/12/2025,10/02/2026,134689000.0,134689000.0,0.0
hd007743,dh011894,14/12/2025,29/12/2025,425600.0,134800.0,290800.0
hd007744,dh007069,13/12/2025,22/12/2025,777600.0,777600.0,0.0
hd007745,dh006521,2025-12-14,30/01/2026,355990400.0,135078400.0,220912000.0
hd007746,dh011250,14/12/2025,22/12/2025,3886000.0,3886000.0,0.0
HD007747,dh004303,15/12/2025,25/12/2025,3468000.0,3468000.0,0.0
hd007748,dh009115,15/12/2025,06/03/2026,912764700.0,682421900.0,230342800.0
HD007749,DH900008,13/12/2025,26/12/2025,12224700.0,12224700.0,0.0
hd007750,dh000651,14/12/2025,06/02/2026,82369500.0,8717800.0,73651700.0
hd007751,dh003672,12/12/2025,17/02/2026,303020700.0,303020700.0,0.0
hd007752,dh003478,12/12/2025,14/02/2026,276425800.0,224159800.0,52266000.0
hd007753,dh004132,12/12/2025,22/12/2025,2886800.0,2886800.0,0.0
hd007754,dh006710,13/12/2025,20/12/2025,5020000.0,5020000.0,0.0
hd007755,dh002286,12/12/2025,20/12/2025,3476000.0,3476000.0,0.0
HD007756,DH900005,15/12/2025,01/02/2026,856095000.0,856095000.0,0.0
hd007757,dh008287,14/12/2025,12/03/2026,385304800.0,256659400.0,128645400.0
hd007758,dh001426,13/12/2025,08/03/2026,255542200.0,255542200.0,0.0
hd007759,dh005847,15/12/2025,29/12/2025,1890000.0,1890000.0,0.0
hd007760,dh003754,13/12/2025,27/12/2025,1237000.0,1237000.0,0.0
hd007761,dh005188,13/12/2025,15/02/2026,273357800.0,273357800.0,0.0
hd007762,dh005413,14/12/2025,05/02/2026,417131300.0,417131300.0,0.0
hd007763,dh010691,13/12/2025,20/12/2025,1924600.0,1924600.0,0.0
hd007764,dh004671,15/12/2025,24/12/2025,884700.0,860800.0,23900.0
hd007765,dh010181,14/12/2025,23/12/2025,748600.0,748600.0,0.0
HD007766,dh011124,15/12/2025,26/12/2025,6749800.0,6749800.0,0.0
HD007767,dh004506,16/12/2025,25/12/2025,6468000.0,6468000.0,0.0
HD007768,dh001702,14/12/2025,29/12/2025,918000.0,918000.0,0.0
hd007769,dh009549,14/12/2025,23/12/2025,24684000.0,24684000.0,0.0
hd007770,DH002013,15/12/2025,26/02/2026,682216300.0,275576200.0,406640100.0
hd007771,dh006571,13/12/2025,23/12/2025,9072700.0,9072700.0,0.0
hd007772,dh006565,14/12/2025,01/30/2026,155066000.0,155066000.0,0.0
hd007773,dh011208,16/12/2025,14/03/2026,378774700.0,378774700.0,0.0
HD007774,dh004532,16/12/2025,27/12/2025,3918900.0,3918900.0,0.0
HD007775,dh001383,16/12/2025,09/03/2026,455886000.0,455886000.0,0.0
HD007776,dh011692,16/12/2025,26/02/2026,130161000.0,91727600.0,38433400.0
HD007777,dh003787,13/12/2025,26/02/2026,885493500.0,885493500.0,0.0
hd007778,DH006983,13/12/2025,22/12/2025,53100.0,53100.0,0.0
hd007779,dh005473,16/12/2025,28/12/2025,7973400.0,4289500.0,3683900.0
hd007780,dh002348,16/12/2025,2026-02-13,253613700.0,253613700.0,0.0
hd007781,dh002089,13/12/2025,27/12/2025,701400.0,701400.0,0.0
hd007782,DH008799,16/12/2025,02/02/2026,267416100.0,112814600.0,154601500.0
hd007783,dh006705,17/12/2025,12/03/2026,500191700.0,383785500.0,116406200.0
hd007784,dh000808,15/12/2025,25/02/2026,402520000.0,402520000.0,0.0
hd007785,dh006620,16/12/2025,29/12/2025,6805000.0,6805000.0,0.0
hd007786,DH004124,17/12/2025,30/12/2025,2218800.0,1498500.0,720300.0
hd007787,dh010957,16/12/2025,26/12/2025,81000.0,81000.0,0.0
hd007788,dh005013,16/12/2025,11/03/2026,257579200.0,257579200.0,0.0
hd007789,DH000354,14/12/2025,15/02/2026,413978400.0,309346200.0,104632200.0
hd007790,dh005313,15/12/2025,19/02/2026,212720700.0,180631800.0,32088900.0
hd007791,DH006371,17/12/2025,25/12/2025,1349400.0,1349400.0,0.0
hd007792,dh003756,15/12/2025,25/12/2025,6340900.0,6340900.0,0.0
HD007793,dh008488,15/12/2025,03/02/2026,258053400.0,181542400.0,76511000.0
hd007794,dh000628,17/12/2025,30/12/2025,1464000.0,1464000.0,0.0
hd007795,dh009247,17/12/2025,27/12/2025,99900.0,99900.0,0.0
hd007796,DH001425,14/12/2025,28/12/2025,1559200.0,1224700.0,334500.0
hd007797,dh009868,17/12/2025,28/02/2026,661379400.0,67248200.0,594131200.0
hd007798,dh010746,14/12/2025,05/03/2026,124225200.0,60917400.0,63307800.0
HD007799,dh002619,16/12/2025,27/02/2026,325130200.0,325130200.0,0.0
HD007800,dh006887,16/12/2025,23/12/2025,428400.0,428400.0,0.0
hd007801,DH004471,16/12/2025,12/03/2026,660210600.0,251172400.0,409038200.0
HD007802,dh008565,14/12/2025,20/02/2026,253840500.0,176746100.0,77094400.0
hd007803,dh001562,17/12/2025,09/02/2026,824547300.0,614771400.0,209775900.0
HD007804,DH000674,14/12/2025,02/02/2026,459308100.0,459308100.0,0.0
HD007805,dh005980,15/12/2025,22/02/2026,496177700.0,427296200.0,68881500.0
hd007806,dh008791,14/12/2025,14/02/2026,587660800.0,168874900.0,418785900.0
hd007807,dh009188,16/12/2025,08/03/2026,384272000.0,384272000.0,0.0
HD007808,dh009261,16/12/2025,23/12/2025,4518800.0,4518800.0,0.0
hd007809,dh001767,18/12/2025,14/02/2026,509241900.0,406703000.0,102538900.0
HD007810,dh007776,18/12/2025,26/12/2025,566800.0,566800.0,0.0
HD007811,dh005319,18/12/2025,25/12/2025,6885000.0,6885000.0,0.0
hd007812,dh008025,18/12/2025,26/02/2026,154752600.0,68315100.0,86437500.0
hd007813,dh004563,17/12/2025,24/12/2025,3424800.0,3424800.0,0.0
hd007814,DH009373,15/12/2025,22/02/2026,69304900.0,26920700.0,42384200.0
hd007815,dh011759,17/12/2025,07/03/2026,216014900.0,216014900.0,0.0
hd007816,dh003539,15/12/2025,20/02/2026,293025000.0,293025000.0,0.0
hd007817,dh004926,17/12/2025,19/02/2026,150029200.0,43704900.0,106324300.0
hd007818,dh000366,16/12/2025,08/03/2026,410327400.0,94176000.0,316151400.0
hd007819,dh006180,16/12/2025,25/12/2025,519000.0,172200.0,346800.0
HD007820,dh006356,16/12/2025,25/02/2026,250166600.0,250166600.0,0.0
hd007821,DH900006,15/12/2025,23/12/2025,1875300.0,1875300.0,0.0
hd007822,DH009767,15/12/2025,30/12/2025,1647200.0,1647200.0,0.0
hd007823,dh004711,16/12/2025,11/02/2026,358685200.0,358685200.0,0.0
hd007824,DH009394,18/12/2025,10/03/2026,440234200.0,440234200.0,0.0
hd007825,dh011192,15/12/2025,02/03/2026,326807600.0,326807600.0,0.0
hd007826,dh008431,17/12/2025,07/02/2026,312300000.0,126926000.0,185374000.0
hd007827,dh006840,17/12/2025,30/12/2025,1691000.0,1691000.0,0.0
hd007828,dh000574,17/12/2025,30/12/2025,1071000.0,1071000.0,0.0
hd007829,dh010536,16/12/2025,10/02/2026,699938800.0,447042100.0,252896700.0
HD007830,dh002209,17/12/2025,13/02/2026,330412600.0,330412600.0,0.0
hd007831,DH900001,16/12/2025,03/12/2026,110057500.0,17401400.0,92656100.0
hd007832,dh008302,16/12/2025,09/02/2026,55761800.0,55761800.0,0.0
hd007833,DH001195,18/12/2025,26/12/2025,784000.0,544100.0,239900.0
hd007834,DH900007,16/12/2025,10/02/2026,119286500.0,20044000.0,99242500.0
hd007835,dh011926,15/12/2025,25/02/2026,746109800.0,87305900.0,658803900.0
hd007836,dh000298,16/12/2025,31/12/2025,2143100.0,2143100.0,0.0
hd007837,dh001469,18/12/2025,30/12/2025,13950600.0,13950600.0,0.0
hd007838,,19/12/2025,03/01/2026,733400.0,733400.0,0.0
hd007839,dh010205,16/12/2025,28/02/2026,117822000.0,84382000.0,33440000.0
hd007840,dh002985,18/12/2025,11/02/2026,378708200.0,378708200.0,0.0
HD007841,DH900001,17/12/2025,29/12/2025,6276000.0,6276000.0,0.0
hd007842,dh005334,17/12/2025,06/03/2026,970301400.0,697691600.0,272609800.0
hd007843,DH004646,18/12/2025,29/12/2025,3421800.0,3421800.0,0.0
hd007844,dh000419,16/12/2025,28/12/2025,4160200.0,4160200.0,0.0
hd007845,dh003932,18/12/2025,26/12/2025,1711400.0,1711400.0,0.0
hd007846,dh005124,18/12/2025,01/01/2026,2215300.0,2215300.0,0.0
hd007847,DH009255,19/12/2025,27/12/2025,2334900.0,2334900.0,0.0
hd007848,dh010311,18/12/2025,09/02/2026,320176200.0,157727600.0,162448600.0
hd007849,dh005638,16/12/2025,25/12/2025,2073600.0,2073600.0,0.0
hd007850,dh001969,16/12/2025,24/12/2025,1202800.0,1202800.0,0.0
HD007851,dh008164,16/12/2025,19/02/2026,700232600.0,658774200.0,41458400.0
hd007852,dh001429,2025-12-18,31/12/2025,6696000.0,6696000.0,0.0
hd007853,dh003768,18/12/2025,29/12/2025,16560000.0,16560000.0,0.0
hd007854,dh000970,19/12/2025,06/03/2026,74194500.0,13055000.0,61139500.0
hd007855,dh005138,17/12/2025,26/12/2025,2756400.0,2756400.0,0.0
hd007856,dh001630,18/12/2025,05/02/2026,451048200.0,451048200.0,0.0
hd007857,dh001940,18/12/2025,01/01/2026,198000.0,130700.0,67300.0
hd007858,dh010122,17/12/2025,14/03/2026,217851500.0,217851500.0,0.0
hd007859,,18/12/2025,02/01/2026,15782600.0,15782600.0,0.0
HD007860,,18/12/2025,26/12/2025,4180000.0,4180000.0,0.0
hd007861,dh006127,18/12/2025,30/12/2025,4480200.0,4480200.0,0.0
hd007862,dh011977,17/12/2025,02/03/2026,243133100.0,243133100.0,0.0
HD007863,dh011704,19/12/2025,02/01/2026,2883000.0,2883000.0,0.0
HD007864,dh000049,18/12/2025,26/12/2025,12749200.0,12749200.0,0.0
hd007865,dh008655,20/12/2025,06/02/2026,653264400.0,525575300.0,127689100.0
hd007866,dh002617,18/12/2025,08/03/2026,542948300.0,404761100.0,138187200.0
hd007867,dh002954,20/12/2025,2025-12-27,1515700.0,1515700.0,0.0
HD007868,dh009395,20/12/2025,07/03/2026,356401900.0,272506400.0,83895500.0
HD007869,dh010227,17/12/2025,30/12/2025,5115200.0,5115200.0,0.0
hd007870,dh003516,20/12/2025,30/12/2025,8099800.0,8099800.0,0.0
hd007871,DH005960,18/12/2025,26/12/2025,972400.0,972400.0,0.0
hd007872,dh008529,18/12/2025,11/03/2026,320778200.0,320778200.0,0.0
hd007873,DH900001,17/12/2025,28/12/2025,13400200.0,13400200.0,0.0
hd007874,dh008963,19/12/2025,03/01/2026,7810200.0,7810200.0,0.0
hd007875,dh011856,20/12/2025,27/02/2026,219161400.0,219161400.0,0.0
hd007876,dh007363,17/12/2025,09/02/2026,430969100.0,86702400.0,344266700.0
hd007877,DH900000,20/12/2025,03/02/2026,207480200.0,163115100.0,44365100.0
hd007878,dh002858,19/12/2025,30/12/2025,7229400.0,7229400.0,0.0
hd007879,dh001503,20/12/2025,30/12/2025,2376000.0,2376000.0,0.0
hd007880,dh007007,19/12/2025,01/01/2026,16060600.0,16060600.0,0.0
hd007881,dh009584,19/12/2025,21/02/2026,166976400.0,166976400.0,0.0
hd007882,dh001646,20/12/2025,06/02/2026,369267300.0,86053200.0,283214100.0
hd007883,dh008252,20/12/2025,05/03/2026,748584200.0,477124200.0,271460000.0
HD007884,dh011107,19/12/2025,02/01/2026,2856000.0,2404700.0,451300.0
hd007885,dh011601,19/12/2025,02/01/2026,71400.0,71400.0,0.0
HD007886,dh000310,19/12/2025,01/03/2026,394674000.0,120195600.0,274478400.0
hd007887,dh006929,21/12/2025,28/12/2025,4602000.0,3783100.0,818900.0
hd007888,dh005917,19/12/2025,21/02/2026,608938400.0,608938400.0,0.0
hd007889,dh011114,19/12/2025,31/12/2025,5646000.0,5646000.0,0.0
hd007890,dh003396,18/12/2025,31/12/2025,181400.0,181400.0,0.0
hd007891,dh009894,20/12/2025,01/03/2026,280120200.0,10561600.0,269558600.0
HD007892,dh003794,20/12/2025,30/12/2025,1773600.0,1773600.0,0.0
hd007893,dh006342,20/12/2025,28/12/2025,4913400.0,4913400.0,0.0
hd007894,dh004489,20/12/2025,04/02/2026,385048900.0,189123400.0,195925500.0
hd007895,dh011800,18/12/2025,11/03/2026,198878400.0,198878400.0,0.0
hd007896,dh004296,18/12/2025,14/03/2026,493534000.0,493534000.0,0.0
HD007897,dh005325,19/12/2025,30/12/2025,3250800.0,3250800.0,0.0
hd007898,dh001455,18/12/2025,31/12/2025,1965600.0,1965600.0,0.0
hd007899,dh009628,21/12/2025,01/01/2026,632000.0,632000.0,0.0
hd007900,dh006157,18/12/2025,14/03/2026,210179000.0,91429700.0,118749300.0
hd007901,DH006734,21/12/2025,21/02/2026,180054400.0,19117600.0,160936800.0
hd007902,dh011025,20/12/2025,08/03/2026,52759500.0,52759500.0,0.0
HD007903,dh001943,19/12/2025,05/02/2026,206274400.0,206274400.0,0.0
hd007904,dh007734,21/12/2025,01/01/2026,3399900.0,3399900.0,0.0
hd007905,dh007175,22/12/2025,12/31/2025,9869400.0,9869400.0,0.0
hd007906,dh011477,21/12/2025,13/02/2026,400297600.0,400297600.0,0.0
hd007907,dh004254,21/12/2025,16/02/2026,194043000.0,194043000.0,0.0
HD007908,dh010787,22/12/2025,01/01/2026,4098700.0,4098700.0,0.0
HD007909,,21/12/2025,01/01/2026,5084400.0,1252900.0,3831500.0
hd007910,dh011279,20/12/2025,03/01/2026,8628000.0,8628000.0,0.0
hd007911,dh006253,19/12/2025,03/17/2026,161116000.0,45570900.0,115545100.0
hd007912,dh005457,20/12/2025,28/02/2026,260427300.0,54178200.0,206249100.0
hd007913,dh008933,21/12/2025,16/02/2026,326436000.0,326436000.0,0.0
HD007914,dh004349,20/12/2025,03/03/2026,306839100.0,183177600.0,123661500.0
HD007915,dh007267,22/12/2025,08/03/2026,724026000.0,724026000.0,0.0
hd007916,dh010899,21/12/2025,01/01/2026,338000.0,338000.0,0.0
hd007917,dh009858,19/12/2025,02/01/2026,230000.0,197500.0,32500.0
hd007918,dh006155,19/12/2025,28/02/2026,418495800.0,418495800.0,0.0
hd007919,dh004027,21/12/2025,16/02/2026,233770400.0,233770400.0,0.0
HD007920,dh009959,19/12/2025,24/02/2026,247282100.0,247282100.0,0.0
hd007921,dh008877,21/12/2025,13/03/2026,406965800.0,406965800.0,0.0
hd007922,DH003749,20/12/2025,11/03/2026,298860000.0,298860000.0,0.0
hd007923,DH004978,22/12/2025,26/02/2026,167807600.0,167807600.0,0.0
HD007924,,2025-12-21,28/12/2025,828400.0,828400.0,0.0
hd007925,DH010485,19/12/2025,31/12/2025,1892000.0,1213400.0,678600.0
hd007926,,19/12/2025,12/03/2026,655033900.0,655033900.0,0.0
hd007927,dh011518,21/12/2025,04/02/2026,62174300.0,62174300.0,0.0
HD007928,dh008481,21/12/2025,15/02/2026,229088800.0,229088800.0,0.0
hd007929,dh011389,21/12/2025,01/01/2026,508200.0,508200.0,0.0
hd007930,dh006520,20/12/2025,17/03/2026,130239100.0,123805100.0,6434000.0
hd007931,dh009371,20/12/2025,28/12/2025,1036200.0,374300.0,661900.0
hd007932,DH900008,22/12/2025,13/03/2026,102582500.0,73040800.0,29541700.0
hd007933,DH008146,22/12/2025,19/02/2026,481239100.0,481239100.0,0.0
hd007934,dh009275,20/12/2025,28/12/2025,1778000.0,1778000.0,0.0
HD007935,DH900006,22/12/2025,05/02/2026,182714900.0,152918000.0,29796900.0
hd007936,dh000713,21/12/2025,14/02/2026,293121000.0,122704800.0,170416200.0
hd007937,dh011753,20/12/2025,09/03/2026,174448100.0,174448100.0,0.0
hd007938,dh003452,22/12/2025,01/01/2026,428400.0,428400.0,0.0
hd007939,dh006986,12/20/2025,28/02/2026,655185000.0,198739200.0,456445800.0
hd007940,dh011111,23/12/2025,02/01/2026,1040000.0,1040000.0,0.0
hd007941,dh009778,22/12/2025,19/03/2026,72456000.0,51765500.0,20690500.0
hd007942,,23/12/2025,07/01/2026,1195000.0,1195000.0,0.0
HD007943,dh008941,21/12/2025,29/12/2025,392400.0,392400.0,0.0
hd007944,dh006750,20/12/2025,26/02/2026,507630400.0,507630400.0,0.0
HD007945,DH008785,21/12/2025,03/13/2026,65367000.0,65367000.0,0.0
hd007946,dh006704,22/12/2025,31/12/2025,1356600.0,1356600.0,0.0
hd007947,dh011543,21/12/2025,28/12/2025,2316000.0,1729900.0,586100.0
hd007948,dh010428,20/12/2025,29/12/2025,4614700.0,4614700.0,0.0
hd007949,dh005153,23/12/2025,30/12/2025,1752000.0,1752000.0,0.0
HD007950,dh007936,20/12/2025,02/01/2026,5619200.0,5619200.0,0.0
hd007951,dh003565,21/12/2025,15/03/2026,806175200.0,649232300.0,156942900.0
hd007952,dh008506,22/12/2025,17/02/2026,157888000.0,141428800.0,16459200.0
hd007953,dh007985,22/12/2025,23/02/2026,635273600.0,603822400.0,31451200.0
hd007954,dh000011,23/12/2025,07/01/2026,1132000.0,1132000.0,0.0
hd007955,dh006665,23/12/2025,30/12/2025,5291400.0,5226100.0,65300.0
hd007956,DH005487,24/12/2025,06/01/2026,945000.0,945000.0,0.0
HD007957,DH900002,22/12/2025,06/01/2026,532200.0,532200.0,0.0
hd007958,dh007078,24/12/2025,03/01/2026,12398000.0,12398000.0,0.0
HD007959,dh002124,22/12/2025,03/17/2026,368636600.0,368636600.0,0.0
hd007960,dh001032,22/12/2025,30/12/2025,518000.0,518000.0,0.0
hd007961,dh011580,12/21/2025,19/02/2026,135163000.0,22488000.0,112675000.0
HD007962,dh002130,21/12/2025,04/01/2026,5580900.0,5580900.0,0.0
hd007963,dh008838,22/12/2025,15/02/2026,296781600.0,40395700.0,256385900.0
hd007964,dh005101,23/12/2025,23/02/2026,778177600.0,778177600.0,0.0
hd007965,DH900003,22/12/2025,01/01/2026,13885200.0,13885200.0,0.0
hd007966,dh003590,21/12/2025,31/12/2025,3163800.0,3163800.0,0.0
hd007967,dh006679,24/12/2025,04/01/2026,9852800.0,9852800.0,0.0
hd007968,dh006694,21/12/2025,28/12/2025,1156000.0,1156000.0,0.0
hd007969,dh007223,21/12/2025,03/08/2026,106907900.0,12571300.0,94336600.0
hd007970,dh011136,21/12/2025,01/01/2026,8581600.0,6842200.0,1739400.0
HD007971,dh005775,22/12/2025,01/01/2026,7752400.0,7752400.0,0.0
hd007972,dh007160,23/12/2025,02/01/2026,11431800.0,11431800.0,0.0
hd007973,dh009342,22/12/2025,04/01/2026,1335800.0,1335800.0,0.0
hd007974,dh008264,21/12/2025,28/02/2026,486653800.0,87068700.0,399585100.0
hd007975,dh000754,2025-12-21,28/02/2026,813777200.0,813777200.0,0.0
hd007976,dh001220,24/12/2025,08/01/2026,1682600.0,1682600.0,0.0
hd007977,dh005904,24/12/2025,06/03/2026,948976800.0,454008500.0,494968300.0
hd007978,dh000111,22/12/2025,04/01/2026,2520000.0,2520000.0,0.0
hd007979,dh006898,22/12/2025,02/01/2026,46800.0,46800.0,0.0
HD007980,DH010540,23/12/2025,19/03/2026,331157600.0,331157600.0,0.0
hd007981,dh001267,12/24/2025,06/03/2026,241592800.0,41647400.0,199945400.0
hd007982,dh006022,22/12/2025,22/03/2026,75579900.0,48221700.0,27358200.0
hd007983,dh003022,23/12/2025,31/12/2025,216800.0,216800.0,0.0
HD007984,dh007243,23/12/2025,05/01/2026,520000.0,520000.0,0.0
hd007985,DH006023,24/12/2025,05/03/2026,114804600.0,114804600.0,0.0
hd007986,dh007421,23/12/2025,06/01/2026,5814000.0,4714000.0,1100000.0
hd007987,dh009059,25/12/2025,03/01/2026,258000.0,258000.0,0.0
hd007988,dh003648,22/12/2025,13/03/2026,660874500.0,660874500.0,0.0
hd007989,dh002752,22/12/2025,06/01/2026,5794600.0,5794600.0,0.0
hd007990,dh002623,24/12/2025,02/28/2026,181370300.0,124053200.0,57317100.0
hd007991,dh006939,25/12/2025,12/02/2026,329683600.0,329683600.0,0.0
hd007992,dh010568,22/12/2025,13/02/2026,817658200.0,573278500.0,244379700.0
hd007993,dh005495,24/12/2025,2026-01-03,7896000.0,7896000.0,0.0
hd007994,dh003799,24/12/2025,02/01/2026,2593000.0,2593000.0,0.0
hd007995,,22/12/2025,31/12/2025,5479600.0,5400700.0,78900.0
HD007996,dh004477,25/12/2025,05/01/2026,6354800.0,6354800.0,0.0
hd007997,dh005304,24/12/2025,03/01/2026,193800.0,193800.0,0.0
hd007998,dh004697,23/12/2025,24/02/2026,172592500.0,172592500.0,0.0
hd007999,dh005329,24/12/2025,26/02/2026,887937800.0,108427900.0,779509900.0
HD008000,dh002396,23/12/2025,23/03/2026,215613600.0,19554200.0,196059400.0
HD008001,dh001987,24/12/2025,04/01/2026,9700200.0,9700200.0,0.0
hd008002,dh007627,24/12/2025,05/03/2026,229365200.0,229365200.0,0.0
HD008003,,23/12/2025,06/01/2026,2975000.0,2975000.0,0.0
hd008004,dh009218,25/12/2025,11/02/2026,493754000.0,159137800.0,334616200.0
hd008005,dh009574,24/12/2025,14/03/2026,671151200.0,379315100.0,291836100.0
hd008006,dh004682,25/12/2025,09/01/2026,3426800.0,3162200.0,264600.0
hd008007,dh001457,24/12/2025,01/01/2026,1082100.0,1082100.0,0.0
hd008008,dh002473,24/12/2025,13/03/2026,471159100.0,294325800.0,176833300.0
hd008009,dh006845,25/12/2025,04/03/2026,185760000.0,131530100.0,54229900.0
hd008010,dh009595,24/12/2025,05/01/2026,1470000.0,1460400.0,9600.0
hd008011,dh005538,25/12/2025,10/03/2026,189625600.0,189625600.0,0.0
hd008012,DH002471,26/12/2025,18/03/2026,728038600.0,728038600.0,0.0
hd008013,dh003762,26/12/2025,06/01/2026,7140000.0,4765100.0,2374900.0
hd008014,dh007002,25/12/2025,18/03/2026,766799900.0,766799900.0,0.0
HD008015,dh005833,23/12/2025,18/02/2026,363764600.0,220548500.0,143216100.0
hd008016,dh001286,23/12/2025,12/02/2026,477621600.0,349465400.0,128156200.0
hd008017,dh002188,26/12/2025,01/03/2026,514572500.0,514572500.0,0.0
hd008018,dh007493,24/12/2025,28/02/2026,310102200.0,310102200.0,0.0
hd008019,dh001110,26/12/2025,04/03/2026,650574400.0,357945100.0,292629300.0
hd008020,dh002481,26/12/2025,05/03/2026,271506800.0,271506800.0,0.0
HD008021,dh007196,26/12/2025,04/01/2026,9793400.0,9793400.0,0.0
hd008022,dh000830,25/12/2025,01/06/2026,6112400.0,6112400.0,0.0
hd008023,DH011096,25/12/2025,03/05/2026,945037400.0,72774400.0,872263000.0
hd008024,dh009821,23/12/2025,11/03/2026,162345400.0,80271900.0,82073500.0
hd008025,dh005557,12/23/2025,04/03/2026,373501300.0,71942100.0,301559200.0
hd008026,DH900004,23/12/2025,01/01/2026,2402300.0,1329700.0,1072600.0
hd008027,dh010110,23/12/2025,23/03/2026,492618000.0,231279400.0,261338600.0
HD008028,dh001472,23/12/2025,06/01/2026,5386000.0,2234600.0,3151400.0
hd008029,dh010250,25/12/2025,02/01/2026,21975000.0,21975000.0,0.0
hd008030,dh003227,24/12/2025,12/02/2026,377186400.0,148306000.0,228880400.0
hd008031,dh011209,26/12/2025,10/01/2026,13824000.0,13824000.0,0.0
hd008032,dh004021,24/12/2025,02/01/2026,9783600.0,9506800.0,276800.0
hd008033,dh003423,27/12/2025,20/03/2026,338388900.0,175809900.0,162579000.0
HD008034,dh010152,26/12/2025,07/01/2026,4307300.0,4307300.0,0.0
hd008035,dh004350,24/12/2025,08/01/2026,4750500.0,4750500.0,0.0
hd008036,dh006338,25/12/2025,11/02/2026,511824800.0,86994100.0,424830700.0
hd008037,DH003278,27/12/2025,05/01/2026,3779200.0,3779200.0,0.0
HD008038,DH005007,25/12/2025,20/03/2026,355106600.0,355106600.0,0.0
hd008039,,26/12/2025,13/03/2026,94648800.0,73181100.0,21467700.0
hd008040,dh010055,24/12/2025,31/12/2025,223000.0,223000.0,0.0
HD008041,dh008773,26/12/2025,23/03/2026,283253100.0,283253100.0,0.0
hd008042,dh002671,24/12/2025,08/02/2026,344828000.0,344828000.0,0.0
hd008043,dh005865,24/12/2025,10/02/2026,468102800.0,468102800.0,0.0
HD008044,dh002182,26/12/2025,22/02/2026,168965000.0,168965000.0,0.0
hd008045,dh001825,25/12/2025,17/02/2026,288493500.0,173398800.0,115094700.0
hd008046,dh009818,27/12/2025,2026-01-11,7985000.0,7222900.0,762100.0
HD008047,dh005876,25/12/2025,22/03/2026,884443100.0,884443100.0,0.0
hd008048,dh005660,25/12/2025,06/01/2026,788000.0,788000.0,0.0
HD008049,dh008543,27/12/2025,03/01/2026,9704000.0,9704000.0,0.0
hd008050,dh004884,25/12/2025,18/03/2026,132131400.0,132131400.0,0.0
hd008051,DH011796,24/12/2025,28/02/2026,386403400.0,212695700.0,173707700.0
hd008052,dh011394,26/12/2025,19/03/2026,610869600.0,610869600.0,0.0
hd008053,DH003144,12/27/2025,01/03/2026,315083400.0,274978300.0,40105100.0
hd008054,dh000500,26/12/2025,06/01/2026,6058000.0,6058000.0,0.0
hd008055,dh001177,2025-12-26,03/09/2026,132540000.0,581700.0,131958300.0
hd008056,dh001078,24/12/2025,07/03/2026,425982000.0,425982000.0,0.0
hd008057,dh009811,27/12/2025,13/03/2026,512289200.0,488556000.0,23733200.0
hd008058,dh004104,24/12/2025,01/01/2026,1870000.0,1870000.0,0.0
HD008059,dh000576,26/12/2025,01/03/2026,435985600.0,312838700.0,123146900.0
hd008060,dh005929,27/12/2025,09/01/2026,405000.0,405000.0,0.0
hd008061,DH900009,26/12/2025,14/03/2026,335671400.0,335671400.0,0.0
hd008062,dh006958,25/12/2025,02/01/2026,5899800.0,5899800.0,0.0
hd008063,dh010401,26/12/2025,10/02/2026,203183400.0,203183400.0,0.0
hd008064,dh002375,25/12/2025,07/01/2026,1746500.0,1746500.0,0.0
hd008065,dh008814,25/12/2025,01/03/2026,199102600.0,199102600.0,0.0
hd008066,dh005226,25/12/2025,18/02/2026,474776000.0,262003800.0,212772200.0
hd008067,dh010032,27/12/2025,11/03/2026,552386900.0,380377800.0,172009100.0
hd008068,dh000101,12/28/2025,06/01/2026,1008300.0,1008300.0,0.0
HD008069,,28/12/2025,17/03/2026,439844600.0,439844600.0,0.0
hd008070,dh006693,28/12/2025,04/01/2026,5010000.0,4719700.0,290300.0
hd008071,dh005550,27/12/2025,17/03/2026,317713000.0,271505500.0,46207500.0
HD008072,dh008667,26/12/2025,19/03/2026,178735800.0,178735800.0,0.0
HD008073,dh006271,26/12/2025,2026-01-05,6112200.0,6112200.0,0.0
hd008074,dh006046,28/12/2025,09/03/2026,678013400.0,132608300.0,545405100.0
hd008075,dh005067,26/12/2025,10/02/2026,602060000.0,602060000.0,0.0
HD008076,dh000286,27/12/2025,02/03/2026,392754800.0,258976700.0,133778100.0
hd008077,dh000608,28/12/2025,06/01/2026,5033000.0,5033000.0,0.0
HD008078,dh010939,28/12/2025,03/08/2026,224989700.0,224989700.0,0.0
hd008079,,12/25/2025,17/03/2026,378192100.0,378192100.0,0.0
hd008080,dh005889,26/12/2025,09/01/2026,2565000.0,2565000.0,0.0
hd008081,dh010086,28/12/2025,26/02/2026,459595200.0,392135200.0,67460000.0
HD008082,dh008823,25/12/2025,01/01/2026,2210000.0,2210000.0,0.0
hd008083,dh001891,26/12/2025,08/01/2026,122400.0,122400.0,0.0
hd008084,dh011205,28/12/2025,04/01/2026,194400.0,194400.0,0.0
HD008085,dh007474,26/12/2025,02/20/2026,491076800.0,491076800.0,0.0
HD008086,dh005610,28/12/2025,2026-01-09,2097000.0,2097000.0,0.0
HD008087,DH008782,26/12/2025,01/03/2026,505361900.0,505361900.0,0.0
hd008088,DH010406,27/12/2025,07/01/2026,5539200.0,5539200.0,0.0
hd008089,DH003328,26/12/2025,10/01/2026,1373300.0,1373300.0,0.0
hd008090,dh005649,29/12/2025,07/03/2026,181987300.0,134053500.0,47933800.0
hd008091,dh008321,27/12/2025,27/02/2026,232753500.0,232753500.0,0.0
hd008092,dh006525,28/12/2025,06/01/2026,1144800.0,1144800.0,0.0
HD008093,dh006304,27/12/2025,15/03/2026,347423000.0,131004700.0,216418300.0
hd008094,dh009695,28/12/2025,22/02/2026,283487000.0,283487000.0,0.0
hd008095,dh007451,29/12/2025,13/01/2026,66300.0,66300.0,0.0
HD008096,dh007742,26/12/2025,04/01/2026,632400.0,632400.0,0.0
hd008097,dh001613,27/12/2025,24/02/2026,305422400.0,305422400.0,0.0
HD008098,dh008484,28/12/2025,08/01/2026,520000.0,182900.0,337100.0
hd008099,dh001551,27/12/2025,10/01/2026,2755000.0,2755000.0,0.0
HD008100,dh004085,26/12/2025,06/01/2026,221000.0,221000.0,0.0
HD008101,dh004185,27/12/2025,23/03/2026,631006200.0,631006200.0,0.0
hd008102,dh003177,26/12/2025,24/02/2026,102199600.0,80853500.0,21346100.0
hd008103,dh000336,26/12/2025,05/01/2026,114300.0,74300.0,40000.0
HD008104,dh009994,27/12/2025,22/03/2026,274491000.0,274491000.0,0.0
HD008105,dh000034,26/12/2025,05/01/2026,3477000.0,3477000.0,0.0
hd008106,dh010245,29/12/2025,24/03/2026,278404800.0,278404800.0,0.0
hd008107,dh003146,30/12/2025,04/03/2026,60396700.0,60396700.0,0.0
hd008108,dh010642,30/12/2025,09/01/2026,2268600.0,2268600.0,0.0
hd008109,dh003599,30/12/2025,09/01/2026,3618000.0,3618000.0,0.0
hd008110,dh006034,28/12/2025,2026-01-11,14649000.0,14649000.0,0.0
HD008111,,27/12/2025,11/01/2026,565200.0,558100.0,7100.0
HD008112,DH010219,27/12/2025,10/01/2026,1643600.0,1643600.0,0.0
hd008113,dh010309,29/12/2025,01/06/2026,3981900.0,3981900.0,0.0
hd008114,dh006959,28/12/2025,19/03/2026,575782400.0,58693600.0,517088800.0
hd008115,dh007962,30/12/2025,10/03/2026,249927600.0,149250200.0,100677400.0
hd008116,,28/12/2025,09/01/2026,790500.0,790500.0,0.0
HD008117,dh008538,29/12/2025,19/02/2026,133946200.0,105952400.0,27993800.0
hd008118,DH005906,27/12/2025,10/01/2026,13514000.0,13514000.0,0.0
hd008119,dh004772,27/12/2025,01/03/2026,634102000.0,607416100.0,26685900.0
hd008120,dh004271,30/12/2025,28/02/2026,370782500.0,370782500.0,0.0
HD008121,DH010449,30/12/2025,25/03/2026,210049800.0,107192400.0,102857400.0
hd008122,dh010797,28/12/2025,18/03/2026,515895600.0,372173100.0,143722500.0
hd008123,dh000201,31/12/2025,07/03/2026,268620700.0,21984500.0,246636200.0
hd008124,dh001117,31/12/2025,01/14/2026,10150000.0,10150000.0,0.0
hd008125,DH004374,29/12/2025,07/01/2026,2332000.0,2332000.0,0.0
hd008126,dh007648,29/12/2025,05/01/2026,54000.0,54000.0,0.0
HD008127,dh003659,31/12/2025,23/03/2026,343108400.0,343108400.0,0.0
hd008128,dh011790,28/12/2025,12/01/2026,16788000.0,16788000.0,0.0
hd008129,dh007901,31/12/2025,14/01/2026,837000.0,837000.0,0.0
hd008130,dh010827,28/12/2025,11/01/2026,572000.0,572000.0,0.0
HD008131,DH009167,29/12/2025,26/02/2026,583271000.0,103563000.0,479708000.0
HD008132,DH008682,31/12/2025,10/01/2026,4504000.0,2241800.0,2262200.0
hd008133,dh003563,30/12/2025,11/01/2026,260100.0,163700.0,96400.0
hd008134,DH007934,2025-12-30,27/02/2026,245923000.0,245923000.0,0.0
hd008135,dh011698,28/12/2025,2026-01-09,4498200.0,4498200.0,0.0
hd008136,dh010384,29/12/2025,15/03/2026,248683600.0,42516200.0,206167400.0
hd008137,DH004235,28/12/2025,16/02/2026,144757700.0,124921100.0,19836600.0
hd008138,dh007444,31/12/2025,15/01/2026,4045000.0,4045000.0,0.0
hd008139,dh002730,29/12/2025,28/03/2026,708253000.0,245092600.0,463160400.0
HD008140,dh005754,29/12/2025,05/01/2026,468900.0,448700.0,20200.0
hd008141,DH006308,01/01/2026,08/01/2026,4732000.0,4732000.0,0.0
hd008142,dh001747,30/12/2025,03/18/2026,256449000.0,256449000.0,0.0
hd008143,dh010421,30/12/2025,07/01/2026,2089600.0,2089600.0,0.0
hd008144,dh007201,01/01/2026,14/01/2026,4350600.0,4350600.0,0.0
hd008145,dh008743,01/01/2026,01/04/2026,462611600.0,391636200.0,70975400.0
hd008146,dh000581,30/12/2025,09/01/2026,4977600.0,4977600.0,0.0
hd008147,dh004225,01/01/2026,26/02/2026,234613500.0,234613500.0,0.0
hd008148,dh010785,2025-12-31,12/01/2026,11809500.0,11809500.0,0.0
HD008149,dh003217,29/12/2025,17/03/2026,209963400.0,209963400.0,0.0
HD008150,dh000594,31/12/2025,10/01/2026,1869000.0,1869000.0,0.0
hd008151,dh004986,31/12/2025,03/03/2026,263192100.0,176318600.0,86873500.0
HD008152,dh006203,01/01/2026,2026-03-11,967530400.0,967530400.0,0.0
hd008153,dh007213,30/12/2025,14/01/2026,6090000.0,6090000.0,0.0
HD008154,,01/01/2026,24/02/2026,221641800.0,85940000.0,135701800.0
hd008155,dh010654,29/12/2025,2026-03-04,209629800.0,209629800.0,0.0
hd008156,dh000568,31/12/2025,19/03/2026,323421800.0,85286600.0,238135200.0
hd008157,dh005355,01/01/2026,15/02/2026,232915400.0,168916900.0,63998500.0
HD008158,dh005964,31/12/2025,08/01/2026,28800.0,28800.0,0.0
hd008159,dh006012,01/01/2026,05/03/2026,415135900.0,165591300.0,249544600.0
hd008160,dh010204,31/12/2025,13/01/2026,7855100.0,7855100.0,0.0
hd008161,dh002764,30/12/2025,20/02/2026,300267800.0,300267800.0,0.0
hd008162,dh004439,30/12/2025,11/01/2026,3271500.0,3271500.0,0.0
HD008163,dh003112,29/12/2025,13/03/2026,527195000.0,475802000.0,51393000.0
hd008164,DH900002,29/12/2025,2026-01-06,8660000.0,8660000.0,0.0
hd008165,dh001120,29/12/2025,05/03/2026,815002700.0,512986800.0,302015900.0
hd008166,dh006731,31/12/2025,09/01/2026,1711200.0,1711200.0,0.0
hd008167,dh006367,30/12/2025,15/02/2026,83177700.0,83177700.0,0.0
HD008168,dh008348,31/12/2025,12/01/2026,4138200.0,4138200.0,0.0
hd008169,dh008483,01/01/2026,16/01/2026,2541000.0,2541000.0,0.0
hd008170,dh008998,01/01/2026,27/03/2026,816755000.0,564046400.0,252708600.0
hd008171,dh000686,31/12/2025,13/01/2026,7185000.0,7185000.0,0.0
hd008172,dh004889,30/12/2025,11/01/2026,8960000.0,8960000.0,0.0
hd008173,dh004857,2025-12-31,15/01/2026,2733300.0,2733300.0,0.0
hd008174,dh003858,01/01/2026,03/25/2026,472122100.0,472122100.0,0.0
hd008175,dh009375,30/12/2025,12/01/2026,11736000.0,11736000.0,0.0
hd008176,DH900003,02/01/2026,16/02/2026,503052800.0,16149700.0,486903100.0
HD008177,dh007028,30/12/2025,10/01/2026,17957400.0,17957400.0,0.0
hd008178,dh009826,12/30/2025,06/03/2026,230288000.0,54640700.0,175647300.0
hd008179,dh001988,31/12/2025,11/01/2026,3368100.0,2832300.0,535800.0
HD008180,dh009618,30/12/2025,09/01/2026,6041000.0,6041000.0,0.0
hd008181,dh003743,02/01/2026,16/01/2026,200400.0,175400.0,25000.0
hd008182,dh008537,31/12/2025,10/01/2026,10789800.0,10789800.0,0.0
hd008183,dh009129,01/01/2026,26/02/2026,515558000.0,41332100.0,474225900.0
HD008184,dh002309,30/12/2025,06/01/2026,18926000.0,18926000.0,0.0
hd008185,dh002194,12/30/2025,17/02/2026,483392000.0,483392000.0,0.0
hd008186,dh000605,02/01/2026,02/04/2026,423733700.0,38706100.0,385027600.0
HD008187,dh010838,31/12/2025,17/03/2026,542534000.0,542534000.0,0.0
HD008188,dh005501,01/01/2026,16/01/2026,1377000.0,1311500.0,65500.0
HD008189,dh011464,01/01/2026,16/01/2026,2628000.0,2628000.0,0.0
HD008190,dh009809,30/12/2025,13/02/2026,73888900.0,55874500.0,18014400.0
HD008191,dh007519,01/01/2026,22/03/2026,504289600.0,504289600.0,0.0
HD008192,dh005449,01/01/2026,28/02/2026,315313800.0,13975800.0,301338000.0
hd008193,dh004176,31/12/2025,24/03/2026,152256000.0,152256000.0,0.0
hd008194,DH900000,03/01/2026,28/02/2026,241234000.0,241234000.0,0.0
HD008195,dh009103,03/01/2026,12/01/2026,18546700.0,18546700.0,0.0
HD008196,dh003357,31/12/2025,11/01/2026,1232700.0,184800.0,1047900.0
hd008197,dh008980,02/01/2026,31/03/2026,423932000.0,423932000.0,0.0
hd008198,dh008880,02/01/2026,12/01/2026,2907000.0,2907000.0,0.0
hd008199,dh003907,31/12/2025,07/01/2026,13108500.0,13108500.0,0.0
hd008200,,01/01/2026,29/03/2026,1030821200.0,1030821200.0,0.0
hd008201,,02/01/2026,17/01/2026,2210000.0,2210000.0,0.0
hd008202,dh005460,01/01/2026,11/01/2026,7941000.0,7941000.0,0.0
HD008203,DH900006,03/01/2026,15/01/2026,147000.0,147000.0,0.0
hd008204,dh010119,02/01/2026,12/01/2026,1892200.0,1892200.0,0.0
hd008205,dh007076,01/01/2026,28/02/2026,118003400.0,118003400.0,0.0
hd008206,dh007191,02/01/2026,17/01/2026,5338600.0,5338600.0,0.0
hd008207,dh004187,01/01/2026,29/03/2026,509053000.0,54589600.0,454463400.0
hd008208,DH900009,02/01/2026,14/01/2026,310200.0,310200.0,0.0
HD008209,,02/01/2026,31/03/2026,216190000.0,216190000.0,0.0
hd008210,dh011916,01/03/2026,08/03/2026,277873000.0,277873000.0,0.0
hd008211,DH900005,01/01/2026,13/01/2026,243000.0,243000.0,0.0
hd008212,dh000266,02/01/2026,15/01/2026,7388000.0,7388000.0,0.0
HD008213,DH006615,01/01/2026,07/03/2026,400010000.0,61753300.0,338256700.0
hd008214,dh009520,01/01/2026,13/01/2026,1632000.0,1632000.0,0.0
HD008215,dh002235,01/01/2026,16/01/2026,1179900.0,1179900.0,0.0
HD008216,dh011168,03/01/2026,14/03/2026,484965300.0,369646400.0,115318900.0
hd008217,DH004329,02/01/2026,10/01/2026,10101600.0,10101600.0,0.0
HD008218,dh004914,02/01/2026,17/01/2026,1394400.0,983500.0,410900.0
hd008219,dh005907,01/01/2026,13/01/2026,514800.0,514800.0,0.0
hd008220,DH001792,04/01/2026,2026-02-21,223898800.0,223898800.0,0.0
hd008221,DH001048,02/01/2026,02/03/2026,561068600.0,530315500.0,30753100.0
hd008222,dh011826,01/01/2026,2026-01-12,841500.0,841500.0,0.0
HD008223,dh004292,01/01/2026,16/01/2026,22830000.0,22830000.0,0.0
hd008224,dh002243,04/01/2026,11/01/2026,1700200.0,601900.0,1098300.0
hd008225,dh007696,01/01/2026,09/01/2026,2385000.0,2385000.0,0.0
hd008226,dh002310,04/01/2026,09/03/2026,415192500.0,415192500.0,0.0
hd008227,dh006114,04/01/2026,20/02/2026,330840000.0,290313000.0,40527000.0
HD008228,dh006616,02/01/2026,19/02/2026,495417400.0,145738800.0,349678600.0
hd008229,dh001842,01/01/2026,26/02/2026,300735400.0,45735600.0,254999800.0
hd008230,dh000666,01/01/2026,07/03/2026,234973800.0,31686100.0,203287700.0
HD008231,dh002741,02/01/2026,09/01/2026,538600.0,538600.0,0.0
hd008232,dh008793,01/01/2026,19/03/2026,519622000.0,348820600.0,170801400.0
hd008233,dh010521,02/01/2026,25/02/2026,170176200.0,170176200.0,0.0
hd008234,dh004961,01/01/2026,13/01/2026,128000.0,128000.0,0.0
HD008235,,03/01/2026,06/03/2026,583662500.0,583662500.0,0.0
hd008236,dh005898,03/01/2026,14/03/2026,246185000.0,246185000.0,0.0
hd008237,dh009036,04/01/2026,21/02/2026,214489200.0,214489200.0,0.0
hd008238,dh007127,03/01/2026,10/01/2026,443000.0,443000.0,0.0
hd008239,dh006266,01/01/2026,19/03/2026,362164800.0,362164800.0,0.0
hd008240,dh010025,01/01/2026,20/02/2026,926472000.0,926472000.0,0.0
hd008241,dh009855,02/01/2026,28/02/2026,969245000.0,662806600.0,306438400.0
hd008242,dh009785,02/01/2026,10/01/2026,3372000.0,3372000.0,0.0
HD008243,dh000343,04/01/2026,11/01/2026,853400.0,853400.0,0.0
HD008244,dh001295,02/01/2026,02/03/2026,296363600.0,296363600.0,0.0
hd008245,dh010197,03/01/2026,21/02/2026,250397200.0,115633400.0,134763800.0
HD008246,dh005770,04/01/2026,12/01/2026,3070000.0,3070000.0,0.0
hd008247,DH001698,03/01/2026,18/03/2026,322494400.0,322494400.0,0.0
hd008248,DH900005,02/01/2026,21/03/2026,295188000.0,129764400.0,165423600.0
hd008249,dh002116,04/01/2026,18/01/2026,2449000.0,1574900.0,874100.0
hd008250,dh009943,03/01/2026,18/03/2026,413625600.0,413625600.0,0.0
HD008251,dh008094,04/01/2026,14/01/2026,6415800.0,6415800.0,0.0
hd008252,dh002478,2026-01-03,18/01/2026,2407700.0,1745800.0,661900.0
hd008253,dh000048,03/01/2026,28/02/2026,41351000.0,41351000.0,0.0
hd008254,dh003380,04/01/2026,02/03/2026,314121000.0,314121000.0,0.0
hd008255,DH000033,05/01/2026,06/03/2026,343559400.0,5995900.0,337563500.0
hd008256,dh011493,02/01/2026,09/01/2026,5817000.0,5817000.0,0.0
hd008257,dh004732,03/01/2026,30/03/2026,764594900.0,764594900.0,0.0
hd008258,dh009685,02/01/2026,11/01/2026,2811000.0,995500.0,1815500.0
hd008259,dh001299,02/01/2026,09/03/2026,707889200.0,450857700.0,257031500.0
HD008260,dh010708,03/01/2026,02/04/2026,430624000.0,430624000.0,0.0
hd008261,dh007991,03/01/2026,17/01/2026,652600.0,652600.0,0.0
hd008262,dh001268,04/01/2026,16/01/2026,2988000.0,2988000.0,0.0
HD008263,DH011485,02/01/2026,27/03/2026,62851000.0,59616600.0,3234400.0
hd008264,dh009329,04/01/2026,14/01/2026,2984800.0,392700.0,2592100.0
HD008265,dh006536,03/01/2026,17/02/2026,602512500.0,602512500.0,0.0
hd008266,dh005220,04/01/2026,16/01/2026,2046800.0,2046800.0,0.0
HD008267,dh010239,05/01/2026,19/01/2026,5365000.0,5365000.0,0.0
hd008268,dh008721,05/01/2026,17/01/2026,6394500.0,6394500.0,0.0
hd008269,DH010481,03/01/2026,04/03/2026,712916400.0,519387700.0,193528700.0
HD008270,DH010356,05/01/2026,22/03/2026,424784500.0,205041200.0,219743300.0
HD008271,dh001831,06/01/2026,01/16/2026,6322000.0,5257700.0,1064300.0
hd008272,dh005034,03/01/2026,03/04/2026,645093600.0,273834400.0,371259200.0
hd008273,dh007382,05/01/2026,17/01/2026,3192200.0,3192200.0,0.0
hd008274,dh003068,04/01/2026,05/03/2026,304198400.0,304198400.0,0.0
HD008275,dh003178,03/01/2026,01/03/2026,177695300.0,163247300.0,14448000.0
hd008276,dh008708,03/01/2026,2026-01-18,222000.0,222000.0,0.0
hd008277,dh005490,06/01/2026,21/01/2026,1844000.0,1844000.0,0.0
HD008278,dh011002,01/06/2026,02/04/2026,372404000.0,369888100.0,2515900.0
hd008279,DH006945,05/01/2026,02/04/2026,493801200.0,199080100.0,294721100.0
hd008280,,06/01/2026,21/02/2026,479908900.0,470815100.0,9093800.0
hd008281,dh003329,06/01/2026,17/01/2026,3968900.0,2585500.0,1383400.0
hd008282,,04/01/2026,23/03/2026,348681800.0,348681800.0,0.0
hd008283,dh005945,05/01/2026,15/01/2026,127500.0,127500.0,0.0
HD008284,dh008563,04/01/2026,14/01/2026,9602200.0,9602200.0,0.0
hd008285,dh003250,04/01/2026,17/03/2026,178040000.0,114545100.0,63494900.0
hd008286,dh009866,03/01/2026,27/02/2026,556890000.0,556890000.0,0.0
HD008287,DH004900,03/01/2026,18/01/2026,18811400.0,18811400.0,0.0
hd008288,DH009269,04/01/2026,19/01/2026,2246000.0,2246000.0,0.0
HD008289,dh008237,04/01/2026,12/01/2026,8296200.0,8296200.0,0.0
hd008290,dh002807,03/01/2026,16/01/2026,12550500.0,10541200.0,2009300.0
hd008291,,06/01/2026,15/01/2026,3626100.0,3626100.0,0.0
hd008292,dh007195,05/01/2026,02/03/2026,260125000.0,260125000.0,0.0
HD008293,dh009298,2026-01-06,20/01/2026,8234000.0,8234000.0,0.0
hd008294,DH004299,03/01/2026,11/01/2026,1285200.0,1285200.0,0.0
hd008295,dh010810,03/01/2026,15/01/2026,3428000.0,3428000.0,0.0
HD008296,dh002604,04/01/2026,12/01/2026,1386000.0,1386000.0,0.0
hd008297,dh009886,07/01/2026,01/03/2026,360024600.0,250144800.0,109879800.0
hd008298,dh002292,06/01/2026,14/01/2026,8899600.0,8899600.0,0.0
hd008299,dh000078,04/01/2026,18/01/2026,2164200.0,2164200.0,0.0
HD008300,dh008471,04/01/2026,09/03/2026,332771600.0,332771600.0,0.0
hd008301,,06/01/2026,21/01/2026,970200.0,970200.0,0.0
HD008302,dh006598,06/01/2026,04/04/2026,462370800.0,50019100.0,412351700.0
hd008303,dh000611,06/01/2026,28/03/2026,143228400.0,143228400.0,0.0
hd008304,dh009802,07/01/2026,19/01/2026,115000.0,115000.0,0.0
hd008305,dh003530,05/01/2026,28/02/2026,262453300.0,262453300.0,0.0
hd008306,dh005528,06/01/2026,14/01/2026,1460000.0,1460000.0,0.0
hd008307,dh000815,07/01/2026,28/03/2026,395611200.0,395611200.0,0.0
HD008308,dh009587,04/01/2026,29/03/2026,93802200.0,76824900.0,16977300.0
HD008309,dh007136,05/01/2026,15/01/2026,2181000.0,2181000.0,0.0
hd008310,dh001973,04/01/2026,13/01/2026,1667200.0,1667200.0,0.0
HD008311,dh009351,05/01/2026,15/01/2026,3652000.0,3652000.0,0.0
HD008312,dh003287,06/01/2026,03/04/2026,44736100.0,44736100.0,0.0
hd008313,dh009454,05/01/2026,18/01/2026,5135200.0,5135200.0,0.0
hd008314,dh008427,08/01/2026,20/01/2026,626400.0,626400.0,0.0
hd008315,dh009664,06/01/2026,21/01/2026,12651600.0,12651600.0,0.0
hd008316,dh002538,08/01/2026,21/01/2026,2534500.0,2534500.0,0.0
hd008317,dh000591,05/01/2026,21/03/2026,653483200.0,105790700.0,547692500.0
hd008318,DH009022,06/01/2026,16/01/2026,1319800.0,1319800.0,0.0
HD008319,dh010790,08/01/2026,23/03/2026,848887500.0,848887500.0,0.0
hd008320,dh011436,08/01/2026,18/01/2026,260000.0,260000.0,0.0
hd008321,dh004735,05/01/2026,12/01/2026,105000.0,105000.0,0.0
hd008322,dh010021,08/01/2026,20/01/2026,279000.0,5400.0,273600.0
HD008323,dh004724,07/01/2026,06/04/2026,535125800.0,84987600.0,450138200.0
HD008324,dh002332,06/01/2026,16/01/2026,7382400.0,7382400.0,0.0
hd008325,DH900007,07/01/2026,04/03/2026,393900600.0,86707100.0,307193500.0
hd008326,dh008460,06/01/2026,14/01/2026,1980000.0,1980000.0,0.0
hd008327,dh010161,06/01/2026,15/03/2026,261890800.0,261890800.0,0.0
hd008328,dh004174,08/01/2026,09/03/2026,1055629800.0,1055629800.0,0.0
hd008329,dh006103,08/01/2026,12/03/2026,205788600.0,205788600.0,0.0
hd008330,dh010501,08/01/2026,01/20/2026,2808200.0,2716800.0,91400.0
hd008331,dh011425,06/01/2026,21/02/2026,170106400.0,170106400.0,0.0
HD008332,DH900005,08/01/2026,19/03/2026,99040800.0,18657700.0,80383100.0
HD008333,DH900009,07/01/2026,24/02/2026,47496200.0,7568000.0,39928200.0
hd008334,dh005988,05/01/2026,04/04/2026,149360200.0,17436400.0,131923800.0
HD008335,dh005764,07/01/2026,06/04/2026,742234000.0,742234000.0,0.0
HD008336,dh003532,06/01/2026,04/04/2026,232744000.0,160310100.0,72433900.0
hd008337,dh007147,07/01/2026,18/01/2026,7976000.0,7976000.0,0.0
hd008338,dh010023,09/01/2026,16/01/2026,3144300.0,3144300.0,0.0
hd008339,dh009590,09/01/2026,18/03/2026,933379600.0,933379600.0,0.0
hd008340,dh010663,08/01/2026,02/04/2026,795885700.0,520097200.0,275788500.0
hd008341,dh004721,08/01/2026,15/03/2026,523734600.0,243474100.0,280260500.0
HD008342,dh002875,08/01/2026,19/01/2026,3438000.0,3438000.0,0.0
hd008343,dh006341,09/01/2026,22/01/2026,917100.0,472400.0,444700.0
hd008344,dh001417,06/01/2026,17/01/2026,10353700.0,10353700.0,0.0
HD008345,dh009098,07/01/2026,17/01/2026,2178000.0,2178000.0,0.0
hd008346,DH900001,06/01/2026,20/01/2026,12638400.0,12638400.0,0.0
hd008347,dh001103,07/01/2026,21/01/2026,1257200.0,1257200.0,0.0
HD008348,dh001645,08/01/2026,19/01/2026,171000.0,171000.0,0.0
hd008349,dh009331,07/01/2026,26/03/2026,200371700.0,200371700.0,0.0
hd008350,dh000095,07/01/2026,29/03/2026,769055900.0,336307800.0,432748100.0
hd008351,dh011157,08/01/2026,28/02/2026,226552800.0,83392100.0,143160700.0
HD008352,dh004569,01/06/2026,24/02/2026,208062400.0,208062400.0,0.0
hd008353,dh008314,09/01/2026,21/03/2026,106422600.0,106422600.0,0.0
hd008354,dh004872,08/01/2026,21/01/2026,3793200.0,3793200.0,0.0
HD008355,dh003893,09/01/2026,04/03/2026,224421400.0,136675300.0,87746100.0
HD008356,dh006920,08/01/2026,16/03/2026,189290200.0,141496100.0,47794100.0
hd008357,dh003892,09/01/2026,24/01/2026,470000.0,470000.0,0.0
hd008358,dh004035,08/01/2026,15/03/2026,135152400.0,95344000.0,39808400.0
hd008359,dh004441,06/01/2026,26/02/2026,136543600.0,136543600.0,0.0
hd008360,dh005653,07/01/2026,21/01/2026,2192000.0,886900.0,1305100.0
HD008361,dh006621,06/01/2026,28/03/2026,1035980700.0,153369300.0,882611400.0
hd008362,DH009934,07/01/2026,24/02/2026,327349200.0,48513000.0,278836200.0
hd008363,dh001729,08/01/2026,01/04/2026,137948200.0,137948200.0,0.0
HD008364,dh011313,07/01/2026,18/01/2026,584000.0,584000.0,0.0
hd008365,dh003930,10/01/2026,25/02/2026,445223400.0,445223400.0,0.0
hd008366,dh009694,08/01/2026,04/03/2026,193475000.0,135752800.0,57722200.0
hd008367,dh002117,09/01/2026,16/03/2026,218845600.0,218845600.0,0.0
hd008368,dh011027,08/01/2026,30/03/2026,292872300.0,114303600.0,178568700.0
hd008369,dh001578,08/01/2026,23/01/2026,9651200.0,9651200.0,0.0
hd008370,dh002296,09/01/2026,17/01/2026,114800.0,114800.0,0.0
hd008371,dh005667,09/01/2026,18/01/2026,190000.0,190000.0,0.0
hd008372,,09/01/2026,13/03/2026,659029000.0,503417000.0,155612000.0
hd008373,dh008169,10/01/2026,22/01/2026,11764800.0,11764800.0,0.0
hd008374,DH900000,08/01/2026,20/01/2026,1584000.0,1584000.0,0.0
HD008375,dh011716,09/01/2026,23/01/2026,5746200.0,3390800.0,2355400.0
HD008376,dh004509,09/01/2026,23/01/2026,2250000.0,2250000.0,0.0
hd008377,dh002584,09/01/2026,18/01/2026,1050000.0,1050000.0,0.0
HD008378,DH900006,09/01/2026,17/01/2026,1599700.0,1075100.0,524600.0
HD008379,dh008378,10/01/2026,05/03/2026,139527300.0,97545100.0,41982200.0
hd008380,dh009774,2026-01-07,28/02/2026,903423500.0,128743400.0,774680100.0
HD008381,dh003242,07/01/2026,15/03/2026,149912800.0,149912800.0,0.0
hd008382,DH009273,08/01/2026,21/03/2026,467128000.0,448638600.0,18489400.0
HD008383,dh004055,08/01/2026,08/04/2026,352014900.0,352014900.0,0.0
hd008384,DH007347,10/01/2026,13/03/2026,114846900.0,101219800.0,13627100.0
hd008385,dh007297,10/01/2026,25/01/2026,1147500.0,1147500.0,0.0
hd008386,dh001827,10/01/2026,18/03/2026,292077200.0,292077200.0,0.0
hd008387,dh010509,08/01/2026,16/01/2026,4647000.0,4647000.0,0.0
hd008388,dh009860,08/01/2026,31/03/2026,165668200.0,165668200.0,0.0
HD008389,dh011567,09/01/2026,18/01/2026,4269200.0,4269200.0,0.0
HD008390,DH001625,11/01/2026,03/04/2026,273670000.0,35887100.0,237782900.0
hd008391,dh006913,11/01/2026,28/03/2026,388108100.0,388108100.0,0.0
hd008392,dh000967,11/01/2026,11/04/2026,133509600.0,133509600.0,0.0
hd008393,dh001344,10/01/2026,21/03/2026,494317800.0,494317800.0,0.0
hd008394,dh010329,08/01/2026,18/01/2026,1644000.0,1644000.0,0.0
HD008395,dh003991,09/01/2026,07/04/2026,947434400.0,110220000.0,837214400.0
hd008396,dh002513,11/01/2026,01/03/2026,370876700.0,71117900.0,299758800.0
hd008397,dh009175,08/01/2026,18/01/2026,1883600.0,1883600.0,0.0
hd008398,dh002270,09/01/2026,27/02/2026,91657600.0,91657600.0,0.0
HD008399,dh001391,10/01/2026,23/01/2026,864000.0,864000.0,0.0
HD008400,DH005925,10/01/2026,21/01/2026,236000.0,236000.0,0.0
hd008401,dh002874,08/01/2026,23/02/2026,35570500.0,27866400.0,7704100.0
hd008402,dh001575,11/01/2026,01/03/2026,174951700.0,32392700.0,142559000.0
hd008403,dh006921,09/01/2026,20/01/2026,8913200.0,8831300.0,81900.0
hd008404,DH003904,08/01/2026,20/01/2026,739500.0,739500.0,0.0
hd008405,dh008825,11/01/2026,31/03/2026,773823800.0,773823800.0,0.0
hd008406,dh011392,08/01/2026,24/03/2026,103288000.0,103288000.0,0.0
hd008407,dh008687,09/01/2026,23/01/2026,6489000.0,6489000.0,0.0
hd008408,dh009627,10/01/2026,17/01/2026,2397500.0,2397500.0,0.0
hd008409,dh005819,10/01/2026,25/01/2026,1370000.0,1370000.0,0.0
hd008410,DH007658,10/01/2026,19/01/2026,1690000.0,1664200.0,25800.0
hd008411,,10/01/2026,20/01/2026,1890000.0,1890000.0,0.0
hd008412,dh010433,12/01/2026,19/01/2026,2157300.0,2157300.0,0.0
hd008413,dh011240,10/01/2026,22/01/2026,558000.0,558000.0,0.0
HD008414,dh002204,2026-01-09,12/03/2026,105030000.0,46826500.0,58203500.0
hd008415,,10/01/2026,14/03/2026,98486000.0,74651200.0,23834800.0
hd008416,,10/01/2026,19/01/2026,4750000.0,4750000.0,0.0
hd008417,dh006687,11/01/2026,25/01/2026,54000.0,54000.0,0.0
hd008418,dh010166,12/01/2026,10/04/2026,291708000.0,91582200.0,200125800.0
hd008419,dh002386,11/01/2026,26/02/2026,384943700.0,189187700.0,195756000.0
hd008420,dh005683,12/01/2026,28/02/2026,142630900.0,52078800.0,90552100.0
hd008421,dh010216,11/01/2026,20/01/2026,1685000.0,1685000.0,0.0
hd008422,DH900001,09/01/2026,08/04/2026,239300000.0,239300000.0,0.0
hd008423,dh001052,09/01/2026,06/03/2026,78557000.0,78557000.0,0.0
hd008424,DH003409,11/01/2026,26/01/2026,3689000.0,1746400.0,1942600.0
hd008425,dh006880,01/11/2026,19/01/2026,4577100.0,4577100.0,0.0
hd008426,dh006106,12/01/2026,25/01/2026,7040000.0,7040000.0,0.0
HD008427,dh006707,12/01/2026,27/01/2026,12826400.0,12826400.0,0.0
hd008428,dh009780,13/01/2026,20/01/2026,323000.0,323000.0,0.0
hd008429,dh002283,11/01/2026,10/03/2026,350050400.0,126109800.0,223940600.0
hd008430,dh002465,13/01/2026,20/03/2026,99427700.0,36737000.0,62690700.0
hd008431,dh006600,13/01/2026,10/03/2026,337613000.0,245642300.0,91970700.0
hd008432,dh008790,10/01/2026,03/04/2026,611272700.0,29241300.0,582031400.0
HD008433,dh011663,11/01/2026,07/04/2026,514406500.0,514406500.0,0.0
hd008434,dh007469,11/01/2026,22/01/2026,14488200.0,9222800.0,5265400.0
hd008435,dh000012,10/01/2026,18/01/2026,330000.0,330000.0,0.0
hd008436,dh007605,12/01/2026,17/03/2026,153162000.0,94404400.0,58757600.0
hd008437,dh007647,12/01/2026,21/01/2026,4239000.0,4239000.0,0.0
hd008438,dh003358,11/01/2026,22/03/2026,486762400.0,486762400.0,0.0
hd008439,dh006727,12/01/2026,27/02/2026,601519600.0,601519600.0,0.0
HD008440,dh001284,12/01/2026,23/03/2026,751985600.0,751985600.0,0.0
HD008441,dh005286,12/01/2026,24/01/2026,5727300.0,5727300.0,0.0
hd008442,dh007287,10/01/2026,21/01/2026,5642300.0,5642300.0,0.0
hd008443,dh004485,12/01/2026,16/03/2026,724193000.0,724193000.0,0.0
hd008444,dh006856,13/01/2026,04/03/2026,288109600.0,75687200.0,212422400.0
hd008445,DH900008,10/01/2026,01/20/2026,414000.0,363100.0,50900.0
hd008446,dh005012,10/01/2026,17/03/2026,146820600.0,3058100.0,143762500.0
hd008447,dh003592,13/01/2026,09/04/2026,510753800.0,299081900.0,211671900.0
hd008448,dh007173,13/01/2026,24/01/2026,127000.0,127000.0,0.0
hd008449,dh005181,11/01/2026,11/04/2026,127747700.0,59972600.0,67775100.0
hd008450,DH900008,13/01/2026,13/04/2026,389264300.0,123752600.0,265511700.0
hd008451,dh000914,12/01/2026,23/01/2026,12302300.0,12302300.0,0.0
hd008452,DH006792,13/01/2026,20/01/2026,5386500.0,5386500.0,0.0
hd008453,dh007212,11/01/2026,26/01/2026,2739000.0,2739000.0,0.0
hd008454,dh006257,13/01/2026,06/04/2026,760571500.0,95149300.0,665422200.0
hd008455,DH900002,13/01/2026,23/03/2026,976341400.0,472688400.0,503653000.0
hd008456,dh001949,2026-01-12,21/01/2026,3994600.0,3994600.0,0.0
hd008457,dh005540,14/01/2026,22/01/2026,4743600.0,4743600.0,0.0
HD008458,dh002247,13/01/2026,24/01/2026,1032000.0,1032000.0,0.0
hd008459,dh000220,14/01/2026,01/04/2026,313457000.0,155981700.0,157475300.0
hd008460,dh000768,12/01/2026,20/01/2026,23081000.0,23081000.0,0.0
hd008461,DH009896,11/01/2026,18/01/2026,131400.0,131400.0,0.0
hd008462,dh003587,14/01/2026,01/28/2026,3330000.0,3330000.0,0.0
hd008463,dh010993,14/01/2026,24/01/2026,11421400.0,11421400.0,0.0
hd008464,dh005518,14/01/2026,29/01/2026,4058000.0,2661300.0,1396700.0
hd008465,dh005020,13/01/2026,04/04/2026,231024300.0,102133300.0,128891000.0
HD008466,dh004591,13/01/2026,24/01/2026,1308200.0,1308200.0,0.0
hd008467,dh000506,12/01/2026,24/01/2026,5736000.0,5736000.0,0.0
hd008468,dh006238,15/01/2026,10/03/2026,367132800.0,367132800.0,0.0
hd008469,dh007852,14/01/2026,27/01/2026,1590000.0,1590000.0,0.0
HD008470,DH007305,12/01/2026,06/04/2026,315624400.0,195277300.0,120347100.0
hd008471,dh002503,15/01/2026,28/03/2026,727627400.0,727627400.0,0.0
HD008472,dh011348,14/01/2026,27/01/2026,8065900.0,8065900.0,0.0
hd008473,dh011639,13/01/2026,12/03/2026,170335600.0,147272900.0,23062700.0
hd008474,dh002929,14/01/2026,09/04/2026,189193000.0,12102300.0,177090700.0
hd008475,dh002500,14/01/2026,25/01/2026,16473600.0,16473600.0,0.0
HD008476,dh000009,13/01/2026,13/03/2026,458102000.0,458102000.0,0.0
hd008477,dh006085,14/01/2026,26/03/2026,281174100.0,175654100.0,105520000.0
hd008478,dh010725,12/01/2026,27/01/2026,159800.0,159800.0,0.0
hd008479,dh001099,14/01/2026,09/03/2026,320449700.0,233843100.0,86606600.0
hd008480,DH010087,14/01/2026,10/03/2026,609906600.0,50860900.0,559045700.0
hd008481,dh007336,13/01/2026,25/01/2026,979200.0,979200.0,0.0
hd008482,dh003702,12/01/2026,01/03/2026,739095700.0,739095700.0,0.0
hd008483,,13/01/2026,20/01/2026,3151900.0,2030500.0,1121400.0
hd008484,dh003015,15/01/2026,03/25/2026,179316000.0,123205900.0,56110100.0
hd008485,dh008035,15/01/2026,03/04/2026,638251300.0,638251300.0,0.0
hd008486,,12/01/2026,24/01/2026,3705000.0,3705000.0,0.0
hd008487,DH009054,12/01/2026,01/03/2026,246167000.0,227822200.0,18344800.0
HD008488,DH005719,16/01/2026,31/01/2026,3987400.0,3987400.0,0.0
hd008489,dh007385,13/01/2026,02/04/2026,333408200.0,333408200.0,0.0
HD008490,dh010834,13/01/2026,13/04/2026,437401100.0,437401100.0,0.0
hd008491,dh006420,16/01/2026,2026-03-08,443555600.0,443555600.0,0.0
HD008492,dh002983,15/01/2026,30/01/2026,520000.0,401800.0,118200.0
hd008493,dh000507,15/01/2026,23/01/2026,5400000.0,5400000.0,0.0
HD008494,DH001937,15/01/2026,30/03/2026,514258300.0,514258300.0,0.0
hd008495,dh011418,16/01/2026,02/04/2026,334395200.0,204558100.0,129837100.0
hd008496,dh001865,14/01/2026,29/01/2026,2917400.0,2917400.0,0.0
hd008497,dh011441,14/01/2026,26/01/2026,218700.0,218700.0,0.0
hd008498,dh004847,13/01/2026,22/01/2026,5484100.0,5484100.0,0.0
hd008499,dh002652,15/01/2026,29/01/2026,2216400.0,2174200.0,42200.0
hd008500,dh004461,15/01/2026,13/03/2026,233576600.0,195007800.0,38568800.0
hd008501,dh001201,15/01/2026,28/01/2026,4292000.0,4292000.0,0.0
HD008502,dh002746,13/01/2026,11/04/2026,426543400.0,81020500.0,345522900.0
hd008503,dh008046,16/01/2026,2026-01-25,7866400.0,7866400.0,0.0
HD008504,dh004719,15/01/2026,14/04/2026,606824800.0,218901700.0,387923100.0
hd008505,dh010503,15/01/2026,25/01/2026,217600.0,217600.0,0.0
hd008506,dh011870,15/01/2026,27/01/2026,7796000.0,5580100.0,2215900.0
HD008507,dh001883,16/01/2026,27/01/2026,1692000.0,1692000.0,0.0
hd008508,dh006702,16/01/2026,13/04/2026,566705800.0,20439200.0,546266600.0
hd008509,dh003788,16/01/2026,14/04/2026,188968000.0,95653800.0,93314200.0
hd008510,dh009265,15/01/2026,25/01/2026,5733000.0,5733000.0,0.0
hd008511,dh009848,16/01/2026,31/01/2026,8607000.0,8607000.0,0.0
hd008512,dh001619,13/01/2026,04/03/2026,541384000.0,3035800.0,538348200.0
hd008513,dh010154,13/01/2026,23/01/2026,1505800.0,1505800.0,0.0
HD008514,dh000211,15/01/2026,06/04/2026,734620100.0,517845800.0,216774300.0
HD008515,dh001282,15/01/2026,02/03/2026,208730300.0,105425400.0,103304900.0
hd008516,DH008323,2026-01-15,23/03/2026,545414200.0,545414200.0,0.0
hd008517,dh003682,16/01/2026,28/01/2026,1086300.0,1086300.0,0.0
hd008518,dh010225,16/01/2026,06/04/2026,223628300.0,150009100.0,73619200.0
hd008519,dh007264,15/01/2026,16/03/2026,127763600.0,127763600.0,0.0
hd008520,dh002651,17/01/2026,01/02/2026,3327300.0,3327300.0,0.0
hd008521,dh002251,17/01/2026,17/03/2026,787281800.0,695250500.0,92031300.0
hd008522,dh007667,2026-01-15,23/01/2026,9945000.0,9945000.0,0.0
hd008523,dh004630,14/01/2026,04/03/2026,650691600.0,650691600.0,0.0
HD008524,dh008617,16/01/2026,15/03/2026,302037800.0,117140700.0,184897100.0
hd008525,dh000006,16/01/2026,27/01/2026,726800.0,726800.0,0.0
hd008526,dh002587,17/01/2026,23/03/2026,335647400.0,281380200.0,54267200.0
hd008527,dh004023,14/01/2026,19/03/2026,344443000.0,344443000.0,0.0
hd008528,DH003784,14/01/2026,22/03/2026,272377200.0,272377200.0,0.0
hd008529,dh005031,15/01/2026,24/01/2026,4258800.0,4258800.0,0.0
hd008530,,17/01/2026,15/03/2026,131136000.0,98825900.0,32310100.0
hd008531,dh001221,15/01/2026,30/01/2026,4365000.0,4365000.0,0.0
hd008532,DH000598,16/01/2026,04/03/2026,332724400.0,265070800.0,67653600.0
hd008533,dh003050,17/01/2026,03/04/2026,185234000.0,76893500.0,108340500.0
hd008534,DH003531,15/01/2026,22/01/2026,2835000.0,2835000.0,0.0
hd008535,dh002106,16/01/2026,24/01/2026,1100400.0,1100400.0,0.0
HD008536,dh007564,14/01/2026,08/03/2026,123548600.0,52798400.0,70750200.0
hd008537,dh005344,15/01/2026,08/04/2026,165932800.0,22914400.0,143018400.0
hd008538,DH011409,15/01/2026,13/03/2026,737710800.0,737710800.0,0.0
hd008539,dh011064,18/01/2026,18/03/2026,311106200.0,311106200.0,0.0
HD008540,dh000274,17/01/2026,28/01/2026,8547000.0,5402400.0,3144600.0
HD008541,dh010243,16/01/2026,05/03/2026,597421400.0,597421400.0,0.0
hd008542,dh001756,2026-01-15,22/01/2026,2771000.0,2771000.0,0.0
HD008543,dh011264,01/17/2026,2026-03-18,695004600.0,618659300.0,76345300.0
HD008544,dh003435,15/01/2026,25/01/2026,1533400.0,1533400.0,0.0
hd008545,dh006123,16/01/2026,16/03/2026,403155000.0,403155000.0,0.0
hd008546,dh003602,17/01/2026,31/01/2026,4351500.0,4048500.0,303000.0
hd008547,,15/01/2026,14/04/2026,304100200.0,304100200.0,0.0
hd008548,dh008646,15/01/2026,23/01/2026,1242000.0,1242000.0,0.0
hd008549,dh001432,18/01/2026,27/01/2026,4317000.0,4317000.0,0.0
hd008550,dh004608,17/01/2026,03/04/2026,233413500.0,233413500.0,0.0
hd008551,dh005814,17/01/2026,30/01/2026,1009800.0,1009800.0,0.0
hd008552,dh000843,15/01/2026,25/01/2026,12012000.0,6634000.0,5378000.0
HD008553,,16/01/2026,04/03/2026,350271600.0,222014000.0,128257600.0
hd008554,dh004054,15/01/2026,17/03/2026,362292800.0,349958800.0,12334000.0
hd008555,dh010335,17/01/2026,29/03/2026,40404200.0,14434000.0,25970200.0
hd008556,dh008369,17/01/2026,31/03/2026,331383000.0,331383000.0,0.0
HD008557,dh009226,17/01/2026,26/01/2026,165300.0,165300.0,0.0
HD008558,dh000434,15/01/2026,28/01/2026,21737100.0,21737100.0,0.0
hd008559,dh004041,15/01/2026,04/03/2026,417524100.0,172894500.0,244629600.0
HD008560,dh009838,18/01/2026,10/04/2026,337668800.0,337668800.0,0.0
hd008561,DH000710,18/01/2026,02/02/2026,1880200.0,1880200.0,0.0
hd008562,dh006496,18/01/2026,30/01/2026,12180000.0,12180000.0,0.0
hd008563,dh008122,18/01/2026,30/01/2026,891100.0,891100.0,0.0
hd008564,dh005369,16/01/2026,29/01/2026,1609300.0,1609300.0,0.0
hd008565,dh008243,17/01/2026,27/01/2026,2744300.0,2744300.0,0.0
hd008566,dh000196,18/01/2026,09/04/2026,397268800.0,104358400.0,292910400.0
hd008567,dh002799,18/01/2026,2026-01-28,1332800.0,1332800.0,0.0
hd008568,dh006951,17/01/2026,27/01/2026,4632800.0,4632800.0,0.0
hd008569,dh002249,19/01/2026,05/04/2026,572650000.0,572650000.0,0.0
hd008570,dh008114,19/01/2026,29/01/2026,7725900.0,1152600.0,6573300.0
hd008571,dh009967,18/01/2026,10/03/2026,170462200.0,168118200.0,2344000.0
hd008572,dh005919,19/01/2026,30/01/2026,7274100.0,7274100.0,0.0
hd008573,dh006868,17/01/2026,27/01/2026,4220100.0,4220100.0,0.0
hd008574,dh002183,19/01/2026,02/02/2026,896000.0,10100.0,885900.0
hd008575,dh004734,18/01/2026,05/03/2026,403038600.0,318263200.0,84775400.0
HD008576,dh010913,19/01/2026,27/01/2026,5753600.0,5753600.0,0.0
hd008577,DH007547,19/01/2026,27/03/2026,265430500.0,265430500.0,0.0
hd008578,DH006195,19/01/2026,27/01/2026,3141000.0,3141000.0,0.0
hd008579,DH003570,20/01/2026,17/04/2026,505517700.0,505517700.0,0.0
hd008580,,19/01/2026,03/02/2026,10335200.0,10335200.0,0.0
hd008581,dh005494,2026-01-19,09/04/2026,174468800.0,82151300.0,92317500.0
hd008582,DH003319,17/01/2026,14/03/2026,96054700.0,42871600.0,53183100.0
hd008583,dh002325,18/01/2026,23/03/2026,352399400.0,145991400.0,206408000.0
hd008584,dh001119,20/01/2026,27/01/2026,11472400.0,11472400.0,0.0
hd008585,dh000239,19/01/2026,21/03/2026,336470000.0,232414400.0,104055600.0
hd008586,dh002842,20/01/2026,01/02/2026,4229600.0,4229600.0,0.0
hd008587,dh009165,18/01/2026,26/01/2026,4650000.0,4650000.0,0.0
hd008588,DH005527,17/01/2026,05/04/2026,334485200.0,223304300.0,111180900.0
hd008589,dh009328,20/01/2026,04/02/2026,13996700.0,13996700.0,0.0
HD008590,dh011152,21/01/2026,28/01/2026,618000.0,618000.0,0.0
hd008591,dh004801,19/01/2026,13/03/2026,485866400.0,401926100.0,83940300.0
HD008592,dh007907,19/01/2026,23/03/2026,216201000.0,216201000.0,0.0
hd008593,dh002942,20/01/2026,12/04/2026,240981000.0,210241700.0,30739300.0
hd008594,dh006080,20/01/2026,01/02/2026,712500.0,712500.0,0.0
hd008595,dh009997,18/01/2026,25/03/2026,436801500.0,134986400.0,301815100.0
hd008596,dh005042,18/01/2026,31/03/2026,160236500.0,19804200.0,140432300.0
hd008597,dh010109,20/01/2026,27/01/2026,9837000.0,2483500.0,7353500.0
hd008598,dh002318,21/01/2026,2026-04-05,199027000.0,90575000.0,108452000.0
hd008599,dh009556,19/01/2026,29/01/2026,40500.0,8100.0,32400.0
hd008600,,19/01/2026,02/03/2026,2975000.0,2975000.0,0.0
hd008601,dh004681,20/01/2026,09/03/2026,208801000.0,13110200.0,195690800.0
hd008602,dh006735,18/01/2026,02/02/2026,6251000.0,6251000.0,0.0
hd008603,dh000888,20/01/2026,01/31/2026,12432800.0,12432800.0,0.0
hd008604,dh006218,20/01/2026,16/04/2026,171054600.0,171054600.0,0.0
hd008605,dh004099,20/01/2026,27/01/2026,773500.0,773500.0,0.0
hd008606,dh007561,22/01/2026,06/04/2026,370868400.0,35894800.0,334973600.0
hd008607,dh007262,21/01/2026,29/01/2026,16693800.0,16693800.0,0.0
hd008608,dh002086,22/01/2026,2026-01-30,534000.0,534000.0,0.0
hd008609,dh003384,22/01/2026,13/04/2026,137701500.0,86295900.0,51405600.0
hd008610,,20/01/2026,14/04/2026,483450500.0,189173800.0,294276700.0
hd008611,dh008272,20/01/2026,23/03/2026,66226800.0,27366600.0,38860200.0
hd008612,dh005589,20/01/2026,29/01/2026,9436600.0,9436600.0,0.0
hd008613,dh004293,19/01/2026,02/02/2026,4004600.0,4004600.0,0.0
hd008614,dh006102,22/01/2026,06/04/2026,509185200.0,80707600.0,428477600.0
HD008615,dh009479,21/01/2026,31/01/2026,8369700.0,8369700.0,0.0
HD008616,dh001043,21/01/2026,02/02/2026,10562400.0,10562400.0,0.0
hd008617,dh002008,19/01/2026,01/02/2026,2230000.0,2230000.0,0.0
HD008618,dh004925,19/01/2026,03/02/2026,4165000.0,4165000.0,0.0
hd008619,dh006905,20/01/2026,02/04/2026,276477100.0,276477100.0,0.0
hd008620,dh009912,19/01/2026,26/01/2026,2709100.0,2181700.0,527400.0
hd008621,dh005630,21/01/2026,28/01/2026,1808000.0,1218800.0,589200.0
HD008622,dh002382,21/01/2026,18/03/2026,102615900.0,102615900.0,0.0
hd008623,dh010294,19/01/2026,30/03/2026,519117000.0,519117000.0,0.0
hd008624,dh004253,21/01/2026,07/03/2026,686195800.0,686195800.0,0.0
HD008625,dh010347,22/01/2026,03/02/2026,2898700.0,2533600.0,365100.0
hd008626,DH006516,20/01/2026,03/02/2026,1766000.0,1198200.0,567800.0
hd008627,dh010081,21/01/2026,10/03/2026,279627000.0,274876100.0,4750900.0
hd008628,dh005558,19/01/2026,2026-01-31,180000.0,180000.0,0.0
HD008629,dh011928,21/01/2026,01/02/2026,1651200.0,1651200.0,0.0
HD008630,DH008528,23/01/2026,04/02/2026,6492000.0,6016400.0,475600.0
hd008631,DH900003,20/01/2026,20/04/2026,304819300.0,304819300.0,0.0
hd008632,dh009249,22/01/2026,11/03/2026,233560200.0,212051600.0,21508600.0
hd008633,DH011278,22/01/2026,02/02/2026,6461700.0,6461700.0,0.0
hd008634,dh006501,23/01/2026,19/03/2026,318057200.0,318057200.0,0.0
hd008635,dh010010,23/01/2026,03/02/2026,227100.0,227100.0,0.0
hd008636,dh011578,21/01/2026,2026-01-31,1461100.0,1461100.0,0.0
hd008637,dh008118,2026-01-20,20/04/2026,482735900.0,268033900.0,214702000.0
hd008638,dh005281,21/01/2026,24/03/2026,259159200.0,91195000.0,167964200.0
hd008639,dh008649,22/01/2026,06/02/2026,4628000.0,4628000.0,0.0
hd008640,dh011673,21/01/2026,10/04/2026,46871000.0,46871000.0,0.0
HD008641,dh007099,22/01/2026,03/02/2026,714000.0,714000.0,0.0
hd008642,dh010831,21/01/2026,25/03/2026,323630000.0,323630000.0,0.0
hd008643,dh005261,23/01/2026,2026-02-07,7228000.0,7228000.0,0.0
hd008644,dh008213,21/01/2026,14/03/2026,785612700.0,605840000.0,179772700.0
hd008645,dh009914,23/01/2026,18/03/2026,709217800.0,35553100.0,673664700.0
hd008646,dh000946,23/01/2026,03/02/2026,1732800.0,1732800.0,0.0
hd008647,dh009455,20/01/2026,01/02/2026,10606000.0,10606000.0,0.0
HD008648,dh008744,20/01/2026,01/02/2026,3260400.0,3260400.0,0.0
hd008649,dh005984,20/01/2026,02/02/2026,2038000.0,1410200.0,627800.0
HD008650,dh010977,23/01/2026,30/01/2026,384000.0,384000.0,0.0
hd008651,dh011144,21/01/2026,04/04/2026,380646000.0,325933000.0,54713000.0
HD008652,dh000774,24/01/2026,14/03/2026,780639000.0,780639000.0,0.0
hd008653,dh001621,21/01/2026,15/04/2026,923798400.0,923798400.0,0.0
hd008654,dh008985,24/01/2026,12/04/2026,207314700.0,174031100.0,33283600.0
hd008655,dh002837,23/01/2026,07/02/2026,1430800.0,1186000.0,244800.0
hd008656,dh006177,21/01/2026,15/03/2026,362356300.0,298433300.0,63923000.0
hd008657,dh011276,24/01/2026,04/02/2026,1353200.0,1353200.0,0.0
hd008658,dh006635,23/01/2026,08/04/2026,107923600.0,102124200.0,5799400.0
hd008659,dh001700,21/01/2026,28/01/2026,3294600.0,3294600.0,0.0
hd008660,dh005327,23/01/2026,04/04/2026,519523000.0,95035000.0,424488000.0
HD008661,dh007886,23/01/2026,15/03/2026,697553000.0,697553000.0,0.0
HD008662,dh005836,23/01/2026,30/01/2026,402000.0,402000.0,0.0
HD008663,dh009680,25/01/2026,25/04/2026,588929900.0,307739900.0,281190000.0
hd008664,dh009883,25/01/2026,01/04/2026,102577300.0,19446600.0,83130700.0
hd008665,DH007361,22/01/2026,17/03/2026,322807800.0,256734900.0,66072900.0
hd008666,dh002910,24/01/2026,21/04/2026,437755500.0,83375900.0,354379600.0
HD008667,dh011882,25/01/2026,06/02/2026,13006500.0,13006500.0,0.0
hd008668,dh009548,22/01/2026,27/03/2026,279929300.0,279929300.0,0.0
HD008669,dh003048,25/01/2026,03/02/2026,15066000.0,15066000.0,0.0
hd008670,dh008084,23/01/2026,19/03/2026,238277800.0,209674900.0,28602900.0
hd008671,dh005563,24/01/2026,18/03/2026,128466800.0,128466800.0,0.0
hd008672,dh007372,25/01/2026,05/04/2026,509833900.0,509833900.0,0.0
hd008673,dh005716,22/01/2026,08/03/2026,183605700.0,173944100.0,9661600.0
HD008674,dh000008,22/01/2026,03/02/2026,2002300.0,2002300.0,0.0
hd008675,dh001962,25/01/2026,06/02/2026,5721300.0,5721300.0,0.0
hd008676,DH005677,22/01/2026,02/02/2026,11106000.0,11106000.0,0.0
hd008677,dh008331,2026-01-24,19/03/2026,293277800.0,32228700.0,261049100.0
hd008678,dh005963,23/01/2026,04/02/2026,1242700.0,1242700.0,0.0
hd008679,dh002315,25/01/2026,06/02/2026,122000.0,122000.0,0.0
hd008680,dh011606,22/01/2026,21/03/2026,259777400.0,200826000.0,58951400.0
HD008681,dh005110,24/01/2026,06/02/2026,2107200.0,2107200.0,0.0
hd008682,dh007322,24/01/2026,17/03/2026,176101200.0,146971000.0,29130200.0
hd008683,DH004436,25/01/2026,05/02/2026,2418000.0,2418000.0,0.0
hd008684,dh007876,01/23/2026,06/04/2026,366194600.0,105584400.0,260610200.0
HD008685,dh010221,25/01/2026,02/02/2026,135000.0,26600.0,108400.0
hd008686,dh006542,26/01/2026,11/04/2026,187160900.0,187160900.0,0.0
hd008687,dh003461,23/01/2026,07/04/2026,227051700.0,227051700.0,0.0
hd008688,dh003861,26/01/2026,20/04/2026,638899400.0,638899400.0,0.0
hd008689,dh009041,23/01/2026,31/01/2026,2504000.0,2504000.0,0.0
hd008690,dh004899,23/01/2026,03/02/2026,60000.0,60000.0,0.0
hd008691,dh007218,26/01/2026,07/02/2026,332000.0,332000.0,0.0
HD008692,DH005678,25/01/2026,05/02/2026,4551000.0,4551000.0,0.0
hd008693,dh001975,26/01/2026,03/17/2026,260052600.0,211658200.0,48394400.0
hd008694,dh011047,23/01/2026,23/03/2026,96920800.0,80478900.0,16441900.0
hd008695,dh006916,25/01/2026,26/03/2026,310127800.0,36005800.0,274122000.0
hd008696,dh003596,24/01/2026,28/03/2026,166138200.0,166138200.0,0.0
hd008697,dh004643,26/01/2026,20/03/2026,654618100.0,372487900.0,282130200.0
hd008698,dh009692,23/01/2026,11/03/2026,755982400.0,396445700.0,359536700.0
hd008699,DH005098,26/01/2026,05/02/2026,5525400.0,5525400.0,0.0
hd008700,dh006699,24/01/2026,31/01/2026,4469800.0,4469800.0,0.0
hd008701,dh009575,25/01/2026,02/04/2026,116389000.0,116389000.0,0.0
HD008702,dh007494,26/01/2026,16/03/2026,771248500.0,234090400.0,537158100.0
hd008703,dh001899,25/01/2026,29/03/2026,358218100.0,63234000.0,294984100.0
hd008704,DH001303,26/01/2026,03/02/2026,3173300.0,3173300.0,0.0
hd008705,dh000781,23/01/2026,07/02/2026,8001100.0,8001100.0,0.0
HD008706,dh007731,25/01/2026,05/02/2026,8262000.0,8262000.0,0.0
hd008707,dh004541,26/01/2026,05/02/2026,22599600.0,22599600.0,0.0
hd008708,dh010595,01/25/2026,30/03/2026,346851000.0,199284200.0,147566800.0
HD008709,dh001330,26/01/2026,05/02/2026,1497600.0,1497600.0,0.0
hd008710,dh011551,25/01/2026,28/03/2026,227932000.0,227932000.0,0.0
hd008711,dh004539,27/01/2026,02/04/2026,376710800.0,376710800.0,0.0
hd008712,dh003381,25/01/2026,17/03/2026,661432600.0,223116100.0,438316500.0
HD008713,dh010065,27/01/2026,04/02/2026,4553000.0,4553000.0,0.0
hd008714,dh009850,24/01/2026,03/02/2026,1776800.0,1776800.0,0.0
hd008715,dh010366,24/01/2026,06/02/2026,3026800.0,3026800.0,0.0
HD008716,DH007393,27/01/2026,08/02/2026,81000.0,81000.0,0.0
HD008717,dh001246,25/01/2026,08/04/2026,122226600.0,41448600.0,80778000.0
HD008718,dh001023,25/01/2026,18/03/2026,620471200.0,620471200.0,0.0
HD008719,dh003673,27/01/2026,04/02/2026,9313600.0,9313600.0,0.0
hd008720,dh002649,25/01/2026,23/03/2026,128642200.0,128642200.0,0.0
hd008721,DH002205,26/01/2026,07/02/2026,950400.0,950400.0,0.0
hd008722,DH900007,26/01/2026,21/03/2026,66660600.0,65829700.0,830900.0
hd008723,dh011715,25/01/2026,08/02/2026,4015000.0,4015000.0,0.0
hd008724,DH900006,26/01/2026,03/02/2026,1518000.0,1518000.0,0.0
HD008725,DH005985,27/01/2026,07/04/2026,149480400.0,149480400.0,0.0
hd008726,dh010186,26/01/2026,27/03/2026,294063200.0,294063200.0,0.0
hd008727,dh002937,27/01/2026,05/02/2026,9509500.0,44400.0,9465100.0
HD008728,dh009035,27/01/2026,10/02/2026,1085100.0,1085100.0,0.0
hd008729,DH010091,27/01/2026,14/04/2026,738516000.0,617673700.0,120842300.0
hd008730,dh000758,27/01/2026,09/02/2026,68400.0,67300.0,1100.0
hd008731,dh002802,27/01/2026,2026-03-23,131375600.0,131375600.0,0.0
hd008732,dh010763,27/01/2026,10/02/2026,2132600.0,2132600.0,0.0
hd008733,dh005661,26/01/2026,02/04/2026,595470200.0,595470200.0,0.0
HD008734,DH007240,26/01/2026,2026-04-05,598898700.0,598898700.0,0.0
hd008735,dh004578,25/01/2026,07/02/2026,1577900.0,1577900.0,0.0
hd008736,DH001124,28/01/2026,07/04/2026,669888000.0,181730000.0,488158000.0
hd008737,dh007226,28/01/2026,09/02/2026,2016800.0,2016800.0,0.0
hd008738,,27/01/2026,03/02/2026,5340700.0,5340700.0,0.0
hd008739,dh007394,27/01/2026,06/02/2026,6153000.0,6153000.0,0.0
hd008740,dh000906,26/01/2026,07/02/2026,4035600.0,4035600.0,0.0
HD008741,dh008712,25/01/2026,20/03/2026,370296500.0,128886100.0,241410400.0
hd008742,dh003415,28/01/2026,23/03/2026,362780600.0,362780600.0,0.0
hd008743,dh010033,26/01/2026,07/04/2026,265685000.0,130066900.0,135618100.0
HD008744,dh011741,26/01/2026,06/02/2026,2968200.0,2968200.0,0.0
hd008745,dh002626,27/01/2026,08/02/2026,6154400.0,6154400.0,0.0
hd008746,dh003852,26/01/2026,13/03/2026,629475200.0,629475200.0,0.0
hd008747,dh010819,27/01/2026,04/02/2026,1499600.0,1499600.0,0.0
hd008748,dh009083,28/01/2026,04/04/2026,436319600.0,411341200.0,24978400.0
HD008749,DH003744,26/01/2026,10/02/2026,3064200.0,3064200.0,0.0
hd008750,dh000070,27/01/2026,18/03/2026,335981000.0,273509900.0,62471100.0
HD008751,dh001533,27/01/2026,17/03/2026,113729100.0,113729100.0,0.0
HD008752,dh005762,27/01/2026,11/02/2026,504900.0,60000.0,444900.0
hd008753,dh001626,27/01/2026,30/03/2026,377679800.0,377679800.0,0.0
hd008754,dh000991,28/01/2026,25/03/2026,161066400.0,161066400.0,0.0
hd008755,dh007059,29/01/2026,28/03/2026,509810600.0,393777800.0,116032800.0
hd008756,dh004416,28/01/2026,27/03/2026,42710700.0,42710700.0,0.0
hd008757,dh010121,29/01/2026,07/02/2026,832000.0,832000.0,0.0
hd008758,dh002168,29/01/2026,02/12/2026,182000.0,182000.0,0.0
hd008759,dh011154,28/01/2026,12/02/2026,605200.0,605200.0,0.0
hd008760,DH004593,28/01/2026,27/04/2026,283479300.0,283479300.0,0.0
hd008761,dh006728,27/01/2026,2026-02-06,4623600.0,4623600.0,0.0
HD008762,dh010451,27/01/2026,04/02/2026,691200.0,691200.0,0.0
HD008763,dh001528,27/01/2026,10/02/2026,2362800.0,2362800.0,0.0
hd008764,dh007854,28/01/2026,24/04/2026,554612400.0,501926100.0,52686300.0
hd008765,DH006412,26/01/2026,05/02/2026,2014000.0,2014000.0,0.0
hd008766,dh006674,26/01/2026,28/03/2026,480234900.0,480234900.0,0.0
hd008767,dh005897,30/01/2026,10/02/2026,629800.0,629800.0,0.0
hd008768,dh004004,30/01/2026,06/02/2026,2241400.0,1803400.0,438000.0
hd008769,dh000794,28/01/2026,05/02/2026,4859400.0,4859400.0,0.0
hd008770,dh003061,30/01/2026,25/03/2026,38383300.0,38383300.0,0.0
hd008771,dh009993,27/01/2026,16/04/2026,285452100.0,9528500.0,275923600.0
hd008772,dh000553,27/01/2026,08/02/2026,1290600.0,1290600.0,0.0
hd008773,dh004943,27/01/2026,04/02/2026,362500.0,362500.0,0.0
hd008774,dh003062,29/01/2026,22/03/2026,333539400.0,41078700.0,292460700.0
hd008775,dh008891,29/01/2026,05/02/2026,10620000.0,10620000.0,0.0
HD008776,dh005130,27/01/2026,15/03/2026,884797800.0,125122700.0,759675100.0
hd008777,dh010409,30/01/2026,28/04/2026,435750900.0,435750900.0,0.0
HD008778,dh006766,30/01/2026,02/08/2026,696800.0,696800.0,0.0
hd008779,dh006335,30/01/2026,11/02/2026,8043000.0,8043000.0,0.0
hd008780,dh003215,28/01/2026,24/03/2026,480559800.0,480559800.0,0.0
hd008781,dh006030,30/01/2026,07/02/2026,1554600.0,1554600.0,0.0
hd008782,dh007663,30/01/2026,08/02/2026,8286200.0,8286200.0,0.0
hd008783,dh002267,30/01/2026,13/02/2026,2732400.0,2732400.0,0.0
HD008784,dh007819,28/01/2026,11/04/2026,288387200.0,126828900.0,161558300.0
hd008785,dh010310,31/01/2026,23/03/2026,373933400.0,373933400.0,0.0
hd008786,dh005219,31/01/2026,05/04/2026,248728000.0,32859000.0,215869000.0
hd008787,dh009824,30/01/2026,02/11/2026,340000.0,340000.0,0.0
HD008788,,28/01/2026,06/02/2026,4533000.0,4533000.0,0.0
hd008789,,31/01/2026,27/04/2026,202273000.0,202273000.0,0.0
hd008790,dh001395,31/01/2026,09/02/2026,331000.0,331000.0,0.0
hd008791,dh005358,31/01/2026,21/04/2026,305105500.0,305105500.0,0.0
HD008792,DH005396,29/01/2026,2026-02-06,3588300.0,3588300.0,0.0
HD008793,dh002354,30/01/2026,09/04/2026,479817400.0,479817400.0,0.0
hd008794,DH900003,28/01/2026,06/02/2026,3470000.0,3470000.0,0.0
hd008795,dh001851,29/01/2026,08/04/2026,623898500.0,623898500.0,0.0
hd008796,dh008275,30/01/2026,09/02/2026,1486000.0,1486000.0,0.0
hd008797,dh001935,29/01/2026,16/03/2026,305685900.0,305685900.0,0.0
hd008798,dh011129,31/01/2026,01/04/2026,347378400.0,347378400.0,0.0
HD008799,dh009159,01/30/2026,14/02/2026,3700800.0,3490200.0,210600.0
hd008800,dh001972,29/01/2026,07/02/2026,12632000.0,12632000.0,0.0
hd008801,dh008057,31/01/2026,07/04/2026,363910800.0,54249700.0,309661100.0
hd008802,dh007818,31/01/2026,19/04/2026,183861100.0,30689600.0,153171500.0
hd008803,dh011028,29/01/2026,19/03/2026,149376000.0,149376000.0,0.0
HD008804,dh008552,01/02/2026,05/04/2026,341802300.0,29224400.0,312577900.0
HD008805,dh006631,31/01/2026,24/03/2026,120302000.0,120302000.0,0.0
hd008806,dh003654,30/01/2026,30/04/2026,196925100.0,10875600.0,186049500.0
hd008807,dh004399,01/02/2026,12/02/2026,8429200.0,8429200.0,0.0
hd008808,dh001170,01/02/2026,25/03/2026,505620400.0,504742500.0,877900.0
hd008809,dh004590,30/01/2026,20/04/2026,750109200.0,525066800.0,225042400.0
hd008810,dh000157,31/01/2026,09/02/2026,801000.0,579100.0,221900.0
hd008811,dh010821,31/01/2026,08/02/2026,2513400.0,2513400.0,0.0
hd008812,dh001915,29/01/2026,18/03/2026,460725200.0,460725200.0,0.0
hd008813,dh001435,01/02/2026,25/03/2026,115299000.0,115299000.0,0.0
HD008814,dh008493,01/02/2026,08/02/2026,895900.0,895900.0,0.0
hd008815,dh001366,30/01/2026,08/02/2026,4420000.0,4420000.0,0.0
hd008816,dh005315,31/01/2026,01/05/2026,229562200.0,83672200.0,145890000.0
hd008817,dh009088,31/01/2026,11/02/2026,3069000.0,3069000.0,0.0
hd008818,dh001790,31/01/2026,10/04/2026,104350200.0,104350200.0,0.0
HD008819,DH900002,01/02/2026,16/04/2026,298006100.0,218960900.0,79045200.0
hd008820,dh005037,31/01/2026,08/02/2026,69700.0,69700.0,0.0
hd008821,dh004409,02/02/2026,15/04/2026,251805000.0,28436800.0,223368200.0
hd008822,dh000772,02/02/2026,2026-02-16,14646000.0,14646000.0,0.0
hd008823,dh004586,31/01/2026,17/04/2026,369399100.0,46771900.0,322627200.0
hd008824,dh010035,31/01/2026,08/02/2026,12411000.0,5084400.0,7326600.0
hd008825,dh004712,02/02/2026,26/03/2026,189633200.0,59803200.0,129830000.0
HD008826,dh005256,01/02/2026,11/02/2026,3986500.0,2528700.0,1457800.0
hd008827,,01/02/2026,11/02/2026,7948200.0,7948200.0,0.0
hd008828,dh004659,30/01/2026,08/02/2026,1959700.0,1959700.0,0.0
hd008829,dh009009,02/02/2026,25/03/2026,712866000.0,486740600.0,226125400.0
hd008830,dh006889,30/01/2026,13/02/2026,12574000.0,12574000.0,0.0
hd008831,dh010404,02/02/2026,20/03/2026,141735700.0,12195200.0,129540500.0
HD008832,,30/01/2026,11/02/2026,3054000.0,3054000.0,0.0
HD008833,dh006855,30/01/2026,30/03/2026,224251700.0,85986300.0,138265400.0
HD008834,dh004716,03/02/2026,07/04/2026,172679800.0,112725200.0,59954600.0
HD008835,dh002176,31/01/2026,02/04/2026,356372700.0,356372700.0,0.0
hd008836,dh009797,03/02/2026,17/02/2026,45900.0,45900.0,0.0
hd008837,dh004906,01/02/2026,04/14/2026,180640100.0,129158300.0,51481800.0
hd008838,dh005891,03/02/2026,29/03/2026,584704800.0,584704800.0,0.0
hd008839,dh001703,02/02/2026,16/04/2026,219709000.0,219709000.0,0.0
HD008840,dh004930,31/01/2026,20/03/2026,80038000.0,64039500.0,15998500.0
HD008841,DH900004,31/01/2026,07/04/2026,651254000.0,478214100.0,173039900.0
HD008842,DH900005,31/01/2026,20/03/2026,734462800.0,514187700.0,220275100.0
hd008843,dh003386,02/02/2026,23/04/2026,532124000.0,222540000.0,309584000.0
hd008844,dh011754,02/02/2026,10/02/2026,2985300.0,2985300.0,0.0
hd008845,dh003053,03/02/2026,14/02/2026,7384500.0,7384500.0,0.0
hd008846,DH004213,31/01/2026,18/04/2026,599207600.0,401017000.0,198190600.0
hd008847,dh011391,01/02/2026,10/02/2026,4157700.0,4157700.0,0.0
hd008848,dh011469,31/01/2026,10/02/2026,6075600.0,6075600.0,0.0
hd008849,dh000109,01/02/2026,11/02/2026,2809800.0,2809800.0,0.0
hd008850,dh005466,03/02/2026,13/02/2026,4997800.0,4997800.0,0.0
hd008851,dh000883,04/02/2026,11/02/2026,731600.0,731600.0,0.0
hd008852,dh005646,03/02/2026,13/04/2026,85405800.0,85405800.0,0.0
hd008853,dh002857,03/02/2026,18/02/2026,3007500.0,3007500.0,0.0
hd008854,dh007752,04/02/2026,18/02/2026,1595000.0,1595000.0,0.0
hd008855,dh001717,02/02/2026,13/04/2026,265850000.0,265850000.0,0.0
hd008856,dh008751,03/02/2026,14/02/2026,2588000.0,2588000.0,0.0
hd008857,dh009450,02/02/2026,09/02/2026,1637000.0,1637000.0,0.0
hd008858,dh005169,01/02/2026,09/02/2026,248900.0,248900.0,0.0
hd008859,dh006422,02/02/2026,01/05/2026,141423200.0,141423200.0,0.0
hd008860,dh001412,02/03/2026,18/02/2026,7825200.0,7825200.0,0.0
hd008861,DH900000,01/02/2026,16/02/2026,210600.0,210600.0,0.0
hd008862,dh000699,02/02/2026,10/02/2026,63800.0,63800.0,0.0
hd008863,dh004311,01/02/2026,15/02/2026,490200.0,490200.0,0.0
HD008864,dh004877,2026-02-03,10/02/2026,311600.0,311600.0,0.0
HD008865,dh008049,02/02/2026,11/04/2026,566174600.0,95967200.0,470207400.0
hd008866,dh005028,04/02/2026,01/04/2026,146501400.0,146501400.0,0.0
hd008867,dh003550,02/02/2026,19/04/2026,156975400.0,156975400.0,0.0
hd008868,,05/02/2026,19/02/2026,2010000.0,2010000.0,0.0
HD008869,dh003121,03/02/2026,02/04/2026,322723000.0,322723000.0,0.0
hd008870,dh010989,04/02/2026,26/03/2026,46248000.0,39982500.0,6265500.0
HD008871,dh006500,03/02/2026,13/02/2026,7879700.0,7879700.0,0.0
hd008872,dh009793,03/02/2026,14/02/2026,1654000.0,1654000.0,0.0
hd008873,DH900004,05/02/2026,2026-04-06,301424200.0,192365100.0,109059100.0
HD008874,dh005310,04/02/2026,23/04/2026,297542700.0,26783600.0,270759100.0
hd008875,dh011621,02/02/2026,23/04/2026,126666800.0,126666800.0,0.0
hd008876,DH009208,04/02/2026,01/05/2026,214143000.0,214143000.0,0.0
hd008877,dh009569,04/02/2026,12/02/2026,1050000.0,1050000.0,0.0
hd008878,dh006052,03/02/2026,24/04/2026,114126900.0,15679200.0,98447700.0
hd008879,dh010140,02/05/2026,28/03/2026,98550000.0,98550000.0,0.0
hd008880,dh002163,04/02/2026,13/02/2026,17547000.0,17547000.0,0.0
HD008881,dh004656,03/02/2026,16/04/2026,517328500.0,517328500.0,0.0
HD008882,dh011066,06/02/2026,18/02/2026,2105000.0,2105000.0,0.0
hd008883,dh002577,05/02/2026,12/02/2026,7890600.0,7890600.0,0.0
hd008884,,03/02/2026,17/02/2026,533000.0,533000.0,0.0
hd008885,dh010412,2026-02-06,06/04/2026,219592500.0,200447800.0,19144700.0
hd008886,dh001130,06/02/2026,23/03/2026,124007200.0,20071900.0,103935300.0
hd008887,DH900001,06/02/2026,13/02/2026,2193100.0,2193100.0,0.0
HD008888,dh001141,06/02/2026,21/02/2026,248800.0,248800.0,0.0
hd008889,,05/02/2026,06/05/2026,147223200.0,147223200.0,0.0
hd008890,dh002175,04/02/2026,26/03/2026,145426200.0,145426200.0,0.0
hd008891,dh010236,06/02/2026,15/02/2026,764000.0,764000.0,0.0
hd008892,dh007579,05/02/2026,10/04/2026,90301000.0,63021000.0,27280000.0
hd008893,dh002826,06/02/2026,18/04/2026,172784800.0,170678100.0,2106700.0
hd008894,dh000868,05/02/2026,03/05/2026,402506800.0,402506800.0,0.0
hd008895,dh002886,06/02/2026,18/02/2026,10930000.0,10930000.0,0.0
hd008896,dh002004,05/02/2026,28/04/2026,116500200.0,116500200.0,0.0
HD008897,dh002236,05/02/2026,14/02/2026,2659000.0,2659000.0,0.0
hd008898,DH008227,07/02/2026,11/04/2026,78678600.0,78678600.0,0.0
hd008899,dh006495,02/08/2026,27/03/2026,496577000.0,239101900.0,257475100.0
hd008900,dh009240,05/02/2026,05/04/2026,95571400.0,95571400.0,0.0
hd008901,DH900002,08/02/2026,16/02/2026,283300.0,215100.0,68200.0
hd008902,dh008581,05/02/2026,05/04/2026,187955800.0,58668400.0,129287400.0
hd008903,dh002417,2026-02-05,2026-02-17,7371100.0,7371100.0,0.0
hd008904,dh001064,06/02/2026,29/03/2026,365565900.0,58409600.0,307156300.0
HD008905,dh000838,06/02/2026,17/02/2026,2826200.0,2826200.0,0.0
hd008906,dh000303,06/02/2026,21/04/2026,354779100.0,239257600.0,115521500.0
hd008907,dh001627,05/02/2026,28/03/2026,118623700.0,22617000.0,96006700.0
hd008908,dh004358,05/02/2026,17/02/2026,2003000.0,2003000.0,0.0
hd008909,dh004614,07/02/2026,13/04/2026,321597100.0,293420500.0,28176600.0
HD008910,dh011851,06/02/2026,21/02/2026,190400.0,190400.0,0.0
hd008911,dh010132,06/02/2026,13/02/2026,497800.0,497800.0,0.0
hd008912,dh011924,08/02/2026,21/02/2026,640000.0,404400.0,235600.0
hd008913,,06/02/2026,15/02/2026,565400.0,565400.0,0.0
hd008914,dh001524,07/02/2026,03/05/2026,599635300.0,599635300.0,0.0
hd008915,DH011731,08/02/2026,23/02/2026,1005000.0,730600.0,274400.0
hd008916,dh002934,06/02/2026,18/02/2026,1492300.0,1492300.0,0.0
hd008917,dh009334,06/02/2026,13/04/2026,424248000.0,79798600.0,344449400.0
hd008918,dh007526,08/02/2026,18/04/2026,210839300.0,11988400.0,198850900.0
hd008919,dh007126,06/02/2026,12/04/2026,97045400.0,34222500.0,62822900.0
HD008920,dh002977,07/02/2026,14/04/2026,167376300.0,120897900.0,46478400.0
HD008921,dh010367,09/02/2026,10/04/2026,170546400.0,111091600.0,59454800.0
hd008922,,07/02/2026,22/02/2026,380000.0,380000.0,0.0
hd008923,dh004081,09/02/2026,19/04/2026,135924000.0,101796100.0,34127900.0
HD008924,dh006861,10/02/2026,01/04/2026,221193600.0,221193600.0,0.0
hd008925,DH000260,08/02/2026,21/02/2026,2710800.0,2710800.0,0.0
hd008926,dh011150,10/02/2026,29/04/2026,240635000.0,95007100.0,145627900.0
hd008927,dh011068,09/02/2026,09/04/2026,500763400.0,311587600.0,189175800.0
hd008928,,09/02/2026,26/04/2026,172278200.0,170842700.0,1435500.0
HD008929,dh008525,09/02/2026,20/02/2026,974000.0,974000.0,0.0
hd008930,,08/02/2026,25/04/2026,86032400.0,31354400.0,54678000.0
hd008931,DH008632,10/02/2026,17/02/2026,4834800.0,4834800.0,0.0
HD008932,DH006837,08/02/2026,09/05/2026,207058800.0,207058800.0,0.0
HD008933,dh006419,11/02/2026,31/03/2026,255473800.0,255473800.0,0.0
hd008934,dh003292,09/02/2026,06/04/2026,151655400.0,151655400.0,0.0
HD008935,dh007529,12/02/2026,02/04/2026,37174400.0,23273500.0,13900900.0
hd008936,,11/02/2026,20/02/2026,3872500.0,3872500.0,0.0
hd008937,dh009152,09/02/2026,07/04/2026,213611000.0,72442700.0,141168300.0
hd008938,dh006722,09/02/2026,09/05/2026,227388200.0,227388200.0,0.0
hd008939,DH009819,12/02/2026,09/04/2026,64963000.0,64963000.0,0.0
HD008940,dh004469,10/02/2026,08/04/2026,220982100.0,105845700.0,115136400.0
hd008941,dh003153,12/02/2026,22/02/2026,16128200.0,16128200.0,0.0
hd008942,DH008448,12/02/2026,23/02/2026,2554800.0,2554800.0,0.0
hd008943,dh003870,12/02/2026,04/05/2026,156512300.0,1361800.0,155150500.0
HD008944,dh003922,11/02/2026,26/02/2026,12644100.0,12644100.0,0.0
HD008945,,12/02/2026,27/02/2026,6864400.0,6864400.0,0.0
HD008946,DH900005,10/02/2026,20/02/2026,3328800.0,3328800.0,0.0
hd008947,dh010754,12/02/2026,24/02/2026,3087900.0,3087900.0,0.0
HD008948,DH002953,11/02/2026,22/02/2026,1958400.0,1958400.0,0.0
hd008949,dh001739,13/02/2026,23/02/2026,14054800.0,14054800.0,0.0
HD008950,DH006954,10/02/2026,11/05/2026,579657000.0,579657000.0,0.0
hd008951,,10/02/2026,15/04/2026,237668000.0,237668000.0,0.0
HD008952,dh007622,13/02/2026,20/02/2026,4362000.0,4362000.0,0.0
HD008953,dh010604,10/02/2026,24/02/2026,2920500.0,2920500.0,0.0
hd008954,dh001571,12/02/2026,27/02/2026,4289200.0,4057100.0,232100.0
hd008955,dh006673,13/02/2026,20/02/2026,1067000.0,1067000.0,0.0
hd008956,dh004197,11/02/2026,20/02/2026,4780900.0,4780900.0,0.0
hd008957,dh011876,14/02/2026,23/02/2026,3670700.0,3670700.0,0.0
HD008958,DH900005,11/02/2026,24/02/2026,8391600.0,8391600.0,0.0
hd008959,dh001102,13/02/2026,27/02/2026,76000.0,76000.0,0.0
hd008960,dh007703,14/02/2026,24/02/2026,3347000.0,3347000.0,0.0
hd008961,,11/02/2026,18/04/2026,44121800.0,33436400.0,10685400.0
HD008962,dh003613,11/02/2026,10/04/2026,531314800.0,531314800.0,0.0
HD008963,DH900000,11/02/2026,01/05/2026,171951300.0,69918300.0,102033000.0
hd008964,dh004417,02/14/2026,26/02/2026,535500.0,535500.0,0.0
HD008965,,14/02/2026,30/04/2026,274601400.0,274601400.0,0.0
hd008966,dh002893,14/02/2026,25/02/2026,5990000.0,5990000.0,0.0
hd008967,dh009885,15/02/2026,22/02/2026,12430600.0,10280700.0,2149900.0
hd008968,dh001692,12/02/2026,09/04/2026,151349700.0,151349700.0,0.0
hd008969,dh007265,12/02/2026,02/05/2026,178224900.0,178224900.0,0.0
HD008970,dh006517,15/02/2026,25/02/2026,5629500.0,5629500.0,0.0
HD008971,dh011498,15/02/2026,15/05/2026,352781400.0,225462500.0,127318900.0
HD008972,dh005972,12/02/2026,21/02/2026,13528000.0,13528000.0,0.0
HD008973,dh003124,14/02/2026,14/05/2026,179795200.0,177278300.0,2516900.0
hd008974,DH900007,12/02/2026,03/05/2026,92501600.0,830300.0,91671300.0
hd008975,dh004056,14/02/2026,02/05/2026,169982600.0,169982600.0,0.0
hd008976,DH004695,12/02/2026,07/04/2026,238179400.0,158391600.0,79787800.0
hd008977,DH900008,15/02/2026,02/03/2026,4285000.0,4285000.0,0.0
hd008978,dh010570,14/02/2026,24/02/2026,19909500.0,19909500.0,0.0
hd008979,DH001015,16/02/2026,16/04/2026,387540300.0,387540300.0,0.0
HD008980,,15/02/2026,01/03/2026,7080000.0,7080000.0,0.0
hd008981,,14/02/2026,14/05/2026,74811900.0,51640500.0,23171400.0
HD008982,dh006044,16/02/2026,27/02/2026,12497800.0,8229100.0,4268700.0
hd008983,dh004095,2026-02-13,21/02/2026,8250500.0,8250500.0,0.0
hd008984,dh001305,13/02/2026,23/02/2026,11230000.0,11230000.0,0.0
hd008985,dh000116,16/02/2026,03/03/2026,3383000.0,3383000.0,0.0
hd008986,dh008454,14/02/2026,21/02/2026,2402000.0,2402000.0,0.0
HD008987,DH004342,16/02/2026,26/02/2026,96000.0,96000.0,0.0
HD008988,,17/02/2026,22/04/2026,313372800.0,171562400.0,141810400.0
HD008989,dh001095,17/02/2026,05/05/2026,355173000.0,255304000.0,99869000.0
hd008990,DH004689,14/02/2026,26/02/2026,1016000.0,1016000.0,0.0
hd008991,dh001040,17/02/2026,04/16/2026,343387600.0,343387600.0,0.0
hd008992,DH900000,17/02/2026,16/04/2026,410816900.0,161862400.0,248954500.0
hd008993,dh003006,2026-02-17,02/03/2026,4121400.0,4121400.0,0.0
hd008994,dh001535,18/02/2026,27/02/2026,1043100.0,1043100.0,0.0
hd008995,dh011683,16/02/2026,01/03/2026,2912000.0,2912000.0,0.0
hd008996,dh007665,17/02/2026,01/03/2026,1120000.0,1120000.0,0.0
HD008997,dh000885,15/02/2026,02/05/2026,427849300.0,5744800.0,422104500.0
hd008998,dh002317,15/02/2026,28/02/2026,792000.0,792000.0,0.0
hd008999,dh007572,15/02/2026,20/04/2026,285821300.0,180266800.0,105554500.0
hd009000,dh004558,15/02/2026,05/04/2026,370434400.0,342173200.0,28261200.0
hd009001,dh008768,17/02/2026,07/04/2026,148160000.0,94704600.0,53455400.0
hd009002,DH005195,15/02/2026,23/02/2026,4872000.0,4872000.0,0.0
hd009003,dh000024,16/02/2026,01/03/2026,184000.0,184000.0,0.0
hd009004,dh001232,18/02/2026,12/05/2026,651762400.0,651762400.0,0.0
hd009005,dh002767,16/02/2026,01/05/2026,395617000.0,21818100.0,373798900.0
hd009006,dh001104,16/02/2026,01/03/2026,1109400.0,1109400.0,0.0
hd009007,dh001247,18/02/2026,21/04/2026,653471000.0,623776400.0,29694600.0
hd009008,dh011808,19/02/2026,14/05/2026,378741300.0,25369700.0,353371600.0
hd009009,dh001109,19/02/2026,05/03/2026,4929200.0,4929200.0,0.0
hd009010,dh004706,16/02/2026,25/02/2026,2319000.0,2319000.0,0.0
hd009011,dh010316,17/02/2026,03/03/2026,820800.0,820800.0,0.0
HD009012,dh004638,18/02/2026,15/04/2026,321620400.0,321620400.0,0.0
HD009013,dh008634,19/02/2026,18/04/2026,292721800.0,164926200.0,127795600.0
hd009014,DH001734,16/02/2026,2026-05-06,445246200.0,445246200.0,0.0
hd009015,dh010791,16/02/2026,08/04/2026,146277500.0,99995000.0,46282500.0
hd009016,dh005092,16/02/2026,02/03/2026,10233400.0,9748500.0,484900.0
hd009017,dh006109,19/02/2026,02/03/2026,394000.0,394000.0,0.0
hd009018,dh003438,17/02/2026,12/04/2026,803146800.0,803146800.0,0.0
hd009019,dh011531,17/02/2026,22/04/2026,434140200.0,340064400.0,94075800.0
hd009020,dh000756,16/02/2026,04/05/2026,294514400.0,294514400.0,0.0
hd009021,dh007498,17/02/2026,16/04/2026,231750000.0,145670900.0,86079100.0
hd009022,dh004134,17/02/2026,02/28/2026,75000.0,75000.0,0.0
hd009023,dh006950,19/02/2026,03/03/2026,4027000.0,4027000.0,0.0
hd009024,dh000187,17/02/2026,07/05/2026,139941400.0,10908500.0,129032900.0
hd009025,dh005924,18/02/2026,02/03/2026,2267600.0,2267600.0,0.0
hd009026,dh001058,17/02/2026,25/02/2026,4515200.0,4515200.0,0.0
hd009027,dh011655,17/02/2026,29/04/2026,186264800.0,22390200.0,163874600.0
hd009028,dh006248,19/02/2026,11/05/2026,599426000.0,599426000.0,0.0
hd009029,dh003732,19/02/2026,18/04/2026,605360200.0,605360200.0,0.0
HD009030,dh008544,20/02/2026,11/04/2026,135514800.0,13432600.0,122082200.0
HD009031,dh005365,20/02/2026,03/03/2026,380000.0,380000.0,0.0
HD009032,DH008177,18/02/2026,21/04/2026,261408800.0,261408800.0,0.0
hd009033,dh004922,20/02/2026,28/02/2026,5008000.0,5008000.0,0.0
HD009034,dh011178,19/02/2026,02/03/2026,12915200.0,12915200.0,0.0
hd009035,dh011752,18/02/2026,04/03/2026,176000.0,176000.0,0.0
hd009036,dh009598,21/02/2026,06/03/2026,955800.0,955800.0,0.0
hd009037,dh007405,18/02/2026,03/03/2026,8045500.0,8045500.0,0.0
HD009038,dh011952,2026-02-19,05/04/2026,693214800.0,693214800.0,0.0
hd009039,DH003623,20/02/2026,02/05/2026,471327000.0,205953900.0,265373100.0
hd009040,dh005673,20/02/2026,18/04/2026,299286200.0,299286200.0,0.0
hd009041,,20/02/2026,17/05/2026,200841100.0,137747500.0,63093600.0
hd009042,dh004530,2026-02-21,08/03/2026,376000.0,116200.0,259800.0
hd009043,dh004079,19/02/2026,25/04/2026,976320800.0,976320800.0,0.0
hd009044,DH900001,20/02/2026,27/02/2026,472500.0,472500.0,0.0
HD009045,dh005792,20/02/2026,13/05/2026,304379900.0,304379900.0,0.0
hd009046,dh000123,22/02/2026,21/05/2026,237851700.0,15482900.0,222368800.0
hd009047,dh009354,22/02/2026,12/04/2026,340767800.0,229094900.0,111672900.0
hd009048,DH900003,21/02/2026,05/03/2026,3600000.0,2334400.0,1265600.0
HD009049,dh010695,21/02/2026,29/04/2026,222322800.0,92785100.0,129537700.0
hd009050,DH004589,22/02/2026,23/05/2026,440300000.0,440300000.0,0.0
hd009051,dh001135,20/02/2026,02/03/2026,493000.0,493000.0,0.0
HD009052,dh007318,23/02/2026,07/03/2026,1312000.0,1263300.0,48700.0
HD009053,dh004622,22/02/2026,08/03/2026,34000.0,34000.0,0.0
hd009054,dh011282,23/02/2026,13/04/2026,388225500.0,388225500.0,0.0
hd009055,dh000391,21/02/2026,05/03/2026,388000.0,388000.0,0.0
hd009056,dh001742,02/23/2026,14/05/2026,181238800.0,181238800.0,0.0
hd009057,dh001197,21/02/2026,04/19/2026,127196500.0,127196500.0,0.0
hd009058,dh003812,22/02/2026,24/04/2026,538061100.0,461359700.0,76701400.0
hd009059,dh006949,23/02/2026,22/04/2026,615004700.0,615004700.0,0.0
HD009060,dh011743,23/02/2026,05/03/2026,7803800.0,7803800.0,0.0
HD009061,DH004260,22/02/2026,05/03/2026,393300.0,393300.0,0.0
hd009062,dh003605,22/02/2026,06/03/2026,4194600.0,4194600.0,0.0
hd009063,dh002132,21/02/2026,06/03/2026,1843300.0,1843300.0,0.0
hd009064,dh001399,23/02/2026,29/04/2026,208326700.0,208326700.0,0.0
hd009065,dh006054,21/02/2026,20/05/2026,44360800.0,1150100.0,43210700.0
hd009066,dh010493,21/02/2026,06/03/2026,2314800.0,2314800.0,0.0
hd009067,dh011437,22/02/2026,08/03/2026,29400.0,29400.0,0.0
hd009068,dh003368,22/02/2026,03/07/2026,66000.0,66000.0,0.0
hd009069,dh001609,25/02/2026,24/05/2026,51046300.0,51046300.0,0.0
hd009070,dh002909,25/02/2026,2026-03-04,3074400.0,3074400.0,0.0
HD009071,dh002015,24/02/2026,23/04/2026,274990600.0,52812700.0,222177900.0
HD009072,dh001992,23/02/2026,05/05/2026,137667500.0,88339900.0,49327600.0
hd009073,dh009741,25/02/2026,07/03/2026,2142000.0,2142000.0,0.0
hd009074,dh009252,22/02/2026,09/05/2026,197308200.0,93365700.0,103942500.0
HD009075,dh003612,22/02/2026,04/27/2026,1068936400.0,1068936400.0,0.0
hd009076,dh004355,23/02/2026,02/03/2026,979000.0,979000.0,0.0
HD009077,dh011838,2026-02-25,11/03/2026,714000.0,714000.0,0.0
hd009078,DH011781,23/02/2026,18/04/2026,365180000.0,365180000.0,0.0
hd009079,dh002880,24/02/2026,28/04/2026,636346200.0,432850900.0,203495300.0
hd009080,dh009340,24/02/2026,06/03/2026,6654000.0,6654000.0,0.0
hd009081,dh007366,23/02/2026,07/03/2026,1248000.0,1248000.0,0.0
hd009082,dh006010,22/02/2026,05/03/2026,2629500.0,2629500.0,0.0
hd009083,dh000038,23/02/2026,04/03/2026,13611000.0,13611000.0,0.0
HD009084,dh011853,25/02/2026,06/05/2026,39239100.0,39239100.0,0.0
HD009085,dh005596,25/02/2026,12/03/2026,2254800.0,2254800.0,0.0
hd009086,dh002160,25/02/2026,04/05/2026,473657200.0,187102100.0,286555100.0
hd009087,,26/02/2026,12/03/2026,613400.0,613400.0,0.0
hd009088,dh008945,23/02/2026,04/03/2026,50000.0,50000.0,0.0
hd009089,dh004302,23/02/2026,05/03/2026,3609000.0,3609000.0,0.0
hd009090,DH007961,26/02/2026,14/04/2026,564723900.0,174474500.0,390249400.0
hd009091,dh006823,24/02/2026,29/04/2026,227829800.0,35748100.0,192081700.0
hd009092,dh007302,23/02/2026,08/03/2026,1875200.0,1875200.0,0.0
hd009093,dh001335,26/02/2026,08/05/2026,94385000.0,68992200.0,25392800.0
HD009094,dh011776,25/02/2026,30/04/2026,336041800.0,336041800.0,0.0
hd009095,dh009444,25/02/2026,17/05/2026,439768800.0,439768800.0,0.0
hd009096,dh008271,27/02/2026,23/05/2026,309973300.0,309973300.0,0.0
hd009097,dh004073,25/02/2026,21/04/2026,72309200.0,1762500.0,70546700.0
HD009098,DH900004,26/02/2026,12/03/2026,1811000.0,1811000.0,0.0
HD009099,dh007268,26/02/2026,13/05/2026,316453200.0,309856000.0,6597200.0
HD009100,dh010268,26/02/2026,19/04/2026,648467400.0,276366200.0,372101200.0
hd009101,DH010297,26/02/2026,21/04/2026,495969000.0,334274300.0,161694700.0
hd009102,DH003165,27/02/2026,07/03/2026,432000.0,432000.0,0.0
hd009103,dh009347,25/02/2026,17/04/2026,126603200.0,126603200.0,0.0
HD009104,,25/02/2026,05/03/2026,4134000.0,4134000.0,0.0
hd009105,DH004212,25/02/2026,02/05/2026,503153800.0,337141000.0,166012800.0
HD009106,dh008636,27/02/2026,28/05/2026,141668000.0,23654100.0,118013900.0
hd009107,dh007186,28/02/2026,11/05/2026,289459900.0,289459900.0,0.0
hd009108,dh008938,2026-02-27,29/04/2026,78274200.0,48822500.0,29451700.0
hd009109,dh011271,28/02/2026,06/05/2026,191624100.0,191624100.0,0.0
hd009110,dh003952,28/02/2026,14/03/2026,443700.0,443700.0,0.0
hd009111,dh002073,27/02/2026,24/05/2026,437292400.0,437292400.0,0.0
hd009112,dh006581,25/02/2026,06/03/2026,194600.0,194600.0,0.0
hd009113,dh011671,27/02/2026,06/03/2026,3748500.0,3748500.0,0.0
hd009114,dh001534,27/02/2026,23/04/2026,362761200.0,322290300.0,40470900.0
hd009115,dh001020,28/02/2026,10/03/2026,488700.0,488700.0,0.0
hd009116,DH900001,28/02/2026,09/03/2026,3498000.0,3498000.0,0.0
hd009117,dh002224,28/02/2026,12/03/2026,1422300.0,1422300.0,0.0
hd009118,dh003197,26/02/2026,26/05/2026,325894800.0,325894800.0,0.0
hd009119,dh009432,26/02/2026,25/04/2026,178868600.0,178868600.0,0.0
hd009120,dh005248,28/02/2026,10/03/2026,2988600.0,2988600.0,0.0
hd009121,dh005296,28/02/2026,07/03/2026,7048000.0,7048000.0,0.0
hd009122,dh004331,01/03/2026,15/03/2026,1971500.0,1293100.0,678400.0
HD009123,dh006623,26/02/2026,07/03/2026,5823000.0,5823000.0,0.0
hd009124,dh000057,28/02/2026,01/05/2026,84108000.0,65231100.0,18876900.0
hd009125,dh002589,27/02/2026,04/05/2026,223049700.0,200544600.0,22505100.0
hd009126,dh004673,27/02/2026,13/04/2026,203066500.0,187061200.0,16005300.0
hd009127,dh000238,03/02/2026,25/05/2026,345079000.0,326426700.0,18652300.0
HD009128,dh004460,02/28/2026,09/03/2026,19468200.0,19468200.0,0.0
hd009129,dh005382,02/03/2026,13/03/2026,833400.0,833400.0,0.0
hd009130,DH900003,01/03/2026,27/05/2026,645140000.0,645140000.0,0.0
hd009131,dh008312,27/02/2026,14/03/2026,630000.0,630000.0,0.0
hd009132,dh010438,01/03/2026,14/03/2026,8850000.0,8850000.0,0.0
hd009133,dh007894,02/27/2026,22/04/2026,381229200.0,381229200.0,0.0
hd009134,dh000147,02/03/2026,24/04/2026,74568600.0,53414200.0,21154400.0
hd009135,dh010084,01/03/2026,18/04/2026,205366100.0,44766600.0,160599500.0
HD009136,dh006288,02/03/2026,17/05/2026,694389700.0,551561000.0,142828700.0
hd009137,dh009813,02/03/2026,13/03/2026,606000.0,606000.0,0.0
hd009138,dh007414,03/03/2026,15/03/2026,225000.0,225000.0,0.0
hd009139,dh002816,28/02/2026,12/03/2026,567000.0,567000.0,0.0
hd009140,dh001362,28/02/2026,24/04/2026,96394200.0,96394200.0,0.0
HD009141,,01/03/2026,29/05/2026,153988300.0,94258100.0,59730200.0
HD009142,,28/02/2026,12/03/2026,7921500.0,7921500.0,0.0
hd009143,DH004395,28/02/2026,15/03/2026,2486100.0,2486100.0,0.0
hd009144,dh003348,28/02/2026,09/03/2026,6970000.0,5315200.0,1654800.0
hd009145,dh002646,01/03/2026,12/03/2026,1362300.0,892100.0,470200.0
hd009146,dh003416,02/03/2026,16/03/2026,11006800.0,10718900.0,287900.0
hd009147,dh007729,01/03/2026,08/03/2026,2801600.0,2801600.0,0.0
hd009148,dh009474,02/03/2026,09/03/2026,2172000.0,802100.0,1369900.0
hd009149,dh009615,04/03/2026,12/03/2026,1061800.0,1061800.0,0.0
hd009150,dh002978,01/03/2026,16/03/2026,100000.0,62700.0,37300.0
hd009151,dh010199,03/03/2026,16/03/2026,3294400.0,2049400.0,1245000.0
hd009152,,04/03/2026,24/04/2026,246582500.0,11509700.0,235072800.0
hd009153,dh007463,03/02/2026,15/05/2026,298087700.0,298087700.0,0.0
HD009154,dh010251,04/03/2026,15/03/2026,4368200.0,4368200.0,0.0
hd009155,dh008833,02/03/2026,08/05/2026,392295000.0,299237200.0,93057800.0
hd009156,dh010505,04/03/2026,12/03/2026,14470000.0,14470000.0,0.0
HD009157,dh002211,03/03/2026,23/04/2026,550125600.0,550125600.0,0.0
HD009158,,02/03/2026,26/05/2026,93531900.0,36976600.0,56555300.0
HD009159,dh007161,04/03/2026,18/04/2026,152110500.0,152110500.0,0.0
hd009160,dh002928,02/03/2026,19/04/2026,223343400.0,223343400.0,0.0
HD009161,dh006978,04/03/2026,05/05/2026,400770000.0,400770000.0,0.0
hd009162,dh009630,02/03/2026,16/03/2026,10407300.0,10407300.0,0.0
hd009163,dh003004,04/03/2026,15/03/2026,785400.0,785400.0,0.0
hd009164,dh005707,05/03/2026,17/03/2026,12168000.0,5005500.0,7162500.0
hd009165,dh007811,05/03/2026,22/05/2026,284134800.0,199673600.0,84461200.0
hd009166,DH001986,05/03/2026,26/05/2026,341473000.0,171781900.0,169691100.0
hd009167,dh000409,06/03/2026,16/03/2026,6839100.0,6839100.0,0.0
hd009168,dh010174,04/03/2026,16/03/2026,7769600.0,7769600.0,0.0
HD009169,dh008878,03/03/2026,31/05/2026,705816900.0,188047600.0,517769300.0
hd009170,dh007563,04/03/2026,12/03/2026,397800.0,397800.0,0.0
hd009171,dh004431,04/03/2026,13/03/2026,2928200.0,2928200.0,0.0
HD009172,DH007438,05/03/2026,18/03/2026,8517600.0,8517600.0,0.0
hd009173,dh007591,05/03/2026,27/04/2026,256724300.0,49691100.0,207033200.0
hd009174,dh003138,06/03/2026,01/06/2026,385764200.0,385764200.0,0.0
HD009175,dh004487,06/03/2026,13/05/2026,477517600.0,477517600.0,0.0
hd009176,dh007609,06/03/2026,2026-03-15,5299500.0,5299500.0,0.0
hd009177,dh005401,05/03/2026,19/03/2026,5297200.0,5297200.0,0.0
hd009178,dh000127,07/03/2026,21/03/2026,933600.0,796100.0,137500.0
hd009179,dh008512,05/03/2026,14/03/2026,440800.0,347400.0,93400.0
HD009180,dh002559,04/03/2026,15/03/2026,1523000.0,1523000.0,0.0
hd009181,dh005297,04/03/2026,19/03/2026,2312000.0,2312000.0,0.0
hd009182,DH006641,07/03/2026,27/05/2026,455428400.0,361395100.0,94033300.0
hd009183,,07/03/2026,22/03/2026,2378200.0,2378200.0,0.0
hd009184,dh003082,2026-03-05,13/03/2026,2096000.0,2096000.0,0.0
hd009185,dh002996,05/03/2026,20/03/2026,1211200.0,1211200.0,0.0
HD009186,dh011411,07/03/2026,23/04/2026,390035400.0,141059000.0,248976400.0
hd009187,dh006455,06/03/2026,16/03/2026,2247000.0,2247000.0,0.0
hd009188,dh010158,05/03/2026,13/03/2026,2934000.0,2934000.0,0.0
HD009189,dh006450,04/03/2026,24/04/2026,373944000.0,373944000.0,0.0
hd009190,dh000538,06/03/2026,20/03/2026,3087000.0,3087000.0,0.0
hd009191,dh002138,07/03/2026,02/06/2026,283904000.0,213902400.0,70001600.0
HD009192,dh005937,06/03/2026,02/06/2026,362873200.0,362873200.0,0.0
hd009193,dh000086,07/03/2026,15/03/2026,2201400.0,2201400.0,0.0
hd009194,dh003853,06/03/2026,30/04/2026,343209000.0,293495700.0,49713300.0
HD009195,dh003973,06/03/2026,20/04/2026,315255800.0,315255800.0,0.0
hd009196,dh001439,05/03/2026,16/03/2026,6950100.0,4597900.0,2352200.0
hd009197,dh011734,05/03/2026,16/05/2026,164616000.0,164616000.0,0.0
HD009198,dh011221,08/03/2026,13/05/2026,307105000.0,307105000.0,0.0
hd009199,dh008677,03/05/2026,18/03/2026,4345200.0,4345200.0,0.0
hd009200,dh008876,07/03/2026,19/03/2026,1818000.0,1818000.0,0.0
hd009201,dh002792,05/03/2026,03/06/2026,416181900.0,287869600.0,128312300.0
hd009202,dh011342,08/03/2026,19/05/2026,309183500.0,287775500.0,21408000.0
hd009203,dh002952,05/03/2026,03/06/2026,38622600.0,38622600.0,0.0
hd009204,dh001388,05/03/2026,19/03/2026,19000.0,19000.0,0.0
HD009205,dh005975,06/03/2026,12/05/2026,571095900.0,571095900.0,0.0
HD009206,dh009792,06/03/2026,14/03/2026,1700000.0,1700000.0,0.0
hd009207,dh009124,08/03/2026,07/05/2026,189200900.0,120782600.0,68418300.0
HD009208,dh000563,06/03/2026,14/05/2026,58095000.0,58095000.0,0.0
hd009209,dh010468,06/03/2026,18/03/2026,2958000.0,2958000.0,0.0
hd009210,dh001926,06/03/2026,21/04/2026,64226600.0,64226600.0,0.0
hd009211,dh009087,06/03/2026,27/04/2026,345368000.0,345368000.0,0.0
hd009212,dh001068,08/03/2026,23/03/2026,3903000.0,3903000.0,0.0
HD009213,DH011187,06/03/2026,15/03/2026,3299000.0,3299000.0,0.0
hd009214,dh008089,09/03/2026,29/05/2026,104073400.0,104073400.0,0.0
hd009215,dh006392,09/03/2026,28/05/2026,287665800.0,287665800.0,0.0
hd009216,dh007939,06/03/2026,20/03/2026,248000.0,248000.0,0.0
hd009217,DH900004,06/03/2026,19/03/2026,550800.0,550800.0,0.0
hd009218,dh010056,08/03/2026,18/03/2026,1617000.0,1617000.0,0.0
hd009219,dh000136,07/03/2026,18/03/2026,1013000.0,1013000.0,0.0
hd009220,dh002707,08/03/2026,20/03/2026,722500.0,722500.0,0.0
hd009221,dh000671,09/03/2026,16/03/2026,1008000.0,1008000.0,0.0
hd009222,dh001486,07/03/2026,22/04/2026,152349400.0,152349400.0,0.0
hd009223,dh002446,10/03/2026,05/29/2026,617360800.0,617360800.0,0.0
hd009224,,07/03/2026,16/03/2026,1757000.0,1757000.0,0.0
hd009225,dh011173,08/03/2026,12/05/2026,158363700.0,104243400.0,54120300.0
HD009226,dh005625,09/03/2026,23/04/2026,517436500.0,486130400.0,31306100.0
hd009227,dh011585,08/03/2026,16/03/2026,1056000.0,1056000.0,0.0
hd009228,dh001351,07/03/2026,19/03/2026,534800.0,534800.0,0.0
hd009229,dh001312,09/03/2026,18/03/2026,4027800.0,3345100.0,682700.0
hd009230,dh003385,09/03/2026,17/03/2026,2090100.0,2090100.0,0.0
hd009231,,08/03/2026,03/22/2026,8718400.0,8718400.0,0.0
hd009232,dh010657,09/03/2026,27/05/2026,592150800.0,548454600.0,43696200.0
HD009233,dh008679,08/03/2026,03/05/2026,607372600.0,607372600.0,0.0
HD009234,dh005534,09/03/2026,18/05/2026,290048000.0,260068300.0,29979700.0
hd009235,dh010624,10/03/2026,18/03/2026,2097900.0,2097900.0,0.0
hd009236,dh001859,11/03/2026,16/05/2026,533317500.0,133263500.0,400054000.0
hd009237,DH009172,08/03/2026,15/03/2026,288000.0,288000.0,0.0
hd009238,dh007631,09/03/2026,24/03/2026,4116000.0,4116000.0,0.0
hd009239,dh007274,11/03/2026,06/06/2026,415529900.0,270059400.0,145470500.0
hd009240,DH002021,09/03/2026,23/03/2026,1089000.0,802100.0,286900.0
hd009241,dh005359,2026-03-09,23/03/2026,2510000.0,2510000.0,0.0
HD009242,dh002190,10/03/2026,24/03/2026,422600.0,422600.0,0.0
hd009243,dh002676,09/03/2026,21/03/2026,2912900.0,2166100.0,746800.0
hd009244,dh001942,09/03/2026,25/05/2026,282131500.0,282131500.0,0.0
hd009245,dh006624,09/03/2026,16/05/2026,570508000.0,570508000.0,0.0
hd009246,dh006917,10/03/2026,21/05/2026,407178800.0,407178800.0,0.0
hd009247,dh004540,11/03/2026,24/03/2026,1004700.0,1004700.0,0.0
hd009248,dh001504,11/03/2026,31/05/2026,545285200.0,288691400.0,256593800.0
hd009249,dh005151,10/03/2026,21/03/2026,850000.0,850000.0,0.0
hd009250,dh005102,11/03/2026,21/03/2026,1123000.0,1123000.0,0.0
hd009251,DH900007,11/03/2026,30/04/2026,250268200.0,214661200.0,35607000.0
hd009252,dh009891,11/03/2026,22/03/2026,2308500.0,2308500.0,0.0
hd009253,dh007581,12/03/2026,22/03/2026,5650700.0,5650700.0,0.0
hd009254,dh007976,12/03/2026,23/03/2026,1540000.0,1540000.0,0.0
HD009255,dh011889,12/03/2026,27/05/2026,300965800.0,300965800.0,0.0
hd009256,DH900009,12/03/2026,27/05/2026,418822800.0,407278900.0,11543900.0
hd009257,dh007602,12/03/2026,24/03/2026,2613600.0,2613600.0,0.0
hd009258,dh009578,12/03/2026,03/19/2026,3667000.0,3667000.0,0.0
hd009259,dh011174,13/03/2026,22/03/2026,8092000.0,8092000.0,0.0
hd009260,dh008456,13/03/2026,25/03/2026,3690000.0,3690000.0,0.0
HD009261,dh005375,11/03/2026,03/22/2026,1720000.0,1720000.0,0.0
hd009262,dh010724,10/03/2026,29/05/2026,193732400.0,97423000.0,96309400.0
HD009263,dh002622,2026-03-10,01/05/2026,529000100.0,529000100.0,0.0
HD009264,dh010772,11/03/2026,21/03/2026,1556000.0,1556000.0,0.0
hd009265,dh000786,2026-03-11,23/03/2026,3125700.0,3125700.0,0.0
HD009266,dh007640,12/03/2026,22/03/2026,8137900.0,8137900.0,0.0
hd009267,dh008019,11/03/2026,14/05/2026,144607800.0,7138800.0,137469000.0
hd009268,,14/03/2026,23/03/2026,3612900.0,3612900.0,0.0
HD009269,dh009706,13/03/2026,31/05/2026,448447000.0,364966600.0,83480400.0
hd009270,dh007011,2026-03-14,03/28/2026,12802200.0,12802200.0,0.0
hd009271,dh003451,14/03/2026,29/03/2026,8071800.0,8071800.0,0.0
hd009272,dh004069,14/03/2026,07/06/2026,203648800.0,80129600.0,123519200.0
hd009273,dh003777,15/03/2026,28/03/2026,3140000.0,2393100.0,746900.0
HD009274,dh002836,12/03/2026,23/03/2026,895000.0,895000.0,0.0
hd009275,dh000374,15/03/2026,08/05/2026,212322400.0,94499500.0,117822900.0
hd009276,dh007768,13/03/2026,01/06/2026,106575400.0,106575400.0,0.0
hd009277,DH000857,03/13/2026,23/03/2026,545400.0,545400.0,0.0
hd009278,dh007500,13/03/2026,24/03/2026,504000.0,504000.0,0.0
hd009279,dh009534,13/03/2026,18/05/2026,134813800.0,46585200.0,88228600.0
HD009280,dh010312,13/03/2026,23/03/2026,19852500.0,19852500.0,0.0
hd009281,dh000389,15/03/2026,18/05/2026,232348900.0,31633500.0,200715400.0
hd009282,dh005700,15/03/2026,03/25/2026,2503900.0,2503900.0,0.0
hd009283,dh005074,14/03/2026,24/03/2026,1930000.0,1930000.0,0.0
HD009284,DH011169,13/03/2026,22/03/2026,217600.0,217600.0,0.0
hd009285,dh008221,13/03/2026,24/03/2026,457300.0,457300.0,0.0
HD009286,dh005969,12/03/2026,05/25/2026,227678000.0,227678000.0,0.0
HD009287,dh002105,12/03/2026,26/03/2026,190000.0,190000.0,0.0
hd009288,dh003249,14/03/2026,26/03/2026,1251000.0,1251000.0,0.0
hd009289,DH000740,15/03/2026,08/06/2026,310564000.0,310564000.0,0.0
hd009290,dh011976,15/03/2026,22/03/2026,66300.0,66300.0,0.0
HD009291,dh001594,13/03/2026,09/05/2026,178222800.0,106624100.0,71598700.0
hd009292,dh009622,16/03/2026,12/06/2026,194685500.0,194685500.0,0.0
hd009293,dh002666,16/03/2026,31/03/2026,3766500.0,2323100.0,1443400.0
HD009294,dh009962,17/03/2026,24/03/2026,8917800.0,6524400.0,2393400.0
hd009295,dh003560,16/03/2026,26/03/2026,543400.0,543400.0,0.0
hd009296,dh000534,15/03/2026,01/05/2026,507129600.0,388270700.0,118858900.0
hd009297,dh010461,03/14/2026,09/05/2026,269370000.0,85521600.0,183848400.0
HD009298,dh007963,17/03/2026,14/06/2026,128395500.0,128395500.0,0.0
hd009299,dh010774,15/03/2026,02/05/2026,516191400.0,516191400.0,0.0
hd009300,dh011849,17/03/2026,26/03/2026,3763800.0,3763800.0,0.0
hd009301,dh011693,17/03/2026,18/05/2026,196171400.0,31332700.0,164838700.0
HD009302,dh002268,17/03/2026,02/06/2026,151510300.0,63706800.0,87803500.0
hd009303,dh005180,16/03/2026,14/06/2026,344363200.0,344363200.0,0.0
hd009304,dh011969,2026-03-16,31/03/2026,2626800.0,2626800.0,0.0
hd009305,dh008343,16/03/2026,24/05/2026,390400000.0,390400000.0,0.0
hd009306,dh005265,14/03/2026,07/05/2026,215797000.0,106190200.0,109606800.0
hd009307,DH010788,15/03/2026,26/05/2026,165458900.0,165458900.0,0.0
hd009308,dh003781,17/03/2026,04/05/2026,283485100.0,266502700.0,16982400.0
hd009309,dh009617,15/03/2026,12/06/2026,349120000.0,349120000.0,0.0
hd009310,DH011126,16/03/2026,28/03/2026,868600.0,868600.0,0.0
hd009311,dh008571,16/03/2026,02/05/2026,353443500.0,353443500.0,0.0
hd009312,dh011872,15/03/2026,17/05/2026,176361800.0,176361800.0,0.0
hd009313,dh010320,16/03/2026,06/06/2026,213862800.0,203304200.0,10558600.0
hd009314,DH003245,15/03/2026,27/05/2026,321705900.0,294107600.0,27598300.0
hd009315,dh010779,18/03/2026,06/05/2026,249424600.0,46821200.0,202603400.0
hd009316,dh001234,18/03/2026,02/05/2026,160309000.0,86385600.0,73923400.0
hd009317,dh000407,17/03/2026,25/05/2026,848979900.0,759376300.0,89603600.0
hd009318,dh000869,17/03/2026,30/05/2026,633186300.0,255312700.0,377873600.0
hd009319,dh007545,16/03/2026,10/05/2026,853990000.0,140457300.0,713532700.0
HD009320,dh007855,17/03/2026,24/03/2026,1834400.0,1834400.0,0.0
HD009321,dh009875,18/03/2026,27/03/2026,4876200.0,4876200.0,0.0
hd009322,dh011306,17/03/2026,06/05/2026,503513700.0,76249800.0,427263900.0
hd009323,dh011803,17/03/2026,26/03/2026,1830600.0,1830600.0,0.0
hd009324,DH002722,18/03/2026,28/03/2026,9831000.0,9831000.0,0.0
HD009325,dh005619,17/03/2026,15/05/2026,113334200.0,113334200.0,0.0
hd009326,dh003445,16/03/2026,17/05/2026,207241000.0,125945000.0,81296000.0
HD009327,dh009616,17/03/2026,31/03/2026,1164500.0,1164500.0,0.0
hd009328,dh000028,2026-03-18,01/06/2026,278131900.0,278131900.0,0.0
hd009329,dh001991,16/03/2026,10/06/2026,247914500.0,62504600.0,185409900.0
hd009330,dh011081,16/03/2026,26/03/2026,2665600.0,2665600.0,0.0
hd009331,dh009805,16/03/2026,24/05/2026,361914600.0,361914600.0,0.0
hd009332,dh008842,20/03/2026,30/03/2026,5781600.0,5781600.0,0.0
hd009333,,20/03/2026,26/05/2026,528672800.0,528672800.0,0.0
hd009334,dh007246,20/03/2026,14/06/2026,230552400.0,230552400.0,0.0
HD009335,dh006312,20/03/2026,29/03/2026,400000.0,400000.0,0.0
HD009336,,20/03/2026,27/03/2026,2603700.0,2603700.0,0.0
hd009337,dh010822,19/03/2026,31/03/2026,810000.0,810000.0,0.0
HD009338,dh007554,17/03/2026,25/03/2026,15672000.0,15672000.0,0.0
HD009339,dh003889,18/03/2026,31/03/2026,4781400.0,4781400.0,0.0
hd009340,dh008725,18/03/2026,06/05/2026,404345400.0,404345400.0,0.0
hd009341,dh008702,18/03/2026,26/03/2026,38000.0,32900.0,5100.0
hd009342,dh004854,17/03/2026,30/03/2026,114000.0,114000.0,0.0
hd009343,dh008640,17/03/2026,25/03/2026,2097900.0,2097900.0,0.0
hd009344,dh006414,18/03/2026,05/07/2026,115333800.0,115333800.0,0.0
hd009345,dh005330,19/03/2026,2026-05-12,198242500.0,132875200.0,65367300.0
HD009346,DH004984,19/03/2026,28/03/2026,4909400.0,4909400.0,0.0
hd009347,dh008936,19/03/2026,09/05/2026,99655600.0,63964700.0,35690900.0
hd009348,dh001013,21/03/2026,28/05/2026,685448900.0,685448900.0,0.0
HD009349,DH000698,21/03/2026,02/04/2026,3630400.0,2330800.0,1299600.0
hd009350,dh004295,21/03/2026,05/06/2026,59269400.0,32332100.0,26937300.0
hd009351,DH900001,19/03/2026,31/03/2026,197600.0,197600.0,0.0
hd009352,dh004929,20/03/2026,01/04/2026,234000.0,234000.0,0.0
hd009353,dh007815,21/03/2026,04/04/2026,4079600.0,4079600.0,0.0
hd009354,dh009844,20/03/2026,12/05/2026,143855400.0,143855400.0,0.0
hd009355,DH900006,20/03/2026,26/05/2026,600443600.0,600443600.0,0.0
HD009356,dh007620,19/03/2026,21/05/2026,528240600.0,528240600.0,0.0
hd009357,dh004173,19/03/2026,01/04/2026,4600800.0,4600800.0,0.0
hd009358,,21/03/2026,04/04/2026,2829000.0,2829000.0,0.0
HD009359,dh006100,22/03/2026,07/06/2026,573921000.0,573921000.0,0.0
HD009360,DH008273,20/03/2026,30/03/2026,46000.0,46000.0,0.0
hd009361,dh005802,19/03/2026,30/03/2026,518600.0,518600.0,0.0
HD009362,,19/03/2026,27/03/2026,3091200.0,2170200.0,921000.0
hd009363,dh008961,22/03/2026,13/05/2026,267998000.0,86516900.0,181481100.0
hd009364,dh004250,22/03/2026,30/05/2026,296867600.0,18326100.0,278541500.0
hd009365,DH002795,22/03/2026,06/04/2026,2480900.0,1339900.0,1141000.0
hd009366,dh001706,19/03/2026,28/03/2026,2264000.0,2264000.0,0.0
HD009367,dh002288,20/03/2026,30/03/2026,5282600.0,5282600.0,0.0
hd009368,dh007911,22/03/2026,24/05/2026,470379000.0,470379000.0,0.0
hd009369,dh001584,22/03/2026,03/04/2026,9615000.0,9615000.0,0.0
hd009370,dh002592,21/03/2026,27/05/2026,201605800.0,201605800.0,0.0
hd009371,dh001222,21/03/2026,12/06/2026,98353800.0,76799200.0,21554600.0
hd009372,dh010374,19/03/2026,02/04/2026,2431700.0,2431700.0,0.0
hd009373,dh009243,19/03/2026,30/03/2026,638800.0,638800.0,0.0
hd009374,dh008870,19/03/2026,01/04/2026,1384000.0,1384000.0,0.0
hd009375,dh010668,21/03/2026,31/03/2026,3165000.0,1989900.0,1175100.0
hd009376,dh001585,20/03/2026,12/05/2026,608388200.0,608388200.0,0.0
hd009377,dh007764,20/03/2026,28/03/2026,10819000.0,7612900.0,3206100.0
HD009378,dh006686,22/03/2026,2026-04-01,210000.0,210000.0,0.0
hd009379,dh008105,20/03/2026,01/04/2026,18293400.0,18293400.0,0.0
hd009380,dh000798,22/03/2026,28/05/2026,230748500.0,230748500.0,0.0
hd009381,dh004579,23/03/2026,05/04/2026,360000.0,360000.0,0.0
hd009382,dh008231,2026-03-21,29/03/2026,2313600.0,26300.0,2287300.0
HD009383,DH009461,21/03/2026,29/03/2026,756000.0,756000.0,0.0
hd009384,DH005100,22/03/2026,14/05/2026,349940000.0,349940000.0,0.0
hd009385,dh004628,24/03/2026,17/06/2026,213565600.0,155700600.0,57865000.0
hd009386,DH900002,22/03/2026,04/04/2026,6537200.0,6537200.0,0.0
HD009387,dh008317,23/03/2026,10/05/2026,141603700.0,5051300.0,136552400.0
hd009388,dh011691,22/03/2026,06/15/2026,168073500.0,98193100.0,69880400.0
hd009389,dh001386,23/03/2026,2026-05-09,225693000.0,149946500.0,75746500.0
hd009390,dh008724,24/03/2026,17/06/2026,559058400.0,559058400.0,0.0
hd009391,DH000753,23/03/2026,07/04/2026,4220000.0,4220000.0,0.0
hd009392,dh010125,22/03/2026,26/05/2026,179813000.0,147315500.0,32497500.0
HD009393,dh010327,23/03/2026,22/05/2026,309440600.0,309440600.0,0.0
hd009394,DH000135,24/03/2026,04/04/2026,2888500.0,2888500.0,0.0
hd009395,dh007569,24/03/2026,14/05/2026,718977800.0,718977800.0,0.0
hd009396,dh010437,25/03/2026,01/04/2026,10605600.0,10605600.0,0.0
hd009397,dh003967,22/03/2026,05/06/2026,214525800.0,214525800.0,0.0
hd009398,dh004189,22/03/2026,28/05/2026,193069700.0,193069700.0,0.0
hd009399,dh001088,24/03/2026,14/06/2026,318147400.0,218227400.0,99920000.0
hd009400,dh005585,23/03/2026,31/03/2026,2964000.0,2964000.0,0.0
hd009401,dh002126,24/03/2026,06/04/2026,4000900.0,4000900.0,0.0
hd009402,dh002181,22/03/2026,04/04/2026,448000.0,448000.0,0.0
hd009403,dh010302,23/03/2026,04/04/2026,812600.0,812600.0,0.0
hd009404,dh001341,25/03/2026,27/05/2026,64536000.0,64536000.0,0.0
hd009405,dh005970,23/03/2026,03/04/2026,16801400.0,16801400.0,0.0
HD009406,dh006136,23/03/2026,07/04/2026,4026600.0,4026600.0,0.0
hd009407,,25/03/2026,08/04/2026,903000.0,903000.0,0.0
hd009408,dh004133,25/03/2026,13/06/2026,159925500.0,98480500.0,61445000.0
hd009409,dh003624,26/03/2026,07/04/2026,620500.0,620500.0,0.0
hd009410,dh002969,24/03/2026,31/03/2026,1388300.0,1388300.0,0.0
hd009411,dh011310,26/03/2026,05/04/2026,2511000.0,2320400.0,190600.0
hd009412,dh006237,23/03/2026,18/06/2026,138705100.0,3981400.0,134723700.0
hd009413,dh001923,23/03/2026,11/05/2026,98829200.0,98829200.0,0.0
HD009414,dh007583,25/03/2026,05/04/2026,6929200.0,6929200.0,0.0
HD009415,dh011260,26/03/2026,27/05/2026,435405600.0,435405600.0,0.0
HD009416,DH005406,24/03/2026,10/06/2026,537714000.0,537714000.0,0.0
hd009417,dh000370,24/03/2026,17/06/2026,276983000.0,276983000.0,0.0
hd009418,dh000347,25/03/2026,04/09/2026,9065200.0,9065200.0,0.0
hd009419,dh006132,24/03/2026,02/04/2026,102600.0,102600.0,0.0
hd009420,DH010013,23/03/2026,09/05/2026,202149900.0,202149900.0,0.0
hd009421,dh003914,25/03/2026,08/04/2026,3060600.0,3060600.0,0.0
HD009422,dh006511,25/03/2026,06/04/2026,1614000.0,1614000.0,0.0
hd009423,dh005748,23/03/2026,27/05/2026,241275200.0,241275200.0,0.0
hd009424,dh003970,27/03/2026,08/04/2026,4518000.0,3242800.0,1275200.0
hd009425,dh006685,26/03/2026,2026-04-02,1730400.0,1730400.0,0.0
hd009426,dh004510,24/03/2026,29/05/2026,55084400.0,42573300.0,12511100.0
hd009427,dh008356,24/03/2026,08/04/2026,18452000.0,18452000.0,0.0
hd009428,dh008784,24/03/2026,07/04/2026,2015800.0,663000.0,1352800.0
HD009429,dh002709,25/03/2026,15/06/2026,115472800.0,68897800.0,46575000.0
hd009430,dh005738,28/03/2026,15/05/2026,305348800.0,305348800.0,0.0
hd009431,dh011721,26/03/2026,19/05/2026,369702100.0,369702100.0,0.0
hd009432,dh003308,25/03/2026,08/04/2026,439200.0,439200.0,0.0
hd009433,dh004366,25/03/2026,16/06/2026,139962200.0,10163600.0,129798600.0
hd009434,dh006041,27/03/2026,11/04/2026,189000.0,189000.0,0.0
HD009435,dh001592,25/03/2026,07/04/2026,8219500.0,8219500.0,0.0
hd009436,dh006630,25/03/2026,03/04/2026,1536100.0,1536100.0,0.0
hd009437,dh001818,03/25/2026,03/04/2026,2174400.0,2174400.0,0.0
hd009438,dh004224,26/03/2026,18/05/2026,310576700.0,292060100.0,18516600.0
hd009439,dh002800,26/03/2026,09/04/2026,929300.0,929300.0,0.0
HD009440,dh002527,26/03/2026,06/04/2026,11532000.0,11532000.0,0.0
hd009441,dh006140,29/03/2026,03/06/2026,139871900.0,139871900.0,0.0
hd009442,dh005553,26/03/2026,09/04/2026,1020000.0,1020000.0,0.0
hd009443,dh001979,27/03/2026,09/04/2026,2930000.0,2930000.0,0.0
HD009444,dh001259,27/03/2026,05/04/2026,513000.0,513000.0,0.0
hd009445,dh008362,26/03/2026,02/04/2026,9775500.0,9775500.0,0.0
HD009446,DH900001,28/03/2026,21/05/2026,271784600.0,271784600.0,0.0
hd009447,dh006847,27/03/2026,10/04/2026,10918000.0,10918000.0,0.0
HD009448,dh008051,29/03/2026,18/05/2026,64297700.0,12673300.0,51624400.0
hd009449,dh001168,27/03/2026,06/23/2026,224257400.0,198851500.0,25405900.0
hd009450,DH900002,28/03/2026,18/05/2026,518032100.0,518032100.0,0.0
hd009451,DH009451,29/03/2026,13/06/2026,128805800.0,44578300.0,84227500.0
hd009452,dh010094,27/03/2026,10/04/2026,4365200.0,4365200.0,0.0
hd009453,DH004077,30/03/2026,06/04/2026,1088000.0,942700.0,145300.0
hd009454,,28/03/2026,15/05/2026,462666800.0,147972700.0,314694100.0
hd009455,dh005415,2026-03-29,17/06/2026,229902000.0,226078100.0,3823900.0
hd009456,dh011920,27/03/2026,04/04/2026,263000.0,263000.0,0.0
HD009457,DH005107,30/03/2026,29/05/2026,134750800.0,134750800.0,0.0
hd009458,dh008355,29/03/2026,13/05/2026,313375600.0,22700700.0,290674900.0
hd009459,dh011179,28/03/2026,17/06/2026,294775400.0,117070300.0,177705100.0
hd009460,dh003496,29/03/2026,21/05/2026,923602800.0,923602800.0,0.0
hd009461,dh008953,30/03/2026,07/06/2026,291017800.0,291017800.0,0.0
hd009462,dh005450,29/03/2026,13/04/2026,2609000.0,2609000.0,0.0
HD009463,dh006215,28/03/2026,10/04/2026,362100.0,84400.0,277700.0
hd009464,dh005383,28/03/2026,04/04/2026,5920000.0,5920000.0,0.0
HD009465,dh007019,28/03/2026,21/06/2026,148276800.0,148276800.0,0.0
hd009466,dh004970,30/03/2026,12/04/2026,1224300.0,1224300.0,0.0
hd009467,dh005845,31/03/2026,11/04/2026,910500.0,910500.0,0.0
hd009468,dh003792,30/03/2026,15/05/2026,506626900.0,218531900.0,288095000.0
hd009469,dh009043,29/03/2026,04/06/2026,6308000.0,6308000.0,0.0
hd009470,dh003011,30/03/2026,14/06/2026,366433800.0,256442000.0,109991800.0
hd009471,dh000293,30/03/2026,31/05/2026,113085600.0,113085600.0,0.0
hd009472,DH011070,30/03/2026,08/04/2026,8076000.0,8076000.0,0.0
hd009473,dh001441,29/03/2026,07/06/2026,410069400.0,242334600.0,167734800.0
hd009474,dh000779,31/03/2026,09/04/2026,30000.0,30000.0,0.0
hd009475,dh009272,31/03/2026,09/04/2026,3132000.0,3132000.0,0.0
hd009476,dh003086,30/03/2026,08/04/2026,5349400.0,5349400.0,0.0
HD009477,dh005054,30/03/2026,20/05/2026,319644600.0,235886000.0,83758600.0
hd009478,dh004164,01/04/2026,17/05/2026,604722100.0,465568500.0,139153600.0
hd009479,dh008996,30/03/2026,09/04/2026,2296000.0,2296000.0,0.0
hd009480,,30/03/2026,25/05/2026,165288600.0,165288600.0,0.0
hd009481,dh001707,01/04/2026,22/05/2026,102673500.0,87451200.0,15222300.0
HD009482,,29/03/2026,25/05/2026,32868400.0,10619300.0,22249100.0
HD009483,dh007442,29/03/2026,10/06/2026,445783200.0,167707300.0,278075900.0
hd009484,dh011519,29/03/2026,22/05/2026,122465000.0,114325700.0,8139300.0
hd009485,DH004440,01/04/2026,14/06/2026,321033300.0,32847200.0,288186100.0
hd009486,dh002733,30/03/2026,06/04/2026,91000.0,91000.0,0.0
hd009487,dh008717,01/04/2026,24/06/2026,138912800.0,114608600.0,24304200.0
hd009488,dh010951,31/03/2026,07/06/2026,556410000.0,266263000.0,290147000.0
hd009489,dh007048,31/03/2026,08/04/2026,2016000.0,2016000.0,0.0
hd009490,dh004150,30/03/2026,10/06/2026,481587900.0,61060700.0,420527200.0
hd009491,dh006110,01/04/2026,13/04/2026,13729500.0,13729500.0,0.0
HD009492,dh003805,30/03/2026,08/04/2026,3575000.0,3575000.0,0.0
hd009493,dh004499,30/03/2026,12/04/2026,9817700.0,9817700.0,0.0
HD009494,,31/03/2026,25/06/2026,241652400.0,241652400.0,0.0
HD009495,dh004635,30/03/2026,11/04/2026,12149200.0,12149200.0,0.0
HD009496,dh000953,31/03/2026,22/06/2026,107671200.0,107671200.0,0.0
hd009497,DH010734,2026-03-31,04/06/2026,150542600.0,150542600.0,0.0
hd009498,dh000549,01/04/2026,13/04/2026,1080000.0,1080000.0,0.0
hd009499,dh001722,03/04/2026,12/04/2026,8760400.0,8760400.0,0.0
hd009500,dh000058,31/03/2026,12/04/2026,189000.0,189000.0,0.0
hd009501,dh008633,01/04/2026,15/04/2026,1284000.0,1284000.0,0.0
hd009502,dh000504,03/04/2026,08/06/2026,371156000.0,290754900.0,80401100.0
hd009503,dh002470,31/03/2026,10/04/2026,285600.0,285600.0,0.0
hd009504,dh009637,31/03/2026,08/04/2026,2992000.0,2992000.0,0.0
hd009505,dh009012,31/03/2026,28/05/2026,393317300.0,244833600.0,148483700.0
hd009506,dh010829,01/04/2026,08/06/2026,367981100.0,20205200.0,347775900.0
hd009507,dh005729,01/04/2026,12/04/2026,1747000.0,1747000.0,0.0
hd009508,dh009571,01/04/2026,12/04/2026,2853600.0,2853600.0,0.0
hd009509,dh000634,03/04/2026,10/04/2026,179600.0,179600.0,0.0
HD009510,dh001690,31/03/2026,19/06/2026,287937800.0,22909900.0,265027900.0
hd009511,dh001325,02/04/2026,07/06/2026,334291000.0,94251100.0,240039900.0
hd009512,DH900009,04/04/2026,28/06/2026,445841100.0,445841100.0,0.0
hd009513,DH900008,03/04/2026,16/04/2026,2294000.0,2294000.0,0.0
hd009514,DH900002,02/04/2026,16/04/2026,288000.0,288000.0,0.0
HD009515,dh003511,01/04/2026,21/06/2026,161878700.0,57315200.0,104563500.0
hd009516,dh006129,04/04/2026,11/04/2026,4404200.0,4404200.0,0.0
hd009517,dh004723,01/04/2026,17/05/2026,80382000.0,1437400.0,78944600.0
HD009518,dh007629,02/04/2026,22/05/2026,238784600.0,161041100.0,77743500.0
hd009519,dh000617,02/04/2026,30/06/2026,370369900.0,136139000.0,234230900.0
hd009520,dh008031,04/04/2026,18/04/2026,328000.0,328000.0,0.0
hd009521,dh001396,02/04/2026,12/04/2026,567600.0,567600.0,0.0
hd009522,dh007568,03/04/2026,07/06/2026,474255200.0,474255200.0,0.0
hd009523,dh007616,02/04/2026,09/04/2026,2018800.0,2018800.0,0.0
hd009524,dh001204,03/04/2026,23/06/2026,242909200.0,242909200.0,0.0
hd009525,,01/04/2026,28/06/2026,476361800.0,476361800.0,0.0
hd009526,dh005149,04/04/2026,17/04/2026,1728000.0,1728000.0,0.0
hd009527,dh005554,02/04/2026,10/04/2026,10159200.0,7640800.0,2518400.0
HD009528,dh000235,02/04/2026,06/19/2026,303553800.0,236651500.0,66902300.0
hd009529,DH006410,03/04/2026,19/05/2026,381643000.0,253295900.0,128347100.0
hd009530,,04/04/2026,17/04/2026,7291500.0,7291500.0,0.0
hd009531,dh003223,03/04/2026,24/05/2026,434876200.0,434876200.0,0.0
hd009532,dh007313,05/04/2026,13/04/2026,432000.0,432000.0,0.0
HD009533,DH007535,05/04/2026,12/04/2026,8923000.0,6000700.0,2922300.0
hd009534,dh001538,02/04/2026,15/04/2026,13914000.0,5525000.0,8389000.0
hd009535,dh009770,04/04/2026,24/05/2026,415122600.0,415122600.0,0.0
hd009536,dh005377,2026-04-02,10/04/2026,4780000.0,4780000.0,0.0
hd009537,DH005881,03/04/2026,19/05/2026,130958300.0,58313000.0,72645300.0
hd009538,,04/04/2026,13/06/2026,217092200.0,147305100.0,69787100.0
hd009539,dh008690,03/04/2026,17/06/2026,210810700.0,210810700.0,0.0
hd009540,dh009579,03/04/2026,12/04/2026,2131600.0,2131600.0,0.0
HD009541,dh002436,06/04/2026,19/04/2026,333000.0,63200.0,269800.0
hd009542,dh003908,06/04/2026,28/05/2026,358852500.0,358852500.0,0.0
hd009543,dh007708,06/04/2026,16/04/2026,2276400.0,2276400.0,0.0
hd009544,dh010070,04/04/2026,18/04/2026,108000.0,108000.0,0.0
hd009545,dh001936,03/04/2026,02/06/2026,217644000.0,217644000.0,0.0
hd009546,dh010747,05/04/2026,14/04/2026,7088000.0,7088000.0,0.0
hd009547,,06/04/2026,05/06/2026,503031400.0,503031400.0,0.0
hd009548,dh009282,05/04/2026,29/06/2026,147889200.0,147889200.0,0.0
HD009549,dh010443,03/04/2026,24/06/2026,195993600.0,92759600.0,103234000.0
hd009550,dh000872,04/04/2026,14/04/2026,1380400.0,1380400.0,0.0
HD009551,dh002102,03/04/2026,14/04/2026,896000.0,896000.0,0.0
hd009552,dh002771,05/04/2026,16/06/2026,176761000.0,176761000.0,0.0
hd009553,dh008889,06/04/2026,19/04/2026,469800.0,469800.0,0.0
hd009554,dh004840,05/04/2026,28/06/2026,74592000.0,74592000.0,0.0
hd009555,DH006173,05/04/2026,31/05/2026,56630800.0,33405000.0,23225800.0
hd009556,dh003425,05/04/2026,20/06/2026,483118200.0,483118200.0,0.0
hd009557,dh001125,06/04/2026,20/04/2026,4790300.0,4790300.0,0.0
HD009558,dh001000,05/04/2026,17/04/2026,4486400.0,4486400.0,0.0
hd009559,dh001804,06/04/2026,01/06/2026,337525800.0,337525800.0,0.0
hd009560,dh008932,04/04/2026,13/04/2026,2392000.0,2392000.0,0.0
hd009561,dh006533,05/04/2026,21/05/2026,645306500.0,76560700.0,568745800.0
hd009562,dh005228,07/04/2026,19/06/2026,62262600.0,9403600.0,52859000.0
HD009563,dh007996,04/04/2026,07/06/2026,42016200.0,16499100.0,25517100.0
HD009564,dh001513,06/04/2026,21/05/2026,347874000.0,233767000.0,114107000.0
hd009565,dh010276,06/04/2026,2026-06-19,219029600.0,18408600.0,200621000.0
HD009566,dh008418,05/04/2026,12/04/2026,1152600.0,1152600.0,0.0
HD009567,dh001764,04/04/2026,18/04/2026,3276600.0,3276600.0,0.0
hd009568,dh007000,05/04/2026,06/08/2026,94913100.0,62830000.0,32083100.0
HD009569,DH900003,07/04/2026,18/06/2026,307897200.0,307897200.0,0.0
hd009570,dh006061,07/04/2026,20/04/2026,1684500.0,1684500.0,0.0
hd009571,dh002551,08/04/2026,09/06/2026,433638800.0,433638800.0,0.0
HD009572,dh011970,07/04/2026,14/04/2026,1195200.0,1195200.0,0.0
hd009573,DH900002,07/04/2026,16/04/2026,12051000.0,12051000.0,0.0
hd009574,dh000352,05/04/2026,18/04/2026,2369700.0,2369700.0,0.0
HD009575,DH009398,06/04/2026,13/04/2026,1473900.0,1473900.0,0.0
HD009576,,08/04/2026,08/06/2026,66378400.0,53653300.0,12725100.0
hd009577,dh000228,08/04/2026,21/04/2026,1459200.0,1459200.0,0.0
hd009578,,04/06/2026,09/06/2026,282795000.0,84870800.0,197924200.0
hd009579,DH009557,07/04/2026,18/04/2026,23033000.0,23033000.0,0.0
hd009580,dh007001,08/04/2026,04/17/2026,255000.0,255000.0,0.0
HD009581,dh004400,07/04/2026,04/06/2026,101961200.0,101961200.0,0.0
HD009582,dh009984,08/04/2026,18/06/2026,236059800.0,24671400.0,211388400.0
hd009583,dh002381,05/04/2026,18/04/2026,3143000.0,3143000.0,0.0
HD009584,dh004204,07/04/2026,29/05/2026,70193300.0,25920900.0,44272400.0
hd009585,dh003270,2026-04-07,30/05/2026,413679600.0,413679600.0,0.0
HD009586,dh004819,05/04/2026,02/07/2026,503040900.0,503040900.0,0.0
hd009587,dh002369,05/04/2026,14/04/2026,3556200.0,3556200.0,0.0
hd009588,dh001904,07/04/2026,26/05/2026,365550000.0,365550000.0,0.0
hd009589,dh002320,06/04/2026,18/04/2026,12597300.0,12597300.0,0.0
hd009590,dh003312,08/04/2026,21/04/2026,1788800.0,1341600.0,447200.0
hd009591,dh006619,08/04/2026,22/04/2026,1560800.0,1560800.0,0.0
hd009592,DH005141,08/04/2026,2026-05-29,353098000.0,353098000.0,0.0
hd009593,,06/04/2026,21/05/2026,327345300.0,176620000.0,150725300.0
hd009594,dh004722,06/04/2026,22/05/2026,243528500.0,243528500.0,0.0
HD009595,dh005511,07/04/2026,20/04/2026,1187000.0,1187000.0,0.0
HD009596,dh006716,06/04/2026,07/06/2026,233570400.0,195815800.0,37754600.0
hd009597,dh004868,07/04/2026,26/05/2026,257717000.0,177714400.0,80002600.0
hd009598,dh000171,07/04/2026,01/07/2026,221373200.0,196604100.0,24769100.0
HD009599,dh008858,09/04/2026,22/04/2026,6558000.0,6558000.0,0.0
hd009600,dh010444,09/04/2026,24/04/2026,7847200.0,7847200.0,0.0
hd009601,,08/04/2026,09/06/2026,20221200.0,378300.0,19842900.0
hd009602,dh011934,07/04/2026,05/07/2026,99003000.0,2508100.0,96494900.0
hd009603,dh008161,08/04/2026,10/06/2026,386060000.0,386060000.0,0.0
hd009604,dh000996,10/04/2026,24/04/2026,1366100.0,1366100.0,0.0
hd009605,DH008779,09/04/2026,23/06/2026,278719500.0,278719500.0,0.0
hd009606,DH009803,09/04/2026,20/04/2026,3213500.0,3213500.0,0.0
hd009607,dh002101,10/04/2026,05/06/2026,327316400.0,179028000.0,148288400.0
hd009608,dh007174,08/04/2026,06/07/2026,51615800.0,38559200.0,13056600.0
HD009609,,08/04/2026,07/04/2026,37428600.0,4444900.0,32983700.0
hd009610,dh010711,08/04/2026,28/06/2026,71822600.0,46054800.0,25767800.0
hd009611,dh003363,2026-04-11,15/06/2026,112630400.0,97239500.0,15390900.0
hd009612,dh008944,10/04/2026,25/04/2026,2030000.0,2030000.0,0.0
HD009613,dh003306,09/04/2026,24/04/2026,1384000.0,1384000.0,0.0
HD009614,dh009961,11/04/2026,21/04/2026,2329400.0,1161500.0,1167900.0
hd009615,dh008197,09/04/2026,16/06/2026,429528600.0,396924000.0,32604600.0
HD009616,dh008873,10/04/2026,20/04/2026,800000.0,800000.0,0.0
hd009617,dh008729,11/04/2026,07/06/2026,51902600.0,3103700.0,48798900.0
hd009618,dh008153,08/04/2026,20/04/2026,3393200.0,3393200.0,0.0
hd009619,dh007552,08/04/2026,17/04/2026,183600.0,183600.0,0.0
hd009620,dh006159,09/04/2026,30/06/2026,375735900.0,375735900.0,0.0
HD009621,dh008737,10/04/2026,10/06/2026,164000400.0,164000400.0,0.0
hd009622,dh001489,08/04/2026,19/04/2026,10536000.0,10536000.0,0.0
HD009623,dh001649,09/04/2026,03/06/2026,527443800.0,466243400.0,61200400.0
hd009624,dh005882,10/04/2026,22/04/2026,10429500.0,10429500.0,0.0
HD009625,dh008527,08/04/2026,30/06/2026,300293000.0,204391900.0,95901100.0
hd009626,dh003199,10/04/2026,04/25/2026,2117000.0,2117000.0,0.0
hd009627,dh004065,10/04/2026,19/06/2026,422012200.0,280557700.0,141454500.0
hd009628,dh008375,10/04/2026,25/04/2026,1312000.0,1312000.0,0.0
hd009629,dh000516,08/04/2026,16/04/2026,4710200.0,3046300.0,1663900.0
hd009630,dh011214,08/04/2026,04/07/2026,117844700.0,117844700.0,0.0
hd009631,dh009827,10/04/2026,24/04/2026,510000.0,510000.0,0.0
hd009632,DH003187,11/04/2026,29/05/2026,287225800.0,287225800.0,0.0
hd009633,dh001070,09/04/2026,01/06/2026,599625500.0,599625500.0,0.0
hd009634,dh007997,11/04/2026,18/04/2026,2678100.0,2374900.0,303200.0
hd009635,DH900008,10/04/2026,11/06/2026,438983500.0,438983500.0,0.0
hd009636,dh011818,09/04/2026,22/04/2026,3784000.0,3784000.0,0.0
HD009637,,12/04/2026,30/06/2026,305064400.0,305064400.0,0.0
hd009638,dh005043,09/04/2026,21/04/2026,2676300.0,2676300.0,0.0
hd009639,dh000088,09/04/2026,04/17/2026,1663000.0,1663000.0,0.0
HD009640,dh008550,10/04/2026,17/04/2026,1240200.0,1240200.0,0.0
hd009641,dh005346,13/04/2026,24/06/2026,160055600.0,5903700.0,154151900.0
hd009642,dh008215,11/04/2026,25/04/2026,270000.0,270000.0,0.0
HD009643,dh002903,12/04/2026,25/04/2026,2941000.0,2941000.0,0.0
hd009644,dh010280,13/04/2026,16/06/2026,124609500.0,124609500.0,0.0
hd009645,dh005785,10/04/2026,23/04/2026,1342100.0,1342100.0,0.0
HD009646,dh002612,10/04/2026,19/06/2026,303615800.0,303615800.0,0.0
hd009647,DH900001,11/04/2026,19/06/2026,268413600.0,128668400.0,139745200.0
HD009648,dh003258,11/04/2026,19/04/2026,4056000.0,4056000.0,0.0
hd009649,dh008958,13/04/2026,22/04/2026,1352000.0,1352000.0,0.0
hd009650,dh010803,04/13/2026,04/25/2026,5061900.0,5061900.0,0.0
HD009651,dh008056,10/04/2026,28/06/2026,439498400.0,439498400.0,0.0
hd009652,dh001126,10/04/2026,27/06/2026,653975400.0,363574300.0,290401100.0
hd009653,dh009704,13/04/2026,03/06/2026,371337200.0,371337200.0,0.0
hd009654,dh006164,2026-04-14,21/04/2026,794800.0,794800.0,0.0
hd009655,dh006547,11/04/2026,08/06/2026,132993800.0,128098200.0,4895600.0
hd009656,dh004815,13/04/2026,22/04/2026,1713600.0,1713600.0,0.0
hd009657,dh007220,11/04/2026,22/04/2026,7601600.0,7601600.0,0.0
hd009658,dh004627,13/04/2026,10/06/2026,218386200.0,218386200.0,0.0
hd009659,dh009591,13/04/2026,28/05/2026,76950800.0,73075500.0,3875300.0
hd009660,dh010996,12/04/2026,20/04/2026,9018800.0,9018800.0,0.0
hd009661,dh009874,14/04/2026,24/04/2026,1998900.0,1998900.0,0.0
hd009662,DH006311,14/04/2026,26/04/2026,823600.0,823600.0,0.0
hd009663,dh000245,14/04/2026,04/06/2026,110187800.0,110187800.0,0.0
hd009664,dh002482,12/04/2026,18/06/2026,315709100.0,250186600.0,65522500.0
HD009665,dh004277,12/04/2026,23/04/2026,1116800.0,567000.0,549800.0
hd009666,dh000526,12/04/2026,27/04/2026,8487000.0,8487000.0,0.0
hd009667,dh006062,12/04/2026,05/06/2026,401643200.0,149479900.0,252163300.0
hd009668,dh011509,14/04/2026,02/06/2026,568860800.0,259199800.0,309661000.0
hd009669,dh009219,13/04/2026,28/05/2026,462887400.0,462887400.0,0.0
HD009670,dh002543,14/04/2026,26/04/2026,287000.0,287000.0,0.0
hd009671,,14/04/2026,26/04/2026,1030500.0,1030500.0,0.0
hd009672,dh001012,13/04/2026,24/04/2026,205200.0,205200.0,0.0
hd009673,dh009619,14/04/2026,10/06/2026,109307400.0,109307400.0,0.0
hd009674,dh011099,15/04/2026,27/04/2026,8390000.0,8390000.0,0.0
hd009675,dh008291,13/04/2026,16/06/2026,349931600.0,349931600.0,0.0
hd009676,dh002759,15/04/2026,25/04/2026,1218000.0,1218000.0,0.0
hd009677,dh010600,16/04/2026,19/06/2026,345697900.0,345697900.0,0.0
hd009678,dh011908,15/04/2026,27/04/2026,1381300.0,1381300.0,0.0
hd009679,dh004976,16/04/2026,02/06/2026,132067400.0,26412600.0,105654800.0
hd009680,,15/04/2026,13/06/2026,231230200.0,130959100.0,100271100.0
hd009681,dh008642,13/04/2026,28/04/2026,6415800.0,6415800.0,0.0
hd009682,dh000854,15/04/2026,30/04/2026,508000.0,508000.0,0.0
hd009683,dh010266,14/04/2026,23/04/2026,4681200.0,4681200.0,0.0
hd009684,dh010105,14/04/2026,22/04/2026,3260400.0,1366000.0,1894400.0
hd009685,DH002958,15/04/2026,21/06/2026,193336000.0,66266700.0,127069300.0
hd009686,dh006715,16/04/2026,17/06/2026,439653000.0,327185300.0,112467700.0
hd009687,dh004119,14/04/2026,09/07/2026,463447900.0,463447900.0,0.0
hd009688,,14/04/2026,23/04/2026,3520800.0,3520800.0,0.0
hd009689,dh009402,16/04/2026,27/04/2026,5272600.0,5272600.0,0.0
hd009690,dh011862,14/04/2026,21/04/2026,4117200.0,1931400.0,2185800.0
hd009691,dh009176,17/04/2026,09/06/2026,161288600.0,154905200.0,6383400.0
hd009692,dh008189,15/04/2026,05/06/2026,172825500.0,172711100.0,114400.0
hd009693,dh006176,15/04/2026,17/06/2026,282794400.0,223133400.0,59661000.0
hd009694,dh004172,18/04/2026,03/05/2026,309000.0,94400.0,214600.0
hd009695,dh004602,17/04/2026,07/07/2026,255051700.0,241046200.0,14005500.0
hd009696,dh006577,17/04/2026,07/07/2026,454075600.0,454075600.0,0.0
hd009697,dh007376,18/04/2026,02/05/2026,3578800.0,3578800.0,0.0
hd009698,dh000879,15/04/2026,05/07/2026,323996600.0,64915500.0,259081100.0
hd009699,dh011549,18/04/2026,29/04/2026,3219200.0,3219200.0,0.0
hd009700,dh011242,16/04/2026,28/04/2026,789900.0,789900.0,0.0
hd009701,dh007101,15/04/2026,13/07/2026,519214600.0,310497500.0,208717100.0
hd009702,dh009947,18/04/2026,30/04/2026,3912000.0,3912000.0,0.0
hd009703,dh008900,17/04/2026,25/04/2026,1632400.0,1632400.0,0.0
hd009704,dh011508,16/04/2026,06/06/2026,407323800.0,264751100.0,142572700.0
hd009705,dh000251,17/04/2026,16/07/2026,314135500.0,314135500.0,0.0
HD009706,dh006004,18/04/2026,03/05/2026,3472200.0,1708400.0,1763800.0
HD009707,dh009998,15/04/2026,05/06/2026,224580400.0,36764800.0,187815600.0
hd009708,dh005879,15/04/2026,04/06/2026,275327200.0,275327200.0,0.0
hd009709,dh010083,15/04/2026,21/06/2026,183152800.0,23489300.0,159663500.0
hd009710,dh005451,15/04/2026,23/04/2026,985000.0,985000.0,0.0
hd009711,dh001961,15/04/2026,04/07/2026,658640400.0,275302700.0,383337700.0
hd009712,dh001186,18/04/2026,27/06/2026,242012000.0,242012000.0,0.0
hd009713,dh006662,16/04/2026,23/04/2026,975800.0,975800.0,0.0
hd009714,dh003405,18/04/2026,24/06/2026,256874600.0,91885500.0,164989100.0
hd009715,dh005318,16/04/2026,24/04/2026,1624500.0,1335700.0,288800.0
HD009716,,16/04/2026,02/07/2026,243154600.0,203743400.0,39411200.0
hd009717,dh007507,19/04/2026,2026-05-04,3459500.0,3459500.0,0.0
HD009718,dh006810,19/04/2026,01/05/2026,2034100.0,2034100.0,0.0
HD009719,dh005634,18/04/2026,2026-06-12,313289000.0,51502100.0,261786900.0
hd009720,dh011554,19/04/2026,16/07/2026,106259800.0,106259800.0,0.0
hd009721,dh000600,19/04/2026,01/05/2026,11469000.0,11469000.0,0.0
HD009722,dh003551,19/04/2026,14/06/2026,266924400.0,199829600.0,67094800.0
HD009723,dh000610,16/04/2026,23/04/2026,1413000.0,439100.0,973900.0
hd009724,dh007813,20/04/2026,05/02/2026,564000.0,564000.0,0.0
hd009725,dh006883,18/04/2026,26/04/2026,1443000.0,1443000.0,0.0
hd009726,,20/04/2026,14/07/2026,353769400.0,242444400.0,111325000.0
HD009727,dh005642,20/04/2026,02/05/2026,306000.0,306000.0,0.0
hd009728,dh005335,18/04/2026,13/07/2026,573819900.0,181154200.0,392665700.0
hd009729,dh006290,18/04/2026,02/05/2026,4073100.0,4073100.0,0.0
HD009730,dh004425,17/04/2026,2026-04-24,4378500.0,4378500.0,0.0
hd009731,dh003404,17/04/2026,02/05/2026,1527900.0,1527900.0,0.0
hd009732,DH000183,19/04/2026,22/06/2026,261457900.0,166758000.0,94699900.0
hd009733,dh009425,17/04/2026,30/04/2026,5283700.0,5283700.0,0.0
hd009734,dh001573,19/04/2026,23/06/2026,378973800.0,321049200.0,57924600.0
hd009735,dh012000,17/04/2026,30/04/2026,654000.0,654000.0,0.0
hd009736,dh008594,21/04/2026,13/07/2026,421963600.0,421963600.0,0.0
hd009737,DH900008,20/04/2026,21/06/2026,149312600.0,149312600.0,0.0
hd009738,dh009846,20/04/2026,17/07/2026,549486000.0,473574500.0,75911500.0
hd009739,DH010775,18/04/2026,06/20/2026,87098300.0,87098300.0,0.0
HD009740,dh006988,20/04/2026,29/04/2026,3989900.0,3989900.0,0.0
HD009741,dh002002,18/04/2026,02/05/2026,901400.0,901400.0,0.0
hd009742,dh002110,18/04/2026,22/06/2026,649945000.0,439526100.0,210418900.0
hd009743,dh011295,18/04/2026,25/04/2026,399900.0,399900.0,0.0
hd009744,dh006989,20/04/2026,26/06/2026,109404800.0,109404800.0,0.0
hd009745,dh008977,18/04/2026,27/04/2026,612000.0,425200.0,186800.0
hd009746,dh010517,2026-04-20,07/07/2026,251622400.0,105830600.0,145791800.0
hd009747,dh008005,20/04/2026,03/05/2026,348500.0,348500.0,0.0
hd009748,DH900004,18/04/2026,2026-06-14,135048300.0,85841800.0,49206500.0
hd009749,dh000749,19/04/2026,29/04/2026,1588400.0,1588400.0,0.0
HD009750,DH008499,22/04/2026,17/06/2026,197413200.0,30800200.0,166613000.0
hd009751,dh008762,21/04/2026,04/05/2026,6263300.0,6263300.0,0.0
hd009752,dh008533,19/04/2026,29/06/2026,103716000.0,56533900.0,47182100.0
hd009753,dh009705,19/04/2026,28/04/2026,291000.0,291000.0,0.0
hd009754,DH010011,20/04/2026,15/07/2026,519883600.0,116326800.0,403556800.0
hd009755,dh004031,20/04/2026,12/07/2026,208673400.0,208673400.0,0.0
hd009756,dh003993,2026-04-20,09/07/2026,268898100.0,249699200.0,19198900.0
hd009757,dh003256,19/04/2026,10/06/2026,109136600.0,79225000.0,29911600.0
hd009758,dh011097,21/04/2026,05/05/2026,535500.0,535500.0,0.0
hd009759,dh002010,20/04/2026,16/07/2026,168075400.0,168075400.0,0.0
HD009760,DH007239,19/04/2026,01/05/2026,256000.0,256000.0,0.0
HD009761,dh007249,21/04/2026,29/04/2026,10159200.0,10159200.0,0.0
HD009762,dh007922,22/04/2026,28/06/2026,62960400.0,62960400.0,0.0
hd009763,dh002186,23/04/2026,18/07/2026,228280000.0,226579500.0,1700500.0
hd009764,dh000966,23/04/2026,07/05/2026,13909800.0,13909800.0,0.0
hd009765,dh010399,21/04/2026,06/14/2026,148856400.0,21729800.0,127126600.0
HD009766,dh006317,21/04/2026,30/04/2026,729600.0,729600.0,0.0
HD009767,dh000202,23/04/2026,18/07/2026,143081400.0,143081400.0,0.0
hd009768,dh009709,23/04/2026,2026-04-30,3638000.0,3424200.0,213800.0
HD009769,dh009409,23/04/2026,05/05/2026,136800.0,136800.0,0.0
hd009770,dh008199,04/22/2026,03/05/2026,5215200.0,5215200.0,0.0
hd009771,dh001701,23/04/2026,08/05/2026,6558100.0,6558100.0,0.0
hd009772,dh001487,21/04/2026,25/06/2026,471568200.0,171053300.0,300514900.0
hd009773,dh000900,23/04/2026,03/05/2026,394000.0,394000.0,0.0
hd009774,dh003715,22/04/2026,01/07/2026,108959600.0,108959600.0,0.0
hd009775,dh003735,2026-04-23,02/05/2026,521000.0,521000.0,0.0
hd009776,dh000036,23/04/2026,06/05/2026,314400.0,314400.0,0.0
hd009777,dh004170,24/04/2026,19/06/2026,369038700.0,369038700.0,0.0
hd009778,dh009823,23/04/2026,07/05/2026,15800400.0,15800400.0,0.0
hd009779,dh005615,24/04/2026,17/06/2026,81100400.0,57099600.0,24000800.0
hd009780,dh004314,21/04/2026,29/04/2026,826200.0,826200.0,0.0
hd009781,DH006306,22/04/2026,04/05/2026,13235800.0,13235800.0,0.0
HD009782,dh007288,22/04/2026,05/06/2026,2331000.0,2331000.0,0.0
HD009783,dh005030,22/04/2026,05/05/2026,716600.0,716600.0,0.0
hd009784,dh008235,21/04/2026,03/07/2026,33937600.0,7446000.0,26491600.0
hd009785,dh009995,21/04/2026,07/07/2026,97688700.0,97688700.0,0.0
HD009786,dh010024,23/04/2026,15/06/2026,163169200.0,163169200.0,0.0
hd009787,dh011031,24/04/2026,08/06/2026,116017100.0,116017100.0,0.0
hd009788,dh010806,23/04/2026,11/07/2026,283208400.0,283208400.0,0.0
HD009789,DH001544,22/04/2026,02/05/2026,1873400.0,1723100.0,150300.0
hd009790,DH003128,22/04/2026,05/05/2026,2040000.0,2040000.0,0.0
hd009791,DH011712,22/04/2026,10/07/2026,170891700.0,70059200.0,100832500.0
hd009792,DH010475,24/04/2026,2026-06-29,44314700.0,44314700.0,0.0
hd009793,dh011892,23/04/2026,18/07/2026,38662700.0,38662700.0,0.0
HD009794,dh010892,25/04/2026,07/05/2026,8195000.0,2877200.0,5317800.0
hd009795,dh007724,25/04/2026,11/07/2026,472200600.0,206479300.0,265721300.0
hd009796,DH000810,23/04/2026,05/05/2026,9914400.0,9914400.0,0.0
HD009797,dh001506,23/04/2026,06/05/2026,7105000.0,7105000.0,0.0
hd009798,DH007675,24/04/2026,01/07/2026,305961600.0,305961600.0,0.0
hd009799,dh000667,24/04/2026,08/06/2026,325212200.0,209084500.0,116127700.0
hd009800,dh002346,22/04/2026,26/06/2026,110992000.0,110992000.0,0.0
hd009801,DH900003,24/04/2026,08/05/2026,476000.0,476000.0,0.0
hd009802,dh008969,22/04/2026,02/05/2026,2329000.0,2329000.0,0.0
hd009803,dh003845,26/04/2026,08/05/2026,5555800.0,5555800.0,0.0
hd009804,dh006587,25/04/2026,25/06/2026,968844900.0,299767200.0,669077700.0
hd009805,dh000769,25/04/2026,20/07/2026,141235800.0,88166200.0,53069600.0
hd009806,dh011009,26/04/2026,06/05/2026,2317000.0,2317000.0,0.0
hd009807,dh002945,26/04/2026,08/05/2026,4383000.0,4383000.0,0.0
hd009808,dh004475,25/04/2026,10/06/2026,414880900.0,140344600.0,274536300.0
hd009809,dh007686,26/04/2026,09/07/2026,74608200.0,3609000.0,70999200.0
HD009810,dh003916,23/04/2026,09/07/2026,162991800.0,158256600.0,4735200.0
HD009811,dh003044,25/04/2026,05/05/2026,6698700.0,6698700.0,0.0
hd009812,dh007304,26/04/2026,04/05/2026,2061500.0,2061500.0,0.0
HD009813,dh001582,24/04/2026,29/06/2026,140066400.0,140066400.0,0.0
HD009814,dh005505,26/04/2026,2026-07-20,163339600.0,156808300.0,6531300.0
hd009815,dh010881,26/04/2026,10/05/2026,11553900.0,11553900.0,0.0
HD009816,,24/04/2026,11/06/2026,182753400.0,61629500.0,121123900.0
hd009817,dh002069,23/04/2026,05/05/2026,7049000.0,7049000.0,0.0
hd009818,DH010486,24/04/2026,16/07/2026,163012600.0,101205100.0,61807500.0
hd009819,dh000924,25/04/2026,08/05/2026,2618000.0,2618000.0,0.0
hd009820,dh010852,23/04/2026,23/06/2026,673642000.0,673642000.0,0.0
hd009821,dh005676,26/04/2026,03/05/2026,732600.0,732600.0,0.0
hd009822,dh005403,26/04/2026,04/05/2026,1675400.0,1675400.0,0.0
hd009823,dh000402,27/04/2026,11/05/2026,1281300.0,1281300.0,0.0
hd009824,dh004364,27/04/2026,30/06/2026,50742000.0,50742000.0,0.0
hd009825,dh002435,24/04/2026,02/05/2026,239400.0,239400.0,0.0
hd009826,dh001884,26/04/2026,10/05/2026,1232000.0,1091700.0,140300.0
HD009827,dh004336,26/04/2026,02/07/2026,74852100.0,29821600.0,45030500.0
hd009828,dh002356,04/24/2026,02/07/2026,189257600.0,67296600.0,121961000.0
HD009829,dh007326,27/04/2026,07/05/2026,4444700.0,4444700.0,0.0
hd009830,dh011353,25/04/2026,06/05/2026,2152100.0,2152100.0,0.0
hd009831,dh009509,26/04/2026,11/07/2026,445304200.0,445304200.0,0.0
HD009832,dh007437,26/04/2026,18/06/2026,77139000.0,77139000.0,0.0
hd009833,dh002293,26/04/2026,11/07/2026,185788700.0,185788700.0,0.0
hd009834,DH900005,26/04/2026,05/05/2026,3525200.0,3525200.0,0.0
hd009835,dh010586,26/04/2026,06/05/2026,4531500.0,4531500.0,0.0
HD009836,dh000683,28/04/2026,10/05/2026,1749800.0,1749800.0,0.0
hd009837,dh004960,27/04/2026,24/07/2026,345736600.0,276462400.0,69274200.0
hd009838,dh008781,27/04/2026,06/05/2026,8958500.0,8958500.0,0.0
hd009839,dh007129,25/04/2026,09/05/2026,7441800.0,4824700.0,2617100.0
hd009840,dh005404,28/04/2026,01/07/2026,377903800.0,377903800.0,0.0
hd009841,dh008850,28/04/2026,2026-05-08,2350600.0,2350600.0,0.0
hd009842,dh001694,26/04/2026,26/06/2026,310044400.0,242763000.0,67281400.0
HD009843,dh009224,25/04/2026,07/05/2026,12251900.0,12251900.0,0.0
HD009844,dh009515,25/04/2026,2026-06-29,293626300.0,293626300.0,0.0
hd009845,DH900006,27/04/2026,04/05/2026,819000.0,819000.0,0.0
HD009846,dh002787,27/04/2026,07/05/2026,8837800.0,8837800.0,0.0
hd009847,dh002854,28/04/2026,11/05/2026,6963000.0,6963000.0,0.0
HD009848,DH900003,29/04/2026,12/05/2026,2306600.0,422500.0,1884100.0
hd009849,dh003841,27/04/2026,05/10/2026,1397400.0,1397400.0,0.0
hd009850,dh001869,26/04/2026,23/07/2026,256387400.0,256387400.0,0.0
hd009851,dh004230,28/04/2026,26/06/2026,177822900.0,137553700.0,40269200.0
hd009852,dh001270,29/04/2026,14/05/2026,4383800.0,4383800.0,0.0
HD009853,dh009545,29/04/2026,10/05/2026,6090000.0,6090000.0,0.0
hd009854,dh002639,27/04/2026,17/06/2026,696952200.0,71500600.0,625451600.0
HD009855,dh005971,29/04/2026,09/05/2026,1772500.0,1772500.0,0.0
HD009856,dh003152,27/04/2026,10/05/2026,5755000.0,5755000.0,0.0
hd009857,dh010214,27/04/2026,25/07/2026,69715200.0,69715200.0,0.0
hd009858,dh008553,29/04/2026,07/05/2026,3725800.0,3702500.0,23300.0
HD009859,dh007969,30/04/2026,01/07/2026,80779800.0,53902200.0,26877600.0
HD009860,dh005821,2026-04-29,2026-05-07,384000.0,384000.0,0.0
hd009861,dh001241,28/04/2026,20/07/2026,515938000.0,515938000.0,0.0
hd009862,dh002697,30/04/2026,26/07/2026,410203000.0,410203000.0,0.0
hd009863,dh001689,01/05/2026,16/05/2026,481600.0,481600.0,0.0
hd009864,dh008071,01/05/2026,27/07/2026,108806800.0,46149700.0,62657100.0
hd009865,dh000234,29/04/2026,17/07/2026,124447400.0,124447400.0,0.0
HD009866,DH000821,29/04/2026,14/06/2026,391324200.0,39359000.0,351965200.0
HD009867,dh011202,28/04/2026,06/05/2026,3771000.0,3771000.0,0.0
HD009868,dh005813,30/04/2026,12/05/2026,221400.0,221400.0,0.0
hd009869,dh005171,28/04/2026,07/17/2026,550118000.0,550118000.0,0.0
hd009870,dh001821,28/04/2026,09/05/2026,5905200.0,5905200.0,0.0
HD009871,DH001105,28/04/2026,09/05/2026,288000.0,288000.0,0.0
hd009872,dh001977,28/04/2026,07/05/2026,1852500.0,1852500.0,0.0
hd009873,dh006753,04/29/2026,27/07/2026,185829400.0,125710500.0,60118900.0
hd009874,dh007306,02/05/2026,23/06/2026,353804000.0,2321100.0,351482900.0
hd009875,dh011542,29/04/2026,10/05/2026,624000.0,607900.0,16100.0
hd009876,,29/04/2026,14/05/2026,2211000.0,2211000.0,0.0
hd009877,DH002901,29/04/2026,10/07/2026,388175700.0,380654500.0,7521200.0
hd009878,dh010328,30/04/2026,10/05/2026,15815000.0,15578500.0,236500.0
hd009879,dh004548,30/04/2026,15/05/2026,1020000.0,1020000.0,0.0
hd009880,dh011895,30/04/2026,11/07/2026,273270800.0,273270800.0,0.0
hd009881,dh000540,29/04/2026,10/05/2026,1136700.0,1136700.0,0.0
hd009882,dh009784,01/05/2026,14/05/2026,786200.0,768200.0,18000.0
hd009883,dh004357,29/04/2026,13/05/2026,1200000.0,1200000.0,0.0
hd009884,dh002547,02/05/2026,21/07/2026,409477500.0,409477500.0,0.0
hd009885,dh000689,01/05/2026,08/05/2026,1877500.0,1877500.0,0.0
hd009886,dh004879,03/05/2026,17/05/2026,181200.0,181200.0,0.0
hd009887,dh008172,30/04/2026,14/05/2026,528000.0,528000.0,0.0
HD009888,dh003418,03/05/2026,06/07/2026,355964400.0,355964400.0,0.0
hd009889,dh002817,03/05/2026,20/06/2026,475903600.0,8075600.0,467828000.0
HD009890,dh000856,03/05/2026,15/05/2026,1691600.0,1040700.0,650900.0
hd009891,dh005896,30/04/2026,11/05/2026,8718000.0,3363400.0,5354600.0
hd009892,dh001188,02/05/2026,23/06/2026,285322100.0,285322100.0,0.0
hd009893,dh001482,30/04/2026,12/07/2026,727434700.0,727434700.0,0.0
hd009894,dh009834,30/04/2026,22/07/2026,325726000.0,325726000.0,0.0
hd009895,dh000701,02/05/2026,23/06/2026,104589400.0,44490700.0,60098700.0
hd009896,dh006692,03/05/2026,15/05/2026,2555600.0,2555600.0,0.0
hd009897,dh009030,01/05/2026,2026-05-12,364800.0,364800.0,0.0
hd009898,dh007931,01/05/2026,19/06/2026,421717900.0,421717900.0,0.0
hd009899,dh001239,01/05/2026,10/07/2026,710055600.0,710055600.0,0.0
HD009900,DH005372,01/05/2026,14/05/2026,188000.0,188000.0,0.0
hd009901,dh011758,30/04/2026,12/05/2026,1390000.0,1390000.0,0.0
hd009902,dh003430,02/05/2026,09/07/2026,577794400.0,577794400.0,0.0
hd009903,dh007431,04/05/2026,13/05/2026,1906800.0,1906800.0,0.0
hd009904,dh005051,05/04/2026,17/05/2026,3105900.0,3105900.0,0.0
hd009905,dh007617,02/05/2026,27/06/2026,341686200.0,129980800.0,211705400.0
hd009906,dh002888,01/05/2026,16/06/2026,492287400.0,449949400.0,42338000.0
HD009907,dh002866,04/05/2026,16/07/2026,358098000.0,24979300.0,333118700.0
hd009908,dh003740,03/05/2026,05/17/2026,2715700.0,2715700.0,0.0
HD009909,dh009287,01/05/2026,16/05/2026,7549000.0,7549000.0,0.0
hd009910,DH011281,04/05/2026,12/05/2026,2400000.0,2400000.0,0.0
hd009911,dh008411,04/05/2026,01/07/2026,202805200.0,147445500.0,55359700.0
hd009912,dh000229,02/05/2026,26/06/2026,150155700.0,77575800.0,72579900.0
HD009913,dh007612,03/05/2026,14/05/2026,116800.0,58900.0,57900.0
hd009914,dh004088,04/05/2026,28/07/2026,458899200.0,78040600.0,380858600.0
hd009915,dh004746,01/05/2026,16/06/2026,479897800.0,479897800.0,0.0
hd009916,dh006470,03/05/2026,14/05/2026,202000.0,202000.0,0.0
hd009917,dh009033,02/05/2026,16/06/2026,90596000.0,12834000.0,77762000.0
hd009918,DH900000,01/05/2026,27/07/2026,183262200.0,183262200.0,0.0
hd009919,dh004102,03/05/2026,05/07/2026,376228900.0,257533400.0,118695500.0
hd009920,dh006513,03/05/2026,12/07/2026,245899800.0,19833100.0,226066700.0
hd009921,dh010981,04/05/2026,14/05/2026,1149700.0,1149700.0,0.0
hd009922,dh010252,04/05/2026,12/05/2026,15369400.0,15369400.0,0.0
hd009923,dh007719,05/05/2026,12/05/2026,473000.0,473000.0,0.0
hd009924,DH900005,04/05/2026,27/06/2026,222857100.0,222857100.0,0.0
hd009925,DH005868,04/05/2026,27/06/2026,224509000.0,141095200.0,83413800.0
hd009926,dh001532,05/05/2026,20/05/2026,7214400.0,7214400.0,0.0
hd009927,dh011472,02/05/2026,17/05/2026,7533000.0,7533000.0,0.0
hd009928,dh004074,03/05/2026,14/05/2026,10134000.0,10134000.0,0.0
HD009929,dh004988,05/05/2026,04/07/2026,502457200.0,341153300.0,161303900.0
hd009930,dh000112,04/05/2026,28/06/2026,329863000.0,167357500.0,162505500.0
hd009931,,02/05/2026,17/07/2026,54111000.0,6707900.0,47403100.0
HD009932,DH005400,05/05/2026,17/07/2026,187533800.0,187533800.0,0.0
hd009933,dh008311,03/05/2026,12/05/2026,2422500.0,2422500.0,0.0
hd009934,dh011171,03/05/2026,23/06/2026,142400000.0,142400000.0,0.0
hd009935,dh008777,05/05/2026,02/07/2026,331221800.0,244566800.0,86655000.0
hd009936,dh005414,04/05/2026,13/05/2026,4101600.0,3529100.0,572500.0
hd009937,dh010946,03/05/2026,11/05/2026,5918100.0,5918100.0,0.0
hd009938,,06/05/2026,21/05/2026,8646400.0,8646400.0,0.0
hd009939,DH900006,03/05/2026,19/07/2026,252978500.0,213310400.0,39668100.0
HD009940,dh000399,04/05/2026,19/06/2026,512384400.0,263370600.0,249013800.0
hd009941,,06/05/2026,21/05/2026,419000.0,419000.0,0.0
hd009942,dh006115,05/05/2026,14/05/2026,2937600.0,2937600.0,0.0
HD009943,dh002092,03/05/2026,16/07/2026,713832300.0,713832300.0,0.0
hd009944,dh003512,04/05/2026,27/07/2026,87796100.0,43158300.0,44637800.0
HD009945,DH004494,03/05/2026,06/07/2026,718812600.0,545396800.0,173415800.0
hd009946,dh006972,03/05/2026,30/07/2026,234123000.0,213131700.0,20991300.0
hd009947,dh003998,05/05/2026,20/05/2026,10821400.0,10821400.0,0.0
hd009948,dh004664,06/05/2026,18/05/2026,4386800.0,4386800.0,0.0
HD009949,dh006469,05/05/2026,06/19/2026,421936300.0,421936300.0,0.0
hd009950,dh002684,06/05/2026,14/07/2026,219849000.0,219849000.0,0.0
hd009951,,05/05/2026,28/06/2026,178160300.0,178160300.0,0.0
hd009952,dh005843,05/05/2026,15/05/2026,479800.0,479800.0,0.0
HD009953,DH009684,06/05/2026,05/18/2026,1681000.0,1282500.0,398500.0
hd009954,dh010077,06/05/2026,29/07/2026,112757100.0,47724900.0,65032200.0
hd009955,dh000240,05/05/2026,25/06/2026,185703900.0,48229800.0,137474100.0
hd009956,dh002216,04/05/2026,18/05/2026,1008000.0,1008000.0,0.0
hd009957,DH005387,07/05/2026,05/08/2026,766110800.0,462821200.0,303289600.0
hd009958,dh008088,06/05/2026,24/07/2026,394748800.0,141998100.0,252750700.0
HD009959,dh007259,2026-05-04,16/05/2026,715500.0,715500.0,0.0
hd009960,dh005746,06/05/2026,19/05/2026,1125000.0,1125000.0,0.0
hd009961,dh011914,04/05/2026,14/05/2026,6959000.0,6959000.0,0.0
HD009962,dh004335,07/05/2026,25/06/2026,131268300.0,131268300.0,0.0
hd009963,dh008942,05/05/2026,20/07/2026,204154100.0,204154100.0,0.0
HD009964,DH000167,05/05/2026,2026-07-02,349340600.0,349340600.0,0.0
hd009965,dh007229,05/05/2026,2026-05-19,3370200.0,2096000.0,1274200.0
hd009966,dh009820,07/05/2026,30/07/2026,470673900.0,187740600.0,282933300.0
HD009967,dh010576,08/05/2026,16/05/2026,413000.0,413000.0,0.0
HD009968,dh004171,07/05/2026,20/05/2026,3274000.0,3274000.0,0.0
hd009969,dh001765,06/05/2026,16/05/2026,1152000.0,1152000.0,0.0
HD009970,DH002890,06/05/2026,21/05/2026,6069000.0,6069000.0,0.0
hd009971,dh011326,08/05/2026,22/06/2026,297633400.0,243339100.0,54294300.0
HD009972,dh011954,07/05/2026,02/07/2026,203707900.0,203707900.0,0.0
HD009973,dh010150,06/05/2026,13/05/2026,8634800.0,8634800.0,0.0
hd009974,dh009766,05/05/2026,12/05/2026,779000.0,779000.0,0.0
hd009975,dh002220,05/05/2026,12/05/2026,1720000.0,1475800.0,244200.0
HD009976,dh010103,08/05/2026,18/05/2026,372600.0,372600.0,0.0
HD009977,DH002252,06/05/2026,17/05/2026,2427200.0,2427200.0,0.0
hd009978,dh011153,07/05/2026,22/05/2026,6604600.0,6604600.0,0.0
hd009979,dh008761,06/05/2026,19/05/2026,532200.0,532200.0,0.0
hd009980,dh000438,07/05/2026,22/05/2026,1539000.0,1539000.0,0.0
HD009981,DH000745,06/05/2026,17/05/2026,10702400.0,10702400.0,0.0
hd009982,dh003652,09/05/2026,18/05/2026,7130700.0,7130700.0,0.0
HD009983,DH003263,09/05/2026,18/05/2026,1614400.0,1614400.0,0.0
hd009984,dh000231,08/05/2026,03/08/2026,196479300.0,73398800.0,123080500.0
HD009985,dh001194,09/05/2026,22/05/2026,1506100.0,1506100.0,0.0
hd009986,dh009037,06/05/2026,14/07/2026,144180500.0,68493100.0,75687400.0
hd009987,,07/05/2026,14/05/2026,980000.0,980000.0,0.0
hd009988,dh002711,08/05/2026,18/05/2026,865500.0,865500.0,0.0
hd009989,dh007749,07/05/2026,17/05/2026,1377800.0,1377800.0,0.0
hd009990,dh004066,07/05/2026,16/05/2026,351000.0,351000.0,0.0
hd009991,dh007093,07/05/2026,04/08/2026,119295000.0,119295000.0,0.0
hd009992,DH900001,08/05/2026,20/05/2026,2869200.0,2869200.0,0.0
HD009993,dh003480,07/05/2026,22/05/2026,8744100.0,8744100.0,0.0
hd009994,dh007480,09/05/2026,25/07/2026,177237100.0,129847600.0,47389500.0
hd009995,,10/05/2026,07/13/2026,467928600.0,291039100.0,176889500.0
hd009996,dh008864,08/05/2026,22/05/2026,11259000.0,11259000.0,0.0
hd009997,dh006918,08/05/2026,23/05/2026,802800.0,802800.0,0.0
HD009998,dh005470,07/05/2026,07/07/2026,228134100.0,228134100.0,0.0
hd009999,dh008111,08/05/2026,03/08/2026,354684600.0,61932900.0,292751700.0
HD010000,dh002691,08/05/2026,23/05/2026,1416900.0,844700.0,572200.0
hd010001,dh002563,10/05/2026,24/07/2026,197795400.0,197795400.0,0.0
hd010002,dh002055,07/05/2026,17/05/2026,11972000.0,11972000.0,0.0
hd010003,dh005737,10/05/2026,24/06/2026,18777200.0,18777200.0,0.0
hd010004,dh003206,11/05/2026,27/06/2026,588193000.0,588193000.0,0.0
hd010005,DH900005,08/05/2026,16/05/2026,3885000.0,3885000.0,0.0
hd010006,dh001564,10/05/2026,25/05/2026,22100.0,22100.0,0.0
hd010007,dh011656,11/05/2026,20/05/2026,6164300.0,6164300.0,0.0
hd010008,dh003896,11/05/2026,20/05/2026,5732100.0,5732100.0,0.0
hd010009,DH900008,10/05/2026,03/08/2026,219689200.0,219689200.0,0.0
hd010010,dh004308,10/05/2026,17/05/2026,14428800.0,14428800.0,0.0
hd010011,dh001262,09/05/2026,23/06/2026,231449600.0,188642800.0,42806800.0
hd010012,dh004864,11/05/2026,22/05/2026,3594000.0,3594000.0,0.0
hd010013,dh009384,09/05/2026,21/05/2026,3478100.0,3478100.0,0.0
hd010014,,11/05/2026,04/07/2026,375807000.0,375807000.0,0.0
hd010015,dh003009,10/05/2026,05/08/2026,410257400.0,410257400.0,0.0
hd010016,dh005844,10/05/2026,18/05/2026,1860200.0,1860200.0,0.0
HD010017,dh010743,09/05/2026,23/05/2026,574000.0,382700.0,191300.0
hd010018,dh001777,09/05/2026,04/07/2026,97455000.0,62395300.0,35059700.0
hd010019,dh003085,11/05/2026,04/08/2026,47111400.0,47111400.0,0.0
HD010020,dh004624,09/05/2026,15/07/2026,485320900.0,168418700.0,316902200.0
hd010021,dh010579,12/05/2026,21/05/2026,12433200.0,12433200.0,0.0
hd010022,dh006639,09/05/2026,20/05/2026,1700400.0,918100.0,782300.0
hd010023,dh007311,11/05/2026,05/08/2026,396864000.0,278016200.0,118847800.0
hd010024,dh004990,10/05/2026,11/07/2026,60790200.0,45627600.0,15162600.0
hd010025,dh010016,11/05/2026,05/18/2026,1445400.0,1445400.0,0.0
HD010026,dh003642,12/05/2026,2026-05-22,561000.0,561000.0,0.0
HD010027,dh001656,11/05/2026,24/05/2026,1712000.0,1045100.0,666900.0
hd010028,dh009058,10/05/2026,22/05/2026,1270200.0,1270200.0,0.0
hd010029,dh009186,12/05/2026,08/07/2026,292718100.0,292718100.0,0.0
hd010030,dh010043,11/05/2026,21/05/2026,7616000.0,7616000.0,0.0
hd010031,,13/05/2026,28/05/2026,5278800.0,5278800.0,0.0
hd010032,dh003655,10/05/2026,05/20/2026,597800.0,597800.0,0.0
HD010033,dh007624,12/05/2026,24/05/2026,2319000.0,2319000.0,0.0
HD010034,DH008040,11/05/2026,29/06/2026,47315900.0,47315900.0,0.0
hd010035,dh008081,11/05/2026,12/07/2026,475963000.0,475963000.0,0.0
HD010036,dh006688,11/05/2026,22/05/2026,830000.0,830000.0,0.0
hd010037,dh004693,10/05/2026,17/05/2026,1068200.0,1068200.0,0.0
hd010038,DH000773,10/05/2026,01/07/2026,56195200.0,56195200.0,0.0
hd010039,dh003779,13/05/2026,09/07/2026,102213600.0,102213600.0,0.0
hd010040,dh004143,05/12/2026,04/08/2026,220684300.0,220684300.0,0.0
hd010041,dh001572,10/05/2026,27/07/2026,430119900.0,144507100.0,285612800.0
hd010042,dh009125,11/05/2026,07/14/2026,358293200.0,215998600.0,142294600.0
HD010043,dh003518,11/05/2026,01/07/2026,86329400.0,1020300.0,85309100.0
hd010044,dh000942,10/05/2026,31/07/2026,423006000.0,97578700.0,325427300.0
HD010045,dh001276,13/05/2026,03/07/2026,282629800.0,137430400.0,145199400.0
hd010046,dh008660,13/05/2026,25/05/2026,216800.0,216800.0,0.0
hd010047,DH900009,12/05/2026,21/05/2026,5508000.0,5508000.0,0.0
hd010048,DH009028,14/05/2026,05/27/2026,824000.0,800.0,823200.0
hd010049,dh001586,11/05/2026,01/07/2026,619873600.0,619873600.0,0.0
hd010050,dh007952,11/05/2026,05/26/2026,4419000.0,4419000.0,0.0
hd010051,dh010864,12/05/2026,20/05/2026,1874700.0,1874700.0,0.0
hd010052,dh008425,14/05/2026,08/08/2026,146719800.0,146719800.0,0.0
hd010053,dh001336,11/05/2026,19/05/2026,7200800.0,7134800.0,66000.0
HD010054,dh008658,12/05/2026,06/08/2026,481351000.0,434190600.0,47160400.0
hd010055,DH007119,13/05/2026,06/08/2026,205861200.0,149683000.0,56178200.0
hd010056,dh005805,12/05/2026,20/07/2026,606987400.0,382512500.0,224474900.0
hd010057,dh010583,14/05/2026,27/05/2026,4932000.0,4932000.0,0.0
hd010058,dh004044,12/05/2026,10/07/2026,208977100.0,162959600.0,46017500.0
hd010059,dh003457,13/05/2026,29/07/2026,115926500.0,11279000.0,104647500.0
hd010060,dh002463,13/05/2026,24/05/2026,706500.0,529900.0,176600.0
hd010061,dh009927,12/05/2026,19/05/2026,1882800.0,1882800.0,0.0
HD010062,dh002725,12/05/2026,25/05/2026,376000.0,376000.0,0.0
hd010063,dh011935,11/05/2026,19/05/2026,7594100.0,7594100.0,0.0
hd010064,dh008926,12/05/2026,07/07/2026,309918000.0,309918000.0,0.0
hd010065,dh010026,14/05/2026,26/05/2026,340000.0,340000.0,0.0
hd010066,dh008185,11/05/2026,28/07/2026,163568700.0,163568700.0,0.0
HD010067,dh001379,14/05/2026,23/05/2026,2385000.0,2385000.0,0.0
HD010068,dh000783,12/05/2026,08/08/2026,273635400.0,273635400.0,0.0
hd010069,dh009388,15/05/2026,26/07/2026,266258800.0,266258800.0,0.0
HD010070,dh005285,13/05/2026,23/05/2026,6511100.0,6511100.0,0.0
hd010071,dh004289,12/05/2026,23/05/2026,3828000.0,3828000.0,0.0
hd010072,,15/05/2026,26/05/2026,1995000.0,1995000.0,0.0
HD010073,dh003651,12/05/2026,01/07/2026,451201900.0,451201900.0,0.0
hd010074,dh001832,13/05/2026,22/05/2026,967000.0,967000.0,0.0
hd010075,DH900004,14/05/2026,23/05/2026,3512600.0,2116700.0,1395900.0
HD010076,DH002287,12/05/2026,05/19/2026,4047000.0,4047000.0,0.0
HD010077,dh009667,15/05/2026,05/08/2026,383475900.0,49695200.0,333780700.0
hd010078,dh009112,14/05/2026,26/07/2026,310529000.0,243326800.0,67202200.0
hd010079,dh010850,13/05/2026,27/05/2026,2289400.0,2289400.0,0.0
hd010080,dh008198,15/05/2026,13/07/2026,398193200.0,398193200.0,0.0
hd010081,dh006352,16/05/2026,26/05/2026,997500.0,861700.0,135800.0
hd010082,dh006066,16/05/2026,21/07/2026,251346000.0,196516700.0,54829300.0
HD010083,dh004444,13/05/2026,27/05/2026,1539500.0,1539500.0,0.0
hd010084,dh001807,15/05/2026,07/23/2026,145640600.0,10898200.0,134742400.0
hd010085,DH005856,16/05/2026,28/05/2026,4750200.0,4750200.0,0.0
HD010086,dh010460,13/05/2026,24/05/2026,1781300.0,1781300.0,0.0
hd010087,dh001244,15/05/2026,30/05/2026,3524000.0,2876800.0,647200.0
hd010088,dh006963,13/05/2026,03/07/2026,366261700.0,241244300.0,125017400.0
hd010089,dh002068,16/05/2026,23/05/2026,1094400.0,1094400.0,0.0
hd010090,dh005125,13/05/2026,01/08/2026,157970900.0,103288900.0,54682000.0
hd010091,dh010715,15/05/2026,26/05/2026,4471800.0,4471800.0,0.0
HD010092,dh009317,15/05/2026,11/07/2026,447922900.0,447922900.0,0.0
hd010093,dh010906,13/05/2026,25/07/2026,185779800.0,185779800.0,0.0
hd010094,dh002364,14/05/2026,28/05/2026,10407000.0,10407000.0,0.0
hd010095,dh000554,14/05/2026,28/05/2026,4471600.0,4471600.0,0.0
HD010096,dh007943,16/05/2026,31/05/2026,1466200.0,1466200.0,0.0
hd010097,DH009134,15/05/2026,06/08/2026,191125800.0,28222400.0,162903400.0
hd010098,dh006713,17/05/2026,25/05/2026,2436800.0,2436800.0,0.0
hd010099,dh004595,17/05/2026,11/07/2026,207539700.0,207539700.0,0.0
HD010100,dh009564,14/05/2026,17/07/2026,642111600.0,478077500.0,164034100.0
hd010101,dh007880,16/05/2026,24/05/2026,2491000.0,2491000.0,0.0
HD010102,dh007717,05/14/2026,25/05/2026,3213000.0,3213000.0,0.0
hd010103,dh002560,15/05/2026,25/07/2026,110037400.0,110037400.0,0.0
hd010104,DH900001,15/05/2026,01/07/2026,289856100.0,289856100.0,0.0
HD010105,dh009284,15/05/2026,07/08/2026,321716200.0,252836200.0,68880000.0
hd010106,DH011497,05/16/2026,11/07/2026,1001333800.0,1001333800.0,0.0
hd010107,dh011054,17/05/2026,02/07/2026,317863000.0,317863000.0,0.0
hd010108,dh006286,17/05/2026,29/05/2026,1584000.0,1584000.0,0.0
hd010109,DH900004,15/05/2026,22/05/2026,5598000.0,4094200.0,1503800.0
hd010110,dh001798,16/05/2026,29/05/2026,1569000.0,1569000.0,0.0
hd010111,dh005448,14/05/2026,29/05/2026,174200.0,174200.0,0.0
hd010112,dh002541,14/05/2026,25/07/2026,222100500.0,31616100.0,190484400.0
hd010113,dh003372,14/05/2026,21/05/2026,3079200.0,3079200.0,0.0
hd010114,dh007848,17/05/2026,08/02/2026,663300000.0,512490800.0,150809200.0
hd010115,dh002443,05/17/2026,04/08/2026,399967000.0,399967000.0,0.0
hd010116,dh005520,16/05/2026,01/07/2026,480470400.0,480470400.0,0.0
hd010117,DH000536,16/05/2026,30/05/2026,4227400.0,4227400.0,0.0
hd010118,dh007737,05/18/2026,17/07/2026,245278000.0,119799800.0,125478200.0
HD010119,,18/05/2026,06/08/2026,335528400.0,335528400.0,0.0
HD010120,dh007316,15/05/2026,2026-05-29,216000.0,216000.0,0.0
hd010121,dh005392,17/05/2026,05/07/2026,160954600.0,160954600.0,0.0
HD010122,,15/05/2026,24/05/2026,5033000.0,5033000.0,0.0
hd010123,,15/05/2026,11/07/2026,584653800.0,584653800.0,0.0
hd010124,dh002959,16/05/2026,24/07/2026,325497100.0,98277200.0,227219900.0
hd010125,dh006206,18/05/2026,01/06/2026,762000.0,690300.0,71700.0
hd010126,dh001216,16/05/2026,30/07/2026,373883800.0,373883800.0,0.0
HD010127,dh001781,18/05/2026,11/08/2026,399386900.0,44206400.0,355180500.0
hd010128,dh006323,05/17/2026,25/07/2026,458737500.0,458737500.0,0.0
hd010129,dh004072,16/05/2026,26/05/2026,448700.0,448700.0,0.0
hd010130,dh004898,19/05/2026,30/05/2026,2893800.0,2893800.0,0.0
hd010131,DH002384,18/05/2026,26/05/2026,2744100.0,2744100.0,0.0
hd010132,,16/05/2026,06/08/2026,195010900.0,195010900.0,0.0
hd010133,dh008034,19/05/2026,14/07/2026,573638400.0,66908000.0,506730400.0
hd010134,DH011545,16/05/2026,25/05/2026,3196000.0,3196000.0,0.0
hd010135,dh000861,16/05/2026,20/07/2026,658559400.0,518604100.0,139955300.0
hd010136,dh010919,16/05/2026,27/05/2026,2167900.0,2167900.0,0.0
hd010137,dh011083,18/05/2026,26/05/2026,16306000.0,16306000.0,0.0
hd010138,dh003251,16/05/2026,30/05/2026,5206200.0,5206200.0,0.0
hd010139,dh005506,19/05/2026,01/06/2026,2453800.0,2453800.0,0.0
hd010140,dh008616,19/05/2026,08/07/2026,336591700.0,336591700.0,0.0
hd010141,,19/05/2026,02/06/2026,502200.0,502200.0,0.0
hd010142,dh004108,18/05/2026,03/08/2026,350790600.0,350790600.0,0.0
HD010143,dh003301,17/05/2026,29/05/2026,11857800.0,11857800.0,0.0
HD010144,dh000054,17/05/2026,01/06/2026,7355100.0,7355100.0,0.0
HD010145,dh001946,17/05/2026,01/06/2026,207000.0,207000.0,0.0
HD010146,dh001304,19/05/2026,27/07/2026,367917700.0,367917700.0,0.0
hd010147,dh003330,20/05/2026,18/08/2026,791603300.0,698426200.0,93177100.0
hd010148,dh003473,19/05/2026,28/05/2026,6747000.0,6747000.0,0.0
hd010149,dh006418,20/05/2026,28/07/2026,301443600.0,301443600.0,0.0
HD010150,dh001430,18/05/2026,26/05/2026,4070000.0,4070000.0,0.0
HD010151,dh009893,17/05/2026,2026-07-26,327844100.0,17878500.0,309965600.0
hd010152,dh002797,20/05/2026,29/05/2026,2466000.0,2466000.0,0.0
hd010153,dh008875,17/05/2026,06/07/2026,326508500.0,145213900.0,181294600.0
hd010154,dh003463,18/05/2026,29/05/2026,1675700.0,1675700.0,0.0
hd010155,dh007294,20/05/2026,05/08/2026,361083700.0,114178100.0,246905600.0
hd010156,dh002887,17/05/2026,01/06/2026,11224000.0,11224000.0,0.0
hd010157,dh008815,19/05/2026,02/06/2026,3527800.0,3527800.0,0.0
HD010158,dh004773,19/05/2026,2026-05-31,729000.0,515300.0,213700.0
hd010159,DH900009,18/05/2026,09/07/2026,403108900.0,403108900.0,0.0
hd010160,dh000999,20/05/2026,31/05/2026,10287200.0,10287200.0,0.0
hd010161,DH009702,21/05/2026,16/07/2026,272734600.0,272734600.0,0.0
hd010162,dh008441,18/05/2026,25/05/2026,2672000.0,2672000.0,0.0
hd010163,dh010238,19/05/2026,19/07/2026,112804700.0,46241700.0,66563000.0
hd010164,DH003107,21/05/2026,29/05/2026,20197200.0,20197200.0,0.0
hd010165,dh005826,20/05/2026,12/08/2026,334080400.0,334080400.0,0.0
HD010166,,18/05/2026,30/05/2026,4965000.0,4965000.0,0.0
hd010167,dh006095,19/05/2026,10/08/2026,121274000.0,121274000.0,0.0
hd010168,dh006154,20/05/2026,12/08/2026,179292000.0,179292000.0,0.0
hd010169,dh011216,22/05/2026,30/05/2026,1608000.0,1608000.0,0.0
hd010170,dh009727,19/05/2026,07/27/2026,76735800.0,64719000.0,12016800.0
HD010171,dh005682,19/05/2026,09/08/2026,345670600.0,345177100.0,493500.0
hd010172,dh002111,21/05/2026,01/08/2026,160908500.0,160908500.0,0.0
hd010173,dh002720,22/05/2026,05/06/2026,738000.0,738000.0,0.0
hd010174,DH004202,23/05/2026,04/08/2026,418716700.0,69227300.0,349489400.0
hd010175,dh001801,21/05/2026,05/06/2026,8635000.0,8635000.0,0.0
hd010176,dh006205,23/05/2026,10/07/2026,898899400.0,585573200.0,313326200.0
hd010177,dh008137,21/05/2026,27/07/2026,500706900.0,353414200.0,147292700.0
hd010178,DH900000,23/05/2026,02/08/2026,86068000.0,2903400.0,83164600.0
HD010179,dh011805,20/05/2026,01/08/2026,53465600.0,51918300.0,1547300.0
HD010180,dh000874,22/05/2026,31/05/2026,2397600.0,2397600.0,0.0
hd010181,dh010474,22/05/2026,2026-06-06,1828800.0,1828800.0,0.0
hd010182,dh008960,20/05/2026,17/07/2026,346324200.0,346324200.0,0.0
hd010183,dh002627,24/05/2026,05/06/2026,3846900.0,3846900.0,0.0
HD010184,dh007798,22/05/2026,29/07/2026,608201300.0,500920600.0,107280700.0
hd010185,dh006595,22/05/2026,03/06/2026,2798200.0,2798200.0,0.0
hd010186,dh000053,21/05/2026,31/05/2026,1538600.0,1538600.0,0.0
hd010187,dh010175,23/05/2026,17/07/2026,104010700.0,104010700.0,0.0
HD010188,dh010135,24/05/2026,06/06/2026,3440100.0,3440100.0,0.0
hd010189,dh010673,22/05/2026,07/13/2026,164809600.0,94468700.0,70340900.0
hd010190,dh007916,23/05/2026,19/08/2026,76488800.0,7209500.0,69279300.0
HD010191,dh009379,23/05/2026,30/05/2026,1529200.0,1529200.0,0.0
hd010192,dh008837,23/05/2026,26/07/2026,386610800.0,386610800.0,0.0
HD010193,DH010313,23/05/2026,12/07/2026,290205200.0,20482000.0,269723200.0
hd010194,dh007513,24/05/2026,06/06/2026,10201000.0,10201000.0,0.0
hd010195,dh009262,05/21/2026,29/05/2026,1530000.0,1370200.0,159800.0
hd010196,dh001599,24/05/2026,31/07/2026,230272400.0,230272400.0,0.0
hd010197,dh009710,24/05/2026,01/08/2026,819254800.0,266995900.0,552258900.0
hd010198,,24/05/2026,31/07/2026,466513000.0,158051200.0,308461800.0
HD010199,dh007075,25/05/2026,17/07/2026,166745600.0,166745600.0,0.0
hd010200,dh002843,24/05/2026,03/06/2026,842200.0,842200.0,0.0
hd010201,dh001342,25/05/2026,04/06/2026,4629000.0,4629000.0,0.0
hd010202,dh001067,22/05/2026,05/06/2026,8193900.0,8193900.0,0.0
HD010203,dh005482,22/05/2026,04/06/2026,4220200.0,442500.0,3777700.0
hd010204,dh003170,23/05/2026,21/07/2026,112946200.0,112946200.0,0.0
hd010205,dh006128,23/05/2026,02/08/2026,248330100.0,143287100.0,105043000.0
hd010206,dh004649,24/05/2026,02/08/2026,284087000.0,97860000.0,186227000.0
hd010207,dh000724,23/05/2026,24/07/2026,144909900.0,144909900.0,0.0
hd010208,dh000649,05/25/2026,05/08/2026,72801300.0,45843800.0,26957500.0
hd010209,dh010044,25/05/2026,17/07/2026,503519400.0,503519400.0,0.0
HD010210,DH010744,25/05/2026,07/06/2026,4920500.0,4920500.0,0.0
hd010211,dh006166,22/05/2026,04/08/2026,61683600.0,3536300.0,58147300.0
hd010212,dh000316,2026-05-24,01/06/2026,1773500.0,1773500.0,0.0
hd010213,dh009743,26/05/2026,19/07/2026,166090000.0,166090000.0,0.0
hd010214,dh005023,24/05/2026,17/08/2026,485342000.0,276268600.0,209073400.0
hd010215,dh001363,25/05/2026,04/08/2026,508728700.0,154211200.0,354517500.0
hd010216,dh006478,26/05/2026,04/08/2026,279423900.0,249979000.0,29444900.0
hd010217,dh011730,24/05/2026,17/08/2026,258455400.0,42094800.0,216360600.0
hd010218,dh007389,26/05/2026,11/07/2026,487406200.0,487406200.0,0.0
hd010219,dh006838,26/05/2026,17/08/2026,230440500.0,141501000.0,88939500.0
hd010220,dh007143,26/05/2026,02/06/2026,1313500.0,1041200.0,272300.0
hd010221,DH000279,23/05/2026,01/06/2026,2170800.0,2170800.0,0.0
hd010222,DH010799,23/05/2026,16/08/2026,157438800.0,155907900.0,1530900.0
hd010223,dh006770,24/05/2026,2026-06-07,2229600.0,2229600.0,0.0
hd010224,DH001898,26/05/2026,06/07/2026,16015200.0,16015200.0,0.0
hd010225,dh001131,25/05/2026,01/06/2026,11113000.0,11113000.0,0.0
HD010226,DH011906,26/05/2026,02/08/2026,140552500.0,124767200.0,15785300.0
hd010227,dh002035,25/05/2026,07/06/2026,2562800.0,2245200.0,317600.0
HD010228,dh007879,26/05/2026,04/06/2026,2454200.0,2454200.0,0.0
hd010229,dh003558,24/05/2026,26/07/2026,347927600.0,61417400.0,286510200.0
hd010230,dh010106,27/05/2026,14/08/2026,371494600.0,371494600.0,0.0
hd010231,dh010686,24/05/2026,07/08/2026,643582400.0,643582400.0,0.0
hd010232,dh004014,26/05/2026,06/06/2026,12464800.0,4020200.0,8444600.0
HD010233,dh011078,24/05/2026,23/07/2026,99313600.0,25242500.0,74071100.0
hd010234,dh009613,25/05/2026,03/06/2026,1808600.0,1808600.0,0.0
hd010235,DH009682,24/05/2026,08/06/2026,3078000.0,3078000.0,0.0
hd010236,dh004808,27/05/2026,08/06/2026,1566000.0,1566000.0,0.0
hd010237,dh006502,26/05/2026,11/08/2026,415728000.0,386473000.0,29255000.0
HD010238,DH004239,25/05/2026,04/06/2026,6867000.0,5628000.0,1239000.0
HD010239,dh004181,24/05/2026,06/06/2026,4756600.0,4756600.0,0.0
hd010240,dh009693,25/05/2026,07/06/2026,7487900.0,7487900.0,0.0
HD010241,dh003167,26/05/2026,03/06/2026,202000.0,202000.0,0.0
HD010242,dh007170,25/05/2026,08/08/2026,327775300.0,327775300.0,0.0
hd010243,dh000776,28/05/2026,04/06/2026,1310400.0,1310400.0,0.0
HD010244,dh003104,26/05/2026,06/08/2026,165363100.0,107590800.0,57772300.0
hd010245,dh002528,26/05/2026,18/08/2026,298439900.0,15172200.0,283267700.0
hd010246,dh010370,27/05/2026,28/07/2026,158285800.0,24389600.0,133896200.0
HD010247,dh006069,27/05/2026,23/08/2026,276979400.0,276979400.0,0.0
hd010248,,28/05/2026,04/06/2026,16936000.0,16936000.0,0.0
HD010249,dh008830,27/05/2026,06/08/2026,400238600.0,343309400.0,56929200.0
HD010250,dh009470,26/05/2026,10/08/2026,487290000.0,487290000.0,0.0
hd010251,dh004858,26/05/2026,22/07/2026,172018000.0,172018000.0,0.0
hd010252,dh002048,25/05/2026,09/06/2026,4328800.0,1401100.0,2927700.0
HD010253,dh003184,26/05/2026,02/06/2026,4878000.0,4878000.0,0.0
hd010254,dh008741,27/05/2026,2026-08-21,205435800.0,83197700.0,122238100.0
hd010255,DH900002,26/05/2026,2026-07-19,416266800.0,340551400.0,75715400.0
HD010256,dh002071,27/05/2026,10/06/2026,2260800.0,2260800.0,0.0
HD010257,dh010615,26/05/2026,30/07/2026,24188400.0,16770700.0,7417700.0
hd010258,dh001008,27/05/2026,08/08/2026,290715000.0,36568600.0,254146400.0
hd010259,DH900007,27/05/2026,15/07/2026,311907800.0,311907800.0,0.0
hd010260,dh007049,28/05/2026,07/06/2026,3888200.0,3888200.0,0.0
hd010261,dh000681,29/05/2026,12/06/2026,4827000.0,4827000.0,0.0
HD010262,dh006828,27/05/2026,03/06/2026,806600.0,806600.0,0.0
hd010263,dh009669,28/05/2026,06/06/2026,2306000.0,2306000.0,0.0
hd010264,dh000923,05/29/2026,13/08/2026,574392500.0,574392500.0,0.0
hd010265,dh004333,29/05/2026,13/06/2026,10399800.0,10399800.0,0.0
hd010266,dh006896,26/05/2026,06/06/2026,4330500.0,4330500.0,0.0
hd010267,,27/05/2026,03/06/2026,1296000.0,1296000.0,0.0
HD010268,dh000707,27/05/2026,10/06/2026,3337000.0,3337000.0,0.0
HD010269,DH000288,27/05/2026,20/07/2026,410335100.0,410335100.0,0.0
hd010270,dh002613,30/05/2026,13/06/2026,1924200.0,1924200.0,0.0
hd010271,dh001280,27/05/2026,11/06/2026,156000.0,156000.0,0.0
hd010272,dh011923,29/05/2026,26/08/2026,377028000.0,377028000.0,0.0
hd010273,dh001951,27/05/2026,03/06/2026,685800.0,685800.0,0.0
hd010274,dh009660,28/05/2026,08/06/2026,7765200.0,7765200.0,0.0
HD010275,dh003073,29/05/2026,06/06/2026,3889600.0,3889600.0,0.0
hd010276,dh011832,27/05/2026,27/07/2026,400099400.0,323486600.0,76612800.0
hd010277,dh000321,27/05/2026,06/06/2026,1479100.0,1479100.0,0.0
hd010278,dh010875,30/05/2026,11/06/2026,553200.0,553200.0,0.0
hd010279,dh003903,30/05/2026,27/07/2026,271160900.0,259186400.0,11974500.0
HD010280,,30/05/2026,06/06/2026,4609200.0,4609200.0,0.0
hd010281,dh006393,29/05/2026,22/08/2026,403893700.0,403893700.0,0.0
hd010282,dh008549,29/05/2026,09/06/2026,1182600.0,1182600.0,0.0
hd010283,dh003446,27/05/2026,15/07/2026,745451600.0,745451600.0,0.0
hd010284,dh011334,28/05/2026,11/06/2026,5649000.0,5649000.0,0.0
HD010285,dh009338,29/05/2026,07/06/2026,1928900.0,1928900.0,0.0
hd010286,dh009567,29/05/2026,07/06/2026,4310100.0,4310100.0,0.0
hd010287,dh009316,29/05/2026,18/08/2026,310370400.0,230764500.0,79605900.0
hd010288,DH010894,30/05/2026,11/06/2026,4084200.0,4084200.0,0.0
hd010289,dh002973,31/05/2026,06/08/2026,317498000.0,317498000.0,0.0
hd010290,dh008315,2026-05-28,10/06/2026,2096000.0,2096000.0,0.0
hd010291,dh007325,30/05/2026,06/06/2026,2526900.0,2526900.0,0.0
hd010292,dh005233,28/05/2026,22/07/2026,634274000.0,311813700.0,322460300.0
HD010293,DH001762,29/05/2026,06/06/2026,4926700.0,4926700.0,0.0
hd010294,DH002889,29/05/2026,30/07/2026,79984000.0,58511600.0,21472400.0
hd010295,dh006879,31/05/2026,07/06/2026,8282400.0,6452600.0,1829800.0
HD010296,dh001954,28/05/2026,31/07/2026,224032400.0,169516900.0,54515500.0
hd010297,dh008304,29/05/2026,15/08/2026,651633000.0,651633000.0,0.0
hd010298,dh010093,29/05/2026,08/06/2026,2470000.0,2470000.0,0.0
HD010299,DH003954,29/05/2026,13/06/2026,4384900.0,4384900.0,0.0
hd010300,dh006569,29/05/2026,13/06/2026,1395000.0,1395000.0,0.0
HD010301,dh006268,29/05/2026,06/06/2026,2635200.0,2635200.0,0.0
HD010302,dh003459,29/05/2026,05/06/2026,1510000.0,1510000.0,0.0
hd010303,dh003313,31/05/2026,16/08/2026,379720600.0,379720600.0,0.0
HD010304,dh010538,29/05/2026,16/08/2026,385706600.0,328834900.0,56871700.0
hd010305,dh010498,01/06/2026,28/08/2026,603417700.0,603417700.0,0.0
hd010306,dh004130,31/05/2026,13/06/2026,968500.0,968500.0,0.0
HD010307,dh001837,01/06/2026,13/06/2026,5084600.0,5084600.0,0.0
HD010308,dh005948,01/06/2026,29/08/2026,239523200.0,198244600.0,41278600.0
hd010309,dh009869,01/06/2026,26/07/2026,694972200.0,447378000.0,247594200.0
hd010310,dh010756,30/05/2026,13/06/2026,5438300.0,5438300.0,0.0
hd010311,dh006515,2026-06-01,12/08/2026,529474200.0,4410900.0,525063300.0
HD010312,dh003139,31/05/2026,17/08/2026,86987000.0,35391400.0,51595600.0
hd010313,DH010424,30/05/2026,15/07/2026,148706300.0,148706300.0,0.0
hd010314,dh010082,30/05/2026,16/07/2026,631355700.0,875700.0,630480000.0
hd010315,dh009006,29/05/2026,27/07/2026,398263100.0,84269500.0,313993600.0
hd010316,dh009418,30/05/2026,27/07/2026,68304000.0,68304000.0,0.0
hd010317,dh007077,01/06/2026,06/08/2026,454857100.0,233144900.0,221712200.0
hd010318,dh011595,30/05/2026,28/08/2026,346083200.0,301737100.0,44346100.0
hd010319,dh007761,30/05/2026,21/08/2026,239748000.0,239748000.0,0.0
HD010320,dh006937,01/06/2026,16/06/2026,5094000.0,5094000.0,0.0
HD010321,DH006827,31/05/2026,11/06/2026,1100000.0,1100000.0,0.0
HD010322,dh006721,31/05/2026,05/08/2026,394794700.0,394794700.0,0.0
hd010323,DH002618,02/06/2026,21/08/2026,372282000.0,141325300.0,230956700.0
HD010324,dh006748,30/05/2026,08/08/2026,655434600.0,655434600.0,0.0
hd010325,dh010387,30/05/2026,24/07/2026,539342600.0,175623900.0,363718700.0
HD010326,dh006283,30/05/2026,10/06/2026,228000.0,228000.0,0.0
HD010327,dh010714,31/05/2026,08/06/2026,2465000.0,2465000.0,0.0
HD010328,DH000425,31/05/2026,29/07/2026,772633800.0,772633800.0,0.0
HD010329,dh000469,01/06/2026,19/08/2026,28671200.0,17244000.0,11427200.0
hd010330,dh006664,02/06/2026,27/08/2026,126397100.0,126397100.0,0.0
hd010331,dh009568,31/05/2026,14/08/2026,198484800.0,171830700.0,26654100.0
hd010332,dh000075,01/06/2026,17/08/2026,254244000.0,254244000.0,0.0
HD010333,DH011254,01/06/2026,14/06/2026,1959200.0,1959200.0,0.0
hd010334,dh008132,31/05/2026,09/06/2026,93000.0,93000.0,0.0
hd010335,dh003020,01/06/2026,12/06/2026,170100.0,170100.0,0.0
HD010336,dh004410,30/05/2026,10/06/2026,1120000.0,1120000.0,0.0
hd010337,DH009699,30/05/2026,14/07/2026,140863000.0,104601400.0,36261600.0
hd010338,dh008256,31/05/2026,11/06/2026,1764000.0,1764000.0,0.0
hd010339,dh004438,2026-06-01,11/06/2026,5172000.0,5172000.0,0.0
hd010340,DH003895,03/06/2026,29/08/2026,690137700.0,427454900.0,262682800.0
hd010341,dh009876,01/06/2026,09/06/2026,1261600.0,1261600.0,0.0
HD010342,dh007395,03/06/2026,01/08/2026,295607900.0,295607900.0,0.0
hd010343,dh007380,01/06/2026,15/06/2026,245600.0,245600.0,0.0
hd010344,dh010761,31/05/2026,06/08/2026,508974700.0,353164900.0,155809800.0
hd010345,dh005356,31/05/2026,26/08/2026,681671200.0,681671200.0,0.0
hd010346,dh007346,03/06/2026,15/06/2026,180000.0,174000.0,6000.0
hd010347,dh006390,01/06/2026,27/08/2026,187321000.0,187321000.0,0.0
hd010348,dh011029,01/06/2026,13/08/2026,543407000.0,207776900.0,335630100.0
hd010349,dh005348,31/05/2026,07/06/2026,1131400.0,1131400.0,0.0
hd010350,dh001031,02/06/2026,13/08/2026,104006000.0,19297500.0,84708500.0
hd010351,dh009365,03/06/2026,2026-06-13,5318500.0,5318500.0,0.0
hd010352,DH001404,03/06/2026,14/08/2026,235653000.0,235653000.0,0.0
hd010353,dh008074,03/06/2026,18/06/2026,300000.0,300000.0,0.0
hd010354,dh007755,03/06/2026,01/08/2026,329290900.0,329290900.0,0.0
HD010355,dh011720,04/06/2026,17/08/2026,113116600.0,88435800.0,24680800.0
hd010356,dh002362,02/06/2026,23/07/2026,488896700.0,382430600.0,106466100.0
hd010357,,01/06/2026,18/08/2026,144766800.0,144766800.0,0.0
hd010358,dh004388,04/06/2026,14/06/2026,2211300.0,2211300.0,0.0
HD010359,dh008520,01/06/2026,13/06/2026,1386000.0,1386000.0,0.0
hd010360,dh005621,01/06/2026,20/08/2026,91849500.0,45887300.0,45962200.0
HD010361,,02/06/2026,31/07/2026,17906000.0,17906000.0,0.0
hd010362,dh003556,04/06/2026,12/06/2026,1169600.0,1169600.0,0.0
hd010363,dh007320,04/06/2026,13/06/2026,11282200.0,11282200.0,0.0
hd010364,dh000205,04/06/2026,12/08/2026,341029200.0,341029200.0,0.0
hd010365,dh005704,04/06/2026,30/07/2026,339899700.0,338855600.0,1044100.0
hd010366,dh011079,02/06/2026,29/08/2026,184145100.0,110838100.0,73307000.0
hd010367,dh008127,02/06/2026,16/06/2026,2778000.0,2778000.0,0.0
hd010368,dh010533,05/06/2026,19/08/2026,186426000.0,156088000.0,30338000.0
hd010369,dh006570,04/06/2026,12/06/2026,2361000.0,2361000.0,0.0
hd010370,dh009221,03/06/2026,12/06/2026,2085900.0,2085900.0,0.0
hd010371,dh009496,04/06/2026,14/06/2026,2486000.0,2486000.0,0.0
HD010372,dh000903,03/06/2026,17/06/2026,11114200.0,11114200.0,0.0
HD010373,dh009399,04/06/2026,27/08/2026,315998500.0,251639000.0,64359500.0
hd010374,dh009128,05/06/2026,24/08/2026,519675000.0,372594900.0,147080100.0
hd010375,dh010853,02/06/2026,10/08/2026,308009000.0,108641700.0,199367300.0
hd010376,dh001421,05/06/2026,26/08/2026,661527100.0,470387400.0,191139700.0
HD010377,dh007282,04/06/2026,17/06/2026,7633800.0,7633800.0,0.0
hd010378,dh000254,02/06/2026,21/08/2026,367351000.0,367351000.0,0.0
hd010379,dh004243,06/06/2026,20/06/2026,6314800.0,6017100.0,297700.0
hd010380,dh000471,03/06/2026,14/06/2026,1992000.0,1992000.0,0.0
hd010381,dh004820,03/06/2026,20/07/2026,954601000.0,577599100.0,377001900.0
hd010382,dh010233,04/06/2026,11/06/2026,5481400.0,5481400.0,0.0
hd010383,dh011399,06/06/2026,14/06/2026,7742800.0,7742800.0,0.0
hd010384,dh001210,06/06/2026,19/08/2026,586673800.0,221103700.0,365570100.0
hd010385,dh006051,05/06/2026,19/06/2026,10140100.0,10140100.0,0.0
hd010386,dh000848,05/06/2026,20/06/2026,5691800.0,5691800.0,0.0
hd010387,DH009091,06/06/2026,20/06/2026,662000.0,662000.0,0.0
hd010388,dh002400,04/06/2026,12/08/2026,339336100.0,296900800.0,42435300.0
hd010389,dh007148,06/06/2026,14/06/2026,1743000.0,1743000.0,0.0
hd010390,dh008556,06/06/2026,21/06/2026,781800.0,781800.0,0.0
HD010391,dh008577,05/06/2026,23/07/2026,226426200.0,141897800.0,84528400.0
HD010392,dh000126,06/06/2026,21/06/2026,838600.0,838600.0,0.0
hd010393,dh008053,07/06/2026,26/07/2026,158355500.0,158355500.0,0.0
HD010394,dh009863,05/06/2026,2026-06-18,615000.0,615000.0,0.0
hd010395,dh000449,04/06/2026,27/08/2026,425924700.0,308108400.0,117816300.0
HD010396,dh008414,04/06/2026,16/06/2026,3651000.0,3651000.0,0.0
hd010397,dh002047,07/06/2026,06/08/2026,571583400.0,350832300.0,220751100.0
hd010398,dh001347,05/06/2026,29/07/2026,602329200.0,361410100.0,240919100.0
hd010399,dh009349,07/06/2026,22/06/2026,991100.0,991100.0,0.0
HD010400,dh002735,05/06/2026,17/06/2026,6941900.0,6941900.0,0.0
hd010401,dh008061,05/06/2026,19/06/2026,793800.0,793800.0,0.0
hd010402,dh008337,04/06/2026,20/07/2026,173280000.0,102177000.0,71103000.0
HD010403,dh005992,06/06/2026,20/08/2026,333019000.0,206124400.0,126894600.0
hd010404,dh003303,06/06/2026,19/06/2026,128300.0,128300.0,0.0
hd010405,dh002401,07/06/2026,21/06/2026,909000.0,909000.0,0.0
hd010406,dh000842,07/06/2026,20/06/2026,5544900.0,4979100.0,565800.0
hd010407,dh005594,07/06/2026,18/06/2026,777300.0,777300.0,0.0
HD010408,dh002219,05/06/2026,19/06/2026,5213000.0,989400.0,4223600.0
hd010409,DH900003,05/06/2026,12/06/2026,1091600.0,587400.0,504200.0
hd010410,DH002688,05/06/2026,18/08/2026,287727000.0,201479400.0,86247600.0
hd010411,dh006361,07/06/2026,2026-06-16,1385500.0,1385500.0,0.0
hd010412,,07/06/2026,25/07/2026,196597600.0,196597600.0,0.0
hd010413,dh003055,07/06/2026,21/08/2026,72622600.0,72622600.0,0.0
hd010414,dh009546,2026-06-05,13/06/2026,3741000.0,2371100.0,1369900.0
hd010415,DH009150,05/06/2026,12/06/2026,981800.0,981800.0,0.0
hd010416,DH003325,06/06/2026,2026-07-31,408617100.0,408617100.0,0.0
hd010417,dh010028,06/06/2026,08/08/2026,170115100.0,170115100.0,0.0
hd010418,dh000029,06/06/2026,27/08/2026,210980800.0,134132200.0,76848600.0
hd010419,dh006151,05/06/2026,01/09/2026,326331600.0,326331600.0,0.0
HD010420,dh009573,07/06/2026,23/08/2026,470824200.0,470824200.0,0.0
HD010421,dh010646,08/06/2026,20/06/2026,1299200.0,1299200.0,0.0
HD010422,DH004821,09/06/2026,01/08/2026,575148400.0,377618400.0,197530000.0
hd010423,dh007492,08/06/2026,17/06/2026,6115600.0,6115600.0,0.0
hd010424,dh008979,08/06/2026,16/08/2026,466091600.0,466091600.0,0.0
HD010425,,09/06/2026,17/06/2026,6812000.0,6812000.0,0.0
HD010426,dh002253,08/06/2026,22/06/2026,1663200.0,1663200.0,0.0
hd010427,dh011449,06/06/2026,14/06/2026,5037000.0,5037000.0,0.0
hd010428,dh009788,07/06/2026,29/08/2026,638123800.0,211453300.0,426670500.0
hd010429,dh002133,09/06/2026,2026-06-17,2982000.0,2982000.0,0.0
hd010430,dh009277,08/06/2026,28/08/2026,99175700.0,99175700.0,0.0
hd010431,dh000827,07/06/2026,08/08/2026,413327000.0,181293900.0,232033100.0
hd010432,dh007780,06/06/2026,14/06/2026,975000.0,975000.0,0.0
HD010433,dh008683,06/06/2026,26/07/2026,60802800.0,60802800.0,0.0
hd010434,dh002479,06/06/2026,19/06/2026,4360500.0,4360500.0,0.0
hd010435,dh009550,09/06/2026,15/08/2026,316184400.0,316184400.0,0.0
hd010436,dh005939,07/06/2026,17/06/2026,1129500.0,1129500.0,0.0
hd010437,,09/06/2026,22/06/2026,4856500.0,4856500.0,0.0
HD010438,dh009817,08/06/2026,15/06/2026,726800.0,726800.0,0.0
hd010439,dh010120,10/06/2026,04/09/2026,268957100.0,224672600.0,44284500.0
hd010440,dh010619,10/06/2026,23/06/2026,5502000.0,5502000.0,0.0
hd010441,,09/06/2026,02/08/2026,613881200.0,613881200.0,0.0
HD010442,dh011879,08/06/2026,19/06/2026,1806900.0,1806900.0,0.0
hd010443,dh000566,07/06/2026,19/06/2026,1499000.0,1499000.0,0.0
hd010444,dh006262,07/06/2026,18/06/2026,2247800.0,2247800.0,0.0
hd010445,dh002809,10/06/2026,11/08/2026,333052100.0,145059600.0,187992500.0
hd010446,dh010748,09/06/2026,20/08/2026,161847000.0,149136300.0,12710700.0
hd010447,dh001727,07/06/2026,28/07/2026,330867200.0,330867200.0,0.0
hd010448,dh005955,08/06/2026,22/06/2026,9291000.0,9291000.0,0.0
hd010449,dh008461,09/06/2026,08/08/2026,208503200.0,134155700.0,74347500.0
HD010450,dh001588,10/06/2026,09/08/2026,200277000.0,200277000.0,0.0
hd010451,dh010491,09/06/2026,11/08/2026,40414000.0,40414000.0,0.0
HD010452,DH004823,06/10/2026,02/08/2026,484100500.0,148720000.0,335380500.0
hd010453,,09/06/2026,02/08/2026,138866600.0,138866600.0,0.0
hd010454,dh009745,11/06/2026,25/06/2026,2636000.0,2636000.0,0.0
hd010455,dh005244,09/06/2026,11/08/2026,337235200.0,337235200.0,0.0
hd010456,DH900006,11/06/2026,20/06/2026,6418000.0,6418000.0,0.0
HD010457,dh004770,09/06/2026,17/06/2026,3770600.0,3770600.0,0.0
hd010458,dh009511,10/06/2026,26/07/2026,309538000.0,122834200.0,186703800.0
hd010459,dh006008,11/06/2026,19/06/2026,13725400.0,13725400.0,0.0
hd010460,dh000616,11/06/2026,01/09/2026,15501500.0,1825000.0,13676500.0
hd010461,dh011361,08/06/2026,09/08/2026,161621600.0,161621600.0,0.0
hd010462,dh010248,09/06/2026,17/06/2026,507000.0,507000.0,0.0
HD010463,dh001055,09/06/2026,26/07/2026,270459700.0,29654300.0,240805400.0
hd010464,dh003597,12/06/2026,2026-06-20,16877000.0,16877000.0,0.0
hd010465,dh000477,10/06/2026,18/06/2026,1564800.0,1564800.0,0.0
hd010466,dh001902,10/06/2026,21/06/2026,1641400.0,1009600.0,631800.0
hd010467,dh002574,12/06/2026,05/08/2026,445014000.0,445014000.0,0.0
hd010468,dh003984,11/06/2026,23/06/2026,2269500.0,2269500.0,0.0
hd010469,dh005202,12/06/2026,29/07/2026,59849200.0,59849200.0,0.0
hd010470,dh007733,10/06/2026,28/07/2026,493320900.0,329581700.0,163739200.0
hd010471,dh004885,11/06/2026,18/06/2026,4201000.0,4201000.0,0.0
hd010472,dh008151,12/06/2026,31/07/2026,563669500.0,440880100.0,122789400.0
hd010473,dh005203,12/06/2026,2026-09-04,344696500.0,344696500.0,0.0
hd010474,dh005135,09/06/2026,15/08/2026,502536000.0,474083800.0,28452200.0
hd010475,DH004751,11/06/2026,26/06/2026,264000.0,264000.0,0.0
HD010476,dh004339,09/06/2026,29/07/2026,57758800.0,36298200.0,21460600.0
hd010477,dh000762,11/06/2026,18/08/2026,935461400.0,935461400.0,0.0
hd010478,dh011589,11/06/2026,21/06/2026,351000.0,351000.0,0.0
hd010479,dh000519,13/06/2026,24/08/2026,120532200.0,85084800.0,35447400.0
hd010480,dh010905,11/06/2026,24/06/2026,12856000.0,12856000.0,0.0
hd010481,dh005191,11/06/2026,21/06/2026,3864200.0,3732400.0,131800.0
hd010482,dh005354,11/06/2026,19/06/2026,10428000.0,10428000.0,0.0
hd010483,dh010340,13/06/2026,10/08/2026,297411000.0,265084200.0,32326800.0
HD010484,dh000544,13/06/2026,27/06/2026,2385700.0,2385700.0,0.0
hd010485,dh006751,10/06/2026,16/08/2026,443139000.0,270380800.0,172758200.0
hd010486,dh002911,12/06/2026,30/08/2026,179227200.0,179227200.0,0.0
hd010487,dh001542,11/06/2026,30/07/2026,105137600.0,20681900.0,84455700.0
hd010488,dh006169,10/06/2026,29/08/2026,242785600.0,242785600.0,0.0
hd010489,dh001011,10/06/2026,17/06/2026,1688400.0,1688400.0,0.0
hd010490,dh004011,06/11/2026,08/08/2026,112872800.0,112872800.0,0.0
hd010491,dh010556,10/06/2026,22/06/2026,1370000.0,803700.0,566300.0
hd010492,dh005645,10/06/2026,19/06/2026,3724000.0,3724000.0,0.0
hd010493,dh009445,11/06/2026,26/06/2026,328000.0,328000.0,0.0
hd010494,DH900000,11/06/2026,25/06/2026,2262600.0,1020000.0,1242600.0
hd010495,DH004830,14/06/2026,24/06/2026,458700.0,458700.0,0.0
HD010496,dh005926,14/06/2026,22/06/2026,1101900.0,1101900.0,0.0
hd010497,dh000108,11/06/2026,11/08/2026,322300700.0,224925100.0,97375600.0
hd010498,dh008207,13/06/2026,27/06/2026,3436200.0,3436200.0,0.0
hd010499,DH006233,14/06/2026,03/09/2026,390642900.0,390642900.0,0.0
hd010500,dh002112,14/06/2026,24/06/2026,7032000.0,7032000.0,0.0
hd010501,dh008482,14/06/2026,27/06/2026,2224800.0,2224800.0,0.0
HD010502,dh002405,11/06/2026,26/06/2026,452200.0,452200.0,0.0
HD010503,dh009666,13/06/2026,23/06/2026,7632300.0,7632300.0,0.0
hd010504,dh008288,11/06/2026,20/06/2026,11670000.0,11670000.0,0.0
hd010505,dh009604,13/06/2026,08/08/2026,74383300.0,62747200.0,11636100.0
hd010506,dh007573,12/06/2026,13/08/2026,407582400.0,407582400.0,0.0
hd010507,dh000405,15/06/2026,27/06/2026,1776500.0,1776500.0,0.0
hd010508,dh008176,13/06/2026,01/09/2026,451593000.0,451593000.0,0.0
hd010509,dh001056,13/06/2026,24/06/2026,273600.0,273600.0,0.0
hd010510,dh000638,15/06/2026,26/08/2026,144048100.0,50818500.0,93229600.0
hd010511,dh003537,15/06/2026,02/08/2026,463573400.0,217878600.0,245694800.0
HD010512,,14/06/2026,25/06/2026,3102900.0,3102900.0,0.0
hd010513,dh003063,15/06/2026,26/06/2026,2336400.0,2336400.0,0.0
hd010514,dh007189,15/06/2026,30/06/2026,1990000.0,1990000.0,0.0
HD010515,dh001237,14/06/2026,23/06/2026,2654700.0,2654700.0,0.0
hd010516,dh004281,13/06/2026,26/06/2026,1734000.0,1734000.0,0.0
HD010517,DH000302,14/06/2026,22/06/2026,670600.0,670600.0,0.0
hd010518,dh006415,14/06/2026,08/08/2026,251149200.0,33474100.0,217675100.0
hd010519,,2026-06-13,21/06/2026,5169500.0,4342700.0,826800.0
hd010520,DH004901,13/06/2026,24/06/2026,4300000.0,4300000.0,0.0
hd010521,dh002552,13/06/2026,12/08/2026,233525500.0,233525500.0,0.0
hd010522,dh010496,15/06/2026,25/06/2026,4468500.0,4468500.0,0.0
HD010523,DH003420,16/06/2026,30/06/2026,8891500.0,8891500.0,0.0
hd010524,dh011854,14/06/2026,30/07/2026,96133000.0,58760100.0,37372900.0
hd010525,dh000353,14/06/2026,28/06/2026,250000.0,250000.0,0.0
hd010526,DH009581,16/06/2026,01/07/2026,9537500.0,9537500.0,0.0
hd010527,DH002483,16/06/2026,26/06/2026,6041400.0,6041400.0,0.0
hd010528,dh011428,13/06/2026,24/06/2026,1633000.0,1633000.0,0.0
HD010529,dh003977,15/06/2026,14/08/2026,305258200.0,305258200.0,0.0
HD010530,dh008639,16/06/2026,05/09/2026,358829700.0,276209500.0,82620200.0
hd010531,dh002554,15/06/2026,24/06/2026,2528800.0,2528800.0,0.0
hd010532,dh003664,14/06/2026,26/06/2026,4776500.0,4776500.0,0.0
HD010533,dh005666,14/06/2026,27/06/2026,2747200.0,2747200.0,0.0
hd010534,dh011569,14/06/2026,19/08/2026,295137400.0,52972800.0,242164600.0
HD010535,dh002662,13/06/2026,21/06/2026,1020600.0,1020600.0,0.0
HD010536,dh003169,16/06/2026,20/08/2026,339787800.0,339787800.0,0.0
hd010537,dh005628,17/06/2026,21/08/2026,51192300.0,51192300.0,0.0
hd010538,DH900002,15/06/2026,09/01/2026,265996400.0,100748000.0,165248400.0
hd010539,dh003684,17/06/2026,28/06/2026,1046000.0,1046000.0,0.0
HD010540,dh005223,15/06/2026,06/08/2026,127150300.0,45715500.0,81434800.0
hd010541,dh010095,15/06/2026,29/06/2026,8586500.0,8586500.0,0.0
hd010542,dh011506,14/06/2026,2026-09-01,954251200.0,763332200.0,190919000.0
hd010543,dh010118,15/06/2026,01/08/2026,80333700.0,80333700.0,0.0
hd010544,dh009213,16/06/2026,26/06/2026,10010200.0,10010200.0,0.0
hd010545,dh002834,16/06/2026,19/08/2026,188796000.0,188796000.0,0.0
hd010546,dh008911,16/06/2026,13/08/2026,356640000.0,236963000.0,119677000.0
hd010547,dh000917,17/06/2026,14/09/2026,573547400.0,573547400.0,0.0
hd010548,dh007957,16/06/2026,25/06/2026,1938700.0,1827700.0,111000.0
hd010549,dh010814,15/06/2026,19/08/2026,214022800.0,181008000.0,33014800.0
hd010550,dh003220,15/06/2026,13/09/2026,172406600.0,146996400.0,25410200.0
hd010551,dh002060,15/06/2026,10/09/2026,87556800.0,58886200.0,28670600.0
hd010552,dh002505,17/06/2026,25/06/2026,2989800.0,2989800.0,0.0
HD010553,dh009601,17/06/2026,16/08/2026,149485000.0,125152000.0,24333000.0
hd010554,DH010874,15/06/2026,28/08/2026,280024400.0,280024400.0,0.0
hd010555,dh005402,18/06/2026,05/09/2026,483157300.0,483157300.0,0.0
hd010556,dh002019,17/06/2026,25/08/2026,495884000.0,495884000.0,0.0
hd010557,DH003241,18/06/2026,30/06/2026,8747100.0,8747100.0,0.0
hd010558,dh007960,16/06/2026,01/08/2026,488950000.0,488950000.0,0.0
hd010559,dh003252,18/06/2026,28/06/2026,1827000.0,1693600.0,133400.0
hd010560,dh008816,17/06/2026,26/06/2026,723900.0,723900.0,0.0
hd010561,dh004341,18/06/2026,13/08/2026,240531400.0,240531400.0,0.0
hd010562,dh003730,17/06/2026,25/06/2026,9120600.0,9120600.0,0.0
HD010563,dh009309,18/06/2026,03/07/2026,1197000.0,1197000.0,0.0
hd010564,dh011848,15/06/2026,26/06/2026,2665500.0,2665500.0,0.0
hd010565,,15/06/2026,02/09/2026,215652300.0,93113100.0,122539200.0
HD010566,dh003281,15/06/2026,31/08/2026,295528500.0,295528500.0,0.0
hd010567,dh001711,17/06/2026,02/07/2026,3409200.0,2424200.0,985000.0
hd010568,dh007511,17/06/2026,06/09/2026,595894200.0,595894200.0,0.0
hd010569,dh001705,16/06/2026,02/09/2026,466348600.0,466348600.0,0.0
hd010570,dh003660,19/06/2026,30/06/2026,2369400.0,1550300.0,819100.0
hd010571,dh007588,17/06/2026,01/07/2026,1465000.0,1465000.0,0.0
hd010572,dh005056,19/06/2026,29/06/2026,11286200.0,11286200.0,0.0
hd010573,DH007211,18/06/2026,29/06/2026,1019000.0,1019000.0,0.0
hd010574,dh003603,19/06/2026,01/09/2026,154463400.0,125334700.0,29128700.0
hd010575,dh001224,18/06/2026,29/06/2026,2840700.0,2840700.0,0.0
hd010576,dh009877,17/06/2026,25/06/2026,2790000.0,2035200.0,754800.0
hd010577,dh002755,16/06/2026,01/07/2026,4967500.0,3770700.0,1196800.0
hd010578,dh000155,18/06/2026,01/07/2026,2219000.0,2219000.0,0.0
hd010579,DH006885,17/06/2026,05/08/2026,257549700.0,257549700.0,0.0
hd010580,dh000899,19/06/2026,29/06/2026,4372000.0,759900.0,3612100.0
hd010581,dh002976,06/19/2026,05/09/2026,561931400.0,421504000.0,140427400.0
hd010582,dh000326,18/06/2026,24/08/2026,509672200.0,509672200.0,0.0
hd010583,dh001691,18/06/2026,25/06/2026,45900.0,45900.0,0.0
hd010584,,19/06/2026,08/09/2026,257433000.0,163779200.0,93653800.0
hd010585,dh002257,19/06/2026,01/07/2026,7321000.0,7321000.0,0.0
hd010586,dh004869,19/06/2026,28/06/2026,6763000.0,6763000.0,0.0
HD010587,dh001027,18/06/2026,16/09/2026,295944500.0,203831300.0,92113200.0
hd010588,dh006537,17/06/2026,24/06/2026,8679000.0,2228400.0,6450600.0
HD010589,dh011816,18/06/2026,17/08/2026,294260600.0,294260600.0,0.0
hd010590,dh000124,18/06/2026,04/09/2026,187118000.0,187118000.0,0.0
HD010591,dh004553,06/17/2026,25/06/2026,81600.0,61100.0,20500.0
hd010592,dh004241,19/06/2026,01/09/2026,387687000.0,387687000.0,0.0
hd010593,dh003523,19/06/2026,01/07/2026,7307500.0,3407900.0,3899600.0
hd010594,dh009248,18/06/2026,05/09/2026,365633600.0,171490900.0,194142700.0
HD010595,dh003950,19/06/2026,23/08/2026,493086800.0,493086800.0,0.0
HD010596,dh005890,18/06/2026,02/07/2026,4400400.0,4400400.0,0.0
HD010597,dh004184,18/06/2026,24/08/2026,462882800.0,462882800.0,0.0
HD010598,dh006172,19/06/2026,27/06/2026,1870000.0,1870000.0,0.0
hd010599,DH900004,18/06/2026,07/08/2026,155221600.0,74823800.0,80397800.0
hd010600,DH005428,18/06/2026,25/06/2026,376000.0,376000.0,0.0
hd010601,,17/06/2026,24/06/2026,17857300.0,17857300.0,0.0
HD010602,dh011552,21/06/2026,28/06/2026,11230000.0,11230000.0,0.0
hd010603,dh001597,18/06/2026,04/09/2026,128884000.0,108464400.0,20419600.0
hd010604,dh008350,19/06/2026,29/06/2026,12501300.0,4028100.0,8473200.0
hd010605,DH004846,21/06/2026,10/09/2026,748447100.0,295265300.0,453181800.0
hd010606,dh000467,19/06/2026,27/06/2026,123000.0,85300.0,37700.0
hd010607,dh011186,21/06/2026,2026-07-01,2295400.0,2295400.0,0.0
HD010608,dh004249,19/06/2026,26/06/2026,8933400.0,8933400.0,0.0
hd010609,dh004426,21/06/2026,29/06/2026,6642800.0,6642800.0,0.0
hd010610,dh007530,19/06/2026,27/06/2026,276000.0,238000.0,38000.0
hd010611,dh000639,19/06/2026,30/08/2026,415684400.0,336087600.0,79596800.0
HD010612,dh007192,2026-06-20,07/08/2026,202286000.0,202286000.0,0.0
hd010613,dh006540,19/06/2026,07/01/2026,985400.0,985400.0,0.0
hd010614,dh003504,22/06/2026,07/07/2026,468000.0,468000.0,0.0
HD010615,dh007905,20/06/2026,30/06/2026,10472700.0,10472700.0,0.0
hd010616,dh008501,21/06/2026,22/08/2026,95414200.0,88844600.0,6569600.0
hd010617,dh006431,20/06/2026,2026-09-13,295683000.0,133669100.0,162013900.0
HD010618,dh002321,19/06/2026,04/07/2026,195000.0,195000.0,0.0
hd010619,dh008295,20/06/2026,11/08/2026,160310600.0,160310600.0,0.0
hd010620,dh010666,22/06/2026,14/08/2026,643848400.0,104565900.0,539282500.0
hd010621,dh008931,20/06/2026,03/07/2026,5414500.0,5414500.0,0.0
hd010622,dh009605,19/06/2026,04/07/2026,255000.0,99900.0,155100.0
hd010623,,22/06/2026,2026-09-05,317839900.0,317839900.0,0.0
hd010624,dh011855,20/06/2026,29/08/2026,351071400.0,351071400.0,0.0
HD010625,DH002120,20/06/2026,27/06/2026,4578000.0,4578000.0,0.0
HD010626,dh000333,22/06/2026,30/06/2026,388800.0,76500.0,312300.0
HD010627,dh000373,19/06/2026,04/09/2026,154340200.0,21400000.0,132940200.0
HD010628,DH006274,21/06/2026,2026-08-14,382350800.0,91718500.0,290632300.0
hd010629,dh000069,22/06/2026,06/07/2026,190000.0,190000.0,0.0
hd010630,dh010264,21/06/2026,10/08/2026,203805100.0,20551100.0,183254000.0
hd010631,dh011835,21/06/2026,07/08/2026,221736400.0,6848000.0,214888400.0
HD010632,dh006369,22/06/2026,01/07/2026,879300.0,879300.0,0.0
hd010633,dh000192,19/06/2026,26/06/2026,1215800.0,1215800.0,0.0
hd010634,,21/06/2026,2026-08-17,54707000.0,1722700.0,52984300.0
hd010635,dh004256,22/06/2026,01/07/2026,427500.0,427500.0,0.0
hd010636,DH004466,21/06/2026,16/08/2026,427823400.0,427823400.0,0.0
HD010637,dh007959,22/06/2026,29/06/2026,2868000.0,2147100.0,720900.0
hd010638,dh000520,06/22/2026,29/06/2026,1618300.0,1618300.0,0.0
hd010639,dh010413,23/06/2026,08/07/2026,930000.0,164300.0,765700.0
hd010640,dh002266,23/06/2026,02/07/2026,269000.0,269000.0,0.0
hd010641,,21/06/2026,09/08/2026,579312200.0,579312200.0,0.0
HD010642,dh008824,20/06/2026,02/07/2026,1942600.0,1942600.0,0.0
hd010643,dh008251,23/06/2026,03/07/2026,1691200.0,1691200.0,0.0
hd010644,DH006976,20/06/2026,2026-06-29,23000.0,23000.0,0.0
hd010645,dh008097,23/06/2026,10/09/2026,309541300.0,309541300.0,0.0
hd010646,dh011035,20/06/2026,26/08/2026,22588200.0,22588200.0,0.0
hd010647,dh007859,22/06/2026,07/09/2026,86638500.0,72866900.0,13771600.0
HD010648,dh003710,21/06/2026,09/09/2026,101457800.0,17480200.0,83977600.0
hd010649,dh003042,24/06/2026,08/07/2026,556500.0,556500.0,0.0
hd010650,,23/06/2026,07/08/2026,5004000.0,5004000.0,0.0
hd010651,dh009719,24/06/2026,19/09/2026,368394400.0,368394400.0,0.0
hd010652,dh006118,24/06/2026,21/09/2026,589652200.0,458849100.0,130803100.0
hd010653,,24/06/2026,09/08/2026,161487900.0,153797200.0,7690700.0
HD010654,dh011357,24/06/2026,07/07/2026,336000.0,336000.0,0.0
hd010655,dh011850,22/06/2026,04/07/2026,26221500.0,17642900.0,8578600.0
hd010656,dh011962,21/06/2026,02/09/2026,282204300.0,170730300.0,111474000.0
hd010657,dh010030,21/06/2026,11/09/2026,197203800.0,26121600.0,171082200.0
hd010658,dh008379,23/06/2026,07/07/2026,3492500.0,3492500.0,0.0
hd010659,dh003148,21/06/2026,05/07/2026,6184500.0,6184500.0,0.0
hd010660,dh003776,2026-06-24,04/07/2026,3172500.0,3172500.0,0.0
hd010661,dh005252,21/06/2026,16/09/2026,47970100.0,20639500.0,27330600.0
HD010662,dh009453,23/06/2026,19/08/2026,132783400.0,25896000.0,106887400.0
hd010663,dh010713,21/06/2026,07/08/2026,435361900.0,435361900.0,0.0
hd010664,dh004787,23/06/2026,02/07/2026,2743900.0,2743900.0,0.0
hd010665,dh007477,23/06/2026,01/07/2026,3739800.0,3739800.0,0.0
HD010666,DH001505,25/06/2026,02/07/2026,185000.0,185000.0,0.0
hd010667,dh004138,25/06/2026,05/07/2026,12293000.0,9455900.0,2837100.0
hd010668,dh003653,23/06/2026,21/09/2026,429302500.0,4617300.0,424685200.0
hd010669,DH900005,22/06/2026,04/07/2026,3024000.0,3024000.0,0.0
HD010670,dh006363,24/06/2026,17/09/2026,513570600.0,513570600.0,0.0
HD010671,dh003377,22/06/2026,26/08/2026,225126400.0,55696900.0,169429500.0
HD010672,dh001293,23/06/2026,08/07/2026,12141400.0,12141400.0,0.0
hd010673,dh000016,06/22/2026,15/08/2026,465074000.0,465074000.0,0.0
HD010674,dh007429,23/06/2026,12/09/2026,189807000.0,189807000.0,0.0
hd010675,dh009829,24/06/2026,07/07/2026,114000.0,114000.0,0.0
hd010676,dh007958,23/06/2026,03/07/2026,8350500.0,8350500.0,0.0
HD010677,dh011232,25/06/2026,10/07/2026,954900.0,954900.0,0.0
hd010678,DH004949,25/06/2026,06/07/2026,688000.0,688000.0,0.0
hd010679,dh010782,24/06/2026,03/07/2026,4000500.0,3693000.0,307500.0
hd010680,dh007014,25/06/2026,2026-08-17,252459000.0,37472500.0,214986500.0
hd010681,dh010445,24/06/2026,07/09/2026,267055500.0,267055500.0,0.0
hd010682,dh001927,24/06/2026,18/08/2026,158085400.0,158085400.0,0.0
hd010683,DH900003,23/06/2026,30/06/2026,90000.0,90000.0,0.0
HD010684,dh005743,26/06/2026,08/07/2026,813600.0,813600.0,0.0
hd010685,dh003568,23/06/2026,06/07/2026,10394000.0,10394000.0,0.0
HD010686,dh004570,26/06/2026,06/07/2026,1880100.0,1880100.0,0.0
hd010687,dh007131,23/06/2026,12/08/2026,727234000.0,47105500.0,680128500.0
HD010688,dh008593,26/06/2026,06/09/2026,436742800.0,69151600.0,367591200.0
HD010689,dh008293,25/06/2026,02/07/2026,1148200.0,1148200.0,0.0
HD010690,dh006761,26/06/2026,05/07/2026,358000.0,358000.0,0.0
hd010691,dh011705,26/06/2026,16/08/2026,694274800.0,214436200.0,479838600.0
hd010692,dh006485,26/06/2026,14/09/2026,134136000.0,104746800.0,29389200.0
HD010693,dh004229,23/06/2026,13/09/2026,363713200.0,318925800.0,44787400.0
hd010694,dh011749,25/06/2026,07/07/2026,878800.0,878800.0,0.0
HD010695,DH900006,25/06/2026,07/07/2026,3679400.0,3679400.0,0.0
HD010696,dh001249,24/06/2026,19/08/2026,188534400.0,188534400.0,0.0
hd010697,dh011959,27/06/2026,17/09/2026,183047700.0,183047700.0,0.0
HD010698,dh003237,26/06/2026,06/09/2026,52852600.0,4790900.0,48061700.0
hd010699,DH900002,25/06/2026,09/09/2026,901867500.0,901867500.0,0.0
hd010700,dh009952,27/06/2026,08/07/2026,438900.0,438900.0,0.0
hd010701,dh007441,24/06/2026,08/07/2026,1392000.0,1392000.0,0.0
hd010702,dh005679,25/06/2026,08/20/2026,306709100.0,306709100.0,0.0
hd010703,dh001751,27/06/2026,22/09/2026,289480600.0,289480600.0,0.0
hd010704,dh003120,26/06/2026,08/07/2026,1860900.0,1860900.0,0.0
HD010705,dh009194,25/06/2026,10/07/2026,5177000.0,5177000.0,0.0
hd010706,dh006457,25/06/2026,06/07/2026,761100.0,761100.0,0.0
hd010707,dh007697,25/06/2026,2026-07-10,2150000.0,2150000.0,0.0
HD010708,,26/06/2026,04/07/2026,4202000.0,4202000.0,0.0
HD010709,,26/06/2026,04/07/2026,2761000.0,2761000.0,0.0
hd010710,,27/06/2026,2026-07-04,875800.0,691800.0,184000.0
hd010711,DH006579,26/06/2026,12/08/2026,236788600.0,96663600.0,140125000.0
HD010712,dh008387,24/06/2026,20/09/2026,186916200.0,105986700.0,80929500.0
HD010713,dh010965,26/06/2026,10/09/2026,533585800.0,533585800.0,0.0
hd010714,dh000381,26/06/2026,07/07/2026,2900500.0,2900500.0,0.0
hd010715,dh000317,24/06/2026,09/07/2026,259200.0,259200.0,0.0
hd010716,dh010832,25/06/2026,14/09/2026,320213300.0,320213300.0,0.0
hd010717,dh006407,25/06/2026,12/09/2026,521685000.0,114684500.0,407000500.0
hd010718,dh011146,28/06/2026,04/09/2026,128506000.0,96590100.0,31915900.0
HD010719,dh007594,27/06/2026,21/08/2026,251545700.0,102337200.0,149208500.0
hd010720,dh011751,06/27/2026,07/07/2026,2553000.0,2553000.0,0.0
hd010721,dh004761,26/06/2026,21/08/2026,144367500.0,144367500.0,0.0
hd010722,dh007748,26/06/2026,08/09/2026,292127800.0,292127800.0,0.0
hd010723,dh001298,25/06/2026,06/07/2026,1329000.0,1329000.0,0.0
HD010724,dh002095,25/06/2026,07/07/2026,476000.0,476000.0,0.0
hd010725,dh000177,25/06/2026,10/08/2026,214725600.0,214725600.0,0.0
HD010726,dh004833,28/06/2026,13/09/2026,365895600.0,365895600.0,0.0
hd010727,dh000836,25/06/2026,2026-08-19,292733300.0,292733300.0,0.0
hd010728,DH900003,25/06/2026,06/07/2026,6125000.0,6125000.0,0.0
hd010729,dh008576,28/06/2026,01/09/2026,89774900.0,89774900.0,0.0
HD010730,dh011386,26/06/2026,27/08/2026,569701600.0,81866500.0,487835100.0
hd010731,,27/06/2026,14/08/2026,226707200.0,194435400.0,32271800.0
hd010732,DH900005,28/06/2026,18/09/2026,135386500.0,19262100.0,116124400.0
HD010733,dh001839,28/06/2026,07/07/2026,850000.0,850000.0,0.0
hd010734,dh006480,29/06/2026,28/08/2026,373577300.0,373577300.0,0.0
hd010735,dh000930,27/06/2026,06/07/2026,2590000.0,2590000.0,0.0
HD010736,dh009021,28/06/2026,25/08/2026,214837800.0,58666000.0,156171800.0
HD010737,dh006777,29/06/2026,23/09/2026,351713500.0,281348400.0,70365100.0
hd010738,dh002059,27/06/2026,17/09/2026,654021300.0,654021300.0,0.0
HD010739,dh011994,27/06/2026,11/07/2026,376000.0,241600.0,134400.0
hd010740,dh006697,28/06/2026,10/09/2026,692795300.0,617034900.0,75760400.0
HD010741,dh005338,29/06/2026,14/07/2026,3276100.0,3276100.0,0.0
HD010742,dh005132,27/06/2026,10/07/2026,516000.0,516000.0,0.0
hd010743,dh000314,29/06/2026,23/09/2026,373440000.0,185089900.0,188350100.0
hd010744,dh006871,26/06/2026,07/07/2026,1516900.0,1516900.0,0.0
hd010745,dh001106,27/06/2026,09/09/2026,545390400.0,545390400.0,0.0
hd010746,dh007010,27/06/2026,09/07/2026,348500.0,348500.0,0.0
HD010747,dh010380,27/06/2026,09/07/2026,1758000.0,1758000.0,0.0
hd010748,,29/06/2026,15/08/2026,115323600.0,80349800.0,34973800.0
HD010749,DH900001,26/06/2026,03/07/2026,6956400.0,6956400.0,0.0
hd010750,,28/06/2026,05/07/2026,12393000.0,12393000.0,0.0
hd010751,DH009114,30/06/2026,15/07/2026,2367000.0,2367000.0,0.0
hd010752,dh002208,29/06/2026,12/07/2026,2833000.0,2833000.0,0.0
HD010753,dh005761,30/06/2026,15/07/2026,1513000.0,100.0,1512900.0
hd010754,dh004472,29/06/2026,11/07/2026,1107000.0,1107000.0,0.0
hd010755,dh011530,28/06/2026,18/09/2026,232821800.0,8976100.0,223845700.0
hd010756,DH001841,30/06/2026,13/07/2026,3179000.0,3179000.0,0.0
HD010757,dh002611,30/06/2026,09/07/2026,1764000.0,1764000.0,0.0
hd010758,dh004046,30/06/2026,05/09/2026,276190600.0,210723500.0,65467100.0
hd010759,dh010918,06/28/2026,08/07/2026,1365100.0,1365100.0,0.0
hd010760,dh005983,27/06/2026,25/09/2026,127050000.0,78182300.0,48867700.0
hd010761,dh011550,27/06/2026,24/08/2026,475853400.0,333935500.0,141917900.0
hd010762,DH003848,29/06/2026,07/07/2026,737200.0,558300.0,178900.0
HD010763,dh000599,29/06/2026,12/09/2026,278129400.0,278129400.0,0.0
HD010764,dh008997,28/06/2026,13/09/2026,194638000.0,21372300.0,173265700.0
hd010765,dh000766,01/07/2026,02/09/2026,354975900.0,20286300.0,334689600.0
hd010766,dh006219,28/06/2026,22/09/2026,299730300.0,299730300.0,0.0
hd010767,DH000345,30/06/2026,2026-07-11,9100800.0,6593000.0,2507800.0
hd010768,dh008236,01/07/2026,21/08/2026,347249000.0,347249000.0,0.0
hd010769,dh003198,30/06/2026,09/09/2026,263491600.0,263491600.0,0.0
hd010770,dh003885,30/06/2026,13/07/2026,891000.0,425400.0,465600.0
hd010771,dh000219,30/06/2026,07/07/2026,1848000.0,1848000.0,0.0
hd010772,dh004092,28/06/2026,06/07/2026,1750000.0,1750000.0,0.0
hd010773,dh006171,30/06/2026,17/08/2026,412100000.0,247967700.0,164132300.0
hd010774,dh005236,29/06/2026,11/07/2026,228600.0,228600.0,0.0
hd010775,dh005366,02/07/2026,16/07/2026,14670000.0,14670000.0,0.0
HD010776,dh000596,07/02/2026,09/07/2026,979000.0,979000.0,0.0
hd010777,dh010156,02/07/2026,13/09/2026,344978000.0,344978000.0,0.0
hd010778,dh003593,02/07/2026,28/08/2026,138122100.0,6459000.0,131663100.0
hd010779,dh008209,02/07/2026,24/09/2026,103145800.0,8827900.0,94317900.0
hd010780,DH900006,02/07/2026,07/09/2026,282573000.0,181421000.0,101152000.0
hd010781,DH000056,01/07/2026,09/07/2026,2521000.0,2521000.0,0.0
HD010782,DH005722,2026-06-30,15/08/2026,152398200.0,152398200.0,0.0
hd010783,dh011033,2026-07-01,13/07/2026,1650000.0,1115400.0,534600.0
hd010784,dh005684,29/06/2026,13/09/2026,297673500.0,297673500.0,0.0
hd010785,dh006064,30/06/2026,06/09/2026,736019000.0,736019000.0,0.0
hd010786,dh011677,01/07/2026,18/08/2026,888756000.0,231328000.0,657428000.0
hd010787,dh011718,01/07/2026,15/07/2026,1406000.0,1406000.0,0.0
HD010788,,29/06/2026,11/07/2026,800000.0,800000.0,0.0
hd010789,dh007102,02/07/2026,28/09/2026,391246700.0,391246700.0,0.0
HD010790,dh000410,30/06/2026,09/07/2026,4235800.0,2757300.0,1478500.0
hd010791,dh006656,01/07/2026,28/09/2026,450583500.0,373469100.0,77114400.0
hd010792,dh008194,30/06/2026,22/08/2026,112015900.0,112015900.0,0.0
hd010793,dh010823,30/06/2026,14/09/2026,150788000.0,58355600.0,92432400.0
hd010794,dh004304,30/06/2026,10/07/2026,1653000.0,1653000.0,0.0
hd010795,DH900009,30/06/2026,26/08/2026,130547400.0,130547400.0,0.0
HD010796,,01/07/2026,16/07/2026,13749000.0,13749000.0,0.0
hd010797,dh004037,03/07/2026,14/07/2026,141000.0,141000.0,0.0
HD010798,DH900000,30/06/2026,11/07/2026,1918000.0,1918000.0,0.0
HD010799,dh008710,02/07/2026,11/07/2026,1732800.0,1732800.0,0.0
hd010800,dh008175,01/07/2026,10/07/2026,883500.0,883500.0,0.0
hd010801,DH006625,02/07/2026,2026-08-23,296730900.0,212251700.0,84479200.0
hd010802,dh004890,01/07/2026,10/07/2026,5009000.0,5009000.0,0.0
hd010803,dh005854,02/07/2026,16/07/2026,5055200.0,5055200.0,0.0
hd010804,dh010937,02/07/2026,09/07/2026,1830600.0,1830600.0,0.0
hd010805,dh005131,04/07/2026,16/07/2026,6913700.0,3209800.0,3703900.0
hd010806,dh009166,04/07/2026,18/09/2026,471918600.0,471918600.0,0.0
hd010807,dh009102,02/07/2026,16/08/2026,237875400.0,210452600.0,27422800.0
hd010808,dh011116,04/07/2026,27/09/2026,490038700.0,490038700.0,0.0
hd010809,dh006648,04/07/2026,13/07/2026,4050900.0,4050900.0,0.0
hd010810,dh011024,03/07/2026,15/07/2026,2472000.0,2472000.0,0.0
hd010811,dh004759,02/07/2026,01/09/2026,310076600.0,310076600.0,0.0
hd010812,dh007171,02/07/2026,29/08/2026,158189200.0,129493800.0,28695400.0
HD010813,dh005016,03/07/2026,11/07/2026,12527800.0,12527800.0,0.0
HD010814,dh001229,01/07/2026,08/07/2026,3550000.0,3550000.0,0.0
hd010815,dh000243,2026-07-01,11/07/2026,19159800.0,19159800.0,0.0
hd010816,dh007035,02/07/2026,14/07/2026,4914500.0,4914500.0,0.0
HD010817,,02/07/2026,15/09/2026,194723400.0,89302900.0,105420500.0
hd010818,DH002080,02/07/2026,10/07/2026,2878000.0,2878000.0,0.0
hd010819,dh001697,01/07/2026,16/07/2026,414000.0,414000.0,0.0
hd010820,dh004518,04/07/2026,14/07/2026,2119000.0,2119000.0,0.0
hd010821,dh008548,04/07/2026,22/09/2026,697280600.0,697280600.0,0.0
hd010822,dh008678,03/07/2026,10/07/2026,216000.0,216000.0,0.0
hd010823,dh004698,01/07/2026,02/09/2026,81382000.0,81382000.0,0.0
hd010824,dh011038,02/07/2026,07/11/2026,1368000.0,1368000.0,0.0
hd010825,dh008976,05/07/2026,19/09/2026,309583000.0,50384800.0,259198200.0
hd010826,dh008163,04/07/2026,15/07/2026,395200.0,395200.0,0.0
hd010827,dh001897,03/07/2026,01/10/2026,79725000.0,27627300.0,52097700.0
hd010828,dh006649,03/07/2026,2026-08-21,666117000.0,216913300.0,449203700.0
hd010829,dh001449,03/07/2026,26/08/2026,116139000.0,116139000.0,0.0
hd010830,dh011401,05/07/2026,27/08/2026,474028700.0,474028700.0,0.0
hd010831,dh001264,04/07/2026,15/07/2026,249900.0,249900.0,0.0
HD010832,dh006666,05/07/2026,17/07/2026,2749500.0,2749500.0,0.0
hd010833,dh003549,05/07/2026,20/07/2026,1267400.0,1267400.0,0.0
HD010834,dh002313,02/07/2026,12/07/2026,3361800.0,3361800.0,0.0
HD010835,dh009991,03/07/2026,23/08/2026,775071600.0,512113200.0,262958400.0
HD010836,dh001791,04/07/2026,14/07/2026,3200000.0,3200000.0,0.0
hd010837,dh001349,04/07/2026,12/09/2026,579034800.0,249432800.0,329602000.0
hd010838,dh001285,04/07/2026,13/07/2026,6772200.0,6772200.0,0.0
hd010839,dh010690,04/07/2026,19/09/2026,918241800.0,146864000.0,771377800.0
hd010840,dh005773,05/07/2026,31/08/2026,185136200.0,185136200.0,0.0
hd010841,dh001580,04/07/2026,14/07/2026,4350000.0,4350000.0,0.0
hd010842,dh000660,05/07/2026,15/07/2026,14605200.0,11197300.0,3407900.0
hd010843,DH900000,04/07/2026,23/08/2026,442648400.0,335719000.0,106929400.0
hd010844,DH003350,03/07/2026,05/09/2026,180981200.0,56547500.0,124433700.0
HD010845,dh001057,04/07/2026,01/09/2026,533883800.0,533883800.0,0.0
hd010846,dh006575,04/07/2026,17/07/2026,1314900.0,1166900.0,148000.0
HD010847,dh007933,05/07/2026,07/18/2026,1633000.0,1104100.0,528900.0
hd010848,dh001922,05/07/2026,22/09/2026,245589800.0,245589800.0,0.0
hd010849,DH900000,06/07/2026,03/09/2026,134517200.0,134517200.0,0.0
HD010850,dh004369,06/07/2026,13/07/2026,2007900.0,2007900.0,0.0
hd010851,dh000305,05/07/2026,28/09/2026,236278400.0,10198100.0,226080300.0
HD010852,dh003860,04/07/2026,12/07/2026,2297200.0,2297200.0,0.0
HD010853,dh008479,04/07/2026,17/07/2026,1918000.0,1323200.0,594800.0
HD010854,dh001127,04/07/2026,15/07/2026,7913500.0,7913500.0,0.0
hd010855,dh001111,05/07/2026,01/10/2026,87768200.0,10663700.0,77104500.0
HD010856,dh008282,05/07/2026,20/07/2026,12261000.0,12261000.0,0.0
hd010857,dh011499,05/07/2026,23/08/2026,287417200.0,287417200.0,0.0
hd010858,dh003899,06/07/2026,18/07/2026,1611900.0,1611900.0,0.0
hd010859,dh003335,06/07/2026,03/10/2026,126068700.0,40737400.0,85331300.0
HD010860,dh002659,04/07/2026,09/09/2026,169344000.0,169344000.0,0.0
hd010861,dh000569,04/07/2026,08/09/2026,287306400.0,37268600.0,250037800.0
hd010862,dh010975,07/07/2026,15/09/2026,395719000.0,188732300.0,206986700.0
hd010863,,08/07/2026,16/09/2026,188922000.0,86646900.0,102275100.0
hd010864,,07/07/2026,15/07/2026,2095800.0,2095800.0,0.0
hd010865,dh010718,07/07/2026,18/07/2026,7822100.0,7822100.0,0.0
hd010866,dh008657,07/07/2026,21/07/2026,2079000.0,2079000.0,0.0
hd010867,dh006602,05/07/2026,18/07/2026,3452800.0,3452800.0,0.0
HD010868,DH004136,05/07/2026,19/07/2026,1971000.0,1971000.0,0.0
HD010869,dh003666,08/07/2026,20/07/2026,117000.0,117000.0,0.0
HD010870,DH000331,05/07/2026,19/07/2026,4496500.0,4496500.0,0.0
HD010871,dh010878,06/07/2026,14/07/2026,688000.0,688000.0,0.0
hd010872,dh001039,06/07/2026,11/09/2026,415426800.0,415426800.0,0.0
hd010873,dh002098,08/07/2026,15/07/2026,9245200.0,9245200.0,0.0
HD010874,dh007849,06/07/2026,20/07/2026,4576000.0,4576000.0,0.0
hd010875,dh002061,09/07/2026,18/07/2026,12280000.0,12280000.0,0.0
hd010876,dh011335,09/07/2026,16/07/2026,850000.0,790200.0,59800.0
hd010877,dh007670,06/07/2026,15/07/2026,3034500.0,3034500.0,0.0
hd010878,dh006281,09/07/2026,17/07/2026,831600.0,293100.0,538500.0
hd010879,dh009714,06/07/2026,15/07/2026,4424200.0,4424200.0,0.0
hd010880,dh005706,08/07/2026,15/07/2026,4538400.0,4538400.0,0.0
hd010881,dh010637,09/07/2026,18/07/2026,3550000.0,3550000.0,0.0
hd010882,dh006208,07/07/2026,15/07/2026,17134000.0,347200.0,16786800.0
hd010883,DH006843,06/07/2026,03/09/2026,290090400.0,3018200.0,287072200.0
hd010884,dh009485,07/07/2026,17/07/2026,3056100.0,3056100.0,0.0
hd010885,,07/07/2026,19/07/2026,4609400.0,4609400.0,0.0
HD010886,dh006386,07/07/2026,14/07/2026,1279800.0,1279800.0,0.0
hd010887,dh008467,08/07/2026,23/07/2026,9765000.0,9734900.0,30100.0
hd010888,DH001413,06/07/2026,26/08/2026,282332700.0,174596900.0,107735800.0
HD010889,,09/07/2026,22/07/2026,1319800.0,1068300.0,251500.0
hd010890,dh000418,06/07/2026,2026-07-20,2352000.0,2352000.0,0.0
hd010891,dh005750,06/07/2026,01/10/2026,143588900.0,113975000.0,29613900.0
hd010892,dh007826,06/07/2026,2026-07-13,1485000.0,1485000.0,0.0
hd010893,dh010702,07/07/2026,19/07/2026,6424000.0,6424000.0,0.0
hd010894,dh007217,09/07/2026,26/09/2026,354695400.0,184186900.0,170508500.0
hd010895,dh000688,06/07/2026,06/09/2026,90142000.0,15152600.0,74989400.0
hd010896,DH009458,06/07/2026,17/07/2026,4120400.0,3298800.0,821600.0
hd010897,,07/07/2026,20/07/2026,17186800.0,17186800.0,0.0
hd010898,DH900005,09/07/2026,29/08/2026,398256600.0,398256600.0,0.0
hd010899,dh007164,07/07/2026,03/10/2026,248638000.0,154857300.0,93780700.0
hd010900,dh003525,07/07/2026,12/09/2026,19017300.0,19017300.0,0.0
hd010901,dh007858,07/07/2026,15/07/2026,3066000.0,1121500.0,1944500.0
HD010902,dh008928,07/07/2026,25/09/2026,509731400.0,509731400.0,0.0
hd010903,,09/07/2026,22/07/2026,10754400.0,10754400.0,0.0
HD010904,dh010897,08/07/2026,05/10/2026,283681800.0,283681800.0,0.0
hd010905,,07/07/2026,17/09/2026,173181000.0,161662600.0,11518400.0
hd010906,dh009449,09/07/2026,22/07/2026,2037000.0,2037000.0,0.0
hd010907,DH009747,10/07/2026,21/07/2026,2328000.0,2328000.0,0.0
hd010908,dh003317,09/07/2026,22/07/2026,25600.0,25600.0,0.0
hd010909,dh006652,07/07/2026,17/07/2026,1728900.0,1728900.0,0.0
hd010910,dh003617,09/07/2026,19/07/2026,1120000.0,1120000.0,0.0
hd010911,DH004781,09/07/2026,20/07/2026,260000.0,260000.0,0.0
HD010912,DH900007,08/07/2026,16/07/2026,2196400.0,2196400.0,0.0
hd010913,dh005886,08/07/2026,23/08/2026,137722800.0,53255800.0,84467000.0
hd010914,dh005173,11/07/2026,24/07/2026,3214000.0,3214000.0,0.0
HD010915,dh005269,08/07/2026,26/08/2026,9970500.0,9970500.0,0.0
hd010916,dh009483,08/07/2026,22/07/2026,794400.0,794400.0,0.0
HD010917,dh005452,10/07/2026,19/07/2026,6503400.0,6503400.0,0.0
hd010918,dh007501,09/07/2026,17/07/2026,2953800.0,2953800.0,0.0
hd010919,dh005812,08/07/2026,09/10/2026,191075600.0,191075600.0,0.0
hd010920,dh010574,11/07/2026,23/07/2026,6351900.0,6351900.0,0.0
hd010921,dh002641,11/07/2026,28/08/2026,290402200.0,119198500.0,171203700.0
hd010922,,11/07/2026,25/07/2026,11310600.0,11310600.0,0.0
hd010923,dh005105,11/07/2026,2026-09-27,156726500.0,88140400.0,68586100.0
hd010924,dh010903,10/07/2026,02/10/2026,441827600.0,421062500.0,20765100.0
HD010925,dh005458,09/07/2026,16/09/2026,187177500.0,2241600.0,184935900.0
hd010926,dh006053,10/07/2026,24/07/2026,2323400.0,2323400.0,0.0
HD010927,dh011631,10/07/2026,22/07/2026,1557000.0,1363900.0,193100.0
hd010928,dh008242,10/07/2026,25/09/2026,156125400.0,101004700.0,55120700.0
HD010929,dh009196,12/07/2026,27/08/2026,616755100.0,161034400.0,455720700.0
hd010930,DH004465,09/07/2026,22/07/2026,7725000.0,7725000.0,0.0
hd010931,dh011462,12/07/2026,26/07/2026,504400.0,504400.0,0.0
HD010932,dh008059,2026-07-10,22/07/2026,1875600.0,1353300.0,522300.0
hd010933,dh006814,11/07/2026,2026-07-21,742800.0,742800.0,0.0
hd010934,dh008590,10/07/2026,14/09/2026,413380600.0,413380600.0,0.0
hd010935,dh004588,13/07/2026,22/07/2026,2173600.0,1415100.0,758500.0
HD010936,dh009779,10/07/2026,16/09/2026,444278400.0,444278400.0,0.0
HD010937,dh010967,10/07/2026,16/09/2026,361421600.0,361421600.0,0.0
HD010938,dh010088,11/07/2026,19/07/2026,4950900.0,4950900.0,0.0
hd010939,dh007843,11/07/2026,25/07/2026,3355500.0,3355500.0,0.0
hd010940,dh003541,10/07/2026,20/07/2026,3624800.0,3624800.0,0.0
HD010941,dh011301,11/07/2026,19/07/2026,4192000.0,4192000.0,0.0
hd010942,dh003976,13/07/2026,22/07/2026,1079500.0,355000.0,724500.0
hd010943,dh010837,13/07/2026,29/08/2026,338068700.0,4797200.0,333271500.0
hd010944,dh006007,12/07/2026,28/09/2026,544671200.0,544671200.0,0.0
hd010945,,12/07/2026,26/07/2026,5308100.0,5308100.0,0.0
hd010946,dh011491,11/07/2026,14/09/2026,170645500.0,170645500.0,0.0
hd010947,dh010465,12/07/2026,25/09/2026,285210500.0,28830600.0,256379900.0
hd010948,dh006680,2026-07-12,20/07/2026,2225000.0,2139000.0,86000.0
HD010949,dh001749,10/07/2026,12/09/2026,1004944000.0,1004210200.0,733800.0
hd010950,dh002276,12/07/2026,22/07/2026,7597000.0,7597000.0,0.0
hd010951,dh004762,11/07/2026,08/09/2026,122806200.0,56921500.0,65884700.0
hd010952,dh009164,14/07/2026,25/07/2026,11805600.0,11805600.0,0.0
hd010953,dh001297,14/07/2026,23/07/2026,8759000.0,8759000.0,0.0
hd010954,dh007873,12/07/2026,01/09/2026,135037000.0,135037000.0,0.0
hd010955,dh006650,14/07/2026,27/07/2026,756000.0,756000.0,0.0
hd010956,dh010341,12/07/2026,07/09/2026,246174800.0,233845300.0,12329500.0
hd010957,dh008281,13/07/2026,27/07/2026,4439000.0,4439000.0,0.0
HD010958,dh011992,11/07/2026,19/07/2026,9171000.0,9171000.0,0.0
HD010959,dh006725,12/07/2026,22/07/2026,3930000.0,3930000.0,0.0
hd010960,dh007081,14/07/2026,04/09/2026,286544200.0,285864300.0,679900.0
HD010961,dh001094,14/07/2026,08/10/2026,375622400.0,30837200.0,344785200.0
hd010962,dh001761,13/07/2026,21/07/2026,488000.0,482900.0,5100.0
hd010963,dh004003,12/07/2026,24/07/2026,2419200.0,2419200.0,0.0
hd010964,dh000909,15/07/2026,14/09/2026,260663800.0,172478000.0,88185800.0
hd010965,dh010215,13/07/2026,12/09/2026,193809600.0,193809600.0,0.0
hd010966,DH011011,13/07/2026,02/09/2026,205212000.0,205212000.0,0.0
hd010967,DH011241,12/07/2026,15/09/2026,249809400.0,249809400.0,0.0
hd010968,dh011525,15/07/2026,19/09/2026,170912800.0,170912800.0,0.0
hd010969,dh002343,15/07/2026,03/10/2026,577161200.0,470439500.0,106721700.0
hd010970,dh010210,14/07/2026,27/07/2026,752000.0,752000.0,0.0
hd010971,,15/07/2026,13/09/2026,721503400.0,312189000.0,409314400.0
hd010972,dh007560,15/07/2026,23/07/2026,9869000.0,9869000.0,0.0
HD010973,dh011415,14/07/2026,26/09/2026,504350800.0,504350800.0,0.0
hd010974,dh002131,14/07/2026,03/10/2026,546658400.0,98667000.0,447991400.0
hd010975,dh010171,13/07/2026,23/07/2026,4310800.0,4310800.0,0.0
HD010976,,12/07/2026,23/07/2026,2934000.0,2934000.0,0.0
hd010977,dh009096,12/07/2026,30/08/2026,226509900.0,226509900.0,0.0
hd010978,DH001183,13/07/2026,07/20/2026,1950000.0,1950000.0,0.0
hd010979,dh002553,15/07/2026,01/09/2026,164478600.0,150621200.0,13857400.0
hd010980,dh010306,14/07/2026,25/07/2026,3540300.0,3540300.0,0.0
HD010981,dh009209,15/07/2026,28/07/2026,3986500.0,3986500.0,0.0
hd010982,dh009026,16/07/2026,09/25/2026,183532400.0,89165000.0,94367400.0
HD010983,dh004726,15/07/2026,09/09/2026,125516200.0,52850700.0,72665500.0
HD010984,dh000527,07/13/2026,23/07/2026,5349000.0,5349000.0,0.0
hd010985,dh006935,16/07/2026,31/08/2026,289902700.0,289902700.0,0.0
hd010986,dh011582,16/07/2026,24/09/2026,93059400.0,35702500.0,57356900.0
hd010987,dh008417,16/07/2026,09/09/2026,154414100.0,62141800.0,92272300.0
hd010988,dh006839,16/07/2026,06/10/2026,134589500.0,134589500.0,0.0
hd010989,dh003906,14/07/2026,2026-09-20,373257900.0,373257900.0,0.0
hd010990,DH006802,13/07/2026,04/10/2026,296852300.0,296852300.0,0.0
HD010991,,13/07/2026,23/07/2026,333000.0,333000.0,0.0
hd010992,DH900009,15/07/2026,25/07/2026,938000.0,938000.0,0.0
hd010993,dh008076,13/07/2026,18/09/2026,283944300.0,46175100.0,237769200.0
hd010994,dh001077,14/07/2026,27/07/2026,3157600.0,3157600.0,0.0
hd010995,dh004994,13/07/2026,07/10/2026,486906100.0,303315700.0,183590400.0
hd010996,dh006526,16/07/2026,28/07/2026,2371200.0,2371200.0,0.0
hd010997,DH003192,14/07/2026,12/10/2026,61549600.0,61549600.0,0.0
hd010998,dh001167,14/07/2026,22/07/2026,6340800.0,6340800.0,0.0
hd010999,dh006522,14/07/2026,24/09/2026,474385000.0,462249800.0,12135200.0
hd011000,dh004320,14/07/2026,24/07/2026,4247800.0,4247800.0,0.0
hd011001,dh003535,15/07/2026,29/07/2026,2826000.0,2826000.0,0.0
hd011002,dh006124,16/07/2026,25/09/2026,263386600.0,263386600.0,0.0
hd011003,dh005999,17/07/2026,19/09/2026,164796200.0,54815500.0,109980700.0
hd011004,DH010912,16/07/2026,30/07/2026,145800.0,145800.0,0.0
hd011005,dh004730,15/07/2026,07/27/2026,745200.0,745200.0,0.0
hd011006,dh008929,15/07/2026,27/07/2026,480000.0,480000.0,0.0
HD011007,dh002571,15/07/2026,27/09/2026,338815200.0,214747400.0,124067800.0
hd011008,dh007194,16/07/2026,2026-10-08,332737000.0,332737000.0,0.0
hd011009,dh003110,14/07/2026,29/07/2026,11708000.0,11708000.0,0.0
HD011010,dh000350,17/07/2026,10/09/2026,240131300.0,64251600.0,175879700.0
hd011011,dh010771,15/07/2026,25/07/2026,9029700.0,9029700.0,0.0
HD011012,dh007857,14/07/2026,01/09/2026,143473800.0,50912800.0,92561000.0
HD011013,dh011738,15/07/2026,28/07/2026,3216000.0,3216000.0,0.0
HD011014,dh002949,15/07/2026,29/07/2026,3504000.0,3504000.0,0.0
hd011015,dh011987,18/07/2026,02/08/2026,1332400.0,1332400.0,0.0
hd011016,dh011373,17/07/2026,29/07/2026,300000.0,300000.0,0.0
HD011017,dh011308,16/07/2026,03/09/2026,195036800.0,35014000.0,160022800.0
hd011018,dh006459,15/07/2026,2026-09-05,477425200.0,477425200.0,0.0
hd011019,dh001518,16/07/2026,27/07/2026,2740000.0,2740000.0,0.0
HD011020,dh010868,15/07/2026,12/09/2026,343911400.0,343911400.0,0.0
hd011021,dh011360,15/07/2026,23/09/2026,907410100.0,349464800.0,557945300.0
hd011022,dh010001,2026-07-15,25/07/2026,1075000.0,1075000.0,0.0
hd011023,dh010292,17/07/2026,31/07/2026,1403000.0,1403000.0,0.0
HD011024,dh005175,18/07/2026,31/07/2026,2264000.0,933600.0,1330400.0
hd011025,DH900003,18/07/2026,30/07/2026,1734000.0,1734000.0,0.0
hd011026,dh009843,17/07/2026,16/09/2026,315246400.0,315246400.0,0.0
HD011027,dh011492,16/07/2026,17/09/2026,173353900.0,164709700.0,8644200.0
hd011028,dh001018,18/07/2026,13/09/2026,235312400.0,174518600.0,60793800.0
hd011029,dh002988,17/07/2026,03/09/2026,750687600.0,85991600.0,664696000.0
HD011030,dh000731,15/07/2026,22/07/2026,175800.0,175800.0,0.0
hd011031,DH009064,17/07/2026,31/07/2026,5316800.0,4514800.0,802000.0
hd011032,dh000466,16/07/2026,06/10/2026,421148600.0,73846200.0,347302400.0
hd011033,dh008106,17/07/2026,28/07/2026,6716700.0,6716700.0,0.0
hd011034,dh001928,18/07/2026,26/07/2026,8854200.0,8854200.0,0.0
hd011035,dh011188,19/07/2026,28/09/2026,187071200.0,23680500.0,163390700.0
hd011036,dh004799,18/07/2026,01/08/2026,2861400.0,2861400.0,0.0
hd011037,dh002462,17/07/2026,24/07/2026,68000.0,63100.0,4900.0
hd011038,dh004902,19/07/2026,30/07/2026,5326200.0,5326200.0,0.0
hd011039,dh008373,19/07/2026,28/07/2026,4604700.0,539600.0,4065100.0
HD011040,dh006991,17/07/2026,08/09/2026,1028459700.0,218253500.0,810206200.0
hd011041,dh006250,19/07/2026,26/07/2026,297000.0,95700.0,201300.0
hd011042,dh001675,17/07/2026,31/07/2026,2992000.0,2992000.0,0.0
hd011043,dh006243,17/07/2026,26/09/2026,379390500.0,379390500.0,0.0
HD011044,dh000627,17/07/2026,27/07/2026,2793500.0,2793500.0,0.0
hd011045,dh011012,20/07/2026,02/10/2026,199881700.0,199881700.0,0.0
hd011046,dh008505,20/07/2026,03/10/2026,327252200.0,327252200.0,0.0
HD011047,dh005290,18/07/2026,31/07/2026,1100000.0,502100.0,597900.0
HD011048,dh010862,18/07/2026,29/09/2026,193913500.0,131203300.0,62710200.0
HD011049,dh006822,18/07/2026,01/08/2026,1160500.0,1160500.0,0.0
hd011050,dh006119,18/07/2026,08/02/2026,603200.0,384800.0,218400.0
hd011051,dh006043,19/07/2026,12/10/2026,756037400.0,347669400.0,408368000.0
hd011052,dh006927,17/07/2026,07/10/2026,136279000.0,38769900.0,97509100.0
hd011053,dh007079,17/07/2026,30/07/2026,10114600.0,9773700.0,340900.0
hd011054,dh005182,18/07/2026,29/07/2026,2709400.0,2709400.0,0.0
hd011055,dh006902,18/07/2026,05/09/2026,333035800.0,333035800.0,0.0
HD011056,dh009795,17/07/2026,01/10/2026,88895100.0,2203700.0,86691400.0
hd011057,dh003414,19/07/2026,02/08/2026,13996600.0,13996600.0,0.0
hd011058,dh003388,21/07/2026,16/09/2026,391684200.0,140249200.0,251435000.0
hd011059,dh005959,20/07/2026,10/05/2026,288425600.0,69806300.0,218619300.0
hd011060,DH009932,21/07/2026,05/09/2026,890481800.0,890481800.0,0.0
hd011061,dh006000,19/07/2026,21/09/2026,56188000.0,34422400.0,21765600.0
HD011062,,21/07/2026,17/09/2026,311558400.0,311558400.0,0.0
HD011063,dh008804,19/07/2026,13/09/2026,930689400.0,930689400.0,0.0
HD011064,DH900004,21/07/2026,31/07/2026,7680800.0,7680800.0,0.0
hd011065,dh004186,19/07/2026,28/07/2026,3892000.0,2388500.0,1503500.0
HD011066,dh007550,21/07/2026,13/10/2026,775848000.0,775848000.0,0.0
hd011067,dh007948,21/07/2026,05/08/2026,229900.0,184900.0,45000.0
hd011068,dh001802,21/07/2026,28/07/2026,2371500.0,2371500.0,0.0
HD011069,dh008489,18/07/2026,02/08/2026,10155000.0,10155000.0,0.0
hd011070,dh006002,19/07/2026,29/07/2026,6266000.0,6266000.0,0.0
hd011071,dh006188,19/07/2026,31/07/2026,327600.0,327600.0,0.0
hd011072,dh009977,18/07/2026,18/09/2026,181438700.0,181438700.0,0.0
hd011073,dh009303,20/07/2026,28/07/2026,1264500.0,1264500.0,0.0
hd011074,dh011460,20/07/2026,09/09/2026,635853600.0,544397000.0,91456600.0
hd011075,dh007085,20/07/2026,13/09/2026,275037000.0,237337000.0,37700000.0
HD011076,dh000383,20/07/2026,27/07/2026,718600.0,718600.0,0.0
hd011077,dh002620,19/07/2026,04/10/2026,231779600.0,172867700.0,58911900.0
hd011078,DH900005,20/07/2026,02/08/2026,11377200.0,11377200.0,0.0
hd011079,dh010581,22/07/2026,05/09/2026,186277600.0,56263800.0,130013800.0
hd011080,dh009790,21/07/2026,07/31/2026,570000.0,570000.0,0.0
hd011081,dh010665,20/07/2026,2026-10-01,434535400.0,65420500.0,369114900.0
HD011082,dh011533,22/07/2026,08/09/2026,586857900.0,582102100.0,4755800.0
hd011083,dh009223,21/07/2026,28/07/2026,2428700.0,2265700.0,163000.0
hd011084,DH011324,19/07/2026,18/09/2026,71540700.0,67061800.0,4478900.0
hd011085,dh005742,19/07/2026,30/07/2026,850000.0,850000.0,0.0
hd011086,dh010773,21/07/2026,12/09/2026,121155300.0,121155300.0,0.0
hd011087,dh004709,22/07/2026,06/08/2026,2655600.0,2655600.0,0.0
HD011088,dh011093,22/07/2026,17/10/2026,437607600.0,21058000.0,416549600.0
HD011089,dh000394,21/07/2026,30/09/2026,301838200.0,301838200.0,0.0
hd011090,dh001930,07/22/2026,02/08/2026,2962800.0,2962800.0,0.0
hd011091,dh005733,22/07/2026,18/09/2026,104151800.0,39787700.0,64364100.0
hd011092,dh004555,21/07/2026,30/07/2026,8219500.0,8219500.0,0.0
hd011093,dh001917,20/07/2026,04/08/2026,3955500.0,3955500.0,0.0
hd011094,,07/19/2026,16/10/2026,222751800.0,222751800.0,0.0
HD011095,,22/07/2026,04/08/2026,9627800.0,9627800.0,0.0
HD011096,dh003426,19/07/2026,03/08/2026,2787300.0,2787300.0,0.0
hd011097,dh006576,19/07/2026,2026-09-07,64923500.0,11248800.0,53674700.0
hd011098,dh002472,20/07/2026,02/08/2026,3360800.0,3360800.0,0.0
hd011099,DH011719,22/07/2026,04/08/2026,4371100.0,4371100.0,0.0
hd011100,dh011686,20/07/2026,2026-10-03,123491600.0,56603300.0,66888300.0
hd011101,dh010958,19/07/2026,26/09/2026,341182600.0,95955800.0,245226800.0
hd011102,dh010247,19/07/2026,2026-08-01,8744000.0,8744000.0,0.0
HD011103,dh011828,22/07/2026,16/10/2026,292215400.0,292215400.0,0.0
HD011104,dh009107,21/07/2026,30/07/2026,7905000.0,7905000.0,0.0
hd011105,dh004498,20/07/2026,30/09/2026,306728200.0,143496400.0,163231800.0
hd011106,dh001668,22/07/2026,02/08/2026,2372300.0,2372300.0,0.0
hd011107,dh007348,22/07/2026,18/10/2026,858016200.0,771291900.0,86724300.0
hd011108,DH003817,23/07/2026,28/09/2026,342110800.0,28070300.0,314040500.0
HD011109,dh006875,23/07/2026,01/08/2026,680400.0,680400.0,0.0
hd011110,dh009920,21/07/2026,25/09/2026,837312900.0,369627100.0,467685800.0
hd011111,dh004496,23/07/2026,06/08/2026,777600.0,777600.0,0.0
hd011112,dh006514,23/07/2026,31/07/2026,631800.0,435500.0,196300.0
hd011113,dh003105,22/07/2026,05/08/2026,1795500.0,884600.0,910900.0
hd011114,dh004696,21/07/2026,01/08/2026,9295100.0,9295100.0,0.0
hd011115,DH001390,22/07/2026,05/08/2026,5235800.0,5235800.0,0.0
hd011116,dh009665,21/07/2026,05/09/2026,410472600.0,250170800.0,160301800.0
hd011117,dh005077,20/07/2026,09/10/2026,133738800.0,48318200.0,85420600.0
HD011118,dh008905,21/07/2026,09/10/2026,342448100.0,117714400.0,224733700.0
hd011119,dh001552,23/07/2026,02/08/2026,9302400.0,9302400.0,0.0
hd011120,dh001133,22/07/2026,08/04/2026,3006500.0,3006500.0,0.0
hd011121,DH900006,22/07/2026,31/07/2026,1324000.0,1324000.0,0.0
hd011122,dh009936,22/07/2026,02/10/2026,291361700.0,205705400.0,85656300.0
hd011123,dh002140,22/07/2026,30/07/2026,700400.0,700400.0,0.0
HD011124,dh003347,21/07/2026,03/10/2026,402120200.0,291607200.0,110513000.0
hd011125,dh004038,24/07/2026,04/08/2026,11145800.0,11145800.0,0.0
HD011126,dh010085,24/07/2026,12/10/2026,503301100.0,334415800.0,168885300.0
hd011127,dh009963,22/07/2026,22/09/2026,365506400.0,365506400.0,0.0
hd011128,dh004285,22/07/2026,04/08/2026,62100.0,50200.0,11900.0
HD011129,dh002631,24/07/2026,08/08/2026,5178600.0,5178600.0,0.0
hd011130,dh003728,24/07/2026,12/09/2026,678543000.0,678543000.0,0.0
hd011131,dh006074,24/07/2026,31/07/2026,3549000.0,3549000.0,0.0
hd011132,DH009076,22/07/2026,07/10/2026,237924000.0,237924000.0,0.0
hd011133,dh005990,24/07/2026,05/08/2026,928000.0,173200.0,754800.0
hd011134,,22/07/2026,02/08/2026,3069000.0,3069000.0,0.0
HD011135,dh003819,24/07/2026,05/08/2026,1567500.0,1567500.0,0.0
HD011136,dh011597,23/07/2026,2026-08-02,1864800.0,1864800.0,0.0
hd011137,dh009446,25/07/2026,13/10/2026,189462800.0,189462800.0,0.0
hd011138,dh000960,24/07/2026,08/08/2026,696200.0,696200.0,0.0
hd011139,dh000426,22/07/2026,14/10/2026,405588800.0,405588800.0,0.0
hd011140,dh005421,23/07/2026,19/10/2026,105892600.0,38898100.0,66994500.0
hd011141,dh009475,23/07/2026,15/09/2026,207757200.0,207757200.0,0.0
hd011142,dh003534,24/07/2026,07/08/2026,513000.0,513000.0,0.0
hd011143,DH004954,25/07/2026,09/08/2026,6814400.0,6814400.0,0.0
hd011144,dh011820,22/07/2026,10/09/2026,278951900.0,18927000.0,260024900.0
hd011145,DH009097,2026-07-24,04/10/2026,252392300.0,33931100.0,218461200.0
hd011146,dh000290,23/07/2026,30/07/2026,1464000.0,1464000.0,0.0
HD011147,DH007821,25/07/2026,08/08/2026,1775000.0,1775000.0,0.0
HD011148,dh009828,26/07/2026,10/10/2026,182355500.0,182355500.0,0.0
hd011149,dh004346,23/07/2026,19/09/2026,680526800.0,680526800.0,0.0
HD011150,dh006552,24/07/2026,20/10/2026,47096600.0,716300.0,46380300.0
hd011151,dh009652,25/07/2026,03/08/2026,4748800.0,4748800.0,0.0
hd011152,dh008643,25/07/2026,03/08/2026,2644800.0,1380900.0,1263900.0
hd011153,dh005394,24/07/2026,14/09/2026,118902400.0,47909600.0,70992800.0
hd011154,dh008286,26/07/2026,08/10/2026,173163500.0,104565400.0,68598100.0
hd011155,DH010891,23/07/2026,21/09/2026,65997100.0,22619900.0,43377200.0
hd011156,dh008160,25/07/2026,01/08/2026,2440000.0,1970100.0,469900.0
hd011157,dh009639,25/07/2026,05/08/2026,2484000.0,2484000.0,0.0
hd011158,dh001784,26/07/2026,06/10/2026,243681600.0,243681600.0,0.0
HD011159,dh009062,24/07/2026,07/08/2026,3516000.0,3516000.0,0.0
hd011160,dh004666,24/07/2026,07/08/2026,1343200.0,1343200.0,0.0
HD011161,dh003586,26/07/2026,08/08/2026,1174200.0,151000.0,1023200.0
hd011162,dh009798,27/07/2026,08/08/2026,1598800.0,1598800.0,0.0
HD011163,dh002301,26/07/2026,02/08/2026,3474900.0,3474900.0,0.0
hd011164,DH900003,26/07/2026,05/08/2026,1023400.0,1023400.0,0.0
hd011165,dh011860,24/07/2026,2026-08-08,8153300.0,5754100.0,2399200.0
hd011166,,26/07/2026,02/08/2026,3517200.0,1787600.0,1729600.0
hd011167,dh007386,25/07/2026,09/08/2026,5034000.0,5034000.0,0.0
hd011168,dh001990,24/07/2026,04/08/2026,6409000.0,6409000.0,0.0
HD011169,dh003786,27/07/2026,04/08/2026,2700000.0,2700000.0,0.0
hd011170,dh007930,27/07/2026,11/08/2026,4787500.0,4787500.0,0.0
hd011171,,25/07/2026,16/09/2026,135962600.0,11976200.0,123986400.0
hd011172,dh007694,24/07/2026,04/08/2026,2071400.0,1263000.0,808400.0
HD011173,dh004580,24/07/2026,11/09/2026,974066900.0,142128000.0,831938900.0
hd011174,dh000224,25/07/2026,2026-08-06,486200.0,486200.0,0.0
hd011175,dh006538,25/07/2026,14/09/2026,431365000.0,196174000.0,235191000.0
HD011176,dh003877,27/07/2026,03/10/2026,404002300.0,404002300.0,0.0
hd011177,dh002852,24/07/2026,23/09/2026,240626900.0,240626900.0,0.0
HD011178,dh008157,24/07/2026,09/10/2026,528219600.0,204002500.0,324217100.0
hd011179,dh003481,25/07/2026,08/02/2026,1953000.0,1953000.0,0.0
hd011180,dh011566,25/07/2026,05/10/2026,249612800.0,143853300.0,105759500.0
hd011181,dh008736,26/07/2026,21/09/2026,221476200.0,121306600.0,100169600.0
hd011182,dh005998,27/07/2026,03/08/2026,7542000.0,7542000.0,0.0
HD011183,,26/07/2026,25/09/2026,183608700.0,183608700.0,0.0
hd011184,dh009304,26/07/2026,2026-08-02,2344000.0,2344000.0,0.0
hd011185,dh007273,25/07/2026,08/10/2026,113958300.0,44348700.0,69609600.0
hd011186,dh005872,25/07/2026,22/10/2026,101292800.0,101292800.0,0.0
hd011187,dh007604,27/07/2026,18/09/2026,184361900.0,184361900.0,0.0
hd011188,dh003938,25/07/2026,05/08/2026,591500.0,591500.0,0.0
hd011189,DH010371,26/07/2026,01/10/2026,224422600.0,224422600.0,0.0
HD011190,dh008029,27/07/2026,10/22/2026,97282500.0,97282500.0,0.0
hd011191,dh010613,27/07/2026,19/10/2026,159412200.0,159412200.0,0.0
hd011192,dh004420,26/07/2026,02/08/2026,414000.0,414000.0,0.0
hd011193,dh000118,27/07/2026,07/08/2026,6300000.0,6300000.0,0.0
hd011194,dh010479,27/07/2026,04/08/2026,6911300.0,3282200.0,3629100.0
hd011195,DH000148,25/07/2026,29/09/2026,490712400.0,490712400.0,0.0
hd011196,dh006612,29/07/2026,08/08/2026,2634400.0,1866800.0,767600.0
hd011197,dh005497,07/29/2026,21/10/2026,380029000.0,380029000.0,0.0
hd011198,dh003747,26/07/2026,09/26/2026,148715600.0,82043200.0,66672400.0
hd011199,dh002031,2026-07-27,07/10/2026,113898100.0,21589000.0,92309100.0
HD011200,DH002783,27/07/2026,22/10/2026,505149200.0,380907500.0,124241700.0
hd011201,dh003505,27/07/2026,09/08/2026,456000.0,456000.0,0.0
HD011202,dh009360,27/07/2026,14/09/2026,117180400.0,117180400.0,0.0
hd011203,dh004754,28/07/2026,08/08/2026,2142000.0,2142000.0,0.0
hd011204,dh004874,26/07/2026,04/08/2026,921300.0,921300.0,0.0
hd011205,dh008989,27/07/2026,2026-08-03,747000.0,747000.0,0.0
hd011206,dh010694,28/07/2026,16/09/2026,130638400.0,130638400.0,0.0
hd011207,DH011516,27/07/2026,11/10/2026,45056000.0,45056000.0,0.0
HD011208,dh011036,30/07/2026,07/08/2026,1690000.0,1690000.0,0.0
hd011209,dh008748,29/07/2026,19/09/2026,193865000.0,74298200.0,119566800.0
hd011210,dh008374,29/07/2026,05/08/2026,4231600.0,4231600.0,0.0
HD011211,dh001005,30/07/2026,09/08/2026,728000.0,728000.0,0.0
HD011212,dh001153,30/07/2026,08/08/2026,260000.0,260000.0,0.0
HD011213,dh010034,27/07/2026,03/08/2026,3627600.0,3627600.0,0.0
hd011214,dh003686,29/07/2026,27/10/2026,175500000.0,21774800.0,153725200.0
hd011215,DH900009,27/07/2026,07/08/2026,4745000.0,4745000.0,0.0
hd011216,dh006592,30/07/2026,11/08/2026,7931200.0,3317800.0,4613400.0
hd011217,dh001666,30/07/2026,04/10/2026,232986200.0,232986200.0,0.0
hd011218,dh004236,30/07/2026,16/09/2026,507435200.0,26892700.0,480542500.0
hd011219,dh005186,2026-07-27,10/09/2026,141743800.0,91536100.0,50207700.0
hd011220,dh003934,28/07/2026,05/10/2026,216526000.0,90411100.0,126114900.0
hd011221,DH008971,29/07/2026,01/10/2026,319599600.0,319599600.0,0.0
hd011222,dh001281,31/07/2026,21/09/2026,232554200.0,186879400.0,45674800.0
hd011223,dh009018,28/07/2026,07/08/2026,6196500.0,6196500.0,0.0
hd011224,dh008277,28/07/2026,12/08/2026,9558000.0,9558000.0,0.0
hd011225,,29/07/2026,27/10/2026,286842600.0,286842600.0,0.0
hd011226,DH900006,31/07/2026,10/08/2026,1155000.0,1155000.0,0.0
hd011227,dh004511,28/07/2026,08/08/2026,1117800.0,1117800.0,0.0
hd011228,dh006137,28/07/2026,22/09/2026,297936600.0,54591900.0,243344700.0
hd011229,dh001687,28/07/2026,10/08/2026,2622200.0,2622200.0,0.0
HD011230,dh007650,29/07/2026,12/08/2026,16693000.0,16693000.0,0.0
hd011231,dh009729,29/07/2026,18/10/2026,258206800.0,61050100.0,197156700.0
hd011232,dh010994,28/07/2026,08/08/2026,280500.0,280500.0,0.0
hd011233,,29/07/2026,18/10/2026,585297800.0,585297800.0,0.0
HD011234,dh008024,30/07/2026,25/10/2026,7414900.0,7414900.0,0.0
hd011235,dh011737,29/07/2026,06/08/2026,4032500.0,4032500.0,0.0
HD011236,dh006039,29/07/2026,12/08/2026,2196000.0,2196000.0,0.0
HD011237,dh009290,30/07/2026,14/08/2026,2590700.0,2590700.0,0.0
hd011238,DH011272,30/07/2026,11/10/2026,546239200.0,530611000.0,15628200.0
hd011239,dh009032,30/07/2026,27/09/2026,317167000.0,317167000.0,0.0
hd011240,dh008174,31/07/2026,26/09/2026,282828600.0,282828600.0,0.0
hd011241,dh004123,01/08/2026,08/08/2026,2439800.0,2439800.0,0.0
hd011242,dh005827,29/07/2026,15/09/2026,192288800.0,126652800.0,65636000.0
hd011243,DH005648,31/07/2026,13/10/2026,140799300.0,140799300.0,0.0
HD011244,dh007782,30/07/2026,09/08/2026,362900.0,362900.0,0.0
HD011245,DH900009,01/08/2026,11/08/2026,10259000.0,10259000.0,0.0
hd011246,dh008599,30/07/2026,25/10/2026,204807400.0,204807400.0,0.0
hd011247,dh007967,31/07/2026,14/10/2026,102680000.0,50249100.0,52430900.0
hd011248,dh003323,30/07/2026,06/08/2026,2481800.0,1438500.0,1043300.0
hd011249,dh008852,29/07/2026,18/10/2026,349751400.0,205812500.0,143938900.0
HD011250,dh007453,01/08/2026,13/08/2026,2761000.0,2761000.0,0.0
hd011251,dh009364,31/07/2026,15/08/2026,3507200.0,3507200.0,0.0
hd011252,dh006179,30/07/2026,12/10/2026,356552600.0,356552600.0,0.0
hd011253,dh000789,30/07/2026,20/10/2026,268137200.0,268137200.0,0.0
HD011254,dh007514,29/07/2026,11/08/2026,1476300.0,1476300.0,0.0
hd011255,dh000379,01/08/2026,23/09/2026,318161800.0,318161800.0,0.0
hd011256,DH006646,31/07/2026,14/08/2026,2344200.0,1624800.0,719400.0
hd011257,dh009922,02/08/2026,21/10/2026,373257000.0,49980000.0,323277000.0
hd011258,DH900000,30/07/2026,08/08/2026,3853200.0,3853200.0,0.0
HD011259,dh000986,02/08/2026,16/08/2026,1203000.0,1203000.0,0.0
hd011260,dh008654,01/08/2026,15/08/2026,914400.0,914400.0,0.0
hd011261,dh006454,02/08/2026,13/10/2026,170789000.0,170789000.0,0.0
HD011262,dh009902,01/08/2026,12/08/2026,3363000.0,3363000.0,0.0
hd011263,dh009113,01/08/2026,17/09/2026,182446800.0,182446800.0,0.0
HD011264,dh000338,30/07/2026,09/08/2026,747000.0,747000.0,0.0
hd011265,dh007337,31/07/2026,15/08/2026,1922000.0,1922000.0,0.0
HD011266,dh011004,01/08/2026,10/08/2026,3600000.0,3600000.0,0.0
hd011267,dh000337,30/07/2026,30/09/2026,415551600.0,415551600.0,0.0
HD011268,dh002762,30/07/2026,13/08/2026,1567400.0,1439900.0,127500.0
hd011269,dh000708,02/08/2026,02/10/2026,352492600.0,352492600.0,0.0
HD011270,dh011230,30/07/2026,06/08/2026,444800.0,444800.0,0.0
hd011271,dh001164,01/08/2026,08/08/2026,3165600.0,3165600.0,0.0
hd011272,dh004423,31/07/2026,10/08/2026,1257000.0,1257000.0,0.0
hd011273,dh009938,31/07/2026,11/08/2026,3401200.0,3401200.0,0.0
HD011274,DH002831,31/07/2026,11/08/2026,646000.0,646000.0,0.0
hd011275,dh000570,08/01/2026,08/08/2026,840000.0,840000.0,0.0
hd011276,dh007995,01/08/2026,08/08/2026,11153700.0,11153700.0,0.0
HD011277,dh004284,02/08/2026,24/10/2026,94872600.0,18270400.0,76602200.0
HD011278,dh005713,30/07/2026,25/10/2026,734387600.0,734387600.0,0.0
hd011279,dh002610,02/08/2026,01/10/2026,130392600.0,106719700.0,23672900.0
hd011280,dh006633,03/08/2026,12/08/2026,3450000.0,1341000.0,2109000.0
HD011281,dh001795,03/08/2026,16/08/2026,437400.0,437400.0,0.0
hd011282,dh002476,01/08/2026,13/08/2026,13445800.0,5595100.0,7850700.0
hd011283,dh011046,03/08/2026,24/10/2026,222954400.0,30637600.0,192316800.0
HD011284,dh006817,31/07/2026,28/10/2026,904641000.0,850533800.0,54107200.0
hd011285,dh001699,02/08/2026,26/10/2026,807824000.0,807824000.0,0.0
hd011286,,03/08/2026,18/08/2026,5112000.0,5112000.0,0.0
HD011287,dh009645,03/08/2026,31/10/2026,178200200.0,63454800.0,114745400.0
hd011288,dh010825,01/08/2026,09/08/2026,2416000.0,2416000.0,0.0
hd011289,dh009341,01/08/2026,04/10/2026,477086400.0,266828200.0,210258200.0
hd011290,dh011898,03/08/2026,12/08/2026,2824200.0,2824200.0,0.0
hd011291,dh001862,2026-08-03,15/08/2026,33000.0,33000.0,0.0
hd011292,DH011444,03/08/2026,12/08/2026,2702000.0,2702000.0,0.0
hd011293,dh005618,03/08/2026,16/08/2026,5390200.0,5390200.0,0.0
hd011294,dh004483,02/08/2026,14/08/2026,8136800.0,7043500.0,1093300.0
