MaCongNoPhaiTra,MaDonMuaHang,MaNhaCungCap,NgayHoaDon,HanThanhToan,SoTien,DaTra,ConLai
cnt000001,po001713,ncc036,04/08/2024,2024-09-18 01:55:44,14282400.0,4929600.0,9352800.0
cnt000002,po002763,NCC043,05/08/2024,2024-09-19 03:06:24,32234400.0,32115600.0,118800.0
cnt000003,po002728,ncc028,02/08/2024,2024-09-16 09:42:54,6858500.0,6858500.0,0.0
cnt000004,po001710,ncc016,06/08/2024,2024-09-20 14:15:59,26290800.0,26290800.0,0.0
cnt000005,po001471,NCC002,02/08/2024,2024-09-16 20:55:18,250722400.0,250722400.0,0.0
cnt000006,po003336,ncc042,02/08/2024,2024-09-16 21:41:29,100176500.0,100176500.0,0.0
cnt000007,po002715,ncc017,06/08/2024,2024-09-20 12:43:38,112103500.0,112103500.0,0.0
CNT000008,po002668,ncc041,05/08/2024,2024-09-19 16:29:08,292787500.0,292787500.0,0.0
cnt000009,po003230,ncc013,05/08/2024,2024-09-19 16:41:53,12765600.0,12765600.0,0.0
cnt000010,po001720,ncc010,07/08/2024,2024-09-21 07:58:21,74823700.0,65923100.0,8900600.0
CNT000011,po003378,ncc025,08/06/2024,2024-09-20 20:27:26,562781100.0,81611400.0,481169700.0
cnt000012,PO001240,ncc044,08/08/2024,2024-09-22 21:02:30,43232600.0,43232600.0,0.0
cnt000013,PO002796,ncc031,07/08/2024,2024-09-21 21:47:48,20473600.0,20473600.0,0.0
cnt000014,po002660,NCC002,05/08/2024,2024-09-19 03:14:53,13986000.0,493900.0,13492100.0
cnt000015,po002328,ncc003,09/08/2024,2024-09-23 05:24:12,20182800.0,3504400.0,16678400.0
cnt000016,po001425,ncc008,07/08/2024,2024-09-21 05:46:22,21926000.0,21926000.0,0.0
cnt000017,PO002287,ncc015,07/08/2024,2024-09-21 06:44:47,62083000.0,62083000.0,0.0
cnt000018,po003248,ncc012,07/08/2024,2024-09-21 13:19:50,14022400.0,14022400.0,0.0
cnt000019,PO002095,ncc007,06/08/2024,2024-09-20 15:48:49,80626500.0,80626500.0,0.0
cnt000020,PO000218,ncc013,09/08/2024,2024-09-23 01:07:54,192504600.0,192504600.0,0.0
cnt000021,PO001969,ncc010,09/08/2024,2024-09-23 03:24:29,77653000.0,77653000.0,0.0
CNT000022,po003279,NCC017,08/08/2024,2024-09-22 21:56:39,5302500.0,4003400.0,1299100.0
cnt000023,po003460,ncc014,07/08/2024,2024-09-21 07:05:58,136758200.0,136758200.0,0.0
cnt000024,po001818,ncc031,09/08/2024,2024-09-23 01:18:49,18822400.0,12304800.0,6517600.0
cnt000025,PO000731,ncc027,08/08/2024,2024-09-22 04:38:29,17373600.0,17373600.0,0.0
cnt000026,po001038,ncc044,08/08/2024,2024-09-22 08:14:34,35628900.0,24931100.0,10697800.0
CNT000027,po002630,NCC022,11/08/2024,2024-09-25 12:41:17,311000800.0,260089800.0,50911000.0
cnt000028,po002893,ncc021,08/08/2024,2024-09-22 15:04:48,83452000.0,66914700.0,16537300.0
cnt000029,PO002164,NCC042,2024-08-12,2024-09-26 21:06:34,41440000.0,41440000.0,0.0
cnt000030,po001085,NCC900,10/08/2024,2024-09-24 21:11:04,58134800.0,58134800.0,0.0
cnt000031,po000898,ncc038,12/08/2024,2024-09-26 23:50:46,15638400.0,15638400.0,0.0
cnt000032,po000683,ncc023,12/08/2024,2024-09-26 06:46:25,35110400.0,24336000.0,10774400.0
cnt000033,po001070,ncc006,2024-08-09,2024-09-23 09:10:44,84083400.0,84083400.0,0.0
cnt000034,po002849,ncc017,09/08/2024,2024-09-23 09:30:25,85991400.0,85991400.0,0.0
cnt000035,po003374,ncc028,11/08/2024,2024-09-25 17:08:18,443125200.0,443125200.0,0.0
cnt000036,po001336,NCC013,10/08/2024,2024-09-24 19:00:00,31724100.0,31724100.0,0.0
cnt000037,PO000409,ncc003,12/08/2024,2024-09-26 07:44:26,23700000.0,16143400.0,7556600.0
cnt000038,PO000877,NCC035,13/08/2024,2024-09-27 21:44:08,293178000.0,293178000.0,0.0
cnt000039,po003240,NCC025,13/08/2024,2024-09-27 22:41:19,70786800.0,70786800.0,0.0
CNT000040,po002967,ncc034,13/08/2024,2024-09-27 02:51:13,98775700.0,60137200.0,38638500.0
cnt000041,po000527,ncc037,11/08/2024,2024-09-25 05:04:27,6541000.0,3027100.0,3513900.0
cnt000042,po000102,ncc034,13/08/2024,2024-09-27 07:02:37,149044000.0,149044000.0,0.0
cnt000043,po001307,ncc001,15/08/2024,2024-09-29 12:06:01,3892400.0,3892400.0,0.0
CNT000044,po001504,ncc015,12/08/2024,2024-09-26 02:01:33,77361600.0,60392100.0,16969500.0
cnt000045,PO003200,ncc010,16/08/2024,2024-09-30 07:25:55,37709800.0,4910800.0,32799000.0
cnt000046,PO003016,NCC036,16/08/2024,2024-09-30 21:51:42,8043400.0,8043400.0,0.0
cnt000047,po001174,ncc045,14/08/2024,2024-09-28 01:23:43,58961700.0,54021700.0,4940000.0
cnt000048,po003404,ncc014,13/08/2024,2024-09-27 12:11:35,64612800.0,18089700.0,46523100.0
cnt000049,po000295,ncc031,15/08/2024,2024-09-29 13:31:51,30551500.0,30551500.0,0.0
cnt000050,po001408,ncc025,16/08/2024,2024-09-30 14:27:11,4335000.0,4335000.0,0.0
cnt000051,po000185,ncc043,14/08/2024,2024-09-28 17:43:56,253900800.0,216151000.0,37749800.0
cnt000052,po001951,NCC017,17/08/2024,2024-10-01 00:18:58,31939600.0,31939600.0,0.0
CNT000053,po000293,ncc022,18/08/2024,2024-10-02 04:13:01,14924700.0,14924700.0,0.0
cnt000054,po002514,ncc031,17/08/2024,2024-10-01 05:55:24,95733800.0,95733800.0,0.0
cnt000055,po002078,ncc041,18/08/2024,2024-10-02 11:38:48,593743800.0,593743800.0,0.0
cnt000056,PO002382,ncc043,17/08/2024,2024-10-01 14:40:41,104690200.0,104690200.0,0.0
cnt000057,po002009,ncc039,17/08/2024,2024-10-01 14:41:50,105489900.0,73373200.0,32116700.0
cnt000058,po002230,NCC001,15/08/2024,2024-09-29 16:49:16,46785600.0,2323600.0,44462000.0
cnt000059,po003163,NCC044,16/08/2024,2024-09-30 02:03:49,24557500.0,24557500.0,0.0
cnt000060,PO000967,ncc023,17/08/2024,2024-10-01 02:49:33,91103800.0,91103800.0,0.0
cnt000061,po000899,NCC005,19/08/2024,2024-10-03 18:36:26,40723200.0,27695600.0,13027600.0
CNT000062,po001838,ncc011,16/08/2024,2024-09-30 22:06:09,412800300.0,412800300.0,0.0
cnt000063,PO000141,NCC020,15/08/2024,2024-09-29 22:29:07,9300000.0,8806600.0,493400.0
cnt000064,po002599,ncc018,17/08/2024,2024-10-01 08:55:54,107870400.0,95127200.0,12743200.0
cnt000065,PO000438,ncc007,16/08/2024,2024-09-30 15:36:55,67730400.0,8350700.0,59379700.0
cnt000066,po000797,ncc045,20/08/2024,2024-10-04 15:37:21,3890000.0,3890000.0,0.0
CNT000067,PO002235,ncc025,20/08/2024,2024-10-04 19:37:20,87204000.0,87204000.0,0.0
cnt000068,PO002149,NCC029,20/08/2024,2024-10-04 03:20:14,9692400.0,9692400.0,0.0
cnt000069,po003219,ncc012,18/08/2024,2024-10-02 03:51:18,16150900.0,16150900.0,0.0
cnt000070,po003470,ncc016,17/08/2024,2024-10-01 15:23:48,28107600.0,4016600.0,24091000.0
cnt000071,po001900,NCC022,21/08/2024,2024-10-05 18:03:39,11058000.0,5248100.0,5809900.0
cnt000072,po000796,ncc026,20/08/2024,2024-10-04 21:17:29,133252500.0,35091600.0,98160900.0
cnt000073,po000842,ncc008,17/08/2024,2024-10-01 23:26:54,23699600.0,23699600.0,0.0
cnt000074,po001108,NCC002,19/08/2024,2024-10-03 03:13:11,3805200.0,2818700.0,986500.0
CNT000075,PO000071,ncc044,22/08/2024,2024-10-06 05:57:27,46064100.0,46064100.0,0.0
cnt000076,po003318,ncc034,18/08/2024,2024-10-02 06:21:25,26275200.0,4327000.0,21948200.0
cnt000077,po002197,NCC044,19/08/2024,2024-10-03 07:45:53,283581500.0,283581500.0,0.0
cnt000078,po001934,NCC039,20/08/2024,2024-10-04 12:18:28,6495000.0,6495000.0,0.0
cnt000079,PO001746,ncc015,18/08/2024,2024-10-02 17:01:42,12426800.0,5284800.0,7142000.0
cnt000080,po000938,ncc032,20/08/2024,2024-10-04 18:57:54,14112600.0,12025600.0,2087000.0
cnt000081,po001467,ncc006,20/08/2024,2024-10-04 19:36:56,767491200.0,420149000.0,347342200.0
cnt000082,po000911,NCC009,19/08/2024,2024-10-03 00:00:22,10689000.0,10689000.0,0.0
cnt000083,PO002058,ncc040,22/08/2024,2024-10-06 06:47:20,18260000.0,6299600.0,11960400.0
cnt000084,po001133,NCC904,20/08/2024,2024-10-04 11:50:28,361414200.0,339220500.0,22193700.0
cnt000085,PO003152,ncc010,22/08/2024,2024-10-06 22:10:45,46904000.0,34870200.0,12033800.0
cnt000086,po002779,ncc037,22/08/2024,2024-10-06 12:07:33,12583200.0,8548100.0,4035100.0
CNT000087,PO003068,ncc006,23/08/2024,2024-10-07 14:49:34,103372500.0,54757800.0,48614700.0
cnt000088,po002064,ncc021,20/08/2024,2024-10-04 19:01:56,25121300.0,25121300.0,0.0
cnt000089,po001043,ncc014,21/08/2024,2024-10-05 21:57:18,55083600.0,55083600.0,0.0
cnt000090,po000399,ncc032,21/08/2024,2024-10-05 22:50:42,69378700.0,69378700.0,0.0
cnt000091,PO001568,ncc035,24/08/2024,2024-10-08 23:31:07,26910000.0,18694100.0,8215900.0
cnt000092,po003213,ncc018,25/08/2024,2024-10-09 01:17:07,100763900.0,100763900.0,0.0
cnt000093,PO002393,ncc035,22/08/2024,2024-10-06 03:06:33,207175700.0,207175700.0,0.0
cnt000094,po002642,ncc002,21/08/2024,2024-10-05 04:08:29,10137400.0,6334500.0,3802900.0
cnt000095,po001909,NCC027,23/08/2024,2024-10-07 05:12:12,51258900.0,51258900.0,0.0
cnt000096,po003233,ncc016,22/08/2024,2024-10-06 17:20:00,526564800.0,526564800.0,0.0
cnt000097,po002545,ncc038,24/08/2024,2024-10-08 18:53:47,37984800.0,8808200.0,29176600.0
cnt000098,po000211,ncc031,23/08/2024,2024-10-07 01:36:46,2815800.0,2815800.0,0.0
cnt000099,po000556,NCC017,25/08/2024,2024-10-09 14:42:58,244617600.0,244617600.0,0.0
CNT000100,po001626,NCC045,23/08/2024,2024-10-07 16:45:28,12990600.0,12990600.0,0.0
cnt000101,PO000551,ncc039,26/08/2024,2024-10-10 06:29:51,411387000.0,411387000.0,0.0
cnt000102,po001069,NCC028,25/08/2024,2024-10-09 06:56:07,1728300.0,1728300.0,0.0
CNT000103,PO000092,ncc006,25/08/2024,2024-10-09 17:33:36,112597800.0,26615000.0,85982800.0
cnt000104,PO000945,ncc003,26/08/2024,2024-10-10 18:45:32,7322900.0,6283100.0,1039800.0
CNT000105,po001176,ncc023,25/08/2024,2024-10-09 23:16:02,116742500.0,116742500.0,0.0
CNT000106,PO003487,ncc035,24/08/2024,2024-10-08 01:20:51,13308600.0,13308600.0,0.0
cnt000107,PO000608,ncc040,24/08/2024,2024-10-08 07:53:45,16786000.0,16786000.0,0.0
cnt000108,PO001933,ncc002,26/08/2024,2024-10-10 09:40:01,839800.0,839800.0,0.0
cnt000109,PO001955,ncc023,26/08/2024,2024-10-10 10:12:11,51349900.0,5548200.0,45801700.0
cnt000110,po001412,NCC016,08/27/2024,2024-10-11 11:34:19,88182600.0,88182600.0,0.0
cnt000111,PO001782,ncc037,26/08/2024,2024-10-10 03:22:02,700392500.0,550543100.0,149849400.0
cnt000112,PO000066,ncc018,28/08/2024,2024-10-12 09:23:51,8143200.0,2595700.0,5547500.0
cnt000113,po001675,ncc002,25/08/2024,2024-10-09 10:13:03,2310000.0,1680300.0,629700.0
cnt000114,PO001487,ncc019,27/08/2024,2024-10-11 17:06:45,99491800.0,99491800.0,0.0
cnt000115,po001873,ncc017,30/08/2024,2024-10-14 02:23:53,26656000.0,26656000.0,0.0
cnt000116,po003027,ncc012,30/08/2024,2024-10-14 12:03:24,363736000.0,363736000.0,0.0
cnt000117,PO000588,ncc041,26/08/2024,2024-10-10 12:46:58,75140000.0,46154100.0,28985900.0
cnt000118,PO003359,ncc001,29/08/2024,2024-10-13 15:12:57,19680000.0,19680000.0,0.0
cnt000119,PO000030,ncc031,29/08/2024,2024-10-13 15:13:34,289961600.0,289961600.0,0.0
cnt000120,po001733,ncc029,26/08/2024,2024-10-10 20:20:11,896146800.0,820945400.0,75201400.0
cnt000121,po000203,ncc014,31/08/2024,2024-10-15 10:06:46,52730700.0,52730700.0,0.0
cnt000122,po003314,ncc023,27/08/2024,2024-10-11 13:17:53,41721300.0,41721300.0,0.0
cnt000123,po000222,ncc010,31/08/2024,2024-10-15 17:37:07,34471500.0,34471500.0,0.0
cnt000124,PO002977,ncc027,29/08/2024,2024-10-13 01:45:22,6193400.0,6193400.0,0.0
cnt000125,po001830,ncc012,30/08/2024,2024-10-14 02:36:12,3053500.0,251400.0,2802100.0
cnt000126,po002952,ncc016,29/08/2024,2024-10-13 05:04:19,8124300.0,8124300.0,0.0
cnt000127,PO001020,ncc030,30/08/2024,2024-10-14 11:55:33,17639300.0,16338600.0,1300700.0
cnt000128,PO000703,ncc045,28/08/2024,2024-10-12 21:49:35,12459300.0,1920700.0,10538600.0
cnt000129,po000659,ncc011,29/08/2024,2024-10-13 23:34:32,49138100.0,49138100.0,0.0
cnt000130,po001656,ncc031,30/08/2024,2024-10-14 08:16:53,18188600.0,18188600.0,0.0
cnt000131,po001334,ncc014,01/09/2024,2024-10-16 19:16:20,72346000.0,72346000.0,0.0
cnt000132,po002757,ncc014,02/09/2024,2024-10-17 08:02:30,447863000.0,65326300.0,382536700.0
cnt000133,PO001045,NCC019,03/09/2024,2024-10-18 09:59:59,194454000.0,74288700.0,120165300.0
cnt000134,po000065,ncc045,03/09/2024,2024-10-18 12:21:44,107589600.0,107589600.0,0.0
cnt000135,PO000333,ncc003,04/09/2024,2024-10-19 00:16:03,11893900.0,11893900.0,0.0
cnt000136,po001580,ncc044,01/09/2024,2024-10-16 12:35:21,59377100.0,15334200.0,44042900.0
cnt000137,po002816,ncc016,04/09/2024,2024-10-19 14:41:14,96904500.0,96904500.0,0.0
cnt000138,po002705,ncc037,09/02/2024,2024-10-17 19:51:44,16770000.0,14277900.0,2492100.0
cnt000139,po001129,ncc037,31/08/2024,2024-10-15 22:40:15,35848400.0,31353900.0,4494500.0
CNT000140,PO000568,ncc017,03/09/2024,2024-10-18 10:54:23,36627600.0,18962300.0,17665300.0
cnt000141,po001335,ncc020,05/09/2024,2024-10-20 11:03:38,10949500.0,1243900.0,9705600.0
cnt000142,po002119,ncc015,09/01/2024,2024-10-16 14:47:09,146144500.0,73120200.0,73024300.0
cnt000143,po003316,ncc006,05/09/2024,2024-10-20 19:15:46,8451700.0,1061900.0,7389800.0
CNT000144,po002574,NCC906,03/09/2024,2024-10-18 19:43:39,28665000.0,16850100.0,11814900.0
cnt000145,po003225,ncc034,03/09/2024,2024-10-18 00:44:49,118981400.0,118981400.0,0.0
cnt000146,po001260,ncc002,09/02/2024,2024-10-17 08:20:08,15202400.0,15202400.0,0.0
cnt000147,po001588,ncc014,04/09/2024,2024-10-19 13:34:19,139298600.0,34483000.0,104815600.0
cnt000148,po001262,ncc037,03/09/2024,2024-10-18 02:50:20,56737800.0,56737800.0,0.0
cnt000149,po001997,ncc020,05/09/2024,2024-10-20 08:56:15,23544000.0,7461500.0,16082500.0
cnt000150,po003112,NCC044,04/09/2024,2024-10-19 14:59:39,96586900.0,58327500.0,38259400.0
cnt000151,po001974,ncc045,05/09/2024,2024-10-20 22:48:14,2299200.0,2299200.0,0.0
cnt000152,PO000208,ncc019,05/09/2024,2024-10-20 00:17:51,26216000.0,26216000.0,0.0
cnt000153,PO001981,ncc043,05/09/2024,2024-10-20 02:42:37,101517000.0,101517000.0,0.0
cnt000154,po000283,ncc003,08/09/2024,2024-10-23 03:06:39,91616800.0,91616800.0,0.0
cnt000155,po003063,ncc037,05/09/2024,2024-10-20 07:22:51,139107200.0,93953800.0,45153400.0
cnt000156,PO003474,ncc042,07/09/2024,2024-10-22 15:29:43,67850400.0,67850400.0,0.0
cnt000157,po000812,ncc032,08/09/2024,2024-10-23 20:30:29,132750000.0,17025100.0,115724900.0
cnt000158,po001044,NCC036,05/09/2024,2024-10-20 19:08:01,125457600.0,125457600.0,0.0
cnt000159,po000230,NCC007,09/09/2024,2024-10-24 19:15:10,12220000.0,7024000.0,5196000.0
cnt000160,po000800,ncc020,10/09/2024,2024-10-25 07:45:45,84760200.0,84760200.0,0.0
cnt000161,po001631,NCC045,08/09/2024,2024-10-23 23:56:12,7812000.0,7812000.0,0.0
CNT000162,po002155,ncc009,10/09/2024,2024-10-25 01:11:11,148318500.0,148318500.0,0.0
cnt000163,po001601,ncc012,07/09/2024,2024-10-22 01:27:12,212652300.0,212652300.0,0.0
cnt000164,po000342,ncc040,07/09/2024,2024-10-22 05:15:25,5733000.0,4180400.0,1552600.0
cnt000165,po003274,NCC012,11/09/2024,2024-10-26 06:41:36,1065900.0,93400.0,972500.0
cnt000166,po002707,ncc026,09/09/2024,2024-10-24 11:32:18,44760400.0,44760400.0,0.0
cnt000167,po003437,ncc015,10/09/2024,2024-10-25 03:42:34,18599200.0,18599200.0,0.0
cnt000168,po002771,ncc014,12/09/2024,2024-10-27 08:22:19,33633000.0,33549300.0,83700.0
cnt000169,po000453,ncc034,08/09/2024,2024-10-23 08:33:40,12144600.0,4443200.0,7701400.0
cnt000170,po001123,ncc024,08/09/2024,2024-10-23 09:49:33,315081200.0,315081200.0,0.0
CNT000171,po001243,ncc014,10/09/2024,2024-10-25 18:08:04,70388500.0,70388500.0,0.0
CNT000172,po001054,NCC019,10/09/2024,2024-10-25 18:32:00,102601800.0,102601800.0,0.0
CNT000173,po002074,NCC034,13/09/2024,2024-10-28 07:50:12,57625900.0,57625900.0,0.0
cnt000174,PO003036,ncc022,13/09/2024,2024-10-28 08:54:20,5933200.0,5933200.0,0.0
cnt000175,po002333,ncc031,13/09/2024,2024-10-28 16:32:31,24062400.0,24062400.0,0.0
cnt000176,PO000696,ncc027,10/09/2024,2024-10-25 17:20:06,156858800.0,156858800.0,0.0
cnt000177,po002151,ncc045,11/09/2024,2024-10-26 17:58:20,810069800.0,810069800.0,0.0
cnt000178,po003194,ncc019,10/09/2024,2024-10-25 22:36:35,26870200.0,26870200.0,0.0
cnt000179,PO001329,ncc004,2024-09-12,2024-10-27 16:59:30,20191200.0,20191200.0,0.0
CNT000180,po002481,ncc008,12/09/2024,2024-10-27 02:19:01,78244400.0,78244400.0,0.0
CNT000181,po003187,ncc036,12/09/2024,2024-10-27 04:33:25,101796800.0,101796800.0,0.0
cnt000182,po001869,ncc029,12/09/2024,2024-10-27 04:45:08,143284000.0,143284000.0,0.0
cnt000183,po002334,ncc013,14/09/2024,2024-10-29 16:30:41,9231000.0,9231000.0,0.0
cnt000184,po002936,ncc014,15/09/2024,2024-10-30 19:53:37,21314400.0,7606800.0,13707600.0
cnt000185,po003023,ncc045,16/09/2024,2024-10-31 02:09:15,80746200.0,80746200.0,0.0
CNT000186,po003097,ncc041,12/09/2024,2024-10-27 05:53:47,284439000.0,136600800.0,147838200.0
cnt000187,PO001298,ncc034,13/09/2024,2024-10-28 10:11:39,70638400.0,70638400.0,0.0
cnt000188,PO000049,ncc033,16/09/2024,2024-10-31 11:13:53,19173000.0,19173000.0,0.0
cnt000189,po002711,NCC019,13/09/2024,2024-10-28 15:33:02,175091400.0,165346300.0,9745100.0
cnt000190,po000397,ncc003,16/09/2024,2024-10-31 21:50:25,37848600.0,37848600.0,0.0
cnt000191,PO001922,ncc030,16/09/2024,2024-10-31 22:05:42,43664200.0,43664200.0,0.0
CNT000192,po001954,ncc028,15/09/2024,2024-10-30 23:24:38,15997500.0,15997500.0,0.0
cnt000193,po001281,NCC007,13/09/2024,2024-10-28 01:49:07,277470400.0,277470400.0,0.0
cnt000194,po002937,ncc027,17/09/2024,2024-11-01 03:18:36,28474000.0,28474000.0,0.0
cnt000195,po003415,ncc044,13/09/2024,2024-10-28 10:38:45,10773600.0,9831800.0,941800.0
cnt000196,po001828,ncc040,15/09/2024,2024-10-30 12:30:33,28437500.0,28437500.0,0.0
CNT000197,po002515,ncc028,17/09/2024,2024-11-01 23:12:52,3812700.0,280900.0,3531800.0
cnt000198,po002024,ncc007,16/09/2024,2024-10-31 01:26:45,26686000.0,26686000.0,0.0
cnt000199,po000294,NCC901,18/09/2024,2024-11-02 06:04:15,114611400.0,114611400.0,0.0
CNT000200,po003037,ncc013,17/09/2024,2024-11-01 14:50:03,312112500.0,102707400.0,209405100.0
cnt000201,po001056,ncc015,17/09/2024,2024-11-01 21:04:13,39440000.0,39440000.0,0.0
cnt000202,po003040,NCC039,18/09/2024,2024-11-02 23:23:20,67398200.0,8459900.0,58938300.0
cnt000203,po001705,ncc042,15/09/2024,2024-10-30 10:02:52,7100000.0,7100000.0,0.0
CNT000204,po001429,NCC013,16/09/2024,2024-10-31 10:43:15,764000.0,764000.0,0.0
cnt000205,po002910,ncc001,16/09/2024,2024-10-31 12:27:20,10563300.0,10563300.0,0.0
CNT000206,po000001,ncc039,19/09/2024,2024-11-03 16:23:33,34067900.0,34067900.0,0.0
CNT000207,PO003137,ncc018,16/09/2024,2024-10-31 20:23:41,17676400.0,17676400.0,0.0
cnt000208,po000634,ncc023,18/09/2024,2024-11-02 22:51:15,30897500.0,30897500.0,0.0
cnt000209,po000664,ncc044,17/09/2024,2024-11-01 00:11:39,103722000.0,103722000.0,0.0
cnt000210,po000360,ncc030,18/09/2024,2024-11-02 14:18:25,436609000.0,436609000.0,0.0
cnt000211,PO001226,ncc042,21/09/2024,2024-11-05 05:57:17,11118600.0,11118600.0,0.0
cnt000212,PO002853,NCC039,20/09/2024,2024-11-04 14:45:16,152992600.0,49544000.0,103448600.0
cnt000213,po002470,ncc002,21/09/2024,2024-11-05 00:40:04,5355000.0,5355000.0,0.0
cnt000214,po002048,ncc011,21/09/2024,2024-11-05 06:59:14,19839400.0,8915800.0,10923600.0
CNT000215,PO000048,ncc043,21/09/2024,2024-11-05 14:56:18,216586800.0,216586800.0,0.0
cnt000216,po002931,ncc041,24/09/2024,2024-11-08 05:09:56,22980400.0,22980400.0,0.0
cnt000217,po002811,ncc032,24/09/2024,2024-11-08 10:50:27,18850500.0,12250900.0,6599600.0
CNT000218,PO001198,NCC027,09/22/2024,2024-11-06 18:06:02,66352100.0,36892200.0,29459900.0
cnt000219,po001952,ncc040,22/09/2024,2024-11-06 19:02:03,96269200.0,18103400.0,78165800.0
cnt000220,po000755,ncc017,22/09/2024,2024-11-06 01:20:13,61412800.0,61412800.0,0.0
cnt000221,PO000336,ncc023,22/09/2024,2024-11-06 15:22:38,241760000.0,241760000.0,0.0
cnt000222,PO000411,ncc012,25/09/2024,2024-11-09 19:32:13,39438300.0,39438300.0,0.0
cnt000223,po003356,ncc027,24/09/2024,2024-11-08 21:06:19,37832400.0,33059000.0,4773400.0
cnt000224,po001303,ncc016,25/09/2024,2024-11-09 07:47:33,79635200.0,79635200.0,0.0
cnt000225,po001190,ncc018,23/09/2024,2024-11-07 19:36:33,18005600.0,7326800.0,10678800.0
cnt000226,po002190,ncc009,26/09/2024,2024-11-10 21:59:00,85190100.0,81539400.0,3650700.0
CNT000227,po000023,NCC020,27/09/2024,2024-11-11 01:33:58,115925000.0,25909700.0,90015300.0
cnt000228,po001518,ncc025,26/09/2024,2024-11-10 09:41:36,17582400.0,14214100.0,3368300.0
cnt000229,po003024,ncc036,24/09/2024,2024-11-08 09:50:05,4321800.0,1347500.0,2974300.0
cnt000230,po001522,ncc045,2024-09-26,2024-11-10 10:21:01,378318200.0,378318200.0,0.0
cnt000231,po000673,ncc036,25/09/2024,2024-11-09 12:49:33,13886000.0,13886000.0,0.0
cnt000232,po001246,ncc015,27/09/2024,2024-11-11 17:15:42,41371200.0,41371200.0,0.0
cnt000233,po001564,NCC039,26/09/2024,2024-11-10 19:24:09,40596400.0,33296500.0,7299900.0
cnt000234,po002706,ncc030,26/09/2024,2024-11-10 02:53:05,564200.0,564200.0,0.0
cnt000235,po001366,ncc022,26/09/2024,2024-11-10 04:44:20,301474600.0,213168100.0,88306500.0
cnt000236,PO002790,ncc022,27/09/2024,2024-11-11 12:20:30,222010500.0,204070900.0,17939600.0
cnt000237,po000383,ncc005,28/09/2024,2024-11-12 13:48:11,38105600.0,24651600.0,13454000.0
cnt000238,po002969,ncc029,26/09/2024,2024-11-10 03:43:01,22455300.0,22455300.0,0.0
cnt000239,PO003413,NCC001,26/09/2024,2024-11-10 05:28:42,40116600.0,10514800.0,29601800.0
CNT000240,po002319,NCC021,28/09/2024,2024-11-12 09:54:03,529875800.0,529875800.0,0.0
cnt000241,PO003281,ncc032,29/09/2024,2024-11-13 10:55:15,14443000.0,4571800.0,9871200.0
CNT000242,po002641,ncc011,29/09/2024,2024-11-13 14:32:59,292187500.0,292187500.0,0.0
cnt000243,po000300,ncc022,29/09/2024,2024-11-13 23:13:38,40654800.0,27718400.0,12936400.0
cnt000244,po000873,ncc024,26/09/2024,2024-11-10 00:04:21,32285800.0,32285800.0,0.0
cnt000245,po000138,ncc026,29/09/2024,2024-11-13 16:38:01,477084600.0,291655200.0,185429400.0
CNT000246,po001623,ncc023,30/09/2024,2024-11-14 21:55:49,9306900.0,9306900.0,0.0
cnt000247,po001238,ncc012,28/09/2024,2024-11-12 00:50:01,38802000.0,16348200.0,22453800.0
CNT000248,po000732,ncc024,29/09/2024,2024-11-13 02:50:27,59784900.0,59784900.0,0.0
cnt000249,po002959,NCC008,29/09/2024,2024-11-13 07:45:24,61341600.0,58162600.0,3179000.0
cnt000250,po002699,ncc010,01/10/2024,2024-11-15 20:04:04,22684000.0,22684000.0,0.0
cnt000251,po001488,ncc025,30/09/2024,2024-11-14 01:00:05,17661000.0,14364600.0,3296400.0
cnt000252,po002339,ncc022,01/10/2024,2024-11-15 03:09:09,30814200.0,30814200.0,0.0
cnt000253,PO000206,ncc044,02/10/2024,2024-11-16 11:41:26,23485000.0,23485000.0,0.0
cnt000254,po003108,ncc022,28/09/2024,2024-11-12 14:50:17,40732200.0,21035600.0,19696600.0
cnt000255,PO000695,ncc014,29/09/2024,2024-11-13 02:45:01,20871800.0,9703000.0,11168800.0
CNT000256,PO002069,NCC006,03/10/2024,2024-11-17 03:02:36,6343300.0,5320100.0,1023200.0
cnt000257,po000684,ncc041,30/09/2024,2024-11-14 10:54:55,102964400.0,36104800.0,66859600.0
cnt000258,PO000487,ncc043,01/10/2024,2024-11-15 21:56:53,55641600.0,55641600.0,0.0
cnt000259,PO001117,ncc037,30/09/2024,2024-11-14 22:01:55,6751900.0,6751900.0,0.0
cnt000260,po002363,ncc002,03/10/2024,2024-11-17 22:04:34,103037000.0,103037000.0,0.0
CNT000261,po000665,ncc045,03/10/2024,2024-11-17 22:51:30,7783600.0,7783600.0,0.0
cnt000262,PO002063,ncc017,01/10/2024,2024-11-15 02:39:32,121047000.0,121047000.0,0.0
cnt000263,po001008,NCC020,02/10/2024,2024-11-16 07:46:17,21332500.0,16032900.0,5299600.0
cnt000264,po001987,ncc010,03/10/2024,2024-11-17 08:52:24,435991400.0,435991400.0,0.0
cnt000265,po000391,ncc016,04/10/2024,2024-11-18 19:03:19,590928000.0,590928000.0,0.0
cnt000266,po002224,ncc012,2024-10-01,2024-11-15 20:10:59,30396100.0,25763000.0,4633100.0
cnt000267,PO002523,ncc032,2024-10-03,2024-11-17 00:07:13,30418100.0,30418100.0,0.0
cnt000268,po003296,ncc025,05/10/2024,2024-11-19 00:28:36,110170100.0,110170100.0,0.0
cnt000269,po001316,ncc019,02/10/2024,2024-11-16 15:05:02,438872000.0,438872000.0,0.0
CNT000270,po002620,ncc034,05/10/2024,2024-11-19 15:32:22,10296000.0,508900.0,9787100.0
cnt000271,po002866,ncc020,02/10/2024,2024-11-16 18:14:30,150825600.0,150825600.0,0.0
cnt000272,po001230,ncc009,05/10/2024,2024-11-19 08:19:52,134277700.0,13462500.0,120815200.0
cnt000273,po001664,ncc011,06/10/2024,2024-11-20 11:22:05,22053300.0,22053300.0,0.0
cnt000274,po002458,ncc004,03/10/2024,2024-11-17 13:29:55,17611100.0,17611100.0,0.0
cnt000275,po001061,ncc039,05/10/2024,2024-11-19 14:48:54,20373600.0,20373600.0,0.0
cnt000276,po000565,ncc011,04/10/2024,2024-11-18 15:08:02,18119400.0,14010600.0,4108800.0
CNT000277,po000850,ncc044,06/10/2024,2024-11-20 20:59:56,73686600.0,6454600.0,67232000.0
cnt000278,PO001849,ncc036,04/10/2024,2024-11-18 22:57:25,119119500.0,119119500.0,0.0
cnt000279,po000523,ncc002,03/10/2024,2024-11-17 23:46:38,62189600.0,62189600.0,0.0
cnt000280,PO000302,ncc033,06/10/2024,2024-11-20 00:45:11,29016000.0,29016000.0,0.0
cnt000281,PO000974,ncc006,05/10/2024,2024-11-19 18:16:29,401706000.0,401706000.0,0.0
cnt000282,po002129,ncc019,07/10/2024,2024-11-21 20:57:31,9561300.0,7493200.0,2068100.0
cnt000283,po003425,NCC028,07/10/2024,2024-11-21 22:48:50,168762600.0,168762600.0,0.0
cnt000284,po003407,ncc014,04/10/2024,2024-11-18 23:58:11,3135000.0,3135000.0,0.0
cnt000285,po002441,ncc018,08/10/2024,2024-11-22 02:59:56,23605200.0,4844700.0,18760500.0
cnt000286,PO002123,ncc007,05/10/2024,2024-11-19 05:17:18,44175000.0,44175000.0,0.0
cnt000287,PO001896,ncc039,05/10/2024,2024-11-19 20:22:49,47740000.0,43636700.0,4103300.0
cnt000288,po001263,NCC019,05/10/2024,2024-11-19 07:28:28,63337400.0,50793200.0,12544200.0
cnt000289,po001107,ncc006,06/10/2024,2024-11-20 20:04:24,11251400.0,11251400.0,0.0
cnt000290,po000292,NCC019,08/10/2024,2024-11-22 20:22:31,167384000.0,167384000.0,0.0
cnt000291,po000381,ncc044,09/10/2024,2024-11-23 03:41:40,12907800.0,12907800.0,0.0
cnt000292,PO001632,NCC039,09/10/2024,2024-11-23 06:55:25,492703600.0,12473300.0,480230300.0
cnt000293,PO001462,NCC041,07/10/2024,2024-11-21 09:50:32,339652800.0,116104900.0,223547900.0
cnt000294,PO000009,NCC043,07/10/2024,2024-11-21 16:15:14,131224000.0,131224000.0,0.0
cnt000295,po002732,NCC904,11/10/2024,2024-11-25 03:53:27,84291200.0,50660200.0,33631000.0
cnt000296,po002903,NCC044,10/10/2024,2024-11-24 08:02:56,187020200.0,165840500.0,21179700.0
cnt000297,po001578,ncc030,09/10/2024,2024-11-23 12:32:45,8942400.0,8942400.0,0.0
cnt000298,po000390,ncc038,08/10/2024,2024-11-22 14:09:54,5206000.0,5206000.0,0.0
cnt000299,po000329,NCC009,08/10/2024,2024-11-22 15:59:07,8635200.0,5886700.0,2748500.0
cnt000300,po003181,NCC011,08/10/2024,2024-11-22 16:26:17,17867300.0,17867300.0,0.0
cnt000301,PO002097,ncc021,09/10/2024,2024-11-23 17:42:01,221869200.0,100622500.0,121246700.0
cnt000302,po002139,ncc016,11/10/2024,2024-11-25 18:06:45,5810000.0,3953700.0,1856300.0
cnt000303,po002181,ncc009,08/10/2024,2024-11-22 20:19:54,4207500.0,4207500.0,0.0
cnt000304,po000260,ncc001,07/10/2024,2024-11-21 21:24:34,150221500.0,52417000.0,97804500.0
cnt000305,po000892,ncc002,07/10/2024,2024-11-21 21:33:11,30075000.0,30075000.0,0.0
cnt000306,PO001200,NCC902,10/10/2024,2024-11-24 22:00:49,21761600.0,6618900.0,15142700.0
cnt000307,PO000906,ncc043,08/10/2024,2024-11-22 09:32:25,274842400.0,274842400.0,0.0
cnt000308,po002265,ncc024,08/10/2024,2024-11-22 10:27:27,46421000.0,43834700.0,2586300.0
CNT000309,po002290,ncc001,08/10/2024,2024-11-22 15:27:14,53876400.0,18188900.0,35687500.0
CNT000310,PO000895,ncc007,13/10/2024,2024-11-27 06:49:49,25734800.0,25734800.0,0.0
cnt000311,po000792,ncc028,2024-10-12,2024-11-26 07:35:32,5508300.0,5508300.0,0.0
cnt000312,PO001579,ncc043,11/10/2024,2024-11-25 09:49:06,13579200.0,13579200.0,0.0
cnt000313,po003070,ncc041,12/10/2024,2024-11-26 16:24:47,49111200.0,32281700.0,16829500.0
CNT000314,PO000957,ncc019,10/10/2024,2024-11-24 22:41:14,31546400.0,31546400.0,0.0
cnt000315,PO002736,ncc013,11/10/2024,2024-11-25 23:41:31,80964000.0,12454500.0,68509500.0
cnt000316,PO003441,ncc019,11/10/2024,2024-11-25 01:03:23,143669500.0,52492400.0,91177100.0
cnt000317,PO000534,ncc004,14/10/2024,2024-11-28 01:33:27,24594400.0,24594400.0,0.0
cnt000318,po001620,ncc040,14/10/2024,2024-11-28 03:14:45,64102500.0,46135100.0,17967400.0
cnt000319,po003307,NCC029,11/10/2024,2024-11-25 08:58:04,3604000.0,3604000.0,0.0
cnt000320,PO003373,NCC045,12/10/2024,2024-11-26 09:38:18,79270400.0,20756400.0,58514000.0
cnt000321,po003297,ncc034,14/10/2024,2024-11-28 16:07:54,31230000.0,31230000.0,0.0
cnt000322,po003095,ncc023,13/10/2024,2024-11-27 16:58:11,24884400.0,24884400.0,0.0
cnt000323,po001188,NCC025,13/10/2024,2024-11-27 21:15:40,30048200.0,30048200.0,0.0
cnt000324,po000607,ncc040,12/10/2024,2024-11-26 05:07:34,41944600.0,8169700.0,33774900.0
cnt000325,po003313,ncc005,11/10/2024,2024-11-25 06:34:19,33480000.0,33480000.0,0.0
cnt000326,PO002359,ncc027,14/10/2024,2024-11-28 08:41:11,60952500.0,60952500.0,0.0
cnt000327,PO000018,ncc018,12/10/2024,2024-11-26 09:16:21,17826500.0,17826500.0,0.0
cnt000328,po001740,ncc001,15/10/2024,2024-11-29 15:14:31,191808000.0,191808000.0,0.0
CNT000329,po001857,NCC024,13/10/2024,2024-11-27 18:11:53,79023100.0,79023100.0,0.0
cnt000330,po001531,ncc009,11/10/2024,2024-11-25 23:07:23,41811700.0,37379900.0,4431800.0
cnt000331,po001294,ncc013,12/10/2024,2024-11-26 00:33:11,12185600.0,12185600.0,0.0
cnt000332,po002081,NCC031,13/10/2024,2024-11-27 08:07:35,9583900.0,9583900.0,0.0
cnt000333,PO000839,ncc012,13/10/2024,2024-11-27 12:13:46,78120000.0,78120000.0,0.0
cnt000334,PO001295,ncc022,13/10/2024,2024-11-27 07:51:34,426462400.0,426462400.0,0.0
cnt000335,po001416,ncc030,15/10/2024,2024-11-29 08:58:04,396070200.0,396070200.0,0.0
cnt000336,po001916,ncc033,16/10/2024,2024-11-30 09:46:15,15028200.0,9722900.0,5305300.0
cnt000337,po001395,ncc030,17/10/2024,2024-12-01 13:20:29,33903800.0,33903800.0,0.0
cnt000338,po003400,ncc014,14/10/2024,2024-11-28 17:24:19,24949400.0,24949400.0,0.0
cnt000339,PO000423,NCC039,15/10/2024,2024-11-29 00:43:57,275896800.0,275896800.0,0.0
cnt000340,po002693,ncc032,18/10/2024,2024-12-02 03:10:32,44424400.0,44424400.0,0.0
cnt000341,po000270,ncc036,18/10/2024,2024-12-02 05:06:21,270578000.0,270578000.0,0.0
cnt000342,po001902,ncc014,16/10/2024,2024-11-30 06:46:39,333592700.0,230862300.0,102730400.0
cnt000343,PO003106,ncc033,2024-10-17,2024-12-01 13:29:21,17292000.0,16882100.0,409900.0
cnt000344,po000196,ncc007,15/10/2024,2024-11-29 15:05:58,25122500.0,25122500.0,0.0
cnt000345,po000614,ncc021,17/10/2024,2024-12-01 04:49:30,501553300.0,501553300.0,0.0
cnt000346,po001659,ncc038,16/10/2024,2024-11-30 11:16:39,327916400.0,260316200.0,67600200.0
cnt000347,PO003335,ncc021,16/10/2024,2024-11-30 02:35:49,54690100.0,232600.0,54457500.0
cnt000348,PO002068,ncc045,17/10/2024,2024-12-01 10:56:51,276524500.0,276524500.0,0.0
cnt000349,po001641,NCC017,16/10/2024,2024-11-30 13:30:48,53191600.0,53191600.0,0.0
cnt000350,po001945,ncc028,19/10/2024,2024-12-03 14:06:59,64335600.0,64335600.0,0.0
cnt000351,po001617,NCC029,16/10/2024,2024-11-30 18:22:43,150902000.0,150902000.0,0.0
cnt000352,po000715,NCC043,16/10/2024,2024-11-30 20:00:48,15554100.0,15554100.0,0.0
cnt000353,po001881,NCC906,18/10/2024,2024-12-02 23:32:44,437382900.0,276137900.0,161245000.0
cnt000354,po000749,NCC003,20/10/2024,2024-12-04 02:27:02,27174400.0,27174400.0,0.0
cnt000355,po001482,ncc016,18/10/2024,2024-12-02 04:18:36,26737500.0,26737500.0,0.0
cnt000356,po002913,ncc038,19/10/2024,2024-12-03 08:00:17,53216900.0,5649700.0,47567200.0
cnt000357,po002516,ncc007,17/10/2024,2024-12-01 15:42:39,35185500.0,35185500.0,0.0
cnt000358,po001532,ncc038,20/10/2024,2024-12-04 18:26:20,77787200.0,77787200.0,0.0
cnt000359,po001985,NCC011,2024-10-17,2024-12-01 19:10:54,259111000.0,259111000.0,0.0
cnt000360,po000008,ncc038,22/10/2024,2024-12-06 01:04:59,18510800.0,18510800.0,0.0
cnt000361,po002864,ncc043,20/10/2024,2024-12-04 07:30:57,4455600.0,2879800.0,1575800.0
cnt000362,po002810,NCC008,22/10/2024,2024-12-06 15:24:14,6787200.0,6787200.0,0.0
cnt000363,PO003069,NCC030,18/10/2024,2024-12-02 21:57:20,21907200.0,15133800.0,6773400.0
CNT000364,PO002305,ncc028,22/10/2024,2024-12-06 01:57:09,54877500.0,23632900.0,31244600.0
cnt000365,po002223,ncc002,20/10/2024,2024-12-04 05:54:40,20331000.0,20331000.0,0.0
cnt000366,po000657,ncc044,22/10/2024,2024-12-06 11:13:16,172416600.0,172416600.0,0.0
cnt000367,PO002061,NCC043,22/10/2024,2024-12-06 11:31:16,47277000.0,47277000.0,0.0
cnt000368,po000622,ncc004,23/10/2024,2024-12-07 13:32:55,8745300.0,3131800.0,5613500.0
CNT000369,po001980,ncc044,19/10/2024,2024-12-03 16:37:56,391330800.0,391330800.0,0.0
cnt000370,po000475,ncc027,24/10/2024,2024-12-08 03:33:50,52193400.0,52193400.0,0.0
cnt000371,po000274,ncc014,21/10/2024,2024-12-05 06:42:03,86128200.0,30604100.0,55524100.0
cnt000372,PO003456,ncc008,20/10/2024,2024-12-04 08:02:51,9714600.0,9714600.0,0.0
cnt000373,po001322,ncc006,21/10/2024,2024-12-05 12:32:07,62614400.0,62614400.0,0.0
CNT000374,PO002723,ncc012,21/10/2024,2024-12-05 16:52:04,51484800.0,41153500.0,10331300.0
cnt000375,po001134,NCC042,24/10/2024,2024-12-08 17:48:07,20440400.0,20440400.0,0.0
cnt000376,po002447,ncc016,22/10/2024,2024-12-06 19:04:40,67520200.0,67520200.0,0.0
cnt000377,po002717,ncc010,25/10/2024,2024-12-09 02:15:43,21439300.0,9752500.0,11686800.0
CNT000378,po001618,ncc035,25/10/2024,2024-12-09 08:30:07,16684400.0,16684400.0,0.0
cnt000379,po003114,ncc040,24/10/2024,2024-12-08 12:46:25,822350100.0,822350100.0,0.0
CNT000380,po001667,ncc026,21/10/2024,2024-12-05 17:53:22,36354500.0,36354500.0,0.0
CNT000381,po001778,NCC902,22/10/2024,2024-12-06 04:28:11,60009600.0,31166000.0,28843600.0
cnt000382,po001495,ncc024,26/10/2024,2024-12-10 05:25:59,75292800.0,54669200.0,20623600.0
cnt000383,po000372,ncc025,25/10/2024,2024-12-09 11:07:45,52958400.0,52958400.0,0.0
cnt000384,PO001478,ncc003,25/10/2024,2024-12-09 11:46:24,83722700.0,83722700.0,0.0
cnt000385,PO002769,ncc004,24/10/2024,2024-12-08 13:41:40,36129800.0,23176400.0,12953400.0
cnt000386,po000585,ncc034,26/10/2024,2024-12-10 22:05:18,15023600.0,15023600.0,0.0
cnt000387,po001185,ncc035,24/10/2024,2024-12-08 06:27:34,102455200.0,102455200.0,0.0
cnt000388,po002065,ncc005,24/10/2024,2024-12-08 13:30:00,544070600.0,544070600.0,0.0
cnt000389,po000290,ncc008,24/10/2024,2024-12-08 18:24:40,2805500.0,2805500.0,0.0
cnt000390,po002371,ncc037,25/10/2024,2024-12-09 18:29:14,48751800.0,48751800.0,0.0
cnt000391,po000694,NCC028,26/10/2024,2024-12-10 06:22:03,22077000.0,13590200.0,8486800.0
cnt000392,po002120,ncc032,26/10/2024,2024-12-10 08:07:58,91552800.0,91552800.0,0.0
cnt000393,PO001187,ncc008,26/10/2024,2024-12-10 09:25:32,14893000.0,14893000.0,0.0
cnt000394,po001684,ncc003,28/10/2024,2024-12-12 09:58:42,108172800.0,108172800.0,0.0
cnt000395,po000311,ncc002,27/10/2024,2024-12-11 11:26:53,182485500.0,182485500.0,0.0
cnt000396,po000593,ncc005,24/10/2024,2024-12-08 17:39:43,2308800.0,2308800.0,0.0
cnt000397,po002241,ncc007,24/10/2024,2024-12-08 21:13:26,61798200.0,61798200.0,0.0
cnt000398,po003440,ncc011,26/10/2024,2024-12-10 00:57:34,149408000.0,149408000.0,0.0
cnt000399,PO000674,ncc022,25/10/2024,2024-12-09 03:23:31,9563100.0,9563100.0,0.0
cnt000400,PO001850,ncc021,27/10/2024,2024-12-11 12:42:45,21268800.0,21268800.0,0.0
cnt000401,po000592,ncc043,30/10/2024,2024-12-14 02:58:30,27945000.0,3722800.0,24222200.0
cnt000402,PO000702,ncc002,26/10/2024,2024-12-10 09:01:34,51883600.0,51883600.0,0.0
cnt000403,po000353,ncc024,29/10/2024,2024-12-13 09:44:40,28994000.0,17487100.0,11506900.0
cnt000404,po001681,ncc020,30/10/2024,2024-12-14 16:17:34,428132800.0,428132800.0,0.0
cnt000405,po001374,ncc043,31/10/2024,2024-12-15 12:20:24,10527000.0,10527000.0,0.0
cnt000406,po002632,NCC043,28/10/2024,2024-12-12 12:49:25,41321500.0,24983800.0,16337700.0
cnt000407,PO001387,ncc002,28/10/2024,2024-12-12 21:05:37,188925600.0,188925600.0,0.0
cnt000408,po003167,NCC004,31/10/2024,2024-12-15 21:32:51,340632600.0,340632600.0,0.0
CNT000409,PO002368,ncc004,31/10/2024,2024-12-15 22:21:48,207312300.0,207312300.0,0.0
CNT000410,po003345,NCC021,29/10/2024,2024-12-13 23:59:13,9575600.0,9575600.0,0.0
cnt000411,PO002279,ncc013,28/10/2024,2024-12-12 08:12:37,16309800.0,16309800.0,0.0
cnt000412,po002379,ncc004,30/10/2024,2024-12-14 09:37:33,13410600.0,8267000.0,5143600.0
cnt000413,po000577,ncc011,29/10/2024,2024-12-13 11:07:11,368601600.0,368601600.0,0.0
cnt000414,PO002146,ncc039,28/10/2024,2024-12-12 11:51:15,56721600.0,56721600.0,0.0
CNT000415,po001047,NCC904,29/10/2024,2024-12-13 14:23:08,38178000.0,11837400.0,26340600.0
cnt000416,po001264,ncc044,31/10/2024,2024-12-15 18:27:43,40872600.0,40872600.0,0.0
cnt000417,po001375,ncc026,30/10/2024,2024-12-14 21:08:34,28590200.0,20101500.0,8488700.0
CNT000418,po000939,ncc007,28/10/2024,2024-12-12 21:57:58,82058400.0,11726200.0,70332200.0
CNT000419,po002451,ncc038,01/11/2024,2024-12-16 21:35:49,69597700.0,69597700.0,0.0
cnt000420,po000984,ncc009,11/01/2024,2024-12-16 00:00:49,527850000.0,527850000.0,0.0
cnt000421,po002941,ncc044,03/11/2024,2024-12-18 07:18:55,72127500.0,7687600.0,64439900.0
cnt000422,po003350,ncc017,03/11/2024,2024-12-18 08:32:35,12909200.0,12909200.0,0.0
cnt000423,po001402,NCC014,31/10/2024,2024-12-15 12:33:04,44237600.0,44237600.0,0.0
cnt000424,po001290,ncc044,03/11/2024,2024-12-18 15:57:27,29545000.0,29545000.0,0.0
cnt000425,po002589,ncc001,31/10/2024,2024-12-15 01:02:57,72711000.0,72711000.0,0.0
cnt000426,po000564,NCC005,02/11/2024,2024-12-17 05:45:00,52419800.0,5673400.0,46746400.0
cnt000427,po000280,ncc030,03/11/2024,2024-12-18 08:20:09,59623200.0,59623200.0,0.0
cnt000428,PO001401,ncc022,01/11/2024,2024-12-16 11:34:42,390050400.0,390050400.0,0.0
cnt000429,po000401,ncc030,31/10/2024,2024-12-15 16:14:39,32883000.0,32883000.0,0.0
cnt000430,po002380,NCC032,04/11/2024,2024-12-19 00:17:00,28886900.0,28886900.0,0.0
cnt000431,PO002034,NCC009,03/11/2024,2024-12-18 02:44:43,58921200.0,58921200.0,0.0
cnt000432,po002996,NCC011,01/11/2024,2024-12-16 13:04:01,464580600.0,16746100.0,447834500.0
cnt000433,po001437,ncc017,04/11/2024,2024-12-19 14:13:28,98183700.0,15060000.0,83123700.0
cnt000434,po002625,ncc009,01/11/2024,2024-12-16 17:47:21,295680000.0,295680000.0,0.0
cnt000435,po000810,ncc001,11/05/2024,2024-12-20 04:00:26,39003300.0,24192200.0,14811100.0
cnt000436,po002861,ncc012,02/11/2024,2024-12-17 09:03:16,20680000.0,20680000.0,0.0
cnt000437,PO001493,ncc014,05/11/2024,2024-12-20 13:44:27,28815200.0,28815200.0,0.0
cnt000438,po002701,ncc026,04/11/2024,2024-12-19 14:44:39,117276000.0,117276000.0,0.0
cnt000439,PO001484,ncc019,06/11/2024,2024-12-21 14:54:29,608971000.0,381109600.0,227861400.0
CNT000440,PO001413,NCC002,04/11/2024,2024-12-19 19:46:06,16253800.0,16253800.0,0.0
cnt000441,po000573,ncc026,04/11/2024,2024-12-19 23:38:26,36926400.0,18863800.0,18062600.0
cnt000442,po000748,ncc039,06/11/2024,2024-12-21 05:57:22,504327600.0,504327600.0,0.0
CNT000443,PO001452,NCC022,03/11/2024,2024-12-18 12:53:34,42527100.0,20805800.0,21721300.0
cnt000444,PO003012,ncc008,05/11/2024,2024-12-20 18:09:44,26272800.0,26272800.0,0.0
cnt000445,po003343,ncc020,08/11/2024,2024-12-23 02:46:43,5375100.0,1668700.0,3706400.0
cnt000446,po002204,ncc002,07/11/2024,2024-12-22 05:48:01,703836000.0,526244000.0,177592000.0
cnt000447,PO002292,ncc035,05/11/2024,2024-12-20 19:03:57,11989200.0,1062200.0,10927000.0
cnt000448,po000944,ncc007,06/11/2024,2024-12-21 19:48:28,127694400.0,54701500.0,72992900.0
cnt000449,po003086,ncc041,06/11/2024,2024-12-21 02:15:53,25403600.0,22155000.0,3248600.0
cnt000450,PO002610,ncc008,08/11/2024,2024-12-23 04:12:40,530587200.0,530587200.0,0.0
cnt000451,PO000778,ncc025,07/11/2024,2024-12-22 07:11:19,426378000.0,426378000.0,0.0
cnt000452,PO003447,ncc022,08/11/2024,2024-12-23 12:32:55,47533400.0,47533400.0,0.0
cnt000453,po000145,ncc015,09/11/2024,2024-12-24 13:51:28,6356000.0,6356000.0,0.0
cnt000454,po001157,ncc002,05/11/2024,2024-12-20 20:44:12,29646000.0,27099100.0,2546900.0
cnt000455,po002768,ncc001,09/11/2024,2024-12-24 03:42:25,2502400.0,2502400.0,0.0
CNT000456,po002651,ncc002,07/11/2024,2024-12-22 07:34:26,27825600.0,27825600.0,0.0
CNT000457,PO003486,ncc034,06/11/2024,2024-12-21 10:44:57,108113000.0,108113000.0,0.0
CNT000458,po002906,ncc004,11/11/2024,2024-12-26 03:41:23,11427600.0,11427600.0,0.0
cnt000459,po000667,NCC029,2024-11-07,2024-12-22 05:34:51,28729500.0,28729500.0,0.0
CNT000460,PO003278,ncc004,09/11/2024,2024-12-24 07:09:00,13362000.0,13362000.0,0.0
cnt000461,po001731,ncc003,08/11/2024,2024-12-23 20:59:35,581454500.0,581454500.0,0.0
cnt000462,po002534,ncc044,10/11/2024,2024-12-25 22:47:50,120202500.0,120202500.0,0.0
cnt000463,po002203,NCC011,08/11/2024,2024-12-23 06:15:05,51435200.0,51435200.0,0.0
cnt000464,po001640,ncc012,12/11/2024,2024-12-27 06:42:31,76484500.0,10585500.0,65899000.0
cnt000465,PO003208,NCC004,08/11/2024,2024-12-23 08:36:20,92003600.0,15669300.0,76334300.0
cnt000466,PO000337,ncc028,11/11/2024,2024-12-26 18:42:45,79874200.0,79874200.0,0.0
cnt000467,po001799,ncc022,11/11/2024,2024-12-26 21:37:18,581365900.0,581365900.0,0.0
cnt000468,po001325,ncc006,08/11/2024,2024-12-23 22:06:57,38021500.0,38021500.0,0.0
cnt000469,po000857,ncc006,12/11/2024,2024-12-27 22:29:09,8375400.0,1552600.0,6822800.0
cnt000470,po001342,ncc029,11/09/2024,2024-12-24 23:46:10,54062500.0,32955600.0,21106900.0
CNT000471,PO002079,ncc025,13/11/2024,2024-12-28 00:08:02,11517500.0,11050400.0,467100.0
cnt000472,po000146,ncc028,13/11/2024,2024-12-28 06:27:10,15680000.0,3364100.0,12315900.0
CNT000473,po002985,ncc037,11/11/2024,2024-12-26 06:45:01,6018000.0,889300.0,5128700.0
cnt000474,po002381,ncc033,11/11/2024,2024-12-26 11:51:22,18179200.0,5624200.0,12555000.0
cnt000475,po002664,NCC027,10/11/2024,2024-12-25 14:54:40,65073100.0,48480400.0,16592700.0
cnt000476,po001360,ncc032,11/11/2024,2024-12-26 19:16:46,14798100.0,5239200.0,9558900.0
cnt000477,po001405,ncc043,12/11/2024,2024-12-27 00:37:54,41506500.0,13747600.0,27758900.0
cnt000478,po001088,NCC044,14/11/2024,2024-12-29 02:58:56,57950200.0,57950200.0,0.0
cnt000479,PO002686,NCC013,14/11/2024,2024-12-29 04:23:21,9563400.0,1372800.0,8190600.0
CNT000480,po002501,NCC016,12/11/2024,2024-12-27 11:25:44,155770000.0,155746700.0,23300.0
cnt000481,PO001638,NCC044,14/11/2024,2024-12-29 13:56:57,3543300.0,3543300.0,0.0
cnt000482,PO001844,ncc010,13/11/2024,2024-12-28 22:11:07,85866000.0,85866000.0,0.0
cnt000483,PO000134,ncc044,12/11/2024,2024-12-27 22:13:13,46156000.0,32556500.0,13599500.0
CNT000484,PO000686,ncc027,13/11/2024,2024-12-28 22:41:04,80252800.0,80252800.0,0.0
CNT000485,po002532,NCC014,11/11/2024,2024-12-26 05:40:26,179641000.0,104708000.0,74933000.0
cnt000486,PO002522,ncc040,15/11/2024,2024-12-30 06:19:07,6710000.0,6710000.0,0.0
cnt000487,po000183,NCC020,16/11/2024,2024-12-31 14:00:49,1973400.0,377700.0,1595700.0
cnt000488,po001199,ncc011,16/11/2024,2024-12-31 19:02:38,118313000.0,118313000.0,0.0
CNT000489,po002519,NCC014,11/15/2024,2024-12-30 19:16:52,9060800.0,9060800.0,0.0
cnt000490,po000849,ncc009,13/11/2024,2024-12-28 19:53:12,94976600.0,47381300.0,47595300.0
CNT000491,PO001858,ncc031,14/11/2024,2024-12-29 07:14:58,10060200.0,10060200.0,0.0
cnt000492,po001476,ncc030,15/11/2024,2024-12-30 09:46:35,9777600.0,3144400.0,6633200.0
cnt000493,po002817,ncc009,16/11/2024,2024-12-31 16:13:45,24038500.0,24038500.0,0.0
cnt000494,po000661,ncc027,16/11/2024,2024-12-31 18:50:41,61953500.0,5708000.0,56245500.0
CNT000495,PO003273,ncc035,15/11/2024,2024-12-30 23:06:13,1764000.0,1764000.0,0.0
cnt000496,PO001979,ncc037,14/11/2024,2024-12-29 02:10:17,265771400.0,265771400.0,0.0
cnt000497,po002954,ncc027,17/11/2024,2025-01-01 02:55:36,71720100.0,6356300.0,65363800.0
cnt000498,PO000896,ncc035,16/11/2024,2024-12-31 05:40:09,83266900.0,83266900.0,0.0
cnt000499,po000558,ncc025,14/11/2024,2024-12-29 06:49:40,46410000.0,6902200.0,39507800.0
cnt000500,po002885,ncc021,2024-11-15,2024-12-30 10:35:30,17018000.0,10366600.0,6651400.0
cnt000501,po001995,NCC031,18/11/2024,2025-01-02 14:34:09,56815200.0,56815200.0,0.0
CNT000502,PO000012,ncc022,11/16/2024,2024-12-31 05:30:59,51863000.0,51863000.0,0.0
CNT000503,po002211,ncc020,16/11/2024,2024-12-31 11:37:38,85192700.0,85192700.0,0.0
cnt000504,PO000820,NCC900,18/11/2024,2025-01-02 07:25:55,63243400.0,63243400.0,0.0
cnt000505,po001691,ncc010,17/11/2024,2025-01-01 12:30:29,59719400.0,59719400.0,0.0
cnt000506,po003492,ncc032,18/11/2024,2025-01-02 16:21:17,8952600.0,8718900.0,233700.0
cnt000507,po000589,ncc043,19/11/2024,2025-01-03 20:40:00,189789600.0,29096800.0,160692800.0
CNT000508,po002419,ncc031,19/11/2024,2025-01-03 01:07:54,54657600.0,54657600.0,0.0
cnt000509,po001708,ncc030,19/11/2024,2025-01-03 12:40:46,297336000.0,297336000.0,0.0
cnt000510,PO003366,NCC002,17/11/2024,2025-01-01 17:29:20,66598800.0,55163600.0,11435200.0
cnt000511,PO002825,ncc036,20/11/2024,2025-01-04 05:00:57,43617600.0,43617600.0,0.0
cnt000512,PO000291,ncc037,23/11/2024,2025-01-07 07:39:11,74708000.0,71193800.0,3514200.0
cnt000513,po002554,NCC905,23/11/2024,2025-01-07 08:13:08,7149500.0,7149500.0,0.0
cnt000514,po003094,ncc035,21/11/2024,2025-01-05 11:49:50,15654600.0,3600.0,15651000.0
cnt000515,po002585,ncc009,23/11/2024,2025-01-07 14:18:36,40568600.0,30101800.0,10466800.0
CNT000516,PO003226,NCC027,21/11/2024,2025-01-05 22:21:31,12796900.0,12796900.0,0.0
cnt000517,PO001112,ncc034,21/11/2024,2025-01-05 00:11:59,6753600.0,4532900.0,2220700.0
cnt000518,po000869,ncc041,23/11/2024,2025-01-07 07:22:06,13938000.0,5860800.0,8077200.0
CNT000519,PO001926,ncc008,20/11/2024,2025-01-04 15:35:02,17315900.0,12124500.0,5191400.0
cnt000520,po002373,ncc026,23/11/2024,2025-01-07 01:21:45,6009200.0,6009200.0,0.0
cnt000521,po001669,ncc045,22/11/2024,2025-01-06 06:37:21,11378100.0,11378100.0,0.0
cnt000522,po001768,ncc043,24/11/2024,2025-01-08 10:27:41,27059200.0,27059200.0,0.0
cnt000523,po000500,ncc041,23/11/2024,2025-01-07 12:13:21,13132800.0,13132800.0,0.0
CNT000524,po000675,ncc004,25/11/2024,2025-01-09 13:43:35,352169000.0,352169000.0,0.0
cnt000525,PO000887,ncc039,21/11/2024,2025-01-05 18:01:12,14715900.0,9629200.0,5086700.0
cnt000526,po002513,ncc034,23/11/2024,2025-01-07 20:22:37,80855000.0,80855000.0,0.0
cnt000527,po000807,ncc041,22/11/2024,2025-01-06 21:01:38,84814800.0,84814800.0,0.0
cnt000528,po002347,ncc039,2024-11-23,2025-01-07 23:19:45,12591300.0,12591300.0,0.0
cnt000529,po001071,ncc017,23/11/2024,2025-01-07 02:24:55,26897400.0,26897400.0,0.0
cnt000530,po001695,ncc005,25/11/2024,2025-01-09 05:44:27,48223000.0,48223000.0,0.0
cnt000531,PO003327,ncc037,23/11/2024,2025-01-07 15:28:17,89772500.0,57385300.0,32387200.0
cnt000532,po000681,NCC036,26/11/2024,2025-01-10 21:14:40,21232100.0,1090300.0,20141800.0
cnt000533,PO000278,ncc024,24/11/2024,2025-01-08 01:28:22,65639700.0,65639700.0,0.0
cnt000534,po000195,ncc026,25/11/2024,2025-01-09 02:56:25,96278200.0,96278200.0,0.0
cnt000535,PO000319,ncc010,26/11/2024,2025-01-10 03:03:25,491723400.0,158493900.0,333229500.0
cnt000536,PO000668,ncc006,26/11/2024,2025-01-10 06:25:01,7321600.0,7321600.0,0.0
CNT000537,po000910,ncc043,26/11/2024,2025-01-10 19:07:44,65317000.0,65317000.0,0.0
cnt000538,po001885,NCC027,24/11/2024,2025-01-08 03:16:46,34675400.0,34675400.0,0.0
CNT000539,PO003449,ncc034,26/11/2024,2025-01-10 05:11:36,21785400.0,21785400.0,0.0
cnt000540,po003174,ncc043,28/11/2024,2025-01-12 09:01:28,13026400.0,6573900.0,6452500.0
cnt000541,PO002975,ncc021,24/11/2024,2025-01-08 15:23:12,87765600.0,42709100.0,45056500.0
cnt000542,po000153,NCC033,27/11/2024,2025-01-11 00:01:54,27231000.0,27231000.0,0.0
cnt000543,PO001498,ncc032,2024-11-27,2025-01-11 03:59:27,88306000.0,88306000.0,0.0
cnt000544,po003493,ncc040,27/11/2024,2025-01-11 07:54:35,112295200.0,112295200.0,0.0
cnt000545,po002541,ncc008,26/11/2024,2025-01-10 09:00:59,25260000.0,25260000.0,0.0
cnt000546,po002497,ncc022,28/11/2024,2025-01-12 09:54:47,237737500.0,47589300.0,190148200.0
cnt000547,po002756,NCC903,28/11/2024,2025-01-12 04:25:49,82838500.0,82838500.0,0.0
cnt000548,po003218,NCC038,29/11/2024,2025-01-13 04:56:52,8944000.0,8944000.0,0.0
cnt000549,po000705,ncc012,26/11/2024,2025-01-10 06:37:19,48334000.0,48334000.0,0.0
cnt000550,po001081,ncc030,29/11/2024,2025-01-13 08:53:39,351775800.0,351775800.0,0.0
cnt000551,po001257,ncc006,30/11/2024,2025-01-14 10:53:28,35791500.0,32692600.0,3098900.0
cnt000552,po003438,ncc034,30/11/2024,2025-01-14 12:50:50,44036000.0,44036000.0,0.0
CNT000553,po000175,ncc021,27/11/2024,2025-01-11 22:12:58,28931700.0,13439700.0,15492000.0
cnt000554,po002179,ncc016,27/11/2024,2025-01-11 04:49:55,121378900.0,86491000.0,34887900.0
cnt000555,po001184,NCC028,01/12/2024,2025-01-15 15:15:28,19975200.0,17966500.0,2008700.0
CNT000556,po001357,NCC008,27/11/2024,2025-01-11 21:00:44,23530000.0,4723900.0,18806100.0
cnt000557,po000630,ncc028,28/11/2024,2025-01-12 04:01:40,13878000.0,5632700.0,8245300.0
cnt000558,PO002353,ncc033,01/12/2024,2025-01-15 08:05:57,95156300.0,95156300.0,0.0
cnt000559,po001358,NCC040,30/11/2024,2025-01-14 09:01:36,26026000.0,20438400.0,5587600.0
CNT000560,PO002997,NCC043,28/11/2024,2025-01-12 13:18:02,5207300.0,4132100.0,1075200.0
cnt000561,po001716,NCC009,30/11/2024,2025-01-14 21:03:05,58778400.0,58778400.0,0.0
cnt000562,po002674,ncc045,02/12/2024,2025-01-16 21:34:41,38062800.0,19023900.0,19038900.0
cnt000563,po002751,ncc031,01/12/2024,2025-01-15 11:01:08,123420500.0,123420500.0,0.0
cnt000564,po001480,NCC001,03/12/2024,2025-01-17 22:27:45,880425000.0,396869600.0,483555400.0
cnt000565,po000740,ncc013,30/11/2024,2025-01-14 02:18:41,55945500.0,55945500.0,0.0
cnt000566,po002638,ncc008,02/12/2024,2025-01-16 03:50:29,21535400.0,7396500.0,14138900.0
cnt000567,PO003044,NCC036,02/12/2024,2025-01-16 05:59:22,421314000.0,421314000.0,0.0
cnt000568,po000720,ncc035,05/12/2024,2025-01-19 01:53:43,22104600.0,22104600.0,0.0
cnt000569,po000855,NCC023,03/12/2024,2025-01-17 02:25:10,262338500.0,262338500.0,0.0
cnt000570,po002914,ncc001,04/12/2024,2025-01-18 06:48:13,30308800.0,30308800.0,0.0
cnt000571,po000400,ncc028,02/12/2024,2025-01-16 20:28:49,18480000.0,117200.0,18362800.0
cnt000572,po001021,ncc007,03/12/2024,2025-01-17 01:59:13,13672100.0,13672100.0,0.0
cnt000573,PO002125,ncc032,06/12/2024,2025-01-20 04:25:27,243957200.0,243957200.0,0.0
cnt000574,po002475,ncc009,05/12/2024,2025-01-19 06:54:37,376736000.0,270196700.0,106539300.0
cnt000575,po002372,ncc045,05/12/2024,2025-01-19 13:14:19,47405000.0,47405000.0,0.0
cnt000576,po001539,ncc037,06/12/2024,2025-01-20 18:36:27,15346800.0,15346800.0,0.0
cnt000577,po001527,ncc028,06/12/2024,2025-01-20 19:19:31,15055300.0,15055300.0,0.0
CNT000578,PO002505,NCC010,05/12/2024,2025-01-19 21:02:33,166431000.0,146829600.0,19601400.0
cnt000579,PO002256,ncc003,05/12/2024,2025-01-19 23:53:05,586888400.0,105053100.0,481835300.0
cnt000580,po001436,ncc045,06/12/2024,2025-01-20 01:02:52,101118500.0,38555600.0,62562900.0
CNT000581,po000744,ncc035,07/12/2024,2025-01-21 01:39:42,23279800.0,1653700.0,21626100.0
cnt000582,po001169,ncc002,05/12/2024,2025-01-19 04:21:47,123868500.0,102760100.0,21108400.0
cnt000583,po001377,ncc043,03/12/2024,2025-01-17 09:32:31,64079000.0,1186200.0,62892800.0
CNT000584,po002311,ncc002,07/12/2024,2025-01-21 15:40:06,886600.0,886600.0,0.0
cnt000585,po001812,ncc002,05/12/2024,2025-01-19 17:56:22,32893800.0,32893800.0,0.0
cnt000586,po002398,ncc037,04/12/2024,2025-01-18 00:11:55,81262200.0,81262200.0,0.0
cnt000587,po002911,NCC006,07/12/2024,2025-01-21 00:25:59,243010400.0,243010400.0,0.0
cnt000588,PO001106,NCC907,05/12/2024,2025-01-19 02:46:40,153697400.0,92940300.0,60757100.0
cnt000589,po001309,ncc014,07/12/2024,2025-01-21 03:01:33,89728800.0,89728800.0,0.0
cnt000590,PO001829,ncc017,08/12/2024,2025-01-22 03:59:23,4826900.0,3245100.0,1581800.0
CNT000591,po000488,ncc042,06/12/2024,2025-01-20 05:25:28,43474200.0,43474200.0,0.0
cnt000592,po000524,ncc043,08/12/2024,2025-01-22 18:45:01,73143000.0,73143000.0,0.0
cnt000593,PO000769,ncc012,06/12/2024,2025-01-20 08:29:06,240573200.0,240573200.0,0.0
cnt000594,po000537,ncc025,06/12/2024,2025-01-20 17:43:45,9394000.0,9394000.0,0.0
cnt000595,po002130,ncc027,07/12/2024,2025-01-21 00:54:45,94983000.0,8285300.0,86697700.0
CNT000596,po003033,ncc005,07/12/2024,2025-01-21 01:44:44,97576400.0,89194800.0,8381600.0
cnt000597,po001308,ncc035,08/12/2024,2025-01-22 06:17:09,6601500.0,6601500.0,0.0
cnt000598,po001755,ncc021,09/12/2024,2025-01-23 08:29:11,28475200.0,28475200.0,0.0
cnt000599,po003146,ncc004,08/12/2024,2025-01-22 12:24:11,53775500.0,53775500.0,0.0
cnt000600,po001642,ncc037,11/12/2024,2025-01-25 04:01:16,2452800.0,2452800.0,0.0
cnt000601,po002781,ncc017,07/12/2024,2025-01-21 06:53:23,56712200.0,38741400.0,17970800.0
cnt000602,po000166,ncc017,11/12/2024,2025-01-25 13:44:17,19056800.0,19056800.0,0.0
cnt000603,po001201,ncc023,09/12/2024,2025-01-23 15:46:11,10549000.0,8450800.0,2098200.0
cnt000604,po002812,ncc042,08/12/2024,2025-01-22 18:20:42,28616000.0,17731500.0,10884500.0
cnt000605,PO003306,ncc024,11/12/2024,2025-01-25 04:47:07,16946400.0,16946400.0,0.0
cnt000606,po001935,ncc021,08/12/2024,2025-01-22 07:43:12,50503500.0,38870700.0,11632800.0
cnt000607,PO000187,ncc041,12/12/2024,2025-01-26 13:34:22,38398000.0,22347500.0,16050500.0
cnt000608,po000821,ncc023,12/12/2024,2025-01-26 15:35:58,20175800.0,20175800.0,0.0
CNT000609,po000645,ncc007,08/12/2024,2025-01-22 21:23:26,88268800.0,87881900.0,386900.0
cnt000610,po001651,ncc041,12/12/2024,2025-01-26 00:06:55,532300800.0,319654400.0,212646400.0
cnt000611,po001833,ncc008,12/12/2024,2025-01-26 02:53:39,116837700.0,116837700.0,0.0
cnt000612,po000216,ncc042,13/12/2024,2025-01-27 08:26:57,21470400.0,21470400.0,0.0
cnt000613,po002679,ncc027,09/12/2024,2025-01-23 20:15:59,21602100.0,21602100.0,0.0
cnt000614,po001682,ncc007,13/12/2024,2025-01-27 08:31:14,473303200.0,71924600.0,401378600.0
CNT000615,po002412,ncc009,12/12/2024,2025-01-26 08:41:04,950400.0,950400.0,0.0
cnt000616,po001717,ncc012,14/12/2024,2025-01-28 14:23:48,195116300.0,195116300.0,0.0
cnt000617,po001072,NCC022,15/12/2024,2025-01-29 05:39:39,131185600.0,131185600.0,0.0
cnt000618,po002567,ncc003,12/12/2024,2025-01-26 15:00:10,193328000.0,193328000.0,0.0
cnt000619,po002457,NCC024,12/12/2024,2025-01-26 17:53:00,33221600.0,33221600.0,0.0
CNT000620,PO003032,ncc003,15/12/2024,2025-01-29 22:23:04,297236100.0,297236100.0,0.0
cnt000621,po001279,NCC032,14/12/2024,2025-01-28 00:38:29,18308400.0,18308400.0,0.0
cnt000622,po000062,NCC020,15/12/2024,2025-01-29 03:26:42,382036800.0,214683700.0,167353100.0
cnt000623,PO000288,NCC024,15/12/2024,2025-01-29 11:08:43,65182000.0,27083400.0,38098600.0
cnt000624,po001762,NCC038,13/12/2024,2025-01-27 15:32:24,30535600.0,30535600.0,0.0
cnt000625,PO002049,NCC023,17/12/2024,2025-01-31 01:48:20,102304000.0,28208600.0,74095400.0
cnt000626,po002957,ncc005,17/12/2024,2025-01-31 22:01:47,126322000.0,126322000.0,0.0
cnt000627,po001194,ncc003,14/12/2024,2025-01-28 23:07:00,27650700.0,18105900.0,9544800.0
CNT000628,po003013,ncc022,14/12/2024,2025-01-28 02:32:17,107484000.0,107484000.0,0.0
CNT000629,po001540,ncc031,2024-12-16,2025-01-30 08:24:08,91324800.0,91324800.0,0.0
cnt000630,po001285,ncc023,14/12/2024,2025-01-28 14:56:31,22958600.0,22958600.0,0.0
cnt000631,po001050,ncc034,18/12/2024,2025-02-01 17:34:04,7161300.0,7161300.0,0.0
cnt000632,po002921,NCC021,16/12/2024,2025-01-30 00:16:01,2849000.0,1934900.0,914100.0
cnt000633,po000847,ncc018,18/12/2024,2025-02-01 03:17:55,3579600.0,3579600.0,0.0
cnt000634,po000217,NCC011,17/12/2024,2025-01-31 14:30:56,11529000.0,11529000.0,0.0
CNT000635,po001694,ncc001,17/12/2024,2025-01-31 18:41:46,52447500.0,8867200.0,43580300.0
cnt000636,po001451,ncc002,17/12/2024,2025-01-31 22:42:31,208221000.0,141250800.0,66970200.0
cnt000637,po001645,ncc019,20/12/2024,2025-02-03 15:24:14,54756100.0,54756100.0,0.0
cnt000638,PO001506,NCC043,19/12/2024,2025-02-02 01:57:16,444715200.0,444715200.0,0.0
CNT000639,PO001041,ncc011,18/12/2024,2025-02-01 03:33:12,18360000.0,4430800.0,13929200.0
cnt000640,po002619,ncc042,20/12/2024,2025-02-03 05:03:34,109343300.0,109343300.0,0.0
cnt000641,po001283,ncc045,19/12/2024,2025-02-02 06:03:49,44438400.0,42337200.0,2101200.0
cnt000642,PO002926,ncc035,20/12/2024,2025-02-03 10:08:53,32697800.0,29282000.0,3415800.0
cnt000643,PO001450,ncc015,22/12/2024,2025-02-05 04:40:03,36427600.0,36427600.0,0.0
cnt000644,po002369,ncc044,18/12/2024,2025-02-01 08:17:19,59159200.0,7790900.0,51368300.0
cnt000645,PO000604,ncc002,20/12/2024,2025-02-03 10:59:38,656447000.0,656447000.0,0.0
cnt000646,PO002096,ncc023,20/12/2024,2025-02-03 12:39:57,123008400.0,37899200.0,85109200.0
cnt000647,po003372,ncc031,21/12/2024,2025-02-04 17:25:22,91219500.0,91068500.0,151000.0
cnt000648,po003388,ncc045,19/12/2024,2025-02-02 20:01:37,14582400.0,11571300.0,3011100.0
cnt000649,PO001049,NCC014,18/12/2024,2025-02-01 23:30:07,134970000.0,15397700.0,119572300.0
cnt000650,po001094,ncc005,19/12/2024,2025-02-02 08:51:50,111516100.0,106325200.0,5190900.0
cnt000651,po001417,ncc042,19/12/2024,2025-02-02 17:54:38,12201000.0,9015200.0,3185800.0
cnt000652,po000676,ncc020,20/12/2024,2025-02-03 18:50:25,842000.0,842000.0,0.0
cnt000653,po001950,NCC903,19/12/2024,2025-02-02 19:31:44,61560000.0,48442500.0,13117500.0
CNT000654,PO000767,ncc025,20/12/2024,2025-02-03 23:26:35,463999200.0,152766900.0,311232300.0
cnt000655,po001948,ncc018,20/12/2024,2025-02-03 00:38:58,39412000.0,7701400.0,31710600.0
cnt000656,po000526,ncc042,21/12/2024,2025-02-04 00:43:50,81987400.0,13180800.0,68806600.0
cnt000657,PO000618,NCC012,22/12/2024,2025-02-05 07:44:15,90897000.0,90897000.0,0.0
cnt000658,po002577,ncc034,24/12/2024,2025-02-07 15:38:31,169706100.0,169706100.0,0.0
cnt000659,po001861,ncc001,20/12/2024,2025-02-03 18:12:01,9430200.0,4087400.0,5342800.0
cnt000660,PO000384,ncc012,12/22/2024,2025-02-05 22:17:05,35048000.0,25791800.0,9256200.0
CNT000661,po002598,ncc037,21/12/2024,2025-02-04 00:07:42,28118400.0,28118400.0,0.0
cnt000662,po002315,ncc042,22/12/2024,2025-02-05 02:28:51,56041600.0,56041600.0,0.0
cnt000663,PO002517,ncc008,12/24/2024,2025-02-07 04:40:45,362215000.0,362215000.0,0.0
cnt000664,PO003202,ncc018,21/12/2024,2025-02-04 09:23:13,209444300.0,162242200.0,47202100.0
cnt000665,po000913,ncc024,2024-12-21,2025-02-04 09:56:54,369211800.0,168189200.0,201022600.0
cnt000666,po001461,ncc029,23/12/2024,2025-02-06 14:23:24,42560000.0,42560000.0,0.0
cnt000667,po000462,ncc031,23/12/2024,2025-02-06 15:53:47,48203400.0,48203400.0,0.0
cnt000668,PO001036,ncc028,22/12/2024,2025-02-05 20:01:53,98642000.0,65082900.0,33559100.0
cnt000669,po002963,ncc035,22/12/2024,2025-02-05 04:32:59,603348400.0,265473600.0,337874800.0
cnt000670,po003357,NCC012,24/12/2024,2025-02-07 13:52:34,24714200.0,24714200.0,0.0
cnt000671,PO003142,ncc034,25/12/2024,2025-02-08 16:07:49,35960000.0,14215400.0,21744600.0
cnt000672,po001603,NCC004,22/12/2024,2025-02-05 21:04:48,115936800.0,115936800.0,0.0
cnt000673,po002568,ncc001,26/12/2024,2025-02-09 21:52:18,12621200.0,3545500.0,9075700.0
cnt000674,po002325,ncc025,23/12/2024,2025-02-06 00:59:08,13486200.0,6186900.0,7299300.0
cnt000675,po001441,ncc034,26/12/2024,2025-02-09 01:31:28,4204800.0,656700.0,3548100.0
cnt000676,po002250,ncc018,26/12/2024,2025-02-09 02:59:18,21793000.0,6915700.0,14877300.0
cnt000677,PO003271,NCC012,25/12/2024,2025-02-08 03:22:19,101134500.0,101134500.0,0.0
cnt000678,po002653,ncc040,25/12/2024,2025-02-08 15:09:15,2204000.0,1016100.0,1187900.0
cnt000679,po002273,ncc005,28/12/2024,2025-02-11 00:31:06,123828800.0,103964500.0,19864300.0
cnt000680,PO002621,ncc037,26/12/2024,2025-02-09 00:55:10,98366400.0,98366400.0,0.0
cnt000681,po001679,NCC023,25/12/2024,2025-02-08 05:40:54,33203200.0,33203200.0,0.0
cnt000682,PO000425,NCC015,24/12/2024,2025-02-07 12:11:46,123027200.0,123027200.0,0.0
cnt000683,po002435,ncc026,27/12/2024,2025-02-10 12:36:40,100717000.0,37207100.0,63509900.0
cnt000684,po001551,ncc023,24/12/2024,2025-02-07 16:06:15,54271500.0,34234800.0,20036700.0
cnt000685,PO003338,ncc031,24/12/2024,2025-02-07 18:02:01,1128400.0,1128400.0,0.0
cnt000686,po001932,ncc033,28/12/2024,2025-02-11 17:55:58,112351000.0,112351000.0,0.0
CNT000687,PO002688,ncc009,26/12/2024,2025-02-09 20:29:48,44280000.0,44280000.0,0.0
cnt000688,po002060,ncc014,29/12/2024,2025-02-12 05:57:28,376184900.0,376184900.0,0.0
cnt000689,po002272,ncc001,27/12/2024,2025-02-10 06:13:38,25857900.0,25857900.0,0.0
cnt000690,po001784,ncc043,26/12/2024,2025-02-09 13:51:49,98101800.0,17165900.0,80935900.0
cnt000691,po000374,ncc022,26/12/2024,2025-02-09 16:04:59,3525200.0,1088500.0,2436700.0
cnt000692,PO003201,ncc008,28/12/2024,2025-02-11 17:43:50,33095100.0,33095100.0,0.0
cnt000693,po001554,ncc039,26/12/2024,2025-02-09 22:00:39,103756800.0,92461800.0,11295000.0
cnt000694,po000881,ncc035,28/12/2024,2025-02-11 00:07:49,9625400.0,9625400.0,0.0
cnt000695,po002227,ncc022,2024-12-31,2025-02-14 00:39:36,6633000.0,6633000.0,0.0
cnt000696,po003197,ncc035,28/12/2024,2025-02-11 03:27:33,10431200.0,963000.0,9468200.0
CNT000697,po002583,ncc037,31/12/2024,2025-02-14 06:41:28,2475000.0,2475000.0,0.0
cnt000698,po000112,ncc013,29/12/2024,2025-02-12 06:42:10,210783600.0,210783600.0,0.0
cnt000699,PO002459,ncc040,12/29/2024,2025-02-12 10:19:09,304659300.0,274829700.0,29829600.0
CNT000700,po002251,NCC025,31/12/2024,2025-02-14 18:59:10,110640800.0,110640800.0,0.0
cnt000701,po002934,ncc005,30/12/2024,2025-02-13 03:38:36,31128800.0,31128800.0,0.0
cnt000702,po000868,NCC035,01/01/2025,2025-02-15 07:49:27,186322400.0,186322400.0,0.0
cnt000703,po000014,ncc022,31/12/2024,2025-02-14 10:13:13,6653100.0,6653100.0,0.0
CNT000704,po001743,ncc002,29/12/2024,2025-02-12 16:42:11,5943000.0,5943000.0,0.0
cnt000705,po001606,ncc029,28/12/2024,2025-02-11 18:27:36,43832800.0,13118100.0,30714700.0
cnt000706,PO001996,NCC002,30/12/2024,2025-02-13 03:29:54,6918800.0,5576000.0,1342800.0
cnt000707,PO002263,ncc039,31/12/2024,2025-02-14 04:01:58,390261300.0,133853100.0,256408200.0
cnt000708,po000922,ncc004,30/12/2024,2025-02-13 14:21:32,492534900.0,379472000.0,113062900.0
cnt000709,PO000609,ncc005,01/01/2025,2025-02-15 19:22:49,17300000.0,12807200.0,4492800.0
cnt000710,po000548,ncc038,30/12/2024,2025-02-13 00:53:49,82530000.0,82530000.0,0.0
cnt000711,po000867,ncc042,30/12/2024,2025-02-13 01:05:39,15246000.0,14287900.0,958100.0
cnt000712,po000149,ncc009,30/12/2024,2025-02-13 02:25:12,13041000.0,13041000.0,0.0
cnt000713,po001205,NCC034,03/01/2025,2025-02-17 08:40:05,21296000.0,21296000.0,0.0
cnt000714,po001147,ncc023,03/01/2025,2025-02-17 09:00:38,3376800.0,2036000.0,1340800.0
cnt000715,po000244,NCC007,31/12/2024,2025-02-14 11:08:27,16972400.0,10535100.0,6437300.0
cnt000716,PO002000,ncc001,31/12/2024,2025-02-14 11:08:58,58024200.0,58024200.0,0.0
cnt000717,po000477,ncc035,03/01/2025,2025-02-17 18:55:58,3863200.0,3863200.0,0.0
cnt000718,po002831,ncc045,31/12/2024,2025-02-14 00:34:55,49730600.0,49730600.0,0.0
cnt000719,PO000975,ncc003,31/12/2024,2025-02-14 01:00:01,71769600.0,60437700.0,11331900.0
cnt000720,PO001779,ncc024,31/12/2024,2025-02-14 04:34:39,13741400.0,2068700.0,11672700.0
cnt000721,po001189,ncc020,03/01/2025,2025-02-17 04:41:35,41370000.0,20784200.0,20585800.0
cnt000722,po002270,ncc002,03/01/2025,2025-02-17 09:01:34,399936800.0,139988900.0,259947900.0
cnt000723,PO000999,ncc031,03/01/2025,2025-02-17 09:10:31,25593800.0,25593800.0,0.0
cnt000724,po000355,NCC022,03/01/2025,2025-02-17 09:15:54,28044000.0,28044000.0,0.0
cnt000725,po001587,ncc040,01/01/2025,2025-02-15 00:22:18,91572000.0,57371000.0,34201000.0
cnt000726,PO000240,ncc013,02/01/2025,2025-02-16 03:52:38,576232800.0,576232800.0,0.0
cnt000727,po001897,NCC907,03/01/2025,2025-02-17 09:27:50,134222400.0,134222400.0,0.0
cnt000728,po001856,NCC020,03/01/2025,2025-02-17 13:30:28,5707800.0,5488400.0,219400.0
cnt000729,po001634,ncc043,05/01/2025,2025-02-19 22:45:04,73261900.0,21874800.0,51387100.0
CNT000730,PO000204,ncc005,05/01/2025,2025-02-19 03:04:23,26814200.0,26814200.0,0.0
cnt000731,po000961,NCC005,03/01/2025,2025-02-17 04:43:45,72864000.0,7937100.0,64926900.0
cnt000732,po003041,ncc022,05/01/2025,2025-02-19 12:23:42,231269700.0,231269700.0,0.0
CNT000733,PO000095,ncc035,05/01/2025,2025-02-19 12:24:48,28747000.0,28747000.0,0.0
cnt000734,PO000611,ncc027,03/01/2025,2025-02-17 18:59:26,497118000.0,497118000.0,0.0
cnt000735,po002159,ncc021,03/01/2025,2025-02-17 19:18:24,8466000.0,2392400.0,6073600.0
cnt000736,PO002170,ncc020,03/01/2025,2025-02-17 21:19:00,15945600.0,15945600.0,0.0
cnt000737,po000753,NCC004,04/01/2025,2025-02-18 03:25:14,126846000.0,72399400.0,54446600.0
cnt000738,po003011,ncc040,03/01/2025,2025-02-17 06:12:17,165993100.0,165993100.0,0.0
CNT000739,PO002747,ncc034,07/01/2025,2025-02-21 18:22:48,97459400.0,97459400.0,0.0
cnt000740,po000416,ncc019,03/01/2025,2025-02-17 21:36:58,34624200.0,34624200.0,0.0
cnt000741,po002597,NCC014,05/01/2025,2025-02-19 01:13:46,139941000.0,139941000.0,0.0
cnt000742,po002196,ncc010,07/01/2025,2025-02-21 03:11:04,21578400.0,21578400.0,0.0
cnt000743,po003172,ncc027,07/01/2025,2025-02-21 07:25:24,40677000.0,40677000.0,0.0
CNT000744,po000914,ncc033,04/01/2025,2025-02-18 08:51:50,5810000.0,3846400.0,1963600.0
cnt000745,PO001162,ncc040,06/01/2025,2025-02-20 10:37:36,6075000.0,4533300.0,1541700.0
CNT000746,po002504,ncc038,07/01/2025,2025-02-21 19:19:07,18381900.0,18381900.0,0.0
cnt000747,po003091,NCC020,06/01/2025,2025-02-20 01:18:29,118748800.0,100428800.0,18320000.0
cnt000748,po000264,ncc029,09/01/2025,2025-02-23 07:29:30,4076600.0,4076600.0,0.0
cnt000749,po000516,ncc006,05/01/2025,2025-02-19 07:54:37,139570000.0,89020500.0,50549500.0
CNT000750,po001393,ncc038,06/01/2025,2025-02-20 15:21:45,74705400.0,74230100.0,475300.0
cnt000751,PO002945,ncc028,05/01/2025,2025-02-19 20:07:03,22151600.0,22151600.0,0.0
cnt000752,po003471,NCC901,10/01/2025,2025-02-24 09:33:41,202794000.0,75008900.0,127785100.0
CNT000753,po002351,ncc025,08/01/2025,2025-02-22 17:58:48,324093100.0,39027300.0,285065800.0
cnt000754,po000594,NCC023,07/01/2025,2025-02-21 18:50:32,34057800.0,34057800.0,0.0
cnt000755,po003046,ncc025,10/01/2025,2025-02-24 20:54:17,33958400.0,27725900.0,6232500.0
CNT000756,PO001889,ncc024,08/01/2025,2025-02-22 21:05:03,22499200.0,22499200.0,0.0
cnt000757,po000122,ncc021,01/08/2025,2025-02-22 02:50:49,54306900.0,54306900.0,0.0
cnt000758,PO002730,NCC043,08/01/2025,2025-02-22 14:07:06,80811000.0,8753100.0,72057900.0
cnt000759,po003055,NCC032,10/01/2025,2025-02-24 20:38:53,29446200.0,17844200.0,11602000.0
cnt000760,po002306,ncc041,08/01/2025,2025-02-22 13:25:50,140770100.0,140770100.0,0.0
cnt000761,po000161,ncc040,08/01/2025,2025-02-22 20:03:53,16492000.0,12670800.0,3821200.0
cnt000762,po000518,ncc043,11/01/2025,2025-02-25 05:32:16,119146500.0,73984400.0,45162100.0
CNT000763,PO001901,ncc022,13/01/2025,2025-02-27 06:49:49,14606000.0,4427200.0,10178800.0
cnt000764,po002198,ncc014,09/01/2025,2025-02-23 12:43:16,49420800.0,49420800.0,0.0
cnt000765,po000247,NCC014,01/12/2025,2025-02-26 13:57:06,10500000.0,6041500.0,4458500.0
cnt000766,po003444,ncc008,12/01/2025,2025-02-26 19:12:46,335679600.0,141341400.0,194338200.0
cnt000767,po000373,ncc024,09/01/2025,2025-02-23 19:31:51,543253300.0,514587800.0,28665500.0
cnt000768,PO002786,ncc034,12/01/2025,2025-02-26 20:22:30,7585400.0,7585400.0,0.0
cnt000769,po002737,ncc039,13/01/2025,2025-02-27 22:49:18,44461200.0,44461200.0,0.0
cnt000770,po000190,ncc026,10/01/2025,2025-02-24 06:55:57,13108000.0,13108000.0,0.0
cnt000771,po002370,ncc005,13/01/2025,2025-02-27 19:49:56,85756500.0,85756500.0,0.0
cnt000772,PO001167,ncc014,13/01/2025,2025-02-27 03:32:36,214146500.0,91815800.0,122330700.0
cnt000773,PO002872,ncc002,13/01/2025,2025-02-27 05:29:02,54670200.0,39581900.0,15088300.0
cnt000774,PO001351,NCC900,14/01/2025,2025-02-28 11:17:53,36334200.0,36334200.0,0.0
CNT000775,po000442,ncc020,16/01/2025,2025-03-02 08:14:39,5179200.0,1906000.0,3273200.0
cnt000776,po001796,NCC006,16/01/2025,2025-03-02 09:38:34,32851200.0,21508800.0,11342400.0
cnt000777,PO002649,NCC028,15/01/2025,2025-03-01 13:01:31,77090000.0,73797400.0,3292600.0
cnt000778,PO001937,NCC011,15/01/2025,2025-03-01 15:23:18,41075000.0,41075000.0,0.0
cnt000779,po003043,ncc033,16/01/2025,2025-03-02 20:47:49,8633800.0,8633800.0,0.0
cnt000780,PO001968,ncc018,13/01/2025,2025-02-27 05:12:24,56624400.0,56624400.0,0.0
cnt000781,po001347,ncc002,2025-01-17,2025-03-03 10:10:31,198424000.0,198424000.0,0.0
cnt000782,po000538,ncc018,17/01/2025,2025-03-03 18:19:21,292555500.0,292555500.0,0.0
cnt000783,po001293,ncc045,16/01/2025,2025-03-02 01:21:52,62657200.0,46809300.0,15847900.0
cnt000784,po001883,NCC010,14/01/2025,2025-02-28 01:24:26,233913000.0,233913000.0,0.0
CNT000785,po000809,ncc003,18/01/2025,2025-03-04 01:27:40,60279600.0,60279600.0,0.0
cnt000786,po001481,ncc003,14/01/2025,2025-02-28 01:38:26,14442500.0,1097300.0,13345200.0
cnt000787,po000511,NCC039,15/01/2025,2025-03-01 03:37:13,1361100.0,957800.0,403300.0
cnt000788,po001171,ncc016,17/01/2025,2025-03-03 07:53:02,44913200.0,22727900.0,22185300.0
cnt000789,po001725,ncc028,14/01/2025,2025-02-28 09:55:23,43846400.0,43846400.0,0.0
cnt000790,po001736,NCC043,17/01/2025,2025-03-03 11:48:41,145485200.0,98784100.0,46701100.0
cnt000791,po001477,ncc033,18/01/2025,2025-03-04 12:17:02,126741600.0,126741600.0,0.0
cnt000792,po002709,ncc009,16/01/2025,2025-03-02 13:28:19,13496000.0,8935700.0,4560300.0
cnt000793,PO000213,ncc002,18/01/2025,2025-03-04 14:38:50,28482900.0,28482900.0,0.0
cnt000794,po000328,ncc034,14/01/2025,2025-02-28 20:22:37,28779300.0,28779300.0,0.0
cnt000795,po003347,ncc045,17/01/2025,2025-03-03 22:25:43,120710100.0,22588500.0,98121600.0
cnt000796,po002858,ncc037,15/01/2025,2025-03-01 00:19:09,210927500.0,210927500.0,0.0
cnt000797,po001891,ncc030,18/01/2025,2025-03-04 10:41:42,17449600.0,17449600.0,0.0
cnt000798,PO002734,ncc024,15/01/2025,2025-03-01 11:51:36,6072000.0,6072000.0,0.0
cnt000799,po001348,ncc027,18/01/2025,2025-03-04 16:36:35,15593300.0,15593300.0,0.0
CNT000800,po000486,NCC024,19/01/2025,2025-03-05 17:27:20,547540700.0,547540700.0,0.0
cnt000801,po001376,NCC026,20/01/2025,2025-03-06 07:33:36,11130000.0,5999600.0,5130400.0
CNT000802,po003302,NCC044,16/01/2025,2025-03-02 09:43:01,141189300.0,141189300.0,0.0
cnt000803,PO001256,NCC017,19/01/2025,2025-03-05 20:44:48,53606000.0,53606000.0,0.0
cnt000804,po001841,ncc018,20/01/2025,2025-03-06 21:02:15,27838800.0,18606900.0,9231900.0
cnt000805,po001686,ncc008,01/21/2025,2025-03-07 04:20:57,26906400.0,8305900.0,18600500.0
CNT000806,po002675,NCC012,19/01/2025,2025-03-05 05:55:33,57337500.0,2035300.0,55302200.0
CNT000807,PO001611,ncc039,17/01/2025,2025-03-03 06:29:12,34749000.0,34749000.0,0.0
cnt000808,po002823,ncc042,19/01/2025,2025-03-05 06:44:34,104585500.0,104585500.0,0.0
cnt000809,po002935,ncc035,19/01/2025,2025-03-05 07:34:34,120944100.0,120944100.0,0.0
cnt000810,po000327,NCC019,21/01/2025,2025-03-07 09:19:25,16247000.0,2656000.0,13591000.0
cnt000811,po001892,ncc042,19/01/2025,2025-03-05 13:12:13,52638000.0,52638000.0,0.0
cnt000812,po002917,ncc024,18/01/2025,2025-03-04 21:15:56,17887100.0,5862800.0,12024300.0
cnt000813,po000582,ncc012,21/01/2025,2025-03-07 02:47:30,54723600.0,10780700.0,43942900.0
cnt000814,po001920,ncc022,22/01/2025,2025-03-08 08:30:52,97133000.0,67900400.0,29232600.0
cnt000815,po000989,ncc013,19/01/2025,2025-03-05 10:22:58,13869300.0,13869300.0,0.0
cnt000816,po000716,ncc013,21/01/2025,2025-03-07 11:54:44,106693200.0,106693200.0,0.0
CNT000817,po001443,ncc015,21/01/2025,2025-03-07 14:05:22,123340300.0,123340300.0,0.0
cnt000818,PO002408,ncc007,20/01/2025,2025-03-06 16:30:02,7948800.0,2489200.0,5459600.0
cnt000819,po002147,ncc015,20/01/2025,2025-03-06 03:18:44,53835600.0,53835600.0,0.0
cnt000820,po000722,NCC039,21/01/2025,2025-03-07 08:48:49,146441400.0,143797400.0,2644000.0
cnt000821,po001562,ncc039,23/01/2025,2025-03-09 12:39:57,39020800.0,39020800.0,0.0
cnt000822,po001545,ncc002,21/01/2025,2025-03-07 20:03:21,13867000.0,13867000.0,0.0
cnt000823,po002689,ncc024,20/01/2025,2025-03-06 07:08:22,11867700.0,11867700.0,0.0
cnt000824,po000394,ncc042,24/01/2025,2025-03-10 08:51:17,3188500.0,2408400.0,780100.0
cnt000825,po001464,ncc011,23/01/2025,2025-03-09 08:56:42,561076800.0,561076800.0,0.0
cnt000826,PO000728,ncc040,22/01/2025,2025-03-08 12:17:27,54358200.0,33656700.0,20701500.0
cnt000827,po001310,NCC038,21/01/2025,2025-03-07 17:02:11,11988000.0,10005000.0,1983000.0
CNT000828,po002362,ncc023,24/01/2025,2025-03-10 17:24:27,39612600.0,1653200.0,37959400.0
cnt000829,PO002867,ncc031,21/01/2025,2025-03-07 18:53:33,32528000.0,3569800.0,28958200.0
cnt000830,po000343,ncc022,25/01/2025,2025-03-11 10:35:18,21338000.0,20069700.0,1268300.0
cnt000831,po003216,ncc024,23/01/2025,2025-03-09 15:57:01,35653200.0,23270300.0,12382900.0
cnt000832,po002859,ncc024,21/01/2025,2025-03-07 16:35:01,75297000.0,75297000.0,0.0
cnt000833,po002062,NCC036,23/01/2025,2025-03-09 16:48:54,184375500.0,124569300.0,59806200.0
cnt000834,PO003239,NCC037,24/01/2025,2025-03-10 01:45:16,5232300.0,5232300.0,0.0
cnt000835,po001633,ncc013,23/01/2025,2025-03-09 12:21:03,25589200.0,25589200.0,0.0
cnt000836,po002560,ncc029,26/01/2025,2025-03-12 01:20:12,79248000.0,48377700.0,30870300.0
CNT000837,PO000976,NCC025,25/01/2025,2025-03-11 02:23:28,459338400.0,459338400.0,0.0
cnt000838,po000052,ncc042,27/01/2025,2025-03-13 07:03:28,94032400.0,94032400.0,0.0
cnt000839,po002385,ncc015,25/01/2025,2025-03-11 13:55:21,46246200.0,46246200.0,0.0
cnt000840,PO001957,ncc041,27/01/2025,2025-03-13 16:25:09,495012600.0,50662800.0,444349800.0
cnt000841,PO000954,ncc028,23/01/2025,2025-03-09 19:58:00,78278400.0,78278400.0,0.0
CNT000842,po003435,NCC002,23/01/2025,2025-03-09 23:23:51,24367000.0,24367000.0,0.0
cnt000843,po000042,ncc023,28/01/2025,2025-03-14 09:23:55,13900300.0,5351300.0,8549000.0
cnt000844,PO002425,ncc018,26/01/2025,2025-03-12 17:28:23,14812000.0,14812000.0,0.0
cnt000845,PO003105,ncc024,28/01/2025,2025-03-14 05:27:23,5448000.0,342500.0,5105500.0
cnt000846,PO000021,ncc043,29/01/2025,2025-03-15 16:42:43,9632100.0,3224600.0,6407500.0
cnt000847,po001583,ncc033,29/01/2025,2025-03-15 19:39:42,82102800.0,82102800.0,0.0
cnt000848,PO002087,ncc005,25/01/2025,2025-03-11 21:16:57,210160000.0,128621300.0,81538700.0
cnt000849,po000444,ncc040,30/01/2025,2025-03-16 14:17:51,103778500.0,2718500.0,101060000.0
cnt000850,po000916,ncc031,27/01/2025,2025-03-13 23:34:04,42233400.0,30243500.0,11989900.0
cnt000851,po003160,NCC031,28/01/2025,2025-03-14 00:33:32,90526200.0,90526200.0,0.0
cnt000852,po003458,NCC008,31/01/2025,2025-03-17 05:53:18,59924800.0,14992600.0,44932200.0
CNT000853,po000412,ncc026,29/01/2025,2025-03-15 09:25:45,20956000.0,20956000.0,0.0
cnt000854,po003199,ncc023,30/01/2025,2025-03-16 15:53:01,58150400.0,58150400.0,0.0
cnt000855,po001027,ncc003,27/01/2025,2025-03-13 17:11:35,80937900.0,26211300.0,54726600.0
cnt000856,po001150,ncc005,31/01/2025,2025-03-17 11:22:40,30429000.0,30429000.0,0.0
cnt000857,po001177,ncc016,01/02/2025,2025-03-18 15:49:46,26532000.0,13375500.0,13156500.0
CNT000858,po000255,NCC036,30/01/2025,2025-03-16 17:00:42,265105000.0,265105000.0,0.0
cnt000859,PO002186,ncc006,31/01/2025,2025-03-17 19:10:37,559876800.0,272342200.0,287534600.0
cnt000860,po002850,ncc040,30/01/2025,2025-03-16 08:19:55,2199500.0,2199500.0,0.0
cnt000861,po000471,ncc025,01/02/2025,2025-03-18 09:29:50,116659200.0,116659200.0,0.0
cnt000862,po000570,ncc017,02/02/2025,2025-03-19 13:51:11,12625200.0,12625200.0,0.0
CNT000863,po002094,NCC031,30/01/2025,2025-03-16 13:55:45,51357000.0,51357000.0,0.0
cnt000864,PO001096,ncc005,01/02/2025,2025-03-18 17:51:12,62199800.0,62199800.0,0.0
cnt000865,PO000617,ncc028,30/01/2025,2025-03-16 01:57:26,64542400.0,64542400.0,0.0
cnt000866,po002280,NCC045,30/01/2025,2025-03-16 03:06:15,486805000.0,88258500.0,398546500.0
cnt000867,po001785,ncc043,01/02/2025,2025-03-18 10:23:20,6360900.0,6360900.0,0.0
cnt000868,po002761,ncc012,30/01/2025,2025-03-16 14:45:44,11448000.0,11448000.0,0.0
cnt000869,po000368,ncc035,30/01/2025,2025-03-16 15:45:43,415590400.0,415590400.0,0.0
cnt000870,po001625,ncc014,01/02/2025,2025-03-18 16:43:07,142920000.0,5349000.0,137571000.0
cnt000871,po002877,ncc012,01/02/2025,2025-03-18 17:33:29,80893500.0,61337200.0,19556300.0
cnt000872,po001790,ncc017,02/02/2025,2025-03-19 19:43:50,231052800.0,176513200.0,54539600.0
cnt000873,po001075,ncc004,01/31/2025,2025-03-17 20:30:12,677386800.0,677386800.0,0.0
cnt000874,po000389,NCC901,04/02/2025,2025-03-21 22:45:09,1785600.0,1785600.0,0.0
CNT000875,po000308,NCC037,02/02/2025,2025-03-19 00:14:56,14541600.0,14541600.0,0.0
cnt000876,PO001209,NCC043,05/02/2025,2025-03-22 10:04:15,59818500.0,47499000.0,12319500.0
cnt000877,PO002249,ncc033,03/02/2025,2025-03-20 14:20:59,8549000.0,8549000.0,0.0
cnt000878,po002750,ncc023,04/02/2025,2025-03-21 16:45:31,381173400.0,225334100.0,155839300.0
cnt000879,po002057,ncc026,03/02/2025,2025-03-20 00:22:11,13590000.0,13590000.0,0.0
cnt000880,po002417,NCC901,05/02/2025,2025-03-22 05:26:44,253387800.0,253387800.0,0.0
cnt000881,po001816,ncc029,06/02/2025,2025-03-23 09:39:28,77289600.0,77289600.0,0.0
CNT000882,po003155,NCC902,05/02/2025,2025-03-22 09:41:58,117717600.0,117717600.0,0.0
cnt000883,po001977,ncc010,04/02/2025,2025-03-21 12:27:33,5886000.0,5886000.0,0.0
cnt000884,po002483,ncc036,06/02/2025,2025-03-23 15:11:23,63732000.0,63732000.0,0.0
cnt000885,po000656,NCC011,05/02/2025,2025-03-22 15:13:00,43262100.0,43262100.0,0.0
cnt000886,po001384,NCC004,03/02/2025,2025-03-20 15:56:44,68043600.0,61583400.0,6460200.0
cnt000887,po001131,NCC014,02/02/2025,2025-03-19 21:35:12,75255800.0,75255800.0,0.0
cnt000888,PO002217,NCC903,07/02/2025,2025-03-24 01:52:19,13258800.0,13258800.0,0.0
cnt000889,PO003469,ncc032,07/02/2025,2025-03-24 09:47:08,89619600.0,89619600.0,0.0
cnt000890,po000298,ncc032,07/02/2025,2025-03-24 23:18:27,464520000.0,464520000.0,0.0
cnt000891,po003130,ncc045,07/02/2025,2025-03-24 16:32:59,323654000.0,323654000.0,0.0
cnt000892,po001155,NCC028,06/02/2025,2025-03-23 16:55:59,213560000.0,213560000.0,0.0
cnt000893,po001304,ncc025,06/02/2025,2025-03-23 22:48:37,31812800.0,31812800.0,0.0
cnt000894,PO002329,ncc028,08/02/2025,2025-03-25 03:44:52,29435400.0,29435400.0,0.0
cnt000895,PO001058,ncc024,08/02/2025,2025-03-25 04:48:39,212022900.0,71547700.0,140475200.0
cnt000896,po000871,ncc015,07/02/2025,2025-03-24 09:36:45,39491200.0,38722400.0,768800.0
cnt000897,po002160,ncc041,05/02/2025,2025-03-22 10:41:21,12475200.0,12475200.0,0.0
cnt000898,po000013,ncc015,09/02/2025,2025-03-26 11:24:11,21308900.0,21308900.0,0.0
cnt000899,PO002236,NCC037,09/02/2025,2025-03-26 13:36:58,97828500.0,97828500.0,0.0
CNT000900,po001496,ncc026,08/02/2025,2025-03-25 19:42:36,239557500.0,239557500.0,0.0
cnt000901,po000786,ncc030,06/02/2025,2025-03-23 19:43:31,54644800.0,54644800.0,0.0
cnt000902,po002676,ncc004,08/02/2025,2025-03-25 02:23:29,396627200.0,396627200.0,0.0
cnt000903,po001242,ncc045,06/02/2025,2025-03-23 03:33:41,76729600.0,25434800.0,51294800.0
cnt000904,PO001505,ncc005,10/02/2025,2025-03-27 06:11:52,8349000.0,8349000.0,0.0
CNT000905,po000926,NCC007,08/02/2025,2025-03-25 16:29:37,19529400.0,14977300.0,4552100.0
cnt000906,PO002132,ncc007,06/02/2025,2025-03-23 18:39:15,34599200.0,23223200.0,11376000.0
cnt000907,po002150,ncc008,06/02/2025,2025-03-23 21:31:44,17442000.0,17079000.0,363000.0
cnt000908,po002596,ncc011,10/02/2025,2025-03-27 22:46:19,83813400.0,14922000.0,68891400.0
cnt000909,po000693,ncc042,07/02/2025,2025-03-24 07:29:14,142370800.0,142370800.0,0.0
cnt000910,po001801,NCC019,08/02/2025,2025-03-25 07:54:01,98175000.0,98175000.0,0.0
cnt000911,po001792,NCC009,11/02/2025,2025-03-28 11:51:55,36223200.0,26838400.0,9384800.0
cnt000912,po001326,ncc001,2025-02-07,2025-03-24 13:11:05,23638400.0,23638400.0,0.0
cnt000913,PO002561,NCC901,09/02/2025,2025-03-26 17:13:27,52406200.0,9400800.0,43005400.0
cnt000914,po000179,ncc020,10/02/2025,2025-03-27 01:34:01,21390700.0,21390700.0,0.0
cnt000915,PO001164,ncc012,08/02/2025,2025-03-25 01:45:47,102873600.0,102873600.0,0.0
cnt000916,po002115,NCC900,10/02/2025,2025-03-27 16:07:42,124146000.0,117084200.0,7061800.0
cnt000917,PO001254,ncc024,11/02/2025,2025-03-28 17:20:18,739622400.0,739622400.0,0.0
cnt000918,PO000912,ncc012,10/02/2025,2025-03-27 18:57:45,10454400.0,10454400.0,0.0
cnt000919,po003154,NCC020,11/02/2025,2025-03-28 00:01:06,130637500.0,21520400.0,109117100.0
CNT000920,PO001340,ncc015,12/02/2025,2025-03-29 00:23:53,130583800.0,130583800.0,0.0
cnt000921,po000880,ncc035,11/02/2025,2025-03-28 03:30:31,5096000.0,5096000.0,0.0
CNT000922,po000266,ncc029,11/02/2025,2025-03-28 04:35:57,231792000.0,231792000.0,0.0
cnt000923,po000591,ncc043,13/02/2025,2025-03-30 04:36:50,32484800.0,32484800.0,0.0
CNT000924,PO002133,ncc040,10/02/2025,2025-03-27 12:10:40,24104400.0,24104400.0,0.0
cnt000925,po003270,ncc043,09/02/2025,2025-03-26 12:19:11,32385000.0,32385000.0,0.0
cnt000926,po001819,NCC012,10/02/2025,2025-03-27 13:54:17,3741500.0,3741500.0,0.0
cnt000927,po000746,ncc010,11/02/2025,2025-03-28 15:53:50,128904000.0,24923400.0,103980600.0
cnt000928,po001911,ncc018,11/02/2025,2025-03-28 22:45:25,157235100.0,124616800.0,32618300.0
cnt000929,po001662,ncc040,09/02/2025,2025-03-26 23:10:30,15790400.0,5511200.0,10279200.0
cnt000930,po000998,ncc025,12/02/2025,2025-03-29 06:30:39,31864800.0,31864800.0,0.0
cnt000931,PO003455,NCC026,12/02/2025,2025-03-29 07:27:13,11143500.0,11143500.0,0.0
cnt000932,PO002262,NCC038,14/02/2025,2025-03-31 03:48:02,429318000.0,321235500.0,108082500.0
cnt000933,po003360,ncc022,15/02/2025,2025-04-01 05:41:36,9499000.0,6652900.0,2846100.0
CNT000934,po001306,ncc030,14/02/2025,2025-03-31 11:20:37,184681900.0,184681900.0,0.0
cnt000935,po002035,ncc044,14/02/2025,2025-03-31 12:19:29,17312500.0,17312500.0,0.0
cnt000936,po002720,ncc022,13/02/2025,2025-03-30 12:58:50,14775000.0,14775000.0,0.0
CNT000937,po001983,ncc027,11/02/2025,2025-03-28 22:48:03,16828700.0,16828700.0,0.0
cnt000938,po001010,ncc033,14/02/2025,2025-03-31 01:40:02,6107400.0,3074800.0,3032600.0
cnt000939,PO000074,NCC044,12/02/2025,2025-03-29 10:17:53,87227400.0,87227400.0,0.0
cnt000940,PO000772,ncc041,16/02/2025,2025-04-02 13:02:24,232042000.0,232042000.0,0.0
cnt000941,po000666,ncc038,13/02/2025,2025-03-30 13:49:15,10058000.0,7605000.0,2453000.0
cnt000942,po000186,ncc030,15/02/2025,2025-04-01 17:50:16,71721000.0,71721000.0,0.0
cnt000943,po002040,ncc034,13/02/2025,2025-03-30 21:43:06,137881400.0,91950900.0,45930500.0
cnt000944,po000417,ncc014,15/02/2025,2025-04-01 23:49:30,3426200.0,630300.0,2795900.0
cnt000945,PO000882,ncc024,13/02/2025,2025-03-30 05:52:13,29792000.0,29792000.0,0.0
CNT000946,po002528,ncc007,17/02/2025,2025-04-03 06:02:29,310257200.0,207226300.0,103030900.0
cnt000947,po001165,NCC034,15/02/2025,2025-04-01 12:55:45,27115000.0,27115000.0,0.0
cnt000948,po000354,ncc037,02/13/2025,2025-03-30 15:35:00,24260800.0,24260800.0,0.0
cnt000949,po003007,ncc020,15/02/2025,2025-04-01 22:31:03,2927400.0,2520700.0,406700.0
cnt000950,po000966,ncc043,14/02/2025,2025-03-31 23:23:37,205881900.0,147228900.0,58653000.0
cnt000951,po000237,ncc037,16/02/2025,2025-04-02 03:14:48,10283100.0,6857800.0,3425300.0
cnt000952,po001927,ncc008,14/02/2025,2025-03-31 11:38:48,92774400.0,32466700.0,60307700.0
cnt000953,po000841,ncc010,16/02/2025,2025-04-02 06:46:54,20632500.0,20632500.0,0.0
cnt000954,po000719,ncc015,16/02/2025,2025-04-02 06:57:31,52222500.0,45286800.0,6935700.0
cnt000955,po000088,ncc007,17/02/2025,2025-04-03 12:54:06,138117300.0,64472200.0,73645100.0
cnt000956,po003402,ncc002,18/02/2025,2025-04-04 22:32:01,27034900.0,27034900.0,0.0
cnt000957,po000583,ncc043,19/02/2025,2025-04-05 00:36:32,47016000.0,4533000.0,42483000.0
cnt000958,po000364,ncc028,16/02/2025,2025-04-02 01:40:02,15791600.0,15791600.0,0.0
cnt000959,po001353,ncc002,16/02/2025,2025-04-02 03:43:22,229631400.0,209593500.0,20037900.0
CNT000960,po000476,ncc008,20/02/2025,2025-04-06 05:53:51,14476000.0,8226800.0,6249200.0
CNT000961,po001331,ncc016,17/02/2025,2025-04-03 16:06:06,63509000.0,63509000.0,0.0
cnt000962,po003111,ncc007,20/02/2025,2025-04-06 21:48:41,26734400.0,26734400.0,0.0
cnt000963,PO001536,ncc033,17/02/2025,2025-04-03 02:53:49,507452600.0,507452600.0,0.0
cnt000964,PO002991,NCC033,19/02/2025,2025-04-05 09:18:30,22418100.0,22418100.0,0.0
cnt000965,PO000596,ncc042,17/02/2025,2025-04-03 15:41:12,14550900.0,14550900.0,0.0
cnt000966,po001836,ncc024,21/02/2025,2025-04-07 16:38:21,107598000.0,107598000.0,0.0
cnt000967,po001034,ncc008,19/02/2025,2025-04-05 16:49:03,600336000.0,600336000.0,0.0
cnt000968,po001748,NCC016,20/02/2025,2025-04-06 17:57:42,90720000.0,90720000.0,0.0
CNT000969,po000815,ncc036,18/02/2025,2025-04-04 20:13:27,75191800.0,75191800.0,0.0
cnt000970,po002525,ncc019,21/02/2025,2025-04-07 22:32:45,16197600.0,16197600.0,0.0
cnt000971,po000232,ncc009,22/02/2025,2025-04-08 11:44:39,10833100.0,7209400.0,3623700.0
cnt000972,PO003072,ncc004,20/02/2025,2025-04-06 18:04:16,8142600.0,3887400.0,4255200.0
cnt000973,PO001963,ncc036,19/02/2025,2025-04-05 18:59:50,43865600.0,43865600.0,0.0
cnt000974,po001566,ncc009,20/02/2025,2025-04-06 00:18:33,149498200.0,149498200.0,0.0
cnt000975,PO001421,ncc022,21/02/2025,2025-04-07 00:50:21,55426400.0,1114100.0,54312300.0
cnt000976,po000324,ncc012,20/02/2025,2025-04-06 07:42:45,10505100.0,10505100.0,0.0
cnt000977,PO001035,ncc032,19/02/2025,2025-04-05 09:02:49,25985400.0,18953400.0,7032000.0
CNT000978,PO002361,ncc037,22/02/2025,2025-04-08 10:21:12,10348800.0,10348800.0,0.0
CNT000979,po001046,ncc041,19/02/2025,2025-04-05 11:29:22,34034000.0,34034000.0,0.0
cnt000980,po002670,ncc019,19/02/2025,2025-04-05 14:07:07,21032800.0,13771700.0,7261100.0
cnt000981,po000273,ncc030,23/02/2025,2025-04-09 00:24:12,1314400.0,183500.0,1130900.0
cnt000982,po003370,ncc041,23/02/2025,2025-04-09 01:49:29,80791000.0,30591300.0,50199700.0
cnt000983,po003020,ncc015,21/02/2025,2025-04-07 07:50:33,46900000.0,33364200.0,13535800.0
cnt000984,PO000973,ncc023,22/02/2025,2025-04-08 11:24:56,373680400.0,373680400.0,0.0
CNT000985,PO001571,ncc016,20/02/2025,2025-04-06 13:40:20,144330000.0,144330000.0,0.0
cnt000986,po003277,NCC044,24/02/2025,2025-04-10 15:41:47,51570600.0,51570600.0,0.0
cnt000987,po000498,ncc033,24/02/2025,2025-04-10 22:04:26,12954800.0,12954800.0,0.0
cnt000988,PO002474,ncc040,21/02/2025,2025-04-07 02:53:44,108125700.0,15499400.0,92626300.0
cnt000989,po000521,ncc032,25/02/2025,2025-04-11 06:15:07,43335500.0,43335500.0,0.0
cnt000990,PO001906,ncc011,21/02/2025,2025-04-07 15:40:53,4162500.0,4162500.0,0.0
cnt000991,po001589,ncc028,23/02/2025,2025-04-09 21:54:11,103808400.0,103808400.0,0.0
cnt000992,po000038,ncc004,25/02/2025,2025-04-11 22:53:19,42346000.0,42346000.0,0.0
cnt000993,po000917,ncc027,23/02/2025,2025-04-09 04:35:14,112299600.0,112299600.0,0.0
cnt000994,po002799,ncc044,25/02/2025,2025-04-11 05:27:48,29037600.0,29037600.0,0.0
cnt000995,PO003321,NCC907,25/02/2025,2025-04-11 11:57:37,4690400.0,4690400.0,0.0
cnt000996,PO002742,ncc020,25/02/2025,2025-04-11 14:32:39,40002100.0,18320200.0,21681900.0
cnt000997,po002981,ncc026,24/02/2025,2025-04-10 18:46:40,78984400.0,58214300.0,20770100.0
CNT000998,po001687,ncc045,22/02/2025,2025-04-08 23:51:58,30090600.0,30090600.0,0.0
CNT000999,po002122,ncc012,28/02/2025,2025-04-14 00:23:47,27825600.0,17820100.0,10005500.0
cnt001000,PO003495,ncc045,28/02/2025,2025-04-14 04:33:46,19830200.0,12250600.0,7579600.0
cnt001001,po002436,NCC030,28/02/2025,2025-04-14 05:23:25,69561400.0,69561400.0,0.0
cnt001002,po000561,ncc016,26/02/2025,2025-04-12 19:01:54,220310100.0,220310100.0,0.0
cnt001003,po002038,ncc020,27/02/2025,2025-04-13 15:12:28,62686200.0,50066500.0,12619700.0
cnt001004,po001771,ncc031,25/02/2025,2025-04-11 16:24:51,1672000.0,1672000.0,0.0
cnt001005,po002349,ncc009,27/02/2025,2025-04-13 01:00:15,19172200.0,19172200.0,0.0
CNT001006,po003408,ncc025,01/03/2025,2025-04-15 03:40:57,4785000.0,4785000.0,0.0
cnt001007,po001086,ncc012,02/28/2025,2025-04-14 06:35:52,69840000.0,55216000.0,14624000.0
cnt001008,po003291,ncc024,03/03/2025,2025-04-17 00:41:38,126796500.0,116659000.0,10137500.0
cnt001009,PO002894,NCC015,02/03/2025,2025-04-16 02:54:11,70127400.0,11276100.0,58851300.0
CNT001010,po001268,ncc018,27/02/2025,2025-04-13 05:19:42,32845200.0,32845200.0,0.0
cnt001011,po001272,ncc022,03/03/2025,2025-04-17 11:30:30,94752000.0,94752000.0,0.0
cnt001012,PO002300,ncc041,03/03/2025,2025-04-17 23:37:58,247596900.0,206282100.0,41314800.0
cnt001013,po002524,ncc011,01/03/2025,2025-04-15 00:00:05,51190600.0,51190600.0,0.0
CNT001014,po001196,NCC005,04/03/2025,2025-04-18 10:27:17,7270800.0,7270800.0,0.0
cnt001015,po001939,ncc034,03/03/2025,2025-04-17 14:09:04,173473500.0,173473500.0,0.0
cnt001016,po000414,ncc025,28/02/2025,2025-04-14 15:47:16,27623500.0,27623500.0,0.0
cnt001017,po003442,ncc014,28/02/2025,2025-04-14 21:14:23,331066200.0,160900300.0,170165900.0
CNT001018,PO000252,ncc023,28/02/2025,2025-04-14 21:46:12,36285400.0,23649900.0,12635500.0
cnt001019,po001919,ncc008,02/03/2025,2025-04-16 22:05:33,270522700.0,270522700.0,0.0
cnt001020,PO001613,ncc024,05/03/2025,2025-04-19 05:01:26,7958400.0,7866200.0,92200.0
cnt001021,po001207,NCC034,01/03/2025,2025-04-15 17:18:10,21088900.0,21017200.0,71700.0
cnt001022,po001284,ncc035,03/03/2025,2025-04-17 21:08:57,37674000.0,14071800.0,23602200.0
cnt001023,po000540,ncc009,04/03/2025,2025-04-18 21:17:56,14536000.0,3489700.0,11046300.0
cnt001024,PO003173,ncc030,06/03/2025,2025-04-20 00:15:58,50285600.0,50285600.0,0.0
CNT001025,PO001559,ncc009,06/03/2025,2025-04-20 05:36:42,27394400.0,12386500.0,15007900.0
cnt001026,po000349,ncc044,06/03/2025,2025-04-20 09:45:21,27184800.0,27184800.0,0.0
cnt001027,po001730,ncc010,03/06/2025,2025-04-20 13:40:50,24804000.0,24804000.0,0.0
CNT001028,PO002738,NCC012,03/03/2025,2025-04-17 00:44:04,70195500.0,70195500.0,0.0
cnt001029,PO002923,ncc008,07/03/2025,2025-04-21 13:00:14,40299000.0,40299000.0,0.0
CNT001030,PO003188,ncc009,03/03/2025,2025-04-17 15:12:22,1850400.0,939900.0,910500.0
cnt001031,po002053,ncc030,06/03/2025,2025-04-20 02:06:54,10747600.0,9151900.0,1595700.0
cnt001032,PO002383,ncc010,07/03/2025,2025-04-21 03:46:16,14356000.0,12280000.0,2076000.0
cnt001033,po001089,ncc023,03/08/2025,2025-04-22 06:20:23,30712000.0,5042800.0,25669200.0
cnt001034,po002284,NCC004,06/03/2025,2025-04-20 09:43:36,69759600.0,69759600.0,0.0
CNT001035,PO002177,ncc044,08/03/2025,2025-04-22 17:50:13,16203200.0,16203200.0,0.0
cnt001036,po003186,ncc032,05/03/2025,2025-04-19 03:01:31,11880000.0,10088500.0,1791500.0
CNT001037,po000057,NCC006,06/03/2025,2025-04-20 04:23:15,169458500.0,29567900.0,139890600.0
cnt001038,PO002183,ncc029,07/03/2025,2025-04-21 12:52:08,3313200.0,100000.0,3213200.0
cnt001039,po001612,ncc002,06/03/2025,2025-04-20 17:38:10,169608000.0,169608000.0,0.0
cnt001040,po000144,ncc041,07/03/2025,2025-04-21 19:16:40,19078400.0,8155600.0,10922800.0
cnt001041,po000876,ncc002,05/03/2025,2025-04-19 22:55:50,19512600.0,5926400.0,13586200.0
cnt001042,PO003217,NCC008,06/03/2025,2025-04-20 02:51:50,85552200.0,85552200.0,0.0
cnt001043,PO002564,ncc042,10/03/2025,2025-04-24 07:37:59,13207900.0,11546600.0,1661300.0
cnt001044,po000436,ncc004,08/03/2025,2025-04-22 08:46:48,184089600.0,184089600.0,0.0
cnt001045,PO000894,ncc023,10/03/2025,2025-04-24 12:03:27,94996800.0,94996800.0,0.0
cnt001046,po001319,ncc018,07/03/2025,2025-04-21 12:34:40,14074400.0,6198000.0,7876400.0
cnt001047,po002547,ncc026,10/03/2025,2025-04-24 04:06:33,41265000.0,22493900.0,18771100.0
cnt001048,po000713,ncc015,09/03/2025,2025-04-23 07:45:04,17507600.0,11426000.0,6081600.0
CNT001049,po000067,ncc026,10/03/2025,2025-04-24 11:09:29,80546000.0,52799700.0,27746300.0
cnt001050,po000235,NCC042,09/03/2025,2025-04-23 00:05:46,277835000.0,277835000.0,0.0
cnt001051,PO003323,NCC034,10/03/2025,2025-04-24 23:37:03,39212600.0,39212600.0,0.0
cnt001052,PO000323,ncc004,11/03/2025,2025-04-25 23:49:15,13936500.0,13936500.0,0.0
cnt001053,po002157,ncc019,10/03/2025,2025-04-24 02:47:34,10820500.0,4536500.0,6284000.0
cnt001054,po002663,NCC021,11/03/2025,2025-04-25 08:24:38,106479600.0,14960600.0,91519000.0
cnt001055,PO002540,ncc036,12/03/2025,2025-04-26 09:00:18,48049600.0,36064700.0,11984900.0
cnt001056,po000467,ncc019,09/03/2025,2025-04-23 09:29:45,37406700.0,4572300.0,32834400.0
cnt001057,po002355,ncc042,10/03/2025,2025-04-24 09:38:32,15484200.0,9594800.0,5889400.0
CNT001058,po002188,ncc041,10/03/2025,2025-04-24 12:48:20,132097500.0,127523600.0,4573900.0
CNT001059,PO000795,ncc036,10/03/2025,2025-04-24 22:56:25,2702500.0,1689200.0,1013300.0
cnt001060,po001219,NCC002,11/03/2025,2025-04-25 05:24:38,147571200.0,71188100.0,76383100.0
cnt001061,po002243,ncc038,12/03/2025,2025-04-26 06:04:46,11090300.0,11090300.0,0.0
cnt001062,po001350,ncc040,11/03/2025,2025-04-25 08:20:44,15633200.0,15633200.0,0.0
cnt001063,PO001265,ncc040,13/03/2025,2025-04-27 09:01:46,11092000.0,11092000.0,0.0
CNT001064,po003352,ncc002,12/03/2025,2025-04-26 14:07:18,6644300.0,1730600.0,4913700.0
cnt001065,PO000738,ncc031,11/03/2025,2025-04-25 16:36:06,1173000.0,96900.0,1076100.0
cnt001066,po001698,ncc019,10/03/2025,2025-04-24 17:24:50,6474000.0,6474000.0,0.0
cnt001067,po001181,ncc012,11/03/2025,2025-04-25 23:23:31,48389000.0,9930200.0,38458800.0
cnt001068,po000545,NCC034,12/03/2025,2025-04-26 01:16:41,30008300.0,30008300.0,0.0
cnt001069,po001439,NCC002,12/03/2025,2025-04-26 07:54:44,357201000.0,357201000.0,0.0
CNT001070,PO003433,ncc013,11/03/2025,2025-04-25 09:12:22,23993600.0,17397100.0,6596500.0
cnt001071,po000470,ncc028,11/03/2025,2025-04-25 10:40:14,20628300.0,20628300.0,0.0
cnt001072,po000479,ncc023,11/03/2025,2025-04-25 12:15:23,21122700.0,21122700.0,0.0
cnt001073,po000930,ncc044,13/03/2025,2025-04-27 12:34:49,8302500.0,8302500.0,0.0
cnt001074,po002229,ncc010,12/03/2025,2025-04-26 14:08:02,4821600.0,4821600.0,0.0
CNT001075,po002172,ncc028,11/03/2025,2025-04-25 14:15:55,230477400.0,203769000.0,26708400.0
cnt001076,po001986,ncc032,13/03/2025,2025-04-27 16:30:07,16252000.0,16252000.0,0.0
cnt001077,po000947,ncc014,13/03/2025,2025-04-27 20:26:31,23573800.0,13552200.0,10021600.0
cnt001078,PO003339,ncc027,12/03/2025,2025-04-26 07:41:40,201711600.0,189536600.0,12175000.0
CNT001079,PO001282,ncc011,15/03/2025,2025-04-29 10:07:04,435448000.0,435448000.0,0.0
CNT001080,po001251,ncc014,13/03/2025,2025-04-27 19:37:52,674141200.0,597351500.0,76789700.0
CNT001081,PO002889,ncc023,15/03/2025,2025-04-29 00:22:37,22230000.0,27900.0,22202100.0
cnt001082,PO001241,ncc009,17/03/2025,2025-05-01 00:45:23,32832000.0,32832000.0,0.0
cnt001083,po001118,ncc029,15/03/2025,2025-04-29 03:02:28,476000200.0,336136800.0,139863400.0
cnt001084,po000491,ncc042,16/03/2025,2025-04-30 09:08:30,25675300.0,17653900.0,8021400.0
cnt001085,po000016,ncc016,15/03/2025,2025-04-29 15:07:23,105472500.0,105472500.0,0.0
cnt001086,po001392,ncc012,15/03/2025,2025-04-29 15:53:10,6449100.0,6449100.0,0.0
cnt001087,po001341,ncc023,17/03/2025,2025-05-01 21:06:37,25702400.0,25702400.0,0.0
cnt001088,PO000566,ncc009,16/03/2025,2025-04-30 10:50:05,19856000.0,14168500.0,5687500.0
cnt001089,po001820,ncc021,18/03/2025,2025-05-02 18:40:16,130139000.0,130139000.0,0.0
cnt001090,po001212,ncc014,19/03/2025,2025-05-03 18:56:59,54107500.0,54107500.0,0.0
cnt001091,po003211,ncc022,16/03/2025,2025-04-30 03:52:41,70910400.0,70910400.0,0.0
cnt001092,po000226,ncc025,16/03/2025,2025-04-30 05:47:10,238665000.0,238665000.0,0.0
CNT001093,PO002995,ncc028,17/03/2025,2025-05-01 10:11:43,109702400.0,80206400.0,29496000.0
cnt001094,po000142,ncc033,17/03/2025,2025-05-01 12:07:52,470389500.0,294137800.0,176251700.0
cnt001095,po003439,ncc018,18/03/2025,2025-05-02 14:30:35,3459600.0,3459600.0,0.0
cnt001096,PO002662,ncc028,17/03/2025,2025-05-01 14:54:22,28940800.0,28940800.0,0.0
cnt001097,po003010,ncc002,16/03/2025,2025-04-30 20:01:26,3300000.0,2509700.0,790300.0
cnt001098,po001655,ncc032,18/03/2025,2025-05-02 23:20:39,148051800.0,104056600.0,43995200.0
cnt001099,po000114,ncc042,19/03/2025,2025-05-03 08:34:43,94406100.0,35293400.0,59112700.0
cnt001100,po003497,NCC039,18/03/2025,2025-05-02 11:25:22,16045600.0,16045600.0,0.0
cnt001101,PO000341,NCC015,22/03/2025,2025-05-06 00:00:10,96726000.0,62008000.0,34718000.0
cnt001102,po001005,ncc032,22/03/2025,2025-05-06 00:50:08,58669700.0,58669700.0,0.0
cnt001103,po002085,NCC023,21/03/2025,2025-05-05 03:25:40,49675500.0,17233800.0,32441700.0
CNT001104,po000971,ncc007,22/03/2025,2025-05-06 05:04:52,32596600.0,32596600.0,0.0
cnt001105,po000605,ncc040,20/03/2025,2025-05-04 09:14:01,86699700.0,72913300.0,13786400.0
cnt001106,po002683,ncc029,21/03/2025,2025-05-05 12:57:05,65395800.0,65395800.0,0.0
cnt001107,po002342,ncc008,19/03/2025,2025-05-03 21:52:18,197185000.0,197185000.0,0.0
CNT001108,po001275,ncc012,21/03/2025,2025-05-05 22:32:24,98585800.0,98585800.0,0.0
cnt001109,po002780,NCC019,22/03/2025,2025-05-06 23:59:23,194020200.0,194020200.0,0.0
cnt001110,po001719,ncc005,21/03/2025,2025-05-05 13:44:20,14957400.0,14957400.0,0.0
cnt001111,po002922,NCC035,24/03/2025,2025-05-08 14:35:07,123690300.0,123690300.0,0.0
cnt001112,po001923,ncc022,22/03/2025,2025-05-06 17:30:44,49320000.0,49320000.0,0.0
cnt001113,PO002960,ncc011,21/03/2025,2025-05-05 05:19:49,25024600.0,25024600.0,0.0
cnt001114,po003317,NCC041,25/03/2025,2025-05-09 08:48:20,4139200.0,2699900.0,1439300.0
cnt001115,po002143,ncc032,23/03/2025,2025-05-07 15:57:05,10339200.0,4886500.0,5452700.0
cnt001116,po003342,NCC042,03/23/2025,2025-05-07 16:40:55,91645300.0,91645300.0,0.0
cnt001117,po001685,ncc031,22/03/2025,2025-05-06 03:07:00,13604500.0,13604500.0,0.0
CNT001118,PO001661,ncc015,22/03/2025,2025-05-06 03:38:38,12713600.0,12713600.0,0.0
cnt001119,po001586,ncc036,22/03/2025,2025-05-06 17:24:39,5910300.0,5910300.0,0.0
CNT001120,PO002032,NCC006,23/03/2025,2025-05-07 17:45:45,109824000.0,109824000.0,0.0
cnt001121,po002232,ncc039,23/03/2025,2025-05-07 19:00:53,12103000.0,12103000.0,0.0
cnt001122,po002848,ncc033,26/03/2025,2025-05-10 01:25:13,11583000.0,3047700.0,8535300.0
cnt001123,po001445,ncc021,23/03/2025,2025-05-07 03:26:28,264063000.0,197523000.0,66540000.0
cnt001124,po001039,ncc003,27/03/2025,2025-05-11 05:50:28,29920500.0,29920500.0,0.0
cnt001125,po000798,ncc029,26/03/2025,2025-05-10 12:38:44,22770000.0,17456400.0,5313600.0
cnt001126,po000885,ncc022,25/03/2025,2025-05-09 16:59:52,29830200.0,29830200.0,0.0
cnt001127,po000093,ncc028,23/03/2025,2025-05-07 20:14:12,38647700.0,38647700.0,0.0
CNT001128,po001332,NCC905,03/25/2025,2025-05-09 03:48:33,674800.0,358700.0,316100.0
cnt001129,po003141,ncc028,26/03/2025,2025-05-10 17:39:27,2230400.0,2230400.0,0.0
cnt001130,PO000751,ncc031,26/03/2025,2025-05-10 00:35:12,397731400.0,301678100.0,96053300.0
cnt001131,PO000502,NCC033,26/03/2025,2025-05-10 04:17:56,15019200.0,15019200.0,0.0
cnt001132,po003418,NCC003,25/03/2025,2025-05-09 07:38:59,125522700.0,115202700.0,10320000.0
cnt001133,po001349,ncc011,29/03/2025,2025-05-13 13:51:55,47715700.0,47715700.0,0.0
cnt001134,PO000587,NCC019,28/03/2025,2025-05-12 16:02:52,73422800.0,49538300.0,23884500.0
cnt001135,PO002946,ncc025,26/03/2025,2025-05-10 23:46:33,22873500.0,22873500.0,0.0
cnt001136,po002357,ncc016,28/03/2025,2025-05-12 02:06:51,34655700.0,34655700.0,0.0
cnt001137,PO003426,ncc011,30/03/2025,2025-05-14 20:47:13,70207200.0,25566100.0,44641100.0
cnt001138,po002546,ncc022,26/03/2025,2025-05-10 23:36:19,10348000.0,7894500.0,2453500.0
cnt001139,po000721,ncc027,29/03/2025,2025-05-13 04:19:38,4262400.0,2223800.0,2038600.0
cnt001140,po001453,ncc001,31/03/2025,2025-05-15 04:35:43,18076800.0,18076800.0,0.0
cnt001141,PO001817,ncc009,31/03/2025,2025-05-15 08:19:44,14432600.0,14432600.0,0.0
cnt001142,po000891,NCC038,30/03/2025,2025-05-14 09:50:17,53044000.0,53044000.0,0.0
cnt001143,po001797,ncc034,30/03/2025,2025-05-14 14:58:39,61618900.0,61618900.0,0.0
cnt001144,po000037,ncc039,01/04/2025,2025-05-16 01:00:57,102691000.0,68375400.0,34315600.0
cnt001145,po003122,ncc042,28/03/2025,2025-05-12 06:07:31,11134000.0,3682000.0,7452000.0
cnt001146,po002449,ncc042,01/04/2025,2025-05-16 14:11:48,6621500.0,1416400.0,5205100.0
CNT001147,po003171,ncc027,28/03/2025,2025-05-12 20:27:33,18622100.0,18622100.0,0.0
cnt001148,po001455,ncc041,30/03/2025,2025-05-14 20:32:13,108257800.0,108257800.0,0.0
cnt001149,PO000846,ncc022,31/03/2025,2025-05-15 16:52:37,49767400.0,25119900.0,24647500.0
cnt001150,po003260,ncc037,01/04/2025,2025-05-16 17:24:43,65168100.0,32987300.0,32180800.0
cnt001151,PO002354,ncc020,31/03/2025,2025-05-15 23:55:55,39842900.0,7842300.0,32000600.0
cnt001152,PO001756,ncc025,31/03/2025,2025-05-15 00:20:14,23411700.0,16399400.0,7012300.0
cnt001153,PO002289,ncc032,02/04/2025,2025-05-17 05:35:42,157636800.0,36351400.0,121285400.0
cnt001154,po002438,NCC023,30/03/2025,2025-05-14 08:28:37,63382500.0,63382500.0,0.0
cnt001155,po000051,ncc009,31/03/2025,2025-05-15 13:02:13,25138400.0,21291300.0,3847100.0
cnt001156,po002696,ncc002,04/04/2025,2025-05-19 14:48:31,2490600.0,2490600.0,0.0
cnt001157,po003180,ncc019,01/04/2025,2025-05-16 23:55:15,127834800.0,47279200.0,80555600.0
cnt001158,PO002348,ncc020,01/04/2025,2025-05-16 11:03:32,18272600.0,11497700.0,6774900.0
cnt001159,po001595,ncc044,04/04/2025,2025-05-19 12:17:55,58211400.0,58211400.0,0.0
CNT001160,po002080,ncc013,03/04/2025,2025-05-18 19:41:16,35404200.0,27399000.0,8005200.0
cnt001161,PO001215,ncc017,04/02/2025,2025-05-17 19:49:00,42059600.0,42059600.0,0.0
cnt001162,po000759,ncc010,02/04/2025,2025-05-17 16:27:06,70766000.0,70766000.0,0.0
cnt001163,po000576,ncc024,02/04/2025,2025-05-17 17:32:17,97424600.0,97424600.0,0.0
cnt001164,po000379,NCC013,06/04/2025,2025-05-21 19:44:55,19767600.0,19767600.0,0.0
CNT001165,po002010,ncc038,06/04/2025,2025-05-21 22:03:13,11495800.0,11495800.0,0.0
cnt001166,po001787,ncc030,02/04/2025,2025-05-17 22:47:50,50265600.0,50265600.0,0.0
cnt001167,po000377,NCC006,06/04/2025,2025-05-21 05:50:43,9768600.0,9768600.0,0.0
cnt001168,po000724,NCC045,2025-04-06,2025-05-21 13:35:43,683841600.0,683841600.0,0.0
cnt001169,po003029,ncc003,06/04/2025,2025-05-21 15:04:07,24663600.0,24663600.0,0.0
cnt001170,po000723,NCC027,07/04/2025,2025-05-22 15:05:24,88157700.0,87640300.0,517400.0
cnt001171,po002407,NCC040,05/04/2025,2025-05-20 22:18:11,53089900.0,48239500.0,4850400.0
cnt001172,po003387,NCC035,05/04/2025,2025-05-20 22:20:16,27384000.0,4410500.0,22973500.0
cnt001173,po003082,ncc024,04/05/2025,2025-05-20 09:09:24,150842900.0,150842900.0,0.0
CNT001174,po001292,ncc011,07/04/2025,2025-05-22 11:09:47,32219200.0,8355000.0,23864200.0
cnt001175,po003123,ncc042,07/04/2025,2025-05-22 18:47:32,70971600.0,70971600.0,0.0
CNT001176,po003001,ncc035,06/04/2025,2025-05-21 19:21:30,868789500.0,868789500.0,0.0
cnt001177,PO000318,ncc009,08/04/2025,2025-05-23 19:42:24,13190500.0,13190500.0,0.0
cnt001178,PO000496,ncc027,04/04/2025,2025-05-19 23:13:10,524835000.0,524835000.0,0.0
cnt001179,po001944,ncc015,05/04/2025,2025-05-20 10:12:54,27390400.0,27390400.0,0.0
CNT001180,po002444,ncc033,09/04/2025,2025-05-24 16:55:33,116319700.0,66501300.0,49818400.0
cnt001181,po002374,ncc022,09/04/2025,2025-05-24 19:47:22,24095000.0,4483900.0,19611100.0
cnt001182,PO002345,ncc004,2025-04-09,2025-05-24 00:44:58,115300500.0,13287900.0,102012600.0
cnt001183,po002740,ncc027,10/04/2025,2025-05-25 09:07:38,7199700.0,4897100.0,2302600.0
cnt001184,po003480,ncc033,08/04/2025,2025-05-23 13:36:23,63888000.0,51702900.0,12185100.0
cnt001185,po002039,NCC045,10/04/2025,2025-05-25 17:15:19,207635400.0,207635400.0,0.0
cnt001186,po000415,ncc018,08/04/2025,2025-05-23 20:21:52,354072600.0,126396100.0,227676500.0
cnt001187,po000234,ncc037,09/04/2025,2025-05-24 05:05:02,594344400.0,287146800.0,307197600.0
cnt001188,po000689,NCC019,11/04/2025,2025-05-26 15:00:19,35135100.0,35135100.0,0.0
cnt001189,po001059,ncc025,10/04/2025,2025-05-25 18:28:45,443240000.0,332622400.0,110617600.0
cnt001190,po002762,ncc033,07/04/2025,2025-05-22 19:00:25,47829800.0,47829800.0,0.0
cnt001191,po002002,NCC027,08/04/2025,2025-05-23 22:23:58,47740000.0,43245600.0,4494400.0
cnt001192,po001138,ncc037,11/04/2025,2025-05-26 00:05:12,5678400.0,778000.0,4900400.0
cnt001193,PO002051,ncc017,13/04/2025,2025-05-28 02:00:44,384156400.0,245865700.0,138290700.0
cnt001194,po001949,ncc032,13/04/2025,2025-05-28 04:09:03,758483200.0,146025300.0,612457900.0
cnt001195,po001573,ncc032,13/04/2025,2025-05-28 04:31:37,100722400.0,46921900.0,53800500.0
cnt001196,po001834,ncc032,12/04/2025,2025-05-27 06:57:06,98497200.0,98497200.0,0.0
cnt001197,po000504,ncc019,10/04/2025,2025-05-25 09:49:25,29077200.0,29077200.0,0.0
cnt001198,po002648,NCC039,11/04/2025,2025-05-26 13:38:47,23290600.0,23290600.0,0.0
cnt001199,po000315,NCC013,04/11/2025,2025-05-26 14:29:05,46779200.0,16558700.0,30220500.0
CNT001200,PO000108,ncc037,09/04/2025,2025-05-24 15:18:24,12483600.0,12483600.0,0.0
cnt001201,PO001286,ncc023,10/04/2025,2025-05-25 16:19:54,127575000.0,110297000.0,17278000.0
cnt001202,po002153,ncc009,12/04/2025,2025-05-27 20:40:29,54966100.0,54966100.0,0.0
cnt001203,po000201,ncc017,10/04/2025,2025-05-25 00:17:49,559899600.0,358379900.0,201519700.0
cnt001204,PO001064,NCC035,12/04/2025,2025-05-27 03:28:00,104472900.0,104472900.0,0.0
cnt001205,po001921,ncc021,11/04/2025,2025-05-26 06:31:39,18909000.0,18909000.0,0.0
cnt001206,po001132,ncc015,14/04/2025,2025-05-29 06:44:15,38086000.0,38086000.0,0.0
cnt001207,po000039,ncc015,04/12/2025,2025-05-27 07:25:35,29991100.0,29991100.0,0.0
cnt001208,po001788,ncc031,14/04/2025,2025-05-29 07:42:50,208828000.0,208828000.0,0.0
cnt001209,PO000546,ncc040,2025-04-15,2025-05-30 08:55:32,19247800.0,9556600.0,9691200.0
CNT001210,PO002802,ncc001,13/04/2025,2025-05-28 10:56:42,26371800.0,26371800.0,0.0
cnt001211,PO000126,ncc028,13/04/2025,2025-05-28 11:54:50,72787200.0,62462200.0,10325000.0
CNT001212,po001142,ncc023,15/04/2025,2025-05-30 13:58:18,75420000.0,3327100.0,72092900.0
cnt001213,PO000174,ncc039,11/04/2025,2025-05-26 18:05:34,53217200.0,48257500.0,4959700.0
cnt001214,po000494,ncc013,12/04/2025,2025-05-27 01:14:16,8456800.0,8456800.0,0.0
cnt001215,PO000760,ncc043,14/04/2025,2025-05-29 05:25:02,17819500.0,10250900.0,7568600.0
cnt001216,po001715,ncc021,12/04/2025,2025-05-27 06:20:07,233974300.0,233974300.0,0.0
cnt001217,PO001529,ncc043,13/04/2025,2025-05-28 11:02:19,430220700.0,430220700.0,0.0
cnt001218,po000225,ncc012,16/04/2025,2025-05-31 14:00:49,52480000.0,52480000.0,0.0
cnt001219,PO001280,ncc030,15/04/2025,2025-05-30 17:16:56,17104400.0,17104400.0,0.0
cnt001220,po001248,NCC005,17/04/2025,2025-06-01 04:46:48,108691200.0,82904300.0,25786900.0
cnt001221,PO003051,ncc017,14/04/2025,2025-05-29 05:53:17,205363200.0,164739800.0,40623400.0
cnt001222,po002136,NCC041,14/04/2025,2025-05-29 13:48:11,48500000.0,48500000.0,0.0
cnt001223,po002920,ncc004,17/04/2025,2025-06-01 14:55:50,172850800.0,172850800.0,0.0
CNT001224,po002494,ncc021,13/04/2025,2025-05-28 15:43:59,45501800.0,45501800.0,0.0
CNT001225,PO002276,ncc003,04/17/2025,2025-06-01 00:08:03,75521400.0,75521400.0,0.0
cnt001226,po002294,ncc008,18/04/2025,2025-06-02 05:35:34,370804800.0,370804800.0,0.0
CNT001227,po002746,NCC018,17/04/2025,2025-06-01 11:12:43,49676900.0,49676900.0,0.0
CNT001228,po000171,NCC905,16/04/2025,2025-05-31 14:24:55,55450800.0,35928500.0,19522300.0
cnt001229,PO001026,ncc006,18/04/2025,2025-06-02 22:29:07,520925900.0,509581900.0,11344000.0
cnt001230,PO000612,ncc005,16/04/2025,2025-05-31 00:25:56,25377300.0,25377300.0,0.0
CNT001231,po001696,ncc021,15/04/2025,2025-05-30 11:00:28,87628800.0,7946900.0,79681900.0
cnt001232,po003348,ncc006,15/04/2025,2025-05-30 22:26:41,34587800.0,34587800.0,0.0
cnt001233,PO000613,ncc007,16/04/2025,2025-05-31 01:22:31,38923500.0,25831500.0,13092000.0
cnt001234,po002209,ncc007,16/04/2025,2025-05-31 02:57:23,32209500.0,32209500.0,0.0
cnt001235,po002503,NCC043,20/04/2025,2025-06-04 04:51:51,70629300.0,44649600.0,25979700.0
CNT001236,PO002999,ncc044,18/04/2025,2025-06-02 07:04:11,60791600.0,60791600.0,0.0
cnt001237,po002592,ncc024,18/04/2025,2025-06-02 07:39:17,196009500.0,158493900.0,37515600.0
CNT001238,po002418,ncc006,20/04/2025,2025-06-04 13:41:35,219817200.0,219817200.0,0.0
cnt001239,po000861,ncc041,18/04/2025,2025-06-02 15:24:59,63116400.0,63116400.0,0.0
cnt001240,po001250,ncc004,16/04/2025,2025-05-31 15:30:32,24012300.0,8957500.0,15054800.0
cnt001241,po002617,ncc031,17/04/2025,2025-06-01 19:45:28,14790800.0,11465000.0,3325800.0
cnt001242,po003124,ncc005,17/04/2025,2025-06-01 01:11:57,37056000.0,37056000.0,0.0
cnt001243,po000901,NCC025,17/04/2025,2025-06-01 07:21:35,12136500.0,12136500.0,0.0
cnt001244,po000718,ncc044,22/04/2025,2025-06-06 15:07:34,658817600.0,658817600.0,0.0
cnt001245,po000934,ncc034,21/04/2025,2025-06-05 16:26:40,97795200.0,97795200.0,0.0
cnt001246,po001947,ncc031,21/04/2025,2025-06-05 04:33:07,64520000.0,64520000.0,0.0
cnt001247,po000827,ncc013,22/04/2025,2025-06-06 09:36:37,111034000.0,111034000.0,0.0
cnt001248,po003341,ncc025,19/04/2025,2025-06-03 16:21:55,13406800.0,8220600.0,5186200.0
cnt001249,po001903,ncc005,20/04/2025,2025-06-04 17:23:21,39774000.0,39774000.0,0.0
cnt001250,po000362,ncc036,19/04/2025,2025-06-03 23:59:35,17940000.0,7412800.0,10527200.0
cnt001251,po001440,NCC038,20/04/2025,2025-06-04 17:41:01,42867600.0,18032700.0,24834900.0
cnt001252,po001140,NCC024,22/04/2025,2025-06-06 18:12:35,327492800.0,269021600.0,58471200.0
cnt001253,po000992,ncc001,20/04/2025,2025-06-04 19:21:19,579056500.0,579056500.0,0.0
cnt001254,po003462,ncc017,23/04/2025,2025-06-07 00:22:54,43909900.0,2902000.0,41007900.0
CNT001255,po003079,ncc025,21/04/2025,2025-06-05 19:20:48,895400.0,547600.0,347800.0
cnt001256,po002844,ncc016,25/04/2025,2025-06-09 20:11:34,642142000.0,642142000.0,0.0
cnt001257,po000964,ncc035,24/04/2025,2025-06-08 20:23:54,13096800.0,5089600.0,8007200.0
cnt001258,PO000752,ncc018,21/04/2025,2025-06-05 23:45:07,70638200.0,70638200.0,0.0
cnt001259,po000927,NCC045,23/04/2025,2025-06-07 01:58:26,625060800.0,499299200.0,125761600.0
cnt001260,po000082,ncc038,25/04/2025,2025-06-09 02:15:17,26346600.0,26346600.0,0.0
cnt001261,po001839,NCC012,25/04/2025,2025-06-09 05:27:41,44928000.0,16448700.0,28479300.0
cnt001262,PO001758,ncc045,23/04/2025,2025-06-07 06:13:31,126112600.0,77867700.0,48244900.0
cnt001263,po003058,ncc040,25/04/2025,2025-06-09 09:54:12,255076000.0,255076000.0,0.0
CNT001264,po000241,ncc038,24/04/2025,2025-06-08 23:27:21,102478700.0,75673300.0,26805400.0
cnt001265,po001224,ncc015,25/04/2025,2025-06-09 08:57:47,22079200.0,9241900.0,12837300.0
cnt001266,po000072,ncc018,26/04/2025,2025-06-10 11:13:45,19741500.0,19741500.0,0.0
cnt001267,po002666,ncc015,23/04/2025,2025-06-07 16:48:41,82825600.0,17581200.0,65244400.0
cnt001268,po003143,ncc016,27/04/2025,2025-06-11 23:08:54,13566000.0,13566000.0,0.0
cnt001269,po000245,ncc005,27/04/2025,2025-06-11 23:19:12,68356500.0,24612800.0,43743700.0
cnt001270,po000125,ncc043,25/04/2025,2025-06-09 02:34:10,6131800.0,5328900.0,802900.0
CNT001271,po002830,ncc038,27/04/2025,2025-06-11 11:08:44,94890400.0,94890400.0,0.0
cnt001272,po001208,ncc006,25/04/2025,2025-06-09 16:43:40,28535500.0,28535500.0,0.0
cnt001273,PO000555,NCC041,28/04/2025,2025-06-12 17:03:00,9234000.0,9234000.0,0.0
CNT001274,po002544,ncc001,28/04/2025,2025-06-12 22:34:17,14219700.0,7011200.0,7208500.0
cnt001275,PO000492,ncc044,27/04/2025,2025-06-11 02:08:26,3834600.0,3834600.0,0.0
cnt001276,po003264,ncc004,26/04/2025,2025-06-10 12:20:07,25148200.0,25148200.0,0.0
cnt001277,po002391,NCC024,26/04/2025,2025-06-10 22:32:18,20988000.0,20988000.0,0.0
cnt001278,po001622,ncc008,29/04/2025,2025-06-13 23:25:23,7430400.0,7430400.0,0.0
cnt001279,PO003326,ncc016,27/04/2025,2025-06-11 04:06:46,97644000.0,97644000.0,0.0
cnt001280,po001842,ncc037,27/04/2025,2025-06-11 05:14:30,140089500.0,140089500.0,0.0
cnt001281,PO001442,ncc044,30/04/2025,2025-06-14 06:36:34,56237400.0,6577900.0,49659500.0
cnt001282,po000852,ncc028,27/04/2025,2025-06-11 12:31:16,1997600.0,1363400.0,634200.0
cnt001283,po002609,ncc026,26/04/2025,2025-06-10 12:38:18,27504400.0,17599200.0,9905200.0
cnt001284,PO000228,ncc015,29/04/2025,2025-06-13 22:21:35,23660100.0,15780300.0,7879800.0
CNT001285,po003250,ncc034,27/04/2025,2025-06-11 23:46:40,19521000.0,19521000.0,0.0
cnt001286,po002862,NCC014,01/05/2025,2025-06-15 06:35:54,101617500.0,45825500.0,55792000.0
cnt001287,po001893,ncc003,30/04/2025,2025-06-14 10:28:06,87622600.0,87622600.0,0.0
cnt001288,po001397,ncc021,28/04/2025,2025-06-12 11:11:25,147612800.0,147612800.0,0.0
cnt001289,po003030,ncc045,28/04/2025,2025-06-12 11:48:25,40150000.0,40150000.0,0.0
cnt001290,po001800,ncc009,29/04/2025,2025-06-13 21:45:00,8887500.0,8887500.0,0.0
cnt001291,PO000697,NCC021,30/04/2025,2025-06-14 23:02:31,521978100.0,521978100.0,0.0
cnt001292,po002807,ncc008,01/05/2025,2025-06-15 02:54:55,87410400.0,71672100.0,15738300.0
cnt001293,po001701,NCC907,01/05/2025,2025-06-15 04:37:16,24896000.0,875100.0,24020900.0
cnt001294,po001515,NCC028,29/04/2025,2025-06-13 08:48:42,5448400.0,4414000.0,1034400.0
cnt001295,po002108,ncc033,02/05/2025,2025-06-16 14:37:41,94019600.0,94019600.0,0.0
cnt001296,po003363,ncc043,02/05/2025,2025-06-16 03:52:59,21169200.0,18379800.0,2789400.0
CNT001297,po002925,ncc021,29/04/2025,2025-06-13 05:23:58,226244200.0,88491600.0,137752600.0
cnt001298,po002260,NCC042,01/05/2025,2025-06-15 12:49:37,51752400.0,51752400.0,0.0
cnt001299,po002165,ncc021,29/04/2025,2025-06-13 23:48:56,65241200.0,65241200.0,0.0
CNT001300,po000856,NCC037,01/05/2025,2025-06-15 08:03:19,210887600.0,210887600.0,0.0
cnt001301,po001988,ncc040,02/05/2025,2025-06-16 09:46:33,180652500.0,180652500.0,0.0
CNT001302,po003088,ncc025,01/05/2025,2025-06-15 13:09:55,73504200.0,54938300.0,18565900.0
cnt001303,po002482,ncc012,03/05/2025,2025-06-17 18:44:52,19376800.0,12814900.0,6561900.0
cnt001304,po000777,ncc041,01/05/2025,2025-06-15 18:57:33,34989000.0,34989000.0,0.0
cnt001305,po001178,ncc015,02/05/2025,2025-06-16 20:23:30,33620400.0,30254900.0,3365500.0
cnt001306,po002075,NCC016,01/05/2025,2025-06-15 04:05:52,291379200.0,242741400.0,48637800.0
CNT001307,po002739,NCC006,02/05/2025,2025-06-16 16:52:11,97255200.0,76515500.0,20739700.0
cnt001308,PO000489,ncc014,05/05/2025,2025-06-19 17:19:57,27816800.0,27816800.0,0.0
cnt001309,PO001848,ncc031,02/05/2025,2025-06-16 21:38:28,136363700.0,136363700.0,0.0
cnt001310,po000599,NCC026,03/05/2025,2025-06-17 03:02:59,23859000.0,23859000.0,0.0
cnt001311,po003309,ncc023,02/05/2025,2025-06-16 18:39:57,10150000.0,4293200.0,5856800.0
cnt001312,po000025,NCC027,04/05/2025,2025-06-18 00:03:28,18374400.0,10617500.0,7756900.0
cnt001313,po000953,NCC029,07/05/2025,2025-06-21 03:06:48,3248000.0,3248000.0,0.0
cnt001314,po000181,ncc011,04/05/2025,2025-06-18 07:04:55,129181200.0,129181200.0,0.0
cnt001315,po002450,ncc045,04/05/2025,2025-06-18 08:19:23,145276800.0,84232400.0,61044400.0
CNT001316,po003280,NCC037,06/05/2025,2025-06-20 09:06:16,140669000.0,140669000.0,0.0
cnt001317,PO002366,NCC045,06/05/2025,2025-06-20 19:08:01,31278400.0,31278400.0,0.0
CNT001318,PO001766,ncc028,08/05/2025,2025-06-22 21:18:22,384397200.0,384397200.0,0.0
cnt001319,po002163,ncc004,2025-05-05,2025-06-19 21:53:45,73273200.0,73273200.0,0.0
cnt001320,po002245,ncc015,07/05/2025,2025-06-21 01:02:14,5062900.0,5062900.0,0.0
cnt001321,po002415,ncc015,05/05/2025,2025-06-19 09:31:30,80862600.0,80862600.0,0.0
cnt001322,po001388,NCC011,07/05/2025,2025-06-21 12:56:16,738629500.0,500025700.0,238603800.0
cnt001323,po003113,ncc024,07/05/2025,2025-06-21 18:44:58,129064200.0,21013900.0,108050300.0
cnt001324,PO000530,ncc026,07/05/2025,2025-06-21 19:46:08,10787000.0,10787000.0,0.0
cnt001325,po002698,ncc018,10/05/2025,2025-06-24 05:57:59,95564700.0,95564700.0,0.0
cnt001326,PO003259,ncc044,09/05/2025,2025-06-23 06:45:52,128582400.0,128582400.0,0.0
cnt001327,po001364,ncc025,10/05/2025,2025-06-24 11:15:43,69984000.0,69984000.0,0.0
cnt001328,po001338,NCC026,10/05/2025,2025-06-24 13:25:41,9363600.0,6085100.0,3278500.0
cnt001329,po001101,NCC029,06/05/2025,2025-06-20 13:30:14,37000000.0,37000000.0,0.0
cnt001330,po003206,ncc006,08/05/2025,2025-06-22 21:23:26,22052700.0,22052700.0,0.0
cnt001331,po001808,NCC036,09/05/2025,2025-06-23 05:04:57,4302800.0,1801700.0,2501100.0
cnt001332,po002452,ncc041,10/05/2025,2025-06-24 05:13:55,24568000.0,19623500.0,4944500.0
cnt001333,po001854,ncc021,10/05/2025,2025-06-24 09:35:19,23622000.0,23622000.0,0.0
cnt001334,po002837,ncc004,07/05/2025,2025-06-21 15:27:02,92723400.0,92723400.0,0.0
CNT001335,PO001890,ncc036,08/05/2025,2025-06-22 19:13:39,58370200.0,58370200.0,0.0
cnt001336,PO003379,ncc013,10/05/2025,2025-06-24 20:58:17,19399200.0,19399200.0,0.0
CNT001337,PO002880,ncc036,07/05/2025,2025-06-21 23:02:25,389732400.0,389732400.0,0.0
CNT001338,PO000870,ncc022,11/05/2025,2025-06-25 00:23:58,13183800.0,8472200.0,4711600.0
cnt001339,PO002784,ncc029,09/05/2025,2025-06-23 04:24:04,101277000.0,101277000.0,0.0
cnt001340,PO001066,ncc026,11/05/2025,2025-06-25 22:07:08,80766400.0,58883200.0,21883200.0
cnt001341,po000418,NCC014,11/05/2025,2025-06-25 23:51:59,9137400.0,8190000.0,947400.0
cnt001342,po001567,ncc014,09/05/2025,2025-06-23 01:42:28,103293300.0,103293300.0,0.0
cnt001343,PO003067,ncc014,10/05/2025,2025-06-24 11:13:00,8171900.0,8171900.0,0.0
cnt001344,PO000758,ncc028,13/05/2025,2025-06-27 11:14:23,10641300.0,10445900.0,195400.0
cnt001345,PO003256,ncc016,13/05/2025,2025-06-27 17:27:44,25129200.0,25129200.0,0.0
cnt001346,po000248,ncc034,14/05/2025,2025-06-28 22:42:03,217034100.0,217034100.0,0.0
CNT001347,PO000002,ncc034,15/05/2025,2025-06-29 03:45:46,127030800.0,127030800.0,0.0
cnt001348,po002486,ncc036,12/05/2025,2025-06-26 11:41:57,17384900.0,14521400.0,2863500.0
CNT001349,PO002005,ncc018,13/05/2025,2025-06-27 06:59:48,50350500.0,50350500.0,0.0
cnt001350,po003100,NCC002,14/05/2025,2025-06-28 08:03:20,37805600.0,37805600.0,0.0
cnt001351,po000653,ncc012,12/05/2025,2025-06-26 15:52:56,54590400.0,25131800.0,29458600.0
cnt001352,PO000699,ncc002,12/05/2025,2025-06-26 18:13:10,26751200.0,17362400.0,9388800.0
cnt001353,po003428,NCC030,14/05/2025,2025-06-28 23:29:11,17400000.0,11104800.0,6295200.0
cnt001354,po000955,ncc039,15/05/2025,2025-06-29 01:56:20,203708000.0,178380200.0,25327800.0
cnt001355,po000231,ncc008,15/05/2025,2025-06-29 09:04:08,429900800.0,429900800.0,0.0
CNT001356,po001500,ncc040,14/05/2025,2025-06-28 12:18:23,112940100.0,12996800.0,99943300.0
cnt001357,po001803,NCC902,16/05/2025,2025-06-30 18:23:54,521958500.0,521958500.0,0.0
cnt001358,po001862,ncc028,16/05/2025,2025-06-30 20:23:34,41387600.0,15325600.0,26062000.0
cnt001359,PO002782,ncc041,17/05/2025,2025-07-01 11:19:46,43289600.0,43289600.0,0.0
cnt001360,po002658,NCC045,17/05/2025,2025-07-01 13:20:15,28297600.0,6623000.0,21674600.0
cnt001361,po003073,NCC042,16/05/2025,2025-06-30 21:23:02,126650400.0,77305400.0,49345000.0
cnt001362,PO002194,ncc042,05/20/2025,2025-07-04 04:32:44,358324800.0,273490600.0,84834200.0
CNT001363,PO002029,ncc025,16/05/2025,2025-06-30 10:24:13,565249500.0,54777000.0,510472500.0
CNT001364,PO000223,ncc001,16/05/2025,2025-06-30 14:54:18,2180100.0,385400.0,1794700.0
cnt001365,PO002535,ncc033,19/05/2025,2025-07-03 20:14:14,19285000.0,19285000.0,0.0
cnt001366,po002690,ncc008,18/05/2025,2025-07-02 20:17:51,398320000.0,398320000.0,0.0
cnt001367,po000242,ncc012,18/05/2025,2025-07-02 10:03:11,54834000.0,43970000.0,10864000.0
cnt001368,po000813,ncc042,19/05/2025,2025-07-03 10:53:37,232062400.0,66376000.0,165686400.0
cnt001369,po002185,NCC021,17/05/2025,2025-07-01 12:54:43,80199600.0,80199600.0,0.0
cnt001370,PO000054,ncc008,21/05/2025,2025-07-05 15:58:10,60687100.0,60687100.0,0.0
cnt001371,po000284,ncc008,20/05/2025,2025-07-04 16:56:32,39877200.0,31232800.0,8644400.0
cnt001372,po003005,ncc016,21/05/2025,2025-07-05 19:33:34,150482200.0,150482200.0,0.0
CNT001373,po000431,ncc026,22/05/2025,2025-07-06 05:59:16,32848500.0,27312900.0,5535600.0
cnt001374,PO001742,ncc005,19/05/2025,2025-07-03 16:29:29,55281600.0,55281600.0,0.0
cnt001375,PO001000,ncc032,22/05/2025,2025-07-06 17:30:13,13520000.0,9722500.0,3797500.0
cnt001376,po000639,NCC022,22/05/2025,2025-07-06 18:44:11,6270000.0,758300.0,5511700.0
cnt001377,PO001967,NCC901,19/05/2025,2025-07-03 20:14:46,34457500.0,34457500.0,0.0
cnt001378,PO001510,ncc006,20/05/2025,2025-07-04 20:52:46,462603700.0,462603700.0,0.0
cnt001379,po000982,ncc039,18/05/2025,2025-07-02 23:22:50,430069500.0,319375300.0,110694200.0
cnt001380,po002421,ncc001,20/05/2025,2025-07-04 05:15:45,426217500.0,426217500.0,0.0
cnt001381,PO002543,ncc001,19/05/2025,2025-07-03 07:36:36,63126000.0,41190100.0,21935900.0
cnt001382,PO002052,ncc044,23/05/2025,2025-07-07 08:16:01,1827000.0,1827000.0,0.0
cnt001383,po000959,ncc034,19/05/2025,2025-07-03 10:06:33,61671000.0,47196300.0,14474700.0
cnt001384,po003344,ncc028,21/05/2025,2025-07-05 11:39:53,40415600.0,11528200.0,28887400.0
cnt001385,PO001976,ncc043,19/05/2025,2025-07-03 15:29:24,49165500.0,49165500.0,0.0
cnt001386,po000946,ncc032,19/05/2025,2025-07-03 17:17:53,19613800.0,3651300.0,15962500.0
cnt001387,po001525,ncc028,21/05/2025,2025-07-05 02:30:33,33368000.0,33368000.0,0.0
CNT001388,po002106,ncc015,23/05/2025,2025-07-07 05:57:02,88423500.0,87174600.0,1248900.0
cnt001389,PO002826,ncc042,20/05/2025,2025-07-04 13:36:36,37407000.0,37407000.0,0.0
cnt001390,po000395,NCC005,22/05/2025,2025-07-06 16:06:53,8140300.0,8140300.0,0.0
cnt001391,po002135,ncc029,25/05/2025,2025-07-09 01:17:56,325840500.0,290681300.0,35159200.0
cnt001392,po002466,ncc026,22/05/2025,2025-07-06 09:28:47,36016200.0,36016200.0,0.0
cnt001393,po000468,NCC039,2025-05-25,2025-07-09 11:39:38,70195000.0,70195000.0,0.0
cnt001394,po002627,ncc029,24/05/2025,2025-07-08 00:30:31,8947200.0,8947200.0,0.0
cnt001395,po003087,ncc020,24/05/2025,2025-07-08 07:26:17,672613200.0,599242200.0,73371000.0
cnt001396,PO001002,ncc020,24/05/2025,2025-07-08 09:41:11,119765800.0,119765800.0,0.0
cnt001397,po001895,ncc007,25/05/2025,2025-07-09 11:44:10,20440400.0,20440400.0,0.0
CNT001398,PO001339,NCC005,26/05/2025,2025-07-10 22:51:12,40440000.0,25033200.0,15406800.0
CNT001399,po000322,NCC017,23/05/2025,2025-07-07 23:16:18,35158800.0,35158800.0,0.0
cnt001400,PO000200,ncc006,26/05/2025,2025-07-10 01:04:36,589831000.0,589831000.0,0.0
cnt001401,po002071,ncc037,26/05/2025,2025-07-10 01:28:15,12163800.0,7718400.0,4445400.0
cnt001402,po001269,ncc022,24/05/2025,2025-07-08 01:37:25,44517600.0,27633600.0,16884000.0
cnt001403,po001770,NCC020,26/05/2025,2025-07-10 03:24:48,62728900.0,62728900.0,0.0
cnt001404,po001984,ncc032,24/05/2025,2025-07-08 08:42:20,84936600.0,66766200.0,18170400.0
cnt001405,po003003,ncc044,23/05/2025,2025-07-07 14:13:05,92730000.0,92730000.0,0.0
cnt001406,po002205,ncc022,23/05/2025,2025-07-07 16:39:02,107245000.0,94725300.0,12519700.0
cnt001407,PO001013,ncc030,26/05/2025,2025-07-10 04:46:13,26676000.0,26676000.0,0.0
cnt001408,PO000285,ncc044,27/05/2025,2025-07-11 05:40:26,25547600.0,25547600.0,0.0
cnt001409,PO001524,ncc033,25/05/2025,2025-07-09 18:05:53,574976100.0,574976100.0,0.0
cnt001410,PO003478,ncc043,27/05/2025,2025-07-11 18:22:44,15642000.0,7247900.0,8394100.0
CNT001411,po001670,NCC906,26/05/2025,2025-07-10 09:49:45,19915500.0,19915500.0,0.0
cnt001412,PO002962,ncc021,26/05/2025,2025-07-10 14:47:42,53863500.0,5239900.0,48623600.0
cnt001413,po001530,ncc002,25/05/2025,2025-07-09 16:39:21,28087800.0,5484600.0,22603200.0
cnt001414,po002876,ncc029,26/05/2025,2025-07-10 19:45:18,96509600.0,4075700.0,92433900.0
cnt001415,po000900,ncc003,29/05/2025,2025-07-13 07:01:52,11296000.0,11296000.0,0.0
cnt001416,po002611,NCC037,29/05/2025,2025-07-13 07:13:10,3085500.0,2660500.0,425000.0
cnt001417,PO000227,ncc012,29/05/2025,2025-07-13 09:37:46,205440300.0,205440300.0,0.0
cnt001418,PO001608,NCC019,2025-05-27,2025-07-11 12:11:38,293416200.0,293416200.0,0.0
cnt001419,po002655,ncc020,27/05/2025,2025-07-11 13:34:07,25222500.0,25222500.0,0.0
cnt001420,po000782,ncc033,28/05/2025,2025-07-12 13:43:53,15942400.0,15942400.0,0.0
cnt001421,po002340,NCC900,27/05/2025,2025-07-11 16:36:57,48262500.0,39587000.0,8675500.0
cnt001422,PO001966,ncc037,31/05/2025,2025-07-15 05:28:32,11906400.0,900700.0,11005700.0
cnt001423,po002442,ncc037,29/05/2025,2025-07-13 21:41:43,2296000.0,2296000.0,0.0
CNT001424,po000056,ncc040,31/05/2025,2025-07-15 02:06:23,196684800.0,196684800.0,0.0
cnt001425,po000830,NCC011,29/05/2025,2025-07-13 06:34:37,816689200.0,60960500.0,755728700.0
cnt001426,po003490,ncc023,29/05/2025,2025-07-13 08:24:44,15084300.0,15084300.0,0.0
cnt001427,PO002622,ncc027,29/05/2025,2025-07-13 16:11:46,81270200.0,28234500.0,53035700.0
cnt001428,po001161,ncc013,31/05/2025,2025-07-15 17:34:40,14840400.0,2811500.0,12028900.0
cnt001429,PO003290,NCC027,29/05/2025,2025-07-13 00:38:50,38940000.0,38940000.0,0.0
cnt001430,po001556,ncc018,01/06/2025,2025-07-16 01:13:32,121983400.0,93819900.0,28163500.0
CNT001431,po002901,ncc035,29/05/2025,2025-07-13 05:04:37,3660300.0,2446300.0,1214000.0
cnt001432,po003489,NCC044,29/05/2025,2025-07-13 17:17:55,458487500.0,307450800.0,151036700.0
cnt001433,po002022,ncc008,03/06/2025,2025-07-18 03:44:07,141925800.0,141925800.0,0.0
cnt001434,po003386,ncc002,01/06/2025,2025-07-16 11:19:35,33779200.0,31164700.0,2614500.0
CNT001435,po001019,ncc033,30/05/2025,2025-07-14 14:43:24,54444300.0,54444300.0,0.0
cnt001436,po001127,ncc035,02/06/2025,2025-07-17 19:12:39,27738000.0,26532300.0,1205700.0
cnt001437,po002168,ncc045,01/06/2025,2025-07-16 03:40:12,34958000.0,31246100.0,3711900.0
cnt001438,PO003275,ncc042,31/05/2025,2025-07-15 05:03:42,180895000.0,180895000.0,0.0
CNT001439,po003390,NCC028,01/06/2025,2025-07-16 06:16:55,11470700.0,7327900.0,4142800.0
CNT001440,po000823,NCC013,03/06/2025,2025-07-18 12:58:33,74082600.0,74082600.0,0.0
cnt001441,PO001802,ncc011,01/06/2025,2025-07-16 21:19:16,75918600.0,75918600.0,0.0
cnt001442,PO000854,NCC041,03/06/2025,2025-07-18 03:36:26,12751200.0,12751200.0,0.0
cnt001443,PO002791,ncc026,05/06/2025,2025-07-20 08:56:51,2840800.0,2840800.0,0.0
cnt001444,po001385,ncc004,03/06/2025,2025-07-18 11:21:56,2769500.0,2769500.0,0.0
cnt001445,PO001644,ncc028,06/03/2025,2025-07-18 18:23:30,32592600.0,32592600.0,0.0
cnt001446,PO002733,ncc037,02/06/2025,2025-07-17 05:08:33,74225700.0,74225700.0,0.0
cnt001447,po000351,ncc005,02/06/2025,2025-07-17 11:24:55,10202700.0,10202700.0,0.0
cnt001448,po000765,ncc007,06/06/2025,2025-07-21 18:56:58,27781600.0,27781600.0,0.0
cnt001449,PO002304,NCC034,05/06/2025,2025-07-20 19:04:35,149877000.0,149877000.0,0.0
cnt001450,po001475,ncc013,06/06/2025,2025-07-21 02:38:15,23731200.0,22935700.0,795500.0
cnt001451,po002072,NCC907,07/06/2025,2025-07-22 05:54:19,55257000.0,55257000.0,0.0
cnt001452,po000638,ncc005,05/06/2025,2025-07-20 15:38:52,51219000.0,24694300.0,26524700.0
cnt001453,po002027,ncc045,03/06/2025,2025-07-18 23:27:03,87387300.0,87387300.0,0.0
CNT001454,PO000554,ncc027,04/06/2025,2025-07-19 00:20:13,16975000.0,15817300.0,1157700.0
cnt001455,PO000977,ncc030,08/06/2025,2025-07-23 01:15:33,512825000.0,188482200.0,324342800.0
cnt001456,po002912,ncc028,06/06/2025,2025-07-21 21:15:32,16508700.0,16508700.0,0.0
cnt001457,PO000637,ncc037,09/06/2025,2025-07-24 03:35:52,34047000.0,34047000.0,0.0
cnt001458,po000358,NCC022,07/06/2025,2025-07-22 11:29:36,126700200.0,109578300.0,17121900.0
cnt001459,po000097,ncc011,09/06/2025,2025-07-24 13:18:45,5018300.0,5018300.0,0.0
cnt001460,PO000296,ncc034,08/06/2025,2025-07-23 17:11:34,90501000.0,90501000.0,0.0
cnt001461,po002809,NCC015,09/06/2025,2025-07-24 20:10:21,6842500.0,3355100.0,3487400.0
cnt001462,po003195,ncc040,09/06/2025,2025-07-24 01:38:16,37209600.0,31765700.0,5443900.0
cnt001463,po001406,ncc005,08/06/2025,2025-07-23 03:49:29,85748000.0,85748000.0,0.0
cnt001464,po002145,NCC022,10/06/2025,2025-07-25 08:25:01,85347000.0,39630000.0,45717000.0
cnt001465,po001411,NCC044,07/06/2025,2025-07-22 11:26:53,350840000.0,143216300.0,207623700.0
CNT001466,PO003092,ncc033,08/06/2025,2025-07-23 11:54:51,34456000.0,34456000.0,0.0
cnt001467,po000960,ncc037,09/06/2025,2025-07-24 17:11:03,57630600.0,57630600.0,0.0
cnt001468,PO000904,ncc014,09/06/2025,2025-07-24 17:18:17,9158400.0,7332100.0,1826300.0
cnt001469,po003448,ncc005,10/06/2025,2025-07-25 21:41:28,69090000.0,69090000.0,0.0
cnt001470,po002487,ncc028,08/06/2025,2025-07-23 00:15:39,78298900.0,59176000.0,19122900.0
cnt001471,po000430,ncc017,08/06/2025,2025-07-23 02:01:42,237395800.0,237395800.0,0.0
cnt001472,po002731,ncc008,09/06/2025,2025-07-24 06:48:42,153208800.0,153208800.0,0.0
cnt001473,po001378,NCC903,10/06/2025,2025-07-25 08:14:55,30105600.0,30105600.0,0.0
cnt001474,po000779,ncc037,10/06/2025,2025-07-25 08:35:10,22932900.0,3770300.0,19162600.0
CNT001475,po000750,ncc013,11/06/2025,2025-07-26 09:41:46,80032000.0,47764300.0,32267700.0
cnt001476,po003177,ncc039,10/06/2025,2025-07-25 10:15:58,17992800.0,17755600.0,237200.0
cnt001477,po003380,ncc011,11/06/2025,2025-07-26 12:24:54,36453200.0,32199800.0,4253400.0
CNT001478,po001972,ncc002,12/06/2025,2025-07-27 17:06:24,111826000.0,111826000.0,0.0
cnt001479,po001781,NCC010,09/06/2025,2025-07-24 18:17:00,77498800.0,75924400.0,1574400.0
cnt001480,po001913,ncc031,11/06/2025,2025-07-26 18:31:46,2032800.0,2032800.0,0.0
cnt001481,PO000090,ncc013,11/06/2025,2025-07-26 20:21:01,113785100.0,96417500.0,17367600.0
cnt001482,PO000635,ncc002,12/06/2025,2025-07-27 20:32:53,8999500.0,4272600.0,4726900.0
cnt001483,PO000940,NCC012,10/06/2025,2025-07-25 10:23:00,164461700.0,164461700.0,0.0
cnt001484,po000135,ncc040,10/06/2025,2025-07-25 12:29:20,12846400.0,8852300.0,3994100.0
CNT001485,po002154,ncc013,11/06/2025,2025-07-26 13:31:57,21811500.0,19214500.0,2597000.0
cnt001486,po002401,NCC045,10/06/2025,2025-07-25 16:41:24,105734200.0,105734200.0,0.0
cnt001487,PO000742,NCC030,14/06/2025,2025-07-29 03:25:35,7929600.0,4914100.0,3015500.0
cnt001488,po002434,NCC036,11/06/2025,2025-07-26 07:10:09,15451200.0,10874700.0,4576500.0
cnt001489,po001126,ncc037,15/06/2025,2025-07-30 10:47:26,106258800.0,47246800.0,59012000.0
CNT001490,po000086,NCC007,13/06/2025,2025-07-28 11:10:15,47613000.0,47613000.0,0.0
cnt001491,po002283,ncc002,12/06/2025,2025-07-27 13:46:18,91263600.0,91263600.0,0.0
cnt001492,PO003376,NCC020,12/06/2025,2025-07-27 15:33:07,4026100.0,123800.0,3902300.0
cnt001493,po003134,ncc031,15/06/2025,2025-07-30 15:34:44,2864700.0,2487200.0,377500.0
cnt001494,po002137,ncc008,11/06/2025,2025-07-26 19:40:56,61774000.0,41200700.0,20573300.0
cnt001495,po002879,ncc045,12/06/2025,2025-07-27 00:46:09,96170400.0,96170400.0,0.0
cnt001496,po000560,ncc022,12/06/2025,2025-07-27 06:51:21,23385600.0,23385600.0,0.0
cnt001497,po000334,ncc008,12/06/2025,2025-07-27 09:09:12,7774800.0,511600.0,7263200.0
cnt001498,po002716,ncc029,14/06/2025,2025-07-29 09:45:41,24237300.0,24237300.0,0.0
cnt001499,PO000701,ncc013,16/06/2025,2025-07-31 04:35:15,21554300.0,1611700.0,19942600.0
cnt001500,po001886,ncc026,17/06/2025,2025-08-01 07:16:35,144601600.0,144601600.0,0.0
cnt001501,PO002760,ncc034,15/06/2025,2025-07-30 09:40:25,300170500.0,300170500.0,0.0
cnt001502,PO002050,ncc009,17/06/2025,2025-08-01 11:13:50,76857700.0,76857700.0,0.0
cnt001503,po001810,ncc025,17/06/2025,2025-08-01 13:08:00,13125200.0,13125200.0,0.0
cnt001504,PO003021,ncc035,16/06/2025,2025-07-31 19:18:41,41908300.0,19901600.0,22006700.0
CNT001505,po001811,ncc022,14/06/2025,2025-07-29 21:13:03,84087200.0,5380600.0,78706600.0
cnt001506,po001982,ncc040,15/06/2025,2025-07-30 05:37:50,6786000.0,6786000.0,0.0
cnt001507,po001333,ncc013,14/06/2025,2025-07-29 22:59:21,106631600.0,106631600.0,0.0
cnt001508,po001365,ncc013,15/06/2025,2025-07-30 22:59:50,513350700.0,486991600.0,26359100.0
cnt001509,PO001182,NCC003,2025-06-17,2025-08-01 01:28:00,193285800.0,157658000.0,35627800.0
CNT001510,po000403,ncc023,18/06/2025,2025-08-02 02:49:38,80535000.0,80535000.0,0.0
CNT001511,po002533,ncc028,19/06/2025,2025-08-03 03:12:14,5580800.0,5580800.0,0.0
cnt001512,po000279,ncc005,16/06/2025,2025-07-31 12:37:51,38278800.0,38278800.0,0.0
cnt001513,po002392,ncc009,16/06/2025,2025-07-31 13:01:44,926900.0,752000.0,174900.0
cnt001514,PO003231,ncc019,16/06/2025,2025-07-31 14:26:56,65472000.0,65472000.0,0.0
CNT001515,po002835,ncc021,18/06/2025,2025-08-02 15:19:50,26902800.0,11023100.0,15879700.0
cnt001516,po001643,ncc009,15/06/2025,2025-07-30 17:33:13,44580900.0,44580900.0,0.0
cnt001517,po002422,ncc035,17/06/2025,2025-08-01 20:29:11,10048700.0,7982100.0,2066600.0
cnt001518,po001323,NCC029,19/06/2025,2025-08-03 05:06:49,62750200.0,62750200.0,0.0
cnt001519,PO003473,ncc034,17/06/2025,2025-08-01 20:01:44,106134000.0,106134000.0,0.0
cnt001520,po003305,ncc024,17/06/2025,2025-08-01 23:05:41,10817400.0,9397400.0,1420000.0
cnt001521,po001874,NCC002,21/06/2025,2025-08-05 00:55:13,151041600.0,102387200.0,48654400.0
cnt001522,po000781,ncc013,21/06/2025,2025-08-05 03:53:33,48341400.0,48341400.0,0.0
cnt001523,po000314,ncc041,20/06/2025,2025-08-04 04:17:29,142048800.0,24819900.0,117228900.0
cnt001524,PO001300,ncc024,21/06/2025,2025-08-05 09:36:31,11787600.0,9315800.0,2471800.0
cnt001525,po000714,ncc034,18/06/2025,2025-08-02 11:01:41,49813200.0,49813200.0,0.0
cnt001526,PO002070,ncc045,21/06/2025,2025-08-05 17:47:22,243225600.0,149550000.0,93675600.0
cnt001527,po003331,ncc030,18/06/2025,2025-08-02 19:03:19,98640900.0,90511800.0,8129100.0
cnt001528,po002678,ncc027,20/06/2025,2025-08-04 19:25:42,14113400.0,10619500.0,3493900.0
cnt001529,PO000802,ncc028,20/06/2025,2025-08-04 01:03:15,16470600.0,2461400.0,14009200.0
cnt001530,po002445,NCC006,21/06/2025,2025-08-05 02:03:57,64638000.0,51830600.0,12807400.0
CNT001531,po001846,NCC002,21/06/2025,2025-08-05 08:09:47,30729600.0,30729600.0,0.0
CNT001532,po002530,ncc017,22/06/2025,2025-08-06 08:15:34,106381600.0,70703300.0,35678300.0
cnt001533,PO002045,ncc016,18/06/2025,2025-08-02 09:41:01,69091000.0,60617300.0,8473700.0
cnt001534,po001619,ncc007,18/06/2025,2025-08-02 10:13:47,11832000.0,10067000.0,1765000.0
CNT001535,po002994,ncc035,21/06/2025,2025-08-05 10:29:11,85113200.0,85113200.0,0.0
cnt001536,PO001144,NCC016,22/06/2025,2025-08-06 18:30:04,2209800.0,946800.0,1263000.0
cnt001537,po003049,ncc001,22/06/2025,2025-08-06 18:56:53,22317800.0,22317800.0,0.0
cnt001538,po002629,ncc042,20/06/2025,2025-08-04 19:46:22,41714400.0,39750600.0,1963800.0
cnt001539,po001511,NCC042,20/06/2025,2025-08-04 23:24:55,14516800.0,14516800.0,0.0
cnt001540,po003257,ncc024,20/06/2025,2025-08-04 08:33:56,173343600.0,121216700.0,52126900.0
cnt001541,po001410,ncc036,20/06/2025,2025-08-04 10:03:42,109710000.0,109710000.0,0.0
cnt001542,po003355,ncc036,20/06/2025,2025-08-04 16:23:15,165763200.0,75502100.0,90261100.0
cnt001543,PO001610,ncc035,23/06/2025,2025-08-07 18:44:14,1728000.0,1728000.0,0.0
cnt001544,po003084,ncc022,21/06/2025,2025-08-05 04:33:19,103776000.0,90387600.0,13388400.0
cnt001545,po003310,NCC016,23/06/2025,2025-08-07 05:23:56,32281600.0,32281600.0,0.0
cnt001546,po000741,ncc040,23/06/2025,2025-08-07 00:06:49,68127300.0,64691000.0,3436300.0
cnt001547,PO000387,NCC003,21/06/2025,2025-08-05 05:39:14,66724700.0,66724700.0,0.0
CNT001548,po000386,ncc004,22/06/2025,2025-08-06 10:03:26,16108800.0,16108800.0,0.0
cnt001549,PO001671,ncc012,24/06/2025,2025-08-08 22:52:05,16641000.0,16641000.0,0.0
CNT001550,po003263,ncc012,26/06/2025,2025-08-10 12:28:33,327107400.0,8887400.0,318220000.0
CNT001551,PO000952,ncc040,23/06/2025,2025-08-07 20:00:11,71517600.0,53977200.0,17540400.0
cnt001552,po001723,ncc003,22/06/2025,2025-08-06 20:54:29,7913700.0,7913700.0,0.0
cnt001553,po002182,ncc038,24/06/2025,2025-08-08 00:13:50,4116000.0,326200.0,3789800.0
cnt001554,PO000169,NCC034,27/06/2025,2025-08-11 10:30:55,34879800.0,13790700.0,21089100.0
cnt001555,PO001111,ncc018,24/06/2025,2025-08-08 11:03:56,11934000.0,11934000.0,0.0
cnt001556,po000075,ncc004,27/06/2025,2025-08-11 23:25:37,3888000.0,3028800.0,859200.0
cnt001557,PO000915,ncc029,26/06/2025,2025-08-10 00:55:07,108623200.0,108623200.0,0.0
cnt001558,po000026,ncc011,24/06/2025,2025-08-08 00:56:25,54304900.0,54304900.0,0.0
cnt001559,po003472,ncc004,28/06/2025,2025-08-12 04:03:54,16016000.0,12338000.0,3678000.0
cnt001560,po003205,ncc011,28/06/2025,2025-08-12 08:46:36,401230800.0,401230800.0,0.0
cnt001561,po002575,ncc034,27/06/2025,2025-08-11 09:12:08,4161500.0,4161500.0,0.0
cnt001562,po001706,ncc028,28/06/2025,2025-08-12 09:53:50,218453700.0,204407200.0,14046500.0
cnt001563,PO001832,ncc011,27/06/2025,2025-08-11 14:32:03,42822000.0,2891200.0,39930800.0
cnt001564,po001722,ncc021,27/06/2025,2025-08-11 21:39:18,353385200.0,353385200.0,0.0
cnt001565,po000068,ncc019,29/06/2025,2025-08-13 00:24:09,18832500.0,18832500.0,0.0
cnt001566,po002928,NCC040,27/06/2025,2025-08-11 00:31:09,2535900.0,1695800.0,840100.0
cnt001567,PO002819,ncc013,26/06/2025,2025-08-10 07:05:53,111555000.0,64285900.0,47269100.0
cnt001568,po001753,ncc004,28/06/2025,2025-08-12 08:31:03,5846400.0,776900.0,5069500.0
CNT001569,po001023,ncc015,29/06/2025,2025-08-13 08:45:55,55780400.0,55780400.0,0.0
cnt001570,po003451,ncc008,29/06/2025,2025-08-13 15:44:36,37094400.0,27183100.0,9911300.0
CNT001571,po001398,ncc035,29/06/2025,2025-08-13 20:57:14,2439600.0,2439600.0,0.0
cnt001572,po000832,ncc019,29/06/2025,2025-08-13 22:44:10,345907300.0,123008800.0,222898500.0
cnt001573,PO000641,ncc026,26/06/2025,2025-08-10 04:23:29,50123700.0,50123700.0,0.0
cnt001574,po003008,ncc038,26/06/2025,2025-08-10 09:39:17,45066000.0,13288300.0,31777700.0
cnt001575,po002618,ncc036,29/06/2025,2025-08-13 12:59:07,32961300.0,32961300.0,0.0
CNT001576,po003045,ncc007,29/06/2025,2025-08-13 15:35:36,152553300.0,85620700.0,66932600.0
cnt001577,po000970,ncc023,29/06/2025,2025-08-13 00:04:08,5256000.0,5256000.0,0.0
cnt001578,po002015,ncc031,27/06/2025,2025-08-11 04:07:01,59705100.0,46288700.0,13416400.0
cnt001579,po003128,ncc041,27/06/2025,2025-08-11 04:36:30,63201600.0,51368600.0,11833000.0
cnt001580,po003004,ncc034,29/06/2025,2025-08-13 04:38:39,3964800.0,3964800.0,0.0
cnt001581,po002054,ncc014,29/06/2025,2025-08-13 06:59:05,88504000.0,88504000.0,0.0
cnt001582,PO003117,ncc007,28/06/2025,2025-08-12 10:00:00,44620500.0,44620500.0,0.0
cnt001583,po003243,ncc017,30/06/2025,2025-08-14 15:33:36,297265600.0,297265600.0,0.0
CNT001584,po003292,NCC028,30/06/2025,2025-08-14 02:09:25,31149900.0,31149900.0,0.0
cnt001585,PO002552,ncc027,28/06/2025,2025-08-12 03:08:56,190152600.0,190152600.0,0.0
cnt001586,po002836,ncc037,28/06/2025,2025-08-12 03:38:38,433552000.0,283057500.0,150494500.0
cnt001587,po002021,ncc021,30/06/2025,2025-08-14 10:38:14,9613500.0,4058600.0,5554900.0
cnt001588,po002744,ncc019,02/07/2025,2025-08-16 11:21:29,62062200.0,62062200.0,0.0
cnt001589,po000306,NCC026,02/07/2025,2025-08-16 13:47:03,43379400.0,43379400.0,0.0
cnt001590,PO002088,ncc042,28/06/2025,2025-08-12 14:28:53,20384000.0,11312700.0,9071300.0
cnt001591,po003214,ncc030,02/07/2025,2025-08-16 15:32:36,132797700.0,132797700.0,0.0
CNT001592,po003485,NCC012,02/07/2025,2025-08-16 17:55:04,73030900.0,73030900.0,0.0
cnt001593,po000426,ncc002,01/07/2025,2025-08-15 23:46:09,32226900.0,32226900.0,0.0
cnt001594,po003101,ncc041,29/06/2025,2025-08-13 03:32:07,352740500.0,352740500.0,0.0
cnt001595,PO002084,ncc009,29/06/2025,2025-08-13 03:49:19,72465600.0,72465600.0,0.0
cnt001596,po003165,ncc017,30/06/2025,2025-08-14 05:43:20,104978800.0,68558000.0,36420800.0
cnt001597,po000257,ncc005,02/07/2025,2025-08-16 08:45:07,44138000.0,44138000.0,0.0
cnt001598,po003221,ncc013,29/06/2025,2025-08-13 09:03:25,10047100.0,1567200.0,8479900.0
cnt001599,po001852,NCC011,01/07/2025,2025-08-15 23:14:11,30145500.0,6768000.0,23377500.0
CNT001600,PO000259,ncc010,02/07/2025,2025-08-16 04:29:03,19958400.0,19192400.0,766000.0
cnt001601,po003126,ncc032,02/07/2025,2025-08-16 06:57:07,86671000.0,86671000.0,0.0
cnt001602,po001943,ncc043,01/07/2025,2025-08-15 15:53:51,213696000.0,213696000.0,0.0
cnt001603,PO001938,ncc027,03/07/2025,2025-08-17 23:00:00,9268400.0,9268400.0,0.0
cnt001604,po001693,ncc043,02/07/2025,2025-08-16 01:28:07,90061000.0,90061000.0,0.0
CNT001605,po000490,ncc016,02/07/2025,2025-08-16 02:53:45,31393700.0,12376900.0,19016800.0
cnt001606,po001676,NCC014,05/07/2025,2025-08-19 08:10:56,63636300.0,63636300.0,0.0
cnt001607,po001321,ncc029,05/07/2025,2025-08-19 09:03:13,38205800.0,24169000.0,14036800.0
cnt001608,po001063,ncc025,01/07/2025,2025-08-15 13:34:56,14612700.0,14536700.0,76000.0
cnt001609,po000133,ncc026,03/07/2025,2025-08-17 15:09:44,158694200.0,122805500.0,35888700.0
cnt001610,po003319,ncc023,03/07/2025,2025-08-17 09:11:38,23191300.0,23191300.0,0.0
cnt001611,PO003132,ncc039,06/07/2025,2025-08-20 20:06:32,12974400.0,10469500.0,2504900.0
cnt001612,po002650,ncc040,03/07/2025,2025-08-17 23:02:34,23622800.0,3688700.0,19934100.0
cnt001613,po000790,NCC034,07/07/2025,2025-08-21 13:24:22,7182000.0,7182000.0,0.0
cnt001614,po002657,ncc026,05/07/2025,2025-08-19 19:27:30,17168000.0,17168000.0,0.0
cnt001615,po000070,ncc027,05/07/2025,2025-08-19 20:53:14,408095200.0,408095200.0,0.0
cnt001616,PO000826,NCC030,05/07/2025,2025-08-19 02:55:16,29410000.0,29410000.0,0.0
cnt001617,po001650,ncc027,07/07/2025,2025-08-21 05:21:14,76734000.0,76734000.0,0.0
cnt001618,PO001273,ncc031,09/07/2025,2025-08-23 10:58:00,30303000.0,30303000.0,0.0
cnt001619,po000801,ncc026,05/07/2025,2025-08-19 11:32:50,7502000.0,7502000.0,0.0
cnt001620,po002795,NCC043,07/07/2025,2025-08-21 12:52:46,43612800.0,15308600.0,28304200.0
cnt001621,po003443,NCC010,07/07/2025,2025-08-21 15:43:10,23783200.0,23783200.0,0.0
cnt001622,po002851,ncc005,09/07/2025,2025-08-23 04:08:19,392498400.0,159955400.0,232543000.0
cnt001623,po002646,ncc040,09/07/2025,2025-08-23 04:58:38,25131400.0,25131400.0,0.0
cnt001624,PO001649,NCC031,10/07/2025,2025-08-24 12:10:25,77355000.0,56962100.0,20392900.0
cnt001625,po003399,ncc011,08/07/2025,2025-08-22 14:15:51,88252800.0,88252800.0,0.0
cnt001626,po000304,ncc002,09/07/2025,2025-08-23 14:40:33,13810400.0,9891100.0,3919300.0
cnt001627,po001018,ncc044,07/07/2025,2025-08-21 15:14:12,13141800.0,13141800.0,0.0
cnt001628,PO000150,ncc033,08/07/2025,2025-08-22 16:57:22,14962800.0,14962800.0,0.0
cnt001629,po000794,ncc033,07/10/2025,2025-08-24 17:05:17,2980800.0,513300.0,2467500.0
cnt001630,po002572,ncc006,09/07/2025,2025-08-23 21:54:26,99275500.0,51553600.0,47721900.0
cnt001631,po003076,ncc029,10/07/2025,2025-08-24 00:21:13,27221700.0,27221700.0,0.0
cnt001632,po000113,ncc014,07/07/2025,2025-08-21 09:34:34,50296800.0,1714300.0,48582500.0
CNT001633,po002043,ncc010,07/07/2025,2025-08-21 12:33:05,110853600.0,110853600.0,0.0
CNT001634,po001025,ncc037,09/07/2025,2025-08-23 12:51:37,24079200.0,24079200.0,0.0
cnt001635,PO003135,ncc031,08/07/2025,2025-08-22 20:10:48,98826400.0,30993200.0,67833200.0
cnt001636,po000574,NCC041,08/07/2025,2025-08-22 01:36:31,23803200.0,23803200.0,0.0
cnt001637,po000513,ncc042,10/07/2025,2025-08-24 10:32:12,11662200.0,11662200.0,0.0
cnt001638,po000932,ncc011,12/07/2025,2025-08-26 08:47:37,12690900.0,12690900.0,0.0
cnt001639,po002829,ncc029,13/07/2025,2025-08-27 09:47:00,2554300.0,2554300.0,0.0
cnt001640,po001683,NCC004,13/07/2025,2025-08-27 11:18:23,20049900.0,20049900.0,0.0
cnt001641,po000937,ncc003,13/07/2025,2025-08-27 19:13:20,43431200.0,43431200.0,0.0
cnt001642,po000563,ncc015,13/07/2025,2025-08-27 22:36:35,12574900.0,6265200.0,6309700.0
cnt001643,po000469,ncc025,10/07/2025,2025-08-24 02:11:55,400124400.0,400124400.0,0.0
cnt001644,po000921,NCC026,14/07/2025,2025-08-28 04:13:51,55672500.0,55672500.0,0.0
CNT001645,po001120,ncc036,11/07/2025,2025-08-25 05:58:29,25750800.0,19540200.0,6210600.0
cnt001646,PO003383,ncc013,11/07/2025,2025-08-25 07:51:13,327970500.0,327970500.0,0.0
cnt001647,PO000983,NCC008,14/07/2025,2025-08-28 12:46:30,80492400.0,80492400.0,0.0
cnt001648,po002832,NCC043,11/07/2025,2025-08-25 14:38:33,58597200.0,2408600.0,56188600.0
cnt001649,po002059,ncc029,13/07/2025,2025-08-27 20:15:07,85585500.0,35460100.0,50125400.0
cnt001650,po000250,ncc034,14/07/2025,2025-08-28 22:15:46,17257500.0,17257500.0,0.0
cnt001651,po001993,ncc004,13/07/2025,2025-08-27 05:17:28,30859600.0,14295200.0,16564400.0
cnt001652,PO002510,ncc008,12/07/2025,2025-08-26 07:51:06,26142300.0,11759700.0,14382600.0
cnt001653,PO002691,ncc015,13/07/2025,2025-08-27 02:56:33,71520600.0,49402800.0,22117800.0
CNT001654,po000557,ncc032,13/07/2025,2025-08-27 17:40:19,128247000.0,128247000.0,0.0
cnt001655,po000188,ncc004,16/07/2025,2025-08-30 23:07:10,4007500.0,4007500.0,0.0
cnt001656,po001114,ncc006,16/07/2025,2025-08-30 02:47:56,30992500.0,30992500.0,0.0
cnt001657,po000297,NCC011,16/07/2025,2025-08-30 10:02:37,637605300.0,625533500.0,12071800.0
CNT001658,po003322,ncc038,14/07/2025,2025-08-28 16:52:52,17274900.0,11170100.0,6104800.0
cnt001659,po000616,NCC034,17/07/2025,2025-08-31 19:28:23,7924200.0,7719500.0,204700.0
cnt001660,po003498,ncc005,13/07/2025,2025-08-27 19:53:44,62100000.0,62100000.0,0.0
cnt001661,po001203,ncc031,15/07/2025,2025-08-29 02:53:16,14288100.0,14288100.0,0.0
cnt001662,po002869,ncc039,14/07/2025,2025-08-28 09:26:19,7353000.0,7353000.0,0.0
cnt001663,po002403,ncc013,14/07/2025,2025-08-28 12:07:57,6953600.0,4781200.0,2172400.0
cnt001664,po003110,NCC012,17/07/2025,2025-08-31 12:35:32,37364300.0,37364300.0,0.0
CNT001665,po001863,ncc022,14/07/2025,2025-08-28 16:20:30,9789000.0,6421100.0,3367900.0
cnt001666,po002703,ncc025,18/07/2025,2025-09-01 16:21:24,367116300.0,190324200.0,176792100.0
CNT001667,po003164,ncc002,18/07/2025,2025-09-01 16:50:32,94774200.0,94774200.0,0.0
cnt001668,po003196,ncc039,17/07/2025,2025-08-31 17:28:08,5801600.0,5801600.0,0.0
cnt001669,PO003207,ncc033,15/07/2025,2025-08-29 22:22:38,66596800.0,66596800.0,0.0
cnt001670,po000003,ncc044,15/07/2025,2025-08-29 11:17:07,404139200.0,18943900.0,385195300.0
cnt001671,po002840,NCC033,17/07/2025,2025-08-31 15:07:46,54941400.0,54941400.0,0.0
cnt001672,po001823,ncc012,16/07/2025,2025-08-30 15:34:54,3616200.0,3616200.0,0.0
cnt001673,PO001940,ncc023,2025-07-16,2025-08-30 11:07:53,24903100.0,24550300.0,352800.0
cnt001674,po003333,ncc012,17/07/2025,2025-08-31 15:51:50,16244800.0,16244800.0,0.0
cnt001675,po001925,ncc039,18/07/2025,2025-09-01 17:55:04,19195200.0,19195200.0,0.0
cnt001676,PO002433,ncc021,20/07/2025,2025-09-03 20:02:10,42573600.0,42147000.0,426600.0
cnt001677,po002247,ncc024,20/07/2025,2025-09-03 21:27:29,49776000.0,36911800.0,12864200.0
CNT001678,po001431,NCC900,17/07/2025,2025-08-31 01:29:33,62918000.0,62918000.0,0.0
cnt001679,po003140,ncc001,20/07/2025,2025-09-03 03:57:19,39321200.0,39321200.0,0.0
cnt001680,po001233,ncc015,19/07/2025,2025-09-02 14:04:02,59358600.0,39355500.0,20003100.0
cnt001681,PO000648,ncc040,19/07/2025,2025-09-02 15:31:35,39852600.0,24628500.0,15224100.0
cnt001682,po000007,ncc008,21/07/2025,2025-09-04 23:23:17,315936500.0,315936500.0,0.0
cnt001683,po000457,NCC016,19/07/2025,2025-09-02 09:35:52,39316200.0,37872000.0,1444200.0
cnt001684,PO000385,ncc011,18/07/2025,2025-09-01 14:45:54,53887800.0,1734800.0,52153000.0
cnt001685,po000775,ncc035,22/07/2025,2025-09-05 07:00:59,14360000.0,14360000.0,0.0
cnt001686,PO001031,ncc016,23/07/2025,2025-09-06 09:59:46,9849600.0,9849600.0,0.0
cnt001687,po002431,ncc008,22/07/2025,2025-09-05 10:59:13,10600700.0,10277300.0,323400.0
cnt001688,po000994,ncc031,21/07/2025,2025-09-04 15:11:05,43094000.0,43094000.0,0.0
cnt001689,PO000981,NCC901,22/07/2025,2025-09-05 15:43:50,21280900.0,7462000.0,13818900.0
cnt001690,PO002562,ncc012,20/07/2025,2025-09-03 00:20:34,16495200.0,1788900.0,14706300.0
cnt001691,po001882,NCC901,22/07/2025,2025-09-05 01:19:29,15540200.0,4845700.0,10694500.0
cnt001692,po003392,ncc015,23/07/2025,2025-09-06 08:40:04,4419100.0,4419100.0,0.0
cnt001693,po002118,NCC030,24/07/2025,2025-09-07 10:21:34,60299200.0,30633200.0,29666000.0
cnt001694,po002215,ncc044,24/07/2025,2025-09-07 16:22:11,80611500.0,80611500.0,0.0
cnt001695,PO000087,ncc030,21/07/2025,2025-09-04 16:22:53,26392100.0,26392100.0,0.0
cnt001696,po002253,ncc040,21/07/2025,2025-09-04 21:40:41,15725000.0,15725000.0,0.0
cnt001697,po001535,ncc043,25/07/2025,2025-09-08 00:06:59,10773000.0,4981500.0,5791500.0
cnt001698,po000382,ncc016,22/07/2025,2025-09-05 11:22:21,42828700.0,42828700.0,0.0
cnt001699,po002388,ncc031,22/07/2025,2025-09-05 16:47:12,127640000.0,52419400.0,75220600.0
cnt001700,po000536,ncc021,22/07/2025,2025-09-05 07:11:42,6849700.0,6849700.0,0.0
cnt001701,PO001454,ncc041,26/07/2025,2025-09-09 09:06:11,19852200.0,15411500.0,4440700.0
cnt001702,po003397,ncc035,26/07/2025,2025-09-09 09:17:50,71348200.0,71348200.0,0.0
cnt001703,po000261,NCC045,23/07/2025,2025-09-06 12:19:30,34989400.0,34989400.0,0.0
CNT001704,po002214,NCC019,23/07/2025,2025-09-06 16:36:51,98380800.0,5808900.0,92571900.0
cnt001705,po002240,ncc021,25/07/2025,2025-09-08 19:34:41,69761300.0,69761300.0,0.0
cnt001706,PO001017,ncc026,23/07/2025,2025-09-06 22:46:36,64004100.0,64004100.0,0.0
CNT001707,po001879,ncc003,25/07/2025,2025-09-08 00:53:36,20563200.0,3990200.0,16573000.0
CNT001708,PO001270,ncc030,23/07/2025,2025-09-06 01:21:15,83195500.0,50624000.0,32571500.0
cnt001709,po000004,ncc007,07/23/2025,2025-09-06 10:24:06,38557200.0,38557200.0,0.0
cnt001710,PO001055,NCC041,2025-07-25,2025-09-08 21:40:52,116407200.0,95160800.0,21246400.0
cnt001711,PO000032,ncc031,28/07/2025,2025-09-11 00:10:48,18419400.0,17955500.0,463900.0
cnt001712,po000031,ncc006,28/07/2025,2025-09-11 06:51:32,123942000.0,123942000.0,0.0
cnt001713,po001572,ncc028,24/07/2025,2025-09-07 16:25:14,17570000.0,17570000.0,0.0
cnt001714,PO000624,ncc043,28/07/2025,2025-09-11 16:45:26,439200.0,439200.0,0.0
cnt001715,po001860,ncc028,26/07/2025,2025-09-09 16:53:28,2070300.0,2070300.0,0.0
cnt001716,po000361,ncc001,28/07/2025,2025-09-11 00:37:26,483758600.0,483758600.0,0.0
cnt001717,po002615,ncc024,25/07/2025,2025-09-08 03:40:38,131236600.0,131236600.0,0.0
cnt001718,po000717,ncc035,2025-07-29,2025-09-12 07:36:42,399503200.0,399503200.0,0.0
cnt001719,po000879,ncc035,26/07/2025,2025-09-09 10:52:11,121094400.0,121094400.0,0.0
CNT001720,po000137,ncc017,29/07/2025,2025-09-12 03:43:43,18051800.0,18051800.0,0.0
cnt001721,po000299,ncc043,26/07/2025,2025-09-09 08:05:55,26448000.0,26448000.0,0.0
cnt001722,po001953,ncc044,29/07/2025,2025-09-12 08:40:19,83096000.0,38426700.0,44669300.0
cnt001723,po001865,ncc008,30/07/2025,2025-09-13 10:35:39,12994400.0,5737000.0,7257400.0
cnt001724,po000484,ncc019,26/07/2025,2025-09-09 15:29:58,26582400.0,26582400.0,0.0
cnt001725,po002580,ncc034,30/07/2025,2025-09-13 23:23:43,60316100.0,60316100.0,0.0
cnt001726,po000078,ncc039,29/07/2025,2025-09-12 00:57:51,26817500.0,17107600.0,9709900.0
cnt001727,po000819,NCC020,28/07/2025,2025-09-11 02:25:27,71688000.0,26836400.0,44851600.0
cnt001728,po000193,ncc035,27/07/2025,2025-09-10 03:47:39,36892800.0,36892800.0,0.0
cnt001729,po000006,ncc045,27/07/2025,2025-09-10 05:33:55,20853000.0,20853000.0,0.0
cnt001730,PO000178,ncc043,30/07/2025,2025-09-13 13:15:50,340841600.0,340841600.0,0.0
cnt001731,po001827,NCC011,30/07/2025,2025-09-13 16:20:50,54208000.0,35288600.0,18919400.0
cnt001732,po001773,ncc014,29/07/2025,2025-09-12 18:37:04,48993800.0,6120600.0,42873200.0
cnt001733,PO003185,ncc022,29/07/2025,2025-09-12 05:40:00,22537500.0,17679300.0,4858200.0
cnt001734,po000572,ncc041,30/07/2025,2025-09-13 17:11:08,16927300.0,13731300.0,3196000.0
cnt001735,PO000350,NCC043,31/07/2025,2025-09-14 22:32:14,20716800.0,19080100.0,1636700.0
cnt001736,PO000780,ncc006,01/08/2025,2025-09-15 00:05:22,6412000.0,6412000.0,0.0
cnt001737,PO002192,ncc023,02/08/2025,2025-09-16 02:32:52,28710000.0,21154300.0,7555700.0
cnt001738,po003060,NCC016,02/08/2025,2025-09-16 03:15:41,175740500.0,175740500.0,0.0
CNT001739,po002465,ncc011,29/07/2025,2025-09-12 04:55:24,28488400.0,28488400.0,0.0
cnt001740,po001843,NCC032,31/07/2025,2025-09-14 05:47:17,37469400.0,37469400.0,0.0
cnt001741,po003162,ncc007,02/08/2025,2025-09-16 09:54:12,83973600.0,79674500.0,4299100.0
cnt001742,PO001368,ncc012,31/07/2025,2025-09-14 10:49:06,139552000.0,76075700.0,63476300.0
CNT001743,po002550,ncc036,29/07/2025,2025-09-12 12:03:02,30617600.0,26324500.0,4293100.0
cnt001744,po002891,NCC013,29/07/2025,2025-09-12 16:16:06,21150800.0,21150800.0,0.0
CNT001745,po003417,ncc043,31/07/2025,2025-09-14 19:26:26,25142800.0,25142800.0,0.0
cnt001746,po000925,ncc037,31/07/2025,2025-09-14 20:18:35,21896800.0,21896800.0,0.0
cnt001747,po001399,ncc044,02/08/2025,2025-09-16 00:37:18,69426000.0,69426000.0,0.0
CNT001748,po003301,NCC001,02/08/2025,2025-09-16 03:06:41,20194200.0,20194200.0,0.0
CNT001749,po000115,ncc014,31/07/2025,2025-09-14 16:42:34,21399300.0,21399300.0,0.0
cnt001750,PO000320,NCC016,04/08/2025,2025-09-18 03:47:23,10933000.0,8844600.0,2088400.0
cnt001751,po000454,ncc032,06/08/2025,2025-09-20 10:32:34,6674800.0,5362100.0,1312700.0
cnt001752,po000920,NCC035,05/08/2025,2025-09-19 12:56:41,285084800.0,285084800.0,0.0
cnt001753,po000277,ncc018,05/08/2025,2025-09-19 13:57:14,46028800.0,30009800.0,16019000.0
cnt001754,po001761,ncc010,06/08/2025,2025-09-20 17:40:17,14232900.0,14232900.0,0.0
cnt001755,po000993,ncc031,02/08/2025,2025-09-16 21:51:25,37572000.0,37572000.0,0.0
cnt001756,PO001814,ncc010,07/08/2025,2025-09-21 00:43:07,32413500.0,10725600.0,21687900.0
cnt001757,po001915,ncc011,04/08/2025,2025-09-18 01:56:29,134852400.0,120526600.0,14325800.0
cnt001758,PO001030,ncc013,07/08/2025,2025-09-21 02:31:32,17243700.0,17243700.0,0.0
cnt001759,PO002933,ncc028,05/08/2025,2025-09-19 03:38:01,7111700.0,4078500.0,3033200.0
cnt001760,PO001143,ncc043,07/08/2025,2025-09-21 09:32:30,43470000.0,36025800.0,7444200.0
cnt001761,po001363,ncc043,07/08/2025,2025-09-21 20:44:00,69342000.0,69342000.0,0.0
cnt001762,PO002397,ncc037,08/08/2025,2025-09-22 17:14:33,26953500.0,18912500.0,8041000.0
cnt001763,po000762,ncc021,06/08/2025,2025-09-20 06:08:50,122737600.0,122737600.0,0.0
cnt001764,po001105,ncc029,07/08/2025,2025-09-21 08:07:36,73382400.0,60214800.0,13167600.0
cnt001765,PO000276,NCC017,08/08/2025,2025-09-22 08:34:22,447671100.0,378884200.0,68786900.0
CNT001766,po003109,ncc041,08/08/2025,2025-09-22 11:25:17,97908900.0,26975200.0,70933700.0
cnt001767,PO001125,NCC034,09/08/2025,2025-09-23 17:22:56,3686400.0,3686400.0,0.0
cnt001768,po001492,ncc039,09/08/2025,2025-09-23 02:46:40,70195200.0,70195200.0,0.0
CNT001769,po000789,ncc016,10/08/2025,2025-09-24 07:41:36,43654500.0,7815200.0,35839300.0
cnt001770,po001824,ncc038,07/08/2025,2025-09-21 04:44:00,30617600.0,30617600.0,0.0
cnt001771,po000440,ncc045,09/08/2025,2025-09-23 08:48:38,64908400.0,21544400.0,43364000.0
cnt001772,PO002437,NCC031,11/08/2025,2025-09-25 01:59:29,9561500.0,9561500.0,0.0
cnt001773,PO002502,ncc042,11/08/2025,2025-09-25 09:28:27,66278400.0,66278400.0,0.0
CNT001774,po002677,NCC037,11/08/2025,2025-09-25 16:56:37,34623300.0,34623300.0,0.0
CNT001775,PO000543,ncc045,08/08/2025,2025-09-22 22:53:23,60162300.0,21283300.0,38879000.0
cnt001776,PO001942,NCC029,09/08/2025,2025-09-23 23:35:00,146618100.0,146618100.0,0.0
CNT001777,po002993,ncc045,09/08/2025,2025-09-23 12:48:43,67284000.0,67284000.0,0.0
cnt001778,po001884,ncc022,11/08/2025,2025-09-25 13:05:15,10759000.0,10759000.0,0.0
cnt001779,po001324,ncc029,10/08/2025,2025-09-24 14:49:49,21300300.0,21300300.0,0.0
cnt001780,PO002846,NCC011,10/08/2025,2025-09-24 14:52:16,49987500.0,49987500.0,0.0
cnt001781,PO000028,ncc002,11/08/2025,2025-09-25 17:13:55,29803200.0,29803200.0,0.0
cnt001782,PO000047,ncc032,10/08/2025,2025-09-24 19:16:09,20254500.0,20254500.0,0.0
cnt001783,po003193,ncc015,14/08/2025,2025-09-28 19:19:54,9906400.0,9906400.0,0.0
cnt001784,po002066,ncc044,13/08/2025,2025-09-27 20:07:20,91783800.0,91547900.0,235900.0
cnt001785,PO001630,NCC900,13/08/2025,2025-09-27 23:57:36,7425600.0,7425600.0,0.0
cnt001786,po002468,ncc009,12/08/2025,2025-09-26 00:04:34,29188500.0,29188500.0,0.0
cnt001787,PO000905,NCC034,12/08/2025,2025-09-26 16:44:18,28614000.0,28614000.0,0.0
cnt001788,po001673,ncc031,15/08/2025,2025-09-29 19:49:22,32192500.0,32192500.0,0.0
cnt001789,po001448,ncc001,13/08/2025,2025-09-27 22:46:17,43995600.0,17102900.0,26892700.0
cnt001790,po002322,ncc029,14/08/2025,2025-09-28 23:08:48,30291300.0,10730700.0,19560600.0
cnt001791,po001261,ncc016,14/08/2025,2025-09-28 07:31:47,69678000.0,69678000.0,0.0
cnt001792,po001028,ncc042,15/08/2025,2025-09-29 08:04:56,72837600.0,44955500.0,27882100.0
cnt001793,po000117,ncc006,08/16/2025,2025-09-30 09:00:13,452586700.0,342950200.0,109636500.0
cnt001794,PO001581,ncc021,14/08/2025,2025-09-28 09:18:21,213920400.0,101689500.0,112230900.0
CNT001795,po002367,ncc014,16/08/2025,2025-09-30 09:43:18,28235300.0,13695000.0,14540300.0
cnt001796,PO002637,ncc029,16/08/2025,2025-09-30 09:45:48,64787000.0,64787000.0,0.0
cnt001797,po001287,ncc032,16/08/2025,2025-09-30 11:01:44,93636000.0,13767500.0,79868500.0
CNT001798,po002980,ncc010,16/08/2025,2025-09-30 11:15:51,151051800.0,5118600.0,145933200.0
cnt001799,po001598,ncc030,08/15/2025,2025-09-29 18:13:11,54856800.0,54856800.0,0.0
cnt001800,PO002007,ncc045,08/15/2025,2025-09-29 20:55:02,22133900.0,22133900.0,0.0
cnt001801,PO000649,NCC002,12/08/2025,2025-09-26 21:03:26,19317000.0,18891100.0,425900.0
cnt001802,po000669,NCC038,13/08/2025,2025-09-27 21:22:10,172978200.0,172978200.0,0.0
cnt001803,PO001745,ncc022,17/08/2025,2025-10-01 05:17:15,66001600.0,61009100.0,4992500.0
cnt001804,po000478,NCC031,13/08/2025,2025-09-27 12:56:13,6642700.0,6642700.0,0.0
cnt001805,PO002884,ncc035,17/08/2025,2025-10-01 16:42:00,26020600.0,26020600.0,0.0
cnt001806,po000687,NCC043,16/08/2025,2025-09-30 17:17:12,3597000.0,1239500.0,2357500.0
cnt001807,po001548,ncc042,15/08/2025,2025-09-29 17:33:05,9824000.0,247800.0,9576200.0
cnt001808,po000140,ncc018,17/08/2025,2025-10-01 18:56:40,249823600.0,249823600.0,0.0
cnt001809,PO000312,ncc004,17/08/2025,2025-10-01 00:04:43,508602000.0,290526100.0,218075900.0
cnt001810,po003220,NCC900,14/08/2025,2025-09-28 01:49:09,7421000.0,7421000.0,0.0
cnt001811,po001616,ncc003,15/08/2025,2025-09-29 03:02:18,16311600.0,14282100.0,2029500.0
cnt001812,po001973,ncc002,16/08/2025,2025-09-30 03:11:45,14476000.0,14476000.0,0.0
CNT001813,PO000784,ncc004,18/08/2025,2025-10-02 05:49:25,84937600.0,84365600.0,572000.0
cnt001814,po002726,ncc039,16/08/2025,2025-09-30 20:15:07,18662800.0,18662800.0,0.0
cnt001815,po002883,ncc037,14/08/2025,2025-09-28 22:23:01,54368100.0,23758200.0,30609900.0
cnt001816,PO001668,NCC014,16/08/2025,2025-09-30 03:04:13,33477600.0,22118800.0,11358800.0
cnt001817,po003496,ncc024,2025-08-15,2025-09-29 03:28:00,41881500.0,41881500.0,0.0
cnt001818,po000059,ncc045,08/16/2025,2025-09-30 06:20:30,20724900.0,18258100.0,2466800.0
cnt001819,po003028,ncc031,19/08/2025,2025-10-03 20:31:03,299975200.0,9264500.0,290710700.0
cnt001820,po001372,ncc042,2025-08-16,2025-09-30 23:42:57,20563200.0,20563200.0,0.0
cnt001821,po002808,NCC004,17/08/2025,2025-10-01 06:19:00,61807600.0,61807600.0,0.0
CNT001822,po001809,ncc020,17/08/2025,2025-10-01 15:14:34,83221800.0,39026900.0,44194900.0
cnt001823,PO000103,ncc028,18/08/2025,2025-10-02 14:18:59,57761200.0,32683500.0,25077700.0
cnt001824,PO001415,ncc017,17/08/2025,2025-10-01 22:18:38,8361600.0,1232000.0,7129600.0
cnt001825,PO001312,ncc025,19/08/2025,2025-10-03 23:18:12,381598200.0,381598200.0,0.0
cnt001826,po002821,ncc006,21/08/2025,2025-10-05 00:17:41,21526500.0,3988900.0,17537600.0
cnt001827,PO003381,ncc030,20/08/2025,2025-10-04 02:57:48,4363200.0,2553600.0,1809600.0
cnt001828,po001092,NCC037,20/08/2025,2025-10-04 04:42:13,6446700.0,4433600.0,2013100.0
cnt001829,PO001605,ncc026,18/08/2025,2025-10-02 07:06:24,67472100.0,49280800.0,18191300.0
cnt001830,po000170,NCC025,2025-08-19,2025-10-03 09:41:50,48810000.0,48810000.0,0.0
cnt001831,po001113,ncc014,18/08/2025,2025-10-02 10:09:01,504332800.0,504332800.0,0.0
cnt001832,PO001520,NCC027,21/08/2025,2025-10-05 12:53:47,265341700.0,265341700.0,0.0
CNT001833,PO003064,ncc001,20/08/2025,2025-10-04 17:22:49,56056400.0,56056400.0,0.0
cnt001834,po000943,ncc027,20/08/2025,2025-10-04 01:08:34,9414200.0,6450600.0,2963600.0
cnt001835,po003477,ncc017,23/08/2025,2025-10-07 05:05:30,44377200.0,43039700.0,1337500.0
cnt001836,PO001098,NCC907,23/08/2025,2025-10-07 14:34:05,338988000.0,338988000.0,0.0
cnt001837,po001459,NCC030,21/08/2025,2025-10-05 05:17:12,46520600.0,39232300.0,7288300.0
cnt001838,po000642,NCC041,21/08/2025,2025-10-05 17:20:47,9699600.0,9699600.0,0.0
CNT001839,PO001560,ncc018,21/08/2025,2025-10-05 22:41:22,14777700.0,14777700.0,0.0
cnt001840,PO003153,ncc044,22/08/2025,2025-10-06 02:52:42,6817400.0,6817400.0,0.0
CNT001841,po003156,ncc019,24/08/2025,2025-10-08 13:24:09,210452400.0,135562700.0,74889700.0
cnt001842,PO002800,ncc028,25/08/2025,2025-10-09 20:07:41,66078800.0,40993900.0,25084900.0
cnt001843,po001148,ncc016,25/08/2025,2025-10-09 00:18:21,232192500.0,232192500.0,0.0
cnt001844,PO000907,ncc021,26/08/2025,2025-10-10 02:45:38,91060800.0,30723300.0,60337500.0
cnt001845,po002875,NCC033,23/08/2025,2025-10-07 07:55:15,35457400.0,35457400.0,0.0
cnt001846,PO000633,ncc045,23/08/2025,2025-10-07 11:22:11,1507500.0,254300.0,1253200.0
cnt001847,po002624,ncc038,26/08/2025,2025-10-10 15:49:42,110495000.0,55063800.0,55431200.0
cnt001848,po000771,NCC036,27/08/2025,2025-10-11 08:01:59,226718100.0,166620600.0,60097500.0
cnt001849,po000101,ncc034,23/08/2025,2025-10-07 12:05:02,38740000.0,38740000.0,0.0
cnt001850,PO000532,ncc036,23/08/2025,2025-10-07 14:42:10,27968000.0,27968000.0,0.0
cnt001851,po001153,NCC001,27/08/2025,2025-10-11 16:51:48,50843100.0,50843100.0,0.0
cnt001852,PO000036,ncc016,25/08/2025,2025-10-09 16:53:13,1816000.0,1507100.0,308900.0
cnt001853,PO001876,ncc041,23/08/2025,2025-10-07 19:20:39,34521300.0,34521300.0,0.0
cnt001854,po001928,ncc034,24/08/2025,2025-10-08 22:09:26,21213200.0,21213200.0,0.0
cnt001855,po000629,ncc043,26/08/2025,2025-10-10 23:48:10,68105400.0,68105400.0,0.0
cnt001856,po000831,ncc009,26/08/2025,2025-10-10 06:54:55,44268000.0,44268000.0,0.0
cnt001857,PO000345,ncc021,28/08/2025,2025-10-12 23:43:38,350282400.0,350282400.0,0.0
cnt001858,PO002772,ncc013,26/08/2025,2025-10-10 00:03:28,192924000.0,192924000.0,0.0
cnt001859,PO000105,NCC023,25/08/2025,2025-10-09 03:16:42,64660000.0,55272400.0,9387600.0
cnt001860,PO002330,ncc007,29/08/2025,2025-10-13 08:43:14,1083600.0,1083600.0,0.0
cnt001861,po002386,ncc033,29/08/2025,2025-10-13 18:52:21,23064300.0,14093000.0,8971300.0
cnt001862,PO002725,ncc023,29/08/2025,2025-10-13 12:39:57,429099900.0,355805900.0,73294000.0
cnt001863,PO003401,ncc036,27/08/2025,2025-10-11 21:32:29,37667500.0,37667500.0,0.0
cnt001864,PO001738,ncc005,29/08/2025,2025-10-13 03:41:07,11016000.0,11016000.0,0.0
cnt001865,po001732,ncc036,31/08/2025,2025-10-15 06:33:29,40905900.0,32790200.0,8115700.0
cnt001866,PO003077,ncc019,29/08/2025,2025-10-13 09:44:20,28913500.0,6584600.0,22328900.0
CNT001867,PO002943,ncc014,29/08/2025,2025-10-13 11:29:40,75400500.0,75400500.0,0.0
cnt001868,po003300,ncc018,31/08/2025,2025-10-15 14:12:29,80681400.0,80681400.0,0.0
cnt001869,po000559,ncc022,27/08/2025,2025-10-11 16:09:49,560000.0,324200.0,235800.0
cnt001870,PO001424,NCC033,27/08/2025,2025-10-11 18:46:44,498465400.0,333906000.0,164559400.0
cnt001871,po001959,ncc039,29/08/2025,2025-10-13 06:10:07,85277600.0,20294800.0,64982800.0
cnt001872,PO001793,ncc023,01/09/2025,2025-10-16 09:22:59,132792000.0,132792000.0,0.0
cnt001873,po001660,ncc021,29/08/2025,2025-10-13 19:58:02,31956600.0,31956600.0,0.0
cnt001874,po002680,ncc020,31/08/2025,2025-10-15 05:13:26,72427200.0,40130300.0,32296900.0
cnt001875,PO003358,ncc041,31/08/2025,2025-10-15 05:54:48,6955200.0,6955200.0,0.0
CNT001876,po002797,ncc015,30/08/2025,2025-10-14 10:40:15,2618000.0,2618000.0,0.0
cnt001877,po000197,ncc027,02/09/2025,2025-10-17 12:47:14,88611600.0,59794600.0,28817000.0
CNT001878,po002671,ncc028,31/08/2025,2025-10-15 14:33:10,6820800.0,5946800.0,874000.0
cnt001879,po000739,ncc023,02/09/2025,2025-10-17 00:48:18,860200.0,280500.0,579700.0
cnt001880,PO002261,ncc029,30/08/2025,2025-10-14 05:35:57,17712000.0,17712000.0,0.0
cnt001881,PO002587,ncc044,01/09/2025,2025-10-16 14:55:16,7644200.0,400700.0,7243500.0
CNT001882,po002105,ncc009,03/09/2025,2025-10-18 01:23:38,21884100.0,21884100.0,0.0
cnt001883,po001514,ncc022,04/09/2025,2025-10-19 05:28:12,50893800.0,50893800.0,0.0
cnt001884,po003284,ncc020,31/08/2025,2025-10-15 06:50:55,19932000.0,14919800.0,5012200.0
CNT001885,PO000388,ncc031,01/09/2025,2025-10-16 12:30:19,259050000.0,120796600.0,138253400.0
cnt001886,po002409,NCC036,01/09/2025,2025-10-16 14:13:59,24065600.0,20323500.0,3742100.0
cnt001887,po002845,ncc023,01/09/2025,2025-10-16 08:15:22,86842800.0,69491900.0,17350900.0
cnt001888,po001577,ncc026,05/09/2025,2025-10-20 08:15:46,92152600.0,92152600.0,0.0
cnt001889,po002320,ncc029,05/09/2025,2025-10-20 08:21:43,30396000.0,30396000.0,0.0
cnt001890,po000396,NCC022,05/09/2025,2025-10-20 16:48:26,19527800.0,17779400.0,1748400.0
cnt001891,po001508,NCC017,05/09/2025,2025-10-20 20:28:42,122616000.0,122616000.0,0.0
cnt001892,PO001068,ncc018,05/09/2025,2025-10-20 21:19:02,6322900.0,707400.0,5615500.0
cnt001893,po001485,ncc025,06/09/2025,2025-10-21 02:59:22,75712200.0,75712200.0,0.0
cnt001894,po000456,ncc029,05/09/2025,2025-10-20 08:44:09,98440500.0,98440500.0,0.0
cnt001895,po002258,ncc009,06/09/2025,2025-10-21 12:28:02,20254000.0,20254000.0,0.0
cnt001896,PO001087,NCC903,03/09/2025,2025-10-18 04:13:25,5195700.0,5195700.0,0.0
cnt001897,PO001289,ncc001,03/09/2025,2025-10-18 09:07:52,27445600.0,27445600.0,0.0
cnt001898,po000305,ncc041,04/09/2025,2025-10-19 12:49:49,15011400.0,15011400.0,0.0
cnt001899,po002915,ncc038,05/09/2025,2025-10-20 16:52:21,49216000.0,49216000.0,0.0
cnt001900,PO002174,ncc030,05/09/2025,2025-10-20 17:31:03,59598000.0,29901900.0,29696100.0
cnt001901,po002473,ncc026,03/09/2025,2025-10-18 18:11:55,152950600.0,152950600.0,0.0
cnt001902,po002968,ncc039,04/09/2025,2025-10-19 18:54:52,38629600.0,35247900.0,3381700.0
cnt001903,po000652,ncc035,06/09/2025,2025-10-21 04:14:26,16276900.0,16276900.0,0.0
cnt001904,po000712,ncc013,05/09/2025,2025-10-20 04:37:18,27111500.0,22768700.0,4342800.0
cnt001905,po000301,NCC037,05/09/2025,2025-10-20 08:18:28,76196400.0,75555400.0,641000.0
cnt001906,po003328,ncc003,08/09/2025,2025-10-23 09:34:08,15037800.0,12438500.0,2599300.0
cnt001907,PO001237,NCC009,04/09/2025,2025-10-19 17:49:50,94833300.0,94833300.0,0.0
cnt001908,PO002083,ncc019,07/09/2025,2025-10-22 19:59:09,111045600.0,96963400.0,14082200.0
cnt001909,po002741,ncc030,08/09/2025,2025-10-23 00:18:41,11550700.0,11550700.0,0.0
cnt001910,po001474,ncc035,06/09/2025,2025-10-21 00:22:36,81715000.0,71979400.0,9735600.0
cnt001911,po002201,ncc032,08/09/2025,2025-10-23 04:40:19,42262000.0,42262000.0,0.0
cnt001912,po002476,ncc004,09/09/2025,2025-10-24 10:15:48,24258000.0,24258000.0,0.0
CNT001913,po001432,ncc004,09/09/2025,2025-10-24 15:22:08,8159700.0,5190800.0,2968900.0
cnt001914,po001704,ncc027,06/09/2025,2025-10-21 07:16:07,20003900.0,20003900.0,0.0
cnt001915,PO000707,ncc007,07/09/2025,2025-10-22 08:05:43,115615500.0,52077800.0,63537700.0
cnt001916,po001734,ncc025,10/09/2025,2025-10-25 09:02:27,508472500.0,508472500.0,0.0
CNT001917,po000202,NCC034,10/09/2025,2025-10-25 18:40:01,24283700.0,4404800.0,19878900.0
cnt001918,po002992,ncc018,08/09/2025,2025-10-23 23:02:53,135181200.0,135181200.0,0.0
cnt001919,po002221,ncc027,07/09/2025,2025-10-22 10:50:54,114156500.0,114156500.0,0.0
cnt001920,PO000866,ncc017,09/09/2025,2025-10-24 23:54:28,32564100.0,32564100.0,0.0
CNT001921,PO002908,ncc022,08/09/2025,2025-10-23 00:50:48,286335000.0,286335000.0,0.0
cnt001922,po002785,NCC002,09/09/2025,2025-10-24 06:14:18,33415000.0,33415000.0,0.0
cnt001923,po000163,ncc021,11/09/2025,2025-10-26 08:58:09,227976000.0,227976000.0,0.0
cnt001924,po001220,ncc030,09/09/2025,2025-10-24 09:33:13,219744000.0,219744000.0,0.0
cnt001925,po000510,NCC041,10/09/2025,2025-10-25 09:53:26,44749600.0,44749600.0,0.0
cnt001926,po002973,ncc017,11/09/2025,2025-10-26 17:30:51,17660500.0,17660500.0,0.0
cnt001927,po000173,NCC014,10/09/2025,2025-10-25 19:42:15,12110300.0,12110300.0,0.0
cnt001928,po000432,ncc003,09/09/2025,2025-10-24 22:54:27,81118400.0,64464800.0,16653600.0
cnt001929,po000380,NCC020,09/09/2025,2025-10-24 23:48:56,12398400.0,12398400.0,0.0
cnt001930,po001183,ncc021,13/09/2025,2025-10-28 05:36:04,57476500.0,23269600.0,34206900.0
cnt001931,po001032,ncc003,14/09/2025,2025-10-29 07:09:31,31522800.0,31522800.0,0.0
cnt001932,po003083,ncc034,14/09/2025,2025-10-29 12:42:41,260911800.0,254259500.0,6652300.0
cnt001933,po002752,ncc045,14/09/2025,2025-10-29 15:34:53,105595300.0,105595300.0,0.0
cnt001934,po001004,NCC041,10/09/2025,2025-10-25 17:44:23,2227200.0,1683300.0,543900.0
cnt001935,po002932,ncc045,14/09/2025,2025-10-29 22:55:13,25574400.0,25574400.0,0.0
cnt001936,po001544,NCC042,13/09/2025,2025-10-28 06:24:11,2724400.0,807000.0,1917400.0
CNT001937,PO000120,NCC042,11/09/2025,2025-10-26 11:09:03,3977000.0,510200.0,3466800.0
CNT001938,po002026,ncc003,14/09/2025,2025-10-29 01:12:59,140925600.0,138341800.0,2583800.0
cnt001939,po003048,ncc001,14/09/2025,2025-10-29 01:17:46,96446000.0,64061000.0,32385000.0
CNT001940,po002886,ncc017,13/09/2025,2025-10-28 07:48:36,59868900.0,38954300.0,20914600.0
cnt001941,po002907,ncc029,15/09/2025,2025-10-30 13:06:08,73192200.0,73192200.0,0.0
cnt001942,PO002479,ncc020,12/09/2025,2025-10-27 14:07:05,74236000.0,57196800.0,17039200.0
cnt001943,po003057,ncc028,14/09/2025,2025-10-29 21:50:12,619282800.0,619282800.0,0.0
cnt001944,PO002356,ncc022,16/09/2025,2025-10-31 07:19:10,25687000.0,19525000.0,6162000.0
CNT001945,po001159,ncc034,14/09/2025,2025-10-29 10:16:53,17286600.0,17286600.0,0.0
cnt001946,po000590,ncc042,13/09/2025,2025-10-28 10:59:14,49885600.0,49885600.0,0.0
cnt001947,po003080,ncc043,14/09/2025,2025-10-29 12:07:26,21094000.0,21094000.0,0.0
cnt001948,PO000077,ncc030,15/09/2025,2025-10-30 18:37:40,4787200.0,4787200.0,0.0
CNT001949,po000375,ncc026,14/09/2025,2025-10-29 19:52:15,7402400.0,5890600.0,1511800.0
cnt001950,po002669,ncc023,17/09/2025,2025-11-01 20:01:21,51584700.0,51584700.0,0.0
cnt001951,po001314,ncc044,14/09/2025,2025-10-29 20:39:54,81721500.0,9199800.0,72521700.0
cnt001952,PO000168,ncc034,16/09/2025,2025-10-31 05:58:34,64548000.0,64548000.0,0.0
cnt001953,PO000249,ncc036,14/09/2025,2025-10-29 06:27:32,12354300.0,8935900.0,3418400.0
cnt001954,po000128,ncc005,18/09/2025,2025-11-02 12:15:05,5805800.0,3762700.0,2043100.0
cnt001955,po002654,ncc025,16/09/2025,2025-10-31 14:17:17,475117200.0,475117200.0,0.0
cnt001956,po000239,ncc024,15/09/2025,2025-10-30 14:29:49,55752000.0,29801900.0,25950100.0
cnt001957,po002581,ncc006,15/09/2025,2025-10-30 17:16:08,15089000.0,15089000.0,0.0
cnt001958,po001574,NCC007,15/09/2025,2025-10-30 20:05:02,26108000.0,26108000.0,0.0
cnt001959,po000029,ncc018,15/09/2025,2025-10-30 02:40:06,504804000.0,504804000.0,0.0
cnt001960,PO002492,ncc014,17/09/2025,2025-11-01 16:28:29,50928800.0,30682400.0,20246400.0
CNT001961,PO000562,ncc035,17/09/2025,2025-11-01 17:45:15,2273700.0,2273700.0,0.0
cnt001962,PO001877,ncc021,19/09/2025,2025-11-03 05:03:24,36651300.0,36651300.0,0.0
cnt001963,PO001409,ncc025,20/09/2025,2025-11-04 21:32:30,93744000.0,93744000.0,0.0
CNT001964,po001154,ncc029,17/09/2025,2025-11-01 00:24:17,4870700.0,4870700.0,0.0
cnt001965,po001115,ncc011,17/09/2025,2025-11-01 03:40:26,237820000.0,163744300.0,74075700.0
cnt001966,PO000433,ncc024,19/09/2025,2025-11-03 11:38:20,10060800.0,10060800.0,0.0
CNT001967,PO002293,ncc026,21/09/2025,2025-11-05 13:39:19,36779600.0,36779600.0,0.0
cnt001968,po000406,ncc034,20/09/2025,2025-11-04 02:45:44,74784000.0,74784000.0,0.0
CNT001969,po003161,ncc001,19/09/2025,2025-11-03 03:01:06,35328000.0,35328000.0,0.0
CNT001970,po000547,ncc005,18/09/2025,2025-11-02 06:38:32,94624500.0,60458600.0,34165900.0
CNT001971,PO001594,NCC012,22/09/2025,2025-11-06 06:43:25,3639600.0,2286000.0,1353600.0
cnt001972,PO000165,ncc021,20/09/2025,2025-11-04 10:41:55,65467500.0,11524600.0,53942900.0
cnt001973,po002020,ncc035,18/09/2025,2025-11-02 11:44:30,5342400.0,5342400.0,0.0
cnt001974,po003019,ncc012,21/09/2025,2025-11-05 20:05:28,14596200.0,10323200.0,4273000.0
cnt001975,PO001749,ncc022,19/09/2025,2025-11-03 20:22:11,101738000.0,72000800.0,29737200.0
CNT001976,po002358,ncc006,18/09/2025,2025-11-02 23:22:42,15800400.0,15083300.0,717100.0
cnt001977,po002131,ncc014,21/09/2025,2025-11-05 02:01:51,417821200.0,9486000.0,408335200.0
cnt001978,po002464,ncc030,20/09/2025,2025-11-04 11:31:10,64246600.0,64246600.0,0.0
CNT001979,po002673,ncc010,20/09/2025,2025-11-04 12:42:32,8499500.0,8499500.0,0.0
cnt001980,po001653,ncc035,19/09/2025,2025-11-03 18:38:20,9644400.0,4148400.0,5496000.0
cnt001981,PO002948,ncc013,23/09/2025,2025-11-07 20:30:34,44402000.0,44402000.0,0.0
cnt001982,po002765,ncc030,21/09/2025,2025-11-05 23:56:17,11882800.0,11882800.0,0.0
CNT001983,po000263,ncc010,21/09/2025,2025-11-05 01:22:30,128074500.0,128074500.0,0.0
cnt001984,po001080,ncc032,23/09/2025,2025-11-07 04:47:00,26516600.0,26516600.0,0.0
cnt001985,po003349,ncc041,24/09/2025,2025-11-08 06:17:00,2175400.0,2175400.0,0.0
CNT001986,po003500,NCC001,24/09/2025,2025-11-08 13:10:05,110936000.0,14810400.0,96125600.0
cnt001987,PO001990,NCC040,21/09/2025,2025-11-05 17:23:05,162977100.0,162977100.0,0.0
cnt001988,po000787,ncc023,21/09/2025,2025-11-05 19:38:30,586686200.0,534292400.0,52393800.0
cnt001989,PO000709,NCC002,21/09/2025,2025-11-05 20:33:23,17633600.0,17633600.0,0.0
cnt001990,PO000517,ncc024,22/09/2025,2025-11-06 00:31:43,45841100.0,45841100.0,0.0
cnt001991,po001910,NCC041,23/09/2025,2025-11-07 01:50:12,3673800.0,3673800.0,0.0
cnt001992,po000275,NCC021,24/09/2025,2025-11-08 07:47:18,17180800.0,13937000.0,3243800.0
cnt001993,PO003362,NCC903,21/09/2025,2025-11-05 08:10:19,32105600.0,32105600.0,0.0
cnt001994,po002700,ncc012,22/09/2025,2025-11-06 13:34:53,114199200.0,103212400.0,10986800.0
CNT001995,po001637,ncc020,23/09/2025,2025-11-07 20:00:12,15931500.0,14330600.0,1600900.0
cnt001996,po000803,ncc018,25/09/2025,2025-11-09 22:57:24,26361500.0,26361500.0,0.0
cnt001997,po003479,ncc045,22/09/2025,2025-11-06 04:33:16,8273100.0,8273100.0,0.0
cnt001998,po000890,ncc026,09/22/2025,2025-11-06 05:03:48,16867000.0,16867000.0,0.0
cnt001999,po001870,ncc042,26/09/2025,2025-11-10 05:54:07,28809000.0,28809000.0,0.0
cnt002000,PO000022,ncc018,25/09/2025,2025-11-09 09:40:35,472894000.0,196926200.0,275967800.0
CNT002001,po001259,ncc004,26/09/2025,2025-11-10 12:31:45,400740800.0,267471000.0,133269800.0
cnt002002,PO001880,NCC020,24/09/2025,2025-11-08 05:56:22,20528800.0,20528800.0,0.0
cnt002003,po001965,ncc033,26/09/2025,2025-11-10 06:10:58,25714000.0,10906600.0,14807400.0
cnt002004,PO001394,ncc037,23/09/2025,2025-11-07 07:03:40,419358400.0,419358400.0,0.0
CNT002005,PO001465,NCC037,25/09/2025,2025-11-09 08:06:29,15680000.0,15680000.0,0.0
cnt002006,po000644,ncc028,23/09/2025,2025-11-07 14:33:00,71626600.0,64817600.0,6809000.0
cnt002007,PO002277,NCC007,27/09/2025,2025-11-11 17:21:20,3097500.0,3097500.0,0.0
cnt002008,po000132,ncc005,26/09/2025,2025-11-10 01:04:19,111352000.0,11197100.0,100154900.0
CNT002009,PO001234,ncc024,27/09/2025,2025-11-11 01:06:25,129421400.0,129421400.0,0.0
cnt002010,PO002565,ncc040,27/09/2025,2025-11-11 02:14:17,18242200.0,18242200.0,0.0
CNT002011,PO000525,ncc001,27/09/2025,2025-11-11 15:19:34,140244000.0,140244000.0,0.0
cnt002012,po002207,ncc008,28/09/2025,2025-11-12 12:38:39,150861900.0,150861900.0,0.0
cnt002013,PO001602,ncc034,27/09/2025,2025-11-11 14:28:56,101306800.0,64769800.0,36537000.0
cnt002014,po002019,ncc032,26/09/2025,2025-11-10 15:24:55,70175700.0,3513500.0,66662200.0
cnt002015,po001346,NCC041,27/09/2025,2025-11-11 18:13:42,60891300.0,40344200.0,20547100.0
cnt002016,po002104,ncc011,27/09/2025,2025-11-11 20:37:51,31562000.0,19029500.0,12532500.0
cnt002017,po002570,ncc027,29/09/2025,2025-11-13 22:03:03,57059800.0,57059800.0,0.0
cnt002018,po000506,ncc016,28/09/2025,2025-11-12 03:21:03,76380000.0,76380000.0,0.0
cnt002019,po001688,ncc011,27/09/2025,2025-11-11 06:15:21,6201400.0,3791200.0,2410200.0
CNT002020,po002285,ncc032,30/09/2025,2025-11-14 08:15:25,67687200.0,17104500.0,50582700.0
CNT002021,PO002411,ncc018,28/09/2025,2025-11-12 09:11:27,33280800.0,30657000.0,2623800.0
CNT002022,PO001011,ncc001,30/09/2025,2025-11-14 10:22:37,125860000.0,125860000.0,0.0
cnt002023,PO000182,ncc005,28/09/2025,2025-11-12 11:37:20,38295000.0,37249600.0,1045400.0
cnt002024,PO002788,ncc012,30/09/2025,2025-11-14 13:21:27,281681400.0,281681400.0,0.0
cnt002025,po003116,ncc032,27/09/2025,2025-11-11 15:24:13,193989600.0,193989600.0,0.0
cnt002026,po001296,ncc016,28/09/2025,2025-11-12 19:20:15,254885600.0,160489800.0,94395800.0
cnt002027,po001486,ncc036,30/09/2025,2025-11-14 22:03:03,7276200.0,7276200.0,0.0
cnt002028,PO002818,ncc034,01/10/2025,2025-11-15 01:28:04,160248100.0,160248100.0,0.0
cnt002029,PO002645,ncc021,30/09/2025,2025-11-14 08:19:26,20678000.0,14866300.0,5811700.0
cnt002030,PO002405,ncc019,27/09/2025,2025-11-11 08:36:19,37085600.0,37085600.0,0.0
cnt002031,po003061,ncc010,01/10/2025,2025-11-15 09:36:10,51362300.0,51362300.0,0.0
cnt002032,po001607,NCC009,27/09/2025,2025-11-11 09:46:41,73432800.0,53440200.0,19992600.0
cnt002033,po001076,NCC009,30/09/2025,2025-11-14 14:39:40,78083900.0,78083900.0,0.0
CNT002034,po001864,NCC020,29/09/2025,2025-11-13 17:08:50,42154900.0,31565100.0,10589800.0
cnt002035,po001674,ncc010,29/09/2025,2025-11-13 19:42:13,39711000.0,39711000.0,0.0
cnt002036,PO002490,ncc013,30/09/2025,2025-11-14 00:26:10,16414100.0,8179700.0,8234400.0
cnt002037,po002297,ncc040,02/10/2025,2025-11-16 04:52:08,69919200.0,37650800.0,32268400.0
cnt002038,po003459,ncc025,02/10/2025,2025-11-16 07:59:42,373302500.0,373302500.0,0.0
cnt002039,po001517,ncc030,01/10/2025,2025-11-15 08:36:57,1100000.0,1100000.0,0.0
CNT002040,po000768,ncc024,2025-09-29,2025-11-13 14:52:57,21413700.0,12381600.0,9032100.0
cnt002041,po003129,ncc037,29/09/2025,2025-11-13 16:22:09,40958400.0,40958400.0,0.0
cnt002042,PO001956,ncc041,01/10/2025,2025-11-15 20:13:14,62992400.0,49834500.0,13157900.0
cnt002043,PO000061,ncc040,01/10/2025,2025-11-15 21:16:13,42192700.0,42192700.0,0.0
CNT002044,PO003445,ncc030,28/09/2025,2025-11-12 23:45:40,104780900.0,79086600.0,25694300.0
cnt002045,PO003411,ncc036,02/10/2025,2025-11-16 07:14:08,25676100.0,25676100.0,0.0
cnt002046,PO000180,ncc029,02/10/2025,2025-11-16 20:23:40,14916000.0,14916000.0,0.0
cnt002047,po001542,ncc033,30/09/2025,2025-11-14 23:10:40,123704000.0,12498900.0,111205100.0
CNT002048,po002488,ncc010,02/10/2025,2025-11-16 01:12:07,39186000.0,39186000.0,0.0
cnt002049,po003050,NCC012,02/10/2025,2025-11-16 02:07:45,104098000.0,86945700.0,17152300.0
cnt002050,po001678,NCC032,03/10/2025,2025-11-17 03:24:29,4171800.0,2977700.0,1194100.0
cnt002051,PO001629,ncc023,04/10/2025,2025-11-18 04:24:08,614245200.0,614245200.0,0.0
cnt002052,PO003147,ncc014,01/10/2025,2025-11-15 05:06:45,20836800.0,16109700.0,4727100.0
cnt002053,po002834,ncc027,30/09/2025,2025-11-14 05:34:54,9112400.0,9112400.0,0.0
cnt002054,po001497,NCC041,01/10/2025,2025-11-15 02:38:33,490049500.0,332507200.0,157542300.0
cnt002055,po000806,ncc042,02/10/2025,2025-11-16 03:37:22,33316400.0,24763200.0,8553200.0
cnt002056,po002865,ncc016,01/10/2025,2025-11-15 05:39:44,46545000.0,46545000.0,0.0
cnt002057,PO003118,ncc043,04/10/2025,2025-11-18 07:52:28,34647200.0,34647200.0,0.0
cnt002058,po000451,ncc042,05/10/2025,2025-11-19 12:43:51,3438500.0,1558000.0,1880500.0
cnt002059,po001964,ncc002,05/10/2025,2025-11-19 21:54:32,23865000.0,14688200.0,9176800.0
CNT002060,po003229,NCC016,04/10/2025,2025-11-18 11:35:30,83225700.0,80464600.0,2761100.0
cnt002061,PO002613,ncc042,03/10/2025,2025-11-17 16:25:28,64320300.0,64320300.0,0.0
cnt002062,po002868,ncc002,06/10/2025,2025-11-20 00:27:49,83879400.0,45056500.0,38822900.0
cnt002063,po001236,ncc011,06/10/2025,2025-11-20 01:05:55,18291000.0,18291000.0,0.0
CNT002064,po001389,ncc041,06/10/2025,2025-11-20 05:46:06,391745200.0,250321800.0,141423400.0
cnt002065,po002107,ncc014,05/10/2025,2025-11-19 10:09:14,276843200.0,276843200.0,0.0
cnt002066,po000603,ncc041,07/10/2025,2025-11-21 13:50:34,66446100.0,66446100.0,0.0
cnt002067,po001714,ncc039,07/10/2025,2025-11-21 17:53:27,365668000.0,246203400.0,119464600.0
cnt002068,po001317,ncc037,03/10/2025,2025-11-17 20:23:13,21376000.0,21376000.0,0.0
cnt002069,po000743,ncc016,05/10/2025,2025-11-19 21:10:10,109466800.0,53182400.0,56284400.0
cnt002070,po000761,NCC907,05/10/2025,2025-11-19 05:16:31,36058800.0,22616600.0,13442200.0
cnt002071,po001721,ncc036,07/10/2025,2025-11-21 07:25:45,1987200.0,297900.0,1689300.0
cnt002072,PO001541,ncc039,08/10/2025,2025-11-22 14:41:05,20689200.0,20689200.0,0.0
CNT002073,po000104,NCC045,07/10/2025,2025-11-21 20:28:50,23738400.0,23738400.0,0.0
cnt002074,po001780,NCC009,07/10/2025,2025-11-21 23:46:50,80231400.0,54825300.0,25406100.0
cnt002075,po000348,ncc012,06/10/2025,2025-11-20 12:02:04,64330000.0,64330000.0,0.0
cnt002076,po000428,ncc042,08/10/2025,2025-11-22 18:18:28,14566400.0,14566400.0,0.0
CNT002077,po001404,NCC010,06/10/2025,2025-11-20 00:37:12,13629600.0,11130100.0,2499500.0
cnt002078,po002014,ncc003,06/10/2025,2025-11-20 05:12:36,51505700.0,43987300.0,7518400.0
cnt002079,po001135,ncc034,09/10/2025,2025-11-23 06:10:56,525090400.0,525090400.0,0.0
cnt002080,po002073,NCC023,07/10/2025,2025-11-21 04:16:32,48424700.0,38277700.0,10147000.0
cnt002081,po002955,ncc013,11/10/2025,2025-11-25 19:40:11,96755000.0,96755000.0,0.0
CNT002082,PO001330,ncc021,08/10/2025,2025-11-22 08:15:54,29462400.0,25824500.0,3637900.0
cnt002083,PO001073,ncc013,09/10/2025,2025-11-23 08:56:20,12008500.0,12008500.0,0.0
cnt002084,PO001805,ncc004,12/10/2025,2025-11-26 00:14:38,429852000.0,429852000.0,0.0
cnt002085,po001446,ncc007,09/10/2025,2025-11-23 12:56:33,64584000.0,40994000.0,23590000.0
cnt002086,po003251,ncc022,09/10/2025,2025-11-23 13:12:26,29340800.0,9453200.0,19887600.0
cnt002087,po003371,ncc010,12/10/2025,2025-11-26 17:48:26,24915600.0,24915600.0,0.0
cnt002088,po002317,ncc007,12/10/2025,2025-11-26 22:34:40,53157600.0,36181000.0,16976600.0
cnt002089,po001074,NCC044,11/10/2025,2025-11-25 06:03:19,33991800.0,33991800.0,0.0
cnt002090,PO002863,ncc028,13/10/2025,2025-11-27 08:16:29,441636000.0,208358900.0,233277100.0
cnt002091,po002093,ncc031,10/10/2025,2025-11-24 09:34:12,38336200.0,26784500.0,11551700.0
cnt002092,po003209,ncc012,12/10/2025,2025-11-26 14:33:38,39960000.0,23325800.0,16634200.0
cnt002093,PO001095,ncc032,10/10/2025,2025-11-24 21:58:50,46176000.0,46176000.0,0.0
cnt002094,po000811,ncc039,10/10/2025,2025-11-24 23:43:01,9760800.0,9760800.0,0.0
cnt002095,po001546,ncc023,12/10/2025,2025-11-26 23:57:11,21286000.0,21286000.0,0.0
cnt002096,PO003252,NCC038,13/10/2025,2025-11-27 10:49:04,6568800.0,6568800.0,0.0
cnt002097,po003120,ncc040,15/10/2025,2025-11-29 15:56:10,8939100.0,8939100.0,0.0
cnt002098,po003412,ncc012,11/10/2025,2025-11-25 22:00:36,333325200.0,333325200.0,0.0
cnt002099,po000595,NCC900,16/10/2025,2025-11-30 01:15:17,15289200.0,11385500.0,3903700.0
cnt002100,po002200,NCC002,12/10/2025,2025-11-26 11:12:38,10213800.0,10213800.0,0.0
cnt002101,po002527,ncc010,13/10/2025,2025-11-27 11:34:16,75349500.0,7631900.0,67717600.0
cnt002102,po002924,ncc042,14/10/2025,2025-11-28 12:03:16,332207400.0,332207400.0,0.0
cnt002103,po000410,ncc039,12/10/2025,2025-11-26 17:39:38,132010000.0,7946100.0,124063900.0
cnt002104,PO000034,NCC016,13/10/2025,2025-11-27 01:37:01,4451700.0,384100.0,4067600.0
cnt002105,po002161,NCC025,13/10/2025,2025-11-27 04:01:13,66384000.0,66384000.0,0.0
cnt002106,po003337,ncc011,17/10/2025,2025-12-01 06:21:32,457072100.0,70397600.0,386674500.0
cnt002107,po000933,ncc042,17/10/2025,2025-12-01 06:44:32,83140200.0,24161300.0,58978900.0
cnt002108,po001501,ncc009,14/10/2025,2025-11-28 12:03:09,3059900.0,3059900.0,0.0
CNT002109,po003382,NCC038,14/10/2025,2025-11-28 16:44:48,44289000.0,55700.0,44233300.0
cnt002110,po002338,ncc038,17/10/2025,2025-12-01 17:26:19,3117400.0,3117400.0,0.0
cnt002111,po002344,ncc021,17/10/2025,2025-12-01 22:19:44,16341500.0,16341500.0,0.0
cnt002112,po002773,ncc011,14/10/2025,2025-11-28 04:53:31,24174000.0,22780400.0,1393600.0
cnt002113,PO000024,NCC038,16/10/2025,2025-11-30 07:38:17,113447200.0,113447200.0,0.0
cnt002114,PO001381,ncc029,16/10/2025,2025-11-30 08:00:16,173229500.0,173229500.0,0.0
cnt002115,PO002614,NCC021,16/10/2025,2025-11-30 13:43:53,4992000.0,730500.0,4261500.0
CNT002116,po001759,ncc016,2025-10-15,2025-11-29 20:27:29,4221000.0,776200.0,3444800.0
cnt002117,PO001590,ncc015,20/10/2025,2025-12-04 06:50:17,30707600.0,18738000.0,11969600.0
cnt002118,PO001223,ncc027,20/10/2025,2025-12-04 18:12:57,37523200.0,37523200.0,0.0
cnt002119,po001765,ncc023,17/10/2025,2025-12-01 20:14:04,381011700.0,63104500.0,317907200.0
cnt002120,po003127,ncc011,18/10/2025,2025-12-02 07:04:31,114168000.0,114168000.0,0.0
cnt002121,PO002899,ncc033,19/10/2025,2025-12-03 07:15:37,7797900.0,680400.0,7117500.0
CNT002122,po000344,NCC029,19/10/2025,2025-12-03 15:01:13,12998300.0,12998300.0,0.0
cnt002123,PO002767,ncc014,2025-10-19,2025-12-03 16:34:20,393822000.0,120639500.0,273182500.0
cnt002124,PO001328,NCC012,22/10/2025,2025-12-06 02:18:50,3726800.0,3291600.0,435200.0
cnt002125,po000773,ncc044,18/10/2025,2025-12-02 06:49:44,747759600.0,58502800.0,689256800.0
cnt002126,po003499,ncc006,20/10/2025,2025-12-04 09:13:45,96012800.0,28781400.0,67231400.0
cnt002127,po000094,NCC020,21/10/2025,2025-12-05 10:19:56,6160800.0,1328200.0,4832600.0
CNT002128,po001908,ncc028,21/10/2025,2025-12-05 14:41:39,7722000.0,4670800.0,3051200.0
cnt002129,po002067,ncc023,22/10/2025,2025-12-06 15:13:37,35622400.0,16322200.0,19300200.0
cnt002130,po002916,ncc033,23/10/2025,2025-12-07 02:37:02,61038100.0,40185500.0,20852600.0
cnt002131,po002578,ncc018,22/10/2025,2025-12-06 04:55:23,16787500.0,16787500.0,0.0
cnt002132,po003099,ncc033,20/10/2025,2025-12-04 05:25:57,79605900.0,59314900.0,20291000.0
cnt002133,po003293,ncc024,20/10/2025,2025-12-04 05:49:44,77377300.0,77377300.0,0.0
cnt002134,po001426,ncc024,23/10/2025,2025-12-07 09:40:14,146262600.0,65682700.0,80579900.0
CNT002135,po003295,ncc007,20/10/2025,2025-12-04 13:47:46,240036000.0,240036000.0,0.0
cnt002136,po000198,ncc033,20/10/2025,2025-12-04 19:39:45,280292400.0,44225800.0,236066600.0
cnt002137,po001875,ncc016,10/19/2025,2025-12-03 21:59:48,14157500.0,14157500.0,0.0
cnt002138,po000020,NCC019,23/10/2025,2025-12-07 22:14:35,19385600.0,19385600.0,0.0
cnt002139,PO001992,NCC006,24/10/2025,2025-12-08 06:03:04,6435000.0,978100.0,5456900.0
cnt002140,po001547,ncc012,20/10/2025,2025-12-04 11:58:48,520322400.0,520322400.0,0.0
cnt002141,po001930,NCC024,20/10/2025,2025-12-04 14:26:18,17493000.0,17493000.0,0.0
cnt002142,po001003,ncc004,20/10/2025,2025-12-04 20:36:31,308074000.0,234869800.0,73204200.0
cnt002143,po003282,ncc002,2025-10-21,2025-12-05 02:58:37,30114500.0,30114500.0,0.0
cnt002144,PO002037,ncc042,10/22/2025,2025-12-06 17:44:12,87397000.0,87397000.0,0.0
cnt002145,PO000482,NCC020,23/10/2025,2025-12-07 02:26:26,14056200.0,11718900.0,2337300.0
cnt002146,po003340,NCC023,22/10/2025,2025-12-06 08:11:04,9516000.0,980300.0,8535700.0
CNT002147,po003269,ncc006,24/10/2025,2025-12-08 09:54:18,95126400.0,95126400.0,0.0
CNT002148,po002216,NCC030,25/10/2025,2025-12-09 15:10:42,5306400.0,5306400.0,0.0
cnt002149,po001929,ncc007,24/10/2025,2025-12-08 19:18:25,47541000.0,47541000.0,0.0
cnt002150,po000512,ncc033,23/10/2025,2025-12-07 01:13:10,7013100.0,7013100.0,0.0
cnt002151,po003104,ncc036,23/10/2025,2025-12-07 16:02:59,36875000.0,36875000.0,0.0
cnt002152,po002248,ncc028,24/10/2025,2025-12-08 16:38:49,52582500.0,52582500.0,0.0
CNT002153,PO000119,ncc029,25/10/2025,2025-12-09 18:58:47,58422900.0,47865100.0,10557800.0
cnt002154,po003325,ncc003,24/10/2025,2025-12-08 10:59:21,460947600.0,220912300.0,240035300.0
CNT002155,po002239,NCC907,28/10/2025,2025-12-12 11:07:44,28465800.0,28465800.0,0.0
cnt002156,po000419,NCC003,25/10/2025,2025-12-09 21:27:45,230785500.0,230785500.0,0.0
cnt002157,po000033,ncc004,26/10/2025,2025-12-10 22:14:23,43703800.0,27772700.0,15931100.0
cnt002158,PO000688,ncc011,25/10/2025,2025-12-09 04:05:10,75810000.0,75810000.0,0.0
cnt002159,po001628,ncc013,29/10/2025,2025-12-13 11:26:40,8674200.0,8533100.0,141100.0
cnt002160,po002743,NCC011,25/10/2025,2025-12-09 15:04:57,73994400.0,73994400.0,0.0
cnt002161,PO001569,NCC042,25/10/2025,2025-12-09 16:38:42,183560000.0,183560000.0,0.0
cnt002162,po001690,ncc042,29/10/2025,2025-12-13 20:48:50,294512400.0,294512400.0,0.0
cnt002163,po002842,ncc019,25/10/2025,2025-12-09 21:50:16,90517000.0,90517000.0,0.0
CNT002164,PO000988,ncc032,29/10/2025,2025-12-13 00:11:18,19776000.0,9185700.0,10590300.0
cnt002165,po002713,NCC010,30/10/2025,2025-12-14 03:52:03,7854000.0,632000.0,7222000.0
cnt002166,PO002566,ncc003,29/10/2025,2025-12-13 07:40:43,78480000.0,78480000.0,0.0
cnt002167,PO000553,ncc029,28/10/2025,2025-12-12 13:17:41,229747200.0,186182400.0,43564800.0
cnt002168,po001558,ncc041,30/10/2025,2025-12-14 02:08:17,87795200.0,87795200.0,0.0
cnt002169,po001100,ncc016,28/10/2025,2025-12-12 08:39:02,356135600.0,280667200.0,75468400.0
cnt002170,po003434,ncc035,27/10/2025,2025-12-11 09:16:26,9696000.0,9168800.0,527200.0
cnt002171,po003354,ncc017,30/10/2025,2025-12-14 09:42:22,47619400.0,47619400.0,0.0
cnt002172,po001961,ncc033,28/10/2025,2025-12-12 21:29:58,3901500.0,3901500.0,0.0
CNT002173,po002004,ncc001,10/28/2025,2025-12-12 00:28:07,100193700.0,100193700.0,0.0
CNT002174,PO002406,NCC907,01/11/2025,2025-12-16 00:28:57,40031400.0,40031400.0,0.0
CNT002175,PO002551,ncc034,01/11/2025,2025-12-16 03:36:44,17636200.0,13606600.0,4029600.0
CNT002176,po000497,ncc015,28/10/2025,2025-12-12 04:33:26,105643000.0,33809900.0,71833100.0
CNT002177,po001999,ncc043,29/10/2025,2025-12-13 11:16:17,451878800.0,163447700.0,288431100.0
CNT002178,po000233,NCC014,28/10/2025,2025-12-12 13:50:22,22408200.0,22408200.0,0.0
cnt002179,PO000996,NCC028,29/10/2025,2025-12-13 14:59:44,2563600.0,2563600.0,0.0
cnt002180,po000129,ncc013,28/10/2025,2025-12-12 22:05:30,72471000.0,72471000.0,0.0
CNT002181,po000420,ncc029,30/10/2025,2025-12-14 03:10:17,2475900.0,1610600.0,865300.0
cnt002182,PO000924,NCC018,29/10/2025,2025-12-13 15:22:45,43322400.0,43322400.0,0.0
CNT002183,po002460,ncc031,01/11/2025,2025-12-16 22:26:24,32799100.0,32799100.0,0.0
cnt002184,PO002965,ncc009,03/11/2025,2025-12-18 02:29:29,10791600.0,10520800.0,270800.0
CNT002185,PO001299,ncc032,30/10/2025,2025-12-14 02:43:15,83370000.0,83370000.0,0.0
cnt002186,po001383,ncc024,02/11/2025,2025-12-17 08:41:00,11530400.0,11530400.0,0.0
cnt002187,po003288,ncc040,30/10/2025,2025-12-14 12:00:15,25050400.0,25050400.0,0.0
cnt002188,po001221,ncc019,03/11/2025,2025-12-18 18:00:47,24166800.0,24166800.0,0.0
CNT002189,po000698,ncc038,03/11/2025,2025-12-18 18:11:15,234964500.0,234964500.0,0.0
cnt002190,po003182,NCC037,02/11/2025,2025-12-17 05:44:02,4333400.0,4333400.0,0.0
cnt002191,po001291,ncc029,2025-11-02,2025-12-17 08:03:55,98499800.0,98499800.0,0.0
cnt002192,po003457,NCC015,02/11/2025,2025-12-17 17:38:12,380809200.0,380809200.0,0.0
cnt002193,po001065,ncc034,05/11/2025,2025-12-20 02:36:36,23859600.0,23859600.0,0.0
cnt002194,po000151,ncc038,04/11/2025,2025-12-19 12:18:00,1487400.0,166300.0,1321100.0
cnt002195,po000727,NCC018,01/11/2025,2025-12-16 17:35:15,4198400.0,4198400.0,0.0
cnt002196,po000636,ncc020,02/11/2025,2025-12-17 17:47:58,259660800.0,259660800.0,0.0
cnt002197,po002463,ncc025,03/11/2025,2025-12-18 02:51:51,19404000.0,14618000.0,4786000.0
cnt002198,po003312,ncc002,04/11/2025,2025-12-19 04:58:17,95896800.0,95896800.0,0.0
cnt002199,po000628,NCC037,06/11/2025,2025-12-21 05:46:11,11429000.0,10579700.0,849300.0
CNT002200,po001077,ncc016,03/11/2025,2025-12-18 06:58:25,409206700.0,409206700.0,0.0
cnt002201,PO000091,ncc034,03/11/2025,2025-12-18 12:56:18,46464500.0,7658900.0,38805600.0
cnt002202,po000883,ncc007,04/11/2025,2025-12-19 21:53:31,77106600.0,1862300.0,75244300.0
cnt002203,po001887,ncc040,04/11/2025,2025-12-19 03:08:32,7328400.0,6756300.0,572100.0
cnt002204,po000601,ncc036,04/11/2025,2025-12-19 03:57:33,27556000.0,20055900.0,7500100.0
cnt002205,po002631,ncc027,07/11/2025,2025-12-22 16:07:06,335286000.0,335286000.0,0.0
cnt002206,po003053,ncc041,07/11/2025,2025-12-22 00:21:23,4026000.0,713900.0,3312100.0
cnt002207,po001172,NCC017,08/11/2025,2025-12-23 00:26:54,35739700.0,35739700.0,0.0
cnt002208,po002623,ncc032,08/11/2025,2025-12-23 05:02:56,108080000.0,108080000.0,0.0
cnt002209,PO000272,ncc006,05/11/2025,2025-12-20 11:52:05,119806400.0,119806400.0,0.0
cnt002210,po000651,ncc021,06/11/2025,2025-12-21 13:21:54,1767300.0,1767300.0,0.0
cnt002211,po002857,ncc017,08/11/2025,2025-12-23 19:12:42,196389600.0,161101800.0,35287800.0
cnt002212,PO000833,ncc037,08/11/2025,2025-12-23 03:00:15,65481000.0,65481000.0,0.0
cnt002213,po000785,ncc017,08/11/2025,2025-12-23 03:06:42,13876900.0,9344000.0,4532900.0
cnt002214,PO001726,ncc024,09/11/2025,2025-12-24 10:00:37,32423100.0,32423100.0,0.0
cnt002215,po000972,NCC024,05/11/2025,2025-12-20 12:31:37,98027400.0,14347600.0,83679800.0
cnt002216,po001813,ncc008,05/11/2025,2025-12-20 17:52:03,6604500.0,6339700.0,264800.0
cnt002217,PO000700,ncc039,07/11/2025,2025-12-22 19:53:09,140471200.0,138293200.0,2178000.0
cnt002218,po000733,NCC023,06/11/2025,2025-12-21 00:21:20,24142800.0,15311900.0,8830900.0
CNT002219,po002169,NCC006,10/11/2025,2025-12-25 01:30:01,3341800.0,489900.0,2851900.0
cnt002220,po000620,ncc033,06/11/2025,2025-12-21 11:25:46,98444800.0,98444800.0,0.0
cnt002221,po003367,NCC902,08/11/2025,2025-12-23 15:42:00,66467700.0,66467700.0,0.0
cnt002222,PO002600,ncc022,09/11/2025,2025-12-24 18:31:13,21650500.0,19588000.0,2062500.0
cnt002223,po001151,ncc013,09/11/2025,2025-12-24 20:06:12,57070800.0,43033100.0,14037700.0
cnt002224,po001472,ncc007,09/11/2025,2025-12-24 03:34:33,45226100.0,45226100.0,0.0
cnt002225,po002331,ncc019,11/11/2025,2025-12-26 05:53:30,58065800.0,58065800.0,0.0
cnt002226,PO000941,ncc006,08/11/2025,2025-12-23 12:44:21,67153800.0,67153800.0,0.0
cnt002227,po001121,NCC034,07/11/2025,2025-12-22 20:05:49,67942800.0,67942800.0,0.0
cnt002228,po001724,ncc020,11/11/2025,2025-12-26 03:46:40,26180000.0,10016600.0,16163400.0
cnt002229,po003157,ncc015,10/11/2025,2025-12-25 06:47:07,9135000.0,9135000.0,0.0
CNT002230,PO000253,ncc036,12/11/2025,2025-12-27 12:03:46,27144000.0,21495600.0,5648400.0
cnt002231,PO001400,ncc010,09/11/2025,2025-12-24 12:04:14,815683500.0,478953400.0,336730100.0
CNT002232,po003006,NCC007,09/11/2025,2025-12-24 01:58:31,92119200.0,92119200.0,0.0
cnt002233,po000076,ncc023,12/11/2025,2025-12-27 04:00:50,98627400.0,98627400.0,0.0
cnt002234,po000507,ncc018,11/11/2025,2025-12-26 08:17:35,62922300.0,62922300.0,0.0
cnt002235,po002162,ncc003,10/11/2025,2025-12-25 08:32:25,17038700.0,13350700.0,3688000.0
cnt002236,po000764,ncc018,13/11/2025,2025-12-28 00:50:49,42310500.0,42310500.0,0.0
CNT002237,po002764,ncc018,14/11/2025,2025-12-29 02:02:09,67957500.0,67957500.0,0.0
cnt002238,PO003159,NCC012,12/11/2025,2025-12-27 02:41:54,238062000.0,238062000.0,0.0
cnt002239,po000357,NCC041,11/11/2025,2025-12-26 14:33:35,464640000.0,464640000.0,0.0
cnt002240,po001692,NCC008,12/11/2025,2025-12-27 20:24:00,32178300.0,32178300.0,0.0
cnt002241,po002702,ncc011,14/11/2025,2025-12-29 20:39:28,151351500.0,151351500.0,0.0
cnt002242,po001278,ncc040,12/11/2025,2025-12-27 02:50:32,421610000.0,421610000.0,0.0
cnt002243,po002855,NCC008,11/11/2025,2025-12-26 11:11:38,104177000.0,83975800.0,20201200.0
cnt002244,PO002233,NCC001,14/11/2025,2025-12-29 14:24:40,68295800.0,68295800.0,0.0
cnt002245,po000254,NCC021,11/11/2025,2025-12-26 15:25:08,14619600.0,11200500.0,3419100.0
cnt002246,PO002873,NCC012,12/11/2025,2025-12-27 16:51:34,189134400.0,169106700.0,20027700.0
cnt002247,po000258,NCC039,12/11/2025,2025-12-27 19:05:53,6074200.0,2026700.0,4047500.0
CNT002248,po000931,ncc001,12/11/2025,2025-12-27 20:53:06,15490100.0,15490100.0,0.0
cnt002249,PO000569,ncc033,13/11/2025,2025-12-28 23:29:27,69309000.0,69309000.0,0.0
cnt002250,po002489,ncc027,12/11/2025,2025-12-27 07:04:39,109792800.0,28293200.0,81499600.0
cnt002251,po002727,ncc008,12/11/2025,2025-12-27 14:09:52,27820000.0,9705900.0,18114100.0
cnt002252,PO000346,NCC006,12/11/2025,2025-12-27 14:33:30,527846200.0,527846200.0,0.0
cnt002253,po003266,NCC006,15/11/2025,2025-12-30 14:50:49,45628800.0,45628800.0,0.0
cnt002254,PO001051,ncc021,12/11/2025,2025-12-27 20:09:51,18031600.0,5005800.0,13025800.0
CNT002255,PO002665,ncc042,15/11/2025,2025-12-30 21:10:54,30769200.0,30769200.0,0.0
cnt002256,PO002987,ncc044,18/11/2025,2026-01-02 01:17:07,144872500.0,42122600.0,102749900.0
cnt002257,po003192,ncc019,15/11/2025,2025-12-30 03:51:03,86291400.0,9770600.0,76520800.0
CNT002258,po000995,NCC044,18/11/2025,2026-01-02 13:56:49,40495000.0,40495000.0,0.0
cnt002259,po000147,ncc032,16/11/2025,2025-12-31 16:13:20,52347100.0,28244000.0,24103100.0
cnt002260,po002777,NCC031,14/11/2025,2025-12-29 17:52:40,26092400.0,26092400.0,0.0
cnt002261,po003238,ncc037,17/11/2025,2026-01-01 18:55:19,77662000.0,39562800.0,38099200.0
CNT002262,po002947,ncc045,14/11/2025,2025-12-29 20:48:38,46239200.0,46239200.0,0.0
cnt002263,po000987,ncc008,17/11/2025,2026-01-01 06:54:30,63176900.0,63176900.0,0.0
cnt002264,po003422,ncc038,20/11/2025,2026-01-04 09:52:37,466992000.0,280803100.0,186188900.0
cnt002265,po002640,NCC030,20/11/2025,2026-01-04 10:51:11,208255300.0,208255300.0,0.0
cnt002266,po001391,ncc017,17/11/2025,2026-01-01 15:41:02,276816000.0,110683500.0,166132500.0
cnt002267,po001917,NCC038,20/11/2025,2026-01-04 19:06:19,27311000.0,27311000.0,0.0
cnt002268,po000902,ncc040,18/11/2025,2026-01-02 21:37:57,24497100.0,24497100.0,0.0
cnt002269,po001302,ncc026,19/11/2025,2026-01-03 21:49:47,162061200.0,162061200.0,0.0
CNT002270,po001845,ncc025,19/11/2025,2026-01-03 02:03:11,53648200.0,24171900.0,29476300.0
cnt002271,po003375,ncc022,19/11/2025,2026-01-03 05:26:21,15147000.0,15147000.0,0.0
CNT002272,po001024,ncc037,21/11/2025,2026-01-05 15:14:36,45938000.0,17550900.0,28387100.0
cnt002273,PO002427,ncc031,20/11/2025,2026-01-04 22:24:02,358230600.0,358230600.0,0.0
CNT002274,PO002302,ncc039,20/11/2025,2026-01-04 00:28:30,24505900.0,24505900.0,0.0
cnt002275,po003031,ncc007,19/11/2025,2026-01-03 01:47:44,516906000.0,151152700.0,365753300.0
CNT002276,PO002426,NCC033,20/11/2025,2026-01-04 18:26:55,6191500.0,6191500.0,0.0
CNT002277,po003189,ncc024,22/11/2025,2026-01-06 19:25:28,259790000.0,259790000.0,0.0
cnt002278,po002404,ncc040,19/11/2025,2026-01-03 02:54:28,87906600.0,11442800.0,76463800.0
cnt002279,po000919,NCC022,22/11/2025,2026-01-06 04:35:28,42532000.0,42207500.0,324500.0
CNT002280,po003151,ncc043,21/11/2025,2026-01-05 09:22:42,69763200.0,60840800.0,8922400.0
cnt002281,PO000207,NCC025,21/11/2025,2026-01-05 13:48:01,292950000.0,161284700.0,131665300.0
cnt002282,po002594,NCC028,21/11/2025,2026-01-05 08:43:56,58749200.0,58749200.0,0.0
cnt002283,po002428,ncc010,24/11/2025,2026-01-08 02:10:25,19430400.0,11644000.0,7786400.0
CNT002284,po002871,ncc032,25/11/2025,2026-01-09 04:37:37,58586100.0,43622500.0,14963600.0
cnt002285,PO000268,ncc015,21/11/2025,2026-01-05 12:20:17,122185800.0,81287600.0,40898200.0
CNT002286,po001872,ncc012,21/11/2025,2026-01-05 15:21:14,30626100.0,30626100.0,0.0
cnt002287,PO003494,NCC023,24/11/2025,2026-01-08 16:33:37,89318000.0,11292300.0,78025700.0
cnt002288,po000055,ncc035,24/11/2025,2026-01-08 20:08:34,19149600.0,14633300.0,4516300.0
CNT002289,PO000159,ncc032,22/11/2025,2026-01-06 00:24:36,191513400.0,191513400.0,0.0
cnt002290,po000948,ncc023,26/11/2025,2026-01-10 02:05:56,7574800.0,6332400.0,1242400.0
cnt002291,po001170,ncc025,24/11/2025,2026-01-08 09:32:09,3843000.0,3843000.0,0.0
CNT002292,PO001998,ncc042,26/11/2025,2026-01-10 18:36:30,20363400.0,19110400.0,1253000.0
cnt002293,PO003396,ncc005,2025-11-26,2026-01-10 21:24:16,90915000.0,16657200.0,74257800.0
cnt002294,PO003145,ncc023,25/11/2025,2026-01-09 23:33:07,25937600.0,25937600.0,0.0
cnt002295,PO001367,ncc003,23/11/2025,2026-01-07 02:42:01,16095000.0,2728800.0,13366200.0
cnt002296,po003463,ncc034,27/11/2025,2026-01-11 07:52:26,24988800.0,24988800.0,0.0
cnt002297,po002274,ncc019,23/11/2025,2026-01-07 09:36:28,82942200.0,82942200.0,0.0
cnt002298,po000110,ncc014,23/11/2025,2026-01-07 10:03:54,8593500.0,8593500.0,0.0
cnt002299,po000459,ncc045,23/11/2025,2026-01-07 20:16:46,81581100.0,81581100.0,0.0
CNT002300,po003283,ncc003,28/11/2025,2026-01-12 07:33:51,276060000.0,244875900.0,31184100.0
cnt002301,PO001318,ncc038,28/11/2025,2026-01-12 18:00:47,1749600.0,624300.0,1125300.0
cnt002302,po002448,ncc013,26/11/2025,2026-01-10 02:21:03,256467000.0,256467000.0,0.0
cnt002303,PO002964,ncc035,26/11/2025,2026-01-10 06:03:35,31942900.0,31942900.0,0.0
cnt002304,po002396,ncc023,26/11/2025,2026-01-10 06:28:01,65929500.0,43836800.0,22092700.0
cnt002305,po000058,ncc015,27/11/2025,2026-01-11 13:21:59,14385600.0,9989200.0,4396400.0
cnt002306,po002114,ncc037,29/11/2025,2026-01-13 14:44:06,35670000.0,5587500.0,30082500.0
cnt002307,po001222,ncc035,29/11/2025,2026-01-13 18:00:50,149227700.0,149227700.0,0.0
cnt002308,PO001179,ncc044,30/11/2025,2026-01-14 01:02:39,3203900.0,777200.0,2426700.0
cnt002309,PO003308,ncc030,26/11/2025,2026-01-10 03:22:58,39826600.0,39826600.0,0.0
cnt002310,po003453,NCC015,11/30/2025,2026-01-14 07:55:50,10084200.0,10084200.0,0.0
CNT002311,po002219,ncc039,30/11/2025,2026-01-14 11:37:48,16601400.0,774900.0,15826500.0
cnt002312,po003429,ncc044,2025-11-29,2026-01-13 14:51:51,120888000.0,120888000.0,0.0
cnt002313,po001550,ncc027,2025-11-30,2026-01-14 16:45:11,35370000.0,21651700.0,13718300.0
cnt002314,po000281,ncc012,29/11/2025,2026-01-13 18:23:10,396637800.0,137932800.0,258705000.0
CNT002315,po001760,ncc019,30/11/2025,2026-01-14 20:47:11,22914600.0,22914600.0,0.0
cnt002316,po001941,ncc038,27/11/2025,2026-01-11 09:49:20,32073600.0,29476900.0,2596700.0
cnt002317,po001084,ncc029,29/11/2025,2026-01-13 10:52:37,48403000.0,47259800.0,1143200.0
cnt002318,po001970,ncc032,01/12/2025,2026-01-15 11:32:47,108808000.0,108808000.0,0.0
CNT002319,PO000069,ncc015,27/11/2025,2026-01-11 13:23:12,19563600.0,11617000.0,7946600.0
cnt002320,po000464,ncc042,27/11/2025,2026-01-11 19:54:40,10136000.0,2817900.0,7318100.0
CNT002321,po001519,ncc009,29/11/2025,2026-01-13 20:19:27,59768100.0,59768100.0,0.0
cnt002322,po000005,ncc039,01/12/2025,2026-01-15 20:32:29,24130400.0,2555300.0,21575100.0
cnt002323,po000192,ncc035,29/11/2025,2026-01-13 06:58:05,521831200.0,521831200.0,0.0
cnt002324,po000111,ncc003,29/11/2025,2026-01-13 10:52:02,392554800.0,392554800.0,0.0
cnt002325,PO001584,ncc007,30/11/2025,2026-01-14 11:23:53,36685000.0,23887100.0,12797900.0
CNT002326,po001271,ncc024,30/11/2025,2026-01-14 16:09:50,30353600.0,30353600.0,0.0
cnt002327,po000332,ncc001,01/12/2025,2026-01-15 16:41:22,9164700.0,3095600.0,6069100.0
CNT002328,PO000586,ncc007,02/12/2025,2026-01-16 19:03:04,174260000.0,62515800.0,111744200.0
cnt002329,po000788,ncc042,30/11/2025,2026-01-14 05:25:07,4712400.0,1859800.0,2852600.0
CNT002330,po003223,ncc041,30/11/2025,2026-01-14 09:34:44,317651500.0,195027600.0,122623900.0
cnt002331,PO002113,ncc040,29/11/2025,2026-01-13 11:19:07,9495000.0,3422500.0,6072500.0
cnt002332,po001067,ncc014,02/12/2025,2026-01-16 14:20:49,51352400.0,39011700.0,12340700.0
cnt002333,po003081,ncc038,03/12/2025,2026-01-17 19:02:37,104458200.0,104458200.0,0.0
cnt002334,po000990,ncc030,02/12/2025,2026-01-16 06:25:06,41565600.0,5254500.0,36311100.0
cnt002335,PO000579,ncc005,03/12/2025,2026-01-17 14:45:50,51736000.0,51736000.0,0.0
cnt002336,po003294,ncc020,03/12/2025,2026-01-17 23:46:29,303324000.0,303324000.0,0.0
cnt002337,po002555,NCC032,05/12/2025,2026-01-19 01:30:21,56180800.0,56180800.0,0.0
cnt002338,po001624,ncc013,02/12/2025,2026-01-16 15:57:30,222971000.0,1696200.0,221274800.0
CNT002339,po003042,ncc030,04/12/2025,2026-01-18 08:13:56,8634600.0,8634600.0,0.0
cnt002340,PO000164,ncc019,06/12/2025,2026-01-20 11:08:45,34496000.0,34496000.0,0.0
cnt002341,po002210,NCC904,03/12/2025,2026-01-17 18:34:10,47108400.0,47108400.0,0.0
CNT002342,po002978,ncc034,04/12/2025,2026-01-18 01:43:36,18508000.0,18508000.0,0.0
cnt002343,po002124,ncc020,05/12/2025,2026-01-19 08:43:45,24375400.0,24375400.0,0.0
cnt002344,po000116,ncc031,05/12/2025,2026-01-19 09:32:11,43961900.0,25711400.0,18250500.0
cnt002345,po003365,ncc007,07/12/2025,2026-01-21 13:18:37,28265900.0,28265900.0,0.0
CNT002346,po003289,NCC014,07/12/2025,2026-01-21 02:09:31,15982800.0,15932000.0,50800.0
CNT002347,po000816,ncc016,07/12/2025,2026-01-21 07:34:11,13360400.0,13360400.0,0.0
cnt002348,PO003244,ncc040,04/12/2025,2026-01-18 14:05:12,313761000.0,313761000.0,0.0
cnt002349,po002895,ncc008,07/12/2025,2026-01-21 20:02:22,396536400.0,285258600.0,111277800.0
cnt002350,po002656,NCC001,07/12/2025,2026-01-21 09:00:09,15275900.0,15275900.0,0.0
CNT002351,po001516,ncc013,08/12/2025,2026-01-22 16:25:04,110551600.0,110551600.0,0.0
cnt002352,po003351,ncc001,05/12/2025,2026-01-19 19:15:20,95450700.0,7993700.0,87457000.0
CNT002353,po002498,ncc025,07/12/2025,2026-01-21 19:22:17,15912000.0,15912000.0,0.0
cnt002354,PO002102,ncc039,07/12/2025,2026-01-21 02:09:16,29206800.0,29206800.0,0.0
cnt002355,PO001301,ncc008,07/12/2025,2026-01-21 06:29:48,251152600.0,251152600.0,0.0
cnt002356,PO003136,ncc004,07/12/2025,2026-01-21 07:42:02,37303200.0,37303200.0,0.0
cnt002357,po001989,NCC012,06/12/2025,2026-01-20 08:41:40,29187000.0,29187000.0,0.0
cnt002358,po002601,ncc037,08/12/2025,2026-01-22 09:35:27,68422600.0,40981500.0,27441100.0
CNT002359,po002633,ncc040,06/12/2025,2026-01-20 11:33:28,18563500.0,18563500.0,0.0
CNT002360,po000522,ncc026,09/12/2025,2026-01-23 13:51:48,50540400.0,50540400.0,0.0
cnt002361,po003285,ncc001,08/12/2025,2026-01-22 16:52:53,14675500.0,7044900.0,7630600.0
cnt002362,po003215,ncc010,08/12/2025,2026-01-22 19:09:25,42636000.0,42636000.0,0.0
cnt002363,po001040,ncc011,09/12/2025,2026-01-23 09:49:38,8841000.0,8841000.0,0.0
cnt002364,PO001090,ncc003,09/12/2025,2026-01-23 20:19:38,130713000.0,94440200.0,36272800.0
cnt002365,PO000704,ncc001,07/12/2025,2026-01-21 23:59:44,86538600.0,86538600.0,0.0
cnt002366,po002116,ncc019,08/12/2025,2026-01-22 10:28:58,122638300.0,122638300.0,0.0
cnt002367,PO001231,NCC901,09/12/2025,2026-01-23 11:13:17,18600000.0,17629800.0,970200.0
cnt002368,PO000109,NCC024,12/12/2025,2026-01-26 15:54:23,37566400.0,2996700.0,34569700.0
CNT002369,po001210,NCC019,12/12/2025,2026-01-26 20:24:18,411765600.0,411765600.0,0.0
cnt002370,po000818,ncc034,09/12/2025,2026-01-23 01:08:04,22086400.0,14842800.0,7243600.0
cnt002371,po003179,NCC038,14/12/2025,2026-01-28 04:27:47,105932200.0,105932200.0,0.0
cnt002372,po002607,ncc038,14/12/2025,2026-01-28 09:02:55,17821000.0,17821000.0,0.0
cnt002373,po002754,ncc041,12/12/2025,2026-01-26 11:48:43,2639000.0,2639000.0,0.0
CNT002374,po003446,ncc015,12/12/2025,2026-01-26 16:03:56,81583500.0,81583500.0,0.0
CNT002375,po002156,ncc032,11/12/2025,2026-01-25 14:12:23,6141000.0,6141000.0,0.0
CNT002376,po001621,ncc007,13/12/2025,2026-01-27 21:12:40,66783000.0,6518500.0,60264500.0
cnt002377,po002976,ncc004,15/12/2025,2026-01-29 04:30:47,45317200.0,19527100.0,25790100.0
cnt002378,po001083,ncc032,16/12/2025,2026-01-30 05:07:54,60991200.0,50767800.0,10223400.0
cnt002379,PO003464,ncc012,16/12/2025,2026-01-30 07:52:50,5611500.0,5611500.0,0.0
cnt002380,po002878,NCC011,15/12/2025,2026-01-29 13:43:18,180526500.0,123822600.0,56703900.0
cnt002381,po003183,ncc030,13/12/2025,2026-01-27 02:41:39,95520200.0,36741300.0,58778900.0
cnt002382,po000452,ncc044,16/12/2025,2026-01-30 04:29:11,35910000.0,35910000.0,0.0
cnt002383,po002838,ncc018,16/12/2025,2026-01-30 07:29:19,50809600.0,50809600.0,0.0
cnt002384,po000461,NCC008,15/12/2025,2026-01-29 08:18:34,7560000.0,7560000.0,0.0
CNT002385,po002414,NCC021,13/12/2025,2026-01-27 15:19:50,76388400.0,76388400.0,0.0
cnt002386,po002793,ncc042,18/12/2025,2026-02-01 02:09:50,25234000.0,25234000.0,0.0
cnt002387,po001962,NCC035,15/12/2025,2026-01-29 10:24:51,639883400.0,95258100.0,544625300.0
CNT002388,po002144,ncc002,15/12/2025,2026-01-29 00:43:06,20235000.0,20235000.0,0.0
cnt002389,po000508,ncc040,16/12/2025,2026-01-30 19:18:32,80136000.0,80136000.0,0.0
cnt002390,PO000136,NCC031,19/12/2025,2026-02-02 22:14:24,77397600.0,13751900.0,63645700.0
cnt002391,PO000495,ncc027,18/12/2025,2026-02-01 01:37:56,9044000.0,9044000.0,0.0
CNT002392,po002758,ncc008,16/12/2025,2026-01-30 02:40:24,16261900.0,9254300.0,7007600.0
cnt002393,PO002099,ncc037,17/12/2025,2026-01-31 14:50:02,396798800.0,396798800.0,0.0
cnt002394,po001711,ncc021,20/12/2025,2026-02-03 21:06:59,4485000.0,4485000.0,0.0
cnt002395,po002321,ncc044,16/12/2025,2026-01-30 22:23:42,39452400.0,39452400.0,0.0
cnt002396,PO001380,ncc029,17/12/2025,2026-01-31 05:10:25,51855600.0,51855600.0,0.0
cnt002397,po000837,ncc013,19/12/2025,2026-02-02 12:26:25,62462900.0,41067600.0,21395300.0
cnt002398,po001703,ncc037,19/12/2025,2026-02-02 15:29:00,41205600.0,41205600.0,0.0
cnt002399,po003262,ncc019,21/12/2025,2026-02-04 18:47:57,55386800.0,55386800.0,0.0
cnt002400,po002036,ncc023,19/12/2025,2026-02-02 22:04:09,35419200.0,22457900.0,12961300.0
CNT002401,po001320,NCC038,18/12/2025,2026-02-01 10:00:35,26836700.0,26836700.0,0.0
CNT002402,po002225,ncc029,21/12/2025,2026-02-04 17:47:19,67045500.0,51566200.0,15479300.0
cnt002403,po002343,NCC029,23/12/2025,2026-02-06 01:09:52,23241200.0,23241200.0,0.0
cnt002404,po002724,ncc016,19/12/2025,2026-02-02 04:30:44,11908800.0,5906300.0,6002500.0
cnt002405,po001014,NCC907,23/12/2025,2026-02-06 04:34:25,2313500.0,2313500.0,0.0
cnt002406,po003102,NCC043,23/12/2025,2026-02-06 05:15:30,7822000.0,7822000.0,0.0
cnt002407,po000626,NCC039,19/12/2025,2026-02-02 09:49:00,163060200.0,163060200.0,0.0
CNT002408,po000942,ncc006,23/12/2025,2026-02-06 13:45:18,40758400.0,15131400.0,25627000.0
cnt002409,po002776,NCC905,2025-12-19,2026-02-02 14:12:16,34694000.0,14716100.0,19977900.0
cnt002410,PO001647,NCC904,20/12/2025,2026-02-03 15:48:02,63081500.0,63081500.0,0.0
cnt002411,po000434,NCC011,19/12/2025,2026-02-02 16:28:21,59674200.0,18694300.0,40979900.0
cnt002412,PO001855,ncc026,22/12/2025,2026-02-05 04:47:41,6246000.0,6246000.0,0.0
cnt002413,po003436,ncc029,20/12/2025,2026-02-03 05:35:32,21890000.0,21890000.0,0.0
cnt002414,po001599,ncc016,21/12/2025,2026-02-04 06:02:39,27477000.0,16440800.0,11036200.0
cnt002415,PO001795,NCC015,23/12/2025,2026-02-06 08:53:55,86367400.0,86367400.0,0.0
cnt002416,po001837,ncc031,21/12/2025,2026-02-04 13:27:11,55575000.0,55575000.0,0.0
cnt002417,po000836,ncc019,2025-12-23,2026-02-06 15:59:49,613360000.0,568971800.0,44388200.0
cnt002418,po000309,NCC043,24/12/2025,2026-02-07 17:59:52,90548500.0,56850700.0,33697800.0
cnt002419,PO001826,ncc023,12/23/2025,2026-02-06 19:44:31,1483500.0,1483500.0,0.0
cnt002420,PO002375,ncc008,20/12/2025,2026-02-03 20:17:10,146730800.0,146730800.0,0.0
cnt002421,po001702,ncc031,20/12/2025,2026-02-03 23:19:24,11320800.0,11320800.0,0.0
cnt002422,po001276,NCC011,24/12/2025,2026-02-07 01:51:28,13462400.0,13462400.0,0.0
cnt002423,po002018,ncc007,23/12/2025,2026-02-06 13:40:52,10872400.0,10872400.0,0.0
cnt002424,PO002222,ncc001,22/12/2025,2026-02-05 15:34:26,53676000.0,89400.0,53586600.0
cnt002425,po000631,NCC013,22/12/2025,2026-02-05 16:31:43,30516400.0,30516400.0,0.0
cnt002426,po001119,ncc031,24/12/2025,2026-02-07 18:31:27,35996600.0,33261600.0,2735000.0
cnt002427,po002350,ncc028,25/12/2025,2026-02-08 18:57:46,206529000.0,95541700.0,110987300.0
cnt002428,po000544,ncc012,21/12/2025,2026-02-04 21:34:05,51521400.0,36828500.0,14692900.0
cnt002429,PO000107,ncc030,24/12/2025,2026-02-07 08:22:07,152783700.0,152783700.0,0.0
cnt002430,PO002030,ncc007,22/12/2025,2026-02-05 17:08:43,78593400.0,57603800.0,20989600.0
cnt002431,po001082,NCC018,23/12/2025,2026-02-06 19:39:16,7798800.0,2594500.0,5204300.0
cnt002432,PO002420,ncc021,24/12/2025,2026-02-07 20:08:42,9373200.0,9373200.0,0.0
CNT002433,PO002667,ncc034,23/12/2025,2026-02-06 23:06:53,11058500.0,11058500.0,0.0
cnt002434,po000817,ncc023,24/12/2025,2026-02-07 07:13:37,31350400.0,31350400.0,0.0
cnt002435,po001137,ncc039,27/12/2025,2026-02-10 19:25:16,3227300.0,3227300.0,0.0
cnt002436,po001767,ncc017,26/12/2025,2026-02-09 22:18:48,6787800.0,6787800.0,0.0
cnt002437,po000106,ncc037,25/12/2025,2026-02-08 03:08:53,19344600.0,14675700.0,4668900.0
cnt002438,PO000575,ncc039,26/12/2025,2026-02-09 14:55:06,5553300.0,4298300.0,1255000.0
CNT002439,po001109,NCC045,28/12/2025,2026-02-11 16:48:09,325753600.0,325753600.0,0.0
cnt002440,po002365,ncc012,28/12/2025,2026-02-11 17:13:57,20034000.0,16150800.0,3883200.0
cnt002441,po002998,NCC023,28/12/2025,2026-02-11 20:56:18,588965000.0,588965000.0,0.0
CNT002442,po001907,NCC031,26/12/2025,2026-02-09 22:55:30,464115600.0,214552100.0,249563500.0
cnt002443,PO001665,NCC005,26/12/2025,2026-02-09 00:22:05,36738000.0,23059600.0,13678400.0
cnt002444,po002918,ncc008,28/12/2025,2026-02-11 12:46:24,26942600.0,19217300.0,7725300.0
cnt002445,po003420,ncc016,25/12/2025,2026-02-08 14:44:37,11144000.0,11144000.0,0.0
cnt002446,po002833,ncc011,29/12/2025,2026-02-12 01:24:29,150319400.0,104648300.0,45671100.0
CNT002447,PO000199,ncc036,29/12/2025,2026-02-12 01:44:32,6894000.0,6894000.0,0.0
cnt002448,PO002874,ncc033,26/12/2025,2026-02-09 05:43:50,9860400.0,9860400.0,0.0
cnt002449,po000597,ncc016,29/12/2025,2026-02-12 11:47:19,464265000.0,464265000.0,0.0
cnt002450,po002590,ncc030,2025-12-27,2026-02-10 11:55:11,569060000.0,569060000.0,0.0
cnt002451,po002804,ncc023,28/12/2025,2026-02-11 13:36:56,21667500.0,21667500.0,0.0
cnt002452,po000991,ncc027,28/12/2025,2026-02-11 20:40:09,60181800.0,60181800.0,0.0
cnt002453,po001193,ncc024,30/12/2025,2026-02-13 21:32:08,3109300.0,3109300.0,0.0
cnt002454,po002778,ncc007,31/12/2025,2026-02-14 01:45:33,37440000.0,23140300.0,14299700.0
cnt002455,po002606,ncc004,29/12/2025,2026-02-12 01:46:03,15450400.0,15450400.0,0.0
CNT002456,PO000581,NCC027,29/12/2025,2026-02-12 03:22:16,36832800.0,36832800.0,0.0
cnt002457,po001288,ncc004,31/12/2025,2026-02-14 08:01:38,27084400.0,27084400.0,0.0
cnt002458,PO002536,ncc008,28/12/2025,2026-02-11 19:12:44,19250100.0,15830000.0,3420100.0
cnt002459,po001503,ncc018,29/12/2025,2026-02-12 19:52:18,54448000.0,34254000.0,20194000.0
cnt002460,po003227,ncc022,31/12/2025,2026-02-14 01:34:58,101516000.0,28419900.0,73096100.0
cnt002461,po002815,ncc013,30/12/2025,2026-02-13 04:46:58,73840900.0,50481700.0,23359200.0
cnt002462,po001727,ncc001,28/12/2025,2026-02-11 07:40:02,145220000.0,145220000.0,0.0
cnt002463,po001022,ncc035,30/12/2025,2026-02-13 10:41:09,11102000.0,7276500.0,3825500.0
cnt002464,PO000089,ncc042,29/12/2025,2026-02-12 18:46:13,286748000.0,286748000.0,0.0
cnt002465,po003119,ncc034,30/12/2025,2026-02-13 22:25:12,5238300.0,5238300.0,0.0
cnt002466,po003166,ncc035,31/12/2025,2026-02-14 07:46:46,473947500.0,21616400.0,452331100.0
cnt002467,po000799,ncc019,30/12/2025,2026-02-13 23:59:51,16869600.0,16869600.0,0.0
cnt002468,po002500,ncc026,02/01/2026,2026-02-16 02:02:20,35379300.0,34039200.0,1340100.0
cnt002469,PO001235,ncc015,31/12/2025,2026-02-14 12:37:19,110105600.0,20710800.0,89394800.0
cnt002470,po002158,ncc028,30/12/2025,2026-02-13 20:15:58,41176800.0,41176800.0,0.0
cnt002471,po001145,ncc033,03/01/2026,2026-02-17 23:01:37,29580000.0,29580000.0,0.0
cnt002472,po003450,NCC026,01/01/2026,2026-02-15 14:43:20,67061500.0,67061500.0,0.0
cnt002473,PO003000,ncc017,03/01/2026,2026-02-17 21:08:24,36922300.0,36922300.0,0.0
cnt002474,PO000886,ncc017,01/01/2026,2026-02-15 21:55:42,74097900.0,74097900.0,0.0
cnt002475,po002582,ncc025,03/01/2026,2026-02-17 00:40:29,107253100.0,1100200.0,106152900.0
cnt002476,po002178,NCC001,04/01/2026,2026-02-18 04:01:20,5358000.0,747600.0,4610400.0
cnt002477,po000541,ncc016,01/01/2026,2026-02-15 20:27:30,168417500.0,157522100.0,10895400.0
cnt002478,po000845,ncc004,06/01/2026,2026-02-20 12:16:48,35978600.0,26291600.0,9687000.0
cnt002479,po002694,ncc014,02/01/2026,2026-02-16 16:47:04,18837000.0,18837000.0,0.0
cnt002480,po003405,ncc026,02/01/2026,2026-02-16 17:30:27,20026000.0,14935900.0,5090100.0
CNT002481,po000460,ncc033,05/01/2026,2026-02-19 19:58:12,113657100.0,113657100.0,0.0
cnt002482,po002006,ncc024,02/01/2026,2026-02-16 22:58:19,45119700.0,45119700.0,0.0
cnt002483,po002628,ncc009,03/01/2026,2026-02-17 23:26:14,113871100.0,113871100.0,0.0
cnt002484,po000515,ncc035,05/01/2026,2026-02-19 23:51:43,18211200.0,17284800.0,926400.0
cnt002485,po002364,ncc033,07/01/2026,2026-02-21 00:56:08,46116000.0,46116000.0,0.0
cnt002486,po001337,ncc022,05/01/2026,2026-02-19 10:48:27,12762900.0,12762900.0,0.0
CNT002487,PO000549,ncc008,2026-01-07,2026-02-21 19:11:31,423977400.0,288408700.0,135568700.0
cnt002488,po003018,ncc011,04/01/2026,2026-02-18 07:28:19,210207900.0,204267000.0,5940900.0
cnt002489,PO003466,ncc004,07/01/2026,2026-02-21 08:21:21,24213600.0,24213600.0,0.0
CNT002490,po001396,ncc038,08/01/2026,2026-02-22 14:39:20,67836800.0,67836800.0,0.0
cnt002491,po002324,ncc027,07/01/2026,2026-02-21 20:28:34,7591900.0,1948000.0,5643900.0
cnt002492,PO000670,ncc041,01/07/2026,2026-02-21 03:53:35,130831800.0,130831800.0,0.0
cnt002493,po001229,NCC030,09/01/2026,2026-02-23 06:51:22,294117500.0,259366600.0,34750900.0
cnt002494,po001776,ncc029,05/01/2026,2026-02-19 12:47:07,47722500.0,47722500.0,0.0
cnt002495,PO000851,ncc006,07/01/2026,2026-02-21 14:17:31,71289600.0,50725500.0,20564100.0
cnt002496,po001152,ncc017,06/01/2026,2026-02-20 17:57:43,17964600.0,15173600.0,2791000.0
cnt002497,po002803,ncc045,2026-01-05,2026-02-19 18:54:00,13752900.0,5216200.0,8536700.0
cnt002498,po000421,ncc011,05/01/2026,2026-02-19 20:29:01,64374200.0,64374200.0,0.0
cnt002499,po003121,ncc027,06/01/2026,2026-02-20 23:58:56,181552800.0,181552800.0,0.0
cnt002500,PO003236,ncc028,07/01/2026,2026-02-21 05:53:56,61087500.0,24477500.0,36610000.0
cnt002501,po003249,NCC023,08/01/2026,2026-02-22 12:19:36,85225500.0,85225500.0,0.0
cnt002502,po003144,ncc027,06/01/2026,2026-02-20 14:55:19,46425600.0,22841000.0,23584600.0
cnt002503,po002909,ncc012,10/01/2026,2026-02-24 22:21:02,10655400.0,6040800.0,4614600.0
cnt002504,po002237,ncc014,08/01/2026,2026-02-22 01:32:03,358900100.0,358900100.0,0.0
cnt002505,po003025,ncc033,08/01/2026,2026-02-22 07:43:37,143852800.0,10630000.0,133222800.0
CNT002506,po000313,ncc032,10/01/2026,2026-02-24 20:47:20,11423200.0,11423200.0,0.0
CNT002507,po001130,ncc025,08/01/2026,2026-02-22 00:16:27,75515700.0,60879300.0,14636400.0
cnt002508,po003311,ncc036,09/01/2026,2026-02-23 03:07:39,134731800.0,126628600.0,8103200.0
CNT002509,po002493,ncc028,10/01/2026,2026-02-24 03:29:33,454824900.0,454824900.0,0.0
CNT002510,PO000747,ncc001,09/01/2026,2026-02-23 05:59:12,137378000.0,108889600.0,28488400.0
cnt002511,po000429,NCC037,12/01/2026,2026-02-26 08:58:41,232668000.0,183040400.0,49627600.0
cnt002512,PO000160,NCC004,10/01/2026,2026-02-24 12:35:58,48774600.0,45380600.0,3394000.0
cnt002513,po000997,NCC017,12/01/2026,2026-02-26 16:21:47,6584400.0,6584400.0,0.0
cnt002514,po002687,ncc022,01/12/2026,2026-02-26 16:38:31,41382400.0,39797700.0,1584700.0
cnt002515,po002312,ncc037,10/01/2026,2026-02-24 20:08:53,62694000.0,62694000.0,0.0
cnt002516,PO000627,ncc023,12/01/2026,2026-02-26 00:19:00,83756800.0,83756800.0,0.0
cnt002517,PO000473,NCC027,11/01/2026,2026-02-25 05:55:34,17836000.0,17836000.0,0.0
cnt002518,po001418,ncc033,13/01/2026,2026-02-27 09:55:03,49926400.0,49926400.0,0.0
CNT002519,po002416,ncc030,12/01/2026,2026-02-26 13:20:32,20829200.0,8457500.0,12371700.0
cnt002520,PO001305,ncc041,13/01/2026,2026-02-27 13:27:49,56429000.0,56417400.0,11600.0
cnt002521,PO003391,ncc045,12/01/2026,2026-02-26 15:02:33,56974800.0,418600.0,56556200.0
cnt002522,po002101,NCC018,10/01/2026,2026-02-24 21:24:17,12390400.0,12390400.0,0.0
CNT002523,po000221,ncc022,13/01/2026,2026-02-27 02:25:00,100903500.0,76217800.0,24685700.0
CNT002524,po003272,NCC040,13/01/2026,2026-02-27 19:32:09,18100500.0,18100500.0,0.0
cnt002525,po000220,ncc015,10/01/2026,2026-02-24 21:27:23,26361000.0,26361000.0,0.0
CNT002526,PO002360,ncc040,15/01/2026,2026-03-01 08:55:01,38133000.0,23904700.0,14228300.0
cnt002527,po002887,ncc011,01/13/2026,2026-02-27 09:38:39,16214400.0,16214400.0,0.0
cnt002528,PO002012,ncc043,11/01/2026,2026-02-25 10:00:37,168608100.0,168608100.0,0.0
cnt002529,po002140,ncc013,11/01/2026,2026-02-25 12:30:37,9194900.0,9194900.0,0.0
cnt002530,po001871,ncc019,12/01/2026,2026-02-26 15:31:16,154341200.0,70905300.0,83435900.0
cnt002531,po003085,NCC009,01/12/2026,2026-02-26 17:30:26,2143200.0,2000000.0,143200.0
cnt002532,po000965,ncc031,13/01/2026,2026-02-27 20:03:56,7588400.0,7588400.0,0.0
cnt002533,po002822,ncc020,13/01/2026,2026-02-27 23:41:46,173983700.0,173983700.0,0.0
cnt002534,po001037,ncc006,12/01/2026,2026-02-26 00:45:20,380782800.0,380782800.0,0.0
cnt002535,PO001099,NCC012,12/01/2026,2026-02-26 05:04:02,3740800.0,3740800.0,0.0
cnt002536,po000176,NCC041,15/01/2026,2026-03-01 07:50:50,95420000.0,47164300.0,48255700.0
cnt002537,PO002226,ncc008,16/01/2026,2026-03-02 09:05:40,65394700.0,27960200.0,37434500.0
cnt002538,PO000691,NCC037,14/01/2026,2026-02-28 09:40:54,11562300.0,1905400.0,9656900.0
cnt002539,po000441,ncc033,12/01/2026,2026-02-26 10:27:24,35537700.0,14083100.0,21454600.0
cnt002540,po002904,NCC020,15/01/2026,2026-03-01 18:06:42,592754400.0,125501000.0,467253400.0
cnt002541,PO002402,ncc025,13/01/2026,2026-02-27 22:15:15,7062000.0,3111300.0,3950700.0
cnt002542,po003330,ncc034,14/01/2026,2026-02-28 01:14:48,5062200.0,628400.0,4433800.0
cnt002543,po002626,ncc030,14/01/2026,2026-02-28 15:07:21,9345800.0,7446600.0,1899200.0
cnt002544,po001218,ncc026,16/01/2026,2026-03-02 19:50:25,27252700.0,27252700.0,0.0
cnt002545,po003047,ncc003,15/01/2026,2026-03-01 23:54:27,81939200.0,81939200.0,0.0
cnt002546,po002299,ncc008,15/01/2026,2026-03-01 03:38:44,22712800.0,22156800.0,556000.0
cnt002547,po000365,NCC003,14/01/2026,2026-02-28 07:37:53,159795600.0,111583400.0,48212200.0
cnt002548,po002672,ncc040,15/01/2026,2026-03-01 10:15:48,5632200.0,3430000.0,2202200.0
cnt002549,po001798,ncc019,18/01/2026,2026-03-04 16:52:25,9941600.0,6278200.0,3663400.0
cnt002550,PO000363,ncc005,2026-01-16,2026-03-02 09:26:25,682442800.0,509843500.0,172599300.0
cnt002551,po002112,NCC008,16/01/2026,2026-03-02 18:23:57,20543400.0,20543400.0,0.0
cnt002552,PO002681,ncc002,17/01/2026,2026-03-03 23:17:38,30800900.0,30800900.0,0.0
cnt002553,po003483,ncc015,20/01/2026,2026-03-06 12:50:00,47775600.0,6749200.0,41026400.0
CNT002554,po002440,ncc042,20/01/2026,2026-03-06 15:03:38,305798800.0,299869100.0,5929700.0
cnt002555,po000238,ncc038,16/01/2026,2026-03-02 15:06:45,62325000.0,62325000.0,0.0
cnt002556,po000552,ncc026,18/01/2026,2026-03-04 17:52:08,741600000.0,285516400.0,456083600.0
cnt002557,PO000726,NCC031,18/01/2026,2026-03-04 10:00:27,14497800.0,14497800.0,0.0
cnt002558,po000366,ncc025,20/01/2026,2026-03-06 15:41:12,451675800.0,451675800.0,0.0
cnt002559,po000725,ncc007,19/01/2026,2026-03-05 16:37:33,6541700.0,6541700.0,0.0
cnt002560,po001110,ncc023,18/01/2026,2026-03-04 18:28:20,19936400.0,4522800.0,15413600.0
CNT002561,po002591,NCC041,18/01/2026,2026-03-04 18:33:08,11774400.0,9962400.0,1812000.0
CNT002562,po000121,ncc005,17/01/2026,2026-03-03 20:49:36,129312300.0,129312300.0,0.0
cnt002563,po003170,ncc036,19/01/2026,2026-03-05 10:11:05,58201200.0,7829000.0,50372200.0
CNT002564,po001866,ncc036,24/01/2026,2026-03-10 06:14:46,144108900.0,16835200.0,127273700.0
cnt002565,po000951,ncc008,23/01/2026,2026-03-09 07:48:05,81423000.0,81135400.0,287600.0
cnt002566,po000307,ncc033,23/01/2026,2026-03-09 10:25:32,33147400.0,15551600.0,17595800.0
cnt002567,po002805,ncc009,22/01/2026,2026-03-08 13:13:58,55622000.0,40516900.0,15105100.0
cnt002568,PO000194,NCC006,24/01/2026,2026-03-10 17:19:36,131299500.0,100161200.0,31138300.0
CNT002569,po000889,NCC032,25/01/2026,2026-03-11 11:38:04,5755200.0,5755200.0,0.0
cnt002570,po003454,ncc020,22/01/2026,2026-03-08 13:16:59,3876600.0,3876600.0,0.0
cnt002571,po000677,NCC903,24/01/2026,2026-03-10 17:23:05,14868000.0,14868000.0,0.0
CNT002572,po002206,ncc038,24/01/2026,2026-03-10 17:23:31,47572800.0,27711300.0,19861500.0
cnt002573,PO003242,ncc002,26/01/2026,2026-03-12 05:47:51,149094000.0,149094000.0,0.0
cnt002574,po001783,ncc035,23/01/2026,2026-03-09 06:03:25,59266800.0,59266800.0,0.0
cnt002575,po002813,ncc015,26/01/2026,2026-03-12 09:43:43,52387300.0,52387300.0,0.0
cnt002576,PO001214,ncc019,23/01/2026,2026-03-09 17:57:51,92970800.0,92970800.0,0.0
cnt002577,PO002267,ncc031,22/01/2026,2026-03-08 19:48:46,111484800.0,111484800.0,0.0
CNT002578,PO000658,ncc005,26/01/2026,2026-03-12 20:22:31,92643600.0,63989400.0,28654200.0
cnt002579,po000472,ncc007,23/01/2026,2026-03-09 21:05:12,43405800.0,2880200.0,40525600.0
cnt002580,PO002455,ncc016,23/01/2026,2026-03-09 02:43:48,314106100.0,47739100.0,266367000.0
cnt002581,po001646,ncc004,24/01/2026,2026-03-10 09:24:52,101673000.0,63111500.0,38561500.0
cnt002582,po000443,NCC030,27/01/2026,2026-03-13 14:30:25,81696400.0,6069900.0,75626500.0
CNT002583,po002770,ncc031,26/01/2026,2026-03-12 17:14:32,240937600.0,240937600.0,0.0
cnt002584,po003247,ncc020,25/01/2026,2026-03-11 23:40:39,139053200.0,139053200.0,0.0
cnt002585,po002897,ncc008,28/01/2026,2026-03-14 08:00:39,43641000.0,43641000.0,0.0
CNT002586,po001615,NCC010,2026-01-24,2026-03-10 09:10:35,84411000.0,37296600.0,47114400.0
cnt002587,PO000980,ncc028,28/01/2026,2026-03-14 10:00:56,10193400.0,10193400.0,0.0
CNT002588,po001079,NCC023,01/28/2026,2026-03-14 17:49:18,107802000.0,90681200.0,17120800.0
cnt002589,PO001663,ncc033,27/01/2026,2026-03-13 06:20:01,4608400.0,1934200.0,2674200.0
cnt002590,PO002193,ncc036,29/01/2026,2026-03-15 13:46:50,41546700.0,30818400.0,10728300.0
cnt002591,po002729,ncc019,27/01/2026,2026-03-13 14:56:50,424809600.0,424809600.0,0.0
cnt002592,po000427,NCC904,28/01/2026,2026-03-14 23:46:41,333594600.0,260404000.0,73190600.0
cnt002593,po000316,ncc035,26/01/2026,2026-03-12 03:40:13,81719100.0,56739200.0,24979900.0
cnt002594,PO003184,ncc030,28/01/2026,2026-03-14 10:51:08,21136400.0,21136400.0,0.0
cnt002595,po001097,ncc039,28/01/2026,2026-03-14 22:01:47,40421000.0,27986000.0,12435000.0
cnt002596,po001794,NCC901,27/01/2026,2026-03-13 03:37:01,83407500.0,33325900.0,50081600.0
cnt002597,po000610,ncc031,27/01/2026,2026-03-13 15:24:19,46603200.0,4504700.0,42098500.0
cnt002598,po001509,ncc010,29/01/2026,2026-03-15 17:33:18,28427400.0,28427400.0,0.0
cnt002599,po002335,ncc035,01/31/2026,2026-03-17 02:00:36,8825000.0,8825000.0,0.0
cnt002600,po002282,ncc031,29/01/2026,2026-03-15 03:47:21,54133700.0,54133700.0,0.0
CNT002601,po002604,ncc045,29/01/2026,2026-03-15 11:22:08,618880000.0,398999300.0,219880700.0
CNT002602,PO001859,NCC029,30/01/2026,2026-03-16 15:33:58,727138800.0,353246000.0,373892800.0
CNT002603,po000156,ncc005,01/30/2026,2026-03-16 16:43:29,215491600.0,5980000.0,209511600.0
cnt002604,po002507,ncc043,02/02/2026,2026-03-19 02:10:08,43002100.0,10690600.0,32311500.0
cnt002605,po002031,ncc029,01/02/2026,2026-03-18 04:53:07,335020700.0,309454600.0,25566100.0
cnt002606,po002605,ncc028,31/01/2026,2026-03-17 06:11:43,18259500.0,16324500.0,1935000.0
cnt002607,po003014,ncc016,31/01/2026,2026-03-17 07:20:27,89677300.0,89677300.0,0.0
cnt002608,po003393,NCC012,31/01/2026,2026-03-17 07:53:05,18224000.0,18224000.0,0.0
cnt002609,po000143,ncc021,30/01/2026,2026-03-16 12:29:57,337101800.0,48803900.0,288297900.0
cnt002610,po002983,NCC901,29/01/2026,2026-03-15 13:09:35,33449000.0,28294800.0,5154200.0
cnt002611,po002439,NCC009,02/02/2026,2026-03-19 13:29:29,36436400.0,36436400.0,0.0
cnt002612,po003203,ncc030,02/02/2026,2026-03-19 16:03:57,26308800.0,26308800.0,0.0
cnt002613,po002521,ncc038,30/01/2026,2026-03-16 21:26:34,113172400.0,113172400.0,0.0
CNT002614,po000736,ncc009,30/01/2026,2026-03-16 22:11:39,94572400.0,78470100.0,16102300.0
CNT002615,po002259,ncc030,01/02/2026,2026-03-18 22:38:13,128808200.0,48420000.0,80388200.0
CNT002616,PO000619,ncc023,03/02/2026,2026-03-20 02:37:41,33392500.0,33392500.0,0.0
cnt002617,PO002814,ncc003,03/02/2026,2026-03-20 08:40:47,9559200.0,9559200.0,0.0
cnt002618,PO000449,ncc036,31/01/2026,2026-03-17 13:24:45,177306500.0,129144300.0,48162200.0
cnt002619,PO001191,ncc045,01/02/2026,2026-03-18 14:45:50,7891200.0,7891200.0,0.0
cnt002620,PO000287,ncc024,30/01/2026,2026-03-16 15:01:14,9241500.0,9241500.0,0.0
cnt002621,po002127,ncc001,30/01/2026,2026-03-16 15:56:24,111305500.0,111305500.0,0.0
cnt002622,po000754,ncc008,01/02/2026,2026-03-18 18:24:13,415195800.0,415195800.0,0.0
CNT002623,po002755,NCC035,30/01/2026,2026-03-16 18:27:40,78554600.0,55437000.0,23117600.0
cnt002624,po001700,ncc020,02/04/2026,2026-03-21 04:03:22,31441800.0,4859600.0,26582200.0
cnt002625,po000376,ncc029,31/01/2026,2026-03-17 12:26:02,52006100.0,52006100.0,0.0
cnt002626,PO001904,ncc045,03/02/2026,2026-03-20 17:45:00,76076000.0,53323900.0,22752100.0
CNT002627,po002213,NCC022,02/02/2026,2026-03-19 18:41:20,66151800.0,66151800.0,0.0
cnt002628,po000730,ncc001,02/02/2026,2026-03-19 20:56:21,55130400.0,33719100.0,21411300.0
cnt002629,po002314,NCC907,01/02/2026,2026-03-18 23:36:18,31803200.0,21311800.0,10491400.0
cnt002630,PO001457,ncc019,03/02/2026,2026-03-20 03:30:45,6758000.0,6758000.0,0.0
cnt002631,PO001483,ncc005,03/02/2026,2026-03-20 08:36:39,34652400.0,27977100.0,6675300.0
cnt002632,PO001750,NCC015,04/02/2026,2026-03-21 13:33:58,24766500.0,24766500.0,0.0
cnt002633,po002298,ncc015,03/02/2026,2026-03-20 16:50:25,62180900.0,39291100.0,22889800.0
cnt002634,po003017,NCC043,03/02/2026,2026-03-20 17:02:32,22816500.0,20893900.0,1922600.0
cnt002635,PO001001,ncc029,01/02/2026,2026-03-18 18:25:44,99118600.0,75830700.0,23287900.0
cnt002636,PO002264,ncc036,03/02/2026,2026-03-20 21:18:07,17905900.0,8286300.0,9619600.0
cnt002637,po003377,ncc039,02/02/2026,2026-03-19 09:13:55,10488000.0,1448800.0,9039200.0
CNT002638,PO001244,NCC044,04/02/2026,2026-03-21 11:41:20,137550400.0,81913400.0,55637000.0
cnt002639,po000672,ncc003,05/02/2026,2026-03-22 16:17:06,31448400.0,9657700.0,21790700.0
cnt002640,po003035,NCC021,03/02/2026,2026-03-20 05:50:29,6625300.0,6625300.0,0.0
cnt002641,po000908,ncc027,07/02/2026,2026-03-24 06:05:25,71762000.0,71762000.0,0.0
cnt002642,po001078,ncc020,03/02/2026,2026-03-20 09:17:16,539784000.0,539784000.0,0.0
cnt002643,po002990,ncc032,06/02/2026,2026-03-23 15:56:14,8962800.0,8962800.0,0.0
cnt002644,po002218,NCC042,05/02/2026,2026-03-22 22:41:12,125682200.0,125682200.0,0.0
CNT002645,po002025,NCC017,07/02/2026,2026-03-24 12:06:09,23567500.0,10145000.0,13422500.0
CNT002646,po001502,ncc041,08/02/2026,2026-03-25 00:11:24,54195700.0,54195700.0,0.0
cnt002647,PO001053,ncc015,05/02/2026,2026-03-22 00:36:37,633974200.0,474355100.0,159619100.0
cnt002648,po002787,ncc001,09/02/2026,2026-03-26 03:20:14,36140100.0,36140100.0,0.0
cnt002649,po001007,ncc017,07/02/2026,2026-03-24 06:49:04,52303500.0,34604700.0,17698800.0
cnt002650,PO002017,ncc032,05/02/2026,2026-03-22 10:16:58,218322100.0,132662700.0,85659400.0
cnt002651,PO001994,ncc013,08/02/2026,2026-03-25 19:39:08,100817500.0,100817500.0,0.0
cnt002652,PO002234,ncc044,06/02/2026,2026-03-23 03:55:26,264550000.0,45519400.0,219030600.0
cnt002653,po000339,ncc024,09/02/2026,2026-03-26 12:31:00,26128000.0,26128000.0,0.0
CNT002654,po000986,ncc040,07/02/2026,2026-03-24 02:01:45,20255400.0,5728900.0,14526500.0
cnt002655,po000205,ncc025,08/02/2026,2026-03-25 06:19:25,286365900.0,286365900.0,0.0
cnt002656,po002086,ncc028,2026-02-08,2026-03-25 09:32:25,20829600.0,20829600.0,0.0
cnt002657,po000064,ncc031,09/02/2026,2026-03-26 10:31:05,37437500.0,5646400.0,31791100.0
cnt002658,PO000505,ncc044,09/02/2026,2026-03-26 12:48:19,18712800.0,16885000.0,1827800.0
cnt002659,po001739,ncc015,11/02/2026,2026-03-28 16:12:48,3013200.0,1873900.0,1139300.0
cnt002660,po001274,ncc010,08/02/2026,2026-03-25 19:11:05,32671600.0,27998400.0,4673200.0
cnt002661,po002077,ncc004,12/02/2026,2026-03-29 12:06:06,454953400.0,454953400.0,0.0
cnt002662,PO001491,ncc003,08/02/2026,2026-03-25 12:19:35,165974400.0,165974400.0,0.0
cnt002663,po001102,ncc015,09/02/2026,2026-03-26 14:22:58,61354800.0,61354800.0,0.0
cnt002664,po002176,ncc007,12/02/2026,2026-03-29 21:39:41,15261100.0,15261100.0,0.0
cnt002665,PO002526,NCC033,12/02/2026,2026-03-29 22:38:51,111059600.0,39464300.0,71595300.0
cnt002666,po001033,ncc014,11/02/2026,2026-03-28 00:45:03,40887000.0,19919100.0,20967900.0
CNT002667,PO000679,ncc016,12/02/2026,2026-03-29 00:57:18,26885800.0,26885800.0,0.0
cnt002668,po001867,ncc012,10/02/2026,2026-03-27 11:51:15,126197500.0,84745800.0,41451700.0
cnt002669,PO003320,ncc012,12/02/2026,2026-03-29 15:51:57,63399500.0,63399500.0,0.0
cnt002670,po003169,NCC907,10/02/2026,2026-03-27 16:55:34,156038000.0,156038000.0,0.0
cnt002671,po002252,ncc041,10/02/2026,2026-03-27 03:36:06,110466000.0,40105800.0,70360200.0
CNT002672,po001447,NCC020,14/02/2026,2026-03-31 04:08:51,17297600.0,17297600.0,0.0
cnt002673,po002684,NCC029,12/02/2026,2026-03-29 04:46:13,151815200.0,151815200.0,0.0
cnt002674,po000127,ncc010,12/02/2026,2026-03-29 06:53:05,27538500.0,18044600.0,9493900.0
cnt002675,po000763,ncc028,14/02/2026,2026-03-31 14:15:30,84436000.0,2324800.0,82111200.0
cnt002676,po003071,ncc004,11/02/2026,2026-03-28 18:25:24,108954800.0,101450300.0,7504500.0
cnt002677,PO002595,ncc018,13/02/2026,2026-03-30 08:39:02,34273200.0,34273200.0,0.0
cnt002678,PO002841,ncc012,14/02/2026,2026-03-31 14:25:30,388222200.0,388222200.0,0.0
cnt002679,PO002569,ncc008,15/02/2026,2026-04-01 15:34:35,147117600.0,129079900.0,18037700.0
cnt002680,po003198,ncc031,13/02/2026,2026-03-30 19:21:05,31475400.0,26688500.0,4786900.0
cnt002681,po000804,ncc016,13/02/2026,2026-03-30 19:46:26,91646600.0,12244400.0,79402200.0
cnt002682,po003475,ncc034,12/02/2026,2026-03-29 05:23:53,822402600.0,151814700.0,670587900.0
cnt002683,po000212,NCC015,16/02/2026,2026-04-02 09:59:25,21384000.0,9473100.0,11910900.0
cnt002684,PO001213,ncc015,15/02/2026,2026-04-01 15:03:43,88322500.0,75205400.0,13117100.0
cnt002685,po002538,ncc016,14/02/2026,2026-03-31 18:58:53,21372000.0,21372000.0,0.0
CNT002686,po001371,ncc006,14/02/2026,2026-03-31 01:51:08,417698400.0,295869400.0,121829000.0
cnt002687,po000256,ncc021,02/15/2026,2026-04-01 14:45:48,45060400.0,33947500.0,11112900.0
cnt002688,po002961,NCC021,13/02/2026,2026-03-30 16:49:39,52430000.0,52430000.0,0.0
cnt002689,po002971,ncc022,17/02/2026,2026-04-03 00:34:41,392384400.0,392384400.0,0.0
cnt002690,po000950,ncc014,14/02/2026,2026-03-31 09:54:26,25589900.0,25589900.0,0.0
cnt002691,po001247,ncc023,16/02/2026,2026-04-02 14:22:24,562501800.0,125854300.0,436647500.0
cnt002692,PO002557,NCC034,17/02/2026,2026-04-03 18:51:48,37303200.0,37303200.0,0.0
cnt002693,po001362,ncc020,15/02/2026,2026-04-01 12:32:10,31159900.0,22697300.0,8462600.0
cnt002694,po000493,ncc005,18/02/2026,2026-04-04 18:57:18,21672000.0,21672000.0,0.0
cnt002695,po003334,ncc019,2026-02-15,2026-04-01 19:10:23,61239000.0,20139500.0,41099500.0
cnt002696,po001469,NCC041,17/02/2026,2026-04-03 23:27:34,401667600.0,401667600.0,0.0
cnt002697,po003052,NCC001,19/02/2026,2026-04-05 02:31:36,86917600.0,52895200.0,34022400.0
cnt002698,po002430,ncc013,18/02/2026,2026-04-04 05:13:29,103950000.0,103950000.0,0.0
CNT002699,PO002121,ncc017,16/02/2026,2026-04-02 10:53:31,259632000.0,259632000.0,0.0
cnt002700,po003222,ncc007,20/02/2026,2026-04-06 15:17:02,41697000.0,41697000.0,0.0
cnt002701,po002616,ncc022,19/02/2026,2026-04-05 09:17:53,89080200.0,89080200.0,0.0
cnt002702,PO000422,ncc025,17/02/2026,2026-04-03 15:01:21,93979800.0,31212300.0,62767500.0
cnt002703,po001313,NCC039,19/02/2026,2026-04-05 21:54:14,7950000.0,5629500.0,2320500.0
cnt002704,PO000884,ncc044,18/02/2026,2026-04-04 00:04:17,38438400.0,38438400.0,0.0
cnt002705,po003406,NCC905,20/02/2026,2026-04-06 03:23:11,53580000.0,53580000.0,0.0
cnt002706,PO002189,ncc027,22/02/2026,2026-04-08 05:23:00,213318300.0,69649200.0,143669100.0
cnt002707,po001774,NCC014,18/02/2026,2026-04-04 06:27:51,7617600.0,4778600.0,2839000.0
cnt002708,po000571,ncc044,22/02/2026,2026-04-08 06:57:46,104249200.0,104249200.0,0.0
cnt002709,PO000660,ncc036,20/02/2026,2026-04-06 13:36:47,53264400.0,53264400.0,0.0
cnt002710,po001128,NCC001,20/02/2026,2026-04-06 19:12:07,9268600.0,7076600.0,2192000.0
CNT002711,po002377,ncc025,20/02/2026,2026-04-06 20:21:40,55538400.0,55538400.0,0.0
cnt002712,po003395,ncc010,23/02/2026,2026-04-09 05:44:19,44401500.0,32013600.0,12387900.0
CNT002713,po000215,ncc009,20/02/2026,2026-04-06 08:28:32,414786000.0,313583500.0,101202500.0
cnt002714,PO000262,NCC907,22/02/2026,2026-04-08 19:14:58,12862500.0,12862500.0,0.0
cnt002715,po002839,ncc013,21/02/2026,2026-04-07 19:49:20,2601300.0,2223900.0,377400.0
cnt002716,po000859,ncc039,23/02/2026,2026-04-09 01:51:16,24421800.0,8617300.0,15804500.0
cnt002717,po000046,ncc037,24/02/2026,2026-04-10 08:21:07,13024800.0,13024800.0,0.0
cnt002718,po002553,NCC027,21/02/2026,2026-04-07 16:05:59,75755500.0,75755500.0,0.0
cnt002719,po002254,ncc015,23/02/2026,2026-04-09 23:20:36,55087600.0,42936900.0,12150700.0
cnt002720,po002255,ncc020,23/02/2026,2026-04-09 02:49:34,32184000.0,32184000.0,0.0
cnt002721,PO001978,ncc021,21/02/2026,2026-04-07 08:31:19,70512000.0,53994300.0,16517700.0
cnt002722,PO002103,ncc003,23/02/2026,2026-04-09 08:48:15,157727700.0,21810300.0,135917400.0
cnt002723,po002485,NCC029,23/02/2026,2026-04-09 15:44:25,4816800.0,194700.0,4622100.0
cnt002724,PO002542,NCC013,2026-02-22,2026-04-08 15:49:40,22576800.0,22576800.0,0.0
cnt002725,PO002652,ncc013,25/02/2026,2026-04-11 16:44:16,3785900.0,2381200.0,1404700.0
cnt002726,po002313,NCC903,21/02/2026,2026-04-07 16:47:52,26663000.0,4406800.0,22256200.0
cnt002727,po002269,ncc022,23/02/2026,2026-04-09 11:05:51,31360700.0,31360700.0,0.0
CNT002728,po003298,NCC008,22/02/2026,2026-04-08 19:51:00,92532300.0,92532300.0,0.0
CNT002729,PO000063,ncc015,22/02/2026,2026-04-08 22:27:49,8707400.0,8707400.0,0.0
CNT002730,PO002090,NCC027,25/02/2026,2026-04-11 22:29:06,8481000.0,3114400.0,5366600.0
cnt002731,po003467,ncc042,22/02/2026,2026-04-08 22:52:46,703192000.0,703192000.0,0.0
cnt002732,po001042,ncc035,25/02/2026,2026-04-11 00:42:40,99715000.0,99715000.0,0.0
cnt002733,po001737,ncc013,25/02/2026,2026-04-11 02:05:17,345604600.0,318293800.0,27310800.0
cnt002734,po003416,ncc014,27/02/2026,2026-04-13 09:44:42,41097500.0,33759300.0,7338200.0
cnt002735,po001407,ncc020,27/02/2026,2026-04-13 10:26:15,74981000.0,74981000.0,0.0
cnt002736,po002446,ncc001,25/02/2026,2026-04-11 17:34:02,1612800.0,1060300.0,552500.0
cnt002737,PO002556,NCC008,24/02/2026,2026-04-10 18:53:08,54560000.0,49706300.0,4853700.0
cnt002738,po000073,NCC034,27/02/2026,2026-04-13 09:52:51,98336400.0,60109700.0,38226700.0
cnt002739,po001355,ncc033,25/02/2026,2026-04-11 14:32:58,10694700.0,6872400.0,3822300.0
cnt002740,po001369,NCC025,27/02/2026,2026-04-13 01:20:40,28008700.0,28008700.0,0.0
CNT002741,po003394,ncc031,25/02/2026,2026-04-11 02:47:09,49069400.0,16525300.0,32544100.0
cnt002742,po002529,ncc040,28/02/2026,2026-04-14 14:57:21,7766400.0,7766400.0,0.0
cnt002743,po003098,NCC005,27/02/2026,2026-04-13 20:45:58,190162000.0,190162000.0,0.0
cnt002744,po001197,ncc008,27/02/2026,2026-04-13 21:13:15,30502600.0,20689700.0,9812900.0
cnt002745,po000154,NCC038,02/03/2026,2026-04-16 10:37:04,38372000.0,22871500.0,15500500.0
cnt002746,po001769,ncc009,27/02/2026,2026-04-13 13:30:13,320530600.0,257011600.0,63519000.0
cnt002747,po001526,ncc007,26/02/2026,2026-04-12 15:01:41,226710000.0,226710000.0,0.0
cnt002748,PO001141,ncc037,02/27/2026,2026-04-13 00:57:40,10570500.0,10570500.0,0.0
cnt002749,po001438,ncc007,02/03/2026,2026-04-16 06:31:40,59559500.0,59559500.0,0.0
cnt002750,po002635,ncc011,28/02/2026,2026-04-14 23:38:04,68918500.0,68918500.0,0.0
cnt002751,po001593,ncc030,02/03/2026,2026-04-16 01:35:39,86923200.0,71313200.0,15610000.0
cnt002752,po000662,ncc014,01/03/2026,2026-04-15 05:49:24,35526000.0,21682200.0,13843800.0
cnt002753,po001245,ncc001,03/03/2026,2026-04-17 12:01:42,31672500.0,21680100.0,9992400.0
CNT002754,PO000219,ncc039,2026-03-01,2026-04-15 16:43:38,222123000.0,222123000.0,0.0
CNT002755,po003403,ncc002,28/02/2026,2026-04-14 19:40:20,1880000.0,1880000.0,0.0
cnt002756,PO003066,ncc045,02/03/2026,2026-04-16 19:48:22,127452600.0,100353000.0,27099600.0
cnt002757,po002685,ncc008,02/03/2026,2026-04-16 22:53:08,29352500.0,27799800.0,1552700.0
CNT002758,PO000969,ncc022,04/03/2026,2026-04-18 07:05:34,19225300.0,8411500.0,10813800.0
CNT002759,po001227,ncc027,01/03/2026,2026-04-15 10:18:19,9452000.0,471900.0,8980100.0
cnt002760,po002387,ncc026,03/01/2026,2026-04-15 13:34:59,14086800.0,5114800.0,8972000.0
cnt002761,PO002927,ncc018,02/03/2026,2026-04-16 01:08:16,2838600.0,2838600.0,0.0
cnt002762,po002856,NCC003,02/03/2026,2026-04-16 13:34:36,18321900.0,13149000.0,5172900.0
CNT002763,po001345,NCC028,03/03/2026,2026-04-17 17:18:27,472554400.0,472554400.0,0.0
cnt002764,po001192,NCC044,06/03/2026,2026-04-20 18:36:41,15175500.0,15175500.0,0.0
CNT002765,po003059,NCC003,03/03/2026,2026-04-17 20:39:59,6388800.0,6388800.0,0.0
cnt002766,po000393,NCC033,07/03/2026,2026-04-21 01:01:34,19624800.0,19624800.0,0.0
CNT002767,po000729,NCC020,03/03/2026,2026-04-17 01:41:05,40845400.0,40845400.0,0.0
cnt002768,po003421,ncc041,05/03/2026,2026-04-19 07:40:58,25091500.0,5276800.0,19814700.0
cnt002769,po000080,ncc023,07/03/2026,2026-04-21 08:48:12,330113700.0,330113700.0,0.0
cnt002770,po001430,ncc023,07/03/2026,2026-04-21 15:03:18,273920000.0,141643500.0,132276500.0
cnt002771,PO003409,ncc007,05/03/2026,2026-04-19 19:23:22,56594800.0,1985100.0,54609700.0
cnt002772,po002537,NCC022,04/03/2026,2026-04-18 21:11:05,19632200.0,2656800.0,16975400.0
cnt002773,po000367,ncc009,04/03/2026,2026-04-18 04:29:02,7315300.0,291500.0,7023800.0
cnt002774,po000835,ncc018,06/03/2026,2026-04-20 06:31:42,11194000.0,9638300.0,1555700.0
cnt002775,PO002295,NCC031,05/03/2026,2026-04-19 10:14:34,242642400.0,242642400.0,0.0
cnt002776,po003034,NCC010,08/03/2026,2026-04-22 11:45:46,8164800.0,7843500.0,321300.0
cnt002777,po000458,ncc039,07/03/2026,2026-04-21 11:50:50,14742000.0,8546400.0,6195600.0
CNT002778,PO003488,ncc030,06/03/2026,2026-04-20 13:49:56,162522800.0,59306700.0,103216100.0
cnt002779,po002395,NCC008,04/03/2026,2026-04-18 21:40:03,30681700.0,2812600.0,27869100.0
cnt002780,po000692,ncc003,07/03/2026,2026-04-21 07:47:23,28480000.0,20767300.0,7712700.0
cnt002781,po001835,ncc027,08/03/2026,2026-04-22 09:14:04,576433000.0,576433000.0,0.0
cnt002782,po000632,ncc014,06/03/2026,2026-04-20 14:25:40,1365000.0,52800.0,1312200.0
cnt002783,po003253,ncc006,09/03/2026,2026-04-23 04:36:52,19152000.0,741800.0,18410200.0
cnt002784,po001122,NCC005,10/03/2026,2026-04-24 04:57:46,99271000.0,99271000.0,0.0
cnt002785,PO001490,ncc023,09/03/2026,2026-04-23 17:23:11,35683200.0,26010700.0,9672500.0
cnt002786,po002939,NCC034,06/03/2026,2026-04-20 18:16:12,54609100.0,20779500.0,33829600.0
cnt002787,po002454,ncc016,07/03/2026,2026-04-21 22:07:24,20959900.0,20959900.0,0.0
cnt002788,PO001186,ncc026,07/03/2026,2026-04-21 03:42:40,41434800.0,15239100.0,26195700.0
cnt002789,po001435,ncc044,11/03/2026,2026-04-25 18:21:25,97515600.0,97515600.0,0.0
CNT002790,po001390,ncc018,10/03/2026,2026-04-24 18:27:29,6009900.0,6009900.0,0.0
cnt002791,po000289,NCC025,09/03/2026,2026-04-23 21:28:51,7432500.0,7432500.0,0.0
cnt002792,po001470,ncc008,10/03/2026,2026-04-24 23:31:03,39932000.0,30227700.0,9704300.0
cnt002793,PO001343,ncc043,03/08/2026,2026-04-22 00:50:49,94798000.0,94798000.0,0.0
CNT002794,PO002443,ncc037,11/03/2026,2026-04-25 15:42:32,12896400.0,12896400.0,0.0
cnt002795,po000863,NCC029,08/03/2026,2026-04-22 18:18:32,151182000.0,50314200.0,100867800.0
cnt002796,po000271,NCC019,09/03/2026,2026-04-23 19:43:22,59042500.0,59042500.0,0.0
cnt002797,po001553,NCC016,10/03/2026,2026-04-24 00:05:10,25821000.0,25821000.0,0.0
cnt002798,po000474,ncc038,12/03/2026,2026-04-26 10:11:41,68975200.0,47063700.0,21911500.0
cnt002799,po002308,NCC036,09/03/2026,2026-04-23 11:08:44,105695100.0,105695100.0,0.0
cnt002800,PO002228,ncc042,09/03/2026,2026-04-23 13:48:48,6398700.0,3484000.0,2914700.0
cnt002801,po001971,ncc014,09/03/2026,2026-04-23 19:06:08,552323700.0,552323700.0,0.0
cnt002802,po003368,ncc013,10/03/2026,2026-04-24 05:23:33,18757200.0,8782100.0,9975100.0
cnt002803,po000100,ncc015,14/03/2026,2026-04-28 10:14:23,19461200.0,19461200.0,0.0
cnt002804,PO000152,NCC004,03/11/2026,2026-04-25 20:21:50,49186500.0,2646000.0,46540500.0
cnt002805,po002512,ncc021,14/03/2026,2026-04-28 20:30:58,11438000.0,11438000.0,0.0
cnt002806,po003115,ncc041,12/03/2026,2026-04-26 23:07:09,66915100.0,66915100.0,0.0
cnt002807,PO002509,ncc041,12/03/2026,2026-04-26 02:33:02,365420000.0,68251600.0,297168400.0
cnt002808,PO000044,NCC035,11/03/2026,2026-04-25 06:04:26,157848600.0,79395300.0,78453300.0
cnt002809,PO000251,ncc002,14/03/2026,2026-04-28 14:53:26,129601800.0,102177300.0,27424500.0
cnt002810,po001960,NCC035,16/03/2026,2026-04-30 02:26:58,101163600.0,101163600.0,0.0
cnt002811,po000685,ncc031,12/03/2026,2026-04-26 04:26:49,260208900.0,260208900.0,0.0
CNT002812,po002759,ncc009,15/03/2026,2026-04-29 05:43:53,41699200.0,41699200.0,0.0
cnt002813,po002499,ncc025,16/03/2026,2026-04-30 08:30:02,26007300.0,26007300.0,0.0
cnt002814,PO000929,ncc043,14/03/2026,2026-04-28 10:27:11,137712000.0,137712000.0,0.0
cnt002815,PO002988,ncc024,15/03/2026,2026-04-29 12:43:59,7540000.0,778800.0,6761200.0
CNT002816,po001648,ncc010,13/03/2026,2026-04-27 18:13:11,9483300.0,9483300.0,0.0
CNT002817,po000520,ncc005,15/03/2026,2026-04-29 20:12:44,113247200.0,113247200.0,0.0
cnt002818,po000509,ncc041,14/03/2026,2026-04-28 22:41:50,235209000.0,235209000.0,0.0
cnt002819,po001239,ncc023,15/03/2026,2026-04-29 03:46:28,43593600.0,14122800.0,29470800.0
cnt002820,po003353,ncc031,14/03/2026,2026-04-28 01:52:58,13270400.0,13270400.0,0.0
cnt002821,po002661,ncc007,14/03/2026,2026-04-28 02:36:50,107004200.0,107004200.0,0.0
cnt002822,PO000189,ncc029,17/03/2026,2026-05-01 04:40:07,50811600.0,40460600.0,10351000.0
cnt002823,PO002900,NCC002,14/03/2026,2026-04-28 05:58:38,39004000.0,39004000.0,0.0
cnt002824,po003430,ncc010,17/03/2026,2026-05-01 06:41:37,23591100.0,23591100.0,0.0
cnt002825,po000269,ncc015,03/17/2026,2026-05-01 14:15:47,51418800.0,51418800.0,0.0
cnt002826,PO003432,ncc003,16/03/2026,2026-04-30 14:38:01,186382300.0,186382300.0,0.0
cnt002827,po002789,ncc013,16/03/2026,2026-04-30 15:41:07,64528000.0,64528000.0,0.0
cnt002828,po000708,ncc037,15/03/2026,2026-04-29 16:09:53,11319000.0,11319000.0,0.0
cnt002829,po000640,NCC017,14/03/2026,2026-04-28 20:35:28,57366400.0,57366400.0,0.0
cnt002830,po002496,ncc043,16/03/2026,2026-04-30 21:22:28,53209200.0,53209200.0,0.0
cnt002831,PO002719,NCC007,17/03/2026,2026-05-01 01:14:00,11518000.0,11518000.0,0.0
CNT002832,po001456,ncc045,18/03/2026,2026-05-02 11:40:25,11298500.0,11298500.0,0.0
cnt002833,po003299,ncc018,18/03/2026,2026-05-02 17:01:40,7514400.0,7514400.0,0.0
cnt002834,po000499,ncc007,16/03/2026,2026-04-30 19:45:24,2105600.0,2105600.0,0.0
cnt002835,po000139,ncc005,17/03/2026,2026-05-01 02:43:33,119162400.0,119162400.0,0.0
cnt002836,PO001460,ncc012,17/03/2026,2026-05-01 08:43:36,60588000.0,8058000.0,52530000.0
cnt002837,PO001052,NCC010,17/03/2026,2026-05-01 18:26:51,34088400.0,28540000.0,5548400.0
CNT002838,po001757,ncc021,19/03/2026,2026-05-03 10:54:52,30098300.0,21155300.0,8943000.0
cnt002839,po003427,ncc042,19/03/2026,2026-05-03 16:17:18,64842900.0,43430300.0,21412600.0
cnt002840,PO000501,ncc002,19/03/2026,2026-05-03 17:40:57,63726000.0,63010700.0,715300.0
cnt002841,po000828,ncc015,19/03/2026,2026-05-03 09:42:54,108205500.0,87980100.0,20225400.0
cnt002842,PO000448,ncc033,20/03/2026,2026-05-04 11:43:46,5355000.0,4473000.0,882000.0
cnt002843,PO002394,NCC019,21/03/2026,2026-05-05 16:40:57,32709600.0,30577800.0,2131800.0
cnt002844,po000158,ncc019,19/03/2026,2026-05-03 18:15:25,141221300.0,68330200.0,72891100.0
CNT002845,po001658,ncc014,20/03/2026,2026-05-04 09:05:17,46175400.0,46175400.0,0.0
cnt002846,po000359,ncc018,21/03/2026,2026-05-05 15:34:55,41321800.0,41321800.0,0.0
cnt002847,po001741,ncc028,23/03/2026,2026-05-07 17:27:48,252688800.0,252688800.0,0.0
CNT002848,po003268,NCC031,19/03/2026,2026-05-03 20:14:08,14903600.0,6097400.0,8806200.0
cnt002849,po002307,ncc032,24/03/2026,2026-05-08 02:55:47,3823200.0,3823200.0,0.0
cnt002850,PO000184,ncc031,23/03/2026,2026-05-07 03:48:48,8361400.0,3199100.0,5162300.0
cnt002851,po002056,ncc001,21/03/2026,2026-05-05 05:16:07,69078000.0,69078000.0,0.0
cnt002852,po002076,ncc045,22/03/2026,2026-05-06 05:53:51,24939000.0,24939000.0,0.0
CNT002853,PO001057,ncc035,24/03/2026,2026-05-08 08:24:14,14931000.0,14931000.0,0.0
cnt002854,po001898,ncc038,20/03/2026,2026-05-04 12:59:27,41104700.0,24894500.0,16210200.0
cnt002855,PO000770,ncc017,24/03/2026,2026-05-08 15:01:32,312262200.0,183483100.0,128779100.0
cnt002856,po000936,ncc039,20/03/2026,2026-05-04 22:49:54,73293300.0,73293300.0,0.0
CNT002857,PO003254,ncc005,22/03/2026,2026-05-06 00:41:51,12136800.0,11407500.0,729300.0
cnt002858,po001228,NCC044,21/03/2026,2026-05-05 05:15:51,73704000.0,73704000.0,0.0
cnt002859,po000347,ncc022,22/03/2026,2026-05-06 07:41:05,7404800.0,5465400.0,1939400.0
cnt002860,po001840,NCC023,24/03/2026,2026-05-08 09:45:25,19442300.0,19442300.0,0.0
cnt002861,po000838,ncc023,24/03/2026,2026-05-08 12:50:40,115605000.0,44661500.0,70943500.0
cnt002862,PO000043,NCC016,22/03/2026,2026-05-06 13:32:36,240973200.0,36980200.0,203993000.0
cnt002863,po003176,NCC045,25/03/2026,2026-05-09 16:38:17,117008800.0,117008800.0,0.0
CNT002864,po001825,ncc025,22/03/2026,2026-05-06 16:52:24,95576000.0,95576000.0,0.0
cnt002865,po002539,NCC015,21/03/2026,2026-05-05 21:32:01,2202900.0,771900.0,1431000.0
cnt002866,PO002091,NCC036,26/03/2026,2026-05-10 03:38:25,21654400.0,21654400.0,0.0
cnt002867,PO001513,ncc037,25/03/2026,2026-05-09 06:41:38,88030400.0,88030400.0,0.0
cnt002868,po002929,NCC030,22/03/2026,2026-05-06 14:55:42,13559000.0,13559000.0,0.0
cnt002869,po001699,ncc045,22/03/2026,2026-05-06 15:58:44,8596800.0,8596800.0,0.0
cnt002870,po000745,ncc029,23/03/2026,2026-05-07 19:55:12,87126600.0,60454800.0,26671800.0
cnt002871,po000711,ncc009,25/03/2026,2026-05-09 04:09:38,3297600.0,3297600.0,0.0
cnt002872,po003178,ncc044,23/03/2026,2026-05-07 09:03:44,223278300.0,63927300.0,159351000.0
cnt002873,po002588,NCC025,26/03/2026,2026-05-10 09:57:10,24856000.0,17337800.0,7518200.0
CNT002874,po002167,NCC016,27/03/2026,2026-05-11 12:24:18,6004000.0,4106200.0,1897800.0
cnt002875,po003131,ncc043,27/03/2026,2026-05-11 14:10:36,87449700.0,87449700.0,0.0
cnt002876,PO000118,ncc019,25/03/2026,2026-05-09 16:05:21,14448000.0,14448000.0,0.0
cnt002877,po002612,ncc026,27/03/2026,2026-05-11 18:48:34,64250600.0,35600000.0,28650600.0
cnt002878,PO001563,ncc043,24/03/2026,2026-05-08 21:07:29,9510000.0,8218600.0,1291400.0
cnt002879,PO003062,ncc036,2026-03-25,2026-05-09 21:29:58,93416700.0,93416700.0,0.0
cnt002880,po002902,ncc022,24/03/2026,2026-05-08 23:24:51,104824800.0,104824800.0,0.0
cnt002881,PO001528,ncc005,24/03/2026,2026-05-08 03:45:59,291927600.0,291927600.0,0.0
cnt002882,po002271,ncc013,25/03/2026,2026-05-09 08:07:51,48994200.0,15169500.0,33824700.0
cnt002883,po002984,NCC026,26/03/2026,2026-05-10 10:35:12,19891900.0,16477400.0,3414500.0
cnt002884,po000480,ncc039,28/03/2026,2026-05-12 19:31:05,18283200.0,16377700.0,1905500.0
cnt002885,po001124,ncc045,28/03/2026,2026-05-12 00:37:25,59014800.0,16234800.0,42780000.0
cnt002886,PO000455,ncc027,27/03/2026,2026-05-11 07:26:24,132243900.0,126431100.0,5812800.0
cnt002887,po002471,NCC029,26/03/2026,2026-05-10 12:31:22,183780000.0,183780000.0,0.0
cnt002888,po003419,ncc022,25/03/2026,2026-05-09 12:48:14,3228300.0,2250000.0,978300.0
cnt002889,PO001552,ncc045,28/03/2026,2026-05-12 02:32:39,36003600.0,26574700.0,9428900.0
cnt002890,PO002173,NCC030,30/03/2026,2026-05-14 04:53:09,150141500.0,150141500.0,0.0
CNT002891,po001697,ncc003,28/03/2026,2026-05-12 15:05:50,16827000.0,16827000.0,0.0
cnt002892,PO001136,ncc038,30/03/2026,2026-05-14 05:27:15,1616800.0,1011500.0,605300.0
cnt002893,po003423,ncc032,27/03/2026,2026-05-11 11:43:11,61455000.0,39018700.0,22436300.0
cnt002894,po000814,ncc010,31/03/2026,2026-05-15 15:25:08,5587200.0,1306100.0,4281100.0
cnt002895,PO002953,ncc008,30/03/2026,2026-05-14 16:00:56,77391300.0,48096600.0,29294700.0
CNT002896,po000325,NCC035,01/04/2026,2026-05-16 00:35:20,540621200.0,540621200.0,0.0
cnt002897,PO002152,ncc014,28/03/2026,2026-05-12 02:49:36,33686400.0,31199900.0,2486500.0
cnt002898,PO002506,NCC012,30/03/2026,2026-05-14 03:18:36,47855000.0,29342600.0,18512400.0
cnt002899,PO001609,ncc003,01/04/2026,2026-05-16 04:45:35,186501900.0,186501900.0,0.0
cnt002900,po002508,NCC037,30/03/2026,2026-05-14 09:52:58,378144000.0,378144000.0,0.0
cnt002901,po000483,ncc038,29/03/2026,2026-05-13 23:51:28,108580700.0,108580700.0,0.0
cnt002902,PO000123,ncc020,02/04/2026,2026-05-17 02:16:21,23480800.0,23480800.0,0.0
CNT002903,po000124,ncc039,30/03/2026,2026-05-14 02:29:21,16864000.0,7063900.0,9800100.0
CNT002904,PO000875,ncc035,02/04/2026,2026-05-17 03:47:13,24805000.0,24805000.0,0.0
cnt002905,po001267,ncc019,02/04/2026,2026-05-17 08:33:36,3019800.0,3019800.0,0.0
cnt002906,po001458,ncc025,29/03/2026,2026-05-13 10:08:54,172563300.0,172563300.0,0.0
cnt002907,po002735,ncc020,29/03/2026,2026-05-13 11:08:36,87652500.0,63416800.0,24235700.0
cnt002908,po001093,ncc030,03/04/2026,2026-05-18 03:37:22,2415000.0,2415000.0,0.0
cnt002909,po001175,NCC014,03/04/2026,2026-05-18 07:55:35,24945200.0,24945200.0,0.0
cnt002910,PO000860,ncc030,02/04/2026,2026-05-17 20:21:07,71824500.0,71824500.0,0.0
cnt002911,po000081,ncc038,30/03/2026,2026-05-14 21:46:40,2184000.0,2184000.0,0.0
cnt002912,po003056,NCC008,31/03/2026,2026-05-15 03:47:23,407175400.0,407175400.0,0.0
cnt002913,po001521,ncc024,31/03/2026,2026-05-15 11:08:47,19925400.0,7255800.0,12669600.0
cnt002914,PO000405,NCC006,05/04/2026,2026-05-20 00:19:48,336465600.0,336465600.0,0.0
cnt002915,PO001777,NCC039,04/04/2026,2026-05-19 13:18:14,119565000.0,119565000.0,0.0
cnt002916,po003332,ncc021,03/04/2026,2026-05-18 16:16:45,101139300.0,101139300.0,0.0
cnt002917,po002171,NCC022,01/04/2026,2026-05-16 16:47:58,18446000.0,9200500.0,9245500.0
cnt002918,po000956,NCC017,05/04/2026,2026-05-20 18:32:12,31663200.0,31663200.0,0.0
CNT002919,po000646,NCC034,02/04/2026,2026-05-17 22:36:50,79242000.0,1124900.0,78117100.0
cnt002920,po000529,ncc012,05/04/2026,2026-05-20 07:50:44,238872000.0,76348800.0,162523200.0
cnt002921,po003125,ncc016,02/04/2026,2026-05-17 08:35:21,61182000.0,61182000.0,0.0
cnt002922,PO000834,ncc043,07/04/2026,2026-05-22 09:18:08,8514300.0,3773500.0,4740800.0
cnt002923,PO000330,ncc019,07/04/2026,2026-05-22 13:43:18,88687800.0,88687800.0,0.0
cnt002924,po003237,ncc014,2026-04-06,2026-05-21 14:54:50,9109800.0,5726300.0,3383500.0
cnt002925,PO002682,ncc035,03/04/2026,2026-05-18 22:35:09,812646100.0,744166800.0,68479300.0
CNT002926,po001791,ncc011,06/04/2026,2026-05-21 23:32:40,29951200.0,25599800.0,4351400.0
CNT002927,po001423,ncc019,08/04/2026,2026-05-23 00:22:15,4726800.0,4726800.0,0.0
CNT002928,po003133,ncc043,08/04/2026,2026-05-23 12:13:09,23280000.0,20428800.0,2851200.0
cnt002929,PO000246,ncc026,04/04/2026,2026-05-19 13:43:14,42031200.0,38816900.0,3214300.0
cnt002930,po001414,NCC014,05/04/2026,2026-05-20 14:26:35,26317500.0,26317500.0,0.0
CNT002931,po000485,ncc014,08/04/2026,2026-05-23 18:06:46,16097200.0,1964400.0,14132800.0
cnt002932,PO000840,ncc023,07/04/2026,2026-05-22 03:22:10,37440000.0,37440000.0,0.0
cnt002933,po000647,NCC044,09/04/2026,2026-05-24 03:29:22,14011800.0,4661500.0,9350300.0
cnt002934,po000865,ncc014,05/04/2026,2026-05-20 03:48:36,393938400.0,270009700.0,123928700.0
cnt002935,po000085,ncc006,07/04/2026,2026-05-22 07:28:38,8554000.0,5850200.0,2703800.0
cnt002936,po002384,ncc040,08/04/2026,2026-05-23 09:17:23,83692800.0,10575700.0,73117100.0
CNT002937,po001636,NCC023,2026-04-09,2026-05-24 10:54:41,66740000.0,34075400.0,32664600.0
cnt002938,po000392,ncc031,06/04/2026,2026-05-21 18:07:44,250962400.0,250962400.0,0.0
cnt002939,PO001225,ncc043,07/04/2026,2026-05-22 18:53:01,56684100.0,54958100.0,1726000.0
cnt002940,po000598,ncc005,04/10/2026,2026-05-25 01:10:52,32045000.0,32045000.0,0.0
cnt002941,po000167,ncc005,09/04/2026,2026-05-24 02:58:30,89198900.0,89198900.0,0.0
cnt002942,po000439,ncc030,08/04/2026,2026-05-23 02:59:30,16051200.0,1721200.0,14330000.0
CNT002943,po003241,ncc025,09/04/2026,2026-05-24 07:49:00,30069700.0,30069700.0,0.0
cnt002944,po003093,NCC004,07/04/2026,2026-05-22 13:41:44,22250800.0,22250800.0,0.0
cnt002945,po000528,ncc041,10/04/2026,2026-05-25 16:34:55,231953400.0,150307500.0,81645900.0
cnt002946,po000542,NCC038,10/04/2026,2026-05-25 01:22:31,871500.0,871500.0,0.0
cnt002947,po001266,ncc001,07/04/2026,2026-05-22 01:33:52,583303800.0,583303800.0,0.0
cnt002948,po000210,ncc015,07/04/2026,2026-05-22 11:57:31,122342700.0,115142200.0,7200500.0
cnt002949,PO001931,ncc030,08/04/2026,2026-05-23 13:28:40,110890000.0,67903500.0,42986500.0
CNT002950,po002477,ncc043,08/04/2026,2026-05-23 13:30:04,52004400.0,52004400.0,0.0
cnt002951,po003424,ncc030,10/04/2026,2026-05-25 14:47:24,475092000.0,475092000.0,0.0
cnt002952,po002531,ncc045,09/04/2026,2026-05-24 06:56:38,139724200.0,21199400.0,118524800.0
CNT002953,po000935,ncc010,10/04/2026,2026-05-25 09:35:37,450616500.0,15257500.0,435359000.0
cnt002954,PO003015,ncc036,09/04/2026,2026-05-24 13:47:39,51538000.0,50939900.0,598100.0
cnt002955,po001894,NCC020,08/04/2026,2026-05-23 16:59:55,33170200.0,33170200.0,0.0
cnt002956,po000844,ncc035,10/04/2026,2026-05-25 21:35:36,87825000.0,87825000.0,0.0
cnt002957,po001427,ncc038,11/04/2026,2026-05-26 00:36:58,504037800.0,62177400.0,441860400.0
cnt002958,PO003461,ncc037,11/04/2026,2026-05-26 08:33:14,29463000.0,29463000.0,0.0
cnt002959,po000531,NCC037,10/04/2026,2026-05-25 10:02:27,258440000.0,25425700.0,233014300.0
cnt002960,PO002710,ncc029,11/04/2026,2026-05-26 01:17:56,54771200.0,54771200.0,0.0
CNT002961,po001103,ncc008,10/04/2026,2026-05-25 05:12:42,16359000.0,6947700.0,9411300.0
cnt002962,po001168,ncc044,10/04/2026,2026-05-25 07:13:59,133257400.0,133257400.0,0.0
cnt002963,po000793,ncc032,10/04/2026,2026-05-25 08:17:23,185484800.0,185484800.0,0.0
cnt002964,po001048,ncc035,12/04/2026,2026-05-27 12:06:56,11498500.0,9725000.0,1773500.0
cnt002965,po000340,ncc045,12/04/2026,2026-05-27 13:07:28,9216900.0,1559600.0,7657300.0
cnt002966,po002708,ncc035,04/13/2026,2026-05-28 14:35:07,59859200.0,45503000.0,14356200.0
cnt002967,po002309,NCC902,11/04/2026,2026-05-26 02:52:11,135194200.0,135194200.0,0.0
cnt002968,po000243,ncc022,12/04/2026,2026-05-27 03:52:04,46726400.0,10734900.0,35991500.0
CNT002969,po001815,ncc045,14/04/2026,2026-05-29 05:29:34,26761500.0,18100100.0,8661400.0
cnt002970,PO001680,ncc006,14/04/2026,2026-05-29 06:24:17,211349600.0,211349600.0,0.0
cnt002971,po001936,ncc002,11/04/2026,2026-05-26 08:17:46,43159500.0,43159500.0,0.0
cnt002972,po002286,ncc025,11/04/2026,2026-05-26 08:39:15,39141300.0,28747100.0,10394200.0
cnt002973,PO003245,NCC015,13/04/2026,2026-05-28 13:38:36,292320000.0,292320000.0,0.0
cnt002974,po000825,ncc007,14/04/2026,2026-05-29 00:53:38,489418400.0,128550000.0,360868400.0
CNT002975,po001555,ncc029,13/04/2026,2026-05-28 01:41:47,52390000.0,52390000.0,0.0
cnt002976,po000872,ncc008,12/04/2026,2026-05-27 09:08:07,48429800.0,30581800.0,17848000.0
cnt002977,po003210,ncc008,13/04/2026,2026-05-28 11:38:02,39618000.0,39618000.0,0.0
cnt002978,PO002326,ncc004,15/04/2026,2026-05-30 13:42:53,18513600.0,18513600.0,0.0
cnt002979,po002571,ncc021,13/04/2026,2026-05-28 15:16:06,9196000.0,9196000.0,0.0
cnt002980,PO002549,NCC042,14/04/2026,2026-05-29 19:12:35,60341500.0,60341500.0,0.0
cnt002981,po001735,ncc020,15/04/2026,2026-05-30 00:56:13,15695000.0,15695000.0,0.0
cnt002982,po000623,ncc033,17/04/2026,2026-06-01 03:32:35,3070200.0,3070200.0,0.0
cnt002983,PO003054,ncc003,14/04/2026,2026-05-29 09:45:26,67609600.0,67609600.0,0.0
cnt002984,po000465,ncc035,14/04/2026,2026-05-29 20:29:35,10102400.0,10102400.0,0.0
cnt002985,PO001712,NCC036,17/04/2026,2026-06-01 23:51:55,91233000.0,91233000.0,0.0
cnt002986,po001352,NCC045,16/04/2026,2026-05-31 08:32:14,125419200.0,125419200.0,0.0
CNT002987,po002400,NCC033,18/04/2026,2026-06-02 16:54:47,30603200.0,2176800.0,28426400.0
cnt002988,po000229,ncc018,14/04/2026,2026-05-29 21:48:17,29390700.0,29390700.0,0.0
cnt002989,po002559,ncc015,16/04/2026,2026-05-31 22:06:02,63408800.0,63408800.0,0.0
CNT002990,po001888,NCC017,18/04/2026,2026-06-02 22:44:42,4602000.0,4602000.0,0.0
cnt002991,po000858,ncc011,17/04/2026,2026-06-01 23:50:43,31716100.0,31716100.0,0.0
cnt002992,PO000378,ncc029,18/04/2026,2026-06-02 01:55:19,85965600.0,64818500.0,21147100.0
cnt002993,po002938,ncc042,17/04/2026,2026-06-01 15:08:53,18965600.0,18965600.0,0.0
cnt002994,po002896,ncc041,19/04/2026,2026-06-03 17:33:50,52398500.0,52398500.0,0.0
cnt002995,PO000550,ncc017,15/04/2026,2026-05-30 18:45:30,25696200.0,17488800.0,8207400.0
cnt002996,PO001249,ncc011,16/04/2026,2026-05-31 14:33:26,97656200.0,2673100.0,94983100.0
cnt002997,PO002413,ncc029,18/04/2026,2026-06-02 19:01:38,13560800.0,5543600.0,8017200.0
cnt002998,po000578,ncc013,19/04/2026,2026-06-03 21:56:45,84289600.0,84289600.0,0.0
cnt002999,po001370,ncc012,19/04/2026,2026-06-03 23:26:25,16590000.0,13240500.0,3349500.0
cnt003000,po000853,NCC030,21/04/2026,2026-06-05 00:03:40,193361400.0,193361400.0,0.0
cnt003001,po000503,ncc032,17/04/2026,2026-06-01 12:02:38,67182900.0,64743900.0,2439000.0
cnt003002,po002195,ncc004,21/04/2026,2026-06-05 00:22:47,82016000.0,82016000.0,0.0
cnt003003,PO001359,ncc043,21/04/2026,2026-06-05 04:25:40,32270700.0,32270700.0,0.0
cnt003004,PO001751,ncc006,18/04/2026,2026-06-02 04:49:12,117011800.0,89571400.0,27440400.0
cnt003005,PO003304,ncc006,20/04/2026,2026-06-04 06:53:37,449789600.0,186322400.0,263467200.0
cnt003006,po003191,ncc005,19/04/2026,2026-06-03 07:38:49,578259000.0,369341100.0,208917900.0
cnt003007,po002220,ncc042,04/21/2026,2026-06-05 18:29:22,38057900.0,38057900.0,0.0
cnt003008,po000402,ncc035,20/04/2026,2026-06-04 19:06:41,598361200.0,466252000.0,132109200.0
CNT003009,po000567,ncc024,20/04/2026,2026-06-04 21:41:48,18356300.0,10879500.0,7476800.0
cnt003010,po000236,ncc020,22/04/2026,2026-06-06 10:54:31,95233800.0,95233800.0,0.0
cnt003011,po001635,ncc008,23/04/2026,2026-06-07 16:04:18,112942800.0,112942800.0,0.0
cnt003012,po002257,ncc007,19/04/2026,2026-06-03 22:49:42,302761900.0,202561000.0,100200900.0
cnt003013,po000655,ncc032,22/04/2026,2026-06-06 23:14:25,51608600.0,51608600.0,0.0
cnt003014,po003258,ncc002,21/04/2026,2026-06-05 06:03:34,20441800.0,17994100.0,2447700.0
cnt003015,PO001585,ncc018,24/04/2026,2026-06-08 07:07:53,322555200.0,322555200.0,0.0
cnt003016,po001604,ncc038,20/04/2026,2026-06-04 10:07:29,305384000.0,36473600.0,268910400.0
CNT003017,po000963,NCC029,2026-04-23,2026-06-07 13:39:41,61286400.0,11951300.0,49335100.0
cnt003018,PO000978,ncc027,21/04/2026,2026-06-05 15:21:23,18701700.0,18701700.0,0.0
cnt003019,PO000690,ncc044,20/04/2026,2026-06-04 15:49:55,123097600.0,123097600.0,0.0
cnt003020,po002100,ncc001,21/04/2026,2026-06-05 22:15:59,35311800.0,35311800.0,0.0
cnt003021,po003482,NCC029,25/04/2026,2026-06-09 01:47:55,251652000.0,251652000.0,0.0
cnt003022,PO003481,ncc041,22/04/2026,2026-06-06 08:00:12,303368000.0,303368000.0,0.0
CNT003023,po002828,ncc005,22/04/2026,2026-06-06 14:26:47,29263200.0,12318500.0,16944700.0
cnt003024,po001386,NCC024,21/04/2026,2026-06-05 15:59:45,3366000.0,1053400.0,2312600.0
cnt003025,PO001104,ncc034,22/04/2026,2026-06-06 18:13:18,39505100.0,6666900.0,32838200.0
cnt003026,po002128,ncc015,24/04/2026,2026-06-08 00:04:58,117450900.0,117450900.0,0.0
CNT003027,po001204,ncc009,26/04/2026,2026-06-10 07:57:41,12426400.0,8839700.0,3586700.0
cnt003028,po001433,NCC013,24/04/2026,2026-06-08 13:51:13,174460000.0,174460000.0,0.0
cnt003029,PO000083,ncc001,23/04/2026,2026-06-07 14:21:34,53865000.0,53865000.0,0.0
cnt003030,po002041,ncc042,26/04/2026,2026-06-10 20:39:04,235269600.0,235269600.0,0.0
CNT003031,po000131,ncc040,26/04/2026,2026-06-10 02:45:21,69552500.0,34668100.0,34884400.0
CNT003032,po001158,NCC038,26/04/2026,2026-06-10 03:59:36,46702500.0,46702500.0,0.0
cnt003033,po002424,NCC006,24/04/2026,2026-06-08 07:47:08,104346000.0,11536200.0,92809800.0
cnt003034,po002495,ncc026,27/04/2026,2026-06-11 07:15:16,34806400.0,33855400.0,951000.0
cnt003035,po003103,ncc032,25/04/2026,2026-06-09 10:30:26,22066000.0,22066000.0,0.0
cnt003036,PO000625,ncc026,26/04/2026,2026-06-10 22:59:12,4989600.0,4989600.0,0.0
CNT003037,PO002453,ncc025,27/04/2026,2026-06-11 01:43:39,133301000.0,133301000.0,0.0
cnt003038,po002783,ncc005,27/04/2026,2026-06-11 10:45:39,94428000.0,82041100.0,12386900.0
cnt003039,PO000079,ncc013,04/25/2026,2026-06-09 10:47:27,19000000.0,12518500.0,6481500.0
cnt003040,po000680,ncc023,29/04/2026,2026-06-13 11:26:40,110724400.0,110724400.0,0.0
cnt003041,po002142,ncc022,28/04/2026,2026-06-12 12:23:57,100900800.0,100900800.0,0.0
cnt003042,po002352,NCC013,29/04/2026,2026-06-13 21:09:45,13720000.0,4234100.0,9485900.0
cnt003043,po002469,ncc027,28/04/2026,2026-06-12 02:51:27,28706000.0,28706000.0,0.0
cnt003044,PO002775,ncc036,26/04/2026,2026-06-10 03:28:08,36974000.0,26387600.0,10586400.0
cnt003045,PO002520,ncc024,28/04/2026,2026-06-12 08:29:43,37592700.0,23649100.0,13943600.0
cnt003046,po000445,NCC004,29/04/2026,2026-06-13 19:44:05,21562800.0,21562800.0,0.0
cnt003047,PO001831,ncc016,01/05/2026,2026-06-15 11:18:25,6140000.0,2354100.0,3785900.0
cnt003048,po000466,NCC007,27/04/2026,2026-06-11 14:00:39,10086000.0,3849100.0,6236900.0
cnt003049,po001582,ncc030,30/04/2026,2026-06-14 22:03:12,95809500.0,95809500.0,0.0
cnt003050,PO000615,ncc040,29/04/2026,2026-06-13 23:24:05,3284100.0,1398500.0,1885600.0
CNT003051,po000060,ncc021,01/05/2026,2026-06-15 07:09:07,56073300.0,9503600.0,46569700.0
cnt003052,PO002491,ncc045,29/04/2026,2026-06-13 12:22:41,83562500.0,51565100.0,31997400.0
cnt003053,PO002860,ncc032,30/04/2026,2026-06-14 03:23:11,241200000.0,241200000.0,0.0
cnt003054,po001807,NCC001,02/05/2026,2026-06-16 04:19:20,34083800.0,3893500.0,30190300.0
cnt003055,PO000035,ncc019,30/04/2026,2026-06-14 08:42:10,74340300.0,74340300.0,0.0
cnt003056,po002881,ncc028,02/05/2026,2026-06-16 15:39:04,13529600.0,13529600.0,0.0
cnt003057,po000824,ncc028,03/05/2026,2026-06-17 18:03:23,615967600.0,615967600.0,0.0
CNT003058,po002399,ncc027,03/05/2026,2026-06-17 23:20:49,100942400.0,100942400.0,0.0
cnt003059,po002013,ncc034,05/05/2026,2026-06-19 00:35:12,12312000.0,3777900.0,8534100.0
cnt003060,po000317,NCC031,04/05/2026,2026-06-18 01:28:35,8613000.0,6504600.0,2108400.0
cnt003061,po001591,ncc027,03/05/2026,2026-06-17 08:48:44,33079200.0,22834300.0,10244900.0
cnt003062,PO001494,NCC039,01/05/2026,2026-06-15 13:23:23,12074400.0,12074400.0,0.0
cnt003063,po000671,ncc036,01/05/2026,2026-06-15 15:42:17,39955000.0,5611500.0,34343500.0
cnt003064,po002244,ncc001,05/05/2026,2026-06-19 16:30:52,7363000.0,7363000.0,0.0
CNT003065,po000326,NCC001,02/05/2026,2026-06-16 17:33:46,52788400.0,52788400.0,0.0
cnt003066,po000096,ncc017,02/05/2026,2026-06-16 23:32:38,111162400.0,93382600.0,17779800.0
cnt003067,po002890,ncc028,06/05/2026,2026-06-20 16:21:23,293500800.0,293500800.0,0.0
cnt003068,po000130,ncc034,06/05/2026,2026-06-20 01:19:08,12608000.0,12608000.0,0.0
cnt003069,po002586,ncc033,06/05/2026,2026-06-20 04:12:53,48108600.0,3424300.0,44684300.0
cnt003070,po003267,ncc039,05/05/2026,2026-06-19 09:01:20,92460000.0,66917800.0,25542200.0
cnt003071,PO002016,ncc001,07/05/2026,2026-06-21 12:36:09,700920000.0,116022900.0,584897100.0
cnt003072,PO000968,ncc044,05/05/2026,2026-06-19 07:25:12,78625500.0,49208900.0,29416600.0
cnt003073,po000776,ncc018,04/05/2026,2026-06-18 10:51:53,75654000.0,75654000.0,0.0
cnt003074,po002942,ncc001,08/05/2026,2026-06-22 15:39:50,456091500.0,456091500.0,0.0
CNT003075,PO000303,ncc026,04/05/2026,2026-06-18 18:56:27,60506700.0,7995500.0,52511200.0
cnt003076,po002870,ncc021,07/05/2026,2026-06-21 21:04:03,19671600.0,19671600.0,0.0
cnt003077,po002704,ncc009,07/05/2026,2026-06-21 23:46:17,46992000.0,38318900.0,8673100.0
cnt003078,po002180,ncc009,09/05/2026,2026-06-23 06:12:36,5755200.0,5755200.0,0.0
cnt003079,po001277,NCC038,09/05/2026,2026-06-23 06:31:55,14352000.0,11741800.0,2610200.0
cnt003080,po000822,ncc022,05/05/2026,2026-06-19 08:46:22,24994400.0,24994400.0,0.0
CNT003081,po000958,ncc041,05/06/2026,2026-06-20 10:01:18,75060000.0,75060000.0,0.0
cnt003082,PO002721,NCC021,08/05/2026,2026-06-22 10:36:34,24982800.0,16262900.0,8719900.0
cnt003083,po003389,ncc002,08/05/2026,2026-06-22 13:08:32,14889600.0,14889600.0,0.0
cnt003084,po002472,ncc005,08/05/2026,2026-06-22 21:23:42,10446500.0,10293600.0,152900.0
CNT003085,po001853,NCC021,07/05/2026,2026-06-21 21:35:34,92083500.0,50755500.0,41328000.0
cnt003086,po003287,ncc014,07/05/2026,2026-06-21 22:01:50,15559500.0,9409700.0,6149800.0
cnt003087,po001639,ncc031,09/05/2026,2026-06-23 04:36:44,124184200.0,124184200.0,0.0
cnt003088,po002246,ncc041,08/05/2026,2026-06-22 19:56:16,48818700.0,17209500.0,31609200.0
CNT003089,PO001763,ncc034,09/05/2026,2026-06-23 20:41:06,37949000.0,14589300.0,23359700.0
cnt003090,po002518,ncc039,09/05/2026,2026-06-23 22:24:19,43243200.0,34643800.0,8599400.0
cnt003091,po002278,ncc041,07/05/2026,2026-06-21 02:09:56,43137600.0,27876700.0,15260900.0
cnt003092,PO001804,ncc025,10/05/2026,2026-06-24 04:38:57,19656000.0,4246700.0,15409300.0
cnt003093,PO002603,ncc004,10/05/2026,2026-06-24 07:04:44,22103400.0,14882100.0,7221300.0
cnt003094,po000371,ncc034,11/05/2026,2026-06-25 14:54:14,138372800.0,138372800.0,0.0
cnt003095,po001747,ncc025,11/05/2026,2026-06-25 18:07:23,29313600.0,3329800.0,25983800.0
cnt003096,po002110,ncc027,11/05/2026,2026-06-25 19:24:55,564020600.0,564020600.0,0.0
cnt003097,po002636,ncc027,11/05/2026,2026-06-25 20:38:50,24128000.0,2189300.0,21938700.0
cnt003098,PO002184,ncc043,10/05/2026,2026-06-24 00:11:50,24220500.0,24220500.0,0.0
cnt003099,po001382,ncc034,09/05/2026,2026-06-23 02:22:24,9460000.0,9460000.0,0.0
cnt003100,po003261,ncc036,08/05/2026,2026-06-22 17:02:53,127993900.0,46105800.0,81888100.0
cnt003101,PO002639,ncc034,08/05/2026,2026-06-22 19:49:26,259464000.0,259464000.0,0.0
cnt003102,PO002774,ncc020,13/05/2026,2026-06-27 04:04:26,95915800.0,95915800.0,0.0
cnt003103,po003038,ncc029,13/05/2026,2026-06-27 04:50:04,2711700.0,2207800.0,503900.0
cnt003104,PO002944,ncc038,13/05/2026,2026-06-27 05:17:25,14881600.0,8958400.0,5923200.0
cnt003105,po001538,ncc006,11/05/2026,2026-06-25 15:23:04,32481600.0,32481600.0,0.0
cnt003106,po003224,ncc016,12/05/2026,2026-06-26 15:42:44,30103800.0,30103800.0,0.0
cnt003107,PO002634,ncc045,12/05/2026,2026-06-26 17:20:22,4873200.0,4873200.0,0.0
CNT003108,po002882,NCC009,09/05/2026,2026-06-23 20:43:53,6302400.0,6302400.0,0.0
cnt003109,PO001232,NCC906,12/05/2026,2026-06-26 20:48:18,170145100.0,170145100.0,0.0
cnt003110,PO000519,ncc009,12/05/2026,2026-06-26 21:04:38,30871200.0,30871200.0,0.0
CNT003111,po001914,ncc031,10/05/2026,2026-06-24 05:49:38,530956200.0,530956200.0,0.0
cnt003112,PO000848,ncc001,10/05/2026,2026-06-24 13:28:42,36251100.0,35344100.0,907000.0
CNT003113,PO000209,NCC006,12/05/2026,2026-06-26 17:32:10,67642900.0,17147500.0,50495400.0
cnt003114,po000310,NCC014,2026-05-13,2026-06-27 19:33:25,15379400.0,11600400.0,3779000.0
CNT003115,po003265,NCC027,10/05/2026,2026-06-24 22:11:39,94293500.0,94293500.0,0.0
cnt003116,po001533,ncc014,13/05/2026,2026-06-27 10:18:13,150680400.0,120350700.0,30329700.0
cnt003117,po000903,ncc030,11/05/2026,2026-06-25 17:03:33,569867000.0,59493800.0,510373200.0
cnt003118,po001029,ncc018,12/05/2026,2026-06-26 17:53:36,659353200.0,659353200.0,0.0
cnt003119,po002001,ncc017,14/05/2026,2026-06-28 19:03:53,237072000.0,237072000.0,0.0
cnt003120,PO002643,ncc020,11/05/2026,2026-06-25 22:11:04,38223000.0,1794300.0,36428700.0
cnt003121,po002584,ncc035,14/05/2026,2026-06-28 02:48:38,390448000.0,258287000.0,132161000.0
CNT003122,PO000514,ncc022,13/05/2026,2026-06-27 18:41:12,55254400.0,37953500.0,17300900.0
cnt003123,PO001905,ncc011,12/05/2026,2026-06-26 21:19:48,25428000.0,20499200.0,4928800.0
cnt003124,PO000370,ncc033,13/05/2026,2026-06-27 12:09:51,45423000.0,45423000.0,0.0
cnt003125,po001709,ncc004,14/05/2026,2026-06-28 13:02:47,126983700.0,126983700.0,0.0
cnt003126,po001149,ncc005,17/05/2026,2026-07-01 13:19:20,27702000.0,24546900.0,3155100.0
cnt003127,po002336,ncc002,13/05/2026,2026-06-27 15:46:04,21014000.0,21014000.0,0.0
cnt003128,po001180,ncc002,14/05/2026,2026-06-28 23:05:46,21645000.0,21645000.0,0.0
cnt003129,po002341,ncc033,16/05/2026,2026-06-30 01:59:50,8183000.0,8183000.0,0.0
cnt003130,PO000600,ncc014,16/05/2026,2026-06-30 10:25:24,269315000.0,48176000.0,221139000.0
cnt003131,po002111,ncc011,05/18/2026,2026-07-02 20:54:16,10298000.0,4698000.0,5600000.0
cnt003132,po002843,ncc010,16/05/2026,2026-06-30 02:29:51,24155400.0,24155400.0,0.0
cnt003133,PO003150,ncc030,16/05/2026,2026-06-30 10:06:51,32574200.0,20498300.0,12075900.0
cnt003134,PO001549,ncc009,18/05/2026,2026-07-02 12:51:48,36288000.0,36288000.0,0.0
cnt003135,PO003096,ncc006,16/05/2026,2026-06-30 15:33:46,19292000.0,19292000.0,0.0
cnt003136,PO001822,ncc035,16/05/2026,2026-06-30 21:38:22,4949600.0,4949600.0,0.0
cnt003137,po000172,ncc013,21/05/2026,2026-07-05 00:28:12,13521600.0,10534400.0,2987200.0
cnt003138,po001600,ncc009,20/05/2026,2026-07-04 11:58:25,524574000.0,524574000.0,0.0
cnt003139,po003026,ncc037,18/05/2026,2026-07-02 12:26:44,488094300.0,488094300.0,0.0
cnt003140,po000710,ncc026,20/05/2026,2026-07-04 19:16:57,143430300.0,143430300.0,0.0
cnt003141,po002275,NCC016,20/05/2026,2026-07-04 03:20:18,5041000.0,5041000.0,0.0
cnt003142,PO001772,NCC904,22/05/2026,2026-07-06 09:42:37,97549200.0,47115600.0,50433600.0
cnt003143,PO002712,ncc020,22/05/2026,2026-07-06 10:40:09,6934500.0,6934500.0,0.0
CNT003144,PO000446,ncc003,18/05/2026,2026-07-02 12:12:09,41589100.0,41589100.0,0.0
cnt003145,po001344,ncc007,21/05/2026,2026-07-05 20:11:54,6027000.0,6027000.0,0.0
CNT003146,po000606,NCC034,23/05/2026,2026-07-07 09:42:06,71412600.0,71412600.0,0.0
CNT003147,PO002318,ncc005,19/05/2026,2026-07-03 16:24:33,106177500.0,78890700.0,27286800.0
cnt003148,po000874,ncc042,20/05/2026,2026-07-04 23:05:39,480731200.0,480731200.0,0.0
cnt003149,po002423,ncc016,20/05/2026,2026-07-04 01:16:09,140436400.0,140436400.0,0.0
cnt003150,po002109,ncc007,21/05/2026,2026-07-05 02:01:29,19203800.0,19203800.0,0.0
cnt003151,po002647,ncc019,23/05/2026,2026-07-07 06:35:28,13990800.0,13990800.0,0.0
cnt003152,po003398,NCC901,24/05/2026,2026-07-08 16:48:25,97370400.0,97370400.0,0.0
cnt003153,po000783,ncc041,23/05/2026,2026-07-07 16:59:55,51914200.0,35703200.0,16211000.0
cnt003154,po000224,ncc029,23/05/2026,2026-07-07 23:35:12,53737200.0,53737200.0,0.0
cnt003155,po000011,ncc023,21/05/2026,2026-07-05 00:38:54,73272500.0,58721600.0,14550900.0
cnt003156,po002563,NCC001,24/05/2026,2026-07-08 11:47:11,90844600.0,63223500.0,27621100.0
cnt003157,po001428,ncc027,21/05/2026,2026-07-05 13:45:08,92400000.0,92400000.0,0.0
cnt003158,po002558,ncc037,21/05/2026,2026-07-05 14:54:14,4779000.0,3835900.0,943100.0
cnt003159,po000050,ncc011,21/05/2026,2026-07-05 21:21:24,143430600.0,86189100.0,57241500.0
cnt003160,po002098,NCC903,23/05/2026,2026-07-07 23:26:23,262306600.0,243293700.0,19012900.0
cnt003161,po000015,NCC903,22/05/2026,2026-07-06 03:06:19,180630100.0,50389800.0,130240300.0
cnt003162,po000010,ncc008,23/05/2026,2026-07-07 03:51:31,15007200.0,15007200.0,0.0
CNT003163,po000404,ncc029,24/05/2026,2026-07-08 05:47:28,874200.0,874200.0,0.0
cnt003164,po002323,ncc030,23/05/2026,2026-07-07 07:36:23,18818100.0,18818100.0,0.0
cnt003165,PO001652,ncc012,23/05/2026,2026-07-07 22:14:28,96917100.0,96917100.0,0.0
cnt003166,po001718,ncc023,27/05/2026,2026-07-11 00:22:26,89486700.0,89486700.0,0.0
cnt003167,po001918,ncc020,27/05/2026,2026-07-11 03:40:29,67550000.0,6811300.0,60738700.0
cnt003168,po002949,ncc020,26/05/2026,2026-07-10 05:41:41,74344200.0,74344200.0,0.0
cnt003169,po000678,ncc010,25/05/2026,2026-07-09 06:10:59,35535000.0,35535000.0,0.0
CNT003170,po003078,ncc005,26/05/2026,2026-07-10 13:50:21,101806000.0,101806000.0,0.0
cnt003171,po003090,ncc020,25/05/2026,2026-07-09 00:47:41,19277000.0,19277000.0,0.0
cnt003172,po001466,NCC900,25/05/2026,2026-07-09 04:06:06,309168900.0,309168900.0,0.0
CNT003173,PO001139,ncc040,28/05/2026,2026-07-12 10:42:07,674060800.0,343213400.0,330847400.0
cnt003174,po003175,ncc009,27/05/2026,2026-07-11 12:00:58,292129500.0,47793900.0,244335600.0
cnt003175,po002187,ncc003,28/05/2026,2026-07-12 13:15:40,46828700.0,46828700.0,0.0
cnt003176,PO001523,NCC004,24/05/2026,2026-07-08 15:57:07,61677200.0,61677200.0,0.0
cnt003177,po001614,ncc041,27/05/2026,2026-07-11 17:58:46,463382400.0,199287700.0,264094700.0
cnt003178,po003414,ncc031,24/05/2026,2026-07-08 18:29:14,81327100.0,17050900.0,64276200.0
cnt003179,po002801,ncc023,27/05/2026,2026-07-11 11:44:37,110004000.0,12402300.0,97601700.0
cnt003180,PO002266,ncc015,26/05/2026,2026-07-10 12:20:43,119304900.0,106527600.0,12777300.0
cnt003181,po001534,ncc032,25/05/2026,2026-07-09 13:49:20,21883200.0,21883200.0,0.0
cnt003182,po001657,ncc025,29/05/2026,2026-07-13 20:12:01,23194400.0,23132700.0,61700.0
cnt003183,po002644,ncc025,27/05/2026,2026-07-11 08:26:49,69580800.0,69580800.0,0.0
cnt003184,po001754,ncc039,30/05/2026,2026-07-14 10:43:35,43848900.0,43195600.0,653300.0
cnt003185,PO000191,ncc001,27/05/2026,2026-07-11 21:10:45,1499400.0,1111300.0,388100.0
cnt003186,po000878,ncc004,2026-05-27,2026-07-11 05:45:12,236406000.0,196882400.0,39523600.0
cnt003187,PO002854,ncc035,31/05/2026,2026-07-15 06:21:38,168432000.0,145209300.0,23222700.0
cnt003188,po002432,ncc024,28/05/2026,2026-07-12 21:18:56,15067600.0,12606000.0,2461600.0
cnt003189,po001403,ncc001,2026-06-01,2026-07-16 07:13:24,36852000.0,23867400.0,12984600.0
cnt003190,PO000335,ncc045,28/05/2026,2026-07-12 11:01:22,21296200.0,21296200.0,0.0
cnt003191,po001975,ncc002,28/05/2026,2026-07-12 18:20:31,4662000.0,1622400.0,3039600.0
CNT003192,po003212,NCC900,29/05/2026,2026-07-13 22:41:57,170854200.0,103173800.0,67680400.0
cnt003193,po003190,NCC017,02/06/2026,2026-07-17 04:01:27,10231500.0,9637200.0,594300.0
cnt003194,po001561,ncc040,02/06/2026,2026-07-17 09:50:27,83107200.0,83107200.0,0.0
cnt003195,po002456,ncc010,30/05/2026,2026-07-14 11:31:39,33910100.0,3446900.0,30463200.0
cnt003196,po000282,ncc012,29/05/2026,2026-07-13 13:45:26,763173500.0,763173500.0,0.0
cnt003197,PO002268,ncc041,30/05/2026,2026-07-14 14:31:03,20147800.0,14476700.0,5671100.0
cnt003198,PO000321,ncc032,30/05/2026,2026-07-14 20:41:11,283096800.0,41992400.0,241104400.0
cnt003199,PO002003,ncc020,31/05/2026,2026-07-15 22:01:06,27521700.0,10843900.0,16677800.0
cnt003200,po002138,ncc035,31/05/2026,2026-07-15 22:23:38,52986400.0,44644000.0,8342400.0
cnt003201,PO000888,ncc016,31/05/2026,2026-07-15 10:44:56,109440900.0,109440900.0,0.0
cnt003202,po002745,ncc036,03/06/2026,2026-07-18 12:47:46,452330100.0,61502200.0,390827900.0
CNT003203,PO000979,ncc001,01/06/2026,2026-07-16 12:56:48,365272200.0,31756400.0,333515800.0
CNT003204,PO000408,ncc017,31/05/2026,2026-07-15 16:31:41,403069200.0,403069200.0,0.0
cnt003205,PO001468,NCC903,03/06/2026,2026-07-18 00:13:21,105543900.0,105543900.0,0.0
CNT003206,po000682,ncc027,02/06/2026,2026-07-17 00:30:17,209295400.0,209295400.0,0.0
cnt003207,PO003369,ncc043,03/06/2026,2026-07-18 08:16:30,31685200.0,31685200.0,0.0
cnt003208,po001060,ncc009,01/06/2026,2026-07-16 08:47:37,277378400.0,277378400.0,0.0
cnt003209,po003204,ncc041,02/06/2026,2026-07-17 12:19:07,120695300.0,120695300.0,0.0
cnt003210,po003232,ncc028,04/06/2026,2026-07-19 18:20:17,7417300.0,104700.0,7312600.0
cnt003211,po001473,NCC027,04/06/2026,2026-07-19 02:55:45,55784700.0,55784700.0,0.0
CNT003212,po002467,ncc034,04/06/2026,2026-07-19 06:12:47,16385600.0,4019900.0,12365700.0
cnt003213,po002608,ncc005,02/06/2026,2026-07-17 15:18:28,500377500.0,221304300.0,279073200.0
cnt003214,po001912,ncc018,02/06/2026,2026-07-17 22:06:27,13250600.0,1407700.0,11842900.0
cnt003215,po002166,NCC006,04/06/2026,2026-07-19 01:28:37,16994500.0,16994500.0,0.0
cnt003216,PO001507,ncc005,04/06/2026,2026-07-19 02:15:07,35729400.0,35729400.0,0.0
cnt003217,po002332,ncc023,02/06/2026,2026-07-17 02:30:42,17809200.0,17809200.0,0.0
CNT003218,po001356,NCC022,02/06/2026,2026-07-17 04:10:11,32412000.0,1770200.0,30641800.0
cnt003219,po002478,NCC030,03/06/2026,2026-07-18 07:21:19,4703400.0,4703400.0,0.0
cnt003220,po003107,ncc027,06/02/2026,2026-07-17 14:20:42,92197800.0,92197800.0,0.0
cnt003221,po000862,ncc017,03/06/2026,2026-07-18 16:51:04,48530600.0,48530600.0,0.0
cnt003222,po001764,NCC032,07/06/2026,2026-07-22 01:07:16,115783200.0,115783200.0,0.0
cnt003223,po002238,NCC038,06/06/2026,2026-07-21 03:47:29,1491000.0,121300.0,1369700.0
CNT003224,PO002134,ncc012,05/06/2026,2026-07-20 04:02:59,71677400.0,54931300.0,16746100.0
cnt003225,po002602,ncc017,06/06/2026,2026-07-21 04:28:05,116116000.0,86404300.0,29711700.0
cnt003226,po002046,ncc031,07/06/2026,2026-07-22 09:33:59,32496800.0,32496800.0,0.0
cnt003227,po002390,ncc037,06/06/2026,2026-07-21 15:08:12,5121600.0,2453700.0,2667900.0
cnt003228,po000155,ncc008,04/06/2026,2026-07-19 19:47:47,3220800.0,3220800.0,0.0
cnt003229,PO000027,ncc035,03/06/2026,2026-07-18 21:19:00,87464000.0,38976000.0,48488000.0
cnt003230,po000463,NCC031,07/06/2026,2026-07-22 00:16:48,85583400.0,85583400.0,0.0
cnt003231,po000447,NCC043,04/06/2026,2026-07-19 02:30:54,52021200.0,40493200.0,11528000.0
cnt003232,po002593,NCC004,04/06/2026,2026-07-19 07:47:24,44945400.0,44945400.0,0.0
cnt003233,po003329,NCC028,05/06/2026,2026-07-20 23:54:32,12034400.0,12034400.0,0.0
cnt003234,po001434,NCC005,05/06/2026,2026-07-20 04:13:19,15256000.0,15256000.0,0.0
cnt003235,po001015,NCC036,09/06/2026,2026-07-24 06:01:56,42253000.0,42253000.0,0.0
cnt003236,po002231,ncc043,08/06/2026,2026-07-23 11:04:59,105661500.0,105661500.0,0.0
cnt003237,PO001006,NCC902,07/06/2026,2026-07-22 22:59:48,29815200.0,24211500.0,5603700.0
cnt003238,po001311,ncc018,07/06/2026,2026-07-22 05:23:03,32050200.0,32050200.0,0.0
cnt003239,po000413,ncc024,09/06/2026,2026-07-24 06:16:14,10756500.0,10756500.0,0.0
cnt003240,PO003009,ncc031,06/06/2026,2026-07-21 06:46:50,66758400.0,66758400.0,0.0
cnt003241,po002753,ncc017,08/06/2026,2026-07-23 12:19:08,360942400.0,360942400.0,0.0
CNT003242,po003476,NCC043,09/06/2026,2026-07-24 12:41:58,100158500.0,100158500.0,0.0
cnt003243,po001958,NCC012,09/06/2026,2026-07-24 17:55:26,4309000.0,4309000.0,0.0
cnt003244,po001297,ncc006,07/06/2026,2026-07-22 21:33:23,4885600.0,4885600.0,0.0
cnt003245,po000829,ncc034,07/06/2026,2026-07-22 22:25:49,437487600.0,437487600.0,0.0
cnt003246,po000805,ncc024,07/06/2026,2026-07-22 23:17:00,18464600.0,18253100.0,211500.0
CNT003247,PO001146,ncc016,2026-06-09,2026-07-24 01:39:39,56260400.0,56260400.0,0.0
cnt003248,po002722,ncc011,06/08/2026,2026-07-23 06:36:29,40420700.0,4574500.0,35846200.0
cnt003249,po002970,ncc018,11/06/2026,2026-07-26 07:14:57,40125800.0,2211700.0,37914100.0
CNT003250,po003149,ncc028,08/06/2026,2026-07-23 07:52:36,7765700.0,6214200.0,1551500.0
cnt003251,po002766,ncc033,11/06/2026,2026-07-26 11:52:02,5895100.0,5895100.0,0.0
cnt003252,po002281,ncc038,11/06/2026,2026-07-26 11:54:27,73496800.0,58753400.0,14743400.0
cnt003253,po000663,ncc012,11/06/2026,2026-07-26 16:43:37,16074000.0,14677900.0,1396100.0
cnt003254,po001315,ncc019,11/06/2026,2026-07-26 19:52:32,330204600.0,330204600.0,0.0
cnt003255,po000267,ncc010,09/06/2026,2026-07-24 20:52:44,22820000.0,22820000.0,0.0
cnt003256,po002950,ncc042,07/06/2026,2026-07-22 22:59:16,153630000.0,153630000.0,0.0
cnt003257,po002242,ncc030,09/06/2026,2026-07-24 01:08:12,122120000.0,122120000.0,0.0
cnt003258,po001253,NCC901,09/06/2026,2026-07-24 01:44:59,5335200.0,5157200.0,178000.0
cnt003259,po000706,ncc034,08/06/2026,2026-07-23 03:10:47,14299000.0,6666200.0,7632800.0
cnt003260,po001654,ncc043,09/06/2026,2026-07-24 03:44:43,43335000.0,43335000.0,0.0
cnt003261,PO000918,ncc035,11/06/2026,2026-07-26 16:29:50,90942000.0,90942000.0,0.0
cnt003262,po002979,ncc041,12/06/2026,2026-07-27 21:39:31,93993000.0,93993000.0,0.0
cnt003263,po003346,ncc014,12/06/2026,2026-07-27 22:29:01,48940500.0,48940500.0,0.0
CNT003264,po000265,ncc033,09/06/2026,2026-07-24 01:17:52,51617100.0,51617100.0,0.0
cnt003265,PO000533,NCC015,10/06/2026,2026-07-25 01:21:15,38560000.0,38560000.0,0.0
CNT003266,PO002212,ncc009,13/06/2026,2026-07-28 03:48:14,67856200.0,67856200.0,0.0
cnt003267,po000019,NCC020,06/13/2026,2026-07-28 13:19:59,6496000.0,5644600.0,851400.0
cnt003268,po001463,ncc020,10/06/2026,2026-07-25 18:33:32,136934600.0,107860800.0,29073800.0
cnt003269,po000157,NCC005,13/06/2026,2026-07-28 18:36:46,3444000.0,1537300.0,1906700.0
cnt003270,PO000621,NCC013,13/06/2026,2026-07-28 11:30:34,28042900.0,21581100.0,6461800.0
cnt003271,PO001255,ncc012,11/06/2026,2026-07-26 14:15:23,39216000.0,39216000.0,0.0
CNT003272,po001851,NCC904,11/06/2026,2026-07-26 08:30:01,10825200.0,4025200.0,6800000.0
cnt003273,po000481,ncc043,13/06/2026,2026-07-28 09:33:03,22760400.0,22760400.0,0.0
cnt003274,po002966,ncc011,14/06/2026,2026-07-29 10:17:57,55334300.0,48394600.0,6939700.0
cnt003275,po000893,NCC012,11/06/2026,2026-07-26 20:11:20,722076800.0,722076800.0,0.0
cnt003276,po002930,ncc007,16/06/2026,2026-07-31 02:13:12,201008000.0,201008000.0,0.0
cnt003277,po002794,ncc005,16/06/2026,2026-07-31 11:12:06,96259200.0,96259200.0,0.0
cnt003278,po002958,ncc040,15/06/2026,2026-07-30 14:45:44,226066000.0,226066000.0,0.0
cnt003279,PO001373,ncc038,13/06/2026,2026-07-28 15:00:28,58179000.0,58179000.0,0.0
cnt003280,po001379,ncc003,14/06/2026,2026-07-29 15:30:02,632269200.0,632269200.0,0.0
cnt003281,PO002484,NCC043,16/06/2026,2026-07-31 23:59:38,497175000.0,361515300.0,135659700.0
cnt003282,PO001009,ncc036,14/06/2026,2026-07-29 03:52:48,8104200.0,8104200.0,0.0
cnt003283,PO001327,ncc019,14/06/2026,2026-07-29 08:39:13,105228000.0,105228000.0,0.0
cnt003284,po000424,ncc025,16/06/2026,2026-07-31 10:18:11,13572900.0,8382500.0,5190400.0
cnt003285,po002327,ncc028,13/06/2026,2026-07-28 10:56:49,59178000.0,59178000.0,0.0
cnt003286,PO002175,ncc024,06/17/2026,2026-08-01 11:10:23,10700000.0,8204000.0,2496000.0
cnt003287,po000331,ncc010,13/06/2026,2026-07-28 14:43:56,93294600.0,70371900.0,22922700.0
cnt003288,PO000928,ncc023,16/06/2026,2026-07-31 15:36:35,48100000.0,6319000.0,41781000.0
cnt003289,po002951,ncc022,17/06/2026,2026-08-01 17:34:48,206388000.0,206388000.0,0.0
cnt003290,PO002905,ncc031,18/06/2026,2026-08-02 10:49:43,79560000.0,79560000.0,0.0
cnt003291,po001878,ncc001,14/06/2026,2026-07-29 16:27:06,62086500.0,58278500.0,3808000.0
cnt003292,po002576,ncc012,15/06/2026,2026-07-30 17:02:14,51529500.0,51529500.0,0.0
cnt003293,po000654,ncc021,15/06/2026,2026-07-30 17:21:32,2692800.0,2692800.0,0.0
CNT003294,po003075,ncc043,17/06/2026,2026-08-01 12:52:08,4498000.0,4498000.0,0.0
cnt003295,po003074,ncc012,16/06/2026,2026-07-31 17:16:59,8028000.0,4832500.0,3195500.0
cnt003296,po001597,ncc031,17/06/2026,2026-08-01 22:26:47,40906000.0,40906000.0,0.0
CNT003297,po002852,NCC004,19/06/2026,2026-08-03 05:41:11,19163700.0,16608100.0,2555600.0
cnt003298,po002659,ncc015,18/06/2026,2026-08-02 08:36:53,26741000.0,26741000.0,0.0
cnt003299,po001596,ncc011,16/06/2026,2026-07-31 08:37:20,18006300.0,16919300.0,1087000.0
CNT003300,po000214,ncc023,18/06/2026,2026-08-02 15:04:45,354830000.0,354830000.0,0.0
cnt003301,PO003246,ncc016,18/06/2026,2026-08-02 22:16:21,810601500.0,810601500.0,0.0
cnt003302,po003276,NCC001,18/06/2026,2026-08-02 20:05:33,35709100.0,35709100.0,0.0
cnt003303,po003255,ncc040,19/06/2026,2026-08-03 22:44:44,176029600.0,176029600.0,0.0
cnt003304,PO000098,ncc020,19/06/2026,2026-08-03 11:20:45,11490000.0,11490000.0,0.0
cnt003305,PO002202,NCC030,18/06/2026,2026-08-02 12:02:48,281984400.0,281984400.0,0.0
cnt003306,po000369,ncc031,20/06/2026,2026-08-04 21:09:05,131499200.0,18454000.0,113045200.0
cnt003307,PO001677,ncc014,19/06/2026,2026-08-03 08:20:57,81793600.0,54657700.0,27135900.0
cnt003308,po002023,ncc017,22/06/2026,2026-08-06 08:39:32,2593500.0,920400.0,1673100.0
cnt003309,po002548,ncc045,19/06/2026,2026-08-03 09:50:48,13645900.0,1987500.0,11658400.0
cnt003310,po001666,ncc040,19/06/2026,2026-08-03 20:49:32,301880900.0,301880900.0,0.0
cnt003311,po001512,NCC007,22/06/2026,2026-08-06 03:13:14,25823900.0,25823900.0,0.0
cnt003312,po002748,ncc041,24/06/2026,2026-08-08 01:02:08,28917000.0,3292600.0,25624400.0
cnt003313,po001016,ncc031,25/06/2026,2026-08-09 08:00:52,605198600.0,432611800.0,172586800.0
CNT003314,po001786,ncc044,24/06/2026,2026-08-08 08:28:38,2153400.0,168800.0,1984600.0
cnt003315,po001728,ncc009,25/06/2026,2026-08-09 09:53:17,16960800.0,12171300.0,4789500.0
cnt003316,PO001160,ncc018,21/06/2026,2026-08-05 11:09:37,54953000.0,37478600.0,17474400.0
cnt003317,PO001361,NCC043,24/06/2026,2026-08-08 11:09:51,108822400.0,21691200.0,87131200.0
cnt003318,po003468,ncc002,24/06/2026,2026-08-08 13:33:45,6232800.0,4930000.0,1302800.0
cnt003319,po000040,ncc029,25/06/2026,2026-08-09 15:17:16,11577600.0,7130500.0,4447100.0
cnt003320,po002296,ncc041,26/06/2026,2026-08-10 09:25:44,25307600.0,25307600.0,0.0
cnt003321,po000791,NCC018,26/06/2026,2026-08-10 10:16:31,160682400.0,126999300.0,33683100.0
cnt003322,po003465,NCC035,26/06/2026,2026-08-10 12:27:25,8267700.0,5570100.0,2697600.0
cnt003323,PO001444,NCC016,23/06/2026,2026-08-07 12:36:04,31133100.0,31133100.0,0.0
cnt003324,po002511,NCC026,25/06/2026,2026-08-09 19:33:24,86065200.0,86065200.0,0.0
cnt003325,po000985,NCC016,24/06/2026,2026-08-08 08:41:55,53584400.0,52904900.0,679500.0
cnt003326,po000909,ncc038,26/06/2026,2026-08-10 10:14:15,503144000.0,503144000.0,0.0
cnt003327,po003364,ncc028,24/06/2026,2026-08-08 12:10:41,22181000.0,22181000.0,0.0
cnt003328,po002376,ncc042,26/06/2026,2026-08-10 15:00:22,88559000.0,88559000.0,0.0
CNT003329,PO002888,ncc025,2026-06-27,2026-08-11 20:05:25,190020900.0,44370800.0,145650100.0
cnt003330,po001576,ncc042,24/06/2026,2026-08-08 22:12:18,122031000.0,122031000.0,0.0
cnt003331,po000864,ncc019,24/06/2026,2026-08-08 00:05:28,9879000.0,9879000.0,0.0
cnt003332,po003384,NCC024,28/06/2026,2026-08-12 00:07:31,46875600.0,26473600.0,20402000.0
cnt003333,po002480,ncc022,28/06/2026,2026-08-12 01:44:18,63533600.0,63533600.0,0.0
CNT003334,po003303,ncc027,29/06/2026,2026-08-13 00:35:30,61867400.0,61867400.0,0.0
cnt003335,po001195,ncc033,25/06/2026,2026-08-09 05:09:27,28957000.0,3810100.0,25146900.0
cnt003336,po003065,ncc012,29/06/2026,2026-08-13 06:37:31,407419700.0,358346100.0,49073600.0
CNT003337,po000407,NCC019,29/06/2026,2026-08-13 13:24:22,341524200.0,341524200.0,0.0
CNT003338,po002089,ncc015,30/06/2026,2026-08-14 05:42:52,19713600.0,7197700.0,12515900.0
CNT003339,po003148,ncc022,28/06/2026,2026-08-12 07:55:41,29214600.0,18258700.0,10955900.0
cnt003340,po000602,ncc036,30/06/2026,2026-08-14 10:24:32,22045700.0,12852900.0,9192800.0
cnt003341,po001206,NCC001,01/07/2026,2026-08-15 01:20:13,24660000.0,24660000.0,0.0
CNT003342,po001479,ncc033,29/06/2026,2026-08-13 01:28:52,23436000.0,23436000.0,0.0
cnt003343,po003234,ncc028,01/07/2026,2026-08-15 09:23:45,52391600.0,47224600.0,5167000.0
cnt003344,po001729,ncc042,30/06/2026,2026-08-14 15:38:08,38033700.0,38033700.0,0.0
cnt003345,po002972,ncc022,30/06/2026,2026-08-14 16:08:20,11118000.0,11118000.0,0.0
CNT003346,po001991,ncc008,30/06/2026,2026-08-14 17:32:04,106696800.0,106696800.0,0.0
cnt003347,po002573,ncc002,01/07/2026,2026-08-15 19:42:47,43347200.0,27472400.0,15874800.0
cnt003348,po003228,ncc003,02/07/2026,2026-08-16 03:30:24,296396900.0,296396900.0,0.0
cnt003349,po002092,ncc020,02/07/2026,2026-08-16 03:42:25,101791200.0,101791200.0,0.0
cnt003350,po001499,ncc022,01/07/2026,2026-08-15 05:15:57,15151500.0,5603300.0,9548200.0
cnt003351,po000962,ncc038,28/06/2026,2026-08-12 06:03:05,325654400.0,325654400.0,0.0
cnt003352,po003410,ncc033,02/07/2026,2026-08-16 06:59:46,115057400.0,115057400.0,0.0
cnt003353,po000737,ncc018,29/06/2026,2026-08-13 09:00:49,161368000.0,128735500.0,32632500.0
cnt003354,po001672,ncc024,30/06/2026,2026-08-14 14:09:51,5733900.0,5733900.0,0.0
cnt003355,PO002718,ncc009,29/06/2026,2026-08-13 16:08:03,19123500.0,11744500.0,7379000.0
CNT003356,po001217,ncc035,02/07/2026,2026-08-16 19:23:23,60848100.0,60848100.0,0.0
cnt003357,PO002303,ncc036,29/06/2026,2026-08-13 22:43:52,139132800.0,139132800.0,0.0
cnt003358,po003385,ncc005,29/06/2026,2026-08-13 23:57:45,437081700.0,429806700.0,7275000.0
cnt003359,po001575,NCC017,29/06/2026,2026-08-13 08:14:43,46817600.0,969300.0,45848300.0
cnt003360,po000338,ncc031,29/06/2026,2026-08-13 12:40:29,242814300.0,242814300.0,0.0
cnt003361,po001419,ncc028,30/06/2026,2026-08-14 13:30:39,82913700.0,54213100.0,28700600.0
CNT003362,po000580,NCC016,01/07/2026,2026-08-15 11:26:54,155393600.0,155393600.0,0.0
cnt003363,PO000148,ncc037,01/07/2026,2026-08-15 20:43:19,148480000.0,148480000.0,0.0
cnt003364,po002044,NCC031,02/07/2026,2026-08-16 22:37:50,413644000.0,413644000.0,0.0
cnt003365,po000756,ncc019,02/07/2026,2026-08-16 08:10:34,101238000.0,33087000.0,68151000.0
cnt003366,po000897,ncc038,03/07/2026,2026-08-17 01:22:38,13558500.0,13558500.0,0.0
cnt003367,po002047,ncc041,06/07/2026,2026-08-20 14:43:57,53487300.0,53487300.0,0.0
cnt003368,PO002429,ncc018,06/07/2026,2026-08-20 17:34:31,33609000.0,19176300.0,14432700.0
cnt003369,PO003452,ncc030,03/07/2026,2026-08-17 23:56:24,139274900.0,139274900.0,0.0
cnt003370,PO001775,ncc033,05/07/2026,2026-08-19 00:28:33,36199800.0,36199800.0,0.0
cnt003371,po002117,NCC029,03/07/2026,2026-08-17 05:28:06,52097900.0,52097900.0,0.0
cnt003372,po000435,NCC008,03/07/2026,2026-08-17 07:33:35,169713000.0,18009600.0,151703400.0
cnt003373,po002461,ncc010,07/07/2026,2026-08-21 11:02:35,30069900.0,30069900.0,0.0
cnt003374,PO001211,ncc002,06/07/2026,2026-08-20 22:59:28,243747000.0,39975200.0,203771800.0
cnt003375,po000808,ncc021,06/07/2026,2026-08-20 04:26:21,16102800.0,16102800.0,0.0
cnt003376,PO001489,NCC009,07/04/2026,2026-08-18 06:51:06,84330000.0,84330000.0,0.0
cnt003377,po001689,ncc018,06/07/2026,2026-08-20 22:09:28,21268800.0,6068900.0,15199900.0
cnt003378,po003484,NCC033,07/07/2026,2026-08-21 07:12:14,25088400.0,22263800.0,2824600.0
cnt003379,po002082,ncc017,07/07/2026,2026-08-21 07:41:22,44217600.0,44217600.0,0.0
CNT003380,po003022,ncc010,05/07/2026,2026-08-19 11:58:54,17974400.0,17974400.0,0.0
cnt003381,po001012,NCC010,07/07/2026,2026-08-21 08:56:44,80787700.0,80787700.0,0.0
cnt003382,po002008,ncc029,07/07/2026,2026-08-21 11:06:17,13652800.0,13262100.0,390700.0
cnt003383,po002310,ncc030,09/07/2026,2026-08-23 12:21:37,149343400.0,104217800.0,45125600.0
cnt003384,po000535,NCC004,08/07/2026,2026-08-22 22:27:29,27282300.0,27282300.0,0.0
cnt003385,po002316,ncc001,07/07/2026,2026-08-21 05:46:28,242046000.0,50172200.0,191873800.0
cnt003386,po002042,ncc030,10/07/2026,2026-08-24 08:00:21,32873800.0,32873800.0,0.0
cnt003387,po002695,ncc010,11/07/2026,2026-08-25 09:23:28,65171700.0,65171700.0,0.0
cnt003388,po002692,ncc014,10/07/2026,2026-08-24 16:21:25,7604500.0,7604500.0,0.0
cnt003389,po002126,NCC016,11/07/2026,2026-08-25 17:32:49,11327800.0,1264200.0,10063600.0
cnt003390,PO000949,ncc011,07/07/2026,2026-08-21 20:56:02,3528000.0,3528000.0,0.0
cnt003391,po000735,ncc013,12/07/2026,2026-08-26 01:26:43,18142800.0,13160700.0,4982100.0
cnt003392,po000017,NCC039,09/07/2026,2026-08-23 02:03:34,25722000.0,3156800.0,22565200.0
cnt003393,PO001565,NCC021,09/07/2026,2026-08-23 02:48:38,25287900.0,22276100.0,3011800.0
cnt003394,PO001258,ncc011,12/07/2026,2026-08-26 08:07:53,45036400.0,30181700.0,14854700.0
cnt003395,po001163,ncc013,12/07/2026,2026-08-26 09:40:47,7053300.0,7053300.0,0.0
cnt003396,PO001202,ncc037,10/07/2026,2026-08-24 19:40:09,77475200.0,73032500.0,4442700.0
cnt003397,PO001924,ncc032,10/07/2026,2026-08-24 00:04:04,36613500.0,36613500.0,0.0
cnt003398,po001091,ncc026,13/07/2026,2026-08-27 11:23:33,78538000.0,33867800.0,44670200.0
cnt003399,po001062,NCC039,09/07/2026,2026-08-23 20:54:36,35693200.0,35693200.0,0.0
cnt003400,po000774,ncc026,11/07/2026,2026-08-25 23:15:28,201364800.0,201364800.0,0.0
cnt003401,po001252,ncc030,12/07/2026,2026-08-26 06:41:55,483992000.0,483992000.0,0.0
cnt003402,po003361,NCC007,10/07/2026,2026-08-24 11:04:31,27179100.0,27179100.0,0.0
cnt003403,po002898,ncc012,07/10/2026,2026-08-24 12:05:05,51002500.0,51002500.0,0.0
cnt003404,po001557,ncc027,10/07/2026,2026-08-24 12:33:14,37999200.0,25396900.0,12602300.0
cnt003405,PO002989,NCC006,10/07/2026,2026-08-24 16:33:24,18796800.0,2962500.0,15834300.0
cnt003406,po003324,ncc005,14/07/2026,2026-08-28 00:29:12,26017200.0,23082700.0,2934500.0
cnt003407,PO003089,NCC002,12/07/2026,2026-08-26 01:45:17,120690000.0,120690000.0,0.0
CNT003408,po001847,NCC907,12/07/2026,2026-08-26 02:12:04,80302500.0,80302500.0,0.0
cnt003409,po002827,ncc044,14/07/2026,2026-08-28 06:35:16,192695600.0,35686000.0,157009600.0
cnt003410,po001543,NCC004,12/07/2026,2026-08-26 10:36:06,5392900.0,5392900.0,0.0
cnt003411,po002055,ncc034,11/07/2026,2026-08-25 15:19:59,72270000.0,44618500.0,27651500.0
cnt003412,PO001166,NCC029,12/07/2026,2026-08-26 00:43:57,397131500.0,397131500.0,0.0
cnt003413,po001752,ncc039,16/07/2026,2026-08-30 09:52:13,16822300.0,290100.0,16532200.0
CNT003414,po002141,NCC039,13/07/2026,2026-08-27 13:01:02,10040800.0,10040800.0,0.0
CNT003415,po001946,NCC040,16/07/2026,2026-08-30 14:52:13,81098000.0,81098000.0,0.0
cnt003416,po001899,ncc035,16/07/2026,2026-08-30 15:25:59,78062400.0,67458400.0,10604000.0
cnt003417,po003431,ncc026,16/07/2026,2026-08-30 01:33:29,11680800.0,11680800.0,0.0
cnt003418,PO002288,ncc021,14/07/2026,2026-08-28 13:29:58,123953700.0,98072800.0,25880900.0
cnt003419,po001821,NCC038,16/07/2026,2026-08-30 16:45:36,34076800.0,34076800.0,0.0
cnt003420,po002291,ncc010,17/07/2026,2026-08-31 17:13:22,7774800.0,7774800.0,0.0
cnt003421,po003286,ncc003,15/07/2026,2026-08-29 07:55:53,7797200.0,7797200.0,0.0
cnt003422,po002410,ncc027,17/07/2026,2026-08-31 12:45:06,74048000.0,74048000.0,0.0
CNT003423,po002301,NCC907,07/17/2026,2026-08-31 04:51:00,10272500.0,3808700.0,6463800.0
cnt003424,PO000045,ncc012,17/07/2026,2026-08-31 06:57:12,6375600.0,392700.0,5982900.0
cnt003425,po000286,ncc006,16/07/2026,2026-08-30 07:17:35,30803300.0,9401300.0,21402000.0
cnt003426,po002579,ncc003,18/07/2026,2026-09-01 10:23:36,430436600.0,140442500.0,289994100.0
cnt003427,po002346,ncc004,07/19/2026,2026-09-02 11:41:02,57278200.0,57278200.0,0.0
cnt003428,po002806,ncc016,17/07/2026,2026-08-31 07:06:22,27427900.0,27427900.0,0.0
cnt003429,po001627,ncc002,19/07/2026,2026-09-02 08:11:47,73745000.0,60294400.0,13450600.0
CNT003430,po000041,ncc033,17/07/2026,2026-08-31 10:33:54,15752800.0,15752800.0,0.0
cnt003431,po001789,ncc035,18/07/2026,2026-09-01 11:22:22,129780300.0,129780300.0,0.0
cnt003432,po002028,ncc045,18/07/2026,2026-09-01 12:12:48,35978800.0,34848100.0,1130700.0
cnt003433,po001707,ncc023,16/07/2026,2026-08-30 15:30:43,62835000.0,50181900.0,12653100.0
cnt003434,po000162,NCC015,19/07/2026,2026-09-02 22:24:43,44239100.0,44239100.0,0.0
cnt003435,PO002337,ncc025,19/07/2026,2026-09-02 16:58:12,12129600.0,7670200.0,4459400.0
cnt003436,po003168,ncc018,07/18/2026,2026-09-01 23:24:52,14618700.0,1680600.0,12938100.0
cnt003437,po002697,ncc037,22/07/2026,2026-09-05 09:06:25,27212200.0,27212200.0,0.0
cnt003438,po002208,NCC006,20/07/2026,2026-09-03 17:06:43,30056000.0,27651100.0,2404900.0
cnt003439,po001806,ncc040,18/07/2026,2026-09-01 21:20:29,18886000.0,18886000.0,0.0
cnt003440,po000450,NCC040,20/07/2026,2026-09-03 23:21:02,77851000.0,10690100.0,67160900.0
cnt003441,po002749,ncc042,24/07/2026,2026-09-07 00:48:28,60852600.0,60852600.0,0.0
cnt003442,po001173,ncc045,22/07/2026,2026-09-05 10:33:09,18990400.0,3064300.0,15926100.0
cnt003443,po001570,ncc004,22/07/2026,2026-09-05 14:34:52,22648000.0,3581800.0,19066200.0
cnt003444,PO000734,ncc035,20/07/2026,2026-09-03 18:50:18,13293600.0,10600800.0,2692800.0
cnt003445,po000352,ncc038,21/07/2026,2026-09-04 22:42:37,17072400.0,6219500.0,10852900.0
cnt003446,po003491,ncc033,22/07/2026,2026-09-05 09:48:34,16993200.0,16993200.0,0.0
CNT003447,po002191,ncc021,22/07/2026,2026-09-05 16:08:45,80538000.0,35054600.0,45483400.0
cnt003448,po002199,ncc028,22/07/2026,2026-09-05 08:19:40,32710600.0,25708300.0,7002300.0
cnt003449,PO003002,ncc001,26/07/2026,2026-09-09 15:02:37,76360000.0,76360000.0,0.0
cnt003450,po002792,ncc006,26/07/2026,2026-09-09 17:30:59,102067200.0,102067200.0,0.0
CNT003451,po002714,ncc042,25/07/2026,2026-09-08 12:29:36,71534000.0,71534000.0,0.0
cnt003452,po000650,ncc010,23/07/2026,2026-09-06 13:34:29,27488300.0,12642800.0,14845500.0
cnt003453,po002956,ncc012,26/07/2026,2026-09-09 17:28:42,95735400.0,15991600.0,79743800.0
cnt003454,po001354,ncc034,27/07/2026,2026-09-10 18:35:58,5241600.0,1804200.0,3437400.0
cnt003455,po002378,ncc010,27/07/2026,2026-09-10 19:17:35,56492000.0,56492000.0,0.0
cnt003456,PO003139,NCC005,24/07/2026,2026-09-07 21:31:58,11791500.0,11791500.0,0.0
cnt003457,po003315,ncc032,23/07/2026,2026-09-06 23:54:05,5476800.0,4057500.0,1419300.0
cnt003458,po003039,ncc007,28/07/2026,2026-09-11 00:32:17,2692000.0,2184500.0,507500.0
cnt003459,po002974,ncc016,27/07/2026,2026-09-10 01:28:59,26987300.0,26987300.0,0.0
cnt003460,po002011,ncc013,27/07/2026,2026-09-10 06:36:54,118764800.0,96395300.0,22369500.0
CNT003461,po001868,NCC900,27/07/2026,2026-09-10 15:30:52,86328000.0,76573600.0,9754400.0
cnt003462,po000099,ncc033,25/07/2026,2026-09-08 20:27:57,247555800.0,177242100.0,70313700.0
cnt003463,po000923,ncc007,28/07/2026,2026-09-11 07:18:19,136721000.0,132420300.0,4300700.0
CNT003464,PO000766,ncc017,27/07/2026,2026-09-10 18:46:49,17136000.0,12667800.0,4468200.0
cnt003465,po002892,ncc015,25/07/2026,2026-09-08 18:56:43,91408000.0,91408000.0,0.0
cnt003466,po000398,ncc026,28/07/2026,2026-09-11 01:34:03,68229000.0,31021200.0,37207800.0
cnt003467,po002919,ncc016,29/07/2026,2026-09-12 09:51:42,21093000.0,21093000.0,0.0
CNT003468,po001537,ncc042,29/07/2026,2026-09-12 18:56:49,140625900.0,78386900.0,62239000.0
cnt003469,po003138,ncc002,26/07/2026,2026-09-09 19:11:14,64032200.0,64032200.0,0.0
cnt003470,po001744,ncc031,29/07/2026,2026-09-12 20:50:57,9795300.0,6304900.0,3490400.0
CNT003471,po002820,ncc027,30/07/2026,2026-09-13 07:00:10,99663400.0,39087300.0,60576100.0
cnt003472,po002462,ncc024,29/07/2026,2026-09-12 07:14:56,369987200.0,369987200.0,0.0
CNT003473,po000584,NCC044,27/07/2026,2026-09-10 16:01:57,176675000.0,25776500.0,150898500.0
cnt003474,PO001592,NCC007,28/07/2026,2026-09-11 18:43:19,15229000.0,15229000.0,0.0
cnt003475,PO002824,NCC904,28/07/2026,2026-09-11 23:21:59,94208400.0,94208400.0,0.0
cnt003476,po002847,ncc016,31/07/2026,2026-09-14 06:09:55,65832300.0,17479500.0,48352800.0
cnt003477,po001449,NCC005,07/30/2026,2026-09-13 07:32:05,65032800.0,50724100.0,14308700.0
cnt003478,po001156,ncc005,31/07/2026,2026-09-14 08:34:45,69820700.0,69820700.0,0.0
cnt003479,PO000757,ncc015,30/07/2026,2026-09-13 13:37:56,210664000.0,33861600.0,176802400.0
CNT003480,po003235,ncc015,30/07/2026,2026-09-13 18:20:33,30056400.0,27364900.0,2691500.0
CNT003481,po002389,ncc015,30/07/2026,2026-09-13 18:45:59,2400000.0,2400000.0,0.0
cnt003482,po001116,ncc010,29/07/2026,2026-09-12 00:17:22,901600.0,391700.0,509900.0
CNT003483,po002798,ncc001,30/07/2026,2026-09-13 04:58:42,323425000.0,323425000.0,0.0
cnt003484,po000053,ncc038,01/08/2026,2026-09-15 10:37:29,36936000.0,36936000.0,0.0
cnt003485,po000084,NCC024,01/08/2026,2026-09-15 17:34:23,106459600.0,43903800.0,62555800.0
cnt003486,po000437,ncc009,31/07/2026,2026-09-14 17:44:22,3743000.0,1368900.0,2374100.0
cnt003487,po000356,NCC018,03/08/2026,2026-09-17 03:45:24,493857900.0,334854300.0,159003600.0
cnt003488,po002982,ncc044,31/07/2026,2026-09-14 05:53:46,73669800.0,13592200.0,60077600.0
cnt003489,po002986,ncc011,01/08/2026,2026-09-15 06:30:41,6130500.0,1732800.0,4397700.0
cnt003490,po000843,NCC903,02/08/2026,2026-09-16 13:12:52,4723200.0,4723200.0,0.0
cnt003491,po003158,ncc006,02/08/2026,2026-09-16 15:17:49,29226600.0,6554500.0,22672100.0
cnt003492,PO002148,NCC037,03/08/2026,2026-09-17 00:18:30,98749600.0,98749600.0,0.0
cnt003493,PO000643,ncc015,02/08/2026,2026-09-16 04:01:12,10467300.0,10467300.0,0.0
cnt003494,po002033,NCC017,03/08/2026,2026-09-17 09:47:10,7792800.0,1328400.0,6464400.0
cnt003495,PO000539,ncc004,04/08/2026,2026-09-18 12:25:12,18636800.0,13718100.0,4918700.0
cnt003496,PO000177,ncc032,31/07/2026,2026-09-14 16:21:57,162129600.0,162129600.0,0.0
cnt003497,PO002940,ncc011,01/08/2026,2026-09-15 19:44:41,4652600.0,3851800.0,800800.0
CNT003498,po001420,ncc023,05/08/2026,2026-09-19 04:56:37,97136900.0,97136900.0,0.0
cnt003499,po001422,ncc027,04/08/2026,2026-09-18 07:40:37,284991000.0,284991000.0,0.0
cnt003500,po001216,NCC903,02/08/2026,2026-09-16 19:06:16,69583800.0,10276600.0,59307200.0
