MaSanPham,Thang,TonDauKy,Nhap,Xuat,HaoHut,TonCuoiKy
SP0001,2024-08-01,90,63,21,0,132
SP0002,2024-08-01,364,250,233,2,379
SP0003,2024-08-01,397,364,378,3,380
SP0004,2024-08-01,84,2,0,0,86
SP0005,2024-08-01,280,143,145,1,277
SP0006,2024-08-01,473,152,144,0,481
SP0007,2024-08-01,295,205,214,2,284
SP0008,2024-08-01,446,322,287,0,481
SP0009,2024-08-01,372,291,264,0,399
SP0010,2024-08-01,71,325,311,1,84
SP0011,2024-08-01,466,286,254,1,497
SP0012,2024-08-01,221,339,345,6,209
SP0013,2024-08-01,217,40,14,0,243
SP0014,2024-08-01,480,237,234,0,483
SP0015,2024-08-01,254,10,0,0,264
SP0016,2024-08-01,104,339,290,0,153
SP0017,2024-08-01,434,289,301,1,421
SP0018,2024-08-01,140,71,23,0,188
SP0019,2024-08-01,425,159,153,2,429
SP0020,2024-08-01,470,12,1,0,481
SP0021,2024-08-01,359,225,201,1,382
SP0022,2024-08-01,424,5,0,0,429
SP0023,2024-08-01,115,368,316,3,164
SP0024,2024-08-01,168,60,20,0,208
SP0025,2024-08-01,132,237,225,2,142
SP0026,2024-08-01,52,14,1,0,65
SP0027,2024-08-01,470,344,324,3,487
SP0028,2024-08-01,145,193,181,2,155
SP0029,2024-08-01,266,10,0,0,276
SP0030,2024-08-01,176,298,272,0,202
SP0031,2024-08-01,257,187,178,1,265
SP0032,2024-08-01,482,32,9,0,505
SP0033,2024-08-01,255,234,232,4,253
SP0034,2024-08-01,446,313,284,3,472
SP0035,2024-08-01,92,232,224,0,100
SP0036,2024-08-01,282,15,1,0,296
SP0037,2024-08-01,316,249,260,2,303
SP0038,2024-08-01,404,357,344,1,416
SP0039,2024-08-01,221,10,0,0,231
SP0040,2024-08-01,428,24,7,0,445
SP0041,2024-08-01,154,343,293,0,204
SP0042,2024-08-01,229,332,300,6,255
SP0043,2024-08-01,486,271,241,1,515
SP0044,2024-08-01,344,198,201,1,340
SP0045,2024-08-01,156,223,213,2,164
SP0046,2024-08-01,64,289,259,3,91
SP0047,2024-08-01,233,155,159,2,227
SP0048,2024-08-01,244,216,212,1,247
SP0049,2024-08-01,51,10,0,0,61
SP0050,2024-08-01,122,17,0,0,139
SP0051,2024-08-01,172,72,21,1,222
SP0052,2024-08-01,251,298,311,1,237
SP0053,2024-08-01,437,369,383,2,421
SP0054,2024-08-01,284,32,18,1,297
SP0055,2024-08-01,339,58,23,0,374
SP0056,2024-08-01,290,206,206,1,289
SP0057,2024-08-01,197,10,1,0,206
SP0058,2024-08-01,345,20,10,0,355
SP0059,2024-08-01,346,8,1,0,353
SP0060,2024-08-01,305,32,13,0,324
SP0061,2024-08-01,482,188,177,1,492
SP0062,2024-08-01,337,323,290,6,364
SP0063,2024-08-01,418,6,0,0,424
SP0064,2024-08-01,127,35,12,0,150
SP0065,2024-08-01,406,319,293,2,430
SP0066,2024-08-01,147,223,216,1,153
SP0067,2024-08-01,177,378,347,1,207
SP0068,2024-08-01,375,56,32,0,399
SP0069,2024-08-01,175,14,0,0,189
SP0070,2024-08-01,143,345,348,5,135
SP0071,2024-08-01,451,319,292,1,477
SP0072,2024-08-01,286,183,166,0,303
SP0073,2024-08-01,190,4,0,0,194
SP0074,2024-08-01,354,70,38,0,386
SP0075,2024-08-01,209,47,15,0,241
SP0076,2024-08-01,106,218,187,1,136
SP0077,2024-08-01,139,350,335,4,150
SP0078,2024-08-01,353,247,227,1,372
SP0079,2024-08-01,246,289,246,2,287
SP0080,2024-08-01,270,38,18,0,290
SP0081,2024-08-01,411,40,18,0,433
SP0082,2024-08-01,196,0,0,0,196
SP0083,2024-08-01,291,15,1,0,305
SP0084,2024-08-01,303,173,155,3,318
SP0085,2024-08-01,85,70,35,1,119
SP0086,2024-08-01,480,7,0,0,487
SP0087,2024-08-01,351,46,25,1,371
SP0088,2024-08-01,335,320,315,2,338
SP0089,2024-08-01,225,235,215,2,243
SP0090,2024-08-01,322,296,308,0,310
SP0091,2024-08-01,124,5,0,0,129
SP0092,2024-08-01,355,312,269,3,395
SP0093,2024-08-01,364,219,196,1,386
SP0094,2024-08-01,414,32,9,0,437
SP0095,2024-08-01,163,252,260,3,152
SP0096,2024-08-01,456,165,145,1,475
SP0097,2024-08-01,305,223,204,2,322
SP0098,2024-08-01,353,75,34,1,393
SP0099,2024-08-01,247,305,313,4,235
SP0100,2024-08-01,127,30,16,0,141
SP0101,2024-08-01,250,259,244,1,264
SP0102,2024-08-01,198,53,17,0,234
SP0103,2024-08-01,203,354,306,5,246
SP0104,2024-08-01,228,250,228,0,250
SP0105,2024-08-01,443,52,17,0,478
SP0106,2024-08-01,224,357,343,7,231
SP0107,2024-08-01,257,174,155,0,276
SP0108,2024-08-01,63,151,129,1,84
SP0109,2024-08-01,200,70,21,0,249
SP0110,2024-08-01,207,255,248,2,212
SP0111,2024-08-01,209,33,19,0,223
SP0112,2024-08-01,289,376,319,2,344
SP0113,2024-08-01,156,194,176,2,172
SP0114,2024-08-01,186,192,163,3,212
SP0115,2024-08-01,447,352,312,2,485
SP0116,2024-08-01,126,291,265,1,151
SP0117,2024-08-01,56,246,212,2,88
SP0118,2024-08-01,241,227,221,3,244
SP0119,2024-08-01,416,14,0,0,430
SP0120,2024-08-01,272,194,194,1,271
SP0121,2024-08-01,299,342,356,2,283
SP0122,2024-08-01,347,56,23,1,379
SP0123,2024-08-01,221,202,206,1,216
SP0124,2024-08-01,387,323,278,2,430
SP0125,2024-08-01,223,41,20,0,244
SP0126,2024-08-01,417,8,1,0,424
SP0127,2024-08-01,379,268,240,3,404
SP0128,2024-08-01,139,12,0,0,151
SP0129,2024-08-01,406,227,208,1,424
SP0130,2024-08-01,328,257,247,4,334
SP0131,2024-08-01,90,270,230,3,127
SP0132,2024-08-01,52,19,2,0,69
SP0133,2024-08-01,83,162,159,2,84
SP0134,2024-08-01,90,347,302,5,130
SP0135,2024-08-01,425,226,210,1,440
SP0136,2024-08-01,190,351,308,2,231
SP0137,2024-08-01,178,345,358,1,164
SP0138,2024-08-01,151,252,225,1,177
SP0139,2024-08-01,120,184,167,2,135
SP0140,2024-08-01,134,263,265,3,129
SP0141,2024-08-01,309,282,277,3,311
SP0142,2024-08-01,454,249,256,0,447
SP0143,2024-08-01,432,234,239,3,424
SP0144,2024-08-01,143,238,241,1,139
SP0145,2024-08-01,72,67,34,1,104
SP0146,2024-08-01,178,287,249,3,213
SP0147,2024-08-01,167,62,22,0,207
SP0148,2024-08-01,440,350,318,1,471
SP0149,2024-08-01,448,274,249,1,472
SP0150,2024-08-01,275,296,259,5,307
SP0151,2024-08-01,130,330,319,1,140
SP0152,2024-08-01,197,265,251,5,206
SP0153,2024-08-01,252,175,164,2,261
SP0154,2024-08-01,184,219,193,1,209
SP0155,2024-08-01,363,163,151,3,372
SP0156,2024-08-01,443,289,250,3,479
SP0157,2024-08-01,327,215,209,2,331
SP0158,2024-08-01,304,204,211,2,295
SP0159,2024-08-01,202,268,228,0,242
SP0160,2024-08-01,500,61,18,0,543
SP0161,2024-08-01,283,284,293,1,273
SP0162,2024-08-01,134,28,13,0,149
SP0163,2024-08-01,89,184,191,2,80
SP0164,2024-08-01,169,242,242,1,168
SP0165,2024-08-01,298,62,22,0,338
SP0166,2024-08-01,119,7,0,0,126
SP0167,2024-08-01,196,147,147,1,195
SP0168,2024-08-01,291,337,343,1,284
SP0169,2024-08-01,265,39,18,0,286
SP0170,2024-08-01,129,40,12,0,157
SP0171,2024-08-01,267,243,221,2,287
SP0172,2024-08-01,336,231,237,1,329
SP0173,2024-08-01,370,339,306,2,401
SP0174,2024-08-01,475,251,247,0,479
SP0175,2024-08-01,63,205,174,1,93
SP0176,2024-08-01,250,184,188,1,245
SP0177,2024-08-01,432,230,226,3,433
SP0178,2024-08-01,304,46,19,1,330
SP0179,2024-08-01,350,334,335,2,347
SP0180,2024-08-01,406,357,326,0,437
SP0181,2024-08-01,352,53,24,0,381
SP0182,2024-08-01,205,28,8,0,225
SP0183,2024-08-01,489,242,206,2,523
SP0184,2024-08-01,206,248,255,5,194
SP0185,2024-08-01,118,196,169,1,144
SP0186,2024-08-01,164,302,276,1,189
SP0187,2024-08-01,90,188,165,2,111
SP0188,2024-08-01,86,347,346,2,85
SP0189,2024-08-01,446,330,319,5,452
SP0190,2024-08-01,169,277,274,3,169
SP0191,2024-08-01,427,279,241,2,463
SP0192,2024-08-01,119,342,318,1,142
SP0193,2024-08-01,425,301,273,1,452
SP0194,2024-08-01,200,244,244,5,195
SP0195,2024-08-01,56,344,355,4,41
SP0196,2024-08-01,480,30,9,0,501
SP0197,2024-08-01,435,186,184,0,437
SP0198,2024-08-01,355,36,13,0,378
SP0199,2024-08-01,415,60,26,1,448
SP0200,2024-08-01,195,222,204,0,213
SP0201,2024-08-01,141,176,175,0,142
SP0202,2024-08-01,432,219,196,0,455
SP0203,2024-08-01,110,281,259,0,132
SP0204,2024-08-01,211,65,23,0,253
SP0205,2024-08-01,71,200,186,0,85
SP0206,2024-08-01,224,148,155,0,217
SP0207,2024-08-01,432,155,152,1,434
SP0208,2024-08-01,85,287,263,4,105
SP0209,2024-08-01,308,336,303,1,340
SP0210,2024-08-01,50,173,163,1,59
SP0211,2024-08-01,274,337,322,5,284
SP0212,2024-08-01,194,16,0,0,210
SP0213,2024-08-01,256,363,352,2,265
SP0214,2024-08-01,160,178,171,1,166
SP0215,2024-08-01,105,249,251,2,101
SP0216,2024-08-01,338,365,371,6,326
SP0217,2024-08-01,110,333,331,4,108
SP0218,2024-08-01,246,220,226,2,238
SP0219,2024-08-01,243,212,194,3,258
SP0220,2024-08-01,246,302,283,3,262
SP0001,2024-09-01,132,72,22,0,182
SP0002,2024-09-01,379,277,263,1,392
SP0003,2024-09-01,380,264,270,1,373
SP0004,2024-09-01,86,10,1,0,95
SP0005,2024-09-01,277,316,284,2,307
SP0006,2024-09-01,481,222,221,0,482
SP0007,2024-09-01,284,369,377,4,272
SP0008,2024-09-01,481,169,162,0,488
SP0009,2024-09-01,399,295,284,0,410
SP0010,2024-09-01,84,225,229,1,79
SP0011,2024-09-01,497,194,170,2,519
SP0012,2024-09-01,209,368,342,7,228
SP0013,2024-09-01,243,48,22,0,269
SP0014,2024-09-01,483,338,326,2,493
SP0015,2024-09-01,264,4,0,0,268
SP0016,2024-09-01,153,191,163,0,181
SP0017,2024-09-01,421,239,216,1,443
SP0018,2024-09-01,188,45,20,0,213
SP0019,2024-09-01,429,341,337,2,431
SP0020,2024-09-01,481,16,0,0,497
SP0021,2024-09-01,382,313,284,3,408
SP0022,2024-09-01,429,12,1,0,440
SP0023,2024-09-01,164,160,160,2,162
SP0024,2024-09-01,208,79,35,1,251
SP0025,2024-09-01,142,209,209,1,141
SP0026,2024-09-01,65,3,0,0,68
SP0027,2024-09-01,487,351,339,1,498
SP0028,2024-09-01,155,224,214,2,163
SP0029,2024-09-01,276,10,1,0,285
SP0030,2024-09-01,202,178,178,1,201
SP0031,2024-09-01,265,212,202,1,274
SP0032,2024-09-01,505,54,20,0,539
SP0033,2024-09-01,253,291,273,4,267
SP0034,2024-09-01,472,194,198,1,467
SP0035,2024-09-01,100,371,385,1,85
SP0036,2024-09-01,296,18,1,0,313
SP0037,2024-09-01,303,396,380,4,315
SP0038,2024-09-01,416,259,224,1,450
SP0039,2024-09-01,231,13,1,0,243
SP0040,2024-09-01,445,63,31,1,476
SP0041,2024-09-01,204,298,289,1,212
SP0042,2024-09-01,255,351,361,3,242
SP0043,2024-09-01,515,380,385,1,509
SP0044,2024-09-01,340,298,272,1,365
SP0045,2024-09-01,164,340,322,4,178
SP0046,2024-09-01,91,192,165,1,117
SP0047,2024-09-01,227,242,206,4,259
SP0048,2024-09-01,247,347,317,1,276
SP0049,2024-09-01,61,16,1,0,76
SP0050,2024-09-01,139,7,0,0,146
SP0051,2024-09-01,222,60,24,1,257
SP0052,2024-09-01,237,225,218,2,242
SP0053,2024-09-01,421,166,170,3,414
SP0054,2024-09-01,297,61,31,1,326
SP0055,2024-09-01,374,69,34,1,408
SP0056,2024-09-01,289,324,286,3,324
SP0057,2024-09-01,206,2,0,0,208
SP0058,2024-09-01,355,43,18,0,380
SP0059,2024-09-01,353,2,0,0,355
SP0060,2024-09-01,324,55,27,0,352
SP0061,2024-09-01,492,221,190,1,522
SP0062,2024-09-01,364,226,218,3,369
SP0063,2024-09-01,424,10,0,0,434
SP0064,2024-09-01,150,33,13,0,170
SP0065,2024-09-01,430,202,192,0,440
SP0066,2024-09-01,153,189,191,0,151
SP0067,2024-09-01,207,273,268,1,211
SP0068,2024-09-01,399,44,19,0,424
SP0069,2024-09-01,189,3,0,0,192
SP0070,2024-09-01,135,261,256,3,137
SP0071,2024-09-01,477,310,301,1,485
SP0072,2024-09-01,303,368,324,1,346
SP0073,2024-09-01,194,3,0,0,197
SP0074,2024-09-01,386,33,19,0,400
SP0075,2024-09-01,241,73,29,1,284
SP0076,2024-09-01,136,173,163,1,145
SP0077,2024-09-01,150,166,145,3,168
SP0078,2024-09-01,372,387,331,6,422
SP0079,2024-09-01,287,345,303,1,328
SP0080,2024-09-01,290,67,37,0,320
SP0081,2024-09-01,433,41,18,0,456
SP0082,2024-09-01,196,4,0,0,200
SP0083,2024-09-01,305,17,1,0,321
SP0084,2024-09-01,318,332,304,6,340
SP0085,2024-09-01,119,20,8,0,131
SP0086,2024-09-01,487,19,0,0,506
SP0087,2024-09-01,371,36,11,0,396
SP0088,2024-09-01,338,335,340,4,329
SP0089,2024-09-01,243,199,169,1,272
SP0090,2024-09-01,310,345,338,0,317
SP0091,2024-09-01,129,2,0,0,131
SP0092,2024-09-01,395,385,327,2,451
SP0093,2024-09-01,386,376,380,1,381
SP0094,2024-09-01,437,41,17,1,460
SP0095,2024-09-01,152,295,261,4,182
SP0096,2024-09-01,475,287,285,1,476
SP0097,2024-09-01,322,179,156,2,343
SP0098,2024-09-01,393,37,16,0,414
SP0099,2024-09-01,235,373,349,4,255
SP0100,2024-09-01,141,49,15,0,175
SP0101,2024-09-01,264,214,186,1,291
SP0102,2024-09-01,234,71,39,0,266
SP0103,2024-09-01,246,361,321,2,284
SP0104,2024-09-01,250,159,147,1,261
SP0105,2024-09-01,478,21,7,0,492
SP0106,2024-09-01,231,227,196,1,261
SP0107,2024-09-01,276,329,287,1,317
SP0108,2024-09-01,84,286,298,4,68
SP0109,2024-09-01,249,28,11,0,266
SP0110,2024-09-01,212,258,228,2,240
SP0111,2024-09-01,223,54,19,0,258
SP0112,2024-09-01,344,184,187,1,340
SP0113,2024-09-01,172,203,193,1,181
SP0114,2024-09-01,212,281,252,2,239
SP0115,2024-09-01,485,367,345,1,506
SP0116,2024-09-01,151,239,232,0,158
SP0117,2024-09-01,88,301,256,3,130
SP0118,2024-09-01,244,169,161,1,251
SP0119,2024-09-01,430,18,1,0,447
SP0120,2024-09-01,271,186,159,2,296
SP0121,2024-09-01,283,179,185,2,275
SP0122,2024-09-01,379,51,28,0,402
SP0123,2024-09-01,216,297,309,3,201
SP0124,2024-09-01,430,266,238,3,455
SP0125,2024-09-01,244,28,11,0,261
SP0126,2024-09-01,424,19,1,0,442
SP0127,2024-09-01,404,154,131,0,427
SP0128,2024-09-01,151,17,1,0,167
SP0129,2024-09-01,424,300,281,4,439
SP0130,2024-09-01,334,230,219,3,342
SP0131,2024-09-01,127,331,283,2,173
SP0132,2024-09-01,69,7,0,0,76
SP0133,2024-09-01,84,201,177,2,106
SP0134,2024-09-01,130,371,335,2,164
SP0135,2024-09-01,440,287,281,1,445
SP0136,2024-09-01,231,193,185,0,239
SP0137,2024-09-01,164,301,286,1,178
SP0138,2024-09-01,177,184,179,1,181
SP0139,2024-09-01,135,156,140,1,150
SP0140,2024-09-01,129,379,334,4,170
SP0141,2024-09-01,311,290,301,3,297
SP0142,2024-09-01,447,309,323,0,433
SP0143,2024-09-01,424,305,293,1,435
SP0144,2024-09-01,139,253,232,1,159
SP0145,2024-09-01,104,66,29,1,140
SP0146,2024-09-01,213,397,365,6,239
SP0147,2024-09-01,207,24,13,0,218
SP0148,2024-09-01,471,369,314,1,525
SP0149,2024-09-01,472,190,173,0,489
SP0150,2024-09-01,307,290,284,4,309
SP0151,2024-09-01,140,184,185,2,137
SP0152,2024-09-01,206,301,300,2,205
SP0153,2024-09-01,261,389,377,2,271
SP0154,2024-09-01,209,200,191,1,217
SP0155,2024-09-01,372,287,286,2,371
SP0156,2024-09-01,479,378,388,3,466
SP0157,2024-09-01,331,180,162,3,346
SP0158,2024-09-01,295,280,264,3,308
SP0159,2024-09-01,242,355,343,1,253
SP0160,2024-09-01,543,33,19,0,557
SP0161,2024-09-01,273,194,201,1,265
SP0162,2024-09-01,149,51,17,1,182
SP0163,2024-09-01,80,377,362,2,93
SP0164,2024-09-01,168,281,266,1,182
SP0165,2024-09-01,338,42,22,0,358
SP0166,2024-09-01,126,4,0,0,130
SP0167,2024-09-01,195,397,345,2,245
SP0168,2024-09-01,284,210,209,2,283
SP0169,2024-09-01,286,71,37,0,320
SP0170,2024-09-01,157,65,21,1,200
SP0171,2024-09-01,287,290,248,2,327
SP0172,2024-09-01,329,368,367,0,330
SP0173,2024-09-01,401,392,355,4,434
SP0174,2024-09-01,479,288,268,1,498
SP0175,2024-09-01,93,171,149,2,113
SP0176,2024-09-01,245,367,352,5,255
SP0177,2024-09-01,433,302,265,3,467
SP0178,2024-09-01,330,32,13,0,349
SP0179,2024-09-01,347,294,294,3,344
SP0180,2024-09-01,437,210,211,1,435
SP0181,2024-09-01,381,43,22,0,402
SP0182,2024-09-01,225,21,11,0,235
SP0183,2024-09-01,523,267,276,3,511
SP0184,2024-09-01,194,255,262,1,186
SP0185,2024-09-01,144,389,344,2,187
SP0186,2024-09-01,189,210,216,0,183
SP0187,2024-09-01,111,208,179,3,137
SP0188,2024-09-01,85,301,309,4,73
SP0189,2024-09-01,452,296,292,3,453
SP0190,2024-09-01,169,172,165,1,175
SP0191,2024-09-01,463,373,341,3,492
SP0192,2024-09-01,142,306,266,0,182
SP0193,2024-09-01,452,239,204,2,485
SP0194,2024-09-01,195,216,216,2,193
SP0195,2024-09-01,41,163,156,2,46
SP0196,2024-09-01,501,45,18,1,527
SP0197,2024-09-01,437,356,347,1,445
SP0198,2024-09-01,378,25,9,0,394
SP0199,2024-09-01,448,20,7,0,461
SP0200,2024-09-01,213,301,295,1,218
SP0201,2024-09-01,142,180,173,0,149
SP0202,2024-09-01,455,160,158,0,457
SP0203,2024-09-01,132,295,279,0,148
SP0204,2024-09-01,253,28,8,0,273
SP0205,2024-09-01,85,265,236,0,114
SP0206,2024-09-01,217,351,306,3,259
SP0207,2024-09-01,434,329,316,3,444
SP0208,2024-09-01,105,206,184,4,123
SP0209,2024-09-01,340,246,253,2,331
SP0210,2024-09-01,59,162,166,0,55
SP0211,2024-09-01,284,355,350,2,287
SP0212,2024-09-01,210,5,0,0,215
SP0213,2024-09-01,265,197,169,2,291
SP0214,2024-09-01,166,208,200,1,173
SP0215,2024-09-01,101,223,227,4,93
SP0216,2024-09-01,326,190,195,2,319
SP0217,2024-09-01,108,307,275,3,137
SP0218,2024-09-01,238,350,367,4,217
SP0219,2024-09-01,258,282,251,4,285
SP0220,2024-09-01,262,229,215,2,274
SP0001,2024-10-01,182,24,9,0,197
SP0002,2024-10-01,392,356,312,3,433
SP0003,2024-10-01,373,341,315,3,396
SP0004,2024-10-01,95,8,0,0,103
SP0005,2024-10-01,307,423,416,6,308
SP0006,2024-10-01,482,241,237,0,486
SP0007,2024-10-01,272,177,167,1,281
SP0008,2024-10-01,488,295,270,1,512
SP0009,2024-10-01,410,228,200,1,437
SP0010,2024-10-01,79,265,230,1,113
SP0011,2024-10-01,519,204,175,1,547
SP0012,2024-10-01,228,296,275,6,243
SP0013,2024-10-01,269,79,31,0,317
SP0014,2024-10-01,493,208,186,0,515
SP0015,2024-10-01,268,16,2,0,282
SP0016,2024-10-01,181,167,142,1,205
SP0017,2024-10-01,443,205,180,2,466
SP0018,2024-10-01,213,24,11,0,226
SP0019,2024-10-01,431,439,419,4,447
SP0020,2024-10-01,497,3,0,0,500
SP0021,2024-10-01,408,318,284,3,439
SP0022,2024-10-01,440,7,0,0,447
SP0023,2024-10-01,162,364,326,5,195
SP0024,2024-10-01,251,74,23,1,301
SP0025,2024-10-01,141,259,271,1,128
SP0026,2024-10-01,68,2,0,0,70
SP0027,2024-10-01,498,292,258,2,530
SP0028,2024-10-01,163,434,421,2,174
SP0029,2024-10-01,285,5,0,0,290
SP0030,2024-10-01,201,168,170,0,199
SP0031,2024-10-01,274,402,385,2,289
SP0032,2024-10-01,539,26,8,1,556
SP0033,2024-10-01,267,204,211,4,256
SP0034,2024-10-01,467,415,409,5,468
SP0035,2024-10-01,85,250,223,0,112
SP0036,2024-10-01,313,1,0,0,314
SP0037,2024-10-01,315,248,258,3,302
SP0038,2024-10-01,450,396,396,2,448
SP0039,2024-10-01,243,16,1,0,258
SP0040,2024-10-01,476,72,32,1,515
SP0041,2024-10-01,212,180,164,0,228
SP0042,2024-10-01,242,366,337,7,264
SP0043,2024-10-01,509,394,368,1,534
SP0044,2024-10-01,365,185,183,0,367
SP0045,2024-10-01,178,388,396,2,168
SP0046,2024-10-01,117,429,445,2,99
SP0047,2024-10-01,259,393,358,3,291
SP0048,2024-10-01,276,222,229,1,268
SP0049,2024-10-01,76,19,1,0,94
SP0050,2024-10-01,146,19,0,0,165
SP0051,2024-10-01,257,45,21,1,280
SP0052,2024-10-01,242,238,209,2,269
SP0053,2024-10-01,414,192,187,4,415
SP0054,2024-10-01,326,86,28,1,383
SP0055,2024-10-01,408,45,25,0,428
SP0056,2024-10-01,324,360,331,2,351
SP0057,2024-10-01,208,10,0,0,218
SP0058,2024-10-01,380,27,15,0,392
SP0059,2024-10-01,355,6,0,0,361
SP0060,2024-10-01,352,63,19,0,396
SP0061,2024-10-01,522,192,176,2,536
SP0062,2024-10-01,369,289,292,4,362
SP0063,2024-10-01,434,10,1,0,443
SP0064,2024-10-01,170,52,20,0,202
SP0065,2024-10-01,440,295,251,1,483
SP0066,2024-10-01,151,366,314,1,202
SP0067,2024-10-01,211,206,191,1,225
SP0068,2024-10-01,424,23,9,0,438
SP0069,2024-10-01,192,15,0,0,207
SP0070,2024-10-01,137,272,245,4,160
SP0071,2024-10-01,485,375,338,2,520
SP0072,2024-10-01,346,234,214,1,365
SP0073,2024-10-01,197,1,0,0,198
SP0074,2024-10-01,400,27,9,0,418
SP0075,2024-10-01,284,62,23,0,323
SP0076,2024-10-01,145,185,182,1,147
SP0077,2024-10-01,168,362,357,7,166
SP0078,2024-10-01,422,216,183,1,454
SP0079,2024-10-01,328,406,410,2,322
SP0080,2024-10-01,320,52,18,1,353
SP0081,2024-10-01,456,47,24,0,479
SP0082,2024-10-01,200,6,0,0,206
SP0083,2024-10-01,321,12,1,0,332
SP0084,2024-10-01,340,177,177,2,338
SP0085,2024-10-01,131,68,38,1,160
SP0086,2024-10-01,506,15,1,0,520
SP0087,2024-10-01,396,37,13,1,419
SP0088,2024-10-01,329,273,268,3,331
SP0089,2024-10-01,272,213,202,1,282
SP0090,2024-10-01,317,214,219,0,312
SP0091,2024-10-01,131,19,1,0,149
SP0092,2024-10-01,451,377,392,2,434
SP0093,2024-10-01,381,374,343,1,411
SP0094,2024-10-01,460,72,40,1,491
SP0095,2024-10-01,182,217,185,2,212
SP0096,2024-10-01,476,227,198,1,504
SP0097,2024-10-01,343,325,279,3,386
SP0098,2024-10-01,414,40,21,0,433
SP0099,2024-10-01,255,198,187,1,265
SP0100,2024-10-01,175,78,23,0,230
SP0101,2024-10-01,291,409,360,1,339
SP0102,2024-10-01,266,34,13,0,287
SP0103,2024-10-01,284,394,365,2,311
SP0104,2024-10-01,261,289,247,1,302
SP0105,2024-10-01,492,58,17,1,532
SP0106,2024-10-01,261,246,212,3,292
SP0107,2024-10-01,317,274,269,1,321
SP0108,2024-10-01,68,283,244,3,104
SP0109,2024-10-01,266,84,39,0,311
SP0110,2024-10-01,240,374,324,3,287
SP0111,2024-10-01,258,72,33,0,297
SP0112,2024-10-01,340,219,204,1,354
SP0113,2024-10-01,181,257,245,2,191
SP0114,2024-10-01,239,183,169,2,251
SP0115,2024-10-01,506,266,254,2,516
SP0116,2024-10-01,158,292,256,1,193
SP0117,2024-10-01,130,396,342,2,182
SP0118,2024-10-01,251,300,301,3,247
SP0119,2024-10-01,447,9,0,0,456
SP0120,2024-10-01,296,233,204,2,323
SP0121,2024-10-01,275,207,214,1,267
SP0122,2024-10-01,402,85,38,1,448
SP0123,2024-10-01,201,371,373,2,197
SP0124,2024-10-01,455,312,305,6,456
SP0125,2024-10-01,261,76,32,1,304
SP0126,2024-10-01,442,4,0,0,446
SP0127,2024-10-01,427,240,245,2,420
SP0128,2024-10-01,167,13,1,0,179
SP0129,2024-10-01,439,225,208,1,455
SP0130,2024-10-01,342,194,178,3,355
SP0131,2024-10-01,173,185,180,1,177
SP0132,2024-10-01,76,6,0,0,82
SP0133,2024-10-01,106,333,294,3,142
SP0134,2024-10-01,164,318,274,2,206
SP0135,2024-10-01,445,195,175,0,465
SP0136,2024-10-01,239,413,433,0,219
SP0137,2024-10-01,178,291,258,0,211
SP0138,2024-10-01,181,376,344,1,212
SP0139,2024-10-01,150,312,282,4,176
SP0140,2024-10-01,170,428,391,1,206
SP0141,2024-10-01,297,364,346,3,312
SP0142,2024-10-01,433,268,263,0,438
SP0143,2024-10-01,435,194,183,1,445
SP0144,2024-10-01,159,364,352,2,169
SP0145,2024-10-01,140,57,17,1,179
SP0146,2024-10-01,239,178,170,2,245
SP0147,2024-10-01,218,57,21,1,253
SP0148,2024-10-01,525,281,260,3,543
SP0149,2024-10-01,489,346,327,0,508
SP0150,2024-10-01,309,371,361,3,316
SP0151,2024-10-01,137,262,269,1,129
SP0152,2024-10-01,205,340,309,6,230
SP0153,2024-10-01,271,405,392,2,282
SP0154,2024-10-01,217,328,325,2,218
SP0155,2024-10-01,371,310,317,6,358
SP0156,2024-10-01,466,269,230,1,504
SP0157,2024-10-01,346,371,328,3,386
SP0158,2024-10-01,308,380,354,2,332
SP0159,2024-10-01,253,238,234,0,257
SP0160,2024-10-01,557,78,42,1,592
SP0161,2024-10-01,265,402,397,3,267
SP0162,2024-10-01,182,45,15,0,212
SP0163,2024-10-01,93,225,215,2,101
SP0164,2024-10-01,182,329,308,0,203
SP0165,2024-10-01,358,63,35,0,386
SP0166,2024-10-01,130,13,1,0,142
SP0167,2024-10-01,245,173,147,1,270
SP0168,2024-10-01,283,275,254,1,303
SP0169,2024-10-01,320,41,20,0,341
SP0170,2024-10-01,200,82,38,2,242
SP0171,2024-10-01,327,320,305,3,339
SP0172,2024-10-01,330,350,308,2,370
SP0173,2024-10-01,434,301,269,4,462
SP0174,2024-10-01,498,188,197,1,488
SP0175,2024-10-01,113,304,263,2,152
SP0176,2024-10-01,255,209,197,3,264
SP0177,2024-10-01,467,196,199,2,462
SP0178,2024-10-01,349,69,26,1,391
SP0179,2024-10-01,344,221,198,2,365
SP0180,2024-10-01,435,313,326,1,421
SP0181,2024-10-01,402,52,19,0,435
SP0182,2024-10-01,235,55,24,1,265
SP0183,2024-10-01,511,353,352,5,507
SP0184,2024-10-01,186,187,184,2,187
SP0185,2024-10-01,187,418,430,2,173
SP0186,2024-10-01,183,231,232,1,181
SP0187,2024-10-01,137,243,232,3,145
SP0188,2024-10-01,73,433,370,5,131
SP0189,2024-10-01,453,238,222,3,466
SP0190,2024-10-01,175,345,295,3,222
SP0191,2024-10-01,492,302,279,1,514
SP0192,2024-10-01,182,392,370,1,203
SP0193,2024-10-01,485,181,159,1,506
SP0194,2024-10-01,193,237,217,3,210
SP0195,2024-10-01,46,240,242,3,41
SP0196,2024-10-01,527,74,38,1,562
SP0197,2024-10-01,445,356,316,0,485
SP0198,2024-10-01,394,42,16,0,420
SP0199,2024-10-01,461,80,34,1,506
SP0200,2024-10-01,218,373,389,2,200
SP0201,2024-10-01,149,230,235,0,144
SP0202,2024-10-01,457,280,284,0,453
SP0203,2024-10-01,148,187,177,0,158
SP0204,2024-10-01,273,41,21,0,293
SP0205,2024-10-01,114,201,206,1,108
SP0206,2024-10-01,259,324,302,2,279
SP0207,2024-10-01,444,310,311,2,441
SP0208,2024-10-01,123,430,366,8,179
SP0209,2024-10-01,331,301,281,3,348
SP0210,2024-10-01,55,346,325,3,73
SP0211,2024-10-01,287,212,206,1,292
SP0212,2024-10-01,215,10,0,0,225
SP0213,2024-10-01,291,334,301,3,321
SP0214,2024-10-01,173,316,269,3,217
SP0215,2024-10-01,93,219,217,4,91
SP0216,2024-10-01,319,265,246,5,333
SP0217,2024-10-01,137,353,311,4,175
SP0218,2024-10-01,217,360,332,1,244
SP0219,2024-10-01,285,271,268,2,286
SP0220,2024-10-01,274,412,384,4,298
SP0001,2024-11-01,197,47,22,0,222
SP0002,2024-11-01,433,274,236,2,469
SP0003,2024-11-01,396,238,214,2,418
SP0004,2024-11-01,103,11,1,0,113
SP0005,2024-11-01,308,398,365,1,340
SP0006,2024-11-01,486,208,201,0,493
SP0007,2024-11-01,281,449,405,3,322
SP0008,2024-11-01,512,497,506,2,501
SP0009,2024-11-01,437,270,267,0,440
SP0010,2024-11-01,113,446,399,2,158
SP0011,2024-11-01,547,410,429,4,524
SP0012,2024-11-01,243,280,271,4,248
SP0013,2024-11-01,317,44,24,1,336
SP0014,2024-11-01,515,202,208,0,509
SP0015,2024-11-01,282,10,0,0,292
SP0016,2024-11-01,205,412,372,1,244
SP0017,2024-11-01,466,415,356,4,521
SP0018,2024-11-01,226,84,29,0,281
SP0019,2024-11-01,447,475,472,7,443
SP0020,2024-11-01,500,0,0,0,500
SP0021,2024-11-01,439,221,221,1,438
SP0022,2024-11-01,447,19,0,0,466
SP0023,2024-11-01,195,343,328,4,206
SP0024,2024-11-01,301,72,23,1,349
SP0025,2024-11-01,128,518,509,2,135
SP0026,2024-11-01,70,11,1,0,80
SP0027,2024-11-01,530,482,499,4,509
SP0028,2024-11-01,174,248,216,4,202
SP0029,2024-11-01,290,16,0,0,306
SP0030,2024-11-01,199,412,432,2,177
SP0031,2024-11-01,289,332,296,1,324
SP0032,2024-11-01,556,50,18,1,587
SP0033,2024-11-01,256,468,402,4,318
SP0034,2024-11-01,468,215,213,1,469
SP0035,2024-11-01,112,496,453,1,154
SP0036,2024-11-01,314,6,0,0,320
SP0037,2024-11-01,302,465,447,3,317
SP0038,2024-11-01,448,208,215,1,440
SP0039,2024-11-01,258,4,0,0,262
SP0040,2024-11-01,515,79,38,2,554
SP0041,2024-11-01,228,429,405,2,250
SP0042,2024-11-01,264,286,251,4,295
SP0043,2024-11-01,534,291,302,1,522
SP0044,2024-11-01,367,254,220,1,400
SP0045,2024-11-01,168,313,267,1,213
SP0046,2024-11-01,99,389,345,3,140
SP0047,2024-11-01,291,267,265,4,289
SP0048,2024-11-01,268,519,521,3,263
SP0049,2024-11-01,94,17,0,0,111
SP0050,2024-11-01,165,12,1,0,176
SP0051,2024-11-01,280,66,33,1,312
SP0052,2024-11-01,269,366,357,2,276
SP0053,2024-11-01,415,449,436,4,424
SP0054,2024-11-01,383,80,37,1,425
SP0055,2024-11-01,428,77,37,1,467
SP0056,2024-11-01,351,352,355,2,346
SP0057,2024-11-01,218,9,0,0,227
SP0058,2024-11-01,392,51,27,0,416
SP0059,2024-11-01,361,19,1,0,379
SP0060,2024-11-01,396,41,18,0,419
SP0061,2024-11-01,536,357,360,5,528
SP0062,2024-11-01,362,245,215,3,389
SP0063,2024-11-01,443,3,0,0,446
SP0064,2024-11-01,202,73,36,1,238
SP0065,2024-11-01,483,444,430,2,495
SP0066,2024-11-01,202,350,302,0,250
SP0067,2024-11-01,225,390,394,4,217
SP0068,2024-11-01,438,77,46,1,468
SP0069,2024-11-01,207,16,1,0,222
SP0070,2024-11-01,160,300,306,2,152
SP0071,2024-11-01,520,436,416,0,540
SP0072,2024-11-01,365,393,345,2,411
SP0073,2024-11-01,198,13,0,0,211
SP0074,2024-11-01,418,46,23,0,441
SP0075,2024-11-01,323,53,18,0,358
SP0076,2024-11-01,147,233,215,1,164
SP0077,2024-11-01,166,374,320,2,218
SP0078,2024-11-01,454,243,207,2,488
SP0079,2024-11-01,322,325,281,2,364
SP0080,2024-11-01,353,57,24,1,385
SP0081,2024-11-01,479,47,21,0,505
SP0082,2024-11-01,206,13,1,0,218
SP0083,2024-11-01,332,3,0,0,335
SP0084,2024-11-01,338,215,196,3,354
SP0085,2024-11-01,160,34,16,0,178
SP0086,2024-11-01,520,6,0,0,526
SP0087,2024-11-01,419,43,22,1,439
SP0088,2024-11-01,331,390,342,3,376
SP0089,2024-11-01,282,502,521,4,259
SP0090,2024-11-01,312,407,350,0,369
SP0091,2024-11-01,149,4,0,0,153
SP0092,2024-11-01,434,439,425,2,446
SP0093,2024-11-01,411,337,290,1,457
SP0094,2024-11-01,491,53,27,1,516
SP0095,2024-11-01,212,473,402,9,274
SP0096,2024-11-01,504,232,211,1,524
SP0097,2024-11-01,386,477,406,7,450
SP0098,2024-11-01,433,97,36,1,493
SP0099,2024-11-01,265,226,226,3,262
SP0100,2024-11-01,230,40,22,0,248
SP0101,2024-11-01,339,474,478,2,333
SP0102,2024-11-01,287,41,14,0,314
SP0103,2024-11-01,311,474,467,2,316
SP0104,2024-11-01,302,478,421,2,357
SP0105,2024-11-01,532,33,17,0,548
SP0106,2024-11-01,292,273,235,3,327
SP0107,2024-11-01,321,285,289,1,316
SP0108,2024-11-01,104,465,485,6,78
SP0109,2024-11-01,311,80,27,0,364
SP0110,2024-11-01,287,397,351,3,330
SP0111,2024-11-01,297,45,21,0,321
SP0112,2024-11-01,354,258,255,2,355
SP0113,2024-11-01,191,349,337,3,200
SP0114,2024-11-01,251,368,370,3,246
SP0115,2024-11-01,516,459,467,4,504
SP0116,2024-11-01,193,314,316,1,190
SP0117,2024-11-01,182,254,259,2,175
SP0118,2024-11-01,247,335,288,1,293
SP0119,2024-11-01,456,15,0,0,471
SP0120,2024-11-01,323,265,231,2,355
SP0121,2024-11-01,267,424,417,6,268
SP0122,2024-11-01,448,69,39,1,477
SP0123,2024-11-01,197,220,224,3,190
SP0124,2024-11-01,456,479,477,9,449
SP0125,2024-11-01,304,51,28,1,326
SP0126,2024-11-01,446,9,0,0,455
SP0127,2024-11-01,420,511,481,5,445
SP0128,2024-11-01,179,18,0,0,197
SP0129,2024-11-01,455,422,388,4,485
SP0130,2024-11-01,355,472,408,4,415
SP0131,2024-11-01,177,222,212,2,185
SP0132,2024-11-01,82,17,2,0,97
SP0133,2024-11-01,142,424,416,4,146
SP0134,2024-11-01,206,336,342,1,199
SP0135,2024-11-01,465,459,417,1,506
SP0136,2024-11-01,219,489,467,2,239
SP0137,2024-11-01,211,475,463,1,222
SP0138,2024-11-01,212,214,195,1,230
SP0139,2024-11-01,176,436,420,8,184
SP0140,2024-11-01,206,303,288,4,217
SP0141,2024-11-01,312,264,253,2,321
SP0142,2024-11-01,438,389,347,1,479
SP0143,2024-11-01,445,277,287,1,434
SP0144,2024-11-01,169,303,271,2,199
SP0145,2024-11-01,179,70,38,1,210
SP0146,2024-11-01,245,236,212,1,268
SP0147,2024-11-01,253,77,25,1,304
SP0148,2024-11-01,543,485,460,4,564
SP0149,2024-11-01,508,459,474,1,492
SP0150,2024-11-01,316,349,338,6,321
SP0151,2024-11-01,129,356,318,2,165
SP0152,2024-11-01,230,382,397,2,213
SP0153,2024-11-01,282,375,366,3,288
SP0154,2024-11-01,218,301,306,2,211
SP0155,2024-11-01,358,328,291,3,392
SP0156,2024-11-01,504,513,481,6,530
SP0157,2024-11-01,386,318,285,6,413
SP0158,2024-11-01,332,372,373,5,326
SP0159,2024-11-01,257,224,215,0,266
SP0160,2024-11-01,592,35,11,0,616
SP0161,2024-11-01,267,478,474,2,269
SP0162,2024-11-01,212,49,14,0,247
SP0163,2024-11-01,101,370,346,5,120
SP0164,2024-11-01,203,267,246,1,223
SP0165,2024-11-01,386,60,25,1,420
SP0166,2024-11-01,142,19,0,0,161
SP0167,2024-11-01,270,492,435,3,324
SP0168,2024-11-01,303,453,385,4,367
SP0169,2024-11-01,341,47,23,0,365
SP0170,2024-11-01,242,40,21,1,260
SP0171,2024-11-01,339,390,361,4,364
SP0172,2024-11-01,370,460,395,0,435
SP0173,2024-11-01,462,337,335,2,462
SP0174,2024-11-01,488,196,172,1,511
SP0175,2024-11-01,152,370,345,2,175
SP0176,2024-11-01,264,209,186,3,284
SP0177,2024-11-01,462,319,275,2,504
SP0178,2024-11-01,391,65,27,1,428
SP0179,2024-11-01,365,514,441,4,434
SP0180,2024-11-01,421,233,222,1,431
SP0181,2024-11-01,435,88,36,0,487
SP0182,2024-11-01,265,45,18,1,291
SP0183,2024-11-01,507,396,388,4,511
SP0184,2024-11-01,187,335,332,3,187
SP0185,2024-11-01,173,320,335,2,156
SP0186,2024-11-01,181,516,522,1,174
SP0187,2024-11-01,145,324,338,3,128
SP0188,2024-11-01,131,234,200,3,162
SP0189,2024-11-01,466,497,445,4,514
SP0190,2024-11-01,222,453,452,3,220
SP0191,2024-11-01,514,461,409,1,565
SP0192,2024-11-01,203,218,191,1,229
SP0193,2024-11-01,506,443,400,6,543
SP0194,2024-11-01,210,272,275,3,204
SP0195,2024-11-01,41,319,281,5,74
SP0196,2024-11-01,562,91,52,1,600
SP0197,2024-11-01,485,371,334,1,521
SP0198,2024-11-01,420,46,26,0,440
SP0199,2024-11-01,506,58,25,1,538
SP0200,2024-11-01,200,289,247,1,241
SP0201,2024-11-01,144,296,289,1,150
SP0202,2024-11-01,453,320,279,1,493
SP0203,2024-11-01,158,475,417,2,214
SP0204,2024-11-01,293,100,40,0,353
SP0205,2024-11-01,108,214,221,1,100
SP0206,2024-11-01,279,329,288,3,317
SP0207,2024-11-01,441,259,220,1,479
SP0208,2024-11-01,179,373,374,7,171
SP0209,2024-11-01,348,304,276,4,372
SP0210,2024-11-01,73,260,260,1,72
SP0211,2024-11-01,292,208,212,2,286
SP0212,2024-11-01,225,15,1,0,239
SP0213,2024-11-01,321,499,466,5,349
SP0214,2024-11-01,217,513,517,3,210
SP0215,2024-11-01,91,396,362,5,120
SP0216,2024-11-01,333,300,311,4,318
SP0217,2024-11-01,175,251,230,3,193
SP0218,2024-11-01,244,229,215,1,257
SP0219,2024-11-01,286,321,311,6,290
SP0220,2024-11-01,298,198,175,2,319
SP0001,2024-12-01,222,62,19,0,265
SP0002,2024-12-01,469,314,272,2,509
SP0003,2024-12-01,418,586,596,3,405
SP0004,2024-12-01,113,5,0,0,118
SP0005,2024-12-01,340,578,565,5,348
SP0006,2024-12-01,493,284,286,0,491
SP0007,2024-12-01,322,532,505,6,343
SP0008,2024-12-01,501,333,310,1,523
SP0009,2024-12-01,440,567,532,2,473
SP0010,2024-12-01,158,315,275,1,197
SP0011,2024-12-01,524,348,343,3,526
SP0012,2024-12-01,248,539,534,7,246
SP0013,2024-12-01,336,112,61,1,386
SP0014,2024-12-01,509,407,375,1,540
SP0015,2024-12-01,292,4,0,0,296
SP0016,2024-12-01,244,513,463,1,293
SP0017,2024-12-01,521,600,597,2,522
SP0018,2024-12-01,281,116,65,0,332
SP0019,2024-12-01,443,442,385,3,497
SP0020,2024-12-01,500,0,0,0,500
SP0021,2024-12-01,438,448,448,3,435
SP0022,2024-12-01,466,2,0,0,468
SP0023,2024-12-01,206,404,420,2,188
SP0024,2024-12-01,349,64,34,1,378
SP0025,2024-12-01,135,477,458,2,152
SP0026,2024-12-01,80,2,0,0,82
SP0027,2024-12-01,509,577,547,6,533
SP0028,2024-12-01,202,287,252,2,235
SP0029,2024-12-01,306,10,1,0,315
SP0030,2024-12-01,177,495,450,1,221
SP0031,2024-12-01,324,619,531,4,408
SP0032,2024-12-01,587,121,60,1,647
SP0033,2024-12-01,318,403,380,6,335
SP0034,2024-12-01,469,253,223,3,496
SP0035,2024-12-01,154,322,306,1,169
SP0036,2024-12-01,320,14,1,0,333
SP0037,2024-12-01,317,459,466,2,308
SP0038,2024-12-01,440,268,274,0,434
SP0039,2024-12-01,262,5,0,0,267
SP0040,2024-12-01,554,108,33,2,627
SP0041,2024-12-01,250,615,631,0,234
SP0042,2024-12-01,295,565,536,9,315
SP0043,2024-12-01,522,353,328,1,546
SP0044,2024-12-01,400,345,302,0,443
SP0045,2024-12-01,213,542,533,3,219
SP0046,2024-12-01,140,558,496,5,197
SP0047,2024-12-01,289,421,366,8,336
SP0048,2024-12-01,263,592,587,2,266
SP0049,2024-12-01,111,7,0,0,118
SP0050,2024-12-01,176,4,0,0,180
SP0051,2024-12-01,312,76,31,1,356
SP0052,2024-12-01,276,481,411,3,343
SP0053,2024-12-01,424,358,374,3,405
SP0054,2024-12-01,425,106,58,2,471
SP0055,2024-12-01,467,39,21,1,484
SP0056,2024-12-01,346,534,478,2,400
SP0057,2024-12-01,227,19,0,0,246
SP0058,2024-12-01,416,62,33,0,445
SP0059,2024-12-01,379,5,0,0,384
SP0060,2024-12-01,419,60,32,0,447
SP0061,2024-12-01,528,505,520,3,510
SP0062,2024-12-01,389,260,240,5,404
SP0063,2024-12-01,446,18,1,0,463
SP0064,2024-12-01,238,100,38,1,299
SP0065,2024-12-01,495,253,254,1,493
SP0066,2024-12-01,250,540,486,2,302
SP0067,2024-12-01,217,275,255,2,235
SP0068,2024-12-01,468,74,32,0,510
SP0069,2024-12-01,222,16,1,0,237
SP0070,2024-12-01,152,276,245,4,179
SP0071,2024-12-01,540,467,410,0,597
SP0072,2024-12-01,411,603,572,3,439
SP0073,2024-12-01,211,18,0,0,229
SP0074,2024-12-01,441,69,29,0,481
SP0075,2024-12-01,358,38,11,1,384
SP0076,2024-12-01,164,521,523,2,160
SP0077,2024-12-01,218,522,532,5,203
SP0078,2024-12-01,488,312,324,4,472
SP0079,2024-12-01,364,462,425,1,400
SP0080,2024-12-01,385,89,50,1,423
SP0081,2024-12-01,505,64,27,0,542
SP0082,2024-12-01,218,0,0,0,218
SP0083,2024-12-01,335,15,0,0,350
SP0084,2024-12-01,354,505,523,10,326
SP0085,2024-12-01,178,36,13,0,201
SP0086,2024-12-01,526,15,0,0,541
SP0087,2024-12-01,439,45,17,1,466
SP0088,2024-12-01,376,395,401,4,366
SP0089,2024-12-01,259,364,319,3,301
SP0090,2024-12-01,369,307,321,1,354
SP0091,2024-12-01,153,16,1,0,168
SP0092,2024-12-01,446,367,379,1,433
SP0093,2024-12-01,457,455,455,0,457
SP0094,2024-12-01,516,66,36,1,545
SP0095,2024-12-01,274,601,590,6,279
SP0096,2024-12-01,524,272,256,1,539
SP0097,2024-12-01,450,336,321,3,462
SP0098,2024-12-01,493,67,39,0,521
SP0099,2024-12-01,262,492,480,4,270
SP0100,2024-12-01,248,40,15,0,273
SP0101,2024-12-01,333,253,244,0,342
SP0102,2024-12-01,314,112,60,1,365
SP0103,2024-12-01,316,529,496,7,342
SP0104,2024-12-01,357,564,553,2,366
SP0105,2024-12-01,548,48,17,0,579
SP0106,2024-12-01,327,368,327,4,364
SP0107,2024-12-01,316,494,496,1,313
SP0108,2024-12-01,78,524,473,5,124
SP0109,2024-12-01,364,103,39,0,428
SP0110,2024-12-01,330,546,471,5,400
SP0111,2024-12-01,321,39,11,0,349
SP0112,2024-12-01,355,421,375,3,398
SP0113,2024-12-01,200,540,498,3,239
SP0114,2024-12-01,246,612,545,2,311
SP0115,2024-12-01,504,275,284,2,493
SP0116,2024-12-01,190,308,308,0,190
SP0117,2024-12-01,175,560,556,1,178
SP0118,2024-12-01,293,350,354,4,285
SP0119,2024-12-01,471,9,1,0,479
SP0120,2024-12-01,355,590,527,6,412
SP0121,2024-12-01,268,253,260,2,259
SP0122,2024-12-01,477,46,26,0,497
SP0123,2024-12-01,190,510,456,6,238
SP0124,2024-12-01,449,594,620,4,419
SP0125,2024-12-01,326,82,47,1,360
SP0126,2024-12-01,455,2,0,0,457
SP0127,2024-12-01,445,490,417,3,515
SP0128,2024-12-01,197,11,1,0,207
SP0129,2024-12-01,485,384,350,5,514
SP0130,2024-12-01,415,402,374,5,438
SP0131,2024-12-01,185,387,340,2,230
SP0132,2024-12-01,97,10,0,0,107
SP0133,2024-12-01,146,466,424,1,187
SP0134,2024-12-01,199,555,533,6,215
SP0135,2024-12-01,506,570,548,2,526
SP0136,2024-12-01,239,401,379,2,259
SP0137,2024-12-01,222,510,492,2,238
SP0138,2024-12-01,230,558,509,5,274
SP0139,2024-12-01,184,505,486,9,194
SP0140,2024-12-01,217,320,324,4,209
SP0141,2024-12-01,321,460,416,5,360
SP0142,2024-12-01,479,368,315,0,532
SP0143,2024-12-01,434,559,506,4,483
SP0144,2024-12-01,199,491,455,2,233
SP0145,2024-12-01,210,76,37,1,248
SP0146,2024-12-01,268,402,385,7,278
SP0147,2024-12-01,304,94,31,1,366
SP0148,2024-12-01,564,242,243,1,562
SP0149,2024-12-01,492,331,341,1,481
SP0150,2024-12-01,321,360,373,6,302
SP0151,2024-12-01,165,321,324,4,158
SP0152,2024-12-01,213,444,413,5,239
SP0153,2024-12-01,288,481,443,6,320
SP0154,2024-12-01,211,453,451,4,209
SP0155,2024-12-01,392,454,452,3,391
SP0156,2024-12-01,530,493,472,7,544
SP0157,2024-12-01,413,511,526,9,389
SP0158,2024-12-01,326,541,476,4,387
SP0159,2024-12-01,266,277,271,0,272
SP0160,2024-12-01,616,102,55,1,662
SP0161,2024-12-01,269,381,330,3,317
SP0162,2024-12-01,247,76,39,1,283
SP0163,2024-12-01,120,496,486,4,126
SP0164,2024-12-01,223,575,577,1,220
SP0165,2024-12-01,420,43,14,0,449
SP0166,2024-12-01,161,1,0,0,162
SP0167,2024-12-01,324,368,361,3,328
SP0168,2024-12-01,367,566,483,4,446
SP0169,2024-12-01,365,53,23,0,395
SP0170,2024-12-01,260,91,44,2,305
SP0171,2024-12-01,364,290,269,3,382
SP0172,2024-12-01,435,498,443,2,488
SP0173,2024-12-01,462,351,333,1,479
SP0174,2024-12-01,511,241,206,1,545
SP0175,2024-12-01,175,336,296,2,213
SP0176,2024-12-01,284,571,495,7,353
SP0177,2024-12-01,504,339,343,6,494
SP0178,2024-12-01,428,85,37,1,475
SP0179,2024-12-01,434,279,286,2,425
SP0180,2024-12-01,431,554,499,2,484
SP0181,2024-12-01,487,115,49,0,553
SP0182,2024-12-01,291,60,22,1,328
SP0183,2024-12-01,511,469,430,3,547
SP0184,2024-12-01,187,616,640,9,154
SP0185,2024-12-01,156,513,496,3,170
SP0186,2024-12-01,174,578,584,1,167
SP0187,2024-12-01,128,580,606,4,98
SP0188,2024-12-01,162,359,373,6,142
SP0189,2024-12-01,514,337,315,4,532
SP0190,2024-12-01,220,455,394,2,279
SP0191,2024-12-01,565,446,413,2,596
SP0192,2024-12-01,229,411,414,2,224
SP0193,2024-12-01,543,294,278,4,555
SP0194,2024-12-01,204,271,256,5,214
SP0195,2024-12-01,74,398,413,4,55
SP0196,2024-12-01,600,102,33,1,668
SP0197,2024-12-01,521,456,408,2,567
SP0198,2024-12-01,440,120,61,0,499
SP0199,2024-12-01,538,63,28,0,573
SP0200,2024-12-01,241,532,457,3,313
SP0201,2024-12-01,150,278,276,1,151
SP0202,2024-12-01,493,590,530,1,552
SP0203,2024-12-01,214,272,283,0,203
SP0204,2024-12-01,353,104,57,0,400
SP0205,2024-12-01,100,523,457,0,166
SP0206,2024-12-01,317,331,316,2,330
SP0207,2024-12-01,479,271,258,2,490
SP0208,2024-12-01,171,362,324,6,203
SP0209,2024-12-01,372,391,362,6,395
SP0210,2024-12-01,72,338,323,3,84
SP0211,2024-12-01,286,261,268,2,277
SP0212,2024-12-01,239,14,1,0,252
SP0213,2024-12-01,349,282,289,1,341
SP0214,2024-12-01,210,238,204,1,243
SP0215,2024-12-01,120,407,412,6,109
SP0216,2024-12-01,318,286,293,5,306
SP0217,2024-12-01,193,514,476,3,228
SP0218,2024-12-01,257,407,375,5,284
SP0219,2024-12-01,290,558,534,6,308
SP0220,2024-12-01,319,276,250,2,343
SP0001,2025-01-01,265,65,34,1,295
SP0002,2025-01-01,509,524,518,4,511
SP0003,2025-01-01,405,429,429,1,404
SP0004,2025-01-01,118,3,0,0,121
SP0005,2025-01-01,348,242,230,3,357
SP0006,2025-01-01,491,212,185,0,518
SP0007,2025-01-01,343,514,444,2,411
SP0008,2025-01-01,523,313,328,0,508
SP0009,2025-01-01,473,355,334,0,494
SP0010,2025-01-01,197,458,472,1,182
SP0011,2025-01-01,526,281,262,1,544
SP0012,2025-01-01,246,342,291,5,292
SP0013,2025-01-01,386,58,18,1,425
SP0014,2025-01-01,540,520,544,0,516
SP0015,2025-01-01,296,8,1,0,303
SP0016,2025-01-01,293,279,262,1,309
SP0017,2025-01-01,522,494,517,3,496
SP0018,2025-01-01,332,29,14,0,347
SP0019,2025-01-01,497,216,183,1,529
SP0020,2025-01-01,500,2,0,0,502
SP0021,2025-01-01,435,386,391,1,429
SP0022,2025-01-01,468,17,0,0,485
SP0023,2025-01-01,188,311,300,4,195
SP0024,2025-01-01,378,36,11,0,403
SP0025,2025-01-01,152,398,360,1,189
SP0026,2025-01-01,82,4,0,0,86
SP0027,2025-01-01,533,496,446,7,576
SP0028,2025-01-01,235,353,330,2,256
SP0029,2025-01-01,315,6,0,0,321
SP0030,2025-01-01,221,256,261,0,216
SP0031,2025-01-01,408,247,231,2,422
SP0032,2025-01-01,647,76,36,1,686
SP0033,2025-01-01,335,456,398,9,384
SP0034,2025-01-01,496,479,417,3,555
SP0035,2025-01-01,169,477,425,2,219
SP0036,2025-01-01,333,0,0,0,333
SP0037,2025-01-01,308,398,381,3,322
SP0038,2025-01-01,434,320,296,1,457
SP0039,2025-01-01,267,10,0,0,277
SP0040,2025-01-01,627,27,15,0,639
SP0041,2025-01-01,234,204,201,0,237
SP0042,2025-01-01,315,272,238,5,344
SP0043,2025-01-01,546,344,323,0,567
SP0044,2025-01-01,443,468,420,1,490
SP0045,2025-01-01,219,353,328,3,241
SP0046,2025-01-01,197,268,280,1,184
SP0047,2025-01-01,336,493,496,6,327
SP0048,2025-01-01,266,340,304,1,301
SP0049,2025-01-01,118,11,0,0,129
SP0050,2025-01-01,180,7,0,0,187
SP0051,2025-01-01,356,85,36,1,404
SP0052,2025-01-01,343,239,232,1,349
SP0053,2025-01-01,405,303,262,4,442
SP0054,2025-01-01,471,63,25,1,508
SP0055,2025-01-01,484,53,29,0,508
SP0056,2025-01-01,400,394,377,4,413
SP0057,2025-01-01,246,10,0,0,256
SP0058,2025-01-01,445,69,29,0,485
SP0059,2025-01-01,384,17,0,0,401
SP0060,2025-01-01,447,85,42,0,490
SP0061,2025-01-01,510,293,269,3,531
SP0062,2025-01-01,404,495,461,5,433
SP0063,2025-01-01,463,1,0,0,464
SP0064,2025-01-01,299,100,30,1,368
SP0065,2025-01-01,493,480,487,2,484
SP0066,2025-01-01,302,321,317,1,305
SP0067,2025-01-01,235,461,469,3,224
SP0068,2025-01-01,510,64,21,0,553
SP0069,2025-01-01,237,18,0,0,255
SP0070,2025-01-01,179,268,252,2,193
SP0071,2025-01-01,597,314,279,1,631
SP0072,2025-01-01,439,505,511,2,431
SP0073,2025-01-01,229,17,2,0,244
SP0074,2025-01-01,481,90,42,0,529
SP0075,2025-01-01,384,65,30,1,418
SP0076,2025-01-01,160,276,274,2,160
SP0077,2025-01-01,203,347,296,6,248
SP0078,2025-01-01,472,393,343,2,520
SP0079,2025-01-01,400,470,473,1,396
SP0080,2025-01-01,423,67,37,1,452
SP0081,2025-01-01,542,35,11,0,566
SP0082,2025-01-01,218,4,0,0,222
SP0083,2025-01-01,350,0,0,0,350
SP0084,2025-01-01,326,245,208,3,360
SP0085,2025-01-01,201,42,18,1,224
SP0086,2025-01-01,541,18,1,0,558
SP0087,2025-01-01,466,101,51,1,515
SP0088,2025-01-01,366,457,433,5,385
SP0089,2025-01-01,301,501,460,3,339
SP0090,2025-01-01,354,371,376,1,348
SP0091,2025-01-01,168,11,0,0,179
SP0092,2025-01-01,433,204,179,2,456
SP0093,2025-01-01,457,293,299,0,451
SP0094,2025-01-01,545,96,48,1,592
SP0095,2025-01-01,279,409,403,7,278
SP0096,2025-01-01,539,360,372,2,525
SP0097,2025-01-01,462,310,281,4,487
SP0098,2025-01-01,521,105,31,1,594
SP0099,2025-01-01,270,353,352,3,268
SP0100,2025-01-01,273,77,32,1,317
SP0101,2025-01-01,342,468,464,1,345
SP0102,2025-01-01,365,32,11,0,386
SP0103,2025-01-01,342,413,361,3,391
SP0104,2025-01-01,366,296,282,1,379
SP0105,2025-01-01,579,37,14,0,602
SP0106,2025-01-01,364,301,264,4,397
SP0107,2025-01-01,313,360,358,1,314
SP0108,2025-01-01,124,327,339,5,107
SP0109,2025-01-01,428,85,36,0,477
SP0110,2025-01-01,400,380,332,3,445
SP0111,2025-01-01,349,68,20,0,397
SP0112,2025-01-01,398,435,416,3,414
SP0113,2025-01-01,239,286,265,3,257
SP0114,2025-01-01,311,394,387,5,313
SP0115,2025-01-01,493,529,506,2,514
SP0116,2025-01-01,190,517,528,0,179
SP0117,2025-01-01,178,450,442,4,182
SP0118,2025-01-01,285,321,309,2,295
SP0119,2025-01-01,479,7,0,0,486
SP0120,2025-01-01,412,317,282,4,443
SP0121,2025-01-01,259,418,424,6,247
SP0122,2025-01-01,497,94,30,1,560
SP0123,2025-01-01,238,218,210,2,244
SP0124,2025-01-01,419,515,528,10,396
SP0125,2025-01-01,360,107,37,1,429
SP0126,2025-01-01,457,12,0,0,469
SP0127,2025-01-01,515,444,447,3,509
SP0128,2025-01-01,207,10,1,0,216
SP0129,2025-01-01,514,354,342,2,524
SP0130,2025-01-01,438,376,324,3,487
SP0131,2025-01-01,230,205,185,1,249
SP0132,2025-01-01,107,19,0,0,126
SP0133,2025-01-01,187,453,422,4,214
SP0134,2025-01-01,215,517,540,3,189
SP0135,2025-01-01,526,241,247,1,519
SP0136,2025-01-01,259,319,319,0,259
SP0137,2025-01-01,238,308,265,1,280
SP0138,2025-01-01,274,328,318,3,281
SP0139,2025-01-01,194,304,311,3,184
SP0140,2025-01-01,209,418,388,3,236
SP0141,2025-01-01,360,226,194,3,389
SP0142,2025-01-01,532,421,441,0,512
SP0143,2025-01-01,483,439,394,2,526
SP0144,2025-01-01,233,482,459,6,250
SP0145,2025-01-01,248,35,11,1,271
SP0146,2025-01-01,278,502,506,10,264
SP0147,2025-01-01,366,85,50,1,400
SP0148,2025-01-01,562,396,364,2,592
SP0149,2025-01-01,481,223,202,0,502
SP0150,2025-01-01,302,394,347,6,343
SP0151,2025-01-01,158,321,303,4,172
SP0152,2025-01-01,239,234,242,3,228
SP0153,2025-01-01,320,472,455,5,332
SP0154,2025-01-01,209,513,500,1,221
SP0155,2025-01-01,391,241,205,2,425
SP0156,2025-01-01,544,521,512,5,548
SP0157,2025-01-01,389,221,231,3,376
SP0158,2025-01-01,387,219,216,2,388
SP0159,2025-01-01,272,300,268,1,303
SP0160,2025-01-01,662,102,39,1,724
SP0161,2025-01-01,317,325,307,4,331
SP0162,2025-01-01,283,65,35,0,313
SP0163,2025-01-01,126,271,273,2,122
SP0164,2025-01-01,220,229,219,1,229
SP0165,2025-01-01,449,70,32,0,487
SP0166,2025-01-01,162,14,0,0,176
SP0167,2025-01-01,328,250,236,1,341
SP0168,2025-01-01,446,209,210,1,444
SP0169,2025-01-01,395,74,42,0,427
SP0170,2025-01-01,305,48,16,1,336
SP0171,2025-01-01,382,346,301,2,425
SP0172,2025-01-01,488,246,254,1,479
SP0173,2025-01-01,479,426,372,6,527
SP0174,2025-01-01,545,411,373,0,583
SP0175,2025-01-01,213,378,356,2,233
SP0176,2025-01-01,353,267,229,3,388
SP0177,2025-01-01,494,295,306,5,478
SP0178,2025-01-01,475,97,34,1,537
SP0179,2025-01-01,425,509,525,6,403
SP0180,2025-01-01,484,272,282,1,473
SP0181,2025-01-01,553,63,24,0,592
SP0182,2025-01-01,328,89,35,1,381
SP0183,2025-01-01,547,245,255,1,536
SP0184,2025-01-01,154,384,401,4,133
SP0185,2025-01-01,170,387,380,2,175
SP0186,2025-01-01,167,409,379,2,195
SP0187,2025-01-01,98,310,314,2,92
SP0188,2025-01-01,142,365,382,6,119
SP0189,2025-01-01,532,218,223,1,526
SP0190,2025-01-01,279,372,367,3,281
SP0191,2025-01-01,596,380,374,1,601
SP0192,2025-01-01,224,242,242,0,224
SP0193,2025-01-01,555,338,309,5,579
SP0194,2025-01-01,214,422,362,3,271
SP0195,2025-01-01,55,214,192,3,74
SP0196,2025-01-01,668,44,24,0,688
SP0197,2025-01-01,567,443,394,1,615
SP0198,2025-01-01,499,89,53,0,535
SP0199,2025-01-01,573,54,29,1,597
SP0200,2025-01-01,313,469,465,0,317
SP0201,2025-01-01,151,349,327,1,172
SP0202,2025-01-01,552,513,521,1,543
SP0203,2025-01-01,203,250,252,0,201
SP0204,2025-01-01,400,31,11,0,420
SP0205,2025-01-01,166,340,301,1,204
SP0206,2025-01-01,330,378,348,4,356
SP0207,2025-01-01,490,268,267,1,490
SP0208,2025-01-01,203,514,463,3,251
SP0209,2025-01-01,395,391,402,1,383
SP0210,2025-01-01,84,395,370,3,106
SP0211,2025-01-01,277,384,384,4,273
SP0212,2025-01-01,252,13,0,0,265
SP0213,2025-01-01,341,421,371,2,389
SP0214,2025-01-01,243,360,306,3,294
SP0215,2025-01-01,109,357,338,6,122
SP0216,2025-01-01,306,405,378,6,327
SP0217,2025-01-01,228,327,292,1,262
SP0218,2025-01-01,284,236,219,1,300
SP0219,2025-01-01,308,286,244,2,348
SP0220,2025-01-01,343,213,215,2,339
SP0001,2025-02-01,295,20,6,0,309
SP0002,2025-02-01,511,244,209,1,545
SP0003,2025-02-01,404,114,97,0,421
SP0004,2025-02-01,121,1,0,0,122
SP0005,2025-02-01,357,171,146,1,381
SP0006,2025-02-01,518,162,138,0,542
SP0007,2025-02-01,411,218,212,2,415
SP0008,2025-02-01,508,123,115,1,515
SP0009,2025-02-01,494,179,186,1,486
SP0010,2025-02-01,182,178,184,0,176
SP0011,2025-02-01,544,224,208,1,559
SP0012,2025-02-01,292,150,153,1,288
SP0013,2025-02-01,425,49,25,1,448
SP0014,2025-02-01,516,221,196,1,540
SP0015,2025-02-01,303,8,0,0,311
SP0016,2025-02-01,309,246,253,1,301
SP0017,2025-02-01,496,246,248,2,492
SP0018,2025-02-01,347,53,27,0,373
SP0019,2025-02-01,529,237,215,3,548
SP0020,2025-02-01,502,16,1,0,517
SP0021,2025-02-01,429,242,207,1,463
SP0022,2025-02-01,485,7,0,0,492
SP0023,2025-02-01,195,121,111,2,203
SP0024,2025-02-01,403,22,9,0,416
SP0025,2025-02-01,189,161,144,1,205
SP0026,2025-02-01,86,18,1,0,103
SP0027,2025-02-01,576,142,145,2,571
SP0028,2025-02-01,256,177,164,2,267
SP0029,2025-02-01,321,1,0,0,322
SP0030,2025-02-01,216,150,154,1,211
SP0031,2025-02-01,422,123,116,1,428
SP0032,2025-02-01,686,38,13,0,711
SP0033,2025-02-01,384,137,132,2,387
SP0034,2025-02-01,555,263,250,1,567
SP0035,2025-02-01,219,133,130,0,222
SP0036,2025-02-01,333,3,0,0,336
SP0037,2025-02-01,322,112,115,1,318
SP0038,2025-02-01,457,179,165,0,471
SP0039,2025-02-01,277,0,0,0,277
SP0040,2025-02-01,639,43,18,1,663
SP0041,2025-02-01,237,193,172,0,258
SP0042,2025-02-01,344,255,217,2,380
SP0043,2025-02-01,567,127,113,0,581
SP0044,2025-02-01,490,105,108,0,487
SP0045,2025-02-01,241,220,195,1,265
SP0046,2025-02-01,184,128,114,1,197
SP0047,2025-02-01,327,202,210,2,317
SP0048,2025-02-01,301,267,246,2,320
SP0049,2025-02-01,129,10,0,0,139
SP0050,2025-02-01,187,1,0,0,188
SP0051,2025-02-01,404,33,15,0,422
SP0052,2025-02-01,349,244,218,1,374
SP0053,2025-02-01,442,259,238,2,461
SP0054,2025-02-01,508,31,13,1,525
SP0055,2025-02-01,508,45,14,1,538
SP0056,2025-02-01,413,248,228,2,431
SP0057,2025-02-01,256,0,0,0,256
SP0058,2025-02-01,485,53,30,0,508
SP0059,2025-02-01,401,8,1,0,408
SP0060,2025-02-01,490,31,12,0,509
SP0061,2025-02-01,531,249,250,2,528
SP0062,2025-02-01,433,148,126,2,453
SP0063,2025-02-01,464,1,0,0,465
SP0064,2025-02-01,368,46,26,0,388
SP0065,2025-02-01,484,180,155,1,508
SP0066,2025-02-01,305,206,204,0,307
SP0067,2025-02-01,224,274,258,1,239
SP0068,2025-02-01,553,46,25,0,574
SP0069,2025-02-01,255,0,0,0,255
SP0070,2025-02-01,193,106,94,1,204
SP0071,2025-02-01,631,277,271,1,636
SP0072,2025-02-01,431,230,211,1,449
SP0073,2025-02-01,244,18,2,0,260
SP0074,2025-02-01,529,30,11,0,548
SP0075,2025-02-01,418,55,22,1,450
SP0076,2025-02-01,160,225,196,3,186
SP0077,2025-02-01,248,204,174,3,275
SP0078,2025-02-01,520,172,163,2,527
SP0079,2025-02-01,396,149,148,1,396
SP0080,2025-02-01,452,42,21,1,472
SP0081,2025-02-01,566,21,7,0,580
SP0082,2025-02-01,222,4,0,0,226
SP0083,2025-02-01,350,3,0,0,353
SP0084,2025-02-01,360,277,253,3,381
SP0085,2025-02-01,224,42,22,0,244
SP0086,2025-02-01,558,8,0,0,566
SP0087,2025-02-01,515,38,13,1,539
SP0088,2025-02-01,385,210,184,1,410
SP0089,2025-02-01,339,151,129,2,359
SP0090,2025-02-01,348,156,158,0,346
SP0091,2025-02-01,179,7,0,0,186
SP0092,2025-02-01,456,247,249,1,453
SP0093,2025-02-01,451,155,138,0,468
SP0094,2025-02-01,592,15,6,0,601
SP0095,2025-02-01,278,185,178,2,283
SP0096,2025-02-01,525,199,171,1,552
SP0097,2025-02-01,487,248,237,3,495
SP0098,2025-02-01,594,38,18,0,614
SP0099,2025-02-01,268,133,116,2,283
SP0100,2025-02-01,317,40,21,0,336
SP0101,2025-02-01,345,107,111,0,341
SP0102,2025-02-01,386,14,7,0,393
SP0103,2025-02-01,391,125,117,2,397
SP0104,2025-02-01,379,133,129,0,383
SP0105,2025-02-01,602,30,13,0,619
SP0106,2025-02-01,397,122,116,1,402
SP0107,2025-02-01,314,160,163,1,310
SP0108,2025-02-01,107,248,213,2,140
SP0109,2025-02-01,477,37,14,0,500
SP0110,2025-02-01,445,243,209,1,478
SP0111,2025-02-01,397,36,17,0,416
SP0112,2025-02-01,414,253,257,4,406
SP0113,2025-02-01,257,217,187,1,286
SP0114,2025-02-01,313,172,149,2,334
SP0115,2025-02-01,514,181,182,2,511
SP0116,2025-02-01,179,161,140,0,200
SP0117,2025-02-01,182,209,196,2,193
SP0118,2025-02-01,295,142,126,1,310
SP0119,2025-02-01,486,12,1,0,497
SP0120,2025-02-01,443,216,202,3,454
SP0121,2025-02-01,247,184,168,1,262
SP0122,2025-02-01,560,46,14,0,592
SP0123,2025-02-01,244,127,112,1,258
SP0124,2025-02-01,396,134,125,3,402
SP0125,2025-02-01,429,28,11,0,446
SP0126,2025-02-01,469,8,0,0,477
SP0127,2025-02-01,509,136,126,1,518
SP0128,2025-02-01,216,12,1,0,227
SP0129,2025-02-01,524,176,184,1,515
SP0130,2025-02-01,487,122,115,2,492
SP0131,2025-02-01,249,202,171,1,279
SP0132,2025-02-01,126,3,0,0,129
SP0133,2025-02-01,214,261,257,2,216
SP0134,2025-02-01,189,202,179,2,210
SP0135,2025-02-01,519,128,115,1,531
SP0136,2025-02-01,259,248,255,1,251
SP0137,2025-02-01,280,123,126,0,277
SP0138,2025-02-01,281,248,255,1,273
SP0139,2025-02-01,184,208,202,4,186
SP0140,2025-02-01,236,142,139,2,237
SP0141,2025-02-01,389,196,197,2,386
SP0142,2025-02-01,512,171,158,0,525
SP0143,2025-02-01,526,132,117,2,539
SP0144,2025-02-01,250,142,130,1,261
SP0145,2025-02-01,271,16,9,0,278
SP0146,2025-02-01,264,192,177,1,278
SP0147,2025-02-01,400,48,17,1,430
SP0148,2025-02-01,592,224,229,2,585
SP0149,2025-02-01,502,200,195,1,506
SP0150,2025-02-01,343,223,212,1,353
SP0151,2025-02-01,172,267,231,2,206
SP0152,2025-02-01,228,278,263,3,240
SP0153,2025-02-01,332,174,178,1,327
SP0154,2025-02-01,221,153,142,1,231
SP0155,2025-02-01,425,165,148,1,441
SP0156,2025-02-01,548,133,131,1,549
SP0157,2025-02-01,376,143,129,2,388
SP0158,2025-02-01,388,261,237,3,409
SP0159,2025-02-01,303,270,258,1,314
SP0160,2025-02-01,724,27,11,0,740
SP0161,2025-02-01,331,200,188,1,342
SP0162,2025-02-01,313,19,7,0,325
SP0163,2025-02-01,122,127,110,1,138
SP0164,2025-02-01,229,221,224,0,226
SP0165,2025-02-01,487,41,22,0,506
SP0166,2025-02-01,176,11,0,0,187
SP0167,2025-02-01,341,182,167,1,355
SP0168,2025-02-01,444,241,227,1,457
SP0169,2025-02-01,427,46,22,0,451
SP0170,2025-02-01,336,31,11,0,356
SP0171,2025-02-01,425,236,227,1,433
SP0172,2025-02-01,479,193,167,0,505
SP0173,2025-02-01,527,210,191,2,544
SP0174,2025-02-01,583,151,130,1,603
SP0175,2025-02-01,233,196,188,1,240
SP0176,2025-02-01,388,147,140,1,394
SP0177,2025-02-01,478,247,255,2,468
SP0178,2025-02-01,537,24,10,0,551
SP0179,2025-02-01,403,169,144,1,427
SP0180,2025-02-01,473,272,251,0,494
SP0181,2025-02-01,592,55,32,0,615
SP0182,2025-02-01,381,51,22,1,409
SP0183,2025-02-01,536,231,204,3,560
SP0184,2025-02-01,133,262,269,4,122
SP0185,2025-02-01,175,173,157,0,191
SP0186,2025-02-01,195,253,238,1,209
SP0187,2025-02-01,92,261,230,3,120
SP0188,2025-02-01,119,175,180,3,111
SP0189,2025-02-01,526,173,168,1,530
SP0190,2025-02-01,281,116,113,1,283
SP0191,2025-02-01,601,260,229,1,631
SP0192,2025-02-01,224,267,244,1,246
SP0193,2025-02-01,579,139,133,1,584
SP0194,2025-02-01,271,172,170,2,271
SP0195,2025-02-01,74,105,106,1,72
SP0196,2025-02-01,688,14,8,0,694
SP0197,2025-02-01,615,260,249,0,626
SP0198,2025-02-01,535,21,7,0,549
SP0199,2025-02-01,597,46,20,1,622
SP0200,2025-02-01,317,254,242,0,329
SP0201,2025-02-01,172,263,233,1,201
SP0202,2025-02-01,543,184,169,1,557
SP0203,2025-02-01,201,171,175,1,196
SP0204,2025-02-01,420,35,17,0,438
SP0205,2025-02-01,204,221,191,0,234
SP0206,2025-02-01,356,116,115,1,356
SP0207,2025-02-01,490,190,192,2,486
SP0208,2025-02-01,251,124,118,1,256
SP0209,2025-02-01,383,214,194,3,400
SP0210,2025-02-01,106,210,185,1,130
SP0211,2025-02-01,273,249,248,3,271
SP0212,2025-02-01,265,13,0,0,278
SP0213,2025-02-01,389,215,182,1,421
SP0214,2025-02-01,294,213,211,2,294
SP0215,2025-02-01,122,127,110,2,137
SP0216,2025-02-01,327,167,142,3,349
SP0217,2025-02-01,262,124,112,1,273
SP0218,2025-02-01,300,256,248,2,306
SP0219,2025-02-01,348,132,123,2,355
SP0220,2025-02-01,339,163,149,1,352
SP0001,2025-03-01,309,53,16,0,346
SP0002,2025-03-01,545,270,246,2,567
SP0003,2025-03-01,421,158,144,1,434
SP0004,2025-03-01,122,8,1,0,129
SP0005,2025-03-01,381,196,166,1,410
SP0006,2025-03-01,542,281,291,0,532
SP0007,2025-03-01,415,242,238,3,416
SP0008,2025-03-01,515,121,123,0,513
SP0009,2025-03-01,486,244,211,0,519
SP0010,2025-03-01,176,175,164,0,187
SP0011,2025-03-01,559,212,220,1,550
SP0012,2025-03-01,288,301,293,4,292
SP0013,2025-03-01,448,60,21,1,486
SP0014,2025-03-01,540,277,266,1,550
SP0015,2025-03-01,311,9,1,0,319
SP0016,2025-03-01,301,222,204,0,319
SP0017,2025-03-01,492,292,250,1,533
SP0018,2025-03-01,373,30,14,0,389
SP0019,2025-03-01,548,178,157,2,567
SP0020,2025-03-01,517,2,0,0,519
SP0021,2025-03-01,463,281,271,1,472
SP0022,2025-03-01,492,13,0,0,505
SP0023,2025-03-01,203,198,193,3,205
SP0024,2025-03-01,416,45,23,0,438
SP0025,2025-03-01,205,235,234,1,205
SP0026,2025-03-01,103,18,0,0,121
SP0027,2025-03-01,571,157,156,2,570
SP0028,2025-03-01,267,313,319,4,257
SP0029,2025-03-01,322,17,2,0,337
SP0030,2025-03-01,211,280,250,0,241
SP0031,2025-03-01,428,122,104,1,445
SP0032,2025-03-01,711,21,12,0,720
SP0033,2025-03-01,387,226,234,3,376
SP0034,2025-03-01,567,239,216,1,589
SP0035,2025-03-01,222,259,241,1,239
SP0036,2025-03-01,336,5,0,0,341
SP0037,2025-03-01,318,310,265,3,360
SP0038,2025-03-01,471,213,217,0,467
SP0039,2025-03-01,277,9,1,0,285
SP0040,2025-03-01,663,33,15,0,681
SP0041,2025-03-01,258,230,199,1,288
SP0042,2025-03-01,380,195,196,2,377
SP0043,2025-03-01,581,220,206,0,595
SP0044,2025-03-01,487,304,295,1,495
SP0045,2025-03-01,265,233,199,2,297
SP0046,2025-03-01,197,196,185,2,206
SP0047,2025-03-01,317,303,308,2,310
SP0048,2025-03-01,320,181,172,2,327
SP0049,2025-03-01,139,0,0,0,139
SP0050,2025-03-01,188,4,0,0,192
SP0051,2025-03-01,422,34,11,1,444
SP0052,2025-03-01,374,242,205,2,409
SP0053,2025-03-01,461,307,280,4,484
SP0054,2025-03-01,525,40,22,0,543
SP0055,2025-03-01,538,23,9,0,552
SP0056,2025-03-01,431,272,280,1,422
SP0057,2025-03-01,256,7,0,0,263
SP0058,2025-03-01,508,20,10,0,518
SP0059,2025-03-01,408,9,0,0,417
SP0060,2025-03-01,509,47,24,0,532
SP0061,2025-03-01,528,144,123,1,548
SP0062,2025-03-01,453,310,263,2,498
SP0063,2025-03-01,465,1,0,0,466
SP0064,2025-03-01,388,32,12,0,408
SP0065,2025-03-01,508,278,271,1,514
SP0066,2025-03-01,307,168,158,0,317
SP0067,2025-03-01,239,241,251,1,228
SP0068,2025-03-01,574,57,31,1,599
SP0069,2025-03-01,255,0,0,0,255
SP0070,2025-03-01,204,185,173,2,214
SP0071,2025-03-01,636,310,286,1,659
SP0072,2025-03-01,449,170,156,1,462
SP0073,2025-03-01,260,9,0,0,269
SP0074,2025-03-01,548,33,15,0,566
SP0075,2025-03-01,450,54,21,1,482
SP0076,2025-03-01,186,253,231,2,206
SP0077,2025-03-01,275,259,263,4,267
SP0078,2025-03-01,527,281,289,3,516
SP0079,2025-03-01,396,219,213,1,401
SP0080,2025-03-01,472,57,25,0,504
SP0081,2025-03-01,580,41,17,0,604
SP0082,2025-03-01,226,17,0,0,243
SP0083,2025-03-01,353,1,0,0,354
SP0084,2025-03-01,381,216,225,3,369
SP0085,2025-03-01,244,39,18,1,264
SP0086,2025-03-01,566,0,0,0,566
SP0087,2025-03-01,539,30,12,1,556
SP0088,2025-03-01,410,131,126,2,413
SP0089,2025-03-01,359,274,238,3,392
SP0090,2025-03-01,346,262,259,1,348
SP0091,2025-03-01,186,5,0,0,191
SP0092,2025-03-01,453,201,173,1,480
SP0093,2025-03-01,468,232,204,0,496
SP0094,2025-03-01,601,16,6,0,611
SP0095,2025-03-01,283,169,147,3,302
SP0096,2025-03-01,552,182,160,1,573
SP0097,2025-03-01,495,173,156,2,510
SP0098,2025-03-01,614,35,12,0,637
SP0099,2025-03-01,283,175,164,2,292
SP0100,2025-03-01,336,56,31,1,360
SP0101,2025-03-01,341,122,119,0,344
SP0102,2025-03-01,393,25,14,0,404
SP0103,2025-03-01,397,161,157,2,399
SP0104,2025-03-01,383,157,156,1,383
SP0105,2025-03-01,619,31,11,0,639
SP0106,2025-03-01,402,218,202,4,414
SP0107,2025-03-01,310,171,159,0,322
SP0108,2025-03-01,140,174,152,2,160
SP0109,2025-03-01,500,32,15,0,517
SP0110,2025-03-01,478,195,173,1,499
SP0111,2025-03-01,416,62,31,0,447
SP0112,2025-03-01,406,204,212,2,396
SP0113,2025-03-01,286,251,258,1,278
SP0114,2025-03-01,334,262,270,1,325
SP0115,2025-03-01,511,130,134,1,506
SP0116,2025-03-01,200,278,252,1,225
SP0117,2025-03-01,193,171,166,1,197
SP0118,2025-03-01,310,163,167,1,305
SP0119,2025-03-01,497,19,2,0,514
SP0120,2025-03-01,454,200,182,3,469
SP0121,2025-03-01,262,303,280,2,283
SP0122,2025-03-01,592,43,25,0,610
SP0123,2025-03-01,258,282,282,1,257
SP0124,2025-03-01,402,214,223,2,391
SP0125,2025-03-01,446,36,11,0,471
SP0126,2025-03-01,477,4,0,0,481
SP0127,2025-03-01,518,277,239,1,555
SP0128,2025-03-01,227,0,0,0,227
SP0129,2025-03-01,515,299,255,2,557
SP0130,2025-03-01,492,175,183,1,483
SP0131,2025-03-01,279,190,180,1,288
SP0132,2025-03-01,129,1,0,0,130
SP0133,2025-03-01,216,173,152,2,235
SP0134,2025-03-01,210,157,139,2,226
SP0135,2025-03-01,531,156,158,0,529
SP0136,2025-03-01,251,226,224,1,252
SP0137,2025-03-01,277,196,185,1,287
SP0138,2025-03-01,273,177,177,1,272
SP0139,2025-03-01,186,149,154,2,179
SP0140,2025-03-01,237,207,213,3,228
SP0141,2025-03-01,386,278,284,3,377
SP0142,2025-03-01,525,296,279,1,541
SP0143,2025-03-01,539,212,185,2,564
SP0144,2025-03-01,261,124,111,2,272
SP0145,2025-03-01,278,47,23,1,301
SP0146,2025-03-01,278,147,140,1,284
SP0147,2025-03-01,430,53,23,1,459
SP0148,2025-03-01,585,197,184,2,596
SP0149,2025-03-01,506,189,192,0,503
SP0150,2025-03-01,353,192,194,2,349
SP0151,2025-03-01,206,144,141,1,208
SP0152,2025-03-01,240,168,173,2,233
SP0153,2025-03-01,327,179,177,2,327
SP0154,2025-03-01,231,181,182,1,229
SP0155,2025-03-01,441,175,167,1,448
SP0156,2025-03-01,549,196,174,1,570
SP0157,2025-03-01,388,233,234,3,384
SP0158,2025-03-01,409,281,271,3,416
SP0159,2025-03-01,314,141,140,0,315
SP0160,2025-03-01,740,42,16,0,766
SP0161,2025-03-01,342,284,266,1,359
SP0162,2025-03-01,325,40,15,0,350
SP0163,2025-03-01,138,251,252,2,135
SP0164,2025-03-01,226,192,198,0,220
SP0165,2025-03-01,506,29,8,0,527
SP0166,2025-03-01,187,3,0,0,190
SP0167,2025-03-01,355,315,275,3,392
SP0168,2025-03-01,457,184,166,2,473
SP0169,2025-03-01,451,45,23,0,473
SP0170,2025-03-01,356,44,18,1,381
SP0171,2025-03-01,433,315,313,2,433
SP0172,2025-03-01,505,242,231,0,516
SP0173,2025-03-01,544,174,150,1,567
SP0174,2025-03-01,603,125,114,0,614
SP0175,2025-03-01,240,262,234,1,267
SP0176,2025-03-01,394,137,134,2,395
SP0177,2025-03-01,468,314,268,3,511
SP0178,2025-03-01,551,31,14,0,568
SP0179,2025-03-01,427,148,147,2,426
SP0180,2025-03-01,494,195,167,0,522
SP0181,2025-03-01,615,52,19,0,648
SP0182,2025-03-01,409,42,24,0,427
SP0183,2025-03-01,560,199,171,3,585
SP0184,2025-03-01,122,154,135,2,139
SP0185,2025-03-01,191,310,307,2,192
SP0186,2025-03-01,209,242,208,0,243
SP0187,2025-03-01,120,167,166,1,120
SP0188,2025-03-01,111,237,207,4,137
SP0189,2025-03-01,530,234,208,1,555
SP0190,2025-03-01,283,286,275,1,293
SP0191,2025-03-01,631,244,243,2,630
SP0192,2025-03-01,246,270,244,0,272
SP0193,2025-03-01,584,288,286,3,583
SP0194,2025-03-01,271,250,245,2,274
SP0195,2025-03-01,72,229,213,2,86
SP0196,2025-03-01,694,32,13,1,712
SP0197,2025-03-01,626,129,129,1,625
SP0198,2025-03-01,549,27,14,0,562
SP0199,2025-03-01,622,21,11,0,632
SP0200,2025-03-01,329,212,196,1,344
SP0201,2025-03-01,201,273,259,0,215
SP0202,2025-03-01,557,230,227,1,559
SP0203,2025-03-01,196,284,296,1,183
SP0204,2025-03-01,438,25,13,0,450
SP0205,2025-03-01,234,190,182,1,241
SP0206,2025-03-01,356,212,194,1,373
SP0207,2025-03-01,486,145,127,0,504
SP0208,2025-03-01,256,298,278,5,271
SP0209,2025-03-01,400,124,115,1,408
SP0210,2025-03-01,130,271,273,1,127
SP0211,2025-03-01,271,140,128,2,281
SP0212,2025-03-01,278,2,0,0,280
SP0213,2025-03-01,421,123,113,0,431
SP0214,2025-03-01,294,301,298,3,294
SP0215,2025-03-01,137,288,282,5,138
SP0216,2025-03-01,349,184,172,1,360
SP0217,2025-03-01,273,276,267,2,280
SP0218,2025-03-01,306,123,106,0,323
SP0219,2025-03-01,355,242,220,3,374
SP0220,2025-03-01,352,200,180,1,371
SP0001,2025-04-01,346,36,20,0,362
SP0002,2025-04-01,567,248,241,1,573
SP0003,2025-04-01,434,183,177,1,439
SP0004,2025-04-01,129,15,0,0,144
SP0005,2025-04-01,410,276,269,3,414
SP0006,2025-04-01,532,176,179,0,529
SP0007,2025-04-01,416,249,247,2,416
SP0008,2025-04-01,513,289,265,0,537
SP0009,2025-04-01,519,196,180,0,535
SP0010,2025-04-01,187,237,222,1,201
SP0011,2025-04-01,550,218,190,1,577
SP0012,2025-04-01,292,178,176,1,293
SP0013,2025-04-01,486,63,28,1,520
SP0014,2025-04-01,550,316,318,0,548
SP0015,2025-04-01,319,3,0,0,322
SP0016,2025-04-01,319,253,241,0,331
SP0017,2025-04-01,533,195,181,1,546
SP0018,2025-04-01,389,19,7,0,401
SP0019,2025-04-01,567,165,141,1,590
SP0020,2025-04-01,519,0,0,0,519
SP0021,2025-04-01,472,248,219,1,500
SP0022,2025-04-01,505,15,1,0,519
SP0023,2025-04-01,205,265,256,4,210
SP0024,2025-04-01,438,39,18,0,459
SP0025,2025-04-01,205,350,321,2,232
SP0026,2025-04-01,121,0,0,0,121
SP0027,2025-04-01,570,204,207,2,565
SP0028,2025-04-01,257,192,179,2,268
SP0029,2025-04-01,337,8,0,0,345
SP0030,2025-04-01,241,254,257,0,238
SP0031,2025-04-01,445,176,178,0,443
SP0032,2025-04-01,720,41,22,0,739
SP0033,2025-04-01,376,332,313,4,391
SP0034,2025-04-01,589,199,170,3,615
SP0035,2025-04-01,239,338,299,1,277
SP0036,2025-04-01,341,17,1,0,357
SP0037,2025-04-01,360,171,155,1,375
SP0038,2025-04-01,467,331,347,1,450
SP0039,2025-04-01,285,0,0,0,285
SP0040,2025-04-01,681,30,11,1,699
SP0041,2025-04-01,288,167,167,0,288
SP0042,2025-04-01,377,300,263,5,409
SP0043,2025-04-01,595,359,360,1,593
SP0044,2025-04-01,495,311,289,1,516
SP0045,2025-04-01,297,190,199,2,286
SP0046,2025-04-01,206,235,225,2,214
SP0047,2025-04-01,310,161,157,1,313
SP0048,2025-04-01,327,256,232,2,349
SP0049,2025-04-01,139,14,0,0,153
SP0050,2025-04-01,192,6,0,0,198
SP0051,2025-04-01,444,54,21,0,477
SP0052,2025-04-01,409,188,171,2,424
SP0053,2025-04-01,484,318,289,4,509
SP0054,2025-04-01,543,20,8,0,555
SP0055,2025-04-01,552,23,10,0,565
SP0056,2025-04-01,422,204,197,2,427
SP0057,2025-04-01,263,14,1,0,276
SP0058,2025-04-01,518,49,24,0,543
SP0059,2025-04-01,417,2,0,0,419
SP0060,2025-04-01,532,58,30,0,560
SP0061,2025-04-01,548,205,183,2,568
SP0062,2025-04-01,498,166,159,3,502
SP0063,2025-04-01,466,19,2,0,483
SP0064,2025-04-01,408,20,9,0,419
SP0065,2025-04-01,514,318,273,0,559
SP0066,2025-04-01,317,255,225,1,346
SP0067,2025-04-01,228,145,149,1,223
SP0068,2025-04-01,599,55,22,0,632
SP0069,2025-04-01,255,9,0,0,264
SP0070,2025-04-01,214,205,191,1,227
SP0071,2025-04-01,659,246,234,1,670
SP0072,2025-04-01,462,228,234,1,455
SP0073,2025-04-01,269,19,2,0,286
SP0074,2025-04-01,566,51,21,0,596
SP0075,2025-04-01,482,26,13,0,495
SP0076,2025-04-01,206,150,127,1,228
SP0077,2025-04-01,267,339,320,6,280
SP0078,2025-04-01,516,257,261,2,510
SP0079,2025-04-01,401,273,267,2,405
SP0080,2025-04-01,504,43,15,0,532
SP0081,2025-04-01,604,69,30,0,643
SP0082,2025-04-01,243,18,1,0,260
SP0083,2025-04-01,354,18,1,0,371
SP0084,2025-04-01,369,273,254,4,384
SP0085,2025-04-01,264,36,11,0,289
SP0086,2025-04-01,566,19,0,0,585
SP0087,2025-04-01,556,55,22,1,588
SP0088,2025-04-01,413,260,267,3,403
SP0089,2025-04-01,392,359,357,4,390
SP0090,2025-04-01,348,359,375,1,331
SP0091,2025-04-01,191,1,0,0,192
SP0092,2025-04-01,480,217,205,0,492
SP0093,2025-04-01,496,154,158,1,491
SP0094,2025-04-01,611,31,18,1,623
SP0095,2025-04-01,302,254,256,4,296
SP0096,2025-04-01,573,148,151,0,570
SP0097,2025-04-01,510,261,226,3,542
SP0098,2025-04-01,637,52,19,1,669
SP0099,2025-04-01,292,272,256,3,305
SP0100,2025-04-01,360,20,6,0,374
SP0101,2025-04-01,344,244,247,1,340
SP0102,2025-04-01,404,27,15,0,416
SP0103,2025-04-01,399,292,248,4,439
SP0104,2025-04-01,383,334,284,2,431
SP0105,2025-04-01,639,43,20,0,662
SP0106,2025-04-01,414,198,203,3,406
SP0107,2025-04-01,322,338,290,1,369
SP0108,2025-04-01,160,314,318,3,153
SP0109,2025-04-01,517,69,31,0,555
SP0110,2025-04-01,499,146,128,1,516
SP0111,2025-04-01,447,27,12,0,462
SP0112,2025-04-01,396,142,128,1,409
SP0113,2025-04-01,278,182,169,1,290
SP0114,2025-04-01,325,324,279,3,367
SP0115,2025-04-01,506,295,280,2,519
SP0116,2025-04-01,225,189,175,1,238
SP0117,2025-04-01,197,338,289,2,244
SP0118,2025-04-01,305,290,289,1,305
SP0119,2025-04-01,514,14,0,0,528
SP0120,2025-04-01,469,347,315,1,500
SP0121,2025-04-01,283,267,278,2,270
SP0122,2025-04-01,610,28,12,0,626
SP0123,2025-04-01,257,230,220,3,264
SP0124,2025-04-01,391,356,365,7,375
SP0125,2025-04-01,471,50,23,1,497
SP0126,2025-04-01,481,11,0,0,492
SP0127,2025-04-01,555,151,145,1,560
SP0128,2025-04-01,227,17,0,0,244
SP0129,2025-04-01,557,325,299,2,581
SP0130,2025-04-01,483,308,272,5,514
SP0131,2025-04-01,288,333,340,1,280
SP0132,2025-04-01,130,1,0,0,131
SP0133,2025-04-01,235,210,210,3,232
SP0134,2025-04-01,226,251,243,2,232
SP0135,2025-04-01,529,269,260,0,538
SP0136,2025-04-01,252,282,258,1,275
SP0137,2025-04-01,287,326,328,0,285
SP0138,2025-04-01,272,296,266,1,301
SP0139,2025-04-01,179,287,252,4,210
SP0140,2025-04-01,228,339,343,3,221
SP0141,2025-04-01,377,280,283,4,370
SP0142,2025-04-01,541,358,313,2,584
SP0143,2025-04-01,564,204,209,3,556
SP0144,2025-04-01,272,189,184,2,275
SP0145,2025-04-01,301,25,8,0,318
SP0146,2025-04-01,284,166,150,1,299
SP0147,2025-04-01,459,30,15,0,474
SP0148,2025-04-01,596,245,254,1,586
SP0149,2025-04-01,503,270,262,0,511
SP0150,2025-04-01,349,350,335,2,362
SP0151,2025-04-01,208,241,210,3,236
SP0152,2025-04-01,233,189,196,3,223
SP0153,2025-04-01,327,277,271,3,330
SP0154,2025-04-01,229,349,324,2,252
SP0155,2025-04-01,448,260,226,3,479
SP0156,2025-04-01,570,359,375,5,549
SP0157,2025-04-01,384,137,142,1,378
SP0158,2025-04-01,416,152,132,2,434
SP0159,2025-04-01,315,299,292,1,321
SP0160,2025-04-01,766,66,20,1,811
SP0161,2025-04-01,359,323,304,2,376
SP0162,2025-04-01,350,61,26,0,385
SP0163,2025-04-01,135,158,163,1,129
SP0164,2025-04-01,220,170,154,0,236
SP0165,2025-04-01,527,30,12,0,545
SP0166,2025-04-01,190,5,0,0,195
SP0167,2025-04-01,392,241,236,1,396
SP0168,2025-04-01,473,321,286,1,507
SP0169,2025-04-01,473,25,10,0,488
SP0170,2025-04-01,381,34,11,1,403
SP0171,2025-04-01,433,278,247,2,462
SP0172,2025-04-01,516,333,338,1,510
SP0173,2025-04-01,567,262,259,3,567
SP0174,2025-04-01,614,277,289,1,601
SP0175,2025-04-01,267,307,311,1,262
SP0176,2025-04-01,395,168,158,3,402
SP0177,2025-04-01,511,307,274,2,542
SP0178,2025-04-01,568,64,30,1,601
SP0179,2025-04-01,426,174,181,1,418
SP0180,2025-04-01,522,215,204,1,532
SP0181,2025-04-01,648,39,18,0,669
SP0182,2025-04-01,427,56,33,0,450
SP0183,2025-04-01,585,211,207,3,586
SP0184,2025-04-01,139,222,222,4,135
SP0185,2025-04-01,192,217,195,2,212
SP0186,2025-04-01,243,220,198,1,264
SP0187,2025-04-01,120,262,246,3,133
SP0188,2025-04-01,137,305,275,2,165
SP0189,2025-04-01,555,287,286,1,555
SP0190,2025-04-01,293,298,277,2,312
SP0191,2025-04-01,630,174,182,0,622
SP0192,2025-04-01,272,341,297,1,315
SP0193,2025-04-01,583,312,308,2,585
SP0194,2025-04-01,274,242,224,5,287
SP0195,2025-04-01,86,319,319,6,80
SP0196,2025-04-01,712,22,9,0,725
SP0197,2025-04-01,625,351,364,1,611
SP0198,2025-04-01,562,41,19,0,584
SP0199,2025-04-01,632,55,29,1,657
SP0200,2025-04-01,344,171,157,1,357
SP0201,2025-04-01,215,272,274,1,212
SP0202,2025-04-01,559,153,158,0,554
SP0203,2025-04-01,183,149,127,0,205
SP0204,2025-04-01,450,18,5,0,463
SP0205,2025-04-01,241,334,311,2,262
SP0206,2025-04-01,373,161,159,1,374
SP0207,2025-04-01,504,263,272,2,493
SP0208,2025-04-01,271,256,234,3,290
SP0209,2025-04-01,408,179,168,3,416
SP0210,2025-04-01,127,276,240,1,162
SP0211,2025-04-01,281,327,300,2,306
SP0212,2025-04-01,280,15,1,0,294
SP0213,2025-04-01,431,259,220,2,468
SP0214,2025-04-01,294,311,284,1,320
SP0215,2025-04-01,138,184,187,2,133
SP0216,2025-04-01,360,210,190,4,376
SP0217,2025-04-01,280,185,189,1,275
SP0218,2025-04-01,323,229,195,3,354
SP0219,2025-04-01,374,322,307,4,385
SP0220,2025-04-01,371,184,170,2,383
SP0001,2025-05-01,362,37,12,0,387
SP0002,2025-05-01,573,272,285,1,559
SP0003,2025-05-01,439,218,186,1,470
SP0004,2025-05-01,144,7,0,0,151
SP0005,2025-05-01,414,251,249,3,413
SP0006,2025-05-01,529,246,215,1,559
SP0007,2025-05-01,416,306,313,4,405
SP0008,2025-05-01,537,196,180,1,552
SP0009,2025-05-01,535,350,330,2,553
SP0010,2025-05-01,201,237,241,0,197
SP0011,2025-05-01,577,188,168,2,595
SP0012,2025-05-01,293,155,148,3,297
SP0013,2025-05-01,520,59,31,1,547
SP0014,2025-05-01,548,364,319,1,592
SP0015,2025-05-01,322,3,0,0,325
SP0016,2025-05-01,331,305,282,1,353
SP0017,2025-05-01,546,305,271,2,578
SP0018,2025-05-01,401,64,28,0,437
SP0019,2025-05-01,590,202,185,3,604
SP0020,2025-05-01,519,5,0,0,524
SP0021,2025-05-01,500,326,290,3,533
SP0022,2025-05-01,519,14,0,0,533
SP0023,2025-05-01,210,336,333,3,210
SP0024,2025-05-01,459,41,14,1,485
SP0025,2025-05-01,232,152,135,1,248
SP0026,2025-05-01,121,3,0,0,124
SP0027,2025-05-01,565,170,149,2,584
SP0028,2025-05-01,268,180,157,1,290
SP0029,2025-05-01,345,16,2,0,359
SP0030,2025-05-01,238,359,325,0,272
SP0031,2025-05-01,443,376,340,2,477
SP0032,2025-05-01,739,43,14,0,768
SP0033,2025-05-01,391,156,141,3,403
SP0034,2025-05-01,615,178,176,2,615
SP0035,2025-05-01,277,231,223,0,285
SP0036,2025-05-01,357,19,1,0,375
SP0037,2025-05-01,375,146,131,2,388
SP0038,2025-05-01,450,211,193,0,468
SP0039,2025-05-01,285,14,1,0,298
SP0040,2025-05-01,699,41,13,1,726
SP0041,2025-05-01,288,336,294,1,329
SP0042,2025-05-01,409,242,239,2,410
SP0043,2025-05-01,593,149,150,1,591
SP0044,2025-05-01,516,161,156,0,521
SP0045,2025-05-01,286,295,291,2,288
SP0046,2025-05-01,214,157,139,1,231
SP0047,2025-05-01,313,241,223,3,328
SP0048,2025-05-01,349,255,227,1,376
SP0049,2025-05-01,153,1,0,0,154
SP0050,2025-05-01,198,13,0,0,211
SP0051,2025-05-01,477,74,34,1,516
SP0052,2025-05-01,424,269,240,1,452
SP0053,2025-05-01,509,255,237,4,523
SP0054,2025-05-01,555,75,30,1,599
SP0055,2025-05-01,565,71,24,1,611
SP0056,2025-05-01,427,248,223,1,451
SP0057,2025-05-01,276,19,2,0,293
SP0058,2025-05-01,543,27,11,0,559
SP0059,2025-05-01,419,14,0,0,433
SP0060,2025-05-01,560,50,18,0,592
SP0061,2025-05-01,568,284,295,2,555
SP0062,2025-05-01,502,181,170,3,510
SP0063,2025-05-01,483,7,0,0,490
SP0064,2025-05-01,419,30,17,0,432
SP0065,2025-05-01,559,297,273,1,582
SP0066,2025-05-01,346,339,289,0,396
SP0067,2025-05-01,223,239,215,2,245
SP0068,2025-05-01,632,22,12,0,642
SP0069,2025-05-01,264,7,0,0,271
SP0070,2025-05-01,227,224,203,3,245
SP0071,2025-05-01,670,354,342,0,682
SP0072,2025-05-01,455,373,339,1,488
SP0073,2025-05-01,286,15,0,0,301
SP0074,2025-05-01,596,33,14,0,615
SP0075,2025-05-01,495,27,10,0,512
SP0076,2025-05-01,228,272,259,3,238
SP0077,2025-05-01,280,211,216,3,272
SP0078,2025-05-01,510,210,207,1,512
SP0079,2025-05-01,405,145,131,1,418
SP0080,2025-05-01,532,44,23,0,553
SP0081,2025-05-01,643,37,19,0,661
SP0082,2025-05-01,260,9,1,0,268
SP0083,2025-05-01,371,0,0,0,371
SP0084,2025-05-01,384,197,197,3,381
SP0085,2025-05-01,289,42,14,0,317
SP0086,2025-05-01,585,4,0,0,589
SP0087,2025-05-01,588,21,12,0,597
SP0088,2025-05-01,403,165,151,2,415
SP0089,2025-05-01,390,158,144,2,402
SP0090,2025-05-01,331,376,390,1,316
SP0091,2025-05-01,192,16,0,0,208
SP0092,2025-05-01,492,349,335,1,505
SP0093,2025-05-01,491,247,231,0,507
SP0094,2025-05-01,623,36,14,0,645
SP0095,2025-05-01,296,236,245,4,283
SP0096,2025-05-01,570,198,198,1,569
SP0097,2025-05-01,542,168,163,3,544
SP0098,2025-05-01,669,63,31,1,700
SP0099,2025-05-01,305,169,152,2,320
SP0100,2025-05-01,374,55,29,1,399
SP0101,2025-05-01,340,220,193,1,366
SP0102,2025-05-01,416,62,27,0,451
SP0103,2025-05-01,439,189,185,1,442
SP0104,2025-05-01,431,199,170,1,459
SP0105,2025-05-01,662,62,34,0,690
SP0106,2025-05-01,406,353,318,6,435
SP0107,2025-05-01,369,339,294,1,413
SP0108,2025-05-01,153,257,224,3,183
SP0109,2025-05-01,555,30,17,0,568
SP0110,2025-05-01,516,191,181,1,525
SP0111,2025-05-01,462,32,13,0,481
SP0112,2025-05-01,409,324,305,3,425
SP0113,2025-05-01,290,363,334,5,314
SP0114,2025-05-01,367,175,169,1,372
SP0115,2025-05-01,519,165,142,2,540
SP0116,2025-05-01,238,280,280,1,237
SP0117,2025-05-01,244,323,279,1,287
SP0118,2025-05-01,305,209,197,1,316
SP0119,2025-05-01,528,4,0,0,532
SP0120,2025-05-01,500,351,338,3,510
SP0121,2025-05-01,270,258,268,3,257
SP0122,2025-05-01,626,36,18,0,644
SP0123,2025-05-01,264,306,293,5,272
SP0124,2025-05-01,375,257,258,4,370
SP0125,2025-05-01,497,32,11,0,518
SP0126,2025-05-01,492,5,0,0,497
SP0127,2025-05-01,560,307,277,1,589
SP0128,2025-05-01,244,13,1,0,256
SP0129,2025-05-01,581,300,270,2,609
SP0130,2025-05-01,514,379,330,5,558
SP0131,2025-05-01,280,245,250,1,274
SP0132,2025-05-01,131,9,0,0,140
SP0133,2025-05-01,232,267,246,3,250
SP0134,2025-05-01,232,224,215,2,239
SP0135,2025-05-01,538,369,365,0,542
SP0136,2025-05-01,275,353,335,1,292
SP0137,2025-05-01,285,329,335,1,278
SP0138,2025-05-01,301,350,334,2,315
SP0139,2025-05-01,210,360,346,7,217
SP0140,2025-05-01,221,204,180,1,244
SP0141,2025-05-01,370,317,288,5,394
SP0142,2025-05-01,584,150,151,0,583
SP0143,2025-05-01,556,371,323,6,598
SP0144,2025-05-01,275,271,274,3,269
SP0145,2025-05-01,318,38,13,1,342
SP0146,2025-05-01,299,202,200,1,300
SP0147,2025-05-01,474,33,15,0,492
SP0148,2025-05-01,586,168,164,1,589
SP0149,2025-05-01,511,204,182,1,532
SP0150,2025-05-01,362,159,164,1,356
SP0151,2025-05-01,236,181,187,2,228
SP0152,2025-05-01,223,258,229,4,248
SP0153,2025-05-01,330,351,314,4,363
SP0154,2025-05-01,252,236,220,2,266
SP0155,2025-05-01,479,257,260,3,473
SP0156,2025-05-01,549,150,155,1,543
SP0157,2025-05-01,378,149,145,2,380
SP0158,2025-05-01,434,321,312,1,442
SP0159,2025-05-01,321,358,353,2,324
SP0160,2025-05-01,811,33,16,0,828
SP0161,2025-05-01,376,277,253,4,396
SP0162,2025-05-01,385,44,14,0,415
SP0163,2025-05-01,129,339,337,2,129
SP0164,2025-05-01,236,244,227,1,252
SP0165,2025-05-01,545,66,32,0,579
SP0166,2025-05-01,195,10,1,0,204
SP0167,2025-05-01,396,280,277,2,397
SP0168,2025-05-01,507,186,187,1,505
SP0169,2025-05-01,488,19,8,0,499
SP0170,2025-05-01,403,47,24,0,426
SP0171,2025-05-01,462,308,274,1,495
SP0172,2025-05-01,510,168,172,0,506
SP0173,2025-05-01,567,158,146,1,578
SP0174,2025-05-01,601,149,128,0,622
SP0175,2025-05-01,262,271,261,1,271
SP0176,2025-05-01,402,330,316,2,414
SP0177,2025-05-01,542,334,325,4,547
SP0178,2025-05-01,601,53,20,0,634
SP0179,2025-05-01,418,324,279,3,460
SP0180,2025-05-01,532,188,170,0,550
SP0181,2025-05-01,669,67,25,0,711
SP0182,2025-05-01,450,50,16,0,484
SP0183,2025-05-01,586,250,241,4,591
SP0184,2025-05-01,135,364,310,5,184
SP0185,2025-05-01,212,227,224,1,214
SP0186,2025-05-01,264,276,282,1,257
SP0187,2025-05-01,133,369,335,3,164
SP0188,2025-05-01,165,208,205,3,165
SP0189,2025-05-01,555,301,292,3,561
SP0190,2025-05-01,312,221,188,1,344
SP0191,2025-05-01,622,352,342,2,630
SP0192,2025-05-01,315,281,273,1,322
SP0193,2025-05-01,585,353,332,2,604
SP0194,2025-05-01,287,345,311,7,314
SP0195,2025-05-01,80,262,252,2,88
SP0196,2025-05-01,725,72,25,1,771
SP0197,2025-05-01,611,227,222,0,616
SP0198,2025-05-01,584,44,17,0,611
SP0199,2025-05-01,657,49,22,0,684
SP0200,2025-05-01,357,151,130,0,378
SP0201,2025-05-01,212,370,373,1,208
SP0202,2025-05-01,554,187,186,0,555
SP0203,2025-05-01,205,222,229,1,197
SP0204,2025-05-01,463,26,15,0,474
SP0205,2025-05-01,262,169,160,1,270
SP0206,2025-05-01,374,175,164,1,384
SP0207,2025-05-01,493,238,221,2,508
SP0208,2025-05-01,290,207,196,2,299
SP0209,2025-05-01,416,182,186,2,410
SP0210,2025-05-01,162,285,288,2,157
SP0211,2025-05-01,306,192,186,2,310
SP0212,2025-05-01,294,2,0,0,296
SP0213,2025-05-01,468,346,335,2,477
SP0214,2025-05-01,320,348,358,1,309
SP0215,2025-05-01,133,311,299,2,143
SP0216,2025-05-01,376,300,303,4,369
SP0217,2025-05-01,275,269,266,2,276
SP0218,2025-05-01,354,329,317,3,363
SP0219,2025-05-01,385,324,280,4,425
SP0220,2025-05-01,383,352,350,1,384
SP0001,2025-06-01,387,40,21,0,406
SP0002,2025-06-01,559,215,219,1,554
SP0003,2025-06-01,470,204,185,2,487
SP0004,2025-06-01,151,6,0,0,157
SP0005,2025-06-01,413,151,130,1,433
SP0006,2025-06-01,559,325,278,1,605
SP0007,2025-06-01,405,246,248,3,400
SP0008,2025-06-01,552,167,146,0,573
SP0009,2025-06-01,553,166,161,0,558
SP0010,2025-06-01,197,155,131,1,220
SP0011,2025-06-01,595,184,175,1,603
SP0012,2025-06-01,297,305,261,4,337
SP0013,2025-06-01,547,57,20,0,584
SP0014,2025-06-01,592,288,276,1,603
SP0015,2025-06-01,325,7,0,0,332
SP0016,2025-06-01,353,313,325,0,341
SP0017,2025-06-01,578,155,133,1,599
SP0018,2025-06-01,437,70,30,0,477
SP0019,2025-06-01,604,362,347,3,616
SP0020,2025-06-01,524,1,0,0,525
SP0021,2025-06-01,533,373,337,2,567
SP0022,2025-06-01,533,3,0,0,536
SP0023,2025-06-01,210,221,224,1,206
SP0024,2025-06-01,485,72,34,1,522
SP0025,2025-06-01,248,240,213,2,273
SP0026,2025-06-01,124,6,0,0,130
SP0027,2025-06-01,584,192,171,1,604
SP0028,2025-06-01,290,247,256,1,280
SP0029,2025-06-01,359,16,0,0,375
SP0030,2025-06-01,272,200,203,0,269
SP0031,2025-06-01,477,351,342,3,483
SP0032,2025-06-01,768,31,12,0,787
SP0033,2025-06-01,403,250,249,1,403
SP0034,2025-06-01,615,325,318,1,621
SP0035,2025-06-01,285,158,142,0,301
SP0036,2025-06-01,375,4,0,0,379
SP0037,2025-06-01,388,243,239,3,389
SP0038,2025-06-01,468,182,185,0,465
SP0039,2025-06-01,298,17,1,0,314
SP0040,2025-06-01,726,38,16,0,748
SP0041,2025-06-01,329,165,169,0,325
SP0042,2025-06-01,410,329,329,6,404
SP0043,2025-06-01,591,368,333,0,626
SP0044,2025-06-01,521,337,338,1,519
SP0045,2025-06-01,288,220,189,1,318
SP0046,2025-06-01,231,190,168,1,252
SP0047,2025-06-01,328,365,324,3,366
SP0048,2025-06-01,376,385,391,2,368
SP0049,2025-06-01,154,10,0,0,164
SP0050,2025-06-01,211,6,0,0,217
SP0051,2025-06-01,516,69,23,1,561
SP0052,2025-06-01,452,214,218,2,446
SP0053,2025-06-01,523,325,297,3,548
SP0054,2025-06-01,599,61,33,0,627
SP0055,2025-06-01,611,64,34,1,640
SP0056,2025-06-01,451,300,288,1,462
SP0057,2025-06-01,293,7,0,0,300
SP0058,2025-06-01,559,48,14,0,593
SP0059,2025-06-01,433,5,0,0,438
SP0060,2025-06-01,592,31,12,0,611
SP0061,2025-06-01,555,312,301,2,564
SP0062,2025-06-01,510,348,313,6,539
SP0063,2025-06-01,490,7,0,0,497
SP0064,2025-06-01,432,51,20,1,462
SP0065,2025-06-01,582,342,295,2,627
SP0066,2025-06-01,396,186,183,1,398
SP0067,2025-06-01,245,281,272,3,251
SP0068,2025-06-01,642,26,8,0,660
SP0069,2025-06-01,271,8,1,0,278
SP0070,2025-06-01,245,294,302,4,233
SP0071,2025-06-01,682,362,360,1,683
SP0072,2025-06-01,488,323,329,1,481
SP0073,2025-06-01,301,14,1,0,314
SP0074,2025-06-01,615,53,24,0,644
SP0075,2025-06-01,512,61,32,0,541
SP0076,2025-06-01,238,194,194,1,237
SP0077,2025-06-01,272,203,211,2,262
SP0078,2025-06-01,512,308,272,3,545
SP0079,2025-06-01,418,245,232,1,430
SP0080,2025-06-01,553,54,27,1,579
SP0081,2025-06-01,661,45,24,0,682
SP0082,2025-06-01,268,0,0,0,268
SP0083,2025-06-01,371,5,0,0,376
SP0084,2025-06-01,381,395,394,3,379
SP0085,2025-06-01,317,58,17,0,358
SP0086,2025-06-01,589,13,0,0,602
SP0087,2025-06-01,597,44,18,1,622
SP0088,2025-06-01,415,268,272,5,406
SP0089,2025-06-01,402,343,332,1,412
SP0090,2025-06-01,316,347,362,1,300
SP0091,2025-06-01,208,2,0,0,210
SP0092,2025-06-01,505,363,373,2,493
SP0093,2025-06-01,507,204,205,1,505
SP0094,2025-06-01,645,37,11,1,670
SP0095,2025-06-01,283,158,149,1,291
SP0096,2025-06-01,569,371,372,3,565
SP0097,2025-06-01,544,298,283,5,554
SP0098,2025-06-01,700,66,30,1,735
SP0099,2025-06-01,320,332,290,3,359
SP0100,2025-06-01,399,43,18,0,424
SP0101,2025-06-01,366,393,407,0,352
SP0102,2025-06-01,451,76,41,0,486
SP0103,2025-06-01,442,170,177,2,433
SP0104,2025-06-01,459,332,345,1,445
SP0105,2025-06-01,690,25,14,0,701
SP0106,2025-06-01,435,289,267,5,452
SP0107,2025-06-01,413,218,212,0,419
SP0108,2025-06-01,183,297,264,1,215
SP0109,2025-06-01,568,37,12,0,593
SP0110,2025-06-01,525,373,374,3,521
SP0111,2025-06-01,481,37,17,0,501
SP0112,2025-06-01,425,388,383,2,428
SP0113,2025-06-01,314,314,269,2,357
SP0114,2025-06-01,372,309,265,4,412
SP0115,2025-06-01,540,249,219,1,569
SP0116,2025-06-01,237,228,229,1,235
SP0117,2025-06-01,287,359,340,3,303
SP0118,2025-06-01,316,251,222,1,344
SP0119,2025-06-01,532,10,0,0,542
SP0120,2025-06-01,510,303,300,2,511
SP0121,2025-06-01,257,211,206,1,261
SP0122,2025-06-01,644,57,22,1,678
SP0123,2025-06-01,272,347,317,2,300
SP0124,2025-06-01,370,315,310,5,370
SP0125,2025-06-01,518,72,22,1,567
SP0126,2025-06-01,497,13,1,0,509
SP0127,2025-06-01,589,197,193,1,592
SP0128,2025-06-01,256,17,2,0,271
SP0129,2025-06-01,609,221,213,3,614
SP0130,2025-06-01,558,258,235,3,578
SP0131,2025-06-01,274,170,176,1,267
SP0132,2025-06-01,140,11,0,0,151
SP0133,2025-06-01,250,335,349,5,231
SP0134,2025-06-01,239,166,163,1,241
SP0135,2025-06-01,542,270,237,1,574
SP0136,2025-06-01,292,393,360,2,323
SP0137,2025-06-01,278,373,389,1,261
SP0138,2025-06-01,315,251,215,2,349
SP0139,2025-06-01,217,222,231,4,204
SP0140,2025-06-01,244,240,245,3,236
SP0141,2025-06-01,394,191,162,3,420
SP0142,2025-06-01,583,280,292,1,570
SP0143,2025-06-01,598,186,180,2,602
SP0144,2025-06-01,269,205,213,1,260
SP0145,2025-06-01,342,55,32,1,364
SP0146,2025-06-01,300,287,261,2,324
SP0147,2025-06-01,492,47,18,0,521
SP0148,2025-06-01,589,262,225,2,624
SP0149,2025-06-01,532,338,322,0,548
SP0150,2025-06-01,356,198,168,4,382
SP0151,2025-06-01,228,172,175,2,223
SP0152,2025-06-01,248,283,255,4,272
SP0153,2025-06-01,363,155,140,1,377
SP0154,2025-06-01,266,188,191,1,262
SP0155,2025-06-01,473,172,156,3,486
SP0156,2025-06-01,543,322,309,4,552
SP0157,2025-06-01,380,331,334,4,373
SP0158,2025-06-01,442,296,271,3,464
SP0159,2025-06-01,324,395,370,1,348
SP0160,2025-06-01,828,69,22,1,874
SP0161,2025-06-01,396,186,170,2,410
SP0162,2025-06-01,415,40,18,0,437
SP0163,2025-06-01,129,221,229,3,118
SP0164,2025-06-01,252,342,340,0,254
SP0165,2025-06-01,579,68,40,1,606
SP0166,2025-06-01,204,17,0,0,221
SP0167,2025-06-01,397,391,357,1,430
SP0168,2025-06-01,505,224,224,1,504
SP0169,2025-06-01,499,47,27,0,519
SP0170,2025-06-01,426,50,26,0,450
SP0171,2025-06-01,495,352,368,3,476
SP0172,2025-06-01,506,354,356,0,504
SP0173,2025-06-01,578,186,162,2,600
SP0174,2025-06-01,622,394,375,1,640
SP0175,2025-06-01,271,210,216,2,263
SP0176,2025-06-01,414,383,349,5,443
SP0177,2025-06-01,547,343,347,7,536
SP0178,2025-06-01,634,44,19,0,659
SP0179,2025-06-01,460,168,166,1,461
SP0180,2025-06-01,550,341,325,0,566
SP0181,2025-06-01,711,63,29,0,745
SP0182,2025-06-01,484,38,13,1,508
SP0183,2025-06-01,591,393,387,6,591
SP0184,2025-06-01,184,357,372,3,166
SP0185,2025-06-01,214,272,252,2,232
SP0186,2025-06-01,257,242,212,1,286
SP0187,2025-06-01,164,248,221,1,190
SP0188,2025-06-01,165,310,288,3,184
SP0189,2025-06-01,561,164,147,1,577
SP0190,2025-06-01,344,250,215,1,378
SP0191,2025-06-01,630,305,271,2,662
SP0192,2025-06-01,322,192,184,1,329
SP0193,2025-06-01,604,273,246,4,627
SP0194,2025-06-01,314,154,159,2,307
SP0195,2025-06-01,88,290,267,5,106
SP0196,2025-06-01,771,39,19,0,791
SP0197,2025-06-01,616,395,378,0,633
SP0198,2025-06-01,611,52,19,0,644
SP0199,2025-06-01,684,46,21,0,709
SP0200,2025-06-01,378,198,206,1,369
SP0201,2025-06-01,208,262,252,0,218
SP0202,2025-06-01,555,244,235,1,563
SP0203,2025-06-01,197,384,342,1,238
SP0204,2025-06-01,474,69,34,0,509
SP0205,2025-06-01,270,363,329,1,303
SP0206,2025-06-01,384,160,144,0,400
SP0207,2025-06-01,508,271,261,2,516
SP0208,2025-06-01,299,290,278,4,307
SP0209,2025-06-01,410,174,160,2,422
SP0210,2025-06-01,157,284,291,1,149
SP0211,2025-06-01,310,210,213,3,304
SP0212,2025-06-01,296,5,0,0,301
SP0213,2025-06-01,477,190,194,2,471
SP0214,2025-06-01,309,191,182,0,318
SP0215,2025-06-01,143,328,309,6,156
SP0216,2025-06-01,369,394,342,8,413
SP0217,2025-06-01,276,174,159,3,288
SP0218,2025-06-01,363,373,350,2,384
SP0219,2025-06-01,425,190,174,4,437
SP0220,2025-06-01,384,175,176,1,382
SP0001,2025-07-01,406,54,18,0,442
SP0002,2025-07-01,554,260,254,1,559
SP0003,2025-07-01,487,342,346,3,480
SP0004,2025-07-01,157,14,0,0,171
SP0005,2025-07-01,433,250,221,1,461
SP0006,2025-07-01,605,393,338,2,658
SP0007,2025-07-01,400,385,339,4,442
SP0008,2025-07-01,573,325,326,1,571
SP0009,2025-07-01,558,177,169,0,566
SP0010,2025-07-01,220,200,175,1,244
SP0011,2025-07-01,603,379,397,3,582
SP0012,2025-07-01,337,368,344,3,358
SP0013,2025-07-01,584,58,26,0,616
SP0014,2025-07-01,603,195,168,1,629
SP0015,2025-07-01,332,18,0,0,350
SP0016,2025-07-01,341,342,330,0,353
SP0017,2025-07-01,599,265,254,3,607
SP0018,2025-07-01,477,22,12,0,487
SP0019,2025-07-01,616,360,376,3,597
SP0020,2025-07-01,525,8,0,0,533
SP0021,2025-07-01,567,222,223,1,565
SP0022,2025-07-01,536,15,0,0,551
SP0023,2025-07-01,206,304,311,2,197
SP0024,2025-07-01,522,31,10,0,543
SP0025,2025-07-01,273,227,200,2,298
SP0026,2025-07-01,130,8,0,0,138
SP0027,2025-07-01,604,251,229,3,623
SP0028,2025-07-01,280,292,256,2,314
SP0029,2025-07-01,375,9,0,0,384
SP0030,2025-07-01,269,393,383,1,278
SP0031,2025-07-01,483,237,222,1,497
SP0032,2025-07-01,787,60,33,1,813
SP0033,2025-07-01,403,235,225,4,409
SP0034,2025-07-01,621,376,343,3,651
SP0035,2025-07-01,301,158,152,0,307
SP0036,2025-07-01,379,6,0,0,385
SP0037,2025-07-01,389,390,365,2,412
SP0038,2025-07-01,465,208,207,0,466
SP0039,2025-07-01,314,6,0,0,320
SP0040,2025-07-01,748,75,24,1,798
SP0041,2025-07-01,325,280,280,1,324
SP0042,2025-07-01,404,294,260,4,434
SP0043,2025-07-01,626,158,153,0,631
SP0044,2025-07-01,519,155,147,0,527
SP0045,2025-07-01,318,253,257,3,311
SP0046,2025-07-01,252,156,133,1,274
SP0047,2025-07-01,366,273,232,3,404
SP0048,2025-07-01,368,364,356,3,373
SP0049,2025-07-01,164,5,0,0,169
SP0050,2025-07-01,217,12,1,0,228
SP0051,2025-07-01,561,29,16,0,574
SP0052,2025-07-01,446,372,347,2,469
SP0053,2025-07-01,548,157,138,3,564
SP0054,2025-07-01,627,68,26,1,668
SP0055,2025-07-01,640,55,27,1,667
SP0056,2025-07-01,462,395,339,3,515
SP0057,2025-07-01,300,17,2,0,315
SP0058,2025-07-01,593,65,32,1,625
SP0059,2025-07-01,438,4,0,0,442
SP0060,2025-07-01,611,41,12,0,640
SP0061,2025-07-01,564,221,190,2,593
SP0062,2025-07-01,539,204,194,3,546
SP0063,2025-07-01,497,11,1,0,507
SP0064,2025-07-01,462,52,29,0,485
SP0065,2025-07-01,627,202,182,0,647
SP0066,2025-07-01,398,163,164,0,397
SP0067,2025-07-01,251,335,322,1,263
SP0068,2025-07-01,660,57,27,0,690
SP0069,2025-07-01,278,6,0,0,284
SP0070,2025-07-01,233,276,283,3,223
SP0071,2025-07-01,683,297,301,0,679
SP0072,2025-07-01,481,157,160,0,478
SP0073,2025-07-01,314,6,0,0,320
SP0074,2025-07-01,644,31,11,0,664
SP0075,2025-07-01,541,21,9,0,553
SP0076,2025-07-01,237,180,154,1,262
SP0077,2025-07-01,262,202,190,4,270
SP0078,2025-07-01,545,228,238,1,534
SP0079,2025-07-01,430,286,253,2,461
SP0080,2025-07-01,579,52,28,0,603
SP0081,2025-07-01,682,26,14,0,694
SP0082,2025-07-01,268,17,0,0,285
SP0083,2025-07-01,376,6,0,0,382
SP0084,2025-07-01,379,191,171,3,396
SP0085,2025-07-01,358,66,24,1,399
SP0086,2025-07-01,602,3,0,0,605
SP0087,2025-07-01,622,26,9,0,639
SP0088,2025-07-01,406,237,233,2,408
SP0089,2025-07-01,412,367,353,4,422
SP0090,2025-07-01,300,304,259,0,345
SP0091,2025-07-01,210,10,0,0,220
SP0092,2025-07-01,493,178,165,0,506
SP0093,2025-07-01,505,276,258,0,523
SP0094,2025-07-01,670,28,15,1,682
SP0095,2025-07-01,291,278,262,2,305
SP0096,2025-07-01,565,273,261,2,575
SP0097,2025-07-01,554,340,318,7,569
SP0098,2025-07-01,735,41,21,1,754
SP0099,2025-07-01,359,196,173,2,380
SP0100,2025-07-01,424,75,40,0,459
SP0101,2025-07-01,352,309,262,1,398
SP0102,2025-07-01,486,56,18,0,524
SP0103,2025-07-01,433,297,269,3,458
SP0104,2025-07-01,445,276,261,1,459
SP0105,2025-07-01,701,79,27,1,752
SP0106,2025-07-01,452,248,229,4,467
SP0107,2025-07-01,419,282,276,0,425
SP0108,2025-07-01,215,366,361,2,218
SP0109,2025-07-01,593,43,24,0,612
SP0110,2025-07-01,521,176,163,2,532
SP0111,2025-07-01,501,33,15,0,519
SP0112,2025-07-01,428,155,148,1,434
SP0113,2025-07-01,357,231,218,1,369
SP0114,2025-07-01,412,180,175,1,416
SP0115,2025-07-01,569,233,224,1,577
SP0116,2025-07-01,235,312,297,0,250
SP0117,2025-07-01,303,151,140,0,314
SP0118,2025-07-01,344,235,240,2,337
SP0119,2025-07-01,542,8,0,0,550
SP0120,2025-07-01,511,290,278,2,521
SP0121,2025-07-01,261,267,235,4,289
SP0122,2025-07-01,678,49,15,0,712
SP0123,2025-07-01,300,290,267,2,321
SP0124,2025-07-01,370,383,364,4,385
SP0125,2025-07-01,567,31,12,0,586
SP0126,2025-07-01,509,2,0,0,511
SP0127,2025-07-01,592,221,195,1,617
SP0128,2025-07-01,271,0,0,0,271
SP0129,2025-07-01,614,253,241,3,623
SP0130,2025-07-01,578,268,277,2,567
SP0131,2025-07-01,267,308,264,1,310
SP0132,2025-07-01,151,0,0,0,151
SP0133,2025-07-01,231,316,294,4,249
SP0134,2025-07-01,241,319,325,2,233
SP0135,2025-07-01,574,326,317,0,583
SP0136,2025-07-01,323,237,209,1,350
SP0137,2025-07-01,261,243,248,0,256
SP0138,2025-07-01,349,372,347,1,373
SP0139,2025-07-01,204,224,199,1,228
SP0140,2025-07-01,236,217,211,2,240
SP0141,2025-07-01,420,340,309,2,449
SP0142,2025-07-01,570,229,212,1,586
SP0143,2025-07-01,602,262,260,3,601
SP0144,2025-07-01,260,318,302,3,273
SP0145,2025-07-01,364,25,11,0,378
SP0146,2025-07-01,324,388,367,3,342
SP0147,2025-07-01,521,72,29,1,563
SP0148,2025-07-01,624,204,206,2,620
SP0149,2025-07-01,548,309,267,1,589
SP0150,2025-07-01,382,232,237,3,374
SP0151,2025-07-01,223,239,245,1,216
SP0152,2025-07-01,272,358,309,6,315
SP0153,2025-07-01,377,224,230,3,368
SP0154,2025-07-01,262,297,255,2,302
SP0155,2025-07-01,486,273,274,5,480
SP0156,2025-07-01,552,376,369,3,556
SP0157,2025-07-01,373,240,234,5,374
SP0158,2025-07-01,464,291,281,3,471
SP0159,2025-07-01,348,325,280,1,392
SP0160,2025-07-01,874,76,45,0,905
SP0161,2025-07-01,410,360,339,5,426
SP0162,2025-07-01,437,38,20,0,455
SP0163,2025-07-01,118,195,186,2,125
SP0164,2025-07-01,254,380,360,2,272
SP0165,2025-07-01,606,42,22,0,626
SP0166,2025-07-01,221,11,1,0,231
SP0167,2025-07-01,430,318,272,3,473
SP0168,2025-07-01,504,374,358,3,517
SP0169,2025-07-01,519,61,27,0,553
SP0170,2025-07-01,450,76,44,1,481
SP0171,2025-07-01,476,304,293,1,486
SP0172,2025-07-01,504,172,172,0,504
SP0173,2025-07-01,600,325,292,3,630
SP0174,2025-07-01,640,278,264,0,654
SP0175,2025-07-01,263,171,169,1,264
SP0176,2025-07-01,443,282,260,3,462
SP0177,2025-07-01,536,258,253,1,540
SP0178,2025-07-01,659,79,40,1,697
SP0179,2025-07-01,461,390,392,2,457
SP0180,2025-07-01,566,217,194,0,589
SP0181,2025-07-01,745,22,9,0,758
SP0182,2025-07-01,508,41,15,1,533
SP0183,2025-07-01,591,362,344,2,607
SP0184,2025-07-01,166,391,397,7,153
SP0185,2025-07-01,232,161,142,1,250
SP0186,2025-07-01,286,320,321,1,284
SP0187,2025-07-01,190,342,299,5,228
SP0188,2025-07-01,184,258,238,5,199
SP0189,2025-07-01,577,348,335,3,587
SP0190,2025-07-01,378,243,243,1,377
SP0191,2025-07-01,662,328,343,1,646
SP0192,2025-07-01,329,393,389,2,331
SP0193,2025-07-01,627,268,279,1,615
SP0194,2025-07-01,307,275,238,3,341
SP0195,2025-07-01,106,279,261,2,122
SP0196,2025-07-01,791,33,9,1,814
SP0197,2025-07-01,633,327,293,0,667
SP0198,2025-07-01,644,69,22,1,690
SP0199,2025-07-01,709,64,37,1,735
SP0200,2025-07-01,369,264,248,1,384
SP0201,2025-07-01,218,397,392,2,221
SP0202,2025-07-01,563,278,259,1,581
SP0203,2025-07-01,238,184,179,1,242
SP0204,2025-07-01,509,36,19,0,526
SP0205,2025-07-01,303,280,283,1,299
SP0206,2025-07-01,400,303,260,2,441
SP0207,2025-07-01,516,248,222,1,541
SP0208,2025-07-01,307,198,175,4,326
SP0209,2025-07-01,422,374,370,5,421
SP0210,2025-07-01,149,289,289,3,146
SP0211,2025-07-01,304,287,265,1,325
SP0212,2025-07-01,301,8,0,0,309
SP0213,2025-07-01,471,264,242,2,491
SP0214,2025-07-01,318,203,183,2,336
SP0215,2025-07-01,156,214,217,2,151
SP0216,2025-07-01,413,342,319,5,431
SP0217,2025-07-01,288,338,316,4,306
SP0218,2025-07-01,384,270,237,2,415
SP0219,2025-07-01,437,387,335,5,484
SP0220,2025-07-01,382,380,371,3,388
SP0001,2025-08-01,442,48,26,0,464
SP0002,2025-08-01,559,274,277,1,555
SP0003,2025-08-01,480,347,299,3,525
SP0004,2025-08-01,171,16,1,0,186
SP0005,2025-08-01,461,275,275,2,459
SP0006,2025-08-01,658,221,211,0,668
SP0007,2025-08-01,442,343,306,2,477
SP0008,2025-08-01,571,316,293,0,594
SP0009,2025-08-01,566,344,356,2,552
SP0010,2025-08-01,244,355,347,1,251
SP0011,2025-08-01,582,273,236,1,618
SP0012,2025-08-01,358,281,265,5,369
SP0013,2025-08-01,616,59,20,1,654
SP0014,2025-08-01,629,361,337,2,651
SP0015,2025-08-01,350,2,0,0,352
SP0016,2025-08-01,353,212,199,0,366
SP0017,2025-08-01,607,174,178,1,602
SP0018,2025-08-01,487,29,14,0,502
SP0019,2025-08-01,597,302,316,1,582
SP0020,2025-08-01,533,7,0,0,540
SP0021,2025-08-01,565,338,299,3,601
SP0022,2025-08-01,551,12,1,0,562
SP0023,2025-08-01,197,296,273,2,218
SP0024,2025-08-01,543,26,14,0,555
SP0025,2025-08-01,298,344,341,2,299
SP0026,2025-08-01,138,16,0,0,154
SP0027,2025-08-01,623,146,145,1,623
SP0028,2025-08-01,314,353,301,4,362
SP0029,2025-08-01,384,16,2,0,398
SP0030,2025-08-01,278,152,144,0,286
SP0031,2025-08-01,497,186,159,1,523
SP0032,2025-08-01,813,22,7,0,828
SP0033,2025-08-01,409,358,316,6,445
SP0034,2025-08-01,651,307,318,3,637
SP0035,2025-08-01,307,313,295,1,324
SP0036,2025-08-01,385,4,0,0,389
SP0037,2025-08-01,412,173,158,1,426
SP0038,2025-08-01,466,327,299,1,493
SP0039,2025-08-01,320,1,0,0,321
SP0040,2025-08-01,798,52,23,0,827
SP0041,2025-08-01,324,153,140,0,337
SP0042,2025-08-01,434,289,293,3,427
SP0043,2025-08-01,631,375,321,2,683
SP0044,2025-08-01,527,293,255,0,565
SP0045,2025-08-01,311,347,315,5,338
SP0046,2025-08-01,274,150,145,1,278
SP0047,2025-08-01,404,358,333,4,425
SP0048,2025-08-01,373,309,302,2,378
SP0049,2025-08-01,169,3,0,0,172
SP0050,2025-08-01,228,16,1,0,243
SP0051,2025-08-01,574,25,8,0,591
SP0052,2025-08-01,469,323,295,1,496
SP0053,2025-08-01,564,267,237,4,590
SP0054,2025-08-01,668,31,16,1,682
SP0055,2025-08-01,667,56,31,1,691
SP0056,2025-08-01,515,155,148,1,521
SP0057,2025-08-01,315,18,2,0,331
SP0058,2025-08-01,625,46,19,0,652
SP0059,2025-08-01,442,3,0,0,445
SP0060,2025-08-01,640,50,20,0,670
SP0061,2025-08-01,593,334,345,3,579
SP0062,2025-08-01,546,350,339,4,553
SP0063,2025-08-01,507,16,1,0,522
SP0064,2025-08-01,485,29,9,0,505
SP0065,2025-08-01,647,161,145,0,663
SP0066,2025-08-01,397,253,229,1,420
SP0067,2025-08-01,263,189,166,1,285
SP0068,2025-08-01,690,73,22,0,741
SP0069,2025-08-01,284,14,1,0,297
SP0070,2025-08-01,223,340,318,3,242
SP0071,2025-08-01,679,176,156,0,699
SP0072,2025-08-01,478,201,198,1,480
SP0073,2025-08-01,320,8,0,0,328
SP0074,2025-08-01,664,30,15,0,679
SP0075,2025-08-01,553,51,27,1,576
SP0076,2025-08-01,262,239,216,2,283
SP0077,2025-08-01,270,342,327,4,281
SP0078,2025-08-01,534,361,325,4,566
SP0079,2025-08-01,461,328,329,3,457
SP0080,2025-08-01,603,61,35,0,629
SP0081,2025-08-01,694,41,17,0,718
SP0082,2025-08-01,285,15,1,0,299
SP0083,2025-08-01,382,4,0,0,386
SP0084,2025-08-01,396,328,288,3,433
SP0085,2025-08-01,399,45,16,1,427
SP0086,2025-08-01,605,16,0,0,621
SP0087,2025-08-01,639,23,9,0,653
SP0088,2025-08-01,408,226,197,2,435
SP0089,2025-08-01,422,189,192,3,416
SP0090,2025-08-01,345,152,142,1,354
SP0091,2025-08-01,220,4,0,0,224
SP0092,2025-08-01,506,359,311,2,552
SP0093,2025-08-01,523,167,175,0,515
SP0094,2025-08-01,682,47,26,0,703
SP0095,2025-08-01,305,308,298,4,311
SP0096,2025-08-01,575,356,372,2,557
SP0097,2025-08-01,569,154,160,2,561
SP0098,2025-08-01,754,40,18,0,776
SP0099,2025-08-01,380,243,240,1,382
SP0100,2025-08-01,459,55,20,1,493
SP0101,2025-08-01,398,274,249,1,422
SP0102,2025-08-01,524,52,28,0,548
SP0103,2025-08-01,458,351,306,4,499
SP0104,2025-08-01,459,166,157,1,467
SP0105,2025-08-01,752,55,28,1,778
SP0106,2025-08-01,467,231,223,4,471
SP0107,2025-08-01,425,207,200,0,432
SP0108,2025-08-01,218,375,385,5,203
SP0109,2025-08-01,612,29,14,0,627
SP0110,2025-08-01,532,220,212,1,539
SP0111,2025-08-01,519,45,20,0,544
SP0112,2025-08-01,434,241,240,2,433
SP0113,2025-08-01,369,308,297,3,377
SP0114,2025-08-01,416,272,252,2,434
SP0115,2025-08-01,577,185,169,2,591
SP0116,2025-08-01,250,148,150,0,248
SP0117,2025-08-01,314,274,287,1,300
SP0118,2025-08-01,337,277,243,3,368
SP0119,2025-08-01,550,12,0,0,562
SP0120,2025-08-01,521,183,183,2,519
SP0121,2025-08-01,289,240,205,3,321
SP0122,2025-08-01,712,43,17,0,738
SP0123,2025-08-01,321,171,176,2,314
SP0124,2025-08-01,385,277,250,4,408
SP0125,2025-08-01,586,47,24,0,609
SP0126,2025-08-01,511,10,1,0,520
SP0127,2025-08-01,617,334,326,1,624
SP0128,2025-08-01,271,9,0,0,280
SP0129,2025-08-01,623,235,233,2,623
SP0130,2025-08-01,567,357,312,6,606
SP0131,2025-08-01,310,186,175,1,320
SP0132,2025-08-01,151,12,0,0,163
SP0133,2025-08-01,249,269,278,3,237
SP0134,2025-08-01,233,148,129,2,250
SP0135,2025-08-01,583,248,217,0,614
SP0136,2025-08-01,350,159,139,0,370
SP0137,2025-08-01,256,339,291,1,303
SP0138,2025-08-01,373,339,298,1,413
SP0139,2025-08-01,228,165,169,1,223
SP0140,2025-08-01,240,251,219,2,270
SP0141,2025-08-01,449,275,270,5,449
SP0142,2025-08-01,586,233,199,1,619
SP0143,2025-08-01,601,228,197,2,630
SP0144,2025-08-01,273,373,390,3,253
SP0145,2025-08-01,378,72,38,1,411
SP0146,2025-08-01,342,337,314,5,360
SP0147,2025-08-01,563,56,31,1,587
SP0148,2025-08-01,620,307,317,2,608
SP0149,2025-08-01,589,163,142,1,609
SP0150,2025-08-01,374,226,197,3,400
SP0151,2025-08-01,216,212,221,2,205
SP0152,2025-08-01,315,280,249,5,341
SP0153,2025-08-01,368,185,181,2,370
SP0154,2025-08-01,302,189,182,2,307
SP0155,2025-08-01,480,368,360,7,481
SP0156,2025-08-01,556,257,225,4,584
SP0157,2025-08-01,374,168,167,3,372
SP0158,2025-08-01,471,313,309,2,473
SP0159,2025-08-01,392,261,265,1,387
SP0160,2025-08-01,905,75,42,0,938
SP0161,2025-08-01,426,287,262,1,450
SP0162,2025-08-01,455,58,20,1,492
SP0163,2025-08-01,125,189,187,1,126
SP0164,2025-08-01,272,177,156,1,292
SP0165,2025-08-01,626,42,23,0,645
SP0166,2025-08-01,231,7,0,0,238
SP0167,2025-08-01,473,301,264,1,509
SP0168,2025-08-01,517,267,279,2,503
SP0169,2025-08-01,553,24,12,0,565
SP0170,2025-08-01,481,54,18,0,517
SP0171,2025-08-01,486,377,373,1,489
SP0172,2025-08-01,504,227,208,1,522
SP0173,2025-08-01,630,346,318,4,654
SP0174,2025-08-01,654,144,130,0,668
SP0175,2025-08-01,264,294,255,2,301
SP0176,2025-08-01,462,188,162,3,485
SP0177,2025-08-01,540,184,182,1,541
SP0178,2025-08-01,697,75,38,1,733
SP0179,2025-08-01,457,285,284,2,456
SP0180,2025-08-01,589,347,341,1,594
SP0181,2025-08-01,758,60,20,0,798
SP0182,2025-08-01,533,20,11,0,542
SP0183,2025-08-01,607,329,330,2,604
SP0184,2025-08-01,153,320,290,6,177
SP0185,2025-08-01,250,152,148,1,253
SP0186,2025-08-01,284,275,274,0,285
SP0187,2025-08-01,228,347,359,4,212
SP0188,2025-08-01,199,323,333,6,183
SP0189,2025-08-01,587,289,268,3,605
SP0190,2025-08-01,377,270,236,2,409
SP0191,2025-08-01,646,371,359,2,656
SP0192,2025-08-01,331,356,335,1,351
SP0193,2025-08-01,615,356,335,3,633
SP0194,2025-08-01,341,362,339,2,362
SP0195,2025-08-01,122,290,250,5,157
SP0196,2025-08-01,814,35,19,0,830
SP0197,2025-08-01,667,294,256,0,705
SP0198,2025-08-01,690,29,13,0,706
SP0199,2025-08-01,735,37,20,0,752
SP0200,2025-08-01,384,218,220,1,381
SP0201,2025-08-01,221,175,171,0,225
SP0202,2025-08-01,581,264,256,1,588
SP0203,2025-08-01,242,315,273,0,284
SP0204,2025-08-01,526,47,22,0,551
SP0205,2025-08-01,299,275,262,0,312
SP0206,2025-08-01,441,324,316,3,446
SP0207,2025-08-01,541,366,313,3,591
SP0208,2025-08-01,326,357,371,4,308
SP0209,2025-08-01,421,151,131,2,439
SP0210,2025-08-01,146,246,247,1,144
SP0211,2025-08-01,325,353,306,4,368
SP0212,2025-08-01,309,8,0,0,317
SP0213,2025-08-01,491,362,332,2,519
SP0214,2025-08-01,336,260,246,1,349
SP0215,2025-08-01,151,367,358,7,153
SP0216,2025-08-01,431,150,153,3,425
SP0217,2025-08-01,306,288,287,3,304
SP0218,2025-08-01,415,325,287,2,451
SP0219,2025-08-01,484,271,276,1,478
SP0220,2025-08-01,388,297,253,1,431
SP0001,2025-09-01,464,57,25,0,496
SP0002,2025-09-01,555,270,231,2,592
SP0003,2025-09-01,525,173,151,1,546
SP0004,2025-09-01,186,10,0,0,196
SP0005,2025-09-01,459,325,280,2,502
SP0006,2025-09-01,668,295,259,1,703
SP0007,2025-09-01,477,184,183,2,476
SP0008,2025-09-01,594,387,347,1,633
SP0009,2025-09-01,552,205,208,1,548
SP0010,2025-09-01,251,150,146,0,255
SP0011,2025-09-01,618,201,200,1,618
SP0012,2025-09-01,369,288,245,5,407
SP0013,2025-09-01,654,44,20,1,677
SP0014,2025-09-01,651,203,199,1,654
SP0015,2025-09-01,352,16,0,0,368
SP0016,2025-09-01,366,240,220,1,385
SP0017,2025-09-01,602,258,262,2,596
SP0018,2025-09-01,502,37,14,0,525
SP0019,2025-09-01,582,278,237,3,620
SP0020,2025-09-01,540,12,1,0,551
SP0021,2025-09-01,601,243,227,1,616
SP0022,2025-09-01,562,16,0,0,578
SP0023,2025-09-01,218,273,239,1,251
SP0024,2025-09-01,555,63,22,0,596
SP0025,2025-09-01,299,264,265,1,297
SP0026,2025-09-01,154,19,0,0,173
SP0027,2025-09-01,623,371,384,4,606
SP0028,2025-09-01,362,323,304,2,379
SP0029,2025-09-01,398,1,0,0,399
SP0030,2025-09-01,286,153,149,0,290
SP0031,2025-09-01,523,359,312,2,568
SP0032,2025-09-01,828,35,14,0,849
SP0033,2025-09-01,445,327,280,4,488
SP0034,2025-09-01,637,308,293,4,648
SP0035,2025-09-01,324,293,296,0,321
SP0036,2025-09-01,389,10,0,0,399
SP0037,2025-09-01,426,157,140,1,442
SP0038,2025-09-01,493,378,379,2,490
SP0039,2025-09-01,321,10,1,0,330
SP0040,2025-09-01,827,44,24,1,846
SP0041,2025-09-01,337,237,203,0,371
SP0042,2025-09-01,427,311,324,3,411
SP0043,2025-09-01,683,350,357,2,674
SP0044,2025-09-01,565,396,413,1,547
SP0045,2025-09-01,338,285,276,2,345
SP0046,2025-09-01,278,283,273,1,287
SP0047,2025-09-01,425,176,177,2,422
SP0048,2025-09-01,378,193,198,1,372
SP0049,2025-09-01,172,18,1,0,189
SP0050,2025-09-01,243,2,0,0,245
SP0051,2025-09-01,591,24,12,0,603
SP0052,2025-09-01,496,241,215,1,521
SP0053,2025-09-01,590,245,236,2,597
SP0054,2025-09-01,682,64,34,1,711
SP0055,2025-09-01,691,47,21,0,717
SP0056,2025-09-01,521,265,240,2,544
SP0057,2025-09-01,331,5,0,0,336
SP0058,2025-09-01,652,71,35,1,687
SP0059,2025-09-01,445,15,0,0,460
SP0060,2025-09-01,670,77,23,1,723
SP0061,2025-09-01,579,224,206,3,594
SP0062,2025-09-01,553,352,336,5,564
SP0063,2025-09-01,522,15,0,0,537
SP0064,2025-09-01,505,21,11,0,515
SP0065,2025-09-01,663,151,140,1,673
SP0066,2025-09-01,420,174,174,1,419
SP0067,2025-09-01,285,362,340,3,304
SP0068,2025-09-01,741,55,31,0,765
SP0069,2025-09-01,297,10,1,0,306
SP0070,2025-09-01,242,220,193,3,266
SP0071,2025-09-01,699,173,173,1,698
SP0072,2025-09-01,480,202,211,1,470
SP0073,2025-09-01,328,6,0,0,334
SP0074,2025-09-01,679,77,39,0,717
SP0075,2025-09-01,576,28,14,0,590
SP0076,2025-09-01,283,150,152,1,280
SP0077,2025-09-01,281,337,327,5,286
SP0078,2025-09-01,566,286,280,4,568
SP0079,2025-09-01,457,383,383,2,455
SP0080,2025-09-01,629,64,37,1,655
SP0081,2025-09-01,718,67,36,0,749
SP0082,2025-09-01,299,6,0,0,305
SP0083,2025-09-01,386,8,0,0,394
SP0084,2025-09-01,433,185,165,3,450
SP0085,2025-09-01,427,59,27,1,458
SP0086,2025-09-01,621,6,0,0,627
SP0087,2025-09-01,653,20,6,0,667
SP0088,2025-09-01,435,198,177,1,455
SP0089,2025-09-01,416,173,162,2,425
SP0090,2025-09-01,354,294,264,1,383
SP0091,2025-09-01,224,9,0,0,233
SP0092,2025-09-01,552,203,187,1,567
SP0093,2025-09-01,515,151,133,0,533
SP0094,2025-09-01,703,64,20,1,746
SP0095,2025-09-01,311,263,270,3,301
SP0096,2025-09-01,557,150,137,1,569
SP0097,2025-09-01,561,308,279,4,586
SP0098,2025-09-01,776,31,14,0,793
SP0099,2025-09-01,382,178,180,1,379
SP0100,2025-09-01,493,28,14,0,507
SP0101,2025-09-01,422,356,330,0,448
SP0102,2025-09-01,548,73,25,0,596
SP0103,2025-09-01,499,176,172,1,502
SP0104,2025-09-01,467,316,313,1,469
SP0105,2025-09-01,778,29,13,0,794
SP0106,2025-09-01,471,208,190,3,486
SP0107,2025-09-01,432,360,339,2,451
SP0108,2025-09-01,203,355,346,2,210
SP0109,2025-09-01,627,46,17,0,656
SP0110,2025-09-01,539,372,355,4,552
SP0111,2025-09-01,544,44,19,0,569
SP0112,2025-09-01,433,379,327,4,481
SP0113,2025-09-01,377,159,153,1,382
SP0114,2025-09-01,434,216,218,3,429
SP0115,2025-09-01,591,192,182,2,599
SP0116,2025-09-01,248,179,181,1,245
SP0117,2025-09-01,300,197,181,1,315
SP0118,2025-09-01,368,298,258,1,407
SP0119,2025-09-01,562,16,1,0,577
SP0120,2025-09-01,519,367,350,5,531
SP0121,2025-09-01,321,358,329,3,347
SP0122,2025-09-01,738,75,25,1,787
SP0123,2025-09-01,314,311,312,2,311
SP0124,2025-09-01,408,150,137,2,419
SP0125,2025-09-01,609,47,14,1,641
SP0126,2025-09-01,520,7,0,0,527
SP0127,2025-09-01,624,280,242,2,660
SP0128,2025-09-01,280,6,0,0,286
SP0129,2025-09-01,623,351,322,5,647
SP0130,2025-09-01,606,343,349,6,594
SP0131,2025-09-01,320,157,161,1,315
SP0132,2025-09-01,163,15,2,0,176
SP0133,2025-09-01,237,181,188,1,229
SP0134,2025-09-01,250,257,262,3,242
SP0135,2025-09-01,614,386,365,0,635
SP0136,2025-09-01,370,256,250,1,375
SP0137,2025-09-01,303,339,316,1,325
SP0138,2025-09-01,413,398,378,2,431
SP0139,2025-09-01,223,225,225,3,220
SP0140,2025-09-01,270,351,354,1,266
SP0141,2025-09-01,449,191,170,3,467
SP0142,2025-09-01,619,388,384,1,622
SP0143,2025-09-01,630,251,234,2,645
SP0144,2025-09-01,253,310,267,3,293
SP0145,2025-09-01,411,41,23,0,429
SP0146,2025-09-01,360,225,221,4,360
SP0147,2025-09-01,587,69,29,0,627
SP0148,2025-09-01,608,321,310,1,618
SP0149,2025-09-01,609,153,148,1,613
SP0150,2025-09-01,400,252,227,3,422
SP0151,2025-09-01,205,241,223,3,220
SP0152,2025-09-01,341,160,158,2,341
SP0153,2025-09-01,370,177,182,1,364
SP0154,2025-09-01,307,198,168,2,335
SP0155,2025-09-01,481,385,371,3,492
SP0156,2025-09-01,584,232,228,2,586
SP0157,2025-09-01,372,214,223,1,362
SP0158,2025-09-01,473,388,348,2,511
SP0159,2025-09-01,387,200,188,0,399
SP0160,2025-09-01,938,46,14,1,969
SP0161,2025-09-01,450,327,342,3,432
SP0162,2025-09-01,492,40,14,0,518
SP0163,2025-09-01,126,290,256,4,156
SP0164,2025-09-01,292,389,353,2,326
SP0165,2025-09-01,645,36,20,0,661
SP0166,2025-09-01,238,10,0,0,248
SP0167,2025-09-01,509,231,220,1,519
SP0168,2025-09-01,503,394,396,2,499
SP0169,2025-09-01,565,72,31,0,606
SP0170,2025-09-01,517,24,8,0,533
SP0171,2025-09-01,489,288,279,2,496
SP0172,2025-09-01,522,152,147,0,527
SP0173,2025-09-01,654,381,387,5,643
SP0174,2025-09-01,668,199,201,0,666
SP0175,2025-09-01,301,287,253,2,333
SP0176,2025-09-01,485,268,253,4,496
SP0177,2025-09-01,541,160,152,2,547
SP0178,2025-09-01,733,54,24,0,763
SP0179,2025-09-01,456,270,246,2,478
SP0180,2025-09-01,594,234,234,1,593
SP0181,2025-09-01,798,45,15,0,828
SP0182,2025-09-01,542,63,23,1,581
SP0183,2025-09-01,604,163,150,1,616
SP0184,2025-09-01,177,176,172,3,178
SP0185,2025-09-01,253,379,366,3,263
SP0186,2025-09-01,285,304,293,1,295
SP0187,2025-09-01,212,191,191,1,211
SP0188,2025-09-01,183,369,358,6,188
SP0189,2025-09-01,605,186,168,1,622
SP0190,2025-09-01,409,150,136,1,422
SP0191,2025-09-01,656,297,293,2,658
SP0192,2025-09-01,351,300,268,0,383
SP0193,2025-09-01,633,362,311,3,681
SP0194,2025-09-01,362,251,254,3,356
SP0195,2025-09-01,157,285,294,2,146
SP0196,2025-09-01,830,65,35,1,859
SP0197,2025-09-01,705,302,304,1,702
SP0198,2025-09-01,706,55,20,0,741
SP0199,2025-09-01,752,65,22,1,794
SP0200,2025-09-01,381,395,385,1,390
SP0201,2025-09-01,225,382,387,2,218
SP0202,2025-09-01,588,342,347,1,582
SP0203,2025-09-01,284,246,231,1,298
SP0204,2025-09-01,551,58,19,0,590
SP0205,2025-09-01,312,392,369,1,334
SP0206,2025-09-01,446,309,313,2,440
SP0207,2025-09-01,591,244,216,1,618
SP0208,2025-09-01,308,294,258,6,338
SP0209,2025-09-01,439,238,229,2,446
SP0210,2025-09-01,144,169,162,1,150
SP0211,2025-09-01,368,280,249,3,396
SP0212,2025-09-01,317,13,1,0,329
SP0213,2025-09-01,519,205,179,0,545
SP0214,2025-09-01,349,206,193,2,360
SP0215,2025-09-01,153,383,371,4,161
SP0216,2025-09-01,425,293,277,2,439
SP0217,2025-09-01,304,342,352,4,290
SP0218,2025-09-01,451,355,335,4,467
SP0219,2025-09-01,478,318,278,5,513
SP0220,2025-09-01,431,336,352,2,413
SP0001,2025-10-01,496,71,32,0,535
SP0002,2025-10-01,592,277,280,1,588
SP0003,2025-10-01,546,281,240,2,585
SP0004,2025-10-01,196,17,0,0,213
SP0005,2025-10-01,502,236,243,3,492
SP0006,2025-10-01,703,313,279,0,737
SP0007,2025-10-01,476,268,252,1,491
SP0008,2025-10-01,633,317,286,1,663
SP0009,2025-10-01,548,274,240,1,581
SP0010,2025-10-01,255,427,428,2,252
SP0011,2025-10-01,618,310,316,2,610
SP0012,2025-10-01,407,204,212,2,397
SP0013,2025-10-01,677,75,36,1,715
SP0014,2025-10-01,654,438,425,2,665
SP0015,2025-10-01,368,10,0,0,378
SP0016,2025-10-01,385,294,262,1,416
SP0017,2025-10-01,596,172,161,1,606
SP0018,2025-10-01,525,42,23,0,544
SP0019,2025-10-01,620,388,341,4,663
SP0020,2025-10-01,551,15,2,0,564
SP0021,2025-10-01,616,249,249,1,615
SP0022,2025-10-01,578,14,0,0,592
SP0023,2025-10-01,251,207,188,2,268
SP0024,2025-10-01,596,77,27,1,645
SP0025,2025-10-01,297,223,197,1,322
SP0026,2025-10-01,173,13,0,0,186
SP0027,2025-10-01,606,223,200,3,626
SP0028,2025-10-01,379,217,192,2,402
SP0029,2025-10-01,399,15,1,0,413
SP0030,2025-10-01,290,204,175,1,318
SP0031,2025-10-01,568,344,335,2,575
SP0032,2025-10-01,849,72,43,1,877
SP0033,2025-10-01,488,413,388,6,507
SP0034,2025-10-01,648,275,267,4,652
SP0035,2025-10-01,321,311,283,1,348
SP0036,2025-10-01,399,7,0,0,406
SP0037,2025-10-01,442,285,260,4,463
SP0038,2025-10-01,490,371,356,1,504
SP0039,2025-10-01,330,17,2,0,345
SP0040,2025-10-01,846,36,18,0,864
SP0041,2025-10-01,371,279,280,1,369
SP0042,2025-10-01,411,199,189,2,419
SP0043,2025-10-01,674,302,292,1,683
SP0044,2025-10-01,547,371,324,0,594
SP0045,2025-10-01,345,298,299,3,341
SP0046,2025-10-01,287,365,342,1,309
SP0047,2025-10-01,422,166,174,1,413
SP0048,2025-10-01,372,394,365,2,399
SP0049,2025-10-01,189,11,1,0,199
SP0050,2025-10-01,245,2,0,0,247
SP0051,2025-10-01,603,75,41,0,637
SP0052,2025-10-01,521,384,379,1,525
SP0053,2025-10-01,597,226,208,2,613
SP0054,2025-10-01,711,56,27,1,739
SP0055,2025-10-01,717,59,19,1,756
SP0056,2025-10-01,544,187,177,1,553
SP0057,2025-10-01,336,7,0,0,343
SP0058,2025-10-01,687,81,33,1,734
SP0059,2025-10-01,460,4,0,0,464
SP0060,2025-10-01,723,83,33,0,773
SP0061,2025-10-01,594,336,346,3,581
SP0062,2025-10-01,564,289,261,2,590
SP0063,2025-10-01,537,15,1,0,551
SP0064,2025-10-01,515,60,28,0,547
SP0065,2025-10-01,673,392,379,0,686
SP0066,2025-10-01,419,438,433,1,423
SP0067,2025-10-01,304,335,348,3,288
SP0068,2025-10-01,765,53,24,0,794
SP0069,2025-10-01,306,18,2,0,322
SP0070,2025-10-01,266,301,309,3,255
SP0071,2025-10-01,698,409,369,0,738
SP0072,2025-10-01,470,404,385,1,488
SP0073,2025-10-01,334,5,0,0,339
SP0074,2025-10-01,717,53,26,0,744
SP0075,2025-10-01,590,59,26,0,623
SP0076,2025-10-01,280,218,196,1,301
SP0077,2025-10-01,286,335,305,3,313
SP0078,2025-10-01,568,169,152,2,583
SP0079,2025-10-01,455,203,186,1,471
SP0080,2025-10-01,655,75,37,1,692
SP0081,2025-10-01,749,57,33,0,773
SP0082,2025-10-01,305,14,1,0,318
SP0083,2025-10-01,394,19,2,0,411
SP0084,2025-10-01,450,210,206,3,451
SP0085,2025-10-01,458,80,47,2,489
SP0086,2025-10-01,627,6,0,0,633
SP0087,2025-10-01,667,78,43,0,702
SP0088,2025-10-01,455,189,189,3,452
SP0089,2025-10-01,425,198,172,2,449
SP0090,2025-10-01,383,370,382,1,370
SP0091,2025-10-01,233,18,0,0,251
SP0092,2025-10-01,567,209,197,2,577
SP0093,2025-10-01,533,174,181,0,526
SP0094,2025-10-01,746,27,12,0,761
SP0095,2025-10-01,301,283,241,3,340
SP0096,2025-10-01,569,186,173,1,581
SP0097,2025-10-01,586,331,298,2,617
SP0098,2025-10-01,793,62,28,1,826
SP0099,2025-10-01,379,266,246,2,397
SP0100,2025-10-01,507,28,14,0,521
SP0101,2025-10-01,448,198,196,1,449
SP0102,2025-10-01,596,35,19,0,612
SP0103,2025-10-01,502,333,338,1,496
SP0104,2025-10-01,469,258,256,1,470
SP0105,2025-10-01,794,41,14,0,821
SP0106,2025-10-01,486,396,360,6,516
SP0107,2025-10-01,451,376,342,0,485
SP0108,2025-10-01,210,166,144,1,231
SP0109,2025-10-01,656,54,25,0,685
SP0110,2025-10-01,552,230,209,1,572
SP0111,2025-10-01,569,63,33,1,598
SP0112,2025-10-01,481,317,322,3,473
SP0113,2025-10-01,382,187,161,1,407
SP0114,2025-10-01,429,273,243,4,455
SP0115,2025-10-01,599,348,314,3,630
SP0116,2025-10-01,245,396,371,0,270
SP0117,2025-10-01,315,418,429,2,302
SP0118,2025-10-01,407,415,430,2,390
SP0119,2025-10-01,577,19,0,0,596
SP0120,2025-10-01,531,428,372,2,585
SP0121,2025-10-01,347,265,226,1,385
SP0122,2025-10-01,787,87,39,1,834
SP0123,2025-10-01,311,351,301,5,356
SP0124,2025-10-01,419,349,337,2,429
SP0125,2025-10-01,641,59,23,0,677
SP0126,2025-10-01,527,4,0,0,531
SP0127,2025-10-01,660,207,179,2,686
SP0128,2025-10-01,286,9,1,0,294
SP0129,2025-10-01,647,275,270,3,649
SP0130,2025-10-01,594,222,198,4,614
SP0131,2025-10-01,315,409,412,4,308
SP0132,2025-10-01,176,19,0,0,195
SP0133,2025-10-01,229,172,159,2,240
SP0134,2025-10-01,242,376,328,5,285
SP0135,2025-10-01,635,171,161,1,644
SP0136,2025-10-01,375,338,296,2,415
SP0137,2025-10-01,325,272,241,1,355
SP0138,2025-10-01,431,165,170,1,425
SP0139,2025-10-01,220,333,319,2,232
SP0140,2025-10-01,266,412,414,5,259
SP0141,2025-10-01,467,170,161,3,473
SP0142,2025-10-01,622,203,198,0,627
SP0143,2025-10-01,645,403,418,5,625
SP0144,2025-10-01,293,249,215,3,324
SP0145,2025-10-01,429,71,33,1,466
SP0146,2025-10-01,360,294,292,2,360
SP0147,2025-10-01,627,34,15,0,646
SP0148,2025-10-01,618,168,168,1,617
SP0149,2025-10-01,613,360,324,2,647
SP0150,2025-10-01,422,409,383,7,441
SP0151,2025-10-01,220,261,265,3,213
SP0152,2025-10-01,341,308,285,6,358
SP0153,2025-10-01,364,204,213,1,354
SP0154,2025-10-01,335,265,256,1,343
SP0155,2025-10-01,492,341,291,4,538
SP0156,2025-10-01,586,213,214,2,583
SP0157,2025-10-01,362,402,343,5,416
SP0158,2025-10-01,511,432,379,2,562
SP0159,2025-10-01,399,425,406,1,417
SP0160,2025-10-01,969,31,12,0,988
SP0161,2025-10-01,432,428,441,6,413
SP0162,2025-10-01,518,86,49,1,554
SP0163,2025-10-01,156,169,152,2,171
SP0164,2025-10-01,326,410,406,1,329
SP0165,2025-10-01,661,69,31,0,699
SP0166,2025-10-01,248,19,0,0,267
SP0167,2025-10-01,519,172,176,1,514
SP0168,2025-10-01,499,369,368,2,498
SP0169,2025-10-01,606,73,43,0,636
SP0170,2025-10-01,533,58,19,1,571
SP0171,2025-10-01,496,212,183,2,523
SP0172,2025-10-01,527,390,353,1,563
SP0173,2025-10-01,643,212,204,2,649
SP0174,2025-10-01,666,342,328,1,679
SP0175,2025-10-01,333,386,357,1,361
SP0176,2025-10-01,496,203,187,2,510
SP0177,2025-10-01,547,204,178,1,572
SP0178,2025-10-01,763,66,34,1,794
SP0179,2025-10-01,478,337,312,3,500
SP0180,2025-10-01,593,387,378,0,602
SP0181,2025-10-01,828,87,27,0,888
SP0182,2025-10-01,581,58,28,1,610
SP0183,2025-10-01,616,396,366,5,641
SP0184,2025-10-01,178,234,207,3,202
SP0185,2025-10-01,263,267,245,1,284
SP0186,2025-10-01,295,283,251,1,326
SP0187,2025-10-01,211,378,350,2,237
SP0188,2025-10-01,188,326,338,5,171
SP0189,2025-10-01,622,309,267,3,661
SP0190,2025-10-01,422,302,295,3,426
SP0191,2025-10-01,658,301,302,1,656
SP0192,2025-10-01,383,288,251,0,420
SP0193,2025-10-01,681,298,301,3,675
SP0194,2025-10-01,356,403,404,4,351
SP0195,2025-10-01,146,240,230,3,153
SP0196,2025-10-01,859,37,13,0,883
SP0197,2025-10-01,702,180,160,0,722
SP0198,2025-10-01,741,30,16,0,755
SP0199,2025-10-01,794,85,30,1,848
SP0200,2025-10-01,390,181,178,0,393
SP0201,2025-10-01,218,271,248,0,241
SP0202,2025-10-01,582,175,180,0,577
SP0203,2025-10-01,298,330,296,0,332
SP0204,2025-10-01,590,86,28,0,648
SP0205,2025-10-01,334,434,380,0,388
SP0206,2025-10-01,440,251,263,1,427
SP0207,2025-10-01,618,213,209,1,621
SP0208,2025-10-01,338,325,312,4,347
SP0209,2025-10-01,446,384,402,4,424
SP0210,2025-10-01,150,388,349,3,186
SP0211,2025-10-01,396,265,229,2,430
SP0212,2025-10-01,329,0,0,0,329
SP0213,2025-10-01,545,349,360,3,531
SP0214,2025-10-01,360,238,223,1,374
SP0215,2025-10-01,161,357,324,6,188
SP0216,2025-10-01,439,171,170,1,439
SP0217,2025-10-01,290,234,207,3,314
SP0218,2025-10-01,467,227,227,1,466
SP0219,2025-10-01,513,337,306,3,541
SP0220,2025-10-01,413,368,323,2,456
SP0001,2025-11-01,535,31,16,0,550
SP0002,2025-11-01,588,400,376,1,611
SP0003,2025-11-01,585,395,368,3,609
SP0004,2025-11-01,213,17,0,0,230
SP0005,2025-11-01,492,314,273,5,528
SP0006,2025-11-01,737,481,431,1,786
SP0007,2025-11-01,491,363,331,3,520
SP0008,2025-11-01,663,315,296,2,680
SP0009,2025-11-01,581,371,329,2,621
SP0010,2025-11-01,252,296,251,1,296
SP0011,2025-11-01,610,366,355,1,620
SP0012,2025-11-01,397,251,220,1,427
SP0013,2025-11-01,715,40,22,1,732
SP0014,2025-11-01,665,426,415,0,676
SP0015,2025-11-01,378,13,0,0,391
SP0016,2025-11-01,416,244,230,0,430
SP0017,2025-11-01,606,516,499,3,620
SP0018,2025-11-01,544,48,24,0,568
SP0019,2025-11-01,663,239,207,3,692
SP0020,2025-11-01,564,7,0,0,571
SP0021,2025-11-01,615,322,289,2,646
SP0022,2025-11-01,592,1,0,0,593
SP0023,2025-11-01,268,459,460,2,265
SP0024,2025-11-01,645,57,24,1,677
SP0025,2025-11-01,322,424,369,3,374
SP0026,2025-11-01,186,1,0,0,187
SP0027,2025-11-01,626,504,461,5,664
SP0028,2025-11-01,402,378,351,1,428
SP0029,2025-11-01,413,12,0,0,425
SP0030,2025-11-01,318,292,296,1,313
SP0031,2025-11-01,575,437,421,3,588
SP0032,2025-11-01,877,26,12,0,891
SP0033,2025-11-01,507,469,443,3,530
SP0034,2025-11-01,652,204,185,2,669
SP0035,2025-11-01,348,330,305,1,372
SP0036,2025-11-01,406,14,0,0,420
SP0037,2025-11-01,463,300,291,4,468
SP0038,2025-11-01,504,357,317,0,544
SP0039,2025-11-01,345,15,1,0,359
SP0040,2025-11-01,864,31,18,0,877
SP0041,2025-11-01,369,356,363,0,362
SP0042,2025-11-01,419,233,233,2,417
SP0043,2025-11-01,683,300,290,0,693
SP0044,2025-11-01,594,397,349,0,642
SP0045,2025-11-01,341,436,419,2,356
SP0046,2025-11-01,309,431,401,1,338
SP0047,2025-11-01,413,269,255,3,424
SP0048,2025-11-01,399,489,450,4,434
SP0049,2025-11-01,199,18,1,0,216
SP0050,2025-11-01,247,2,0,0,249
SP0051,2025-11-01,637,84,47,2,672
SP0052,2025-11-01,525,513,437,5,596
SP0053,2025-11-01,613,452,439,4,622
SP0054,2025-11-01,739,37,12,0,764
SP0055,2025-11-01,756,78,28,1,805
SP0056,2025-11-01,553,503,448,4,604
SP0057,2025-11-01,343,18,0,0,361
SP0058,2025-11-01,734,32,18,0,748
SP0059,2025-11-01,464,0,0,0,464
SP0060,2025-11-01,773,93,54,0,812
SP0061,2025-11-01,581,423,416,3,585
SP0062,2025-11-01,590,456,424,3,619
SP0063,2025-11-01,551,19,0,0,570
SP0064,2025-11-01,547,35,17,0,565
SP0065,2025-11-01,686,253,230,1,708
SP0066,2025-11-01,423,323,305,0,441
SP0067,2025-11-01,288,406,373,4,317
SP0068,2025-11-01,794,95,51,1,837
SP0069,2025-11-01,322,6,0,0,328
SP0070,2025-11-01,255,221,228,2,246
SP0071,2025-11-01,738,485,474,2,747
SP0072,2025-11-01,488,469,403,1,553
SP0073,2025-11-01,339,14,1,0,352
SP0074,2025-11-01,744,61,30,0,775
SP0075,2025-11-01,623,29,13,0,639
SP0076,2025-11-01,301,315,304,2,310
SP0077,2025-11-01,313,453,465,5,296
SP0078,2025-11-01,583,462,472,2,571
SP0079,2025-11-01,471,461,472,4,456
SP0080,2025-11-01,692,86,37,1,740
SP0081,2025-11-01,773,50,19,0,804
SP0082,2025-11-01,318,4,0,0,322
SP0083,2025-11-01,411,17,1,0,427
SP0084,2025-11-01,451,516,471,9,487
SP0085,2025-11-01,489,66,37,1,517
SP0086,2025-11-01,633,16,0,0,649
SP0087,2025-11-01,702,29,13,0,718
SP0088,2025-11-01,452,335,334,6,447
SP0089,2025-11-01,449,297,299,1,446
SP0090,2025-11-01,370,432,371,2,429
SP0091,2025-11-01,251,0,0,0,251
SP0092,2025-11-01,577,373,352,2,596
SP0093,2025-11-01,526,420,439,1,506
SP0094,2025-11-01,761,43,17,1,786
SP0095,2025-11-01,340,252,235,2,355
SP0096,2025-11-01,581,478,453,4,602
SP0097,2025-11-01,617,266,244,2,637
SP0098,2025-11-01,826,80,27,1,878
SP0099,2025-11-01,397,337,346,3,385
SP0100,2025-11-01,521,56,23,0,554
SP0101,2025-11-01,449,410,371,1,487
SP0102,2025-11-01,612,82,38,0,656
SP0103,2025-11-01,496,463,438,6,515
SP0104,2025-11-01,470,280,257,1,492
SP0105,2025-11-01,821,78,33,1,865
SP0106,2025-11-01,516,229,222,2,521
SP0107,2025-11-01,485,318,330,1,472
SP0108,2025-11-01,231,501,452,3,277
SP0109,2025-11-01,685,102,43,0,744
SP0110,2025-11-01,572,443,450,1,564
SP0111,2025-11-01,598,37,17,0,618
SP0112,2025-11-01,473,405,420,5,453
SP0113,2025-11-01,407,419,378,6,442
SP0114,2025-11-01,455,201,176,2,478
SP0115,2025-11-01,630,395,413,2,610
SP0116,2025-11-01,270,244,220,1,293
SP0117,2025-11-01,302,306,299,1,308
SP0118,2025-11-01,390,350,365,4,371
SP0119,2025-11-01,596,4,0,0,600
SP0120,2025-11-01,585,449,411,3,620
SP0121,2025-11-01,385,351,321,3,412
SP0122,2025-11-01,834,59,21,0,872
SP0123,2025-11-01,356,294,256,3,391
SP0124,2025-11-01,429,221,206,4,440
SP0125,2025-11-01,677,48,20,1,704
SP0126,2025-11-01,531,8,0,0,539
SP0127,2025-11-01,686,232,208,2,708
SP0128,2025-11-01,294,9,1,0,302
SP0129,2025-11-01,649,468,412,7,698
SP0130,2025-11-01,614,390,376,5,623
SP0131,2025-11-01,308,230,196,1,341
SP0132,2025-11-01,195,10,0,0,205
SP0133,2025-11-01,240,386,390,5,231
SP0134,2025-11-01,285,197,176,1,305
SP0135,2025-11-01,644,507,522,2,627
SP0136,2025-11-01,415,455,406,2,462
SP0137,2025-11-01,355,357,359,1,352
SP0138,2025-11-01,425,395,357,3,460
SP0139,2025-11-01,232,407,353,5,281
SP0140,2025-11-01,259,404,357,5,301
SP0141,2025-11-01,473,361,310,6,518
SP0142,2025-11-01,627,432,424,2,633
SP0143,2025-11-01,625,278,275,3,625
SP0144,2025-11-01,324,389,366,4,343
SP0145,2025-11-01,466,65,34,0,497
SP0146,2025-11-01,360,255,229,4,382
SP0147,2025-11-01,646,101,52,1,694
SP0148,2025-11-01,617,285,263,3,636
SP0149,2025-11-01,647,434,433,1,647
SP0150,2025-11-01,441,216,199,2,456
SP0151,2025-11-01,213,502,503,6,206
SP0152,2025-11-01,358,493,488,8,355
SP0153,2025-11-01,354,395,344,3,402
SP0154,2025-11-01,343,279,263,1,358
SP0155,2025-11-01,538,485,478,8,537
SP0156,2025-11-01,583,283,255,4,607
SP0157,2025-11-01,416,287,258,3,442
SP0158,2025-11-01,562,335,336,2,559
SP0159,2025-11-01,417,289,268,1,437
SP0160,2025-11-01,988,52,23,1,1016
SP0161,2025-11-01,413,235,244,3,401
SP0162,2025-11-01,554,95,56,1,592
SP0163,2025-11-01,171,362,342,2,189
SP0164,2025-11-01,329,264,267,0,326
SP0165,2025-11-01,699,53,19,0,733
SP0166,2025-11-01,267,16,1,0,282
SP0167,2025-11-01,514,432,448,3,495
SP0168,2025-11-01,498,256,245,1,508
SP0169,2025-11-01,636,89,30,0,695
SP0170,2025-11-01,571,103,49,1,624
SP0171,2025-11-01,523,273,277,2,517
SP0172,2025-11-01,563,248,229,1,581
SP0173,2025-11-01,649,518,451,6,710
SP0174,2025-11-01,679,407,426,1,659
SP0175,2025-11-01,361,366,312,2,413
SP0176,2025-11-01,510,439,415,4,530
SP0177,2025-11-01,572,235,206,4,597
SP0178,2025-11-01,794,27,14,0,807
SP0179,2025-11-01,500,284,282,3,499
SP0180,2025-11-01,602,209,194,1,616
SP0181,2025-11-01,888,31,14,0,905
SP0182,2025-11-01,610,75,42,1,642
SP0183,2025-11-01,641,260,224,3,674
SP0184,2025-11-01,202,324,294,2,230
SP0185,2025-11-01,284,320,296,1,307
SP0186,2025-11-01,326,507,491,2,340
SP0187,2025-11-01,237,199,171,3,262
SP0188,2025-11-01,171,316,314,6,167
SP0189,2025-11-01,661,268,265,4,660
SP0190,2025-11-01,426,321,319,1,427
SP0191,2025-11-01,656,490,510,4,632
SP0192,2025-11-01,420,385,383,1,421
SP0193,2025-11-01,675,512,523,7,657
SP0194,2025-11-01,351,491,458,6,378
SP0195,2025-11-01,153,371,333,5,186
SP0196,2025-11-01,883,50,24,1,908
SP0197,2025-11-01,722,491,422,2,789
SP0198,2025-11-01,755,33,13,0,775
SP0199,2025-11-01,848,101,52,2,895
SP0200,2025-11-01,393,257,245,1,404
SP0201,2025-11-01,241,215,189,0,267
SP0202,2025-11-01,577,360,310,1,626
SP0203,2025-11-01,332,511,440,2,401
SP0204,2025-11-01,648,90,37,0,701
SP0205,2025-11-01,388,326,286,0,428
SP0206,2025-11-01,427,221,222,2,424
SP0207,2025-11-01,621,497,515,1,602
SP0208,2025-11-01,347,446,415,3,375
SP0209,2025-11-01,424,291,250,2,463
SP0210,2025-11-01,186,372,341,2,215
SP0211,2025-11-01,430,513,446,4,493
SP0212,2025-11-01,329,12,0,0,341
SP0213,2025-11-01,531,442,408,4,561
SP0214,2025-11-01,374,457,473,4,354
SP0215,2025-11-01,188,370,340,7,211
SP0216,2025-11-01,439,315,270,5,479
SP0217,2025-11-01,314,202,194,2,320
SP0218,2025-11-01,466,369,350,5,480
SP0219,2025-11-01,541,361,336,3,563
SP0220,2025-11-01,456,518,535,4,435
SP0001,2025-12-01,550,77,38,0,589
SP0002,2025-12-01,611,348,339,1,619
SP0003,2025-12-01,609,240,235,2,612
SP0004,2025-12-01,230,6,0,0,236
SP0005,2025-12-01,528,558,556,5,525
SP0006,2025-12-01,786,272,240,1,817
SP0007,2025-12-01,520,252,227,2,543
SP0008,2025-12-01,680,254,258,0,676
SP0009,2025-12-01,621,535,548,2,606
SP0010,2025-12-01,296,247,250,0,293
SP0011,2025-12-01,620,385,395,3,607
SP0012,2025-12-01,427,289,295,5,416
SP0013,2025-12-01,732,58,22,0,768
SP0014,2025-12-01,676,232,212,0,696
SP0015,2025-12-01,391,5,0,0,396
SP0016,2025-12-01,430,576,507,1,498
SP0017,2025-12-01,620,475,471,4,620
SP0018,2025-12-01,568,79,28,0,619
SP0019,2025-12-01,692,303,266,2,727
SP0020,2025-12-01,571,18,2,0,587
SP0021,2025-12-01,646,502,452,4,692
SP0022,2025-12-01,593,2,0,0,595
SP0023,2025-12-01,265,369,316,2,316
SP0024,2025-12-01,677,74,29,0,722
SP0025,2025-12-01,374,580,599,2,353
SP0026,2025-12-01,187,3,0,0,190
SP0027,2025-12-01,664,387,378,1,672
SP0028,2025-12-01,428,295,257,3,463
SP0029,2025-12-01,425,19,2,0,442
SP0030,2025-12-01,313,453,407,1,358
SP0031,2025-12-01,588,545,489,2,642
SP0032,2025-12-01,891,96,53,1,933
SP0033,2025-12-01,530,246,236,4,536
SP0034,2025-12-01,669,383,353,1,698
SP0035,2025-12-01,372,285,294,1,362
SP0036,2025-12-01,420,9,1,0,428
SP0037,2025-12-01,468,617,539,3,543
SP0038,2025-12-01,544,447,443,2,546
SP0039,2025-12-01,359,14,0,0,373
SP0040,2025-12-01,877,33,14,0,896
SP0041,2025-12-01,362,578,591,2,347
SP0042,2025-12-01,417,249,218,1,447
SP0043,2025-12-01,693,266,276,1,682
SP0044,2025-12-01,642,397,392,1,646
SP0045,2025-12-01,356,565,516,6,399
SP0046,2025-12-01,338,475,459,3,351
SP0047,2025-12-01,424,421,439,5,401
SP0048,2025-12-01,434,367,333,1,467
SP0049,2025-12-01,216,12,0,0,228
SP0050,2025-12-01,249,3,0,0,252
SP0051,2025-12-01,672,33,17,0,688
SP0052,2025-12-01,596,490,509,4,573
SP0053,2025-12-01,622,348,361,6,603
SP0054,2025-12-01,764,123,52,2,833
SP0055,2025-12-01,805,32,16,1,820
SP0056,2025-12-01,604,369,324,3,646
SP0057,2025-12-01,361,2,0,0,363
SP0058,2025-12-01,748,114,57,1,804
SP0059,2025-12-01,464,16,0,0,480
SP0060,2025-12-01,812,84,29,0,867
SP0061,2025-12-01,585,354,338,5,596
SP0062,2025-12-01,619,614,534,12,687
SP0063,2025-12-01,570,13,0,0,583
SP0064,2025-12-01,565,58,23,1,599
SP0065,2025-12-01,708,293,258,0,743
SP0066,2025-12-01,441,340,309,0,472
SP0067,2025-12-01,317,366,312,2,369
SP0068,2025-12-01,837,44,21,0,860
SP0069,2025-12-01,328,18,1,0,345
SP0070,2025-12-01,246,470,423,4,289
SP0071,2025-12-01,747,385,398,0,734
SP0072,2025-12-01,553,540,555,2,536
SP0073,2025-12-01,352,16,0,0,368
SP0074,2025-12-01,775,81,41,0,815
SP0075,2025-12-01,639,107,55,0,691
SP0076,2025-12-01,310,356,313,1,352
SP0077,2025-12-01,296,308,273,5,326
SP0078,2025-12-01,571,579,564,3,583
SP0079,2025-12-01,456,406,387,3,472
SP0080,2025-12-01,740,84,29,1,794
SP0081,2025-12-01,804,84,41,1,846
SP0082,2025-12-01,322,17,2,0,337
SP0083,2025-12-01,427,3,0,0,430
SP0084,2025-12-01,487,519,529,4,473
SP0085,2025-12-01,517,110,50,1,576
SP0086,2025-12-01,649,14,1,0,662
SP0087,2025-12-01,718,92,43,1,766
SP0088,2025-12-01,447,445,417,4,471
SP0089,2025-12-01,446,497,504,7,432
SP0090,2025-12-01,429,364,370,2,421
SP0091,2025-12-01,251,15,1,0,265
SP0092,2025-12-01,596,249,236,2,607
SP0093,2025-12-01,506,599,551,3,551
SP0094,2025-12-01,786,117,46,1,856
SP0095,2025-12-01,355,432,388,3,396
SP0096,2025-12-01,602,354,324,3,629
SP0097,2025-12-01,637,435,455,4,613
SP0098,2025-12-01,878,83,32,1,928
SP0099,2025-12-01,385,594,595,5,379
SP0100,2025-12-01,554,117,39,2,630
SP0101,2025-12-01,487,528,552,0,463
SP0102,2025-12-01,656,32,14,0,674
SP0103,2025-12-01,515,239,245,2,507
SP0104,2025-12-01,492,439,422,0,509
SP0105,2025-12-01,865,107,59,2,911
SP0106,2025-12-01,521,459,420,4,556
SP0107,2025-12-01,472,608,602,2,476
SP0108,2025-12-01,277,480,448,5,304
SP0109,2025-12-01,744,121,36,0,829
SP0110,2025-12-01,564,444,393,3,612
SP0111,2025-12-01,618,55,28,0,645
SP0112,2025-12-01,453,523,464,8,504
SP0113,2025-12-01,442,259,262,4,435
SP0114,2025-12-01,478,314,298,4,490
SP0115,2025-12-01,610,449,436,4,619
SP0116,2025-12-01,293,359,356,1,295
SP0117,2025-12-01,308,272,274,2,304
SP0118,2025-12-01,371,601,623,8,341
SP0119,2025-12-01,600,5,0,0,605
SP0120,2025-12-01,620,564,479,3,702
SP0121,2025-12-01,412,538,510,6,434
SP0122,2025-12-01,872,86,31,1,926
SP0123,2025-12-01,391,537,469,2,457
SP0124,2025-12-01,440,519,467,8,484
SP0125,2025-12-01,704,34,10,0,728
SP0126,2025-12-01,539,12,0,0,551
SP0127,2025-12-01,708,579,501,3,783
SP0128,2025-12-01,302,1,0,0,303
SP0129,2025-12-01,698,595,522,8,763
SP0130,2025-12-01,623,310,268,4,661
SP0131,2025-12-01,341,405,414,1,331
SP0132,2025-12-01,205,6,0,0,211
SP0133,2025-12-01,231,469,438,5,257
SP0134,2025-12-01,305,278,271,2,310
SP0135,2025-12-01,627,247,213,1,660
SP0136,2025-12-01,462,441,410,2,491
SP0137,2025-12-01,352,412,407,1,356
SP0138,2025-12-01,460,303,259,3,501
SP0139,2025-12-01,281,470,462,9,280
SP0140,2025-12-01,301,238,207,4,328
SP0141,2025-12-01,518,419,400,5,532
SP0142,2025-12-01,633,436,393,1,675
SP0143,2025-12-01,625,422,432,3,612
SP0144,2025-12-01,343,351,362,1,331
SP0145,2025-12-01,497,73,22,1,547
SP0146,2025-12-01,382,320,277,4,421
SP0147,2025-12-01,694,79,45,1,727
SP0148,2025-12-01,636,617,582,6,665
SP0149,2025-12-01,647,524,504,1,666
SP0150,2025-12-01,456,401,345,7,505
SP0151,2025-12-01,206,501,480,3,224
SP0152,2025-12-01,355,392,352,7,388
SP0153,2025-12-01,402,336,305,2,431
SP0154,2025-12-01,358,562,551,5,364
SP0155,2025-12-01,537,240,213,3,561
SP0156,2025-12-01,607,339,340,4,602
SP0157,2025-12-01,442,415,412,2,443
SP0158,2025-12-01,559,541,530,6,564
SP0159,2025-12-01,437,602,617,3,419
SP0160,2025-12-01,1016,120,68,1,1067
SP0161,2025-12-01,401,340,353,4,384
SP0162,2025-12-01,592,75,37,1,629
SP0163,2025-12-01,189,248,220,2,215
SP0164,2025-12-01,326,390,344,1,371
SP0165,2025-12-01,733,112,57,1,787
SP0166,2025-12-01,282,2,0,0,284
SP0167,2025-12-01,495,426,432,2,487
SP0168,2025-12-01,508,306,274,3,537
SP0169,2025-12-01,695,85,48,0,732
SP0170,2025-12-01,624,117,44,1,696
SP0171,2025-12-01,517,396,388,3,522
SP0172,2025-12-01,581,307,307,1,580
SP0173,2025-12-01,710,561,480,4,787
SP0174,2025-12-01,659,537,560,1,635
SP0175,2025-12-01,413,492,450,1,454
SP0176,2025-12-01,530,515,502,8,535
SP0177,2025-12-01,597,431,443,5,580
SP0178,2025-12-01,807,62,28,1,840
SP0179,2025-12-01,499,268,278,3,486
SP0180,2025-12-01,616,272,261,1,626
SP0181,2025-12-01,905,99,49,0,955
SP0182,2025-12-01,642,42,17,0,667
SP0183,2025-12-01,674,431,415,3,687
SP0184,2025-12-01,230,587,572,9,236
SP0185,2025-12-01,307,445,433,1,318
SP0186,2025-12-01,340,458,408,0,390
SP0187,2025-12-01,262,577,588,2,249
SP0188,2025-12-01,167,328,328,3,164
SP0189,2025-12-01,660,351,362,2,647
SP0190,2025-12-01,427,484,467,4,440
SP0191,2025-12-01,632,595,568,5,654
SP0192,2025-12-01,421,453,417,2,455
SP0193,2025-12-01,657,235,245,2,645
SP0194,2025-12-01,378,357,357,5,373
SP0195,2025-12-01,186,262,265,2,181
SP0196,2025-12-01,908,84,33,1,958
SP0197,2025-12-01,789,343,346,1,785
SP0198,2025-12-01,775,101,54,1,821
SP0199,2025-12-01,895,90,50,1,934
SP0200,2025-12-01,404,239,225,0,418
SP0201,2025-12-01,267,525,505,0,287
SP0202,2025-12-01,626,545,528,0,643
SP0203,2025-12-01,401,495,462,1,433
SP0204,2025-12-01,701,118,54,0,765
SP0205,2025-12-01,428,273,264,1,436
SP0206,2025-12-01,424,364,334,2,452
SP0207,2025-12-01,602,433,396,2,637
SP0208,2025-12-01,375,288,260,4,399
SP0209,2025-12-01,463,408,391,5,475
SP0210,2025-12-01,215,473,420,1,267
SP0211,2025-12-01,493,444,390,6,541
SP0212,2025-12-01,341,4,0,0,345
SP0213,2025-12-01,561,549,521,3,586
SP0214,2025-12-01,354,617,554,3,414
SP0215,2025-12-01,211,271,274,4,204
SP0216,2025-12-01,479,261,225,4,511
SP0217,2025-12-01,320,609,607,9,313
SP0218,2025-12-01,480,250,258,3,469
SP0219,2025-12-01,563,538,461,10,630
SP0220,2025-12-01,435,543,540,1,437
SP0001,2026-01-01,589,95,44,1,639
SP0002,2026-01-01,619,383,337,3,662
SP0003,2026-01-01,612,382,339,1,654
SP0004,2026-01-01,236,14,0,0,250
SP0005,2026-01-01,525,460,431,3,551
SP0006,2026-01-01,817,476,489,2,802
SP0007,2026-01-01,543,310,305,3,545
SP0008,2026-01-01,676,427,391,2,710
SP0009,2026-01-01,606,338,290,1,653
SP0010,2026-01-01,293,521,472,1,341
SP0011,2026-01-01,607,230,196,1,640
SP0012,2026-01-01,416,214,194,2,434
SP0013,2026-01-01,768,56,22,1,801
SP0014,2026-01-01,696,378,365,0,709
SP0015,2026-01-01,396,10,0,0,406
SP0016,2026-01-01,498,295,277,1,515
SP0017,2026-01-01,620,462,440,3,639
SP0018,2026-01-01,619,96,54,0,661
SP0019,2026-01-01,727,307,307,3,724
SP0020,2026-01-01,587,4,0,0,591
SP0021,2026-01-01,692,204,207,2,687
SP0022,2026-01-01,595,19,2,0,612
SP0023,2026-01-01,316,206,194,1,327
SP0024,2026-01-01,722,31,18,0,735
SP0025,2026-01-01,353,500,475,1,377
SP0026,2026-01-01,190,14,1,0,203
SP0027,2026-01-01,672,206,185,2,691
SP0028,2026-01-01,463,287,288,4,458
SP0029,2026-01-01,442,19,0,0,461
SP0030,2026-01-01,358,333,305,1,385
SP0031,2026-01-01,642,297,253,1,685
SP0032,2026-01-01,933,42,20,1,954
SP0033,2026-01-01,536,244,214,3,563
SP0034,2026-01-01,698,531,476,4,749
SP0035,2026-01-01,362,212,194,1,379
SP0036,2026-01-01,428,13,1,0,440
SP0037,2026-01-01,543,216,224,2,533
SP0038,2026-01-01,546,275,257,0,564
SP0039,2026-01-01,373,6,0,0,379
SP0040,2026-01-01,896,100,42,2,952
SP0041,2026-01-01,347,286,297,1,335
SP0042,2026-01-01,447,244,215,4,472
SP0043,2026-01-01,682,245,233,0,694
SP0044,2026-01-01,646,411,369,0,688
SP0045,2026-01-01,399,249,235,1,412
SP0046,2026-01-01,351,324,299,3,373
SP0047,2026-01-01,401,361,368,3,391
SP0048,2026-01-01,467,337,301,3,500
SP0049,2026-01-01,228,12,1,0,239
SP0050,2026-01-01,252,17,2,0,267
SP0051,2026-01-01,688,61,31,1,717
SP0052,2026-01-01,573,261,236,2,596
SP0053,2026-01-01,603,284,272,4,611
SP0054,2026-01-01,833,52,18,1,866
SP0055,2026-01-01,820,96,31,1,884
SP0056,2026-01-01,646,300,295,3,648
SP0057,2026-01-01,363,19,2,0,380
SP0058,2026-01-01,804,72,38,1,837
SP0059,2026-01-01,480,11,1,0,490
SP0060,2026-01-01,867,69,31,0,905
SP0061,2026-01-01,596,374,374,2,594
SP0062,2026-01-01,687,376,372,6,685
SP0063,2026-01-01,583,1,0,0,584
SP0064,2026-01-01,599,92,52,1,638
SP0065,2026-01-01,743,515,452,1,805
SP0066,2026-01-01,472,397,339,2,528
SP0067,2026-01-01,369,467,471,4,361
SP0068,2026-01-01,860,104,36,1,927
SP0069,2026-01-01,345,18,1,0,362
SP0070,2026-01-01,289,212,193,2,306
SP0071,2026-01-01,734,352,320,2,764
SP0072,2026-01-01,536,534,477,1,592
SP0073,2026-01-01,368,1,0,0,369
SP0074,2026-01-01,815,47,15,0,847
SP0075,2026-01-01,691,42,18,0,715
SP0076,2026-01-01,352,378,380,5,345
SP0077,2026-01-01,326,320,318,2,326
SP0078,2026-01-01,583,282,242,3,620
SP0079,2026-01-01,472,300,272,1,499
SP0080,2026-01-01,794,84,36,0,842
SP0081,2026-01-01,846,76,42,0,880
SP0082,2026-01-01,337,10,0,0,347
SP0083,2026-01-01,430,15,2,0,443
SP0084,2026-01-01,473,482,490,9,456
SP0085,2026-01-01,576,79,29,2,624
SP0086,2026-01-01,662,5,0,0,667
SP0087,2026-01-01,766,55,23,1,797
SP0088,2026-01-01,471,344,345,3,467
SP0089,2026-01-01,432,239,238,2,431
SP0090,2026-01-01,421,466,485,1,401
SP0091,2026-01-01,265,4,0,0,269
SP0092,2026-01-01,607,408,413,1,601
SP0093,2026-01-01,551,450,420,2,579
SP0094,2026-01-01,856,63,21,1,897
SP0095,2026-01-01,396,354,350,3,397
SP0096,2026-01-01,629,213,188,1,653
SP0097,2026-01-01,613,455,423,6,639
SP0098,2026-01-01,928,96,41,1,982
SP0099,2026-01-01,379,268,242,3,402
SP0100,2026-01-01,630,37,14,0,653
SP0101,2026-01-01,463,394,347,1,509
SP0102,2026-01-01,674,76,44,0,706
SP0103,2026-01-01,507,532,557,4,478
SP0104,2026-01-01,509,417,371,1,554
SP0105,2026-01-01,911,77,23,0,965
SP0106,2026-01-01,556,367,326,3,594
SP0107,2026-01-01,476,441,411,2,504
SP0108,2026-01-01,304,238,230,2,310
SP0109,2026-01-01,829,55,32,0,852
SP0110,2026-01-01,612,245,221,1,635
SP0111,2026-01-01,645,28,9,0,664
SP0112,2026-01-01,504,227,203,3,525
SP0113,2026-01-01,435,520,531,2,422
SP0114,2026-01-01,490,270,249,1,510
SP0115,2026-01-01,619,410,364,1,664
SP0116,2026-01-01,295,372,358,1,308
SP0117,2026-01-01,304,441,403,3,339
SP0118,2026-01-01,341,259,263,1,336
SP0119,2026-01-01,605,14,0,0,619
SP0120,2026-01-01,702,495,483,6,708
SP0121,2026-01-01,434,364,314,5,479
SP0122,2026-01-01,926,50,28,1,947
SP0123,2026-01-01,457,407,406,3,455
SP0124,2026-01-01,484,278,284,5,473
SP0125,2026-01-01,728,70,32,1,765
SP0126,2026-01-01,551,13,1,0,563
SP0127,2026-01-01,783,411,422,1,771
SP0128,2026-01-01,303,15,0,0,318
SP0129,2026-01-01,763,303,307,3,756
SP0130,2026-01-01,661,338,315,3,681
SP0131,2026-01-01,331,506,492,1,344
SP0132,2026-01-01,211,6,0,0,217
SP0133,2026-01-01,257,410,392,4,271
SP0134,2026-01-01,310,440,443,6,301
SP0135,2026-01-01,660,229,195,1,693
SP0136,2026-01-01,491,420,420,2,489
SP0137,2026-01-01,356,329,314,1,370
SP0138,2026-01-01,501,451,461,3,488
SP0139,2026-01-01,280,387,381,7,279
SP0140,2026-01-01,328,250,246,4,328
SP0141,2026-01-01,532,420,438,4,510
SP0142,2026-01-01,675,353,332,1,695
SP0143,2026-01-01,612,417,405,3,621
SP0144,2026-01-01,331,355,366,4,316
SP0145,2026-01-01,547,104,58,1,592
SP0146,2026-01-01,421,508,433,9,487
SP0147,2026-01-01,727,27,13,0,741
SP0148,2026-01-01,665,383,343,3,702
SP0149,2026-01-01,666,233,226,1,672
SP0150,2026-01-01,505,210,205,2,508
SP0151,2026-01-01,224,323,331,1,215
SP0152,2026-01-01,388,406,408,6,380
SP0153,2026-01-01,431,481,499,6,407
SP0154,2026-01-01,364,444,449,4,355
SP0155,2026-01-01,561,527,493,8,587
SP0156,2026-01-01,602,252,244,2,608
SP0157,2026-01-01,443,309,264,4,484
SP0158,2026-01-01,564,514,516,6,556
SP0159,2026-01-01,419,379,353,0,445
SP0160,2026-01-01,1067,76,33,1,1109
SP0161,2026-01-01,384,484,502,2,364
SP0162,2026-01-01,629,90,50,1,668
SP0163,2026-01-01,215,413,430,5,193
SP0164,2026-01-01,371,214,193,1,391
SP0165,2026-01-01,787,58,24,0,821
SP0166,2026-01-01,284,18,1,0,301
SP0167,2026-01-01,487,366,370,2,481
SP0168,2026-01-01,537,242,235,1,543
SP0169,2026-01-01,732,51,17,0,766
SP0170,2026-01-01,696,71,23,1,743
SP0171,2026-01-01,522,272,273,1,520
SP0172,2026-01-01,580,389,373,2,594
SP0173,2026-01-01,787,245,245,3,784
SP0174,2026-01-01,635,344,334,0,645
SP0175,2026-01-01,454,411,364,3,498
SP0176,2026-01-01,535,445,402,3,575
SP0177,2026-01-01,580,427,440,2,565
SP0178,2026-01-01,840,88,52,1,875
SP0179,2026-01-01,486,248,218,2,514
SP0180,2026-01-01,626,317,283,0,660
SP0181,2026-01-01,955,90,33,0,1012
SP0182,2026-01-01,667,60,19,1,707
SP0183,2026-01-01,687,429,392,3,721
SP0184,2026-01-01,236,220,223,4,229
SP0185,2026-01-01,318,394,369,3,340
SP0186,2026-01-01,390,240,235,1,394
SP0187,2026-01-01,249,451,455,3,242
SP0188,2026-01-01,164,329,284,5,204
SP0189,2026-01-01,647,263,226,2,682
SP0190,2026-01-01,440,301,261,1,479
SP0191,2026-01-01,654,230,234,1,649
SP0192,2026-01-01,455,267,280,0,442
SP0193,2026-01-01,645,508,447,6,700
SP0194,2026-01-01,373,331,314,6,384
SP0195,2026-01-01,181,264,230,4,211
SP0196,2026-01-01,958,107,60,1,1004
SP0197,2026-01-01,785,237,221,1,800
SP0198,2026-01-01,821,52,30,0,843
SP0199,2026-01-01,934,79,46,1,966
SP0200,2026-01-01,418,388,338,0,468
SP0201,2026-01-01,287,302,272,1,316
SP0202,2026-01-01,643,321,329,0,635
SP0203,2026-01-01,433,448,386,2,493
SP0204,2026-01-01,765,98,36,0,827
SP0205,2026-01-01,436,462,457,1,440
SP0206,2026-01-01,452,317,284,3,482
SP0207,2026-01-01,637,369,373,3,630
SP0208,2026-01-01,399,493,502,3,387
SP0209,2026-01-01,475,452,441,4,482
SP0210,2026-01-01,267,333,330,3,267
SP0211,2026-01-01,541,323,277,2,585
SP0212,2026-01-01,345,11,1,0,355
SP0213,2026-01-01,586,259,268,1,576
SP0214,2026-01-01,414,404,384,1,433
SP0215,2026-01-01,204,287,298,6,187
SP0216,2026-01-01,511,506,474,6,537
SP0217,2026-01-01,313,476,410,3,376
SP0218,2026-01-01,469,512,458,4,519
SP0219,2026-01-01,630,315,310,5,630
SP0220,2026-01-01,437,327,295,3,466
SP0001,2026-02-01,639,37,13,0,663
SP0002,2026-02-01,662,134,122,1,673
SP0003,2026-02-01,654,180,160,2,672
SP0004,2026-02-01,250,13,1,0,262
SP0005,2026-02-01,551,239,248,3,539
SP0006,2026-02-01,802,195,170,0,827
SP0007,2026-02-01,545,131,134,2,540
SP0008,2026-02-01,710,183,181,0,712
SP0009,2026-02-01,653,159,165,0,647
SP0010,2026-02-01,341,113,117,0,337
SP0011,2026-02-01,640,239,210,2,667
SP0012,2026-02-01,434,132,136,1,429
SP0013,2026-02-01,801,42,20,1,822
SP0014,2026-02-01,709,245,208,1,745
SP0015,2026-02-01,406,8,0,0,414
SP0016,2026-02-01,515,197,202,0,510
SP0017,2026-02-01,639,203,180,1,661
SP0018,2026-02-01,661,43,18,0,686
SP0019,2026-02-01,724,207,179,1,751
SP0020,2026-02-01,591,15,1,0,605
SP0021,2026-02-01,687,124,125,1,685
SP0022,2026-02-01,612,14,1,0,625
SP0023,2026-02-01,327,238,236,2,327
SP0024,2026-02-01,735,27,10,0,752
SP0025,2026-02-01,377,196,184,1,388
SP0026,2026-02-01,203,11,0,0,214
SP0027,2026-02-01,691,129,129,1,690
SP0028,2026-02-01,458,181,186,3,450
SP0029,2026-02-01,461,0,0,0,461
SP0030,2026-02-01,385,170,145,0,410
SP0031,2026-02-01,685,245,243,1,686
SP0032,2026-02-01,954,49,26,0,977
SP0033,2026-02-01,563,279,251,5,586
SP0034,2026-02-01,749,170,171,1,747
SP0035,2026-02-01,379,125,121,0,383
SP0036,2026-02-01,440,17,0,0,457
SP0037,2026-02-01,533,264,230,4,563
SP0038,2026-02-01,564,137,134,1,566
SP0039,2026-02-01,379,10,0,0,389
SP0040,2026-02-01,952,20,6,0,966
SP0041,2026-02-01,335,241,224,1,351
SP0042,2026-02-01,472,166,153,2,483
SP0043,2026-02-01,694,271,246,1,718
SP0044,2026-02-01,688,114,106,0,696
SP0045,2026-02-01,412,120,103,2,427
SP0046,2026-02-01,373,144,122,1,394
SP0047,2026-02-01,391,172,151,3,409
SP0048,2026-02-01,500,127,127,1,499
SP0049,2026-02-01,239,4,0,0,243
SP0050,2026-02-01,267,7,0,0,274
SP0051,2026-02-01,717,18,9,0,726
SP0052,2026-02-01,596,252,252,2,594
SP0053,2026-02-01,611,116,103,2,622
SP0054,2026-02-01,866,37,19,0,884
SP0055,2026-02-01,884,48,21,1,910
SP0056,2026-02-01,648,124,119,1,652
SP0057,2026-02-01,380,13,1,0,392
SP0058,2026-02-01,837,18,8,0,847
SP0059,2026-02-01,490,4,0,0,494
SP0060,2026-02-01,905,41,21,0,925
SP0061,2026-02-01,594,197,201,2,588
SP0062,2026-02-01,685,151,142,1,693
SP0063,2026-02-01,584,12,0,0,596
SP0064,2026-02-01,638,40,17,0,661
SP0065,2026-02-01,805,149,128,1,825
SP0066,2026-02-01,528,216,186,1,557
SP0067,2026-02-01,361,187,178,2,368
SP0068,2026-02-01,927,32,17,0,942
SP0069,2026-02-01,362,14,0,0,376
SP0070,2026-02-01,306,238,243,3,298
SP0071,2026-02-01,764,171,146,0,789
SP0072,2026-02-01,592,256,227,0,621
SP0073,2026-02-01,369,12,1,0,380
SP0074,2026-02-01,847,26,8,0,865
SP0075,2026-02-01,715,16,5,0,726
SP0076,2026-02-01,345,171,160,1,355
SP0077,2026-02-01,326,165,154,2,335
SP0078,2026-02-01,620,230,233,3,614
SP0079,2026-02-01,499,208,207,2,498
SP0080,2026-02-01,842,30,15,0,857
SP0081,2026-02-01,880,28,16,0,892
SP0082,2026-02-01,347,6,0,0,353
SP0083,2026-02-01,443,17,2,0,458
SP0084,2026-02-01,456,268,254,4,466
SP0085,2026-02-01,624,49,16,1,656
SP0086,2026-02-01,667,11,0,0,678
SP0087,2026-02-01,797,21,7,0,811
SP0088,2026-02-01,467,186,162,3,488
SP0089,2026-02-01,431,195,168,1,457
SP0090,2026-02-01,401,106,107,0,400
SP0091,2026-02-01,269,15,0,0,284
SP0092,2026-02-01,601,230,215,1,615
SP0093,2026-02-01,579,212,187,1,603
SP0094,2026-02-01,897,19,6,0,910
SP0095,2026-02-01,397,140,129,1,407
SP0096,2026-02-01,653,170,165,1,657
SP0097,2026-02-01,639,157,139,2,655
SP0098,2026-02-01,982,20,7,0,995
SP0099,2026-02-01,402,110,103,2,407
SP0100,2026-02-01,653,31,14,0,670
SP0101,2026-02-01,509,108,95,0,522
SP0102,2026-02-01,706,31,13,0,724
SP0103,2026-02-01,478,156,133,2,499
SP0104,2026-02-01,554,239,207,0,586
SP0105,2026-02-01,965,23,8,0,980
SP0106,2026-02-01,594,257,222,5,624
SP0107,2026-02-01,504,229,223,1,509
SP0108,2026-02-01,310,200,172,1,337
SP0109,2026-02-01,852,51,15,0,888
SP0110,2026-02-01,635,120,109,0,646
SP0111,2026-02-01,664,46,17,0,693
SP0112,2026-02-01,525,132,122,1,534
SP0113,2026-02-01,422,178,178,3,419
SP0114,2026-02-01,510,269,241,3,535
SP0115,2026-02-01,664,159,164,1,658
SP0116,2026-02-01,308,167,144,0,331
SP0117,2026-02-01,339,151,141,0,349
SP0118,2026-02-01,336,223,198,3,358
SP0119,2026-02-01,619,3,0,0,622
SP0120,2026-02-01,708,159,164,2,701
SP0121,2026-02-01,479,277,269,3,484
SP0122,2026-02-01,947,39,20,1,965
SP0123,2026-02-01,455,194,168,2,479
SP0124,2026-02-01,473,249,255,5,462
SP0125,2026-02-01,765,55,25,1,794
SP0126,2026-02-01,563,7,0,0,570
SP0127,2026-02-01,771,218,191,1,797
SP0128,2026-02-01,318,4,0,0,322
SP0129,2026-02-01,756,242,251,1,746
SP0130,2026-02-01,681,229,217,1,692
SP0131,2026-02-01,344,236,219,1,360
SP0132,2026-02-01,217,16,0,0,233
SP0133,2026-02-01,271,108,91,1,287
SP0134,2026-02-01,301,211,194,1,317
SP0135,2026-02-01,693,111,104,0,700
SP0136,2026-02-01,489,197,192,0,494
SP0137,2026-02-01,370,198,174,1,393
SP0138,2026-02-01,488,189,197,2,478
SP0139,2026-02-01,279,242,228,4,289
SP0140,2026-02-01,328,107,91,0,344
SP0141,2026-02-01,510,203,198,3,512
SP0142,2026-02-01,695,161,149,1,706
SP0143,2026-02-01,621,169,164,2,624
SP0144,2026-02-01,316,162,166,1,311
SP0145,2026-02-01,592,29,12,0,609
SP0146,2026-02-01,487,237,221,3,500
SP0147,2026-02-01,741,15,5,0,751
SP0148,2026-02-01,702,187,159,1,729
SP0149,2026-02-01,672,159,162,1,668
SP0150,2026-02-01,508,254,260,2,500
SP0151,2026-02-01,215,250,220,3,242
SP0152,2026-02-01,380,190,175,3,392
SP0153,2026-02-01,407,218,207,1,417
SP0154,2026-02-01,355,134,124,0,365
SP0155,2026-02-01,587,161,146,3,599
SP0156,2026-02-01,608,256,238,3,623
SP0157,2026-02-01,484,275,234,4,521
SP0158,2026-02-01,556,105,107,1,553
SP0159,2026-02-01,445,278,261,1,461
SP0160,2026-02-01,1109,31,10,0,1130
SP0161,2026-02-01,364,252,216,2,398
SP0162,2026-02-01,668,38,17,0,689
SP0163,2026-02-01,193,216,213,2,194
SP0164,2026-02-01,391,200,207,0,384
SP0165,2026-02-01,821,43,15,0,849
SP0166,2026-02-01,301,15,0,0,316
SP0167,2026-02-01,481,147,141,1,486
SP0168,2026-02-01,543,151,155,1,538
SP0169,2026-02-01,766,53,21,0,798
SP0170,2026-02-01,743,53,29,1,766
SP0171,2026-02-01,520,258,219,2,557
SP0172,2026-02-01,594,211,179,1,625
SP0173,2026-02-01,784,146,130,2,798
SP0174,2026-02-01,645,247,218,0,674
SP0175,2026-02-01,498,251,249,1,499
SP0176,2026-02-01,575,128,127,2,574
SP0177,2026-02-01,565,137,125,2,575
SP0178,2026-02-01,875,24,12,0,887
SP0179,2026-02-01,514,143,131,2,524
SP0180,2026-02-01,660,222,198,0,684
SP0181,2026-02-01,1012,33,13,0,1032
SP0182,2026-02-01,707,52,21,1,737
SP0183,2026-02-01,721,135,135,2,719
SP0184,2026-02-01,229,241,244,3,223
SP0185,2026-02-01,340,175,180,1,334
SP0186,2026-02-01,394,112,105,0,401
SP0187,2026-02-01,242,176,171,2,245
SP0188,2026-02-01,204,194,194,1,203
SP0189,2026-02-01,682,217,194,1,704
SP0190,2026-02-01,479,227,215,1,490
SP0191,2026-02-01,649,276,245,1,679
SP0192,2026-02-01,442,251,223,0,470
SP0193,2026-02-01,700,247,251,2,694
SP0194,2026-02-01,384,268,271,2,379
SP0195,2026-02-01,211,230,234,3,204
SP0196,2026-02-01,1004,42,20,0,1026
SP0197,2026-02-01,800,208,213,0,795
SP0198,2026-02-01,843,41,19,0,865
SP0199,2026-02-01,966,46,16,1,995
SP0200,2026-02-01,468,260,256,0,472
SP0201,2026-02-01,316,273,263,1,325
SP0202,2026-02-01,635,246,249,1,631
SP0203,2026-02-01,493,184,159,1,517
SP0204,2026-02-01,827,41,20,0,848
SP0205,2026-02-01,440,151,130,0,461
SP0206,2026-02-01,482,259,263,2,476
SP0207,2026-02-01,630,187,172,1,644
SP0208,2026-02-01,387,250,256,2,379
SP0209,2026-02-01,482,239,217,2,502
SP0210,2026-02-01,267,157,135,1,288
SP0211,2026-02-01,585,126,116,2,593
SP0212,2026-02-01,355,12,1,0,366
SP0213,2026-02-01,576,277,251,1,601
SP0214,2026-02-01,433,157,142,1,447
SP0215,2026-02-01,187,147,129,2,203
SP0216,2026-02-01,537,117,99,2,553
SP0217,2026-02-01,376,188,193,2,369
SP0218,2026-02-01,519,227,229,1,516
SP0219,2026-02-01,630,244,235,2,637
SP0220,2026-02-01,466,265,230,2,499
SP0001,2026-03-01,663,26,8,0,681
SP0002,2026-03-01,673,236,244,1,664
SP0003,2026-03-01,672,167,144,0,695
SP0004,2026-03-01,262,4,0,0,266
SP0005,2026-03-01,539,190,197,1,531
SP0006,2026-03-01,827,170,151,0,846
SP0007,2026-03-01,540,312,296,1,555
SP0008,2026-03-01,712,260,237,0,735
SP0009,2026-03-01,647,200,180,1,666
SP0010,2026-03-01,337,220,222,0,335
SP0011,2026-03-01,667,229,234,1,661
SP0012,2026-03-01,429,304,262,4,467
SP0013,2026-03-01,822,58,34,1,845
SP0014,2026-03-01,745,290,273,1,761
SP0015,2026-03-01,414,2,0,0,416
SP0016,2026-03-01,510,149,145,0,514
SP0017,2026-03-01,661,260,227,1,693
SP0018,2026-03-01,686,21,7,0,700
SP0019,2026-03-01,751,288,257,3,779
SP0020,2026-03-01,605,3,0,0,608
SP0021,2026-03-01,685,260,262,1,682
SP0022,2026-03-01,625,4,0,0,629
SP0023,2026-03-01,327,256,254,3,326
SP0024,2026-03-01,752,28,15,0,765
SP0025,2026-03-01,388,221,209,1,399
SP0026,2026-03-01,214,12,0,0,226
SP0027,2026-03-01,690,239,243,1,685
SP0028,2026-03-01,450,265,269,3,443
SP0029,2026-03-01,461,18,0,0,479
SP0030,2026-03-01,410,145,134,1,420
SP0031,2026-03-01,686,201,183,1,703
SP0032,2026-03-01,977,23,9,0,991
SP0033,2026-03-01,586,151,150,2,585
SP0034,2026-03-01,747,189,175,3,758
SP0035,2026-03-01,383,285,245,0,423
SP0036,2026-03-01,457,7,0,0,464
SP0037,2026-03-01,563,156,140,1,578
SP0038,2026-03-01,566,297,256,0,607
SP0039,2026-03-01,389,4,0,0,393
SP0040,2026-03-01,966,59,20,1,1004
SP0041,2026-03-01,351,230,203,0,378
SP0042,2026-03-01,483,156,149,2,488
SP0043,2026-03-01,718,235,221,0,732
SP0044,2026-03-01,696,253,236,0,713
SP0045,2026-03-01,427,303,299,4,427
SP0046,2026-03-01,394,281,286,1,388
SP0047,2026-03-01,409,250,233,4,422
SP0048,2026-03-01,499,194,202,2,489
SP0049,2026-03-01,243,17,0,0,260
SP0050,2026-03-01,274,12,0,0,286
SP0051,2026-03-01,726,55,19,1,761
SP0052,2026-03-01,594,227,235,1,585
SP0053,2026-03-01,622,167,174,3,612
SP0054,2026-03-01,884,47,15,1,915
SP0055,2026-03-01,910,57,22,1,944
SP0056,2026-03-01,652,241,235,2,656
SP0057,2026-03-01,392,15,0,0,407
SP0058,2026-03-01,847,55,17,0,885
SP0059,2026-03-01,494,4,0,0,498
SP0060,2026-03-01,925,40,18,0,947
SP0061,2026-03-01,588,301,279,4,606
SP0062,2026-03-01,693,167,165,2,693
SP0063,2026-03-01,596,12,1,0,607
SP0064,2026-03-01,661,33,16,0,678
SP0065,2026-03-01,825,167,147,0,845
SP0066,2026-03-01,557,197,198,1,555
SP0067,2026-03-01,368,274,263,1,378
SP0068,2026-03-01,942,36,12,0,966
SP0069,2026-03-01,376,16,1,0,391
SP0070,2026-03-01,298,203,179,1,321
SP0071,2026-03-01,789,257,259,1,786
SP0072,2026-03-01,621,267,272,0,616
SP0073,2026-03-01,380,10,0,0,390
SP0074,2026-03-01,865,29,10,0,884
SP0075,2026-03-01,726,18,5,0,739
SP0076,2026-03-01,355,199,174,2,378
SP0077,2026-03-01,335,220,205,2,348
SP0078,2026-03-01,614,314,295,2,631
SP0079,2026-03-01,498,224,229,1,492
SP0080,2026-03-01,857,48,20,0,885
SP0081,2026-03-01,892,20,6,0,906
SP0082,2026-03-01,353,7,0,0,360
SP0083,2026-03-01,458,2,0,0,460
SP0084,2026-03-01,466,192,169,2,487
SP0085,2026-03-01,656,31,18,0,669
SP0086,2026-03-01,678,19,0,0,697
SP0087,2026-03-01,811,33,14,0,830
SP0088,2026-03-01,488,227,194,1,520
SP0089,2026-03-01,457,280,259,1,477
SP0090,2026-03-01,400,314,310,0,404
SP0091,2026-03-01,284,4,0,0,288
SP0092,2026-03-01,615,235,237,1,612
SP0093,2026-03-01,603,312,275,0,640
SP0094,2026-03-01,910,40,18,1,931
SP0095,2026-03-01,407,148,127,2,426
SP0096,2026-03-01,657,288,296,1,648
SP0097,2026-03-01,655,225,203,1,676
SP0098,2026-03-01,995,41,23,0,1013
SP0099,2026-03-01,407,306,280,3,430
SP0100,2026-03-01,670,43,19,0,694
SP0101,2026-03-01,522,297,309,0,510
SP0102,2026-03-01,724,56,20,0,760
SP0103,2026-03-01,499,264,276,3,484
SP0104,2026-03-01,586,281,284,0,583
SP0105,2026-03-01,980,16,7,0,989
SP0106,2026-03-01,624,242,247,1,618
SP0107,2026-03-01,509,192,168,1,532
SP0108,2026-03-01,337,139,141,0,335
SP0109,2026-03-01,888,61,21,0,928
SP0110,2026-03-01,646,190,179,2,655
SP0111,2026-03-01,693,43,17,0,719
SP0112,2026-03-01,534,174,162,1,545
SP0113,2026-03-01,419,237,241,2,413
SP0114,2026-03-01,535,180,168,2,545
SP0115,2026-03-01,658,274,255,1,676
SP0116,2026-03-01,331,130,127,0,334
SP0117,2026-03-01,349,208,201,1,355
SP0118,2026-03-01,358,193,200,3,348
SP0119,2026-03-01,622,14,0,0,636
SP0120,2026-03-01,701,171,165,1,706
SP0121,2026-03-01,484,160,139,2,503
SP0122,2026-03-01,965,43,24,0,984
SP0123,2026-03-01,479,292,305,2,464
SP0124,2026-03-01,462,295,288,3,466
SP0125,2026-03-01,794,57,26,1,824
SP0126,2026-03-01,570,10,0,0,580
SP0127,2026-03-01,797,162,139,0,820
SP0128,2026-03-01,322,4,0,0,326
SP0129,2026-03-01,746,222,226,2,740
SP0130,2026-03-01,692,234,237,1,688
SP0131,2026-03-01,360,227,194,1,392
SP0132,2026-03-01,233,3,0,0,236
SP0133,2026-03-01,287,286,278,3,292
SP0134,2026-03-01,317,138,139,2,314
SP0135,2026-03-01,700,226,212,0,714
SP0136,2026-03-01,494,293,263,1,523
SP0137,2026-03-01,393,274,251,1,415
SP0138,2026-03-01,478,207,210,2,473
SP0139,2026-03-01,289,171,176,1,283
SP0140,2026-03-01,344,216,202,3,355
SP0141,2026-03-01,512,284,281,4,511
SP0142,2026-03-01,706,271,266,1,710
SP0143,2026-03-01,624,158,143,2,637
SP0144,2026-03-01,311,159,135,1,334
SP0145,2026-03-01,609,23,8,0,624
SP0146,2026-03-01,500,121,118,1,502
SP0147,2026-03-01,751,19,6,0,764
SP0148,2026-03-01,729,309,318,3,717
SP0149,2026-03-01,668,151,130,0,689
SP0150,2026-03-01,500,164,156,2,506
SP0151,2026-03-01,242,149,134,1,256
SP0152,2026-03-01,392,165,153,1,403
SP0153,2026-03-01,417,221,210,2,426
SP0154,2026-03-01,365,316,320,2,359
SP0155,2026-03-01,599,128,112,2,613
SP0156,2026-03-01,623,266,231,2,656
SP0157,2026-03-01,521,247,244,1,523
SP0158,2026-03-01,553,153,147,1,558
SP0159,2026-03-01,461,169,152,0,478
SP0160,2026-03-01,1130,45,13,0,1162
SP0161,2026-03-01,398,276,250,4,420
SP0162,2026-03-01,689,62,36,1,714
SP0163,2026-03-01,194,152,144,2,200
SP0164,2026-03-01,384,194,193,1,384
SP0165,2026-03-01,849,47,26,0,870
SP0166,2026-03-01,316,4,0,0,320
SP0167,2026-03-01,486,257,230,1,512
SP0168,2026-03-01,538,179,159,1,557
SP0169,2026-03-01,798,27,13,0,812
SP0170,2026-03-01,766,44,22,0,788
SP0171,2026-03-01,557,226,193,2,588
SP0172,2026-03-01,625,291,300,1,615
SP0173,2026-03-01,798,310,311,3,794
SP0174,2026-03-01,674,233,234,1,672
SP0175,2026-03-01,499,160,146,1,512
SP0176,2026-03-01,574,241,209,2,604
SP0177,2026-03-01,575,311,281,2,603
SP0178,2026-03-01,887,48,27,1,907
SP0179,2026-03-01,524,280,256,1,547
SP0180,2026-03-01,684,286,281,1,688
SP0181,2026-03-01,1032,27,8,0,1051
SP0182,2026-03-01,737,44,21,0,760
SP0183,2026-03-01,719,175,153,2,739
SP0184,2026-03-01,223,130,134,2,217
SP0185,2026-03-01,334,225,204,1,354
SP0186,2026-03-01,401,302,278,1,424
SP0187,2026-03-01,245,212,218,2,237
SP0188,2026-03-01,203,147,153,2,195
SP0189,2026-03-01,704,163,168,2,697
SP0190,2026-03-01,490,143,141,1,491
SP0191,2026-03-01,679,285,251,1,712
SP0192,2026-03-01,470,308,271,1,506
SP0193,2026-03-01,694,213,217,1,689
SP0194,2026-03-01,379,204,188,3,392
SP0195,2026-03-01,204,204,199,1,208
SP0196,2026-03-01,1026,61,25,1,1061
SP0197,2026-03-01,795,270,245,1,819
SP0198,2026-03-01,865,51,28,0,888
SP0199,2026-03-01,995,46,19,1,1021
SP0200,2026-03-01,472,255,229,0,498
SP0201,2026-03-01,325,242,235,1,331
SP0202,2026-03-01,631,267,239,1,658
SP0203,2026-03-01,517,228,226,1,518
SP0204,2026-03-01,848,37,16,0,869
SP0205,2026-03-01,461,313,321,0,453
SP0206,2026-03-01,476,199,169,1,505
SP0207,2026-03-01,644,201,176,1,668
SP0208,2026-03-01,379,169,153,2,393
SP0209,2026-03-01,502,141,140,1,502
SP0210,2026-03-01,288,266,277,1,276
SP0211,2026-03-01,593,258,223,3,625
SP0212,2026-03-01,366,7,0,0,373
SP0213,2026-03-01,601,148,135,1,613
SP0214,2026-03-01,447,260,258,2,447
SP0215,2026-03-01,203,165,143,3,222
SP0216,2026-03-01,553,218,193,2,576
SP0217,2026-03-01,369,317,311,4,371
SP0218,2026-03-01,516,155,159,1,511
SP0219,2026-03-01,637,275,286,4,622
SP0220,2026-03-01,499,124,127,0,496
SP0001,2026-04-01,681,43,18,0,706
SP0002,2026-04-01,664,278,264,2,676
SP0003,2026-04-01,695,189,190,1,693
SP0004,2026-04-01,266,11,0,0,277
SP0005,2026-04-01,531,299,310,3,517
SP0006,2026-04-01,846,273,263,0,856
SP0007,2026-04-01,555,197,183,1,568
SP0008,2026-04-01,735,167,153,0,749
SP0009,2026-04-01,666,322,301,1,686
SP0010,2026-04-01,335,184,180,1,338
SP0011,2026-04-01,661,263,270,3,651
SP0012,2026-04-01,467,149,133,2,481
SP0013,2026-04-01,845,31,13,0,863
SP0014,2026-04-01,761,205,196,1,769
SP0015,2026-04-01,416,8,1,0,423
SP0016,2026-04-01,514,228,212,0,530
SP0017,2026-04-01,693,198,194,1,696
SP0018,2026-04-01,700,29,10,0,719
SP0019,2026-04-01,779,311,286,2,802
SP0020,2026-04-01,608,4,0,0,612
SP0021,2026-04-01,682,326,289,2,717
SP0022,2026-04-01,629,2,0,0,631
SP0023,2026-04-01,326,298,293,4,327
SP0024,2026-04-01,765,54,30,0,789
SP0025,2026-04-01,399,348,329,3,415
SP0026,2026-04-01,226,16,0,0,242
SP0027,2026-04-01,685,320,294,2,709
SP0028,2026-04-01,443,169,170,1,441
SP0029,2026-04-01,479,10,0,0,489
SP0030,2026-04-01,420,295,307,0,408
SP0031,2026-04-01,703,254,264,1,692
SP0032,2026-04-01,991,68,26,1,1032
SP0033,2026-04-01,585,304,314,2,573
SP0034,2026-04-01,758,265,248,2,773
SP0035,2026-04-01,423,327,340,1,409
SP0036,2026-04-01,464,18,2,0,480
SP0037,2026-04-01,578,219,200,3,594
SP0038,2026-04-01,607,279,243,1,642
SP0039,2026-04-01,393,17,0,0,410
SP0040,2026-04-01,1004,56,17,1,1042
SP0041,2026-04-01,378,165,157,0,386
SP0042,2026-04-01,488,226,196,2,516
SP0043,2026-04-01,732,262,233,0,761
SP0044,2026-04-01,713,273,280,1,705
SP0045,2026-04-01,427,171,148,2,448
SP0046,2026-04-01,388,332,326,2,392
SP0047,2026-04-01,422,159,138,3,440
SP0048,2026-04-01,489,183,185,1,486
SP0049,2026-04-01,260,12,1,0,271
SP0050,2026-04-01,286,6,0,0,292
SP0051,2026-04-01,761,50,19,1,791
SP0052,2026-04-01,585,234,227,1,591
SP0053,2026-04-01,612,167,157,2,620
SP0054,2026-04-01,915,37,17,1,934
SP0055,2026-04-01,944,56,25,0,975
SP0056,2026-04-01,656,191,169,1,677
SP0057,2026-04-01,407,4,0,0,411
SP0058,2026-04-01,885,18,6,0,897
SP0059,2026-04-01,498,6,0,0,504
SP0060,2026-04-01,947,31,16,0,962
SP0061,2026-04-01,606,333,285,4,650
SP0062,2026-04-01,693,195,172,3,713
SP0063,2026-04-01,607,6,0,0,613
SP0064,2026-04-01,678,30,9,0,699
SP0065,2026-04-01,845,278,271,1,851
SP0066,2026-04-01,555,352,327,1,579
SP0067,2026-04-01,378,319,309,2,386
SP0068,2026-04-01,966,21,11,0,976
SP0069,2026-04-01,391,12,1,0,402
SP0070,2026-04-01,321,270,248,1,342
SP0071,2026-04-01,786,220,207,0,799
SP0072,2026-04-01,616,213,207,0,622
SP0073,2026-04-01,390,6,0,0,396
SP0074,2026-04-01,884,50,16,0,918
SP0075,2026-04-01,739,51,27,1,762
SP0076,2026-04-01,378,184,179,3,380
SP0077,2026-04-01,348,296,280,4,360
SP0078,2026-04-01,631,153,140,1,643
SP0079,2026-04-01,492,222,210,2,502
SP0080,2026-04-01,885,30,17,0,898
SP0081,2026-04-01,906,22,11,0,917
SP0082,2026-04-01,360,11,1,0,370
SP0083,2026-04-01,460,4,0,0,464
SP0084,2026-04-01,487,135,136,1,485
SP0085,2026-04-01,669,24,8,0,685
SP0086,2026-04-01,697,7,1,0,703
SP0087,2026-04-01,830,30,9,0,851
SP0088,2026-04-01,520,320,307,2,531
SP0089,2026-04-01,477,262,268,1,470
SP0090,2026-04-01,404,142,142,0,404
SP0091,2026-04-01,288,12,1,0,299
SP0092,2026-04-01,612,286,275,3,620
SP0093,2026-04-01,640,270,245,1,664
SP0094,2026-04-01,931,30,14,0,947
SP0095,2026-04-01,426,357,313,4,466
SP0096,2026-04-01,648,238,219,1,666
SP0097,2026-04-01,676,153,159,2,668
SP0098,2026-04-01,1013,52,26,0,1039
SP0099,2026-04-01,430,227,234,3,420
SP0100,2026-04-01,694,65,25,1,733
SP0101,2026-04-01,510,290,301,1,498
SP0102,2026-04-01,760,44,14,0,790
SP0103,2026-04-01,484,217,212,2,487
SP0104,2026-04-01,583,247,250,1,579
SP0105,2026-04-01,989,62,24,1,1026
SP0106,2026-04-01,618,317,310,4,621
SP0107,2026-04-01,532,321,280,1,572
SP0108,2026-04-01,335,289,294,4,326
SP0109,2026-04-01,928,61,23,0,966
SP0110,2026-04-01,655,283,267,2,669
SP0111,2026-04-01,719,70,38,0,751
SP0112,2026-04-01,545,170,146,1,568
SP0113,2026-04-01,413,250,235,4,424
SP0114,2026-04-01,545,338,322,2,559
SP0115,2026-04-01,676,220,222,1,673
SP0116,2026-04-01,334,351,339,0,346
SP0117,2026-04-01,355,246,210,1,390
SP0118,2026-04-01,348,346,328,5,361
SP0119,2026-04-01,636,11,0,0,647
SP0120,2026-04-01,706,328,320,3,711
SP0121,2026-04-01,503,209,182,2,528
SP0122,2026-04-01,984,61,29,0,1016
SP0123,2026-04-01,464,219,188,3,492
SP0124,2026-04-01,466,323,321,2,466
SP0125,2026-04-01,824,49,16,1,856
SP0126,2026-04-01,580,6,0,0,586
SP0127,2026-04-01,820,145,126,0,839
SP0128,2026-04-01,326,19,1,0,344
SP0129,2026-04-01,740,259,238,3,758
SP0130,2026-04-01,688,153,158,2,681
SP0131,2026-04-01,392,297,308,1,380
SP0132,2026-04-01,236,19,0,0,255
SP0133,2026-04-01,292,191,167,1,315
SP0134,2026-04-01,314,350,333,2,329
SP0135,2026-04-01,714,309,279,1,743
SP0136,2026-04-01,523,278,264,1,536
SP0137,2026-04-01,415,202,191,0,426
SP0138,2026-04-01,473,180,178,1,474
SP0139,2026-04-01,283,199,170,2,310
SP0140,2026-04-01,355,220,221,2,352
SP0141,2026-04-01,511,358,374,5,490
SP0142,2026-04-01,710,172,169,1,712
SP0143,2026-04-01,637,284,281,2,638
SP0144,2026-04-01,334,281,263,3,349
SP0145,2026-04-01,624,64,28,1,659
SP0146,2026-04-01,502,156,156,3,499
SP0147,2026-04-01,764,33,19,0,778
SP0148,2026-04-01,717,342,338,3,718
SP0149,2026-04-01,689,202,186,1,704
SP0150,2026-04-01,506,349,357,5,493
SP0151,2026-04-01,256,266,262,3,257
SP0152,2026-04-01,403,213,201,4,411
SP0153,2026-04-01,426,185,167,1,443
SP0154,2026-04-01,359,276,234,1,400
SP0155,2026-04-01,613,278,240,2,649
SP0156,2026-04-01,656,359,364,5,646
SP0157,2026-04-01,523,176,153,2,544
SP0158,2026-04-01,558,353,320,2,589
SP0159,2026-04-01,478,319,320,1,476
SP0160,2026-04-01,1162,25,11,0,1176
SP0161,2026-04-01,420,262,241,4,437
SP0162,2026-04-01,714,26,8,0,732
SP0163,2026-04-01,200,294,287,1,206
SP0164,2026-04-01,384,315,271,0,428
SP0165,2026-04-01,870,25,9,0,886
SP0166,2026-04-01,320,15,1,0,334
SP0167,2026-04-01,512,307,304,2,513
SP0168,2026-04-01,557,146,131,1,571
SP0169,2026-04-01,812,20,6,0,826
SP0170,2026-04-01,788,47,14,1,820
SP0171,2026-04-01,588,191,176,1,602
SP0172,2026-04-01,615,288,252,1,650
SP0173,2026-04-01,794,342,311,2,823
SP0174,2026-04-01,672,190,163,0,699
SP0175,2026-04-01,512,277,276,1,512
SP0176,2026-04-01,604,335,311,3,625
SP0177,2026-04-01,603,169,146,1,625
SP0178,2026-04-01,907,34,16,0,925
SP0179,2026-04-01,547,280,290,4,533
SP0180,2026-04-01,688,145,145,1,687
SP0181,2026-04-01,1051,34,18,0,1067
SP0182,2026-04-01,760,61,28,0,793
SP0183,2026-04-01,739,172,148,2,761
SP0184,2026-04-01,217,346,301,3,259
SP0185,2026-04-01,354,345,330,3,366
SP0186,2026-04-01,424,170,165,0,429
SP0187,2026-04-01,237,240,228,2,247
SP0188,2026-04-01,195,177,178,2,192
SP0189,2026-04-01,697,161,160,1,697
SP0190,2026-04-01,491,141,145,1,486
SP0191,2026-04-01,712,139,138,0,713
SP0192,2026-04-01,506,185,186,0,505
SP0193,2026-04-01,689,308,322,3,672
SP0194,2026-04-01,392,268,268,1,391
SP0195,2026-04-01,208,193,193,4,204
SP0196,2026-04-01,1061,35,19,0,1077
SP0197,2026-04-01,819,135,133,0,821
SP0198,2026-04-01,888,42,17,0,913
SP0199,2026-04-01,1021,30,9,0,1042
SP0200,2026-04-01,498,139,128,1,508
SP0201,2026-04-01,331,250,250,1,330
SP0202,2026-04-01,658,309,306,1,660
SP0203,2026-04-01,518,266,229,1,554
SP0204,2026-04-01,869,24,12,0,881
SP0205,2026-04-01,453,340,344,1,448
SP0206,2026-04-01,505,170,171,1,503
SP0207,2026-04-01,668,195,185,0,678
SP0208,2026-04-01,393,327,309,5,406
SP0209,2026-04-01,502,285,284,3,500
SP0210,2026-04-01,276,329,281,1,323
SP0211,2026-04-01,625,276,274,1,626
SP0212,2026-04-01,373,1,0,0,374
SP0213,2026-04-01,613,183,174,1,621
SP0214,2026-04-01,447,192,164,1,474
SP0215,2026-04-01,222,335,313,2,242
SP0216,2026-04-01,576,255,263,2,566
SP0217,2026-04-01,371,142,125,2,386
SP0218,2026-04-01,511,273,254,4,526
SP0219,2026-04-01,622,252,256,3,615
SP0220,2026-04-01,496,351,339,1,507
SP0001,2026-05-01,706,74,33,1,746
SP0002,2026-05-01,676,242,210,2,706
SP0003,2026-05-01,693,144,132,1,704
SP0004,2026-05-01,277,8,1,0,284
SP0005,2026-05-01,517,323,321,2,517
SP0006,2026-05-01,856,215,200,1,870
SP0007,2026-05-01,568,227,225,3,567
SP0008,2026-05-01,749,211,189,1,770
SP0009,2026-05-01,686,375,347,1,713
SP0010,2026-05-01,338,365,379,1,323
SP0011,2026-05-01,651,336,297,2,688
SP0012,2026-05-01,481,195,197,2,477
SP0013,2026-05-01,863,64,24,1,902
SP0014,2026-05-01,769,369,327,1,810
SP0015,2026-05-01,423,0,0,0,423
SP0016,2026-05-01,530,338,312,1,555
SP0017,2026-05-01,696,373,331,3,735
SP0018,2026-05-01,719,57,25,0,751
SP0019,2026-05-01,802,198,179,2,819
SP0020,2026-05-01,612,8,0,0,620
SP0021,2026-05-01,717,271,234,2,752
SP0022,2026-05-01,631,10,1,0,640
SP0023,2026-05-01,327,275,274,2,326
SP0024,2026-05-01,789,54,23,0,820
SP0025,2026-05-01,415,166,157,1,423
SP0026,2026-05-01,242,18,1,0,259
SP0027,2026-05-01,709,331,344,5,691
SP0028,2026-05-01,441,348,358,2,429
SP0029,2026-05-01,489,18,2,0,505
SP0030,2026-05-01,408,173,149,0,432
SP0031,2026-05-01,692,305,315,1,681
SP0032,2026-05-01,1032,37,17,1,1051
SP0033,2026-05-01,573,197,196,3,571
SP0034,2026-05-01,773,353,349,2,775
SP0035,2026-05-01,409,305,292,0,422
SP0036,2026-05-01,480,10,0,0,490
SP0037,2026-05-01,594,147,147,2,592
SP0038,2026-05-01,642,371,383,0,630
SP0039,2026-05-01,410,10,0,0,420
SP0040,2026-05-01,1042,58,26,1,1073
SP0041,2026-05-01,386,198,169,1,414
SP0042,2026-05-01,516,178,173,3,518
SP0043,2026-05-01,761,241,218,1,783
SP0044,2026-05-01,705,251,249,1,706
SP0045,2026-05-01,448,222,204,3,463
SP0046,2026-05-01,392,308,294,2,404
SP0047,2026-05-01,440,243,230,2,451
SP0048,2026-05-01,486,223,230,1,478
SP0049,2026-05-01,271,2,0,0,273
SP0050,2026-05-01,292,8,1,0,299
SP0051,2026-05-01,791,64,35,1,819
SP0052,2026-05-01,591,330,302,2,617
SP0053,2026-05-01,620,158,153,2,623
SP0054,2026-05-01,934,60,29,1,964
SP0055,2026-05-01,975,34,13,0,996
SP0056,2026-05-01,677,269,262,2,682
SP0057,2026-05-01,411,7,0,0,418
SP0058,2026-05-01,897,75,28,0,944
SP0059,2026-05-01,504,10,1,0,513
SP0060,2026-05-01,962,30,13,0,979
SP0061,2026-05-01,650,200,192,1,657
SP0062,2026-05-01,713,353,319,4,743
SP0063,2026-05-01,613,6,0,0,619
SP0064,2026-05-01,699,62,22,1,738
SP0065,2026-05-01,851,217,199,0,869
SP0066,2026-05-01,579,325,298,1,605
SP0067,2026-05-01,386,193,175,2,402
SP0068,2026-05-01,976,36,19,0,993
SP0069,2026-05-01,402,7,0,0,409
SP0070,2026-05-01,342,293,252,3,380
SP0071,2026-05-01,799,238,237,1,799
SP0072,2026-05-01,622,278,273,1,626
SP0073,2026-05-01,396,1,0,0,397
SP0074,2026-05-01,918,33,12,0,939
SP0075,2026-05-01,762,30,16,0,776
SP0076,2026-05-01,380,335,297,4,414
SP0077,2026-05-01,360,244,238,3,363
SP0078,2026-05-01,643,289,271,2,659
SP0079,2026-05-01,502,278,267,2,511
SP0080,2026-05-01,898,27,13,0,912
SP0081,2026-05-01,917,65,31,0,951
SP0082,2026-05-01,370,5,0,0,375
SP0083,2026-05-01,464,0,0,0,464
SP0084,2026-05-01,485,340,315,7,503
SP0085,2026-05-01,685,61,32,1,713
SP0086,2026-05-01,703,19,0,0,722
SP0087,2026-05-01,851,41,13,1,878
SP0088,2026-05-01,531,286,288,6,523
SP0089,2026-05-01,470,369,365,2,472
SP0090,2026-05-01,404,352,366,1,389
SP0091,2026-05-01,299,6,0,0,305
SP0092,2026-05-01,620,152,151,1,620
SP0093,2026-05-01,664,341,297,0,708
SP0094,2026-05-01,947,58,27,1,977
SP0095,2026-05-01,466,220,189,2,495
SP0096,2026-05-01,666,260,253,2,671
SP0097,2026-05-01,668,338,347,6,653
SP0098,2026-05-01,1039,28,11,0,1056
SP0099,2026-05-01,420,181,177,3,421
SP0100,2026-05-01,733,70,28,0,775
SP0101,2026-05-01,498,331,294,0,535
SP0102,2026-05-01,790,47,26,0,811
SP0103,2026-05-01,487,219,220,3,483
SP0104,2026-05-01,579,215,199,1,594
SP0105,2026-05-01,1026,51,16,0,1061
SP0106,2026-05-01,621,210,192,1,638
SP0107,2026-05-01,572,200,173,1,598
SP0108,2026-05-01,326,249,215,4,356
SP0109,2026-05-01,966,20,9,0,977
SP0110,2026-05-01,669,157,153,1,672
SP0111,2026-05-01,751,69,32,1,787
SP0112,2026-05-01,568,229,233,2,562
SP0113,2026-05-01,424,202,177,2,447
SP0114,2026-05-01,559,191,167,1,582
SP0115,2026-05-01,673,322,296,1,698
SP0116,2026-05-01,346,189,194,1,340
SP0117,2026-05-01,390,183,182,1,390
SP0118,2026-05-01,361,198,168,2,389
SP0119,2026-05-01,647,0,0,0,647
SP0120,2026-05-01,711,372,355,4,724
SP0121,2026-05-01,528,347,325,3,547
SP0122,2026-05-01,1016,64,28,1,1051
SP0123,2026-05-01,492,193,164,1,520
SP0124,2026-05-01,466,204,183,4,483
SP0125,2026-05-01,856,65,32,1,888
SP0126,2026-05-01,586,2,0,0,588
SP0127,2026-05-01,839,372,383,2,826
SP0128,2026-05-01,344,8,1,0,351
SP0129,2026-05-01,758,159,166,1,750
SP0130,2026-05-01,681,178,165,3,691
SP0131,2026-05-01,380,256,247,2,387
SP0132,2026-05-01,255,2,0,0,257
SP0133,2026-05-01,315,146,130,2,329
SP0134,2026-05-01,329,242,215,2,354
SP0135,2026-05-01,743,153,159,1,736
SP0136,2026-05-01,536,371,334,1,572
SP0137,2026-05-01,426,236,202,0,460
SP0138,2026-05-01,474,199,194,1,478
SP0139,2026-05-01,310,254,237,5,322
SP0140,2026-05-01,352,156,133,1,374
SP0141,2026-05-01,490,298,299,5,484
SP0142,2026-05-01,712,180,161,0,731
SP0143,2026-05-01,638,344,358,2,622
SP0144,2026-05-01,349,302,302,4,345
SP0145,2026-05-01,659,21,6,0,674
SP0146,2026-05-01,499,268,252,2,513
SP0147,2026-05-01,778,33,19,0,792
SP0148,2026-05-01,718,322,332,3,705
SP0149,2026-05-01,704,304,279,1,728
SP0150,2026-05-01,493,363,320,5,531
SP0151,2026-05-01,257,226,230,2,251
SP0152,2026-05-01,411,154,144,3,418
SP0153,2026-05-01,443,332,336,1,438
SP0154,2026-05-01,400,351,341,2,408
SP0155,2026-05-01,649,297,287,5,654
SP0156,2026-05-01,646,371,365,2,650
SP0157,2026-05-01,544,303,307,5,535
SP0158,2026-05-01,589,224,196,1,616
SP0159,2026-05-01,476,173,180,0,469
SP0160,2026-05-01,1176,67,22,0,1221
SP0161,2026-05-01,437,281,272,3,443
SP0162,2026-05-01,732,20,11,0,741
SP0163,2026-05-01,206,152,130,1,227
SP0164,2026-05-01,428,179,168,1,438
SP0165,2026-05-01,886,41,18,0,909
SP0166,2026-05-01,334,12,0,0,346
SP0167,2026-05-01,513,269,264,2,516
SP0168,2026-05-01,571,166,170,1,566
SP0169,2026-05-01,826,53,24,0,855
SP0170,2026-05-01,820,31,10,0,841
SP0171,2026-05-01,602,157,144,2,613
SP0172,2026-05-01,650,270,280,1,639
SP0173,2026-05-01,823,370,367,3,823
SP0174,2026-05-01,699,378,349,1,727
SP0175,2026-05-01,512,372,348,4,532
SP0176,2026-05-01,625,301,283,2,641
SP0177,2026-05-01,625,177,160,3,639
SP0178,2026-05-01,925,52,30,0,947
SP0179,2026-05-01,533,375,393,2,513
SP0180,2026-05-01,687,167,150,0,704
SP0181,2026-05-01,1067,31,15,0,1083
SP0182,2026-05-01,793,65,28,0,830
SP0183,2026-05-01,761,143,133,0,771
SP0184,2026-05-01,259,202,201,2,258
SP0185,2026-05-01,366,215,211,2,368
SP0186,2026-05-01,429,331,298,1,461
SP0187,2026-05-01,247,329,301,4,271
SP0188,2026-05-01,192,257,255,4,190
SP0189,2026-05-01,697,319,321,4,691
SP0190,2026-05-01,486,150,141,1,494
SP0191,2026-05-01,713,203,202,1,713
SP0192,2026-05-01,505,237,229,0,513
SP0193,2026-05-01,672,285,285,1,671
SP0194,2026-05-01,391,331,302,2,418
SP0195,2026-05-01,204,251,249,3,203
SP0196,2026-05-01,1077,62,30,1,1108
SP0197,2026-05-01,821,173,149,0,845
SP0198,2026-05-01,913,44,18,0,939
SP0199,2026-05-01,1042,21,9,0,1054
SP0200,2026-05-01,508,169,146,1,530
SP0201,2026-05-01,330,300,292,1,337
SP0202,2026-05-01,660,352,300,1,711
SP0203,2026-05-01,554,187,173,0,568
SP0204,2026-05-01,881,28,13,0,896
SP0205,2026-05-01,448,297,297,0,448
SP0206,2026-05-01,503,281,254,1,529
SP0207,2026-05-01,678,376,387,2,665
SP0208,2026-05-01,406,300,310,2,394
SP0209,2026-05-01,500,160,139,1,520
SP0210,2026-05-01,323,293,292,1,323
SP0211,2026-05-01,626,190,173,2,641
SP0212,2026-05-01,374,6,0,0,380
SP0213,2026-05-01,621,233,206,1,647
SP0214,2026-05-01,474,222,195,2,499
SP0215,2026-05-01,242,338,294,3,283
SP0216,2026-05-01,566,269,248,2,585
SP0217,2026-05-01,386,283,262,1,406
SP0218,2026-05-01,526,212,196,2,540
SP0219,2026-05-01,615,366,356,6,619
SP0220,2026-05-01,507,169,165,1,510
SP0001,2026-06-01,746,51,18,0,779
SP0002,2026-06-01,706,185,159,1,731
SP0003,2026-06-01,704,216,213,1,706
SP0004,2026-06-01,284,1,0,0,285
SP0005,2026-06-01,517,340,296,3,558
SP0006,2026-06-01,870,366,337,1,898
SP0007,2026-06-01,567,209,211,1,564
SP0008,2026-06-01,770,358,322,1,805
SP0009,2026-06-01,713,234,225,0,722
SP0010,2026-06-01,323,261,244,0,340
SP0011,2026-06-01,688,338,304,3,719
SP0012,2026-06-01,477,338,307,5,503
SP0013,2026-06-01,902,48,25,0,925
SP0014,2026-06-01,810,325,290,1,844
SP0015,2026-06-01,423,7,0,0,430
SP0016,2026-06-01,555,369,376,1,547
SP0017,2026-06-01,735,150,143,1,741
SP0018,2026-06-01,751,39,11,0,779
SP0019,2026-06-01,819,394,392,6,815
SP0020,2026-06-01,620,4,0,0,624
SP0021,2026-06-01,752,213,200,2,763
SP0022,2026-06-01,640,11,1,0,650
SP0023,2026-06-01,326,179,181,2,322
SP0024,2026-06-01,820,24,9,0,835
SP0025,2026-06-01,423,165,169,1,418
SP0026,2026-06-01,259,14,1,0,272
SP0027,2026-06-01,691,316,297,4,706
SP0028,2026-06-01,429,376,390,4,411
SP0029,2026-06-01,505,3,0,0,508
SP0030,2026-06-01,432,398,371,1,458
SP0031,2026-06-01,681,247,236,2,690
SP0032,2026-06-01,1051,44,19,0,1076
SP0033,2026-06-01,571,346,335,7,575
SP0034,2026-06-01,775,318,309,2,782
SP0035,2026-06-01,422,208,208,0,422
SP0036,2026-06-01,490,10,0,0,500
SP0037,2026-06-01,592,379,375,4,592
SP0038,2026-06-01,630,354,321,0,663
SP0039,2026-06-01,420,2,0,0,422
SP0040,2026-06-01,1073,44,25,1,1091
SP0041,2026-06-01,414,220,200,1,433
SP0042,2026-06-01,518,209,208,1,518
SP0043,2026-06-01,783,228,195,1,815
SP0044,2026-06-01,706,345,349,0,702
SP0045,2026-06-01,463,174,158,2,477
SP0046,2026-06-01,404,222,200,1,425
SP0047,2026-06-01,451,269,230,2,488
SP0048,2026-06-01,478,246,210,1,513
SP0049,2026-06-01,273,3,0,0,276
SP0050,2026-06-01,299,18,0,0,317
SP0051,2026-06-01,819,69,34,1,853
SP0052,2026-06-01,617,179,170,1,625
SP0053,2026-06-01,623,220,230,3,610
SP0054,2026-06-01,964,65,25,1,1003
SP0055,2026-06-01,996,26,11,0,1011
SP0056,2026-06-01,682,266,263,2,683
SP0057,2026-06-01,418,5,0,0,423
SP0058,2026-06-01,944,44,16,0,972
SP0059,2026-06-01,513,14,1,0,526
SP0060,2026-06-01,979,56,18,0,1017
SP0061,2026-06-01,657,185,158,2,682
SP0062,2026-06-01,743,353,352,5,739
SP0063,2026-06-01,619,6,0,0,625
SP0064,2026-06-01,738,66,35,0,769
SP0065,2026-06-01,869,322,309,1,881
SP0066,2026-06-01,605,275,251,0,629
SP0067,2026-06-01,402,177,150,1,428
SP0068,2026-06-01,993,48,18,0,1023
SP0069,2026-06-01,409,12,1,0,420
SP0070,2026-06-01,380,242,242,2,378
SP0071,2026-06-01,799,388,354,1,832
SP0072,2026-06-01,626,393,334,1,684
SP0073,2026-06-01,397,2,0,0,399
SP0074,2026-06-01,939,37,21,0,955
SP0075,2026-06-01,776,40,18,0,798
SP0076,2026-06-01,414,387,399,1,401
SP0077,2026-06-01,363,255,229,5,384
SP0078,2026-06-01,659,393,336,2,714
SP0079,2026-06-01,511,288,275,2,522
SP0080,2026-06-01,912,58,24,0,946
SP0081,2026-06-01,951,75,34,1,991
SP0082,2026-06-01,375,18,2,0,391
SP0083,2026-06-01,464,13,0,0,477
SP0084,2026-06-01,503,215,218,3,497
SP0085,2026-06-01,713,31,14,0,730
SP0086,2026-06-01,722,13,0,0,735
SP0087,2026-06-01,878,41,16,0,903
SP0088,2026-06-01,523,277,237,2,561
SP0089,2026-06-01,472,391,398,4,461
SP0090,2026-06-01,389,356,362,2,381
SP0091,2026-06-01,305,15,2,0,318
SP0092,2026-06-01,620,189,176,1,632
SP0093,2026-06-01,708,302,259,1,750
SP0094,2026-06-01,977,45,26,1,995
SP0095,2026-06-01,495,162,154,1,502
SP0096,2026-06-01,671,196,202,1,664
SP0097,2026-06-01,653,298,310,5,636
SP0098,2026-06-01,1056,74,38,1,1091
SP0099,2026-06-01,421,171,174,2,416
SP0100,2026-06-01,775,52,29,0,798
SP0101,2026-06-01,535,283,276,0,542
SP0102,2026-06-01,811,61,33,0,839
SP0103,2026-06-01,483,154,156,2,479
SP0104,2026-06-01,594,191,175,0,610
SP0105,2026-06-01,1061,72,36,0,1097
SP0106,2026-06-01,638,358,311,3,682
SP0107,2026-06-01,598,300,310,1,587
SP0108,2026-06-01,356,387,362,1,380
SP0109,2026-06-01,977,68,28,0,1017
SP0110,2026-06-01,672,167,170,1,668
SP0111,2026-06-01,787,28,9,0,806
SP0112,2026-06-01,562,211,199,1,573
SP0113,2026-06-01,447,152,147,2,450
SP0114,2026-06-01,582,190,179,2,591
SP0115,2026-06-01,698,168,148,1,717
SP0116,2026-06-01,340,219,196,1,362
SP0117,2026-06-01,390,179,187,2,380
SP0118,2026-06-01,389,349,326,3,409
SP0119,2026-06-01,647,15,0,0,662
SP0120,2026-06-01,724,288,278,3,731
SP0121,2026-06-01,547,188,162,1,572
SP0122,2026-06-01,1051,23,8,0,1066
SP0123,2026-06-01,520,370,381,3,506
SP0124,2026-06-01,483,354,347,3,487
SP0125,2026-06-01,888,40,22,1,905
SP0126,2026-06-01,588,12,1,0,599
SP0127,2026-06-01,826,164,145,1,844
SP0128,2026-06-01,351,12,1,0,362
SP0129,2026-06-01,750,174,175,2,747
SP0130,2026-06-01,691,335,285,5,736
SP0131,2026-06-01,387,208,196,2,397
SP0132,2026-06-01,257,2,0,0,259
SP0133,2026-06-01,329,227,229,1,326
SP0134,2026-06-01,354,356,311,5,394
SP0135,2026-06-01,736,266,241,1,760
SP0136,2026-06-01,572,265,265,0,572
SP0137,2026-06-01,460,272,279,1,452
SP0138,2026-06-01,478,360,333,2,503
SP0139,2026-06-01,322,233,200,3,352
SP0140,2026-06-01,374,234,218,1,389
SP0141,2026-06-01,484,235,209,2,508
SP0142,2026-06-01,731,246,224,0,753
SP0143,2026-06-01,622,349,325,3,643
SP0144,2026-06-01,345,150,138,1,356
SP0145,2026-06-01,674,69,32,1,710
SP0146,2026-06-01,513,290,281,4,518
SP0147,2026-06-01,792,41,20,0,813
SP0148,2026-06-01,705,209,217,1,696
SP0149,2026-06-01,728,150,144,0,734
SP0150,2026-06-01,531,196,188,2,537
SP0151,2026-06-01,251,255,258,3,245
SP0152,2026-06-01,418,215,214,2,417
SP0153,2026-06-01,438,336,321,5,448
SP0154,2026-06-01,408,197,188,1,416
SP0155,2026-06-01,654,380,394,4,636
SP0156,2026-06-01,650,382,341,5,686
SP0157,2026-06-01,535,267,279,3,520
SP0158,2026-06-01,616,215,218,1,612
SP0159,2026-06-01,469,184,172,0,481
SP0160,2026-06-01,1221,75,33,1,1262
SP0161,2026-06-01,443,263,237,4,465
SP0162,2026-06-01,741,62,24,1,778
SP0163,2026-06-01,227,227,202,1,251
SP0164,2026-06-01,438,362,331,1,468
SP0165,2026-06-01,909,69,22,0,956
SP0166,2026-06-01,346,2,0,0,348
SP0167,2026-06-01,516,258,252,2,520
SP0168,2026-06-01,566,258,245,1,578
SP0169,2026-06-01,855,34,19,0,870
SP0170,2026-06-01,841,40,13,1,867
SP0171,2026-06-01,613,371,335,1,648
SP0172,2026-06-01,639,344,337,1,645
SP0173,2026-06-01,823,300,306,3,814
SP0174,2026-06-01,727,250,259,1,717
SP0175,2026-06-01,532,231,216,2,545
SP0176,2026-06-01,641,323,330,4,630
SP0177,2026-06-01,639,343,347,2,633
SP0178,2026-06-01,947,37,15,0,969
SP0179,2026-06-01,513,165,145,2,531
SP0180,2026-06-01,704,224,206,1,721
SP0181,2026-06-01,1083,77,23,0,1137
SP0182,2026-06-01,830,72,33,0,869
SP0183,2026-06-01,771,378,375,5,769
SP0184,2026-06-01,258,329,297,2,288
SP0185,2026-06-01,368,317,320,1,364
SP0186,2026-06-01,461,305,270,0,496
SP0187,2026-06-01,271,287,260,4,294
SP0188,2026-06-01,190,188,167,1,210
SP0189,2026-06-01,691,287,292,4,682
SP0190,2026-06-01,494,339,296,3,534
SP0191,2026-06-01,713,150,143,1,719
SP0192,2026-06-01,513,270,268,1,514
SP0193,2026-06-01,671,328,287,4,708
SP0194,2026-06-01,418,308,321,4,401
SP0195,2026-06-01,203,237,226,2,212
SP0196,2026-06-01,1108,36,11,1,1132
SP0197,2026-06-01,845,286,291,1,839
SP0198,2026-06-01,939,22,12,0,949
SP0199,2026-06-01,1054,57,25,1,1085
SP0200,2026-06-01,530,362,346,1,545
SP0201,2026-06-01,337,299,287,0,349
SP0202,2026-06-01,711,277,273,0,715
SP0203,2026-06-01,568,224,198,0,594
SP0204,2026-06-01,896,48,27,0,917
SP0205,2026-06-01,448,363,338,2,471
SP0206,2026-06-01,529,294,281,2,540
SP0207,2026-06-01,665,322,288,3,696
SP0208,2026-06-01,394,328,321,2,399
SP0209,2026-06-01,520,254,264,3,507
SP0210,2026-06-01,323,311,274,2,358
SP0211,2026-06-01,641,378,387,4,628
SP0212,2026-06-01,380,0,0,0,380
SP0213,2026-06-01,647,249,221,2,673
SP0214,2026-06-01,499,307,311,1,494
SP0215,2026-06-01,283,332,315,3,297
SP0216,2026-06-01,585,261,242,3,601
SP0217,2026-06-01,406,260,272,1,393
SP0218,2026-06-01,540,317,274,3,580
SP0219,2026-06-01,619,309,322,3,603
SP0220,2026-06-01,510,387,378,3,516
SP0001,2026-07-01,779,68,31,0,816
SP0002,2026-07-01,731,355,337,1,748
SP0003,2026-07-01,706,384,349,2,739
SP0004,2026-07-01,285,10,0,0,295
SP0005,2026-07-01,558,369,371,5,551
SP0006,2026-07-01,898,267,264,1,900
SP0007,2026-07-01,564,194,188,3,567
SP0008,2026-07-01,805,241,205,0,841
SP0009,2026-07-01,722,274,237,1,758
SP0010,2026-07-01,340,350,312,0,378
SP0011,2026-07-01,719,363,313,3,766
SP0012,2026-07-01,503,384,390,6,491
SP0013,2026-07-01,925,47,18,0,954
SP0014,2026-07-01,844,260,266,1,837
SP0015,2026-07-01,430,9,0,0,439
SP0016,2026-07-01,547,181,186,1,541
SP0017,2026-07-01,741,239,249,1,730
SP0018,2026-07-01,779,68,40,0,807
SP0019,2026-07-01,815,241,206,3,847
SP0020,2026-07-01,624,10,1,0,633
SP0021,2026-07-01,763,380,367,1,775
SP0022,2026-07-01,650,1,0,0,651
SP0023,2026-07-01,322,177,168,2,329
SP0024,2026-07-01,835,46,15,1,865
SP0025,2026-07-01,418,389,371,4,432
SP0026,2026-07-01,272,19,2,0,289
SP0027,2026-07-01,706,289,284,3,708
SP0028,2026-07-01,411,337,288,2,458
SP0029,2026-07-01,508,17,2,0,523
SP0030,2026-07-01,458,334,303,1,488
SP0031,2026-07-01,690,230,238,1,681
SP0032,2026-07-01,1076,58,31,1,1102
SP0033,2026-07-01,575,388,340,8,615
SP0034,2026-07-01,782,157,137,1,801
SP0035,2026-07-01,422,177,173,0,426
SP0036,2026-07-01,500,7,0,0,507
SP0037,2026-07-01,592,155,157,2,588
SP0038,2026-07-01,663,176,162,0,677
SP0039,2026-07-01,422,13,1,0,434
SP0040,2026-07-01,1091,41,21,1,1110
SP0041,2026-07-01,433,372,367,1,437
SP0042,2026-07-01,518,351,300,6,563
SP0043,2026-07-01,815,334,345,1,803
SP0044,2026-07-01,702,152,131,0,723
SP0045,2026-07-01,477,382,374,6,479
SP0046,2026-07-01,425,251,238,2,436
SP0047,2026-07-01,488,281,270,2,497
SP0048,2026-07-01,513,358,325,3,543
SP0049,2026-07-01,276,17,1,0,292
SP0050,2026-07-01,317,18,0,0,335
SP0051,2026-07-01,853,25,7,0,871
SP0052,2026-07-01,625,382,381,2,624
SP0053,2026-07-01,610,382,364,5,623
SP0054,2026-07-01,1003,67,27,1,1042
SP0055,2026-07-01,1011,44,24,1,1030
SP0056,2026-07-01,683,234,207,1,709
SP0057,2026-07-01,423,14,1,0,436
SP0058,2026-07-01,972,38,20,0,990
SP0059,2026-07-01,526,6,0,0,532
SP0060,2026-07-01,1017,40,19,0,1038
SP0061,2026-07-01,682,298,278,3,699
SP0062,2026-07-01,739,383,336,3,783
SP0063,2026-07-01,625,19,0,0,644
SP0064,2026-07-01,769,74,30,1,812
SP0065,2026-07-01,881,369,348,0,902
SP0066,2026-07-01,629,279,262,0,646
SP0067,2026-07-01,428,372,325,1,474
SP0068,2026-07-01,1023,64,35,0,1052
SP0069,2026-07-01,420,18,0,0,438
SP0070,2026-07-01,378,152,155,2,373
SP0071,2026-07-01,832,207,203,1,835
SP0072,2026-07-01,684,290,272,1,701
SP0073,2026-07-01,399,16,2,0,413
SP0074,2026-07-01,955,28,11,0,972
SP0075,2026-07-01,798,38,16,0,820
SP0076,2026-07-01,401,331,332,4,396
SP0077,2026-07-01,384,261,272,3,370
SP0078,2026-07-01,714,169,177,1,705
SP0079,2026-07-01,522,357,362,3,514
SP0080,2026-07-01,946,40,12,0,974
SP0081,2026-07-01,991,33,18,0,1006
SP0082,2026-07-01,391,19,1,0,409
SP0083,2026-07-01,477,0,0,0,477
SP0084,2026-07-01,497,171,160,1,507
SP0085,2026-07-01,730,67,21,1,775
SP0086,2026-07-01,735,8,0,0,743
SP0087,2026-07-01,903,47,20,0,930
SP0088,2026-07-01,561,206,208,3,556
SP0089,2026-07-01,461,277,242,3,493
SP0090,2026-07-01,381,275,242,0,414
SP0091,2026-07-01,318,10,0,0,328
SP0092,2026-07-01,632,215,214,1,632
SP0093,2026-07-01,750,348,324,2,772
SP0094,2026-07-01,995,57,29,1,1022
SP0095,2026-07-01,502,363,318,6,541
SP0096,2026-07-01,664,369,383,1,649
SP0097,2026-07-01,636,256,231,2,659
SP0098,2026-07-01,1091,72,22,1,1140
SP0099,2026-07-01,416,334,299,4,447
SP0100,2026-07-01,798,26,13,0,811
SP0101,2026-07-01,542,167,159,1,549
SP0102,2026-07-01,839,70,41,0,868
SP0103,2026-07-01,479,152,136,1,494
SP0104,2026-07-01,610,254,264,0,600
SP0105,2026-07-01,1097,51,28,0,1120
SP0106,2026-07-01,682,332,308,3,703
SP0107,2026-07-01,587,370,338,1,618
SP0108,2026-07-01,380,238,226,1,391
SP0109,2026-07-01,1017,20,9,0,1028
SP0110,2026-07-01,668,297,282,2,681
SP0111,2026-07-01,806,59,19,0,846
SP0112,2026-07-01,573,367,351,4,585
SP0113,2026-07-01,450,382,336,2,494
SP0114,2026-07-01,591,208,198,1,600
SP0115,2026-07-01,717,340,348,3,706
SP0116,2026-07-01,362,369,370,0,361
SP0117,2026-07-01,380,348,333,3,392
SP0118,2026-07-01,409,316,296,2,427
SP0119,2026-07-01,662,19,0,0,681
SP0120,2026-07-01,731,307,274,2,762
SP0121,2026-07-01,572,162,168,1,565
SP0122,2026-07-01,1066,41,16,1,1090
SP0123,2026-07-01,506,367,339,2,532
SP0124,2026-07-01,487,219,204,3,499
SP0125,2026-07-01,905,30,13,0,922
SP0126,2026-07-01,599,12,0,0,611
SP0127,2026-07-01,844,329,318,2,853
SP0128,2026-07-01,362,18,0,0,380
SP0129,2026-07-01,747,311,297,4,757
SP0130,2026-07-01,736,156,146,1,745
SP0131,2026-07-01,397,368,383,2,380
SP0132,2026-07-01,259,6,0,0,265
SP0133,2026-07-01,326,162,152,1,335
SP0134,2026-07-01,394,344,353,5,380
SP0135,2026-07-01,760,155,152,1,762
SP0136,2026-07-01,572,294,304,1,561
SP0137,2026-07-01,452,252,221,1,482
SP0138,2026-07-01,503,228,219,1,511
SP0139,2026-07-01,352,174,179,3,344
SP0140,2026-07-01,389,375,349,2,413
SP0141,2026-07-01,508,218,223,3,500
SP0142,2026-07-01,753,153,139,0,767
SP0143,2026-07-01,643,175,180,2,636
SP0144,2026-07-01,356,192,168,3,377
SP0145,2026-07-01,710,42,15,1,736
SP0146,2026-07-01,518,246,216,4,544
SP0147,2026-07-01,813,71,36,1,847
SP0148,2026-07-01,696,321,276,1,740
SP0149,2026-07-01,734,324,279,0,779
SP0150,2026-07-01,537,288,290,6,529
SP0151,2026-07-01,245,247,246,1,245
SP0152,2026-07-01,417,309,271,5,450
SP0153,2026-07-01,448,357,362,5,438
SP0154,2026-07-01,416,360,353,2,421
SP0155,2026-07-01,636,311,303,4,640
SP0156,2026-07-01,686,312,287,3,708
SP0157,2026-07-01,520,390,372,5,533
SP0158,2026-07-01,612,304,279,4,633
SP0159,2026-07-01,481,374,370,1,484
SP0160,2026-07-01,1262,50,20,0,1292
SP0161,2026-07-01,465,233,199,3,496
SP0162,2026-07-01,778,32,11,0,799
SP0163,2026-07-01,251,274,244,2,279
SP0164,2026-07-01,468,351,358,2,459
SP0165,2026-07-01,956,66,30,0,992
SP0166,2026-07-01,348,5,0,0,353
SP0167,2026-07-01,520,342,304,2,556
SP0168,2026-07-01,578,360,332,3,603
SP0169,2026-07-01,870,36,12,0,894
SP0170,2026-07-01,867,25,13,0,879
SP0171,2026-07-01,648,224,233,2,637
SP0172,2026-07-01,645,304,262,0,687
SP0173,2026-07-01,814,166,165,1,814
SP0174,2026-07-01,717,323,314,0,726
SP0175,2026-07-01,545,361,346,3,557
SP0176,2026-07-01,630,271,263,2,636
SP0177,2026-07-01,633,316,304,2,643
SP0178,2026-07-01,969,27,11,0,985
SP0179,2026-07-01,531,227,225,1,532
SP0180,2026-07-01,721,302,265,1,757
SP0181,2026-07-01,1137,52,24,0,1165
SP0182,2026-07-01,869,29,9,0,889
SP0183,2026-07-01,769,183,170,1,781
SP0184,2026-07-01,288,240,235,2,291
SP0185,2026-07-01,364,297,280,2,379
SP0186,2026-07-01,496,357,352,1,500
SP0187,2026-07-01,294,225,232,1,286
SP0188,2026-07-01,210,311,268,2,251
SP0189,2026-07-01,682,233,207,3,705
SP0190,2026-07-01,534,392,350,2,574
SP0191,2026-07-01,719,272,282,1,708
SP0192,2026-07-01,514,343,360,0,497
SP0193,2026-07-01,708,279,259,2,726
SP0194,2026-07-01,401,180,177,3,401
SP0195,2026-07-01,212,342,307,2,245
SP0196,2026-07-01,1132,61,29,1,1163
SP0197,2026-07-01,839,363,366,1,835
SP0198,2026-07-01,949,74,22,0,1001
SP0199,2026-07-01,1085,62,24,1,1122
SP0200,2026-07-01,545,230,198,1,576
SP0201,2026-07-01,349,318,270,0,397
SP0202,2026-07-01,715,190,192,0,713
SP0203,2026-07-01,594,300,287,1,606
SP0204,2026-07-01,917,56,25,0,948
SP0205,2026-07-01,471,162,150,0,483
SP0206,2026-07-01,540,356,317,3,576
SP0207,2026-07-01,696,213,205,2,702
SP0208,2026-07-01,399,277,288,2,386
SP0209,2026-07-01,507,342,347,4,498
SP0210,2026-07-01,358,268,247,2,377
SP0211,2026-07-01,628,262,247,4,639
SP0212,2026-07-01,380,6,0,0,386
SP0213,2026-07-01,673,384,333,3,721
SP0214,2026-07-01,494,279,283,2,488
SP0215,2026-07-01,297,364,343,7,311
SP0216,2026-07-01,601,215,214,2,600
SP0217,2026-07-01,393,181,159,1,414
SP0218,2026-07-01,580,287,281,3,583
SP0219,2026-07-01,603,365,377,6,585
SP0220,2026-07-01,516,280,252,3,541
