MaDonMuaHang,MaNhaCungCap,MaSanPham,NgayDatHang,SoLuong,DonGiaMua
PO001713,NCC036,SP0046,2024-08-01 01:55:44,541,26400.0
PO002763,NCC043,SP0096,2024-08-01 03:06:24,726,44400.0
PO002728,NCC028,SP0171,2024-08-01 09:42:54,319,21500.0
PO001710,NCC016,SP0058,2024-08-01 14:15:59,804,32700.0
PO001471,NCC002,SP0104,2024-08-01 20:55:18,404,620600.0
PO003336,NCC042,SP0004,2024-08-01 21:41:29,713,140500.0
PO002715,NCC017,SP0170,2024-08-02 12:43:38,695,161300.0
PO002668,NCC041,SP0204,2024-08-02 16:29:08,397,737500.0
PO003230,NCC013,SP0171,2024-08-02 16:41:53,648,19700.0
PO001720,NCC010,SP0077,2024-08-03 07:58:21,769,97300.0
PO003378,NCC025,SP0104,2024-08-03 20:27:26,777,724300.0
PO001240,NCC044,SP0141,2024-08-03 21:02:30,734,58900.0
PO002796,NCC031,SP0147,2024-08-03 21:47:48,457,44800.0
PO002660,NCC002,SP0087,2024-08-04 03:14:53,105,133200.0
PO002328,NCC003,SP0154,2024-08-04 05:24:12,834,24200.0
PO001425,NCC008,SP0110,2024-08-04 05:46:22,577,38000.0
PO002287,NCC015,SP0095,2024-08-04 06:44:47,905,68600.0
PO003248,NCC012,SP0197,2024-08-04 13:19:50,28,500800.0
PO002095,NCC007,SP0164,2024-08-04 15:48:49,171,471500.0
PO000218,NCC013,SP0072,2024-08-05 01:07:54,486,396100.0
PO001969,NCC010,SP0162,2024-08-05 03:24:29,670,115900.0
PO003279,NCC017,SP0190,2024-08-05 21:56:39,175,30300.0
PO003460,NCC014,SP0007,2024-08-06 07:05:58,986,138700.0
PO001818,NCC031,SP0188,2024-08-07 01:18:49,173,108800.0
PO000731,NCC027,SP0196,2024-08-07 04:38:29,254,68400.0
PO001038,NCC044,SP0188,2024-08-07 08:14:34,339,105100.0
PO002630,NCC022,SP0074,2024-08-07 12:41:17,472,658900.0
PO002893,NCC021,SP0099,2024-08-07 15:04:48,673,124000.0
PO002164,NCC042,SP0178,2024-08-07 21:06:34,320,129500.0
PO001085,NCC019,SP0128,2024-08-07 21:11:04,356,163300.0
PO000898,NCC038,SP0161,2024-08-07 23:50:46,216,72400.0
PO000683,NCC023,SP0147,2024-08-08 06:46:25,844,41600.0
PO001070,NCC006,SP0004,2024-08-08 09:10:44,677,124200.0
PO002849,NCC017,SP0134,2024-08-08 09:30:25,909,94600.0
PO003374,NCC028,SP0174,2024-08-08 17:08:18,852,520100.0
PO001336,NCC013,SP0021,2024-08-08 19:00:00,909,34900.0
PO000409,NCC003,SP0154,2024-08-09 07:44:26,1000,23700.0
PO000877,NCC035,SP0035,2024-08-09 21:44:08,524,559500.0
PO003240,NCC025,SP0162,2024-08-09 22:41:19,636,111300.0
PO002967,NCC034,SP0205,2024-08-10 02:51:13,383,257900.0
PO000527,NCC037,SP0175,2024-08-10 05:04:27,310,21100.0
PO000102,NCC034,SP0018,2024-08-10 07:02:37,280,532300.0
PO001307,NCC001,SP0012,2024-08-10 12:06:01,37,105200.0
PO001504,NCC015,SP0100,2024-08-11 02:01:33,454,170400.0
PO003200,NCC010,SP0220,2024-08-11 07:25:55,922,40900.0
PO003016,NCC036,SP0138,2024-08-11 21:51:42,307,26200.0
PO001174,NCC045,SP0077,2024-08-12 01:23:43,573,102900.0
PO003404,NCC014,SP0188,2024-08-12 12:11:35,641,100800.0
PO000295,NCC031,SP0070,2024-08-12 13:31:51,301,101500.0
PO001408,NCC025,SP0141,2024-08-12 14:27:11,102,42500.0
PO000185,NCC043,SP0116,2024-08-12 17:43:56,576,440800.0
PO001951,NCC017,SP0096,2024-08-13 00:18:58,748,42700.0
PO000293,NCC022,SP0143,2024-08-13 04:13:01,161,92700.0
PO002514,NCC031,SP0040,2024-08-13 05:55:24,761,125800.0
PO002078,NCC041,SP0071,2024-08-13 11:38:48,978,607100.0
PO002382,NCC043,SP0037,2024-08-13 14:40:41,998,104900.0
PO002009,NCC039,SP0203,2024-08-13 14:41:50,171,616900.0
PO002230,NCC001,SP0209,2024-08-13 16:49:16,648,72200.0
PO003163,NCC044,SP0147,2024-08-14 02:03:49,517,47500.0
PO000967,NCC023,SP0087,2024-08-14 02:49:33,778,117100.0
PO000899,NCC005,SP0027,2024-08-14 18:36:26,909,44800.0
PO001838,NCC011,SP0059,2024-08-14 22:06:09,891,463300.0
PO000141,NCC020,SP0191,2024-08-14 22:29:07,250,37200.0
PO002599,NCC018,SP0051,2024-08-15 08:55:54,594,181600.0
PO000438,NCC007,SP0045,2024-08-15 15:36:55,552,122700.0
PO000797,NCC045,SP0161,2024-08-15 15:37:21,50,77800.0
PO002235,NCC025,SP0101,2024-08-15 19:37:20,390,223600.0
PO002149,NCC029,SP0195,2024-08-16 03:20:14,82,118200.0
PO003219,NCC012,SP0021,2024-08-16 03:51:18,433,37300.0
PO003470,NCC016,SP0032,2024-08-16 15:23:48,236,119100.0
PO001900,NCC022,SP0214,2024-08-16 18:03:39,285,38800.0
PO000796,NCC026,SP0057,2024-08-16 21:17:29,815,163500.0
PO000842,NCC008,SP0209,2024-08-16 23:26:54,358,66200.0
PO001108,NCC002,SP0138,2024-08-17 03:13:11,151,25200.0
PO000071,NCC044,SP0208,2024-08-17 05:57:27,659,69900.0
PO003318,NCC034,SP0220,2024-08-17 06:21:25,644,40800.0
PO002197,NCC044,SP0192,2024-08-17 07:45:53,985,287900.0
PO001934,NCC039,SP0106,2024-08-17 12:18:28,50,129900.0
PO001746,NCC015,SP0036,2024-08-17 17:01:42,94,132200.0
PO000938,NCC032,SP0158,2024-08-17 18:57:54,129,109400.0
PO001467,NCC006,SP0074,2024-08-17 19:36:56,987,777600.0
PO000911,NCC009,SP0100,2024-08-18 00:00:22,70,152700.0
PO002058,NCC040,SP0021,2024-08-18 06:47:20,550,33200.0
PO001133,NCC044,SP0066,2024-08-18 11:50:28,931,388200.0
PO003152,NCC010,SP0113,2024-08-18 22:10:45,440,106600.0
PO002779,NCC037,SP0127,2024-08-19 12:07:33,428,29400.0
PO003068,NCC006,SP0152,2024-08-19 14:49:34,895,115500.0
PO002064,NCC021,SP0106,2024-08-19 19:01:56,229,109700.0
PO001043,NCC014,SP0187,2024-08-19 21:57:18,468,117700.0
PO000399,NCC032,SP0163,2024-08-19 22:50:42,629,110300.0
PO001568,NCC035,SP0114,2024-08-19 23:31:07,460,58500.0
PO003213,NCC018,SP0089,2024-08-20 01:17:07,839,120100.0
PO002393,NCC035,SP0197,2024-08-20 03:06:33,353,586900.0
PO002642,NCC002,SP0112,2024-08-20 04:08:29,91,111400.0
PO001909,NCC027,SP0147,2024-08-20 05:12:12,951,53900.0
PO003233,NCC016,SP0030,2024-08-20 17:20:00,956,550800.0
PO002545,NCC038,SP0005,2024-08-20 18:53:47,228,166600.0
PO000211,NCC031,SP0002,2024-08-21 01:36:46,114,24700.0
PO000556,NCC017,SP0009,2024-08-21 14:42:58,921,265600.0
PO001626,NCC045,SP0040,2024-08-21 16:45:28,126,103100.0
PO000551,NCC039,SP0038,2024-08-22 06:29:51,569,723000.0
PO001069,NCC028,SP0094,2024-08-22 06:56:07,21,82300.0
PO000092,NCC006,SP0157,2024-08-22 17:33:36,646,174300.0
PO000945,NCC003,SP0146,2024-08-22 18:45:32,131,55900.0
PO001176,NCC023,SP0170,2024-08-22 23:16:02,953,122500.0
PO003487,NCC035,SP0024,2024-08-23 01:20:51,246,54100.0
PO000608,NCC040,SP0103,2024-08-23 07:53:45,140,119900.0
PO001933,NCC002,SP0002,2024-08-23 09:40:01,34,24700.0
PO001955,NCC023,SP0095,2024-08-23 10:12:11,763,67300.0
PO001412,NCC016,SP0166,2024-08-23 11:34:19,431,204600.0
PO001782,NCC037,SP0041,2024-08-24 03:22:02,997,702500.0
PO000066,NCC018,SP0155,2024-08-24 09:23:51,54,150800.0
PO001675,NCC002,SP0175,2024-08-24 10:13:03,110,21000.0
PO001487,NCC019,SP0192,2024-08-24 17:06:45,254,391700.0
PO001873,NCC017,SP0026,2024-08-25 02:23:53,392,68000.0
PO003027,NCC012,SP0059,2024-08-25 12:03:24,760,478600.0
PO000588,NCC041,SP0158,2024-08-25 12:46:58,884,85000.0
PO003359,NCC001,SP0183,2024-08-25 15:12:57,205,96000.0
PO000030,NCC031,SP0200,2024-08-25 15:13:34,992,292300.0
PO001733,NCC029,SP0044,2024-08-25 20:20:11,937,956400.0
PO000203,NCC014,SP0073,2024-08-26 10:06:46,841,62700.0
PO003314,NCC023,SP0083,2024-08-26 13:17:53,921,45300.0
PO000222,NCC010,SP0212,2024-08-26 17:37:07,245,140700.0
PO002977,NCC027,SP0021,2024-08-27 01:45:22,179,34600.0
PO001830,NCC012,SP0185,2024-08-27 02:36:12,155,19700.0
PO002952,NCC016,SP0003,2024-08-27 05:04:19,177,45900.0
PO001020,NCC030,SP0085,2024-08-27 11:55:33,223,79100.0
PO000703,NCC045,SP0206,2024-08-27 21:49:35,349,35700.0
PO000659,NCC011,SP0211,2024-08-27 23:34:32,341,144100.0
PO001656,NCC031,SP0079,2024-08-28 08:16:53,914,19900.0
PO001334,NCC014,SP0004,2024-08-28 19:16:20,593,122000.0
PO002757,NCC014,SP0186,2024-08-29 08:02:30,611,733000.0
PO001045,NCC019,SP0066,2024-08-29 09:59:59,554,351000.0
PO000065,NCC045,SP0149,2024-08-29 12:21:44,136,791100.0
PO000333,NCC003,SP0125,2024-08-30 00:16:03,83,143300.0
PO001580,NCC044,SP0134,2024-08-30 12:35:21,631,94100.0
PO002816,NCC016,SP0004,2024-08-30 14:41:14,839,115500.0
PO002705,NCC037,SP0032,2024-08-30 19:51:44,150,111800.0
PO001129,NCC037,SP0110,2024-08-30 22:40:15,868,41300.0
PO000568,NCC017,SP0199,2024-08-31 10:54:23,393,93200.0
PO001335,NCC020,SP0148,2024-08-31 11:03:38,305,35900.0
PO002119,NCC015,SP0041,2024-08-31 14:47:09,205,712900.0
PO003316,NCC006,SP0191,2024-08-31 19:15:46,223,37900.0
PO002574,NCC044,SP0160,2024-08-31 19:43:39,630,45500.0
PO003225,NCC034,SP0179,2024-09-01 00:44:49,734,162100.0
PO001260,NCC002,SP0213,2024-09-01 08:20:08,613,24800.0
PO001588,NCC014,SP0071,2024-09-01 13:34:19,329,423400.0
PO001262,NCC037,SP0158,2024-09-02 02:50:20,553,102600.0
PO001997,NCC020,SP0096,2024-09-02 08:56:15,545,43200.0
PO003112,NCC044,SP0134,2024-09-02 14:59:39,919,105100.0
PO001974,NCC045,SP0054,2024-09-02 22:48:14,24,95800.0
PO000208,NCC019,SP0007,2024-09-03 00:17:51,226,116000.0
PO001981,NCC043,SP0118,2024-09-03 02:42:37,822,123500.0
PO000283,NCC003,SP0159,2024-09-03 03:06:39,232,394900.0
PO003063,NCC037,SP0038,2024-09-03 07:22:51,232,599600.0
PO003474,NCC042,SP0071,2024-09-03 15:29:43,136,498900.0
PO000812,NCC032,SP0010,2024-09-03 20:30:29,236,562500.0
PO001044,NCC036,SP0151,2024-09-04 19:08:01,944,132900.0
PO000230,NCC007,SP0161,2024-09-04 19:15:10,200,61100.0
PO000800,NCC020,SP0118,2024-09-05 07:45:45,651,130200.0
PO001631,NCC045,SP0122,2024-09-05 23:56:12,105,74400.0
PO002155,NCC009,SP0172,2024-09-06 01:11:11,303,489500.0
PO001601,NCC012,SP0197,2024-09-06 01:27:12,393,541100.0
PO000342,NCC040,SP0028,2024-09-06 05:15:25,63,91000.0
PO003274,NCC012,SP0058,2024-09-06 06:41:36,33,32300.0
PO002707,NCC026,SP0007,2024-09-06 11:32:18,353,126800.0
PO003437,NCC015,SP0156,2024-09-07 03:42:34,268,69400.0
PO002771,NCC014,SP0024,2024-09-07 08:22:19,505,66600.0
PO000453,NCC034,SP0148,2024-09-07 08:33:40,346,35100.0
PO001123,NCC024,SP0200,2024-09-07 09:49:33,917,343600.0
PO001243,NCC014,SP0032,2024-09-07 18:08:04,637,110500.0
PO001054,NCC019,SP0149,2024-09-07 18:32:00,119,862200.0
PO002074,NCC034,SP0193,2024-09-08 07:50:12,641,89900.0
PO003036,NCC022,SP0021,2024-09-08 08:54:20,163,36400.0
PO002333,NCC031,SP0147,2024-09-08 16:32:31,557,43200.0
PO000696,NCC027,SP0072,2024-09-08 17:20:06,371,422800.0
PO002151,NCC045,SP0204,2024-09-08 17:58:20,886,914300.0
PO003194,NCC019,SP0037,2024-09-08 22:36:35,238,112900.0
PO001329,NCC004,SP0191,2024-09-09 16:59:30,537,37600.0
PO002481,NCC008,SP0121,2024-09-10 02:19:01,734,106600.0
PO003187,NCC036,SP0087,2024-09-10 04:33:25,854,119200.0
PO001869,NCC029,SP0177,2024-09-10 04:45:08,904,158500.0
PO002334,NCC013,SP0025,2024-09-10 16:30:41,362,25500.0
PO002936,NCC014,SP0031,2024-09-10 19:53:37,498,42800.0
PO003023,NCC045,SP0150,2024-09-11 02:09:15,787,102600.0
PO003097,NCC041,SP0181,2024-09-11 05:53:47,590,482100.0
PO001298,NCC034,SP0089,2024-09-11 10:11:39,742,95200.0
PO000049,NCC033,SP0219,2024-09-11 11:13:53,462,41500.0
PO002711,NCC019,SP0066,2024-09-11 15:33:02,478,366300.0
PO000397,NCC003,SP0012,2024-09-11 21:50:25,387,97800.0
PO001922,NCC030,SP0189,2024-09-11 22:05:42,466,93700.0
PO001954,NCC028,SP0068,2024-09-11 23:24:38,405,39500.0
PO001281,NCC007,SP0065,2024-09-12 01:49:07,592,468700.0
PO002937,NCC027,SP0073,2024-09-12 03:18:36,460,61900.0
PO003415,NCC044,SP0100,2024-09-12 10:38:45,67,160800.0
PO001828,NCC040,SP0141,2024-09-12 12:30:33,625,45500.0
PO002515,NCC028,SP0097,2024-09-12 23:12:52,71,53700.0
PO002024,NCC007,SP0050,2024-09-13 01:26:45,55,485200.0
PO000294,NCC025,SP0119,2024-09-13 06:04:15,738,155300.0
PO003037,NCC013,SP0044,2024-09-13 14:50:03,375,832300.0
PO001056,NCC015,SP0005,2024-09-13 21:04:13,272,145000.0
PO003040,NCC039,SP0208,2024-09-13 23:23:20,922,73100.0
PO001705,NCC042,SP0073,2024-09-14 10:02:52,100,71000.0
PO001429,NCC013,SP0171,2024-09-14 10:43:15,40,19100.0
PO002910,NCC001,SP0032,2024-09-14 12:27:20,97,108900.0
PO000001,NCC039,SP0199,2024-09-15 16:23:33,461,73900.0
PO003137,NCC018,SP0184,2024-09-15 20:23:41,118,149800.0
PO000634,NCC023,SP0110,2024-09-15 22:51:15,727,42500.0
PO000664,NCC044,SP0070,2024-09-16 00:11:39,885,117200.0
PO000360,NCC030,SP0159,2024-09-16 14:18:25,943,463000.0
PO001226,NCC042,SP0060,2024-09-17 05:57:17,522,21300.0
PO002853,NCC039,SP0170,2024-09-17 14:45:16,958,159700.0
PO002470,NCC002,SP0078,2024-09-18 00:40:04,51,105000.0
PO002048,NCC011,SP0154,2024-09-18 06:59:14,766,25900.0
PO000048,NCC043,SP0116,2024-09-18 14:56:18,612,353900.0
PO002931,NCC041,SP0187,2024-09-19 05:09:56,146,157400.0
PO002811,NCC032,SP0171,2024-09-19 10:50:27,885,21300.0
PO001198,NCC027,SP0200,2024-09-19 18:06:02,227,292300.0
PO001952,NCC040,SP0105,2024-09-19 19:02:03,956,100700.0
PO000755,NCC017,SP0173,2024-09-20 01:20:13,586,104800.0
PO000336,NCC023,SP0136,2024-09-20 15:22:38,400,604400.0
PO000411,NCC012,SP0017,2024-09-20 19:32:13,969,40700.0
PO003356,NCC027,SP0209,2024-09-20 21:06:19,558,67800.0
PO001303,NCC016,SP0134,2024-09-21 07:47:33,736,108200.0
PO001190,NCC018,SP0114,2024-09-21 19:36:33,317,56800.0
PO002190,NCC009,SP0164,2024-09-21 21:59:00,177,481300.0
PO000023,NCC020,SP0159,2024-09-22 01:33:58,250,463700.0
PO001518,NCC025,SP0013,2024-09-22 09:41:36,222,79200.0
PO003024,NCC036,SP0067,2024-09-22 09:50:05,343,12600.0
PO001522,NCC045,SP0038,2024-09-22 10:21:01,641,590200.0
PO000673,NCC036,SP0216,2024-09-22 12:49:33,265,52400.0
PO001246,NCC015,SP0037,2024-09-22 17:15:42,442,93600.0
PO001564,NCC039,SP0162,2024-09-22 19:24:09,481,84400.0
PO002706,NCC030,SP0165,2024-09-23 02:53:05,26,21700.0
PO001366,NCC022,SP0186,2024-09-23 04:44:20,478,630700.0
PO002790,NCC022,SP0059,2024-09-23 12:20:30,445,498900.0
PO000383,NCC005,SP0054,2024-09-23 13:48:11,416,91600.0
PO002969,NCC029,SP0117,2024-09-24 03:43:01,629,35700.0
PO003413,NCC001,SP0173,2024-09-24 05:28:42,437,91800.0
PO002319,NCC021,SP0006,2024-09-24 09:54:03,722,733900.0
PO003281,NCC032,SP0175,2024-09-24 10:55:15,715,20200.0
PO002641,NCC011,SP0041,2024-09-24 14:32:59,425,687500.0
PO000300,NCC022,SP0048,2024-09-24 23:13:38,982,41400.0
PO000873,NCC024,SP0170,2024-09-25 00:04:21,218,148100.0
PO000138,NCC026,SP0174,2024-09-25 16:38:01,918,519700.0
PO001623,NCC023,SP0106,2024-09-25 21:55:49,81,114900.0
PO001238,NCC012,SP0220,2024-09-26 00:50:01,892,43500.0
PO000732,NCC024,SP0004,2024-09-26 02:50:27,581,102900.0
PO002959,NCC008,SP0153,2024-09-26 07:45:24,488,125700.0
PO002699,NCC010,SP0214,2024-09-26 20:04:04,535,42400.0
PO001488,NCC025,SP0111,2024-09-27 01:00:05,435,40600.0
PO002339,NCC022,SP0092,2024-09-27 03:09:09,969,31800.0
PO000206,NCC044,SP0011,2024-09-27 11:41:26,854,27500.0
PO003108,NCC022,SP0045,2024-09-27 14:50:17,342,119100.0
PO000695,NCC014,SP0078,2024-09-28 02:45:01,158,132100.0
PO002069,NCC006,SP0025,2024-09-28 03:02:36,277,22900.0
PO000684,NCC041,SP0030,2024-09-28 10:54:55,154,668600.0
PO000487,NCC043,SP0177,2024-09-28 21:56:53,432,128800.0
PO001117,NCC037,SP0138,2024-09-28 22:01:55,269,25100.0
PO002363,NCC002,SP0133,2024-09-28 22:04:34,646,159500.0
PO000665,NCC045,SP0088,2024-09-28 22:51:30,122,63800.0
PO002063,NCC017,SP0093,2024-09-29 02:39:32,157,771000.0
PO001008,NCC020,SP0013,2024-09-29 07:46:17,265,80500.0
PO001987,NCC010,SP0071,2024-09-29 08:52:24,793,549800.0
PO000391,NCC016,SP0203,2024-09-29 19:03:19,947,624000.0
PO002224,NCC012,SP0034,2024-09-29 20:10:59,173,175700.0
PO002523,NCC032,SP0095,2024-09-30 00:07:13,617,49300.0
PO003296,NCC025,SP0053,2024-09-30 00:28:36,673,163700.0
PO001316,NCC019,SP0008,2024-09-30 15:05:02,595,737600.0
PO002620,NCC034,SP0129,2024-09-30 15:32:22,88,117000.0
PO002866,NCC020,SP0071,2024-09-30 18:14:30,288,523700.0
PO001230,NCC009,SP0029,2024-10-01 08:19:52,953,140900.0
PO001664,NCC011,SP0064,2024-10-01 11:22:05,219,100700.0
PO002458,NCC004,SP0091,2024-10-01 13:29:55,403,43700.0
PO001061,NCC039,SP0073,2024-10-01 14:48:54,312,65300.0
PO000565,NCC011,SP0175,2024-10-01 15:08:02,897,20200.0
PO000850,NCC044,SP0129,2024-10-01 20:59:56,611,120600.0
PO001849,NCC036,SP0129,2024-10-01 22:57:25,771,154500.0
PO000523,NCC002,SP0007,2024-10-01 23:46:38,382,162800.0
PO000302,NCC033,SP0206,2024-10-02 00:45:11,780,37200.0
PO000974,NCC006,SP0082,2024-10-02 18:16:29,774,519000.0
PO002129,NCC019,SP0175,2024-10-02 20:57:31,471,20300.0
PO003425,NCC028,SP0174,2024-10-02 22:48:50,366,461100.0
PO003407,NCC014,SP0189,2024-10-02 23:58:11,33,95000.0
PO002441,NCC018,SP0145,2024-10-03 02:59:56,237,99600.0
PO002123,NCC007,SP0178,2024-10-03 05:17:18,285,155000.0
PO001896,NCC039,SP0024,2024-10-03 20:22:49,770,62000.0
PO001263,NCC019,SP0121,2024-10-04 07:28:28,562,112700.0
PO001107,NCC006,SP0097,2024-10-04 20:04:24,202,55700.0
PO000292,NCC019,SP0181,2024-10-04 20:22:31,343,488000.0
PO000381,NCC044,SP0115,2024-10-05 03:41:40,639,20200.0
PO001632,NCC039,SP0006,2024-10-05 06:55:25,764,644900.0
PO001462,NCC041,SP0050,2024-10-05 09:50:32,824,412200.0
PO000009,NCC043,SP0010,2024-10-05 16:15:14,235,558400.0
PO002732,NCC043,SP0143,2024-10-06 03:53:27,848,99400.0
PO002903,NCC044,SP0149,2024-10-06 08:02:56,199,939800.0
PO001578,NCC030,SP0191,2024-10-06 12:32:45,243,36800.0
PO000390,NCC038,SP0095,2024-10-06 14:09:54,95,54800.0
PO000329,NCC009,SP0025,2024-10-06 15:59:07,336,25700.0
PO003181,NCC011,SP0091,2024-10-06 16:26:17,407,43900.0
PO002097,NCC021,SP0202,2024-10-06 17:42:01,866,256200.0
PO002139,NCC016,SP0096,2024-10-06 18:06:45,140,41500.0
PO002181,NCC009,SP0012,2024-10-06 20:19:54,45,93500.0
PO000260,NCC001,SP0119,2024-10-06 21:24:34,955,157300.0
PO000892,NCC002,SP0069,2024-10-06 21:33:11,750,40100.0
PO001200,NCC030,SP0056,2024-10-06 22:00:49,536,40600.0
PO000906,NCC043,SP0202,2024-10-07 09:32:25,952,288700.0
PO002265,NCC024,SP0178,2024-10-07 10:27:27,305,152200.0
PO002290,NCC001,SP0077,2024-10-07 15:27:14,556,96900.0
PO000895,NCC007,SP0048,2024-10-08 06:49:49,637,40400.0
PO000792,NCC028,SP0167,2024-10-08 07:35:32,183,30100.0
PO001579,NCC043,SP0198,2024-10-08 09:49:06,738,18400.0
PO003070,NCC041,SP0144,2024-10-08 16:24:47,359,136800.0
PO000957,NCC019,SP0148,2024-10-08 22:41:14,839,37600.0
PO002736,NCC013,SP0023,2024-10-08 23:41:31,780,103800.0
PO003441,NCC019,SP0174,2024-10-09 01:03:23,299,480500.0
PO000534,NCC004,SP0131,2024-10-09 01:33:27,866,28400.0
PO001620,NCC040,SP0009,2024-10-09 03:14:45,225,284900.0
PO003307,NCC029,SP0160,2024-10-09 08:58:04,85,42400.0
PO003373,NCC045,SP0172,2024-10-09 09:38:18,176,450400.0
PO003297,NCC034,SP0219,2024-10-09 16:07:54,694,45000.0
PO003095,NCC023,SP0160,2024-10-09 16:58:11,466,53400.0
PO001188,NCC025,SP0118,2024-10-09 21:15:40,254,118300.0
PO000607,NCC040,SP0095,2024-10-10 05:07:34,802,52300.0
PO003313,NCC005,SP0219,2024-10-10 06:34:19,744,45000.0
PO002359,NCC027,SP0095,2024-10-10 08:41:11,945,64500.0
PO000018,NCC018,SP0148,2024-10-10 09:16:21,505,35300.0
PO001740,NCC001,SP0192,2024-10-10 15:14:31,540,355200.0
PO001857,NCC024,SP0028,2024-10-10 18:11:53,683,115700.0
PO001531,NCC009,SP0064,2024-10-10 23:07:23,343,121900.0
PO001294,NCC013,SP0113,2024-10-11 00:33:11,112,108800.0
PO002081,NCC031,SP0214,2024-10-11 08:07:35,239,40100.0
PO000839,NCC012,SP0065,2024-10-11 12:13:46,144,542500.0
PO001295,NCC022,SP0010,2024-10-12 07:51:34,808,527800.0
PO001416,NCC030,SP0016,2024-10-12 08:58:04,703,563400.0
PO001916,NCC033,SP0017,2024-10-12 09:46:15,414,36300.0
PO001395,NCC030,SP0031,2024-10-12 13:20:29,794,42700.0
PO003400,NCC014,SP0158,2024-10-12 17:24:19,251,99400.0
PO000423,NCC039,SP0072,2024-10-13 00:43:57,723,381600.0
PO002693,NCC032,SP0029,2024-10-13 03:10:32,278,159800.0
PO000270,NCC036,SP0071,2024-10-13 05:06:21,502,539000.0
PO001902,NCC014,SP0172,2024-10-13 06:46:39,679,491300.0
PO003106,NCC033,SP0146,2024-10-13 13:29:21,220,78600.0
PO000196,NCC007,SP0117,2024-10-13 15:05:58,773,32500.0
PO000614,NCC021,SP0018,2024-10-14 04:49:30,881,569300.0
PO001659,NCC038,SP0104,2024-10-14 11:16:39,476,688900.0
PO003335,NCC021,SP0089,2024-10-15 02:35:49,487,112300.0
PO002068,NCC045,SP0204,2024-10-15 10:56:51,329,840500.0
PO001641,NCC017,SP0140,2024-10-15 13:30:48,314,169400.0
PO001945,NCC028,SP0193,2024-10-15 14:06:59,777,82800.0
PO001617,NCC029,SP0101,2024-10-15 18:22:43,766,197000.0
PO000715,NCC043,SP0111,2024-10-15 20:00:48,417,37300.0
PO001881,NCC018,SP0065,2024-10-15 23:32:44,921,474900.0
PO000749,NCC003,SP0021,2024-10-16 02:27:02,772,35200.0
PO001482,NCC016,SP0141,2024-10-16 04:18:36,575,46500.0
PO002913,NCC038,SP0032,2024-10-16 08:00:17,479,111100.0
PO002516,NCC007,SP0106,2024-10-16 15:42:39,315,111700.0
PO001532,NCC038,SP0163,2024-10-16 18:26:20,797,97600.0
PO001985,NCC011,SP0022,2024-10-16 19:10:54,298,869500.0
PO000008,NCC038,SP0190,2024-10-17 01:04:59,601,30800.0
PO002864,NCC043,SP0056,2024-10-17 07:30:57,94,47400.0
PO002810,NCC008,SP0086,2024-10-17 15:24:14,56,121200.0
PO003069,NCC030,SP0220,2024-10-17 21:57:20,489,44800.0
PO002305,NCC028,SP0013,2024-10-18 01:57:09,675,81300.0
PO002223,NCC002,SP0046,2024-10-18 05:54:40,753,27000.0
PO000657,NCC044,SP0038,2024-10-18 11:13:16,261,660600.0
PO002061,NCC043,SP0160,2024-10-18 11:31:16,927,51000.0
PO000622,NCC004,SP0206,2024-10-18 13:32:55,237,36900.0
PO001980,NCC044,SP0016,2024-10-18 16:37:56,636,615300.0
PO000475,NCC027,SP0178,2024-10-19 03:33:50,357,146200.0
PO000274,NCC014,SP0101,2024-10-19 06:42:03,354,243300.0
PO003456,NCC008,SP0159,2024-10-19 08:02:51,21,462600.0
PO001322,NCC006,SP0014,2024-10-19 12:32:07,136,460400.0
PO002723,NCC012,SP0065,2024-10-19 16:52:04,93,553600.0
PO001134,NCC042,SP0025,2024-10-19 17:48:07,746,27400.0
PO002447,NCC016,SP0145,2024-10-19 19:04:40,653,103400.0
PO002717,NCC010,SP0025,2024-10-20 02:15:43,797,26900.0
PO001618,NCC035,SP0195,2024-10-20 08:30:07,106,157400.0
PO003114,NCC040,SP0008,2024-10-20 12:46:25,957,859300.0
PO001667,NCC026,SP0141,2024-10-20 17:53:22,799,45500.0
PO001778,NCC024,SP0107,2024-10-21 04:28:11,336,178600.0
PO001495,NCC024,SP0047,2024-10-21 05:25:59,713,105600.0
PO000372,NCC025,SP0187,2024-10-21 11:07:45,408,129800.0
PO001478,NCC003,SP0036,2024-10-21 11:46:24,577,145100.0
PO002769,NCC004,SP0005,2024-10-21 13:41:40,262,137900.0
PO000585,NCC034,SP0127,2024-10-21 22:05:18,529,28400.0
PO001185,NCC035,SP0142,2024-10-22 06:27:34,332,308600.0
PO002065,NCC005,SP0044,2024-10-22 13:30:00,617,881800.0
PO000290,NCC008,SP0028,2024-10-22 18:24:40,31,90500.0
PO002371,NCC037,SP0208,2024-10-22 18:29:14,579,84200.0
PO000694,NCC028,SP0092,2024-10-23 06:22:03,669,33000.0
PO002120,NCC032,SP0218,2024-10-23 08:07:58,888,103100.0
PO001187,NCC008,SP0127,2024-10-23 09:25:32,530,28100.0
PO001684,NCC003,SP0105,2024-10-23 09:58:42,864,125200.0
PO000311,NCC002,SP0172,2024-10-23 11:26:53,361,505500.0
PO000593,NCC005,SP0067,2024-10-23 17:39:43,208,11100.0
PO002241,NCC007,SP0202,2024-10-23 21:13:26,254,243300.0
PO003440,NCC011,SP0101,2024-10-24 00:57:34,644,232000.0
PO000674,NCC022,SP0220,2024-10-24 03:23:31,251,38100.0
PO001850,NCC021,SP0184,2024-10-24 12:42:45,126,168800.0
PO000592,NCC043,SP0055,2024-10-25 02:58:30,225,124200.0
PO000702,NCC002,SP0107,2024-10-25 09:01:34,302,171800.0
PO000353,NCC024,SP0139,2024-10-25 09:44:40,218,133000.0
PO001681,NCC020,SP0044,2024-10-25 16:17:34,464,922700.0
PO001374,NCC043,SP0213,2024-10-26 12:20:24,435,24200.0
PO002632,NCC043,SP0182,2024-10-26 12:49:25,683,60500.0
PO001387,NCC002,SP0159,2024-10-26 21:05:37,446,423600.0
PO003167,NCC004,SP0072,2024-10-26 21:32:51,803,424200.0
PO002368,NCC004,SP0090,2024-10-26 22:21:48,423,490100.0
PO003345,NCC021,SP0144,2024-10-26 23:59:13,74,129400.0
PO002279,NCC013,SP0131,2024-10-27 08:12:37,533,30600.0
PO002379,NCC004,SP0131,2024-10-27 09:37:33,434,30900.0
PO000577,NCC011,SP0116,2024-10-27 11:07:11,928,397200.0
PO002146,NCC039,SP0013,2024-10-27 11:51:15,808,70200.0
PO001047,NCC037,SP0220,2024-10-27 14:23:08,945,40400.0
PO001264,NCC044,SP0015,2024-10-27 18:27:43,841,48600.0
PO001375,NCC026,SP0092,2024-10-27 21:08:34,877,32600.0
PO000939,NCC007,SP0041,2024-10-27 21:57:58,116,707400.0
PO002451,NCC038,SP0120,2024-10-28 21:35:49,683,101900.0
PO000984,NCC009,SP0109,2024-10-29 00:00:49,918,575000.0
PO002941,NCC044,SP0128,2024-10-29 07:18:55,489,147500.0
PO003350,NCC017,SP0138,2024-10-29 08:32:35,547,23600.0
PO001402,NCC014,SP0216,2024-10-29 12:33:04,968,45700.0
PO001290,NCC044,SP0127,2024-10-29 15:57:27,950,31100.0
PO002589,NCC001,SP0201,2024-10-30 01:02:57,135,538600.0
PO000564,NCC005,SP0125,2024-10-30 05:45:00,349,150200.0
PO000280,NCC030,SP0070,2024-10-30 08:20:09,637,93600.0
PO001401,NCC022,SP0169,2024-10-30 11:34:42,662,589200.0
PO000401,NCC030,SP0024,2024-10-30 16:14:39,565,58200.0
PO002380,NCC032,SP0051,2024-10-31 00:17:00,203,142300.0
PO002034,NCC009,SP0059,2024-10-31 02:44:43,117,503600.0
PO002996,NCC011,SP0090,2024-10-31 13:04:01,946,491100.0
PO001437,NCC017,SP0049,2024-10-31 14:13:28,859,114300.0
PO002625,NCC009,SP0104,2024-10-31 17:47:21,385,768000.0
PO000810,NCC001,SP0056,2024-11-01 04:00:26,861,45300.0
PO002861,NCC012,SP0145,2024-11-01 09:03:16,220,94000.0
PO001493,NCC014,SP0085,2024-11-01 13:44:27,362,79600.0
PO002701,NCC026,SP0212,2024-11-01 14:44:39,870,134800.0
PO001484,NCC019,SP0093,2024-11-01 14:54:29,830,733700.0
PO001413,NCC002,SP0096,2024-11-01 19:46:06,362,44900.0
PO000573,NCC026,SP0027,2024-11-01 23:38:26,784,47100.0
PO000748,NCC039,SP0149,2024-11-02 05:57:22,588,857700.0
PO001452,NCC022,SP0141,2024-11-02 12:53:34,789,53900.0
PO003012,NCC008,SP0027,2024-11-02 18:09:44,534,49200.0
PO003343,NCC020,SP0067,2024-11-03 02:46:43,437,12300.0
PO002204,NCC002,SP0149,2024-11-03 05:48:01,840,837900.0
PO002292,NCC035,SP0111,2024-11-03 19:03:57,291,41200.0
PO000944,NCC007,SP0174,2024-11-03 19:48:28,296,431400.0
PO003086,NCC041,SP0178,2024-11-04 02:15:53,164,154900.0
PO002610,NCC008,SP0041,2024-11-04 04:12:40,773,686400.0
PO000778,NCC025,SP0035,2024-11-04 07:11:19,716,595500.0
PO003447,NCC022,SP0073,2024-11-04 12:32:55,877,54200.0
PO000145,NCC015,SP0219,2024-11-04 13:51:28,140,45400.0
PO001157,NCC002,SP0182,2024-11-04 20:44:12,405,73200.0
PO002768,NCC001,SP0111,2024-11-05 03:42:25,64,39100.0
PO002651,NCC002,SP0084,2024-11-05 07:34:26,264,105400.0
PO003486,NCC034,SP0100,2024-11-05 10:44:57,730,148100.0
PO002906,NCC004,SP0105,2024-11-06 03:41:23,89,128400.0
PO000667,NCC029,SP0047,2024-11-06 05:34:51,321,89500.0
PO003278,NCC004,SP0113,2024-11-06 07:09:00,131,102000.0
PO001731,NCC003,SP0204,2024-11-06 20:59:35,781,744500.0
PO002534,NCC044,SP0034,2024-11-06 22:47:50,825,145700.0
PO002203,NCC011,SP0120,2024-11-07 06:15:05,496,103700.0
PO001640,NCC012,SP0034,2024-11-07 06:42:31,485,157700.0
PO003208,NCC004,SP0151,2024-11-07 08:36:20,676,136100.0
PO000337,NCC028,SP0158,2024-11-07 18:42:45,826,96700.0
PO001799,NCC022,SP0204,2024-11-07 21:37:18,653,890300.0
PO001325,NCC006,SP0089,2024-11-07 22:06:57,341,111500.0
PO000857,NCC006,SP0011,2024-11-07 22:29:09,282,29700.0
PO001342,NCC029,SP0200,2024-11-07 23:46:10,173,312500.0
PO002079,NCC025,SP0177,2024-11-08 00:08:02,85,135500.0
PO000146,NCC028,SP0058,2024-11-08 06:27:10,490,32000.0
PO002985,NCC037,SP0193,2024-11-08 06:45:01,68,88500.0
PO002381,NCC033,SP0220,2024-11-08 11:51:22,416,43700.0
PO002664,NCC027,SP0144,2024-11-08 14:54:40,551,118100.0
PO001360,NCC032,SP0092,2024-11-08 19:16:46,461,32100.0
PO001405,NCC043,SP0003,2024-11-09 00:37:54,885,46900.0
PO001088,NCC044,SP0049,2024-11-09 02:58:56,497,116600.0
PO002686,NCC013,SP0138,2024-11-09 04:23:21,414,23100.0
PO002501,NCC016,SP0155,2024-11-09 11:25:44,925,168400.0
PO001638,NCC044,SP0068,2024-11-09 13:56:57,93,38100.0
PO001844,NCC010,SP0113,2024-11-09 22:11:07,660,130100.0
PO000134,NCC044,SP0087,2024-11-09 22:13:13,440,104900.0
PO000686,NCC027,SP0189,2024-11-09 22:41:04,809,99200.0
PO002532,NCC014,SP0059,2024-11-10 05:40:26,385,466600.0
PO002522,NCC040,SP0060,2024-11-11 06:19:07,305,22000.0
PO000183,NCC020,SP0056,2024-11-11 14:00:49,46,42900.0
PO001199,NCC011,SP0181,2024-11-11 19:02:38,247,479000.0
PO002519,NCC014,SP0123,2024-11-11 19:16:52,56,161800.0
PO000849,NCC009,SP0019,2024-11-11 19:53:12,809,117400.0
PO001858,NCC031,SP0091,2024-11-12 07:14:58,207,48600.0
PO001476,NCC030,SP0088,2024-11-12 09:46:35,168,58200.0
PO002817,NCC009,SP0191,2024-11-12 16:13:45,655,36700.0
PO000661,NCC027,SP0218,2024-11-12 18:50:41,571,108500.0
PO003273,NCC035,SP0091,2024-11-12 23:06:13,35,50400.0
PO001979,NCC037,SP0030,2024-11-13 02:10:17,446,595900.0
PO002954,NCC027,SP0028,2024-11-13 02:55:36,789,90900.0
PO000896,NCC035,SP0012,2024-11-13 05:40:09,883,94300.0
PO000558,NCC025,SP0033,2024-11-13 06:49:40,663,70000.0
PO002885,NCC021,SP0069,2024-11-13 10:35:30,508,33500.0
PO001995,NCC031,SP0028,2024-11-13 14:34:09,607,93600.0
PO000012,NCC022,SP0023,2024-11-14 05:30:59,478,108500.0
PO002211,NCC020,SP0070,2024-11-14 11:37:38,881,96700.0
PO000820,NCC027,SP0054,2024-11-15 07:25:55,646,97900.0
PO001691,NCC010,SP0043,2024-11-15 12:30:29,446,133900.0
PO003492,NCC032,SP0117,2024-11-15 16:21:17,258,34700.0
PO000589,NCC043,SP0035,2024-11-15 20:40:00,364,521400.0
PO002419,NCC031,SP0144,2024-11-16 01:07:54,386,141600.0
PO001708,NCC030,SP0202,2024-11-16 12:40:46,953,312000.0
PO003366,NCC002,SP0047,2024-11-16 17:29:20,874,76200.0
PO002825,NCC036,SP0199,2024-11-18 05:00:57,468,93200.0
PO000291,NCC037,SP0019,2024-11-18 07:39:11,760,98300.0
PO002554,NCC024,SP0120,2024-11-18 08:13:08,79,90500.0
PO003094,NCC035,SP0165,2024-11-18 11:49:50,669,23400.0
PO002585,NCC009,SP0023,2024-11-18 14:18:36,386,105100.0
PO003226,NCC027,SP0217,2024-11-18 22:21:31,73,175300.0
PO001112,NCC034,SP0002,2024-11-19 00:11:59,252,26800.0
PO000869,NCC041,SP0062,2024-11-19 07:22:06,101,138000.0
PO001926,NCC008,SP0115,2024-11-19 15:35:02,853,20300.0
PO002373,NCC026,SP0191,2024-11-20 01:21:45,166,36200.0
PO001669,NCC045,SP0190,2024-11-20 06:37:21,391,29100.0
PO001768,NCC043,SP0086,2024-11-20 10:27:41,302,89600.0
PO000500,NCC041,SP0110,2024-11-20 12:13:21,342,38400.0
PO000675,NCC004,SP0050,2024-11-20 13:43:35,830,424300.0
PO000887,NCC039,SP0085,2024-11-20 18:01:12,249,59100.0
PO002513,NCC034,SP0089,2024-11-20 20:22:37,785,103000.0
PO000807,NCC041,SP0182,2024-11-20 21:01:38,966,87800.0
PO002347,NCC039,SP0183,2024-11-20 23:19:45,141,89300.0
PO001071,NCC017,SP0167,2024-11-21 02:24:55,918,29300.0
PO001695,NCC005,SP0145,2024-11-21 05:44:27,581,83000.0
PO003327,NCC037,SP0113,2024-11-21 15:28:17,745,120500.0
PO000681,NCC036,SP0165,2024-11-21 21:14:40,881,24100.0
PO000278,NCC024,SP0155,2024-11-22 01:28:22,483,135900.0
PO000195,NCC026,SP0040,2024-11-22 02:56:25,751,128200.0
PO000319,NCC010,SP0174,2024-11-22 03:03:25,987,498200.0
PO000668,NCC006,SP0046,2024-11-22 06:25:01,286,25600.0
PO000910,NCC043,SP0118,2024-11-22 19:07:44,490,133300.0
PO001885,NCC027,SP0063,2024-11-23 03:16:46,562,61700.0
PO003449,NCC034,SP0083,2024-11-23 05:11:36,494,44100.0
PO003174,NCC043,SP0158,2024-11-23 09:01:28,152,85700.0
PO002975,NCC021,SP0004,2024-11-23 15:23:12,754,116400.0
PO000153,NCC033,SP0092,2024-11-24 00:01:54,870,31300.0
PO001498,NCC032,SP0118,2024-11-24 03:59:27,659,134000.0
PO003493,NCC040,SP0128,2024-11-24 07:54:35,718,156400.0
PO002541,NCC008,SP0003,2024-11-24 09:00:59,600,42100.0
PO002497,NCC022,SP0181,2024-11-24 09:54:47,475,500500.0
PO002756,NCC038,SP0153,2024-11-25 04:25:49,841,98500.0
PO003218,NCC038,SP0012,2024-11-25 04:56:52,104,86000.0
PO000705,NCC012,SP0189,2024-11-25 06:37:19,572,84500.0
PO001081,NCC030,SP0116,2024-11-25 08:53:39,879,400200.0
PO001257,NCC006,SP0080,2024-11-25 10:53:28,321,111500.0
PO003438,NCC034,SP0146,2024-11-25 12:50:50,808,54500.0
PO000175,NCC021,SP0160,2024-11-25 22:12:58,599,48300.0
PO002179,NCC016,SP0164,2024-11-26 04:49:55,223,544300.0
PO001184,NCC028,SP0069,2024-11-26 15:15:28,574,34800.0
PO001357,NCC008,SP0117,2024-11-26 21:00:44,724,32500.0
PO000630,NCC028,SP0149,2024-11-27 04:01:40,20,693900.0
PO002353,NCC033,SP0134,2024-11-27 08:05:57,773,123100.0
PO001358,NCC040,SP0133,2024-11-27 09:01:36,182,143000.0
PO002997,NCC043,SP0118,2024-11-27 13:18:02,43,121100.0
PO001716,NCC009,SP0200,2024-11-27 21:03:05,228,257800.0
PO002674,NCC045,SP0027,2024-11-27 21:34:41,873,43600.0
PO002751,NCC031,SP0144,2024-11-28 11:01:08,895,137900.0
PO001480,NCC001,SP0022,2024-11-28 22:27:45,975,903000.0
PO000740,NCC013,SP0176,2024-11-29 02:18:41,741,75500.0
PO002638,NCC008,SP0004,2024-11-29 03:50:29,158,136300.0
PO003044,NCC036,SP0104,2024-11-29 05:59:22,690,610600.0
PO000720,NCC035,SP0111,2024-11-30 01:53:43,554,39900.0
PO000855,NCC023,SP0066,2024-11-30 02:25:10,955,274700.0
PO002914,NCC001,SP0011,2024-11-30 06:48:13,997,30400.0
PO000400,NCC028,SP0119,2024-11-30 20:28:49,105,176000.0
PO001021,NCC007,SP0084,2024-12-01 01:59:13,169,80900.0
PO002125,NCC032,SP0050,2024-12-01 04:25:27,587,415600.0
PO002475,NCC009,SP0181,2024-12-01 06:54:37,772,488000.0
PO002372,NCC045,SP0064,2024-12-01 13:14:19,475,99800.0
PO001539,NCC037,SP0126,2024-12-01 18:36:27,261,58800.0
PO001527,NCC028,SP0083,2024-12-01 19:19:31,313,48100.0
PO002505,NCC010,SP0014,2024-12-01 21:02:33,435,382600.0
PO002256,NCC003,SP0006,2024-12-01 23:53:05,956,613900.0
PO001436,NCC045,SP0089,2024-12-02 01:02:52,835,121100.0
PO000744,NCC035,SP0049,2024-12-02 01:39:42,167,139400.0
PO001169,NCC002,SP0018,2024-12-02 04:21:47,235,527100.0
PO001377,NCC043,SP0088,2024-12-02 09:32:31,922,69500.0
PO002311,NCC002,SP0039,2024-12-02 15:40:06,62,14300.0
PO001812,NCC002,SP0051,2024-12-02 17:56:22,219,150200.0
PO002398,NCC037,SP0184,2024-12-03 00:11:55,501,162200.0
PO002911,NCC006,SP0200,2024-12-03 00:25:59,716,339400.0
PO001106,NCC008,SP0055,2024-12-03 02:46:40,922,166700.0
PO001309,NCC014,SP0129,2024-12-03 03:01:33,686,130800.0
PO001829,NCC017,SP0152,2024-12-03 03:59:23,47,102700.0
PO000488,NCC042,SP0219,2024-12-03 05:25:28,941,46200.0
PO000524,NCC043,SP0144,2024-12-03 18:45:01,630,116100.0
PO000769,NCC012,SP0116,2024-12-04 08:29:06,569,422800.0
PO000537,NCC025,SP0092,2024-12-04 17:43:45,305,30800.0
PO002130,NCC027,SP0172,2024-12-05 00:54:45,210,452300.0
PO003033,NCC005,SP0053,2024-12-05 01:44:44,694,140600.0
PO001308,NCC035,SP0094,2024-12-05 06:17:09,81,81500.0
PO001755,NCC021,SP0055,2024-12-05 08:29:11,208,136900.0
PO003146,NCC004,SP0122,2024-12-05 12:24:11,655,82100.0
PO001642,NCC037,SP0131,2024-12-06 04:01:16,84,29200.0
PO002781,NCC017,SP0166,2024-12-06 06:53:23,233,243400.0
PO000166,NCC017,SP0209,2024-12-06 13:44:17,287,66400.0
PO001201,NCC023,SP0148,2024-12-06 15:46:11,274,38500.0
PO002812,NCC042,SP0026,2024-12-06 18:20:42,490,58400.0
PO003306,NCC024,SP0126,2024-12-07 04:47:07,307,55200.0
PO001935,NCC021,SP0142,2024-12-07 07:43:12,135,374100.0
PO000187,NCC041,SP0027,2024-12-07 13:34:22,730,52600.0
PO000821,NCC023,SP0127,2024-12-07 15:35:58,718,28100.0
PO000645,NCC007,SP0134,2024-12-07 21:23:26,862,102400.0
PO001651,NCC041,SP0186,2024-12-08 00:06:55,717,742400.0
PO001833,NCC008,SP0029,2024-12-08 02:53:39,861,135700.0
PO000216,NCC042,SP0046,2024-12-08 08:26:57,756,28400.0
PO002679,NCC027,SP0004,2024-12-08 20:15:59,191,113100.0
PO001682,NCC007,SP0090,2024-12-09 08:31:14,887,533600.0
PO002412,NCC009,SP0067,2024-12-09 08:41:04,88,10800.0
PO001717,NCC012,SP0181,2024-12-09 14:23:48,373,523100.0
PO001072,NCC022,SP0179,2024-12-10 05:39:39,884,148400.0
PO002567,NCC003,SP0010,2024-12-10 15:00:10,344,562000.0
PO002457,NCC024,SP0126,2024-12-10 17:53:00,524,63400.0
PO003032,NCC003,SP0137,2024-12-10 22:23:04,413,719700.0
PO001279,NCC032,SP0134,2024-12-11 00:38:29,209,87600.0
PO000062,NCC020,SP0071,2024-12-11 03:26:42,708,539600.0
PO000288,NCC024,SP0137,2024-12-11 11:08:43,109,598000.0
PO001762,NCC038,SP0031,2024-12-11 15:32:24,787,38800.0
PO002049,NCC023,SP0192,2024-12-12 01:48:20,278,368000.0
PO002957,NCC005,SP0129,2024-12-12 22:01:47,980,128900.0
PO001194,NCC003,SP0195,2024-12-12 23:07:00,189,146300.0
PO003013,NCC022,SP0055,2024-12-13 02:32:17,780,137800.0
PO001540,NCC031,SP0158,2024-12-13 08:24:08,864,105700.0
PO001285,NCC023,SP0037,2024-12-13 14:56:31,217,105800.0
PO001050,NCC034,SP0154,2024-12-13 17:34:04,327,21900.0
PO002921,NCC021,SP0017,2024-12-14 00:16:01,74,38500.0
PO000847,NCC018,SP0167,2024-12-14 03:17:55,114,31400.0
PO000217,NCC011,SP0079,2024-12-14 14:30:56,549,21000.0
PO001694,NCC001,SP0113,2024-12-14 18:41:46,405,129500.0
PO001451,NCC002,SP0014,2024-12-14 22:42:31,562,370500.0
PO001645,NCC019,SP0125,2024-12-15 15:24:14,437,125300.0
PO001506,NCC043,SP0041,2024-12-16 01:57:16,534,832800.0
PO001041,NCC011,SP0177,2024-12-16 03:33:12,144,127500.0
PO002619,NCC042,SP0042,2024-12-16 05:03:34,929,117700.0
PO001283,NCC045,SP0205,2024-12-16 06:03:49,144,308600.0
PO002926,NCC035,SP0188,2024-12-16 10:08:53,326,100300.0
PO001450,NCC015,SP0124,2024-12-17 04:40:03,974,37400.0
PO002369,NCC044,SP0019,2024-12-17 08:17:19,584,101300.0
PO000604,NCC002,SP0008,2024-12-17 10:59:38,913,719000.0
PO002096,NCC023,SP0157,2024-12-17 12:39:57,846,145400.0
PO003372,NCC031,SP0080,2024-12-17 17:25:22,783,116500.0
PO003388,NCC045,SP0060,2024-12-17 20:01:37,744,19600.0
PO001049,NCC014,SP0062,2024-12-17 23:30:07,825,163600.0
PO001094,NCC005,SP0062,2024-12-18 08:51:50,673,165700.0
PO001417,NCC042,SP0138,2024-12-18 17:54:38,498,24500.0
PO000676,NCC020,SP0056,2024-12-18 18:50:25,20,42100.0
PO001950,NCC024,SP0218,2024-12-18 19:31:44,600,102600.0
PO000767,NCC025,SP0197,2024-12-18 23:26:35,994,466800.0
PO001948,NCC018,SP0123,2024-12-19 00:38:58,295,133600.0
PO000526,NCC042,SP0028,2024-12-19 00:43:50,898,91300.0
PO000618,NCC012,SP0133,2024-12-19 07:44:15,739,123000.0
PO002577,NCC034,SP0071,2024-12-19 15:38:31,361,470100.0
PO001861,NCC001,SP0049,2024-12-19 18:12:01,78,120900.0
PO000384,NCC012,SP0162,2024-12-19 22:17:05,337,104000.0
PO002598,NCC037,SP0117,2024-12-20 00:07:42,928,30300.0
PO002315,NCC042,SP0155,2024-12-20 02:28:51,422,132800.0
PO002517,NCC008,SP0010,2024-12-20 04:40:45,655,553000.0
PO003202,NCC018,SP0166,2024-12-20 09:23:13,949,220700.0
PO000913,NCC024,SP0072,2024-12-20 09:56:54,834,442700.0
PO001461,NCC029,SP0113,2024-12-20 14:23:24,400,106400.0
PO000462,NCC031,SP0141,2024-12-20 15:53:47,998,48300.0
PO001036,NCC028,SP0179,2024-12-20 20:01:53,740,133300.0
PO002963,NCC035,SP0109,2024-12-21 04:32:59,958,629800.0
PO003357,NCC012,SP0011,2024-12-21 13:52:34,889,27800.0
PO003142,NCC034,SP0187,2024-12-21 16:07:49,290,124000.0
PO001603,NCC004,SP0177,2024-12-21 21:04:48,804,144200.0
PO002568,NCC001,SP0046,2024-12-21 21:52:18,454,27800.0
PO002325,NCC025,SP0198,2024-12-22 00:59:08,741,18200.0
PO001441,NCC034,SP0176,2024-12-22 01:31:28,48,87600.0
PO002250,NCC018,SP0097,2024-12-22 02:59:18,370,58900.0
PO003271,NCC012,SP0118,2024-12-22 03:22:19,955,105900.0
PO002653,NCC040,SP0001,2024-12-22 15:09:15,76,29000.0
PO002273,NCC005,SP0123,2024-12-23 00:31:06,802,154400.0
PO002621,NCC037,SP0070,2024-12-23 00:55:10,972,101200.0
PO001679,NCC023,SP0144,2024-12-23 05:40:54,256,129700.0
PO000425,NCC015,SP0179,2024-12-23 12:11:46,752,163600.0
PO002435,NCC026,SP0072,2024-12-23 12:36:40,230,437900.0
PO001551,NCC023,SP0164,2024-12-23 16:06:15,97,559500.0
PO003338,NCC031,SP0214,2024-12-23 18:02:01,31,36400.0
PO001932,NCC033,SP0195,2024-12-24 17:55:58,794,141500.0
PO002688,NCC009,SP0161,2024-12-24 20:29:48,656,67500.0
PO002060,NCC014,SP0050,2024-12-25 05:57:28,871,431900.0
PO002272,NCC001,SP0118,2024-12-25 06:13:38,183,141300.0
PO001784,NCC043,SP0023,2024-12-25 13:51:49,999,98200.0
PO000374,NCC022,SP0170,2024-12-25 16:04:59,28,125900.0
PO003201,NCC008,SP0047,2024-12-25 17:43:50,321,103100.0
PO001554,NCC039,SP0150,2024-12-25 22:00:39,896,115800.0
PO000881,NCC035,SP0097,2024-12-26 00:07:49,149,64600.0
PO002227,NCC022,SP0111,2024-12-26 00:39:36,165,40200.0
PO003197,NCC035,SP0115,2024-12-26 03:27:33,472,22100.0
PO002583,NCC037,SP0141,2024-12-26 06:41:28,50,49500.0
PO000112,NCC013,SP0200,2024-12-26 06:42:10,673,313200.0
PO002459,NCC040,SP0102,2024-12-26 10:19:09,627,485900.0
PO002251,NCC025,SP0050,2024-12-26 18:59:10,232,476900.0
PO002934,NCC005,SP0112,2024-12-27 03:38:36,334,93200.0
PO000868,NCC035,SP0009,2024-12-27 07:49:27,682,273200.0
PO000014,NCC022,SP0092,2024-12-27 10:13:13,201,33100.0
PO001743,NCC002,SP0097,2024-12-27 16:42:11,105,56600.0
PO001606,NCC029,SP0209,2024-12-27 18:27:36,586,74800.0
PO001996,NCC002,SP0198,2024-12-28 03:29:54,353,19600.0
PO002263,NCC039,SP0065,2024-12-28 04:01:58,827,471900.0
PO000922,NCC004,SP0172,2024-12-28 14:21:32,979,503100.0
PO000609,NCC005,SP0185,2024-12-28 19:22:49,865,20000.0
PO000548,NCC038,SP0007,2024-12-29 00:53:49,524,157500.0
PO000867,NCC042,SP0191,2024-12-29 01:05:39,420,36300.0
PO000149,NCC009,SP0039,2024-12-29 02:25:12,945,13800.0
PO001205,NCC034,SP0129,2024-12-29 08:40:05,176,121000.0
PO001147,NCC023,SP0113,2024-12-29 09:00:38,28,120600.0
PO000244,NCC007,SP0167,2024-12-29 11:08:27,562,30200.0
PO002000,NCC001,SP0028,2024-12-29 11:08:58,559,103800.0
PO000477,NCC035,SP0083,2024-12-29 18:55:58,88,43900.0
PO002831,NCC045,SP0218,2024-12-30 00:34:55,437,113800.0
PO000975,NCC003,SP0208,2024-12-30 01:00:01,896,80100.0
PO001779,NCC024,SP0080,2024-12-30 04:34:39,127,108200.0
PO001189,NCC020,SP0120,2024-12-30 04:41:35,394,105000.0
PO002270,NCC002,SP0035,2024-12-30 09:01:34,652,613400.0
PO000999,NCC031,SP0140,2024-12-30 09:10:31,146,175300.0
PO000355,NCC022,SP0160,2024-12-30 09:15:54,492,57000.0
PO001587,NCC040,SP0034,2024-12-31 00:22:18,587,156000.0
PO000240,NCC013,SP0135,2024-12-31 03:52:38,858,671600.0
PO001897,NCC020,SP0103,2024-12-31 09:27:50,956,140400.0
PO001856,NCC020,SP0001,2024-12-31 13:30:28,189,30200.0
PO001634,NCC043,SP0153,2024-12-31 22:45:04,601,121900.0
PO000204,NCC005,SP0007,2025-01-01 03:04:23,179,149800.0
PO000961,NCC005,SP0112,2025-01-01 04:43:45,720,101200.0
PO003041,NCC022,SP0197,2025-01-01 12:23:42,411,562700.0
PO000095,NCC035,SP0114,2025-01-01 12:24:48,445,64600.0
PO000611,NCC027,SP0137,2025-01-01 18:59:26,870,571400.0
PO002159,NCC021,SP0075,2025-01-01 19:18:24,85,99600.0
PO002170,NCC020,SP0036,2025-01-01 21:19:00,96,166100.0
PO000753,NCC004,SP0129,2025-01-02 03:25:14,972,130500.0
PO003011,NCC040,SP0142,2025-01-02 06:12:17,493,336700.0
PO002747,NCC034,SP0162,2025-01-02 18:22:48,838,116300.0
PO000416,NCC019,SP0208,2025-01-02 21:36:58,598,57900.0
PO002597,NCC014,SP0130,2025-01-03 01:13:46,730,191700.0
PO002196,NCC010,SP0189,2025-01-03 03:11:04,222,97200.0
PO003172,NCC027,SP0087,2025-01-03 07:25:24,390,104300.0
PO000914,NCC033,SP0117,2025-01-03 08:51:50,175,33200.0
PO001162,NCC040,SP0206,2025-01-03 10:37:36,162,37500.0
PO002504,NCC038,SP0060,2025-01-03 19:19:07,863,21300.0
PO003091,NCC020,SP0139,2025-01-04 01:18:29,863,137600.0
PO000264,NCC029,SP0148,2025-01-04 07:29:30,109,37400.0
PO000516,NCC006,SP0116,2025-01-04 07:54:37,340,410500.0
PO001393,NCC038,SP0162,2025-01-04 15:21:45,726,102900.0
PO002945,NCC028,SP0026,2025-01-04 20:07:03,316,70100.0
PO003471,NCC035,SP0059,2025-01-05 09:33:41,463,438000.0
PO002351,NCC025,SP0016,2025-01-05 17:58:48,613,528700.0
PO000594,NCC023,SP0075,2025-01-05 18:50:32,378,90100.0
PO003046,NCC025,SP0031,2025-01-05 20:54:17,896,37900.0
PO001889,NCC024,SP0217,2025-01-05 21:05:03,178,126400.0
PO000122,NCC021,SP0209,2025-01-06 02:50:49,727,74700.0
PO002730,NCC043,SP0163,2025-01-06 14:07:06,657,123000.0
PO003055,NCC032,SP0156,2025-01-06 20:38:53,342,86100.0
PO002306,NCC041,SP0008,2025-01-07 13:25:50,173,813700.0
PO000161,NCC040,SP0131,2025-01-07 20:03:53,589,28000.0
PO000518,NCC043,SP0101,2025-01-08 05:32:16,495,240700.0
PO001901,NCC022,SP0141,2025-01-08 06:49:49,335,43600.0
PO002198,NCC014,SP0013,2025-01-08 12:43:16,576,85800.0
PO000247,NCC014,SP0215,2025-01-08 13:57:06,210,50000.0
PO003444,NCC008,SP0192,2025-01-08 19:12:46,934,359400.0
PO000373,NCC024,SP0035,2025-01-08 19:31:51,961,565300.0
PO002786,NCC034,SP0189,2025-01-08 20:22:30,97,78200.0
PO002737,NCC039,SP0183,2025-01-08 22:49:18,474,93800.0
PO000190,NCC026,SP0160,2025-01-09 06:55:57,226,58000.0
PO002370,NCC005,SP0121,2025-01-09 19:49:56,765,112100.0
PO001167,NCC014,SP0044,2025-01-10 03:32:36,265,808100.0
PO002872,NCC002,SP0020,2025-01-10 05:29:02,978,55900.0
PO001351,NCC002,SP0122,2025-01-10 11:17:53,422,86100.0
PO000442,NCC020,SP0117,2025-01-11 08:14:39,156,33200.0
PO001796,NCC006,SP0102,2025-01-11 09:38:34,59,556800.0
PO002649,NCC028,SP0139,2025-01-11 13:01:31,593,130000.0
PO001937,NCC011,SP0202,2025-01-11 15:23:18,155,265000.0
PO003043,NCC033,SP0140,2025-01-11 20:47:49,49,176200.0
PO001968,NCC018,SP0199,2025-01-12 05:12:24,749,75600.0
PO001347,NCC002,SP0074,2025-01-12 10:10:31,272,729500.0
PO000538,NCC018,SP0204,2025-01-12 18:19:21,335,873300.0
PO001293,NCC045,SP0196,2025-01-13 01:21:52,652,96100.0
PO001883,NCC010,SP0172,2025-01-13 01:24:26,515,454200.0
PO000809,NCC003,SP0106,2025-01-13 01:27:40,382,157800.0
PO001481,NCC003,SP0033,2025-01-13 01:38:26,265,54500.0
PO000511,NCC039,SP0206,2025-01-13 03:37:13,39,34900.0
PO001171,NCC016,SP0065,2025-01-13 07:53:02,94,477800.0
PO001725,NCC028,SP0087,2025-01-13 09:55:23,416,105400.0
PO001736,NCC043,SP0205,2025-01-13 11:48:41,466,312200.0
PO001477,NCC033,SP0016,2025-01-13 12:17:02,261,485600.0
PO002709,NCC009,SP0083,2025-01-13 13:28:19,280,48200.0
PO000213,NCC002,SP0110,2025-01-13 14:38:50,789,36100.0
PO000328,NCC034,SP0058,2025-01-13 20:22:37,969,29700.0
PO003347,NCC045,SP0023,2025-01-13 22:25:43,987,122300.0
PO002858,NCC037,SP0200,2025-01-14 00:19:09,709,297500.0
PO001891,NCC030,SP0106,2025-01-14 10:41:42,133,131200.0
PO002734,NCC024,SP0013,2025-01-14 11:51:36,80,75900.0
PO001348,NCC027,SP0001,2025-01-14 16:36:35,551,28300.0
PO000486,NCC024,SP0010,2025-01-14 17:27:20,853,641900.0
PO001376,NCC026,SP0213,2025-01-15 07:33:36,420,26500.0
PO003302,NCC044,SP0100,2025-01-15 09:43:01,921,153300.0
PO001256,NCC017,SP0044,2025-01-15 20:44:48,70,765800.0
PO001841,NCC018,SP0048,2025-01-15 21:02:15,703,39600.0
PO001686,NCC008,SP0190,2025-01-16 04:20:57,909,29600.0
PO002675,NCC012,SP0178,2025-01-16 05:55:33,375,152900.0
PO001611,NCC039,SP0194,2025-01-16 06:29:12,351,99000.0
PO002823,NCC042,SP0107,2025-01-16 06:44:34,545,191900.0
PO002935,NCC035,SP0186,2025-01-16 07:34:34,177,683300.0
PO000327,NCC019,SP0115,2025-01-16 09:19:25,770,21100.0
PO001892,NCC042,SP0156,2025-01-16 13:12:13,620,84900.0
PO002917,NCC024,SP0112,2025-01-16 21:15:56,161,111100.0
PO000582,NCC012,SP0080,2025-01-17 02:47:30,563,97200.0
PO001920,NCC022,SP0057,2025-01-17 08:30:52,685,141800.0
PO000989,NCC013,SP0063,2025-01-17 10:22:58,249,55700.0
PO000716,NCC013,SP0066,2025-01-17 11:54:44,356,299700.0
PO001443,NCC015,SP0200,2025-01-17 14:05:22,449,274700.0
PO002408,NCC007,SP0219,2025-01-17 16:30:02,216,36800.0
PO002147,NCC015,SP0178,2025-01-18 03:18:44,377,142800.0
PO000722,NCC039,SP0136,2025-01-18 08:48:49,294,498100.0
PO001562,NCC039,SP0136,2025-01-18 12:39:57,67,582400.0
PO001545,NCC002,SP0170,2025-01-18 20:03:21,98,141500.0
PO002689,NCC024,SP0175,2025-01-19 07:08:22,537,22100.0
PO000394,NCC042,SP0120,2025-01-19 08:51:17,35,91100.0
PO001464,NCC011,SP0203,2025-01-19 08:56:42,984,570200.0
PO000728,NCC040,SP0146,2025-01-19 12:17:27,897,60600.0
PO001310,NCC038,SP0197,2025-01-19 17:02:11,20,599400.0
PO002362,NCC023,SP0049,2025-01-19 17:24:27,354,111900.0
PO002867,NCC031,SP0063,2025-01-19 18:53:33,608,53500.0
PO000343,NCC022,SP0138,2025-01-20 10:35:18,940,22700.0
PO003216,NCC024,SP0110,2025-01-20 15:57:01,876,40700.0
PO002859,NCC024,SP0151,2025-01-20 16:35:01,570,132100.0
PO002062,NCC036,SP0066,2025-01-20 16:48:54,505,365100.0
PO003239,NCC037,SP0141,2025-01-21 01:45:16,107,48900.0
PO001633,NCC013,SP0020,2025-01-21 12:21:03,481,53200.0
PO002560,NCC029,SP0140,2025-01-22 01:20:12,480,165100.0
PO000976,NCC025,SP0030,2025-01-22 02:23:28,786,584400.0
PO000052,NCC042,SP0045,2025-01-22 07:03:28,781,120400.0
PO002385,NCC015,SP0120,2025-01-22 13:55:21,462,100100.0
PO001957,NCC041,SP0197,2025-01-22 16:25:09,981,504600.0
PO000954,NCC028,SP0172,2025-01-22 19:58:00,162,483200.0
PO003435,NCC002,SP0114,2025-01-22 23:23:51,413,59000.0
PO000042,NCC023,SP0146,2025-01-23 09:23:55,229,60700.0
PO002425,NCC018,SP0049,2025-01-23 17:28:23,140,105800.0
PO003105,NCC024,SP0194,2025-01-24 05:27:23,60,90800.0
PO000021,NCC043,SP0084,2025-01-24 16:42:43,97,99300.0
PO001583,NCC033,SP0080,2025-01-24 19:39:42,831,98800.0
PO002087,NCC005,SP0132,2025-01-24 21:16:57,740,284000.0
PO000444,NCC040,SP0007,2025-01-25 14:17:51,745,139300.0
PO000916,NCC031,SP0012,2025-01-25 23:34:04,474,89100.0
PO003160,NCC031,SP0199,2025-01-26 00:33:32,942,96100.0
PO003458,NCC008,SP0189,2025-01-26 05:53:18,688,87100.0
PO000412,NCC026,SP0165,2025-01-26 09:25:45,806,26000.0
PO003199,NCC023,SP0177,2025-01-26 15:53:01,413,140800.0
PO001027,NCC003,SP0047,2025-01-26 17:11:35,837,96700.0
PO001150,NCC005,SP0012,2025-01-27 11:22:40,245,124200.0
PO001177,NCC016,SP0141,2025-01-27 15:49:46,603,44000.0
PO000255,NCC036,SP0009,2025-01-27 17:00:42,925,286600.0
PO002186,NCC006,SP0136,2025-01-27 19:10:37,877,638400.0
PO002850,NCC040,SP0138,2025-01-28 08:19:55,83,26500.0
PO000471,NCC025,SP0042,2025-01-28 09:29:50,896,130200.0
PO000570,NCC017,SP0042,2025-01-28 13:51:11,126,100200.0
PO002094,NCC031,SP0077,2025-01-28 13:55:45,570,90100.0
PO001096,NCC005,SP0037,2025-01-28 17:51:12,611,101800.0
PO000617,NCC028,SP0195,2025-01-29 01:57:26,464,139100.0
PO002280,NCC045,SP0136,2025-01-29 03:06:15,835,583000.0
PO001785,NCC043,SP0015,2025-01-29 10:23:20,91,69900.0
PO002761,NCC012,SP0046,2025-01-29 14:45:44,424,27000.0
PO000368,NCC035,SP0044,2025-01-29 15:45:43,512,811700.0
PO001625,NCC014,SP0180,2025-01-29 16:43:07,200,714600.0
PO002877,NCC012,SP0112,2025-01-29 17:33:29,813,99500.0
PO001790,NCC017,SP0014,2025-01-29 19:43:50,547,422400.0
PO001075,NCC004,SP0008,2025-01-30 20:30:12,909,745200.0
PO000389,NCC014,SP0198,2025-01-30 22:45:09,93,19200.0
PO000308,NCC037,SP0167,2025-01-31 00:14:56,498,29200.0
PO001209,NCC043,SP0187,2025-01-31 10:04:15,405,147700.0
PO002249,NCC033,SP0198,2025-01-31 14:20:59,515,16600.0
PO002750,NCC023,SP0181,2025-01-31 16:45:31,842,452700.0
PO002057,NCC026,SP0167,2025-02-01 00:22:11,450,30200.0
PO002417,NCC027,SP0181,2025-02-01 05:26:44,558,454100.0
PO001816,NCC029,SP0188,2025-02-01 09:39:28,996,77600.0
PO003155,NCC045,SP0055,2025-02-01 09:41:58,728,161700.0
PO001977,NCC010,SP0079,2025-02-01 12:27:33,270,21800.0
PO002483,NCC036,SP0196,2025-02-01 15:11:23,705,90400.0
PO000656,NCC011,SP0119,2025-02-01 15:13:00,327,132300.0
PO001384,NCC004,SP0012,2025-02-01 15:56:44,738,92200.0
PO001131,NCC014,SP0162,2025-02-01 21:35:12,634,118700.0
PO002217,NCC031,SP0002,2025-02-02 01:52:19,508,26100.0
PO003469,NCC032,SP0005,2025-02-02 09:47:08,681,131600.0
PO000298,NCC032,SP0181,2025-02-02 23:18:27,980,474000.0
PO003130,NCC045,SP0072,2025-02-03 16:32:59,820,394700.0
PO001155,NCC028,SP0201,2025-02-03 16:55:59,400,533900.0
PO001304,NCC025,SP0058,2025-02-03 22:48:37,944,33700.0
PO002329,NCC028,SP0073,2025-02-04 03:44:52,414,71100.0
PO001058,NCC024,SP0050,2025-02-04 04:48:39,513,413300.0
PO000871,NCC015,SP0178,2025-02-04 09:36:45,287,137600.0
PO002160,NCC041,SP0011,2025-02-04 10:41:21,452,27600.0
PO000013,NCC015,SP0124,2025-02-04 11:24:11,409,52100.0
PO002236,NCC037,SP0217,2025-02-04 13:36:58,605,161700.0
PO001496,NCC026,SP0016,2025-02-04 19:42:36,507,472500.0
PO000786,NCC030,SP0182,2025-02-04 19:43:31,833,65600.0
PO002676,NCC004,SP0159,2025-02-05 02:23:29,928,427400.0
PO001242,NCC045,SP0064,2025-02-05 03:33:41,608,126200.0
PO001505,NCC005,SP0154,2025-02-05 06:11:52,345,24200.0
PO000926,NCC007,SP0025,2025-02-05 16:29:37,726,26900.0
PO002132,NCC007,SP0024,2025-02-05 18:39:15,709,48800.0
PO002150,NCC008,SP0103,2025-02-05 21:31:44,153,114000.0
PO002596,NCC011,SP0218,2025-02-05 22:46:19,913,91800.0
PO000693,NCC042,SP0034,2025-02-06 07:29:14,988,144100.0
PO001801,NCC019,SP0135,2025-02-06 07:54:01,150,654500.0
PO001792,NCC009,SP0027,2025-02-06 11:51:55,648,55900.0
PO001326,NCC001,SP0092,2025-02-06 13:11:05,712,33200.0
PO002561,NCC011,SP0094,2025-02-06 17:13:27,574,91300.0
PO000179,NCC020,SP0141,2025-02-07 01:34:01,523,40900.0
PO001164,NCC012,SP0036,2025-02-07 01:45:47,684,150400.0
PO002115,NCC042,SP0005,2025-02-07 16:07:42,836,148500.0
PO001254,NCC024,SP0008,2025-02-07 17:20:18,816,906400.0
PO000912,NCC012,SP0069,2025-02-07 18:57:45,297,35200.0
PO003154,NCC020,SP0043,2025-02-08 00:01:06,875,149300.0
PO001340,NCC015,SP0135,2025-02-08 00:23:53,199,656200.0
PO000880,NCC035,SP0067,2025-02-08 03:30:31,455,11200.0
PO000266,NCC029,SP0090,2025-02-08 04:35:57,440,526800.0
PO000591,NCC043,SP0156,2025-02-08 04:36:50,514,63200.0
PO002133,NCC040,SP0190,2025-02-08 12:10:40,758,31800.0
PO003270,NCC043,SP0094,2025-02-08 12:19:11,381,85000.0
PO001819,NCC012,SP0162,2025-02-08 13:54:17,35,106900.0
PO000746,NCC010,SP0174,2025-02-08 15:53:50,246,524000.0
PO001911,NCC018,SP0155,2025-02-08 22:45:25,957,164300.0
PO001662,NCC040,SP0046,2025-02-08 23:10:30,556,28400.0
PO000998,NCC025,SP0056,2025-02-09 06:30:39,748,42600.0
PO003455,NCC026,SP0127,2025-02-09 07:27:13,391,28500.0
PO002262,NCC038,SP0180,2025-02-10 03:48:02,610,703800.0
PO003360,NCC022,SP0167,2025-02-10 05:41:36,295,32200.0
PO001306,NCC030,SP0074,2025-02-10 11:20:37,247,747700.0
PO002035,NCC044,SP0182,2025-02-10 12:19:29,277,62500.0
PO002720,NCC022,SP0069,2025-02-10 12:58:50,375,39400.0
PO001983,NCC027,SP0207,2025-02-10 22:48:03,829,20300.0
PO001010,NCC033,SP0138,2025-02-11 01:40:02,261,23400.0
PO000074,NCC044,SP0106,2025-02-11 10:17:53,689,126600.0
PO000772,NCC041,SP0142,2025-02-11 13:02:24,724,320500.0
PO000666,NCC038,SP0198,2025-02-11 13:49:15,535,18800.0
PO000186,NCC030,SP0218,2025-02-11 17:50:16,613,117000.0
PO002040,NCC034,SP0178,2025-02-11 21:43:06,926,148900.0
PO000417,NCC014,SP0091,2025-02-11 23:49:30,74,46300.0
PO000882,NCC024,SP0068,2025-02-12 05:52:13,784,38000.0
PO002528,NCC007,SP0159,2025-02-12 06:02:29,659,470800.0
PO001165,NCC034,SP0088,2025-02-12 12:55:45,374,72500.0
PO000354,NCC037,SP0097,2025-02-12 15:35:00,514,47200.0
PO003007,NCC020,SP0046,2025-02-12 22:31:03,119,24600.0
PO000966,NCC043,SP0172,2025-02-12 23:23:37,511,402900.0
PO000237,NCC037,SP0020,2025-02-13 03:14:48,151,68100.0
PO001927,NCC008,SP0090,2025-02-13 11:38:48,192,483200.0
PO000841,NCC010,SP0197,2025-02-14 06:46:54,35,589500.0
PO000719,NCC015,SP0162,2025-02-14 06:57:31,495,105500.0
PO000088,NCC007,SP0195,2025-02-14 12:54:06,851,162300.0
PO003402,NCC002,SP0085,2025-02-14 22:32:01,409,66100.0
PO000583,NCC043,SP0026,2025-02-15 00:36:32,720,65300.0
PO000364,NCC028,SP0177,2025-02-15 01:40:02,97,162800.0
PO001353,NCC002,SP0071,2025-02-15 03:43:22,386,594900.0
PO000476,NCC008,SP0112,2025-02-15 05:53:51,140,103400.0
PO001331,NCC016,SP0005,2025-02-15 16:06:06,410,154900.0
PO003111,NCC007,SP0066,2025-02-15 21:48:41,77,347200.0
PO001536,NCC033,SP0010,2025-02-16 02:53:49,958,529700.0
PO002991,NCC033,SP0003,2025-02-16 09:18:30,513,43700.0
PO000596,NCC042,SP0063,2025-02-16 15:41:12,273,53300.0
PO001836,NCC024,SP0133,2025-02-16 16:38:21,681,158000.0
PO001034,NCC008,SP0006,2025-02-16 16:49:03,880,682200.0
PO001748,NCC016,SP0087,2025-02-16 17:57:42,840,108000.0
PO000815,NCC036,SP0182,2025-02-16 20:13:27,947,79400.0
PO002525,NCC019,SP0107,2025-02-16 22:32:45,102,158800.0
PO000232,NCC009,SP0209,2025-02-17 11:44:39,127,85300.0
PO003072,NCC004,SP0138,2025-02-17 18:04:16,331,24600.0
PO001963,NCC036,SP0106,2025-02-17 18:59:50,298,147200.0
PO001566,NCC009,SP0040,2025-02-18 00:18:33,967,154600.0
PO001421,NCC022,SP0055,2025-02-18 00:50:21,316,175400.0
PO000324,NCC012,SP0080,2025-02-18 07:42:45,97,108300.0
PO001035,NCC032,SP0098,2025-02-18 09:02:49,322,80700.0
PO002361,NCC037,SP0117,2025-02-18 10:21:12,308,33600.0
PO001046,NCC041,SP0063,2025-02-18 11:29:22,595,57200.0
PO002670,NCC019,SP0177,2025-02-18 14:07:07,122,172400.0
PO000273,NCC030,SP0060,2025-02-19 00:24:12,62,21200.0
PO003370,NCC041,SP0218,2025-02-19 01:49:29,934,86500.0
PO003020,NCC015,SP0146,2025-02-19 07:50:33,670,70000.0
PO000973,NCC023,SP0109,2025-02-19 11:24:56,716,521900.0
PO001571,NCC016,SP0055,2025-02-19 13:40:20,850,169800.0
PO003277,NCC044,SP0098,2025-02-19 15:41:47,606,85100.0
PO000498,NCC033,SP0216,2025-02-19 22:04:26,233,55600.0
PO002474,NCC040,SP0184,2025-02-20 02:53:44,821,131700.0
PO000521,NCC032,SP0061,2025-02-20 06:15:07,295,146900.0
PO001906,NCC011,SP0175,2025-02-20 15:40:53,225,18500.0
PO001589,NCC028,SP0064,2025-02-20 21:54:11,942,110200.0
PO000038,NCC004,SP0033,2025-02-20 22:53:19,683,62000.0
PO000917,NCC027,SP0012,2025-02-21 04:35:14,922,121800.0
PO002799,NCC044,SP0097,2025-02-21 05:27:48,666,43600.0
PO003321,NCC006,SP0216,2025-02-21 11:57:37,88,53300.0
PO002742,NCC020,SP0043,2025-02-21 14:32:39,307,130300.0
PO002981,NCC026,SP0045,2025-02-21 18:46:40,619,127600.0
PO001687,NCC045,SP0043,2025-02-21 23:51:58,229,131400.0
PO002122,NCC012,SP0219,2025-02-23 00:23:47,744,37400.0
PO003495,NCC045,SP0219,2025-02-23 04:33:46,526,37700.0
PO002436,NCC030,SP0121,2025-02-23 05:23:25,566,122900.0
PO000561,NCC016,SP0082,2025-02-23 19:01:54,367,600300.0
PO002038,NCC020,SP0184,2025-02-24 15:12:28,547,114600.0
PO001771,NCC031,SP0185,2025-02-24 16:24:51,80,20900.0
PO002349,NCC009,SP0213,2025-02-25 01:00:15,746,25700.0
PO003408,NCC025,SP0097,2025-02-25 03:40:57,87,55000.0
PO001086,NCC012,SP0051,2025-02-25 06:35:52,400,174600.0
PO003291,NCC024,SP0204,2025-02-26 00:41:38,171,741500.0
PO002894,NCC015,SP0130,2025-02-26 02:54:11,354,198100.0
PO001268,NCC018,SP0152,2025-02-26 05:19:42,271,121200.0
PO001272,NCC022,SP0211,2025-02-26 11:30:30,576,164500.0
PO002300,NCC041,SP0072,2025-02-26 23:37:58,669,370100.0
PO002524,NCC011,SP0015,2025-02-27 00:00:05,823,62200.0
PO001196,NCC005,SP0117,2025-02-27 10:27:17,219,33200.0
PO001939,NCC034,SP0200,2025-02-27 14:09:04,545,318300.0
PO000414,NCC025,SP0083,2025-02-27 15:47:16,547,50500.0
PO003442,NCC014,SP0050,2025-02-27 21:14:23,662,500100.0
PO000252,NCC023,SP0141,2025-02-27 21:46:12,838,43300.0
PO001919,NCC008,SP0066,2025-02-27 22:05:33,889,304300.0
PO001613,NCC024,SP0177,2025-02-28 05:01:26,48,165800.0
PO001207,NCC034,SP0126,2025-02-28 17:18:10,329,64100.0
PO001284,NCC035,SP0123,2025-02-28 21:08:57,299,126000.0
PO000540,NCC009,SP0110,2025-02-28 21:17:56,368,39500.0
PO003173,NCC030,SP0054,2025-03-01 00:15:58,526,95600.0
PO001559,NCC009,SP0124,2025-03-01 05:36:42,566,48400.0
PO000349,NCC044,SP0105,2025-03-01 09:45:21,282,96400.0
PO001730,NCC010,SP0083,2025-03-01 13:40:50,520,47700.0
PO002738,NCC012,SP0158,2025-03-02 00:44:04,855,82100.0
PO002923,NCC008,SP0023,2025-03-02 13:00:14,399,101000.0
PO003188,NCC009,SP0173,2025-03-02 15:12:22,24,77100.0
PO002053,NCC030,SP0207,2025-03-03 02:06:54,554,19400.0
PO002383,NCC010,SP0034,2025-03-03 03:46:16,97,148000.0
PO001089,NCC023,SP0036,2025-03-03 06:20:23,220,139600.0
PO002284,NCC004,SP0014,2025-03-03 09:43:36,183,381200.0
PO002177,NCC044,SP0081,2025-03-03 17:50:13,494,32800.0
PO003186,NCC032,SP0045,2025-03-04 03:01:31,90,132000.0
PO000057,NCC006,SP0044,2025-03-04 04:23:15,235,721100.0
PO002183,NCC029,SP0046,2025-03-04 12:52:08,132,25100.0
PO001612,NCC002,SP0135,2025-03-04 17:38:10,296,573000.0
PO000144,NCC041,SP0078,2025-03-04 19:16:40,176,108400.0
PO000876,NCC002,SP0051,2025-03-04 22:55:50,102,191300.0
PO003217,NCC008,SP0082,2025-03-05 02:51:50,162,528100.0
PO002564,NCC042,SP0052,2025-03-05 07:37:59,491,26900.0
PO000436,NCC004,SP0159,2025-03-05 08:46:48,376,489600.0
PO000894,NCC023,SP0197,2025-03-05 12:03:27,162,586400.0
PO001319,NCC018,SP0001,2025-03-05 12:34:40,482,29200.0
PO002547,NCC026,SP0061,2025-03-06 04:06:33,315,131000.0
PO000713,NCC015,SP0092,2025-03-06 07:45:04,506,34600.0
PO000067,NCC026,SP0051,2025-03-06 11:09:29,412,195500.0
PO000235,NCC042,SP0204,2025-03-07 00:05:46,362,767500.0
PO003323,NCC034,SP0063,2025-03-07 23:37:03,757,51800.0
PO000323,NCC004,SP0034,2025-03-07 23:49:15,95,146700.0
PO002157,NCC019,SP0021,2025-03-08 02:47:34,323,33500.0
PO002663,NCC021,SP0012,2025-03-08 08:24:38,997,106800.0
PO002540,NCC036,SP0196,2025-03-08 09:00:18,509,94400.0
PO000467,NCC019,SP0083,2025-03-08 09:29:45,801,46700.0
PO002355,NCC042,SP0154,2025-03-08 09:38:32,591,26200.0
PO002188,NCC041,SP0166,2025-03-08 12:48:20,675,195700.0
PO000795,NCC036,SP0187,2025-03-08 22:56:25,23,117500.0
PO001219,NCC002,SP0129,2025-03-09 05:24:38,976,151200.0
PO002243,NCC038,SP0165,2025-03-09 06:04:46,449,24700.0
PO001350,NCC040,SP0120,2025-03-09 08:20:44,187,83600.0
PO001265,NCC040,SP0024,2025-03-09 09:01:46,235,47200.0
PO003352,NCC002,SP0002,2025-03-09 14:07:18,269,24700.0
PO000738,NCC031,SP0219,2025-03-09 16:36:06,34,34500.0
PO001698,NCC019,SP0023,2025-03-09 17:24:50,60,107900.0
PO001181,NCC012,SP0070,2025-03-09 23:23:31,415,116600.0
PO000545,NCC034,SP0077,2025-03-10 01:16:41,263,114100.0
PO001439,NCC002,SP0172,2025-03-10 07:54:44,774,461500.0
PO003433,NCC013,SP0098,2025-03-10 09:12:22,368,65200.0
PO000470,NCC028,SP0092,2025-03-10 10:40:14,627,32900.0
PO000479,NCC023,SP0078,2025-03-10 12:15:23,181,116700.0
PO000930,NCC044,SP0175,2025-03-10 12:34:49,405,20500.0
PO002229,NCC010,SP0154,2025-03-10 14:08:02,196,24600.0
PO002172,NCC028,SP0038,2025-03-10 14:15:55,369,624600.0
PO001986,NCC032,SP0138,2025-03-10 16:30:07,680,23900.0
PO000947,NCC014,SP0167,2025-03-10 20:26:31,758,31100.0
PO003339,NCC027,SP0200,2025-03-11 07:41:40,684,294900.0
PO001282,NCC011,SP0181,2025-03-11 10:07:04,790,551200.0
PO001251,NCC014,SP0104,2025-03-11 19:37:52,881,765200.0
PO002889,NCC023,SP0077,2025-03-12 00:22:37,247,90000.0
PO001241,NCC009,SP0085,2025-03-12 00:45:23,608,54000.0
PO001118,NCC029,SP0030,2025-03-13 03:02:28,754,631300.0
PO000491,NCC042,SP0122,2025-03-13 09:08:30,301,85300.0
PO000016,NCC016,SP0049,2025-03-13 15:07:23,861,122500.0
PO001392,NCC012,SP0114,2025-03-13 15:53:10,111,58100.0
PO001341,NCC023,SP0087,2025-03-13 21:06:37,251,102400.0
PO000566,NCC009,SP0219,2025-03-14 10:50:05,544,36500.0
PO001820,NCC021,SP0128,2025-03-14 18:40:16,905,143800.0
PO001212,NCC014,SP0141,2025-03-14 18:56:59,941,57500.0
PO003211,NCC022,SP0199,2025-03-15 03:52:41,948,74800.0
PO000226,NCC025,SP0030,2025-03-15 05:47:10,350,681900.0
PO002995,NCC028,SP0121,2025-03-15 10:11:43,976,112400.0
PO000142,NCC033,SP0006,2025-03-15 12:07:52,763,616500.0
PO003439,NCC018,SP0183,2025-03-15 14:30:35,36,96100.0
PO002662,NCC028,SP0058,2025-03-15 14:54:22,896,32300.0
PO003010,NCC002,SP0060,2025-03-15 20:01:26,165,20000.0
PO001655,NCC032,SP0055,2025-03-15 23:20:39,962,153900.0
PO000114,NCC042,SP0136,2025-03-16 08:34:43,173,545700.0
PO003497,NCC039,SP0095,2025-03-16 11:25:22,248,64700.0
PO000341,NCC015,SP0159,2025-03-17 00:00:10,235,411600.0
PO001005,NCC032,SP0076,2025-03-17 00:50:08,859,68300.0
PO002085,NCC023,SP0156,2025-03-17 03:25:40,747,66500.0
PO000971,NCC007,SP0206,2025-03-17 05:04:52,934,34900.0
PO000605,NCC040,SP0170,2025-03-17 09:14:01,591,146700.0
PO002683,NCC029,SP0189,2025-03-17 12:57:05,846,77300.0
PO002342,NCC008,SP0116,2025-03-17 21:52:18,565,349000.0
PO001275,NCC012,SP0043,2025-03-17 22:32:24,641,153800.0
PO002780,NCC019,SP0164,2025-03-17 23:59:23,369,525800.0
PO001719,NCC005,SP0168,2025-03-18 13:44:20,771,19400.0
PO002922,NCC035,SP0099,2025-03-19 14:35:07,921,134300.0
PO001923,NCC022,SP0080,2025-03-19 17:30:44,450,109600.0
PO002960,NCC011,SP0064,2025-03-20 05:19:49,211,118600.0
PO003317,NCC041,SP0171,2025-03-20 08:48:20,199,20800.0
PO002143,NCC032,SP0126,2025-03-20 15:57:05,144,71800.0
PO003342,NCC042,SP0045,2025-03-20 16:40:55,799,114700.0
PO001685,NCC031,SP0086,2025-03-21 03:07:00,115,118300.0
PO001661,NCC015,SP0014,2025-03-21 03:38:38,32,397300.0
PO001586,NCC036,SP0052,2025-03-21 17:24:39,199,29700.0
PO002032,NCC006,SP0157,2025-03-21 17:45:45,624,176000.0
PO002232,NCC039,SP0208,2025-03-21 19:00:53,190,63700.0
PO002848,NCC033,SP0111,2025-03-22 01:25:13,297,39000.0
PO001445,NCC021,SP0197,2025-03-22 03:26:28,445,593400.0
PO001039,NCC003,SP0216,2025-03-22 05:50:28,549,54500.0
PO000798,NCC029,SP0167,2025-03-22 12:38:44,759,30000.0
PO000885,NCC022,SP0027,2025-03-22 16:59:52,599,49800.0
PO000093,NCC028,SP0031,2025-03-22 20:14:12,959,40300.0
PO001332,NCC042,SP0213,2025-03-23 03:48:33,28,24100.0
PO003141,NCC028,SP0146,2025-03-23 17:39:27,32,69700.0
PO000751,NCC031,SP0065,2025-03-24 00:35:12,694,573100.0
PO000502,NCC033,SP0126,2025-03-24 04:17:56,298,50400.0
PO003418,NCC003,SP0055,2025-03-24 07:38:59,843,148900.0
PO001349,NCC011,SP0161,2025-03-24 13:51:55,709,67300.0
PO000587,NCC019,SP0211,2025-03-24 16:02:52,484,151700.0
PO002946,NCC025,SP0157,2025-03-24 23:46:33,115,198900.0
PO002357,NCC016,SP0023,2025-03-25 02:06:51,331,104700.0
PO003426,NCC011,SP0086,2025-03-25 20:47:13,588,119400.0
PO002546,NCC022,SP0070,2025-03-25 23:36:19,104,99500.0
PO000721,NCC027,SP0207,2025-03-26 04:19:38,222,19200.0
PO001453,NCC001,SP0151,2025-03-26 04:35:43,168,107600.0
PO001817,NCC009,SP0198,2025-03-26 08:19:44,854,16900.0
PO000891,NCC038,SP0199,2025-03-26 09:50:17,596,89000.0
PO001797,NCC034,SP0146,2025-03-26 14:58:39,779,79100.0
PO000037,NCC039,SP0106,2025-03-27 01:00:57,997,103000.0
PO003122,NCC042,SP0207,2025-03-27 06:07:31,586,19000.0
PO002449,NCC042,SP0185,2025-03-27 14:11:48,323,20500.0
PO003171,NCC027,SP0199,2025-03-27 20:27:33,259,71900.0
PO001455,NCC041,SP0119,2025-03-27 20:32:13,742,145900.0
PO000846,NCC022,SP0088,2025-03-28 16:52:37,698,71300.0
PO003260,NCC037,SP0012,2025-03-28 17:24:43,703,92700.0
PO002354,NCC020,SP0037,2025-03-28 23:55:55,391,101900.0
PO001756,NCC025,SP0110,2025-03-29 00:20:14,621,37700.0
PO002289,NCC032,SP0099,2025-03-29 05:35:42,984,160200.0
PO002438,NCC023,SP0212,2025-03-29 08:28:37,405,156500.0
PO000051,NCC009,SP0027,2025-03-29 13:02:13,469,53600.0
PO002696,NCC002,SP0121,2025-03-30 14:48:31,21,118600.0
PO003180,NCC019,SP0062,2025-03-30 23:55:15,694,184200.0
PO002348,NCC020,SP0079,2025-03-31 11:03:32,866,21100.0
PO001595,NCC044,SP0076,2025-03-31 12:17:55,878,66300.0
PO002080,NCC013,SP0063,2025-03-31 19:41:16,534,66300.0
PO001215,NCC017,SP0080,2025-03-31 19:49:00,484,86900.0
PO000759,NCC010,SP0158,2025-04-01 16:27:06,863,82000.0
PO000576,NCC024,SP0099,2025-04-01 17:32:17,689,141400.0
PO000379,NCC013,SP0208,2025-04-01 19:44:55,306,64600.0
PO002010,NCC038,SP0215,2025-04-01 22:03:13,251,45800.0
PO001787,NCC030,SP0216,2025-04-01 22:47:50,952,52800.0
PO000377,NCC006,SP0171,2025-04-02 05:50:43,486,20100.0
PO000724,NCC045,SP0149,2025-04-02 13:35:43,936,730600.0
PO003029,NCC003,SP0045,2025-04-02 15:04:07,204,120900.0
PO000723,NCC027,SP0173,2025-04-02 15:05:24,927,95100.0
PO002407,NCC040,SP0075,2025-04-02 22:18:11,521,101900.0
PO003387,NCC035,SP0048,2025-04-02 22:20:16,652,42000.0
PO003082,NCC024,SP0116,2025-04-03 09:09:24,403,374300.0
PO001292,NCC011,SP0195,2025-04-03 11:09:47,208,154900.0
PO003123,NCC042,SP0194,2025-04-03 18:47:32,714,99400.0
PO003001,NCC035,SP0008,2025-04-03 19:21:30,965,900300.0
PO000318,NCC009,SP0108,2025-04-03 19:42:24,155,85100.0
PO000496,NCC027,SP0104,2025-04-03 23:13:10,654,802500.0
PO001944,NCC015,SP0098,2025-04-04 10:12:54,323,84800.0
PO002444,NCC033,SP0129,2025-04-04 16:55:33,749,155300.0
PO002374,NCC022,SP0190,2025-04-04 19:47:22,790,30500.0
PO002345,NCC004,SP0086,2025-04-05 00:44:58,973,118500.0
PO002740,NCC027,SP0165,2025-04-05 09:07:38,309,23300.0
PO003480,NCC033,SP0042,2025-04-05 13:36:23,605,105600.0
PO002039,NCC045,SP0192,2025-04-05 17:15:19,567,366200.0
PO000415,NCC018,SP0181,2025-04-05 20:21:52,714,495900.0
PO000234,NCC037,SP0044,2025-04-06 05:05:02,806,737400.0
PO000689,NCC019,SP0157,2025-04-06 15:00:19,231,152100.0
PO001059,NCC025,SP0016,2025-04-06 18:28:45,700,633200.0
PO002762,NCC033,SP0184,2025-04-06 19:00:25,379,126200.0
PO002002,NCC027,SP0182,2025-04-06 22:23:58,616,77500.0
PO001138,NCC037,SP0133,2025-04-08 00:05:12,42,135200.0
PO002051,NCC017,SP0116,2025-04-08 02:00:44,983,390800.0
PO001949,NCC032,SP0180,2025-04-08 04:09:03,992,764600.0
PO001573,NCC032,SP0078,2025-04-08 04:31:37,919,109600.0
PO001834,NCC032,SP0112,2025-04-08 06:57:06,948,103900.0
PO000504,NCC019,SP0203,2025-04-08 09:49:25,41,709200.0
PO002648,NCC039,SP0078,2025-04-08 13:38:47,202,115300.0
PO000315,NCC013,SP0026,2025-04-08 14:29:05,692,67600.0
PO000108,NCC037,SP0151,2025-04-08 15:18:24,101,123600.0
PO001286,NCC023,SP0123,2025-04-08 16:19:54,945,135000.0
PO002153,NCC009,SP0169,2025-04-08 20:40:29,119,461900.0
PO000201,NCC017,SP0038,2025-04-09 00:17:49,741,755600.0
PO001064,NCC035,SP0170,2025-04-09 03:28:00,721,144900.0
PO001921,NCC021,SP0158,2025-04-09 06:31:39,165,114600.0
PO001132,NCC015,SP0124,2025-04-09 06:44:15,695,54800.0
PO000039,NCC015,SP0069,2025-04-09 07:25:35,677,44300.0
PO001788,NCC031,SP0180,2025-04-10 07:42:50,296,705500.0
PO000546,NCC040,SP0131,2025-04-10 08:55:32,673,28600.0
PO002802,NCC001,SP0046,2025-04-10 10:56:42,966,27300.0
PO000126,NCC028,SP0151,2025-04-10 11:54:50,544,133800.0
PO001142,NCC023,SP0158,2025-04-10 13:58:18,838,90000.0
PO000174,NCC039,SP0085,2025-04-10 18:05:34,932,57100.0
PO000494,NCC013,SP0206,2025-04-11 01:14:16,248,34100.0
PO000760,NCC043,SP0079,2025-04-11 05:25:02,785,22700.0
PO001715,NCC021,SP0174,2025-04-11 06:20:07,553,423100.0
PO001529,NCC043,SP0038,2025-04-11 11:02:19,663,648900.0
PO000225,NCC012,SP0114,2025-04-11 14:00:49,820,64000.0
PO001280,NCC030,SP0184,2025-04-11 17:16:56,122,140200.0
PO001248,NCC005,SP0045,2025-04-12 04:46:48,864,125800.0
PO003051,NCC017,SP0164,2025-04-12 05:53:17,382,537600.0
PO002136,NCC041,SP0161,2025-04-12 13:48:11,625,77600.0
PO002920,NCC004,SP0014,2025-04-12 14:55:50,386,447800.0
PO002494,NCC021,SP0151,2025-04-12 15:43:59,358,127100.0
PO002276,NCC003,SP0123,2025-04-13 00:08:03,573,131800.0
PO002294,NCC008,SP0109,2025-04-13 05:35:34,536,691800.0
PO002746,NCC018,SP0072,2025-04-13 11:12:43,103,482300.0
PO000171,NCC013,SP0034,2025-04-13 14:24:55,422,131400.0
PO001026,NCC006,SP0164,2025-04-13 22:29:07,979,532100.0
PO000612,NCC005,SP0146,2025-04-14 00:25:56,351,72300.0
PO001696,NCC021,SP0040,2025-04-14 11:00:28,768,114100.0
PO003348,NCC006,SP0151,2025-04-14 22:26:41,251,137800.0
PO000613,NCC007,SP0199,2025-04-15 01:22:31,385,101100.0
PO002209,NCC007,SP0216,2025-04-15 02:57:23,545,59100.0
PO002503,NCC043,SP0084,2025-04-15 04:51:51,777,90900.0
PO002999,NCC044,SP0195,2025-04-15 07:04:11,379,160400.0
PO002592,NCC024,SP0116,2025-04-15 07:39:17,447,438500.0
PO002418,NCC006,SP0014,2025-04-15 13:41:35,498,441400.0
PO000861,NCC041,SP0194,2025-04-15 15:24:59,596,105900.0
PO001250,NCC004,SP0217,2025-04-15 15:30:32,141,170300.0
PO002617,NCC031,SP0147,2025-04-15 19:45:28,359,41200.0
PO003124,NCC005,SP0098,2025-04-16 01:11:57,480,77200.0
PO000901,NCC025,SP0130,2025-04-16 07:21:35,87,139500.0
PO000718,NCC044,SP0186,2025-04-17 15:07:34,997,660800.0
PO000934,NCC034,SP0150,2025-04-17 16:26:40,976,100200.0
PO001947,NCC031,SP0029,2025-04-18 04:33:07,400,161300.0
PO000827,NCC013,SP0061,2025-04-18 09:36:37,770,144200.0
PO003341,NCC025,SP0165,2025-04-18 16:21:55,554,24200.0
PO001903,NCC005,SP0031,2025-04-18 17:23:21,947,42000.0
PO000362,NCC036,SP0081,2025-04-18 23:59:35,575,31200.0
PO001440,NCC038,SP0152,2025-04-19 17:41:01,417,102800.0
PO001140,NCC024,SP0014,2025-04-19 18:12:35,788,415600.0
PO000992,NCC001,SP0022,2025-04-19 19:21:19,829,698500.0
PO003462,NCC017,SP0088,2025-04-20 00:22:54,769,57100.0
PO003079,NCC025,SP0165,2025-04-20 19:20:48,37,24200.0
PO002844,NCC016,SP0022,2025-04-20 20:11:34,764,840500.0
PO000964,NCC035,SP0033,2025-04-20 20:23:54,204,64200.0
PO000752,NCC018,SP0139,2025-04-20 23:45:07,641,110200.0
PO000927,NCC045,SP0204,2025-04-21 01:58:26,702,890400.0
PO000082,NCC038,SP0059,2025-04-21 02:15:17,63,418200.0
PO001839,NCC012,SP0076,2025-04-21 05:27:41,832,54000.0
PO001758,NCC045,SP0099,2025-04-21 06:13:31,877,143800.0
PO003058,NCC040,SP0082,2025-04-21 09:54:12,430,593200.0
PO000241,NCC038,SP0061,2025-04-21 23:27:21,859,119300.0
PO001224,NCC015,SP0027,2025-04-22 08:57:47,386,57200.0
PO000072,NCC018,SP0117,2025-04-22 11:13:45,615,32100.0
PO002666,NCC015,SP0037,2025-04-22 16:48:41,724,114400.0
PO003143,NCC016,SP0207,2025-04-22 23:08:54,646,21000.0
PO000245,NCC005,SP0162,2025-04-22 23:19:12,687,99500.0
PO000125,NCC043,SP0098,2025-04-23 02:34:10,86,71300.0
PO002830,NCC038,SP0070,2025-04-23 11:08:44,902,105200.0
PO001208,NCC006,SP0123,2025-04-23 16:43:40,217,131500.0
PO000555,NCC041,SP0206,2025-04-23 17:03:00,243,38000.0
PO002544,NCC001,SP0158,2025-04-23 22:34:17,139,102300.0
PO000492,NCC044,SP0154,2025-04-24 02:08:26,166,23100.0
PO003264,NCC004,SP0092,2025-04-24 12:20:07,781,32200.0
PO002391,NCC024,SP0188,2025-04-24 22:32:18,212,99000.0
PO001622,NCC008,SP0148,2025-04-24 23:25:23,216,34400.0
PO003326,NCC016,SP0153,2025-04-25 04:06:46,824,118500.0
PO001842,NCC037,SP0109,2025-04-25 05:14:30,243,576500.0
PO001442,NCC044,SP0130,2025-04-25 06:36:34,398,141300.0
PO000852,NCC028,SP0079,2025-04-25 12:31:16,88,22700.0
PO002609,NCC026,SP0058,2025-04-25 12:38:18,893,30800.0
PO000228,NCC015,SP0124,2025-04-25 22:21:35,621,38100.0
PO003250,NCC034,SP0216,2025-04-25 23:46:40,405,48200.0
PO002862,NCC014,SP0029,2025-04-26 06:35:54,797,127500.0
PO001893,NCC003,SP0004,2025-04-26 10:28:06,871,100600.0
PO001397,NCC021,SP0030,2025-04-26 11:11:25,283,521600.0
PO003030,NCC045,SP0070,2025-04-26 11:48:25,365,110000.0
PO001800,NCC009,SP0069,2025-04-26 21:45:00,237,37500.0
PO000697,NCC021,SP0104,2025-04-26 23:02:31,749,696900.0
PO002807,NCC008,SP0162,2025-04-27 02:54:55,968,90300.0
PO001701,NCC045,SP0033,2025-04-27 04:37:16,389,64000.0
PO001515,NCC028,SP0171,2025-04-27 08:48:42,257,21200.0
PO002108,NCC033,SP0051,2025-04-27 14:37:41,556,169100.0
PO003363,NCC043,SP0191,2025-04-28 03:52:59,598,35400.0
PO002925,NCC021,SP0201,2025-04-28 05:23:58,401,564200.0
PO002260,NCC042,SP0170,2025-04-28 12:49:37,404,128100.0
PO002165,NCC021,SP0047,2025-04-28 23:48:56,844,77300.0
PO000856,NCC037,SP0192,2025-04-29 08:03:19,574,367400.0
PO001988,NCC040,SP0030,2025-04-29 09:46:33,315,573500.0
PO003088,NCC025,SP0156,2025-04-29 13:09:55,946,77700.0
PO002482,NCC012,SP0048,2025-04-29 18:44:52,457,42400.0
PO000777,NCC041,SP0063,2025-04-29 18:57:33,642,54500.0
PO001178,NCC015,SP0206,2025-04-29 20:23:30,849,39600.0
PO002075,NCC016,SP0203,2025-04-30 04:05:52,512,569100.0
PO002739,NCC006,SP0061,2025-04-30 16:52:11,827,117600.0
PO000489,NCC014,SP0156,2025-04-30 17:19:57,436,63800.0
PO001848,NCC031,SP0101,2025-04-30 21:38:28,583,233900.0
PO000599,NCC026,SP0061,2025-05-01 03:02:59,198,120500.0
PO003309,NCC023,SP0060,2025-05-01 18:39:57,500,20300.0
PO000025,NCC027,SP0025,2025-05-02 00:03:28,696,26400.0
PO000953,NCC029,SP0151,2025-05-02 03:06:48,28,116000.0
PO000181,NCC011,SP0139,2025-05-02 07:04:55,996,129700.0
PO002450,NCC045,SP0217,2025-05-03 08:19:23,818,177600.0
PO003280,NCC037,SP0157,2025-05-03 09:06:16,863,163000.0
PO002366,NCC045,SP0173,2025-05-03 19:08:01,346,90400.0
PO001766,NCC028,SP0090,2025-05-03 21:18:22,748,513900.0
PO002163,NCC004,SP0054,2025-05-03 21:53:45,924,79300.0
PO002245,NCC015,SP0046,2025-05-04 01:02:14,197,25700.0
PO002415,NCC015,SP0119,2025-05-04 09:31:30,546,148100.0
PO001388,NCC011,SP0180,2025-05-04 12:56:16,883,836500.0
PO003113,NCC024,SP0009,2025-05-04 18:44:58,502,257100.0
PO000530,NCC026,SP0067,2025-05-04 19:46:08,938,11500.0
PO002698,NCC018,SP0129,2025-05-05 05:57:59,591,161700.0
PO003259,NCC044,SP0032,2025-05-05 06:45:52,888,144800.0
PO001364,NCC025,SP0009,2025-05-05 11:15:43,216,324000.0
PO001338,NCC026,SP0146,2025-05-05 13:25:41,162,57800.0
PO001101,NCC029,SP0216,2025-05-05 13:30:14,925,40000.0
PO003206,NCC006,SP0092,2025-05-05 21:23:26,687,32100.0
PO001808,NCC036,SP0029,2025-05-06 05:04:57,31,138800.0
PO002452,NCC041,SP0157,2025-05-06 05:13:55,166,148000.0
PO001854,NCC021,SP0194,2025-05-06 09:35:19,310,76200.0
PO002837,NCC004,SP0170,2025-05-06 15:27:02,669,138600.0
PO001890,NCC036,SP0036,2025-05-06 19:13:39,346,168700.0
PO003379,NCC013,SP0154,2025-05-06 20:58:17,822,23600.0
PO002880,NCC036,SP0136,2025-05-06 23:02:25,657,593200.0
PO000870,NCC022,SP0048,2025-05-07 00:23:58,301,43800.0
PO002784,NCC029,SP0123,2025-05-07 04:24:04,726,139500.0
PO001066,NCC026,SP0045,2025-05-07 22:07:08,706,114400.0
PO000418,NCC014,SP0091,2025-05-07 23:51:59,194,47100.0
PO001567,NCC014,SP0125,2025-05-08 01:42:28,831,124300.0
PO003067,NCC014,SP0154,2025-05-08 11:13:00,323,25300.0
PO000758,NCC028,SP0056,2025-05-08 11:14:23,237,44900.0
PO003256,NCC016,SP0063,2025-05-09 17:27:44,487,51600.0
PO000248,NCC034,SP0166,2025-05-09 22:42:03,837,259300.0
PO000002,NCC034,SP0125,2025-05-10 03:45:46,958,132600.0
PO002486,NCC036,SP0072,2025-05-10 11:41:57,43,404300.0
PO002005,NCC018,SP0078,2025-05-11 06:59:48,501,100500.0
PO003100,NCC002,SP0078,2025-05-11 08:03:20,314,120400.0
PO000653,NCC012,SP0088,2025-05-11 15:52:56,892,61200.0
PO000699,NCC002,SP0105,2025-05-11 18:13:10,238,112400.0
PO003428,NCC030,SP0182,2025-05-11 23:29:11,232,75000.0
PO000955,NCC039,SP0142,2025-05-12 01:56:20,635,320800.0
PO000231,NCC008,SP0197,2025-05-12 09:04:08,896,479800.0
PO001500,NCC040,SP0123,2025-05-12 12:18:23,637,177300.0
PO001803,NCC009,SP0010,2025-05-12 18:23:54,835,625100.0
PO001862,NCC028,SP0143,2025-05-12 20:23:34,428,96700.0
PO002782,NCC041,SP0113,2025-05-14 11:19:46,356,121600.0
PO002658,NCC045,SP0081,2025-05-14 13:20:15,956,29600.0
PO003073,NCC042,SP0197,2025-05-14 21:23:02,226,560400.0
PO002194,NCC042,SP0041,2025-05-15 04:32:44,456,785800.0
PO002029,NCC025,SP0109,2025-05-15 10:24:13,885,638700.0
PO000223,NCC001,SP0024,2025-05-15 14:54:18,43,50700.0
PO002535,NCC033,SP0021,2025-05-15 20:14:14,551,35000.0
PO002690,NCC008,SP0006,2025-05-15 20:17:51,650,612800.0
PO000242,NCC012,SP0033,2025-05-16 10:03:11,780,70300.0
PO000813,NCC042,SP0093,2025-05-16 10:53:37,344,674600.0
PO002185,NCC021,SP0023,2025-05-16 12:54:43,636,126100.0
PO000054,NCC008,SP0140,2025-05-16 15:58:10,373,162700.0
PO000284,NCC008,SP0162,2025-05-16 16:56:32,342,116600.0
PO003005,NCC016,SP0029,2025-05-16 19:33:34,937,160600.0
PO000431,NCC026,SP0206,2025-05-17 05:59:16,915,35900.0
PO001742,NCC005,SP0087,2025-05-17 16:29:29,528,104700.0
PO001000,NCC032,SP0124,2025-05-17 17:30:13,260,52000.0
PO000639,NCC022,SP0011,2025-05-17 18:44:11,228,27500.0
PO001967,NCC034,SP0193,2025-05-17 20:14:46,385,89500.0
PO001510,NCC006,SP0136,2025-05-17 20:52:46,883,523900.0
PO000982,NCC039,SP0201,2025-05-17 23:22:50,861,499500.0
PO002421,NCC001,SP0010,2025-05-18 05:15:45,855,498500.0
PO002543,NCC001,SP0156,2025-05-18 07:36:36,835,75600.0
PO002052,NCC044,SP0048,2025-05-18 08:16:01,42,43500.0
PO000959,NCC034,SP0158,2025-05-18 10:06:33,674,91500.0
PO003344,NCC028,SP0020,2025-05-18 11:39:53,764,52900.0
PO001976,NCC043,SP0166,2025-05-18 15:29:24,219,224500.0
PO000946,NCC032,SP0127,2025-05-18 17:17:53,698,28100.0
PO001525,NCC028,SP0086,2025-05-19 02:30:33,344,97000.0
PO002106,NCC015,SP0195,2025-05-19 05:57:02,759,116500.0
PO002826,NCC042,SP0195,2025-05-19 13:36:36,337,111000.0
PO000395,NCC005,SP0168,2025-05-19 16:06:53,401,20300.0
PO002135,NCC029,SP0082,2025-05-20 01:17:56,555,587100.0
PO002466,NCC026,SP0027,2025-05-20 09:28:47,642,56100.0
PO000468,NCC039,SP0032,2025-05-20 11:39:38,695,101000.0
PO002627,NCC029,SP0179,2025-05-21 00:30:31,64,139800.0
PO003087,NCC020,SP0041,2025-05-21 07:26:17,837,803600.0
PO001002,NCC020,SP0034,2025-05-21 09:41:11,707,169400.0
PO001895,NCC007,SP0131,2025-05-21 11:44:10,746,27400.0
PO001339,NCC005,SP0063,2025-05-21 22:51:12,674,60000.0
PO000322,NCC017,SP0045,2025-05-21 23:16:18,249,141200.0
PO000200,NCC006,SP0074,2025-05-22 01:04:36,946,623500.0
PO002071,NCC037,SP0216,2025-05-22 01:28:15,209,58200.0
PO001269,NCC022,SP0040,2025-05-22 01:37:25,324,137400.0
PO001770,NCC020,SP0026,2025-05-22 03:24:48,949,66100.0
PO001984,NCC032,SP0061,2025-05-22 08:42:20,642,132300.0
PO003003,NCC044,SP0217,2025-05-22 14:13:05,660,140500.0
PO002205,NCC022,SP0172,2025-05-22 16:39:02,241,445000.0
PO001013,NCC030,SP0069,2025-05-23 04:46:13,702,38000.0
PO000285,NCC044,SP0199,2025-05-23 05:40:26,289,88400.0
PO001524,NCC033,SP0149,2025-05-23 18:05:53,677,849300.0
PO003478,NCC043,SP0095,2025-05-23 18:22:44,316,49500.0
PO001670,NCC024,SP0171,2025-05-24 09:49:45,935,21300.0
PO002962,NCC021,SP0163,2025-05-24 14:47:42,447,120500.0
PO001530,NCC002,SP0083,2025-05-24 16:39:21,554,50700.0
PO002876,NCC029,SP0107,2025-05-24 19:45:18,484,199400.0
PO000900,NCC003,SP0051,2025-05-25 07:01:52,80,141200.0
PO002611,NCC037,SP0088,2025-05-25 07:13:10,51,60500.0
PO000227,NCC012,SP0109,2025-05-25 09:37:46,351,585300.0
PO001608,NCC019,SP0072,2025-05-25 12:11:38,693,423400.0
PO002655,NCC020,SP0215,2025-05-25 13:34:07,475,53100.0
PO000782,NCC033,SP0207,2025-05-25 13:43:53,752,21200.0
PO002340,NCC013,SP0033,2025-05-25 16:36:57,715,67500.0
PO001966,NCC037,SP0019,2025-05-26 05:28:32,123,96800.0
PO002442,NCC037,SP0124,2025-05-26 21:41:43,56,41000.0
PO000056,NCC040,SP0038,2025-05-27 02:06:23,312,630400.0
PO000830,NCC011,SP0041,2025-05-27 06:34:37,937,871600.0
PO003490,NCC023,SP0079,2025-05-27 08:24:44,653,23100.0
PO002622,NCC027,SP0089,2025-05-27 16:11:46,697,116600.0
PO001161,NCC013,SP0078,2025-05-27 17:34:40,149,99600.0
PO003290,NCC027,SP0088,2025-05-28 00:38:50,649,60000.0
PO001556,NCC018,SP0180,2025-05-28 01:13:32,178,685300.0
PO002901,NCC035,SP0147,2025-05-28 05:04:37,83,44100.0
PO003489,NCC044,SP0065,2025-05-28 17:17:55,853,537500.0
PO002022,NCC008,SP0071,2025-05-29 03:44:07,258,550100.0
PO003386,NCC002,SP0110,2025-05-29 11:19:35,832,40600.0
PO001019,NCC033,SP0194,2025-05-29 14:43:24,523,104100.0
PO001127,NCC035,SP0036,2025-05-29 19:12:39,201,138000.0
PO002168,NCC045,SP0102,2025-05-30 03:40:12,70,499400.0
PO003275,NCC042,SP0009,2025-05-30 05:03:42,550,328900.0
PO003390,NCC028,SP0213,2025-05-30 06:16:55,457,25100.0
PO000823,NCC013,SP0145,2025-05-30 12:58:33,807,91800.0
PO001802,NCC011,SP0077,2025-05-30 21:19:16,918,82700.0
PO000854,NCC041,SP0075,2025-05-31 03:36:26,132,96600.0
PO002791,NCC026,SP0115,2025-05-31 08:56:51,134,21200.0
PO001385,NCC004,SP0078,2025-05-31 11:21:56,29,95500.0
PO001644,NCC028,SP0194,2025-05-31 18:23:30,342,95300.0
PO002733,NCC037,SP0006,2025-06-01 05:08:33,111,668700.0
PO000351,NCC005,SP0210,2025-06-01 11:24:55,479,21300.0
PO000765,NCC007,SP0127,2025-06-01 18:56:58,968,28700.0
PO002304,NCC034,SP0179,2025-06-01 19:04:35,915,163800.0
PO001475,NCC013,SP0068,2025-06-02 02:38:15,618,38400.0
PO002072,NCC039,SP0139,2025-06-02 05:54:19,489,113000.0
PO000638,NCC005,SP0033,2025-06-02 15:38:52,945,54200.0
PO002027,NCC045,SP0113,2025-06-02 23:27:03,819,106700.0
PO000554,NCC027,SP0185,2025-06-03 00:20:13,875,19400.0
PO000977,NCC030,SP0041,2025-06-03 01:15:33,562,912500.0
PO002912,NCC028,SP0218,2025-06-03 21:15:32,153,107900.0
PO000637,NCC037,SP0124,2025-06-04 03:35:52,585,58200.0
PO000358,NCC022,SP0119,2025-06-04 11:29:36,891,142200.0
PO000097,NCC011,SP0098,2025-06-04 13:18:45,67,74900.0
PO000296,NCC034,SP0173,2025-06-04 17:11:34,933,97000.0
PO002809,NCC015,SP0220,2025-06-04 20:10:21,161,42500.0
PO003195,NCC040,SP0216,2025-06-05 01:38:16,816,45600.0
PO001406,NCC005,SP0050,2025-06-05 03:49:29,170,504400.0
PO002145,NCC022,SP0084,2025-06-05 08:25:01,783,109000.0
PO001411,NCC044,SP0072,2025-06-05 11:26:53,980,358000.0
PO003092,NCC033,SP0063,2025-06-05 11:54:51,584,59000.0
PO000960,NCC037,SP0019,2025-06-05 17:11:03,606,95100.0
PO000904,NCC014,SP0031,2025-06-05 17:18:17,216,42400.0
PO003448,NCC005,SP0153,2025-06-05 21:41:28,700,98700.0
PO002487,NCC028,SP0103,2025-06-06 00:15:39,577,135700.0
PO000430,NCC017,SP0090,2025-06-06 02:01:42,502,472900.0
PO002731,NCC008,SP0014,2025-06-06 06:48:42,346,442800.0
PO001378,NCC041,SP0159,2025-06-06 08:14:55,84,358400.0
PO000779,NCC037,SP0001,2025-06-07 08:35:10,747,30700.0
PO000750,NCC013,SP0128,2025-06-07 09:41:46,610,131200.0
PO003177,NCC039,SP0167,2025-06-07 10:15:58,612,29400.0
PO003380,NCC011,SP0073,2025-06-07 12:24:54,554,65800.0
PO001972,NCC002,SP0181,2025-06-07 17:06:24,220,508300.0
PO001781,NCC010,SP0162,2025-06-07 18:17:00,619,125200.0
PO001913,NCC031,SP0024,2025-06-07 18:31:46,33,61600.0
PO000090,NCC013,SP0152,2025-06-07 20:21:01,949,119900.0
PO000635,NCC002,SP0175,2025-06-08 20:32:53,439,20500.0
PO000940,NCC012,SP0100,2025-06-09 10:23:00,949,173300.0
PO000135,NCC040,SP0037,2025-06-09 12:29:20,124,103600.0
PO002154,NCC013,SP0179,2025-06-09 13:31:57,131,166500.0
PO002401,NCC045,SP0116,2025-06-09 16:41:24,286,369700.0
PO000742,NCC030,SP0076,2025-06-10 03:25:35,118,67200.0
PO002434,NCC036,SP0015,2025-06-10 07:10:09,232,66600.0
PO001126,NCC037,SP0144,2025-06-10 10:47:26,876,121300.0
PO000086,NCC007,SP0126,2025-06-10 11:10:15,807,59000.0
PO002283,NCC002,SP0045,2025-06-10 13:46:18,753,121200.0
PO003376,NCC020,SP0154,2025-06-10 15:33:07,163,24700.0
PO003134,NCC031,SP0162,2025-06-10 15:34:44,27,106100.0
PO002137,NCC008,SP0087,2025-06-10 19:40:56,461,134000.0
PO002879,NCC045,SP0187,2025-06-11 00:46:09,722,133200.0
PO000560,NCC022,SP0069,2025-06-11 06:51:21,522,44800.0
PO000334,NCC008,SP0148,2025-06-11 09:09:12,209,37200.0
PO002716,NCC029,SP0124,2025-06-11 09:45:41,519,46700.0
PO000701,NCC013,SP0097,2025-06-12 04:35:15,409,52700.0
PO001886,NCC026,SP0159,2025-06-12 07:16:35,316,457600.0
PO002760,NCC034,SP0009,2025-06-12 09:40:25,973,308500.0
PO002050,NCC009,SP0030,2025-06-12 11:13:50,131,586700.0
PO001810,NCC025,SP0171,2025-06-12 13:08:00,628,20900.0
PO003021,NCC035,SP0075,2025-06-12 19:18:41,437,95900.0
PO001811,NCC022,SP0049,2025-06-12 21:13:03,712,118100.0
PO001982,NCC040,SP0160,2025-06-13 05:37:50,156,43500.0
PO001333,NCC013,SP0118,2025-06-13 22:59:21,991,107600.0
PO001365,NCC013,SP0041,2025-06-13 22:59:50,573,895900.0
PO001182,NCC003,SP0116,2025-06-14 01:28:00,501,385800.0
PO000403,NCC023,SP0047,2025-06-14 02:49:38,885,91000.0
PO002533,NCC028,SP0046,2025-06-14 03:12:14,218,25600.0
PO000279,NCC005,SP0205,2025-06-14 12:37:51,124,308700.0
PO002392,NCC009,SP0117,2025-06-14 13:01:44,31,29900.0
PO003231,NCC019,SP0157,2025-06-14 14:26:56,480,136400.0
PO002835,NCC021,SP0128,2025-06-14 15:19:50,159,169200.0
PO001643,NCC009,SP0101,2025-06-14 17:33:13,213,209300.0
PO002422,NCC035,SP0138,2025-06-14 20:29:11,391,25700.0
PO001323,NCC029,SP0194,2025-06-15 05:06:49,698,89900.0
PO003473,NCC034,SP0205,2025-06-15 20:01:44,399,266000.0
PO003305,NCC024,SP0039,2025-06-15 23:05:41,726,14900.0
PO001874,NCC002,SP0035,2025-06-16 00:55:13,306,493600.0
PO000781,NCC013,SP0125,2025-06-16 03:53:33,339,142600.0
PO000314,NCC041,SP0155,2025-06-16 04:17:29,872,162900.0
PO001300,NCC024,SP0114,2025-06-16 09:36:31,188,62700.0
PO000714,NCC034,SP0196,2025-06-16 11:01:41,548,90900.0
PO002070,NCC045,SP0066,2025-06-16 17:47:22,768,316700.0
PO003331,NCC030,SP0162,2025-06-16 19:03:19,863,114300.0
PO002678,NCC027,SP0026,2025-06-16 19:25:42,238,59300.0
PO000802,NCC028,SP0175,2025-06-17 01:03:15,849,19400.0
PO002445,NCC006,SP0139,2025-06-17 02:03:57,570,113400.0
PO001846,NCC002,SP0051,2025-06-17 08:09:47,176,174600.0
PO002530,NCC017,SP0057,2025-06-17 08:15:34,772,137800.0
PO002045,NCC016,SP0040,2025-06-17 09:41:01,571,121000.0
PO001619,NCC007,SP0120,2025-06-17 10:13:47,116,102000.0
PO002994,NCC035,SP0061,2025-06-17 10:29:11,547,155600.0
PO001144,NCC016,SP0138,2025-06-17 18:30:04,87,25400.0
PO003049,NCC001,SP0011,2025-06-17 18:56:53,739,30200.0
PO002629,NCC042,SP0094,2025-06-17 19:46:22,546,76400.0
PO001511,NCC042,SP0168,2025-06-17 23:24:55,688,21100.0
PO003257,NCC024,SP0201,2025-06-18 08:33:56,358,484200.0
PO001410,NCC036,SP0177,2025-06-18 10:03:42,900,121900.0
PO003355,NCC036,SP0107,2025-06-18 16:23:15,992,167100.0
PO001610,NCC035,SP0070,2025-06-18 18:44:14,20,86400.0
PO003084,NCC022,SP0064,2025-06-19 04:33:19,960,108100.0
PO003310,NCC016,SP0163,2025-06-19 05:23:56,256,126100.0
PO000741,NCC040,SP0064,2025-06-20 00:06:49,531,128300.0
PO000387,NCC003,SP0179,2025-06-20 05:39:14,479,139300.0
PO000386,NCC004,SP0132,2025-06-20 10:03:26,64,251700.0
PO001671,NCC012,SP0138,2025-06-20 22:52:05,645,25800.0
PO003263,NCC012,SP0197,2025-06-21 12:28:33,618,529300.0
PO000952,NCC040,SP0047,2025-06-21 20:00:11,792,90300.0
PO001723,NCC003,SP0132,2025-06-21 20:54:29,27,293100.0
PO002182,NCC038,SP0133,2025-06-22 00:13:50,28,147000.0
PO000169,NCC034,SP0206,2025-06-22 10:30:55,953,36600.0
PO001111,NCC018,SP0028,2025-06-22 11:03:56,117,102000.0
PO000075,NCC004,SP0128,2025-06-22 23:25:37,24,162000.0
PO000915,NCC029,SP0217,2025-06-23 00:55:07,652,166600.0
PO000026,NCC011,SP0106,2025-06-23 00:56:25,481,112900.0
PO003472,NCC004,SP0195,2025-06-23 04:03:54,143,112000.0
PO003205,NCC011,SP0102,2025-06-23 08:46:36,873,459600.0
PO002575,NCC034,SP0179,2025-06-23 09:12:08,29,143500.0
PO001706,NCC028,SP0104,2025-06-23 09:53:50,291,750700.0
PO001832,NCC011,SP0212,2025-06-23 14:32:03,351,122000.0
PO001722,NCC021,SP0050,2025-06-23 21:39:18,854,413800.0
PO000068,NCC019,SP0110,2025-06-24 00:24:09,465,40500.0
PO002928,NCC040,SP0213,2025-06-24 00:31:09,107,23700.0
PO002819,NCC013,SP0205,2025-06-24 07:05:53,402,277500.0
PO001753,NCC004,SP0120,2025-06-24 08:31:03,58,100800.0
PO001023,NCC015,SP0012,2025-06-24 08:45:55,442,126200.0
PO003451,NCC008,SP0208,2025-06-24 15:44:36,504,73600.0
PO001398,NCC035,SP0015,2025-06-24 20:57:14,38,64200.0
PO000832,NCC019,SP0180,2025-06-24 22:44:10,463,747100.0
PO000641,NCC026,SP0054,2025-06-25 04:23:29,671,74700.0
PO003008,NCC038,SP0057,2025-06-25 09:39:17,370,121800.0
PO002618,NCC036,SP0111,2025-06-25 12:59:07,843,39100.0
PO003045,NCC007,SP0109,2025-06-25 15:35:36,309,493700.0
PO000970,NCC023,SP0140,2025-06-26 00:04:08,36,146000.0
PO002015,NCC031,SP0199,2025-06-26 04:07:01,729,81900.0
PO003128,NCC041,SP0195,2025-06-26 04:36:30,399,158400.0
PO003004,NCC034,SP0055,2025-06-26 04:38:39,32,123900.0
PO002054,NCC014,SP0211,2025-06-26 06:59:05,592,149500.0
PO003117,NCC007,SP0101,2025-06-26 10:00:00,197,226500.0
PO003243,NCC017,SP0050,2025-06-26 15:33:36,752,395300.0
PO003292,NCC028,SP0220,2025-06-27 02:09:25,747,41700.0
PO002552,NCC027,SP0186,2025-06-27 03:08:56,282,674300.0
PO002836,NCC037,SP0109,2025-06-27 03:38:38,686,632000.0
PO002021,NCC021,SP0063,2025-06-27 10:38:14,195,49300.0
PO002744,NCC019,SP0106,2025-06-27 11:21:29,486,127700.0
PO000306,NCC026,SP0076,2025-06-27 13:47:03,734,59100.0
PO002088,NCC042,SP0048,2025-06-27 14:28:53,490,41600.0
PO003214,NCC030,SP0050,2025-06-27 15:32:36,321,413700.0
PO003485,NCC012,SP0078,2025-06-27 17:55:04,571,127900.0
PO000426,NCC002,SP0140,2025-06-27 23:46:09,213,151300.0
PO003101,NCC041,SP0203,2025-06-28 03:32:07,485,727300.0
PO002084,NCC009,SP0187,2025-06-28 03:49:19,487,148800.0
PO003165,NCC017,SP0034,2025-06-28 05:43:20,727,144400.0
PO000257,NCC005,SP0125,2025-06-28 08:45:07,290,152200.0
PO003221,NCC013,SP0060,2025-06-28 09:03:25,463,21700.0
PO001852,NCC011,SP0013,2025-06-28 23:14:11,435,69300.0
PO000259,NCC010,SP0117,2025-06-29 04:29:03,594,33600.0
PO003126,NCC032,SP0177,2025-06-29 06:57:07,565,153400.0
PO001943,NCC043,SP0030,2025-06-29 15:53:51,371,576000.0
PO001938,NCC027,SP0183,2025-06-29 23:00:00,116,79900.0
PO001693,NCC043,SP0140,2025-06-30 01:28:07,565,159400.0
PO000490,NCC016,SP0193,2025-06-30 02:53:45,403,77900.0
PO001676,NCC014,SP0084,2025-06-30 08:10:56,637,99900.0
PO001321,NCC029,SP0088,2025-06-30 09:03:13,578,66100.0
PO001063,NCC025,SP0115,2025-06-30 13:34:56,727,20100.0
PO000133,NCC026,SP0217,2025-06-30 15:09:44,862,184100.0
PO003319,NCC023,SP0092,2025-07-01 09:11:38,727,31900.0
PO003132,NCC039,SP0088,2025-07-01 20:06:32,212,61200.0
PO002650,NCC040,SP0190,2025-07-01 23:02:34,809,29200.0
PO000790,NCC034,SP0146,2025-07-03 13:24:22,126,57000.0
PO002657,NCC026,SP0018,2025-07-03 19:27:30,32,536500.0
PO000070,NCC027,SP0082,2025-07-03 20:53:14,811,503200.0
PO000826,NCC030,SP0197,2025-07-04 02:55:16,50,588200.0
PO001650,NCC027,SP0013,2025-07-04 05:21:14,945,81200.0
PO001273,NCC031,SP0089,2025-07-04 10:58:00,273,111000.0
PO000801,NCC026,SP0161,2025-07-04 11:32:50,121,62000.0
PO002795,NCC043,SP0033,2025-07-04 12:52:46,708,61600.0
PO003443,NCC010,SP0052,2025-07-04 15:43:10,868,27400.0
PO002851,NCC005,SP0181,2025-07-05 04:08:19,854,459600.0
PO002646,NCC040,SP0012,2025-07-05 04:58:38,203,123800.0
PO001649,NCC031,SP0169,2025-07-05 12:10:25,135,573000.0
PO003399,NCC011,SP0196,2025-07-05 14:15:51,928,95100.0
PO000304,NCC002,SP0002,2025-07-05 14:40:33,488,28300.0
PO001018,NCC044,SP0056,2025-07-05 15:14:12,298,44100.0
PO000150,NCC033,SP0048,2025-07-05 16:57:22,337,44400.0
PO000794,NCC033,SP0039,2025-07-05 17:05:17,207,14400.0
PO002572,NCC006,SP0037,2025-07-05 21:54:26,941,105500.0
PO003076,NCC029,SP0081,2025-07-06 00:21:13,803,33900.0
PO000113,NCC014,SP0040,2025-07-06 09:34:34,456,110300.0
PO002043,NCC010,SP0070,2025-07-06 12:33:05,988,112200.0
PO001025,NCC037,SP0182,2025-07-06 12:51:37,316,76200.0
PO003135,NCC031,SP0173,2025-07-06 20:10:48,943,104800.0
PO000574,NCC041,SP0021,2025-07-07 01:36:31,684,34800.0
PO000513,NCC042,SP0094,2025-07-07 10:32:12,114,102300.0
PO000932,NCC011,SP0198,2025-07-08 08:47:37,717,17700.0
PO002829,NCC029,SP0131,2025-07-08 09:47:00,89,28700.0
PO001683,NCC004,SP0011,2025-07-08 11:18:23,689,29100.0
PO000937,NCC003,SP0080,2025-07-08 19:13:20,466,93200.0
PO000563,NCC015,SP0126,2025-07-08 22:36:35,221,56900.0
PO000469,NCC025,SP0204,2025-07-09 02:11:55,507,789200.0
PO000921,NCC026,SP0063,2025-07-09 04:13:51,975,57100.0
PO001120,NCC036,SP0220,2025-07-09 05:58:29,622,41400.0
PO003383,NCC013,SP0071,2025-07-09 07:51:13,605,542100.0
PO000983,NCC008,SP0135,2025-07-09 12:46:30,108,745300.0
PO002832,NCC043,SP0100,2025-07-09 14:38:33,397,147600.0
PO002059,NCC029,SP0151,2025-07-09 20:15:07,665,128700.0
PO000250,NCC034,SP0165,2025-07-09 22:15:46,767,22500.0
PO001993,NCC004,SP0156,2025-07-10 05:17:28,431,71600.0
PO002510,NCC008,SP0218,2025-07-10 07:51:06,279,93700.0
PO002691,NCC015,SP0053,2025-07-11 02:56:33,599,119400.0
PO000557,NCC032,SP0140,2025-07-11 17:40:19,985,130200.0
PO000188,NCC004,SP0079,2025-07-11 23:07:10,175,22900.0
PO001114,NCC006,SP0016,2025-07-12 02:47:56,49,632500.0
PO000297,NCC011,SP0203,2025-07-12 10:02:37,993,642100.0
PO003322,NCC038,SP0026,2025-07-12 16:52:52,267,64700.0
PO000616,NCC034,SP0052,2025-07-12 19:28:23,281,28200.0
PO003498,NCC005,SP0013,2025-07-12 19:53:44,920,67500.0
PO001203,NCC031,SP0127,2025-07-13 02:53:16,491,29100.0
PO002869,NCC039,SP0026,2025-07-13 09:26:19,114,64500.0
PO002403,NCC013,SP0193,2025-07-13 12:07:57,82,84800.0
PO003110,NCC012,SP0033,2025-07-13 12:35:32,527,70900.0
PO001863,NCC022,SP0214,2025-07-13 16:20:30,251,39000.0
PO002703,NCC025,SP0137,2025-07-13 16:21:24,549,668700.0
PO003164,NCC002,SP0080,2025-07-13 16:50:32,827,114600.0
PO003196,NCC039,SP0190,2025-07-13 17:28:08,196,29600.0
PO003207,NCC033,SP0005,2025-07-13 22:22:38,389,171200.0
PO000003,NCC044,SP0172,2025-07-14 11:17:07,916,441200.0
PO002840,NCC033,SP0126,2025-07-14 15:07:46,786,69900.0
PO001823,NCC012,SP0131,2025-07-14 15:34:54,123,29400.0
PO001940,NCC023,SP0107,2025-07-15 11:07:53,131,190100.0
PO003333,NCC012,SP0198,2025-07-15 15:51:50,923,17600.0
PO001925,NCC039,SP0138,2025-07-15 17:55:04,744,25800.0
PO002433,NCC021,SP0012,2025-07-15 20:02:10,486,87600.0
PO002247,NCC024,SP0196,2025-07-15 21:27:29,510,97600.0
PO001431,NCC045,SP0176,2025-07-16 01:29:33,815,77200.0
PO003140,NCC001,SP0047,2025-07-16 03:57:19,394,99800.0
PO001233,NCC015,SP0004,2025-07-16 14:04:02,441,134600.0
PO000648,NCC040,SP0120,2025-07-16 15:31:35,381,104600.0
PO000007,NCC008,SP0006,2025-07-16 23:23:17,527,599500.0
PO000457,NCC016,SP0214,2025-07-17 09:35:52,966,40700.0
PO000385,NCC011,SP0158,2025-07-17 14:45:54,489,110200.0
PO000775,NCC035,SP0219,2025-07-18 07:00:59,400,35900.0
PO001031,NCC016,SP0063,2025-07-18 09:59:46,144,68400.0
PO002431,NCC008,SP0110,2025-07-18 10:59:13,253,41900.0
PO000994,NCC031,SP0142,2025-07-18 15:11:05,116,371500.0
PO000981,NCC043,SP0051,2025-07-18 15:43:50,139,153100.0
PO002562,NCC012,SP0158,2025-07-19 00:20:34,158,104400.0
PO001882,NCC024,SP0028,2025-07-19 01:19:29,139,111800.0
PO003392,NCC015,SP0033,2025-07-19 08:40:04,59,74900.0
PO002118,NCC030,SP0010,2025-07-19 10:21:34,104,579800.0
PO002215,NCC044,SP0143,2025-07-19 16:22:11,881,91500.0
PO000087,NCC030,SP0064,2025-07-19 16:22:53,259,101900.0
PO002253,NCC040,SP0054,2025-07-19 21:40:41,170,92500.0
PO001535,NCC043,SP0058,2025-07-20 00:06:59,342,31500.0
PO000382,NCC016,SP0032,2025-07-20 11:22:21,359,119300.0
PO002388,NCC031,SP0201,2025-07-20 16:47:12,200,638200.0
PO000536,NCC021,SP0124,2025-07-21 07:11:42,143,47900.0
PO001454,NCC041,SP0213,2025-07-21 09:06:11,807,24600.0
PO003397,NCC035,SP0072,2025-07-21 09:17:50,154,463300.0
PO000261,NCC045,SP0029,2025-07-21 12:19:30,251,139400.0
PO002214,NCC019,SP0217,2025-07-21 16:36:51,549,179200.0
PO002240,NCC021,SP0042,2025-07-21 19:34:41,619,112700.0
PO001017,NCC026,SP0032,2025-07-21 22:46:36,573,111700.0
PO001879,NCC003,SP0191,2025-07-22 00:53:36,612,33600.0
PO001270,NCC030,SP0162,2025-07-22 01:21:15,733,113500.0
PO000004,NCC007,SP0161,2025-07-22 10:24:06,506,76200.0
PO001055,NCC041,SP0105,2025-07-22 21:40:52,861,135200.0
PO000032,NCC031,SP0068,2025-07-23 00:10:48,486,37900.0
PO000031,NCC006,SP0006,2025-07-23 06:51:32,182,681000.0
PO001572,NCC028,SP0138,2025-07-23 16:25:14,700,25100.0
PO000624,NCC043,SP0198,2025-07-23 16:45:26,24,18300.0
PO001860,NCC028,SP0168,2025-07-23 16:53:28,103,20100.0
PO000361,NCC001,SP0022,2025-07-24 00:37:26,559,865400.0
PO002615,NCC024,SP0087,2025-07-24 03:40:38,986,133100.0
PO000717,NCC035,SP0082,2025-07-24 07:36:42,724,551800.0
PO000879,NCC035,SP0132,2025-07-24 10:52:11,476,254400.0
PO000137,NCC017,SP0011,2025-07-25 03:43:43,689,26200.0
PO000299,NCC043,SP0105,2025-07-25 08:05:55,228,116000.0
PO001953,NCC044,SP0005,2025-07-25 08:40:19,611,136000.0
PO001865,NCC008,SP0190,2025-07-25 10:35:39,439,29600.0
PO000484,NCC019,SP0216,2025-07-25 15:29:58,568,46800.0
PO002580,NCC034,SP0173,2025-07-25 23:23:43,559,107900.0
PO000078,NCC039,SP0069,2025-07-26 00:57:51,631,42500.0
PO000819,NCC020,SP0184,2025-07-26 02:25:27,580,123600.0
PO000193,NCC035,SP0091,2025-07-26 03:47:39,756,48800.0
PO000006,NCC045,SP0190,2025-07-26 05:33:55,662,31500.0
PO000178,NCC043,SP0169,2025-07-26 13:15:50,736,463100.0
PO001827,NCC011,SP0208,2025-07-26 16:20:50,896,60500.0
PO001773,NCC014,SP0205,2025-07-26 18:37:04,199,246200.0
PO003185,NCC022,SP0132,2025-07-27 05:40:00,75,300500.0
PO000572,NCC041,SP0197,2025-07-27 17:11:08,29,583700.0
PO000350,NCC043,SP0115,2025-07-27 22:32:14,996,20800.0
PO000780,NCC006,SP0119,2025-07-28 00:05:22,40,160300.0
PO002192,NCC023,SP0099,2025-07-28 02:32:52,198,145000.0
PO003060,NCC016,SP0135,2025-07-28 03:15:41,247,711500.0
PO002465,NCC011,SP0218,2025-07-28 04:55:24,268,106300.0
PO001843,NCC032,SP0031,2025-07-28 05:47:17,951,39400.0
PO003162,NCC007,SP0045,2025-07-28 09:54:12,654,128400.0
PO001368,NCC012,SP0099,2025-07-28 10:49:06,980,142400.0
PO002550,NCC036,SP0134,2025-07-28 12:03:02,256,119600.0
PO002891,NCC013,SP0096,2025-07-28 16:16:06,506,41800.0
PO003417,NCC043,SP0002,2025-07-28 19:26:26,956,26300.0
PO000925,NCC037,SP0196,2025-07-29 20:18:35,271,80800.0
PO001399,NCC044,SP0184,2025-07-30 00:37:18,435,159600.0
PO003301,NCC001,SP0035,2025-07-30 03:06:41,39,517800.0
PO000115,NCC014,SP0031,2025-07-30 16:42:34,531,40300.0
PO000320,NCC016,SP0001,2025-08-01 03:47:23,377,29000.0
PO000454,NCC032,SP0096,2025-08-01 10:32:34,164,40700.0
PO000920,NCC035,SP0044,2025-08-01 12:56:41,364,783200.0
PO000277,NCC018,SP0083,2025-08-01 13:57:14,928,49600.0
PO001761,NCC010,SP0079,2025-08-01 17:40:17,681,20900.0
PO000993,NCC031,SP0148,2025-08-01 21:51:25,930,40400.0
PO001814,NCC010,SP0048,2025-08-02 00:43:07,735,44100.0
PO001915,NCC011,SP0177,2025-08-02 01:56:29,797,169200.0
PO001030,NCC013,SP0076,2025-08-02 02:31:32,251,68700.0
PO002933,NCC028,SP0079,2025-08-02 03:38:01,361,19700.0
PO001143,NCC043,SP0139,2025-08-02 09:32:30,322,135000.0
PO001363,NCC043,SP0112,2025-08-02 20:44:00,762,91000.0
PO002397,NCC037,SP0101,2025-08-03 17:14:33,119,226500.0
PO000762,NCC021,SP0072,2025-08-04 06:08:50,328,374200.0
PO001105,NCC029,SP0007,2025-08-04 08:07:36,588,124800.0
PO000276,NCC017,SP0093,2025-08-04 08:34:22,751,596100.0
PO003109,NCC041,SP0107,2025-08-04 11:25:17,579,169100.0
PO001125,NCC034,SP0078,2025-08-04 17:22:56,36,102400.0
PO001492,NCC039,SP0013,2025-08-05 02:46:40,914,76800.0
PO000789,NCC016,SP0173,2025-08-05 07:41:36,545,80100.0
PO001824,NCC038,SP0055,2025-08-06 04:44:00,208,147200.0
PO000440,NCC045,SP0106,2025-08-06 08:48:38,526,123400.0
PO002437,NCC031,SP0034,2025-08-07 01:59:29,65,147100.0
PO002502,NCC042,SP0209,2025-08-07 09:28:27,863,76800.0
PO002677,NCC037,SP0124,2025-08-07 16:56:37,881,39300.0
PO000543,NCC045,SP0033,2025-08-07 22:53:23,927,64900.0
PO001942,NCC029,SP0149,2025-08-07 23:35:00,207,708300.0
PO002993,NCC045,SP0199,2025-08-08 12:48:43,890,75600.0
PO001884,NCC022,SP0212,2025-08-09 13:05:15,70,153700.0
PO001324,NCC029,SP0100,2025-08-09 14:49:49,161,132300.0
PO002846,NCC011,SP0105,2025-08-09 14:52:16,465,107500.0
PO000028,NCC002,SP0196,2025-08-09 17:13:55,336,88700.0
PO000047,NCC032,SP0127,2025-08-09 19:16:09,643,31500.0
PO003193,NCC015,SP0079,2025-08-09 19:19:54,488,20300.0
PO002066,NCC044,SP0118,2025-08-09 20:07:20,739,124200.0
PO001630,NCC028,SP0175,2025-08-09 23:57:36,364,20400.0
PO002468,NCC009,SP0092,2025-08-10 00:04:34,915,31900.0
PO000905,NCC034,SP0219,2025-08-10 16:44:18,753,38000.0
PO001673,NCC031,SP0096,2025-08-10 19:49:22,815,39500.0
PO001448,NCC001,SP0070,2025-08-10 22:46:17,484,90900.0
PO002322,NCC029,SP0112,2025-08-10 23:08:48,351,86300.0
PO001261,NCC016,SP0062,2025-08-11 07:31:47,490,142200.0
PO001028,NCC042,SP0144,2025-08-11 08:04:56,682,106800.0
PO000117,NCC006,SP0093,2025-08-11 09:00:13,661,684700.0
PO001581,NCC021,SP0104,2025-08-11 09:18:21,267,801200.0
PO002367,NCC014,SP0089,2025-08-11 09:43:18,289,97700.0
PO002637,NCC029,SP0087,2025-08-11 09:45:48,515,125800.0
PO001287,NCC032,SP0105,2025-08-11 11:01:44,680,137700.0
PO002980,NCC010,SP0044,2025-08-11 11:15:51,177,853400.0
PO001598,NCC030,SP0187,2025-08-11 18:13:11,401,136800.0
PO002007,NCC045,SP0218,2025-08-11 20:55:02,211,104900.0
PO000649,NCC002,SP0002,2025-08-11 21:03:26,685,28200.0
PO000669,NCC038,SP0101,2025-08-11 21:22:10,927,186600.0
PO001745,NCC022,SP0004,2025-08-12 05:17:15,497,132800.0
PO000478,NCC031,SP0210,2025-08-12 12:56:13,367,18100.0
PO002884,NCC035,SP0011,2025-08-12 16:42:00,926,28100.0
PO000687,NCC043,SP0156,2025-08-12 17:17:12,55,65400.0
PO001548,NCC042,SP0178,2025-08-12 17:33:05,80,122800.0
PO000140,NCC018,SP0137,2025-08-12 18:56:40,449,556400.0
PO000312,NCC004,SP0038,2025-08-13 00:04:43,790,643800.0
PO003220,NCC007,SP0096,2025-08-13 01:49:09,181,41000.0
PO001616,NCC003,SP0131,2025-08-13 03:02:18,591,27600.0
PO001973,NCC002,SP0171,2025-08-13 03:11:45,770,18800.0
PO000784,NCC004,SP0211,2025-08-13 05:49:25,608,139700.0
PO002726,NCC039,SP0185,2025-08-13 20:15:07,962,19400.0
PO002883,NCC037,SP0120,2025-08-13 22:23:01,579,93900.0
PO001668,NCC014,SP0218,2025-08-14 03:04:13,312,107300.0
PO003496,NCC024,SP0026,2025-08-14 03:28:00,681,61500.0
PO000059,NCC045,SP0145,2025-08-14 06:20:30,213,97300.0
PO003028,NCC031,SP0132,2025-08-14 20:31:03,952,315100.0
PO001372,NCC042,SP0141,2025-08-14 23:42:57,448,45900.0
PO002808,NCC004,SP0217,2025-08-15 06:19:00,382,161800.0
PO001809,NCC020,SP0129,2025-08-15 15:14:34,697,119400.0
PO000103,NCC028,SP0085,2025-08-16 14:18:59,842,68600.0
PO001415,NCC017,SP0060,2025-08-16 22:18:38,402,20800.0
PO001312,NCC025,SP0159,2025-08-16 23:18:12,909,419800.0
PO002821,NCC006,SP0033,2025-08-17 00:17:41,381,56500.0
PO003381,NCC030,SP0081,2025-08-17 02:57:48,144,30300.0
PO001092,NCC037,SP0170,2025-08-17 04:42:13,39,165300.0
PO001605,NCC026,SP0155,2025-08-17 07:06:24,549,122900.0
PO000170,NCC025,SP0123,2025-08-17 09:41:50,300,162700.0
PO001113,NCC014,SP0090,2025-08-17 10:09:01,992,508400.0
PO001520,NCC027,SP0074,2025-08-17 12:53:47,401,661700.0
PO003064,NCC001,SP0161,2025-08-17 17:22:49,794,70600.0
PO000943,NCC027,SP0060,2025-08-18 01:08:34,457,20600.0
PO003477,NCC017,SP0020,2025-08-18 05:05:30,756,58700.0
PO001098,NCC007,SP0159,2025-08-18 14:34:05,795,426400.0
PO001459,NCC030,SP0014,2025-08-19 05:17:12,94,494900.0
PO000642,NCC041,SP0110,2025-08-19 17:20:47,236,41100.0
PO001560,NCC018,SP0026,2025-08-19 22:41:22,217,68100.0
PO003153,NCC044,SP0214,2025-08-20 02:52:42,178,38300.0
PO003156,NCC019,SP0200,2025-08-20 13:24:09,636,330900.0
PO002800,NCC028,SP0155,2025-08-20 20:07:41,466,141800.0
PO001148,NCC016,SP0109,2025-08-21 00:18:21,373,622500.0
PO000907,NCC021,SP0034,2025-08-21 02:45:38,622,146400.0
PO002875,NCC033,SP0141,2025-08-21 07:55:15,781,45400.0
PO000633,NCC045,SP0175,2025-08-21 11:22:11,67,22500.0
PO002624,NCC038,SP0065,2025-08-21 15:49:42,205,539000.0
PO000771,NCC036,SP0201,2025-08-22 08:01:59,371,611100.0
PO000101,NCC034,SP0020,2025-08-22 12:05:02,650,59600.0
PO000532,NCC036,SP0130,2025-08-22 14:42:10,160,174800.0
PO001153,NCC001,SP0033,2025-08-22 16:51:48,781,65100.0
PO000036,NCC016,SP0075,2025-08-22 16:53:13,20,90800.0
PO001876,NCC041,SP0189,2025-08-22 19:20:39,363,95100.0
PO001928,NCC034,SP0162,2025-08-22 22:09:26,181,117200.0
PO000629,NCC043,SP0040,2025-08-22 23:48:10,607,112200.0
PO000831,NCC009,SP0042,2025-08-23 06:54:55,465,95200.0
PO000345,NCC021,SP0102,2025-08-23 23:43:38,824,425100.0
PO002772,NCC013,SP0009,2025-08-24 00:03:28,699,276000.0
PO000105,NCC023,SP0205,2025-08-24 03:16:42,200,323300.0
PO002330,NCC007,SP0027,2025-08-24 08:43:14,21,51600.0
PO002386,NCC033,SP0033,2025-08-24 18:52:21,441,52300.0
PO002725,NCC023,SP0102,2025-08-25 12:39:57,857,500700.0
PO003401,NCC036,SP0099,2025-08-25 21:32:29,305,123500.0
PO001738,NCC005,SP0070,2025-08-26 03:41:07,102,108000.0
PO001732,NCC036,SP0121,2025-08-26 06:33:29,387,105700.0
PO003077,NCC019,SP0018,2025-08-26 09:44:20,55,525700.0
PO002943,NCC014,SP0208,2025-08-26 11:29:40,903,83500.0
PO003300,NCC018,SP0157,2025-08-26 14:12:29,402,200700.0
PO000559,NCC022,SP0011,2025-08-26 16:09:49,20,28000.0
PO001424,NCC033,SP0201,2025-08-26 18:46:44,977,510200.0
PO001959,NCC039,SP0202,2025-08-27 06:10:07,296,288100.0
PO001793,NCC023,SP0133,2025-08-27 09:22:59,880,150900.0
PO001660,NCC021,SP0215,2025-08-27 19:58:02,482,66300.0
PO002680,NCC020,SP0195,2025-08-28 05:13:26,573,126400.0
PO003358,NCC041,SP0188,2025-08-28 05:54:48,84,82800.0
PO002797,NCC015,SP0168,2025-08-28 10:40:15,119,22000.0
PO000197,NCC027,SP0007,2025-08-28 12:47:14,548,161700.0
PO002671,NCC028,SP0191,2025-08-28 14:33:10,203,33600.0
PO000739,NCC023,SP0046,2025-08-29 00:48:18,34,25300.0
PO002261,NCC029,SP0220,2025-08-29 05:35:57,410,43200.0
PO002587,NCC044,SP0112,2025-08-29 14:55:16,74,103300.0
PO002105,NCC009,SP0020,2025-08-30 01:23:38,357,61300.0
PO001514,NCC022,SP0183,2025-08-30 05:28:12,542,93900.0
PO003284,NCC020,SP0143,2025-08-30 06:50:55,220,90600.0
PO000388,NCC031,SP0159,2025-08-30 12:30:19,628,412500.0
PO002409,NCC036,SP0106,2025-08-30 14:13:59,208,115700.0
PO002845,NCC023,SP0195,2025-08-31 08:15:22,612,141900.0
PO001577,NCC026,SP0070,2025-08-31 08:15:46,881,104600.0
PO002320,NCC029,SP0126,2025-08-31 08:21:43,510,59600.0
PO000396,NCC022,SP0068,2025-08-31 16:48:26,502,38900.0
PO001508,NCC017,SP0065,2025-08-31 20:28:42,240,510900.0
PO001068,NCC018,SP0078,2025-08-31 21:19:02,53,119300.0
PO001485,NCC025,SP0047,2025-09-01 02:59:22,771,98200.0
PO000456,NCC029,SP0019,2025-09-01 08:44:09,899,109500.0
PO002258,NCC009,SP0007,2025-09-01 12:28:02,164,123500.0
PO001087,NCC017,SP0115,2025-09-02 04:13:25,251,20700.0
PO001289,NCC001,SP0031,2025-09-02 09:07:52,676,40600.0
PO000305,NCC041,SP0017,2025-09-02 12:49:49,381,39400.0
PO002915,NCC038,SP0114,2025-09-02 16:52:21,769,64000.0
PO002174,NCC030,SP0054,2025-09-02 17:31:03,602,99000.0
PO002473,NCC026,SP0107,2025-09-02 18:11:55,814,187900.0
PO002968,NCC039,SP0120,2025-09-02 18:54:52,443,87200.0
PO000652,NCC035,SP0049,2025-09-03 04:14:26,139,117100.0
PO000712,NCC013,SP0083,2025-09-03 04:37:18,559,48500.0
PO000301,NCC037,SP0105,2025-09-03 08:18:28,772,98700.0
PO003328,NCC003,SP0220,2025-09-03 09:34:08,353,42600.0
PO001237,NCC009,SP0087,2025-09-03 17:49:50,849,111700.0
PO002083,NCC019,SP0009,2025-09-03 19:59:09,424,261900.0
PO002741,NCC030,SP0124,2025-09-04 00:18:41,203,56900.0
PO001474,NCC035,SP0140,2025-09-04 00:22:36,554,147500.0
PO002201,NCC032,SP0010,2025-09-04 04:40:19,85,497200.0
PO002476,NCC004,SP0144,2025-09-04 10:15:48,195,124400.0
PO001432,NCC004,SP0160,2025-09-04 15:22:08,177,46100.0
PO001704,NCC027,SP0167,2025-09-05 07:16:07,697,28700.0
PO000707,NCC007,SP0049,2025-09-05 08:05:43,847,136500.0
PO001734,NCC025,SP0174,2025-09-05 09:02:27,925,549700.0
PO000202,NCC034,SP0127,2025-09-05 18:40:01,791,30700.0
PO002992,NCC018,SP0170,2025-09-05 23:02:53,931,145200.0
PO002221,NCC027,SP0134,2025-09-06 10:50:54,997,114500.0
PO000866,NCC017,SP0063,2025-09-06 23:54:28,591,55100.0
PO002908,NCC022,SP0164,2025-09-07 00:50:48,630,454500.0
PO002785,NCC002,SP0047,2025-09-07 06:14:18,326,102500.0
PO000163,NCC021,SP0166,2025-09-08 08:58:09,944,241500.0
PO001220,NCC030,SP0101,2025-09-08 09:33:13,981,224000.0
PO000510,NCC041,SP0091,2025-09-08 09:53:26,917,48800.0
PO002973,NCC017,SP0168,2025-09-08 17:30:51,845,20900.0
PO000173,NCC014,SP0068,2025-09-08 19:42:15,347,34900.0
PO000432,NCC003,SP0158,2025-09-08 22:54:27,838,96800.0
PO000380,NCC020,SP0025,2025-09-08 23:48:56,492,25200.0
PO001183,NCC021,SP0033,2025-09-09 05:36:04,827,69500.0
PO001032,NCC003,SP0033,2025-09-09 07:09:31,436,72300.0
PO003083,NCC034,SP0104,2025-09-09 12:42:41,342,762900.0
PO002752,NCC045,SP0177,2025-09-09 15:34:53,713,148100.0
PO001004,NCC041,SP0058,2025-09-09 17:44:23,64,34800.0
PO002932,NCC045,SP0078,2025-09-09 22:55:13,222,115200.0
PO001544,NCC042,SP0026,2025-09-10 06:24:11,49,55600.0
PO000120,NCC042,SP0189,2025-09-10 11:09:03,41,97000.0
PO002026,NCC003,SP0203,2025-09-11 01:12:59,222,634800.0
PO003048,NCC001,SP0074,2025-09-11 01:17:46,140,688900.0
PO002886,NCC017,SP0173,2025-09-11 07:48:36,663,90300.0
PO002907,NCC029,SP0163,2025-09-11 13:06:08,597,122600.0
PO002479,NCC020,SP0218,2025-09-11 14:07:05,670,110800.0
PO003057,NCC028,SP0030,2025-09-11 21:50:12,918,674600.0
PO002356,NCC022,SP0187,2025-09-12 07:19:10,170,151100.0
PO001159,NCC034,SP0064,2025-09-12 10:16:53,141,122600.0
PO000590,NCC042,SP0124,2025-09-12 10:59:14,982,50800.0
PO003080,NCC043,SP0113,2025-09-12 12:07:26,199,106000.0
PO000077,NCC030,SP0123,2025-09-12 18:37:40,34,140800.0
PO000375,NCC026,SP0080,2025-09-12 19:52:15,76,97400.0
PO002669,NCC023,SP0187,2025-09-12 20:01:21,321,160700.0
PO001314,NCC044,SP0196,2025-09-12 20:39:54,903,90500.0
PO000168,NCC034,SP0193,2025-09-13 05:58:34,815,79200.0
PO000249,NCC036,SP0120,2025-09-13 06:27:32,111,111300.0
PO000128,NCC005,SP0069,2025-09-13 12:15:05,143,40600.0
PO002654,NCC025,SP0041,2025-09-13 14:17:17,542,876600.0
PO000239,NCC024,SP0121,2025-09-13 14:29:49,505,110400.0
PO002581,NCC006,SP0207,2025-09-13 17:16:08,790,19100.0
PO001574,NCC007,SP0070,2025-09-13 20:05:02,244,107000.0
PO000029,NCC018,SP0018,2025-09-14 02:40:06,885,570400.0
PO002492,NCC014,SP0163,2025-09-14 16:28:29,472,107900.0
PO000562,NCC035,SP0114,2025-09-14 17:45:15,39,58300.0
PO001877,NCC021,SP0160,2025-09-15 05:03:24,651,56300.0
PO001409,NCC025,SP0113,2025-09-15 21:32:30,930,100800.0
PO001154,NCC029,SP0150,2025-09-16 00:24:17,53,91900.0
PO001115,NCC011,SP0090,2025-09-16 03:40:26,440,540500.0
PO000433,NCC024,SP0025,2025-09-16 11:38:20,393,25600.0
PO002293,NCC026,SP0156,2025-09-16 13:39:19,572,64300.0
PO000406,NCC034,SP0195,2025-09-17 02:45:44,456,164000.0
PO003161,NCC001,SP0214,2025-09-17 03:01:06,920,38400.0
PO000547,NCC005,SP0036,2025-09-17 06:38:32,597,158500.0
PO001594,NCC012,SP0117,2025-09-17 06:43:25,108,33700.0
PO000165,NCC021,SP0007,2025-09-17 10:41:55,525,124700.0
PO002020,NCC035,SP0020,2025-09-17 11:44:30,72,74200.0
PO003019,NCC012,SP0189,2025-09-17 20:05:28,159,91800.0
PO001749,NCC022,SP0086,2025-09-17 20:22:11,910,111800.0
PO002358,NCC006,SP0210,2025-09-17 23:22:42,836,18900.0
PO002131,NCC014,SP0149,2025-09-18 02:01:51,566,738200.0
PO002464,NCC030,SP0086,2025-09-18 11:31:10,638,100700.0
PO002673,NCC010,SP0060,2025-09-18 12:42:32,445,19100.0
PO001653,NCC035,SP0064,2025-09-18 18:38:20,94,102600.0
PO002948,NCC013,SP0187,2025-09-18 20:30:34,298,149000.0
PO002765,NCC030,SP0176,2025-09-18 23:56:17,122,97400.0
PO000263,NCC010,SP0179,2025-09-19 01:22:30,795,161100.0
PO001080,NCC032,SP0017,2025-09-19 04:47:00,709,37400.0
PO003349,NCC041,SP0039,2025-09-19 06:17:00,146,14900.0
PO003500,NCC001,SP0072,2025-09-19 13:10:05,245,452800.0
PO001990,NCC040,SP0072,2025-09-19 17:23:05,393,414700.0
PO000787,NCC023,SP0180,2025-09-19 19:38:30,734,799300.0
PO000709,NCC002,SP0079,2025-09-19 20:33:23,856,20600.0
PO000517,NCC024,SP0120,2025-09-20 00:31:43,557,82300.0
PO001910,NCC041,SP0039,2025-09-20 01:50:12,234,15700.0
PO000275,NCC021,SP0111,2025-09-20 07:47:18,416,41300.0
PO003362,NCC020,SP0095,2025-09-20 08:10:19,632,50800.0
PO002700,NCC012,SP0178,2025-09-20 13:34:53,933,122400.0
PO001637,NCC020,SP0210,2025-09-20 20:00:12,741,21500.0
PO000803,NCC018,SP0172,2025-09-20 22:57:24,55,479300.0
PO003479,NCC045,SP0028,2025-09-21 04:33:16,69,119900.0
PO000890,NCC026,SP0158,2025-09-21 05:03:48,167,101000.0
PO001870,NCC042,SP0105,2025-09-21 05:54:07,270,106700.0
PO000022,NCC018,SP0135,2025-09-21 09:40:35,820,576700.0
PO001259,NCC004,SP0006,2025-09-21 12:31:45,584,686200.0
PO001880,NCC020,SP0196,2025-09-22 05:56:22,268,76600.0
PO001965,NCC033,SP0188,2025-09-22 06:10:58,299,86000.0
PO001394,NCC037,SP0201,2025-09-22 07:03:40,751,558400.0
PO001465,NCC037,SP0143,2025-09-22 08:06:29,175,89600.0
PO000644,NCC028,SP0133,2025-09-22 14:33:00,529,135400.0
PO002277,NCC007,SP0031,2025-09-22 17:21:20,75,41300.0
PO000132,NCC005,SP0142,2025-09-23 01:04:19,310,359200.0
PO001234,NCC024,SP0074,2025-09-23 01:06:25,202,640700.0
PO002565,NCC040,SP0147,2025-09-23 02:14:17,394,46300.0
PO000525,NCC001,SP0107,2025-09-23 15:19:34,780,179800.0
PO002207,NCC008,SP0202,2025-09-24 12:38:39,597,252700.0
PO001602,NCC034,SP0139,2025-09-24 14:28:56,746,135800.0
PO002019,NCC032,SP0144,2025-09-24 15:24:55,553,126900.0
PO001346,NCC041,SP0166,2025-09-24 18:13:42,261,233300.0
PO002104,NCC011,SP0017,2025-09-24 20:37:51,860,36700.0
PO002570,NCC027,SP0199,2025-09-24 22:03:03,769,74200.0
PO000506,NCC016,SP0053,2025-09-25 03:21:03,536,142500.0
PO001688,NCC011,SP0092,2025-09-25 06:15:21,202,30700.0
PO002285,NCC032,SP0123,2025-09-25 08:15:25,474,142800.0
PO002411,NCC018,SP0158,2025-09-25 09:11:27,392,84900.0
PO001011,NCC001,SP0125,2025-09-25 10:22:37,812,155000.0
PO000182,NCC005,SP0049,2025-09-25 11:37:20,333,115000.0
PO002788,NCC012,SP0102,2025-09-25 13:21:27,546,515900.0
PO003116,NCC032,SP0205,2025-09-25 15:24:13,756,256600.0
PO001296,NCC016,SP0071,2025-09-25 19:20:15,436,584600.0
PO001486,NCC036,SP0158,2025-09-25 22:03:03,67,108600.0
PO002818,NCC034,SP0116,2025-09-26 01:28:04,449,356900.0
PO002645,NCC021,SP0207,2025-09-26 08:19:26,980,21100.0
PO002405,NCC019,SP0163,2025-09-26 08:36:19,307,120800.0
PO003061,NCC010,SP0193,2025-09-26 09:36:10,583,88100.0
PO001607,NCC009,SP0099,2025-09-26 09:46:41,558,131600.0
PO001076,NCC009,SP0099,2025-09-26 14:39:40,523,149300.0
PO001864,NCC020,SP0205,2025-09-26 17:08:50,137,307700.0
PO001674,NCC010,SP0031,2025-09-26 19:42:13,930,42700.0
PO002490,NCC013,SP0032,2025-09-27 00:26:10,163,100700.0
PO002297,NCC040,SP0077,2025-09-27 04:52:08,648,107900.0
PO003459,NCC025,SP0109,2025-09-27 07:59:42,725,514900.0
PO001517,NCC030,SP0175,2025-09-27 08:36:57,55,20000.0
PO000768,NCC024,SP0025,2025-09-27 14:52:57,927,23100.0
PO003129,NCC037,SP0193,2025-09-27 16:22:09,552,74200.0
PO001956,NCC041,SP0188,2025-09-27 20:13:14,668,94300.0
PO000061,NCC040,SP0170,2025-09-27 21:16:13,317,133100.0
PO003445,NCC030,SP0177,2025-09-27 23:45:40,827,126700.0
PO003411,NCC036,SP0069,2025-09-28 07:14:08,607,42300.0
PO000180,NCC029,SP0098,2025-09-28 20:23:40,226,66000.0
PO001542,NCC033,SP0061,2025-09-28 23:10:40,940,131600.0
PO002488,NCC010,SP0218,2025-09-29 01:12:07,420,93300.0
PO003050,NCC012,SP0006,2025-09-29 02:07:45,155,671600.0
PO001678,NCC032,SP0031,2025-09-29 03:24:29,102,40900.0
PO001629,NCC023,SP0038,2025-09-29 04:24:08,879,698800.0
PO003147,NCC014,SP0170,2025-09-29 05:06:45,144,144700.0
PO002834,NCC027,SP0096,2025-09-29 05:34:54,218,41800.0
PO001497,NCC041,SP0090,2025-09-30 02:38:33,991,494500.0
PO000806,NCC042,SP0073,2025-09-30 03:37:22,559,59600.0
PO002865,NCC016,SP0146,2025-09-30 05:39:44,725,64200.0
PO003118,NCC043,SP0141,2025-09-30 07:52:28,644,53800.0
PO000451,NCC042,SP0187,2025-09-30 12:43:51,23,149500.0
PO001964,NCC002,SP0048,2025-09-30 21:54:32,555,43000.0
PO003229,NCC016,SP0032,2025-10-01 11:35:30,589,141300.0
PO002613,NCC042,SP0098,2025-10-01 16:25:28,979,65700.0
PO002868,NCC002,SP0006,2025-10-02 00:27:49,142,590700.0
PO001236,NCC011,SP0096,2025-10-02 01:05:55,402,45500.0
PO001389,NCC041,SP0104,2025-10-02 05:46:06,506,774200.0
PO002107,NCC014,SP0065,2025-10-02 10:09:14,568,487400.0
PO000603,NCC041,SP0007,2025-10-02 13:50:34,477,139300.0
PO001714,NCC039,SP0135,2025-10-02 17:53:27,565,647200.0
PO001317,NCC037,SP0058,2025-10-02 20:23:13,640,33400.0
PO000743,NCC016,SP0086,2025-10-02 21:10:10,844,129700.0
PO000761,NCC015,SP0126,2025-10-03 05:16:31,604,59700.0
PO001721,NCC036,SP0001,2025-10-03 07:25:45,72,27600.0
PO001541,NCC039,SP0138,2025-10-03 14:41:05,821,25200.0
PO000104,NCC045,SP0215,2025-10-03 20:28:50,471,50400.0
PO001780,NCC009,SP0162,2025-10-03 23:46:50,841,95400.0
PO000348,NCC012,SP0164,2025-10-04 12:02:04,140,459500.0
PO000428,NCC042,SP0007,2025-10-04 18:18:28,128,113800.0
PO001404,NCC010,SP0045,2025-10-05 00:37:12,108,126200.0
PO002014,NCC003,SP0088,2025-10-05 05:12:36,857,60100.0
PO001135,NCC034,SP0136,2025-10-05 06:10:56,961,546400.0
PO002073,NCC023,SP0026,2025-10-06 04:16:32,709,68300.0
PO002955,NCC013,SP0205,2025-10-06 19:40:11,370,261500.0
PO001330,NCC021,SP0024,2025-10-07 08:15:54,496,59400.0
PO001073,NCC013,SP0027,2025-10-07 08:56:20,235,51100.0
PO001805,NCC004,SP0181,2025-10-08 00:14:38,951,452000.0
PO001446,NCC007,SP0061,2025-10-08 12:56:33,552,117000.0
PO003251,NCC022,SP0158,2025-10-08 13:12:26,346,84800.0
PO003371,NCC010,SP0177,2025-10-08 17:48:26,162,153800.0
PO002317,NCC007,SP0196,2025-10-08 22:34:40,621,85600.0
PO001074,NCC044,SP0069,2025-10-09 06:03:19,939,36200.0
PO002863,NCC028,SP0044,2025-10-09 08:16:29,570,774800.0
PO002093,NCC031,SP0047,2025-10-09 09:34:12,394,97300.0
PO003209,NCC012,SP0183,2025-10-09 14:33:38,450,88800.0
PO001095,NCC032,SP0211,2025-10-09 21:58:50,296,156000.0
PO000811,NCC039,SP0001,2025-10-09 23:43:01,332,29400.0
PO001546,NCC023,SP0131,2025-10-09 23:57:11,734,29000.0
PO003252,NCC038,SP0208,2025-10-10 10:49:04,92,71400.0
PO003120,NCC040,SP0145,2025-10-10 15:56:10,83,107700.0
PO003412,NCC012,SP0142,2025-10-10 22:00:36,897,371600.0
PO000595,NCC037,SP0188,2025-10-11 01:15:17,186,82200.0
PO002200,NCC002,SP0212,2025-10-11 11:12:38,58,176100.0
PO002527,NCC010,SP0150,2025-10-11 11:34:16,573,131500.0
PO002924,NCC042,SP0018,2025-10-11 12:03:16,543,611800.0
PO000410,NCC039,SP0170,2025-10-11 17:39:38,860,153500.0
PO000034,NCC016,SP0060,2025-10-12 01:37:01,209,21300.0
PO002161,NCC025,SP0023,2025-10-12 04:01:13,720,92200.0
PO003337,NCC011,SP0174,2025-10-12 06:21:32,943,484700.0
PO000933,NCC042,SP0162,2025-10-12 06:44:32,858,96900.0
PO001501,NCC009,SP0182,2025-10-12 12:03:09,37,82700.0
PO003382,NCC038,SP0188,2025-10-12 16:44:48,399,111000.0
PO002338,NCC038,SP0168,2025-10-12 17:26:19,143,21800.0
PO002344,NCC021,SP0175,2025-10-12 22:19:44,805,20300.0
PO002773,NCC011,SP0170,2025-10-13 04:53:31,153,158000.0
PO000024,NCC038,SP0106,2025-10-14 07:38:17,872,130100.0
PO001381,NCC029,SP0177,2025-10-14 08:00:16,995,174100.0
PO002614,NCC021,SP0214,2025-10-14 13:43:53,120,41600.0
PO001759,NCC016,SP0207,2025-10-14 20:27:29,201,21000.0
PO001590,NCC015,SP0011,2025-10-15 06:50:17,997,30800.0
PO001223,NCC027,SP0183,2025-10-15 18:12:57,451,83200.0
PO001765,NCC023,SP0197,2025-10-15 20:14:04,773,492900.0
PO003127,NCC011,SP0119,2025-10-16 07:04:31,710,160800.0
PO002899,NCC033,SP0048,2025-10-16 07:15:37,187,41700.0
PO000344,NCC029,SP0115,2025-10-16 15:01:13,599,21700.0
PO002767,NCC014,SP0169,2025-10-16 16:34:20,748,526500.0
PO001328,NCC012,SP0213,2025-10-17 02:18:50,154,24200.0
PO000773,NCC044,SP0104,2025-10-17 06:49:44,942,793800.0
PO003499,NCC006,SP0105,2025-10-17 09:13:45,832,115400.0
PO000094,NCC020,SP0134,2025-10-17 10:19:56,68,90600.0
PO001908,NCC028,SP0079,2025-10-17 14:41:39,396,19500.0
PO002067,NCC023,SP0044,2025-10-17 15:13:37,44,809600.0
PO002916,NCC033,SP0108,2025-10-18 02:37:02,599,101900.0
PO002578,NCC018,SP0124,2025-10-18 04:55:23,395,42500.0
PO003099,NCC033,SP0084,2025-10-18 05:25:57,731,108900.0
PO003293,NCC024,SP0084,2025-10-18 05:49:44,773,100100.0
PO001426,NCC024,SP0211,2025-10-18 09:40:14,913,160200.0
PO003295,NCC007,SP0181,2025-10-18 13:47:46,498,482000.0
PO000198,NCC033,SP0059,2025-10-18 19:39:45,633,442800.0
PO001875,NCC016,SP0108,2025-10-18 21:59:48,175,80900.0
PO000020,NCC019,SP0220,2025-10-18 22:14:35,466,41600.0
PO001992,NCC006,SP0177,2025-10-19 06:03:04,45,143000.0
PO001547,NCC012,SP0201,2025-10-19 11:58:48,936,555900.0
PO001930,NCC024,SP0081,2025-10-19 14:26:18,595,29400.0
PO001003,NCC004,SP0072,2025-10-19 20:36:31,697,442000.0
PO003282,NCC002,SP0159,2025-10-20 02:58:37,65,463300.0
PO002037,NCC042,SP0128,2025-10-20 17:44:12,530,164900.0
PO000482,NCC020,SP0131,2025-10-21 02:26:26,513,27400.0
PO003340,NCC023,SP0188,2025-10-21 08:11:04,104,91500.0
PO003269,NCC006,SP0032,2025-10-21 09:54:18,864,110100.0
PO002216,NCC030,SP0115,2025-10-21 15:10:42,268,19800.0
PO001929,NCC007,SP0049,2025-10-21 19:18:25,345,137800.0
PO000512,NCC033,SP0154,2025-10-22 01:13:10,291,24100.0
PO003104,NCC036,SP0156,2025-10-22 16:02:59,590,62500.0
PO002248,NCC028,SP0152,2025-10-22 16:38:49,475,110700.0
PO000119,NCC029,SP0042,2025-10-22 18:58:47,447,130700.0
PO003325,NCC003,SP0169,2025-10-23 10:59:21,874,527400.0
PO002239,NCC021,SP0176,2025-10-23 11:07:44,418,68100.0
PO000419,NCC003,SP0137,2025-10-23 21:27:45,355,650100.0
PO000033,NCC004,SP0183,2025-10-23 22:14:23,434,100700.0
PO000688,NCC011,SP0007,2025-10-24 04:05:10,532,142500.0
PO001628,NCC013,SP0034,2025-10-24 11:26:40,61,142200.0
PO002743,NCC011,SP0089,2025-10-24 15:04:57,717,103200.0
PO001569,NCC042,SP0202,2025-10-24 16:38:42,706,260000.0
PO001690,NCC042,SP0137,2025-10-24 20:48:50,406,725400.0
PO002842,NCC019,SP0155,2025-10-24 21:50:16,670,135100.0
PO000988,NCC032,SP0023,2025-10-25 00:11:18,160,123600.0
PO002713,NCC010,SP0165,2025-10-25 03:52:03,340,23100.0
PO002566,NCC003,SP0075,2025-10-25 07:40:43,872,90000.0
PO000553,NCC029,SP0135,2025-10-25 13:17:41,386,595200.0
PO001558,NCC041,SP0010,2025-10-26 02:08:17,152,577600.0
PO001100,NCC016,SP0159,2025-10-26 08:39:02,724,491900.0
PO003434,NCC035,SP0115,2025-10-26 09:16:26,505,19200.0
PO003354,NCC017,SP0045,2025-10-26 09:42:22,457,104200.0
PO001961,NCC033,SP0156,2025-10-26 21:29:58,51,76500.0
PO002004,NCC001,SP0158,2025-10-27 00:28:07,993,100900.0
PO002406,NCC001,SP0068,2025-10-27 00:28:57,974,41100.0
PO002551,NCC034,SP0034,2025-10-27 03:36:44,109,161800.0
PO000497,NCC015,SP0037,2025-10-27 04:33:26,890,118700.0
PO001999,NCC043,SP0172,2025-10-27 11:16:17,866,521800.0
PO000233,NCC014,SP0195,2025-10-27 13:50:22,177,126600.0
PO000996,NCC028,SP0168,2025-10-27 14:59:44,116,22100.0
PO000129,NCC013,SP0189,2025-10-27 22:05:30,986,73500.0
PO000420,NCC029,SP0194,2025-10-28 03:10:17,27,91700.0
PO000924,NCC018,SP0027,2025-10-28 15:22:45,792,54700.0
PO002460,NCC031,SP0003,2025-10-28 22:26:24,761,43100.0
PO002965,NCC009,SP0131,2025-10-29 02:29:29,391,27600.0
PO001299,NCC032,SP0195,2025-10-29 02:43:15,700,119100.0
PO001383,NCC024,SP0067,2025-10-29 08:41:00,994,11600.0
PO003288,NCC040,SP0208,2025-10-29 12:00:15,362,69200.0
PO001221,NCC019,SP0124,2025-10-29 18:00:47,548,44100.0
PO000698,NCC038,SP0181,2025-10-29 18:11:15,489,480500.0
PO003182,NCC037,SP0143,2025-10-30 05:44:02,47,92200.0
PO001291,NCC029,SP0062,2025-10-30 08:03:55,529,186200.0
PO003457,NCC015,SP0038,2025-10-30 17:38:12,542,702600.0
PO001065,NCC034,SP0218,2025-10-31 02:36:36,236,101100.0
PO000151,NCC038,SP0060,2025-10-31 12:18:00,74,20100.0
PO000727,NCC018,SP0087,2025-10-31 17:35:15,32,131200.0
PO000636,NCC020,SP0180,2025-10-31 17:47:58,322,806400.0
PO002463,NCC025,SP0064,2025-11-01 02:51:51,180,107800.0
PO003312,NCC002,SP0177,2025-11-01 04:58:17,684,140200.0
PO000628,NCC037,SP0152,2025-11-01 05:46:11,110,103900.0
PO001077,NCC016,SP0090,2025-11-01 06:58:25,889,460300.0
PO000091,NCC034,SP0170,2025-11-01 12:56:18,335,138700.0
PO000883,NCC007,SP0047,2025-11-01 21:53:31,786,98100.0
PO001887,NCC040,SP0210,2025-11-02 03:08:32,394,18600.0
PO000601,NCC036,SP0096,2025-11-02 03:57:33,664,41500.0
PO002631,NCC027,SP0204,2025-11-02 16:07:06,378,887000.0
PO003053,NCC041,SP0098,2025-11-03 00:21:23,60,67100.0
PO001172,NCC017,SP0084,2025-11-03 00:26:54,379,94300.0
PO002623,NCC032,SP0080,2025-11-03 05:02:56,965,112000.0
PO000272,NCC006,SP0116,2025-11-03 11:52:05,304,394100.0
PO000651,NCC021,SP0220,2025-11-03 13:21:54,43,41100.0
PO002857,NCC017,SP0093,2025-11-03 19:12:42,264,743900.0
PO000833,NCC037,SP0080,2025-11-04 03:00:15,598,109500.0
PO000785,NCC017,SP0039,2025-11-04 03:06:42,919,15100.0
PO001726,NCC024,SP0094,2025-11-04 10:00:37,381,85100.0
PO000972,NCC024,SP0163,2025-11-04 12:31:37,821,119400.0
PO001813,NCC008,SP0138,2025-11-04 17:52:03,259,25500.0
PO000700,NCC039,SP0136,2025-11-04 19:53:09,212,662600.0
PO000733,NCC023,SP0112,2025-11-05 00:21:20,236,102300.0
PO002169,NCC006,SP0177,2025-11-05 01:30:01,22,151900.0
PO000620,NCC033,SP0006,2025-11-05 11:25:46,128,769100.0
PO003367,NCC022,SP0112,2025-11-05 15:42:00,741,89700.0
PO002600,NCC022,SP0182,2025-11-05 18:31:13,265,81700.0
PO001151,NCC013,SP0049,2025-11-05 20:06:12,498,114600.0
PO001472,NCC007,SP0196,2025-11-06 03:34:33,617,73300.0
PO002331,NCC019,SP0194,2025-11-06 05:53:30,598,97100.0
PO000941,NCC006,SP0189,2025-11-06 12:44:21,826,81300.0
PO001121,NCC034,SP0007,2025-11-06 20:05:49,466,145800.0
PO001724,NCC020,SP0021,2025-11-07 03:46:40,748,35000.0
PO003157,NCC015,SP0124,2025-11-07 06:47:07,174,52500.0
PO000253,NCC036,SP0031,2025-11-07 12:03:46,696,39000.0
PO001400,NCC010,SP0204,2025-11-07 12:04:14,999,816500.0
PO003006,NCC007,SP0163,2025-11-08 01:58:31,879,104800.0
PO000076,NCC023,SP0130,2025-11-08 04:00:50,698,141300.0
PO000507,NCC018,SP0157,2025-11-08 08:17:35,361,174300.0
PO002162,NCC003,SP0123,2025-11-08 08:32:25,101,168700.0
PO000764,NCC018,SP0108,2025-11-09 00:50:49,421,100500.0
PO002764,NCC018,SP0078,2025-11-09 02:02:09,663,102500.0
PO003159,NCC012,SP0074,2025-11-09 02:41:54,330,721400.0
PO000357,NCC041,SP0186,2025-11-09 14:33:35,768,605000.0
PO001692,NCC008,SP0179,2025-11-09 20:24:00,199,161700.0
PO002702,NCC011,SP0043,2025-11-09 20:39:28,943,160500.0
PO001278,NCC040,SP0169,2025-11-10 02:50:32,950,443800.0
PO002855,NCC008,SP0164,2025-11-10 11:11:38,190,548300.0
PO002233,NCC001,SP0012,2025-11-10 14:24:40,758,90100.0
PO000254,NCC021,SP0002,2025-11-10 15:25:08,524,27900.0
PO002873,NCC012,SP0071,2025-11-10 16:51:34,364,519600.0
PO000258,NCC039,SP0213,2025-11-10 19:05:53,242,25100.0
PO000931,NCC001,SP0079,2025-11-10 20:53:06,811,19100.0
PO000569,NCC033,SP0196,2025-11-10 23:29:27,906,76500.0
PO002489,NCC027,SP0187,2025-11-11 07:04:39,782,140400.0
PO002727,NCC008,SP0094,2025-11-11 14:09:52,325,85600.0
PO000346,NCC006,SP0038,2025-11-11 14:33:30,707,746600.0
PO003266,NCC006,SP0196,2025-11-11 14:50:49,582,78400.0
PO001051,NCC021,SP0211,2025-11-11 20:09:51,122,147800.0
PO002665,NCC042,SP0152,2025-11-11 21:10:54,222,138600.0
PO002987,NCC044,SP0157,2025-11-13 01:17:07,835,173500.0
PO003192,NCC019,SP0051,2025-11-13 03:51:03,507,170200.0
PO000995,NCC044,SP0218,2025-11-13 13:56:49,350,115700.0
PO000147,NCC032,SP0024,2025-11-13 16:13:20,871,60100.0
PO002777,NCC031,SP0195,2025-11-13 17:52:40,172,151700.0
PO003238,NCC037,SP0144,2025-11-13 18:55:19,580,133900.0
PO002947,NCC045,SP0098,2025-11-13 20:48:38,718,64400.0
PO000987,NCC008,SP0013,2025-11-14 06:54:30,779,81100.0
PO003422,NCC038,SP0016,2025-11-15 09:52:37,846,552000.0
PO002640,NCC030,SP0101,2025-11-15 10:51:11,913,228100.0
PO001391,NCC017,SP0014,2025-11-15 15:41:02,584,474000.0
PO001917,NCC038,SP0081,2025-11-15 19:06:19,881,31000.0
PO000902,NCC040,SP0187,2025-11-15 21:37:57,211,116100.0
PO001302,NCC026,SP0140,2025-11-15 21:49:47,981,165200.0
PO001845,NCC025,SP0100,2025-11-16 02:03:11,313,171400.0
PO003375,NCC022,SP0092,2025-11-16 05:26:21,495,30600.0
PO001024,NCC037,SP0032,2025-11-16 15:14:36,412,111500.0
PO002427,NCC031,SP0186,2025-11-16 22:24:02,546,656100.0
PO002302,NCC039,SP0002,2025-11-17 00:28:30,911,26900.0
PO003031,NCC007,SP0136,2025-11-17 01:47:44,780,662700.0
PO002426,NCC033,SP0031,2025-11-17 18:26:55,145,42700.0
PO003189,NCC024,SP0066,2025-11-17 19:25:28,830,313000.0
PO002404,NCC040,SP0105,2025-11-18 02:54:28,669,131400.0
PO000919,NCC022,SP0178,2025-11-18 04:35:28,280,151900.0
PO003151,NCC043,SP0042,2025-11-18 09:22:42,688,101400.0
PO000207,NCC025,SP0010,2025-11-18 13:48:01,525,558000.0
PO002594,NCC028,SP0106,2025-11-19 08:43:56,386,152200.0
PO002428,NCC010,SP0118,2025-11-20 02:10:25,176,110400.0
PO002871,NCC032,SP0040,2025-11-20 04:37:37,401,146100.0
PO000268,NCC015,SP0212,2025-11-20 12:20:17,726,168300.0
PO001872,NCC012,SP0097,2025-11-20 15:21:14,513,59700.0
PO003494,NCC023,SP0162,2025-11-20 16:33:37,740,120700.0
PO000055,NCC035,SP0084,2025-11-20 20:08:34,237,80800.0
PO000159,NCC032,SP0009,2025-11-21 00:24:36,559,342600.0
PO000948,NCC023,SP0064,2025-11-21 02:05:56,58,130600.0
PO001170,NCC025,SP0199,2025-11-21 09:32:09,42,91500.0
PO001998,NCC042,SP0002,2025-11-21 18:36:30,838,24300.0
PO003396,NCC005,SP0123,2025-11-21 21:24:16,570,159500.0
PO003145,NCC023,SP0196,2025-11-21 23:33:07,344,75400.0
PO001367,NCC003,SP0091,2025-11-22 02:42:01,370,43500.0
PO003463,NCC034,SP0124,2025-11-22 07:52:26,548,45600.0
PO002274,NCC019,SP0036,2025-11-22 09:36:28,531,156200.0
PO000110,NCC014,SP0120,2025-11-22 10:03:54,85,101100.0
PO000459,NCC045,SP0007,2025-11-22 20:16:46,579,140900.0
PO003283,NCC003,SP0174,2025-11-23 07:33:51,600,460100.0
PO001318,NCC038,SP0091,2025-11-23 18:00:47,36,48600.0
PO002448,NCC013,SP0050,2025-11-24 02:21:03,530,483900.0
PO002964,NCC035,SP0111,2025-11-24 06:03:35,781,40900.0
PO002396,NCC023,SP0122,2025-11-24 06:28:01,897,73500.0
PO000058,NCC015,SP0081,2025-11-24 13:21:59,432,33300.0
PO002114,NCC037,SP0064,2025-11-24 14:44:06,300,118900.0
PO001222,NCC035,SP0166,2025-11-24 18:00:50,697,214100.0
PO001179,NCC044,SP0178,2025-11-25 01:02:39,23,139300.0
PO003308,NCC030,SP0158,2025-11-25 03:22:58,421,94600.0
PO003453,NCC015,SP0190,2025-11-25 07:55:50,343,29400.0
PO002219,NCC039,SP0124,2025-11-25 11:37:48,414,40100.0
PO003429,NCC044,SP0125,2025-11-25 14:51:51,876,138000.0
PO001550,NCC027,SP0069,2025-11-25 16:45:11,900,39300.0
PO000281,NCC012,SP0044,2025-11-25 18:23:10,482,822900.0
PO001760,NCC019,SP0015,2025-11-25 20:47:11,362,63300.0
PO001941,NCC038,SP0096,2025-11-26 09:49:20,771,41600.0
PO001084,NCC029,SP0077,2025-11-26 10:52:37,499,97000.0
PO001970,NCC032,SP0078,2025-11-26 11:32:47,938,116000.0
PO000069,NCC015,SP0079,2025-11-26 13:23:12,959,20400.0
PO000464,NCC042,SP0039,2025-11-26 19:54:40,724,14000.0
PO001519,NCC009,SP0051,2025-11-26 20:19:27,371,161100.0
PO000005,NCC039,SP0046,2025-11-26 20:32:29,973,24800.0
PO000192,NCC035,SP0074,2025-11-27 06:58:05,836,624200.0
PO000111,NCC003,SP0008,2025-11-27 10:52:02,431,910800.0
PO001584,NCC007,SP0149,2025-11-27 11:23:53,50,733700.0
PO001271,NCC024,SP0114,2025-11-27 16:09:50,488,62200.0
PO000332,NCC001,SP0155,2025-11-27 16:41:22,51,179700.0
PO000586,NCC007,SP0204,2025-11-27 19:03:04,200,871300.0
PO000788,NCC042,SP0058,2025-11-28 05:25:07,153,30800.0
PO003223,NCC041,SP0030,2025-11-28 09:34:44,551,576500.0
PO002113,NCC040,SP0175,2025-11-28 11:19:07,450,21100.0
PO001067,NCC014,SP0032,2025-11-28 14:20:49,484,106100.0
PO003081,NCC038,SP0037,2025-11-28 19:02:37,931,112200.0
PO000990,NCC030,SP0160,2025-11-29 06:25:06,828,50200.0
PO000579,NCC005,SP0173,2025-11-29 14:45:50,580,89200.0
PO003294,NCC020,SP0159,2025-11-29 23:46:29,785,386400.0
PO002555,NCC032,SP0026,2025-11-30 01:30:21,949,59200.0
PO001624,NCC013,SP0009,2025-11-30 15:57:30,742,300500.0
PO003042,NCC030,SP0088,2025-12-01 08:13:56,123,70200.0
PO000164,NCC019,SP0148,2025-12-01 11:08:45,980,35200.0
PO002210,NCC044,SP0192,2025-12-01 18:34:10,148,318300.0
PO002978,NCC034,SP0208,2025-12-02 01:43:36,280,66100.0
PO002124,NCC020,SP0122,2025-12-02 08:43:45,322,75700.0
PO000116,NCC031,SP0095,2025-12-02 09:32:11,881,49900.0
PO003365,NCC007,SP0053,2025-12-02 13:18:37,221,127900.0
PO003289,NCC014,SP0138,2025-12-03 02:09:31,701,22800.0
PO000816,NCC016,SP0112,2025-12-03 07:34:11,127,105200.0
PO003244,NCC040,SP0142,2025-12-03 14:05:12,938,334500.0
PO002895,NCC008,SP0008,2025-12-03 20:02:22,444,893100.0
PO002656,NCC001,SP0189,2025-12-04 09:00:09,173,88300.0
PO001516,NCC013,SP0045,2025-12-04 16:25:04,883,125200.0
PO003351,NCC001,SP0134,2025-12-04 19:15:20,853,111900.0
PO002498,NCC025,SP0166,2025-12-04 19:22:17,80,198900.0
PO002102,NCC039,SP0014,2025-12-05 02:09:16,61,478800.0
PO001301,NCC008,SP0200,2025-12-05 06:29:48,934,268900.0
PO003136,NCC004,SP0183,2025-12-05 07:42:02,396,94200.0
PO001989,NCC012,SP0083,2025-12-05 08:41:40,621,47000.0
PO002601,NCC037,SP0119,2025-12-05 09:35:27,502,136300.0
PO002633,NCC040,SP0118,2025-12-05 11:33:28,137,135500.0
PO000522,NCC026,SP0024,2025-12-05 13:51:48,834,60600.0
PO003285,NCC001,SP0213,2025-12-05 16:52:53,599,24500.0
PO003215,NCC010,SP0161,2025-12-05 19:09:25,748,57000.0
PO001040,NCC011,SP0110,2025-12-06 09:49:38,210,42100.0
PO001090,NCC003,SP0116,2025-12-06 20:19:38,330,396100.0
PO000704,NCC001,SP0150,2025-12-06 23:59:44,734,117900.0
PO002116,NCC019,SP0195,2025-12-07 10:28:58,751,163300.0
PO001231,NCC018,SP0206,2025-12-07 11:13:17,496,37500.0
PO000109,NCC024,SP0069,2025-12-07 15:54:23,848,44300.0
PO001210,NCC019,SP0159,2025-12-07 20:24:18,888,463700.0
PO000818,NCC034,SP0153,2025-12-08 01:08:04,203,108800.0
PO003179,NCC038,SP0018,2025-12-09 04:27:47,179,591800.0
PO002607,NCC038,SP0212,2025-12-09 09:02:55,142,125500.0
PO002754,NCC041,SP0060,2025-12-09 11:48:43,130,20300.0
PO003446,NCC015,SP0150,2025-12-09 16:03:56,685,119100.0
PO002156,NCC032,SP0067,2025-12-10 14:12:23,534,11500.0
PO001621,NCC007,SP0113,2025-12-10 21:12:40,591,113000.0
PO002976,NCC004,SP0007,2025-12-11 04:30:47,277,163600.0
PO001083,NCC032,SP0122,2025-12-11 05:07:54,774,78800.0
PO003464,NCC012,SP0039,2025-12-11 07:52:50,387,14500.0
PO002878,NCC011,SP0009,2025-12-11 13:43:18,693,260500.0
PO003183,NCC030,SP0195,2025-12-12 02:41:39,766,124700.0
PO000452,NCC044,SP0111,2025-12-12 04:29:11,900,39900.0
PO002838,NCC018,SP0054,2025-12-12 07:29:19,544,93400.0
PO000461,NCC008,SP0092,2025-12-12 08:18:34,252,30000.0
PO002414,NCC021,SP0130,2025-12-12 15:19:50,594,128600.0
PO002793,NCC042,SP0021,2025-12-13 02:09:50,682,37000.0
PO001962,NCC035,SP0135,2025-12-13 10:24:51,934,685100.0
PO002144,NCC002,SP0155,2025-12-14 00:43:06,142,142500.0
PO000508,NCC040,SP0042,2025-12-14 19:18:32,756,106000.0
PO000136,NCC031,SP0153,2025-12-14 22:14:24,714,108400.0
PO000495,NCC027,SP0098,2025-12-15 01:37:56,119,76000.0
PO002758,NCC008,SP0121,2025-12-15 02:40:24,137,118700.0
PO002099,NCC037,SP0204,2025-12-15 14:50:02,508,781100.0
PO001711,NCC021,SP0019,2025-12-15 21:06:59,39,115000.0
PO002321,NCC044,SP0080,2025-12-15 22:23:42,351,112400.0
PO001380,NCC029,SP0130,2025-12-16 05:10:25,316,164100.0
PO000837,NCC013,SP0020,2025-12-16 12:26:25,881,70900.0
PO001703,NCC037,SP0196,2025-12-16 15:29:00,531,77600.0
PO003262,NCC019,SP0070,2025-12-16 18:47:57,604,91700.0
PO002036,NCC023,SP0204,2025-12-16 22:04:09,47,753600.0
PO001320,NCC038,SP0069,2025-12-17 10:00:35,787,34100.0
PO002225,NCC029,SP0054,2025-12-17 17:47:19,951,70500.0
PO002343,NCC029,SP0017,2025-12-18 01:09:52,599,38800.0
PO002724,NCC016,SP0039,2025-12-18 04:30:44,827,14400.0
PO001014,NCC003,SP0215,2025-12-18 04:34:25,35,66100.0
PO003102,NCC043,SP0116,2025-12-18 05:15:30,20,391100.0
PO000626,NCC039,SP0140,2025-12-18 09:49:00,942,173100.0
PO000942,NCC006,SP0128,2025-12-18 13:45:18,271,150400.0
PO002776,NCC016,SP0214,2025-12-18 14:12:16,913,38000.0
PO001647,NCC039,SP0140,2025-12-18 15:48:02,395,159700.0
PO000434,NCC011,SP0183,2025-12-18 16:28:21,734,81300.0
PO001855,NCC026,SP0146,2025-12-19 04:47:41,90,69400.0
PO003436,NCC029,SP0110,2025-12-19 05:35:32,550,39800.0
PO001599,NCC016,SP0161,2025-12-19 06:02:39,426,64500.0
PO001795,NCC015,SP0100,2025-12-19 08:53:55,686,125900.0
PO001837,NCC031,SP0042,2025-12-19 13:27:11,570,97500.0
PO000836,NCC019,SP0180,2025-12-19 15:59:49,880,697000.0
PO000309,NCC043,SP0179,2025-12-19 17:59:52,631,143500.0
PO001826,NCC023,SP0219,2025-12-19 19:44:31,43,34500.0
PO002375,NCC008,SP0119,2025-12-19 20:17:10,943,155600.0
PO001702,NCC031,SP0117,2025-12-19 23:19:24,356,31800.0
PO001276,NCC011,SP0184,2025-12-20 01:51:28,112,120200.0
PO002018,NCC007,SP0039,2025-12-20 13:40:52,706,15400.0
PO002222,NCC001,SP0155,2025-12-20 15:34:26,355,151200.0
PO000631,NCC013,SP0096,2025-12-20 16:31:43,713,42800.0
PO001119,NCC031,SP0219,2025-12-20 18:31:27,853,42200.0
PO002350,NCC028,SP0008,2025-12-20 18:57:46,258,800500.0
PO000544,NCC012,SP0098,2025-12-20 21:34:05,609,84600.0
PO000107,NCC030,SP0065,2025-12-21 08:22:07,251,608700.0
PO002030,NCC007,SP0047,2025-12-21 17:08:43,929,84600.0
PO001082,NCC018,SP0206,2025-12-21 19:39:16,201,38800.0
PO002420,NCC021,SP0185,2025-12-21 20:08:42,438,21400.0
PO002667,NCC034,SP0217,2025-12-21 23:06:53,85,130100.0
PO000817,NCC023,SP0111,2025-12-22 07:13:37,808,38800.0
PO001137,NCC039,SP0114,2025-12-22 19:25:16,59,54700.0
PO001767,NCC017,SP0094,2025-12-22 22:18:48,81,83800.0
PO000106,NCC037,SP0210,2025-12-23 03:08:53,977,19800.0
PO000575,NCC039,SP0190,2025-12-23 14:55:06,173,32100.0
PO001109,NCC045,SP0050,2025-12-23 16:48:09,736,442600.0
PO002365,NCC012,SP0188,2025-12-23 17:13:57,180,111300.0
PO002998,NCC023,SP0022,2025-12-23 20:56:18,697,845000.0
PO001907,NCC031,SP0074,2025-12-23 22:55:30,564,822900.0
PO001665,NCC005,SP0034,2025-12-24 00:22:05,234,157000.0
PO002918,NCC008,SP0064,2025-12-24 12:46:24,214,125900.0
PO003420,NCC016,SP0185,2025-12-24 14:44:37,560,19900.0
PO002833,NCC011,SP0014,2025-12-25 01:24:29,301,499400.0
PO000199,NCC036,SP0017,2025-12-25 01:44:32,180,38300.0
PO002874,NCC033,SP0077,2025-12-25 05:43:50,108,91300.0
PO000597,NCC016,SP0035,2025-12-25 11:47:19,855,543000.0
PO002590,NCC030,SP0137,2025-12-25 11:55:11,925,615200.0
PO002804,NCC023,SP0219,2025-12-25 13:36:56,535,40500.0
PO000991,NCC027,SP0012,2025-12-25 20:40:09,534,112700.0
PO001193,NCC024,SP0076,2025-12-25 21:32:08,59,52700.0
PO002778,NCC007,SP0114,2025-12-26 01:45:33,576,65000.0
PO002606,NCC004,SP0161,2025-12-26 01:46:03,248,62300.0
PO000581,NCC027,SP0161,2025-12-26 03:22:16,618,59600.0
PO001288,NCC004,SP0063,2025-12-26 08:01:38,476,56900.0
PO002536,NCC008,SP0060,2025-12-26 19:12:44,879,21900.0
PO001503,NCC018,SP0170,2025-12-26 19:52:18,332,164000.0
PO003227,NCC022,SP0155,2025-12-27 01:34:58,619,164000.0
PO002815,NCC013,SP0200,2025-12-27 04:46:58,259,285100.0
PO001727,NCC001,SP0205,2025-12-27 07:40:02,548,265000.0
PO001022,NCC035,SP0134,2025-12-27 10:41:09,122,91000.0
PO000089,NCC042,SP0132,2025-12-27 18:46:13,980,292600.0
PO003119,NCC034,SP0122,2025-12-27 22:25:12,57,91900.0
PO003166,NCC035,SP0014,2025-12-28 07:46:46,975,486100.0
PO000799,NCC019,SP0207,2025-12-28 23:59:51,792,21300.0
PO002500,NCC026,SP0091,2025-12-29 02:02:20,781,45300.0
PO001235,NCC015,SP0155,2025-12-29 12:37:19,748,147200.0
PO002158,NCC028,SP0070,2025-12-29 20:15:58,399,103200.0
PO001145,NCC033,SP0001,2025-12-29 23:01:37,986,30000.0
PO003450,NCC026,SP0047,2025-12-30 14:43:20,685,97900.0
PO003000,NCC017,SP0097,2025-12-30 21:08:24,629,58700.0
PO000886,NCC017,SP0211,2025-12-30 21:55:42,493,150300.0
PO002582,NCC025,SP0202,2025-12-31 00:40:29,361,297100.0
PO002178,NCC001,SP0091,2025-12-31 04:01:20,114,47000.0
PO000541,NCC016,SP0200,2025-12-31 20:27:30,575,292900.0
PO000845,NCC004,SP0143,2026-01-01 12:16:48,434,82900.0
PO002694,NCC014,SP0178,2026-01-01 16:47:04,161,117000.0
PO003405,NCC026,SP0095,2026-01-01 17:30:27,323,62000.0
PO000460,NCC033,SP0009,2026-01-01 19:58:12,439,258900.0
PO002006,NCC024,SP0132,2026-01-01 22:58:19,153,294900.0
PO002628,NCC009,SP0155,2026-01-01 23:26:14,833,136700.0
PO000515,NCC035,SP0098,2026-01-01 23:51:43,224,81300.0
PO002364,NCC033,SP0088,2026-01-02 00:56:08,840,54900.0
PO001337,NCC022,SP0011,2026-01-02 10:48:27,489,26100.0
PO000549,NCC008,SP0010,2026-01-02 19:11:31,798,531300.0
PO003018,NCC011,SP0192,2026-01-03 07:28:19,651,322900.0
PO003466,NCC004,SP0062,2026-01-03 08:21:21,171,141600.0
PO001396,NCC038,SP0076,2026-01-03 14:39:20,986,68800.0
PO002324,NCC027,SP0134,2026-01-03 20:28:34,79,96100.0
PO000670,NCC041,SP0184,2026-01-04 03:53:35,922,141900.0
PO001229,NCC030,SP0149,2026-01-04 06:51:22,355,828500.0
PO001776,NCC029,SP0027,2026-01-04 12:47:07,909,52500.0
PO000851,NCC006,SP0106,2026-01-04 14:17:31,632,112800.0
PO001152,NCC017,SP0163,2026-01-04 17:57:43,158,113700.0
PO002803,NCC045,SP0075,2026-01-04 18:54:00,177,77700.0
PO000421,NCC011,SP0158,2026-01-04 20:29:01,638,100900.0
PO003121,NCC027,SP0166,2026-01-04 23:58:56,858,211600.0
PO003236,NCC028,SP0196,2026-01-05 05:53:56,905,67500.0
PO003249,NCC023,SP0194,2026-01-05 12:19:36,963,88500.0
PO003144,NCC027,SP0088,2026-01-05 14:55:19,832,55800.0
PO002909,NCC012,SP0190,2026-01-05 22:21:02,354,30100.0
PO002237,NCC014,SP0197,2026-01-06 01:32:03,689,520900.0
PO003025,NCC033,SP0149,2026-01-06 07:43:37,169,851200.0
PO000313,NCC032,SP0218,2026-01-06 20:47:20,131,87200.0
PO001130,NCC025,SP0156,2026-01-07 00:16:27,867,87100.0
PO003311,NCC036,SP0103,2026-01-07 03:07:39,867,155400.0
PO002493,NCC028,SP0169,2026-01-07 03:29:33,963,472300.0
PO000747,NCC001,SP0029,2026-01-07 05:59:12,922,149000.0
PO000429,NCC037,SP0142,2026-01-07 08:58:41,690,337200.0
PO000160,NCC004,SP0040,2026-01-07 12:35:58,343,142200.0
PO000997,NCC017,SP0124,2026-01-07 16:21:47,118,55800.0
PO002687,NCC022,SP0110,2026-01-07 16:38:31,976,42400.0
PO002312,NCC037,SP0063,2026-01-07 20:08:53,972,64500.0
PO000627,NCC023,SP0162,2026-01-08 00:19:00,736,113800.0
PO000473,NCC027,SP0086,2026-01-08 05:55:34,140,127400.0
PO001418,NCC033,SP0087,2026-01-08 09:55:03,538,92800.0
PO002416,NCC030,SP0190,2026-01-08 13:20:32,692,30100.0
PO001305,NCC041,SP0085,2026-01-08 13:27:49,730,77300.0
PO003391,NCC045,SP0064,2026-01-08 15:02:33,474,120200.0
PO002101,NCC018,SP0108,2026-01-08 21:24:17,121,102400.0
PO000221,NCC022,SP0144,2026-01-09 02:25:00,765,131900.0
PO003272,NCC040,SP0112,2026-01-09 19:32:09,165,109700.0
PO000220,NCC015,SP0220,2026-01-09 21:27:23,606,43500.0
PO002360,NCC040,SP0095,2026-01-10 08:55:01,570,66900.0
PO002887,NCC011,SP0063,2026-01-10 09:38:39,288,56300.0
PO002012,NCC043,SP0204,2026-01-10 10:00:37,219,769900.0
PO002140,NCC013,SP0020,2026-01-10 12:30:37,143,64300.0
PO001871,NCC019,SP0100,2026-01-10 15:31:16,871,177200.0
PO003085,NCC009,SP0011,2026-01-10 17:30:26,76,28200.0
PO000965,NCC031,SP0213,2026-01-10 20:03:56,311,24400.0
PO002822,NCC020,SP0203,2026-01-10 23:41:46,277,628100.0
PO001037,NCC006,SP0072,2026-01-11 00:45:20,879,433200.0
PO001099,NCC012,SP0123,2026-01-11 05:04:02,28,133600.0
PO000176,NCC041,SP0125,2026-01-11 07:50:50,650,146800.0
PO002226,NCC008,SP0126,2026-01-11 09:05:40,907,72100.0
PO000691,NCC037,SP0046,2026-01-11 09:40:54,443,26100.0
PO000441,NCC033,SP0219,2026-01-11 10:27:24,979,36300.0
PO002904,NCC020,SP0149,2026-01-11 18:06:42,798,742800.0
PO002402,NCC025,SP0155,2026-01-11 22:15:15,44,160500.0
PO003330,NCC034,SP0209,2026-01-12 01:14:48,66,76700.0
PO002626,NCC030,SP0085,2026-01-12 15:07:21,166,56300.0
PO001218,NCC026,SP0194,2026-01-12 19:50:25,289,94300.0
PO003047,NCC003,SP0176,2026-01-12 23:54:27,868,94400.0
PO002299,NCC008,SP0115,2026-01-13 03:38:44,979,23200.0
PO000365,NCC003,SP0014,2026-01-13 07:37:53,354,451400.0
PO002672,NCC040,SP0054,2026-01-13 10:15:48,63,89400.0
PO001798,NCC019,SP0089,2026-01-13 16:52:25,86,115600.0
PO000363,NCC005,SP0203,2026-01-14 09:26:25,962,709400.0
PO002112,NCC008,SP0037,2026-01-14 18:23:57,226,90900.0
PO002681,NCC002,SP0095,2026-01-14 23:17:38,559,55100.0
PO003483,NCC015,SP0020,2026-01-15 12:50:00,828,57700.0
PO002440,NCC042,SP0050,2026-01-15 15:03:38,773,395600.0
PO000238,NCC038,SP0100,2026-01-15 15:06:45,450,138500.0
PO000552,NCC026,SP0044,2026-01-15 17:52:08,927,800000.0
PO000726,NCC031,SP0039,2026-01-16 10:00:27,993,14600.0
PO000366,NCC025,SP0203,2026-01-16 15:41:12,719,628200.0
PO000725,NCC007,SP0079,2026-01-16 16:37:33,313,20900.0
PO001110,NCC023,SP0087,2026-01-16 18:28:20,197,101200.0
PO002591,NCC041,SP0027,2026-01-16 18:33:08,223,52800.0
PO000121,NCC005,SP0140,2026-01-16 20:49:36,923,140100.0
PO003170,NCC036,SP0169,2026-01-18 10:11:05,108,538900.0
PO001866,NCC036,SP0106,2026-01-19 06:14:46,981,146900.0
PO000951,NCC008,SP0184,2026-01-19 07:48:05,545,149400.0
PO000307,NCC033,SP0040,2026-01-19 10:25:32,286,115900.0
PO002805,NCC009,SP0120,2026-01-19 13:13:58,685,81200.0
PO000194,NCC006,SP0016,2026-01-19 17:19:36,255,514900.0
PO000889,NCC032,SP0081,2026-01-20 11:38:04,176,32700.0
PO003454,NCC020,SP0002,2026-01-20 13:16:59,142,27300.0
PO000677,NCC041,SP0179,2026-01-20 17:23:05,90,165200.0
PO002206,NCC038,SP0170,2026-01-20 17:23:31,318,149600.0
PO003242,NCC002,SP0181,2026-01-21 05:47:51,330,451800.0
PO001783,NCC035,SP0187,2026-01-21 06:03:25,404,146700.0
PO002813,NCC015,SP0144,2026-01-21 09:43:43,469,111700.0
PO001214,NCC019,SP0113,2026-01-21 17:57:51,941,98800.0
PO002267,NCC031,SP0089,2026-01-21 19:48:46,948,117600.0
PO000658,NCC005,SP0139,2026-01-21 20:22:31,861,107600.0
PO000472,NCC007,SP0199,2026-01-21 21:05:12,438,99100.0
PO002455,NCC016,SP0149,2026-01-22 02:43:48,361,870100.0
PO001646,NCC004,SP0080,2026-01-22 09:24:52,869,117000.0
PO000443,NCC030,SP0162,2026-01-22 14:30:25,668,122300.0
PO002770,NCC031,SP0072,2026-01-22 17:14:32,544,442900.0
PO003247,NCC020,SP0009,2026-01-22 23:40:39,442,314600.0
PO002897,NCC008,SP0139,2026-01-23 08:00:39,373,117000.0
PO001615,NCC010,SP0080,2026-01-23 09:10:35,830,101700.0
PO000980,NCC028,SP0196,2026-01-23 10:00:56,126,80900.0
PO001079,NCC023,SP0006,2026-01-23 17:49:18,180,598900.0
PO001663,NCC033,SP0113,2026-01-24 06:20:01,41,112400.0
PO002193,NCC036,SP0161,2026-01-24 13:46:50,689,60300.0
PO002729,NCC019,SP0102,2026-01-24 14:56:50,816,520600.0
PO000427,NCC030,SP0137,2026-01-24 23:46:41,613,544200.0
PO000316,NCC035,SP0173,2026-01-25 03:40:13,899,90900.0
PO003184,NCC030,SP0115,2026-01-25 10:51:08,997,21200.0
PO001097,NCC039,SP0111,2026-01-25 22:01:47,974,41500.0
PO001794,NCC014,SP0100,2026-01-26 03:37:01,495,168500.0
PO000610,NCC031,SP0189,2026-01-26 15:24:19,511,91200.0
PO001509,NCC010,SP0047,2026-01-26 17:33:18,306,92900.0
PO002335,NCC035,SP0154,2026-01-27 02:00:36,353,25000.0
PO002282,NCC031,SP0112,2026-01-27 03:47:21,653,82900.0
PO002604,NCC045,SP0074,2026-01-27 11:22:08,967,640000.0
PO001859,NCC029,SP0149,2026-01-27 15:33:58,927,784400.0
PO000156,NCC005,SP0102,2026-01-27 16:43:29,397,542800.0
PO002507,NCC043,SP0158,2026-01-28 02:10:08,487,88300.0
PO002031,NCC029,SP0035,2026-01-28 04:53:07,599,559300.0
PO002605,NCC028,SP0165,2026-01-28 06:11:43,777,23500.0
PO003014,NCC016,SP0145,2026-01-28 07:20:27,953,94100.0
PO003393,NCC012,SP0032,2026-01-28 07:53:05,170,107200.0
PO000143,NCC021,SP0072,2026-01-28 12:29:57,874,385700.0
PO002983,NCC032,SP0194,2026-01-28 13:09:35,403,83000.0
PO002439,NCC009,SP0015,2026-01-28 13:29:29,539,67600.0
PO003203,NCC030,SP0129,2026-01-28 16:03:57,174,151200.0
PO002521,NCC038,SP0166,2026-01-28 21:26:34,578,195800.0
PO000736,NCC009,SP0010,2026-01-28 22:11:39,169,559600.0
PO002259,NCC030,SP0104,2026-01-28 22:38:13,193,667400.0
PO000619,NCC023,SP0191,2026-01-29 02:37:41,925,36100.0
PO002814,NCC003,SP0077,2026-01-29 08:40:47,84,113800.0
PO000449,NCC036,SP0038,2026-01-29 13:24:45,245,723700.0
PO001191,NCC045,SP0168,2026-01-29 14:45:50,411,19200.0
PO000287,NCC024,SP0122,2026-01-29 15:01:14,101,91500.0
PO002127,NCC001,SP0152,2026-01-29 15:56:24,835,133300.0
PO000754,NCC008,SP0135,2026-01-29 18:24:13,573,724600.0
PO002755,NCC035,SP0108,2026-01-29 18:27:40,751,104600.0
PO001700,NCC020,SP0209,2026-01-30 04:03:22,377,83400.0
PO000376,NCC029,SP0156,2026-01-30 12:26:02,877,59300.0
PO001904,NCC045,SP0036,2026-01-30 17:45:00,440,172900.0
PO002213,NCC022,SP0009,2026-01-30 18:41:20,234,282700.0
PO000730,NCC001,SP0054,2026-01-30 20:56:21,741,74400.0
PO002314,NCC029,SP0139,2026-01-30 23:36:18,208,152900.0
PO001457,NCC019,SP0048,2026-01-31 03:30:45,155,43600.0
PO001483,NCC005,SP0212,2026-01-31 08:36:39,201,172400.0
PO001750,NCC015,SP0113,2026-01-31 13:33:58,237,104500.0
PO002298,NCC015,SP0104,2026-01-31 16:50:25,79,787100.0
PO003017,NCC043,SP0069,2026-01-31 17:02:32,615,37100.0
PO001001,NCC029,SP0089,2026-01-31 18:25:44,853,116200.0
PO002264,NCC036,SP0118,2026-01-31 21:18:07,137,130700.0
PO003377,NCC039,SP0025,2026-02-01 09:13:55,456,23000.0
PO001244,NCC044,SP0051,2026-02-01 11:41:20,778,176800.0
PO000672,NCC003,SP0151,2026-02-01 16:17:06,219,143600.0
PO003035,NCC021,SP0115,2026-02-02 05:50:29,317,20900.0
PO000908,NCC027,SP0064,2026-02-02 06:05:25,677,106000.0
PO001078,NCC020,SP0010,2026-02-02 09:17:16,918,588000.0
PO002990,NCC032,SP0134,2026-02-02 15:56:14,84,106700.0
PO002218,NCC042,SP0217,2026-02-02 22:41:12,839,149800.0
PO002025,NCC017,SP0052,2026-02-03 12:06:09,857,27500.0
PO001502,NCC041,SP0161,2026-02-04 00:11:24,887,61100.0
PO001053,NCC015,SP0022,2026-02-04 00:36:37,937,676600.0
PO002787,NCC001,SP0156,2026-02-04 03:20:14,537,67300.0
PO001007,NCC017,SP0173,2026-02-04 06:49:04,591,88500.0
PO002017,NCC032,SP0071,2026-02-04 10:16:58,487,448300.0
PO001994,NCC013,SP0087,2026-02-04 19:39:08,823,122500.0
PO002234,NCC044,SP0066,2026-02-05 03:55:26,814,325000.0
PO000339,NCC024,SP0176,2026-02-05 12:31:00,368,71000.0
PO000986,NCC040,SP0145,2026-02-06 02:01:45,198,102300.0
PO000205,NCC025,SP0072,2026-02-06 06:19:25,753,380300.0
PO002086,NCC028,SP0208,2026-02-06 09:32:25,263,79200.0
PO000064,NCC031,SP0073,2026-02-06 10:31:05,599,62500.0
PO000505,NCC044,SP0052,2026-02-06 12:48:19,678,27600.0
PO001739,NCC015,SP0219,2026-02-06 16:12:48,81,37200.0
PO001274,NCC010,SP0071,2026-02-06 19:11:05,61,535600.0
PO002077,NCC004,SP0059,2026-02-07 12:06:06,911,499400.0
PO001491,NCC003,SP0066,2026-02-07 12:19:35,544,305100.0
PO001102,NCC015,SP0101,2026-02-07 14:22:58,276,222300.0
PO002176,NCC007,SP0057,2026-02-07 21:39:41,101,151100.0
PO002526,NCC033,SP0174,2026-02-07 22:38:51,202,549800.0
PO001033,NCC014,SP0114,2026-02-08 00:45:03,770,53100.0
PO000679,NCC016,SP0017,2026-02-08 00:57:18,751,35800.0
PO001867,NCC012,SP0217,2026-02-08 11:51:15,715,176500.0
PO003320,NCC012,SP0186,2026-02-08 15:51:57,115,551300.0
PO003169,NCC024,SP0132,2026-02-08 16:55:34,610,255800.0
PO002252,NCC041,SP0212,2026-02-09 03:36:06,855,129200.0
PO001447,NCC020,SP0190,2026-02-09 04:08:51,569,30400.0
PO002684,NCC029,SP0184,2026-02-09 04:46:13,872,174100.0
PO000127,NCC010,SP0217,2026-02-09 06:53:05,165,166900.0
PO000763,NCC028,SP0047,2026-02-09 14:15:30,808,104500.0
PO003071,NCC004,SP0005,2026-02-09 18:25:24,647,168400.0
PO002595,NCC018,SP0085,2026-02-10 08:39:02,507,67600.0
PO002841,NCC012,SP0072,2026-02-10 14:25:30,918,422900.0
PO002569,NCC008,SP0136,2026-02-10 15:34:35,294,500400.0
PO003198,NCC031,SP0110,2026-02-10 19:21:05,753,41800.0
PO000804,NCC016,SP0199,2026-02-10 19:46:26,911,100600.0
PO003475,NCC034,SP0008,2026-02-11 05:23:53,993,828200.0
PO000212,NCC015,SP0077,2026-02-11 09:59:25,220,97200.0
PO001213,NCC015,SP0087,2026-02-11 15:03:43,721,122500.0
PO002538,NCC016,SP0068,2026-02-11 18:58:53,548,39000.0
PO001371,NCC006,SP0180,2026-02-12 01:51:08,529,789600.0
PO000256,NCC021,SP0084,2026-02-12 14:45:48,532,84700.0
PO002961,NCC021,SP0170,2026-02-12 16:49:39,428,122500.0
PO002971,NCC022,SP0149,2026-02-13 00:34:41,582,674200.0
PO000950,NCC014,SP0002,2026-02-13 09:54:26,973,26300.0
PO001247,NCC023,SP0102,2026-02-13 14:22:24,966,582300.0
PO002557,NCC034,SP0157,2026-02-13 18:51:48,198,188400.0
PO001362,NCC020,SP0219,2026-02-14 12:32:10,673,46300.0
PO000493,NCC005,SP0114,2026-02-14 18:57:18,344,63000.0
PO003334,NCC019,SP0122,2026-02-14 19:10:23,822,74500.0
PO001469,NCC041,SP0181,2026-02-14 23:27:34,948,423700.0
PO003052,NCC001,SP0189,2026-02-15 02:31:36,913,95200.0
PO002430,NCC013,SP0217,2026-02-15 05:13:29,750,138600.0
PO002121,NCC017,SP0159,2026-02-15 10:53:31,601,432000.0
PO003222,NCC007,SP0166,2026-02-15 15:17:02,205,203400.0
PO002616,NCC022,SP0118,2026-02-16 09:17:53,726,122700.0
PO000422,NCC025,SP0218,2026-02-16 15:01:21,981,95800.0
PO001313,NCC039,SP0199,2026-02-16 21:54:14,100,79500.0
PO000884,NCC044,SP0077,2026-02-17 00:04:17,416,92400.0
PO003406,NCC042,SP0088,2026-02-17 03:23:11,950,56400.0
PO002189,NCC027,SP0205,2026-02-17 05:23:00,659,323700.0
PO001774,NCC014,SP0179,2026-02-17 06:27:51,46,165600.0
PO000571,NCC044,SP0045,2026-02-17 06:57:46,817,127600.0
PO000660,NCC036,SP0073,2026-02-17 13:36:47,714,74600.0
PO001128,NCC001,SP0077,2026-02-17 19:12:07,121,76600.0
PO002377,NCC025,SP0040,2026-02-17 20:21:40,438,126800.0
PO003395,NCC010,SP0178,2026-02-18 05:44:19,299,148500.0
PO000215,NCC009,SP0030,2026-02-18 08:28:32,730,568200.0
PO000262,NCC014,SP0138,2026-02-18 19:14:58,525,24500.0
PO002839,NCC013,SP0081,2026-02-18 19:49:20,87,29900.0
PO000859,NCC039,SP0001,2026-02-19 01:51:16,806,30300.0
PO000046,NCC037,SP0219,2026-02-19 08:21:07,402,32400.0
PO002553,NCC027,SP0080,2026-02-19 16:05:59,635,119300.0
PO002254,NCC015,SP0093,2026-02-19 23:20:36,82,671800.0
PO002255,NCC020,SP0027,2026-02-20 02:49:34,745,43200.0
PO001978,NCC021,SP0103,2026-02-20 08:31:19,520,135600.0
PO002103,NCC003,SP0166,2026-02-20 08:48:15,793,198900.0
PO002485,NCC029,SP0103,2026-02-20 15:44:25,36,133800.0
PO002542,NCC013,SP0184,2026-02-20 15:49:40,184,122700.0
PO002652,NCC013,SP0190,2026-02-20 16:44:16,131,28900.0
PO002313,NCC001,SP0131,2026-02-20 16:47:52,910,29300.0
PO002269,NCC022,SP0091,2026-02-21 11:05:51,631,49700.0
PO003298,NCC008,SP0054,2026-02-21 19:51:00,973,95100.0
PO000063,NCC015,SP0096,2026-02-21 22:27:49,197,44200.0
PO002090,NCC027,SP0058,2026-02-21 22:29:06,257,33000.0
PO003467,NCC042,SP0149,2026-02-21 22:52:46,866,812000.0
PO001042,NCC035,SP0169,2026-02-22 00:42:40,185,539000.0
PO001737,NCC013,SP0082,2026-02-22 02:05:17,638,541700.0
PO003416,NCC014,SP0141,2026-02-22 09:44:42,967,42500.0
PO001407,NCC020,SP0173,2026-02-22 10:26:15,773,97000.0
PO002446,NCC001,SP0067,2026-02-22 17:34:02,128,12600.0
PO002556,NCC008,SP0026,2026-02-22 18:53:08,800,68200.0
PO000073,NCC034,SP0123,2026-02-23 09:52:51,681,144400.0
PO001355,NCC033,SP0154,2026-02-23 14:32:58,459,23300.0
PO001369,NCC025,SP0119,2026-02-24 01:20:40,173,161900.0
PO003394,NCC031,SP0126,2026-02-24 02:47:09,703,69800.0
PO002529,NCC040,SP0170,2026-02-24 14:57:21,48,161800.0
PO003098,NCC005,SP0104,2026-02-24 20:45:58,289,658000.0
PO001197,NCC008,SP0047,2026-02-24 21:13:15,349,87400.0
PO000154,NCC038,SP0215,2026-02-25 10:37:04,724,53000.0
PO001769,NCC009,SP0010,2026-02-25 13:30:13,559,573400.0
PO001526,NCC007,SP0014,2026-02-25 15:01:41,495,458000.0
PO001141,NCC037,SP0098,2026-02-26 00:57:40,135,78300.0
PO001438,NCC007,SP0173,2026-02-26 06:31:40,637,93500.0
PO002635,NCC011,SP0163,2026-02-26 23:38:04,679,101500.0
PO001593,NCC030,SP0134,2026-02-27 01:35:39,796,109200.0
PO000662,NCC014,SP0013,2026-02-27 05:49:24,573,62000.0
PO001245,NCC001,SP0020,2026-02-27 12:01:42,515,61500.0
PO000219,NCC039,SP0203,2026-02-27 16:43:38,330,673100.0
PO003403,NCC002,SP0175,2026-02-27 19:40:20,100,18800.0
PO003066,NCC045,SP0051,2026-02-27 19:48:22,942,135300.0
PO002685,NCC008,SP0004,2026-02-27 22:53:08,295,99500.0
PO000969,NCC022,SP0046,2026-02-28 07:05:34,731,26300.0
PO001227,NCC027,SP0117,2026-02-28 10:18:19,278,34000.0
PO002387,NCC026,SP0017,2026-02-28 13:34:59,364,38700.0
PO002927,NCC018,SP0154,2026-03-01 01:08:16,114,24900.0
PO002856,NCC003,SP0111,2026-03-01 13:34:36,471,38900.0
PO001345,NCC028,SP0022,2026-03-01 17:18:27,712,663700.0
PO001192,NCC044,SP0210,2026-03-01 18:36:41,755,20100.0
PO003059,NCC003,SP0130,2026-03-01 20:39:59,48,133100.0
PO000393,NCC033,SP0115,2026-03-02 01:01:34,962,20400.0
PO000729,NCC020,SP0156,2026-03-02 01:41:05,617,66200.0
PO003421,NCC041,SP0091,2026-03-02 07:40:58,535,46900.0
PO000080,NCC023,SP0022,2026-03-02 08:48:12,427,773100.0
PO001430,NCC023,SP0174,2026-03-02 15:03:18,512,535000.0
PO003409,NCC007,SP0134,2026-03-02 19:23:22,604,93700.0
PO002537,NCC022,SP0110,2026-03-02 21:11:05,518,37900.0
PO000367,NCC009,SP0060,2026-03-03 04:29:02,383,19100.0
PO000835,NCC018,SP0173,2026-03-03 06:31:42,145,77200.0
PO002295,NCC031,SP0104,2026-03-03 10:14:34,308,787800.0
PO003034,NCC010,SP0043,2026-03-03 11:45:46,56,145800.0
PO000458,NCC039,SP0176,2026-03-03 11:50:50,162,91000.0
PO003488,NCC030,SP0051,2026-03-03 13:49:56,946,171800.0
PO002395,NCC008,SP0148,2026-03-03 21:40:03,827,37100.0
PO000692,NCC003,SP0161,2026-03-04 07:47:23,445,64000.0
PO001835,NCC027,SP0074,2026-03-04 09:14:04,715,806200.0
PO000632,NCC014,SP0175,2026-03-04 14:25:40,70,19500.0
PO003253,NCC006,SP0084,2026-03-05 04:36:52,190,100800.0
PO001122,NCC005,SP0201,2026-03-05 04:57:46,185,536600.0
PO001490,NCC023,SP0069,2026-03-05 17:23:11,944,37800.0
PO002939,NCC034,SP0100,2026-03-05 18:16:12,353,154700.0
PO002454,NCC016,SP0208,2026-03-05 22:07:24,299,70100.0
PO001186,NCC026,SP0177,2026-03-06 03:42:40,258,160600.0
PO001435,NCC044,SP0150,2026-03-06 18:21:25,893,109200.0
PO001390,NCC018,SP0193,2026-03-06 18:27:29,67,89700.0
PO000289,NCC025,SP0023,2026-03-06 21:28:51,75,99100.0
PO001470,NCC008,SP0005,2026-03-06 23:31:03,268,149000.0
PO001343,NCC043,SP0051,2026-03-07 00:50:49,620,152900.0
PO002443,NCC037,SP0158,2026-03-07 15:42:32,132,97700.0
PO000863,NCC029,SP0129,2026-03-07 18:18:32,908,166500.0
PO000271,NCC019,SP0016,2026-03-07 19:43:22,113,522500.0
PO001553,NCC016,SP0156,2026-03-08 00:05:10,302,85500.0
PO000474,NCC038,SP0112,2026-03-08 10:11:41,763,90400.0
PO002308,NCC036,SP0105,2026-03-08 11:08:44,883,119700.0
PO002228,NCC042,SP0138,2026-03-08 13:48:48,277,23100.0
PO001971,NCC014,SP0203,2026-03-08 19:06:08,921,599700.0
PO003368,NCC013,SP0084,2026-03-09 05:23:33,174,107800.0
PO000100,NCC015,SP0022,2026-03-09 10:14:23,22,884600.0
PO000152,NCC004,SP0211,2026-03-09 20:21:50,363,135500.0
PO002512,NCC021,SP0207,2026-03-09 20:30:58,602,19000.0
PO003115,NCC041,SP0028,2026-03-09 23:07:09,763,87700.0
PO002509,NCC041,SP0082,2026-03-10 02:33:02,604,605000.0
PO000044,NCC035,SP0044,2026-03-10 06:04:26,177,891800.0
PO000251,NCC002,SP0053,2026-03-10 14:53:26,801,161800.0
PO001960,NCC035,SP0064,2026-03-11 02:26:58,918,110200.0
PO000685,NCC031,SP0203,2026-03-11 04:26:49,401,648900.0
PO002759,NCC009,SP0105,2026-03-11 05:43:53,332,125600.0
PO002499,NCC025,SP0111,2026-03-11 08:30:02,639,40700.0
PO000929,NCC043,SP0155,2026-03-11 10:27:11,906,152000.0
PO002988,NCC024,SP0167,2026-03-11 12:43:59,260,29000.0
PO001648,NCC010,SP0031,2026-03-11 18:13:11,257,36900.0
PO000520,NCC005,SP0007,2026-03-11 20:12:44,757,149600.0
PO000509,NCC041,SP0166,2026-03-11 22:41:50,962,244500.0
PO001239,NCC023,SP0158,2026-03-12 03:46:28,478,91200.0
PO003353,NCC031,SP0213,2026-03-13 01:52:58,572,23200.0
PO002661,NCC007,SP0012,2026-03-13 02:36:50,971,110200.0
PO000189,NCC029,SP0193,2026-03-13 04:40:07,789,64400.0
PO002900,NCC002,SP0214,2026-03-13 05:58:38,980,39800.0
PO003430,NCC010,SP0052,2026-03-13 06:41:37,789,29900.0
PO000269,NCC015,SP0097,2026-03-13 14:15:47,828,62100.0
PO003432,NCC003,SP0059,2026-03-13 14:38:01,461,404300.0
PO002789,NCC013,SP0176,2026-03-13 15:41:07,872,74000.0
PO000708,NCC037,SP0039,2026-03-13 16:09:53,735,15400.0
PO000640,NCC017,SP0176,2026-03-13 20:35:28,728,78800.0
PO002496,NCC043,SP0178,2026-03-13 21:22:28,417,127600.0
PO002719,NCC007,SP0025,2026-03-14 01:14:00,443,26000.0
PO001456,NCC045,SP0167,2026-03-14 11:40:25,383,29500.0
PO003299,NCC018,SP0046,2026-03-14 17:01:40,303,24800.0
PO000499,NCC007,SP0191,2026-03-14 19:45:24,56,37600.0
PO000139,NCC005,SP0005,2026-03-15 02:43:33,861,138400.0
PO001460,NCC012,SP0113,2026-03-15 08:43:36,561,108000.0
PO001052,NCC010,SP0194,2026-03-15 18:26:51,306,111400.0
PO001757,NCC021,SP0024,2026-03-16 10:54:52,613,49100.0
PO003427,NCC042,SP0161,2026-03-16 16:17:18,993,65300.0
PO000501,NCC002,SP0045,2026-03-16 17:40:57,559,114000.0
PO000828,NCC015,SP0144,2026-03-17 09:42:54,895,120900.0
PO000448,NCC033,SP0025,2026-03-17 11:43:46,210,25500.0
PO002394,NCC019,SP0143,2026-03-17 16:40:57,308,106200.0
PO000158,NCC019,SP0135,2026-03-17 18:15:25,209,675700.0
PO001658,NCC014,SP0196,2026-03-18 09:05:17,503,91800.0
PO000359,NCC018,SP0161,2026-03-18 15:34:55,598,69100.0
PO001741,NCC028,SP0008,2026-03-18 17:27:48,338,747600.0
PO003268,NCC031,SP0175,2026-03-18 20:14:08,703,21200.0
PO002307,NCC032,SP0138,2026-03-19 02:55:47,162,23600.0
PO000184,NCC031,SP0003,2026-03-19 03:48:48,194,43100.0
PO002056,NCC001,SP0189,2026-03-19 05:16:07,794,87000.0
PO002076,NCC045,SP0062,2026-03-19 05:53:51,163,153000.0
PO001057,NCC035,SP0171,2026-03-19 08:24:14,790,18900.0
PO001898,NCC038,SP0072,2026-03-19 12:59:27,91,451700.0
PO000770,NCC017,SP0109,2026-03-19 15:01:32,566,551700.0
PO000936,NCC039,SP0203,2026-03-19 22:49:54,111,660300.0
PO003254,NCC005,SP0111,2026-03-20 00:41:51,312,38900.0
PO001228,NCC044,SP0004,2026-03-20 05:15:51,592,124500.0
PO000347,NCC022,SP0211,2026-03-20 07:41:05,52,142400.0
PO001840,NCC023,SP0171,2026-03-20 09:45:25,977,19900.0
PO000838,NCC023,SP0187,2026-03-20 12:50:40,734,157500.0
PO000043,NCC016,SP0174,2026-03-20 13:32:36,494,487800.0
PO003176,NCC045,SP0116,2026-03-20 16:38:17,296,395300.0
PO001825,NCC025,SP0070,2026-03-20 16:52:24,919,104000.0
PO002539,NCC015,SP0080,2026-03-20 21:32:01,21,104900.0
PO002091,NCC036,SP0160,2026-03-21 03:38:25,536,40400.0
PO001513,NCC037,SP0195,2026-03-21 06:41:38,592,148700.0
PO002929,NCC030,SP0160,2026-03-21 14:55:42,298,45500.0
PO001699,NCC045,SP0039,2026-03-21 15:58:44,597,14400.0
PO000745,NCC029,SP0047,2026-03-21 19:55:12,921,94600.0
PO000711,NCC009,SP0168,2026-03-22 04:09:38,144,22900.0
PO003178,NCC044,SP0102,2026-03-22 09:03:44,427,522900.0
PO002588,NCC025,SP0205,2026-03-22 09:57:10,80,310700.0
PO002167,NCC016,SP0185,2026-03-22 12:24:18,316,19000.0
PO003131,NCC043,SP0195,2026-03-22 14:10:36,663,131900.0
PO000118,NCC019,SP0152,2026-03-22 16:05:21,129,112000.0
PO002612,NCC026,SP0179,2026-03-22 18:48:34,482,133300.0
PO001563,NCC043,SP0058,2026-03-22 21:07:29,317,30000.0
PO003062,NCC036,SP0062,2026-03-22 21:29:58,663,140900.0
PO002902,NCC022,SP0129,2026-03-22 23:24:51,828,126600.0
PO001528,NCC005,SP0142,2026-03-23 03:45:59,996,293100.0
PO002271,NCC013,SP0013,2026-03-23 08:07:51,774,63300.0
PO002984,NCC026,SP0023,2026-03-23 10:35:12,157,126700.0
PO000480,NCC039,SP0185,2026-03-23 19:31:05,879,20800.0
PO001124,NCC045,SP0082,2026-03-24 00:37:25,117,504400.0
PO000455,NCC027,SP0197,2026-03-24 07:26:24,249,531100.0
PO002471,NCC029,SP0072,2026-03-24 12:31:22,450,408400.0
PO003419,NCC022,SP0079,2026-03-24 12:48:14,153,21100.0
PO001552,NCC045,SP0209,2026-03-25 02:32:39,411,87600.0
PO002173,NCC030,SP0016,2026-03-25 04:53:09,235,638900.0
PO001697,NCC003,SP0069,2026-03-25 15:05:50,395,42600.0
PO001136,NCC038,SP0021,2026-03-26 05:27:15,47,34400.0
PO003423,NCC032,SP0135,2026-03-26 11:43:11,85,723000.0
PO000814,NCC010,SP0210,2026-03-26 15:25:08,288,19400.0
PO002953,NCC008,SP0189,2026-03-26 16:00:56,807,95900.0
PO000325,NCC035,SP0008,2026-03-27 00:35:20,742,728600.0
PO002152,NCC014,SP0015,2026-03-27 02:49:36,528,63800.0
PO002506,NCC012,SP0126,2026-03-27 03:18:36,850,56300.0
PO001609,NCC003,SP0192,2026-03-27 04:45:35,663,281300.0
PO002508,NCC037,SP0186,2026-03-27 09:52:58,576,656500.0
PO000483,NCC038,SP0200,2026-03-27 23:51:28,391,277700.0
PO000123,NCC020,SP0220,2026-03-28 02:16:21,599,39200.0
PO000124,NCC039,SP0052,2026-03-28 02:29:21,620,27200.0
PO000875,NCC035,SP0065,2026-03-28 03:47:13,50,496100.0
PO001267,NCC019,SP0119,2026-03-28 08:33:36,21,143800.0
PO001458,NCC025,SP0006,2026-03-28 10:08:54,301,573300.0
PO002735,NCC020,SP0145,2026-03-28 11:08:36,899,97500.0
PO001093,NCC030,SP0039,2026-03-29 03:37:22,161,15000.0
PO001175,NCC014,SP0111,2026-03-29 07:55:35,604,41300.0
PO000860,NCC030,SP0178,2026-03-29 20:21:07,495,145100.0
PO000081,NCC038,SP0070,2026-03-29 21:46:40,21,104000.0
PO003056,NCC008,SP0109,2026-03-30 03:47:23,802,507700.0
PO001521,NCC024,SP0030,2026-03-30 11:08:47,33,603800.0
PO000405,NCC006,SP0164,2026-03-31 00:19:48,734,458400.0
PO001777,NCC039,SP0164,2026-03-31 13:18:14,225,531400.0
PO003332,NCC021,SP0103,2026-03-31 16:16:45,797,126900.0
PO002171,NCC022,SP0025,2026-03-31 16:47:58,802,23000.0
PO000956,NCC017,SP0097,2026-03-31 18:32:12,632,50100.0
PO000646,NCC034,SP0211,2026-03-31 22:36:50,562,141000.0
PO000529,NCC012,SP0159,2026-04-01 07:50:44,555,430400.0
PO003125,NCC016,SP0199,2026-04-01 08:35:21,618,99000.0
PO000834,NCC043,SP0046,2026-04-02 09:18:08,303,28100.0
PO000330,NCC019,SP0157,2026-04-02 13:43:18,522,169900.0
PO003237,NCC014,SP0206,2026-04-02 14:54:50,241,37800.0
PO002682,NCC035,SP0022,2026-04-02 22:35:09,983,826700.0
PO001791,NCC011,SP0118,2026-04-02 23:32:40,232,129100.0
PO001423,NCC019,SP0182,2026-04-03 00:22:15,78,60600.0
PO003133,NCC043,SP0161,2026-04-03 12:13:09,388,60000.0
PO000246,NCC026,SP0056,2026-04-03 13:43:14,996,42200.0
PO001414,NCC014,SP0157,2026-04-03 14:26:35,165,159500.0
PO000485,NCC014,SP0201,2026-04-03 18:06:46,28,574900.0
PO000840,NCC023,SP0173,2026-04-04 03:22:10,450,83200.0
PO000647,NCC044,SP0191,2026-04-04 03:29:22,363,38600.0
PO000865,NCC014,SP0035,2026-04-04 03:48:36,636,619400.0
PO000085,NCC006,SP0154,2026-04-04 07:28:38,364,23500.0
PO002384,NCC040,SP0128,2026-04-04 09:17:23,576,145300.0
PO001636,NCC023,SP0178,2026-04-04 10:54:41,568,117500.0
PO000392,NCC031,SP0181,2026-04-04 18:07:44,472,531700.0
PO001225,NCC043,SP0163,2026-04-04 18:53:01,579,97900.0
PO000598,NCC005,SP0080,2026-04-05 01:10:52,290,110500.0
PO000167,NCC005,SP0179,2026-04-05 02:58:30,553,161300.0
PO000439,NCC030,SP0054,2026-04-05 02:59:30,209,76800.0
PO003241,NCC025,SP0206,2026-04-05 07:49:00,773,38900.0
PO003093,NCC004,SP0127,2026-04-05 13:41:44,778,28600.0
PO000528,NCC041,SP0009,2026-04-05 16:34:55,738,314300.0
PO000542,NCC038,SP0213,2026-04-06 01:22:31,35,24900.0
PO001266,NCC001,SP0041,2026-04-06 01:33:52,722,807900.0
PO000210,NCC015,SP0018,2026-04-06 11:57:31,193,633900.0
PO001931,NCC030,SP0187,2026-04-06 13:28:40,853,130000.0
PO002477,NCC043,SP0145,2026-04-06 13:30:04,574,90600.0
PO003424,NCC030,SP0065,2026-04-06 14:47:24,795,597600.0
PO002531,NCC045,SP0029,2026-04-07 06:56:38,946,147700.0
PO000935,NCC010,SP0181,2026-04-07 09:35:37,783,575500.0
PO003015,NCC036,SP0187,2026-04-07 13:47:39,365,141200.0
PO001894,NCC020,SP0215,2026-04-07 16:59:55,602,55100.0
PO000844,NCC035,SP0089,2026-04-07 21:35:36,750,117100.0
PO001427,NCC038,SP0018,2026-04-08 00:36:58,981,513800.0
PO003461,NCC037,SP0028,2026-04-08 08:33:14,305,96600.0
PO000531,NCC037,SP0203,2026-04-08 10:02:27,355,728000.0
PO002710,NCC029,SP0088,2026-04-09 01:17:56,778,70400.0
PO001103,NCC008,SP0053,2026-04-09 05:12:42,133,123000.0
PO001168,NCC044,SP0128,2026-04-09 07:13:59,982,135700.0
PO000793,NCC032,SP0071,2026-04-09 08:17:23,344,539200.0
PO001048,NCC035,SP0001,2026-04-09 12:06:56,377,30500.0
PO000340,NCC045,SP0126,2026-04-09 13:07:28,171,53900.0
PO002708,NCC035,SP0176,2026-04-09 14:35:07,796,75200.0
PO002309,NCC038,SP0181,2026-04-10 02:52:11,289,467800.0
PO000243,NCC022,SP0057,2026-04-10 03:52:04,298,156800.0
PO001815,NCC045,SP0054,2026-04-10 05:29:34,313,85500.0
PO001680,NCC006,SP0136,2026-04-10 06:24:17,329,642400.0
PO001936,NCC002,SP0153,2026-04-10 08:17:46,345,125100.0
PO002286,NCC025,SP0162,2026-04-10 08:39:15,409,95700.0
PO003245,NCC015,SP0169,2026-04-10 13:38:36,576,507500.0
PO000825,NCC007,SP0082,2026-04-11 00:53:38,764,640600.0
PO001555,NCC029,SP0177,2026-04-11 01:41:47,325,161200.0
PO000872,NCC008,SP0076,2026-04-11 09:08:07,926,52300.0
PO003210,NCC008,SP0199,2026-04-11 11:38:02,426,93000.0
PO002326,NCC004,SP0025,2026-04-11 13:42:53,696,26600.0
PO002571,NCC021,SP0165,2026-04-11 15:16:06,418,22000.0
PO002549,NCC042,SP0177,2026-04-11 19:12:35,527,114500.0
PO001735,NCC020,SP0111,2026-04-12 00:56:13,430,36500.0
PO000623,NCC033,SP0002,2026-04-12 03:32:35,119,25800.0
PO003054,NCC003,SP0118,2026-04-12 09:45:26,556,121600.0
PO000465,NCC035,SP0080,2026-04-12 20:29:35,82,123200.0
PO001712,NCC036,SP0062,2026-04-12 23:51:55,545,167400.0
PO001352,NCC045,SP0106,2026-04-13 08:32:14,986,127200.0
PO002400,NCC033,SP0114,2026-04-13 16:54:47,496,61700.0
PO000229,NCC018,SP0058,2026-04-13 21:48:17,939,31300.0
PO002559,NCC015,SP0076,2026-04-13 22:06:02,938,67600.0
PO001888,NCC017,SP0031,2026-04-13 22:44:42,118,39000.0
PO000858,NCC011,SP0111,2026-04-13 23:50:43,787,40300.0
PO000378,NCC029,SP0109,2026-04-14 01:55:19,136,632100.0
PO002938,NCC042,SP0095,2026-04-14 15:08:53,302,62800.0
PO002896,NCC041,SP0074,2026-04-14 17:33:50,77,680500.0
PO000550,NCC017,SP0013,2026-04-14 18:45:30,379,67800.0
PO001249,NCC011,SP0150,2026-04-15 14:33:26,829,117800.0
PO002413,NCC029,SP0015,2026-04-15 19:01:38,268,50600.0
PO000578,NCC013,SP0140,2026-04-15 21:56:45,556,151600.0
PO001370,NCC012,SP0076,2026-04-15 23:26:25,237,70000.0
PO000853,NCC030,SP0109,2026-04-16 00:03:40,306,631900.0
PO000503,NCC032,SP0158,2026-04-16 12:02:38,717,93700.0
PO002195,NCC004,SP0019,2026-04-17 00:22:47,880,93200.0
PO001359,NCC043,SP0148,2026-04-17 04:25:40,889,36300.0
PO001751,NCC006,SP0133,2026-04-17 04:49:12,802,145900.0
PO003304,NCC006,SP0186,2026-04-17 06:53:37,709,634400.0
PO003191,NCC005,SP0186,2026-04-17 07:38:49,885,653400.0
PO002220,NCC042,SP0151,2026-04-17 18:29:22,367,103700.0
PO000402,NCC035,SP0149,2026-04-17 19:06:41,716,835700.0
PO000567,NCC024,SP0063,2026-04-17 21:41:48,347,52900.0
PO000236,NCC020,SP0186,2026-04-18 10:54:31,138,690100.0
PO001635,NCC008,SP0133,2026-04-18 16:04:18,822,137400.0
PO002257,NCC007,SP0172,2026-04-18 22:49:42,617,490700.0
PO000655,NCC032,SP0013,2026-04-18 23:14:25,731,70600.0
PO003258,NCC002,SP0024,2026-04-19 06:03:34,358,57100.0
PO001585,NCC018,SP0090,2026-04-19 07:07:53,596,541200.0
PO001604,NCC038,SP0059,2026-04-19 10:07:29,647,472000.0
PO000963,NCC029,SP0179,2026-04-19 13:39:41,504,121600.0
PO000978,NCC027,SP0168,2026-04-19 15:21:23,969,19300.0
PO000690,NCC044,SP0004,2026-04-19 15:49:55,944,130400.0
PO002100,NCC001,SP0047,2026-04-19 22:15:59,458,77100.0
PO003482,NCC029,SP0172,2026-04-20 01:47:55,626,402000.0
PO003481,NCC041,SP0016,2026-04-20 08:00:12,520,583400.0
PO002828,NCC005,SP0020,2026-04-20 14:26:47,548,53400.0
PO001386,NCC024,SP0207,2026-04-20 15:59:45,170,19800.0
PO001104,NCC034,SP0063,2026-04-20 18:13:18,673,58700.0
PO002128,NCC015,SP0119,2026-04-21 00:04:58,721,162900.0
PO001204,NCC009,SP0048,2026-04-21 07:57:41,317,39200.0
PO001433,NCC013,SP0166,2026-04-21 13:51:13,715,244000.0
PO000083,NCC001,SP0013,2026-04-21 14:21:34,855,63000.0
PO002041,NCC042,SP0014,2026-04-21 20:39:04,587,400800.0
PO000131,NCC040,SP0070,2026-04-22 02:45:21,647,107500.0
PO001158,NCC038,SP0094,2026-04-22 03:59:36,479,97500.0
PO002424,NCC006,SP0053,2026-04-22 07:47:08,660,158100.0
PO002495,NCC026,SP0020,2026-04-23 07:15:16,596,58400.0
PO003103,NCC032,SP0182,2026-04-23 10:30:26,340,64900.0
PO000625,NCC026,SP0115,2026-04-23 22:59:12,264,18900.0
PO002453,NCC025,SP0099,2026-04-24 01:43:39,973,137000.0
PO002783,NCC005,SP0162,2026-04-24 10:45:39,860,109800.0
PO000079,NCC013,SP0195,2026-04-24 10:47:27,152,125000.0
PO000680,NCC023,SP0129,2026-04-24 11:26:40,857,129200.0
PO002142,NCC022,SP0134,2026-04-24 12:23:57,819,123200.0
PO002352,NCC013,SP0210,2026-04-24 21:09:45,700,19600.0
PO002469,NCC027,SP0084,2026-04-25 02:51:27,310,92600.0
PO002775,NCC036,SP0047,2026-04-25 03:28:08,380,97300.0
PO002520,NCC024,SP0182,2026-04-25 08:29:43,447,84100.0
PO000445,NCC004,SP0085,2026-04-25 19:44:05,357,60400.0
PO001831,NCC016,SP0129,2026-04-26 11:18:25,40,153500.0
PO000466,NCC007,SP0015,2026-04-26 14:00:39,164,61500.0
PO001582,NCC030,SP0061,2026-04-26 22:03:12,755,126900.0
PO000615,NCC040,SP0194,2026-04-26 23:24:05,41,80100.0
PO000060,NCC021,SP0122,2026-04-27 07:09:07,601,93300.0
PO002491,NCC045,SP0049,2026-04-27 12:22:41,625,133700.0
PO002860,NCC032,SP0102,2026-04-28 03:23:11,450,536000.0
PO001807,NCC001,SP0096,2026-04-28 04:19:20,883,38600.0
PO000035,NCC019,SP0134,2026-04-28 08:42:10,647,114900.0
PO002881,NCC028,SP0165,2026-04-29 15:39:04,604,22400.0
PO000824,NCC028,SP0109,2026-04-29 18:03:23,943,653200.0
PO002399,NCC027,SP0178,2026-04-29 23:20:49,844,119600.0
PO002013,NCC034,SP0198,2026-04-30 00:35:12,648,19000.0
PO000317,NCC031,SP0175,2026-04-30 01:28:35,435,19800.0
PO001591,NCC027,SP0096,2026-04-30 08:48:44,716,46200.0
PO001494,NCC039,SP0141,2026-04-30 13:23:23,234,51600.0
PO000671,NCC036,SP0156,2026-04-30 15:42:17,655,61000.0
PO002244,NCC001,SP0060,2026-04-30 16:30:52,370,19900.0
PO000326,NCC001,SP0004,2026-04-30 17:33:46,476,110900.0
PO000096,NCC017,SP0099,2026-04-30 23:32:38,982,113200.0
PO002890,NCC028,SP0022,2026-05-01 16:21:23,344,853200.0
PO000130,NCC034,SP0182,2026-05-02 01:19:08,160,78800.0
PO002586,NCC033,SP0027,2026-05-02 04:12:53,906,53100.0
PO003267,NCC039,SP0045,2026-05-02 09:01:20,690,134000.0
PO002016,NCC001,SP0041,2026-05-02 12:36:09,900,778800.0
PO000968,NCC044,SP0061,2026-05-03 07:25:12,645,121900.0
PO000776,NCC018,SP0125,2026-05-03 10:51:53,467,162000.0
PO002942,NCC001,SP0038,2026-05-03 15:39:50,795,573700.0
PO000303,NCC026,SP0118,2026-05-03 18:56:27,417,145100.0
PO002870,NCC021,SP0121,2026-05-03 21:04:03,156,126100.0
PO002704,NCC009,SP0007,2026-05-03 23:46:17,330,142400.0
PO002180,NCC009,SP0052,2026-05-04 06:12:36,218,26400.0
PO001277,NCC038,SP0139,2026-05-04 06:31:55,96,149500.0
PO000822,NCC022,SP0182,2026-05-04 08:46:22,398,62800.0
PO000958,NCC041,SP0028,2026-05-04 10:01:18,695,108000.0
PO002721,NCC021,SP0113,2026-05-04 10:36:34,218,114600.0
PO003389,NCC002,SP0068,2026-05-04 13:08:32,376,39600.0
PO002472,NCC005,SP0121,2026-05-04 21:23:42,85,122900.0
PO001853,NCC021,SP0037,2026-05-04 21:35:34,855,107700.0
PO003287,NCC014,SP0121,2026-05-04 22:01:50,123,126500.0
PO001639,NCC031,SP0062,2026-05-05 04:36:44,749,165800.0
PO002246,NCC041,SP0106,2026-05-05 19:56:16,441,110700.0
PO001763,NCC034,SP0061,2026-05-05 20:41:06,277,137000.0
PO002518,NCC039,SP0152,2026-05-05 22:24:19,308,140400.0
PO002278,NCC041,SP0103,2026-05-06 02:09:56,344,125400.0
PO001804,NCC025,SP0042,2026-05-06 04:38:57,208,94500.0
PO002603,NCC004,SP0026,2026-05-06 07:04:44,394,56100.0
PO000371,NCC034,SP0036,2026-05-06 14:54:14,878,157600.0
PO001747,NCC025,SP0026,2026-05-06 18:07:23,496,59100.0
PO002110,NCC027,SP0010,2026-05-06 19:24:55,902,625300.0
PO002636,NCC027,SP0089,2026-05-06 20:38:50,208,116000.0
PO002184,NCC043,SP0004,2026-05-07 00:11:50,201,120500.0
PO001382,NCC034,SP0096,2026-05-07 02:22:24,215,44000.0
PO003261,NCC036,SP0128,2026-05-07 17:02:53,821,155900.0
PO002639,NCC034,SP0135,2026-05-07 19:49:26,456,569000.0
PO002774,NCC020,SP0028,2026-05-08 04:04:26,817,117400.0
PO003038,NCC029,SP0210,2026-05-08 04:50:04,131,20700.0
PO002944,NCC038,SP0045,2026-05-08 05:17:25,131,113600.0
PO001538,NCC006,SP0124,2026-05-08 15:23:04,606,53600.0
PO003224,NCC016,SP0124,2026-05-08 15:42:44,766,39300.0
PO002634,NCC045,SP0125,2026-05-08 17:20:22,31,157200.0
PO002882,NCC009,SP0060,2026-05-08 20:43:53,312,20200.0
PO001232,NCC003,SP0006,2026-05-08 20:48:18,293,580700.0
PO000519,NCC009,SP0126,2026-05-08 21:04:38,456,67700.0
PO001914,NCC031,SP0181,2026-05-09 05:49:38,978,542900.0
PO000848,NCC001,SP0048,2026-05-09 13:28:42,857,42300.0
PO000209,NCC006,SP0094,2026-05-09 17:32:10,793,85300.0
PO000310,NCC014,SP0002,2026-05-09 19:33:25,587,26200.0
PO003265,NCC027,SP0176,2026-05-09 22:11:39,929,101500.0
PO001533,NCC014,SP0107,2026-05-10 10:18:13,743,202800.0
PO000903,NCC030,SP0016,2026-05-10 17:03:33,890,640300.0
PO001029,NCC018,SP0008,2026-05-10 17:53:36,836,788700.0
PO002001,NCC017,SP0159,2026-05-10 19:03:53,528,449000.0
PO002643,NCC020,SP0027,2026-05-10 22:11:04,822,46500.0
PO002584,NCC035,SP0204,2026-05-11 02:48:38,460,848800.0
PO000514,NCC022,SP0064,2026-05-11 18:41:12,496,111400.0
PO001905,NCC011,SP0214,2026-05-11 21:19:48,652,39000.0
PO000370,NCC033,SP0102,2026-05-12 12:09:51,98,463500.0
PO001709,NCC004,SP0181,2026-05-12 13:02:47,257,494100.0
PO001149,NCC005,SP0021,2026-05-12 13:19:20,729,38000.0
PO002336,NCC002,SP0214,2026-05-12 15:46:04,553,38000.0
PO001180,NCC002,SP0031,2026-05-13 23:05:46,555,39000.0
PO002341,NCC033,SP0083,2026-05-14 01:59:50,167,49000.0
PO000600,NCC014,SP0072,2026-05-14 10:25:24,610,441500.0
PO002111,NCC011,SP0188,2026-05-14 20:54:16,95,108400.0
PO002843,NCC010,SP0002,2026-05-15 02:29:51,951,25400.0
PO003150,NCC030,SP0088,2026-05-15 10:06:51,601,54200.0
PO001549,NCC009,SP0128,2026-05-15 12:51:48,270,134400.0
PO003096,NCC006,SP0154,2026-05-15 15:33:46,728,26500.0
PO001822,NCC035,SP0028,2026-05-15 21:38:22,46,107600.0
PO000172,NCC013,SP0053,2026-05-16 00:28:12,108,125200.0
PO001600,NCC009,SP0071,2026-05-16 11:58:25,965,543600.0
PO003026,NCC037,SP0030,2026-05-16 12:26:44,873,559100.0
PO000710,NCC026,SP0129,2026-05-16 19:16:57,897,159900.0
PO002275,NCC016,SP0148,2026-05-17 03:20:18,142,35500.0
PO001772,NCC025,SP0062,2026-05-17 09:42:37,686,142200.0
PO002712,NCC020,SP0067,2026-05-17 10:40:09,603,11500.0
PO000446,NCC003,SP0028,2026-05-17 12:12:09,413,100700.0
PO001344,NCC007,SP0046,2026-05-17 20:11:54,246,24500.0
PO000606,NCC034,SP0145,2026-05-18 09:42:06,686,104100.0
PO002318,NCC005,SP0205,2026-05-18 16:24:33,325,326700.0
PO000874,NCC042,SP0203,2026-05-18 23:05:39,848,566900.0
PO002423,NCC016,SP0018,2026-05-19 01:16:09,226,621400.0
PO002109,NCC007,SP0019,2026-05-19 02:01:29,203,94600.0
PO002647,NCC019,SP0077,2026-05-19 06:35:28,178,78600.0
PO003398,NCC023,SP0040,2026-05-19 16:48:25,696,139900.0
PO000783,NCC041,SP0080,2026-05-19 16:59:55,487,106600.0
PO000224,NCC029,SP0217,2026-05-19 23:35:12,414,129800.0
PO000011,NCC023,SP0123,2026-05-20 00:38:54,553,132500.0
PO002563,NCC001,SP0034,2026-05-20 11:47:11,694,130900.0
PO001428,NCC027,SP0018,2026-05-20 13:45:08,132,700000.0
PO002558,NCC037,SP0039,2026-05-20 14:54:14,295,16200.0
PO000050,NCC011,SP0157,2026-05-20 21:21:24,831,172600.0
PO002098,NCC014,SP0093,2026-05-20 23:26:23,358,732700.0
PO000015,NCC016,SP0164,2026-05-21 03:06:19,353,511700.0
PO000010,NCC008,SP0060,2026-05-21 03:51:31,676,22200.0
PO000404,NCC029,SP0127,2026-05-21 05:47:28,31,28200.0
PO002323,NCC030,SP0163,2026-05-21 07:36:23,203,92700.0
PO001652,NCC012,SP0162,2026-05-21 22:14:28,931,104100.0
PO001718,NCC023,SP0145,2026-05-22 00:22:26,953,93900.0
PO001918,NCC020,SP0075,2026-05-22 03:40:29,772,87500.0
PO002949,NCC020,SP0134,2026-05-22 05:41:41,651,114200.0
PO000678,NCC010,SP0073,2026-05-22 06:10:59,618,57500.0
PO003078,NCC005,SP0072,2026-05-22 13:50:21,218,467000.0
PO003090,NCC020,SP0084,2026-05-23 00:47:41,185,104200.0
PO001466,NCC015,SP0050,2026-05-23 04:06:06,729,424100.0
PO001139,NCC040,SP0022,2026-05-23 10:42:07,896,752300.0
PO003175,NCC009,SP0197,2026-05-23 12:00:58,633,461500.0
PO002187,NCC003,SP0027,2026-05-23 13:15:40,823,56900.0
PO001523,NCC004,SP0098,2026-05-23 15:57:07,818,75400.0
PO001614,NCC041,SP0044,2026-05-23 17:58:46,632,733200.0
PO003414,NCC031,SP0205,2026-05-23 18:29:14,271,300100.0
PO002801,NCC023,SP0113,2026-05-24 11:44:37,824,133500.0
PO002266,NCC015,SP0144,2026-05-24 12:20:43,927,128700.0
PO001534,NCC032,SP0190,2026-05-24 13:49:20,752,29100.0
PO001657,NCC025,SP0088,2026-05-24 20:12:01,316,73400.0
PO002644,NCC025,SP0080,2026-05-25 08:26:49,604,115200.0
PO001754,NCC039,SP0076,2026-05-25 10:43:35,747,58700.0
PO000191,NCC001,SP0213,2026-05-25 21:10:45,63,23800.0
PO000878,NCC004,SP0009,2026-05-26 05:45:12,820,288300.0
PO002854,NCC035,SP0130,2026-05-26 06:21:38,968,174000.0
PO002432,NCC024,SP0046,2026-05-26 21:18:56,556,27100.0
PO001403,NCC001,SP0163,2026-05-27 07:13:24,332,111000.0
PO000335,NCC045,SP0069,2026-05-27 11:01:22,466,45700.0
PO001975,NCC002,SP0057,2026-05-27 18:20:31,35,133200.0
PO003212,NCC014,SP0180,2026-05-27 22:41:57,198,862900.0
PO003190,NCC017,SP0046,2026-05-28 04:01:27,359,28500.0
PO001561,NCC040,SP0104,2026-05-28 09:50:27,132,629600.0
PO002456,NCC010,SP0105,2026-05-28 11:31:39,251,135100.0
PO000282,NCC012,SP0149,2026-05-28 13:45:26,929,821500.0
PO002268,NCC041,SP0217,2026-05-28 14:31:03,131,153800.0
PO000321,NCC032,SP0102,2026-05-28 20:41:11,574,493200.0
PO002003,NCC020,SP0147,2026-05-28 22:01:06,597,46100.0
PO002138,NCC035,SP0114,2026-05-28 22:23:38,856,61900.0
PO000888,NCC016,SP0103,2026-05-29 10:44:56,933,117300.0
PO002745,NCC036,SP0164,2026-05-29 12:47:46,929,486900.0
PO000979,NCC001,SP0201,2026-05-29 12:56:48,621,588200.0
PO000408,NCC017,SP0050,2026-05-29 16:31:41,877,459600.0
PO001468,NCC008,SP0177,2026-05-30 00:13:21,693,152300.0
PO000682,NCC027,SP0197,2026-05-30 00:30:17,346,604900.0
PO003369,NCC043,SP0122,2026-05-30 08:16:30,452,70100.0
PO001060,NCC009,SP0041,2026-05-30 08:47:37,358,774800.0
PO003204,NCC041,SP0034,2026-05-30 12:19:07,971,124300.0
PO003232,NCC028,SP0067,2026-05-30 18:20:17,613,12100.0
PO001473,NCC027,SP0173,2026-05-31 02:55:45,639,87300.0
PO002467,NCC034,SP0060,2026-05-31 06:12:47,784,20900.0
PO002608,NCC005,SP0136,2026-05-31 15:18:28,945,529500.0
PO001912,NCC018,SP0081,2026-05-31 22:06:27,418,31700.0
PO002166,NCC006,SP0168,2026-06-01 01:28:37,829,20500.0
PO001507,NCC005,SP0151,2026-06-01 02:15:07,282,126700.0
PO002332,NCC023,SP0079,2026-06-01 02:30:42,873,20400.0
PO001356,NCC022,SP0123,2026-06-01 04:10:11,219,148000.0
PO002478,NCC030,SP0207,2026-06-01 07:21:19,234,20100.0
PO003107,NCC027,SP0078,2026-06-01 14:20:42,782,117900.0
PO000862,NCC017,SP0040,2026-06-01 16:51:04,431,112600.0
PO001764,NCC032,SP0036,2026-06-02 01:07:16,936,123700.0
PO002238,NCC038,SP0175,2026-06-02 03:47:29,70,21300.0
PO002134,NCC012,SP0070,2026-06-02 04:02:59,809,88600.0
PO002602,NCC017,SP0144,2026-06-02 04:28:05,812,143000.0
PO002046,NCC031,SP0017,2026-06-02 09:33:59,829,39200.0
PO002390,NCC037,SP0163,2026-06-02 15:08:12,44,116400.0
PO000155,NCC008,SP0215,2026-06-02 19:47:47,66,48800.0
PO000027,NCC035,SP0157,2026-06-02 21:19:00,580,150800.0
PO000463,NCC031,SP0070,2026-06-03 00:16:48,861,99400.0
PO000447,NCC043,SP0028,2026-06-03 02:30:54,462,112600.0
PO002593,NCC004,SP0144,2026-06-03 07:47:24,346,129900.0
PO003329,NCC028,SP0168,2026-06-03 23:54:32,614,19600.0
PO001434,NCC005,SP0101,2026-06-04 04:13:19,80,190700.0
PO001015,NCC036,SP0091,2026-06-04 06:01:56,899,47000.0
PO002231,NCC043,SP0009,2026-06-04 11:04:59,347,304500.0
PO001006,NCC012,SP0155,2026-06-04 22:59:48,246,121200.0
PO001311,NCC018,SP0113,2026-06-05 05:23:03,273,117400.0
PO000413,NCC024,SP0003,2026-06-05 06:16:14,213,50500.0
PO003009,NCC031,SP0106,2026-06-05 06:46:50,576,115900.0
PO002753,NCC017,SP0022,2026-06-05 12:19:08,481,750400.0
PO003476,NCC043,SP0019,2026-06-05 12:41:58,811,123500.0
PO001958,NCC012,SP0081,2026-06-05 17:55:26,139,31000.0
PO001297,NCC006,SP0171,2026-06-05 21:33:23,248,19700.0
PO000829,NCC034,SP0149,2026-06-05 22:25:49,506,864600.0
PO000805,NCC024,SP0138,2026-06-05 23:17:00,763,24200.0
PO001146,NCC016,SP0218,2026-06-06 01:39:39,566,99400.0
PO002722,NCC011,SP0215,2026-06-06 06:36:29,653,61900.0
PO002970,NCC018,SP0057,2026-06-06 07:14:57,286,140300.0
PO003149,NCC028,SP0032,2026-06-06 07:52:36,79,98300.0
PO002766,NCC033,SP0191,2026-06-06 11:52:02,167,35300.0
PO002281,NCC038,SP0183,2026-06-06 11:54:27,764,96200.0
PO000663,NCC012,SP0185,2026-06-06 16:43:37,846,19000.0
PO001315,NCC019,SP0169,2026-06-06 19:52:32,594,555900.0
PO000267,NCC010,SP0173,2026-06-06 20:52:44,280,81500.0
PO002950,NCC042,SP0018,2026-06-06 22:59:16,270,569000.0
PO002242,NCC030,SP0005,2026-06-07 01:08:12,860,142000.0
PO001253,NCC019,SP0196,2026-06-07 01:44:59,72,74100.0
PO000706,NCC034,SP0193,2026-06-07 03:10:47,158,90500.0
PO001654,NCC043,SP0103,2026-06-07 03:44:43,321,135000.0
PO000918,NCC035,SP0121,2026-06-07 16:29:50,690,131800.0
PO002979,NCC041,SP0045,2026-06-07 21:39:31,646,145500.0
PO003346,NCC014,SP0084,2026-06-07 22:29:01,553,88500.0
PO000265,NCC033,SP0218,2026-06-08 01:17:52,493,104700.0
PO000533,NCC015,SP0108,2026-06-08 01:21:15,400,96400.0
PO002212,NCC009,SP0133,2026-06-08 03:48:14,491,138200.0
PO000019,NCC020,SP0118,2026-06-08 13:19:59,56,116000.0
PO001463,NCC020,SP0007,2026-06-08 18:33:32,929,147400.0
PO000157,NCC005,SP0125,2026-06-08 18:36:46,28,123000.0
PO000621,NCC013,SP0129,2026-06-09 11:30:34,193,145300.0
PO001255,NCC012,SP0097,2026-06-09 14:15:23,645,60800.0
PO001851,NCC028,SP0031,2026-06-10 08:30:01,279,38800.0
PO000481,NCC043,SP0009,2026-06-10 09:33:03,78,291800.0
PO002966,NCC011,SP0076,2026-06-10 10:17:57,959,57700.0
PO000893,NCC012,SP0093,2026-06-10 20:11:20,992,727900.0
PO002930,NCC007,SP0204,2026-06-11 02:13:12,272,739000.0
PO002794,NCC005,SP0099,2026-06-11 11:12:06,813,118400.0
PO002958,NCC040,SP0172,2026-06-11 14:45:44,545,414800.0
PO001373,NCC038,SP0098,2026-06-11 15:00:28,902,64500.0
PO001379,NCC003,SP0203,2026-06-11 15:30:02,852,742100.0
PO002484,NCC043,SP0016,2026-06-11 23:59:38,875,568200.0
PO001009,NCC036,SP0163,2026-06-12 03:52:48,78,103900.0
PO001327,NCC019,SP0162,2026-06-12 08:39:13,948,111000.0
PO000424,NCC025,SP0052,2026-06-12 10:18:11,457,29700.0
PO002327,NCC028,SP0118,2026-06-12 10:56:49,420,140900.0
PO002175,NCC024,SP0158,2026-06-12 11:10:23,100,107000.0
PO000331,NCC010,SP0049,2026-06-12 14:43:56,687,135800.0
PO000928,NCC023,SP0199,2026-06-12 15:36:35,650,74000.0
PO002951,NCC022,SP0166,2026-06-12 17:34:48,882,234000.0
PO002905,NCC031,SP0143,2026-06-13 10:49:43,816,97500.0
PO001878,NCC001,SP0076,2026-06-13 16:27:06,945,65700.0
PO002576,NCC012,SP0130,2026-06-13 17:02:14,347,148500.0
PO000654,NCC021,SP0084,2026-06-13 17:21:32,36,74800.0
PO003075,NCC043,SP0173,2026-06-14 12:52:08,52,86500.0
PO003074,NCC012,SP0134,2026-06-14 17:16:59,90,89200.0
PO001597,NCC031,SP0122,2026-06-14 22:26:47,452,90500.0
PO002852,NCC004,SP0171,2026-06-15 05:41:11,963,19900.0
PO002659,NCC015,SP0066,2026-06-15 08:36:53,85,314600.0
PO001596,NCC011,SP0154,2026-06-15 08:37:20,741,24300.0
PO000214,NCC023,SP0174,2026-06-15 15:04:45,685,518000.0
PO003246,NCC016,SP0022,2026-06-15 22:16:21,895,905700.0
PO003276,NCC001,SP0120,2026-06-16 20:05:33,367,97300.0
PO003255,NCC040,SP0038,2026-06-16 22:44:44,278,633200.0
PO000098,NCC020,SP0126,2026-06-17 11:20:45,150,76600.0
PO002202,NCC030,SP0172,2026-06-17 12:02:48,666,423400.0
PO000369,NCC031,SP0130,2026-06-17 21:09:05,796,165200.0
PO001677,NCC014,SP0100,2026-06-18 08:20:57,536,152600.0
PO002023,NCC017,SP0096,2026-06-18 08:39:32,65,39900.0
PO002548,NCC045,SP0148,2026-06-18 09:50:48,349,39100.0
PO001666,NCC040,SP0050,2026-06-18 20:49:32,743,406300.0
PO001512,NCC007,SP0131,2026-06-19 03:13:14,919,28100.0
PO002748,NCC041,SP0182,2026-06-20 01:02:08,378,76500.0
PO001016,NCC031,SP0104,2026-06-20 08:00:52,827,731800.0
PO001786,NCC044,SP0011,2026-06-20 08:28:38,74,29100.0
PO001728,NCC009,SP0208,2026-06-20 09:53:17,222,76400.0
PO001160,NCC018,SP0176,2026-06-20 11:09:37,614,89500.0
PO001361,NCC043,SP0050,2026-06-20 11:09:51,248,438800.0
PO003468,NCC002,SP0131,2026-06-20 13:33:45,196,31800.0
PO000040,NCC029,SP0165,2026-06-20 15:17:16,536,21600.0
PO002296,NCC041,SP0031,2026-06-21 09:25:44,604,41900.0
PO000791,NCC018,SP0101,2026-06-21 10:16:31,692,232200.0
PO003465,NCC035,SP0060,2026-06-21 12:27:25,381,21700.0
PO001444,NCC016,SP0091,2026-06-21 12:36:04,661,47100.0
PO002511,NCC026,SP0061,2026-06-21 19:33:24,702,122600.0
PO000985,NCC016,SP0211,2026-06-22 08:41:55,436,122900.0
PO000909,NCC038,SP0016,2026-06-22 10:14:15,872,577000.0
PO003364,NCC028,SP0220,2026-06-22 12:10:41,541,41000.0
PO002376,NCC042,SP0169,2026-06-22 15:00:22,190,466100.0
PO002888,NCC025,SP0009,2026-06-22 20:05:25,629,302100.0
PO001576,NCC042,SP0034,2026-06-22 22:12:18,910,134100.0
PO000864,NCC019,SP0037,2026-06-23 00:05:28,89,111000.0
PO003384,NCC024,SP0160,2026-06-23 00:07:31,898,52200.0
PO002480,NCC022,SP0004,2026-06-23 01:44:18,533,119200.0
PO003303,NCC027,SP0182,2026-06-24 00:35:30,749,82600.0
PO001195,NCC033,SP0053,2026-06-24 05:09:27,230,125900.0
PO003065,NCC012,SP0074,2026-06-24 06:37:31,577,706100.0
PO000407,NCC019,SP0044,2026-06-24 13:24:22,426,801700.0
PO002089,NCC015,SP0103,2026-06-25 05:42:52,144,136900.0
PO003148,NCC022,SP0032,2026-06-25 07:55:41,219,133400.0
PO000602,NCC036,SP0001,2026-06-25 10:24:32,779,28300.0
PO001206,NCC001,SP0202,2026-06-26 01:20:13,90,274000.0
PO001479,NCC033,SP0117,2026-06-26 01:28:52,744,31500.0
PO003234,NCC028,SP0076,2026-06-26 09:23:45,908,57700.0
PO001729,NCC042,SP0152,2026-06-26 15:38:08,291,130700.0
PO002972,NCC022,SP0201,2026-06-26 16:08:20,20,555900.0
PO001991,NCC008,SP0043,2026-06-26 17:32:04,876,121800.0
PO002573,NCC002,SP0098,2026-06-26 19:42:47,521,83200.0
PO003228,NCC003,SP0016,2026-06-27 03:30:24,521,568900.0
PO002092,NCC020,SP0218,2026-06-27 03:42:25,876,116200.0
PO001499,NCC022,SP0140,2026-06-27 05:15:57,91,166500.0
PO000962,NCC038,SP0030,2026-06-27 06:03:05,596,546400.0
PO003410,NCC033,SP0125,2026-06-27 06:59:46,838,137300.0
PO000737,NCC018,SP0137,2026-06-27 09:00:49,230,701600.0
PO001672,NCC024,SP0171,2026-06-27 14:09:51,277,20700.0
PO002718,NCC009,SP0117,2026-06-27 16:08:03,627,30500.0
PO001217,NCC035,SP0015,2026-06-27 19:23:23,873,69700.0
PO002303,NCC036,SP0102,2026-06-27 22:43:52,288,483100.0
PO003385,NCC005,SP0030,2026-06-27 23:57:45,627,697100.0
PO001575,NCC017,SP0153,2026-06-28 08:14:43,464,100900.0
PO000338,NCC031,SP0192,2026-06-28 12:40:29,779,311700.0
PO001419,NCC028,SP0209,2026-06-28 13:30:39,939,88300.0
PO000580,NCC016,SP0140,2026-06-29 11:26:54,986,157600.0
PO000148,NCC037,SP0107,2026-06-29 20:43:19,800,185600.0
PO002044,NCC031,SP0174,2026-06-29 22:37:50,770,537200.0
PO000756,NCC019,SP0041,2026-06-30 08:10:34,141,718000.0
PO000897,NCC038,SP0115,2026-07-01 01:22:38,655,20700.0
PO002047,NCC041,SP0059,2026-07-01 14:43:57,131,408300.0
PO002429,NCC018,SP0216,2026-07-01 17:34:31,659,51000.0
PO003452,NCC030,SP0200,2026-07-01 23:56:24,523,266300.0
PO001775,NCC033,SP0139,2026-07-02 00:28:33,357,101400.0
PO002117,NCC029,SP0055,2026-07-02 05:28:06,307,169700.0
PO000435,NCC008,SP0065,2026-07-02 07:33:35,346,490500.0
PO002461,NCC010,SP0017,2026-07-02 11:02:35,777,38700.0
PO001211,NCC002,SP0132,2026-07-02 22:59:28,795,306600.0
PO000808,NCC021,SP0027,2026-07-03 04:26:21,284,56700.0
PO001489,NCC009,SP0019,2026-07-03 06:51:06,937,90000.0
PO001689,NCC018,SP0150,2026-07-03 22:09:28,168,126600.0
PO003484,NCC033,SP0105,2026-07-04 07:12:14,207,121200.0
PO002082,NCC017,SP0124,2026-07-04 07:41:22,784,56400.0
PO003022,NCC010,SP0160,2026-07-04 11:58:54,328,54800.0
PO001012,NCC010,SP0134,2026-07-05 08:56:44,881,91700.0
PO002008,NCC029,SP0069,2026-07-05 11:06:17,322,42400.0
PO002310,NCC030,SP0203,2026-07-05 12:21:37,193,773800.0
PO000535,NCC004,SP0017,2026-07-05 22:27:29,633,43100.0
PO002316,NCC001,SP0142,2026-07-06 05:46:28,714,339000.0
PO002042,NCC030,SP0193,2026-07-06 08:00:21,422,77900.0
PO002695,NCC010,SP0085,2026-07-06 09:23:28,957,68100.0
PO002692,NCC014,SP0058,2026-07-06 16:21:25,227,33500.0
PO002126,NCC016,SP0079,2026-07-06 17:32:49,542,20900.0
PO000949,NCC011,SP0015,2026-07-06 20:56:02,60,58800.0
PO000735,NCC013,SP0162,2026-07-07 01:26:43,156,116300.0
PO000017,NCC039,SP0116,2026-07-07 02:03:34,60,428700.0
PO001565,NCC021,SP0001,2026-07-07 02:48:38,869,29100.0
PO001258,NCC011,SP0013,2026-07-07 08:07:53,716,62900.0
PO001163,NCC013,SP0118,2026-07-07 09:40:47,51,138300.0
PO001202,NCC037,SP0053,2026-07-07 19:40:09,568,136400.0
PO001924,NCC032,SP0068,2026-07-08 00:04:04,951,38500.0
PO001091,NCC026,SP0134,2026-07-08 11:23:33,734,107000.0
PO001062,NCC039,SP0173,2026-07-08 20:54:36,362,98600.0
PO000774,NCC026,SP0192,2026-07-08 23:15:28,624,322700.0
PO001252,NCC030,SP0135,2026-07-09 06:41:55,808,599000.0
PO003361,NCC007,SP0001,2026-07-09 11:04:31,909,29900.0
PO002898,NCC012,SP0108,2026-07-09 12:05:05,575,88700.0
PO001557,NCC027,SP0097,2026-07-09 12:33:14,568,66900.0
PO002989,NCC006,SP0148,2026-07-09 16:33:24,534,35200.0
PO003324,NCC005,SP0117,2026-07-10 00:29:12,803,32400.0
PO003089,NCC002,SP0139,2026-07-10 01:45:17,894,135000.0
PO001847,NCC032,SP0144,2026-07-10 02:12:04,747,107500.0
PO002827,NCC044,SP0030,2026-07-10 06:35:16,311,619600.0
PO001543,NCC004,SP0046,2026-07-10 10:36:06,199,27100.0
PO002055,NCC034,SP0049,2026-07-10 15:19:59,550,131400.0
PO001166,NCC029,SP0071,2026-07-11 00:43:57,785,505900.0
PO001752,NCC039,SP0214,2026-07-11 09:52:13,451,37300.0
PO002141,NCC039,SP0127,2026-07-11 13:01:02,326,30800.0
PO001946,NCC040,SP0084,2026-07-11 14:52:13,820,98900.0
PO001899,NCC035,SP0202,2026-07-11 15:25:59,312,250200.0
PO003431,NCC026,SP0206,2026-07-12 01:33:29,314,37200.0
PO002288,NCC021,SP0005,2026-07-12 13:29:58,859,144300.0
PO001821,NCC038,SP0209,2026-07-12 16:45:36,463,73600.0
PO002291,NCC010,SP0069,2026-07-12 17:13:22,228,34100.0
PO003286,NCC003,SP0171,2026-07-13 07:55:53,386,20200.0
PO002410,NCC027,SP0086,2026-07-13 12:45:06,640,115700.0
PO002301,NCC025,SP0210,2026-07-14 04:51:00,587,17500.0
PO000045,NCC012,SP0025,2026-07-14 06:57:12,253,25200.0
PO000286,NCC006,SP0091,2026-07-14 07:17:35,683,45100.0
PO002579,NCC003,SP0044,2026-07-14 10:23:36,578,744700.0
PO002346,NCC004,SP0066,2026-07-14 11:41:02,163,351400.0
PO002806,NCC016,SP0051,2026-07-15 07:06:22,157,174700.0
PO001627,NCC002,SP0212,2026-07-15 08:11:47,430,171500.0
PO000041,NCC033,SP0156,2026-07-15 10:33:54,194,81200.0
PO001789,NCC035,SP0014,2026-07-15 11:22:22,311,417300.0
PO002028,NCC045,SP0048,2026-07-15 12:12:48,814,44200.0
PO001707,NCC023,SP0137,2026-07-15 15:30:43,118,532500.0
PO000162,NCC015,SP0196,2026-07-15 22:24:43,491,90100.0
PO002337,NCC025,SP0212,2026-07-16 16:58:12,76,159600.0
PO003168,NCC018,SP0003,2026-07-16 23:24:52,333,43900.0
PO002697,NCC037,SP0068,2026-07-17 09:06:25,718,37900.0
PO002208,NCC006,SP0153,2026-07-17 17:06:43,272,110500.0
PO001806,NCC040,SP0191,2026-07-17 21:20:29,497,38000.0
PO000450,NCC040,SP0023,2026-07-18 23:21:02,613,127000.0
PO002749,NCC042,SP0195,2026-07-19 00:48:28,531,114600.0
PO001173,NCC045,SP0112,2026-07-19 10:33:09,208,91300.0
PO001570,NCC004,SP0206,2026-07-19 14:34:52,596,38000.0
PO000734,NCC035,SP0148,2026-07-19 18:50:18,348,38200.0
PO000352,NCC038,SP0069,2026-07-19 22:42:37,492,34700.0
PO003491,NCC033,SP0171,2026-07-20 09:48:34,833,20400.0
PO002191,NCC021,SP0049,2026-07-20 16:08:45,620,129900.0
PO002199,NCC028,SP0215,2026-07-21 08:19:40,547,59800.0
PO003002,NCC001,SP0211,2026-07-21 15:02:37,664,115000.0
PO002792,NCC006,SP0195,2026-07-21 17:30:59,768,132900.0
PO002714,NCC042,SP0066,2026-07-22 12:29:36,235,304400.0
PO000650,NCC010,SP0031,2026-07-22 13:34:29,749,36700.0
PO002956,NCC012,SP0144,2026-07-22 17:28:42,758,126300.0
PO001354,NCC034,SP0171,2026-07-22 18:35:58,273,19200.0
PO002378,NCC010,SP0143,2026-07-22 19:17:35,580,97400.0
PO003139,NCC005,SP0218,2026-07-22 21:31:58,105,112300.0
PO003315,NCC032,SP0215,2026-07-22 23:54:05,84,65200.0
PO003039,NCC007,SP0156,2026-07-23 00:32:17,40,67300.0
PO002974,NCC016,SP0110,2026-07-23 01:28:59,673,40100.0
PO002011,NCC013,SP0107,2026-07-23 06:36:54,616,192800.0
PO001868,NCC040,SP0012,2026-07-23 15:30:52,792,109000.0
PO000099,NCC033,SP0200,2026-07-23 20:27:57,747,331400.0
PO000923,NCC007,SP0155,2026-07-24 07:18:19,809,169000.0
PO000766,NCC017,SP0117,2026-07-24 18:46:49,544,31500.0
PO002892,NCC015,SP0028,2026-07-24 18:56:43,788,116000.0
PO000398,NCC026,SP0040,2026-07-25 01:34:03,630,108300.0
PO002919,NCC016,SP0056,2026-07-25 09:51:42,474,44500.0
PO001537,NCC042,SP0100,2026-07-25 18:56:49,927,151700.0
PO003138,NCC002,SP0084,2026-07-25 19:11:14,629,101800.0
PO001744,NCC031,SP0162,2026-07-25 20:50:57,103,95100.0
PO002820,NCC027,SP0121,2026-07-26 07:00:10,911,109400.0
PO002462,NCC024,SP0082,2026-07-26 07:14:56,736,502700.0
PO000584,NCC044,SP0093,2026-07-26 16:01:57,250,706700.0
PO001592,NCC007,SP0130,2026-07-26 18:43:19,97,157000.0
PO002824,NCC041,SP0123,2026-07-26 23:21:59,572,164700.0
PO002847,NCC016,SP0042,2026-07-27 06:09:55,579,113700.0
PO001449,NCC005,SP0173,2026-07-27 07:32:05,686,94800.0
PO001156,NCC005,SP0064,2026-07-27 08:34:45,613,113900.0
PO000757,NCC015,SP0200,2026-07-27 13:37:56,680,309800.0
PO003235,NCC015,SP0176,2026-07-27 18:20:33,414,72600.0
PO002389,NCC015,SP0210,2026-07-27 18:45:59,125,19200.0
PO001116,NCC010,SP0068,2026-07-28 00:17:22,23,39200.0
PO002798,NCC001,SP0149,2026-07-28 04:58:42,425,761000.0
PO000053,NCC038,SP0146,2026-07-28 10:37:29,486,76000.0
PO000084,NCC024,SP0123,2026-07-28 17:34:23,694,153400.0
PO000437,NCC009,SP0175,2026-07-28 17:44:22,190,19700.0
PO000356,NCC018,SP0050,2026-07-29 03:45:24,961,513900.0
PO002982,NCC044,SP0134,2026-07-29 05:53:46,617,119400.0
PO002986,NCC011,SP0042,2026-07-29 06:30:41,61,100500.0
PO000843,NCC023,SP0139,2026-07-29 13:12:52,41,115200.0
PO003158,NCC006,SP0037,2026-07-29 15:17:49,234,124900.0
PO002148,NCC037,SP0023,2026-07-30 00:18:30,901,109600.0
PO000643,NCC015,SP0119,2026-07-30 04:01:12,69,151700.0
PO002033,NCC017,SP0175,2026-07-30 09:47:10,382,20400.0
PO000539,NCC004,SP0138,2026-07-30 12:25:12,728,25600.0
PO000177,NCC032,SP0051,2026-07-30 16:21:57,834,194400.0
PO002940,NCC011,SP0023,2026-07-30 19:44:41,43,108200.0
PO001420,NCC023,SP0005,2026-07-31 04:56:37,719,135100.0
PO001422,NCC027,SP0072,2026-07-31 07:40:37,662,430500.0
PO001216,NCC006,SP0199,2026-07-31 19:06:16,858,81100.0
