MaDonHang,MaKhachHang,NgayDatHang,KenhBan,NhanVienBanHang,TrangThai
DH002372,KH0446,2024-08-01 03:52:00,Bán lẻ trực tiếp,NV14,Đã giao
DH002391,KH0141,2024-08-01 07:01:00,Bán lẻ trực tiếp,NV09,Đã giao
DH003373,KH0231,2024-08-01 09:17:00,TMĐT - Shopee,NV26,Đã giao
DH010628,KH0063,2024-08-01 12:11:00,TMĐT - Tiki,NV28,Đã hủy
DH003189,KH0198,2024-08-01 14:02:00,TMĐT - Tiki,NV28,Đã giao
DH011709,KH0249,2024-08-01 20:21:00,Bán lẻ trực tiếp,NV02,Đã giao
DH007869,KH0233,2024-08-01 20:23:00,Showroom,NV10,Đã hủy
DH011191,KH0421,2024-08-01 21:51:00,Đại lý,NV27,Đã giao
DH000919,KH0212,2024-08-01 22:30:00,TMĐT - Lazada,NV15,Đang xử lý
DH011881,KH0242,2024-08-01 23:55:00,Showroom,NV22,Đã giao
DH001763,KH0447,2024-08-02 00:16:00,TMĐT - Shopee,NV25,Đã giao
DH000902,KH0074,2024-08-02 00:37:00,TMĐT - Tiki,NV11,Đã giao
DH008205,KH0432,2024-08-02 03:03:00,Đại lý,NV22,Đã giao
DH002966,KH0242,2024-08-02 03:47:00,TMĐT - Lazada,NV01,Đã giao
DH005427,KH0032,2024-08-02 04:15:00,TMĐT - Lazada,NV05,Đã giao
DH007874,KH0306,2024-08-02 04:37:00,Đại lý,NV18,Đã giao
DH001490,KH0360,2024-08-02 08:31:00,Bán lẻ trực tiếp,NV20,Đã giao
DH002788,KH0318,2024-08-02 09:04:00,TMĐT - Shopee,NV28,Đã giao
DH004798,KH0399,2024-08-02 10:35:00,TMĐT - Lazada,NV23,Đã giao
DH001380,KH0044,2024-08-02 13:30:00,Đại lý,NV20,Đã giao
DH008582,KH0288,2024-08-02 16:22:00,TMĐT - Shopee,NV27,Đã giao
DH008834,KH0436,2024-08-02 16:29:00,Đại lý,NV07,Đã giao
DH009431,KH0446,2024-08-02 16:55:00,TMĐT - Lazada,NV30,Đã giao
DH007222,KH0246,2024-08-02 18:02:00,TMĐT - Shopee,NV14,Đã giao
DH000531,KH0365,2024-08-02 18:11:00,Đại lý,NV20,Đã giao
DH008978,KH0249,2024-08-02 18:14:00,TMĐT - Tiki,NV24,Đã giao
DH001622,KH0140,2024-08-02 19:37:00,TMĐT - Tiki,NV07,Đã giao
DH006848,KH0119,2024-08-02 21:27:00,TMĐT - Lazada,NV15,Đang xử lý
DH004670,KH0002,2024-08-02 22:05:00,TMĐT - Lazada,NV04,Đã giao
DH006201,KH0246,2024-08-02 22:17:00,Bán lẻ trực tiếp,NV06,Đã giao
DH004639,KH0412,2024-08-02 22:43:00,Showroom,NV03,Đã giao
DH008442,KH0249,2024-08-02 23:32:00,TMĐT - Shopee,NV13,Đã giao
DH001419,KH0391,2024-08-03 04:19:00,Bán lẻ trực tiếp,NV27,Đã giao
DH004654,KH0448,2024-08-03 04:36:00,Bán lẻ trực tiếp,NV02,Trả hàng
DH001736,KH0273,2024-08-03 09:41:00,TMĐT - Tiki,NV26,Đã giao
DH004169,KH0018,2024-08-03 11:27:00,Đại lý,NV07,Đã giao
DH002555,KH0071,2024-08-03 11:29:00,Đại lý,NV17,Mới
DH009344,KH0155,2024-08-03 13:34:00,Showroom,NV21,Mới
DH003211,KH0246,2024-08-03 16:28:00,TMĐT - Lazada,NV07,Đã giao
DH001558,KH0270,2024-08-03 18:50:00,Showroom,NV15,Đã giao
DH010999,KH0315,2024-08-03 19:11:00,TMĐT - Shopee,NV20,Đã giao
DH004667,KH0155,2024-08-03 22:05:00,TMĐT - Tiki,NV01,Đã giao
DH008322,KH0098,2024-08-03 22:43:00,TMĐT - Shopee,NV10,Đã giao
DH010698,KH0447,2024-08-04 02:42:00,Showroom,NV09,Mới
DH006452,KH0056,2024-08-04 03:24:00,Bán lẻ trực tiếp,NV14,Đã giao
DH007828,KH0262,2024-08-04 05:11:00,Bán lẻ trực tiếp,NV08,Đang xử lý
DH004967,KH0265,2024-08-04 06:01:00,Đại lý,NV15,Đã giao
DH009144,KH0368,2024-08-04 06:55:00,TMĐT - Shopee,NV30,Đã giao
DH010927,KH0248,2024-08-04 07:00:00,Đại lý,NV01,Đã giao
DH006091,KH0140,2024-08-04 07:48:00,TMĐT - Tiki,NV25,Đã hủy
DH006235,KH0135,2024-08-04 07:55:00,Bán lẻ trực tiếp,NV22,Đã hủy
DH008531,KH0442,2024-08-04 08:07:00,TMĐT - Lazada,NV01,Đã giao
DH006572,KH0419,2024-08-04 09:21:00,TMĐT - Shopee,NV25,Đã giao
DH006269,KH0243,2024-08-04 09:49:00,TMĐT - Lazada,NV07,Đã giao
DH006497,KH0400,2024-08-04 11:39:00,TMĐT - Shopee,NV04,Mới
DH009151,KH0292,2024-08-04 12:22:00,Showroom,NV26,Đã giao
DH002981,KH0367,2024-08-04 15:01:00,Đại lý,NV10,Đã giao
DH011275,KH0432,2024-08-04 16:50:00,Showroom,NV01,Đã giao
DH002452,KH0122,2024-08-04 21:37:00,Đại lý,NV16,Đã giao
DH001813,KH0442,2024-08-04 22:34:00,Bán lẻ trực tiếp,NV02,Đang xử lý
DH000356,KH0236,2024-08-05 00:04:00,TMĐT - Tiki,NV20,Đã giao
DH000589,KH0035,2024-08-05 01:44:00,TMĐT - Tiki,NV05,Mới
DH004223,KH0274,2024-08-05 02:56:00,TMĐT - Tiki,NV25,Đã giao
DH005488,KH0341,2024-08-05 03:54:00,TMĐT - Tiki,NV21,Đã giao
DH009676,KH0218,2024-08-05 06:22:00,TMĐT - Tiki,NV06,Đã giao
DH007044,KH0227,2024-08-05 08:54:00,TMĐT - Shopee,NV10,Đã giao
DH009755,KH0374,2024-08-05 12:03:00,Showroom,NV12,Đã giao
DH003109,KH0306,2024-08-05 13:44:00,Đại lý,NV20,Đã giao
DH008606,KH0155,2024-08-05 14:05:00,Đại lý,NV25,Đã giao
DH003045,KH0447,2024-08-05 20:36:00,TMĐT - Shopee,NV25,Đã giao
DH003658,KH0447,2024-08-05 21:35:00,TMĐT - Lazada,NV26,Đang xử lý
DH011726,KH0177,2024-08-05 22:47:00,Bán lẻ trực tiếp,NV25,Đã giao
DH007358,KH0114,2024-08-05 23:21:00,Bán lẻ trực tiếp,NV26,Đã giao
DH006757,KH0051,2024-08-05 23:38:00,TMĐT - Lazada,NV24,Đã giao
DH003589,KH0171,2024-08-06 00:13:00,Đại lý,NV28,Đã giao
DH006647,KH0017,2024-08-06 01:51:00,Showroom,NV06,Đã giao
DH008445,KH0155,2024-08-06 03:01:00,TMĐT - Tiki,NV18,Đã giao
DH003264,KH0113,2024-08-06 03:26:00,Bán lẻ trực tiếp,NV11,Đã giao
DH007610,KH0012,2024-08-06 03:37:00,Showroom,NV09,Đã giao
DH009720,KH0413,2024-08-06 05:01:00,Đại lý,NV29,Đã giao
DH006712,KH0077,2024-08-06 06:45:00,Showroom,NV21,Đã giao
DH007979,KH0337,2024-08-06 06:57:00,TMĐT - Tiki,NV06,Đã giao
DH005379,KH0391,2024-08-06 12:52:00,TMĐT - Shopee,NV14,Đã giao
DH002404,KH0137,2024-08-06 13:33:00,TMĐT - Tiki,NV28,Đã giao
DH001159,KH0385,2024-08-06 13:40:00,TMĐT - Lazada,NV08,Đã giao
DH006297,KH0394,2024-08-06 16:08:00,Showroom,NV17,Đã giao
DH001091,KH0227,2024-08-06 16:31:00,TMĐT - Tiki,NV11,Đã giao
DH008380,KH0248,2024-08-06 17:08:00,TMĐT - Tiki,NV07,Đã giao
DH000950,KH0350,2024-08-06 18:31:00,TMĐT - Shopee,NV11,Đã giao
DH009110,KH0276,2024-08-06 22:28:00,Đại lý,NV29,Đã giao
DH006360,KH0070,2024-08-06 22:28:00,TMĐT - Lazada,NV18,Đã hủy
DH004519,KH0442,2024-08-06 23:59:00,TMĐT - Lazada,NV07,Đã giao
DH011155,KH0391,2024-08-07 00:08:00,Showroom,NV07,Đang xử lý
DH006310,KH0016,2024-08-07 00:20:00,Showroom,NV18,Đã giao
DH000787,KH0316,2024-08-07 04:32:00,Bán lẻ trực tiếp,NV28,Đã giao
DH003988,KH0257,2024-08-07 06:39:00,TMĐT - Lazada,NV19,Đã giao
DH009659,KH0242,2024-08-07 09:56:00,TMĐT - Lazada,NV24,Trả hàng
DH004394,KH0155,2024-08-07 11:06:00,TMĐT - Lazada,NV29,Đã giao
DH008747,KH0269,2024-08-07 15:21:00,Đại lý,NV07,Đã giao
DH010097,KH0264,2024-08-07 15:32:00,Bán lẻ trực tiếp,NV14,Mới
DH000158,KH0164,2024-08-07 18:42:00,Đại lý,NV12,Đang xử lý
DH004505,KH0227,2024-08-07 20:03:00,Showroom,NV29,Đã giao
DH007722,KH0048,2024-08-07 20:06:00,Showroom,NV28,Đã giao
DH005114,KH0052,2024-08-07 21:43:00,TMĐT - Lazada,NV01,Đã giao
DH005430,KH0406,2024-08-07 23:11:00,TMĐT - Shopee,NV12,Đã giao
DH000730,KH0326,2024-08-07 23:56:00,TMĐT - Tiki,NV10,Đã giao
DH000483,KH0325,2024-08-08 00:24:00,Showroom,NV02,Đã giao
DH002644,KH0002,2024-08-08 00:57:00,TMĐT - Tiki,NV15,Đang xử lý
DH000292,KH0272,2024-08-08 07:09:00,TMĐT - Lazada,NV29,Đã giao
DH008801,KH0229,2024-08-08 07:42:00,TMĐT - Tiki,NV29,Đã giao
DH001002,KH0409,2024-08-08 08:56:00,Bán lẻ trực tiếp,NV02,Mới
DH010323,KH0396,2024-08-08 10:13:00,Đại lý,NV04,Đã giao
DH005242,KH0433,2024-08-08 14:11:00,Bán lẻ trực tiếp,NV28,Đã giao
DH007878,KH0183,2024-08-08 14:42:00,TMĐT - Shopee,NV12,Đã giao
DH011634,KH0281,2024-08-08 15:24:00,TMĐT - Lazada,NV21,Đã giao
DH008786,KH0128,2024-08-08 18:08:00,TMĐT - Tiki,NV22,Đã giao
DH011865,KH0070,2024-08-08 19:34:00,TMĐT - Lazada,NV24,Đã giao
DH004577,KH0385,2024-08-08 23:08:00,TMĐT - Tiki,NV06,Đã giao
DH001835,KH0095,2024-08-08 23:38:00,TMĐT - Tiki,NV28,Đã giao
DH002828,KH0412,2024-08-09 00:30:00,Bán lẻ trực tiếp,NV22,Đã giao
DH009728,KH0303,2024-08-09 01:11:00,TMĐT - Shopee,NV30,Đã giao
DH009105,KH0384,2024-08-09 02:18:00,TMĐT - Shopee,NV22,Đã giao
DH003990,KH0338,2024-08-09 03:04:00,TMĐT - Lazada,NV22,Đã giao
DH002920,KH0093,2024-08-09 04:22:00,TMĐT - Tiki,NV05,Đã giao
DH011880,KH0402,2024-08-09 09:06:00,TMĐT - Lazada,NV26,Đã giao
DH006382,KH0249,2024-08-09 13:07:00,Bán lẻ trực tiếp,NV19,Đã giao
DH010992,KH0448,2024-08-09 14:58:00,TMĐT - Lazada,NV27,Đã giao
DH005163,KH0391,2024-08-09 15:07:00,Bán lẻ trực tiếp,NV21,Đã giao
DH003047,KH0158,2024-08-09 15:28:00,Bán lẻ trực tiếp,NV29,Đã giao
DH001309,KH0406,2024-08-09 16:39:00,Bán lẻ trực tiếp,NV30,Đã giao
DH005234,KH0183,2024-08-09 16:52:00,TMĐT - Tiki,NV28,Đã giao
DH008406,KH0358,2024-08-09 18:26:00,TMĐT - Tiki,NV30,Đã giao
DH005126,KH0384,2024-08-09 18:29:00,Showroom,NV04,Đã giao
DH007937,KH0315,2024-08-09 18:44:00,TMĐT - Lazada,NV05,Đã giao
DH002152,KH0115,2024-08-09 19:06:00,TMĐT - Shopee,NV12,Đã giao
DH004162,KH0356,2024-08-09 20:49:00,Showroom,NV17,Đã giao
DH010066,KH0105,2024-08-09 22:52:00,Bán lẻ trực tiếp,NV03,Đã giao
DH004703,KH0215,2024-08-09 23:53:00,Showroom,NV04,Đã giao
DH010128,KH0166,2024-08-09 23:59:00,TMĐT - Shopee,NV13,Đã giao
DH001317,KH0347,2024-08-10 02:02:00,TMĐT - Lazada,NV29,Đã giao
DH001371,KH0396,2024-08-10 11:19:00,TMĐT - Lazada,NV09,Đã giao
DH000332,KH0254,2024-08-10 12:39:00,TMĐT - Shopee,NV08,Đang xử lý
DH002713,KH0012,2024-08-10 14:47:00,Đại lý,NV23,Đã giao
DH004354,KH0337,2024-08-10 17:44:00,TMĐT - Lazada,NV19,Đã giao
DH002207,KH0243,2024-08-10 20:32:00,TMĐT - Lazada,NV13,Đã giao
DH004907,KH0305,2024-08-10 23:30:00,Showroom,NV01,Đã hủy
DH010131,KH0167,2024-08-11 00:10:00,Đại lý,NV08,Đã giao
DH010701,KH0439,2024-08-11 01:22:00,Showroom,NV26,Đã giao
DH003334,KH0070,2024-08-11 01:27:00,Đại lý,NV09,Đã giao
DH009452,KH0122,2024-08-11 04:57:00,TMĐT - Tiki,NV30,Đã giao
DH010455,KH0009,2024-08-11 04:58:00,TMĐT - Tiki,NV14,Đã giao
DH006259,KH0325,2024-08-11 06:06:00,TMĐT - Lazada,NV18,Đã giao
DH008988,KH0092,2024-08-11 09:21:00,TMĐT - Shopee,NV11,Đã giao
DH000335,KH0390,2024-08-11 09:36:00,TMĐT - Shopee,NV05,Đã giao
DH004551,KH0142,2024-08-11 10:42:00,Showroom,NV02,Đang xử lý
DH002239,KH0148,2024-08-11 12:32:00,TMĐT - Lazada,NV16,Đã giao
DH000320,KH0391,2024-08-11 17:06:00,Đại lý,NV30,Đã hủy
DH000145,KH0404,2024-08-11 18:55:00,Showroom,NV30,Đã giao
DH001461,KH0070,2024-08-11 21:21:00,TMĐT - Shopee,NV24,Đã giao
DH004951,KH0051,2024-08-11 23:53:00,Showroom,NV02,Đã giao
DH004188,KH0442,2024-08-12 05:06:00,Đại lý,NV28,Đã giao
DH004272,KH0218,2024-08-12 07:17:00,Bán lẻ trực tiếp,NV06,Đã giao
DH006211,KH0367,2024-08-12 08:16:00,Showroom,NV14,Đã giao
DH008668,KH0447,2024-08-12 08:36:00,TMĐT - Tiki,NV21,Đã hủy
DH003720,KH0024,2024-08-12 13:01:00,Đại lý,NV03,Đã giao
DH002879,KH0146,2024-08-12 17:16:00,TMĐT - Shopee,NV23,Đã giao
DH009638,KH0117,2024-08-12 18:29:00,TMĐT - Lazada,NV29,Đã giao
DH007187,KH0199,2024-08-12 21:36:00,Bán lẻ trực tiếp,NV27,Đã giao
DH007307,KH0428,2024-08-12 22:12:00,TMĐT - Tiki,NV04,Đã giao
DH003012,KH0056,2024-08-12 22:33:00,TMĐT - Shopee,NV21,Đang xử lý
DH005072,KH0262,2024-08-13 00:12:00,Đại lý,NV30,Đã giao
DH009127,KH0432,2024-08-13 00:44:00,Showroom,NV24,Đã giao
DH006075,KH0240,2024-08-13 01:10:00,TMĐT - Lazada,NV26,Đã giao
DH010359,KH0391,2024-08-13 01:30:00,TMĐT - Shopee,NV11,Đã hủy
DH001142,KH0367,2024-08-13 02:25:00,TMĐT - Shopee,NV05,Đã giao
DH006654,KH0325,2024-08-13 02:48:00,Bán lẻ trực tiếp,NV01,Đã giao
DH002851,KH0115,2024-08-13 03:14:00,Bán lẻ trực tiếp,NV14,Đã giao
DH008718,KH0135,2024-08-13 04:48:00,TMĐT - Shopee,NV28,Đã giao
DH006768,KH0114,2024-08-13 06:26:00,TMĐT - Lazada,NV18,Đã giao
DH008745,KH0231,2024-08-13 08:30:00,Đại lý,NV06,Đang xử lý
DH007903,KH0140,2024-08-13 09:57:00,TMĐT - Lazada,NV16,Đã giao
DH007342,KH0227,2024-08-13 11:23:00,TMĐT - Shopee,NV27,Đã giao
DH002998,KH0070,2024-08-13 12:44:00,TMĐT - Shopee,NV08,Đã giao
DH010861,KH0446,2024-08-13 12:57:00,Showroom,NV11,Đã hủy
DH004430,KH0018,2024-08-13 13:24:00,Showroom,NV17,Đã giao
DH005172,KH0070,2024-08-13 14:13:00,TMĐT - Lazada,NV27,Đã giao
DH010811,KH0272,2024-08-13 15:25:00,TMĐT - Tiki,NV17,Đang xử lý
DH003013,KH0367,2024-08-13 16:04:00,Showroom,NV18,Đã giao
DH008244,KH0108,2024-08-13 16:06:00,TMĐT - Tiki,NV04,Đang xử lý
DH003671,KH0222,2024-08-13 17:04:00,Bán lẻ trực tiếp,NV12,Mới
DH002090,KH0035,2024-08-13 17:52:00,TMĐT - Lazada,NV01,Đã giao
DH000308,KH0031,2024-08-13 18:26:00,TMĐT - Lazada,NV15,Đã giao
DH003683,KH0200,2024-08-13 20:11:00,TMĐT - Shopee,NV10,Đã giao
DH009141,KH0053,2024-08-14 02:28:00,Bán lẻ trực tiếp,NV23,Đã giao
DH011960,KH0356,2024-08-14 03:58:00,TMĐT - Shopee,NV15,Đã giao
DH001358,KH0447,2024-08-14 05:09:00,TMĐT - Lazada,NV06,Đã giao
DH006788,KH0198,2024-08-14 11:31:00,Showroom,NV15,Đã giao
DH001348,KH0413,2024-08-14 13:05:00,TMĐT - Shopee,NV20,Đã hủy
DH000081,KH0054,2024-08-14 13:19:00,TMĐT - Lazada,NV24,Đã giao
DH007760,KH0062,2024-08-14 14:23:00,TMĐT - Tiki,NV13,Đã giao
DH009898,KH0218,2024-08-15 00:15:00,TMĐT - Shopee,NV01,Đã giao
DH001294,KH0187,2024-08-15 04:49:00,Bán lẻ trực tiếp,NV09,Đã giao
DH007103,KH0122,2024-08-15 08:33:00,Bán lẻ trực tiếp,NV25,Đã giao
DH000456,KH0257,2024-08-15 08:49:00,Bán lẻ trực tiếp,NV05,Đã giao
DH009014,KH0391,2024-08-15 09:37:00,TMĐT - Shopee,NV08,Đã giao
DH001112,KH0414,2024-08-15 11:45:00,Showroom,NV16,Đã giao
DH005292,KH0442,2024-08-15 12:21:00,Đại lý,NV29,Đang xử lý
DH001652,KH0332,2024-08-15 13:26:00,TMĐT - Lazada,NV01,Đã giao
DH010699,KH0166,2024-08-15 15:27:00,Đại lý,NV12,Đã giao
DH010783,KH0012,2024-08-15 18:49:00,Đại lý,NV28,Đã giao
DH001132,KH0354,2024-08-15 20:17:00,Bán lẻ trực tiếp,NV28,Đã giao
DH003331,KH0262,2024-08-15 20:47:00,Showroom,NV28,Đã giao
DH009870,KH0241,2024-08-15 21:32:00,TMĐT - Lazada,NV06,Đã giao
DH000916,KH0068,2024-08-15 21:55:00,Showroom,NV14,Đã hủy
DH000624,KH0316,2024-08-15 22:40:00,Showroom,NV21,Đã giao
DH008540,KH0262,2024-08-15 23:45:00,TMĐT - Lazada,NV16,Trả hàng
DH002210,KH0087,2024-08-16 01:22:00,TMĐT - Lazada,NV10,Đã giao
DH003620,KH0387,2024-08-16 04:29:00,Bán lẻ trực tiếp,NV03,Đã giao
DH003221,KH0363,2024-08-16 09:39:00,TMĐT - Lazada,NV10,Đã giao
DH005097,KH0127,2024-08-16 10:05:00,Đại lý,NV11,Đã giao
DH010089,KH0158,2024-08-16 18:51:00,TMĐT - Tiki,NV08,Đã giao
DH010869,KH0267,2024-08-17 01:12:00,Bán lẻ trực tiếp,NV06,Mới
DH009332,KH0155,2024-08-17 05:38:00,Bán lẻ trực tiếp,NV11,Đã giao
DH007508,KH0350,2024-08-17 05:53:00,Showroom,NV04,Đã giao
DH001238,KH0179,2024-08-17 07:37:00,Bán lẻ trực tiếp,NV11,Đã giao
DH000703,KH0397,2024-08-17 10:41:00,Đại lý,NV27,Đã giao
DH008851,KH0155,2024-08-17 12:09:00,TMĐT - Shopee,NV06,Đã giao
DH003695,KH0114,2024-08-17 12:43:00,Bán lẻ trực tiếp,NV18,Mới
DH004182,KH0186,2024-08-17 19:49:00,Showroom,NV13,Đã giao
DH003332,KH0389,2024-08-17 21:49:00,Showroom,NV21,Đã giao
DH007668,KH0242,2024-08-17 21:53:00,Bán lẻ trực tiếp,NV14,Đã giao
DH006345,KH0246,2024-08-17 22:05:00,Bán lẻ trực tiếp,NV20,Đã giao
DH009137,KH0356,2024-08-17 22:22:00,Bán lẻ trực tiếp,NV28,Đã giao
DH002601,KH0127,2024-08-17 23:00:00,TMĐT - Shopee,NV18,Đã giao
DH008916,KH0389,2024-08-18 00:06:00,Đại lý,NV06,Đã giao
DH008573,KH0325,2024-08-18 04:17:00,Bán lẻ trực tiếp,NV09,Đã giao
DH010069,KH0113,2024-08-18 06:06:00,TMĐT - Lazada,NV02,Đã giao
DH002012,KH0391,2024-08-18 06:54:00,TMĐT - Shopee,NV24,Đã giao
DH000597,KH0192,2024-08-18 07:05:00,TMĐT - Lazada,NV20,Đã giao
DH000687,KH0413,2024-08-18 09:11:00,Bán lẻ trực tiếp,NV01,Đang xử lý
DH009182,KH0446,2024-08-18 11:47:00,Showroom,NV30,Trả hàng
DH000117,KH0262,2024-08-18 12:33:00,Showroom,NV30,Đã giao
DH000743,KH0135,2024-08-18 14:45:00,Đại lý,NV01,Đã giao
DH002430,KH0218,2024-08-18 15:34:00,Bán lẻ trực tiếp,NV05,Đã giao
DH007047,KH0113,2024-08-18 19:20:00,Đại lý,NV10,Đã giao
DH003434,KH0077,2024-08-18 22:06:00,Đại lý,NV07,Đã giao
DH003643,KH0056,2024-08-19 00:10:00,TMĐT - Tiki,NV28,Đã giao
DH004057,KH0424,2024-08-19 04:12:00,TMĐT - Shopee,NV27,Đã giao
DH001502,KH0035,2024-08-19 07:56:00,Bán lẻ trực tiếp,NV15,Đã giao
DH009404,KH0147,2024-08-19 09:36:00,Đại lý,NV10,Đã giao
DH007725,KH0379,2024-08-19 13:32:00,Đại lý,NV20,Đã giao
DH006597,KH0089,2024-08-19 14:43:00,TMĐT - Lazada,NV08,Đã giao
DH004758,KH0120,2024-08-19 15:56:00,Đại lý,NV08,Đã giao
DH002093,KH0284,2024-08-19 17:45:00,Showroom,NV05,Đã giao
DH009276,KH0127,2024-08-19 17:59:00,Đại lý,NV06,Đã giao
DH004756,KH0262,2024-08-19 19:15:00,Bán lẻ trực tiếp,NV12,Đã giao
DH011560,KH0137,2024-08-19 19:16:00,TMĐT - Tiki,NV21,Mới
DH002696,KH0292,2024-08-19 20:38:00,TMĐT - Lazada,NV21,Đã giao
DH010588,KH0184,2024-08-19 23:00:00,TMĐT - Shopee,NV21,Đã giao
DH009944,KH0166,2024-08-19 23:28:00,TMĐT - Tiki,NV24,Đã giao
DH004384,KH0044,2024-08-20 01:35:00,Đại lý,NV17,Đã giao
DH006077,KH0314,2024-08-20 02:49:00,TMĐT - Shopee,NV28,Đang xử lý
DH008902,KH0051,2024-08-20 03:31:00,Showroom,NV08,Mới
DH002467,KH0359,2024-08-20 05:32:00,TMĐT - Shopee,NV02,Đã giao
DH006370,KH0306,2024-08-20 06:47:00,Bán lẻ trực tiếp,NV25,Đã giao
DH008568,KH0051,2024-08-20 08:18:00,Đại lý,NV04,Đang xử lý
DH001450,KH0411,2024-08-20 08:53:00,Bán lẻ trực tiếp,NV27,Đã giao
DH000273,KH0305,2024-08-20 10:34:00,Showroom,NV15,Đã giao
DH009721,KH0412,2024-08-20 11:27:00,TMĐT - Tiki,NV21,Đã giao
DH003783,KH0391,2024-08-20 11:36:00,Bán lẻ trực tiếp,NV14,Đã giao
DH003678,KH0261,2024-08-20 12:58:00,TMĐT - Shopee,NV14,Đã hủy
DH002699,KH0089,2024-08-20 19:34:00,Showroom,NV22,Đã giao
DH000468,KH0243,2024-08-20 20:06:00,TMĐT - Tiki,NV08,Đã hủy
DH003202,KH0082,2024-08-21 01:11:00,TMĐT - Lazada,NV27,Đã giao
DH005763,KH0409,2024-08-21 02:33:00,Đại lý,NV14,Đã giao
DH002674,KH0070,2024-08-21 07:19:00,Bán lẻ trực tiếp,NV09,Đã hủy
DH000416,KH0231,2024-08-21 08:48:00,TMĐT - Lazada,NV14,Đã giao
DH008470,KH0277,2024-08-21 11:20:00,Bán lẻ trực tiếp,NV12,Đã giao
DH009796,KH0181,2024-08-21 12:56:00,Bán lẻ trực tiếp,NV26,Đã giao
DH011252,KH0116,2024-08-21 13:02:00,Bán lẻ trực tiếp,NV05,Đã giao
DH010688,KH0428,2024-08-21 14:29:00,TMĐT - Shopee,NV07,Đã hủy
DH008133,KH0241,2024-08-21 14:31:00,TMĐT - Tiki,NV22,Đã giao
DH005766,KH0262,2024-08-21 17:05:00,TMĐT - Tiki,NV20,Đã giao
DH000230,KH0044,2024-08-21 17:53:00,Bán lẻ trực tiếp,NV04,Mới
DH004158,KH0074,2024-08-21 18:25:00,TMĐT - Tiki,NV17,Đã hủy
DH005573,KH0257,2024-08-21 18:44:00,TMĐT - Tiki,NV10,Đã giao
DH002681,KH0108,2024-08-21 18:55:00,TMĐT - Tiki,NV20,Đã giao
DH002464,KH0257,2024-08-21 22:00:00,Showroom,NV14,Đã giao
DH006882,KH0199,2024-08-21 23:06:00,TMĐT - Shopee,NV14,Đã giao
DH009974,KH0442,2024-08-22 02:23:00,Bán lẻ trực tiếp,NV06,Đã giao
DH003326,KH0221,2024-08-22 03:22:00,Đại lý,NV16,Đã giao
DH009763,KH0297,2024-08-22 04:11:00,TMĐT - Lazada,NV04,Đã giao
DH011823,KH0155,2024-08-22 04:26:00,Showroom,NV08,Đã giao
DH004935,KH0018,2024-08-22 05:56:00,Showroom,NV14,Đã giao
DH007646,KH0141,2024-08-22 06:27:00,Đại lý,NV16,Đã giao
DH006048,KH0220,2024-08-22 06:52:00,TMĐT - Tiki,NV13,Đã giao
DH010098,KH0171,2024-08-22 06:55:00,TMĐT - Tiki,NV12,Đã giao
DH010518,KH0306,2024-08-22 08:51:00,Showroom,NV14,Đã giao
DH003208,KH0409,2024-08-22 11:34:00,TMĐT - Shopee,NV10,Đã giao
DH005108,KH0070,2024-08-22 13:17:00,TMĐT - Tiki,NV30,Đã giao
DH001728,KH0012,2024-08-22 14:17:00,Đại lý,NV27,Đã giao
DH011343,KH0412,2024-08-22 14:31:00,TMĐT - Tiki,NV17,Đã giao
DH005320,KH0391,2024-08-22 15:07:00,Đại lý,NV04,Đã giao
DH009086,KH0135,2024-08-22 18:49:00,Đại lý,NV14,Đã giao
DH003619,KH0163,2024-08-22 20:11:00,Bán lẻ trực tiếp,NV08,Đã giao
DH007956,KH0273,2024-08-23 05:59:00,Bán lẻ trực tiếp,NV25,Mới
DH005691,KH0035,2024-08-23 08:34:00,Đại lý,NV19,Đã giao
DH007179,KH0054,2024-08-23 09:04:00,Đại lý,NV02,Đang xử lý
DH008143,KH0396,2024-08-23 10:06:00,TMĐT - Shopee,NV17,Đã giao
DH000949,KH0262,2024-08-23 16:55:00,Đại lý,NV08,Đã giao
DH009814,KH0121,2024-08-23 21:13:00,TMĐT - Lazada,NV20,Đã giao
DH010941,KH0415,2024-08-23 23:30:00,Bán lẻ trực tiếp,NV30,Đã giao
DH008364,KH0391,2024-08-24 01:12:00,TMĐT - Lazada,NV08,Đã giao
DH001721,KH0183,2024-08-24 02:24:00,TMĐT - Shopee,NV05,Trả hàng
DH000935,KH0035,2024-08-24 02:45:00,Bán lẻ trực tiếp,NV24,Đã giao
DH006541,KH0227,2024-08-24 03:21:00,TMĐT - Lazada,NV29,Đã giao
DH004587,KH0035,2024-08-24 04:13:00,Showroom,NV10,Mới
DH010692,KH0213,2024-08-24 09:53:00,TMĐT - Lazada,NV02,Đã hủy
DH000388,KH0197,2024-08-24 10:26:00,Bán lẻ trực tiếp,NV18,Đã giao
DH008797,KH0432,2024-08-24 11:48:00,TMĐT - Tiki,NV27,Đã giao
DH005323,KH0227,2024-08-24 11:54:00,Đại lý,NV01,Đã giao
DH002066,KH0377,2024-08-24 12:15:00,TMĐT - Shopee,NV18,Đã giao
DH007699,KH0277,2024-08-24 14:21:00,TMĐT - Lazada,NV26,Đang xử lý
DH008068,KH0041,2024-08-24 15:16:00,Bán lẻ trực tiếp,NV16,Đã giao
DH006836,KH0442,2024-08-24 15:21:00,TMĐT - Shopee,NV15,Đã giao
DH008518,KH0001,2024-08-24 15:43:00,Bán lẻ trực tiếp,NV13,Đã giao
DH008265,KH0274,2024-08-24 16:34:00,Showroom,NV19,Đã giao
DH002006,KH0140,2024-08-24 18:59:00,TMĐT - Shopee,NV19,Mới
DH010229,KH0056,2024-08-24 22:34:00,Showroom,NV11,Đã giao
DH008462,KH0359,2024-08-25 02:09:00,TMĐT - Lazada,NV10,Đã giao
DH000806,KH0307,2024-08-25 03:04:00,TMĐT - Shopee,NV12,Đã giao
DH004652,KH0140,2024-08-25 03:15:00,TMĐT - Shopee,NV23,Đã giao
DH008809,KH0140,2024-08-25 04:31:00,Showroom,NV06,Đã giao
DH006057,KH0157,2024-08-25 05:55:00,TMĐT - Shopee,NV13,Đã giao
DH003981,KH0034,2024-08-25 08:01:00,Đại lý,NV03,Đã giao
DH002770,KH0436,2024-08-25 11:25:00,TMĐT - Lazada,NV23,Đã giao
DH004203,KH0093,2024-08-25 13:08:00,TMĐT - Lazada,NV20,Đã giao
DH000291,KH0044,2024-08-25 14:30:00,Bán lẻ trực tiếp,NV06,Đang xử lý
DH010973,KH0218,2024-08-25 14:39:00,Đại lý,NV22,Đã giao
DH004806,KH0199,2024-08-25 18:02:00,TMĐT - Shopee,NV03,Đã giao
DH002667,KH0420,2024-08-25 18:09:00,Bán lẻ trực tiếp,NV08,Đã giao
DH004009,KH0314,2024-08-25 21:16:00,Bán lẻ trực tiếp,NV28,Đã hủy
DH007566,KH0257,2024-08-25 21:21:00,TMĐT - Tiki,NV07,Đã giao
DH002515,KH0248,2024-08-25 22:10:00,TMĐT - Tiki,NV14,Đang xử lý
DH003390,KH0447,2024-08-25 22:21:00,TMĐT - Lazada,NV02,Đã giao
DH009263,KH0114,2024-08-25 22:48:00,Đại lý,NV09,Trả hàng
DH001540,KH0421,2024-08-26 04:03:00,Showroom,NV04,Đã giao
DH006347,KH0119,2024-08-26 05:57:00,TMĐT - Lazada,NV26,Đang xử lý
DH007138,KH0397,2024-08-26 09:45:00,TMĐT - Shopee,NV22,Đã giao
DH002647,KH0241,2024-08-26 11:53:00,TMĐT - Lazada,NV20,Đã hủy
DH002768,KH0268,2024-08-26 13:46:00,Bán lẻ trực tiếp,NV01,Đã giao
DH002149,KH0002,2024-08-26 15:06:00,Showroom,NV16,Đã giao
DH000545,KH0322,2024-08-26 15:44:00,Showroom,NV25,Đang xử lý
DH011789,KH0208,2024-08-26 15:49:00,Showroom,NV26,Đã giao
DH006993,KH0368,2024-08-26 19:04:00,TMĐT - Shopee,NV10,Đã giao
DH011413,KH0031,2024-08-26 20:19:00,Đại lý,NV06,Đã giao
DH009751,KH0088,2024-08-26 21:30:00,Bán lẻ trực tiếp,NV26,Đã giao
DH003034,KH0396,2024-08-26 23:50:00,TMĐT - Lazada,NV19,Đã giao
DH006531,KH0181,2024-08-26 23:50:00,Bán lẻ trực tiếp,NV03,Đã giao
DH002581,KH0249,2024-08-27 01:05:00,Bán lẻ trực tiếp,NV23,Mới
DH006421,KH0049,2024-08-27 01:12:00,Showroom,NV06,Đã giao
DH001559,KH0141,2024-08-27 06:57:00,TMĐT - Shopee,NV20,Đã giao
DH006438,KH0121,2024-08-27 06:58:00,TMĐT - Lazada,NV28,Đã giao
DH006943,KH0414,2024-08-27 09:12:00,Đại lý,NV21,Mới
DH001218,KH0122,2024-08-27 12:03:00,Showroom,NV26,Đã giao
DH008949,KH0339,2024-08-27 12:14:00,Đại lý,NV17,Đã giao
DH000318,KH0218,2024-08-27 15:07:00,TMĐT - Lazada,NV10,Đã giao
DH001258,KH0241,2024-08-27 16:02:00,TMĐT - Shopee,NV25,Đã giao
DH003982,KH0337,2024-08-27 22:12:00,Đại lý,NV12,Đã giao
DH002032,KH0447,2024-08-27 22:13:00,Showroom,NV20,Đang xử lý
DH011948,KH0066,2024-08-27 22:27:00,Đại lý,NV21,Đã giao
DH001710,KH0385,2024-08-27 22:38:00,Đại lý,NV16,Đang xử lý
DH008967,KH0442,2024-08-28 00:10:00,TMĐT - Shopee,NV18,Đã giao
DH009580,KH0010,2024-08-28 04:51:00,Đại lý,NV21,Đã hủy
DH004503,KH0010,2024-08-28 08:58:00,Bán lẻ trực tiếp,NV25,Đã giao
DH011699,KH0140,2024-08-28 13:37:00,TMĐT - Tiki,NV16,Đang xử lý
DH002444,KH0049,2024-08-28 17:59:00,TMĐT - Lazada,NV23,Đã giao
DH009071,KH0002,2024-08-28 19:03:00,TMĐT - Shopee,NV05,Đang xử lý
DH005001,KH0396,2024-08-28 21:49:00,TMĐT - Tiki,NV14,Đã giao
DH002229,KH0208,2024-08-28 22:12:00,Showroom,NV29,Đã giao
DH006055,KH0268,2024-08-28 23:20:00,Showroom,NV13,Đã giao
DH003090,KH0391,2024-08-29 01:15:00,TMĐT - Shopee,NV25,Đã giao
DH009976,KH0036,2024-08-29 02:29:00,Showroom,NV02,Đã giao
DH002397,KH0008,2024-08-29 03:31:00,Bán lẻ trực tiếp,NV29,Đã giao
DH008324,KH0239,2024-08-29 03:39:00,Đại lý,NV13,Đã giao
DH005718,KH0359,2024-08-29 05:30:00,TMĐT - Lazada,NV22,Đã giao
DH004146,KH0440,2024-08-29 08:48:00,TMĐT - Lazada,NV28,Đã giao
DH009887,KH0051,2024-08-29 08:55:00,Showroom,NV04,Đã giao
DH010182,KH0183,2024-08-29 09:08:00,Showroom,NV01,Đã giao
DH003871,KH0075,2024-08-29 11:36:00,Showroom,NV18,Đã giao
DH008426,KH0406,2024-08-29 13:46:00,Showroom,NV18,Đã hủy
DH001628,KH0013,2024-08-29 15:13:00,Showroom,NV25,Đang xử lý
DH006657,KH0108,2024-08-29 15:43:00,Bán lẻ trực tiếp,NV18,Đã giao
DH011458,KH0447,2024-08-29 15:59:00,TMĐT - Shopee,NV22,Đang xử lý
DH008490,KH0197,2024-08-29 16:43:00,TMĐT - Tiki,NV27,Đã hủy
DH003302,KH0257,2024-08-29 19:20:00,TMĐT - Lazada,NV30,Đã giao
DH006681,KH0155,2024-08-29 19:59:00,Đại lý,NV16,Đã giao
DH003821,KH0132,2024-08-29 20:24:00,TMĐT - Lazada,NV03,Đã hủy
DH006322,KH0119,2024-08-29 20:50:00,Đại lý,NV25,Trả hàng
DH004764,KH0035,2024-08-29 23:17:00,TMĐT - Tiki,NV03,Đã hủy
DH000564,KH0012,2024-08-30 01:03:00,Bán lẻ trực tiếp,NV02,Đã giao
DH010422,KH0384,2024-08-30 01:09:00,Showroom,NV15,Đang xử lý
DH005928,KH0126,2024-08-30 01:44:00,Showroom,NV09,Đã giao
DH007009,KH0035,2024-08-30 04:04:00,TMĐT - Tiki,NV04,Đang xử lý
DH011494,KH0116,2024-08-30 04:06:00,TMĐT - Tiki,NV14,Đã giao
DH005038,KH0051,2024-08-30 04:07:00,Bán lẻ trực tiếp,NV22,Đã giao
DH011822,KH0104,2024-08-30 06:55:00,TMĐT - Shopee,NV08,Đã giao
DH000812,KH0054,2024-08-30 08:02:00,Đại lý,NV06,Đang xử lý
DH004822,KH0362,2024-08-30 08:14:00,TMĐT - Lazada,NV02,Đã giao
DH002570,KH0262,2024-08-30 11:50:00,TMĐT - Tiki,NV06,Đã giao
DH003255,KH0447,2024-08-30 13:43:00,TMĐT - Tiki,NV01,Trả hàng
DH003891,KH0338,2024-08-30 15:41:00,Đại lý,NV09,Mới
DH003266,KH0257,2024-08-30 15:47:00,Showroom,NV08,Đã giao
DH010426,KH0155,2024-08-30 17:02:00,TMĐT - Shopee,NV09,Đã giao
DH011786,KH0070,2024-08-30 17:58:00,Đại lý,NV29,Đã giao
DH004316,KH0070,2024-08-31 00:54:00,Bán lẻ trực tiếp,NV20,Đã giao
DH011439,KH0211,2024-08-31 02:19:00,Bán lẻ trực tiếp,NV13,Đã giao
DH011772,KH0275,2024-08-31 04:12:00,Showroom,NV18,Mới
DH007114,KH0004,2024-08-31 05:20:00,TMĐT - Lazada,NV12,Đã giao
DH000685,KH0242,2024-08-31 05:39:00,Đại lý,NV23,Đã giao
DH009594,KH0442,2024-08-31 08:23:00,Bán lẻ trực tiếp,NV27,Đã giao
DH010687,KH0053,2024-08-31 12:41:00,TMĐT - Lazada,NV16,Đã giao
DH008728,KH0229,2024-08-31 14:21:00,Bán lẻ trực tiếp,NV12,Đã giao
DH010549,KH0213,2024-08-31 15:35:00,Đại lý,NV05,Đã giao
DH002108,KH0071,2024-08-31 16:57:00,Bán lẻ trực tiếp,NV11,Đã giao
DH005730,KH0399,2024-08-31 18:21:00,Bán lẻ trực tiếp,NV19,Đã hủy
DH000983,KH0135,2024-08-31 23:53:00,Bán lẻ trực tiếp,NV03,Đang xử lý
DH011017,KH0034,2024-09-01 01:51:00,TMĐT - Tiki,NV28,Đã giao
DH000330,KH0227,2024-09-01 04:42:00,Showroom,NV18,Đã hủy
DH000873,KH0262,2024-09-01 05:24:00,Showroom,NV06,Đã giao
DH011703,KH0183,2024-09-01 06:51:00,TMĐT - Tiki,NV30,Trả hàng
DH002437,KH0341,2024-09-01 06:54:00,Đại lý,NV28,Đã giao
DH011388,KH0219,2024-09-01 07:34:00,Showroom,NV23,Đã giao
DH008868,KH0368,2024-09-01 08:33:00,TMĐT - Tiki,NV20,Đã giao
DH009228,KH0314,2024-09-01 09:15:00,TMĐT - Lazada,NV12,Đã giao
DH003785,KH0403,2024-09-01 09:35:00,TMĐT - Tiki,NV25,Đã giao
DH009044,KH0114,2024-09-01 10:06:00,TMĐT - Tiki,NV16,Đã giao
DH003949,KH0146,2024-09-01 10:57:00,TMĐT - Lazada,NV09,Đã giao
DH002640,KH0229,2024-09-01 11:50:00,TMĐT - Tiki,NV06,Đã giao
DH005196,KH0222,2024-09-01 12:36:00,Bán lẻ trực tiếp,NV09,Đã giao
DH003432,KH0211,2024-09-01 15:46:00,TMĐT - Shopee,NV20,Đã giao
DH003149,KH0391,2024-09-01 15:53:00,TMĐT - Shopee,NV25,Đã giao
DH008403,KH0205,2024-09-01 18:46:00,TMĐT - Shopee,NV29,Đã giao
DH007132,KH0056,2024-09-01 21:38:00,TMĐT - Shopee,NV27,Đã giao
DH004834,KH0242,2024-09-01 21:45:00,Bán lẻ trực tiếp,NV01,Đã giao
DH002277,KH0248,2024-09-02 00:03:00,Showroom,NV30,Đã giao
DH007465,KH0314,2024-09-02 01:01:00,Đại lý,NV07,Đã giao
DH007039,KH0252,2024-09-02 02:40:00,Showroom,NV02,Đã giao
DH002067,KH0447,2024-09-02 03:15:00,TMĐT - Tiki,NV20,Trả hàng
DH002100,KH0314,2024-09-02 04:36:00,Đại lý,NV26,Đã giao
DH010924,KH0141,2024-09-02 05:20:00,Bán lẻ trực tiếp,NV23,Đã giao
DH010253,KH0155,2024-09-02 05:32:00,Showroom,NV08,Đã giao
DH005374,KH0070,2024-09-02 05:57:00,Showroom,NV14,Đã giao
DH008703,KH0029,2024-09-02 06:10:00,TMĐT - Lazada,NV20,Đã giao
DH008416,KH0068,2024-09-02 06:19:00,Bán lẻ trực tiếp,NV24,Đã giao
DH008904,KH0031,2024-09-02 09:10:00,Showroom,NV04,Đang xử lý
DH006908,KH0332,2024-09-02 09:20:00,TMĐT - Tiki,NV14,Đã giao
DH003562,KH0262,2024-09-02 10:06:00,Showroom,NV19,Đã giao
DH008055,KH0402,2024-09-02 12:25:00,Đại lý,NV26,Đã giao
DH001577,KH0035,2024-09-02 13:22:00,Đại lý,NV03,Đã giao
DH008344,KH0032,2024-09-02 13:31:00,Đại lý,NV26,Đã giao
DH007503,KH0242,2024-09-02 15:25:00,Bán lẻ trực tiếp,NV30,Đang xử lý
DH007178,KH0242,2024-09-02 16:39:00,Bán lẻ trực tiếp,NV15,Đã giao
DH007587,KH0126,2024-09-02 18:33:00,TMĐT - Shopee,NV10,Đã giao
DH010671,KH0194,2024-09-02 20:01:00,TMĐT - Shopee,NV28,Mới
DH007381,KH0056,2024-09-02 22:15:00,TMĐT - Lazada,NV22,Đã giao
DH011918,KH0367,2024-09-02 23:03:00,TMĐT - Shopee,NV25,Đã giao
DH009897,KH0396,2024-09-02 23:04:00,TMĐT - Lazada,NV05,Đã giao
DH005927,KH0054,2024-09-03 02:16:00,Bán lẻ trực tiếp,NV22,Đã giao
DH006333,KH0391,2024-09-03 04:12:00,Showroom,NV01,Đã giao
DH007977,KH0220,2024-09-03 06:09:00,Bán lẻ trực tiếp,NV07,Đã giao
DH004633,KH0365,2024-09-03 10:35:00,TMĐT - Shopee,NV22,Đã giao
DH004733,KH0442,2024-09-03 10:45:00,Showroom,NV23,Đã hủy
DH007558,KH0056,2024-09-03 10:46:00,Bán lẻ trực tiếp,NV08,Đã giao
DH007124,KH0306,2024-09-03 11:25:00,TMĐT - Shopee,NV09,Đã giao
DH003094,KH0140,2024-09-03 13:38:00,Bán lẻ trực tiếp,NV10,Đã giao
DH007502,KH0386,2024-09-03 16:22:00,TMĐT - Tiki,NV11,Đã giao
DH003501,KH0079,2024-09-03 18:09:00,TMĐT - Tiki,NV27,Đã giao
DH002432,KH0359,2024-09-03 18:45:00,Đại lý,NV23,Đã giao
DH011971,KH0198,2024-09-03 20:51:00,TMĐT - Shopee,NV24,Đã giao
DH011384,KH0365,2024-09-03 21:24:00,TMĐT - Shopee,NV21,Đã giao
DH008859,KH0447,2024-09-03 22:13:00,Đại lý,NV06,Đã giao
DH004032,KH0035,2024-09-03 23:04:00,TMĐT - Shopee,NV25,Mới
DH007758,KH0447,2024-09-03 23:44:00,Đại lý,NV03,Đã giao
DH007327,KH0105,2024-09-04 00:16:00,TMĐT - Shopee,NV24,Đã giao
DH004122,KH0442,2024-09-04 00:22:00,TMĐT - Lazada,NV07,Đã giao
DH001526,KH0227,2024-09-04 00:30:00,TMĐT - Shopee,NV16,Đã giao
DH008689,KH0397,2024-09-04 01:11:00,TMĐT - Lazada,NV15,Đã giao
DH003555,KH0262,2024-09-04 01:23:00,TMĐT - Lazada,NV25,Đã giao
DH003585,KH0070,2024-09-04 02:11:00,TMĐT - Tiki,NV23,Đã giao
DH000561,KH0413,2024-09-04 04:43:00,Showroom,NV22,Đã giao
DH002328,KH0151,2024-09-04 05:14:00,TMĐT - Shopee,NV12,Đã giao
DH001494,KH0393,2024-09-04 08:36:00,TMĐT - Shopee,NV13,Đã giao
DH004238,KH0102,2024-09-04 08:53:00,TMĐT - Shopee,NV23,Đã giao
DH007458,KH0439,2024-09-04 08:58:00,Bán lẻ trực tiếp,NV15,Đang xử lý
DH000233,KH0081,2024-09-04 09:45:00,Bán lẻ trực tiếp,NV16,Đang xử lý
DH010262,KH0183,2024-09-04 10:04:00,TMĐT - Shopee,NV29,Đã giao
DH009582,KH0127,2024-09-04 10:34:00,Bán lẻ trực tiếp,NV28,Đã giao
DH008258,KH0070,2024-09-04 14:29:00,TMĐT - Tiki,NV03,Đã giao
DH011901,KH0446,2024-09-04 15:35:00,TMĐT - Tiki,NV21,Đã giao
DH009707,KH0081,2024-09-04 17:15:00,TMĐT - Lazada,NV17,Đang xử lý
DH007759,KH0151,2024-09-04 21:57:00,Bán lẻ trực tiếp,NV25,Đã giao
DH000453,KH0402,2024-09-04 22:11:00,Bán lẻ trực tiếp,NV19,Đã hủy
DH011658,KH0053,2024-09-04 23:33:00,TMĐT - Lazada,NV18,Trả hàng
DH009437,KH0132,2024-09-05 04:25:00,TMĐT - Lazada,NV25,Đã hủy
DH001617,KH0446,2024-09-05 04:50:00,TMĐT - Lazada,NV11,Đã giao
DH008507,KH0116,2024-09-05 06:50:00,Đại lý,NV19,Đã giao
DH002705,KH0391,2024-09-05 06:55:00,TMĐT - Lazada,NV23,Mới
DH006468,KH0281,2024-09-05 09:11:00,Showroom,NV10,Đã hủy
DH009380,KH0447,2024-09-05 09:15:00,TMĐT - Tiki,NV12,Đã giao
DH007823,KH0231,2024-09-05 11:06:00,Showroom,NV27,Đã giao
DH002449,KH0122,2024-09-05 12:46:00,TMĐT - Tiki,NV18,Đã hủy
DH002265,KH0327,2024-09-05 13:01:00,Đại lý,NV25,Đang xử lý
DH008334,KH0219,2024-09-05 15:26:00,Bán lẻ trực tiếp,NV27,Đã giao
DH007482,KH0391,2024-09-05 16:49:00,TMĐT - Shopee,NV14,Đã giao
DH007118,KH0432,2024-09-05 17:03:00,Showroom,NV25,Mới
DH004062,KH0035,2024-09-05 17:22:00,Bán lẻ trực tiếp,NV12,Mới
DH003878,KH0304,2024-09-05 19:18:00,TMĐT - Tiki,NV08,Đã giao
DH000725,KH0157,2024-09-05 22:54:00,Đại lý,NV03,Đã giao
DH007375,KH0227,2024-09-05 23:18:00,Showroom,NV01,Đã giao
DH005609,KH0394,2024-09-05 23:41:00,Showroom,NV21,Đã giao
DH006806,KH0243,2024-09-06 05:07:00,TMĐT - Shopee,NV12,Đã giao
DH003464,KH0288,2024-09-06 06:28:00,Bán lẻ trực tiếp,NV23,Trả hàng
DH006932,KH0079,2024-09-06 07:11:00,Đại lý,NV30,Đang xử lý
DH003196,KH0171,2024-09-06 08:49:00,TMĐT - Lazada,NV27,Mới
DH006395,KH0063,2024-09-06 14:04:00,TMĐT - Tiki,NV23,Đã hủy
DH006808,KH0004,2024-09-06 14:27:00,TMĐT - Lazada,NV24,Đã giao
DH009586,KH0003,2024-09-06 21:07:00,TMĐT - Lazada,NV26,Đã giao
DH011858,KH0002,2024-09-06 22:14:00,TMĐT - Shopee,NV30,Đang xử lý
DH000295,KH0141,2024-09-06 22:58:00,Đại lý,NV03,Đã giao
DH003054,KH0087,2024-09-07 01:51:00,Bán lẻ trực tiếp,NV02,Đã giao
DH005685,KH0428,2024-09-07 02:21:00,TMĐT - Tiki,NV23,Đã giao
DH001833,KH0262,2024-09-07 04:24:00,TMĐT - Lazada,NV22,Đã giao
DH004843,KH0404,2024-09-07 04:34:00,Đại lý,NV21,Đã giao
DH008269,KH0192,2024-09-07 04:43:00,Bán lẻ trực tiếp,NV14,Đã hủy
DH003395,KH0402,2024-09-07 05:53:00,Showroom,NV12,Đã giao
DH006081,KH0140,2024-09-07 06:12:00,Đại lý,NV10,Mới
DH008995,KH0150,2024-09-07 07:12:00,TMĐT - Shopee,NV02,Đã giao
DH004908,KH0447,2024-09-07 08:01:00,TMĐT - Lazada,NV12,Đã giao
DH010289,KH0262,2024-09-07 09:11:00,TMĐT - Tiki,NV28,Đã giao
DH000001,KH0076,2024-09-07 15:25:00,Showroom,NV29,Mới
DH006865,KH0392,2024-09-07 17:34:00,TMĐT - Tiki,NV25,Đã giao
DH003400,KH0396,2024-09-07 17:46:00,TMĐT - Lazada,NV27,Đã giao
DH003488,KH0396,2024-09-07 22:06:00,TMĐT - Lazada,NV28,Đã giao
DH002801,KH0009,2024-09-08 02:16:00,TMĐT - Lazada,NV25,Đã giao
DH002847,KH0044,2024-09-08 02:34:00,TMĐT - Lazada,NV30,Đã giao
DH000612,KH0325,2024-09-08 02:35:00,Đại lý,NV26,Đã giao
DH003813,KH0259,2024-09-08 04:39:00,TMĐT - Shopee,NV27,Đã giao
DH008121,KH0413,2024-09-08 10:00:00,Bán lẻ trực tiếp,NV23,Mới
DH011077,KH0002,2024-09-08 15:26:00,TMĐT - Tiki,NV26,Đã giao
DH003078,KH0199,2024-09-08 16:59:00,Đại lý,NV29,Đã giao
DH008818,KH0087,2024-09-08 18:23:00,TMĐT - Lazada,NV08,Đã giao
DH005711,KH0271,2024-09-08 19:08:00,Showroom,NV07,Đang xử lý
DH006144,KH0384,2024-09-08 20:22:00,Đại lý,NV20,Đã giao
DH009960,KH0249,2024-09-08 20:49:00,TMĐT - Lazada,NV28,Đã giao
DH006397,KH0012,2024-09-08 21:57:00,TMĐT - Tiki,NV30,Đang xử lý
DH005861,KH0261,2024-09-08 23:06:00,Đại lý,NV15,Đã giao
DH010781,KH0077,2024-09-08 23:20:00,TMĐT - Tiki,NV19,Đã giao
DH007770,KH0200,2024-09-08 23:37:00,Đại lý,NV15,Đã giao
DH010641,KH0053,2024-09-09 00:58:00,TMĐT - Tiki,NV02,Đã giao
DH006578,KH0402,2024-09-09 01:01:00,Showroom,NV01,Đã giao
DH005289,KH0367,2024-09-09 01:01:00,Bán lẻ trực tiếp,NV16,Đã giao
DH006534,KH0053,2024-09-09 02:31:00,Showroom,NV17,Đã hủy
DH000470,KH0266,2024-09-09 03:02:00,TMĐT - Tiki,NV10,Đã giao
DH008722,KH0448,2024-09-09 03:37:00,Đại lý,NV30,Đã giao
DH001815,KH0229,2024-09-09 03:38:00,TMĐT - Shopee,NV22,Đã giao
DH007023,KH0128,2024-09-09 05:10:00,TMĐT - Lazada,NV21,Đã giao
DH004794,KH0155,2024-09-09 06:45:00,TMĐT - Tiki,NV04,Đã giao
DH006888,KH0246,2024-09-09 08:16:00,TMĐT - Tiki,NV17,Đang xử lý
DH000134,KH0273,2024-09-09 10:44:00,Showroom,NV06,Trả hàng
DH007176,KH0275,2024-09-09 11:08:00,TMĐT - Shopee,NV04,Đang xử lý
DH005201,KH0105,2024-09-09 11:14:00,TMĐT - Lazada,NV26,Đã giao
DH007521,KH0406,2024-09-09 12:30:00,Đại lý,NV10,Đã giao
DH006035,KH0227,2024-09-09 12:34:00,Đại lý,NV09,Trả hàng
DH003687,KH0113,2024-09-09 13:11:00,Showroom,NV15,Đã giao
DH001863,KH0141,2024-09-09 15:05:00,Showroom,NV01,Đã giao
DH003944,KH0053,2024-09-09 17:15:00,TMĐT - Lazada,NV25,Đã giao
DH007520,KH0179,2024-09-09 17:55:00,TMĐT - Lazada,NV25,Đã giao
DH008338,KH0262,2024-09-09 21:17:00,Bán lẻ trực tiếp,NV29,Đã giao
DH006603,KH0297,2024-09-10 01:31:00,Đại lý,NV14,Đã giao
DH004091,KH0241,2024-09-10 02:27:00,TMĐT - Shopee,NV08,Đã giao
DH007872,KH0314,2024-09-10 03:04:00,Đại lý,NV03,Đang xử lý
DH011951,KH0352,2024-09-10 03:50:00,Showroom,NV08,Đã giao
DH005627,KH0166,2024-09-10 08:11:00,TMĐT - Shopee,NV13,Đã giao
DH008152,KH0447,2024-09-10 08:30:00,Bán lẻ trực tiếp,NV23,Đang xử lý
DH009504,KH0120,2024-09-10 09:17:00,Bán lẻ trực tiếp,NV30,Đã giao
DH002409,KH0070,2024-09-10 11:56:00,Showroom,NV19,Đã giao
DH008216,KH0316,2024-09-10 12:17:00,TMĐT - Shopee,NV12,Đã giao
DH005543,KH0197,2024-09-10 13:01:00,TMĐT - Lazada,NV05,Đã giao
DH001598,KH0325,2024-09-10 14:12:00,Đại lý,NV14,Đã giao
DH007720,KH0048,2024-09-10 14:18:00,TMĐT - Tiki,NV03,Đang xử lý
DH000307,KH0267,2024-09-10 17:29:00,TMĐT - Tiki,NV07,Đang xử lý
DH004140,KH0400,2024-09-10 19:06:00,Showroom,NV23,Trả hàng
DH006683,KH0243,2024-09-10 19:24:00,TMĐT - Shopee,NV08,Đã giao
DH010045,KH0446,2024-09-10 19:57:00,Showroom,NV23,Mới
DH011298,KH0051,2024-09-10 20:09:00,TMĐT - Shopee,NV09,Đã hủy
DH008432,KH0382,2024-09-11 00:03:00,TMĐT - Tiki,NV16,Đã giao
DH011682,KH0397,2024-09-11 01:16:00,TMĐT - Shopee,NV29,Đã giao
DH002341,KH0257,2024-09-11 01:40:00,Bán lẻ trực tiếp,NV25,Đã giao
DH011956,KH0119,2024-09-11 04:03:00,TMĐT - Tiki,NV09,Đang xử lý
DH005736,KH0412,2024-09-11 08:38:00,Đại lý,NV19,Đang xử lý
DH006388,KH0122,2024-09-11 08:55:00,TMĐT - Shopee,NV29,Đã giao
DH006508,KH0367,2024-09-11 08:55:00,TMĐT - Tiki,NV24,Đã giao
DH008841,KH0257,2024-09-11 09:14:00,Bán lẻ trực tiếp,NV01,Đã giao
DH001263,KH0262,2024-09-11 11:49:00,Đại lý,NV29,Đang xử lý
DH011614,KH0204,2024-09-11 13:17:00,TMĐT - Tiki,NV19,Đang xử lý
DH003290,KH0017,2024-09-11 14:11:00,Đại lý,NV28,Đã giao
DH011164,KH0428,2024-09-11 15:56:00,TMĐT - Shopee,NV26,Mới
DH000385,KH0448,2024-09-11 17:49:00,Showroom,NV30,Đã hủy
DH005405,KH0151,2024-09-11 18:15:00,Đại lý,NV24,Đã giao
DH007183,KH0381,2024-09-11 19:39:00,Đại lý,NV15,Đã giao
DH010835,KH0257,2024-09-11 20:43:00,TMĐT - Tiki,NV20,Đang xử lý
DH007595,KH0391,2024-09-11 22:36:00,Bán lẻ trực tiếp,NV07,Đã giao
DH002196,KH0262,2024-09-12 04:32:00,TMĐT - Shopee,NV20,Đã giao
DH003229,KH0253,2024-09-12 06:24:00,Bán lẻ trực tiếp,NV17,Đã giao
DH008428,KH0044,2024-09-12 06:26:00,Đại lý,NV28,Đã giao
DH010606,KH0142,2024-09-12 07:40:00,TMĐT - Tiki,NV13,Đang xử lý
DH001331,KH0133,2024-09-12 08:40:00,Showroom,NV18,Đang xử lý
DH007833,KH0140,2024-09-12 09:09:00,Bán lẻ trực tiếp,NV04,Đã giao
DH003522,KH0406,2024-09-12 09:53:00,Showroom,NV06,Đã giao
DH000486,KH0363,2024-09-12 10:43:00,Showroom,NV09,Đã hủy
DH002042,KH0248,2024-09-12 12:25:00,TMĐT - Tiki,NV26,Đã hủy
DH000958,KH0250,2024-09-12 14:09:00,TMĐT - Tiki,NV06,Đã giao
DH006326,KH0262,2024-09-12 16:47:00,Showroom,NV11,Đã giao
DH011539,KH0168,2024-09-12 16:49:00,Bán lẻ trực tiếp,NV06,Đã giao
DH007794,KH0389,2024-09-12 20:34:00,TMĐT - Tiki,NV11,Đã giao
DH002670,KH0306,2024-09-13 00:47:00,TMĐT - Shopee,NV28,Đã giao
DH009536,KH0102,2024-09-13 01:41:00,Bán lẻ trực tiếp,NV13,Đã giao
DH010395,KH0012,2024-09-13 03:10:00,Showroom,NV21,Đang xử lý
DH009031,KH0374,2024-09-13 03:57:00,TMĐT - Tiki,NV20,Đã giao
DH006691,KH0325,2024-09-13 04:10:00,TMĐT - Lazada,NV14,Đã hủy
DH007022,KH0409,2024-09-13 04:27:00,Đại lý,NV11,Đã giao
DH000721,KH0117,2024-09-13 06:31:00,TMĐT - Lazada,NV16,Đã giao
DH002692,KH0137,2024-09-13 10:40:00,TMĐT - Lazada,NV16,Đang xử lý
DH010752,KH0130,2024-09-13 11:10:00,Showroom,NV26,Đã giao
DH008010,KH0070,2024-09-13 12:23:00,Showroom,NV18,Đã giao
DH009732,KH0140,2024-09-13 14:24:00,TMĐT - Lazada,NV18,Mới
DH008444,KH0229,2024-09-13 15:09:00,TMĐT - Tiki,NV04,Trả hàng
DH001824,KH0189,2024-09-13 16:40:00,TMĐT - Tiki,NV16,Đã giao
DH003080,KH0412,2024-09-13 19:03:00,TMĐT - Lazada,NV02,Đã giao
DH001731,KH0159,2024-09-13 19:51:00,Đại lý,NV30,Đã giao
DH010240,KH0116,2024-09-13 20:33:00,Showroom,NV18,Đang xử lý
DH009553,KH0446,2024-09-13 21:17:00,Bán lẻ trực tiếp,NV11,Đã giao
DH001817,KH0241,2024-09-13 21:59:00,TMĐT - Shopee,NV26,Đã hủy
DH009508,KH0212,2024-09-14 00:28:00,TMĐT - Lazada,NV02,Đã giao
DH005431,KH0170,2024-09-14 01:49:00,TMĐT - Shopee,NV28,Đã giao
DH003038,KH0140,2024-09-14 02:03:00,TMĐT - Tiki,NV27,Đã giao
DH011529,KH0141,2024-09-14 03:51:00,Bán lẻ trực tiếp,NV05,Đang xử lý
DH008491,KH0420,2024-09-14 04:13:00,TMĐT - Tiki,NV12,Đã giao
DH006701,KH0314,2024-09-14 04:16:00,TMĐT - Lazada,NV17,Đã giao
DH000891,KH0171,2024-09-14 04:19:00,Showroom,NV12,Đã giao
DH010295,KH0412,2024-09-14 06:17:00,TMĐT - Shopee,NV29,Trả hàng
DH000834,KH0160,2024-09-14 06:32:00,TMĐT - Tiki,NV04,Đã giao
DH008183,KH0012,2024-09-14 10:53:00,TMĐT - Shopee,NV15,Đã giao
DH001158,KH0446,2024-09-14 11:39:00,TMĐT - Shopee,NV26,Đã giao
DH004148,KH0391,2024-09-14 11:42:00,TMĐT - Tiki,NV01,Đã giao
DH002135,KH0249,2024-09-14 12:01:00,Đại lý,NV27,Đã giao
DH007883,KH0304,2024-09-14 12:04:00,TMĐT - Lazada,NV02,Đã giao
DH003000,KH0227,2024-09-14 13:09:00,Showroom,NV13,Đã giao
DH000365,KH0037,2024-09-14 17:52:00,TMĐT - Lazada,NV10,Đã giao
DH007634,KH0108,2024-09-14 19:11:00,Đại lý,NV12,Đã giao
DH009981,KH0442,2024-09-14 19:35:00,Đại lý,NV06,Đã giao
DH001509,KH0322,2024-09-14 20:43:00,TMĐT - Tiki,NV29,Đã giao
DH011696,KH0070,2024-09-14 22:06:00,TMĐT - Shopee,NV28,Đã giao
DH009081,KH0163,2024-09-14 22:50:00,Đại lý,NV15,Đã giao
DH005443,KH0430,2024-09-14 23:51:00,TMĐT - Tiki,NV08,Đã giao
DH001758,KH0442,2024-09-15 00:04:00,TMĐT - Tiki,NV21,Trả hàng
DH008922,KH0056,2024-09-15 00:58:00,TMĐT - Lazada,NV01,Đã giao
DH001730,KH0293,2024-09-15 02:52:00,Showroom,NV10,Đã giao
DH011732,KH0249,2024-09-15 03:19:00,Bán lẻ trực tiếp,NV14,Đang xử lý
DH008339,KH0243,2024-09-15 03:33:00,Showroom,NV29,Đã giao
DH001093,KH0051,2024-09-15 04:05:00,Showroom,NV09,Đã giao
DH004789,KH0447,2024-09-15 04:28:00,Đại lý,NV20,Đã giao
DH002226,KH0407,2024-09-15 05:08:00,TMĐT - Tiki,NV28,Đang xử lý
DH009154,KH0094,2024-09-15 05:29:00,TMĐT - Shopee,NV18,Đã giao
DH000845,KH0092,2024-09-15 07:35:00,Showroom,NV30,Đã giao
DH011265,KH0191,2024-09-15 08:24:00,TMĐT - Tiki,NV07,Đã giao
DH003711,KH0035,2024-09-15 13:03:00,Đại lý,NV10,Trả hàng
DH008934,KH0023,2024-09-15 13:15:00,TMĐT - Lazada,NV11,Đã giao
DH010954,KH0029,2024-09-15 15:06:00,Showroom,NV25,Mới
DH003528,KH0140,2024-09-15 15:44:00,TMĐT - Shopee,NV21,Đã giao
DH001648,KH0193,2024-09-15 16:22:00,TMĐT - Lazada,NV07,Đã giao
DH007462,KH0274,2024-09-15 17:04:00,TMĐT - Tiki,NV05,Đã giao
DH000729,KH0277,2024-09-15 17:05:00,TMĐT - Lazada,NV16,Đã hủy
DH009179,KH0265,2024-09-15 18:48:00,TMĐT - Shopee,NV11,Đã giao
DH002556,KH0412,2024-09-15 20:34:00,TMĐT - Shopee,NV10,Mới
DH002225,KH0070,2024-09-15 21:53:00,Showroom,NV10,Mới
DH011697,KH0391,2024-09-15 22:54:00,TMĐT - Shopee,NV04,Đã giao
DH006277,KH0068,2024-09-16 00:17:00,TMĐT - Lazada,NV16,Đang xử lý
DH004987,KH0314,2024-09-16 00:24:00,Đại lý,NV09,Đã giao
DH006924,KH0413,2024-09-16 00:25:00,Đại lý,NV30,Trả hàng
DH005283,KH0381,2024-09-16 01:59:00,Bán lẻ trực tiếp,NV05,Đã giao
DH007058,KH0208,2024-09-16 02:03:00,Đại lý,NV28,Đã giao
DH001252,KH0002,2024-09-16 03:50:00,Bán lẻ trực tiếp,NV04,Đã hủy
DH000050,KH0350,2024-09-16 12:47:00,TMĐT - Lazada,NV15,Mới
DH010764,KH0229,2024-09-16 13:16:00,TMĐT - Tiki,NV11,Đã giao
DH004129,KH0056,2024-09-16 15:57:00,Showroom,NV02,Mới
DH000523,KH0163,2024-09-16 19:51:00,TMĐT - Lazada,NV13,Đã giao
DH011234,KH0204,2024-09-16 19:54:00,Showroom,NV06,Mới
DH001206,KH0255,2024-09-16 20:09:00,Showroom,NV09,Đã giao
DH000929,KH0044,2024-09-16 20:54:00,Bán lẻ trực tiếp,NV16,Đã giao
DH009222,KH0044,2024-09-16 22:10:00,TMĐT - Shopee,NV28,Đã giao
DH009926,KH0325,2024-09-17 00:36:00,Showroom,NV07,Đã hủy
DH002218,KH0199,2024-09-17 04:26:00,TMĐT - Lazada,NV19,Đã giao
DH001359,KH0128,2024-09-17 04:31:00,Showroom,NV29,Đã giao
DH000004,KH0249,2024-09-17 07:15:00,Bán lẻ trực tiếp,NV28,Đã giao
DH011274,KH0400,2024-09-17 08:33:00,Đại lý,NV24,Đã giao
DH008513,KH0053,2024-09-17 13:20:00,Showroom,NV24,Đã giao
DH009856,KH0367,2024-09-17 13:43:00,TMĐT - Tiki,NV03,Đã giao
DH011333,KH0120,2024-09-17 15:14:00,Showroom,NV20,Mới
DH003968,KH0306,2024-09-17 15:41:00,TMĐT - Tiki,NV25,Đã giao
DH011085,KH0194,2024-09-17 17:51:00,TMĐT - Shopee,NV17,Đã giao
DH004321,KH0447,2024-09-17 18:25:00,Showroom,NV24,Đã giao
DH009701,KH0179,2024-09-17 20:36:00,Showroom,NV05,Đã giao
DH000249,KH0367,2024-09-17 21:08:00,Đại lý,NV13,Đã giao
DH011088,KH0391,2024-09-17 21:42:00,Bán lẻ trực tiếp,NV08,Đã giao
DH002884,KH0246,2024-09-17 21:54:00,TMĐT - Tiki,NV12,Mới
DH006252,KH0028,2024-09-17 22:21:00,Showroom,NV20,Đã giao
DH001892,KH0326,2024-09-17 22:31:00,Showroom,NV20,Đã giao
DH010167,KH0262,2024-09-18 01:04:00,TMĐT - Shopee,NV07,Đã giao
DH007867,KH0068,2024-09-18 02:09:00,Bán lẻ trực tiếp,NV29,Đã giao
DH010365,KH0385,2024-09-18 04:24:00,Showroom,NV06,Đã giao
DH003536,KH0241,2024-09-18 06:24:00,Showroom,NV14,Đã giao
DH000268,KH0422,2024-09-18 11:35:00,Đại lý,NV30,Đã giao
DH011404,KH0442,2024-09-18 11:55:00,TMĐT - Shopee,NV09,Đã giao
DH003160,KH0113,2024-09-18 11:59:00,Đại lý,NV19,Đã giao
DH002040,KH0141,2024-09-18 12:21:00,Showroom,NV20,Đã giao
DH006698,KH0262,2024-09-18 12:34:00,TMĐT - Shopee,NV22,Đã giao
DH011478,KH0008,2024-09-18 14:10:00,TMĐT - Lazada,NV15,Đã giao
DH006499,KH0135,2024-09-18 15:17:00,TMĐT - Tiki,NV04,Đã giao
DH011433,KH0447,2024-09-18 16:30:00,Đại lý,NV30,Trả hàng
DH010027,KH0446,2024-09-18 17:06:00,TMĐT - Tiki,NV15,Đang xử lý
DH000204,KH0199,2024-09-18 20:13:00,TMĐT - Tiki,NV08,Đã giao
DH001912,KH0412,2024-09-18 21:56:00,Đại lý,NV02,Đã giao
DH003909,KH0447,2024-09-18 23:34:00,TMĐT - Shopee,NV03,Đã giao
DH005409,KH0258,2024-09-18 23:37:00,Đại lý,NV29,Đã giao
DH011886,KH0249,2024-09-18 23:43:00,TMĐT - Lazada,NV20,Trả hàng
DH008435,KH0066,2024-09-19 00:01:00,Showroom,NV19,Đã giao
DH003052,KH0391,2024-09-19 00:40:00,TMĐT - Lazada,NV11,Đã giao
DH011311,KH0070,2024-09-19 00:47:00,Bán lẻ trực tiếp,NV05,Đã giao
DH008259,KH0056,2024-09-19 01:23:00,TMĐT - Shopee,NV15,Đã giao
DH003791,KH0197,2024-09-19 09:11:00,Showroom,NV11,Đã giao
DH010585,KH0155,2024-09-19 09:44:00,TMĐT - Shopee,NV10,Mới
DH003151,KH0166,2024-09-19 12:19:00,TMĐT - Tiki,NV20,Đã giao
DH003341,KH0012,2024-09-19 12:55:00,TMĐT - Tiki,NV13,Đã giao
DH004745,KH0028,2024-09-19 15:04:00,TMĐT - Shopee,NV13,Đã giao
DH004245,KH0071,2024-09-19 15:14:00,TMĐT - Tiki,NV30,Đã giao
DH003261,KH0442,2024-09-19 15:40:00,TMĐT - Shopee,NV18,Đã giao
DH006609,KH0365,2024-09-19 19:18:00,TMĐT - Shopee,NV16,Đã giao
DH010318,KH0021,2024-09-19 22:23:00,TMĐT - Lazada,NV24,Đã giao
DH010841,KH0021,2024-09-19 22:53:00,TMĐT - Lazada,NV11,Mới
DH005513,KH0054,2024-09-19 23:44:00,TMĐT - Lazada,NV26,Đã giao
DH000323,KH0138,2024-09-20 03:43:00,TMĐT - Shopee,NV07,Đã hủy
DH000990,KH0227,2024-09-20 03:49:00,TMĐT - Lazada,NV01,Đã giao
DH009010,KH0155,2024-09-20 04:03:00,Bán lẻ trực tiếp,NV13,Đang xử lý
DH011912,KH0424,2024-09-20 05:13:00,Bán lẻ trực tiếp,NV20,Đã giao
DH008171,KH0262,2024-09-20 05:27:00,Bán lẻ trực tiếp,NV09,Đang xử lý
DH001187,KH0365,2024-09-20 08:21:00,Showroom,NV27,Đã giao
DH002544,KH0322,2024-09-20 10:23:00,Showroom,NV12,Đã giao
DH002758,KH0280,2024-09-20 10:37:00,TMĐT - Shopee,NV26,Đã giao
DH010558,KH0442,2024-09-20 10:55:00,TMĐT - Lazada,NV16,Đã giao
DH005434,KH0419,2024-09-20 11:21:00,Showroom,NV05,Đang xử lý
DH000656,KH0157,2024-09-20 11:51:00,Showroom,NV08,Đã giao
DH008203,KH0309,2024-09-20 18:36:00,TMĐT - Shopee,NV30,Đã giao
DH007021,KH0035,2024-09-20 22:37:00,Đại lý,NV03,Đã giao
DH002766,KH0192,2024-09-21 00:04:00,Bán lẻ trực tiếp,NV06,Đã giao
DH000357,KH0402,2024-09-21 00:09:00,TMĐT - Tiki,NV21,Đã giao
DH010031,KH0086,2024-09-21 03:32:00,TMĐT - Shopee,NV16,Mới
DH003700,KH0086,2024-09-21 03:38:00,Bán lẻ trực tiếp,NV06,Đã giao
DH001448,KH0276,2024-09-21 05:00:00,TMĐT - Shopee,NV24,Đã giao
DH005475,KH0377,2024-09-21 06:00:00,TMĐT - Shopee,NV19,Đã giao
DH003439,KH0412,2024-09-21 09:21:00,Bán lẻ trực tiếp,NV28,Đã giao
DH009257,KH0226,2024-09-21 10:54:00,TMĐT - Shopee,NV10,Đã hủy
DH004113,KH0262,2024-09-21 11:58:00,Bán lẻ trực tiếp,NV11,Đã giao
DH002653,KH0367,2024-09-21 12:53:00,TMĐT - Tiki,NV14,Đã giao
DH004227,KH0070,2024-09-21 14:27:00,Showroom,NV01,Đã giao
DH002661,KH0279,2024-09-21 18:50:00,Đại lý,NV10,Đang xử lý
DH009361,KH0002,2024-09-21 20:11:00,Bán lẻ trực tiếp,NV27,Đang xử lý
DH010303,KH0122,2024-09-21 20:23:00,TMĐT - Lazada,NV27,Đã giao
DH007432,KH0447,2024-09-21 21:46:00,Đại lý,NV28,Đã giao
DH001794,KH0262,2024-09-22 02:14:00,TMĐT - Lazada,NV30,Đã giao
DH011390,KH0262,2024-09-22 02:41:00,Bán lẻ trực tiếp,NV10,Đã hủy
DH006182,KH0438,2024-09-22 05:01:00,TMĐT - Lazada,NV08,Mới
DH001257,KH0265,2024-09-22 05:11:00,TMĐT - Shopee,NV09,Đã giao
DH004909,KH0421,2024-09-22 08:55:00,TMĐT - Lazada,NV06,Đang xử lý
DH008112,KH0399,2024-09-22 09:28:00,Bán lẻ trực tiếp,NV02,Đã giao
DH003717,KH0442,2024-09-22 09:49:00,TMĐT - Shopee,NV07,Đã giao
DH002873,KH0070,2024-09-22 09:53:00,Đại lý,NV15,Đã giao
DH010446,KH0408,2024-09-22 09:59:00,Đại lý,NV21,Đang xử lý
DH005851,KH0114,2024-09-22 11:21:00,TMĐT - Shopee,NV09,Đang xử lý
DH011010,KH0112,2024-09-22 13:27:00,Đại lý,NV19,Đã giao
DH002829,KH0093,2024-09-22 16:28:00,Showroom,NV28,Trả hàng
DH004824,KH0140,2024-09-22 17:01:00,TMĐT - Lazada,NV27,Đã giao
DH006992,KH0279,2024-09-22 20:31:00,TMĐT - Lazada,NV05,Đã giao
DH011365,KH0409,2024-09-22 22:29:00,TMĐT - Shopee,NV14,Đã giao
DH003209,KH0262,2024-09-23 01:38:00,Bán lẻ trực tiếp,NV01,Đã giao
DH011611,KH0242,2024-09-23 02:07:00,Bán lẻ trực tiếp,NV12,Đã giao
DH007255,KH0442,2024-09-23 05:06:00,Bán lẻ trực tiếp,NV21,Đang xử lý
DH003408,KH0140,2024-09-23 07:02:00,Bán lẻ trực tiếp,NV26,Đã giao
DH003397,KH0056,2024-09-23 07:18:00,TMĐT - Lazada,NV25,Đang xử lý
DH010398,KH0155,2024-09-23 07:36:00,Bán lẻ trực tiếp,NV18,Đã giao
DH007804,KH0075,2024-09-23 08:58:00,Đại lý,NV16,Đã giao
DH000496,KH0391,2024-09-23 11:31:00,Đại lý,NV09,Đã giao
DH010769,KH0412,2024-09-23 11:53:00,Showroom,NV01,Đã hủy
DH006941,KH0155,2024-09-23 12:07:00,TMĐT - Lazada,NV24,Đã giao
DH001522,KH0420,2024-09-23 13:04:00,TMĐT - Shopee,NV25,Đã giao
DH007418,KH0349,2024-09-23 18:07:00,TMĐT - Lazada,NV04,Đã giao
DH011368,KH0396,2024-09-23 23:09:00,Showroom,NV28,Đã giao
DH004259,KH0359,2024-09-24 01:22:00,TMĐT - Lazada,NV05,Đã hủy
DH000482,KH0391,2024-09-24 02:34:00,Bán lẻ trực tiếp,NV16,Đã giao
DH005880,KH0221,2024-09-24 03:34:00,TMĐT - Shopee,NV16,Đã hủy
DH009765,KH0420,2024-09-24 04:58:00,TMĐT - Tiki,NV12,Đã giao
DH005582,KH0076,2024-09-24 06:31:00,Showroom,NV17,Đang xử lý
DH007674,KH0231,2024-09-24 06:36:00,Đại lý,NV12,Đã giao
DH003919,KH0309,2024-09-24 06:46:00,TMĐT - Tiki,NV12,Đã giao
DH003175,KH0070,2024-09-24 07:08:00,Đại lý,NV22,Đang xử lý
DH000084,KH0155,2024-09-24 08:09:00,TMĐT - Shopee,NV20,Đã giao
DH007365,KH0384,2024-09-24 15:38:00,TMĐT - Shopee,NV11,Đã giao
DH008404,KH0248,2024-09-24 17:30:00,TMĐT - Lazada,NV07,Đã giao
DH004636,KH0250,2024-09-24 18:01:00,TMĐT - Lazada,NV22,Đã giao
DH007531,KH0089,2024-09-24 18:09:00,Showroom,NV26,Đã hủy
DH010796,KH0012,2024-09-24 18:29:00,TMĐT - Lazada,NV02,Đã giao
DH005301,KH0382,2024-09-24 18:32:00,Bán lẻ trực tiếp,NV06,Đã giao
DH005025,KH0365,2024-09-24 19:36:00,TMĐT - Shopee,NV26,Đã giao
DH006167,KH0179,2024-09-24 19:45:00,TMĐT - Shopee,NV27,Đã giao
DH011162,KH0386,2024-09-24 20:18:00,TMĐT - Lazada,NV03,Đã giao
DH011090,KH0248,2024-09-24 20:25:00,TMĐT - Shopee,NV22,Đã giao
DH011019,KH0155,2024-09-24 21:42:00,Bán lẻ trực tiếp,NV14,Đã giao
DH011769,KH0082,2024-09-24 23:45:00,Bán lẻ trực tiếp,NV20,Đã giao
DH002240,KH0148,2024-09-24 23:53:00,Showroom,NV29,Đã giao
DH009244,KH0273,2024-09-25 02:39:00,Đại lý,NV14,Đã hủy
DH010519,KH0140,2024-09-25 03:31:00,Đại lý,NV30,Đã giao
DH004058,KH0394,2024-09-25 04:13:00,Đại lý,NV08,Đã giao
DH001676,KH0308,2024-09-25 04:55:00,Bán lẻ trực tiếp,NV02,Đã giao
DH006139,KH0155,2024-09-25 04:55:00,Bán lẻ trực tiếp,NV03,Đã giao
DH000144,KH0428,2024-09-25 05:58:00,TMĐT - Lazada,NV15,Đã giao
DH009291,KH0265,2024-09-25 07:20:00,TMĐT - Tiki,NV11,Đã giao
DH001890,KH0243,2024-09-25 13:16:00,TMĐT - Shopee,NV07,Đã giao
DH003056,KH0436,2024-09-25 13:36:00,Đại lý,NV01,Đang xử lý
DH004264,KH0226,2024-09-25 13:42:00,TMĐT - Tiki,NV03,Mới
DH008966,KH0094,2024-09-25 13:54:00,TMĐT - Lazada,NV30,Đã giao
DH005517,KH0379,2024-09-25 14:24:00,TMĐT - Lazada,NV15,Đang xử lý
DH011340,KH0447,2024-09-25 15:07:00,Đại lý,NV08,Đã giao
DH001022,KH0246,2024-09-25 15:30:00,Showroom,NV24,Đã giao
DH009089,KH0093,2024-09-25 20:55:00,Showroom,NV30,Đã giao
DH001695,KH0262,2024-09-25 22:34:00,TMĐT - Lazada,NV23,Đã giao
DH006254,KH0262,2024-09-26 01:05:00,Bán lẻ trực tiếp,NV08,Đã giao
DH005258,KH0313,2024-09-26 01:13:00,TMĐT - Shopee,NV17,Đã hủy
DH011058,KH0359,2024-09-26 02:08:00,Đại lý,NV18,Đã giao
DH001624,KH0248,2024-09-26 04:20:00,Showroom,NV25,Đã giao
DH010757,KH0051,2024-09-26 04:31:00,TMĐT - Lazada,NV01,Đã giao
DH008669,KH0151,2024-09-26 05:01:00,TMĐT - Shopee,NV16,Đã giao
DH006588,KH0023,2024-09-26 05:02:00,TMĐT - Lazada,NV18,Đã giao
DH006659,KH0089,2024-09-26 05:38:00,Showroom,NV25,Đã giao
DH000452,KH0442,2024-09-26 05:57:00,Showroom,NV13,Đã giao
DH011602,KH0039,2024-09-26 09:18:00,Đại lý,NV30,Đã giao
DH004435,KH0155,2024-09-26 09:49:00,TMĐT - Shopee,NV08,Đã giao
DH002497,KH0433,2024-09-26 15:02:00,Đại lý,NV13,Đã giao
DH009547,KH0280,2024-09-26 17:01:00,Đại lý,NV12,Đã giao
DH001374,KH0053,2024-09-26 18:26:00,TMĐT - Lazada,NV07,Đã giao
DH007083,KH0058,2024-09-26 18:33:00,Đại lý,NV17,Đã giao
DH007210,KH0025,2024-09-27 00:04:00,Showroom,NV22,Mới
DH003580,KH0446,2024-09-27 00:19:00,Showroom,NV23,Đã giao
DH006193,KH0442,2024-09-27 04:20:00,TMĐT - Lazada,NV03,Đang xử lý
DH004941,KH0037,2024-09-27 06:52:00,Đại lý,NV18,Đã giao
DH002804,KH0325,2024-09-27 07:42:00,Bán lẻ trực tiếp,NV27,Đã giao
DH008409,KH0340,2024-09-27 09:50:00,TMĐT - Tiki,NV30,Đang xử lý
DH005303,KH0389,2024-09-27 12:21:00,TMĐT - Shopee,NV04,Đã giao
DH003410,KH0114,2024-09-27 12:41:00,Đại lý,NV18,Trả hàng
DH005535,KH0048,2024-09-27 13:18:00,Bán lẻ trực tiếp,NV11,Đã giao
DH009531,KH0248,2024-09-27 14:16:00,Đại lý,NV26,Đã giao
DH005735,KH0034,2024-09-27 14:17:00,Showroom,NV15,Đã giao
DH009227,KH0337,2024-09-27 17:24:00,TMĐT - Shopee,NV02,Đã giao
DH003230,KH0395,2024-09-27 18:02:00,TMĐT - Tiki,NV07,Đã giao
DH009955,KH0445,2024-09-27 19:20:00,Showroom,NV08,Đã giao
DH003338,KH0199,2024-09-27 20:02:00,TMĐT - Lazada,NV22,Đã hủy
DH005143,KH0391,2024-09-28 02:17:00,TMĐT - Tiki,NV26,Đã giao
DH004036,KH0205,2024-09-28 02:36:00,TMĐT - Shopee,NV24,Đã giao
DH005548,KH0179,2024-09-28 03:23:00,Đại lý,NV16,Đang xử lý
DH011263,KH0039,2024-09-28 03:26:00,Đại lý,NV15,Đã giao
DH006742,KH0227,2024-09-28 03:50:00,Đại lý,NV12,Đã giao
DH007892,KH0413,2024-09-28 07:45:00,TMĐT - Lazada,NV24,Trả hàng
DH000672,KH0229,2024-09-28 07:53:00,TMĐT - Tiki,NV29,Đã giao
DH009181,KH0301,2024-09-28 09:49:00,Bán lẻ trực tiếp,NV02,Đã giao
DH002636,KH0166,2024-09-28 15:07:00,TMĐT - Shopee,NV04,Đã hủy
DH009254,KH0274,2024-09-28 16:48:00,TMĐT - Shopee,NV10,Đã giao
DH008802,KH0317,2024-09-28 19:55:00,TMĐT - Shopee,NV04,Đã giao
DH007542,KH0365,2024-09-28 20:07:00,TMĐT - Tiki,NV27,Đã giao
DH005617,KH0404,2024-09-28 21:54:00,Bán lẻ trực tiếp,NV22,Đã giao
DH010793,KH0281,2024-09-28 22:42:00,TMĐT - Tiki,NV15,Trả hàng
DH011517,KH0325,2024-09-28 22:45:00,Showroom,NV20,Trả hàng
DH002233,KH0001,2024-09-29 01:10:00,TMĐT - Tiki,NV13,Đã giao
DH003926,KH0299,2024-09-29 01:20:00,Bán lẻ trực tiếp,NV12,Đã giao
DH005350,KH0048,2024-09-29 01:27:00,TMĐT - Lazada,NV19,Đã giao
DH005647,KH0341,2024-09-29 03:15:00,TMĐT - Shopee,NV14,Đã giao
DH011910,KH0051,2024-09-29 03:24:00,TMĐT - Shopee,NV17,Đã hủy
DH002363,KH0362,2024-09-29 05:52:00,Bán lẻ trực tiếp,NV12,Đã giao
DH005167,KH0412,2024-09-29 05:58:00,TMĐT - Lazada,NV29,Đã giao
DH003729,KH0074,2024-09-29 08:22:00,Showroom,NV02,Đang xử lý
DH004240,KH0257,2024-09-29 08:40:00,TMĐT - Shopee,NV14,Đã giao
DH002305,KH0187,2024-09-29 11:28:00,Đại lý,NV04,Đã giao
DH001737,KH0179,2024-09-29 14:22:00,TMĐT - Tiki,NV05,Đã giao
DH005251,KH0053,2024-09-29 16:29:00,Đại lý,NV20,Đã giao
DH008948,KH0442,2024-09-29 18:07:00,TMĐT - Lazada,NV25,Đã giao
DH003796,KH0193,2024-09-29 19:17:00,Bán lẻ trực tiếp,NV01,Đã giao
DH002407,KH0442,2024-09-29 21:43:00,TMĐT - Shopee,NV08,Đã giao
DH002522,KH0422,2024-09-29 22:49:00,Đại lý,NV17,Đã giao
DH000132,KH0070,2024-09-29 22:57:00,TMĐT - Tiki,NV08,Đã hủy
DH001468,KH0351,2024-09-30 00:38:00,TMĐT - Lazada,NV26,Đã giao
DH000512,KH0160,2024-09-30 02:02:00,TMĐT - Tiki,NV03,Đã giao
DH005076,KH0321,2024-09-30 04:30:00,Đại lý,NV27,Đã hủy
DH007466,KH0035,2024-09-30 04:30:00,TMĐT - Tiki,NV10,Đang xử lý
DH003142,KH0227,2024-09-30 04:53:00,Bán lẻ trực tiếp,NV04,Đã giao
DH005231,KH0285,2024-09-30 05:15:00,Showroom,NV16,Đã giao
DH010602,KH0048,2024-09-30 07:26:00,TMĐT - Tiki,NV25,Đã giao
DH002818,KH0031,2024-09-30 11:24:00,Showroom,NV05,Đã giao
DH008772,KH0051,2024-09-30 11:44:00,Đại lý,NV29,Đã giao
DH007973,KH0140,2024-09-30 12:11:00,TMĐT - Tiki,NV22,Đã giao
DH001541,KH0364,2024-09-30 14:03:00,Showroom,NV30,Đã giao
DH009756,KH0392,2024-09-30 14:20:00,Đại lý,NV02,Đã giao
DH007234,KH0388,2024-09-30 14:21:00,TMĐT - Tiki,NV04,Đã hủy
DH005784,KH0155,2024-09-30 16:41:00,TMĐT - Lazada,NV02,Trả hàng
DH008935,KH0306,2024-09-30 17:00:00,Đại lý,NV21,Đã giao
DH000428,KH0087,2024-09-30 17:40:00,TMĐT - Lazada,NV17,Đã hủy
DH009060,KH0056,2024-09-30 17:50:00,TMĐT - Shopee,NV18,Mới
DH001733,KH0199,2024-09-30 18:56:00,Đại lý,NV17,Đã giao
DH004937,KH0404,2024-09-30 20:09:00,TMĐT - Tiki,NV06,Đã giao
DH000047,KH0391,2024-09-30 22:01:00,Showroom,NV20,Đã giao
DH007370,KH0447,2024-09-30 22:05:00,TMĐT - Shopee,NV06,Đang xử lý
DH009190,KH0070,2024-10-01 00:38:00,Showroom,NV30,Đã giao
DH010515,KH0309,2024-10-01 00:40:00,Showroom,NV04,Đã giao
DH009198,KH0093,2024-10-01 01:37:00,TMĐT - Lazada,NV01,Đã giao
DH011989,KH0253,2024-10-01 01:41:00,TMĐT - Tiki,NV11,Đã giao
DH000814,KH0002,2024-10-01 03:50:00,Showroom,NV08,Đã giao
DH006787,KH0273,2024-10-01 09:20:00,Đại lý,NV18,Đã giao
DH006014,KH0151,2024-10-01 09:52:00,TMĐT - Shopee,NV21,Đã giao
DH005933,KH0179,2024-10-01 10:15:00,TMĐT - Shopee,NV29,Đã giao
DH009527,KH0337,2024-10-01 11:22:00,TMĐT - Tiki,NV15,Đã giao
DH006015,KH0322,2024-10-01 11:26:00,Đại lý,NV26,Đã giao
DH007946,KH0442,2024-10-01 11:59:00,Bán lẻ trực tiếp,NV19,Đã giao
DH011402,KH0201,2024-10-01 14:07:00,Đại lý,NV20,Đã giao
DH000807,KH0390,2024-10-01 15:48:00,Bán lẻ trực tiếp,NV05,Đang xử lý
DH006942,KH0081,2024-10-01 17:05:00,Showroom,NV25,Đã giao
DH004904,KH0302,2024-10-01 18:57:00,TMĐT - Lazada,NV22,Đã giao
DH006207,KH0090,2024-10-01 21:07:00,Showroom,NV24,Đã giao
DH006045,KH0399,2024-10-02 03:53:00,TMĐT - Tiki,NV20,Đã giao
DH010710,KH0095,2024-10-02 04:08:00,TMĐT - Tiki,NV15,Đã giao
DH004634,KH0413,2024-10-02 04:55:00,TMĐT - Shopee,NV24,Đã giao
DH011358,KH0262,2024-10-02 05:38:00,Đại lý,NV23,Đã giao
DH003681,KH0377,2024-10-02 06:19:00,Showroom,NV11,Đã hủy
DH010854,KH0035,2024-10-02 06:33:00,TMĐT - Tiki,NV10,Đang xử lý
DH004154,KH0193,2024-10-02 07:10:00,Showroom,NV13,Đã giao
DH004309,KH0002,2024-10-02 07:35:00,TMĐT - Lazada,NV10,Đã giao
DH004882,KH0187,2024-10-02 11:13:00,TMĐT - Lazada,NV18,Đã giao
DH011261,KH0316,2024-10-02 13:08:00,TMĐT - Lazada,NV15,Đang xử lý
DH006408,KH0293,2024-10-02 17:12:00,TMĐT - Lazada,NV07,Trả hàng
DH011039,KH0183,2024-10-02 18:03:00,Showroom,NV18,Đã hủy
DH002846,KH0442,2024-10-02 18:17:00,Đại lý,NV08,Đã giao
DH002294,KH0447,2024-10-02 18:58:00,Bán lẻ trực tiếp,NV16,Đã giao
DH002466,KH0277,2024-10-02 20:02:00,TMĐT - Tiki,NV08,Đã hủy
DH002246,KH0306,2024-10-02 21:53:00,TMĐT - Shopee,NV16,Đã giao
DH008704,KH0406,2024-10-02 22:12:00,TMĐT - Lazada,NV10,Đã giao
DH011964,KH0253,2024-10-02 22:46:00,TMĐT - Tiki,NV25,Đã giao
DH002414,KH0264,2024-10-03 00:55:00,Bán lẻ trực tiếp,NV05,Đã giao
DH001754,KH0227,2024-10-03 03:32:00,TMĐT - Shopee,NV11,Đã giao
DH005565,KH0184,2024-10-03 03:37:00,TMĐT - Shopee,NV17,Đã giao
DH001811,KH0140,2024-10-03 06:26:00,TMĐT - Lazada,NV28,Trả hàng
DH006146,KH0063,2024-10-03 12:43:00,TMĐT - Lazada,NV20,Đã giao
DH007309,KH0351,2024-10-03 13:21:00,TMĐT - Tiki,NV06,Đã giao
DH011524,KH0265,2024-10-03 13:31:00,Đại lý,NV25,Đã giao
DH000179,KH0246,2024-10-03 13:53:00,Bán lẻ trực tiếp,NV30,Mới
DH004765,KH0268,2024-10-03 14:24:00,TMĐT - Shopee,NV11,Đã giao
DH007323,KH0139,2024-10-03 15:19:00,Bán lẻ trực tiếp,NV14,Đã giao
DH011837,KH0306,2024-10-03 17:06:00,TMĐT - Lazada,NV16,Đã giao
DH009913,KH0234,2024-10-03 19:30:00,TMĐT - Tiki,NV14,Đã giao
DH001525,KH0053,2024-10-03 20:40:00,Showroom,NV30,Đang xử lý
DH005549,KH0183,2024-10-04 03:16:00,TMĐT - Lazada,NV15,Đã giao
DH004386,KH0306,2024-10-04 05:00:00,Bán lẻ trực tiếp,NV24,Đã giao
DH001273,KH0377,2024-10-04 05:40:00,TMĐT - Tiki,NV11,Trả hàng
DH006400,KH0083,2024-10-04 06:31:00,Showroom,NV17,Đã giao
DH007415,KH0314,2024-10-04 07:00:00,Showroom,NV07,Đã giao
DH001803,KH0421,2024-10-04 07:13:00,Showroom,NV24,Đã giao
DH004375,KH0280,2024-10-04 09:22:00,Đại lý,NV13,Đang xử lý
DH005725,KH0447,2024-10-04 13:14:00,TMĐT - Tiki,NV29,Đã giao
DH003111,KH0194,2024-10-04 14:07:00,TMĐT - Lazada,NV04,Đã giao
DH007812,KH0122,2024-10-04 16:29:00,TMĐT - Tiki,NV10,Đã hủy
DH008856,KH0229,2024-10-05 00:28:00,Bán lẻ trực tiếp,NV27,Đã giao
DH009462,KH0116,2024-10-05 01:33:00,Showroom,NV13,Đã giao
DH005014,KH0105,2024-10-05 02:12:00,TMĐT - Shopee,NV03,Đã giao
DH010269,KH0012,2024-10-05 04:54:00,TMĐT - Lazada,NV05,Đã giao
DH005577,KH0072,2024-10-05 05:47:00,TMĐT - Shopee,NV02,Đã giao
DH002393,KH0271,2024-10-05 11:41:00,Showroom,NV21,Đã giao
DH008472,KH0094,2024-10-05 15:26:00,Bán lẻ trực tiếp,NV27,Đã giao
DH001097,KH0353,2024-10-05 15:55:00,TMĐT - Shopee,NV01,Đang xử lý
DH010916,KH0306,2024-10-05 16:21:00,Bán lẻ trực tiếp,NV12,Đã giao
DH005599,KH0147,2024-10-05 22:02:00,Bán lẻ trực tiếp,NV01,Đã giao
DH002925,KH0242,2024-10-05 23:12:00,Bán lẻ trực tiếp,NV29,Đã giao
DH001458,KH0071,2024-10-05 23:35:00,TMĐT - Shopee,NV14,Đang xử lý
DH004367,KH0277,2024-10-06 00:41:00,Bán lẻ trực tiếp,NV22,Đã giao
DH006409,KH0262,2024-10-06 01:56:00,TMĐT - Shopee,NV16,Đã giao
DH008228,KH0262,2024-10-06 04:04:00,Bán lẻ trực tiếp,NV03,Trả hàng
DH002510,KH0315,2024-10-06 04:43:00,TMĐT - Tiki,NV03,Đã giao
DH006113,KH0246,2024-10-06 05:04:00,Showroom,NV21,Đã giao
DH002694,KH0135,2024-10-06 05:19:00,Đại lý,NV07,Đã giao
DH008635,KH0359,2024-10-06 05:20:00,Đại lý,NV01,Đã giao
DH009989,KH0227,2024-10-06 07:30:00,Showroom,NV27,Đã giao
DH010631,KH0216,2024-10-06 08:10:00,TMĐT - Shopee,NV21,Đang xử lý
DH002383,KH0135,2024-10-06 09:21:00,Đại lý,NV02,Đã giao
DH003043,KH0325,2024-10-06 10:06:00,TMĐT - Lazada,NV09,Đang xử lý
DH002861,KH0140,2024-10-06 10:43:00,TMĐT - Lazada,NV23,Đã giao
DH009585,KH0441,2024-10-06 12:15:00,Bán lẻ trực tiếp,NV24,Đã giao
DH000364,KH0055,2024-10-06 14:32:00,Bán lẻ trực tiếp,NV30,Đã hủy
DH005504,KH0391,2024-10-06 16:52:00,TMĐT - Lazada,NV09,Đã giao
DH004078,KH0016,2024-10-06 16:58:00,Showroom,NV07,Đã giao
DH006199,KH0262,2024-10-06 21:40:00,Showroom,NV17,Đã giao
DH001026,KH0035,2024-10-06 22:16:00,TMĐT - Lazada,NV22,Đã giao
DH010296,KH0071,2024-10-06 23:03:00,TMĐT - Shopee,NV11,Đã hủy
DH005437,KH0242,2024-10-07 04:21:00,Bán lẻ trực tiếp,NV22,Mới
DH008981,KH0140,2024-10-07 05:00:00,TMĐT - Shopee,NV15,Đã giao
DH007925,KH0358,2024-10-07 05:01:00,TMĐT - Shopee,NV16,Đã giao
DH005659,KH0230,2024-10-07 05:06:00,Đại lý,NV24,Đã giao
DH000494,KH0359,2024-10-07 09:44:00,Đại lý,NV09,Đang xử lý
DH010717,KH0024,2024-10-07 10:15:00,TMĐT - Tiki,NV27,Mới
DH005828,KH0012,2024-10-07 12:45:00,Showroom,NV05,Đã giao
DH008092,KH0309,2024-10-07 13:23:00,Bán lẻ trực tiếp,NV14,Đã giao
DH000226,KH0102,2024-10-07 18:43:00,TMĐT - Tiki,NV14,Đã giao
DH007202,KH0012,2024-10-07 18:54:00,TMĐT - Tiki,NV08,Đã giao
DH000587,KH0095,2024-10-07 20:22:00,TMĐT - Tiki,NV03,Đã giao
DH011766,KH0442,2024-10-07 20:38:00,TMĐT - Shopee,NV16,Đã giao
DH002806,KH0387,2024-10-07 22:04:00,Showroom,NV21,Đã giao
DH007225,KH0242,2024-10-08 00:40:00,Bán lẻ trực tiếp,NV12,Đã hủy
DH009621,KH0249,2024-10-08 01:25:00,TMĐT - Tiki,NV24,Đã giao
DH007678,KH0012,2024-10-08 05:06:00,Bán lẻ trực tiếp,NV02,Đang xử lý
DH003825,KH0352,2024-10-08 05:30:00,Showroom,NV25,Đã giao
DH002992,KH0244,2024-10-08 05:32:00,Bán lẻ trực tiếp,NV09,Đã giao
DH002334,KH0281,2024-10-08 06:34:00,TMĐT - Shopee,NV23,Đã giao
DH000788,KH0314,2024-10-08 06:50:00,TMĐT - Shopee,NV23,Đã giao
DH010112,KH0246,2024-10-08 07:11:00,Bán lẻ trực tiếp,NV19,Đã hủy
DH002003,KH0332,2024-10-08 07:16:00,Showroom,NV30,Đã hủy
DH007242,KH0200,2024-10-08 07:26:00,Bán lẻ trực tiếp,NV06,Đã giao
DH008586,KH0155,2024-10-08 11:40:00,Đại lý,NV06,Đã giao
DH005579,KH0338,2024-10-08 13:00:00,TMĐT - Tiki,NV23,Đã giao
DH000835,KH0184,2024-10-08 13:07:00,Showroom,NV24,Đã giao
DH010170,KH0238,2024-10-08 13:31:00,Bán lẻ trực tiếp,NV08,Đã giao
DH005839,KH0397,2024-10-08 13:48:00,Đại lý,NV04,Đã giao
DH007889,KH0367,2024-10-08 20:34:00,TMĐT - Shopee,NV27,Đang xử lý
DH008943,KH0415,2024-10-08 23:38:00,TMĐT - Tiki,NV18,Đã giao
DH003141,KH0321,2024-10-09 02:13:00,Đại lý,NV03,Đã giao
DH004680,KH0322,2024-10-09 04:56:00,Bán lẻ trực tiếp,NV06,Đã giao
DH011779,KH0323,2024-10-09 11:29:00,Showroom,NV06,Đã giao
DH006150,KH0328,2024-10-09 12:36:00,Bán lẻ trực tiếp,NV04,Đã giao
DH005032,KH0171,2024-10-09 13:35:00,TMĐT - Lazada,NV29,Đã giao
DH011480,KH0126,2024-10-09 15:07:00,Showroom,NV20,Đã giao
DH006351,KH0257,2024-10-09 15:08:00,TMĐT - Tiki,NV14,Mới
DH011978,KH0098,2024-10-09 15:36:00,Đại lý,NV08,Đang xử lý
DH011496,KH0274,2024-10-09 17:54:00,Đại lý,NV01,Đã giao
DH006389,KH0413,2024-10-09 18:51:00,TMĐT - Lazada,NV28,Đã giao
DH011648,KH0089,2024-10-09 20:40:00,Đại lý,NV30,Đã giao
DH002075,KH0280,2024-10-09 20:41:00,TMĐT - Tiki,NV21,Đã giao
DH008562,KH0056,2024-10-09 21:00:00,Showroom,NV29,Đã giao
DH007121,KH0257,2024-10-09 22:03:00,TMĐT - Shopee,NV21,Đã giao
DH009754,KH0155,2024-10-09 22:21:00,TMĐT - Tiki,NV23,Đã giao
DH004324,KH0304,2024-10-09 22:50:00,TMĐT - Shopee,NV11,Đang xử lý
DH009532,KH0076,2024-10-09 22:51:00,TMĐT - Lazada,NV15,Đã giao
DH008964,KH0306,2024-10-10 00:26:00,Đại lý,NV05,Đã giao
DH006801,KH0391,2024-10-10 01:06:00,Bán lẻ trực tiếp,NV07,Đã giao
DH008102,KH0135,2024-10-10 01:24:00,TMĐT - Tiki,NV12,Đã giao
DH008854,KH0310,2024-10-10 01:28:00,Showroom,NV04,Đã giao
DH010315,KH0141,2024-10-10 03:17:00,TMĐT - Lazada,NV29,Đã giao
DH010231,KH0248,2024-10-10 06:37:00,Showroom,NV24,Trả hàng
DH009136,KH0380,2024-10-10 06:45:00,Đại lý,NV01,Đã giao
DH004977,KH0012,2024-10-10 13:39:00,Showroom,NV09,Đang xử lý
DH009852,KH0314,2024-10-10 14:47:00,Showroom,NV10,Đã giao
DH003476,KH0305,2024-10-10 16:43:00,Bán lẻ trực tiếp,NV12,Đang xử lý
DH008951,KH0221,2024-10-10 18:52:00,Đại lý,NV22,Đã giao
DH005913,KH0357,2024-10-10 19:04:00,Showroom,NV20,Đã giao
DH003964,KH0402,2024-10-11 05:12:00,TMĐT - Shopee,NV18,Đang xử lý
DH006899,KH0391,2024-10-11 07:41:00,Bán lẻ trực tiếp,NV07,Đã hủy
DH010058,KH0227,2024-10-11 10:21:00,Showroom,NV27,Đã giao
DH008813,KH0274,2024-10-11 10:47:00,Đại lý,NV30,Mới
DH008104,KH0199,2024-10-11 11:39:00,Showroom,NV15,Đã hủy
DH007567,KH0325,2024-10-11 13:17:00,Bán lẻ trực tiếp,NV25,Đang xử lý
DH010596,KH0413,2024-10-11 13:29:00,Bán lẻ trực tiếp,NV28,Đang xử lý
DH004950,KH0089,2024-10-11 15:07:00,Đại lý,NV01,Đã giao
DH010707,KH0359,2024-10-11 15:35:00,TMĐT - Tiki,NV09,Đã giao
DH009739,KH0274,2024-10-11 20:09:00,Bán lẻ trực tiếp,NV14,Đang xử lý
DH001075,KH0201,2024-10-11 22:25:00,Bán lẻ trực tiếp,NV27,Đã giao
DH006873,KH0265,2024-10-11 22:40:00,Bán lẻ trực tiếp,NV03,Đã giao
DH008874,KH0231,2024-10-12 00:43:00,Đại lý,NV20,Đã giao
DH009070,KH0293,2024-10-12 03:22:00,TMĐT - Shopee,NV17,Đã giao
DH010592,KH0147,2024-10-12 04:33:00,TMĐT - Shopee,NV19,Đã giao
DH000443,KH0113,2024-10-12 07:46:00,Đại lý,NV26,Đã giao
DH003399,KH0314,2024-10-12 10:26:00,TMĐT - Tiki,NV04,Đã giao
DH007630,KH0391,2024-10-12 10:44:00,Showroom,NV30,Đã giao
DH005197,KH0351,2024-10-12 11:24:00,TMĐT - Shopee,NV20,Mới
DH007481,KH0250,2024-10-12 11:45:00,Showroom,NV05,Đã giao
DH008307,KH0155,2024-10-12 11:50:00,TMĐT - Tiki,NV25,Đã giao
DH009229,KH0391,2024-10-12 13:48:00,Showroom,NV24,Đã giao
DH007701,KH0070,2024-10-12 16:45:00,TMĐT - Tiki,NV23,Đã giao
DH007098,KH0184,2024-10-12 17:42:00,TMĐT - Lazada,NV28,Mới
DH008597,KH0141,2024-10-12 18:01:00,Showroom,NV24,Đã giao
DH005798,KH0035,2024-10-12 20:21:00,Đại lý,NV01,Đang xử lý
DH004535,KH0447,2024-10-12 20:29:00,TMĐT - Lazada,NV09,Đang xử lý
DH003905,KH0365,2024-10-12 21:02:00,TMĐT - Lazada,NV01,Đã giao
DH010416,KH0192,2024-10-13 00:18:00,Bán lẻ trực tiếp,NV06,Đã giao
DH003470,KH0262,2024-10-13 00:18:00,TMĐT - Shopee,NV19,Đang xử lý
DH004974,KH0166,2024-10-13 00:44:00,TMĐT - Lazada,NV16,Đã giao
DH006220,KH0248,2024-10-13 07:55:00,TMĐT - Shopee,NV18,Đã giao
DH009560,KH0134,2024-10-13 09:44:00,Bán lẻ trực tiếp,NV15,Đã giao
DH011417,KH0281,2024-10-13 11:21:00,Showroom,NV26,Đã giao
DH001546,KH0148,2024-10-13 12:06:00,TMĐT - Tiki,NV29,Đã giao
DH003155,KH0105,2024-10-13 12:28:00,Bán lẻ trực tiếp,NV01,Đã giao
DH006204,KH0158,2024-10-13 12:46:00,TMĐT - Tiki,NV21,Đã giao
DH007974,KH0135,2024-10-13 14:06:00,Showroom,NV07,Đã giao
DH001311,KH0087,2024-10-13 14:41:00,Showroom,NV03,Đã giao
DH011465,KH0053,2024-10-13 23:14:00,Showroom,NV11,Mới
DH000424,KH0248,2024-10-14 00:18:00,TMĐT - Lazada,NV10,Đã giao
DH005887,KH0179,2024-10-14 01:46:00,TMĐT - Shopee,NV10,Đã giao
DH010326,KH0177,2024-10-14 04:48:00,TMĐT - Lazada,NV25,Đã giao
DH002223,KH0367,2024-10-14 05:34:00,TMĐT - Shopee,NV12,Đã giao
DH009899,KH0436,2024-10-14 06:02:00,TMĐT - Lazada,NV26,Đã hủy
DH003282,KH0391,2024-10-14 09:48:00,Bán lẻ trực tiếp,NV27,Đã giao
DH010643,KH0229,2024-10-14 12:11:00,Đại lý,NV29,Đã giao
DH004207,KH0271,2024-10-14 12:37:00,Bán lẻ trực tiếp,NV05,Đã giao
DH000313,KH0052,2024-10-14 13:36:00,Showroom,NV13,Đã giao
DH001440,KH0447,2024-10-14 14:05:00,TMĐT - Tiki,NV18,Đã giao
DH011637,KH0246,2024-10-14 19:11:00,Bán lẻ trực tiếp,NV16,Đã giao
DH001184,KH0396,2024-10-14 22:19:00,Đại lý,NV09,Đã giao
DH006682,KH0021,2024-10-14 22:40:00,TMĐT - Shopee,NV15,Đã hủy
DH004447,KH0227,2024-10-14 23:32:00,Bán lẻ trực tiếp,NV30,Đã giao
DH010978,KH0198,2024-10-15 00:23:00,TMĐT - Tiki,NV20,Đã giao
DH002915,KH0198,2024-10-15 01:13:00,Bán lẻ trực tiếp,NV16,Đã giao
DH010046,KH0013,2024-10-15 01:15:00,Đại lý,NV28,Đã giao
DH002565,KH0192,2024-10-15 01:34:00,TMĐT - Shopee,NV23,Đã giao
DH000160,KH0227,2024-10-15 02:38:00,Đại lý,NV02,Đã giao
DH002511,KH0053,2024-10-15 02:56:00,TMĐT - Lazada,NV19,Trả hàng
DH009698,KH0179,2024-10-15 03:36:00,TMĐT - Shopee,NV23,Đang xử lý
DH004159,KH0151,2024-10-15 06:29:00,Đại lý,NV23,Đang xử lý
DH009681,KH0262,2024-10-15 07:43:00,Showroom,NV01,Đã giao
DH002355,KH0034,2024-10-15 07:46:00,TMĐT - Tiki,NV14,Mới
DH005004,KH0155,2024-10-15 08:44:00,TMĐT - Tiki,NV04,Đã giao
DH010143,KH0054,2024-10-15 09:01:00,Đại lý,NV03,Đã giao
DH009007,KH0442,2024-10-15 10:48:00,TMĐT - Lazada,NV29,Đã hủy
DH007245,KH0002,2024-10-15 11:22:00,TMĐT - Shopee,NV06,Đã giao
DH003041,KH0003,2024-10-15 11:38:00,TMĐT - Shopee,NV05,Đã giao
DH008492,KH0293,2024-10-15 12:03:00,Showroom,NV27,Đã giao
DH006272,KH0403,2024-10-15 12:39:00,Đại lý,NV29,Đã giao
DH010049,KH0003,2024-10-15 16:39:00,TMĐT - Tiki,NV06,Đã giao
DH001650,KH0199,2024-10-15 16:39:00,TMĐT - Shopee,NV15,Đã giao
DH009686,KH0035,2024-10-15 18:03:00,Bán lẻ trực tiếp,NV25,Đã giao
DH001590,KH0218,2024-10-15 19:13:00,Showroom,NV27,Đã giao
DH009589,KH0406,2024-10-15 21:43:00,Bán lẻ trực tiếp,NV29,Đã giao
DH000216,KH0081,2024-10-16 01:41:00,TMĐT - Tiki,NV28,Đang xử lý
DH003091,KH0054,2024-10-16 02:51:00,TMĐT - Lazada,NV23,Đã giao
DH009986,KH0439,2024-10-16 03:28:00,Bán lẻ trực tiếp,NV05,Đã giao
DH011416,KH0141,2024-10-16 04:39:00,TMĐT - Shopee,NV24,Đã giao
DH000474,KH0262,2024-10-16 04:41:00,TMĐT - Lazada,NV14,Đã giao
DH003859,KH0262,2024-10-16 06:16:00,TMĐT - Shopee,NV29,Đã giao
DH008546,KH0155,2024-10-16 08:24:00,Showroom,NV17,Đã hủy
DH011514,KH0200,2024-10-16 17:32:00,TMĐT - Shopee,NV17,Đã giao
DH010716,KH0241,2024-10-16 20:27:00,Showroom,NV07,Đã giao
DH011463,KH0139,2024-10-16 21:38:00,TMĐT - Shopee,NV21,Đã giao
DH000572,KH0368,2024-10-17 03:04:00,TMĐT - Tiki,NV28,Trả hàng
DH008820,KH0179,2024-10-17 03:21:00,Bán lẻ trực tiếp,NV25,Đã giao
DH000244,KH0199,2024-10-17 04:12:00,TMĐT - Shopee,NV27,Đang xử lý
DH008559,KH0187,2024-10-17 04:48:00,TMĐT - Shopee,NV20,Đã giao
DH007046,KH0442,2024-10-17 05:58:00,TMĐT - Tiki,NV18,Đã giao
DH003136,KH0446,2024-10-17 08:20:00,Showroom,NV26,Đã giao
DH001561,KH0359,2024-10-17 08:22:00,TMĐT - Tiki,NV25,Đã giao
DH001332,KH0122,2024-10-17 11:07:00,TMĐT - Lazada,NV18,Đã giao
DH001633,KH0248,2024-10-17 11:31:00,TMĐT - Shopee,NV08,Mới
DH010218,KH0140,2024-10-17 14:37:00,TMĐT - Lazada,NV30,Đã giao
DH009625,KH0241,2024-10-17 20:05:00,TMĐT - Lazada,NV12,Đã giao
DH009435,KH0325,2024-10-17 23:12:00,Đại lý,NV23,Đang xử lý
DH006790,KH0128,2024-10-18 00:36:00,Đại lý,NV02,Đã giao
DH010553,KH0367,2024-10-18 00:54:00,TMĐT - Shopee,NV15,Trả hàng
DH004413,KH0391,2024-10-18 02:21:00,TMĐT - Lazada,NV22,Đã giao
DH001663,KH0272,2024-10-18 06:21:00,TMĐT - Lazada,NV09,Đã giao
DH004776,KH0094,2024-10-18 06:52:00,TMĐT - Shopee,NV27,Đã giao
DH010911,KH0053,2024-10-18 08:59:00,TMĐT - Tiki,NV21,Đã giao
DH001321,KH0367,2024-10-18 09:13:00,TMĐT - Shopee,NV19,Đã giao
DH006690,KH0406,2024-10-18 10:06:00,TMĐT - Shopee,NV28,Đã giao
DH005155,KH0076,2024-10-18 11:53:00,Đại lý,NV23,Mới
DH003705,KH0248,2024-10-18 12:55:00,TMĐT - Shopee,NV06,Đã giao
DH011243,KH0097,2024-10-18 13:53:00,Bán lẻ trực tiếp,NV30,Đã giao
DH005446,KH0325,2024-10-18 14:02:00,Bán lẻ trực tiếp,NV22,Đang xử lý
DH004030,KH0447,2024-10-18 15:18:00,Đại lý,NV27,Đã giao
DH011172,KH0266,2024-10-18 15:50:00,TMĐT - Shopee,NV21,Đang xử lý
DH007271,KH0179,2024-10-18 16:02:00,Showroom,NV04,Đã giao
DH008045,KH0412,2024-10-18 17:06:00,TMĐT - Shopee,NV01,Đã giao
DH004276,KH0442,2024-10-18 17:41:00,Bán lẻ trực tiếp,NV17,Đã giao
DH000077,KH0187,2024-10-18 17:46:00,TMĐT - Shopee,NV23,Mới
DH010324,KH0241,2024-10-18 18:44:00,Showroom,NV25,Đã giao
DH011873,KH0442,2024-10-18 18:53:00,TMĐT - Tiki,NV19,Đã giao
DH004344,KH0290,2024-10-18 20:03:00,TMĐT - Lazada,NV18,Đã giao
DH006915,KH0250,2024-10-18 23:24:00,Showroom,NV11,Đã hủy
DH009576,KH0446,2024-10-18 23:52:00,TMĐT - Shopee,NV11,Đang xử lý
DH010207,KH0227,2024-10-19 00:19:00,TMĐT - Lazada,NV14,Đang xử lý
DH001036,KH0052,2024-10-19 02:07:00,Bán lẻ trực tiếp,NV30,Đã giao
DH009742,KH0377,2024-10-19 03:16:00,TMĐT - Shopee,NV10,Đã giao
DH005008,KH0071,2024-10-19 03:44:00,TMĐT - Shopee,NV25,Đã giao
DH002052,KH0377,2024-10-19 04:28:00,TMĐT - Shopee,NV04,Đã hủy
DH001560,KH0141,2024-10-19 04:40:00,TMĐT - Shopee,NV13,Đang xử lý
DH005040,KH0419,2024-10-19 05:42:00,TMĐT - Shopee,NV04,Đang xử lý
DH000761,KH0227,2024-10-19 13:55:00,TMĐT - Tiki,NV01,Đã giao
DH004156,KH0070,2024-10-19 15:30:00,Showroom,NV22,Đã giao
DH008047,KH0249,2024-10-19 17:01:00,Đại lý,NV27,Đang xử lý
DH004527,KH0356,2024-10-19 17:04:00,Bán lẻ trực tiếp,NV01,Đã giao
DH007296,KH0012,2024-10-19 19:45:00,Showroom,NV09,Đã giao
DH002353,KH0315,2024-10-19 20:51:00,TMĐT - Tiki,NV22,Đã giao
DH000280,KH0268,2024-10-19 20:53:00,Bán lẻ trực tiếp,NV13,Đã hủy
DH004571,KH0447,2024-10-19 21:11:00,TMĐT - Tiki,NV16,Đã giao
DH001072,KH0352,2024-10-19 21:41:00,Bán lẻ trực tiếp,NV25,Đã giao
DH003583,KH0158,2024-10-19 22:05:00,TMĐT - Lazada,NV17,Đã giao
DH007777,KH0262,2024-10-19 23:51:00,Đại lý,NV15,Đã giao
DH005245,KH0248,2024-10-20 01:04:00,Đại lý,NV21,Đã giao
DH002480,KH0227,2024-10-20 02:52:00,Bán lẻ trực tiếp,NV06,Đã giao
DH006334,KH0367,2024-10-20 04:56:00,Đại lý,NV04,Đã giao
DH001492,KH0279,2024-10-20 06:00:00,TMĐT - Lazada,NV21,Đã giao
DH001547,KH0391,2024-10-20 13:14:00,TMĐT - Tiki,NV03,Đã giao
DH010314,KH0175,2024-10-20 13:26:00,Đại lý,NV19,Đã giao
DH008316,KH0324,2024-10-20 13:49:00,Đại lý,NV04,Đã giao
DH005593,KH0070,2024-10-20 15:00:00,TMĐT - Shopee,NV17,Đã giao
DH003079,KH0197,2024-10-20 16:19:00,Bán lẻ trực tiếp,NV30,Đã giao
DH002119,KH0442,2024-10-20 17:13:00,Đại lý,NV06,Đã giao
DH005442,KH0184,2024-10-20 19:12:00,TMĐT - Shopee,NV15,Đã giao
DH002548,KH0002,2024-10-20 20:03:00,TMĐT - Shopee,NV13,Đã giao
DH000475,KH0135,2024-10-21 00:59:00,Showroom,NV30,Mới
DH011367,KH0119,2024-10-21 02:34:00,Showroom,NV29,Đã giao
DH002416,KH0314,2024-10-21 04:20:00,Showroom,NV30,Đã giao
DH003880,KH0385,2024-10-21 07:01:00,Showroom,NV27,Đã giao
DH007822,KH0066,2024-10-21 07:38:00,Bán lẻ trực tiếp,NV18,Đã giao
DH001050,KH0119,2024-10-21 07:58:00,TMĐT - Shopee,NV02,Đã giao
DH011199,KH0281,2024-10-21 08:19:00,TMĐT - Shopee,NV30,Đã giao
DH004560,KH0269,2024-10-21 09:13:00,Bán lẻ trực tiếp,NV28,Đã giao
DH004739,KH0155,2024-10-21 09:43:00,Đại lý,NV04,Đã giao
DH009456,KH0391,2024-10-21 10:53:00,TMĐT - Shopee,NV01,Đã giao
DH005512,KH0105,2024-10-21 15:49:00,Đại lý,NV01,Đã giao
DH006058,KH0048,2024-10-21 16:12:00,Bán lẻ trực tiếp,NV05,Đang xử lý
DH003191,KH0391,2024-10-21 17:13:00,TMĐT - Lazada,NV02,Đã giao
DH000002,KH0413,2024-10-21 18:12:00,TMĐT - Lazada,NV09,Đã giao
DH009147,KH0268,2024-10-21 19:16:00,TMĐT - Shopee,NV19,Đang xử lý
DH010865,KH0192,2024-10-21 20:06:00,TMĐT - Shopee,NV06,Đã giao
DH000559,KH0447,2024-10-21 21:13:00,Showroom,NV03,Đã giao
DH001287,KH0297,2024-10-21 21:15:00,TMĐT - Tiki,NV07,Đã giao
DH011406,KH0406,2024-10-21 21:34:00,Bán lẻ trực tiếp,NV09,Đã giao
DH010072,KH0368,2024-10-21 22:06:00,Đại lý,NV10,Đã hủy
DH002919,KH0056,2024-10-22 00:03:00,TMĐT - Tiki,NV15,Đã hủy
DH007224,KH0221,2024-10-22 01:22:00,Đại lý,NV05,Đã hủy
DH011050,KH0152,2024-10-22 01:39:00,TMĐT - Shopee,NV10,Đã giao
DH000455,KH0306,2024-10-22 02:40:00,Bán lẻ trực tiếp,NV28,Đã giao
DH000146,KH0248,2024-10-22 04:10:00,Showroom,NV18,Đã giao
DH008637,KH0127,2024-10-22 04:52:00,TMĐT - Tiki,NV23,Đã hủy
DH011537,KH0413,2024-10-22 05:38:00,TMĐT - Lazada,NV24,Đã giao
DH011588,KH0262,2024-10-22 07:45:00,TMĐT - Tiki,NV28,Đã giao
DH005613,KH0366,2024-10-22 08:28:00,TMĐT - Tiki,NV25,Đã giao
DH000052,KH0081,2024-10-22 11:22:00,Bán lẻ trực tiếp,NV20,Đã giao
DH002600,KH0316,2024-10-22 13:16:00,TMĐT - Tiki,NV04,Mới
DH008733,KH0262,2024-10-22 14:33:00,TMĐT - Tiki,NV18,Đã giao
DH011990,KH0384,2024-10-22 14:58:00,TMĐT - Lazada,NV20,Mới
DH008536,KH0036,2024-10-22 15:12:00,TMĐT - Tiki,NV12,Đã giao
DH003032,KH0314,2024-10-22 15:20:00,Đại lý,NV04,Trả hàng
DH000880,KH0287,2024-10-22 15:31:00,Đại lý,NV22,Đã giao
DH004928,KH0314,2024-10-22 15:43:00,Showroom,NV19,Đang xử lý
DH001581,KH0051,2024-10-22 15:44:00,TMĐT - Shopee,NV27,Mới
DH000215,KH0386,2024-10-22 15:58:00,Đại lý,NV14,Đã giao
DH002079,KH0391,2024-10-22 16:14:00,Đại lý,NV12,Đã giao
DH003024,KH0117,2024-10-22 16:16:00,TMĐT - Shopee,NV14,Đã giao
DH007362,KH0297,2024-10-22 16:54:00,Showroom,NV20,Trả hàng
DH000711,KH0070,2024-10-22 17:07:00,TMĐT - Tiki,NV10,Mới
DH000947,KH0447,2024-10-22 17:11:00,Showroom,NV30,Đang xử lý
DH003775,KH0199,2024-10-22 18:05:00,Showroom,NV23,Đã hủy
DH006483,KH0445,2024-10-22 18:38:00,Bán lẻ trực tiếp,NV15,Đã giao
DH010165,KH0246,2024-10-22 22:14:00,TMĐT - Lazada,NV28,Đang xử lý
DH004784,KH0199,2024-10-23 00:19:00,Bán lẻ trực tiếp,NV21,Đã giao
DH009970,KH0135,2024-10-23 00:24:00,TMĐT - Shopee,NV07,Đã giao
DH006762,KH0228,2024-10-23 01:22:00,Đại lý,NV03,Đã giao
DH005185,KH0198,2024-10-23 02:38:00,Đại lý,NV19,Đã giao
DH003353,KH0311,2024-10-23 08:39:00,TMĐT - Shopee,NV27,Đã giao
DH007111,KH0227,2024-10-23 08:57:00,TMĐT - Lazada,NV24,Đã giao
DH001920,KH0332,2024-10-23 09:00:00,TMĐT - Tiki,NV07,Đang xử lý
DH011395,KH0438,2024-10-23 09:41:00,TMĐT - Lazada,NV16,Đã giao
DH007360,KH0390,2024-10-23 10:17:00,TMĐT - Tiki,NV15,Đã hủy
DH007802,KH0140,2024-10-23 10:24:00,TMĐT - Lazada,NV26,Đã giao
DH002883,KH0262,2024-10-23 10:57:00,TMĐT - Lazada,NV25,Đã giao
DH006417,KH0306,2024-10-23 11:42:00,Showroom,NV10,Trả hàng
DH000622,KH0063,2024-10-23 12:11:00,TMĐT - Tiki,NV01,Đã giao
DH001360,KH0306,2024-10-23 14:08:00,TMĐT - Shopee,NV09,Đã giao
DH001214,KH0365,2024-10-23 14:31:00,Bán lẻ trực tiếp,NV11,Đang xử lý
DH005391,KH0198,2024-10-23 15:51:00,Showroom,NV18,Đã giao
DH003850,KH0012,2024-10-23 16:40:00,TMĐT - Tiki,NV17,Đã giao
DH004544,KH0365,2024-10-23 17:54:00,Showroom,NV10,Trả hàng
DH001408,KH0227,2024-10-23 18:28:00,Bán lẻ trực tiếp,NV16,Mới
DH011980,KH0427,2024-10-24 00:00:00,TMĐT - Tiki,NV30,Mới
DH009204,KH0105,2024-10-24 03:18:00,Đại lý,NV24,Đã giao
DH008713,KH0262,2024-10-24 03:37:00,TMĐT - Tiki,NV22,Đang xử lý
DH000828,KH0229,2024-10-24 03:59:00,TMĐT - Lazada,NV06,Đã giao
DH007015,KH0051,2024-10-24 04:31:00,TMĐT - Lazada,NV04,Mới
DH000513,KH0287,2024-10-24 04:31:00,TMĐT - Lazada,NV18,Đã giao
DH004282,KH0031,2024-10-24 07:20:00,Đại lý,NV07,Đã giao
DH004894,KH0140,2024-10-24 07:29:00,TMĐT - Tiki,NV05,Đã hủy
DH001843,KH0227,2024-10-24 10:21:00,TMĐT - Shopee,NV13,Đã giao
DH006210,KH0135,2024-10-24 10:54:00,TMĐT - Tiki,NV26,Đã giao
DH001760,KH0412,2024-10-24 14:24:00,Bán lẻ trực tiếp,NV16,Đã giao
DH010855,KH0262,2024-10-24 16:36:00,TMĐT - Shopee,NV01,Đã giao
DH008865,KH0204,2024-10-24 16:53:00,Bán lẻ trực tiếp,NV01,Đã giao
DH000511,KH0445,2024-10-24 18:14:00,Showroom,NV13,Đã giao
DH002968,KH0018,2024-10-24 22:03:00,TMĐT - Shopee,NV21,Đã giao
DH001319,KH0219,2024-10-24 23:47:00,Bán lẻ trực tiếp,NV09,Trả hàng
DH008266,KH0297,2024-10-25 00:48:00,Đại lý,NV13,Đã giao
DH004382,KH0389,2024-10-25 03:33:00,TMĐT - Lazada,NV30,Đã giao
DH001960,KH0190,2024-10-25 07:23:00,TMĐT - Lazada,NV02,Mới
DH008619,KH0198,2024-10-25 08:19:00,Showroom,NV18,Mới
DH000889,KH0391,2024-10-25 09:56:00,TMĐT - Lazada,NV22,Đã giao
DH002014,KH0184,2024-10-25 11:51:00,TMĐT - Shopee,NV14,Đã giao
DH002502,KH0130,2024-10-25 12:46:00,TMĐT - Lazada,NV01,Đã giao
DH001788,KH0281,2024-10-25 12:49:00,Bán lẻ trực tiếp,NV26,Đã giao
DH006344,KH0089,2024-10-25 15:25:00,Showroom,NV16,Đã giao
DH001277,KH0220,2024-10-25 16:31:00,Bán lẻ trực tiếp,NV07,Đã giao
DH010560,KH0220,2024-10-25 16:48:00,TMĐT - Lazada,NV08,Đã giao
DH008530,KH0262,2024-10-25 18:05:00,Bán lẻ trực tiếp,NV19,Đã hủy
DH007235,KH0024,2024-10-25 18:35:00,TMĐT - Tiki,NV05,Đã giao
DH010944,KH0446,2024-10-25 19:03:00,Đại lý,NV07,Đang xử lý
DH010457,KH0391,2024-10-25 19:13:00,Đại lý,NV19,Đã giao
DH007528,KH0141,2024-10-25 19:18:00,TMĐT - Tiki,NV20,Mới
DH006977,KH0248,2024-10-25 19:30:00,Đại lý,NV05,Đã giao
DH005111,KH0306,2024-10-25 19:56:00,TMĐT - Lazada,NV18,Đã giao
DH011259,KH0230,2024-10-25 21:14:00,TMĐT - Tiki,NV20,Đã giao
DH003089,KH0213,2024-10-25 21:58:00,TMĐT - Tiki,NV30,Đã giao
DH009954,KH0415,2024-10-25 23:08:00,TMĐT - Shopee,NV24,Đã giao
DH000646,KH0297,2024-10-25 23:48:00,Showroom,NV25,Đã giao
DH001003,KH0404,2024-10-26 04:23:00,Bán lẻ trực tiếp,NV12,Đã giao
DH009356,KH0070,2024-10-26 05:59:00,TMĐT - Shopee,NV29,Đã giao
DH010685,KH0385,2024-10-26 06:08:00,Showroom,NV13,Đã giao
DH010369,KH0432,2024-10-26 06:37:00,TMĐT - Tiki,NV18,Đã giao
DH000630,KH0325,2024-10-26 06:50:00,TMĐT - Lazada,NV05,Đã giao
DH011798,KH0068,2024-10-26 07:30:00,Bán lẻ trực tiếp,NV02,Đã giao
DH011724,KH0406,2024-10-26 07:31:00,TMĐT - Lazada,NV21,Đã giao
DH003244,KH0447,2024-10-26 11:14:00,Đại lý,NV15,Đã giao
DH005117,KH0135,2024-10-26 14:37:00,TMĐT - Lazada,NV10,Đã giao
DH003371,KH0402,2024-10-26 15:38:00,Showroom,NV24,Mới
DH011909,KH0190,2024-10-26 16:53:00,TMĐT - Tiki,NV12,Đã giao
DH010928,KH0063,2024-10-26 17:29:00,Showroom,NV16,Đã giao
DH003018,KH0189,2024-10-26 21:19:00,Đại lý,NV22,Đã giao
DH007727,KH0265,2024-10-26 21:25:00,Đại lý,NV19,Đã giao
DH004013,KH0442,2024-10-26 22:45:00,TMĐT - Lazada,NV16,Đã giao
DH002960,KH0281,2024-10-27 01:05:00,Bán lẻ trực tiếp,NV08,Đã giao
DH009268,KH0314,2024-10-27 01:48:00,TMĐT - Tiki,NV26,Đã hủy
DH008894,KH0250,2024-10-27 04:29:00,Bán lẻ trực tiếp,NV15,Đã giao
DH005227,KH0424,2024-10-27 05:34:00,TMĐT - Shopee,NV12,Đã giao
DH001118,KH0274,2024-10-27 05:47:00,TMĐT - Shopee,NV05,Đã giao
DH004279,KH0389,2024-10-27 05:54:00,Bán lẻ trực tiếp,NV20,Đang xử lý
DH011233,KH0314,2024-10-27 07:48:00,TMĐT - Tiki,NV28,Đã giao
DH000747,KH0017,2024-10-27 09:53:00,TMĐT - Lazada,NV18,Đã giao
DH010582,KH0337,2024-10-27 10:35:00,TMĐT - Tiki,NV26,Mới
DH003807,KH0204,2024-10-27 10:48:00,Showroom,NV06,Đã giao
DH000860,KH0253,2024-10-27 13:46:00,TMĐT - Tiki,NV07,Đã giao
DH005586,KH0257,2024-10-27 16:18:00,Đại lý,NV13,Đã giao
DH006125,KH0231,2024-10-27 17:15:00,Bán lẻ trực tiếp,NV15,Đã giao
DH001576,KH0248,2024-10-27 17:54:00,Bán lẻ trực tiếp,NV21,Đã giao
DH006892,KH0306,2024-10-27 17:56:00,TMĐT - Shopee,NV02,Mới
DH000324,KH0265,2024-10-27 19:49:00,Bán lẻ trực tiếp,NV02,Đã giao
DH007449,KH0075,2024-10-27 21:01:00,Showroom,NV29,Đã giao
DH001377,KH0035,2024-10-27 23:31:00,TMĐT - Lazada,NV21,Đã giao
DH011488,KH0039,2024-10-27 23:33:00,Đại lý,NV23,Đã giao
DH009079,KH0013,2024-10-27 23:34:00,TMĐT - Lazada,NV27,Đã giao
DH008986,KH0262,2024-10-28 01:07:00,Bán lẻ trực tiếp,NV10,Đã giao
DH000962,KH0165,2024-10-28 02:40:00,Showroom,NV21,Đã giao
DH005574,KH0358,2024-10-28 03:40:00,Đại lý,NV17,Đã hủy
DH003559,KH0230,2024-10-28 04:05:00,Bán lẻ trực tiếp,NV14,Đã giao
DH011649,KH0002,2024-10-28 04:18:00,TMĐT - Shopee,NV21,Đang xử lý
DH010530,KH0442,2024-10-28 04:33:00,Đại lý,NV20,Đã giao
DH001723,KH0214,2024-10-28 06:19:00,TMĐT - Tiki,NV06,Đã giao
DH008783,KH0070,2024-10-28 06:44:00,TMĐT - Lazada,NV07,Đã giao
DH003102,KH0415,2024-10-28 07:01:00,TMĐT - Lazada,NV19,Đã giao
DH002540,KH0274,2024-10-28 09:25:00,TMĐT - Lazada,NV16,Đã giao
DH001511,KH0150,2024-10-28 10:27:00,Đại lý,NV11,Đã giao
DH003840,KH0442,2024-10-28 12:04:00,Bán lẻ trực tiếp,NV19,Đã giao
DH004913,KH0391,2024-10-28 13:35:00,TMĐT - Shopee,NV18,Đã giao
DH005893,KH0085,2024-10-28 13:49:00,TMĐT - Tiki,NV03,Đã giao
DH004421,KH0013,2024-10-28 16:05:00,TMĐT - Lazada,NV22,Đã giao
DH006429,KH0118,2024-10-29 02:01:00,Đại lý,NV01,Đã giao
DH004989,KH0445,2024-10-29 02:30:00,TMĐT - Shopee,NV28,Đã giao
DH001320,KH0349,2024-10-29 04:33:00,Đại lý,NV10,Đang xử lý
DH005085,KH0421,2024-10-29 04:49:00,TMĐT - Tiki,NV04,Đã giao
DH010195,KH0044,2024-10-29 08:51:00,TMĐT - Lazada,NV20,Đã giao
DH003567,KH0034,2024-10-29 10:57:00,Đại lý,NV26,Trả hàng
DH009230,KH0020,2024-10-29 13:02:00,Showroom,NV21,Đang xử lý
DH001933,KH0359,2024-10-29 13:28:00,TMĐT - Lazada,NV05,Trả hàng
DH006661,KH0108,2024-10-29 16:09:00,Showroom,NV11,Đã giao
DH004390,KH0164,2024-10-29 18:36:00,TMĐT - Tiki,NV04,Đã giao
DH006016,KH0008,2024-10-29 21:07:00,Showroom,NV20,Trả hàng
DH002395,KH0304,2024-10-29 21:24:00,TMĐT - Shopee,NV11,Đã giao
DH001491,KH0305,2024-10-29 22:45:00,Đại lý,NV23,Đã giao
DH007970,KH0272,2024-10-29 23:05:00,Đại lý,NV03,Đã giao
DH008778,KH0337,2024-10-30 00:13:00,Đại lý,NV02,Đã giao
DH007232,KH0113,2024-10-30 00:18:00,TMĐT - Shopee,NV08,Đã giao
DH005752,KH0229,2024-10-30 01:32:00,TMĐT - Tiki,NV21,Đã giao
DH008196,KH0323,2024-10-30 02:19:00,TMĐT - Lazada,NV27,Đã giao
DH011590,KH0391,2024-10-30 05:19:00,Đại lý,NV21,Đã giao
DH009832,KH0012,2024-10-30 06:52:00,Bán lẻ trực tiếp,NV24,Đã giao
DH001081,KH0250,2024-10-30 07:30:00,Bán lẻ trực tiếp,NV26,Đã giao
DH008240,KH0447,2024-10-30 08:59:00,TMĐT - Tiki,NV21,Đã giao
DH005089,KH0220,2024-10-30 10:19:00,TMĐT - Tiki,NV20,Đã giao
DH006229,KH0155,2024-10-30 10:24:00,TMĐT - Shopee,NV05,Đang xử lý
DH003542,KH0262,2024-10-30 11:58:00,Bán lẻ trực tiếp,NV21,Đang xử lý
DH010336,KH0442,2024-10-30 13:12:00,Bán lẻ trực tiếp,NV16,Đã giao
DH007796,KH0127,2024-10-30 14:09:00,Showroom,NV26,Đã giao
DH005516,KH0387,2024-10-30 15:35:00,Showroom,NV18,Đã giao
DH005694,KH0232,2024-10-30 15:52:00,TMĐT - Shopee,NV03,Đã giao
DH004529,KH0189,2024-10-30 15:59:00,TMĐT - Lazada,NV27,Đã giao
DH008001,KH0442,2024-10-30 16:44:00,Showroom,NV30,Đang xử lý
DH010808,KH0345,2024-10-30 18:44:00,TMĐT - Tiki,NV05,Đã hủy
DH002864,KH0141,2024-10-31 00:42:00,Bán lẻ trực tiếp,NV28,Đã giao
DH003588,KH0227,2024-10-31 00:49:00,Bán lẻ trực tiếp,NV25,Đã giao
DH005957,KH0390,2024-10-31 01:07:00,Bán lẻ trực tiếp,NV12,Đã giao
DH007338,KH0128,2024-10-31 01:24:00,Đại lý,NV27,Đã giao
DH008910,KH0113,2024-10-31 03:53:00,TMĐT - Shopee,NV02,Đã giao
DH010759,KH0002,2024-10-31 11:14:00,TMĐT - Tiki,NV14,Đang xử lý
DH000046,KH0436,2024-10-31 14:35:00,TMĐT - Tiki,NV23,Mới
DH009206,KH0047,2024-10-31 16:16:00,TMĐT - Shopee,NV21,Đã giao
DH007596,KH0007,2024-10-31 16:34:00,TMĐT - Shopee,NV07,Đã giao
DH009271,KH0442,2024-10-31 21:57:00,Showroom,NV24,Đã giao
DH001685,KH0342,2024-10-31 22:26:00,TMĐT - Shopee,NV17,Đã hủy
DH005420,KH0011,2024-10-31 22:27:00,Đại lý,NV28,Đã giao
DH006320,KH0012,2024-10-31 22:59:00,TMĐT - Tiki,NV30,Đã hủy
DH004348,KH0155,2024-10-31 23:17:00,TMĐT - Lazada,NV12,Đã giao
DH006962,KH0272,2024-10-31 23:37:00,Bán lẻ trực tiếp,NV21,Đã giao
DH002377,KH0205,2024-11-01 00:50:00,TMĐT - Lazada,NV14,Mới
DH007285,KH0413,2024-11-01 01:11:00,TMĐT - Tiki,NV02,Đã giao
DH011037,KH0442,2024-11-01 02:58:00,Đại lý,NV12,Đã giao
DH011138,KH0031,2024-11-01 04:37:00,TMĐT - Lazada,NV14,Đã giao
DH008516,KH0338,2024-11-01 05:04:00,TMĐT - Shopee,NV11,Trả hàng
DH004867,KH0070,2024-11-01 06:53:00,Bán lẻ trực tiếp,NV03,Đã giao
DH003883,KH0070,2024-11-01 08:23:00,TMĐT - Lazada,NV03,Đã giao
DH001484,KH0391,2024-11-01 08:43:00,Bán lẻ trực tiếp,NV28,Đã giao
DH006148,KH0438,2024-11-01 10:34:00,TMĐT - Lazada,NV20,Đã giao
DH003707,KH0187,2024-11-01 10:59:00,TMĐT - Tiki,NV20,Trả hàng
DH000091,KH0070,2024-11-01 11:05:00,TMĐT - Shopee,NV09,Đã giao
DH002228,KH0140,2024-11-01 11:56:00,TMĐT - Lazada,NV29,Đã giao
DH008686,KH0379,2024-11-01 12:25:00,TMĐT - Shopee,NV09,Đã giao
DH009593,KH0309,2024-11-01 15:30:00,TMĐT - Shopee,NV22,Đã giao
DH010222,KH0051,2024-11-01 18:20:00,TMĐT - Shopee,NV30,Đã giao
DH000153,KH0155,2024-11-01 19:48:00,Bán lẻ trực tiếp,NV30,Đã giao
DH002373,KH0053,2024-11-01 20:59:00,Đại lý,NV22,Đã giao
DH008268,KH0413,2024-11-01 21:20:00,Đại lý,NV27,Đã giao
DH008008,KH0328,2024-11-01 22:52:00,TMĐT - Lazada,NV02,Đã giao
DH005772,KH0010,2024-11-01 23:01:00,TMĐT - Tiki,NV11,Đã giao
DH005781,KH0392,2024-11-01 23:09:00,TMĐT - Lazada,NV25,Đã giao
DH010730,KH0257,2024-11-01 23:15:00,Bán lẻ trực tiếp,NV21,Đã hủy
DH000601,KH0323,2024-11-01 23:27:00,TMĐT - Tiki,NV20,Đã giao
DH007221,KH0070,2024-11-01 23:50:00,TMĐT - Tiki,NV30,Đã giao
DH002063,KH0034,2024-11-02 03:32:00,TMĐT - Lazada,NV08,Đã giao
DH002231,KH0056,2024-11-02 04:25:00,Đại lý,NV24,Đã giao
DH009624,KH0314,2024-11-02 04:46:00,TMĐT - Shopee,NV03,Đã giao
DH008848,KH0338,2024-11-02 05:36:00,TMĐT - Lazada,NV07,Đã giao
DH006530,KH0442,2024-11-02 06:01:00,TMĐT - Lazada,NV06,Đã giao
DH007177,KH0391,2024-11-02 06:27:00,Showroom,NV24,Đã giao
DH009565,KH0385,2024-11-02 06:38:00,Đại lý,NV28,Đã giao
DH011763,KH0412,2024-11-02 06:47:00,Đại lý,NV18,Đã giao
DH007343,KH0293,2024-11-02 09:37:00,TMĐT - Shopee,NV15,Mới
DH004996,KH0374,2024-11-02 10:19:00,TMĐT - Tiki,NV01,Đã giao
DH008503,KH0012,2024-11-02 12:36:00,TMĐT - Lazada,NV02,Đã giao
DH001174,KH0274,2024-11-02 16:06:00,TMĐT - Tiki,NV11,Đang xử lý
DH008511,KH0213,2024-11-02 16:10:00,TMĐT - Lazada,NV03,Đã giao
DH008968,KH0009,2024-11-02 17:00:00,Showroom,NV09,Đã hủy
DH003724,KH0026,2024-11-02 17:47:00,TMĐT - Tiki,NV01,Đã giao
DH006359,KH0187,2024-11-02 17:55:00,TMĐT - Tiki,NV24,Đã giao
DH004252,KH0355,2024-11-02 19:06:00,Đại lý,NV07,Đã giao
DH003917,KH0193,2024-11-02 19:17:00,TMĐT - Tiki,NV20,Đã giao
DH003547,KH0020,2024-11-02 22:45:00,TMĐT - Shopee,NV18,Đã giao
DH005601,KH0166,2024-11-02 23:04:00,Đại lý,NV24,Đã giao
DH003515,KH0063,2024-11-03 01:08:00,Showroom,NV04,Đã giao
DH007504,KH0141,2024-11-03 01:35:00,Bán lẻ trực tiếp,NV17,Đang xử lý
DH000853,KH0168,2024-11-03 03:09:00,TMĐT - Tiki,NV05,Đã giao
DH010884,KH0314,2024-11-03 03:23:00,Showroom,NV11,Đã giao
DH001631,KH0387,2024-11-03 05:32:00,Showroom,NV06,Đã giao
DH007769,KH0296,2024-11-03 05:58:00,TMĐT - Lazada,NV02,Đã hủy
DH006626,KH0447,2024-11-03 07:23:00,Đại lý,NV29,Đang xử lý
DH002927,KH0116,2024-11-03 09:14:00,Showroom,NV29,Đang xử lý
DH010638,KH0070,2024-11-03 10:40:00,TMĐT - Shopee,NV23,Đã giao
DH001662,KH0034,2024-11-03 11:02:00,TMĐT - Lazada,NV20,Đã giao
DH006812,KH0068,2024-11-03 12:01:00,Showroom,NV21,Đã hủy
DH007295,KH0270,2024-11-03 13:23:00,TMĐT - Tiki,NV25,Đã giao
DH008832,KH0353,2024-11-03 14:06:00,Bán lẻ trực tiếp,NV19,Đã giao
DH011729,KH0250,2024-11-03 15:53:00,TMĐT - Tiki,NV11,Đã giao
DH006339,KH0119,2024-11-03 16:15:00,Đại lý,NV18,Đã hủy
DH011412,KH0281,2024-11-03 19:16:00,TMĐT - Lazada,NV18,Đã giao
DH008473,KH0445,2024-11-03 20:29:00,Bán lẻ trực tiếp,NV21,Đã giao
DH000912,KH0192,2024-11-03 22:04:00,TMĐT - Lazada,NV11,Đã giao
DH005776,KH0253,2024-11-03 22:12:00,TMĐT - Tiki,NV11,Trả hàng
DH004453,KH0034,2024-11-03 22:13:00,Bán lẻ trực tiếp,NV04,Đã giao
DH011236,KH0365,2024-11-03 23:46:00,TMĐT - Lazada,NV06,Mới
DH006494,KH0325,2024-11-03 23:49:00,Bán lẻ trực tiếp,NV28,Đã giao
DH002387,KH0272,2024-11-04 00:52:00,TMĐT - Shopee,NV30,Đã giao
DH002440,KH0274,2024-11-04 01:58:00,Đại lý,NV10,Đã giao
DH002005,KH0412,2024-11-04 02:21:00,TMĐT - Lazada,NV02,Trả hàng
DH007436,KH0272,2024-11-04 02:23:00,Đại lý,NV05,Đang xử lý
DH004232,KH0241,2024-11-04 02:46:00,Đại lý,NV23,Đã giao
DH005687,KH0253,2024-11-04 02:51:00,Showroom,NV25,Đã giao
DH006922,KH0391,2024-11-04 04:07:00,TMĐT - Lazada,NV16,Đã giao
DH008711,KH0004,2024-11-04 07:06:00,Showroom,NV19,Đã giao
DH002980,KH0449,2024-11-04 07:13:00,TMĐT - Shopee,NV26,Đã giao
DH002399,KH0124,2024-11-04 09:22:00,TMĐT - Tiki,NV11,Đã giao
DH000578,KH0012,2024-11-04 10:14:00,TMĐT - Tiki,NV04,Đã giao
DH009310,KH0288,2024-11-04 13:30:00,Bán lẻ trực tiếp,NV29,Đã giao
DH011778,KH0448,2024-11-04 14:19:00,Bán lẻ trực tiếp,NV24,Đã giao
DH001176,KH0119,2024-11-04 14:42:00,TMĐT - Lazada,NV16,Đã giao
DH004407,KH0274,2024-11-04 15:12:00,TMĐT - Shopee,NV06,Đang xử lý
DH003961,KH0054,2024-11-04 21:19:00,TMĐT - Tiki,NV30,Đã giao
DH003798,KH0070,2024-11-04 21:56:00,Đại lý,NV21,Trả hàng
DH005146,KH0034,2024-11-04 23:43:00,TMĐT - Tiki,NV02,Đã giao
DH001069,KH0179,2024-11-05 00:18:00,TMĐT - Lazada,NV30,Đã giao
DH010019,KH0385,2024-11-05 00:43:00,TMĐT - Tiki,NV28,Đã giao
DH003310,KH0211,2024-11-05 03:13:00,Bán lẻ trực tiếp,NV02,Đã hủy
DH001370,KH0124,2024-11-05 03:23:00,Showroom,NV06,Đã giao
DH008401,KH0412,2024-11-05 04:48:00,Showroom,NV04,Đã giao
DH006723,KH0391,2024-11-05 08:07:00,Showroom,NV06,Đã giao
DH004888,KH0352,2024-11-05 08:29:00,Showroom,NV13,Đã giao
DH007800,KH0008,2024-11-05 10:38:00,Showroom,NV06,Đã giao
DH002134,KH0443,2024-11-05 10:50:00,Showroom,NV29,Đã giao
DH003680,KH0285,2024-11-05 15:12:00,TMĐT - Tiki,NV18,Đã giao
DH011479,KH0061,2024-11-05 16:10:00,Bán lẻ trực tiếp,NV06,Đã hủy
DH000784,KH0262,2024-11-05 16:18:00,TMĐT - Shopee,NV12,Đã giao
DH000423,KH0273,2024-11-05 16:55:00,Bán lẻ trực tiếp,NV21,Đã giao
DH007278,KH0347,2024-11-05 16:58:00,Showroom,NV25,Đã giao
DH004127,KH0071,2024-11-05 19:51:00,Showroom,NV02,Đang xử lý
DH003440,KH0262,2024-11-05 20:05:00,Đại lý,NV19,Mới
DH010062,KH0397,2024-11-05 20:05:00,Bán lẻ trực tiếp,NV24,Đã giao
DH011397,KH0155,2024-11-06 01:02:00,Showroom,NV11,Đã giao
DH002575,KH0325,2024-11-06 02:09:00,TMĐT - Lazada,NV25,Đang xử lý
DH009492,KH0276,2024-11-06 02:31:00,TMĐT - Tiki,NV13,Đã giao
DH001499,KH0314,2024-11-06 02:37:00,TMĐT - Tiki,NV28,Đã giao
DH010155,KH0325,2024-11-06 03:35:00,Đại lý,NV01,Đang xử lý
DH006807,KH0306,2024-11-06 04:18:00,Showroom,NV07,Đã giao
DH010767,KH0243,2024-11-06 05:17:00,Showroom,NV23,Đang xử lý
DH008349,KH0016,2024-11-06 05:32:00,Showroom,NV09,Đã giao
DH010522,KH0070,2024-11-06 06:32:00,TMĐT - Shopee,NV26,Đã giao
DH000045,KH0166,2024-11-06 06:32:00,Đại lý,NV04,Đã giao
DH009187,KH0039,2024-11-06 06:33:00,Đại lý,NV29,Đã giao
DH002721,KH0155,2024-11-06 06:46:00,TMĐT - Lazada,NV11,Đã giao
DH001773,KH0365,2024-11-06 09:07:00,Showroom,NV30,Đã giao
DH005791,KH0135,2024-11-06 09:32:00,Showroom,NV23,Đã giao
DH008849,KH0249,2024-11-06 10:16:00,Bán lẻ trực tiếp,NV16,Đã giao
DH004684,KH0253,2024-11-06 10:48:00,TMĐT - Lazada,NV02,Đã giao
DH000833,KH0012,2024-11-06 11:24:00,TMĐT - Shopee,NV01,Trả hàng
DH004287,KH0175,2024-11-06 12:12:00,TMĐT - Shopee,NV20,Đã giao
DH007506,KH0140,2024-11-06 12:38:00,TMĐT - Shopee,NV17,Đã giao
DH002658,KH0248,2024-11-06 13:14:00,TMĐT - Shopee,NV21,Đã giao
DH008469,KH0241,2024-11-06 13:41:00,Đại lý,NV08,Đã giao
DH008843,KH0036,2024-11-06 14:18:00,Showroom,NV12,Đã giao
DH010499,KH0242,2024-11-06 14:40:00,Đại lý,NV29,Đã giao
DH004609,KH0442,2024-11-06 14:57:00,Đại lý,NV21,Đã giao
DH010935,KH0184,2024-11-06 15:50:00,TMĐT - Tiki,NV12,Đã giao
DH008651,KH0105,2024-11-06 18:03:00,Bán lẻ trực tiếp,NV15,Đã giao
DH004791,KH0386,2024-11-06 19:28:00,Showroom,NV13,Đã giao
DH006831,KH0256,2024-11-06 20:51:00,TMĐT - Shopee,NV28,Đã giao
DH003773,KH0113,2024-11-06 21:24:00,TMĐT - Tiki,NV04,Đã giao
DH005721,KH0046,2024-11-06 21:53:00,TMĐT - Tiki,NV30,Đã giao
DH001480,KH0391,2024-11-06 22:00:00,Bán lẻ trực tiếp,NV29,Đã giao
DH005264,KH0447,2024-11-07 00:13:00,TMĐT - Shopee,NV21,Đã giao
DH005519,KH0066,2024-11-07 01:02:00,TMĐT - Lazada,NV23,Đã giao
DH001931,KH0281,2024-11-07 01:47:00,Đại lý,NV07,Đã hủy
DH011869,KH0127,2024-11-07 02:34:00,TMĐT - Tiki,NV22,Đang xử lý
DH010741,KH0054,2024-11-07 04:30:00,TMĐT - Lazada,NV13,Đã giao
DH007402,KH0200,2024-11-07 08:08:00,Bán lẻ trực tiếp,NV12,Đã giao
DH010434,KH0179,2024-11-07 10:12:00,TMĐT - Lazada,NV10,Đã giao
DH004547,KH0225,2024-11-07 12:26:00,TMĐT - Lazada,NV02,Đã giao
DH001909,KH0175,2024-11-07 13:10:00,TMĐT - Tiki,NV06,Đã giao
DH000963,KH0306,2024-11-07 13:17:00,Đại lý,NV20,Đã giao
DH007357,KH0391,2024-11-07 13:42:00,Showroom,NV18,Đang xử lý
DH011086,KH0246,2024-11-07 13:59:00,Bán lẻ trực tiếp,NV21,Đã giao
DH006489,KH0155,2024-11-07 13:59:00,Đại lý,NV22,Đã giao
DH005041,KH0074,2024-11-07 14:42:00,TMĐT - Tiki,NV01,Đã giao
DH002747,KH0155,2024-11-07 16:13:00,TMĐT - Shopee,NV28,Đã giao
DH011121,KH0391,2024-11-07 18:04:00,Đại lý,NV15,Đã giao
DH005690,KH0314,2024-11-08 01:30:00,TMĐT - Shopee,NV26,Đã giao
DH001661,KH0128,2024-11-08 03:07:00,TMĐT - Lazada,NV07,Đã giao
DH006568,KH0404,2024-11-08 04:44:00,Đại lý,NV27,Đã giao
DH001254,KH0173,2024-11-08 06:35:00,TMĐT - Tiki,NV14,Đang xử lý
DH010148,KH0325,2024-11-08 06:49:00,TMĐT - Lazada,NV19,Đã giao
DH010267,KH0417,2024-11-08 06:54:00,Đại lý,NV02,Trả hàng
DH001896,KH0141,2024-11-08 07:30:00,Bán lẻ trực tiếp,NV23,Đã giao
DH003996,KH0327,2024-11-08 08:38:00,Bán lẻ trực tiếp,NV28,Đã giao
DH001714,KH0215,2024-11-08 09:42:00,TMĐT - Tiki,NV26,Đã giao
DH007657,KH0056,2024-11-08 09:45:00,Bán lẻ trực tiếp,NV11,Đã giao
DH011608,KH0271,2024-11-08 11:00:00,TMĐT - Tiki,NV04,Đang xử lý
DH011773,KH0422,2024-11-08 11:28:00,Đại lý,NV16,Đã giao
DH009122,KH0248,2024-11-08 11:48:00,TMĐT - Lazada,NV15,Đã giao
DH000041,KH0365,2024-11-08 12:32:00,TMĐT - Tiki,NV02,Đã giao
DH009215,KH0034,2024-11-08 12:35:00,TMĐT - Tiki,NV02,Đã giao
DH006423,KH0316,2024-11-08 12:41:00,TMĐT - Lazada,NV20,Đã giao
DH002392,KH0051,2024-11-08 13:24:00,TMĐT - Lazada,NV14,Đã giao
DH008313,KH0293,2024-11-08 15:31:00,Showroom,NV27,Đã giao
DH001171,KH0183,2024-11-08 16:27:00,Showroom,NV07,Đã giao
DH010653,KH0116,2024-11-08 18:11:00,TMĐT - Shopee,NV11,Đã giao
DH000309,KH0243,2024-11-08 19:15:00,TMĐT - Lazada,NV21,Đã giao
DH009378,KH0002,2024-11-08 19:24:00,Bán lẻ trực tiếp,NV02,Đã giao
DH007082,KH0315,2024-11-08 20:09:00,Bán lẻ trực tiếp,NV27,Đã giao
DH010352,KH0021,2024-11-08 21:32:00,Đại lý,NV01,Đã giao
DH001589,KH0155,2024-11-08 22:14:00,TMĐT - Tiki,NV08,Đã giao
DH003274,KH0192,2024-11-08 22:18:00,TMĐT - Tiki,NV17,Đã giao
DH010617,KH0442,2024-11-08 23:09:00,Bán lẻ trực tiếp,NV18,Đã giao
DH009543,KH0054,2024-11-09 00:48:00,TMĐT - Tiki,NV04,Đã hủy
DH011475,KH0236,2024-11-09 01:24:00,Showroom,NV26,Đã giao
DH000035,KH0035,2024-11-09 01:29:00,Bán lẻ trực tiếp,NV27,Đã giao
DH007042,KH0179,2024-11-09 01:29:00,Showroom,NV28,Đã giao
DH006968,KH0280,2024-11-09 02:04:00,Bán lẻ trực tiếp,NV01,Đang xử lý
DH009484,KH0034,2024-11-09 03:45:00,TMĐT - Shopee,NV16,Đã giao
DH001042,KH0034,2024-11-09 05:43:00,TMĐT - Shopee,NV22,Đang xử lý
DH003207,KH0074,2024-11-09 08:01:00,TMĐT - Tiki,NV27,Trả hàng
DH009688,KH0184,2024-11-09 09:04:00,TMĐT - Shopee,NV22,Đã giao
DH009746,KH0391,2024-11-09 09:08:00,TMĐT - Tiki,NV21,Đã giao
DH003864,KH0151,2024-11-09 10:18:00,TMĐT - Lazada,NV09,Đã giao
DH004774,KH0442,2024-11-09 10:31:00,TMĐT - Tiki,NV14,Đã giao
DH011455,KH0155,2024-11-09 12:20:00,TMĐT - Lazada,NV23,Đã giao
DH011182,KH0412,2024-11-09 16:12:00,Bán lẻ trực tiếp,NV04,Đã giao
DH005440,KH0442,2024-11-09 16:25:00,Bán lẻ trực tiếp,NV10,Đã giao
DH003129,KH0076,2024-11-09 17:13:00,TMĐT - Tiki,NV05,Đã giao
DH006585,KH0155,2024-11-09 18:00:00,Showroom,NV08,Đã giao
DH007891,KH0075,2024-11-09 18:34:00,Showroom,NV06,Đã giao
DH005581,KH0229,2024-11-09 18:50:00,TMĐT - Lazada,NV07,Đã giao
DH006589,KH0338,2024-11-09 19:38:00,TMĐT - Tiki,NV12,Đã giao
DH002027,KH0314,2024-11-09 22:36:00,Bán lẻ trực tiếp,NV10,Đang xử lý
DH005905,KH0039,2024-11-09 23:18:00,Đại lý,NV28,Đã giao
DH000712,KH0192,2024-11-10 00:25:00,Showroom,NV17,Đã giao
DH009440,KH0074,2024-11-10 01:41:00,TMĐT - Tiki,NV24,Đã giao
DH003828,KH0063,2024-11-10 02:57:00,Đại lý,NV02,Đã giao
DH002273,KH0141,2024-11-10 03:17:00,Đại lý,NV29,Đang xử lý
DH001044,KH0227,2024-11-10 06:05:00,Đại lý,NV06,Đã giao
DH006550,KH0422,2024-11-10 06:51:00,Bán lẻ trực tiếp,NV18,Đã giao
DH010068,KH0242,2024-11-10 11:32:00,Đại lý,NV17,Đang xử lý
DH004637,KH0240,2024-11-10 12:12:00,Showroom,NV16,Đã giao
DH002643,KH0327,2024-11-10 13:43:00,TMĐT - Tiki,NV03,Đang xử lý
DH001372,KH0262,2024-11-10 15:01:00,TMĐT - Shopee,NV15,Đang xử lý
DH007649,KH0399,2024-11-10 16:39:00,TMĐT - Tiki,NV04,Đã giao
DH008787,KH0184,2024-11-10 17:54:00,TMĐT - Lazada,NV02,Đang xử lý
DH002732,KH0051,2024-11-10 19:52:00,Đại lý,NV17,Đã giao
DH005658,KH0199,2024-11-11 00:30:00,Bán lẻ trực tiếp,NV14,Trả hàng
DH004814,KH0346,2024-11-11 02:26:00,Bán lẻ trực tiếp,NV08,Đã giao
DH000490,KH0012,2024-11-11 02:53:00,Đại lý,NV25,Đã giao
DH005696,KH0262,2024-11-11 03:05:00,TMĐT - Shopee,NV23,Đang xử lý
DH010257,KH0391,2024-11-11 04:10:00,Đại lý,NV04,Đã giao
DH009139,KH0447,2024-11-11 07:29:00,Đại lý,NV11,Đã giao
DH000269,KH0054,2024-11-11 08:09:00,TMĐT - Tiki,NV30,Đã giao
DH011599,KH0274,2024-11-11 09:57:00,Showroom,NV26,Đã giao
DH011548,KH0314,2024-11-11 10:06:00,Showroom,NV13,Đã giao
DH008887,KH0052,2024-11-11 11:16:00,Bán lẻ trực tiếp,NV26,Đã giao
DH001651,KH0420,2024-11-11 13:28:00,Bán lẻ trực tiếp,NV14,Đã giao
DH000603,KH0371,2024-11-11 13:37:00,TMĐT - Shopee,NV26,Đã giao
DH001030,KH0257,2024-11-11 14:44:00,Showroom,NV12,Đã giao
DH008145,KH0306,2024-11-11 15:23:00,TMĐT - Tiki,NV23,Đã giao
DH002772,KH0249,2024-11-11 15:39:00,Đại lý,NV11,Đã giao
DH001230,KH0377,2024-11-11 17:04:00,TMĐT - Shopee,NV22,Đang xử lý
DH006381,KH0409,2024-11-11 17:19:00,Bán lẻ trực tiếp,NV24,Đã giao
DH006282,KH0236,2024-11-11 17:51:00,Bán lẻ trực tiếp,NV10,Đã giao
DH006754,KH0201,2024-11-11 18:16:00,Bán lẻ trực tiếp,NV10,Đã giao
DH002905,KH0412,2024-11-11 19:07:00,TMĐT - Lazada,NV04,Đã giao
DH004330,KH0268,2024-11-11 22:15:00,TMĐT - Shopee,NV28,Đã hủy
DH009999,KH0325,2024-11-11 22:16:00,TMĐT - Lazada,NV15,Đã giao
DH007987,KH0251,2024-11-11 22:48:00,TMĐT - Shopee,NV13,Đã giao
DH008726,KH0002,2024-11-12 00:40:00,TMĐT - Tiki,NV19,Đã giao
DH011410,KH0367,2024-11-12 02:48:00,Đại lý,NV04,Đã giao
DH002199,KH0140,2024-11-12 03:21:00,TMĐT - Shopee,NV24,Đã giao
DH009948,KH0406,2024-11-12 03:42:00,TMĐT - Lazada,NV21,Đã giao
DH005587,KH0278,2024-11-12 04:25:00,Bán lẻ trực tiếp,NV23,Đã giao
DH004924,KH0446,2024-11-12 13:11:00,TMĐT - Tiki,NV07,Đã giao
DH006556,KH0446,2024-11-12 14:27:00,TMĐT - Lazada,NV11,Đang xử lý
DH008755,KH0442,2024-11-12 14:55:00,Showroom,NV24,Đã giao
DH002062,KH0236,2024-11-12 15:11:00,TMĐT - Shopee,NV07,Đã giao
DH004841,KH0063,2024-11-12 16:57:00,TMĐT - Tiki,NV06,Đã giao
DH006350,KH0359,2024-11-12 17:40:00,Bán lẻ trực tiếp,NV16,Đã giao
DH010396,KH0049,2024-11-12 18:01:00,TMĐT - Shopee,NV01,Đã hủy
DH004933,KH0056,2024-11-12 20:29:00,Đại lý,NV18,Đã giao
DH004380,KH0248,2024-11-12 20:40:00,TMĐT - Tiki,NV19,Mới
DH008006,KH0155,2024-11-12 21:31:00,TMĐT - Lazada,NV04,Đã giao
DH006893,KH0053,2024-11-12 22:04:00,TMĐT - Shopee,NV14,Đang xử lý
DH005027,KH0227,2024-11-12 22:27:00,Showroom,NV05,Đã giao
DH007990,KH0409,2024-11-13 03:41:00,TMĐT - Shopee,NV19,Đang xử lý
DH000539,KH0138,2024-11-13 05:01:00,TMĐT - Tiki,NV01,Đã giao
DH007207,KH0306,2024-11-13 05:21:00,TMĐT - Lazada,NV13,Đã giao
DH001677,KH0314,2024-11-13 07:14:00,TMĐT - Lazada,NV08,Đã giao
DH000412,KH0047,2024-11-13 07:42:00,Showroom,NV10,Trả hàng
DH003638,KH0282,2024-11-13 09:02:00,Đại lý,NV16,Mới
DH011836,KH0447,2024-11-13 10:05:00,TMĐT - Shopee,NV30,Đã giao
DH005903,KH0039,2024-11-13 10:30:00,TMĐT - Shopee,NV21,Đã giao
DH010962,KH0421,2024-11-13 12:49:00,TMĐT - Lazada,NV15,Đã giao
DH001673,KH0042,2024-11-13 12:52:00,Đại lý,NV28,Đã hủy
DH003378,KH0262,2024-11-13 14:27:00,TMĐT - Lazada,NV17,Đã giao
DH011783,KH0008,2024-11-13 14:34:00,Đại lý,NV03,Đang xử lý
DH006079,KH0447,2024-11-13 16:43:00,Đại lý,NV02,Đã giao
DH005938,KH0251,2024-11-14 00:02:00,Showroom,NV04,Đã giao
DH001527,KH0228,2024-11-14 00:37:00,TMĐT - Lazada,NV06,Đã giao
DH005620,KH0227,2024-11-14 01:16:00,Bán lẻ trực tiếp,NV20,Đã giao
DH011824,KH0065,2024-11-14 01:40:00,Bán lẻ trực tiếp,NV25,Đã giao
DH005607,KH0128,2024-11-14 03:21:00,TMĐT - Tiki,NV29,Đã giao
DH009135,KH0262,2024-11-14 04:25:00,TMĐT - Tiki,NV20,Đã giao
DH011653,KH0070,2024-11-14 06:12:00,TMĐT - Tiki,NV23,Đang xử lý
DH009251,KH0140,2024-11-14 06:19:00,Bán lẻ trực tiếp,NV01,Đã giao
DH006340,KH0105,2024-11-14 08:31:00,TMĐT - Shopee,NV29,Đang xử lý
DH003979,KH0406,2024-11-14 11:41:00,TMĐT - Shopee,NV29,Đã giao
DH010363,KH0201,2024-11-14 15:35:00,Bán lẻ trực tiếp,NV02,Đã giao
DH001001,KH0185,2024-11-14 15:43:00,TMĐT - Shopee,NV20,Đã giao
DH005760,KH0265,2024-11-14 15:54:00,Showroom,NV06,Đang xử lý
DH004126,KH0155,2024-11-14 17:28:00,Bán lẻ trực tiếp,NV04,Đã giao
DH007902,KH0190,2024-11-14 17:31:00,TMĐT - Lazada,NV08,Đã giao
DH005312,KH0008,2024-11-14 18:12:00,Bán lẻ trực tiếp,NV30,Đã giao
DH008915,KH0442,2024-11-14 18:50:00,TMĐT - Shopee,NV13,Đã giao
DH000741,KH0102,2024-11-14 20:58:00,Đại lý,NV18,Mới
DH008862,KH0439,2024-11-14 22:08:00,TMĐT - Tiki,NV21,Đã giao
DH000457,KH0045,2024-11-14 22:57:00,TMĐT - Shopee,NV07,Đã hủy
DH002232,KH0367,2024-11-14 23:21:00,TMĐT - Lazada,NV17,Đã giao
DH008292,KH0248,2024-11-15 02:13:00,Đại lý,NV29,Đã giao
DH001242,KH0409,2024-11-15 04:56:00,TMĐT - Shopee,NV08,Đã giao
DH008439,KH0113,2024-11-15 05:10:00,TMĐT - Shopee,NV11,Mới
DH002193,KH0442,2024-11-15 05:43:00,TMĐT - Tiki,NV22,Đã giao
DH006998,KH0321,2024-11-15 12:01:00,TMĐT - Lazada,NV03,Đã hủy
DH009376,KH0278,2024-11-15 12:52:00,TMĐT - Tiki,NV13,Đã hủy
DH001866,KH0391,2024-11-15 13:32:00,TMĐT - Tiki,NV09,Đang xử lý
DH008749,KH0249,2024-11-15 13:35:00,Showroom,NV19,Đã giao
DH000113,KH0126,2024-11-15 14:52:00,TMĐT - Tiki,NV05,Đã giao
DH006187,KH0281,2024-11-15 15:39:00,TMĐT - Lazada,NV18,Đã giao
DH000697,KH0336,2024-11-15 17:10:00,Đại lý,NV24,Trả hàng
DH003561,KH0325,2024-11-15 20:45:00,TMĐT - Shopee,NV04,Đã giao
DH010390,KH0337,2024-11-15 21:01:00,TMĐT - Lazada,NV05,Đã giao
DH008638,KH0351,2024-11-15 21:11:00,TMĐT - Tiki,NV23,Đã giao
DH006546,KH0274,2024-11-15 22:14:00,Đại lý,NV30,Đã giao
DH011483,KH0068,2024-11-15 22:37:00,TMĐT - Lazada,NV20,Đã giao
DH001681,KH0290,2024-11-15 23:52:00,Bán lẻ trực tiếp,NV24,Đã giao
DH000082,KH0442,2024-11-15 23:59:00,Bán lẻ trực tiếp,NV22,Đã giao
DH002539,KH0220,2024-11-16 01:23:00,Showroom,NV14,Đã giao
DH005058,KH0051,2024-11-16 06:06:00,TMĐT - Shopee,NV27,Mới
DH003510,KH0151,2024-11-16 06:10:00,TMĐT - Lazada,NV30,Mới
DH002282,KH0325,2024-11-16 11:21:00,Bán lẻ trực tiếp,NV26,Đã giao
DH011972,KH0314,2024-11-16 11:59:00,TMĐT - Tiki,NV08,Trả hàng
DH003130,KH0262,2024-11-16 22:47:00,TMĐT - Tiki,NV30,Đã giao
DH005895,KH0070,2024-11-17 00:00:00,Đại lý,NV01,Đã giao
DH001180,KH0300,2024-11-17 00:07:00,TMĐT - Tiki,NV01,Đã giao
DH006590,KH0225,2024-11-17 01:51:00,TMĐT - Lazada,NV10,Đang xử lý
DH008583,KH0122,2024-11-17 02:31:00,Đại lý,NV30,Đã giao
DH007938,KH0122,2024-11-17 03:41:00,Showroom,NV04,Đã giao
DH011385,KH0360,2024-11-17 03:46:00,Bán lẻ trực tiếp,NV24,Đã giao
DH002899,KH0368,2024-11-17 05:16:00,TMĐT - Shopee,NV05,Đã giao
DH009968,KH0365,2024-11-17 06:06:00,TMĐT - Tiki,NV15,Đã giao
DH002501,KH0306,2024-11-17 06:20:00,TMĐT - Tiki,NV25,Đã giao
DH008494,KH0180,2024-11-17 08:19:00,Bán lẻ trực tiếp,NV03,Đã giao
DH000027,KH0141,2024-11-17 08:35:00,Showroom,NV16,Đã giao
DH004782,KH0119,2024-11-17 09:15:00,Đại lý,NV17,Đã giao
DH000223,KH0391,2024-11-17 09:36:00,TMĐT - Shopee,NV11,Đang xử lý
DH011930,KH0262,2024-11-17 10:09:00,TMĐT - Lazada,NV19,Đã giao
DH011532,KH0383,2024-11-17 10:17:00,Showroom,NV29,Đã giao
DH005794,KH0135,2024-11-17 13:29:00,Showroom,NV26,Đã giao
DH005257,KH0368,2024-11-17 15:08:00,TMĐT - Lazada,NV30,Đã giao
DH008086,KH0397,2024-11-17 15:58:00,Bán lẻ trực tiếp,NV25,Đang xử lý
DH006194,KH0039,2024-11-17 18:12:00,TMĐT - Lazada,NV23,Đang xử lý
DH010012,KH0442,2024-11-17 19:48:00,Đại lý,NV17,Đang xử lý
DH010605,KH0068,2024-11-18 01:08:00,TMĐT - Lazada,NV25,Đang xử lý
DH005569,KH0403,2024-11-18 03:16:00,Showroom,NV03,Mới
DH006376,KH0187,2024-11-18 04:15:00,TMĐT - Lazada,NV10,Đã giao
DH009473,KH0432,2024-11-18 04:56:00,TMĐT - Lazada,NV26,Đã giao
DH006980,KH0265,2024-11-18 06:27:00,TMĐT - Lazada,NV16,Đã giao
DH007965,KH0141,2024-11-18 06:56:00,TMĐT - Shopee,NV02,Mới
DH003179,KH0332,2024-11-18 09:21:00,TMĐT - Shopee,NV05,Đã giao
DH008116,KH0234,2024-11-18 09:43:00,TMĐT - Tiki,NV16,Đã giao
DH008993,KH0135,2024-11-18 09:44:00,Đại lý,NV07,Đã giao
DH000944,KH0155,2024-11-18 10:12:00,TMĐT - Shopee,NV27,Mới
DH007057,KH0051,2024-11-18 11:00:00,TMĐT - Tiki,NV13,Đã giao
DH008100,KH0074,2024-11-18 12:52:00,Showroom,NV06,Đã giao
DH004166,KH0046,2024-11-18 14:42:00,TMĐT - Tiki,NV30,Mới
DH011684,KH0155,2024-11-18 16:12:00,TMĐT - Lazada,NV02,Đã giao
DH003822,KH0323,2024-11-18 16:55:00,TMĐT - Tiki,NV02,Đã giao
DH008539,KH0382,2024-11-18 18:46:00,TMĐT - Shopee,NV12,Đã giao
DH006292,KH0195,2024-11-18 20:21:00,Đại lý,NV02,Đã giao
DH000339,KH0122,2024-11-19 00:39:00,TMĐT - Lazada,NV05,Đã giao
DH002496,KH0242,2024-11-19 01:36:00,Bán lẻ trực tiếp,NV10,Trả hàng
DH010400,KH0249,2024-11-19 01:48:00,Đại lý,NV23,Đã giao
DH007695,KH0248,2024-11-19 01:52:00,Đại lý,NV30,Đã giao
DH004033,KH0306,2024-11-19 02:35:00,Đại lý,NV06,Đã giao
DH004525,KH0101,2024-11-19 03:54:00,Đại lý,NV13,Đã giao
DH000744,KH0034,2024-11-19 04:12:00,TMĐT - Shopee,NV05,Đã giao
DH010705,KH0427,2024-11-19 05:35:00,TMĐT - Lazada,NV13,Đã giao
DH009286,KH0166,2024-11-19 09:10:00,Bán lẻ trực tiếp,NV28,Đã giao
DH005381,KH0248,2024-11-19 09:39:00,Showroom,NV08,Đã giao
DH005979,KH0315,2024-11-19 19:40:00,Đại lý,NV11,Đang xử lý
DH006318,KH0233,2024-11-19 19:45:00,TMĐT - Shopee,NV10,Đã giao
DH002261,KH0265,2024-11-19 20:40:00,Bán lẻ trực tiếp,NV24,Đã giao
DH006773,KH0064,2024-11-20 01:24:00,TMĐT - Shopee,NV15,Đã giao
DH010645,KH0442,2024-11-20 02:28:00,TMĐT - Lazada,NV30,Đã giao
DH008591,KH0227,2024-11-20 03:49:00,Showroom,NV29,Đã giao
DH010655,KH0442,2024-11-20 06:30:00,TMĐT - Tiki,NV13,Đã giao
DH009433,KH0447,2024-11-20 07:06:00,Showroom,NV20,Đã giao
DH005385,KH0396,2024-11-20 08:10:00,TMĐT - Shopee,NV16,Mới
DH003257,KH0272,2024-11-20 08:50:00,Showroom,NV04,Đã giao
DH008580,KH0151,2024-11-20 09:00:00,Đại lý,NV29,Đã giao
DH006475,KH0439,2024-11-20 09:24:00,Bán lẻ trực tiếp,NV07,Đã giao
DH002856,KH0070,2024-11-20 09:46:00,TMĐT - Tiki,NV25,Đã hủy
DH001479,KH0242,2024-11-20 11:24:00,TMĐT - Lazada,NV04,Đã giao
DH007330,KH0051,2024-11-20 12:25:00,TMĐT - Lazada,NV03,Đã giao
DH009533,KH0150,2024-11-20 12:42:00,TMĐT - Shopee,NV14,Đã giao
DH006018,KH0168,2024-11-20 13:21:00,Bán lẻ trực tiếp,NV22,Đã giao
DH005192,KH0248,2024-11-20 15:01:00,TMĐT - Shopee,NV02,Đang xử lý
DH006594,KH0001,2024-11-20 16:31:00,Đại lý,NV19,Đã giao
DH005901,KH0262,2024-11-20 16:59:00,Bán lẻ trực tiếp,NV29,Đã giao
DH003782,KH0262,2024-11-20 18:10:00,Showroom,NV13,Đã giao
DH006803,KH0405,2024-11-20 19:22:00,Đại lý,NV18,Đã giao
DH005909,KH0183,2024-11-20 21:13:00,Showroom,NV14,Đã giao
DH004729,KH0193,2024-11-20 23:31:00,TMĐT - Lazada,NV24,Đã giao
DH011363,KH0365,2024-11-20 23:50:00,Bán lẻ trực tiếp,NV04,Mới
DH004128,KH0377,2024-11-21 00:19:00,Showroom,NV20,Trả hàng
DH003393,KH0367,2024-11-21 01:33:00,Showroom,NV27,Đã giao
DH005830,KH0374,2024-11-21 02:25:00,TMĐT - Lazada,NV10,Đã giao
DH000151,KH0387,2024-11-21 05:07:00,TMĐT - Tiki,NV02,Đã giao
DH009600,KH0227,2024-11-21 06:05:00,Đại lý,NV28,Đã giao
DH008326,KH0248,2024-11-21 06:21:00,TMĐT - Tiki,NV05,Đã giao
DH000911,KH0116,2024-11-21 09:37:00,TMĐT - Lazada,NV17,Đang xử lý
DH010151,KH0242,2024-11-21 11:59:00,Đại lý,NV29,Đã giao
DH006313,KH0440,2024-11-21 13:35:00,TMĐT - Tiki,NV18,Đã giao
DH000488,KH0409,2024-11-21 20:05:00,Showroom,NV06,Đã giao
DH009626,KH0447,2024-11-21 20:27:00,TMĐT - Tiki,NV12,Đã giao
DH011218,KH0141,2024-11-21 21:00:00,Bán lẻ trực tiếp,NV28,Đã giao
DH006923,KH0344,2024-11-21 21:35:00,TMĐT - Tiki,NV12,Đã giao
DH005194,KH0205,2024-11-21 22:04:00,Showroom,NV27,Đã giao
DH000030,KH0241,2024-11-22 00:24:00,TMĐT - Tiki,NV23,Đang xử lý
DH000427,KH0113,2024-11-22 01:06:00,Đại lý,NV14,Đã giao
DH010385,KH0447,2024-11-22 03:11:00,TMĐT - Shopee,NV05,Đã giao
DH004663,KH0045,2024-11-22 03:39:00,TMĐT - Lazada,NV11,Đã giao
DH009368,KH0141,2024-11-22 04:19:00,TMĐT - Tiki,NV25,Đã giao
DH001162,KH0272,2024-11-22 07:41:00,Đại lý,NV17,Đã giao
DH010971,KH0447,2024-11-22 12:43:00,Showroom,NV30,Đã giao
DH011774,KH0116,2024-11-22 13:05:00,TMĐT - Shopee,NV30,Đã giao
DH005057,KH0093,2024-11-22 15:30:00,Đại lý,NV25,Đã giao
DH005650,KH0012,2024-11-22 17:54:00,Showroom,NV14,Đã hủy
DH002016,KH0010,2024-11-22 19:37:00,TMĐT - Lazada,NV15,Đã giao
DH005095,KH0406,2024-11-22 19:38:00,Showroom,NV28,Đã giao
DH008232,KH0422,2024-11-22 20:53:00,Bán lẻ trực tiếp,NV29,Đã giao
DH005867,KH0309,2024-11-22 22:21:00,Bán lẻ trực tiếp,NV09,Đã giao
DH001228,KH0088,2024-11-23 01:33:00,TMĐT - Tiki,NV18,Đã giao
DH005225,KH0229,2024-11-23 02:04:00,Bán lẻ trực tiếp,NV24,Đang xử lý
DH007270,KH0238,2024-11-23 03:24:00,TMĐT - Shopee,NV15,Đã giao
DH000042,KH0267,2024-11-23 03:57:00,TMĐT - Lazada,NV08,Đang xử lý
DH003557,KH0179,2024-11-23 04:45:00,TMĐT - Tiki,NV23,Đã giao
DH005423,KH0158,2024-11-23 05:00:00,TMĐT - Lazada,NV03,Đã giao
DH006084,KH0044,2024-11-23 05:12:00,TMĐT - Shopee,NV17,Đã giao
DH007856,KH0012,2024-11-23 05:25:00,TMĐT - Lazada,NV22,Đã giao
DH011556,KH0242,2024-11-23 05:45:00,Showroom,NV30,Đã giao
DH010360,KH0008,2024-11-23 05:49:00,Bán lẻ trực tiếp,NV12,Trả hàng
DH002791,KH0140,2024-11-23 05:59:00,TMĐT - Tiki,NV14,Đã giao
DH011859,KH0276,2024-11-23 07:00:00,Đại lý,NV20,Đã giao
DH008558,KH0412,2024-11-23 08:21:00,Bán lẻ trực tiếp,NV29,Đã giao
DH006401,KH0179,2024-11-23 10:08:00,TMĐT - Tiki,NV04,Đã giao
DH005433,KH0155,2024-11-23 10:51:00,TMĐT - Shopee,NV01,Đang xử lý
DH001995,KH0273,2024-11-23 10:55:00,Đại lý,NV16,Đã giao
DH002275,KH0365,2024-11-23 13:15:00,Bán lẻ trực tiếp,NV24,Đã giao
DH001637,KH0045,2024-11-23 15:30:00,Showroom,NV16,Đã giao
DH010142,KH0365,2024-11-23 15:51:00,TMĐT - Shopee,NV23,Đã giao
DH009643,KH0442,2024-11-23 17:27:00,Đại lý,NV11,Mới
DH003137,KH0215,2024-11-23 17:32:00,Đại lý,NV23,Đã giao
DH006999,KH0406,2024-11-23 19:15:00,Bán lẻ trực tiếp,NV12,Đã giao
DH006296,KH0056,2024-11-23 19:18:00,TMĐT - Lazada,NV29,Đã giao
DH009724,KH0257,2024-11-23 19:44:00,Bán lẻ trực tiếp,NV13,Đã giao
DH010676,KH0442,2024-11-23 22:43:00,TMĐT - Lazada,NV07,Đã giao
DH006737,KH0309,2024-11-24 00:55:00,Đại lý,NV23,Đang xử lý
DH009499,KH0243,2024-11-24 02:37:00,Showroom,NV26,Đã giao
DH005484,KH0035,2024-11-24 05:23:00,TMĐT - Lazada,NV09,Đã giao
DH008895,KH0184,2024-11-24 06:11:00,TMĐT - Lazada,NV21,Đã giao
DH011075,KH0391,2024-11-24 09:08:00,Đại lý,NV09,Mới
DH007534,KH0184,2024-11-24 11:25:00,TMĐT - Tiki,NV14,Đã giao
DH001882,KH0053,2024-11-24 11:31:00,TMĐT - Lazada,NV11,Đã giao
DH004743,KH0353,2024-11-24 11:51:00,Đại lý,NV14,Đang xử lý
DH007388,KH0117,2024-11-24 12:58:00,TMĐT - Lazada,NV29,Đã giao
DH003236,KH0241,2024-11-24 13:34:00,TMĐT - Tiki,NV19,Đã giao
DH003992,KH0272,2024-11-24 15:46:00,Đại lý,NV05,Đang xử lý
DH002418,KH0008,2024-11-24 15:52:00,TMĐT - Tiki,NV30,Đang xử lý
DH002259,KH0365,2024-11-24 16:39:00,TMĐT - Tiki,NV15,Đã giao
DH010345,KH0406,2024-11-24 17:09:00,Showroom,NV27,Đã giao
DH000822,KH0183,2024-11-24 19:15:00,Bán lẻ trực tiếp,NV10,Đang xử lý
DH003095,KH0242,2024-11-24 19:59:00,Showroom,NV24,Đã giao
DH005689,KH0442,2024-11-24 20:48:00,Bán lẻ trực tiếp,NV11,Đã giao
DH005017,KH0243,2024-11-24 20:57:00,Showroom,NV23,Đã giao
DH006451,KH0420,2024-11-24 21:05:00,TMĐT - Shopee,NV08,Đã hủy
DH001181,KH0140,2024-11-24 21:29:00,TMĐT - Shopee,NV06,Đã giao
DH004556,KH0034,2024-11-24 21:50:00,TMĐT - Tiki,NV02,Đã giao
DH008504,KH0036,2024-11-24 23:48:00,TMĐT - Lazada,NV09,Mới
DH001136,KH0368,2024-11-24 23:58:00,Bán lẻ trực tiếp,NV22,Đã giao
DH003164,KH0187,2024-11-25 00:21:00,Showroom,NV06,Đã hủy
DH005142,KH0447,2024-11-25 01:02:00,Đại lý,NV26,Đã giao
DH007890,KH0391,2024-11-25 01:02:00,TMĐT - Shopee,NV19,Đã giao
DH001647,KH0140,2024-11-25 02:18:00,Bán lẻ trực tiếp,NV27,Đã giao
DH010559,KH0135,2024-11-25 04:50:00,TMĐT - Lazada,NV18,Đã giao
DH010192,KH0158,2024-11-25 05:40:00,Đại lý,NV27,Đã hủy
DH009731,KH0075,2024-11-25 05:52:00,Showroom,NV20,Mới
DH005829,KH0113,2024-11-25 06:33:00,Showroom,NV20,Đã giao
DH000901,KH0263,2024-11-25 09:20:00,Bán lẻ trực tiếp,NV22,Đã giao
DH007853,KH0070,2024-11-25 10:12:00,TMĐT - Tiki,NV04,Đã giao
DH010321,KH0306,2024-11-25 12:27:00,Bán lẻ trực tiếp,NV14,Đã giao
DH005921,KH0227,2024-11-25 13:12:00,TMĐT - Lazada,NV23,Đã giao
DH009210,KH0261,2024-11-25 14:53:00,TMĐT - Lazada,NV20,Đã giao
DH003392,KH0105,2024-11-25 17:04:00,TMĐT - Tiki,NV04,Đang xử lý
DH011563,KH0053,2024-11-25 17:16:00,Đại lý,NV23,Đang xử lý
DH005300,KH0391,2024-11-25 17:46:00,Showroom,NV30,Đã giao
DH011604,KH0326,2024-11-25 17:55:00,Đại lý,NV03,Đã giao
DH008340,KH0262,2024-11-25 18:14:00,TMĐT - Lazada,NV10,Đang xử lý
DH003285,KH0116,2024-11-25 18:58:00,TMĐT - Tiki,NV03,Đã giao
DH011197,KH0043,2024-11-25 19:35:00,TMĐT - Shopee,NV15,Đã giao
DH005079,KH0447,2024-11-25 20:10:00,Showroom,NV04,Đã giao
DH003793,KH0447,2024-11-25 23:25:00,TMĐT - Tiki,NV03,Đang xử lý
DH008113,KH0151,2024-11-26 00:16:00,Bán lẻ trực tiếp,NV12,Đã giao
DH001140,KH0051,2024-11-26 01:47:00,Bán lẻ trực tiếp,NV07,Đã giao
DH010463,KH0155,2024-11-26 02:02:00,Showroom,NV20,Đã giao
DH009677,KH0242,2024-11-26 02:23:00,Đại lý,NV01,Đã giao
DH001271,KH0034,2024-11-26 03:52:00,TMĐT - Tiki,NV29,Đã giao
DH005995,KH0413,2024-11-26 06:11:00,Bán lẻ trực tiếp,NV20,Đã giao
DH011381,KH0140,2024-11-26 07:11:00,TMĐT - Lazada,NV21,Đã giao
DH008446,KH0239,2024-11-26 08:20:00,TMĐT - Tiki,NV26,Đã giao
DH005241,KH0198,2024-11-26 08:29:00,TMĐT - Lazada,NV28,Đã giao
DH001660,KH0031,2024-11-26 08:59:00,TMĐT - Tiki,NV19,Đã giao
DH004542,KH0113,2024-11-26 09:09:00,TMĐT - Lazada,NV09,Đã hủy
DH001150,KH0186,2024-11-26 09:57:00,TMĐT - Shopee,NV23,Đã giao
DH010200,KH0180,2024-11-26 10:21:00,TMĐT - Lazada,NV06,Đã giao
DH005568,KH0305,2024-11-26 11:25:00,TMĐT - Shopee,NV06,Đã giao
DH009668,KH0204,2024-11-26 13:06:00,TMĐT - Tiki,NV22,Đã giao
DH008436,KH0141,2024-11-26 14:13:00,Showroom,NV27,Đã giao
DH009400,KH0413,2024-11-26 14:38:00,Bán lẻ trực tiếp,NV25,Đã giao
DH004480,KH0063,2024-11-26 15:04:00,TMĐT - Shopee,NV17,Đã giao
DH010441,KH0297,2024-11-26 15:06:00,TMĐT - Shopee,NV13,Đã giao
DH005629,KH0343,2024-11-26 16:04:00,TMĐT - Tiki,NV23,Đã giao
DH000174,KH0444,2024-11-26 17:11:00,TMĐT - Lazada,NV24,Đã giao
DH002156,KH0396,2024-11-26 17:35:00,Đại lý,NV06,Đang xử lý
DH004777,KH0166,2024-11-26 20:12:00,TMĐT - Lazada,NV10,Đã hủy
DH003183,KH0274,2024-11-26 20:51:00,TMĐT - Shopee,NV23,Đã giao
DH001846,KH0433,2024-11-26 21:44:00,Bán lẻ trực tiếp,NV22,Đã giao
DH010513,KH0384,2024-11-26 22:32:00,Đại lý,NV15,Đã giao
DH002342,KH0140,2024-11-27 00:52:00,Đại lý,NV18,Đã giao
DH000801,KH0262,2024-11-27 03:14:00,Đại lý,NV06,Đang xử lý
DH006117,KH0442,2024-11-27 05:06:00,Đại lý,NV26,Đã giao
DH005378,KH0246,2024-11-27 06:50:00,TMĐT - Lazada,NV08,Đã giao
DH004757,KH0447,2024-11-27 07:31:00,Đại lý,NV10,Đang xử lý
DH001024,KH0070,2024-11-27 10:45:00,TMĐT - Lazada,NV15,Đã giao
DH010589,KH0413,2024-11-27 13:38:00,TMĐT - Tiki,NV29,Đang xử lý
DH005090,KH0151,2024-11-27 17:38:00,TMĐT - Shopee,NV08,Đang xử lý
DH005555,KH0052,2024-11-27 17:48:00,Bán lẻ trực tiếp,NV12,Đã giao
DH011622,KH0199,2024-11-27 20:08:00,TMĐT - Lazada,NV08,Đã giao
DH003606,KH0262,2024-11-27 20:43:00,TMĐT - Tiki,NV09,Đang xử lý
DH004263,KH0445,2024-11-27 20:47:00,TMĐT - Lazada,NV18,Đã giao
DH001782,KH0446,2024-11-27 20:51:00,TMĐT - Shopee,NV08,Đã giao
DH009377,KH0116,2024-11-27 22:03:00,TMĐT - Lazada,NV16,Đã giao
DH009510,KH0346,2024-11-28 04:49:00,TMĐT - Lazada,NV08,Đã giao
DH007792,KH0414,2024-11-28 05:59:00,Bán lẻ trực tiếp,NV30,Mới
DH003881,KH0438,2024-11-28 06:37:00,TMĐT - Shopee,NV05,Đã giao
DH008648,KH0183,2024-11-28 08:50:00,TMĐT - Tiki,NV14,Đang xử lý
DH005633,KH0242,2024-11-28 08:53:00,Showroom,NV22,Đã giao
DH010541,KH0070,2024-11-28 10:12:00,TMĐT - Tiki,NV28,Đang xử lý
DH010060,KH0288,2024-11-28 10:28:00,Bán lẻ trực tiếp,NV10,Đang xử lý
DH008991,KH0262,2024-11-28 12:37:00,TMĐT - Shopee,NV26,Đã giao
DH002046,KH0141,2024-11-28 17:25:00,TMĐT - Shopee,NV07,Đã giao
DH000936,KH0248,2024-11-28 18:06:00,Đại lý,NV08,Đã giao
DH011955,KH0151,2024-11-28 19:17:00,TMĐT - Tiki,NV09,Đã giao
DH001548,KH0140,2024-11-28 19:50:00,TMĐT - Tiki,NV09,Đã giao
DH010114,KH0326,2024-11-28 23:23:00,TMĐT - Lazada,NV12,Mới
DH004305,KH0126,2024-11-28 23:52:00,TMĐT - Tiki,NV27,Mới
DH001350,KH0306,2024-11-29 04:30:00,TMĐT - Lazada,NV04,Đã giao
DH003125,KH0012,2024-11-29 07:18:00,TMĐT - Lazada,NV07,Đã giao
DH000573,KH0367,2024-11-29 07:46:00,Đại lý,NV04,Đã giao
DH001603,KH0242,2024-11-29 08:46:00,TMĐT - Lazada,NV12,Đã giao
DH011727,KH0271,2024-11-29 08:57:00,Đại lý,NV22,Đã giao
DH007626,KH0393,2024-11-29 11:27:00,TMĐT - Shopee,NV17,Đã giao
DH011119,KH0213,2024-11-29 12:21:00,Showroom,NV17,Đã giao
DH000918,KH0198,2024-11-29 13:17:00,TMĐT - Lazada,NV16,Đã giao
DH002557,KH0120,2024-11-29 14:06:00,TMĐT - Shopee,NV26,Đã giao
DH003238,KH0151,2024-11-29 16:51:00,Đại lý,NV07,Đã giao
DH002304,KH0352,2024-11-29 17:22:00,Showroom,NV14,Đã giao
DH005822,KH0141,2024-11-29 17:58:00,TMĐT - Tiki,NV19,Đã giao
DH004257,KH0229,2024-11-29 19:26:00,TMĐT - Lazada,NV15,Đã giao
DH010189,KH0391,2024-11-29 20:24:00,Showroom,NV14,Đã giao
DH007233,KH0135,2024-11-29 21:21:00,TMĐT - Lazada,NV14,Đã giao
DH004457,KH0257,2024-11-29 22:07:00,Bán lẻ trực tiếp,NV26,Đã giao
DH010644,KH0442,2024-11-29 22:39:00,TMĐT - Tiki,NV12,Đã giao
DH007778,KH0400,2024-11-30 00:05:00,TMĐT - Tiki,NV03,Đã giao
DH004265,KH0242,2024-11-30 00:13:00,Showroom,NV08,Đã giao
DH004810,KH0148,2024-11-30 02:08:00,TMĐT - Lazada,NV23,Đã giao
DH000542,KH0227,2024-11-30 02:45:00,Đại lý,NV22,Mới
DH011215,KH0337,2024-11-30 04:54:00,Bán lẻ trực tiếp,NV29,Trả hàng
DH007169,KH0187,2024-11-30 07:42:00,Showroom,NV11,Đã giao
DH008101,KH0127,2024-11-30 11:10:00,Đại lý,NV07,Đã giao
DH011185,KH0262,2024-11-30 11:41:00,TMĐT - Shopee,NV17,Đã hủy
DH007166,KH0227,2024-11-30 11:45:00,Bán lẻ trực tiếp,NV21,Đã giao
DH006638,KH0141,2024-11-30 12:57:00,TMĐT - Shopee,NV19,Đã giao
DH002645,KH0111,2024-11-30 13:02:00,Đại lý,NV16,Mới
DH011325,KH0447,2024-11-30 14:38:00,TMĐT - Tiki,NV24,Đã giao
DH002693,KH0321,2024-11-30 14:51:00,Đại lý,NV12,Mới
DH007787,KH0297,2024-11-30 15:41:00,Showroom,NV01,Đã giao
DH004368,KH0446,2024-11-30 15:46:00,Đại lý,NV09,Đã giao
DH001405,KH0409,2024-11-30 17:11:00,TMĐT - Tiki,NV08,Trả hàng
DH001997,KH0068,2024-11-30 19:04:00,TMĐT - Shopee,NV18,Đã giao
DH006183,KH0420,2024-11-30 19:28:00,Showroom,NV14,Đã giao
DH007407,KH0274,2024-11-30 19:58:00,Đại lý,NV07,Đã giao
DH006432,KH0095,2024-11-30 23:37:00,TMĐT - Lazada,NV05,Đã giao
DH004968,KH0391,2024-12-01 00:18:00,Đại lý,NV23,Đã giao
DH011685,KH0251,2024-12-01 01:48:00,TMĐT - Shopee,NV24,Đã giao
DH000718,KH0063,2024-12-01 02:34:00,Showroom,NV17,Đã giao
DH001378,KH0326,2024-12-01 03:35:00,TMĐT - Tiki,NV30,Đã giao
DH011600,KH0054,2024-12-01 03:57:00,Đại lý,NV02,Đã giao
DH004153,KH0184,2024-12-01 04:40:00,Đại lý,NV12,Đã giao
DH009629,KH0026,2024-12-01 06:37:00,Đại lý,NV20,Đã giao
DH006957,KH0412,2024-12-01 06:46:00,Showroom,NV23,Đã giao
DH008165,KH0442,2024-12-01 07:12:00,TMĐT - Tiki,NV04,Đang xử lý
DH011225,KH0157,2024-12-01 09:21:00,TMĐT - Tiki,NV29,Đã giao
DH008178,KH0306,2024-12-01 09:52:00,TMĐT - Lazada,NV10,Đã giao
DH004839,KH0128,2024-12-01 11:44:00,Showroom,NV06,Trả hàng
DH010594,KH0220,2024-12-01 12:04:00,Đại lý,NV28,Đã giao
DH007193,KH0002,2024-12-01 12:36:00,Bán lẻ trực tiếp,NV13,Đã giao
DH004610,KH0161,2024-12-01 15:42:00,Đại lý,NV30,Đã giao
DH010607,KH0140,2024-12-01 16:17:00,Đại lý,NV26,Đã giao
DH005920,KH0382,2024-12-01 18:08:00,TMĐT - Lazada,NV29,Đã giao
DH003003,KH0343,2024-12-01 18:19:00,TMĐT - Lazada,NV20,Đã giao
DH007472,KH0325,2024-12-01 19:19:00,TMĐT - Shopee,NV20,Đã giao
DH006005,KH0063,2024-12-01 20:28:00,Bán lẻ trực tiếp,NV22,Đã giao
DH007841,KH0087,2024-12-01 22:34:00,Bán lẻ trực tiếp,NV07,Đã giao
DH003902,KH0314,2024-12-01 23:54:00,Showroom,NV09,Đã giao
DH011350,KH0035,2024-12-02 00:51:00,Bán lẻ trực tiếp,NV07,Đang xử lý
DH000887,KH0274,2024-12-02 01:11:00,TMĐT - Lazada,NV01,Đã giao
DH001080,KH0068,2024-12-02 01:21:00,TMĐT - Tiki,NV16,Đã giao
DH004694,KH0323,2024-12-02 02:31:00,TMĐT - Tiki,NV28,Trả hàng
DH007050,KH0447,2024-12-02 02:31:00,Showroom,NV18,Đang xử lý
DH006870,KH0193,2024-12-02 02:38:00,Bán lẻ trực tiếp,NV19,Đã giao
DH007510,KH0051,2024-12-02 03:00:00,Đại lý,NV21,Đã giao
DH005712,KH0249,2024-12-02 03:46:00,Đại lý,NV16,Đã giao
DH010947,KH0155,2024-12-02 04:45:00,Showroom,NV05,Đã giao
DH011362,KH0158,2024-12-02 08:00:00,Showroom,NV15,Đã giao
DH003150,KH0241,2024-12-02 08:17:00,Đại lý,NV12,Đã giao
DH001375,KH0400,2024-12-02 09:56:00,Bán lẻ trực tiếp,NV11,Đã giao
DH000505,KH0288,2024-12-02 10:03:00,Showroom,NV04,Đã giao
DH002498,KH0052,2024-12-02 10:05:00,TMĐT - Lazada,NV19,Đã giao
DH005668,KH0089,2024-12-02 10:22:00,Showroom,NV25,Đã giao
DH002484,KH0212,2024-12-02 11:41:00,Bán lẻ trực tiếp,NV27,Đã giao
DH003268,KH0070,2024-12-02 13:01:00,TMĐT - Lazada,NV27,Đang xử lý
DH005137,KH0160,2024-12-02 13:40:00,Showroom,NV17,Đã giao
DH002917,KH0227,2024-12-02 15:19:00,Bán lẻ trực tiếp,NV02,Đã giao
DH005469,KH0293,2024-12-02 15:37:00,TMĐT - Lazada,NV27,Đã hủy
DH001411,KH0012,2024-12-02 15:55:00,Đại lý,NV06,Đã giao
DH009570,KH0140,2024-12-02 16:46:00,Showroom,NV26,Đã giao
DH006527,KH0063,2024-12-02 17:03:00,Showroom,NV08,Đã giao
DH003239,KH0262,2024-12-02 19:30:00,TMĐT - Tiki,NV21,Đã giao
DH000393,KH0367,2024-12-02 20:30:00,TMĐT - Lazada,NV10,Đã giao
DH004581,KH0188,2024-12-02 21:06:00,TMĐT - Lazada,NV17,Đã giao
DH009996,KH0070,2024-12-02 21:56:00,TMĐT - Lazada,NV17,Đã giao
DH010554,KH0424,2024-12-03 00:57:00,Bán lẻ trực tiếp,NV06,Đã giao
DH011474,KH0077,2024-12-03 01:58:00,Showroom,NV18,Mới
DH000018,KH0140,2024-12-03 03:47:00,TMĐT - Tiki,NV21,Đã giao
DH010278,KH0436,2024-12-03 03:48:00,Đại lý,NV28,Đã giao
DH009403,KH0290,2024-12-03 04:23:00,Đại lý,NV22,Đã giao
DH005723,KH0361,2024-12-03 05:13:00,Showroom,NV19,Đã giao
DH001854,KH0177,2024-12-03 05:37:00,Bán lẻ trực tiếp,NV02,Mới
DH002534,KH0400,2024-12-03 05:45:00,TMĐT - Lazada,NV07,Đã giao
DH007332,KH0315,2024-12-03 06:07:00,TMĐT - Lazada,NV22,Mới
DH002894,KH0204,2024-12-03 06:58:00,TMĐT - Shopee,NV04,Đã giao
DH001016,KH0402,2024-12-03 07:19:00,Bán lẻ trực tiếp,NV27,Đã giao
DH002576,KH0075,2024-12-03 08:25:00,TMĐT - Tiki,NV05,Đã giao
DH011857,KH0004,2024-12-03 08:45:00,TMĐT - Shopee,NV09,Đang xử lý
DH011022,KH0262,2024-12-03 09:42:00,Đại lý,NV14,Đã giao
DH001596,KH0285,2024-12-03 11:01:00,TMĐT - Tiki,NV18,Đã giao
DH006519,KH0246,2024-12-03 11:28:00,Đại lý,NV06,Đã giao
DH007611,KH0155,2024-12-03 11:53:00,Đại lý,NV18,Đã giao
DH006815,KH0198,2024-12-03 11:58:00,TMĐT - Lazada,NV14,Đã giao
DH006087,KH0391,2024-12-03 14:00:00,Showroom,NV07,Đã giao
DH007026,KH0314,2024-12-03 14:03:00,Đại lý,NV13,Đã giao
DH010678,KH0070,2024-12-03 16:47:00,Đại lý,NV28,Đã giao
DH003096,KH0142,2024-12-03 17:30:00,TMĐT - Shopee,NV16,Đã giao
DH011125,KH0232,2024-12-03 17:34:00,Showroom,NV21,Đang xử lý
DH008498,KH0076,2024-12-03 18:07:00,Showroom,NV23,Đã hủy
DH008250,KH0262,2024-12-03 18:15:00,Showroom,NV08,Đang xử lý
DH000739,KH0262,2024-12-03 18:48:00,Bán lẻ trực tiếp,NV23,Đã giao
DH006424,KH0056,2024-12-03 18:54:00,Showroom,NV10,Đang xử lý
DH010389,KH0073,2024-12-03 19:26:00,Showroom,NV25,Đã giao
DH011958,KH0423,2024-12-03 19:58:00,Đại lý,NV23,Đã giao
DH003216,KH0439,2024-12-03 20:27:00,Bán lẻ trực tiếp,NV18,Đã giao
DH002128,KH0280,2024-12-03 20:46:00,Bán lẻ trực tiếp,NV24,Đang xử lý
DH001750,KH0191,2024-12-03 22:46:00,Bán lẻ trực tiếp,NV11,Đã giao
DH005514,KH0446,2024-12-03 23:14:00,Đại lý,NV03,Đang xử lý
DH003657,KH0012,2024-12-03 23:15:00,Showroom,NV27,Đã hủy
DH000061,KH0071,2024-12-03 23:24:00,TMĐT - Tiki,NV30,Đã giao
DH002335,KH0262,2024-12-04 00:41:00,Bán lẻ trực tiếp,NV30,Đã giao
DH003490,KH0262,2024-12-04 01:39:00,TMĐT - Tiki,NV24,Đang xử lý
DH006488,KH0229,2024-12-04 04:17:00,Đại lý,NV20,Mới
DH004080,KH0386,2024-12-04 05:48:00,TMĐT - Lazada,NV01,Đang xử lý
DH001274,KH0326,2024-12-04 06:58:00,Đại lý,NV06,Đã giao
DH010537,KH0368,2024-12-04 07:23:00,TMĐT - Lazada,NV25,Đã giao
DH008278,KH0438,2024-12-04 07:46:00,TMĐT - Lazada,NV28,Đã giao
DH002896,KH0344,2024-12-04 08:56:00,TMĐT - Tiki,NV25,Đã giao
DH003185,KH0306,2024-12-04 09:36:00,TMĐT - Lazada,NV22,Trả hàng
DH006677,KH0227,2024-12-04 14:37:00,Đại lý,NV08,Đang xử lý
DH003661,KH0140,2024-12-04 15:35:00,Đại lý,NV23,Đã giao
DH011082,KH0399,2024-12-04 16:31:00,TMĐT - Shopee,NV08,Đã giao
DH009467,KH0054,2024-12-04 19:16:00,TMĐT - Tiki,NV18,Đã giao
DH004516,KH0442,2024-12-04 21:04:00,Showroom,NV15,Đang xử lý
DH011321,KH0051,2024-12-04 21:41:00,Đại lý,NV01,Đã hủy
DH007430,KH0262,2024-12-04 21:57:00,TMĐT - Shopee,NV30,Đã giao
DH011246,KH0447,2024-12-04 22:03:00,Showroom,NV18,Đã giao
DH011140,KH0052,2024-12-04 23:56:00,TMĐT - Shopee,NV14,Đã giao
DH006476,KH0338,2024-12-05 00:53:00,Showroom,NV20,Mới
DH002421,KH0227,2024-12-05 02:20:00,Đại lý,NV05,Đã giao
DH004521,KH0155,2024-12-05 03:43:00,TMĐT - Shopee,NV17,Đã giao
DH001570,KH0119,2024-12-05 04:30:00,TMĐT - Shopee,NV29,Đã giao
DH008578,KH0227,2024-12-05 04:41:00,TMĐT - Tiki,NV24,Đã giao
DH011288,KH0442,2024-12-05 04:58:00,Bán lẻ trực tiếp,NV18,Đã giao
DH008892,KH0035,2024-12-05 05:30:00,TMĐT - Lazada,NV01,Đã giao
DH006332,KH0088,2024-12-05 06:53:00,Đại lý,NV17,Mới
DH004665,KH0446,2024-12-05 06:58:00,Bán lẻ trực tiếp,NV23,Đã giao
DH008535,KH0438,2024-12-05 07:08:00,TMĐT - Shopee,NV22,Mới
DH007741,KH0227,2024-12-05 07:34:00,Showroom,NV20,Trả hàng
DH001918,KH0314,2024-12-05 08:47:00,TMĐT - Tiki,NV26,Đã giao
DH000875,KH0445,2024-12-05 09:39:00,Showroom,NV20,Đã giao
DH005991,KH0262,2024-12-05 10:36:00,Showroom,NV17,Đã hủy
DH002455,KH0352,2024-12-05 11:09:00,Đại lý,NV27,Đã giao
DH010041,KH0261,2024-12-05 12:35:00,TMĐT - Lazada,NV10,Đã giao
DH000014,KH0308,2024-12-05 14:02:00,TMĐT - Tiki,NV28,Đã giao
DH006910,KH0325,2024-12-05 15:06:00,Đại lý,NV06,Đã giao
DH007775,KH0081,2024-12-05 17:18:00,Đại lý,NV17,Đã hủy
DH010453,KH0183,2024-12-05 17:29:00,Showroom,NV09,Đã giao
DH003609,KH0056,2024-12-05 17:36:00,Đại lý,NV18,Đang xử lý
DH011986,KH0117,2024-12-05 17:40:00,Showroom,NV30,Đã giao
DH008610,KH0040,2024-12-05 18:47:00,Đại lý,NV27,Đã giao
DH007087,KH0134,2024-12-05 19:16:00,TMĐT - Shopee,NV08,Đã giao
DH003126,KH0306,2024-12-05 19:25:00,Bán lẻ trực tiếp,NV01,Đã giao
DH002655,KH0374,2024-12-05 20:24:00,Đại lý,NV13,Đã giao
DH011982,KH0081,2024-12-05 21:51:00,TMĐT - Lazada,NV18,Đã giao
DH011967,KH0339,2024-12-05 23:07:00,TMĐT - Tiki,NV28,Đã giao
DH006779,KH0305,2024-12-06 01:18:00,TMĐT - Lazada,NV18,Đã giao
DH006396,KH0271,2024-12-06 01:21:00,Đại lý,NV14,Trả hàng
DH001053,KH0147,2024-12-06 01:25:00,TMĐT - Lazada,NV22,Đã giao
DH005786,KH0089,2024-12-06 02:34:00,TMĐT - Tiki,NV23,Đã giao
DH004855,KH0249,2024-12-06 03:02:00,Đại lý,NV17,Đã giao
DH005503,KH0034,2024-12-06 04:21:00,TMĐT - Lazada,NV17,Đã giao
DH009662,KH0262,2024-12-06 05:38:00,TMĐT - Shopee,NV22,Đang xử lý
DH009140,KH0250,2024-12-06 06:17:00,Đại lý,NV23,Đã giao
DH007716,KH0242,2024-12-06 06:53:00,TMĐT - Shopee,NV02,Đã giao
DH008609,KH0012,2024-12-06 06:57:00,Showroom,NV22,Đã hủy
DH000661,KH0261,2024-12-06 09:04:00,TMĐT - Tiki,NV14,Mới
DH010372,KH0323,2024-12-06 10:41:00,TMĐT - Lazada,NV11,Đã giao
DH004504,KH0012,2024-12-06 11:29:00,TMĐT - Tiki,NV11,Đã giao
DH000585,KH0315,2024-12-06 12:23:00,Đại lý,NV14,Đã giao
DH000122,KH0262,2024-12-06 13:18:00,Showroom,NV15,Đã giao
DH007984,KH0262,2024-12-06 14:47:00,Showroom,NV06,Đã giao
DH007746,KH0026,2024-12-06 14:48:00,Đại lý,NV28,Đang xử lý
DH008956,KH0155,2024-12-06 14:55:00,Đại lý,NV21,Đã giao
DH011101,KH0002,2024-12-06 17:58:00,TMĐT - Lazada,NV22,Đã giao
DH000403,KH0021,2024-12-06 18:47:00,Bán lẻ trực tiếp,NV17,Đã hủy
DH002840,KH0035,2024-12-06 19:17:00,Showroom,NV14,Đã giao
DH009017,KH0140,2024-12-06 19:49:00,TMĐT - Tiki,NV19,Đang xử lý
DH002822,KH0273,2024-12-06 21:19:00,TMĐT - Lazada,NV28,Đã giao
DH004567,KH0320,2024-12-06 21:24:00,TMĐT - Shopee,NV02,Đã giao
DH003345,KH0297,2024-12-06 23:31:00,Showroom,NV29,Đã giao
DH011015,KH0442,2024-12-06 23:31:00,TMĐT - Tiki,NV19,Đã giao
DH001606,KH0271,2024-12-07 00:11:00,Showroom,NV23,Đã giao
DH006874,KH0447,2024-12-07 01:24:00,Showroom,NV08,Trả hàng
DH006559,KH0442,2024-12-07 03:35:00,TMĐT - Shopee,NV19,Đã hủy
DH001251,KH0323,2024-12-07 05:38:00,TMĐT - Tiki,NV28,Đã giao
DH005705,KH0105,2024-12-07 05:52:00,Bán lẻ trực tiếp,NV21,Đã giao
DH010826,KH0257,2024-12-07 06:27:00,TMĐT - Lazada,NV11,Đã hủy
DH009919,KH0387,2024-12-07 11:24:00,Showroom,NV19,Đã giao
DH008335,KH0282,2024-12-07 13:08:00,Bán lẻ trực tiếp,NV02,Đã giao
DH002029,KH0368,2024-12-07 15:18:00,TMĐT - Shopee,NV12,Đang xử lý
DH003442,KH0243,2024-12-07 15:37:00,TMĐT - Shopee,NV09,Đã giao
DH005499,KH0034,2024-12-07 17:16:00,TMĐT - Shopee,NV10,Đã giao
DH001623,KH0104,2024-12-07 17:18:00,Showroom,NV29,Đã giao
DH008368,KH0396,2024-12-07 17:30:00,TMĐT - Lazada,NV14,Đã giao
DH001400,KH0155,2024-12-07 19:34:00,Bán lẻ trực tiếp,NV12,Đã giao
DH000775,KH0404,2024-12-07 20:11:00,Showroom,NV27,Trả hàng
DH002717,KH0121,2024-12-07 21:54:00,Đại lý,NV27,Đã giao
DH002007,KH0179,2024-12-07 23:07:00,TMĐT - Lazada,NV08,Đã giao
DH008602,KH0249,2024-12-08 01:16:00,Showroom,NV17,Đang xử lý
DH003035,KH0442,2024-12-08 03:57:00,Showroom,NV26,Đã giao
DH006505,KH0051,2024-12-08 04:08:00,Bán lẻ trực tiếp,NV09,Đang xử lý
DH007231,KH0262,2024-12-08 04:39:00,TMĐT - Tiki,NV12,Đã giao
DH001844,KH0248,2024-12-08 06:34:00,Showroom,NV16,Đã giao
DH005340,KH0127,2024-12-08 07:56:00,Bán lẻ trực tiếp,NV30,Đã giao
DH005958,KH0322,2024-12-08 09:57:00,TMĐT - Shopee,NV25,Đã giao
DH000647,KH0249,2024-12-08 10:22:00,Showroom,NV01,Đang xử lý
DH007914,KH0113,2024-12-08 10:33:00,Showroom,NV30,Đã giao
DH009563,KH0400,2024-12-08 10:46:00,TMĐT - Tiki,NV19,Đã giao
DH003210,KH0116,2024-12-08 11:06:00,TMĐT - Shopee,NV21,Đã giao
DH007417,KH0442,2024-12-08 11:49:00,Bán lẻ trực tiếp,NV09,Đã giao
DH000064,KH0249,2024-12-08 13:15:00,Bán lẻ trực tiếp,NV26,Đang xử lý
DH007975,KH0250,2024-12-08 13:35:00,Đại lý,NV30,Đã giao
DH010693,KH0365,2024-12-08 14:00:00,TMĐT - Shopee,NV20,Đã giao
DH010039,KH0306,2024-12-08 15:49:00,TMĐT - Shopee,NV03,Đã giao
DH008579,KH0095,2024-12-08 16:28:00,TMĐT - Tiki,NV30,Đã giao
DH003234,KH0124,2024-12-08 18:32:00,Showroom,NV23,Đã giao
DH003309,KH0029,2024-12-08 21:17:00,TMĐT - Tiki,NV09,Đã giao
DH004220,KH0317,2024-12-08 21:28:00,Đại lý,NV07,Đã giao
DH005456,KH0379,2024-12-08 21:57:00,TMĐT - Tiki,NV20,Đã giao
DH004093,KH0365,2024-12-08 22:05:00,Bán lẻ trực tiếp,NV05,Đã hủy
DH004383,KH0087,2024-12-09 00:56:00,Bán lẻ trực tiếp,NV02,Đã giao
DH003615,KH0258,2024-12-09 02:32:00,TMĐT - Shopee,NV17,Đang xử lý
DH002679,KH0155,2024-12-09 02:59:00,Showroom,NV22,Đã giao
DH005306,KH0442,2024-12-09 04:09:00,TMĐT - Shopee,NV22,Đã giao
DH008382,KH0257,2024-12-09 05:02:00,TMĐT - Tiki,NV30,Đã giao
DH004275,KH0384,2024-12-09 05:13:00,Bán lẻ trực tiếp,NV29,Đã giao
DH011145,KH0119,2024-12-09 05:36:00,TMĐT - Shopee,NV16,Đã giao
DH000462,KH0243,2024-12-09 08:11:00,TMĐT - Shopee,NV11,Đã hủy
DH002710,KH0325,2024-12-09 08:30:00,TMĐT - Shopee,NV28,Đã giao
DH008671,KH0314,2024-12-09 09:41:00,Showroom,NV23,Đã giao
DH006849,KH0379,2024-12-09 09:41:00,TMĐT - Shopee,NV26,Đã giao
DH000431,KH0034,2024-12-09 10:17:00,TMĐT - Lazada,NV22,Đã giao
DH010477,KH0231,2024-12-09 11:21:00,Đại lý,NV28,Đã giao
DH000742,KH0053,2024-12-09 13:11:00,TMĐT - Shopee,NV15,Đã giao
DH003716,KH0262,2024-12-09 13:21:00,Bán lẻ trực tiếp,NV22,Đã giao
DH003939,KH0442,2024-12-09 13:38:00,TMĐT - Shopee,NV08,Đã giao
DH001638,KH0277,2024-12-09 18:25:00,TMĐT - Shopee,NV16,Trả hàng
DH009807,KH0141,2024-12-09 19:50:00,TMĐT - Lazada,NV12,Đã giao
DH010836,KH0392,2024-12-09 19:58:00,TMĐT - Tiki,NV18,Đã giao
DH004288,KH0289,2024-12-09 22:31:00,Showroom,NV12,Đã giao
DH004199,KH0268,2024-12-09 22:35:00,Đại lý,NV01,Đã giao
DH003806,KH0241,2024-12-10 00:34:00,Đại lý,NV05,Đã giao
DH004048,KH0447,2024-12-10 00:39:00,TMĐT - Tiki,NV08,Trả hàng
DH005849,KH0447,2024-12-10 01:11:00,Bán lẻ trực tiếp,NV28,Đang xử lý
DH003123,KH0267,2024-12-10 01:20:00,TMĐT - Lazada,NV05,Đã giao
DH003595,KH0306,2024-12-10 01:24:00,Bán lẻ trực tiếp,NV19,Đã giao
DH007214,KH0412,2024-12-10 03:29:00,TMĐT - Tiki,NV12,Trả hàng
DH010555,KH0200,2024-12-10 03:39:00,Đại lý,NV24,Đã giao
DH005560,KH0192,2024-12-10 03:57:00,TMĐT - Shopee,NV06,Mới
DH004927,KH0173,2024-12-10 04:52:00,Bán lẻ trực tiếp,NV22,Đang xử lý
DH009978,KH0396,2024-12-10 04:56:00,Bán lẻ trực tiếp,NV11,Đã giao
DH011447,KH0236,2024-12-10 05:40:00,Đại lý,NV15,Đã giao
DH000198,KH0082,2024-12-10 06:00:00,Showroom,NV10,Trả hàng
DH000932,KH0155,2024-12-10 08:03:00,TMĐT - Shopee,NV01,Đã giao
DH002169,KH0365,2024-12-10 08:27:00,TMĐT - Shopee,NV06,Đã giao
DH000780,KH0314,2024-12-10 08:43:00,Showroom,NV22,Trả hàng
DH003406,KH0262,2024-12-10 09:01:00,Bán lẻ trực tiếp,NV29,Đã giao
DH010795,KH0310,2024-12-10 11:31:00,TMĐT - Tiki,NV20,Đã giao
DH000487,KH0070,2024-12-10 12:03:00,TMĐT - Tiki,NV15,Đã giao
DH002633,KH0262,2024-12-10 13:13:00,Đại lý,NV28,Đã hủy
DH001323,KH0274,2024-12-10 16:21:00,Đại lý,NV16,Đã giao
DH005858,KH0391,2024-12-10 16:36:00,Đại lý,NV15,Đã giao
DH008752,KH0257,2024-12-10 17:00:00,TMĐT - Tiki,NV05,Đã giao
DH007614,KH0155,2024-12-10 18:40:00,TMĐT - Tiki,NV06,Đã giao
DH008150,KH0160,2024-12-10 19:05:00,TMĐT - Lazada,NV20,Đã giao
DH003645,KH0446,2024-12-10 19:44:00,Đại lý,NV01,Đã giao
DH006298,KH0179,2024-12-10 19:58:00,TMĐT - Lazada,NV08,Đã giao
DH006862,KH0054,2024-12-10 20:41:00,TMĐT - Lazada,NV29,Đã giao
DH000752,KH0246,2024-12-10 20:53:00,TMĐT - Shopee,NV09,Đã hủy
DH007926,KH0256,2024-12-10 22:04:00,TMĐT - Tiki,NV24,Đã giao
DH001219,KH0346,2024-12-11 00:06:00,Đại lý,NV22,Đang xử lý
DH000169,KH0262,2024-12-11 02:03:00,Bán lẻ trực tiếp,NV07,Đã giao
DH002561,KH0248,2024-12-11 02:20:00,Bán lẻ trực tiếp,NV10,Đang xử lý
DH002599,KH0281,2024-12-11 03:50:00,TMĐT - Shopee,NV03,Đã giao
DH001819,KH0265,2024-12-11 05:40:00,TMĐT - Tiki,NV25,Đã giao
DH005397,KH0242,2024-12-11 06:15:00,TMĐT - Shopee,NV25,Đang xử lý
DH011564,KH0105,2024-12-11 07:06:00,TMĐT - Shopee,NV10,Đang xử lý
DH011190,KH0365,2024-12-11 07:09:00,TMĐT - Shopee,NV21,Đã giao
DH009653,KH0442,2024-12-11 07:32:00,Bán lẻ trực tiếp,NV30,Đã giao
DH002212,KH0397,2024-12-11 09:22:00,TMĐT - Shopee,NV09,Đã giao
DH009650,KH0089,2024-12-11 09:47:00,Showroom,NV09,Đã giao
DH004520,KH0140,2024-12-11 11:02:00,TMĐT - Lazada,NV04,Đang xử lý
DH007456,KH0001,2024-12-11 13:12:00,Bán lẻ trực tiếp,NV23,Đã giao
DH010287,KH0198,2024-12-11 13:43:00,TMĐT - Shopee,NV14,Đang xử lý
DH005523,KH0376,2024-12-11 13:47:00,TMĐT - Tiki,NV25,Đã giao
DH011359,KH0227,2024-12-11 16:25:00,Bán lẻ trực tiếp,NV30,Đang xử lý
DH011896,KH0369,2024-12-11 17:52:00,Showroom,NV19,Đã giao
DH011048,KH0323,2024-12-11 17:56:00,Bán lẻ trực tiếp,NV04,Đã giao
DH005150,KH0243,2024-12-11 19:46:00,TMĐT - Shopee,NV25,Đã giao
DH009497,KH0204,2024-12-11 19:47:00,TMĐT - Tiki,NV16,Đã giao
DH004775,KH0035,2024-12-11 19:56:00,TMĐT - Lazada,NV02,Đã giao
DH003738,KH0070,2024-12-11 20:47:00,TMĐT - Tiki,NV25,Mới
DH008180,KH0025,2024-12-11 21:04:00,Đại lý,NV29,Mới
DH006373,KH0301,2024-12-11 21:54:00,Showroom,NV30,Trả hàng
DH004923,KH0035,2024-12-11 23:40:00,TMĐT - Tiki,NV25,Đã giao
DH005779,KH0035,2024-12-12 01:50:00,Đại lý,NV28,Đang xử lý
DH001966,KH0306,2024-12-12 01:51:00,Bán lẻ trực tiếp,NV22,Đã hủy
DH004391,KH0438,2024-12-12 02:11:00,TMĐT - Tiki,NV23,Đã giao
DH001116,KH0413,2024-12-12 02:13:00,TMĐT - Lazada,NV26,Đã giao
DH004209,KH0179,2024-12-12 02:14:00,Bán lẻ trực tiếp,NV27,Đã giao
DH009522,KH0143,2024-12-12 02:17:00,TMĐT - Shopee,NV14,Đã giao
DH011804,KH0155,2024-12-12 02:19:00,TMĐT - Shopee,NV09,Đã giao
DH007638,KH0157,2024-12-12 04:36:00,TMĐT - Tiki,NV12,Trả hàng
DH005862,KH0414,2024-12-12 07:35:00,Showroom,NV22,Đã giao
DH009025,KH0211,2024-12-12 07:46:00,Đại lý,NV19,Đã giao
DH011561,KH0275,2024-12-12 08:06:00,Đại lý,NV30,Trả hàng
DH009015,KH0260,2024-12-12 08:10:00,Showroom,NV03,Đã giao
DH008829,KH0442,2024-12-12 08:27:00,TMĐT - Lazada,NV25,Đã giao
DH002734,KH0155,2024-12-12 12:01:00,Bán lẻ trực tiếp,NV18,Đã giao
DH009523,KH0009,2024-12-12 12:12:00,TMĐT - Shopee,NV05,Đang xử lý
DH003533,KH0056,2024-12-12 14:49:00,TMĐT - Tiki,NV24,Mới
DH006348,KH0039,2024-12-12 15:29:00,TMĐT - Lazada,NV09,Đã giao
DH010998,KH0391,2024-12-12 15:57:00,TMĐT - Shopee,NV07,Đã giao
DH007378,KH0012,2024-12-12 17:15:00,TMĐT - Tiki,NV16,Đã hủy
DH006490,KH0262,2024-12-12 17:20:00,TMĐT - Shopee,NV22,Đã giao
DH008863,KH0179,2024-12-12 19:08:00,TMĐT - Lazada,NV02,Đã giao
DH006011,KH0306,2024-12-12 20:15:00,Bán lẻ trực tiếp,NV09,Đã giao
DH002336,KH0391,2024-12-12 20:38:00,TMĐT - Lazada,NV22,Đang xử lý
DH010524,KH0279,2024-12-12 21:10:00,TMĐT - Shopee,NV14,Đang xử lý
DH005561,KH0262,2024-12-13 01:19:00,TMĐT - Tiki,NV04,Đã giao
DH000311,KH0155,2024-12-13 02:21:00,TMĐT - Tiki,NV08,Đã giao
DH005246,KH0044,2024-12-13 04:00:00,Showroom,NV04,Đã giao
DH008054,KH0192,2024-12-13 04:29:00,TMĐT - Shopee,NV15,Đã giao
DH006551,KH0442,2024-12-13 05:07:00,Bán lẻ trực tiếp,NV25,Đã giao
DH006562,KH0222,2024-12-13 05:52:00,Bán lẻ trực tiếp,NV18,Đã giao
DH007483,KH0051,2024-12-13 05:58:00,Đại lý,NV16,Đã giao
DH004075,KH0116,2024-12-13 06:13:00,TMĐT - Lazada,NV24,Đã giao
DH002810,KH0197,2024-12-13 06:31:00,Showroom,NV23,Đã giao
DH001415,KH0253,2024-12-13 08:05:00,Đại lý,NV08,Đã giao
DH001989,KH0105,2024-12-13 08:14:00,Đại lý,NV21,Đã giao
DH008345,KH0127,2024-12-13 08:44:00,TMĐT - Tiki,NV03,Đã giao
DH008363,KH0179,2024-12-13 08:49:00,Đại lý,NV05,Đã giao
DH011189,KH0383,2024-12-13 09:33:00,TMĐT - Tiki,NV26,Đã hủy
DH001046,KH0447,2024-12-13 12:53:00,TMĐT - Lazada,NV26,Đã giao
DH011760,KH0301,2024-12-13 15:03:00,Showroom,NV23,Đã giao
DH007206,KH0257,2024-12-13 15:29:00,TMĐT - Lazada,NV10,Đã hủy
DH003021,KH0391,2024-12-13 15:38:00,Showroom,NV12,Đã giao
DH008662,KH0367,2024-12-13 17:09:00,Đại lý,NV23,Đã giao
DH007803,KH0223,2024-12-13 17:18:00,TMĐT - Tiki,NV02,Đã giao
DH004574,KH0421,2024-12-13 18:50:00,Bán lẻ trực tiếp,NV14,Đã giao
DH003232,KH0184,2024-12-13 20:05:00,TMĐT - Shopee,NV08,Đã giao
DH005747,KH0188,2024-12-13 20:37:00,Showroom,NV05,Đã giao
DH000037,KH0155,2024-12-13 21:17:00,TMĐT - Tiki,NV20,Đã giao
DH000421,KH0442,2024-12-13 21:45:00,TMĐT - Tiki,NV22,Đã giao
DH000626,KH0095,2024-12-13 22:21:00,TMĐT - Lazada,NV08,Đã giao
DH008952,KH0035,2024-12-14 01:08:00,TMĐT - Tiki,NV18,Đã giao
DH008279,KH0122,2024-12-14 01:36:00,TMĐT - Shopee,NV21,Đã giao
DH009810,KH0173,2024-12-14 01:37:00,TMĐT - Shopee,NV16,Đã giao
DH010425,KH0233,2024-12-14 03:25:00,TMĐT - Lazada,NV05,Đã giao
DH000441,KH0391,2024-12-14 03:33:00,Đại lý,NV06,Đã giao
DH008999,KH0325,2024-12-14 04:00:00,Bán lẻ trực tiếp,NV13,Đã giao
DH000359,KH0155,2024-12-14 04:05:00,TMĐT - Tiki,NV02,Đang xử lý
DH011323,KH0442,2024-12-14 04:43:00,TMĐT - Shopee,NV23,Trả hàng
DH008119,KH0046,2024-12-14 10:10:00,Bán lẻ trực tiếp,NV05,Đã giao
DH002173,KH0428,2024-12-14 10:54:00,TMĐT - Shopee,NV18,Đã hủy
DH001045,KH0034,2024-12-14 11:11:00,Bán lẻ trực tiếp,NV29,Đã giao
DH000726,KH0391,2024-12-14 11:24:00,Đại lý,NV11,Đã giao
DH000278,KH0413,2024-12-14 12:11:00,Đại lý,NV19,Đã hủy
DH000961,KH0365,2024-12-14 13:20:00,Đại lý,NV15,Đã giao
DH006448,KH0035,2024-12-14 14:48:00,Showroom,NV19,Đã giao
DH002433,KH0423,2024-12-14 16:36:00,TMĐT - Lazada,NV14,Đã giao
DH008920,KH0382,2024-12-14 17:01:00,TMĐT - Tiki,NV11,Đã giao
DH005345,KH0227,2024-12-14 18:21:00,TMĐT - Shopee,NV21,Đã giao
DH000190,KH0035,2024-12-14 19:54:00,Đại lý,NV06,Đã giao
DH002272,KH0271,2024-12-14 20:03:00,TMĐT - Shopee,NV11,Đã giao
DH001963,KH0002,2024-12-14 21:12:00,TMĐT - Lazada,NV27,Đã giao
DH011708,KH0332,2024-12-14 23:20:00,TMĐT - Tiki,NV12,Đã giao
DH009266,KH0053,2024-12-15 00:26:00,Bán lẻ trực tiếp,NV13,Đã giao
DH011827,KH0306,2024-12-15 00:54:00,Showroom,NV19,Đã giao
DH009713,KH0127,2024-12-15 01:49:00,Đại lý,NV18,Đã giao
DH002125,KH0219,2024-12-15 02:16:00,TMĐT - Shopee,NV10,Đang xử lý
DH006149,KH0400,2024-12-15 03:43:00,TMĐT - Lazada,NV30,Đã giao
DH010514,KH0262,2024-12-15 03:56:00,TMĐT - Shopee,NV14,Đã giao
DH002022,KH0267,2024-12-15 04:38:00,Showroom,NV14,Mới
DH004451,KH0155,2024-12-15 05:57:00,Bán lẻ trực tiếp,NV30,Đã giao
DH004428,KH0135,2024-12-15 06:18:00,Showroom,NV13,Đã giao
DH006107,KH0353,2024-12-15 06:43:00,TMĐT - Tiki,NV14,Đang xử lý
DH005632,KH0222,2024-12-15 06:44:00,Showroom,NV08,Đã giao
DH007615,KH0265,2024-12-15 09:30:00,TMĐT - Shopee,NV08,Mới
DH002099,KH0243,2024-12-15 10:07:00,TMĐT - Shopee,NV26,Đã giao
DH008566,KH0179,2024-12-15 10:24:00,Bán lẻ trực tiếp,NV14,Đã giao
DH011947,KH0044,2024-12-15 13:47:00,TMĐT - Lazada,NV04,Trả hàng
DH011421,KH0138,2024-12-15 14:46:00,TMĐT - Tiki,NV28,Đã giao
DH008466,KH0258,2024-12-15 15:56:00,Đại lý,NV08,Đã hủy
DH006413,KH0216,2024-12-15 16:32:00,TMĐT - Shopee,NV29,Đang xử lý
DH000067,KH0192,2024-12-15 17:08:00,TMĐT - Shopee,NV26,Đã giao
DH006086,KH0227,2024-12-15 17:59:00,TMĐT - Lazada,NV03,Đã hủy
DH009053,KH0332,2024-12-15 19:08:00,TMĐT - Shopee,NV21,Đã giao
DH005166,KH0267,2024-12-15 19:10:00,TMĐT - Shopee,NV30,Đã giao
DH010299,KH0306,2024-12-15 20:42:00,TMĐT - Tiki,NV11,Đã giao
DH001901,KH0198,2024-12-15 21:09:00,Showroom,NV10,Mới
DH008229,KH0036,2024-12-15 23:37:00,Đại lý,NV30,Trả hàng
DH006774,KH0299,2024-12-16 00:03:00,TMĐT - Lazada,NV06,Đã giao
DH004024,KH0248,2024-12-16 01:53:00,TMĐT - Tiki,NV29,Đã giao
DH000989,KH0193,2024-12-16 02:15:00,Showroom,NV09,Đang xử lý
DH008898,KH0412,2024-12-16 03:06:00,TMĐT - Shopee,NV15,Đang xử lý
DH000181,KH0035,2024-12-16 04:07:00,TMĐT - Lazada,NV29,Đã hủy
DH010780,KH0402,2024-12-16 05:38:00,Đại lý,NV09,Đã giao
DH007478,KH0428,2024-12-16 05:58:00,Đại lý,NV24,Mới
DH001679,KH0266,2024-12-16 07:33:00,TMĐT - Shopee,NV26,Đã hủy
DH008812,KH0141,2024-12-16 07:35:00,TMĐT - Tiki,NV06,Mới
DH002913,KH0179,2024-12-16 09:04:00,Đại lý,NV23,Đã giao
DH003362,KH0136,2024-12-16 09:06:00,Showroom,NV10,Đã giao
DH005542,KH0056,2024-12-16 09:47:00,Đại lý,NV09,Đã giao
DH006593,KH0309,2024-12-16 12:50:00,Bán lẻ trực tiếp,NV24,Đã giao
DH002308,KH0003,2024-12-16 13:33:00,TMĐT - Lazada,NV10,Trả hàng
DH006894,KH0338,2024-12-16 19:39:00,TMĐT - Lazada,NV18,Đã giao
DH010982,KH0262,2024-12-16 20:37:00,TMĐT - Tiki,NV12,Đã giao
DH006112,KH0241,2024-12-16 21:32:00,TMĐT - Lazada,NV30,Đã giao
DH007517,KH0119,2024-12-16 21:50:00,TMĐT - Shopee,NV21,Đã giao
DH009872,KH0274,2024-12-16 21:59:00,TMĐT - Shopee,NV28,Đã giao
DH011775,KH0055,2024-12-16 22:53:00,Showroom,NV11,Đã giao
DH009716,KH0092,2024-12-16 23:05:00,Bán lẻ trực tiếp,NV27,Đã giao
DH005053,KH0384,2024-12-17 00:19:00,TMĐT - Tiki,NV18,Đã giao
DH009311,KH0171,2024-12-17 00:24:00,Showroom,NV04,Đã hủy
DH010018,KH0035,2024-12-17 00:55:00,TMĐT - Lazada,NV09,Đã giao
DH000723,KH0074,2024-12-17 01:58:00,Bán lẻ trực tiếp,NV12,Đã giao
DH000556,KH0293,2024-12-17 03:39:00,Bán lẻ trực tiếp,NV11,Trả hàng
DH005063,KH0306,2024-12-17 04:55:00,Đại lý,NV09,Đã giao
DH001402,KH0248,2024-12-17 06:48:00,TMĐT - Tiki,NV03,Trả hàng
DH000377,KH0116,2024-12-17 08:29:00,Đại lý,NV21,Đang xử lý
DH009940,KH0404,2024-12-17 08:39:00,Đại lý,NV10,Đã giao
DH008218,KH0325,2024-12-17 09:39:00,TMĐT - Tiki,NV24,Đang xử lý
DH003336,KH0135,2024-12-17 10:12:00,Showroom,NV20,Đã giao
DH011757,KH0227,2024-12-17 11:09:00,Showroom,NV29,Đã giao
DH010885,KH0273,2024-12-17 12:27:00,TMĐT - Shopee,NV06,Đã giao
DH000340,KH0242,2024-12-17 12:54:00,TMĐT - Tiki,NV04,Mới
DH001354,KH0032,2024-12-17 12:55:00,Bán lẻ trực tiếp,NV25,Đang xử lý
DH011711,KH0155,2024-12-17 13:01:00,TMĐT - Tiki,NV14,Đã giao
DH001634,KH0141,2024-12-17 14:11:00,TMĐT - Shopee,NV01,Đã giao
DH003989,KH0089,2024-12-17 14:54:00,Showroom,NV28,Đang xử lý
DH003060,KH0267,2024-12-17 15:12:00,Đại lý,NV10,Đã giao
DH000939,KH0117,2024-12-17 15:27:00,Đại lý,NV15,Đã giao
DH011846,KH0216,2024-12-17 15:42:00,TMĐT - Tiki,NV28,Đã giao
DH008684,KH0096,2024-12-17 16:17:00,Bán lẻ trực tiếp,NV01,Đang xử lý
DH006906,KH0074,2024-12-17 16:49:00,TMĐT - Shopee,NV30,Đã giao
DH008366,KH0337,2024-12-17 16:57:00,Showroom,NV30,Đã giao
DH010490,KH0310,2024-12-17 18:38:00,TMĐT - Lazada,NV27,Đã giao
DH011040,KH0271,2024-12-17 19:37:00,TMĐT - Lazada,NV25,Đã giao
DH006643,KH0147,2024-12-17 23:59:00,TMĐT - Shopee,NV13,Đã giao
DH011115,KH0306,2024-12-18 00:20:00,Bán lẻ trực tiếp,NV14,Đã giao
DH009200,KH0077,2024-12-18 02:16:00,Đại lý,NV26,Đã giao
DH010526,KH0135,2024-12-18 04:11:00,Showroom,NV16,Đã giao
DH001873,KH0396,2024-12-18 04:35:00,Đại lý,NV05,Đã hủy
DH005950,KH0344,2024-12-18 05:27:00,TMĐT - Shopee,NV26,Đã giao
DH000897,KH0307,2024-12-18 05:32:00,TMĐT - Lazada,NV09,Đã giao
DH001443,KH0086,2024-12-18 05:50:00,Đại lý,NV27,Đã giao
DH001605,KH0442,2024-12-18 07:11:00,Bán lẻ trực tiếp,NV17,Đã giao
DH006675,KH0248,2024-12-18 07:21:00,TMĐT - Lazada,NV28,Đã giao
DH007771,KH0135,2024-12-18 08:52:00,TMĐT - Lazada,NV08,Đã giao
DH011377,KH0193,2024-12-18 09:10:00,Đại lý,NV26,Đã giao
DH001306,KH0442,2024-12-18 09:46:00,Showroom,NV09,Trả hàng
DH007128,KH0071,2024-12-18 10:57:00,TMĐT - Tiki,NV28,Đã giao
DH008070,KH0265,2024-12-18 11:26:00,TMĐT - Shopee,NV14,Đã giao
DH008647,KH0389,2024-12-18 14:32:00,TMĐT - Shopee,NV04,Đã giao
DH008853,KH0442,2024-12-18 16:53:00,TMĐT - Shopee,NV08,Đã giao
DH005755,KH0219,2024-12-18 17:05:00,TMĐT - Shopee,NV26,Đã giao
DH011074,KH0447,2024-12-18 18:07:00,TMĐT - Lazada,NV01,Đã giao
DH005314,KH0024,2024-12-18 18:16:00,Showroom,NV12,Đã giao
DH005157,KH0293,2024-12-18 18:20:00,TMĐT - Tiki,NV19,Đã giao
DH005134,KH0391,2024-12-18 18:52:00,TMĐT - Shopee,NV08,Đã giao
DH009468,KH0304,2024-12-18 19:25:00,TMĐT - Shopee,NV09,Đã giao
DH011694,KH0029,2024-12-18 19:37:00,TMĐT - Shopee,NV30,Đã giao
DH001800,KH0256,2024-12-18 20:12:00,Đại lý,NV06,Đã giao
DH002303,KH0377,2024-12-18 22:16:00,Showroom,NV04,Đã giao
DH011249,KH0121,2024-12-18 22:43:00,TMĐT - Tiki,NV22,Đã giao
DH008136,KH0393,2024-12-18 23:15:00,Showroom,NV06,Đã giao
DH000590,KH0262,2024-12-19 01:17:00,Đại lý,NV21,Đã giao
DH010332,KH0068,2024-12-19 04:19:00,Showroom,NV04,Mới
DH002936,KH0083,2024-12-19 04:43:00,TMĐT - Tiki,NV03,Đang xử lý
DH005916,KH0199,2024-12-19 09:06:00,Bán lẻ trực tiếp,NV27,Đã giao
DH004752,KH0151,2024-12-19 10:44:00,TMĐT - Tiki,NV15,Đã hủy
DH006955,KH0248,2024-12-19 10:53:00,TMĐT - Tiki,NV06,Đã hủy
DH003214,KH0113,2024-12-19 11:53:00,TMĐT - Tiki,NV27,Đã giao
DH003622,KH0040,2024-12-19 12:42:00,Bán lẻ trực tiếp,NV25,Đã giao
DH006749,KH0044,2024-12-19 12:44:00,TMĐT - Shopee,NV13,Mới
DH010888,KH0391,2024-12-19 15:52:00,TMĐT - Tiki,NV03,Mới
DH002904,KH0447,2024-12-19 16:44:00,Bán lẻ trực tiếp,NV13,Đã giao
DH009069,KH0154,2024-12-19 17:27:00,TMĐT - Tiki,NV12,Mới
DH003235,KH0395,2024-12-19 20:35:00,TMĐT - Lazada,NV25,Đã giao
DH009495,KH0424,2024-12-19 21:11:00,TMĐT - Shopee,NV22,Đang xử lý
DH011636,KH0139,2024-12-19 21:59:00,Bán lẻ trực tiếp,NV28,Đang xử lý
DH005162,KH0236,2024-12-19 23:39:00,Showroom,NV05,Đã hủy
DH000186,KH0089,2024-12-19 23:40:00,Đại lý,NV18,Đã giao
DH001787,KH0224,2024-12-20 00:03:00,TMĐT - Shopee,NV18,Đang xử lý
DH008707,KH0323,2024-12-20 01:05:00,Đại lý,NV02,Đã giao
DH005942,KH0367,2024-12-20 02:52:00,TMĐT - Lazada,NV10,Đã giao
DH000450,KH0061,2024-12-20 04:24:00,Showroom,NV06,Đã giao
DH010178,KH0412,2024-12-20 05:13:00,Showroom,NV03,Đã giao
DH011300,KH0362,2024-12-20 07:25:00,Đại lý,NV29,Đã hủy
DH000089,KH0413,2024-12-20 07:38:00,Showroom,NV09,Đang xử lý
DH003181,KH0204,2024-12-20 08:23:00,TMĐT - Tiki,NV18,Đã giao
DH009777,KH0193,2024-12-20 10:10:00,TMĐT - Lazada,NV16,Đã giao
DH002025,KH0445,2024-12-20 10:19:00,TMĐT - Tiki,NV15,Đã giao
DH001810,KH0384,2024-12-20 11:02:00,TMĐT - Shopee,NV19,Đã giao
DH011925,KH0036,2024-12-20 11:36:00,TMĐT - Lazada,NV11,Trả hàng
DH010844,KH0186,2024-12-20 11:48:00,Showroom,NV07,Đã giao
DH005308,KH0070,2024-12-20 12:17:00,TMĐT - Lazada,NV19,Đã giao
DH001054,KH0051,2024-12-20 13:38:00,TMĐT - Shopee,NV20,Trả hàng
DH009861,KH0359,2024-12-20 14:09:00,Bán lẻ trực tiếp,NV21,Đã hủy
DH001563,KH0415,2024-12-20 14:11:00,Đại lý,NV20,Đã giao
DH006398,KH0243,2024-12-20 14:48:00,Đại lý,NV29,Đã giao
DH000103,KH0056,2024-12-20 15:44:00,TMĐT - Tiki,NV06,Đã giao
DH009987,KH0215,2024-12-20 16:37:00,Bán lẻ trực tiếp,NV09,Đã giao
DH009220,KH0141,2024-12-20 18:02:00,TMĐT - Lazada,NV29,Đã giao
DH001823,KH0365,2024-12-20 18:28:00,Showroom,NV28,Đang xử lý
DH007578,KH0265,2024-12-20 20:31:00,TMĐT - Tiki,NV07,Đã giao
DH010064,KH0274,2024-12-20 21:56:00,Showroom,NV16,Đã hủy
DH008770,KH0333,2024-12-20 22:07:00,TMĐT - Lazada,NV04,Đã giao
DH011346,KH0280,2024-12-20 23:39:00,TMĐT - Tiki,NV18,Đã giao
DH000514,KH0438,2024-12-21 00:30:00,Đại lý,NV02,Đã giao
DH002512,KH0141,2024-12-21 02:45:00,TMĐT - Shopee,NV27,Đã giao
DH001301,KH0012,2024-12-21 04:57:00,Showroom,NV30,Đã giao
DH008422,KH0035,2024-12-21 05:03:00,TMĐT - Lazada,NV25,Đang xử lý
DH011900,KH0062,2024-12-21 05:44:00,TMĐT - Lazada,NV13,Đã giao
DH007292,KH0155,2024-12-21 06:46:00,Showroom,NV09,Đã giao
DH010562,KH0274,2024-12-21 08:18:00,Đại lý,NV14,Đã giao
DH004688,KH0447,2024-12-21 09:13:00,Đại lý,NV07,Đang xử lý
DH011315,KH0192,2024-12-21 09:15:00,Đại lý,NV04,Đã giao
DH008624,KH0262,2024-12-21 09:24:00,Đại lý,NV06,Đã giao
DH008459,KH0328,2024-12-21 12:00:00,Đại lý,NV21,Đã giao
DH007838,KH0268,2024-12-21 12:54:00,Đại lý,NV20,Đã giao
DH010703,KH0385,2024-12-21 13:04:00,Showroom,NV30,Đã giao
DH009109,KH0194,2024-12-21 13:25:00,TMĐT - Shopee,NV23,Đã giao
DH003947,KH0391,2024-12-21 14:07:00,Bán lẻ trực tiếp,NV25,Đã giao
DH003851,KH0402,2024-12-21 14:27:00,TMĐT - Lazada,NV27,Đã giao
DH000643,KH0257,2024-12-21 15:47:00,Đại lý,NV22,Đã giao
DH000433,KH0412,2024-12-21 18:25:00,TMĐT - Tiki,NV12,Đã giao
DH001639,KH0053,2024-12-21 18:41:00,Bán lẻ trực tiếp,NV19,Đã giao
DH000543,KH0070,2024-12-21 18:56:00,TMĐT - Shopee,NV30,Đã giao
DH011983,KH0140,2024-12-21 20:59:00,Bán lẻ trực tiếp,NV24,Đã giao
DH006655,KH0035,2024-12-21 21:05:00,Đại lý,NV17,Đã giao
DH003706,KH0241,2024-12-22 02:09:00,Bán lẻ trực tiếp,NV17,Đã giao
DH000720,KH0227,2024-12-22 02:32:00,Bán lẻ trực tiếp,NV25,Đã giao
DH008847,KH0232,2024-12-22 05:24:00,TMĐT - Lazada,NV17,Đã giao
DH001744,KH0012,2024-12-22 05:44:00,TMĐT - Tiki,NV17,Mới
DH002234,KH0202,2024-12-22 06:30:00,Đại lý,NV16,Đã giao
DH010863,KH0414,2024-12-22 06:53:00,Bán lẻ trực tiếp,NV01,Đã giao
DH004669,KH0421,2024-12-22 07:13:00,Bán lẻ trực tiếp,NV21,Đã giao
DH008758,KH0395,2024-12-22 09:12:00,Showroom,NV14,Đã giao
DH000210,KH0113,2024-12-22 10:21:00,Showroom,NV12,Mới
DH007557,KH0177,2024-12-22 11:24:00,Đại lý,NV11,Đã giao
DH009457,KH0242,2024-12-22 12:19:00,TMĐT - Lazada,NV29,Trả hàng
DH006967,KH0155,2024-12-22 12:27:00,Showroom,NV03,Đã giao
DH011076,KH0071,2024-12-22 13:38:00,TMĐT - Shopee,NV05,Đã giao
DH001060,KH0276,2024-12-22 15:07:00,Showroom,NV22,Đã giao
DH005644,KH0135,2024-12-22 16:51:00,TMĐT - Lazada,NV30,Đã giao
DH005580,KH0044,2024-12-22 16:56:00,Showroom,NV13,Đã giao
DH006357,KH0018,2024-12-22 17:15:00,TMĐT - Lazada,NV26,Đang xử lý
DH002184,KH0428,2024-12-22 17:44:00,Bán lẻ trực tiếp,NV27,Đã giao
DH001151,KH0102,2024-12-22 19:08:00,TMĐT - Tiki,NV06,Đã giao
DH007371,KH0447,2024-12-22 19:36:00,Đại lý,NV27,Đang xử lý
DH004701,KH0187,2024-12-22 19:43:00,TMĐT - Shopee,NV01,Đã giao
DH002930,KH0306,2024-12-22 20:24:00,TMĐT - Shopee,NV21,Đã giao
DH011825,KH0036,2024-12-22 21:48:00,TMĐT - Tiki,NV23,Đã giao
DH011812,KH0397,2024-12-23 01:36:00,Showroom,NV05,Đã giao
DH010736,KH0265,2024-12-23 02:13:00,TMĐT - Tiki,NV02,Đã giao
DH000792,KH0305,2024-12-23 03:26:00,TMĐT - Shopee,NV23,Đã giao
DH004744,KH0031,2024-12-23 04:23:00,Bán lẻ trực tiếp,NV15,Đã giao
DH010987,KH0442,2024-12-23 04:26:00,TMĐT - Tiki,NV02,Đã giao
DH007141,KH0113,2024-12-23 05:10:00,Bán lẻ trực tiếp,NV25,Đã giao
DH006327,KH0306,2024-12-23 05:58:00,Bán lẻ trực tiếp,NV18,Đã giao
DH009232,KH0183,2024-12-23 07:28:00,Showroom,NV02,Đã giao
DH002327,KH0070,2024-12-23 08:35:00,TMĐT - Lazada,NV16,Đã giao
DH008526,KH0051,2024-12-23 12:29:00,TMĐT - Shopee,NV24,Trả hàng
DH011887,KH0314,2024-12-23 13:26:00,TMĐT - Shopee,NV19,Đã hủy
DH009839,KH0332,2024-12-23 15:04:00,Bán lẻ trực tiếp,NV10,Đã giao
DH004373,KH0089,2024-12-23 15:08:00,TMĐT - Tiki,NV30,Đã giao
DH004244,KH0092,2024-12-23 15:15:00,Đại lý,NV18,Đã giao
DH009715,KH0413,2024-12-23 15:54:00,Đại lý,NV09,Đã giao
DH001266,KH0389,2024-12-23 16:38:00,Đại lý,NV12,Đã giao
DH000831,KH0248,2024-12-23 18:11:00,TMĐT - Lazada,NV16,Đã giao
DH002588,KH0102,2024-12-23 18:24:00,TMĐT - Tiki,NV24,Mới
DH004985,KH0056,2024-12-23 18:39:00,Đại lý,NV26,Đã giao
DH008720,KH0257,2024-12-23 19:48:00,Bán lẻ trực tiếp,NV21,Đã giao
DH003995,KH0391,2024-12-23 22:31:00,Showroom,NV15,Đã giao
DH002082,KH0314,2024-12-23 23:06:00,Showroom,NV03,Đã giao
DH011030,KH0048,2024-12-24 01:56:00,TMĐT - Lazada,NV29,Trả hàng
DH007468,KH0445,2024-12-24 04:04:00,TMĐT - Lazada,NV23,Mới
DH009503,KH0248,2024-12-24 05:51:00,Đại lý,NV16,Đã giao
DH000498,KH0246,2024-12-24 06:08:00,Bán lẻ trực tiếp,NV29,Đã giao
DH009849,KH0358,2024-12-24 06:44:00,Đại lý,NV25,Đã giao
DH002701,KH0113,2024-12-24 08:59:00,TMĐT - Shopee,NV04,Đã giao
DH011817,KH0193,2024-12-24 09:46:00,TMĐT - Lazada,NV09,Đã giao
DH004083,KH0314,2024-12-24 10:26:00,TMĐT - Tiki,NV21,Trả hàng
DH000415,KH0442,2024-12-24 11:03:00,Bán lẻ trực tiếp,NV08,Đã giao
DH000107,KH0115,2024-12-24 12:46:00,Showroom,NV26,Đã giao
DH006479,KH0222,2024-12-24 12:53:00,Showroom,NV17,Đã giao
DH000358,KH0395,2024-12-24 15:42:00,TMĐT - Tiki,NV12,Đã hủy
DH007540,KH0070,2024-12-24 15:55:00,Đại lý,NV06,Đang xử lý
DH009084,KH0367,2024-12-24 16:17:00,TMĐT - Shopee,NV05,Trả hàng
DH006876,KH0026,2024-12-24 17:32:00,TMĐT - Shopee,NV04,Đã giao
DH007486,KH0081,2024-12-24 20:54:00,Đại lý,NV08,Trả hàng
DH003472,KH0065,2024-12-24 21:17:00,TMĐT - Shopee,NV08,Đã giao
DH010794,KH0156,2024-12-24 22:00:00,TMĐT - Tiki,NV29,Đã giao
DH002892,KH0391,2024-12-24 22:27:00,TMĐT - Shopee,NV01,Đã giao
DH000460,KH0130,2024-12-25 01:24:00,TMĐT - Tiki,NV25,Đang xử lý
DH009386,KH0240,2024-12-25 02:44:00,TMĐT - Shopee,NV09,Đã hủy
DH011446,KH0037,2024-12-25 03:43:00,TMĐT - Shopee,NV15,Đã giao
DH009046,KH0243,2024-12-25 04:06:00,Showroom,NV03,Đã giao
DH001385,KH0396,2024-12-25 04:32:00,Đại lý,NV25,Đã giao
DH000074,KH0246,2024-12-25 04:41:00,TMĐT - Lazada,NV02,Đã giao
DH003795,KH0314,2024-12-25 06:26:00,Showroom,NV25,Đã giao
DH005158,KH0035,2024-12-25 07:10:00,Đại lý,NV10,Đã giao
DH010598,KH0099,2024-12-25 08:23:00,Bán lẻ trực tiếp,NV01,Đã giao
DH004792,KH0120,2024-12-25 10:06:00,Bán lẻ trực tiếp,NV23,Đang xử lý
DH004700,KH0075,2024-12-25 11:44:00,Đại lý,NV25,Đã giao
DH011662,KH0447,2024-12-25 11:51:00,Showroom,NV29,Đã giao
DH009924,KH0127,2024-12-25 12:48:00,Đại lý,NV18,Đã giao
DH008223,KH0447,2024-12-25 15:21:00,TMĐT - Lazada,NV01,Đã hủy
DH003574,KH0227,2024-12-25 16:09:00,TMĐT - Tiki,NV03,Đã giao
DH011294,KH0093,2024-12-25 16:58:00,Đại lý,NV29,Đã giao
DH011831,KH0390,2024-12-25 21:23:00,TMĐT - Lazada,NV22,Đã giao
DH000156,KH0428,2024-12-26 00:38:00,Bán lẻ trực tiếp,NV18,Đã giao
DH001085,KH0447,2024-12-26 01:00:00,TMĐT - Lazada,NV15,Đã giao
DH002049,KH0396,2024-12-26 01:54:00,TMĐT - Lazada,NV24,Đã giao
DH002519,KH0391,2024-12-26 04:21:00,TMĐT - Tiki,NV21,Đã giao
DH008913,KH0070,2024-12-26 05:11:00,TMĐT - Lazada,NV19,Đã giao
DH003398,KH0447,2024-12-26 05:58:00,Đại lý,NV30,Đã giao
DH007541,KH0077,2024-12-26 07:04:00,Showroom,NV28,Đã giao
DH005857,KH0012,2024-12-26 08:55:00,TMĐT - Tiki,NV14,Đã giao
DH008681,KH0053,2024-12-26 09:32:00,Đại lý,NV10,Đã giao
DH008984,KH0113,2024-12-26 11:57:00,Showroom,NV14,Đã giao
DH008195,KH0004,2024-12-26 12:37:00,TMĐT - Tiki,NV29,Đã giao
DH009773,KH0397,2024-12-26 14:00:00,Showroom,NV17,Đã giao
DH006818,KH0445,2024-12-26 16:40:00,Bán lẻ trực tiếp,NV28,Đã giao
DH010467,KH0151,2024-12-26 18:18:00,Showroom,NV15,Trả hàng
DH003927,KH0359,2024-12-26 20:04:00,TMĐT - Lazada,NV21,Đang xử lý
DH006196,KH0147,2024-12-26 20:34:00,Showroom,NV24,Đã giao
DH009307,KH0242,2024-12-26 22:43:00,TMĐT - Tiki,NV04,Đang xử lý
DH010361,KH0138,2024-12-27 00:06:00,Bán lẻ trực tiếp,NV30,Đã giao
DH000440,KH0070,2024-12-27 02:00:00,Showroom,NV19,Mới
DH009525,KH0114,2024-12-27 02:35:00,TMĐT - Tiki,NV18,Đang xử lý
DH006931,KH0307,2024-12-27 03:00:00,TMĐT - Shopee,NV24,Đã giao
DH003450,KH0332,2024-12-27 04:02:00,TMĐT - Shopee,NV11,Đã giao
DH005787,KH0276,2024-12-27 04:38:00,Showroom,NV13,Đã giao
DH000079,KH0419,2024-12-27 04:46:00,TMĐT - Shopee,NV28,Đã giao
DH003607,KH0197,2024-12-27 05:02:00,TMĐT - Tiki,NV03,Đã giao
DH010929,KH0108,2024-12-27 06:58:00,TMĐT - Tiki,NV09,Đã giao
DH008975,KH0184,2024-12-27 07:39:00,TMĐT - Lazada,NV11,Đã giao
DH001607,KH0359,2024-12-27 08:58:00,Showroom,NV30,Đã giao
DH001066,KH0412,2024-12-27 09:46:00,Đại lý,NV04,Đã giao
DH002753,KH0366,2024-12-27 10:12:00,TMĐT - Shopee,NV20,Đã giao
DH000344,KH0017,2024-12-27 11:07:00,TMĐT - Tiki,NV07,Đang xử lý
DH001346,KH0199,2024-12-27 11:29:00,Showroom,NV03,Đã giao
DH001672,KH0035,2024-12-27 11:50:00,TMĐT - Lazada,NV27,Đã hủy
DH001910,KH0303,2024-12-27 13:16:00,TMĐT - Tiki,NV01,Đã giao
DH009142,KH0391,2024-12-27 13:42:00,Đại lý,NV11,Đã giao
DH007820,KH0081,2024-12-27 15:18:00,Showroom,NV17,Đã giao
DH002648,KH0002,2024-12-27 16:52:00,Đại lý,NV01,Đã giao
DH008058,KH0108,2024-12-27 17:11:00,Bán lẻ trực tiếp,NV21,Đã giao
DH000678,KH0183,2024-12-27 17:28:00,TMĐT - Shopee,NV15,Đã giao
DH001029,KH0445,2024-12-27 17:47:00,TMĐT - Shopee,NV18,Đã giao
DH002201,KH0413,2024-12-27 17:54:00,Bán lẻ trực tiếp,NV23,Đã giao
DH007993,KH0013,2024-12-27 18:10:00,Bán lẻ trực tiếp,NV13,Đã giao
DH002812,KH0262,2024-12-27 18:48:00,TMĐT - Tiki,NV19,Mới
DH011407,KH0089,2024-12-27 19:20:00,Showroom,NV08,Đã giao
DH007518,KH0442,2024-12-27 20:27:00,Đại lý,NV23,Đã hủy
DH000083,KH0281,2024-12-27 20:59:00,Đại lý,NV11,Đã giao
DH010577,KH0236,2024-12-27 21:39:00,Bán lẻ trực tiếp,NV25,Đã giao
DH011347,KH0035,2024-12-27 23:05:00,TMĐT - Shopee,NV01,Trả hàng
DH010656,KH0155,2024-12-28 00:25:00,TMĐT - Lazada,NV15,Đang xử lý
DH002529,KH0051,2024-12-28 02:31:00,Đại lý,NV01,Đã giao
DH011297,KH0409,2024-12-28 02:42:00,TMĐT - Shopee,NV07,Đã giao
DH010845,KH0358,2024-12-28 02:58:00,TMĐT - Tiki,NV29,Đã giao
DH003465,KH0266,2024-12-28 03:02:00,TMĐT - Shopee,NV08,Đã giao
DH007005,KH0248,2024-12-28 05:24:00,Showroom,NV25,Trả hàng
DH011329,KH0442,2024-12-28 05:32:00,Đại lý,NV02,Đã giao
DH000913,KH0267,2024-12-28 09:07:00,TMĐT - Shopee,NV06,Đang xử lý
DH006265,KH0442,2024-12-28 10:02:00,Showroom,NV04,Đã giao
DH005215,KH0241,2024-12-28 13:17:00,TMĐT - Shopee,NV28,Đang xử lý
DH001981,KH0105,2024-12-28 14:10:00,TMĐT - Tiki,NV26,Đã giao
DH004713,KH0131,2024-12-28 14:28:00,Showroom,NV15,Đã hủy
DH007387,KH0156,2024-12-28 14:49:00,Đại lý,NV25,Mới
DH011681,KH0306,2024-12-28 15:25:00,TMĐT - Lazada,NV19,Đã giao
DH000252,KH0242,2024-12-28 16:07:00,Đại lý,NV27,Đã giao
DH001414,KH0420,2024-12-28 16:20:00,TMĐT - Shopee,NV29,Đã giao
DH003839,KH0262,2024-12-28 16:30:00,Showroom,NV14,Đang xử lý
DH000931,KH0089,2024-12-28 17:13:00,Đại lý,NV24,Đang xử lý
DH006059,KH0445,2024-12-28 18:28:00,Bán lẻ trực tiếp,NV23,Mới
DH008078,KH0051,2024-12-28 19:22:00,TMĐT - Tiki,NV01,Đã hủy
DH010454,KH0288,2024-12-28 20:19:00,TMĐT - Shopee,NV08,Đã giao
DH002349,KH0035,2024-12-28 20:40:00,Showroom,NV11,Đã giao
DH008354,KH0151,2024-12-28 22:15:00,Bán lẻ trực tiếp,NV26,Đã giao
DH009382,KH0228,2024-12-28 22:19:00,Bán lẻ trực tiếp,NV13,Đã hủy
DH009393,KH0262,2024-12-28 22:36:00,TMĐT - Lazada,NV10,Đã giao
DH010442,KH0105,2024-12-28 22:56:00,Đại lý,NV22,Đang xử lý
DH007248,KH0055,2024-12-29 00:44:00,Đại lý,NV29,Đã giao
DH000884,KH0412,2024-12-29 03:24:00,TMĐT - Shopee,NV07,Đã giao
DH002979,KH0268,2024-12-29 03:33:00,Đại lý,NV16,Đã giao
DH006377,KH0349,2024-12-29 05:20:00,Bán lẻ trực tiếp,NV27,Đã giao
DH001641,KH0246,2024-12-29 06:28:00,Đại lý,NV22,Đang xử lý
DH010168,KH0412,2024-12-29 06:46:00,Đại lý,NV15,Đã hủy
DH001256,KH0051,2024-12-29 08:22:00,Đại lý,NV08,Đang xử lý
DH001100,KH0193,2024-12-29 08:39:00,Đại lý,NV02,Đã giao
DH000632,KH0442,2024-12-29 10:47:00,Showroom,NV03,Đã giao
DH004151,KH0140,2024-12-29 12:40:00,TMĐT - Shopee,NV23,Đã giao
DH008485,KH0074,2024-12-29 12:48:00,TMĐT - Tiki,NV14,Đã hủy
DH003935,KH0362,2024-12-29 14:49:00,Showroom,NV04,Đã giao
DH002597,KH0236,2024-12-29 14:59:00,Bán lẻ trực tiếp,NV27,Đã giao
DH008901,KH0197,2024-12-29 15:27:00,Đại lý,NV26,Đã giao
DH010354,KH0241,2024-12-29 16:41:00,TMĐT - Shopee,NV19,Đã giao
DH000162,KH0227,2024-12-29 17:17:00,Showroom,NV02,Đã giao
DH010349,KH0193,2024-12-29 17:50:00,TMĐT - Lazada,NV02,Đã giao
DH011574,KH0433,2024-12-29 18:34:00,Đại lý,NV12,Đã giao
DH002340,KH0031,2024-12-29 19:18:00,TMĐT - Tiki,NV05,Đã giao
DH004692,KH0114,2024-12-29 21:16:00,TMĐT - Tiki,NV22,Đã giao
DH003103,KH0162,2024-12-30 01:01:00,TMĐT - Tiki,NV08,Đã giao
DH002402,KH0274,2024-12-30 02:57:00,TMĐT - Lazada,NV14,Đã giao
DH007340,KH0018,2024-12-30 04:05:00,Đại lý,NV30,Đã hủy
DH001310,KH0394,2024-12-30 04:44:00,TMĐT - Lazada,NV05,Đã giao
DH008423,KH0242,2024-12-30 04:49:00,TMĐT - Lazada,NV22,Đang xử lý
DH002171,KH0192,2024-12-30 07:19:00,Bán lẻ trực tiếp,NV18,Đã giao
DH011052,KH0402,2024-12-30 08:45:00,TMĐT - Shopee,NV23,Đã giao
DH010970,KH0196,2024-12-30 09:08:00,Đại lý,NV19,Đã giao
DH005104,KH0337,2024-12-30 10:58:00,TMĐT - Shopee,NV01,Đã giao
DH006970,KH0012,2024-12-30 11:19:00,TMĐT - Shopee,NV18,Đã giao
DH000294,KH0192,2024-12-30 11:25:00,TMĐT - Shopee,NV11,Đã giao
DH007864,KH0379,2024-12-30 11:36:00,Đại lý,NV10,Trả hàng
DH004462,KH0248,2024-12-30 12:02:00,Bán lẻ trực tiếp,NV27,Trả hàng
DH003019,KH0035,2024-12-30 12:04:00,TMĐT - Lazada,NV02,Đã giao
DH002628,KH0036,2024-12-30 13:06:00,Đại lý,NV11,Đã giao
DH002445,KH0095,2024-12-30 13:15:00,TMĐT - Lazada,NV29,Đã hủy
DH001059,KH0391,2024-12-30 14:52:00,TMĐT - Lazada,NV18,Đang xử lý
DH007912,KH0367,2024-12-30 15:28:00,Đại lý,NV09,Đã giao
DH005817,KH0442,2024-12-30 16:11:00,TMĐT - Shopee,NV21,Đã giao
DH011194,KH0442,2024-12-30 16:57:00,TMĐT - Lazada,NV27,Đã giao
DH004596,KH0248,2024-12-30 19:26:00,TMĐT - Shopee,NV23,Mới
DH007661,KH0359,2024-12-30 19:37:00,Đại lý,NV01,Đã giao
DH001240,KH0070,2024-12-30 19:54:00,TMĐT - Tiki,NV08,Đã giao
DH010464,KH0314,2024-12-30 20:31:00,TMĐT - Tiki,NV24,Đã hủy
DH002785,KH0442,2024-12-30 22:55:00,Bán lẻ trực tiếp,NV24,Đã giao
DH006946,KH0227,2024-12-30 23:15:00,Đại lý,NV15,Mới
DH007809,KH0306,2024-12-31 02:50:00,Showroom,NV30,Đã giao
DH008663,KH0221,2024-12-31 03:09:00,TMĐT - Tiki,NV16,Đã giao
DH005161,KH0447,2024-12-31 05:05:00,Bán lẻ trực tiếp,NV29,Đã giao
DH000530,KH0062,2024-12-31 06:48:00,TMĐT - Shopee,NV16,Đã giao
DH007839,KH0426,2024-12-31 06:58:00,TMĐT - Tiki,NV26,Đã giao
DH010760,KH0238,2024-12-31 07:31:00,Bán lẻ trực tiếp,NV02,Đã giao
DH004096,KH0447,2024-12-31 08:46:00,Bán lẻ trực tiếp,NV02,Đã giao
DH002583,KH0273,2024-12-31 09:10:00,TMĐT - Lazada,NV10,Đang xử lý
DH004515,KH0362,2024-12-31 10:03:00,Showroom,NV07,Đang xử lý
DH006294,KH0297,2024-12-31 11:50:00,Showroom,NV22,Đang xử lý
DH001144,KH0010,2024-12-31 12:05:00,Đại lý,NV20,Đã giao
DH011678,KH0380,2024-12-31 13:18:00,Bán lẻ trực tiếp,NV25,Đã giao
DH001089,KH0053,2024-12-31 17:02:00,TMĐT - Lazada,NV19,Đã giao
DH003943,KH0242,2024-12-31 20:19:00,TMĐT - Shopee,NV07,Đã giao
DH004618,KH0029,2024-12-31 20:20:00,Bán lẻ trực tiếp,NV21,Đã giao
DH007359,KH0249,2024-12-31 20:35:00,Showroom,NV07,Đã giao
DH009973,KH0237,2024-12-31 20:58:00,Showroom,NV13,Đã giao
DH002144,KH0070,2025-01-01 03:24:00,Showroom,NV02,Mới
DH004502,KH0262,2025-01-01 04:21:00,Showroom,NV18,Đã giao
DH007773,KH0306,2025-01-01 06:17:00,Đại lý,NV07,Đã giao
DH004982,KH0314,2025-01-01 08:44:00,TMĐT - Tiki,NV27,Đã giao
DH003453,KH0325,2025-01-01 08:44:00,Showroom,NV02,Đã giao
DH002760,KH0264,2025-01-01 09:01:00,Đại lý,NV20,Đang xử lý
DH007723,KH0442,2025-01-01 09:14:00,Bán lẻ trực tiếp,NV16,Đã giao
DH004886,KH0328,2025-01-01 09:49:00,Đại lý,NV21,Đã giao
DH005507,KH0262,2025-01-01 10:54:00,Bán lẻ trực tiếp,NV15,Đã giao
DH004047,KH0268,2025-01-01 12:36:00,TMĐT - Lazada,NV18,Đã giao
DH004668,KH0262,2025-01-01 13:50:00,Đại lý,NV25,Đã giao
DH000275,KH0103,2025-01-01 15:57:00,TMĐT - Tiki,NV11,Đã giao
DH009953,KH0275,2025-01-01 16:33:00,TMĐT - Shopee,NV02,Đã giao
DH006775,KH0158,2025-01-01 19:41:00,TMĐT - Tiki,NV09,Đã giao
DH002668,KH0365,2025-01-01 19:45:00,Bán lẻ trực tiếp,NV06,Mới
DH006869,KH0198,2025-01-01 20:34:00,Đại lý,NV24,Đã giao
DH007551,KH0406,2025-01-01 21:04:00,Bán lẻ trực tiếp,NV27,Đã giao
DH007261,KH0391,2025-01-01 21:23:00,TMĐT - Tiki,NV02,Đang xử lý
DH000702,KH0081,2025-01-01 23:34:00,TMĐT - Shopee,NV11,Đã giao
DH007308,KH0365,2025-01-02 04:32:00,TMĐT - Tiki,NV12,Đang xử lý
DH004450,KH0140,2025-01-02 06:06:00,TMĐT - Tiki,NV15,Đã giao
DH001640,KH0163,2025-01-02 06:14:00,Đại lý,NV16,Đã giao
DH003156,KH0044,2025-01-02 07:13:00,TMĐT - Shopee,NV19,Đã giao
DH009551,KH0314,2025-01-02 07:32:00,TMĐT - Lazada,NV09,Đã giao
DH000032,KH0031,2025-01-02 08:10:00,Showroom,NV27,Trả hàng
DH009538,KH0073,2025-01-02 09:00:00,Showroom,NV02,Đã giao
DH006544,KH0248,2025-01-02 13:28:00,TMĐT - Tiki,NV26,Đang xử lý
DH007162,KH0200,2025-01-02 15:06:00,TMĐT - Lazada,NV26,Đã giao
DH003294,KH0262,2025-01-02 18:33:00,TMĐT - Shopee,NV18,Mới
DH007459,KH0404,2025-01-02 20:52:00,TMĐT - Lazada,NV06,Đã giao
DH004825,KH0236,2025-01-02 20:53:00,Đại lý,NV23,Đã giao
DH011746,KH0051,2025-01-02 21:24:00,TMĐT - Lazada,NV28,Đã giao
DH008884,KH0293,2025-01-02 23:30:00,TMĐT - Lazada,NV20,Đã giao
DH003413,KH0281,2025-01-03 02:04:00,TMĐT - Lazada,NV03,Đã giao
DH007565,KH0051,2025-01-03 02:36:00,Đại lý,NV17,Đã giao
DH010353,KH0419,2025-01-03 03:25:00,Showroom,NV03,Đang xử lý
DH007055,KH0415,2025-01-03 04:26:00,TMĐT - Lazada,NV16,Đã giao
DH002525,KH0171,2025-01-03 04:36:00,TMĐT - Shopee,NV12,Đã giao
DH004298,KH0333,2025-01-03 06:05:00,Đại lý,NV18,Trả hàng
DH002738,KH0448,2025-01-03 06:42:00,Showroom,NV03,Đã giao
DH002456,KH0273,2025-01-03 07:04:00,TMĐT - Shopee,NV17,Đã giao
DH010462,KH0140,2025-01-03 07:35:00,TMĐT - Shopee,NV08,Đã giao
DH004971,KH0262,2025-01-03 08:28:00,TMĐT - Lazada,NV28,Đã giao
DH001683,KH0274,2025-01-03 10:54:00,TMĐT - Tiki,NV28,Đã giao
DH009679,KH0248,2025-01-03 11:12:00,TMĐT - Shopee,NV29,Đã giao
DH010008,KH0274,2025-01-03 11:37:00,Showroom,NV19,Đã giao
DH010130,KH0051,2025-01-03 14:00:00,TMĐT - Lazada,NV27,Đang xử lý
DH011844,KH0248,2025-01-03 16:41:00,Showroom,NV02,Đã giao
DH011482,KH0242,2025-01-03 17:07:00,Đại lý,NV19,Đã giao
DH000759,KH0293,2025-01-03 19:47:00,TMĐT - Shopee,NV24,Đã giao
DH004478,KH0413,2025-01-03 20:07:00,TMĐT - Tiki,NV28,Đã hủy
DH008303,KH0140,2025-01-03 20:21:00,Bán lẻ trực tiếp,NV28,Đã giao
DH000691,KH0422,2025-01-04 01:20:00,TMĐT - Shopee,NV23,Đã giao
DH000137,KH0439,2025-01-04 02:07:00,TMĐT - Lazada,NV02,Đã giao
DH003789,KH0201,2025-01-04 03:25:00,Bán lẻ trực tiếp,NV12,Đã giao
DH007263,KH0268,2025-01-04 03:32:00,Showroom,NV02,Đã giao
DH006524,KH0078,2025-01-04 04:53:00,Đại lý,NV16,Đã giao
DH011408,KH0257,2025-01-04 05:13:00,TMĐT - Shopee,NV07,Đã giao
DH007182,KH0325,2025-01-04 07:41:00,TMĐT - Lazada,NV17,Trả hàng
DH002984,KH0075,2025-01-04 09:25:00,Đại lý,NV28,Đã giao
DH010333,KH0265,2025-01-04 10:30:00,Bán lẻ trực tiếp,NV24,Đã giao
DH003275,KH0051,2025-01-04 10:57:00,Đại lý,NV14,Mới
DH008795,KH0391,2025-01-04 11:58:00,Showroom,NV27,Đã giao
DH002989,KH0275,2025-01-04 13:09:00,Showroom,NV16,Đã hủy
DH000170,KH0286,2025-01-04 13:11:00,Showroom,NV21,Đã giao
DH006426,KH0266,2025-01-04 14:04:00,TMĐT - Lazada,NV11,Đã giao
DH008158,KH0155,2025-01-04 14:07:00,TMĐT - Lazada,NV28,Đã giao
DH006135,KH0217,2025-01-04 14:30:00,TMĐT - Lazada,NV23,Đã hủy
DH010907,KH0303,2025-01-04 14:57:00,Showroom,NV23,Đã hủy
DH005144,KH0140,2025-01-04 17:34:00,Showroom,NV19,Đã giao
DH008970,KH0012,2025-01-04 18:53:00,Đại lý,NV16,Đã giao
DH004741,KH0315,2025-01-04 19:08:00,TMĐT - Lazada,NV30,Mới
DH003225,KH0351,2025-01-04 19:13:00,TMĐT - Lazada,NV07,Đã giao
DH000517,KH0315,2025-01-05 00:11:00,Showroom,NV17,Đã giao
DH011007,KH0151,2025-01-05 00:56:00,Bán lẻ trực tiếp,NV18,Đã giao
DH007319,KH0383,2025-01-05 02:43:00,TMĐT - Tiki,NV05,Đã giao
DH008480,KH0257,2025-01-05 03:06:00,TMĐT - Shopee,NV20,Đã giao
DH009260,KH0413,2025-01-05 03:44:00,TMĐT - Lazada,NV09,Đã giao
DH006953,KH0070,2025-01-05 06:20:00,Showroom,NV10,Đã giao
DH004098,KH0051,2025-01-05 07:11:00,Showroom,NV11,Đã giao
DH010622,KH0155,2025-01-05 09:07:00,TMĐT - Lazada,NV16,Đã giao
DH010722,KH0074,2025-01-05 12:52:00,Bán lẻ trực tiếp,NV16,Đã hủy
DH000586,KH0214,2025-01-05 14:46:00,Bán lẻ trực tiếp,NV19,Đã hủy
DH005930,KH0262,2025-01-05 16:34:00,Đại lý,NV05,Đang xử lý
DH010901,KH0140,2025-01-05 17:23:00,Showroom,NV12,Đã giao
DH010040,KH0054,2025-01-05 18:35:00,Showroom,NV02,Đã giao
DH004660,KH0248,2025-01-05 18:40:00,Bán lẻ trực tiếp,NV15,Đã giao
DH010502,KH0337,2025-01-05 20:23:00,Showroom,NV29,Đã giao
DH000360,KH0391,2025-01-05 20:51:00,Đại lý,NV03,Đã giao
DH003025,KH0163,2025-01-05 22:20:00,TMĐT - Tiki,NV18,Đã giao
DH008405,KH0183,2025-01-05 23:24:00,TMĐT - Tiki,NV16,Đã giao
DH006068,KH0002,2025-01-05 23:25:00,Bán lẻ trực tiếp,NV09,Đã giao
DH002468,KH0355,2025-01-06 00:25:00,Bán lẻ trực tiếp,NV12,Đã giao
DH000571,KH0404,2025-01-06 00:31:00,Bán lẻ trực tiếp,NV08,Đã giao
DH000390,KH0281,2025-01-06 01:44:00,TMĐT - Shopee,NV07,Đang xử lý
DH009631,KH0421,2025-01-06 01:51:00,Showroom,NV02,Đã giao
DH007681,KH0391,2025-01-06 03:55:00,TMĐT - Shopee,NV30,Đã giao
DH001932,KH0034,2025-01-06 06:16:00,Bán lẻ trực tiếp,NV15,Đã giao
DH008588,KH0074,2025-01-06 07:22:00,Showroom,NV16,Đã giao
DH005204,KH0391,2025-01-06 07:54:00,Bán lẻ trực tiếp,NV19,Đã giao
DH009734,KH0092,2025-01-06 08:10:00,Đại lý,NV26,Đã giao
DH003752,KH0442,2025-01-06 08:32:00,TMĐT - Tiki,NV26,Đã giao
DH001418,KH0306,2025-01-06 08:49:00,Bán lẻ trực tiếp,NV15,Đã giao
DH000076,KH0413,2025-01-06 10:04:00,Bán lẻ trực tiếp,NV30,Đã giao
DH009080,KH0438,2025-01-06 10:44:00,TMĐT - Lazada,NV09,Đã giao
DH007643,KH0012,2025-01-06 11:22:00,TMĐT - Shopee,NV29,Đã giao
DH007157,KH0442,2025-01-06 11:51:00,TMĐT - Shopee,NV24,Đã giao
DH004623,KH0017,2025-01-06 11:54:00,TMĐT - Tiki,NV15,Đã giao
DH010014,KH0351,2025-01-06 12:52:00,TMĐT - Shopee,NV22,Đã giao
DH007576,KH0309,2025-01-06 13:10:00,Đại lý,NV23,Đã giao
DH008134,KH0447,2025-01-06 13:49:00,Đại lý,NV25,Đã giao
DH007861,KH0421,2025-01-06 14:58:00,TMĐT - Lazada,NV22,Đã giao
DH011245,KH0424,2025-01-06 21:22:00,TMĐT - Tiki,NV14,Đã giao
DH005922,KH0144,2025-01-06 23:10:00,Đại lý,NV14,Đã giao
DH008359,KH0448,2025-01-07 00:41:00,TMĐT - Shopee,NV21,Đã giao
DH006461,KH0140,2025-01-07 01:18:00,Đại lý,NV19,Đã giao
DH005207,KH0403,2025-01-07 01:24:00,Bán lẻ trực tiếp,NV24,Đã giao
DH010226,KH0070,2025-01-07 01:44:00,TMĐT - Tiki,NV03,Mới
DH001138,KH0087,2025-01-07 01:51:00,TMĐT - Lazada,NV11,Đang xử lý
DH008407,KH0377,2025-01-07 05:11:00,Bán lẻ trực tiếp,NV21,Đã giao
DH006088,KH0262,2025-01-07 05:43:00,Đại lý,NV24,Trả hàng
DH004500,KH0367,2025-01-07 06:46:00,Showroom,NV12,Đã giao
DH009708,KH0248,2025-01-07 10:45:00,TMĐT - Tiki,NV29,Mới
DH003394,KH0127,2025-01-07 11:34:00,TMĐT - Lazada,NV17,Đã giao
DH010382,KH0063,2025-01-07 12:52:00,Bán lẻ trực tiếp,NV29,Đã hủy
DH010867,KH0419,2025-01-07 15:19:00,Đại lý,NV11,Đã giao
DH007113,KH0409,2025-01-07 17:19:00,Showroom,NV08,Đã giao
DH009123,KH0008,2025-01-07 17:39:00,Bán lẻ trực tiếp,NV06,Đang xử lý
DH003772,KH0391,2025-01-07 17:44:00,Bán lẻ trực tiếp,NV08,Đã giao
DH001121,KH0070,2025-01-07 18:00:00,TMĐT - Shopee,NV22,Đã giao
DH007571,KH0328,2025-01-07 18:20:00,Đại lý,NV03,Đã giao
DH002524,KH0155,2025-01-07 19:38:00,Showroom,NV22,Đã giao
DH000858,KH0151,2025-01-07 19:54:00,TMĐT - Tiki,NV04,Đã giao
DH001664,KH0315,2025-01-07 21:21:00,Showroom,NV24,Đang xử lý
DH010330,KH0262,2025-01-07 22:48:00,Đại lý,NV09,Đã hủy
DH007840,KH0140,2025-01-07 23:47:00,TMĐT - Tiki,NV27,Đã giao
DH002782,KH0314,2025-01-07 23:57:00,TMĐT - Shopee,NV03,Đã giao
DH007205,KH0250,2025-01-08 00:00:00,Bán lẻ trực tiếp,NV18,Mới
DH007690,KH0070,2025-01-08 00:02:00,Showroom,NV21,Đã giao
DH003401,KH0155,2025-01-08 00:02:00,Bán lẻ trực tiếp,NV04,Đã giao
DH011430,KH0306,2025-01-08 00:23:00,Bán lẻ trực tiếp,NV27,Đã giao
DH011317,KH0140,2025-01-08 02:56:00,Bán lẻ trực tiếp,NV03,Đã giao
DH004685,KH0250,2025-01-08 05:25:00,Showroom,NV02,Đã giao
DH003656,KH0442,2025-01-08 06:27:00,Bán lẻ trực tiếp,NV14,Đã giao
DH005152,KH0227,2025-01-08 07:14:00,TMĐT - Lazada,NV03,Đã giao
DH010597,KH0314,2025-01-08 07:28:00,Showroom,NV18,Trả hàng
DH011305,KH0070,2025-01-08 08:08:00,TMĐT - Lazada,NV30,Đã giao
DH002107,KH0023,2025-01-08 09:02:00,Showroom,NV04,Đã giao
DH002489,KH0391,2025-01-08 09:10:00,TMĐT - Tiki,NV09,Trả hàng
DH011106,KH0151,2025-01-08 10:36:00,TMĐT - Shopee,NV01,Đã giao
DH010317,KH0013,2025-01-08 12:54:00,Showroom,NV22,Đã giao
DH003117,KH0262,2025-01-08 13:47:00,TMĐT - Tiki,NV19,Đang xử lý
DH002986,KH0099,2025-01-08 17:16:00,Bán lẻ trực tiếp,NV19,Đang xử lý
DH004464,KH0008,2025-01-08 19:42:00,Bán lẻ trực tiếp,NV18,Đã giao
DH009736,KH0070,2025-01-08 19:59:00,Showroom,NV06,Đã giao
DH011053,KH0242,2025-01-08 20:28:00,TMĐT - Shopee,NV08,Đã giao
DH003407,KH0213,2025-01-08 20:49:00,TMĐT - Shopee,NV08,Đang xử lý
DH011200,KH0282,2025-01-08 23:27:00,TMĐT - Shopee,NV22,Đã giao
DH005681,KH0002,2025-01-09 00:58:00,Đại lý,NV28,Đã giao
DH000560,KH0199,2025-01-09 01:12:00,TMĐT - Shopee,NV08,Đã giao
DH009524,KH0412,2025-01-09 01:38:00,Showroom,NV28,Đã giao
DH011349,KH0077,2025-01-09 08:20:00,Showroom,NV23,Đã giao
DH010866,KH0396,2025-01-09 16:41:00,TMĐT - Shopee,NV12,Đã giao
DH008402,KH0362,2025-01-09 17:29:00,Đại lý,NV23,Đã giao
DH010362,KH0002,2025-01-09 17:39:00,TMĐT - Lazada,NV16,Đang xử lý
DH001156,KH0249,2025-01-09 18:38:00,Bán lẻ trực tiếp,NV18,Đã giao
DH009301,KH0035,2025-01-09 19:33:00,Đại lý,NV20,Đã giao
DH001231,KH0261,2025-01-09 20:26:00,Bán lẻ trực tiếp,NV15,Đã giao
DH002311,KH0220,2025-01-09 22:08:00,TMĐT - Shopee,NV16,Mới
DH004640,KH0413,2025-01-09 22:24:00,TMĐT - Lazada,NV30,Đã giao
DH011112,KH0262,2025-01-10 00:35:00,TMĐT - Shopee,NV27,Đã giao
DH006512,KH0199,2025-01-10 01:15:00,Showroom,NV03,Đã giao
DH002330,KH0406,2025-01-10 01:40:00,Đại lý,NV21,Đang xử lý
DH010113,KH0426,2025-01-10 02:24:00,Đại lý,NV07,Đã giao
DH002389,KH0036,2025-01-10 03:32:00,TMĐT - Tiki,NV08,Đã giao
DH008276,KH0402,2025-01-10 04:41:00,Bán lẻ trực tiếp,NV22,Đã giao
DH008365,KH0227,2025-01-10 06:37:00,TMĐT - Tiki,NV09,Đã hủy
DH004231,KH0002,2025-01-10 07:33:00,TMĐT - Tiki,NV25,Mới
DH002394,KH0280,2025-01-10 07:58:00,TMĐT - Shopee,NV01,Đã giao
DH010288,KH0325,2025-01-10 10:08:00,Đại lý,NV02,Đã giao
DH004268,KH0262,2025-01-10 13:51:00,TMĐT - Shopee,NV16,Đã giao
DH006467,KH0403,2025-01-10 16:06:00,TMĐT - Lazada,NV25,Đã giao
DH009946,KH0248,2025-01-10 17:27:00,TMĐT - Shopee,NV08,Đã giao
DH011915,KH0108,2025-01-10 17:48:00,TMĐT - Lazada,NV02,Đã giao
DH000271,KH0139,2025-01-10 18:15:00,TMĐT - Shopee,NV23,Đang xử lý
DH010346,KH0432,2025-01-10 18:30:00,Đại lý,NV26,Đã giao
DH006170,KH0446,2025-01-10 19:21:00,TMĐT - Lazada,NV05,Đã giao
DH001198,KH0071,2025-01-10 19:52:00,Bán lẻ trực tiếp,NV26,Đã giao
DH005120,KH0105,2025-01-10 20:15:00,TMĐT - Tiki,NV01,Đã giao
DH011756,KH0391,2025-01-10 20:58:00,Bán lẻ trực tiếp,NV19,Mới
DH011765,KH0126,2025-01-10 21:18:00,TMĐT - Tiki,NV24,Đã giao
DH003359,KH0355,2025-01-10 21:31:00,TMĐT - Shopee,NV04,Đã giao
DH011667,KH0089,2025-01-11 00:28:00,Showroom,NV07,Đã giao
DH005140,KH0201,2025-01-11 03:08:00,TMĐT - Tiki,NV22,Đã giao
DH008260,KH0447,2025-01-11 04:35:00,Bán lẻ trực tiếp,NV06,Trả hàng
DH008181,KH0428,2025-01-11 05:07:00,TMĐT - Lazada,NV10,Đã giao
DH003835,KH0243,2025-01-11 05:15:00,TMĐT - Lazada,NV13,Đã giao
DH000799,KH0405,2025-01-11 05:45:00,TMĐT - Tiki,NV25,Đã giao
DH007655,KH0035,2025-01-11 08:55:00,Showroom,NV03,Đã giao
DH011725,KH0391,2025-01-11 09:02:00,Đại lý,NV10,Đã giao
DH010432,KH0406,2025-01-11 09:35:00,TMĐT - Lazada,NV17,Đang xử lý
DH007683,KH0397,2025-01-11 09:57:00,TMĐT - Lazada,NV06,Đã giao
DH006309,KH0367,2025-01-11 10:04:00,Bán lẻ trực tiếp,NV17,Đã giao
DH000010,KH0402,2025-01-11 11:38:00,Bán lẻ trực tiếp,NV14,Đã giao
DH002736,KH0390,2025-01-11 13:50:00,Bán lẻ trực tiếp,NV15,Đã hủy
DH008015,KH0157,2025-01-11 14:13:00,TMĐT - Shopee,NV03,Đã giao
DH010542,KH0328,2025-01-11 14:59:00,Đại lý,NV04,Đã giao
DH001185,KH0428,2025-01-11 18:46:00,Đại lý,NV01,Đã giao
DH001620,KH0093,2025-01-11 19:27:00,Đại lý,NV23,Đã giao
DH000567,KH0402,2025-01-11 19:51:00,TMĐT - Lazada,NV18,Đã giao
DH003627,KH0070,2025-01-11 20:57:00,TMĐT - Tiki,NV12,Đã giao
DH006197,KH0192,2025-01-11 21:33:00,TMĐT - Shopee,NV20,Đã giao
DH003625,KH0193,2025-01-12 00:10:00,TMĐT - Shopee,NV29,Đã giao
DH007350,KH0413,2025-01-12 00:19:00,TMĐT - Tiki,NV27,Mới
DH000176,KH0200,2025-01-12 01:05:00,Bán lẻ trực tiếp,NV14,Đã giao
DH005208,KH0309,2025-01-12 01:48:00,TMĐT - Shopee,NV11,Đã giao
DH005680,KH0327,2025-01-12 03:02:00,Showroom,NV08,Đã giao
DH010969,KH0241,2025-01-12 04:10:00,TMĐT - Lazada,NV02,Đã giao
DH006484,KH0412,2025-01-12 04:49:00,TMĐT - Tiki,NV26,Đã giao
DH000849,KH0121,2025-01-12 05:00:00,TMĐT - Tiki,NV24,Đã giao
DH002673,KH0286,2025-01-12 05:15:00,TMĐT - Lazada,NV17,Đã giao
DH001275,KH0379,2025-01-12 05:46:00,TMĐT - Lazada,NV28,Đã giao
DH006842,KH0447,2025-01-12 08:32:00,Showroom,NV04,Đã giao
DH006328,KH0421,2025-01-12 09:13:00,Đại lý,NV04,Đã giao
DH001568,KH0087,2025-01-12 09:37:00,Showroom,NV15,Đã giao
DH002337,KH0419,2025-01-12 10:05:00,Đại lý,NV28,Đã hủy
DH003113,KH0003,2025-01-12 11:12:00,Bán lẻ trực tiếp,NV04,Đã giao
DH007185,KH0243,2025-01-12 11:48:00,Đại lý,NV03,Đã hủy
DH000928,KH0040,2025-01-12 13:12:00,TMĐT - Lazada,NV20,Đã giao
DH010632,KH0093,2025-01-12 14:03:00,TMĐT - Lazada,NV06,Đã giao
DH004015,KH0368,2025-01-12 14:47:00,Bán lẻ trực tiếp,NV08,Đã giao
DH008225,KH0002,2025-01-12 16:08:00,TMĐT - Tiki,NV04,Đang xử lý
DH008370,KH0105,2025-01-12 16:14:00,Bán lẻ trực tiếp,NV11,Mới
DH007258,KH0402,2025-01-12 16:50:00,Bán lẻ trực tiếp,NV16,Đã hủy
DH011981,KH0193,2025-01-12 18:14:00,Showroom,NV15,Đã giao
DH002487,KH0442,2025-01-12 19:49:00,Bán lẻ trực tiếp,NV03,Đã giao
DH001152,KH0055,2025-01-12 21:06:00,Đại lý,NV18,Đã giao
DH001352,KH0262,2025-01-12 21:33:00,TMĐT - Shopee,NV14,Đã giao
DH005115,KH0008,2025-01-12 22:34:00,Showroom,NV07,Đang xử lý
DH005049,KH0051,2025-01-13 00:23:00,TMĐT - Tiki,NV24,Đã giao
DH004832,KH0031,2025-01-13 00:32:00,Showroom,NV10,Đang xử lý
DH006453,KH0250,2025-01-13 03:08:00,TMĐT - Shopee,NV13,Trả hàng
DH000232,KH0012,2025-01-13 05:38:00,TMĐT - Lazada,NV11,Đã giao
DH008309,KH0297,2025-01-13 09:15:00,TMĐT - Shopee,NV06,Đã giao
DH001146,KH0446,2025-01-13 12:18:00,Đại lý,NV12,Đã giao
DH007413,KH0106,2025-01-13 12:19:00,TMĐT - Shopee,NV27,Đã giao
DH010159,KH0397,2025-01-13 13:26:00,Showroom,NV01,Đã giao
DH007989,KH0070,2025-01-13 15:31:00,Đại lý,NV22,Đã giao
DH009238,KH0001,2025-01-13 15:44:00,TMĐT - Shopee,NV03,Đã giao
DH001343,KH0419,2025-01-13 16:47:00,Showroom,NV04,Đang xử lý
DH000921,KH0321,2025-01-13 18:24:00,TMĐT - Tiki,NV08,Đã hủy
DH008766,KH0141,2025-01-13 21:30:00,Bán lẻ trực tiếp,NV03,Đã giao
DH005612,KH0262,2025-01-13 21:33:00,TMĐT - Tiki,NV19,Đã giao
DH008310,KH0155,2025-01-13 21:39:00,Bán lẻ trực tiếp,NV10,Đã giao
DH008620,KH0113,2025-01-13 23:02:00,TMĐT - Lazada,NV05,Đã giao
DH003698,KH0221,2025-01-14 01:19:00,Showroom,NV01,Đã giao
DH001543,KH0009,2025-01-14 02:06:00,TMĐT - Shopee,NV02,Đã giao
DH006029,KH0391,2025-01-14 03:43:00,Đại lý,NV30,Đang xử lý
DH007368,KH0397,2025-01-14 04:40:00,Bán lẻ trực tiếp,NV10,Đã giao
DH000735,KH0306,2025-01-14 04:53:00,TMĐT - Tiki,NV15,Đã giao
DH009415,KH0012,2025-01-14 05:12:00,TMĐT - Lazada,NV03,Đã giao
DH010235,KH0274,2025-01-14 05:40:00,TMĐT - Shopee,NV27,Trả hàng
DH011866,KH0262,2025-01-14 05:58:00,Bán lẻ trực tiếp,NV26,Đã giao
DH011442,KH0341,2025-01-14 06:46:00,Đại lý,NV01,Đã hủy
DH006092,KH0070,2025-01-14 07:52:00,TMĐT - Lazada,NV28,Mới
DH006786,KH0448,2025-01-14 08:10:00,TMĐT - Lazada,NV28,Đã giao
DH003272,KH0413,2025-01-14 11:08:00,Bán lẻ trực tiếp,NV27,Đã giao
DH000481,KH0326,2025-01-14 12:54:00,TMĐT - Lazada,NV06,Đã giao
DH011094,KH0122,2025-01-14 13:27:00,TMĐT - Shopee,NV25,Đã giao
DH006503,KH0184,2025-01-14 13:55:00,TMĐT - Tiki,NV18,Đã giao
DH005352,KH0397,2025-01-14 15:01:00,TMĐT - Lazada,NV30,Đã giao
DH001253,KH0278,2025-01-14 15:19:00,Showroom,NV14,Đã giao
DH010048,KH0092,2025-01-14 15:20:00,TMĐT - Shopee,NV26,Đã giao
DH006191,KH0035,2025-01-14 16:31:00,TMĐT - Tiki,NV16,Đã giao
DH009325,KH0056,2025-01-14 20:19:00,Showroom,NV19,Đã giao
DH005078,KH0447,2025-01-14 20:55:00,Bán lẻ trực tiếp,NV29,Đã giao
DH004720,KH0402,2025-01-14 21:57:00,Đại lý,NV28,Đã hủy
DH010800,KH0399,2025-01-15 00:13:00,Showroom,NV24,Đã giao
DH009023,KH0193,2025-01-15 02:44:00,TMĐT - Tiki,NV03,Đã giao
DH001071,KH0391,2025-01-15 07:23:00,Đại lý,NV04,Đang xử lý
DH010933,KH0442,2025-01-15 07:35:00,Showroom,NV09,Đã giao
DH003721,KH0087,2025-01-15 10:19:00,TMĐT - Lazada,NV13,Đã giao
DH011092,KH0053,2025-01-15 12:11:00,Đại lý,NV13,Đã giao
DH004318,KH0271,2025-01-15 13:35:00,Đại lý,NV20,Đã giao
DH008886,KH0391,2025-01-15 15:45:00,Bán lẻ trực tiếp,NV18,Đã giao
DH002878,KH0241,2025-01-15 15:47:00,Showroom,NV19,Đã giao
DH007135,KH0053,2025-01-15 16:24:00,Showroom,NV13,Đã giao
DH011095,KH0215,2025-01-15 16:53:00,Showroom,NV05,Đang xử lý
DH011072,KH0220,2025-01-15 19:32:00,Đại lý,NV05,Đã giao
DH001314,KH0241,2025-01-15 22:22:00,TMĐT - Shopee,NV15,Trả hàng
DH007642,KH0136,2025-01-15 23:00:00,TMĐT - Shopee,NV22,Đã giao
DH003247,KH0347,2025-01-15 23:56:00,Đại lý,NV06,Đã giao
DH001215,KH0070,2025-01-16 00:55:00,Đại lý,NV24,Đã giao
DH009572,KH0107,2025-01-16 01:38:00,TMĐT - Tiki,NV14,Đã giao
DH001364,KH0446,2025-01-16 01:47:00,TMĐT - Lazada,NV06,Đang xử lý
DH001114,KH0293,2025-01-16 03:54:00,TMĐT - Shopee,NV15,Đã hủy
DH007772,KH0103,2025-01-16 05:15:00,TMĐT - Lazada,NV16,Mới
DH004605,KH0234,2025-01-16 05:49:00,TMĐT - Lazada,NV12,Đang xử lý
DH001885,KH0035,2025-01-16 09:41:00,Đại lý,NV23,Đã giao
DH000682,KH0262,2025-01-16 11:18:00,TMĐT - Shopee,NV13,Đã giao
DH009350,KH0130,2025-01-16 12:25:00,TMĐT - Tiki,NV16,Đã giao
DH009424,KH0396,2025-01-16 12:35:00,Bán lẻ trực tiếp,NV09,Đã giao
DH008808,KH0409,2025-01-16 13:16:00,TMĐT - Tiki,NV05,Đã giao
DH002865,KH0116,2025-01-16 13:21:00,TMĐT - Tiki,NV03,Đã giao
DH005139,KH0282,2025-01-16 13:24:00,TMĐT - Shopee,NV27,Đã hủy
DH000411,KH0377,2025-01-16 13:49:00,Showroom,NV20,Trả hàng
DH000300,KH0239,2025-01-16 14:54:00,TMĐT - Tiki,NV16,Đã giao
DH005133,KH0137,2025-01-16 14:59:00,TMĐT - Shopee,NV23,Mới
DH001947,KH0178,2025-01-16 15:48:00,TMĐT - Tiki,NV17,Đã giao
DH006604,KH0012,2025-01-16 18:17:00,TMĐT - Shopee,NV05,Đã giao
DH004674,KH0070,2025-01-16 19:45:00,TMĐT - Tiki,NV08,Mới
DH001004,KH0390,2025-01-16 22:23:00,TMĐT - Shopee,NV01,Đã giao
DH005654,KH0177,2025-01-17 00:09:00,TMĐT - Lazada,NV21,Mới
DH004406,KH0248,2025-01-17 05:57:00,TMĐT - Tiki,NV30,Đã giao
DH003644,KH0406,2025-01-17 05:59:00,Đại lý,NV20,Đã giao
DH005103,KH0128,2025-01-17 07:20:00,Đại lý,NV28,Đã giao
DH000866,KH0056,2025-01-17 08:09:00,TMĐT - Tiki,NV06,Đã giao
DH005800,KH0367,2025-01-17 08:33:00,Đại lý,NV23,Đã hủy
DH011819,KH0114,2025-01-17 10:41:00,Đại lý,NV21,Đã giao
DH005291,KH0196,2025-01-17 11:01:00,Showroom,NV09,Đang xử lý
DH005541,KH0243,2025-01-17 11:04:00,TMĐT - Shopee,NV05,Đã giao
DH007672,KH0261,2025-01-17 13:08:00,Showroom,NV23,Đã giao
DH011688,KH0367,2025-01-17 14:13:00,Bán lẻ trực tiếp,NV21,Đã giao
DH000387,KH0367,2025-01-17 15:36:00,Bán lẻ trực tiếp,NV15,Đã hủy
DH000823,KH0114,2025-01-17 18:04:00,Đại lý,NV06,Đã giao
DH001122,KH0353,2025-01-17 18:11:00,TMĐT - Lazada,NV07,Đã giao
DH001345,KH0249,2025-01-17 18:12:00,TMĐT - Shopee,NV12,Đã giao
DH008810,KH0052,2025-01-17 18:50:00,Showroom,NV08,Đã hủy
DH006152,KH0248,2025-01-17 20:49:00,Showroom,NV10,Đã giao
DH000852,KH0439,2025-01-17 21:43:00,Đại lý,NV24,Đã giao
DH002461,KH0389,2025-01-17 22:19:00,TMĐT - Tiki,NV07,Đã giao
DH003737,KH0442,2025-01-17 23:05:00,TMĐT - Tiki,NV17,Đã hủy
DH007543,KH0008,2025-01-18 01:17:00,Bán lẻ trực tiếp,NV24,Đã giao
DH001272,KH0155,2025-01-18 01:32:00,Đại lý,NV23,Đã giao
DH011771,KH0391,2025-01-18 02:43:00,TMĐT - Tiki,NV29,Đang xử lý
DH007266,KH0056,2025-01-18 02:46:00,TMĐT - Shopee,NV21,Đã giao
DH001173,KH0220,2025-01-18 02:58:00,Bán lẻ trực tiếp,NV24,Đã hủy
DH011380,KH0070,2025-01-18 05:23:00,TMĐT - Shopee,NV18,Đã giao
DH003918,KH0063,2025-01-18 08:05:00,Bán lẻ trực tiếp,NV17,Đã giao
DH005116,KH0421,2025-01-18 10:13:00,TMĐT - Tiki,NV07,Đã giao
DH001318,KH0243,2025-01-18 10:24:00,Đại lý,NV19,Đã giao
DH010720,KH0198,2025-01-18 11:37:00,Bán lẻ trực tiếp,NV28,Đã giao
DH011559,KH0257,2025-01-18 12:14:00,TMĐT - Tiki,NV16,Đã giao
DH007277,KH0281,2025-01-18 12:38:00,TMĐT - Lazada,NV03,Đã giao
DH003489,KH0442,2025-01-18 14:21:00,Showroom,NV11,Đã giao
DH009387,KH0227,2025-01-18 14:50:00,TMĐT - Lazada,NV30,Đã giao
DH006736,KH0109,2025-01-18 17:58:00,Bán lẻ trực tiếp,NV08,Đã giao
DH006747,KH0148,2025-01-18 19:51:00,TMĐT - Shopee,NV12,Đã giao
DH008004,KH0107,2025-01-18 20:15:00,Showroom,NV04,Đã giao
DH001438,KH0419,2025-01-18 20:50:00,Bán lẻ trực tiếp,NV24,Đã giao
DH000920,KH0337,2025-01-19 00:20:00,TMĐT - Lazada,NV02,Đã giao
DH000620,KH0039,2025-01-19 00:29:00,TMĐT - Lazada,NV12,Đã giao
DH000998,KH0438,2025-01-19 01:31:00,Đại lý,NV03,Đã giao
DH004307,KH0056,2025-01-19 02:20:00,TMĐT - Tiki,NV29,Đang xử lý
DH000065,KH0177,2025-01-19 04:27:00,Bán lẻ trực tiếp,NV06,Đã giao
DH003253,KH0377,2025-01-19 04:59:00,Đại lý,NV06,Đã giao
DH010188,KH0065,2025-01-19 11:47:00,Đại lý,NV06,Đã giao
DH005808,KH0054,2025-01-19 12:46:00,Showroom,NV06,Đã giao
DH008685,KH0039,2025-01-19 13:34:00,TMĐT - Shopee,NV20,Đã giao
DH003584,KH0246,2025-01-19 14:05:00,TMĐT - Shopee,NV25,Đang xử lý
DH002081,KH0192,2025-01-19 15:17:00,TMĐT - Tiki,NV24,Đã giao
DH010003,KH0100,2025-01-19 16:04:00,Showroom,NV23,Đã giao
DH009833,KH0356,2025-01-19 16:45:00,TMĐT - Shopee,NV19,Đã giao
DH005445,KH0135,2025-01-19 17:18:00,TMĐT - Shopee,NV12,Đã giao
DH000485,KH0277,2025-01-19 17:59:00,Bán lẻ trực tiếp,NV22,Đã giao
DH006984,KH0391,2025-01-19 18:39:00,TMĐT - Tiki,NV12,Đã giao
DH009853,KH0406,2025-01-19 19:34:00,Showroom,NV04,Đã giao
DH009047,KH0108,2025-01-19 20:06:00,Bán lẻ trực tiếp,NV15,Đã giao
DH008626,KH0415,2025-01-20 02:21:00,Đại lý,NV08,Đã giao
DH001958,KH0315,2025-01-20 03:55:00,Showroom,NV26,Đã giao
DH007496,KH0179,2025-01-20 05:00:00,Showroom,NV14,Đã giao
DH011660,KH0092,2025-01-20 08:46:00,Bán lẻ trực tiếp,NV17,Trả hàng
DH003421,KH0352,2025-01-20 09:50:00,Showroom,NV02,Đang xử lý
DH011902,KH0391,2025-01-20 10:21:00,Bán lẻ trực tiếp,NV09,Đã giao
DH006049,KH0116,2025-01-20 10:52:00,Đại lý,NV29,Đã hủy
DH006826,KH0039,2025-01-20 11:28:00,TMĐT - Lazada,NV01,Đã giao
DH008027,KH0445,2025-01-20 13:27:00,Showroom,NV30,Đang xử lý
DH004687,KH0074,2025-01-20 13:32:00,TMĐT - Shopee,NV04,Đã giao
DH004351,KH0306,2025-01-20 15:27:00,TMĐT - Tiki,NV13,Đã giao
DH001460,KH0212,2025-01-20 16:51:00,TMĐT - Lazada,NV24,Đã giao
DH005651,KH0277,2025-01-20 18:51:00,TMĐT - Lazada,NV23,Đã giao
DH003277,KH0306,2025-01-20 19:06:00,TMĐT - Shopee,NV11,Đã giao
DH009293,KH0241,2025-01-20 22:01:00,Showroom,NV14,Đã giao
DH001084,KH0119,2025-01-20 22:47:00,Bán lẻ trực tiếp,NV15,Đã giao
DH010697,KH0204,2025-01-20 22:58:00,TMĐT - Lazada,NV28,Đang xử lý
DH005640,KH0391,2025-01-21 04:07:00,Đại lý,NV21,Đã giao
DH007485,KH0384,2025-01-21 05:36:00,Showroom,NV15,Đã giao
DH011034,KH0163,2025-01-21 06:24:00,TMĐT - Lazada,NV20,Đã giao
DH004267,KH0421,2025-01-21 10:06:00,TMĐT - Tiki,NV08,Đã giao
DH003800,KH0409,2025-01-21 10:32:00,Bán lẻ trực tiếp,NV15,Đang xử lý
DH003100,KH0054,2025-01-21 11:27:00,TMĐT - Lazada,NV13,Đang xử lý
DH011973,KH0367,2025-01-21 12:10:00,Đại lý,NV19,Đã giao
DH003506,KH0447,2025-01-21 12:21:00,Showroom,NV09,Đã giao
DH003692,KH0272,2025-01-21 12:51:00,Showroom,NV17,Đã giao
DH005280,KH0391,2025-01-21 13:04:00,Bán lẻ trực tiếp,NV07,Đã giao
DH001934,KH0155,2025-01-21 19:06:00,Showroom,NV17,Đã giao
DH004190,KH0412,2025-01-21 19:14:00,Đại lý,NV26,Đã giao
DH004219,KH0012,2025-01-21 19:30:00,TMĐT - Shopee,NV10,Đã giao
DH001147,KH0141,2025-01-21 20:09:00,Showroom,NV21,Đã giao
DH010116,KH0044,2025-01-21 23:16:00,Showroom,NV29,Đã giao
DH006436,KH0035,2025-01-21 23:32:00,TMĐT - Lazada,NV20,Đã hủy
DH003753,KH0271,2025-01-22 01:38:00,Showroom,NV29,Đã giao
DH011016,KH0229,2025-01-22 04:18:00,Bán lẻ trực tiếp,NV10,Đã giao
DH007298,KH0012,2025-01-22 04:47:00,TMĐT - Tiki,NV03,Đã giao
DH010815,KH0071,2025-01-22 04:54:00,TMĐT - Tiki,NV28,Đã giao
DH006143,KH0004,2025-01-22 05:11:00,Đại lý,NV30,Đang xử lý
DH010980,KH0391,2025-01-22 07:26:00,TMĐT - Shopee,NV13,Đã giao
DH002580,KH0285,2025-01-22 08:11:00,Bán lẻ trực tiếp,NV06,Đã giao
DH003159,KH0392,2025-01-22 09:02:00,Đại lý,NV22,Đang xử lý
DH011257,KH0002,2025-01-22 09:22:00,Showroom,NV22,Mới
DH000296,KH0173,2025-01-22 10:50:00,TMĐT - Lazada,NV24,Đã giao
DH002935,KH0113,2025-01-22 10:51:00,Showroom,NV04,Đã hủy
DH002523,KH0442,2025-01-22 12:15:00,TMĐT - Lazada,NV12,Đã hủy
DH009933,KH0306,2025-01-22 13:00:00,Bán lẻ trực tiếp,NV24,Đang xử lý
DH002256,KH0414,2025-01-22 13:12:00,TMĐT - Shopee,NV22,Đang xử lý
DH006660,KH0262,2025-01-22 13:35:00,TMĐT - Shopee,NV21,Đang xử lý
DH000850,KH0433,2025-01-22 15:43:00,Bán lẻ trực tiếp,NV18,Đã giao
DH003240,KH0155,2025-01-22 16:33:00,Showroom,NV20,Trả hàng
DH001549,KH0406,2025-01-22 19:00:00,TMĐT - Tiki,NV24,Đã giao
DH006447,KH0389,2025-01-22 22:29:00,Đại lý,NV12,Đã giao
DH011466,KH0165,2025-01-23 02:48:00,Đại lý,NV29,Đã giao
DH007516,KH0070,2025-01-23 02:54:00,TMĐT - Shopee,NV15,Đã giao
DH011942,KH0013,2025-01-23 03:57:00,Showroom,NV22,Đang xử lý
DH003269,KH0075,2025-01-23 05:04:00,TMĐT - Lazada,NV28,Đã giao
DH010471,KH0367,2025-01-23 07:05:00,TMĐT - Lazada,NV04,Mới
DH000803,KH0409,2025-01-23 07:19:00,Bán lẻ trực tiếp,NV15,Đã giao
DH010047,KH0140,2025-01-23 10:02:00,Showroom,NV28,Đã giao
DH005418,KH0102,2025-01-23 10:28:00,Bán lẻ trực tiếp,NV01,Đã giao
DH009905,KH0419,2025-01-23 10:46:00,Bán lẻ trực tiếp,NV29,Đã giao
DH004710,KH0119,2025-01-23 11:26:00,TMĐT - Shopee,NV23,Đã giao
DH008011,KH0002,2025-01-23 12:34:00,Đại lý,NV05,Đã giao
DH002578,KH0199,2025-01-23 14:55:00,Đại lý,NV25,Đang xử lý
DH000790,KH0306,2025-01-23 16:54:00,Showroom,NV06,Đã giao
DH011609,KH0309,2025-01-23 19:19:00,TMĐT - Lazada,NV14,Đã giao
DH001038,KH0108,2025-01-23 20:48:00,Showroom,NV18,Đang xử lý
DH005364,KH0117,2025-01-24 00:09:00,Đại lý,NV07,Đã giao
DH010523,KH0103,2025-01-24 03:07:00,TMĐT - Tiki,NV02,Đã giao
DH001115,KH0306,2025-01-24 04:07:00,TMĐT - Shopee,NV25,Mới
DH001874,KH0274,2025-01-24 05:16:00,TMĐT - Shopee,NV10,Đã giao
DH002549,KH0337,2025-01-24 07:44:00,Bán lẻ trực tiếp,NV20,Đã giao
DH000819,KH0192,2025-01-24 08:37:00,TMĐT - Shopee,NV19,Đã giao
DH000472,KH0166,2025-01-24 08:49:00,TMĐT - Lazada,NV27,Đã giao
DH003412,KH0116,2025-01-24 08:55:00,Đại lý,NV12,Đã giao
DH001967,KH0446,2025-01-24 10:43:00,Showroom,NV08,Đã giao
DH003088,KH0160,2025-01-24 10:59:00,Đại lý,NV15,Mới
DH007029,KH0162,2025-01-24 11:17:00,TMĐT - Lazada,NV08,Đang xử lý
DH005336,KH0445,2025-01-24 12:03:00,Bán lẻ trực tiếp,NV12,Đã giao
DH005176,KH0118,2025-01-24 12:54:00,Showroom,NV05,Đã giao
DH000614,KH0002,2025-01-24 13:13:00,Bán lẻ trực tiếp,NV03,Đã giao
DH008965,KH0140,2025-01-24 15:23:00,Đại lý,NV24,Đã giao
DH004705,KH0241,2025-01-24 15:23:00,Đại lý,NV29,Đã giao
DH007607,KH0248,2025-01-24 18:40:00,Bán lẻ trực tiếp,NV04,Đã giao
DH003764,KH0428,2025-01-24 22:38:00,TMĐT - Tiki,NV09,Đã giao
DH011270,KH0241,2025-01-24 23:10:00,TMĐT - Lazada,NV17,Đã giao
DH005119,KH0449,2025-01-24 23:56:00,Showroom,NV27,Đã giao
DH011750,KH0179,2025-01-25 02:54:00,Đại lý,NV14,Đã giao
DH008973,KH0155,2025-01-25 02:57:00,Showroom,NV25,Đã giao
DH011544,KH0447,2025-01-25 03:09:00,Bán lẻ trực tiếp,NV03,Đã giao
DH001868,KH0070,2025-01-25 04:52:00,Đại lý,NV03,Đã hủy
DH010587,KH0012,2025-01-25 08:11:00,Showroom,NV15,Đã giao
DH010684,KH0269,2025-01-25 11:46:00,Đại lý,NV28,Đã giao
DH005249,KH0140,2025-01-25 12:35:00,Đại lý,NV10,Đã giao
DH010078,KH0404,2025-01-25 12:52:00,TMĐT - Shopee,NV01,Đã giao
DH009764,KH0234,2025-01-25 13:40:00,Showroom,NV14,Đã giao
DH003803,KH0105,2025-01-25 14:18:00,TMĐT - Tiki,NV30,Đã giao
DH006789,KH0114,2025-01-25 14:21:00,TMĐT - Shopee,NV22,Đã giao
DH011429,KH0359,2025-01-25 14:34:00,TMĐT - Lazada,NV10,Đã giao
DH003960,KH0248,2025-01-25 16:30:00,Showroom,NV19,Đã giao
DH006820,KH0390,2025-01-25 17:00:00,TMĐT - Shopee,NV12,Đã giao
DH006285,KH0391,2025-01-25 18:32:00,Bán lẻ trực tiếp,NV16,Đã giao
DH004831,KH0248,2025-01-25 20:42:00,Đại lý,NV11,Đã giao
DH005982,KH0402,2025-01-25 21:18:00,Showroom,NV16,Đã giao
DH011423,KH0068,2025-01-25 21:32:00,TMĐT - Lazada,NV16,Đang xử lý
DH005774,KH0012,2025-01-25 23:51:00,TMĐT - Lazada,NV11,Đã giao
DH009776,KH0337,2025-01-26 01:21:00,TMĐT - Tiki,NV09,Đã giao
DH008449,KH0442,2025-01-26 03:31:00,TMĐT - Lazada,NV08,Đang xử lý
DH005977,KH0413,2025-01-26 05:25:00,Đại lý,NV16,Đã giao
DH009901,KH0282,2025-01-26 08:09:00,TMĐT - Lazada,NV27,Đã hủy
DH009160,KH0306,2025-01-26 08:38:00,Showroom,NV09,Đang xử lý
DH008836,KH0229,2025-01-26 08:48:00,Showroom,NV27,Đã giao
DH008827,KH0243,2025-01-26 09:27:00,TMĐT - Lazada,NV02,Đã hủy
DH004658,KH0070,2025-01-26 10:55:00,TMĐT - Lazada,NV26,Đã giao
DH006796,KH0187,2025-01-26 11:16:00,Đại lý,NV16,Đã giao
DH009787,KH0126,2025-01-26 11:32:00,TMĐT - Shopee,NV22,Đã giao
DH010630,KH0107,2025-01-26 12:00:00,Bán lẻ trực tiếp,NV28,Đã giao
DH002943,KH0183,2025-01-26 13:06:00,TMĐT - Lazada,NV14,Đã giao
DH003757,KH0119,2025-01-26 13:42:00,TMĐT - Tiki,NV19,Đã giao
DH000141,KH0447,2025-01-26 16:39:00,TMĐT - Tiki,NV29,Đang xử lý
DH001313,KH0227,2025-01-26 19:41:00,Đại lý,NV04,Đã giao
DH007797,KH0219,2025-01-26 21:30:00,TMĐT - Shopee,NV24,Đã giao
DH005524,KH0442,2025-01-27 00:20:00,Showroom,NV12,Đã giao
DH008452,KH0231,2025-01-27 00:29:00,TMĐT - Tiki,NV04,Đã hủy
DH006486,KH0391,2025-01-27 00:49:00,TMĐT - Tiki,NV17,Mới
DH009781,KH0347,2025-01-27 01:40:00,TMĐT - Tiki,NV19,Đã giao
DH001793,KH0280,2025-01-27 06:43:00,Đại lý,NV24,Trả hàng
DH001809,KH0056,2025-01-27 08:41:00,TMĐT - Lazada,NV26,Đã giao
DH011740,KH0447,2025-01-27 09:32:00,Showroom,NV07,Đã giao
DH006255,KH0276,2025-01-27 11:13:00,TMĐT - Lazada,NV26,Đã giao
DH011258,KH0010,2025-01-27 11:20:00,Showroom,NV20,Đã giao
DH010176,KH0397,2025-01-27 12:07:00,TMĐT - Tiki,NV22,Đã giao
DH002241,KH0116,2025-01-27 12:08:00,Showroom,NV01,Đã giao
DH004258,KH0114,2025-01-27 12:45:00,TMĐT - Tiki,NV11,Đã giao
DH002469,KH0248,2025-01-27 13:43:00,Showroom,NV06,Đã giao
DH002351,KH0140,2025-01-27 14:14:00,TMĐT - Lazada,NV03,Đã giao
DH008042,KH0141,2025-01-27 14:33:00,Đại lý,NV20,Đang xử lý
DH010629,KH0306,2025-01-27 15:36:00,TMĐT - Shopee,NV13,Đã giao
DH007052,KH0438,2025-01-27 16:11:00,Showroom,NV05,Đã giao
DH002982,KH0193,2025-01-27 16:28:00,TMĐT - Shopee,NV27,Đang xử lý
DH006634,KH0412,2025-01-27 17:32:00,Bán lẻ trực tiếp,NV11,Đã giao
DH006618,KH0140,2025-01-27 17:54:00,TMĐT - Tiki,NV02,Đã giao
DH000992,KH0248,2025-01-27 18:47:00,TMĐT - Tiki,NV29,Đang xử lý
DH007536,KH0127,2025-01-27 19:21:00,Bán lẻ trực tiếp,NV12,Đã giao
DH005515,KH0012,2025-01-27 21:59:00,Bán lẻ trực tiếp,NV21,Đã giao
DH008393,KH0368,2025-01-27 22:17:00,Đại lý,NV14,Đã giao
DH009308,KH0391,2025-01-27 23:04:00,Đại lý,NV06,Đã giao
DH008069,KH0048,2025-01-27 23:06:00,TMĐT - Lazada,NV26,Đã giao
DH010848,KH0070,2025-01-28 00:04:00,TMĐT - Shopee,NV25,Đã hủy
DH003514,KH0155,2025-01-28 00:20:00,TMĐT - Shopee,NV13,Đang xử lý
DH009718,KH0447,2025-01-28 00:51:00,Bán lẻ trực tiếp,NV06,Đang xử lý
DH006302,KH0272,2025-01-28 00:56:00,TMĐT - Shopee,NV30,Đã giao
DH003067,KH0306,2025-01-28 02:36:00,TMĐT - Shopee,NV15,Đã giao
DH006971,KH0227,2025-01-28 02:45:00,TMĐT - Tiki,NV30,Đã giao
DH002039,KH0008,2025-01-28 05:01:00,Showroom,NV04,Đã giao
DH004193,KH0035,2025-01-28 06:17:00,TMĐT - Shopee,NV04,Đã giao
DH003564,KH0421,2025-01-28 06:41:00,Đại lý,NV07,Đã giao
DH011813,KH0113,2025-01-28 08:47:00,Bán lẻ trực tiếp,NV20,Đã giao
DH010611,KH0135,2025-01-28 12:18:00,TMĐT - Shopee,NV07,Đang xử lý
DH008191,KH0246,2025-01-28 12:31:00,Bán lẻ trực tiếp,NV03,Đã giao
DH005021,KH0116,2025-01-28 15:14:00,Bán lẻ trực tiếp,NV25,Đã hủy
DH010816,KH0197,2025-01-28 16:27:00,Đại lý,NV15,Đã giao
DH006816,KH0314,2025-01-28 16:52:00,TMĐT - Shopee,NV17,Đang xử lý
DH009521,KH0283,2025-01-28 17:37:00,Showroom,NV04,Đã giao
DH007467,KH0193,2025-01-28 21:11:00,Showroom,NV02,Đã giao
DH006147,KH0117,2025-01-28 21:23:00,TMĐT - Tiki,NV25,Đã giao
DH010792,KH0043,2025-01-28 22:59:00,TMĐT - Lazada,NV10,Đã giao
DH004916,KH0034,2025-01-28 23:03:00,TMĐT - Lazada,NV16,Đã giao
DH010789,KH0418,2025-01-29 00:11:00,Showroom,NV26,Đã giao
DH006163,KH0248,2025-01-29 01:54:00,TMĐT - Lazada,NV08,Đã hủy
DH000114,KH0163,2025-01-29 01:56:00,TMĐT - Tiki,NV06,Đã giao
DH002867,KH0128,2025-01-29 02:10:00,Đại lý,NV12,Đã hủy
DH008555,KH0413,2025-01-29 02:20:00,Đại lý,NV13,Đã giao
DH000982,KH0147,2025-01-29 02:25:00,TMĐT - Shopee,NV04,Đã giao
DH004760,KH0336,2025-01-29 03:24:00,TMĐT - Tiki,NV13,Mới
DH002054,KH0227,2025-01-29 04:13:00,TMĐT - Tiki,NV02,Đã giao
DH008585,KH0367,2025-01-29 04:29:00,Đại lý,NV13,Đã giao
DH004016,KH0192,2025-01-29 06:11:00,TMĐT - Shopee,NV23,Đã giao
DH007656,KH0391,2025-01-29 09:47:00,Showroom,NV28,Đã giao
DH004921,KH0153,2025-01-29 11:46:00,TMĐT - Tiki,NV03,Đang xử lý
DH006138,KH0211,2025-01-29 12:33:00,Đại lý,NV16,Mới
DH009950,KH0076,2025-01-29 13:47:00,Showroom,NV21,Đã hủy
DH005010,KH0077,2025-01-29 14:18:00,Bán lẻ trực tiếp,NV13,Đã giao
DH009242,KH0420,2025-01-29 15:58:00,Bán lẻ trực tiếp,NV26,Đã giao
DH011672,KH0155,2025-01-29 16:51:00,Đại lý,NV06,Đã giao
DH003194,KH0128,2025-01-29 19:35:00,TMĐT - Shopee,NV27,Đã giao
DH011091,KH0322,2025-01-29 20:10:00,Bán lẻ trực tiếp,NV19,Đã giao
DH002718,KH0262,2025-01-29 22:17:00,TMĐT - Shopee,NV04,Đã giao
DH006709,KH0265,2025-01-29 23:15:00,Bán lẻ trực tiếp,NV25,Đã giao
DH002975,KH0365,2025-01-30 00:51:00,Showroom,NV13,Đang xử lý
DH002415,KH0325,2025-01-30 04:49:00,Bán lẻ trực tiếp,NV09,Đang xử lý
DH010614,KH0002,2025-01-30 05:20:00,TMĐT - Lazada,NV24,Đã hủy
DH003132,KH0442,2025-01-30 07:28:00,Bán lẻ trực tiếp,NV18,Đã giao
DH002141,KH0122,2025-01-30 10:49:00,TMĐT - Lazada,NV06,Đã giao
DH001082,KH0108,2025-01-30 11:38:00,TMĐT - Shopee,NV23,Đã giao
DH009675,KH0418,2025-01-30 12:01:00,TMĐT - Tiki,NV09,Đã giao
DH006780,KH0054,2025-01-30 12:24:00,TMĐT - Shopee,NV03,Đã giao
DH007227,KH0325,2025-01-30 13:32:00,Bán lẻ trực tiếp,NV08,Đã giao
DH001291,KH0054,2025-01-30 13:57:00,TMĐT - Lazada,NV02,Đã giao
DH010726,KH0127,2025-01-30 15:05:00,TMĐT - Lazada,NV27,Đã giao
DH004418,KH0035,2025-01-30 15:51:00,TMĐT - Tiki,NV15,Đã giao
DH009646,KH0249,2025-01-30 15:59:00,TMĐT - Lazada,NV13,Đã giao
DH002323,KH0258,2025-01-30 16:29:00,Đại lý,NV16,Đã giao
DH008611,KH0204,2025-01-30 20:27:00,TMĐT - Tiki,NV04,Đã giao
DH008210,KH0107,2025-01-30 21:45:00,Bán lẻ trực tiếp,NV10,Đã giao
DH005655,KH0044,2025-01-31 00:20:00,TMĐT - Lazada,NV16,Đã giao
DH003649,KH0198,2025-01-31 01:05:00,TMĐT - Lazada,NV27,Đã giao
DH011733,KH0199,2025-01-31 01:54:00,TMĐT - Lazada,NV22,Mới
DH004063,KH0342,2025-01-31 02:20:00,Showroom,NV09,Đang xử lý
DH003233,KH0424,2025-01-31 02:59:00,Bán lẻ trực tiếp,NV06,Đang xử lý
DH007012,KH0249,2025-01-31 03:29:00,TMĐT - Lazada,NV01,Đã giao
DH011292,KH0396,2025-01-31 06:17:00,Bán lẻ trực tiếp,NV26,Đang xử lý
DH004210,KH0391,2025-01-31 08:08:00,TMĐT - Lazada,NV28,Đã giao
DH008096,KH0389,2025-01-31 08:08:00,Đại lý,NV01,Đã giao
DH005429,KH0094,2025-01-31 08:58:00,Đại lý,NV10,Đã giao
DH008253,KH0276,2025-01-31 10:36:00,TMĐT - Lazada,NV22,Đã giao
DH002154,KH0113,2025-01-31 12:11:00,TMĐT - Shopee,NV22,Mới
DH010308,KH0353,2025-01-31 12:23:00,Đại lý,NV13,Đã giao
DH002895,KH0227,2025-01-31 12:40:00,TMĐT - Tiki,NV19,Đã giao
DH006240,KH0241,2025-01-31 12:54:00,TMĐT - Tiki,NV07,Đã giao
DH011269,KH0051,2025-01-31 13:46:00,Bán lẻ trực tiếp,NV02,Đã giao
DH002191,KH0403,2025-01-31 16:43:00,Bán lẻ trực tiếp,NV03,Đã giao
DH007606,KH0359,2025-01-31 16:43:00,TMĐT - Lazada,NV01,Đang xử lý
DH008226,KH0070,2025-01-31 16:47:00,Đại lý,NV21,Đã giao
DH001445,KH0306,2025-01-31 17:28:00,TMĐT - Lazada,NV06,Đang xử lý
DH007618,KH0009,2025-01-31 17:29:00,TMĐT - Shopee,NV18,Đã giao
DH007489,KH0197,2025-01-31 19:22:00,Bán lẻ trực tiếp,NV29,Đã giao
DH003140,KH0034,2025-01-31 19:31:00,Bán lẻ trực tiếp,NV21,Mới
DH001510,KH0248,2025-01-31 20:03:00,TMĐT - Shopee,NV06,Đã giao
DH001083,KH0004,2025-01-31 21:51:00,TMĐT - Lazada,NV13,Đã hủy
DH009396,KH0306,2025-01-31 22:25:00,Đại lý,NV21,Đã hủy
DH000270,KH0262,2025-01-31 22:51:00,TMĐT - Tiki,NV08,Đang xử lý
DH009138,KH0281,2025-02-01 00:36:00,TMĐT - Shopee,NV08,Đã giao
DH006637,KH0391,2025-02-01 02:34:00,Showroom,NV27,Đã giao
DH009988,KH0253,2025-02-01 04:56:00,TMĐT - Tiki,NV28,Đã giao
DH003829,KH0132,2025-02-01 06:36:00,Bán lẻ trực tiếp,NV24,Đã giao
DH004315,KH0257,2025-02-01 09:15:00,Đại lý,NV09,Đã giao
DH005198,KH0116,2025-02-01 15:27:00,TMĐT - Tiki,NV17,Đã giao
DH001881,KH0166,2025-02-01 16:46:00,Đại lý,NV29,Đã giao
DH007994,KH0243,2025-02-01 20:57:00,Đại lý,NV24,Đã giao
DH003820,KH0262,2025-02-01 23:38:00,Showroom,NV14,Đã giao
DH002778,KH0332,2025-02-02 00:08:00,TMĐT - Shopee,NV16,Đã giao
DH002872,KH0391,2025-02-02 00:36:00,TMĐT - Lazada,NV24,Đã giao
DH010228,KH0108,2025-02-02 01:06:00,TMĐT - Tiki,NV08,Đã giao
DH002153,KH0289,2025-02-02 05:20:00,TMĐT - Shopee,NV06,Đã hủy
DH008939,KH0102,2025-02-02 05:56:00,TMĐT - Lazada,NV28,Đã giao
DH009162,KH0413,2025-02-02 08:56:00,Bán lẻ trực tiếp,NV14,Đã giao
DH005070,KH0227,2025-02-02 13:02:00,TMĐT - Tiki,NV22,Đã giao
DH006056,KH0048,2025-02-02 14:26:00,TMĐT - Tiki,NV07,Đã giao
DH009075,KH0135,2025-02-02 16:21:00,TMĐT - Tiki,NV26,Đã hủy
DH011661,KH0274,2025-02-02 16:27:00,Đại lý,NV30,Đã giao
DH008148,KH0175,2025-02-02 16:54:00,Showroom,NV30,Đã giao
DH011625,KH0128,2025-02-02 16:58:00,TMĐT - Tiki,NV04,Đã giao
DH011382,KH0155,2025-02-02 17:47:00,TMĐT - Lazada,NV04,Đã giao
DH007632,KH0128,2025-02-02 18:47:00,Đại lý,NV21,Mới
DH009355,KH0353,2025-02-02 20:48:00,Showroom,NV13,Đã giao
DH008280,KH0262,2025-02-02 22:33:00,Bán lẻ trực tiếp,NV30,Mới
DH010534,KH0365,2025-02-03 01:46:00,Đại lý,NV27,Đã giao
DH003573,KH0365,2025-02-03 06:52:00,TMĐT - Lazada,NV09,Đã giao
DH000658,KH0380,2025-02-03 06:57:00,TMĐT - Tiki,NV18,Đang xử lý
DH005082,KH0385,2025-02-03 13:38:00,Đại lý,NV29,Mới
DH011445,KH0447,2025-02-03 14:26:00,Đại lý,NV11,Đang xử lý
DH001433,KH0070,2025-02-03 15:01:00,TMĐT - Lazada,NV09,Đã giao
DH007180,KH0006,2025-02-03 17:19:00,TMĐT - Lazada,NV19,Đã giao
DH010115,KH0340,2025-02-03 17:22:00,Showroom,NV07,Đã giao
DH005321,KH0005,2025-02-03 21:29:00,Showroom,NV17,Đã giao
DH009760,KH0391,2025-02-04 00:00:00,TMĐT - Shopee,NV27,Mới
DH011266,KH0087,2025-02-04 04:54:00,Showroom,NV04,Đã giao
DH000662,KH0337,2025-02-04 05:17:00,Showroom,NV16,Đã giao
DH006487,KH0248,2025-02-04 07:29:00,TMĐT - Shopee,NV24,Đang xử lý
DH005472,KH0179,2025-02-04 07:59:00,TMĐT - Tiki,NV14,Đã hủy
DH009530,KH0117,2025-02-04 10:57:00,TMĐT - Lazada,NV14,Đang xử lý
DH006105,KH0213,2025-02-04 13:17:00,Đại lý,NV08,Đã giao
DH007433,KH0192,2025-02-04 15:33:00,Đại lý,NV21,Đã giao
DH003031,KH0274,2025-02-04 15:59:00,Showroom,NV07,Đã giao
DH008077,KH0070,2025-02-04 18:56:00,Đại lý,NV21,Đã giao
DH000870,KH0249,2025-02-05 00:06:00,TMĐT - Shopee,NV25,Đã giao
DH008831,KH0248,2025-02-05 01:22:00,Bán lẻ trực tiếp,NV24,Đã giao
DH005818,KH0187,2025-02-05 02:03:00,TMĐT - Tiki,NV10,Đã giao
DH008700,KH0262,2025-02-05 03:45:00,Đại lý,NV03,Đang xử lý
DH001202,KH0106,2025-02-05 04:00:00,Showroom,NV13,Đã giao
DH000690,KH0266,2025-02-05 05:15:00,Showroom,NV01,Đã giao
DH006824,KH0262,2025-02-05 06:55:00,Showroom,NV24,Mới
DH006083,KH0148,2025-02-05 10:22:00,TMĐT - Lazada,NV30,Đã giao
DH011893,KH0314,2025-02-05 11:32:00,Bán lẻ trực tiếp,NV20,Đã giao
DH008735,KH0073,2025-02-05 14:38:00,Đại lý,NV16,Đã giao
DH002357,KH0442,2025-02-05 15:05:00,Showroom,NV29,Đã giao
DH000668,KH0314,2025-02-05 15:22:00,Showroom,NV20,Đã giao
DH004490,KH0114,2025-02-05 16:02:00,TMĐT - Lazada,NV20,Đã giao
DH002127,KH0035,2025-02-05 17:13:00,Bán lẻ trực tiếp,NV08,Đã giao
DH002427,KH0447,2025-02-05 20:58:00,TMĐT - Lazada,NV19,Đã giao
DH005276,KH0160,2025-02-05 20:59:00,Bán lẻ trực tiếp,NV30,Đang xử lý
DH010807,KH0274,2025-02-05 22:03:00,TMĐT - Tiki,NV01,Đã giao
DH008515,KH0325,2025-02-05 22:54:00,Đại lý,NV17,Đã giao
DH004002,KH0409,2025-02-05 23:04:00,TMĐT - Shopee,NV06,Đã giao
DH002991,KH0248,2025-02-05 23:42:00,Showroom,NV11,Đã giao
DH000165,KH0243,2025-02-06 04:03:00,TMĐT - Lazada,NV29,Đã giao
DH008622,KH0257,2025-02-06 04:28:00,Bán lẻ trực tiếp,NV27,Đã giao
DH004514,KH0442,2025-02-06 04:35:00,Bán lẻ trực tiếp,NV09,Đang xử lý
DH007767,KH0227,2025-02-06 08:41:00,Đại lý,NV04,Đã giao
DH009072,KH0012,2025-02-06 10:29:00,Bán lẻ trực tiếp,NV02,Trả hàng
DH011419,KH0274,2025-02-06 14:27:00,TMĐT - Shopee,NV12,Đã giao
DH006465,KH0242,2025-02-06 14:41:00,Showroom,NV03,Đã giao
DH004597,KH0141,2025-02-06 17:35:00,Đại lý,NV16,Đã giao
DH005570,KH0413,2025-02-06 18:35:00,TMĐT - Tiki,NV04,Đang xử lý
DH008757,KH0140,2025-02-06 20:16:00,Đại lý,NV04,Đã giao
DH011196,KH0062,2025-02-06 20:26:00,TMĐT - Tiki,NV13,Đã giao
DH010273,KH0152,2025-02-06 21:11:00,TMĐT - Tiki,NV25,Đã giao
DH011139,KH0012,2025-02-07 00:07:00,TMĐT - Lazada,NV07,Đã giao
DH004753,KH0447,2025-02-07 04:20:00,Bán lẻ trực tiếp,NV02,Đã giao
DH000641,KH0041,2025-02-07 04:21:00,TMĐT - Shopee,NV22,Đã giao
DH010285,KH0406,2025-02-07 05:15:00,TMĐT - Lazada,NV20,Đã giao
DH008413,KH0155,2025-02-07 05:26:00,Đại lý,NV10,Đang xử lý
DH009501,KH0248,2025-02-07 06:29:00,Đại lý,NV28,Đang xử lý
DH011032,KH0243,2025-02-07 07:20:00,Showroom,NV11,Đã giao
DH006221,KH0229,2025-02-07 17:57:00,Bán lẻ trực tiếp,NV20,Đã giao
DH000716,KH0155,2025-02-07 18:33:00,TMĐT - Lazada,NV26,Đã giao
DH000584,KH0056,2025-02-07 19:29:00,TMĐT - Shopee,NV16,Đã giao
DH007947,KH0442,2025-02-07 23:10:00,TMĐT - Tiki,NV23,Đã giao
DH007712,KH0075,2025-02-08 02:04:00,TMĐT - Lazada,NV02,Mới
DH004508,KH0044,2025-02-08 05:40:00,TMĐT - Tiki,NV15,Đang xử lý
DH003213,KH0442,2025-02-08 06:20:00,TMĐT - Tiki,NV20,Đã hủy
DH003761,KH0314,2025-02-08 07:01:00,Đại lý,NV14,Đã giao
DH007144,KH0215,2025-02-08 10:52:00,Showroom,NV02,Đã giao
DH008551,KH0051,2025-02-08 13:07:00,TMĐT - Lazada,NV13,Đã giao
DH011087,KH0391,2025-02-08 13:34:00,Bán lẻ trực tiếp,NV25,Đã giao
DH005962,KH0068,2025-02-08 15:55:00,Đại lý,NV28,Đã giao
DH007713,KH0306,2025-02-08 17:35:00,TMĐT - Lazada,NV14,Đã giao
DH005590,KH0108,2025-02-08 19:54:00,TMĐT - Shopee,NV16,Đã hủy
DH007328,KH0227,2025-02-08 23:34:00,Showroom,NV12,Đã giao
DH002495,KH0034,2025-02-09 02:36:00,Bán lẻ trực tiếp,NV16,Đã giao
DH000432,KH0446,2025-02-09 03:16:00,Bán lẻ trực tiếp,NV24,Đã hủy
DH002137,KH0365,2025-02-09 03:34:00,Đại lý,NV19,Đã giao
DH010508,KH0447,2025-02-09 03:53:00,Đại lý,NV06,Đã giao
DH001143,KH0135,2025-02-09 05:15:00,Đại lý,NV02,Đã giao
DH011167,KH0265,2025-02-09 09:25:00,Bán lẻ trực tiếp,NV06,Đã hủy
DH001665,KH0053,2025-02-09 09:47:00,TMĐT - Lazada,NV22,Đã giao
DH008514,KH0314,2025-02-09 13:11:00,Showroom,NV04,Đã giao
DH000099,KH0160,2025-02-09 13:14:00,TMĐT - Tiki,NV10,Đã giao
DH009430,KH0074,2025-02-09 16:11:00,Bán lẻ trực tiếp,NV16,Đã giao
DH001010,KH0323,2025-02-09 17:24:00,TMĐT - Lazada,NV03,Trả hàng
DH002280,KH0439,2025-02-09 19:06:00,TMĐT - Tiki,NV01,Đang xử lý
DH003083,KH0155,2025-02-09 20:01:00,Bán lẻ trực tiếp,NV17,Đã giao
DH010138,KH0183,2025-02-09 21:30:00,TMĐT - Tiki,NV23,Đã giao
DH004198,KH0070,2025-02-10 00:04:00,Bán lẻ trực tiếp,NV18,Đã hủy
DH009542,KH0155,2025-02-10 03:34:00,Showroom,NV19,Mới
DH011073,KH0151,2025-02-10 04:06:00,TMĐT - Tiki,NV07,Đã hủy
DH008776,KH0024,2025-02-10 04:24:00,TMĐT - Shopee,NV21,Đã giao
DH002044,KH0183,2025-02-10 09:44:00,TMĐT - Tiki,NV23,Đã giao
DH008328,KH0447,2025-02-10 13:53:00,TMĐT - Tiki,NV30,Đang xử lý
DH002916,KH0155,2025-02-10 18:07:00,Bán lẻ trực tiếp,NV18,Đã giao
DH003487,KH0253,2025-02-10 22:12:00,TMĐT - Tiki,NV29,Đang xử lý
DH003449,KH0070,2025-02-10 23:21:00,Bán lẻ trực tiếp,NV16,Đã giao
DH002596,KH0035,2025-02-11 00:09:00,TMĐT - Shopee,NV11,Đã giao
DH007847,KH0442,2025-02-11 00:17:00,TMĐT - Lazada,NV22,Đã giao
DH008521,KH0416,2025-02-11 00:56:00,Bán lẻ trực tiếp,NV23,Đang xử lý
DH008211,KH0262,2025-02-11 05:06:00,TMĐT - Shopee,NV29,Đã giao
DH005474,KH0407,2025-02-11 05:34:00,Showroom,NV28,Đã giao
DH007374,KH0325,2025-02-11 07:56:00,TMĐT - Shopee,NV14,Đã giao
DH003162,KH0390,2025-02-11 08:51:00,TMĐT - Tiki,NV03,Đã giao
DH004017,KH0070,2025-02-11 14:14:00,TMĐT - Lazada,NV05,Đã giao
DH010900,KH0365,2025-02-11 14:45:00,Showroom,NV24,Đã giao
DH003637,KH0239,2025-02-11 15:43:00,Bán lẻ trực tiếp,NV14,Đã giao
DH006948,KH0359,2025-02-11 20:15:00,Bán lẻ trực tiếp,NV29,Đã giao
DH011089,KH0421,2025-02-12 00:05:00,TMĐT - Lazada,NV04,Đã giao
DH008769,KH0002,2025-02-12 02:27:00,Đại lý,NV04,Đã giao
DH004110,KH0117,2025-02-12 03:50:00,TMĐT - Tiki,NV16,Đã giao
DH011148,KH0113,2025-02-12 04:11:00,Bán lẻ trực tiếp,NV02,Đã giao
DH003007,KH0076,2025-02-12 04:29:00,TMĐT - Tiki,NV11,Đã giao
DH007461,KH0368,2025-02-12 04:52:00,Bán lẻ trực tiếp,NV03,Đang xử lý
DH008124,KH0337,2025-02-12 06:06:00,Bán lẻ trực tiếp,NV22,Đã hủy
DH011307,KH0227,2025-02-12 14:24:00,TMĐT - Tiki,NV15,Mới
DH003900,KH0400,2025-02-12 15:29:00,TMĐT - Tiki,NV09,Đang xử lý
DH000864,KH0138,2025-02-12 15:42:00,TMĐT - Tiki,NV09,Đang xử lý
DH004345,KH0093,2025-02-12 15:55:00,TMĐT - Shopee,NV03,Đã giao
DH007900,KH0139,2025-02-12 17:09:00,Bán lẻ trực tiếp,NV27,Trả hàng
DH007709,KH0262,2025-02-12 17:19:00,Showroom,NV25,Đã giao
DH003611,KH0070,2025-02-12 20:51:00,Đại lý,NV06,Đã giao
DH007377,KH0326,2025-02-12 21:03:00,TMĐT - Shopee,NV26,Đã giao
DH001193,KH0080,2025-02-13 03:00:00,TMĐT - Lazada,NV22,Đã hủy
DH000907,KH0012,2025-02-13 03:27:00,TMĐT - Shopee,NV11,Đã giao
DH003157,KH0230,2025-02-13 05:42:00,TMĐT - Tiki,NV10,Đã giao
DH001519,KH0379,2025-02-13 06:21:00,TMĐT - Shopee,NV01,Đã giao
DH008305,KH0213,2025-02-13 07:37:00,TMĐT - Shopee,NV07,Đã giao
DH001713,KH0426,2025-02-13 09:13:00,TMĐT - Lazada,NV03,Đã giao
DH005910,KH0262,2025-02-13 11:39:00,TMĐT - Tiki,NV03,Đã giao
DH009607,KH0280,2025-02-13 13:08:00,Showroom,NV27,Đã giao
DH006738,KH0446,2025-02-13 14:53:00,Bán lẻ trực tiếp,NV06,Đã giao
DH007851,KH0227,2025-02-13 16:43:00,Showroom,NV09,Đã giao
DH004816,KH0447,2025-02-13 17:03:00,Đại lý,NV28,Đang xử lý
DH011451,KH0166,2025-02-13 17:47:00,TMĐT - Tiki,NV05,Đã giao
DH011177,KH0415,2025-02-13 20:27:00,TMĐT - Shopee,NV17,Đã giao
DH000060,KH0070,2025-02-13 21:08:00,Đại lý,NV22,Đã giao
DH010139,KH0368,2025-02-13 22:56:00,Showroom,NV02,Đã hủy
DH005965,KH0293,2025-02-14 01:13:00,TMĐT - Shopee,NV12,Đã giao
DH004051,KH0163,2025-02-14 04:16:00,TMĐT - Shopee,NV10,Đang xử lý
DH011742,KH0409,2025-02-14 07:33:00,Đại lý,NV16,Đã giao
DH008510,KH0002,2025-02-14 08:28:00,Showroom,NV01,Mới
DH005592,KH0396,2025-02-14 08:41:00,Đại lý,NV27,Đã giao
DH007692,KH0063,2025-02-14 09:24:00,TMĐT - Shopee,NV05,Đã giao
DH010254,KH0012,2025-02-14 10:41:00,Bán lẻ trực tiếp,NV30,Đang xử lý
DH000361,KH0013,2025-02-14 14:57:00,TMĐT - Shopee,NV23,Đã giao
DH006981,KH0035,2025-02-14 17:12:00,Showroom,NV17,Đã giao
DH002926,KH0299,2025-02-14 18:58:00,Bán lẻ trực tiếp,NV28,Đã giao
DH001028,KH0066,2025-02-14 19:46:00,Showroom,NV09,Đã giao
DH009466,KH0008,2025-02-14 19:51:00,Showroom,NV28,Đã giao
DH001434,KH0323,2025-02-14 20:14:00,TMĐT - Tiki,NV13,Đã giao
DH001587,KH0248,2025-02-15 01:31:00,Bán lẻ trực tiếp,NV21,Trả hàng
DH009020,KH0391,2025-02-15 10:39:00,Showroom,NV23,Đã giao
DH010194,KH0246,2025-02-15 12:54:00,Đại lý,NV18,Đã giao
DH011780,KH0151,2025-02-15 13:11:00,Bán lẻ trực tiếp,NV02,Đã giao
DH002723,KH0412,2025-02-15 13:38:00,TMĐT - Shopee,NV27,Đã giao
DH011843,KH0070,2025-02-15 13:59:00,TMĐT - Shopee,NV23,Đã giao
DH009735,KH0447,2025-02-15 15:58:00,TMĐT - Tiki,NV21,Đã giao
DH010650,KH0442,2025-02-15 17:59:00,Showroom,NV29,Mới
DH000619,KH0012,2025-02-15 18:47:00,TMĐT - Shopee,NV25,Đã giao
DH004737,KH0446,2025-02-16 00:19:00,Showroom,NV18,Đã giao
DH003484,KH0174,2025-02-16 00:20:00,Showroom,NV03,Đã giao
DH005567,KH0298,2025-02-16 01:30:00,TMĐT - Shopee,NV12,Đã giao
DH011262,KH0262,2025-02-16 05:34:00,TMĐT - Shopee,NV20,Mới
DH004981,KH0359,2025-02-16 10:22:00,Bán lẻ trực tiếp,NV03,Đã giao
DH008173,KH0120,2025-02-16 16:34:00,Bán lẻ trực tiếp,NV06,Đã giao
DH010224,KH0178,2025-02-16 20:27:00,Showroom,NV11,Đã giao
DH006858,KH0257,2025-02-16 21:39:00,Showroom,NV11,Đã giao
DH009155,KH0242,2025-02-16 21:57:00,Showroom,NV28,Đang xử lý
DH006809,KH0406,2025-02-16 22:42:00,Đại lý,NV13,Đã giao
DH000763,KH0242,2025-02-16 22:52:00,TMĐT - Shopee,NV28,Đã giao
DH004262,KH0160,2025-02-17 01:25:00,TMĐT - Tiki,NV21,Đã giao
DH004448,KH0241,2025-02-17 05:32:00,Showroom,NV23,Đã giao
DH010290,KH0397,2025-02-17 12:19:00,TMĐT - Shopee,NV11,Đã giao
DH000509,KH0365,2025-02-17 14:43:00,Showroom,NV24,Đã giao
DH011884,KH0306,2025-02-17 15:41:00,TMĐT - Tiki,NV01,Đã giao
DH002841,KH0155,2025-02-17 19:31:00,TMĐT - Shopee,NV28,Đã giao
DH011965,KH0337,2025-02-17 20:08:00,Đại lý,NV01,Đã giao
DH000673,KH0404,2025-02-17 20:21:00,Showroom,NV28,Đã giao
DH002026,KH0248,2025-02-17 22:07:00,TMĐT - Tiki,NV13,Đang xử lý
DH001192,KH0306,2025-02-18 00:00:00,TMĐT - Tiki,NV13,Mới
DH007094,KH0332,2025-02-18 02:13:00,TMĐT - Tiki,NV13,Đã hủy
DH006189,KH0421,2025-02-18 04:54:00,Đại lý,NV03,Đã giao
DH001709,KH0227,2025-02-18 05:02:00,Bán lẻ trực tiếp,NV30,Trả hàng
DH006209,KH0367,2025-02-18 05:49:00,TMĐT - Lazada,NV12,Đã hủy
DH011303,KH0189,2025-02-18 05:50:00,Đại lý,NV18,Đã giao
DH009038,KH0227,2025-02-18 08:20:00,TMĐT - Shopee,NV07,Đã giao
DH001223,KH0386,2025-02-18 09:02:00,TMĐT - Tiki,NV08,Đã giao
DH000915,KH0447,2025-02-18 10:02:00,TMĐT - Tiki,NV10,Đã giao
DH000143,KH0056,2025-02-18 12:02:00,TMĐT - Lazada,NV30,Đã giao
DH001720,KH0316,2025-02-18 13:30:00,Showroom,NV10,Đang xử lý
DH008361,KH0166,2025-02-18 17:07:00,TMĐT - Lazada,NV11,Đang xử lý
DH001436,KH0155,2025-02-18 18:43:00,TMĐT - Tiki,NV29,Đang xử lý
DH004192,KH0390,2025-02-18 19:27:00,Đại lý,NV09,Đang xử lý
DH001659,KH0292,2025-02-18 20:05:00,Showroom,NV12,Đã giao
DH001049,KH0447,2025-02-18 20:39:00,Đại lý,NV27,Đã giao
DH011917,KH0105,2025-02-18 22:48:00,Bán lẻ trực tiếp,NV28,Đã hủy
DH010343,KH0443,2025-02-19 00:26:00,Đại lý,NV18,Đã hủy
DH008208,KH0155,2025-02-19 00:34:00,TMĐT - Shopee,NV20,Đang xử lý
DH000007,KH0053,2025-02-19 02:07:00,Đại lý,NV08,Đã giao
DH004573,KH0246,2025-02-19 04:41:00,Showroom,NV19,Đã giao
DH002508,KH0409,2025-02-19 12:30:00,TMĐT - Tiki,NV25,Đã giao
DH005045,KH0314,2025-02-19 13:07:00,Bán lẻ trực tiếp,NV23,Đã hủy
DH005588,KH0306,2025-02-19 13:58:00,Đại lý,NV25,Đã giao
DH011320,KH0442,2025-02-19 15:30:00,Đại lý,NV23,Đã giao
DH007397,KH0241,2025-02-19 15:54:00,TMĐT - Shopee,NV12,Đã giao
DH003092,KH0352,2025-02-19 19:44:00,TMĐT - Lazada,NV08,Đã giao
DH008569,KH0243,2025-02-19 22:17:00,Bán lẻ trực tiếp,NV03,Đã giao
DH004424,KH0054,2025-02-19 22:34:00,TMĐT - Lazada,NV30,Đã hủy
DH006700,KH0413,2025-02-20 01:56:00,TMĐT - Shopee,NV16,Đã giao
DH011049,KH0127,2025-02-20 05:39:00,TMĐT - Lazada,NV30,Trả hàng
DH001466,KH0412,2025-02-20 10:01:00,TMĐT - Lazada,NV01,Đã giao
DH009477,KH0377,2025-02-20 13:26:00,TMĐT - Shopee,NV24,Đã hủy
DH004317,KH0347,2025-02-20 15:53:00,Đại lý,NV26,Trả hàng
DH005211,KH0098,2025-02-20 22:35:00,TMĐT - Tiki,NV28,Đã giao
DH006460,KH0442,2025-02-20 23:46:00,Đại lý,NV11,Đã hủy
DH003722,KH0253,2025-02-21 01:38:00,Đại lý,NV07,Mới
DH010059,KH0079,2025-02-21 01:43:00,Bán lẻ trực tiếp,NV24,Đã giao
DH005869,KH0228,2025-02-21 01:54:00,TMĐT - Lazada,NV24,Đã giao
DH008652,KH0412,2025-02-21 06:23:00,TMĐT - Lazada,NV23,Đã giao
DH000547,KH0044,2025-02-21 08:33:00,TMĐT - Shopee,NV22,Đã giao
DH001139,KH0077,2025-02-21 09:20:00,TMĐT - Tiki,NV28,Đã giao
DH002974,KH0230,2025-02-21 09:46:00,Showroom,NV12,Đã giao
DH000218,KH0119,2025-02-21 14:57:00,TMĐT - Shopee,NV17,Mới
DH009315,KH0405,2025-02-21 16:37:00,TMĐT - Lazada,NV12,Đã giao
DH007464,KH0183,2025-02-21 16:42:00,TMĐT - Lazada,NV07,Đã giao
DH010506,KH0261,2025-02-22 01:05:00,Bán lẻ trực tiếp,NV18,Đã giao
DH000276,KH0003,2025-02-22 01:06:00,TMĐT - Shopee,NV05,Đã hủy
DH005855,KH0035,2025-02-22 02:30:00,TMĐT - Lazada,NV11,Đã giao
DH006956,KH0305,2025-02-22 03:02:00,Bán lẻ trực tiếp,NV11,Đã giao
DH002504,KH0070,2025-02-22 03:21:00,Đại lý,NV16,Đã hủy
DH001191,KH0368,2025-02-22 03:27:00,Đại lý,NV17,Đã giao
DH005052,KH0205,2025-02-22 08:37:00,Đại lý,NV20,Đang xử lý
DH003186,KH0037,2025-02-22 10:53:00,TMĐT - Shopee,NV14,Đã giao
DH006346,KH0402,2025-02-22 14:11:00,Đại lý,NV16,Đã giao
DH003517,KH0058,2025-02-22 15:20:00,TMĐT - Tiki,NV17,Đã giao
DH007978,KH0049,2025-02-22 16:50:00,TMĐT - Lazada,NV11,Đang xử lý
DH005096,KH0353,2025-02-22 18:08:00,Showroom,NV01,Đã giao
DH005193,KH0002,2025-02-22 18:15:00,TMĐT - Lazada,NV15,Đã giao
DH003831,KH0271,2025-02-22 19:28:00,TMĐT - Lazada,NV26,Đã giao
DH005438,KH0044,2025-02-22 21:54:00,TMĐT - Shopee,NV25,Đã giao
DH006225,KH0242,2025-02-22 21:58:00,Showroom,NV23,Đã giao
DH002946,KH0045,2025-02-22 22:22:00,TMĐT - Lazada,NV16,Đã giao
DH004352,KH0218,2025-02-23 04:25:00,Bán lẻ trực tiếp,NV28,Đã giao
DH001467,KH0040,2025-02-23 04:41:00,TMĐT - Shopee,NV13,Đã giao
DH010882,KH0342,2025-02-23 06:30:00,TMĐT - Lazada,NV04,Đã giao
DH008615,KH0396,2025-02-23 11:00:00,Đại lý,NV11,Mới
DH005022,KH0070,2025-02-23 14:51:00,Bán lẻ trực tiếp,NV11,Đã giao
DH009822,KH0002,2025-02-23 17:51:00,Đại lý,NV01,Đã giao
DH011131,KH0079,2025-02-23 19:11:00,Bán lẻ trực tiếp,NV15,Đã giao
DH011133,KH0183,2025-02-23 20:11:00,TMĐT - Shopee,NV16,Đang xử lý
DH011224,KH0243,2025-02-23 22:40:00,TMĐT - Shopee,NV03,Mới
DH003538,KH0253,2025-02-24 00:12:00,TMĐT - Lazada,NV26,Mới
DH010932,KH0391,2025-02-24 00:40:00,Bán lẻ trực tiếp,NV02,Đã giao
DH005500,KH0070,2025-02-24 00:58:00,TMĐT - Lazada,NV01,Đã giao
DH011176,KH0035,2025-02-24 02:17:00,Bán lẻ trực tiếp,NV04,Đã giao
DH007090,KH0093,2025-02-24 02:39:00,TMĐT - Tiki,NV13,Đã giao
DH008519,KH0442,2025-02-24 04:55:00,Bán lẻ trực tiếp,NV18,Đã giao
DH001797,KH0193,2025-02-24 05:02:00,TMĐT - Lazada,NV11,Đã giao
DH008694,KH0092,2025-02-24 05:15:00,Showroom,NV09,Đã hủy
DH007830,KH0155,2025-02-24 08:15:00,TMĐT - Tiki,NV15,Đã giao
DH011553,KH0093,2025-02-24 08:53:00,Showroom,NV18,Đã giao
DH009256,KH0050,2025-02-24 10:51:00,Đại lý,NV01,Đã giao
DH007570,KH0070,2025-02-24 12:37:00,Đại lý,NV07,Đã giao
DH000952,KH0034,2025-02-24 14:17:00,TMĐT - Lazada,NV23,Đã giao
DH011284,KH0322,2025-02-24 15:03:00,Showroom,NV09,Đã giao
DH009769,KH0227,2025-02-24 16:44:00,TMĐT - Shopee,NV28,Đã giao
DH000392,KH0447,2025-02-24 18:16:00,Showroom,NV22,Đã giao
DH001497,KH0288,2025-02-24 18:43:00,TMĐT - Tiki,NV14,Đã hủy
DH010337,KH0296,2025-02-24 20:35:00,Bán lẻ trực tiếp,NV25,Đã giao
DH011875,KH0128,2025-02-24 23:32:00,Showroom,NV01,Mới
DH009184,KH0262,2025-02-25 04:26:00,Showroom,NV12,Đã giao
DH008675,KH0034,2025-02-25 06:34:00,Bán lẻ trực tiếp,NV06,Đã giao
DH011644,KH0155,2025-02-25 06:38:00,TMĐT - Tiki,NV06,Đã hủy
DH002740,KH0018,2025-02-25 10:07:00,Bán lẻ trực tiếp,NV23,Đã giao
DH001600,KH0248,2025-02-25 11:02:00,TMĐT - Lazada,NV23,Đã giao
DH009174,KH0328,2025-02-25 15:10:00,TMĐT - Lazada,NV15,Đã giao
DH009401,KH0442,2025-02-25 19:33:00,TMĐT - Shopee,NV06,Đã hủy
DH000284,KH0422,2025-02-25 21:51:00,Showroom,NV09,Đã giao
DH008346,KH0036,2025-02-25 21:55:00,TMĐT - Tiki,NV14,Đã giao
DH005656,KH0090,2025-02-25 22:49:00,Bán lẻ trực tiếp,NV19,Đã hủy
DH005575,KH0365,2025-02-26 00:30:00,TMĐT - Lazada,NV10,Đã hủy
DH002744,KH0178,2025-02-26 10:57:00,Bán lẻ trực tiếp,NV11,Đã giao
DH009077,KH0383,2025-02-26 11:47:00,TMĐT - Tiki,NV13,Đã giao
DH001019,KH0273,2025-02-26 20:26:00,Showroom,NV16,Đang xử lý
DH011165,KH0250,2025-02-26 22:05:00,TMĐT - Tiki,NV19,Đã hủy
DH000121,KH0070,2025-02-27 09:29:00,Bán lẻ trực tiếp,NV02,Đã giao
DH011235,KH0325,2025-02-27 10:12:00,Đại lý,NV12,Đã giao
DH002882,KH0068,2025-02-27 11:19:00,TMĐT - Shopee,NV26,Đã giao
DH007434,KH0026,2025-02-27 11:58:00,Đại lý,NV12,Mới
DH004049,KH0218,2025-02-27 12:01:00,TMĐT - Tiki,NV17,Mới
DH001478,KH0175,2025-02-27 12:52:00,Đại lý,NV20,Đang xử lý
DH008083,KH0125,2025-02-27 14:34:00,TMĐT - Shopee,NV30,Đã giao
DH003765,KH0035,2025-02-27 14:37:00,TMĐT - Lazada,NV28,Đã giao
DH009806,KH0218,2025-02-27 17:45:00,TMĐT - Shopee,NV03,Đã giao
DH006477,KH0364,2025-02-27 18:12:00,Showroom,NV15,Đã hủy
DH007490,KH0377,2025-02-27 21:43:00,TMĐT - Tiki,NV14,Đã giao
DH002794,KH0271,2025-02-28 04:48:00,TMĐT - Tiki,NV05,Đã giao
DH004301,KH0237,2025-02-28 08:09:00,TMĐT - Shopee,NV06,Đang xử lý
DH003972,KH0155,2025-02-28 09:23:00,TMĐT - Shopee,NV06,Đã giao
DH009472,KH0231,2025-02-28 11:25:00,TMĐT - Lazada,NV29,Đã giao
DH010183,KH0281,2025-02-28 12:52:00,TMĐT - Tiki,NV04,Đã giao
DH001367,KH0053,2025-02-28 13:07:00,TMĐT - Lazada,NV29,Đã giao
DH001512,KH0105,2025-02-28 13:17:00,TMĐT - Shopee,NV01,Đã giao
DH009969,KH0362,2025-02-28 14:12:00,TMĐT - Tiki,NV19,Đang xử lý
DH006555,KH0413,2025-02-28 16:43:00,TMĐT - Tiki,NV16,Đã giao
DH008156,KH0145,2025-02-28 16:46:00,Đại lý,NV24,Đã giao
DH009840,KH0138,2025-02-28 16:49:00,TMĐT - Shopee,NV08,Đã giao
DH008254,KH0391,2025-03-01 00:47:00,Đại lý,NV17,Đã giao
DH006434,KH0274,2025-03-01 02:19:00,Showroom,NV14,Đã hủy
DH005287,KH0151,2025-03-01 03:09:00,Showroom,NV08,Mới
DH010552,KH0197,2025-03-01 04:59:00,TMĐT - Shopee,NV06,Đã giao
DH005902,KH0002,2025-03-01 07:44:00,TMĐT - Lazada,NV22,Đã giao
DH008052,KH0364,2025-03-01 10:10:00,Đại lý,NV14,Đã giao
DH011398,KH0447,2025-03-01 11:08:00,TMĐT - Tiki,NV13,Đã giao
DH003436,KH0306,2025-03-01 12:49:00,Đại lý,NV24,Đã giao
DH000606,KH0051,2025-03-01 13:02:00,Bán lẻ trực tiếp,NV25,Trả hàng
DH005699,KH0246,2025-03-01 13:44:00,Đại lý,NV24,Đã giao
DH004360,KH0055,2025-03-01 19:03:00,Bán lẻ trực tiếp,NV04,Đã giao
DH000625,KH0386,2025-03-01 20:04:00,TMĐT - Shopee,NV05,Đã giao
DH001446,KH0070,2025-03-02 00:52:00,TMĐT - Tiki,NV10,Đang xử lý
DH003119,KH0054,2025-03-02 00:55:00,Bán lẻ trực tiếp,NV16,Đã giao
DH005536,KH0442,2025-03-02 03:03:00,Đại lý,NV07,Mới
DH003201,KH0193,2025-03-02 07:07:00,TMĐT - Shopee,NV29,Đang xử lý
DH010271,KH0280,2025-03-02 10:14:00,TMĐT - Lazada,NV13,Đã giao
DH000583,KH0054,2025-03-02 13:09:00,TMĐT - Tiki,NV09,Đã giao
DH007130,KH0135,2025-03-02 15:40:00,TMĐT - Lazada,NV20,Đã giao
DH009906,KH0413,2025-03-02 17:39:00,Đại lý,NV24,Đã hủy
DH003545,KH0293,2025-03-02 20:17:00,TMĐT - Lazada,NV07,Mới
DH000695,KH0352,2025-03-02 21:20:00,TMĐT - Shopee,NV21,Đã giao
DH007817,KH0049,2025-03-02 21:58:00,Đại lý,NV21,Đã giao
DH009016,KH0227,2025-03-03 00:24:00,TMĐT - Tiki,NV04,Đã giao
DH011907,KH0013,2025-03-03 05:35:00,Đại lý,NV05,Đã giao
DH000005,KH0199,2025-03-03 08:49:00,Đại lý,NV08,Đã giao
DH007251,KH0303,2025-03-03 11:53:00,Đại lý,NV30,Mới
DH005174,KH0008,2025-03-03 13:45:00,TMĐT - Shopee,NV25,Đã giao
DH004363,KH0262,2025-03-03 16:26:00,TMĐT - Shopee,NV02,Đã giao
DH001409,KH0447,2025-03-03 17:38:00,TMĐT - Tiki,NV29,Đã giao
DH010000,KH0051,2025-03-03 20:50:00,Đại lý,NV05,Đã hủy
DH010080,KH0008,2025-03-03 23:02:00,Bán lẻ trực tiếp,NV26,Đã giao
DH003259,KH0315,2025-03-04 02:26:00,Đại lý,NV30,Đã hủy
DH006763,KH0090,2025-03-04 02:30:00,Showroom,NV15,Đang xử lý
DH005485,KH0088,2025-03-04 09:19:00,Showroom,NV16,Đã giao
DH011127,KH0113,2025-03-04 09:33:00,TMĐT - Shopee,NV13,Đã giao
DH004779,KH0257,2025-03-04 09:46:00,Bán lẻ trực tiếp,NV26,Mới
DH002776,KH0304,2025-03-04 11:39:00,TMĐT - Shopee,NV15,Đã giao
DH010124,KH0063,2025-03-04 11:47:00,Đại lý,NV11,Mới
DH000289,KH0071,2025-03-04 14:19:00,TMĐT - Tiki,NV19,Đã giao
DH004022,KH0175,2025-03-04 20:26:00,Bán lẻ trực tiếp,NV03,Đã giao
DH009867,KH0155,2025-03-05 00:06:00,TMĐT - Shopee,NV04,Đang xử lý
DH010786,KH0051,2025-03-05 02:08:00,Bán lẻ trực tiếp,NV16,Đã giao
DH007353,KH0386,2025-03-05 05:24:00,Bán lẻ trực tiếp,NV01,Mới
DH000804,KH0198,2025-03-05 06:08:00,TMĐT - Lazada,NV13,Đã giao
DH009143,KH0126,2025-03-05 07:43:00,TMĐT - Tiki,NV01,Đã giao
DH006811,KH0161,2025-03-05 10:39:00,TMĐT - Lazada,NV20,Đã giao
DH010242,KH0305,2025-03-05 10:48:00,TMĐT - Shopee,NV28,Đã giao
DH000529,KH0360,2025-03-05 10:53:00,Bán lẻ trực tiếp,NV17,Đã giao
DH006094,KH0140,2025-03-05 14:31:00,Đại lý,NV25,Mới
DH000217,KH0306,2025-03-05 15:09:00,TMĐT - Lazada,NV28,Đã giao
DH003200,KH0035,2025-03-05 19:41:00,Showroom,NV11,Đã hủy
DH007750,KH0070,2025-03-05 19:50:00,TMĐT - Tiki,NV14,Đã giao
DH004179,KH0367,2025-03-05 21:14:00,TMĐT - Shopee,NV15,Đã giao
DH005048,KH0147,2025-03-05 23:44:00,TMĐT - Shopee,NV19,Đang xử lý
DH007810,KH0442,2025-03-06 03:08:00,Showroom,NV10,Đã giao
DH009410,KH0447,2025-03-06 05:26:00,Bán lẻ trực tiếp,NV17,Đã giao
DH001771,KH0259,2025-03-06 05:53:00,Showroom,NV29,Đã hủy
DH005864,KH0002,2025-03-06 08:21:00,TMĐT - Shopee,NV16,Đã giao
DH007721,KH0273,2025-03-06 08:26:00,TMĐT - Tiki,NV11,Đã giao
DH003941,KH0158,2025-03-06 10:32:00,Showroom,NV08,Đã giao
DH008888,KH0246,2025-03-06 13:54:00,Đại lý,NV25,Đã giao
DH007352,KH0394,2025-03-06 14:12:00,Bán lẻ trực tiếp,NV05,Đã giao
DH010193,KH0053,2025-03-06 15:43:00,TMĐT - Lazada,NV26,Đã giao
DH009274,KH0306,2025-03-06 16:53:00,Đại lý,NV15,Đã giao
DH011207,KH0388,2025-03-06 17:17:00,Showroom,NV14,Đã giao
DH007562,KH0227,2025-03-06 20:42:00,Đại lý,NV29,Đã giao
DH003540,KH0034,2025-03-07 00:37:00,Đại lý,NV29,Trả hàng
DH009237,KH0396,2025-03-07 00:52:00,Bán lẻ trực tiếp,NV19,Đã giao
DH007301,KH0447,2025-03-07 01:17:00,TMĐT - Shopee,NV11,Đã giao
DH005047,KH0089,2025-03-07 04:19:00,TMĐT - Shopee,NV06,Đang xử lý
DH006214,KH0230,2025-03-07 04:22:00,Showroom,NV16,Đã giao
DH001062,KH0280,2025-03-07 08:18:00,Showroom,NV08,Đã giao
DH010279,KH0113,2025-03-07 08:34:00,TMĐT - Tiki,NV09,Đã giao
DH003827,KH0242,2025-03-07 10:08:00,TMĐT - Shopee,NV24,Đã giao
DH008290,KH0397,2025-03-07 12:48:00,Showroom,NV02,Đã giao
DH005695,KH0227,2025-03-07 13:56:00,Bán lẻ trực tiếp,NV04,Đã giao
DH005608,KH0179,2025-03-07 14:09:00,Showroom,NV23,Đã giao
DH006895,KH0243,2025-03-07 14:45:00,TMĐT - Shopee,NV09,Đã hủy
DH006365,KH0227,2025-03-07 18:41:00,TMĐT - Lazada,NV13,Đã giao
DH007447,KH0350,2025-03-07 20:10:00,TMĐT - Shopee,NV02,Đã giao
DH007600,KH0323,2025-03-07 20:43:00,TMĐT - Tiki,NV26,Đã giao
DH008692,KH0391,2025-03-07 21:47:00,TMĐT - Lazada,NV29,Trả hàng
DH000757,KH0002,2025-03-08 00:07:00,TMĐT - Lazada,NV22,Mới
DH008627,KH0406,2025-03-08 00:23:00,Bán lẻ trực tiếp,NV03,Đã giao
DH006804,KH0248,2025-03-08 01:00:00,Đại lý,NV26,Đã giao
DH003443,KH0035,2025-03-08 02:09:00,Showroom,NV14,Đã giao
DH002017,KH0056,2025-03-08 03:25:00,TMĐT - Lazada,NV26,Trả hàng
DH010633,KH0257,2025-03-08 06:14:00,Đại lý,NV23,Đã giao
DH000090,KH0379,2025-03-08 07:43:00,Đại lý,NV27,Đã hủy
DH011175,KH0447,2025-03-08 08:21:00,Đại lý,NV12,Đã giao
DH011055,KH0262,2025-03-08 13:25:00,TMĐT - Lazada,NV21,Đã giao
DH006644,KH0179,2025-03-08 18:28:00,TMĐT - Tiki,NV26,Đã giao
DH004356,KH0249,2025-03-08 18:51:00,Showroom,NV15,Đã giao
DH001061,KH0151,2025-03-08 22:13:00,Đại lý,NV03,Đã giao
DH001829,KH0447,2025-03-08 23:27:00,Showroom,NV06,Đã giao
DH011949,KH0070,2025-03-08 23:51:00,Đại lý,NV05,Đã giao
DH008390,KH0095,2025-03-09 02:01:00,TMĐT - Tiki,NV26,Đã giao
DH006740,KH0268,2025-03-09 02:28:00,TMĐT - Shopee,NV05,Mới
DH008693,KH0204,2025-03-09 02:51:00,TMĐT - Lazada,NV16,Đã giao
DH005129,KH0446,2025-03-09 03:24:00,TMĐT - Shopee,NV29,Đã giao
DH000264,KH0249,2025-03-09 04:10:00,TMĐT - Tiki,NV30,Đã giao
DH003719,KH0051,2025-03-09 05:18:00,TMĐT - Shopee,NV07,Đã giao
DH004785,KH0325,2025-03-09 06:09:00,TMĐT - Shopee,NV02,Đã giao
DH000588,KH0242,2025-03-09 06:21:00,Showroom,NV26,Đã giao
DH002264,KH0257,2025-03-09 06:59:00,Đại lý,NV22,Mới
DH006890,KH0391,2025-03-09 08:27:00,TMĐT - Tiki,NV17,Đã giao
DH010612,KH0121,2025-03-09 09:29:00,TMĐT - Shopee,NV14,Đã giao
DH009917,KH0036,2025-03-09 10:09:00,TMĐT - Lazada,NV05,Đã giao
DH007247,KH0314,2025-03-09 14:29:00,Đại lý,NV25,Đang xử lý
DH003581,KH0184,2025-03-09 17:22:00,TMĐT - Tiki,NV08,Đã giao
DH011014,KH0137,2025-03-09 18:57:00,Showroom,NV13,Đã giao
DH001507,KH0140,2025-03-09 21:35:00,Đại lý,NV04,Đã giao
DH004599,KH0399,2025-03-09 22:54:00,Đại lý,NV27,Đã giao
DH003741,KH0037,2025-03-09 23:41:00,TMĐT - Shopee,NV07,Đã giao
DH010859,KH0262,2025-03-10 01:17:00,TMĐT - Tiki,NV06,Đã giao
DH002312,KH0117,2025-03-10 01:36:00,TMĐT - Lazada,NV19,Đã giao
DH004404,KH0044,2025-03-10 03:22:00,TMĐT - Lazada,NV28,Mới
DH009161,KH0199,2025-03-10 05:39:00,TMĐT - Tiki,NV11,Đã giao
DH001376,KH0341,2025-03-10 06:11:00,Bán lẻ trực tiếp,NV07,Đã giao
DH007344,KH0113,2025-03-10 08:19:00,TMĐT - Shopee,NV18,Đã giao
DH004805,KH0003,2025-03-10 10:36:00,TMĐT - Lazada,NV30,Đã giao
DH000943,KH0249,2025-03-10 13:42:00,Bán lẻ trực tiếp,NV10,Đã giao
DH011617,KH0367,2025-03-10 15:22:00,Bán lẻ trực tiếp,NV10,Đã giao
DH007898,KH0413,2025-03-10 16:42:00,Đại lý,NV14,Đã giao
DH004486,KH0143,2025-03-10 18:16:00,TMĐT - Lazada,NV19,Đã giao
DH002408,KH0052,2025-03-10 19:52:00,Đại lý,NV07,Mới
DH000040,KH0314,2025-03-10 20:24:00,Showroom,NV28,Đã giao
DH010895,KH0390,2025-03-11 00:21:00,TMĐT - Lazada,NV22,Đang xử lý
DH006033,KH0184,2025-03-11 03:16:00,Bán lẻ trực tiếp,NV23,Đã giao
DH007608,KH0205,2025-03-11 05:14:00,Bán lẻ trực tiếp,NV13,Đã giao
DH010393,KH0402,2025-03-11 07:38:00,Bán lẻ trực tiếp,NV16,Đã giao
DH000577,KH0063,2025-03-11 07:49:00,TMĐT - Tiki,NV01,Đã giao
DH000191,KH0368,2025-03-11 08:33:00,Bán lẻ trực tiếp,NV18,Đang xử lý
DH009690,KH0288,2025-03-11 09:28:00,Đại lý,NV06,Đã giao
DH004008,KH0445,2025-03-11 18:34:00,Đại lý,NV02,Mới
DH007237,KH0062,2025-03-11 18:55:00,TMĐT - Lazada,NV13,Đã hủy
DH000722,KH0035,2025-03-11 19:38:00,Showroom,NV04,Đã giao
DH001308,KH0213,2025-03-12 00:52:00,Showroom,NV10,Đã hủy
DH010492,KH0155,2025-03-12 03:37:00,Showroom,NV15,Đã giao
DH001688,KH0035,2025-03-12 04:36:00,TMĐT - Lazada,NV18,Mới
DH008296,KH0306,2025-03-12 07:51:00,TMĐT - Tiki,NV27,Đã giao
DH002274,KH0332,2025-03-12 08:22:00,Đại lý,NV02,Đã giao
DH002739,KH0119,2025-03-12 11:09:00,Showroom,NV05,Mới
DH010679,KH0080,2025-03-12 11:38:00,TMĐT - Shopee,NV02,Mới
DH004326,KH0413,2025-03-12 11:57:00,TMĐT - Shopee,NV24,Đã giao
DH010376,KH0332,2025-03-12 12:13:00,TMĐT - Shopee,NV09,Đã giao
DH000429,KH0370,2025-03-12 13:39:00,Đại lý,NV06,Đã giao
DH008765,KH0141,2025-03-12 14:16:00,TMĐT - Tiki,NV05,Đã giao
DH003010,KH0192,2025-03-12 16:54:00,Bán lẻ trực tiếp,NV29,Đã giao
DH000760,KH0404,2025-03-12 18:30:00,TMĐT - Shopee,NV17,Đã giao
DH000839,KH0273,2025-03-12 22:18:00,TMĐT - Lazada,NV15,Mới
DH010923,KH0155,2025-03-12 23:45:00,Đại lý,NV01,Đã giao
DH003824,KH0384,2025-03-12 23:55:00,TMĐT - Shopee,NV24,Đang xử lý
DH000495,KH0070,2025-03-13 03:40:00,TMĐT - Tiki,NV21,Đã giao
DH009794,KH0421,2025-03-13 06:51:00,Đại lý,NV22,Đã giao
DH005850,KH0070,2025-03-13 07:46:00,Bán lẻ trực tiếp,NV30,Mới
DH005739,KH0248,2025-03-13 09:24:00,TMĐT - Tiki,NV16,Đã giao
DH001087,KH0442,2025-03-13 09:25:00,TMĐT - Tiki,NV29,Đã giao
DH007230,KH0412,2025-03-13 12:28:00,TMĐT - Shopee,NV28,Đã hủy
DH009156,KH0382,2025-03-13 16:23:00,TMĐT - Shopee,NV26,Đã giao
DH010489,KH0306,2025-03-13 19:18:00,Bán lẻ trực tiếp,NV23,Đã giao
DH007544,KH0262,2025-03-13 21:50:00,TMĐT - Tiki,NV25,Đã giao
DH000304,KH0108,2025-03-13 22:50:00,Showroom,NV12,Đang xử lý
DH008167,KH0246,2025-03-14 02:55:00,TMĐT - Shopee,NV03,Đã giao
DH008623,KH0253,2025-03-14 07:54:00,Đại lý,NV29,Đã hủy
DH005217,KH0262,2025-03-14 09:10:00,Showroom,NV05,Đã giao
DH002931,KH0070,2025-03-14 12:57:00,TMĐT - Shopee,NV23,Đã giao
DH007109,KH0413,2025-03-14 14:12:00,Bán lẻ trực tiếp,NV02,Đã giao
DH007333,KH0051,2025-03-14 15:00:00,TMĐT - Tiki,NV27,Đã giao
DH003626,KH0141,2025-03-14 15:21:00,TMĐT - Shopee,NV08,Đã giao
DH010458,KH0194,2025-03-14 15:54:00,Bán lẻ trực tiếp,NV16,Đã giao
DH006532,KH0066,2025-03-14 17:14:00,Bán lẻ trực tiếp,NV05,Đã giao
DH004802,KH0155,2025-03-14 20:20:00,Đại lý,NV27,Đã giao
DH005931,KH0250,2025-03-14 23:02:00,Đại lý,NV26,Đã giao
DH005935,KH0249,2025-03-14 23:02:00,Bán lẻ trực tiếp,NV24,Đang xử lý
DH002420,KH0127,2025-03-14 23:17:00,Đại lý,NV17,Đã hủy
DH003634,KH0263,2025-03-14 23:25:00,Đại lý,NV06,Đã giao
DH003318,KH0227,2025-03-14 23:28:00,TMĐT - Shopee,NV22,Đã giao
DH006689,KH0093,2025-03-15 00:09:00,TMĐT - Shopee,NV08,Đã giao
DH008650,KH0344,2025-03-15 02:42:00,Đại lý,NV23,Trả hàng
DH006791,KH0241,2025-03-15 09:49:00,Đại lý,NV17,Mới
DH000592,KH0384,2025-03-15 14:26:00,Bán lẻ trực tiếp,NV26,Đã giao
DH001514,KH0148,2025-03-15 15:23:00,TMĐT - Lazada,NV24,Đang xử lý
DH002819,KH0012,2025-03-15 19:32:00,TMĐT - Shopee,NV19,Đã giao
DH003808,KH0175,2025-03-15 20:11:00,TMĐT - Lazada,NV29,Đã giao
DH007470,KH0140,2025-03-15 21:54:00,TMĐT - Lazada,NV06,Đã giao
DH006364,KH0264,2025-03-15 22:46:00,Đại lý,NV27,Đã giao
DH007033,KH0299,2025-03-16 01:20:00,TMĐT - Lazada,NV23,Đã giao
DH005777,KH0446,2025-03-16 03:28:00,Showroom,NV04,Đã giao
DH008946,KH0400,2025-03-16 05:34:00,TMĐT - Lazada,NV22,Đã giao
DH003448,KH0198,2025-03-16 08:26:00,TMĐT - Tiki,NV25,Đã hủy
DH001770,KH0070,2025-03-16 08:53:00,Bán lẻ trực tiếp,NV24,Đã giao
DH008065,KH0188,2025-03-16 09:42:00,Bán lẻ trực tiếp,NV20,Đã giao
DH010054,KH0412,2025-03-16 14:15:00,Đại lý,NV26,Đã giao
DH003886,KH0262,2025-03-16 19:57:00,TMĐT - Tiki,NV02,Đã giao
DH002690,KH0306,2025-03-16 20:04:00,TMĐT - Shopee,NV27,Đã giao
DH003283,KH0447,2025-03-16 22:08:00,TMĐT - Lazada,NV15,Đã giao
DH003553,KH0413,2025-03-16 23:55:00,Bán lẻ trực tiếp,NV25,Đã giao
DH006403,KH0280,2025-03-17 07:08:00,TMĐT - Shopee,NV30,Đã giao
DH009958,KH0249,2025-03-17 08:06:00,Showroom,NV24,Đã giao
DH000881,KH0442,2025-03-17 08:34:00,Đại lý,NV26,Đã giao
DH003069,KH0364,2025-03-17 09:06:00,TMĐT - Lazada,NV24,Đã giao
DH007971,KH0391,2025-03-17 10:40:00,Showroom,NV29,Đã giao
DH008351,KH0138,2025-03-17 14:48:00,Đại lý,NV02,Đã giao
DH000652,KH0070,2025-03-17 16:53:00,Showroom,NV06,Đã giao
DH008992,KH0127,2025-03-17 17:51:00,TMĐT - Tiki,NV08,Đã giao
DH001976,KH0177,2025-03-17 18:50:00,TMĐT - Lazada,NV21,Đã giao
DH000062,KH0391,2025-03-17 21:39:00,Đại lý,NV03,Mới
DH006355,KH0272,2025-03-17 21:47:00,Showroom,NV15,Đã giao
DH002170,KH0183,2025-03-17 22:56:00,Bán lẻ trực tiếp,NV12,Đã giao
DH008496,KH0391,2025-03-17 23:14:00,TMĐT - Lazada,NV26,Đã giao
DH010566,KH0248,2025-03-18 01:11:00,Showroom,NV09,Đã giao
DH002490,KH0141,2025-03-18 03:04:00,TMĐT - Tiki,NV05,Đang xử lý
DH005471,KH0230,2025-03-18 09:49:00,Đại lý,NV24,Đã giao
DH006028,KH0173,2025-03-18 15:51:00,Showroom,NV28,Đã giao
DH003946,KH0155,2025-03-18 16:19:00,TMĐT - Lazada,NV16,Đang xử lý
DH006695,KH0241,2025-03-18 17:08:00,TMĐT - Lazada,NV01,Đã giao
DH003801,KH0419,2025-03-18 17:25:00,TMĐT - Tiki,NV20,Đã giao
DH008032,KH0391,2025-03-18 19:29:00,TMĐT - Lazada,NV25,Đã giao
DH008206,KH0053,2025-03-18 19:35:00,Bán lẻ trực tiếp,NV14,Đã giao
DH001398,KH0128,2025-03-18 20:07:00,TMĐT - Tiki,NV04,Đã giao
DH001993,KH0108,2025-03-18 20:46:00,TMĐT - Lazada,NV03,Đã giao
DH005852,KH0105,2025-03-18 21:11:00,Showroom,NV07,Đã giao
DH000767,KH0151,2025-03-19 01:09:00,TMĐT - Lazada,NV07,Đã giao
DH002956,KH0135,2025-03-19 09:03:00,TMĐT - Lazada,NV10,Đã giao
DH002151,KH0433,2025-03-19 09:35:00,TMĐT - Shopee,NV06,Đã giao
DH003621,KH0253,2025-03-19 10:23:00,TMĐT - Tiki,NV09,Đã giao
DH009799,KH0385,2025-03-19 14:17:00,TMĐT - Shopee,NV20,Đã giao
DH011490,KH0070,2025-03-19 15:57:00,TMĐT - Shopee,NV16,Đã giao
DH006380,KH0242,2025-03-19 17:13:00,TMĐT - Lazada,NV09,Đã giao
DH010920,KH0314,2025-03-19 17:51:00,TMĐT - Lazada,NV10,Đã giao
DH000736,KH0236,2025-03-19 19:05:00,Showroom,NV21,Đã giao
DH002751,KH0367,2025-03-19 20:26:00,TMĐT - Lazada,NV26,Đã giao
DH003901,KH0243,2025-03-19 20:58:00,TMĐT - Tiki,NV24,Đã giao
DH000185,KH0102,2025-03-20 01:06:00,TMĐT - Shopee,NV12,Đã giao
DH000197,KH0070,2025-03-20 07:45:00,Đại lý,NV08,Đã giao
DH004931,KH0135,2025-03-20 08:56:00,TMĐT - Lazada,NV28,Đã giao
DH006629,KH0179,2025-03-20 16:56:00,Đại lý,NV29,Đã giao
DH007165,KH0070,2025-03-20 17:03:00,Đại lý,NV16,Đã giao
DH011953,KH0442,2025-03-20 18:06:00,Đại lý,NV07,Đã giao
DH011619,KH0044,2025-03-20 22:04:00,TMĐT - Tiki,NV10,Đã giao
DH005086,KH0187,2025-03-21 01:23:00,Bán lẻ trực tiếp,NV16,Đã giao
DH007345,KH0314,2025-03-21 01:28:00,Showroom,NV02,Đã giao
DH009052,KH0229,2025-03-21 04:16:00,Showroom,NV19,Đã giao
DH011592,KH0199,2025-03-21 05:47:00,Đại lý,NV02,Đã giao
DH010111,KH0442,2025-03-21 05:52:00,TMĐT - Shopee,NV03,Đã giao
DH004042,KH0227,2025-03-21 10:04:00,TMĐT - Lazada,NV13,Đã giao
DH011217,KH0121,2025-03-21 11:42:00,TMĐT - Shopee,NV13,Đã giao
DH007913,KH0412,2025-03-21 16:30:00,Đại lý,NV27,Đã giao
DH010544,KH0023,2025-03-21 16:37:00,Showroom,NV07,Đã giao
DH010739,KH0246,2025-03-21 16:54:00,Đại lý,NV01,Đã giao
DH007351,KH0243,2025-03-21 19:24:00,TMĐT - Tiki,NV14,Đang xử lý
DH011102,KH0053,2025-03-21 19:43:00,TMĐT - Lazada,NV05,Trả hàng
DH008021,KH0212,2025-03-21 20:00:00,TMĐT - Tiki,NV20,Đã giao
DH007158,KH0155,2025-03-21 21:43:00,TMĐT - Shopee,NV18,Đã giao
DH002284,KH0229,2025-03-22 00:43:00,Đại lý,NV10,Đã giao
DH000447,KH0049,2025-03-22 06:38:00,Đại lý,NV19,Mới
DH001076,KH0241,2025-03-22 06:45:00,Showroom,NV30,Đã giao
DH004347,KH0020,2025-03-22 11:04:00,TMĐT - Shopee,NV10,Đã giao
DH001952,KH0412,2025-03-22 12:24:00,Bán lẻ trực tiếp,NV20,Đã giao
DH011244,KH0428,2025-03-22 12:57:00,TMĐT - Shopee,NV01,Đã giao
DH004615,KH0228,2025-03-22 12:58:00,Bán lẻ trực tiếp,NV26,Đã giao
DH011339,KH0227,2025-03-22 14:27:00,TMĐT - Lazada,NV10,Đã giao
DH011486,KH0141,2025-03-22 14:33:00,Đại lý,NV06,Đã giao
DH011147,KH0262,2025-03-22 20:38:00,TMĐT - Shopee,NV17,Đã giao
DH003231,KH0215,2025-03-22 23:09:00,TMĐT - Tiki,NV14,Đã giao
DH006863,KH0113,2025-03-22 23:10:00,TMĐT - Lazada,NV27,Đã giao
DH005875,KH0243,2025-03-23 03:25:00,TMĐT - Shopee,NV27,Đã giao
DH009636,KH0342,2025-03-23 06:49:00,TMĐT - Lazada,NV23,Đã giao
DH000315,KH0347,2025-03-23 07:11:00,TMĐT - Tiki,NV02,Đã giao
DH007041,KH0012,2025-03-23 10:26:00,Đại lý,NV02,Đã giao
DH010255,KH0361,2025-03-23 10:58:00,Đại lý,NV03,Đã giao
DH007641,KH0239,2025-03-23 11:37:00,TMĐT - Shopee,NV29,Đã giao
DH008696,KH0246,2025-03-23 12:03:00,Showroom,NV12,Mới
DH001906,KH0295,2025-03-23 12:25:00,Đại lý,NV24,Đã giao
DH000138,KH0432,2025-03-23 14:40:00,Showroom,NV28,Đã giao
DH008740,KH0247,2025-03-23 16:07:00,Showroom,NV08,Đã hủy
DH002712,KH0215,2025-03-23 17:41:00,Bán lẻ trực tiếp,NV15,Đã giao
DH008399,KH0012,2025-03-23 19:19:00,TMĐT - Tiki,NV10,Đã giao
DH006805,KH0193,2025-03-23 21:27:00,TMĐT - Shopee,NV01,Đã giao
DH005564,KH0077,2025-03-24 01:08:00,TMĐT - Tiki,NV17,Đã giao
DH001957,KH0047,2025-03-24 04:01:00,Showroom,NV29,Đã giao
DH002460,KH0391,2025-03-24 04:47:00,Showroom,NV24,Đã giao
DH003284,KH0066,2025-03-24 05:46:00,Showroom,NV16,Đã giao
DH000602,KH0400,2025-03-24 07:15:00,Bán lẻ trực tiếp,NV18,Đã giao
DH010580,KH0397,2025-03-24 12:38:00,Đại lý,NV19,Đã giao
DH006372,KH0193,2025-03-24 13:51:00,TMĐT - Lazada,NV08,Đã giao
DH009907,KH0447,2025-03-24 17:14:00,Đại lý,NV02,Đã giao
DH009830,KH0013,2025-03-24 22:58:00,Bán lẻ trực tiếp,NV10,Đang xử lý
DH001905,KH0114,2025-03-25 02:41:00,Đại lý,NV05,Trả hàng
DH006528,KH0367,2025-03-25 03:51:00,Showroom,NV15,Đã giao
DH002507,KH0306,2025-03-25 04:01:00,Bán lẻ trực tiếp,NV04,Đã hủy
DH003948,KH0406,2025-03-25 05:31:00,Showroom,NV03,Đã giao
DH003675,KH0265,2025-03-25 07:23:00,Bán lẻ trực tiếp,NV06,Đã giao
DH003863,KH0122,2025-03-25 07:48:00,TMĐT - Tiki,NV10,Trả hàng
DH009507,KH0366,2025-03-25 08:31:00,TMĐT - Tiki,NV17,Đã giao
DH008807,KH0447,2025-03-25 08:58:00,Bán lẻ trực tiếp,NV24,Đã giao
DH001671,KH0362,2025-03-25 09:18:00,Showroom,NV09,Đã giao
DH010291,KH0155,2025-03-25 09:39:00,TMĐT - Shopee,NV09,Đã giao
DH005349,KH0257,2025-03-25 10:59:00,TMĐT - Lazada,NV12,Đã giao
DH001870,KH0367,2025-03-25 12:27:00,Đại lý,NV19,Đã giao
DH003750,KH0079,2025-03-25 13:17:00,Showroom,NV26,Đã giao
DH011062,KH0105,2025-03-25 14:57:00,TMĐT - Tiki,NV19,Đã giao
DH011568,KH0413,2025-03-25 15:38:00,TMĐT - Shopee,NV06,Đang xử lý
DH003173,KH0239,2025-03-25 16:16:00,Showroom,NV02,Đã giao
DH006703,KH0051,2025-03-25 16:28:00,TMĐT - Tiki,NV11,Đã giao
DH003118,KH0229,2025-03-25 17:36:00,Bán lẻ trực tiếp,NV13,Đã giao
DH010742,KH0203,2025-03-25 17:45:00,Showroom,NV11,Đã giao
DH001820,KH0183,2025-03-25 22:20:00,Showroom,NV06,Đã giao
DH006583,KH0135,2025-03-25 22:54:00,Đại lý,NV04,Đã giao
DH008168,KH0262,2025-03-26 02:44:00,TMĐT - Lazada,NV09,Đã giao
DH006072,KH0053,2025-03-26 02:47:00,TMĐT - Lazada,NV15,Đã giao
DH009239,KH0074,2025-03-26 03:35:00,Showroom,NV27,Đã giao
DH008457,KH0201,2025-03-26 04:11:00,TMĐT - Lazada,NV28,Đã giao
DH003980,KH0074,2025-03-26 04:29:00,Đại lý,NV18,Đang xử lý
DH004915,KH0227,2025-03-26 07:45:00,Showroom,NV18,Đang xử lý
DH006037,KH0438,2025-03-26 09:54:00,TMĐT - Lazada,NV19,Đã giao
DH005911,KH0409,2025-03-26 11:08:00,Đại lý,NV22,Đã giao
DH005510,KH0155,2025-03-26 12:13:00,Bán lẻ trực tiếp,NV06,Đã giao
DH005981,KH0046,2025-03-26 12:55:00,Đại lý,NV01,Đang xử lý
DH006563,KH0026,2025-03-26 14:59:00,TMĐT - Tiki,NV28,Đang xử lý
DH008289,KH0274,2025-03-26 16:31:00,TMĐT - Tiki,NV24,Mới
DH007868,KH0412,2025-03-26 19:08:00,TMĐT - Shopee,NV12,Mới
DH007314,KH0113,2025-03-26 19:14:00,TMĐT - Tiki,NV22,Đã giao
DH003316,KH0438,2025-03-27 00:23:00,TMĐT - Lazada,NV06,Đã giao
DH000417,KH0274,2025-03-27 03:03:00,TMĐT - Shopee,NV30,Đã giao
DH008742,KH0309,2025-03-27 04:08:00,Showroom,NV10,Đã giao
DH007625,KH0367,2025-03-27 06:24:00,Bán lẻ trực tiếp,NV17,Đã giao
DH005069,KH0016,2025-03-27 08:26:00,Đại lý,NV18,Đã giao
DH011100,KH0012,2025-03-27 10:10:00,Bán lẻ trực tiếp,NV23,Đã giao
DH011135,KH0447,2025-03-27 15:22:00,Bán lẻ trực tiếp,NV17,Đã giao
DH009513,KH0191,2025-03-27 15:26:00,TMĐT - Lazada,NV05,Đã giao
DH011793,KH0447,2025-03-27 16:45:00,TMĐT - Lazada,NV27,Đã giao
DH010768,KH0438,2025-03-27 18:18:00,TMĐT - Lazada,NV14,Đã giao
DH008415,KH0155,2025-03-27 19:03:00,TMĐT - Tiki,NV14,Đang xử lý
DH001208,KH0247,2025-03-27 20:54:00,TMĐT - Lazada,NV22,Đã giao
DH001796,KH0095,2025-03-27 21:10:00,Đại lý,NV05,Đã giao
DH004248,KH0183,2025-03-27 22:31:00,TMĐT - Tiki,NV22,Đã giao
DH004584,KH0044,2025-03-28 01:21:00,Đại lý,NV11,Mới
DH001871,KH0306,2025-03-28 02:48:00,Showroom,NV23,Đã giao
DH005546,KH0388,2025-03-28 04:59:00,TMĐT - Lazada,NV25,Mới
DH011319,KH0368,2025-03-28 05:42:00,TMĐT - Lazada,NV17,Đã giao
DH007509,KH0018,2025-03-28 06:24:00,TMĐT - Tiki,NV19,Đã giao
DH009029,KH0249,2025-03-28 16:40:00,Đại lý,NV08,Đã giao
DH009406,KH0139,2025-03-28 21:57:00,Bán lẻ trực tiếp,NV22,Đã giao
DH007932,KH0332,2025-03-28 22:55:00,TMĐT - Tiki,NV24,Đã giao
DH006202,KH0044,2025-03-29 00:42:00,TMĐT - Lazada,NV23,Đã giao
DH004147,KH0420,2025-03-29 04:20:00,Showroom,NV23,Đã giao
DH010057,KH0183,2025-03-29 06:06:00,TMĐT - Shopee,NV06,Đang xử lý
DH003600,KH0442,2025-03-29 06:11:00,Đại lý,NV30,Đã giao
DH003262,KH0081,2025-03-29 06:57:00,TMĐT - Lazada,NV03,Đã giao
DH000659,KH0306,2025-03-29 14:05:00,TMĐT - Shopee,NV20,Đang xử lý
DH002898,KH0306,2025-03-29 14:56:00,Showroom,NV03,Đã giao
DH005411,KH0227,2025-03-29 15:41:00,TMĐT - Shopee,NV30,Đã giao
DH006098,KH0116,2025-03-29 21:34:00,Bán lẻ trực tiếp,NV23,Đã giao
DH007095,KH0306,2025-03-29 23:49:00,Showroom,NV10,Đã giao
DH005489,KH0067,2025-03-30 00:15:00,Showroom,NV05,Đã giao
DH007693,KH0116,2025-03-30 02:09:00,TMĐT - Tiki,NV05,Đang xử lý
DH003667,KH0271,2025-03-30 04:25:00,Showroom,NV05,Đã giao
DH006925,KH0054,2025-03-30 05:56:00,Bán lẻ trực tiếp,NV12,Đã giao
DH004458,KH0122,2025-03-30 09:00:00,TMĐT - Shopee,NV16,Đã giao
DH007315,KH0220,2025-03-30 14:29:00,TMĐT - Tiki,NV22,Đã giao
DH011180,KH0447,2025-03-30 16:12:00,TMĐT - Lazada,NV13,Đã giao
DH009448,KH0274,2025-03-30 18:04:00,Showroom,NV30,Đã giao
DH005698,KH0071,2025-03-30 18:17:00,TMĐT - Lazada,NV11,Đã giao
DH002050,KH0012,2025-03-30 22:19:00,TMĐT - Tiki,NV24,Đã giao
DH007816,KH0367,2025-03-30 23:39:00,Đại lý,NV29,Đã giao
DH004702,KH0164,2025-03-31 02:36:00,TMĐT - Lazada,NV15,Đã giao
DH007146,KH0248,2025-03-31 02:43:00,Showroom,NV12,Đã giao
DH002625,KH0446,2025-03-31 03:05:00,TMĐT - Tiki,NV22,Đã giao
DH008018,KH0045,2025-03-31 05:21:00,Đại lý,NV23,Đã giao
DH009067,KH0315,2025-03-31 06:56:00,Bán lẻ trực tiếp,NV10,Đã giao
DH003342,KH0192,2025-03-31 07:43:00,TMĐT - Shopee,NV11,Đã giao
DH004973,KH0155,2025-03-31 11:42:00,Showroom,NV07,Đã giao
DH007917,KH0406,2025-03-31 12:47:00,TMĐT - Lazada,NV08,Đã giao
DH005478,KH0242,2025-03-31 15:01:00,TMĐT - Lazada,NV29,Đang xử lý
DH004125,KH0141,2025-03-31 15:29:00,Showroom,NV06,Đã giao
DH002298,KH0262,2025-03-31 17:39:00,TMĐT - Tiki,NV28,Đã giao
DH005337,KH0248,2025-03-31 18:19:00,TMĐT - Shopee,NV09,Đã giao
DH009414,KH0243,2025-03-31 18:37:00,TMĐT - Tiki,NV28,Đã giao
DH007584,KH0280,2025-03-31 19:25:00,TMĐT - Shopee,NV01,Đã giao
DH004429,KH0204,2025-03-31 20:27:00,Bán lẻ trực tiếp,NV11,Đã giao
DH010988,KH0448,2025-04-01 00:32:00,Showroom,NV15,Đã giao
DH008653,KH0277,2025-04-01 01:26:00,Bán lẻ trực tiếp,NV04,Mới
DH005795,KH0391,2025-04-01 01:38:00,TMĐT - Shopee,NV01,Đã giao
DH011220,KH0193,2025-04-01 02:26:00,Bán lẻ trực tiếp,NV17,Mới
DH005435,KH0056,2025-04-01 03:30:00,Showroom,NV24,Đã giao
DH003340,KH0034,2025-04-01 07:08:00,Đại lý,NV06,Đã giao
DH011801,KH0325,2025-04-01 08:55:00,Đại lý,NV04,Đã giao
DH003218,KH0290,2025-04-01 10:38:00,Bán lẻ trực tiếp,NV18,Đã giao
DH000080,KH0280,2025-04-01 10:56:00,Showroom,NV21,Trả hàng
DH009345,KH0246,2025-04-01 13:59:00,Bán lẻ trực tiếp,NV14,Đã giao
DH006696,KH0183,2025-04-01 16:36:00,Bán lẻ trực tiếp,NV19,Trả hàng
DH005465,KH0009,2025-04-01 16:55:00,Bán lẻ trực tiếp,NV04,Đã hủy
DH006343,KH0140,2025-04-01 17:10:00,Bán lẻ trực tiếp,NV14,Mới
DH010930,KH0306,2025-04-01 17:58:00,TMĐT - Tiki,NV21,Đã hủy
DH004523,KH0367,2025-04-01 18:03:00,TMĐT - Tiki,NV12,Đã giao
DH006897,KH0428,2025-04-01 20:43:00,Đại lý,NV30,Đã giao
DH009555,KH0009,2025-04-01 21:28:00,Đại lý,NV22,Đã giao
DH007244,KH0028,2025-04-01 22:09:00,TMĐT - Lazada,NV28,Mới
DH011852,KH0394,2025-04-01 23:23:00,TMĐT - Tiki,NV21,Mới
DH010440,KH0306,2025-04-02 02:20:00,TMĐT - Tiki,NV15,Đang xử lý
DH004887,KH0053,2025-04-02 03:19:00,Showroom,NV18,Đã giao
DH010842,KH0270,2025-04-02 03:55:00,Bán lẻ trực tiếp,NV10,Đã giao
DH009111,KH0179,2025-04-02 04:26:00,TMĐT - Shopee,NV08,Trả hàng
DH011435,KH0144,2025-04-02 05:46:00,Bán lẻ trực tiếp,NV17,Đã giao
DH001454,KH0204,2025-04-02 05:47:00,Showroom,NV09,Đã giao
DH000203,KH0298,2025-04-02 10:22:00,Đại lý,NV07,Đang xử lý
DH011999,KH0155,2025-04-02 10:43:00,TMĐT - Shopee,NV05,Đã giao
DH011814,KH0035,2025-04-02 13:23:00,TMĐT - Shopee,NV16,Đã giao
DH005949,KH0246,2025-04-02 13:32:00,Bán lẻ trực tiếp,NV22,Mới
DH006891,KH0352,2025-04-02 17:13:00,TMĐT - Lazada,NV07,Đã giao
DH004912,KH0179,2025-04-02 18:53:00,Đại lý,NV02,Đã giao
DH009324,KH0391,2025-04-02 19:09:00,Bán lẻ trực tiếp,NV12,Đã hủy
DH008398,KH0246,2025-04-02 19:30:00,Bán lẻ trực tiếp,NV27,Đã giao
DH000395,KH0204,2025-04-02 21:18:00,Bán lẻ trực tiếp,NV16,Đã giao
DH003299,KH0265,2025-04-02 23:56:00,Bán lẻ trực tiếp,NV28,Đã giao
DH007096,KH0280,2025-04-03 01:16:00,TMĐT - Lazada,NV16,Đã giao
DH011515,KH0035,2025-04-03 02:36:00,TMĐT - Tiki,NV07,Đã giao
DH001916,KH0280,2025-04-03 03:40:00,Showroom,NV01,Đã giao
DH010818,KH0197,2025-04-03 04:56:00,TMĐT - Shopee,NV09,Đã giao
DH002558,KH0171,2025-04-03 05:46:00,TMĐT - Tiki,NV03,Đang xử lý
DH010414,KH0277,2025-04-03 08:58:00,Bán lẻ trực tiếp,NV25,Đã giao
DH011897,KH0343,2025-04-03 11:13:00,TMĐT - Tiki,NV19,Mới
DH005799,KH0439,2025-04-03 11:46:00,TMĐT - Shopee,NV01,Đã giao
DH011328,KH0151,2025-04-03 14:13:00,TMĐT - Shopee,NV10,Đã giao
DH011256,KH0406,2025-04-04 02:30:00,TMĐT - Shopee,NV04,Đã hủy
DH002793,KH0290,2025-04-04 04:20:00,TMĐT - Tiki,NV12,Đã giao
DH003267,KH0204,2025-04-04 04:55:00,TMĐT - Lazada,NV08,Đã hủy
DH004479,KH0280,2025-04-04 05:57:00,TMĐT - Tiki,NV18,Đã giao
DH002848,KH0188,2025-04-04 08:14:00,TMĐT - Shopee,NV18,Đã giao
DH003145,KH0127,2025-04-04 11:46:00,TMĐT - Shopee,NV19,Đã giao
DH001785,KH0262,2025-04-04 12:44:00,Bán lẻ trực tiếp,NV28,Đã giao
DH011579,KH0105,2025-04-04 14:30:00,Bán lẻ trực tiếp,NV02,Đã giao
DH009034,KH0386,2025-04-04 14:51:00,TMĐT - Shopee,NV07,Đã giao
DH010798,KH0315,2025-04-04 16:18:00,TMĐT - Lazada,NV27,Đã giao
DH004944,KH0121,2025-04-04 16:34:00,TMĐT - Shopee,NV05,Đã giao
DH008394,KH0192,2025-04-04 18:13:00,Đại lý,NV02,Đã giao
DH007972,KH0208,2025-04-04 20:34:00,TMĐT - Tiki,NV20,Mới
DH008091,KH0010,2025-04-04 20:48:00,TMĐT - Shopee,NV13,Đã giao
DH006445,KH0248,2025-04-05 03:13:00,Bán lẻ trực tiếp,NV03,Đang xử lý
DH009392,KH0013,2025-04-05 03:22:00,Bán lẻ trực tiếp,NV14,Đã giao
DH006854,KH0347,2025-04-05 06:09:00,Showroom,NV16,Đang xử lý
DH006031,KH0262,2025-04-05 06:51:00,Showroom,NV11,Đã giao
DH007020,KH0391,2025-04-05 08:05:00,TMĐT - Shopee,NV04,Đã giao
DH005419,KH0327,2025-04-05 10:47:00,Đại lý,NV03,Đã hủy
DH011782,KH0374,2025-04-05 12:15:00,Showroom,NV24,Đã giao
DH002833,KH0448,2025-04-05 12:32:00,Đại lý,NV24,Đã giao
DH002944,KH0384,2025-04-05 16:28:00,TMĐT - Tiki,NV13,Đã giao
DH007732,KH0438,2025-04-05 18:55:00,Đại lý,NV13,Đã giao
DH010275,KH0158,2025-04-05 20:01:00,Showroom,NV26,Đã giao
DH011059,KH0056,2025-04-05 21:40:00,Đại lý,NV15,Mới
DH001500,KH0155,2025-04-05 23:04:00,Đại lý,NV25,Đã giao
DH011351,KH0195,2025-04-06 00:08:00,TMĐT - Lazada,NV15,Đã giao
DH001775,KH0220,2025-04-06 02:42:00,TMĐT - Lazada,NV30,Đã hủy
DH001719,KH0325,2025-04-06 03:08:00,TMĐT - Lazada,NV17,Trả hàng
DH005024,KH0266,2025-04-06 04:08:00,Showroom,NV05,Đã giao
DH007252,KH0330,2025-04-06 07:45:00,Đại lý,NV16,Đã giao
DH001604,KH0306,2025-04-06 10:54:00,Đại lý,NV06,Đang xử lý
DH003174,KH0198,2025-04-06 12:29:00,TMĐT - Lazada,NV24,Đã giao
DH006744,KH0391,2025-04-06 12:40:00,Đại lý,NV15,Đã giao
DH003367,KH0447,2025-04-06 14:20:00,TMĐT - Lazada,NV25,Đã giao
DH007645,KH0193,2025-04-06 14:26:00,Bán lẻ trực tiếp,NV19,Mới
DH007149,KH0419,2025-04-06 14:57:00,Đại lý,NV30,Đã giao
DH010527,KH0391,2025-04-06 17:09:00,TMĐT - Tiki,NV05,Đã giao
DH009558,KH0382,2025-04-06 19:44:00,Đại lý,NV07,Đã giao
DH001858,KH0442,2025-04-06 23:12:00,TMĐT - Tiki,NV17,Đã hủy
DH008007,KH0070,2025-04-06 23:43:00,Bán lẻ trực tiếp,NV10,Đang xử lý
DH000733,KH0013,2025-04-06 23:57:00,Đại lý,NV04,Đang xử lý
DH007072,KH0070,2025-04-07 01:02:00,Showroom,NV08,Đã giao
DH006437,KH0012,2025-04-07 01:39:00,Showroom,NV16,Trả hàng
DH008840,KH0070,2025-04-07 03:31:00,Showroom,NV16,Đã giao
DH011151,KH0428,2025-04-07 03:40:00,TMĐT - Tiki,NV25,Đã giao
DH008522,KH0008,2025-04-07 06:00:00,TMĐT - Tiki,NV15,Đã giao
DH009562,KH0155,2025-04-07 06:46:00,TMĐT - Tiki,NV28,Đã giao
DH008587,KH0120,2025-04-07 13:19:00,TMĐT - Lazada,NV24,Trả hàng
DH001684,KH0406,2025-04-07 13:49:00,TMĐT - Tiki,NV05,Đã giao
DH010007,KH0406,2025-04-07 14:32:00,Bán lẻ trực tiếp,NV16,Đã giao
DH009322,KH0155,2025-04-07 14:49:00,TMĐT - Lazada,NV22,Đã giao
DH002994,KH0013,2025-04-07 15:30:00,TMĐT - Lazada,NV27,Đang xử lý
DH000829,KH0184,2025-04-07 16:54:00,Showroom,NV29,Đã giao
DH000694,KH0285,2025-04-07 17:45:00,Showroom,NV19,Đã giao
DH003454,KH0413,2025-04-07 17:50:00,Showroom,NV08,Đã giao
DH002727,KH0391,2025-04-07 18:22:00,TMĐT - Shopee,NV24,Mới
DH005923,KH0187,2025-04-07 19:38:00,Showroom,NV20,Đã giao
DH005663,KH0253,2025-04-07 20:25:00,Showroom,NV17,Đã giao
DH002609,KH0155,2025-04-07 21:36:00,Showroom,NV18,Đã hủy
DH000334,KH0351,2025-04-07 21:56:00,Bán lẻ trực tiếp,NV16,Trả hàng
DH010355,KH0228,2025-04-07 22:29:00,TMĐT - Lazada,NV16,Đã giao
DH003049,KH0222,2025-04-07 23:10:00,TMĐT - Lazada,NV22,Đang xử lý
DH011461,KH0274,2025-04-08 00:01:00,Showroom,NV14,Đã hủy
DH009024,KH0396,2025-04-08 03:30:00,TMĐT - Shopee,NV04,Đã giao
DH010104,KH0096,2025-04-08 03:32:00,TMĐT - Shopee,NV20,Đã giao
DH001261,KH0262,2025-04-08 03:35:00,Đại lý,NV09,Đã giao
DH010805,KH0325,2025-04-08 06:28:00,Đại lý,NV09,Đã giao
DH011375,KH0346,2025-04-08 07:17:00,TMĐT - Lazada,NV03,Đã giao
DH003915,KH0320,2025-04-08 07:44:00,TMĐT - Tiki,NV25,Đã giao
DH007983,KH0114,2025-04-08 11:57:00,Showroom,NV14,Đã giao
DH002634,KH0155,2025-04-08 14:35:00,Bán lẻ trực tiếp,NV03,Đã giao
DH005080,KH0315,2025-04-08 19:33:00,TMĐT - Tiki,NV26,Đã giao
DH007793,KH0135,2025-04-09 01:24:00,Showroom,NV02,Đang xử lý
DH007197,KH0091,2025-04-09 01:49:00,TMĐT - Tiki,NV18,Đã giao
DH009005,KH0193,2025-04-09 02:10:00,TMĐT - Lazada,NV02,Đã giao
DH002685,KH0088,2025-04-09 05:05:00,Đại lý,NV22,Đã giao
DH009101,KH0367,2025-04-09 05:41:00,TMĐT - Tiki,NV11,Đã giao
DH007664,KH0215,2025-04-09 08:37:00,Showroom,NV25,Đã hủy
DH009635,KH0128,2025-04-09 10:10:00,Showroom,NV20,Đã giao
DH001838,KH0220,2025-04-09 10:41:00,Đại lý,NV29,Đã giao
DH000693,KH0280,2025-04-09 11:11:00,Đại lý,NV21,Đã giao
DH003479,KH0347,2025-04-09 15:29:00,Bán lẻ trực tiếp,NV25,Mới
DH005109,KH0391,2025-04-09 19:27:00,TMĐT - Shopee,NV17,Đã giao
DH009951,KH0175,2025-04-09 21:33:00,TMĐT - Shopee,NV25,Đã giao
DH010677,KH0442,2025-04-09 22:31:00,TMĐT - Shopee,NV13,Đã giao
DH005641,KH0179,2025-04-09 23:23:00,Đại lý,NV21,Đã giao
DH010452,KH0101,2025-04-10 02:07:00,Đại lý,NV29,Đã giao
DH009835,KH0384,2025-04-10 05:52:00,Bán lẻ trực tiếp,NV05,Đã hủy
DH003601,KH0304,2025-04-10 08:44:00,Bán lẻ trực tiếp,NV17,Đã giao
DH005974,KH0413,2025-04-10 09:36:00,Bán lẻ trực tiếp,NV24,Đã giao
DH007203,KH0442,2025-04-10 09:37:00,Bán lẻ trực tiếp,NV28,Đã giao
DH007653,KH0102,2025-04-10 13:42:00,TMĐT - Shopee,NV09,Đã giao
DH001786,KH0070,2025-04-10 14:03:00,TMĐT - Tiki,NV09,Đã giao
DH005247,KH0447,2025-04-10 14:33:00,TMĐT - Lazada,NV07,Đã giao
DH011871,KH0039,2025-04-10 15:19:00,Bán lẻ trực tiếp,NV10,Đã giao
DH002148,KH0004,2025-04-10 18:52:00,TMĐT - Shopee,NV27,Đang xử lý
DH011312,KH0002,2025-04-10 20:16:00,TMĐT - Lazada,NV13,Đã giao
DH007918,KH0367,2025-04-10 23:07:00,TMĐT - Lazada,NV18,Đã hủy
DH007208,KH0189,2025-04-11 00:13:00,Showroom,NV20,Đang xử lý
DH004612,KH0242,2025-04-11 02:56:00,Bán lẻ trực tiếp,NV16,Đã giao
DH003694,KH0249,2025-04-11 04:36:00,TMĐT - Lazada,NV28,Đã giao
DH003387,KH0391,2025-04-11 04:38:00,TMĐT - Lazada,NV27,Đã giao
DH005572,KH0051,2025-04-11 05:11:00,TMĐT - Shopee,NV30,Đã giao
DH006586,KH0258,2025-04-11 07:42:00,TMĐT - Lazada,NV13,Mới
DH011108,KH0257,2025-04-11 10:39:00,Bán lẻ trực tiếp,NV25,Đang xử lý
DH010873,KH0391,2025-04-11 12:18:00,Showroom,NV05,Đã giao
DH000104,KH0193,2025-04-11 14:56:00,Bán lẻ trực tiếp,NV24,Đã giao
DH005758,KH0367,2025-04-11 17:08:00,Đại lý,NV24,Đã giao
DH001948,KH0135,2025-04-11 19:27:00,TMĐT - Lazada,NV02,Đang xử lý
DH009090,KH0262,2025-04-11 23:23:00,TMĐT - Tiki,NV16,Đã giao
DH004800,KH0177,2025-04-11 23:24:00,Bán lẻ trực tiếp,NV02,Đang xử lý
DH006994,KH0243,2025-04-12 00:23:00,TMĐT - Shopee,NV04,Đã giao
DH009094,KH0442,2025-04-12 00:48:00,TMĐT - Shopee,NV29,Đã giao
DH007714,KH0397,2025-04-12 01:56:00,Đại lý,NV05,Đã giao
DH004234,KH0151,2025-04-12 07:55:00,Showroom,NV16,Đã giao
DH004325,KH0035,2025-04-12 08:27:00,Showroom,NV09,Đã giao
DH006944,KH0193,2025-04-12 12:50:00,TMĐT - Tiki,NV22,Đã giao
DH000771,KH0446,2025-04-12 13:40:00,Bán lẻ trực tiếp,NV19,Đã giao
DH004000,KH0325,2025-04-12 14:59:00,Đại lý,NV04,Đã giao
DH010890,KH0396,2025-04-12 18:47:00,TMĐT - Shopee,NV26,Đã giao
DH005294,KH0367,2025-04-12 19:20:00,TMĐT - Tiki,NV18,Đã giao
DH006729,KH0315,2025-04-13 02:30:00,TMĐT - Shopee,NV01,Đã giao
DH006936,KH0309,2025-04-13 03:02:00,Showroom,NV10,Đã hủy
DH008144,KH0163,2025-04-13 03:32:00,Showroom,NV20,Đã giao
DH010284,KH0042,2025-04-13 03:50:00,TMĐT - Tiki,NV16,Đã giao
DH008128,KH0246,2025-04-13 04:42:00,TMĐT - Lazada,NV28,Đã giao
DH010185,KH0140,2025-04-13 07:31:00,TMĐT - Shopee,NV29,Đang xử lý
DH006256,KH0017,2025-04-13 09:05:00,Đại lý,NV08,Đã giao
DH004434,KH0155,2025-04-13 09:31:00,Bán lẻ trực tiếp,NV14,Đã giao
DH005846,KH0116,2025-04-13 09:40:00,Đại lý,NV06,Đã giao
DH000120,KH0442,2025-04-13 09:49:00,Đại lý,NV21,Đã giao
DH006463,KH0309,2025-04-13 10:13:00,Showroom,NV20,Đã giao
DH005508,KH0075,2025-04-13 13:06:00,Bán lẻ trực tiếp,NV28,Đã giao
DH004550,KH0034,2025-04-13 14:23:00,Đại lý,NV09,Đã giao
DH005272,KH0117,2025-04-13 14:45:00,TMĐT - Shopee,NV05,Đã giao
DH009085,KH0113,2025-04-13 15:08:00,TMĐT - Tiki,NV10,Đã giao
DH000422,KH0305,2025-04-13 15:16:00,TMĐT - Tiki,NV19,Đã giao
DH004604,KH0372,2025-04-13 15:24:00,TMĐT - Tiki,NV28,Đã giao
DH009847,KH0278,2025-04-13 16:03:00,Bán lẻ trực tiếp,NV06,Đã giao
DH004195,KH0155,2025-04-13 16:26:00,Bán lẻ trực tiếp,NV01,Đã giao
DH006231,KH0116,2025-04-13 18:14:00,Đại lý,NV18,Đã giao
DH001353,KH0442,2025-04-13 18:35:00,TMĐT - Lazada,NV09,Mới
DH005885,KH0365,2025-04-13 20:20:00,Bán lẻ trực tiếp,NV03,Mới
DH011021,KH0140,2025-04-13 21:03:00,TMĐT - Lazada,NV07,Đã giao
DH005093,KH0442,2025-04-13 22:37:00,Showroom,NV01,Đã giao
DH009671,KH0056,2025-04-14 00:28:00,Đại lý,NV08,Mới
DH004237,KH0446,2025-04-14 01:40:00,Bán lẻ trực tiếp,NV05,Trả hàng
DH011841,KH0155,2025-04-14 02:19:00,TMĐT - Shopee,NV10,Đã giao
DH009163,KH0070,2025-04-14 02:30:00,TMĐT - Shopee,NV11,Đã giao
DH002122,KH0447,2025-04-14 02:35:00,TMĐT - Shopee,NV30,Đã giao
DH008000,KH0391,2025-04-14 03:29:00,TMĐT - Shopee,NV27,Đã giao
DH003811,KH0070,2025-04-14 13:12:00,Showroom,NV03,Đang xử lý
DH003260,KH0055,2025-04-14 16:09:00,TMĐT - Shopee,NV10,Đã giao
DH001471,KH0391,2025-04-14 17:57:00,TMĐT - Shopee,NV21,Đã giao
DH011316,KH0265,2025-04-14 19:23:00,Bán lẻ trực tiếp,NV07,Đã giao
DH003066,KH0233,2025-04-14 20:24:00,TMĐT - Lazada,NV26,Đã giao
DH000473,KH0314,2025-04-15 00:57:00,TMĐT - Tiki,NV29,Đã giao
DH000256,KH0012,2025-04-15 01:06:00,Showroom,NV19,Đã giao
DH004273,KH0396,2025-04-15 01:20:00,Bán lẻ trực tiếp,NV20,Đã giao
DH000793,KH0052,2025-04-15 02:07:00,Showroom,NV03,Đã giao
DH001876,KH0242,2025-04-15 09:24:00,TMĐT - Lazada,NV14,Đã giao
DH011610,KH0192,2025-04-15 13:22:00,TMĐT - Shopee,NV13,Đã hủy
DH003552,KH0274,2025-04-15 15:11:00,Bán lẻ trực tiếp,NV18,Đang xử lý
DH010038,KH0253,2025-04-15 18:08:00,Showroom,NV20,Đang xử lý
DH010681,KH0192,2025-04-15 18:39:00,TMĐT - Shopee,NV25,Đã giao
DH001447,KH0220,2025-04-15 19:18:00,TMĐT - Tiki,NV07,Đang xử lý
DH002603,KH0341,2025-04-15 20:37:00,TMĐT - Shopee,NV23,Trả hàng
DH004144,KH0248,2025-04-15 21:37:00,Bán lẻ trực tiếp,NV16,Đã giao
DH003836,KH0140,2025-04-15 23:04:00,TMĐT - Lazada,NV29,Đang xử lý
DH007682,KH0028,2025-04-16 01:30:00,TMĐT - Shopee,NV21,Đã giao
DH004280,KH0396,2025-04-16 02:21:00,TMĐT - Shopee,NV08,Đã giao
DH008746,KH0035,2025-04-16 03:34:00,Bán lẻ trực tiếp,NV16,Đã giao
DH008026,KH0273,2025-04-16 04:48:00,TMĐT - Tiki,NV15,Đã giao
DH007269,KH0177,2025-04-16 05:45:00,TMĐT - Lazada,NV26,Đã giao
DH002853,KH0135,2025-04-16 06:10:00,Đại lý,NV21,Đã giao
DH003101,KH0257,2025-04-16 09:50:00,Showroom,NV25,Đã giao
DH004707,KH0262,2025-04-16 10:34:00,TMĐT - Tiki,NV19,Đã giao
DH000159,KH0354,2025-04-16 14:26:00,TMĐT - Tiki,NV07,Trả hàng
DH008186,KH0056,2025-04-16 16:03:00,Showroom,NV30,Đã hủy
DH003458,KH0442,2025-04-16 16:35:00,TMĐT - Tiki,NV24,Đã giao
DH001403,KH0101,2025-04-16 16:57:00,TMĐT - Lazada,NV26,Đang xử lý
DH008306,KH0261,2025-04-16 18:11:00,Showroom,NV09,Đã giao
DH006909,KH0426,2025-04-16 18:44:00,Showroom,NV15,Đã giao
DH004534,KH0337,2025-04-16 19:16:00,Showroom,NV27,Đã giao
DH003127,KH0249,2025-04-16 21:07:00,Đại lý,NV12,Đã giao
DH001983,KH0183,2025-04-16 21:34:00,Showroom,NV14,Đã giao
DH010456,KH0340,2025-04-16 22:04:00,TMĐT - Lazada,NV12,Đã giao
DH010953,KH0035,2025-04-16 22:42:00,Showroom,NV26,Đã giao
DH001856,KH0140,2025-04-17 02:27:00,TMĐT - Tiki,NV08,Đã giao
DH003689,KH0262,2025-04-17 03:29:00,Showroom,NV02,Đã giao
DH010966,KH0186,2025-04-17 07:12:00,TMĐT - Lazada,NV27,Đã giao
DH006835,KH0262,2025-04-17 08:14:00,TMĐT - Shopee,NV14,Trả hàng
DH004742,KH0138,2025-04-17 09:21:00,Bán lẻ trực tiếp,NV24,Đã giao
DH006645,KH0035,2025-04-17 11:28:00,TMĐT - Shopee,NV06,Đã hủy
DH003296,KH0379,2025-04-17 13:18:00,Showroom,NV05,Đã giao
DH007941,KH0204,2025-04-18 00:03:00,TMĐT - Shopee,NV03,Đã giao
DH005046,KH0144,2025-04-18 01:14:00,Showroom,NV04,Đã giao
DH008592,KH0246,2025-04-18 04:35:00,TMĐT - Shopee,NV29,Đã hủy
DH005178,KH0353,2025-04-18 08:13:00,TMĐT - Tiki,NV04,Đang xử lý
DH007598,KH0179,2025-04-18 13:22:00,Showroom,NV21,Đã giao
DH002621,KH0035,2025-04-18 13:24:00,Đại lý,NV17,Đã giao
DH001113,KH0229,2025-04-18 15:29:00,TMĐT - Tiki,NV28,Mới
DH000225,KH0307,2025-04-18 17:01:00,TMĐT - Tiki,NV24,Đang xử lý
DH011372,KH0175,2025-04-18 21:08:00,TMĐT - Tiki,NV01,Đã giao
DH005728,KH0155,2025-04-18 21:33:00,TMĐT - Tiki,NV10,Đã giao
DH005894,KH0262,2025-04-18 23:55:00,TMĐT - Tiki,NV09,Đã giao
DH004946,KH0391,2025-04-19 00:16:00,Bán lẻ trực tiếp,NV13,Đã giao
DH002177,KH0379,2025-04-19 01:05:00,TMĐT - Shopee,NV18,Đã giao
DH000692,KH0105,2025-04-19 04:28:00,TMĐT - Shopee,NV04,Đã giao
DH004228,KH0141,2025-04-19 05:56:00,Bán lẻ trực tiếp,NV05,Đã giao
DH007582,KH0447,2025-04-19 07:48:00,Bán lẻ trực tiếp,NV15,Đã giao
DH007666,KH0229,2025-04-19 08:56:00,Đại lý,NV01,Đã hủy
DH000937,KH0035,2025-04-19 10:17:00,Đại lý,NV01,Đã hủy
DH005521,KH0325,2025-04-19 11:01:00,TMĐT - Shopee,NV26,Đã giao
DH004611,KH0447,2025-04-19 11:56:00,Bán lẻ trực tiếp,NV20,Đã giao
DH009465,KH0017,2025-04-19 15:27:00,TMĐT - Tiki,NV25,Đã giao
DH002360,KH0286,2025-04-19 15:46:00,TMĐT - Tiki,NV30,Đã giao
DH001680,KH0003,2025-04-19 17:48:00,TMĐT - Tiki,NV14,Đang xử lý
DH010417,KH0418,2025-04-19 20:45:00,TMĐT - Shopee,NV14,Trả hàng
DH000329,KH0442,2025-04-19 20:51:00,Showroom,NV02,Đã giao
DH000161,KH0113,2025-04-20 00:15:00,Showroom,NV01,Mới
DH011104,KH0113,2025-04-20 00:29:00,Đại lý,NV01,Đang xử lý
DH001953,KH0218,2025-04-20 01:22:00,TMĐT - Shopee,NV03,Đã giao
DH003868,KH0276,2025-04-20 01:48:00,TMĐT - Tiki,NV13,Đã giao
DH004401,KH0259,2025-04-20 01:59:00,TMĐT - Tiki,NV07,Đã giao
DH004408,KH0118,2025-04-20 04:39:00,Đại lý,NV26,Đã giao
DH005075,KH0070,2025-04-20 07:47:00,TMĐT - Tiki,NV24,Đã giao
DH011646,KH0108,2025-04-20 07:50:00,TMĐT - Lazada,NV27,Đã giao
DH009965,KH0179,2025-04-20 08:10:00,TMĐT - Tiki,NV22,Đã giao
DH003969,KH0362,2025-04-20 13:49:00,TMĐT - Tiki,NV25,Đã giao
DH000629,KH0292,2025-04-20 17:36:00,TMĐT - Lazada,NV12,Đã giao
DH004979,KH0281,2025-04-20 18:02:00,TMĐT - Tiki,NV11,Đã giao
DH003815,KH0105,2025-04-20 18:46:00,Đại lý,NV21,Đã giao
DH011975,KH0163,2025-04-20 18:49:00,TMĐT - Lazada,NV20,Đã giao
DH000163,KH0070,2025-04-20 20:35:00,TMĐT - Lazada,NV19,Đã giao
DH006001,KH0163,2025-04-20 22:01:00,Bán lẻ trực tiếp,NV09,Đã giao
DH011201,KH0447,2025-04-20 22:21:00,Đại lý,NV06,Trả hàng
DH002990,KH0421,2025-04-21 00:11:00,Bán lẻ trực tiếp,NV02,Đã giao
DH000670,KH0012,2025-04-21 00:18:00,Đại lý,NV20,Đã hủy
DH009476,KH0371,2025-04-21 00:28:00,TMĐT - Lazada,NV21,Mới
DH005455,KH0386,2025-04-21 01:52:00,Đại lý,NV08,Đã giao
DH002172,KH0365,2025-04-21 02:19:00,TMĐT - Lazada,NV06,Đã giao
DH006217,KH0103,2025-04-21 04:43:00,Đại lý,NV30,Đã giao
DH006444,KH0089,2025-04-21 04:46:00,TMĐT - Lazada,NV20,Đã giao
DH002567,KH0113,2025-04-21 06:20:00,Bán lẻ trực tiếp,NV07,Đã hủy
DH006305,KH0257,2025-04-21 07:37:00,TMĐT - Shopee,NV12,Đã giao
DH001356,KH0130,2025-04-21 13:28:00,Đại lý,NV21,Đang xử lý
DH010386,KH0163,2025-04-21 13:44:00,Showroom,NV20,Đã giao
DH002526,KH0246,2025-04-21 15:06:00,TMĐT - Lazada,NV08,Đã giao
DH007637,KH0081,2025-04-21 18:41:00,TMĐT - Shopee,NV04,Đã giao
DH005408,KH0257,2025-04-21 21:42:00,Đại lý,NV06,Đã giao
DH002070,KH0036,2025-04-21 23:24:00,TMĐT - Lazada,NV05,Đã giao
DH011645,KH0314,2025-04-22 00:53:00,TMĐT - Lazada,NV26,Đang xử lý
DH005832,KH0041,2025-04-22 02:09:00,Showroom,NV17,Đã giao
DH007100,KH0337,2025-04-22 05:04:00,TMĐT - Lazada,NV10,Đã giao
DH006561,KH0002,2025-04-22 06:38:00,Đại lý,NV22,Đã giao
DH005476,KH0074,2025-04-22 13:05:00,Bán lẻ trực tiếp,NV21,Đã giao
DH000987,KH0259,2025-04-22 18:49:00,TMĐT - Shopee,NV27,Trả hàng
DH008882,KH0442,2025-04-22 20:47:00,TMĐT - Shopee,NV09,Đã giao
DH003838,KH0012,2025-04-22 21:26:00,Showroom,NV10,Đã giao
DH009441,KH0135,2025-04-22 22:29:00,TMĐT - Lazada,NV23,Đã giao
DH003691,KH0034,2025-04-22 23:06:00,Bán lẻ trực tiếp,NV22,Đã giao
DH000550,KH0138,2025-04-23 01:38:00,Showroom,NV12,Đã giao
DH010883,KH0391,2025-04-23 03:27:00,TMĐT - Tiki,NV07,Đã giao
DH007525,KH0184,2025-04-23 04:09:00,Đại lý,NV19,Đã giao
DH000826,KH0307,2025-04-23 06:18:00,TMĐT - Shopee,NV24,Đã giao
DH011063,KH0151,2025-04-23 08:49:00,TMĐT - Lazada,NV16,Đã giao
DH004942,KH0309,2025-04-23 12:05:00,Bán lẻ trực tiếp,NV13,Đã giao
DH000892,KH0119,2025-04-23 12:31:00,Showroom,NV26,Đang xử lý
DH005033,KH0262,2025-04-23 13:04:00,Bán lẻ trực tiếp,NV29,Đã giao
DH000484,KH0314,2025-04-23 15:07:00,TMĐT - Lazada,NV24,Đã hủy
DH002053,KH0373,2025-04-23 15:18:00,TMĐT - Lazada,NV29,Đã giao
DH007450,KH0249,2025-04-23 16:26:00,Showroom,NV09,Đã giao
DH005727,KH0243,2025-04-23 16:45:00,TMĐT - Shopee,NV12,Đã giao
DH010036,KH0265,2025-04-23 19:02:00,Bán lẻ trực tiếp,NV13,Đã giao
DH002269,KH0442,2025-04-23 20:14:00,Đại lý,NV05,Đã giao
DH010325,KH0405,2025-04-23 22:59:00,Đại lý,NV24,Đã giao
DH005693,KH0119,2025-04-23 23:00:00,TMĐT - Tiki,NV23,Mới
DH002780,KH0034,2025-04-23 23:27:00,Showroom,NV09,Đã giao
DH002248,KH0396,2025-04-24 00:27:00,Bán lẻ trực tiếp,NV16,Đang xử lý
DH006314,KH0391,2025-04-24 05:43:00,TMĐT - Shopee,NV16,Đang xử lý
DH002605,KH0391,2025-04-24 06:26:00,Showroom,NV05,Đã giao
DH001236,KH0096,2025-04-24 06:30:00,TMĐT - Lazada,NV16,Đang xử lý
DH004870,KH0231,2025-04-24 10:29:00,TMĐT - Tiki,NV02,Đã giao
DH005767,KH0258,2025-04-24 10:29:00,Đại lý,NV02,Đã giao
DH002314,KH0391,2025-04-24 12:31:00,Bán lẻ trực tiếp,NV05,Đã giao
DH001766,KH0192,2025-04-24 14:31:00,Bán lẻ trực tiếp,NV11,Đã giao
DH008267,KH0046,2025-04-24 14:47:00,Showroom,NV12,Đã giao
DH000100,KH0391,2025-04-24 21:12:00,TMĐT - Shopee,NV09,Trả hàng
DH004180,KH0053,2025-04-25 00:12:00,Đại lý,NV05,Đã giao
DH001316,KH0042,2025-04-25 06:56:00,Bán lẻ trực tiếp,NV09,Đã giao
DH006078,KH0036,2025-04-25 08:01:00,TMĐT - Lazada,NV21,Đang xử lý
DH005255,KH0122,2025-04-25 08:33:00,TMĐT - Lazada,NV10,Đã giao
DH001755,KH0141,2025-04-25 10:26:00,TMĐT - Tiki,NV06,Đã giao
DH003668,KH0415,2025-04-25 10:57:00,TMĐT - Lazada,NV25,Đã giao
DH003978,KH0126,2025-04-25 12:03:00,Đại lý,NV22,Đã giao
DH004715,KH0304,2025-04-25 12:26:00,Showroom,NV07,Đã giao
DH008764,KH0141,2025-04-25 12:35:00,Showroom,NV19,Đã giao
DH011273,KH0119,2025-04-25 13:01:00,TMĐT - Shopee,NV18,Đã giao
DH011511,KH0140,2025-04-25 13:06:00,TMĐT - Tiki,NV14,Đã giao
DH000867,KH0081,2025-04-25 14:06:00,TMĐT - Tiki,NV14,Đã giao
DH009436,KH0113,2025-04-25 19:05:00,TMĐT - Tiki,NV06,Đã hủy
DH000087,KH0278,2025-04-25 19:39:00,Bán lẻ trực tiếp,NV01,Đã giao
DH010955,KH0054,2025-04-25 19:53:00,TMĐT - Lazada,NV13,Đã giao
DH001324,KH0066,2025-04-25 20:10:00,Đại lý,NV21,Đã giao
DH001669,KH0055,2025-04-25 22:47:00,TMĐT - Tiki,NV01,Đã giao
DH006730,KH0122,2025-04-25 23:30:00,Bán lẻ trực tiếp,NV22,Trả hàng
DH005232,KH0256,2025-04-26 00:20:00,Showroom,NV23,Đã giao
DH007968,KH0227,2025-04-26 06:13:00,TMĐT - Lazada,NV13,Đã giao
DH005159,KH0179,2025-04-26 12:13:00,TMĐT - Lazada,NV14,Đã giao
DH001290,KH0377,2025-04-26 13:26:00,TMĐT - Shopee,NV15,Đã giao
DH009881,KH0218,2025-04-26 13:51:00,TMĐT - Tiki,NV18,Mới
DH010564,KH0281,2025-04-26 14:18:00,Showroom,NV15,Đã giao
DH009516,KH0242,2025-04-26 15:40:00,TMĐT - Tiki,NV19,Đã hủy
DH009000,KH0376,2025-04-26 17:01:00,TMĐT - Shopee,NV14,Đã hủy
DH010237,KH0236,2025-04-26 17:04:00,TMĐT - Lazada,NV03,Đã giao
DH002750,KH0008,2025-04-26 21:04:00,Showroom,NV10,Trả hàng
DH008798,KH0420,2025-04-26 22:35:00,TMĐT - Lazada,NV10,Đang xử lý
DH000362,KH0268,2025-04-26 22:38:00,TMĐT - Tiki,NV22,Đã giao
DH005221,KH0337,2025-04-26 23:11:00,TMĐT - Tiki,NV03,Đã hủy
DH003677,KH0385,2025-04-27 00:39:00,Đại lý,NV18,Đã giao
DH008844,KH0325,2025-04-27 02:53:00,TMĐT - Shopee,NV18,Đã giao
DH003920,KH0349,2025-04-27 02:57:00,Đại lý,NV01,Đã giao
DH000522,KH0262,2025-04-27 03:07:00,Bán lẻ trực tiếp,NV18,Trả hàng
DH005759,KH0135,2025-04-27 05:02:00,Showroom,NV09,Đã giao
DH007546,KH0246,2025-04-27 07:00:00,Showroom,NV13,Đã giao
DH009464,KH0228,2025-04-27 07:01:00,TMĐT - Lazada,NV28,Đã hủy
DH004338,KH0396,2025-04-27 07:29:00,Đại lý,NV19,Đã giao
DH006548,KH0332,2025-04-27 09:23:00,TMĐT - Shopee,NV03,Đã giao
DH002020,KH0198,2025-04-27 09:53:00,TMĐT - Shopee,NV08,Đã giao
DH002379,KH0193,2025-04-27 10:54:00,Bán lẻ trực tiếp,NV18,Đã giao
DH003804,KH0173,2025-04-27 14:10:00,Showroom,NV28,Đã giao
DH004919,KH0436,2025-04-27 15:34:00,Showroom,NV09,Đã giao
DH001658,KH0002,2025-04-27 16:32:00,Showroom,NV02,Đã giao
DH004727,KH0051,2025-04-27 17:17:00,TMĐT - Tiki,NV06,Đã giao
DH001452,KH0246,2025-04-27 20:13:00,Bán lẻ trực tiếp,NV03,Đã giao
DH004546,KH0273,2025-04-27 20:22:00,TMĐT - Tiki,NV01,Mới
DH008780,KH0155,2025-04-27 20:33:00,TMĐT - Lazada,NV01,Trả hàng
DH006938,KH0280,2025-04-27 20:38:00,Bán lẻ trực tiếp,NV26,Đã giao
DH004312,KH0120,2025-04-27 22:14:00,Bán lẻ trực tiếp,NV01,Đang xử lý
DH001007,KH0042,2025-04-27 23:42:00,TMĐT - Tiki,NV02,Đã giao
DH008890,KH0264,2025-04-28 00:15:00,TMĐT - Shopee,NV08,Đã giao
DH008947,KH0315,2025-04-28 02:10:00,TMĐT - Lazada,NV04,Đã giao
DH006020,KH0035,2025-04-28 04:25:00,TMĐT - Lazada,NV22,Đã giao
DH005424,KH0262,2025-04-28 05:16:00,Showroom,NV22,Đã giao
DH004052,KH0034,2025-04-28 07:37:00,Đại lý,NV02,Đã giao
DH006506,KH0239,2025-04-28 09:33:00,TMĐT - Shopee,NV09,Đã giao
DH007700,KH0053,2025-04-28 12:55:00,TMĐT - Tiki,NV18,Đã giao
DH003375,KH0199,2025-04-28 13:03:00,Đại lý,NV22,Đã giao
DH007070,KH0039,2025-04-28 14:03:00,TMĐT - Lazada,NV10,Đã giao
DH005284,KH0277,2025-04-28 15:04:00,Bán lẻ trực tiếp,NV25,Đã giao
DH002885,KH0070,2025-04-28 19:30:00,Bán lẻ trực tiếp,NV30,Đã giao
DH006759,KH0306,2025-04-28 21:49:00,Showroom,NV14,Đã hủy
DH005623,KH0442,2025-04-29 01:47:00,Đại lý,NV25,Đã giao
DH009330,KH0109,2025-04-29 02:29:00,Bán lẻ trực tiếp,NV08,Đã giao
DH005551,KH0385,2025-04-29 03:11:00,Đại lý,NV06,Đã giao
DH002096,KH0442,2025-04-29 03:11:00,TMĐT - Tiki,NV01,Đang xử lý
DH003921,KH0262,2025-04-29 04:33:00,Đại lý,NV06,Đã giao
DH005715,KH0227,2025-04-29 09:53:00,TMĐT - Shopee,NV14,Đã giao
DH004117,KH0407,2025-04-29 15:02:00,Bán lẻ trực tiếp,NV11,Đã giao
DH004807,KH0155,2025-04-29 16:03:00,TMĐT - Lazada,NV08,Đã giao
DH007495,KH0184,2025-04-29 16:38:00,TMĐT - Tiki,NV24,Đã hủy
DH003064,KH0246,2025-04-29 17:54:00,Showroom,NV11,Đã giao
DH008574,KH0325,2025-04-29 20:46:00,Bán lẻ trực tiếp,NV02,Đang xử lý
DH005179,KH0155,2025-04-29 21:31:00,TMĐT - Shopee,NV05,Đang xử lý
DH006247,KH0184,2025-04-29 21:57:00,Showroom,NV18,Đã giao
DH011702,KH0193,2025-04-30 02:05:00,Đại lý,NV22,Đã giao
DH007899,KH0227,2025-04-30 03:45:00,Showroom,NV20,Đang xử lý
DH009842,KH0262,2025-04-30 04:13:00,Showroom,NV27,Đã giao
DH004755,KH0225,2025-04-30 07:45:00,TMĐT - Tiki,NV24,Đã giao
DH003639,KH0391,2025-04-30 07:48:00,TMĐT - Shopee,NV07,Đã giao
DH008095,KH0071,2025-04-30 09:19:00,TMĐT - Shopee,NV14,Đã giao
DH003391,KH0141,2025-04-30 11:49:00,Showroom,NV23,Đã giao
DH002838,KH0229,2025-04-30 13:12:00,Showroom,NV27,Đang xử lý
DH010840,KH0155,2025-04-30 13:17:00,Bán lẻ trực tiếp,NV16,Đang xử lý
DH010546,KH0122,2025-04-30 13:18:00,Bán lẻ trực tiếp,NV21,Trả hàng
DH008107,KH0447,2025-04-30 13:49:00,Đại lý,NV10,Đã hủy
DH009153,KH0314,2025-04-30 23:12:00,TMĐT - Lazada,NV14,Đã giao
DH010620,KH0326,2025-05-01 01:17:00,TMĐT - Lazada,NV05,Đã giao
DH002700,KH0322,2025-05-01 05:33:00,Bán lẻ trực tiếp,NV24,Đã giao
DH001483,KH0330,2025-05-01 07:47:00,TMĐT - Lazada,NV26,Đã giao
DH009672,KH0262,2025-05-01 09:28:00,Đại lý,NV27,Đã giao
DH002438,KH0002,2025-05-01 11:35:00,TMĐT - Tiki,NV24,Đã giao
DH007955,KH0010,2025-05-01 11:35:00,Đại lý,NV26,Đã hủy
DH002689,KH0391,2025-05-01 13:04:00,Đại lý,NV01,Đang xử lý
DH002918,KH0366,2025-05-01 13:22:00,TMĐT - Lazada,NV30,Đã giao
DH004606,KH0114,2025-05-01 18:44:00,Bán lẻ trực tiếp,NV04,Đã giao
DH011615,KH0141,2025-05-01 19:51:00,Showroom,NV28,Đã giao
DH006969,KH0034,2025-05-01 20:25:00,Showroom,NV21,Đã giao
DH011226,KH0141,2025-05-01 21:11:00,Bán lẻ trực tiếp,NV30,Đang xử lý
DH001521,KH0130,2025-05-01 23:14:00,TMĐT - Shopee,NV09,Đã giao
DH008572,KH0323,2025-05-02 03:03:00,TMĐT - Shopee,NV28,Đã giao
DH009323,KH0233,2025-05-02 03:30:00,Showroom,NV04,Đã giao
DH007927,KH0249,2025-05-02 09:10:00,Bán lẻ trực tiếp,NV15,Trả hàng
DH001423,KH0098,2025-05-02 09:24:00,Đại lý,NV09,Đã giao
DH001545,KH0346,2025-05-02 09:54:00,Đại lý,NV13,Đã giao
DH003084,KH0319,2025-05-02 10:26:00,Bán lẻ trực tiếp,NV17,Đã hủy
DH004936,KH0269,2025-05-02 10:32:00,TMĐT - Shopee,NV21,Đã giao
DH005389,KH0396,2025-05-02 12:54:00,Showroom,NV09,Đã giao
DH005811,KH0266,2025-05-02 13:13:00,Đại lý,NV22,Đã giao
DH009352,KH0012,2025-05-02 16:08:00,TMĐT - Shopee,NV25,Đã giao
DH007801,KH0113,2025-05-02 18:50:00,Showroom,NV13,Đang xử lý
DH003071,KH0416,2025-05-02 19:34:00,TMĐT - Tiki,NV02,Đã hủy
DH001845,KH0281,2025-05-02 21:15:00,TMĐT - Shopee,NV09,Đang xử lý
DH009517,KH0396,2025-05-02 22:35:00,TMĐT - Lazada,NV04,Đã giao
DH008716,KH0408,2025-05-02 23:06:00,Showroom,NV11,Đã giao
DH009120,KH0010,2025-05-02 23:48:00,Showroom,NV01,Đã giao
DH006825,KH0402,2025-05-03 05:36:00,TMĐT - Shopee,NV23,Đang xử lý
DH011583,KH0368,2025-05-03 06:13:00,TMĐT - Shopee,NV27,Đã giao
DH006653,KH0241,2025-05-03 09:38:00,TMĐT - Tiki,NV30,Đã giao
DH010727,KH0367,2025-05-03 09:54:00,Đại lý,NV18,Đã giao
DH010435,KH0352,2025-05-03 13:03:00,Đại lý,NV05,Đã giao
DH006185,KH0010,2025-05-03 19:04:00,TMĐT - Tiki,NV18,Đã giao
DH006442,KH0428,2025-05-03 19:07:00,TMĐT - Tiki,NV14,Đã giao
DH005259,KH0275,2025-05-03 19:23:00,TMĐT - Shopee,NV19,Đã giao
DH001389,KH0305,2025-05-03 19:42:00,TMĐT - Lazada,NV04,Trả hàng
DH000497,KH0391,2025-05-03 20:28:00,TMĐT - Tiki,NV29,Đã giao
DH000382,KH0249,2025-05-03 21:40:00,Showroom,NV07,Đã giao
DH001941,KH0391,2025-05-04 00:03:00,TMĐT - Tiki,NV29,Đã giao
DH002824,KH0412,2025-05-04 04:29:00,TMĐT - Lazada,NV19,Đã giao
DH003704,KH0193,2025-05-04 05:27:00,Showroom,NV15,Đã giao
DH002410,KH0442,2025-05-04 08:58:00,Showroom,NV11,Đã giao
DH005277,KH0158,2025-05-04 09:23:00,TMĐT - Shopee,NV19,Đang xử lý
DH011322,KH0070,2025-05-04 10:01:00,TMĐT - Shopee,NV14,Đã hủy
DH003582,KH0035,2025-05-04 10:29:00,Bán lẻ trực tiếp,NV05,Trả hàng
DH001368,KH0070,2025-05-04 11:36:00,TMĐT - Lazada,NV17,Đang xử lý
DH008002,KH0067,2025-05-04 11:37:00,Showroom,NV08,Đã giao
DH010652,KH0262,2025-05-04 11:43:00,TMĐT - Tiki,NV04,Đã giao
DH000851,KH0034,2025-05-04 12:28:00,TMĐT - Tiki,NV14,Đã giao
DH008433,KH0155,2025-05-04 15:15:00,TMĐT - Tiki,NV18,Đã giao
DH008166,KH0020,2025-05-04 16:13:00,TMĐT - Tiki,NV03,Đã giao
DH003441,KH0262,2025-05-04 17:10:00,TMĐT - Shopee,NV08,Đã giao
DH002748,KH0306,2025-05-04 17:17:00,Đại lý,NV28,Đã giao
DH006611,KH0262,2025-05-04 19:28:00,Bán lẻ trực tiếp,NV05,Đã giao
DH003246,KH0193,2025-05-04 22:15:00,TMĐT - Lazada,NV01,Đã giao
DH010469,KH0316,2025-05-05 03:22:00,Showroom,NV14,Mới
DH005237,KH0227,2025-05-05 05:03:00,TMĐT - Tiki,NV14,Đã giao
DH010525,KH0058,2025-05-05 07:09:00,TMĐT - Shopee,NV14,Đã giao
DH006036,KH0391,2025-05-05 07:37:00,Showroom,NV08,Đã hủy
DH010270,KH0010,2025-05-05 08:02:00,Showroom,NV16,Đã giao
DH001900,KH0436,2025-05-05 08:38:00,Showroom,NV20,Đã giao
DH011141,KH0446,2025-05-05 10:40:00,Bán lẻ trực tiếp,NV17,Đã giao
DH007935,KH0227,2025-05-05 13:37:00,TMĐT - Shopee,NV15,Đã giao
DH003370,KH0262,2025-05-05 15:53:00,TMĐT - Lazada,NV15,Đã hủy
DH001288,KH0204,2025-05-05 16:26:00,TMĐT - Tiki,NV07,Đã giao
DH006070,KH0442,2025-05-05 19:08:00,TMĐT - Shopee,NV15,Đã giao
DH010728,KH0315,2025-05-05 19:19:00,Showroom,NV30,Đã giao
DH007024,KH0266,2025-05-05 19:30:00,Showroom,NV12,Đã giao
DH005944,KH0013,2025-05-05 21:29:00,TMĐT - Shopee,NV08,Đã giao
DH006829,KH0105,2025-05-05 22:26:00,Bán lẻ trực tiếp,NV26,Đã giao
DH001805,KH0250,2025-05-06 00:25:00,TMĐT - Lazada,NV27,Đã giao
DH004111,KH0035,2025-05-06 00:31:00,Đại lý,NV22,Đã giao
DH001422,KH0446,2025-05-06 00:45:00,Bán lẻ trực tiếp,NV06,Đã giao
DH010163,KH0179,2025-05-06 01:08:00,Bán lẻ trực tiếp,NV30,Đã giao
DH006834,KH0061,2025-05-06 01:13:00,Bán lẻ trực tiếp,NV20,Mới
DH005230,KH0249,2025-05-06 04:34:00,TMĐT - Tiki,NV12,Đã hủy
DH009407,KH0097,2025-05-06 04:47:00,TMĐT - Shopee,NV18,Đã giao
DH009463,KH0280,2025-05-06 07:21:00,Bán lẻ trực tiếp,NV11,Đang xử lý
DH010512,KH0418,2025-05-06 08:02:00,TMĐT - Tiki,NV12,Đã giao
DH009171,KH0400,2025-05-06 09:35:00,TMĐT - Shopee,NV03,Đã giao
DH009169,KH0349,2025-05-06 09:44:00,Showroom,NV18,Đã giao
DH010319,KH0404,2025-05-06 09:56:00,Showroom,NV23,Đã giao
DH010478,KH0164,2025-05-06 10:11:00,Bán lẻ trực tiếp,NV15,Đã giao
DH007152,KH0186,2025-05-06 13:48:00,TMĐT - Lazada,NV01,Đã giao
DH002167,KH0447,2025-05-06 14:22:00,Bán lẻ trực tiếp,NV25,Đã giao
DH006498,KH0227,2025-05-06 15:14:00,Đại lý,NV08,Đã giao
DH005635,KH0187,2025-05-06 15:14:00,TMĐT - Tiki,NV06,Đã giao
DH010660,KH0012,2025-05-06 16:02:00,TMĐT - Shopee,NV03,Đã giao
DH006212,KH0102,2025-05-06 16:25:00,Đại lý,NV25,Trả hàng
DH009092,KH0070,2025-05-06 17:10:00,Đại lý,NV05,Đã giao
DH009099,KH0447,2025-05-06 17:26:00,TMĐT - Shopee,NV25,Đã giao
DH002607,KH0394,2025-05-06 19:24:00,TMĐT - Lazada,NV08,Đã giao
DH009369,KH0262,2025-05-06 21:56:00,Bán lẻ trực tiếp,NV27,Đã giao
DH004725,KH0337,2025-05-07 00:31:00,TMĐT - Tiki,NV23,Đang xử lý
DH008342,KH0179,2025-05-07 00:36:00,TMĐT - Lazada,NV24,Đã hủy
DH001107,KH0316,2025-05-07 04:03:00,TMĐT - Tiki,NV10,Đã giao
DH003823,KH0262,2025-05-07 05:29:00,Showroom,NV13,Đã giao
DH003343,KH0325,2025-05-07 08:30:00,TMĐT - Lazada,NV11,Đã giao
DH011098,KH0032,2025-05-07 14:41:00,TMĐT - Shopee,NV20,Đã giao
DH001154,KH0368,2025-05-07 15:28:00,Đại lý,NV17,Mới
DH000665,KH0447,2025-05-07 16:40:00,TMĐT - Tiki,NV27,Đã giao
DH009177,KH0396,2025-05-07 16:52:00,Showroom,NV06,Đã giao
DH003983,KH0239,2025-05-07 21:45:00,Bán lẻ trực tiếp,NV26,Đã giao
DH009612,KH0183,2025-05-08 00:08:00,TMĐT - Tiki,NV26,Đang xử lý
DH007751,KH0262,2025-05-08 00:08:00,Showroom,NV30,Đã giao
DH010667,KH0154,2025-05-08 06:23:00,TMĐT - Tiki,NV29,Đã giao
DH011770,KH0121,2025-05-08 07:06:00,TMĐT - Lazada,NV21,Đang xử lý
DH010402,KH0421,2025-05-08 07:17:00,Showroom,NV28,Đã giao
DH006605,KH0213,2025-05-08 07:53:00,TMĐT - Lazada,NV28,Đã giao
DH010179,KH0442,2025-05-08 11:04:00,Đại lý,NV27,Đã giao
DH006321,KH0442,2025-05-08 13:28:00,TMĐT - Shopee,NV12,Đã giao
DH003428,KH0044,2025-05-08 13:35:00,TMĐT - Tiki,NV28,Đã giao
DH002871,KH0105,2025-05-08 15:07:00,Bán lẻ trực tiếp,NV13,Đã giao
DH004526,KH0385,2025-05-08 20:02:00,TMĐT - Shopee,NV16,Đang xử lý
DH009055,KH0068,2025-05-09 04:09:00,TMĐT - Shopee,NV07,Đang xử lý
DH010403,KH0179,2025-05-09 06:30:00,Showroom,NV02,Đã giao
DH002290,KH0390,2025-05-09 06:37:00,Đại lý,NV23,Đã giao
DH000401,KH0141,2025-05-09 08:00:00,Showroom,NV02,Đã giao
DH011132,KH0179,2025-05-09 08:38:00,Showroom,NV11,Đang xử lý
DH008048,KH0320,2025-05-09 09:20:00,Showroom,NV27,Đã giao
DH003424,KH0436,2025-05-09 14:12:00,TMĐT - Shopee,NV02,Đang xử lý
DH003265,KH0151,2025-05-09 17:45:00,TMĐT - Tiki,NV04,Đã giao
DH009318,KH0141,2025-05-09 18:58:00,TMĐT - Shopee,NV22,Đã hủy
DH003577,KH0123,2025-05-09 19:12:00,Showroom,NV23,Đã giao
DH000863,KH0337,2025-05-09 20:25:00,TMĐT - Lazada,NV28,Đã giao
DH002129,KH0447,2025-05-09 20:44:00,Showroom,NV09,Trả hàng
DH009460,KH0314,2025-05-10 00:21:00,Đại lý,NV22,Đã giao
DH007356,KH0198,2025-05-10 04:16:00,Showroom,NV26,Đã giao
DH003882,KH0010,2025-05-10 04:37:00,TMĐT - Lazada,NV30,Đã giao
DH000618,KH0166,2025-05-10 05:45:00,Đại lý,NV17,Đã giao
DH004592,KH0391,2025-05-10 09:06:00,TMĐT - Lazada,NV24,Đang xử lý
DH004862,KH0063,2025-05-10 11:29:00,Showroom,NV22,Đã giao
DH002203,KH0413,2025-05-10 15:18:00,TMĐT - Tiki,NV09,Đã giao
DH000503,KH0285,2025-05-10 15:34:00,TMĐT - Tiki,NV02,Mới
DH010661,KH0391,2025-05-10 17:49:00,Showroom,NV14,Đang xử lý
DH008033,KH0155,2025-05-10 21:43:00,Đại lý,NV04,Đã giao
DH007097,KH0140,2025-05-11 01:09:00,TMĐT - Tiki,NV05,Đã giao
DH007887,KH0035,2025-05-11 03:12:00,TMĐT - Shopee,NV21,Đã giao
DH007789,KH0442,2025-05-11 08:26:00,Đại lý,NV29,Đã giao
DH006349,KH0174,2025-05-11 08:47:00,Bán lẻ trực tiếp,NV09,Đã giao
DH002299,KH0442,2025-05-11 09:46:00,TMĐT - Lazada,NV14,Đã giao
DH009812,KH0322,2025-05-11 10:00:00,TMĐT - Tiki,NV02,Đã giao
DH005189,KH0010,2025-05-11 11:25:00,TMĐT - Shopee,NV13,Đã giao
DH011565,KH0236,2025-05-11 12:13:00,TMĐT - Tiki,NV27,Đã giao
DH010241,KH0002,2025-05-11 13:19:00,TMĐT - Tiki,NV23,Đã giao
DH003114,KH0391,2025-05-11 13:58:00,TMĐT - Lazada,NV19,Đã hủy
DH003780,KH0350,2025-05-11 14:43:00,Đại lý,NV08,Đã giao
DH005756,KH0070,2025-05-11 16:34:00,TMĐT - Shopee,NV01,Đã giao
DH009880,KH0070,2025-05-11 16:50:00,Bán lẻ trực tiếp,NV04,Mới
DH003703,KH0031,2025-05-11 17:23:00,Bán lẻ trực tiếp,NV18,Đã giao
DH001816,KH0447,2025-05-11 20:44:00,Bán lẻ trực tiếp,NV16,Đã giao
DH000437,KH0193,2025-05-11 21:44:00,Bán lẻ trực tiếp,NV17,Đang xử lý
DH011784,KH0391,2025-05-11 22:02:00,TMĐT - Lazada,NV22,Đã giao
DH004613,KH0081,2025-05-12 02:11:00,Bán lẻ trực tiếp,NV23,Đã giao
DH001657,KH0391,2025-05-12 02:18:00,Bán lẻ trực tiếp,NV04,Đã giao
DH011795,KH0141,2025-05-12 06:28:00,TMĐT - Lazada,NV06,Đã giao
DH011414,KH0105,2025-05-12 08:59:00,Showroom,NV15,Đang xử lý
DH003770,KH0119,2025-05-12 14:09:00,TMĐT - Lazada,NV22,Đã giao
DH000557,KH0193,2025-05-12 17:32:00,TMĐT - Tiki,NV14,Đã giao
DH008940,KH0353,2025-05-12 19:46:00,Đại lý,NV07,Đã giao
DH006261,KH0155,2025-05-12 19:56:00,TMĐT - Tiki,NV15,Đã giao
DH007168,KH0321,2025-05-12 20:01:00,Showroom,NV27,Đã giao
DH009042,KH0400,2025-05-12 22:14:00,Đại lý,NV08,Đã giao
DH002155,KH0155,2025-05-12 23:43:00,TMĐT - Tiki,NV02,Đã giao
DH011376,KH0051,2025-05-13 01:06:00,TMĐT - Tiki,NV11,Đã giao
DH009588,KH0245,2025-05-13 01:18:00,TMĐT - Tiki,NV26,Đã giao
DH006798,KH0305,2025-05-13 04:54:00,Showroom,NV23,Đã hủy
DH008012,KH0390,2025-05-13 05:39:00,TMĐT - Shopee,NV07,Đã giao
DH010123,KH0391,2025-05-13 05:46:00,Bán lẻ trực tiếp,NV24,Đã giao
DH011921,KH0409,2025-05-13 06:16:00,Bán lẻ trực tiếp,NV17,Đã giao
DH003725,KH0442,2025-05-13 07:11:00,Bán lẻ trực tiếp,NV28,Đang xử lý
DH010162,KH0056,2025-05-13 07:17:00,Showroom,NV23,Đã giao
DH007619,KH0036,2025-05-13 09:19:00,TMĐT - Shopee,NV02,Đã giao
DH006719,KH0140,2025-05-13 10:49:00,Bán lẻ trực tiếp,NV23,Đã giao
DH002215,KH0035,2025-05-13 11:00:00,TMĐT - Lazada,NV05,Đã giao
DH000349,KH0424,2025-05-13 12:24:00,TMĐT - Tiki,NV10,Đã giao
DH001875,KH0046,2025-05-13 14:19:00,TMĐT - Tiki,NV05,Đã giao
DH000886,KH0105,2025-05-13 14:29:00,TMĐT - Tiki,NV28,Đã giao
DH006684,KH0257,2025-05-13 17:15:00,TMĐT - Lazada,NV19,Đã giao
DH010076,KH0262,2025-05-13 17:28:00,Đại lý,NV23,Đã giao
DH005275,KH0446,2025-05-14 01:15:00,TMĐT - Tiki,NV23,Đã hủy
DH004788,KH0192,2025-05-14 02:23:00,TMĐT - Tiki,NV14,Đã giao
DH005200,KH0265,2025-05-14 02:27:00,Showroom,NV18,Đang xử lý
DH010893,KH0404,2025-05-14 02:30:00,TMĐT - Shopee,NV17,Đã giao
DH008595,KH0391,2025-05-14 02:40:00,TMĐT - Tiki,NV17,Đã giao
DH010778,KH0200,2025-05-14 04:48:00,TMĐT - Tiki,NV02,Đã giao
DH006800,KH0155,2025-05-14 10:44:00,TMĐT - Tiki,NV25,Đã giao
DH000669,KH0035,2025-05-14 14:47:00,TMĐT - Lazada,NV12,Đã giao
DH006784,KH0272,2025-05-14 15:26:00,Showroom,NV26,Đã giao
DH011060,KH0051,2025-05-14 16:04:00,TMĐT - Lazada,NV20,Đã giao
DH001329,KH0034,2025-05-14 16:07:00,Đại lý,NV03,Đã giao
DH004517,KH0314,2025-05-14 16:34:00,TMĐT - Tiki,NV29,Đã giao
DH010050,KH0120,2025-05-14 16:50:00,TMĐT - Shopee,NV20,Đã giao
DH006026,KH0358,2025-05-14 20:04:00,Showroom,NV13,Đã giao
DH002041,KH0367,2025-05-14 21:30:00,TMĐT - Tiki,NV11,Đã giao
DH009561,KH0248,2025-05-14 22:38:00,Bán lẻ trực tiếp,NV14,Đã giao
DH003696,KH0306,2025-05-15 00:31:00,TMĐT - Tiki,NV06,Đã giao
DH007505,KH0293,2025-05-15 01:32:00,TMĐT - Shopee,NV26,Đã giao
DH011575,KH0049,2025-05-15 04:40:00,TMĐT - Shopee,NV01,Đã giao
DH001968,KH0365,2025-05-15 07:38:00,TMĐT - Lazada,NV02,Mới
DH011877,KH0273,2025-05-15 09:55:00,Đại lý,NV15,Đã giao
DH001382,KH0241,2025-05-15 10:50:00,Đại lý,NV29,Đã giao
DH009966,KH0442,2025-05-15 13:53:00,TMĐT - Lazada,NV26,Đã giao
DH009130,KH0438,2025-05-15 15:42:00,Đại lý,NV12,Đã giao
DH002367,KH0215,2025-05-15 20:25:00,Showroom,NV04,Đã giao
DH003771,KH0406,2025-05-15 23:31:00,Bán lẻ trực tiếp,NV02,Đã giao
DH009491,KH0259,2025-05-16 06:41:00,Đại lý,NV16,Đã hủy
DH005669,KH0229,2025-05-16 07:34:00,TMĐT - Lazada,NV19,Đã giao
DH002536,KH0391,2025-05-16 08:48:00,TMĐT - Shopee,NV14,Đã giao
DH002198,KH0365,2025-05-16 12:10:00,Showroom,NV03,Đang xử lý
DH002424,KH0391,2025-05-16 13:30:00,Bán lẻ trực tiếp,NV20,Đã giao
DH005298,KH0046,2025-05-16 13:48:00,Bán lẻ trực tiếp,NV09,Đã giao
DH009537,KH0379,2025-05-16 15:00:00,TMĐT - Shopee,NV25,Đã giao
DH002028,KH0154,2025-05-16 20:53:00,Đại lý,NV12,Mới
DH010300,KH0092,2025-05-16 20:57:00,TMĐT - Shopee,NV16,Đã giao
DH009782,KH0442,2025-05-16 22:19:00,Bán lẻ trực tiếp,NV03,Đang xử lý
DH006289,KH0325,2025-05-16 22:21:00,Đại lý,NV22,Đã giao
DH001041,KH0070,2025-05-16 23:08:00,Bán lẻ trực tiếp,NV21,Đã giao
DH008628,KH0386,2025-05-16 23:47:00,Showroom,NV06,Đã giao
DH004650,KH0262,2025-05-17 03:01:00,TMĐT - Tiki,NV12,Đã giao
DH006273,KH0312,2025-05-17 03:44:00,Bán lẻ trực tiếp,NV20,Đã giao
DH001161,KH0447,2025-05-17 10:29:00,Showroom,NV23,Đã giao
DH010765,KH0391,2025-05-17 14:32:00,Bán lẻ trực tiếp,NV27,Đã giao
DH006399,KH0070,2025-05-17 15:46:00,Showroom,NV06,Đã giao
DH003746,KH0242,2025-05-17 17:54:00,Showroom,NV20,Đã giao
DH000093,KH0122,2025-05-17 19:30:00,Bán lẻ trực tiếp,NV13,Đã giao
DH007846,KH0126,2025-05-17 19:37:00,TMĐT - Tiki,NV22,Đã giao
DH002324,KH0193,2025-05-17 22:46:00,TMĐT - Lazada,NV11,Đã giao
DH008451,KH0412,2025-05-18 02:30:00,TMĐT - Tiki,NV09,Đã hủy
DH005084,KH0374,2025-05-18 02:45:00,Bán lẻ trực tiếp,NV17,Đã giao
DH006331,KH0016,2025-05-18 03:47:00,TMĐT - Shopee,NV11,Đã giao
DH011913,KH0365,2025-05-18 06:54:00,TMĐT - Lazada,NV16,Đã hủy
DH009918,KH0413,2025-05-18 08:07:00,Showroom,NV07,Đã giao
DH008509,KH0262,2025-05-18 08:32:00,Bán lẻ trực tiếp,NV16,Đã giao
DH011640,KH0337,2025-05-18 12:05:00,Đại lý,NV28,Đang xử lý
DH008861,KH0039,2025-05-18 12:30:00,TMĐT - Shopee,NV13,Trả hàng
DH005099,KH0135,2025-05-18 16:39:00,Bán lẻ trực tiếp,NV18,Đã giao
DH004010,KH0285,2025-05-18 16:52:00,Đại lý,NV11,Đã giao
DH010572,KH0406,2025-05-18 20:45:00,TMĐT - Lazada,NV22,Đã giao
DH000895,KH0391,2025-05-18 21:34:00,Showroom,NV20,Đã giao
DH007018,KH0153,2025-05-18 21:51:00,Đại lý,NV22,Đã giao
DH009528,KH0366,2025-05-18 23:05:00,TMĐT - Shopee,NV10,Đã hủy
DH001886,KH0442,2025-05-19 02:26:00,Showroom,NV18,Đã giao
DH010281,KH0075,2025-05-19 03:12:00,Showroom,NV30,Đang xử lý
DH004881,KH0130,2025-05-19 05:06:00,TMĐT - Lazada,NV28,Đã giao
DH006366,KH0391,2025-05-19 05:53:00,TMĐT - Lazada,NV26,Đã giao
DH003931,KH0094,2025-05-19 06:38:00,Showroom,NV27,Đã giao
DH011616,KH0367,2025-05-19 09:06:00,TMĐT - Lazada,NV11,Đã giao
DH006591,KH0128,2025-05-19 09:41:00,TMĐT - Tiki,NV02,Đang xử lý
DH005665,KH0121,2025-05-19 11:06:00,Showroom,NV26,Đã giao
DH000194,KH0221,2025-05-19 15:33:00,Showroom,NV15,Đã giao
DH007341,KH0391,2025-05-19 16:51:00,TMĐT - Shopee,NV24,Đang xử lý
DH003633,KH0365,2025-05-19 18:44:00,TMĐT - Lazada,NV30,Đã giao
DH006610,KH0273,2025-05-19 18:58:00,Bán lẻ trực tiếp,NV04,Trả hàng
DH000168,KH0179,2025-05-19 19:19:00,Showroom,NV14,Đã giao
DH010418,KH0262,2025-05-19 21:42:00,Bán lẻ trực tiếp,NV17,Đã giao
DH001826,KH0242,2025-05-19 22:00:00,Đại lý,NV25,Đã giao
DH007601,KH0160,2025-05-19 22:44:00,TMĐT - Lazada,NV22,Đã giao
DH000956,KH0317,2025-05-19 23:40:00,Showroom,NV16,Đang xử lý
DH008541,KH0420,2025-05-20 01:24:00,Đại lý,NV30,Đang xử lý
DH004804,KH0325,2025-05-20 01:41:00,TMĐT - Tiki,NV13,Đã giao
DH011355,KH0220,2025-05-20 01:56:00,Bán lẻ trực tiếp,NV21,Đã giao
DH011963,KH0035,2025-05-20 02:01:00,Đại lý,NV17,Đã giao
DH006878,KH0127,2025-05-20 07:21:00,Bán lẻ trực tiếp,NV08,Đã giao
DH001190,KH0347,2025-05-20 08:55:00,TMĐT - Shopee,NV19,Đã giao
DH007702,KH0219,2025-05-20 12:12:00,Bán lẻ trực tiếp,NV05,Đã giao
DH000013,KH0075,2025-05-20 14:39:00,TMĐT - Lazada,NV20,Đã giao
DH007885,KH0198,2025-05-20 16:01:00,Showroom,NV16,Mới
DH002630,KH0389,2025-05-20 17:06:00,TMĐT - Tiki,NV30,Đang xử lý
DH011810,KH0046,2025-05-20 18:03:00,Đại lý,NV08,Đã giao
DH009168,KH0121,2025-05-20 18:12:00,TMĐT - Lazada,NV24,Đang xử lý
DH004853,KH0302,2025-05-20 20:42:00,TMĐT - Shopee,NV23,Đã giao
DH010005,KH0007,2025-05-20 21:02:00,TMĐT - Lazada,NV25,Đã giao
DH011057,KH0089,2025-05-21 00:32:00,TMĐT - Shopee,NV04,Đã giao
DH003494,KH0184,2025-05-21 00:59:00,TMĐT - Lazada,NV21,Đã giao
DH006799,KH0274,2025-05-21 05:49:00,Đại lý,NV11,Đã giao
DH008257,KH0266,2025-05-21 05:53:00,Bán lẻ trực tiếp,NV21,Đã giao
DH008079,KH0056,2025-05-21 06:01:00,Showroom,NV05,Đã giao
DH004883,KH0442,2025-05-21 06:27:00,Showroom,NV25,Đang xử lý
DH001462,KH0004,2025-05-21 08:48:00,TMĐT - Lazada,NV19,Đã giao
DH006378,KH0010,2025-05-21 11:44:00,Showroom,NV15,Đang xử lý
DH004790,KH0442,2025-05-21 12:35:00,Bán lẻ trực tiếp,NV01,Đã giao
DH009312,KH0272,2025-05-21 12:41:00,TMĐT - Shopee,NV26,Đã giao
DH010898,KH0243,2025-05-21 17:04:00,Showroom,NV12,Đã hủy
DH010244,KH0412,2025-05-21 17:41:00,TMĐT - Shopee,NV26,Đã giao
DH004686,KH0198,2025-05-21 18:18:00,TMĐT - Lazada,NV10,Đã hủy
DH007181,KH0147,2025-05-21 19:58:00,TMĐT - Tiki,NV19,Đã hủy
DH001165,KH0391,2025-05-21 20:33:00,TMĐT - Shopee,NV15,Đã giao
DH002672,KH0262,2025-05-21 20:49:00,TMĐT - Lazada,NV19,Đã giao
DH011503,KH0017,2025-05-21 21:54:00,Showroom,NV17,Trả hàng
DH007580,KH0385,2025-05-22 02:09:00,TMĐT - Lazada,NV04,Đã giao
DH007289,KH0070,2025-05-22 04:03:00,TMĐT - Lazada,NV13,Đã giao
DH009726,KH0359,2025-05-22 04:13:00,TMĐT - Tiki,NV08,Đã giao
DH002912,KH0391,2025-05-22 05:19:00,TMĐT - Shopee,NV02,Đã giao
DH006781,KH0250,2025-05-22 08:50:00,Bán lẻ trực tiếp,NV23,Đang xử lý
DH011573,KH0398,2025-05-22 09:23:00,Đại lý,NV21,Đã giao
DH005834,KH0003,2025-05-22 09:46:00,TMĐT - Lazada,NV28,Đã hủy
DH005602,KH0436,2025-05-22 12:08:00,Showroom,NV26,Đã giao
DH005417,KH0365,2025-05-22 12:50:00,Đại lý,NV17,Đã giao
DH007945,KH0116,2025-05-23 00:03:00,Showroom,NV12,Đã giao
DH005840,KH0314,2025-05-23 04:23:00,TMĐT - Lazada,NV19,Đã giao
DH010991,KH0399,2025-05-23 06:42:00,TMĐT - Shopee,NV10,Đã giao
DH000182,KH0360,2025-05-23 08:21:00,TMĐT - Lazada,NV11,Đã hủy
DH006168,KH0278,2025-05-23 08:32:00,TMĐT - Shopee,NV04,Đã giao
DH002965,KH0051,2025-05-23 10:55:00,Bán lẻ trực tiếp,NV16,Đã giao
DH003865,KH0261,2025-05-23 14:21:00,TMĐT - Lazada,NV03,Đang xử lý
DH011213,KH0074,2025-05-23 14:28:00,TMĐT - Tiki,NV13,Đã giao
DH009073,KH0397,2025-05-23 17:42:00,TMĐT - Lazada,NV16,Đã giao
DH000862,KH0274,2025-05-23 18:37:00,TMĐT - Lazada,NV13,Đã giao
DH007532,KH0198,2025-05-23 21:43:00,TMĐT - Lazada,NV03,Đã giao
DH011961,KH0242,2025-05-23 23:24:00,Đại lý,NV23,Đang xử lý
DH009783,KH0391,2025-05-24 01:08:00,TMĐT - Shopee,NV19,Đã giao
DH007827,KH0447,2025-05-24 03:31:00,Bán lẻ trực tiếp,NV03,Đã giao
DH008009,KH0250,2025-05-24 04:44:00,TMĐT - Lazada,NV29,Đã hủy
DH011069,KH0332,2025-05-24 07:00:00,Đại lý,NV22,Đang xử lý
DH004533,KH0297,2025-05-24 07:43:00,Showroom,NV20,Đã giao
DH001914,KH0227,2025-05-24 13:48:00,Đại lý,NV12,Đang xử lý
DH001857,KH0105,2025-05-24 14:19:00,Đại lý,NV22,Đã hủy
DH008220,KH0051,2025-05-24 14:37:00,TMĐT - Tiki,NV01,Đã giao
DH000420,KH0116,2025-05-24 17:14:00,Đại lý,NV01,Đã giao
DH000765,KH0070,2025-05-24 18:01:00,Đại lý,NV30,Đã giao
DH001337,KH0227,2025-05-24 18:36:00,Đại lý,NV21,Mới
DH010379,KH0198,2025-05-24 18:55:00,TMĐT - Tiki,NV03,Đang xử lý
DH011476,KH0304,2025-05-24 21:09:00,Showroom,NV14,Đã giao
DH002000,KH0155,2025-05-24 23:24:00,Bán lẻ trực tiếp,NV24,Đang xử lý
DH005439,KH0093,2025-05-24 23:32:00,TMĐT - Shopee,NV19,Đã giao
DH003631,KH0042,2025-05-25 00:28:00,TMĐT - Shopee,NV07,Đã giao
DH001776,KH0146,2025-05-25 00:43:00,TMĐT - Tiki,NV12,Trả hàng
DH000106,KH0070,2025-05-25 01:38:00,TMĐT - Tiki,NV19,Đã giao
DH002202,KH0442,2025-05-25 03:18:00,Đại lý,NV19,Đã giao
DH000777,KH0321,2025-05-25 05:34:00,TMĐT - Tiki,NV06,Đã giao
DH003033,KH0155,2025-05-25 07:49:00,Showroom,NV05,Đã giao
DH004767,KH0105,2025-05-25 08:45:00,TMĐT - Shopee,NV10,Đã giao
DH000247,KH0141,2025-05-25 10:09:00,TMĐT - Tiki,NV19,Đã giao
DH007410,KH0242,2025-05-25 12:38:00,Đại lý,NV14,Đã giao
DH003965,KH0068,2025-05-25 12:50:00,TMĐT - Tiki,NV23,Đang xử lý
DH011739,KH0446,2025-05-25 12:55:00,TMĐT - Lazada,NV11,Đã giao
DH011170,KH0076,2025-05-25 15:16:00,Đại lý,NV16,Đã giao
DH005993,KH0164,2025-05-25 16:56:00,TMĐT - Shopee,NV08,Đã hủy
DH009610,KH0214,2025-05-25 18:24:00,TMĐT - Tiki,NV02,Đã giao
DH011352,KH0262,2025-05-25 20:24:00,Đại lý,NV17,Đã giao
DH002245,KH0113,2025-05-25 21:15:00,TMĐT - Lazada,NV19,Đã giao
DH010908,KH0427,2025-05-25 22:30:00,Bán lẻ trực tiếp,NV04,Đã giao
DH002370,KH0248,2025-05-26 00:38:00,Bán lẻ trực tiếp,NV12,Trả hàng
DH007065,KH0046,2025-05-26 03:52:00,TMĐT - Lazada,NV21,Đã giao
DH004651,KH0140,2025-05-26 04:51:00,Showroom,NV21,Đã giao
DH007863,KH0262,2025-05-26 05:10:00,Bán lẻ trực tiếp,NV29,Đã giao
DH003051,KH0161,2025-05-26 06:05:00,Đại lý,NV19,Đã giao
DH005463,KH0253,2025-05-26 08:34:00,Showroom,NV24,Đã hủy
DH011654,KH0264,2025-05-26 09:43:00,Showroom,NV05,Đã giao
DH003226,KH0391,2025-05-26 10:32:00,Bán lẻ trực tiếp,NV01,Đang xử lý
DH002677,KH0136,2025-05-26 12:49:00,TMĐT - Lazada,NV07,Đã giao
DH010029,KH0346,2025-05-26 17:33:00,TMĐT - Lazada,NV17,Đã giao
DH007728,KH0227,2025-05-26 17:53:00,TMĐT - Lazada,NV16,Đã giao
DH001814,KH0070,2025-05-26 18:10:00,TMĐT - Lazada,NV03,Đã giao
DH011253,KH0051,2025-05-26 19:52:00,TMĐT - Tiki,NV06,Đã giao
DH000508,KH0052,2025-05-26 20:42:00,Showroom,NV20,Đã giao
DH004109,KH0119,2025-05-26 21:11:00,Bán lẻ trực tiếp,NV28,Đã giao
DH000926,KH0262,2025-05-26 21:21:00,TMĐT - Lazada,NV14,Đã giao
DH009663,KH0047,2025-05-26 21:23:00,Đại lý,NV21,Đã giao
DH009421,KH0113,2025-05-26 23:35:00,TMĐT - Lazada,NV15,Đã giao
DH007037,KH0261,2025-05-27 00:45:00,Bán lẻ trực tiếp,NV21,Mới
DH007424,KH0447,2025-05-27 03:19:00,Đại lý,NV27,Đã giao
DH004842,KH0435,2025-05-27 05:25:00,TMĐT - Lazada,NV21,Mới
DH004106,KH0391,2025-05-27 05:26:00,TMĐT - Tiki,NV30,Đã giao
DH000164,KH0077,2025-05-27 06:03:00,Bán lẻ trực tiếp,NV02,Đã giao
DH011562,KH0447,2025-05-27 06:46:00,Đại lý,NV03,Đã hủy
DH006961,KH0242,2025-05-27 08:21:00,TMĐT - Lazada,NV18,Mới
DH007740,KH0184,2025-05-27 10:03:00,Bán lẻ trực tiếp,NV19,Đã giao
DH000325,KH0179,2025-05-27 12:20:00,Showroom,NV06,Mới
DH010889,KH0056,2025-05-27 12:28:00,TMĐT - Lazada,NV03,Đã giao
DH011788,KH0231,2025-05-27 15:16:00,TMĐT - Tiki,NV06,Đã giao
DH011268,KH0201,2025-05-27 15:23:00,TMĐT - Tiki,NV18,Đã giao
DH002550,KH0352,2025-05-27 17:00:00,TMĐT - Lazada,NV24,Trả hàng
DH007071,KH0272,2025-05-27 18:08:00,TMĐT - Tiki,NV20,Đã giao
DH009498,KH0162,2025-05-27 18:38:00,Đại lý,NV14,Đã giao
DH002987,KH0158,2025-05-27 19:43:00,TMĐT - Tiki,NV14,Đã giao
DH002094,KH0227,2025-05-27 20:07:00,Showroom,NV13,Đã giao
DH000125,KH0009,2025-05-27 20:28:00,TMĐT - Lazada,NV06,Đã giao
DH004446,KH0283,2025-05-27 21:55:00,TMĐT - Tiki,NV18,Mới
DH008477,KH0172,2025-05-27 22:22:00,Showroom,NV08,Đã giao
DH006582,KH0422,2025-05-27 22:36:00,TMĐT - Tiki,NV24,Đã giao
DH001205,KH0352,2025-05-28 00:13:00,TMĐT - Shopee,NV10,Đã giao
DH002180,KH0177,2025-05-28 00:27:00,Bán lẻ trực tiếp,NV03,Đang xử lý
DH010751,KH0325,2025-05-28 00:52:00,Bán lẻ trực tiếp,NV26,Đã giao
DH008688,KH0070,2025-05-28 03:52:00,Bán lẻ trực tiếp,NV02,Đã giao
DH001642,KH0406,2025-05-28 07:25:00,Bán lẻ trực tiếp,NV27,Đã giao
DH007677,KH0391,2025-05-28 08:06:00,TMĐT - Shopee,NV13,Đang xử lý
DH009854,KH0215,2025-05-28 08:25:00,Bán lẻ trực tiếp,NV18,Đã giao
DH007107,KH0160,2025-05-28 08:34:00,TMĐT - Shopee,NV04,Đang xử lý
DH002009,KH0053,2025-05-28 10:24:00,TMĐT - Tiki,NV14,Đã giao
DH005071,KH0412,2025-05-28 10:49:00,Bán lẻ trực tiếp,NV25,Đã giao
DH006295,KH0141,2025-05-28 10:50:00,Bán lẻ trực tiếp,NV05,Đang xử lý
DH008570,KH0317,2025-05-28 12:27:00,TMĐT - Lazada,NV20,Đã giao
DH007762,KH0265,2025-05-28 13:09:00,Showroom,NV30,Đã giao
DH007086,KH0359,2025-05-28 13:22:00,TMĐT - Lazada,NV22,Đã giao
DH003670,KH0108,2025-05-28 13:38:00,Bán lẻ trực tiếp,NV26,Đã giao
DH008357,KH0262,2025-05-28 15:07:00,TMĐT - Tiki,NV12,Đã giao
DH007045,KH0035,2025-05-28 15:11:00,Đại lý,NV11,Đã giao
DH007966,KH0391,2025-05-28 16:39:00,TMĐT - Tiki,NV03,Đã giao
DH006853,KH0262,2025-05-29 02:07:00,Bán lẻ trực tiếp,NV06,Đã giao
DH005591,KH0055,2025-05-29 03:45:00,TMĐT - Tiki,NV18,Đang xử lý
DH002825,KH0306,2025-05-29 03:47:00,TMĐT - Shopee,NV25,Đang xử lý
DH004594,KH0034,2025-05-29 04:10:00,TMĐT - Tiki,NV09,Mới
DH011620,KH0003,2025-05-29 06:29:00,TMĐT - Tiki,NV30,Đã giao
DH005332,KH0076,2025-05-29 07:14:00,Showroom,NV29,Đã giao
DH004459,KH0161,2025-05-29 07:42:00,TMĐT - Tiki,NV23,Đã giao
DH003364,KH0447,2025-05-29 09:26:00,TMĐT - Tiki,NV08,Mới
DH008760,KH0391,2025-05-29 12:11:00,Đại lý,NV26,Đã giao
DH003037,KH0356,2025-05-29 12:48:00,TMĐT - Tiki,NV14,Đã giao
DH002827,KH0402,2025-05-29 14:11:00,TMĐT - Tiki,NV07,Đã giao
DH011903,KH0053,2025-05-29 19:51:00,TMĐT - Tiki,NV05,Đã giao
DH005123,KH0446,2025-05-29 20:51:00,Đại lý,NV18,Đã giao
DH002295,KH0399,2025-05-29 20:52:00,TMĐT - Tiki,NV08,Đã giao
DH005035,KH0424,2025-05-29 21:22:00,TMĐT - Lazada,NV15,Đã giao
DH010364,KH0347,2025-05-29 22:01:00,Đại lý,NV18,Đã giao
DH006965,KH0306,2025-05-29 22:02:00,TMĐT - Tiki,NV17,Đã hủy
DH008661,KH0323,2025-05-29 23:48:00,Đại lý,NV21,Đã giao
DH009620,KH0070,2025-05-30 01:25:00,TMĐT - Shopee,NV12,Đã giao
DH008377,KH0193,2025-05-30 03:22:00,Showroom,NV14,Đã giao
DH003322,KH0105,2025-05-30 03:28:00,Bán lẻ trực tiếp,NV14,Đã giao
DH005210,KH0242,2025-05-30 05:05:00,TMĐT - Shopee,NV03,Mới
DH002474,KH0253,2025-05-30 05:17:00,TMĐT - Shopee,NV23,Đã giao
DH000464,KH0113,2025-05-30 06:39:00,Bán lẻ trực tiếp,NV24,Đã giao
DH010472,KH0442,2025-05-30 10:13:00,Showroom,NV22,Đã giao
DH000363,KH0116,2025-05-30 13:39:00,TMĐT - Lazada,NV22,Đã giao
DH003640,KH0377,2025-05-30 16:06:00,TMĐT - Shopee,NV11,Đã giao
DH000988,KH0151,2025-05-30 16:16:00,TMĐT - Lazada,NV07,Đã giao
DH004568,KH0306,2025-05-30 16:27:00,TMĐT - Tiki,NV15,Đã giao
DH010079,KH0227,2025-05-30 17:38:00,TMĐT - Lazada,NV15,Đã hủy
DH002200,KH0170,2025-05-30 21:15:00,Showroom,NV23,Đã giao
DH010102,KH0325,2025-05-30 22:42:00,TMĐT - Lazada,NV04,Đã giao
DH002413,KH0097,2025-05-30 22:51:00,Đại lý,NV06,Đã giao
DH007399,KH0227,2025-05-30 23:38:00,TMĐT - Lazada,NV10,Đã giao
DH007364,KH0053,2025-05-31 01:34:00,Showroom,NV30,Đã giao
DH007401,KH0218,2025-05-31 02:27:00,TMĐT - Lazada,NV11,Đang xử lý
DH006329,KH0163,2025-05-31 02:33:00,Showroom,NV21,Đã giao
DH009486,KH0204,2025-05-31 02:42:00,Bán lẻ trực tiếp,NV01,Đã giao
DH001929,KH0140,2025-05-31 03:28:00,Đại lý,NV17,Đã hủy
DH006379,KH0102,2025-05-31 07:50:00,Đại lý,NV15,Đã giao
DH007408,KH0262,2025-05-31 09:32:00,TMĐT - Shopee,NV05,Đã giao
DH004748,KH0155,2025-05-31 10:44:00,TMĐT - Shopee,NV28,Đã giao
DH005848,KH0346,2025-05-31 11:48:00,Đại lý,NV07,Đã hủy
DH011123,KH0447,2025-05-31 11:55:00,TMĐT - Tiki,NV26,Đã giao
DH001137,KH0306,2025-05-31 18:08:00,TMĐT - Shopee,NV05,Trả hàng
DH001361,KH0094,2025-05-31 22:32:00,Đại lý,NV22,Đã giao
DH008630,KH0051,2025-05-31 23:19:00,Bán lẻ trực tiếp,NV13,Đã giao
DH003059,KH0070,2025-05-31 23:41:00,Đại lý,NV25,Mới
DH008618,KH0391,2025-05-31 23:58:00,TMĐT - Lazada,NV29,Đã giao
DH009878,KH0402,2025-06-01 00:03:00,TMĐT - Tiki,NV08,Đã giao
DH004583,KH0325,2025-06-01 00:58:00,TMĐT - Lazada,NV29,Mới
DH004443,KH0271,2025-06-01 01:19:00,Đại lý,NV28,Đã giao
DH009374,KH0262,2025-06-01 05:35:00,Showroom,NV19,Đã giao
DH006394,KH0368,2025-06-01 05:36:00,Showroom,NV30,Đã giao
DH008561,KH0239,2025-06-01 06:40:00,TMĐT - Shopee,NV21,Đang xử lý
DH004050,KH0428,2025-06-01 07:20:00,Bán lẻ trực tiếp,NV10,Đang xử lý
DH009389,KH0249,2025-06-01 07:55:00,TMĐT - Lazada,NV09,Đã giao
DH007006,KH0262,2025-06-01 09:05:00,Showroom,NV10,Trả hàng
DH010683,KH0139,2025-06-01 09:50:00,Showroom,NV08,Đã giao
DH000253,KH0413,2025-06-01 09:59:00,Đại lý,NV19,Đang xử lý
DH009712,KH0326,2025-06-01 11:43:00,TMĐT - Tiki,NV23,Đã giao
DH003389,KH0412,2025-06-01 12:05:00,Showroom,NV19,Đang xử lý
DH006987,KH0337,2025-06-01 16:14:00,Đại lý,NV21,Mới
DH001772,KH0254,2025-06-01 19:06:00,TMĐT - Shopee,NV14,Đang xử lý
DH003544,KH0117,2025-06-01 19:17:00,Bán lẻ trực tiếp,NV01,Đã giao
DH005771,KH0135,2025-06-01 21:44:00,Showroom,NV03,Đã giao
DH011937,KH0272,2025-06-02 02:20:00,TMĐT - Shopee,NV17,Đã giao
DH003733,KH0122,2025-06-02 02:20:00,Đại lý,NV24,Đã giao
DH005462,KH0365,2025-06-02 02:51:00,Bán lẻ trực tiếp,NV08,Mới
DH009408,KH0221,2025-06-02 08:11:00,Bán lẻ trực tiếp,NV08,Đã giao
DH005317,KH0262,2025-06-02 08:46:00,Đại lý,NV11,Đã giao
DH002961,KH0361,2025-06-02 08:53:00,Showroom,NV29,Đang xử lý
DH000898,KH0051,2025-06-02 12:16:00,Đại lý,NV25,Đã giao
DH004194,KH0155,2025-06-02 12:18:00,TMĐT - Lazada,NV05,Đã giao
DH009326,KH0399,2025-06-02 14:56:00,Showroom,NV11,Đã giao
DH003205,KH0021,2025-06-02 17:45:00,TMĐT - Tiki,NV07,Đã giao
DH000715,KH0306,2025-06-02 19:41:00,Showroom,NV07,Đã giao
DH004905,KH0303,2025-06-02 21:04:00,Showroom,NV12,Đã giao
DH006928,KH0003,2025-06-02 22:36:00,TMĐT - Tiki,NV15,Đã giao
DH008391,KH0429,2025-06-02 22:44:00,Showroom,NV11,Đã giao
DH004780,KH0056,2025-06-02 23:56:00,Showroom,NV15,Mới
DH001537,KH0140,2025-06-03 01:58:00,Showroom,NV08,Đã giao
DH003460,KH0002,2025-06-03 03:27:00,Bán lẻ trực tiếp,NV29,Đã giao
DH005724,KH0322,2025-06-03 04:26:00,Bán lẻ trực tiếp,NV13,Đã giao
DH011371,KH0280,2025-06-03 07:53:00,TMĐT - Lazada,NV16,Đã hủy
DH009808,KH0029,2025-06-03 08:38:00,Showroom,NV14,Mới
DH006764,KH0105,2025-06-03 13:43:00,TMĐT - Shopee,NV15,Mới
DH003116,KH0051,2025-06-03 18:00:00,Bán lẻ trực tiếp,NV11,Đã giao
DH007998,KH0080,2025-06-03 19:08:00,TMĐT - Shopee,NV13,Đã giao
DH010127,KH0199,2025-06-03 20:31:00,TMĐT - Tiki,NV12,Đã giao
DH010567,KH0249,2025-06-03 20:32:00,TMĐT - Tiki,NV26,Đã giao
DH010484,KH0201,2025-06-03 22:29:00,Đại lý,NV26,Đã giao
DH003591,KH0053,2025-06-03 23:15:00,TMĐT - Tiki,NV06,Đã giao
DH008192,KH0391,2025-06-03 23:30:00,TMĐT - Tiki,NV30,Đã giao
DH010201,KH0035,2025-06-03 23:46:00,TMĐT - Lazada,NV24,Đã giao
DH008330,KH0438,2025-06-04 01:12:00,Showroom,NV17,Đã giao
DH000809,KH0385,2025-06-04 01:50:00,TMĐT - Tiki,NV28,Đã giao
DH004362,KH0249,2025-06-04 02:39:00,TMĐT - Shopee,NV30,Đã giao
DH010983,KH0036,2025-06-04 02:58:00,TMĐT - Shopee,NV14,Đã giao
DH002077,KH0262,2025-06-04 03:05:00,Bán lẻ trực tiếp,NV03,Đã giao
DH001416,KH0243,2025-06-04 03:34:00,TMĐT - Tiki,NV02,Đang xử lý
DH006756,KH0179,2025-06-04 03:39:00,Showroom,NV03,Đã giao
DH010430,KH0447,2025-06-04 06:16:00,Bán lẻ trực tiếp,NV19,Đã giao
DH002230,KH0013,2025-06-04 06:18:00,TMĐT - Lazada,NV28,Đã giao
DH002779,KH0266,2025-06-04 10:55:00,Bán lẻ trực tiếp,NV14,Mới
DH005820,KH0332,2025-06-04 12:16:00,TMĐT - Tiki,NV24,Đang xử lý
DH003471,KH0160,2025-06-04 13:18:00,TMĐT - Tiki,NV05,Mới
DH004087,KH0003,2025-06-04 14:01:00,TMĐT - Shopee,NV10,Đã giao
DH003070,KH0262,2025-06-04 15:14:00,Đại lý,NV01,Đang xử lý
DH002378,KH0164,2025-06-04 17:47:00,Bán lẻ trực tiếp,NV14,Đã giao
DH000824,KH0035,2025-06-04 18:48:00,Đại lý,NV17,Đã giao
DH007790,KH0155,2025-06-04 19:50:00,Bán lẻ trực tiếp,NV05,Đang xử lý
DH002115,KH0397,2025-06-04 21:52:00,TMĐT - Lazada,NV27,Đã giao
DH005878,KH0246,2025-06-04 22:38:00,Bán lẻ trực tiếp,NV18,Đã hủy
DH007865,KH0253,2025-06-05 00:26:00,TMĐT - Tiki,NV16,Đã giao
DH011867,KH0306,2025-06-05 02:16:00,TMĐT - Lazada,NV17,Đã giao
DH004137,KH0039,2025-06-05 04:14:00,TMĐT - Tiki,NV08,Đã giao
DH002161,KH0241,2025-06-05 04:24:00,TMĐT - Lazada,NV12,Đã giao
DH008410,KH0100,2025-06-05 05:18:00,TMĐT - Shopee,NV08,Đã giao
DH003513,KH0314,2025-06-05 05:30:00,Showroom,NV03,Đã hủy
DH010940,KH0188,2025-06-05 10:08:00,Showroom,NV20,Đã giao
DH007036,KH0012,2025-06-05 11:31:00,Bán lẻ trực tiếp,NV22,Trả hàng
DH003122,KH0035,2025-06-05 14:11:00,TMĐT - Lazada,NV08,Đã giao
DH002566,KH0117,2025-06-05 15:09:00,Bán lẻ trực tiếp,NV02,Đã giao
DH010520,KH0294,2025-06-05 17:09:00,Bán lẻ trực tiếp,NV16,Đã giao
DH009480,KH0192,2025-06-05 20:58:00,Đại lý,NV24,Đã giao
DH003727,KH0141,2025-06-05 23:09:00,Bán lẻ trực tiếp,NV10,Đã giao
DH002121,KH0329,2025-06-05 23:39:00,TMĐT - Tiki,NV30,Đã giao
DH006251,KH0439,2025-06-06 01:12:00,Đại lý,NV06,Đã giao
DH000770,KH0313,2025-06-06 01:17:00,TMĐT - Tiki,NV23,Đã giao
DH005622,KH0192,2025-06-06 01:50:00,TMĐT - Lazada,NV15,Đã giao
DH007017,KH0359,2025-06-06 02:06:00,Đại lý,NV25,Đã giao
DH008108,KH0116,2025-06-06 05:54:00,Showroom,NV03,Đã giao
DH002260,KH0193,2025-06-06 06:54:00,TMĐT - Tiki,NV02,Đã giao
DH005066,KH0314,2025-06-06 07:40:00,Đại lý,NV25,Đã giao
DH009104,KH0204,2025-06-06 07:59:00,Đại lý,NV19,Đã giao
DH006606,KH0406,2025-06-06 10:27:00,Bán lẻ trực tiếp,NV22,Trả hàng
DH007835,KH0070,2025-06-06 12:43:00,TMĐT - Tiki,NV11,Đã giao
DH005483,KH0029,2025-06-06 13:13:00,Showroom,NV24,Đã giao
DH006535,KH0439,2025-06-06 13:33:00,TMĐT - Tiki,NV09,Đã giao
DH003576,KH0439,2025-06-06 14:02:00,TMĐT - Tiki,NV26,Trả hàng
DH004675,KH0444,2025-06-06 15:18:00,Đại lý,NV23,Đang xử lý
DH005416,KH0227,2025-06-06 15:29:00,TMĐT - Tiki,NV29,Đang xử lý
DH011728,KH0070,2025-06-06 17:27:00,TMĐT - Tiki,NV14,Đã giao
DH003467,KH0347,2025-06-06 20:51:00,TMĐT - Lazada,NV07,Đã giao
DH011607,KH0358,2025-06-06 22:17:00,Bán lẻ trực tiếp,NV20,Đã giao
DH000551,KH0442,2025-06-06 22:31:00,TMĐT - Tiki,NV03,Đã hủy
DH004482,KH0096,2025-06-06 23:16:00,Bán lẻ trực tiếp,NV30,Đã giao
DH010817,KH0161,2025-06-07 00:07:00,TMĐT - Tiki,NV14,Đang xử lý
DH000968,KH0070,2025-06-07 00:15:00,TMĐT - Lazada,NV05,Đã hủy
DH010914,KH0332,2025-06-07 00:52:00,Đại lý,NV17,Đã giao
DH002217,KH0246,2025-06-07 02:33:00,Đại lý,NV27,Đã giao
DH011988,KH0002,2025-06-07 05:09:00,Bán lẻ trực tiếp,NV28,Đã giao
DH004208,KH0323,2025-06-07 07:53:00,TMĐT - Lazada,NV12,Đã giao
DH003495,KH0273,2025-06-07 08:18:00,Showroom,NV05,Đã giao
DH011364,KH0257,2025-06-07 08:26:00,TMĐT - Lazada,NV05,Đã hủy
DH011806,KH0166,2025-06-07 09:05:00,Bán lẻ trực tiếp,NV08,Đã giao
DH000261,KH0070,2025-06-07 09:17:00,Đại lý,NV01,Đã giao
DH004112,KH0088,2025-06-07 09:25:00,Showroom,NV04,Đã giao
DH000119,KH0229,2025-06-07 09:28:00,TMĐT - Tiki,NV01,Đã giao
DH002279,KH0182,2025-06-07 09:30:00,Đại lý,NV23,Mới
DH000940,KH0253,2025-06-07 11:50:00,Đại lý,NV13,Đã giao
DH005357,KH0406,2025-06-07 12:27:00,Đại lý,NV01,Đã giao
DH008893,KH0318,2025-06-07 12:47:00,TMĐT - Tiki,NV07,Đã giao
DH001686,KH0055,2025-06-07 14:28:00,TMĐT - Shopee,NV12,Đã giao
DH006435,KH0133,2025-06-07 15:17:00,TMĐT - Lazada,NV01,Đã giao
DH004966,KH0034,2025-06-07 17:40:00,Showroom,NV25,Trả hàng
DH002491,KH0224,2025-06-07 19:00:00,Đại lý,NV08,Đã giao
DH011198,KH0010,2025-06-07 21:53:00,TMĐT - Lazada,NV17,Đang xử lý
DH010974,KH0346,2025-06-07 22:11:00,Đại lý,NV12,Đã giao
DH011041,KH0398,2025-06-08 02:35:00,Showroom,NV04,Đang xử lý
DH004875,KH0281,2025-06-08 02:39:00,Showroom,NV04,Đã giao
DH000555,KH0204,2025-06-08 06:07:00,TMĐT - Tiki,NV23,Đã giao
DH005168,KH0199,2025-06-08 08:06:00,Showroom,NV10,Đã giao
DH010557,KH0325,2025-06-08 09:04:00,TMĐT - Shopee,NV20,Đã hủy
DH010429,KH0351,2025-06-08 09:09:00,TMĐT - Tiki,NV24,Đang xử lý
DH007396,KH0008,2025-06-08 13:23:00,TMĐT - Lazada,NV07,Đã giao
DH001591,KH0368,2025-06-08 15:47:00,Bán lẻ trực tiếp,NV16,Đã giao
DH011161,KH0227,2025-06-08 15:50:00,TMĐT - Lazada,NV01,Đã giao
DH001732,KH0035,2025-06-08 16:21:00,Showroom,NV04,Đã giao
DH000642,KH0413,2025-06-08 17:07:00,TMĐT - Tiki,NV07,Đang xử lý
DH007548,KH0155,2025-06-08 17:19:00,Showroom,NV17,Đã giao
DH007831,KH0208,2025-06-08 17:29:00,TMĐT - Lazada,NV08,Mới
DH011379,KH0391,2025-06-08 17:42:00,TMĐT - Lazada,NV16,Đã giao
DH008067,KH0192,2025-06-08 19:38:00,TMĐT - Tiki,NV03,Đã giao
DH010801,KH0034,2025-06-08 20:39:00,Showroom,NV18,Đã giao
DH002972,KH0420,2025-06-08 21:40:00,TMĐT - Shopee,NV23,Đã giao
DH005388,KH0242,2025-06-08 22:18:00,Đại lý,NV29,Đang xử lý
DH010876,KH0208,2025-06-09 01:05:00,Đại lý,NV03,Đã giao
DH008329,KH0053,2025-06-09 01:23:00,Bán lẻ trực tiếp,NV25,Đã giao
DH004247,KH0155,2025-06-09 03:49:00,Bán lẻ trực tiếp,NV07,Đã giao
DH011668,KH0243,2025-06-09 06:21:00,TMĐT - Tiki,NV02,Đã giao
DH010339,KH0314,2025-06-09 06:42:00,Showroom,NV04,Đã giao
DH009648,KH0113,2025-06-09 08:40:00,TMĐT - Lazada,NV07,Đang xử lý
DH001178,KH0093,2025-06-09 11:16:00,Đại lý,NV22,Mới
DH009132,KH0095,2025-06-09 12:07:00,Đại lý,NV18,Đã giao
DH006184,KH0374,2025-06-09 12:49:00,TMĐT - Lazada,NV25,Mới
DH001517,KH0406,2025-06-09 13:34:00,Bán lẻ trực tiếp,NV14,Đã giao
DH011674,KH0306,2025-06-09 15:53:00,TMĐT - Tiki,NV14,Đã giao
DH005804,KH0446,2025-06-09 16:14:00,Showroom,NV17,Đang xử lý
DH010141,KH0299,2025-06-09 17:13:00,TMĐT - Tiki,NV23,Đã giao
DH003499,KH0155,2025-06-09 17:34:00,Bán lẻ trực tiếp,NV18,Đã giao
DH004631,KH0377,2025-06-09 23:48:00,TMĐT - Lazada,NV18,Đã giao
DH003508,KH0391,2025-06-09 23:55:00,Showroom,NV24,Đã giao
DH000800,KH0376,2025-06-10 00:47:00,Showroom,NV12,Đã giao
DH003953,KH0070,2025-06-10 03:59:00,TMĐT - Shopee,NV11,Đã giao
DH006492,KH0199,2025-06-10 04:13:00,Showroom,NV29,Đã giao
DH001602,KH0187,2025-06-10 05:14:00,Bán lẻ trực tiếp,NV19,Đang xử lý
DH000444,KH0251,2025-06-10 08:12:00,Bán lẻ trực tiếp,NV21,Đã giao
DH005447,KH0306,2025-06-10 10:01:00,Đại lý,NV07,Đã giao
DH011950,KH0283,2025-06-10 10:56:00,Showroom,NV25,Đã giao
DH007497,KH0032,2025-06-10 11:54:00,TMĐT - Tiki,NV15,Đã giao
DH007117,KH0160,2025-06-10 12:58:00,TMĐT - Lazada,NV25,Đã giao
DH011888,KH0293,2025-06-10 15:30:00,Showroom,NV15,Đã giao
DH004507,KH0412,2025-06-10 16:04:00,Bán lẻ trực tiếp,NV07,Đang xử lý
DH009292,KH0262,2025-06-10 21:40:00,Đại lý,NV15,Đã giao
DH004797,KH0368,2025-06-11 00:07:00,Bán lẻ trực tiếp,NV26,Đã giao
DH004216,KH0412,2025-06-11 00:40:00,Showroom,NV21,Mới
DH004501,KH0209,2025-06-11 01:36:00,TMĐT - Shopee,NV22,Đã giao
DH002698,KH0135,2025-06-11 11:30:00,Showroom,NV07,Đã hủy
DH010191,KH0442,2025-06-11 11:37:00,Bán lẻ trực tiếp,NV03,Đã hủy
DH011762,KH0028,2025-06-11 13:09:00,Bán lẻ trực tiếp,NV29,Đã giao
DH000130,KH0429,2025-06-11 14:01:00,TMĐT - Lazada,NV23,Đã giao
DH011338,KH0404,2025-06-11 14:13:00,TMĐT - Tiki,NV22,Đã giao
DH000925,KH0342,2025-06-11 15:32:00,TMĐT - Shopee,NV09,Đã giao
DH000676,KH0209,2025-06-11 15:37:00,TMĐT - Shopee,NV22,Đã giao
DH000922,KH0447,2025-06-11 18:06:00,TMĐT - Tiki,NV26,Đã giao
DH009980,KH0314,2025-06-11 18:19:00,Đại lý,NV07,Đang xử lý
DH001553,KH0051,2025-06-11 20:43:00,Bán lẻ trực tiếp,NV10,Đã giao
DH005390,KH0391,2025-06-11 21:10:00,Bán lẻ trực tiếp,NV04,Đã giao
DH007915,KH0229,2025-06-11 23:24:00,TMĐT - Shopee,NV11,Đã giao
DH003734,KH0176,2025-06-12 01:09:00,Showroom,NV13,Đã giao
DH000714,KH0128,2025-06-12 02:20:00,Đại lý,NV09,Đã giao
DH011222,KH0034,2025-06-12 03:22:00,TMĐT - Tiki,NV30,Đã giao
DH009687,KH0377,2025-06-12 04:11:00,Bán lẻ trực tiếp,NV01,Đã giao
DH011936,KH0227,2025-06-12 06:54:00,Đại lý,NV27,Đã giao
DH010249,KH0274,2025-06-12 08:11:00,TMĐT - Tiki,NV03,Đã giao
DH002533,KH0091,2025-06-12 11:05:00,TMĐT - Shopee,NV06,Đã giao
DH000820,KH0227,2025-06-12 11:10:00,TMĐT - Lazada,NV12,Đã giao
DH000785,KH0012,2025-06-12 15:26:00,Showroom,NV28,Đã giao
DH007440,KH0367,2025-06-12 21:17:00,Đại lý,NV01,Đã giao
DH000981,KH0013,2025-06-12 21:42:00,TMĐT - Tiki,NV12,Đã giao
DH003872,KH0248,2025-06-12 22:18:00,TMĐT - Tiki,NV18,Đã giao
DH002164,KH0141,2025-06-12 22:49:00,Đại lý,NV07,Đã giao
DH009971,KH0262,2025-06-13 05:53:00,Đại lý,NV27,Trả hàng
DH005309,KH0252,2025-06-13 07:02:00,TMĐT - Lazada,NV12,Đã giao
DH010824,KH0379,2025-06-13 08:49:00,Bán lẻ trực tiếp,NV25,Đã giao
DH004965,KH0086,2025-06-13 09:52:00,Showroom,NV28,Đã giao
DH002423,KH0194,2025-06-13 11:20:00,Bán lẻ trực tiếp,NV13,Đã giao
DH001895,KH0198,2025-06-13 13:47:00,Bán lẻ trực tiếp,NV13,Đã giao
DH011457,KH0135,2025-06-13 18:32:00,Đại lý,NV17,Đang xử lý
DH009297,KH0334,2025-06-13 19:11:00,Đại lý,NV17,Đã giao
DH010880,KH0442,2025-06-13 19:33:00,TMĐT - Lazada,NV29,Đã giao
DH006904,KH0359,2025-06-13 19:36:00,Showroom,NV25,Đang xử lý
DH006003,KH0122,2025-06-13 20:07:00,Bán lẻ trực tiếp,NV14,Mới
DH003354,KH0391,2025-06-13 20:37:00,TMĐT - Shopee,NV14,Đã giao
DH006134,KH0229,2025-06-13 21:59:00,TMĐT - Tiki,NV19,Đã giao
DH008800,KH0177,2025-06-13 22:50:00,TMĐT - Lazada,NV24,Đã giao
DH005908,KH0136,2025-06-14 00:56:00,TMĐT - Lazada,NV26,Mới
DH011128,KH0239,2025-06-14 01:03:00,Bán lẻ trực tiếp,NV02,Đã hủy
DH006832,KH0391,2025-06-14 02:09:00,Showroom,NV02,Đã hủy
DH002951,KH0311,2025-06-14 02:48:00,Bán lẻ trực tiếp,NV01,Đã giao
DH008811,KH0053,2025-06-14 03:20:00,TMĐT - Shopee,NV28,Đã giao
DH005803,KH0303,2025-06-14 04:51:00,TMĐT - Lazada,NV12,Đã giao
DH005136,KH0046,2025-06-14 06:17:00,Showroom,NV21,Đã giao
DH005165,KH0384,2025-06-14 07:15:00,TMĐT - Tiki,NV06,Đã giao
DH003699,KH0070,2025-06-14 08:47:00,Bán lẻ trực tiếp,NV19,Đang xử lý
DH000997,KH0105,2025-06-14 08:55:00,Bán lẻ trực tiếp,NV01,Đã giao
DH000149,KH0034,2025-06-14 09:19:00,TMĐT - Shopee,NV16,Đã giao
DH011290,KH0422,2025-06-14 14:14:00,Showroom,NV02,Đã giao
DH000609,KH0070,2025-06-14 16:25:00,Showroom,NV06,Đã giao
DH000371,KH0253,2025-06-14 17:36:00,TMĐT - Tiki,NV09,Đã hủy
DH007074,KH0143,2025-06-14 18:20:00,TMĐT - Shopee,NV14,Đã hủy
DH006746,KH0256,2025-06-14 19:42:00,Đại lý,NV06,Đã giao
DH002166,KH0428,2025-06-14 22:29:00,Bán lẻ trực tiếp,NV15,Đã giao
DH003188,KH0257,2025-06-15 00:28:00,Showroom,NV13,Đã giao
DH002297,KH0346,2025-06-15 03:04:00,TMĐT - Lazada,NV23,Đã hủy
DH001269,KH0243,2025-06-15 03:06:00,Showroom,NV07,Đã giao
DH006539,KH0187,2025-06-15 03:09:00,TMĐT - Shopee,NV12,Đã giao
DH011995,KH0227,2025-06-15 03:09:00,TMĐT - Shopee,NV23,Đã giao
DH006287,KH0253,2025-06-15 08:19:00,TMĐT - Lazada,NV14,Đã giao
DH000679,KH0447,2025-06-15 09:36:00,TMĐT - Lazada,NV16,Đã giao
DH010731,KH0070,2025-06-15 10:49:00,TMĐT - Tiki,NV29,Mới
DH001682,KH0422,2025-06-15 10:50:00,Showroom,NV01,Đã giao
DH002076,KH0374,2025-06-15 11:00:00,TMĐT - Shopee,NV29,Đã giao
DH009711,KH0379,2025-06-15 12:35:00,Đại lý,NV02,Đã giao
DH010017,KH0227,2025-06-15 13:13:00,Showroom,NV27,Đang xử lý
DH010551,KH0035,2025-06-15 16:15:00,TMĐT - Shopee,NV12,Đã giao
DH007585,KH0200,2025-06-15 17:36:00,TMĐT - Lazada,NV11,Mới
DH003759,KH0081,2025-06-15 19:50:00,TMĐT - Shopee,NV21,Đã giao
DH008497,KH0397,2025-06-15 21:35:00,TMĐT - Shopee,NV27,Đang xử lý
DH008193,KH0402,2025-06-15 23:24:00,TMĐT - Shopee,NV24,Đã giao
DH000175,KH0070,2025-06-15 23:37:00,Showroom,NV28,Mới
DH007705,KH0262,2025-06-16 00:35:00,Showroom,NV14,Đã hủy
DH009772,KH0365,2025-06-16 00:59:00,Showroom,NV22,Đã giao
DH003486,KH0004,2025-06-16 02:00:00,TMĐT - Shopee,NV28,Đang xử lý
DH010959,KH0160,2025-06-16 03:24:00,Bán lẻ trực tiếp,NV30,Đã giao
DH001250,KH0200,2025-06-16 04:11:00,Bán lẻ trực tiếp,NV02,Đã giao
DH006319,KH0070,2025-06-16 04:31:00,TMĐT - Lazada,NV27,Đã giao
DH005238,KH0368,2025-06-16 04:54:00,Đại lý,NV13,Đã giao
DH009250,KH0218,2025-06-16 06:36:00,TMĐT - Tiki,NV02,Đã giao
DH007487,KH0330,2025-06-16 07:22:00,TMĐT - Shopee,NV08,Đã giao
DH010100,KH0268,2025-06-16 11:28:00,TMĐT - Shopee,NV17,Đã giao
DH010584,KH0414,2025-06-16 11:37:00,Showroom,NV26,Đã giao
DH011109,KH0399,2025-06-16 15:29:00,Đại lý,NV10,Đã giao
DH004334,KH0158,2025-06-16 17:20:00,Showroom,NV15,Đã giao
DH000582,KH0241,2025-06-16 18:31:00,Đại lý,NV07,Trả hàng
DH002614,KH0411,2025-06-16 20:29:00,TMĐT - Shopee,NV28,Đã giao
DH000375,KH0412,2025-06-16 22:05:00,Showroom,NV14,Đang xử lý
DH002765,KH0326,2025-06-17 01:21:00,TMĐT - Tiki,NV29,Đang xử lý
DH005299,KH0442,2025-06-17 01:42:00,TMĐT - Shopee,NV04,Đang xử lý
DH002316,KH0446,2025-06-17 02:10:00,Đại lý,NV22,Đã giao
DH006236,KH0032,2025-06-17 03:35:00,TMĐT - Shopee,NV01,Đã giao
DH009882,KH0197,2025-06-17 04:18:00,Showroom,NV05,Trả hàng
DH008038,KH0246,2025-06-17 06:51:00,TMĐT - Tiki,NV12,Đã giao
DH009234,KH0262,2025-06-17 07:13:00,TMĐT - Shopee,NV21,Đã giao
DH009678,KH0434,2025-06-17 11:01:00,Showroom,NV23,Đã giao
DH009873,KH0355,2025-06-17 12:20:00,TMĐT - Tiki,NV10,Trả hàng
DH003271,KH0365,2025-06-17 12:57:00,TMĐT - Shopee,NV03,Đã giao
DH001175,KH0442,2025-06-17 13:26:00,TMĐT - Lazada,NV23,Đã giao
DH004817,KH0114,2025-06-17 13:41:00,TMĐT - Shopee,NV05,Đã giao
DH011424,KH0396,2025-06-17 13:48:00,Showroom,NV14,Đang xử lý
DH009841,KH0056,2025-06-17 16:09:00,TMĐT - Lazada,NV06,Đã giao
DH009078,KH0151,2025-06-17 16:12:00,Showroom,NV06,Đã giao
DH008885,KH0299,2025-06-17 19:56:00,TMĐT - Tiki,NV18,Đã giao
DH009246,KH0442,2025-06-17 20:32:00,Bán lẻ trực tiếp,NV10,Đã giao
DH006093,KH0070,2025-06-17 21:20:00,TMĐT - Tiki,NV29,Đã giao
DH000257,KH0135,2025-06-17 21:47:00,Showroom,NV14,Đã giao
DH007805,KH0406,2025-06-17 23:47:00,TMĐT - Tiki,NV01,Đã giao
DH002147,KH0243,2025-06-17 23:56:00,Bán lẻ trực tiếp,NV11,Đã giao
DH002950,KH0077,2025-06-18 00:49:00,Showroom,NV06,Đã giao
DH006275,KH0262,2025-06-18 01:38:00,TMĐT - Tiki,NV14,Đã giao
DH000285,KH0204,2025-06-18 02:59:00,TMĐT - Shopee,NV21,Đã giao
DH010015,KH0220,2025-06-18 06:32:00,TMĐT - Tiki,NV17,Đã giao
DH002493,KH0143,2025-06-18 06:40:00,Bán lẻ trực tiếp,NV04,Đã giao
DH011336,KH0436,2025-06-18 07:25:00,Bán lẻ trực tiếp,NV16,Đã giao
DH003254,KH0135,2025-06-18 07:49:00,TMĐT - Lazada,NV29,Đã giao
DH001670,KH0204,2025-06-18 08:00:00,Bán lẻ trực tiếp,NV25,Đã giao
DH005127,KH0066,2025-06-18 10:09:00,Bán lẻ trực tiếp,NV23,Đã hủy
DH007949,KH0008,2025-06-18 12:12:00,Đại lý,NV01,Đã giao
DH000746,KH0442,2025-06-18 15:02:00,TMĐT - Lazada,NV05,Đã giao
DH002237,KH0447,2025-06-18 15:51:00,Đại lý,NV11,Đã giao
DH006783,KH0135,2025-06-18 19:27:00,TMĐT - Shopee,NV19,Đã giao
DH008557,KH0197,2025-06-18 20:23:00,Đại lý,NV24,Đã giao
DH001768,KH0158,2025-06-18 21:15:00,TMĐT - Lazada,NV27,Đã giao
DH000654,KH0113,2025-06-18 21:52:00,Đại lý,NV02,Đã giao
DH005486,KH0012,2025-06-18 22:35:00,TMĐT - Tiki,NV16,Đã giao
DH003081,KH0413,2025-06-18 22:57:00,TMĐT - Tiki,NV15,Đang xử lý
DH005530,KH0035,2025-06-18 23:48:00,Bán lẻ trực tiếp,NV24,Đã giao
DH006504,KH0360,2025-06-19 00:26:00,Showroom,NV09,Đã giao
DH003647,KH0339,2025-06-19 04:08:00,Showroom,NV15,Đã giao
DH004266,KH0168,2025-06-19 05:01:00,Showroom,NV11,Đã giao
DH004006,KH0412,2025-06-19 06:35:00,Showroom,NV06,Đã giao
DH003180,KH0035,2025-06-19 12:02:00,TMĐT - Lazada,NV08,Đã giao
DH011676,KH0391,2025-06-19 13:51:00,Đại lý,NV12,Đã giao
DH000896,KH0207,2025-06-19 15:30:00,Bán lẻ trực tiếp,NV17,Đã giao
DH010904,KH0140,2025-06-19 16:10:00,TMĐT - Tiki,NV28,Đã giao
DH008239,KH0259,2025-06-19 16:19:00,Showroom,NV07,Đã giao
DH008908,KH0359,2025-06-19 17:14:00,TMĐT - Shopee,NV07,Đã giao
DH006120,KH0257,2025-06-19 17:21:00,TMĐT - Tiki,NV19,Đã hủy
DH006402,KH0215,2025-06-19 17:58:00,TMĐT - Lazada,NV20,Đã giao
DH003569,KH0325,2025-06-19 23:23:00,TMĐT - Tiki,NV05,Đã giao
DH000368,KH0343,2025-06-20 00:36:00,Bán lẻ trực tiếp,NV29,Đã giao
DH011571,KH0051,2025-06-20 01:41:00,Showroom,NV16,Đã giao
DH011904,KH0056,2025-06-20 01:51:00,TMĐT - Lazada,NV04,Đã hủy
DH000255,KH0208,2025-06-20 02:21:00,TMĐT - Shopee,NV30,Mới
DH010569,KH0229,2025-06-20 07:01:00,TMĐT - Shopee,NV02,Đang xử lý
DH011473,KH0309,2025-06-20 07:17:00,TMĐT - Shopee,NV11,Đã giao
DH001860,KH0448,2025-06-20 07:19:00,TMĐT - Lazada,NV09,Đã giao
DH010636,KH0031,2025-06-20 09:22:00,TMĐT - Shopee,NV21,Đã giao
DH009825,KH0274,2025-06-20 09:35:00,Bán lẻ trực tiếp,NV07,Trả hàng
DH011996,KH0164,2025-06-20 11:05:00,TMĐT - Tiki,NV24,Đã giao
DH003361,KH0309,2025-06-20 11:34:00,TMĐT - Tiki,NV24,Trả hàng
DH002726,KH0447,2025-06-20 12:27:00,TMĐT - Shopee,NV26,Đã giao
DH011513,KH0257,2025-06-20 13:13:00,Showroom,NV18,Đã giao
DH001615,KH0070,2025-06-20 13:56:00,Bán lẻ trực tiếp,NV09,Đã giao
DH004621,KH0140,2025-06-20 15:01:00,Đại lý,NV11,Đang xử lý
DH009890,KH0446,2025-06-20 15:59:00,Đại lý,NV30,Đã giao
DH003814,KH0262,2025-06-20 16:05:00,Showroom,NV04,Đã giao
DH009417,KH0337,2025-06-20 18:58:00,TMĐT - Shopee,NV26,Đã giao
DH006190,KH0288,2025-06-20 18:58:00,TMĐT - Shopee,NV12,Đã giao
DH010348,KH0438,2025-06-20 19:48:00,TMĐT - Shopee,NV13,Đang xử lý
DH004233,KH0056,2025-06-20 19:55:00,Showroom,NV11,Đã giao
DH007673,KH0081,2025-06-20 23:30:00,TMĐT - Lazada,NV13,Đã giao
DH001850,KH0341,2025-06-21 00:04:00,TMĐT - Lazada,NV19,Đã giao
DH010858,KH0391,2025-06-21 02:03:00,TMĐT - Tiki,NV17,Đã giao
DH009641,KH0447,2025-06-21 05:25:00,TMĐT - Tiki,NV15,Đang xử lý
DH006336,KH0184,2025-06-21 09:39:00,TMĐT - Tiki,NV18,Đang xử lý
DH008043,KH0306,2025-06-21 10:13:00,Bán lẻ trực tiếp,NV29,Đã giao
DH005068,KH0135,2025-06-21 11:14:00,TMĐT - Tiki,NV10,Đã giao
DH010482,KH0274,2025-06-21 11:18:00,Đại lý,NV02,Đã giao
DH009851,KH0250,2025-06-21 11:25:00,TMĐT - Tiki,NV20,Đang xử lý
DH006776,KH0326,2025-06-21 18:19:00,Bán lẻ trực tiếp,NV26,Đang xử lý
DH007736,KH0105,2025-06-21 21:31:00,Bán lẻ trực tiếp,NV29,Trả hàng
DH007704,KH0359,2025-06-21 21:53:00,TMĐT - Shopee,NV29,Đã giao
DH004939,KH0227,2025-06-21 23:10:00,TMĐT - Shopee,NV30,Đã giao
DH005780,KH0258,2025-06-21 23:38:00,Showroom,NV19,Đã giao
DH008064,KH0227,2025-06-22 01:21:00,Đại lý,NV12,Đã giao
DH006405,KH0246,2025-06-22 03:08:00,TMĐT - Shopee,NV12,Đã giao
DH003809,KH0266,2025-06-22 03:24:00,TMĐT - Shopee,NV19,Đã giao
DH011422,KH0121,2025-06-22 03:44:00,TMĐT - Shopee,NV20,Đã giao
DH001574,KH0447,2025-06-22 04:03:00,Showroom,NV30,Đã giao
DH009599,KH0151,2025-06-22 04:58:00,Bán lẻ trực tiếp,NV10,Đã giao
DH006758,KH0151,2025-06-22 05:03:00,Bán lẻ trực tiếp,NV12,Đã giao
DH008141,KH0097,2025-06-22 09:10:00,Bán lẻ trực tiếp,NV15,Đang xử lý
DH003857,KH0360,2025-06-22 10:09:00,TMĐT - Lazada,NV24,Đã giao
DH007384,KH0322,2025-06-22 16:31:00,TMĐT - Tiki,NV14,Đã giao
DH009990,KH0262,2025-06-22 18:03:00,TMĐT - Lazada,NV21,Đã giao
DH005373,KH0212,2025-06-22 18:05:00,TMĐT - Tiki,NV15,Đã giao
DH005664,KH0247,2025-06-22 19:36:00,TMĐT - Shopee,NV22,Đã giao
DH011526,KH0227,2025-06-22 22:10:00,Showroom,NV17,Mới
DH001200,KH0345,2025-06-22 22:43:00,Đại lý,NV10,Đã hủy
DH002278,KH0247,2025-06-22 23:20:00,Đại lý,NV17,Đang xử lý
DH010256,KH0108,2025-06-23 00:43:00,Bán lẻ trực tiếp,NV23,Đã giao
DH010101,KH0235,2025-06-23 05:38:00,TMĐT - Lazada,NV30,Mới
DH010809,KH0155,2025-06-23 08:20:00,Bán lẻ trực tiếp,NV16,Đã giao
DH000206,KH0070,2025-06-23 09:16:00,Bán lẻ trực tiếp,NV23,Đã giao
DH010972,KH0391,2025-06-23 11:12:00,TMĐT - Lazada,NV05,Đã giao
DH007204,KH0413,2025-06-23 11:55:00,Bán lẻ trực tiếp,NV21,Đã giao
DH002085,KH0427,2025-06-23 13:19:00,TMĐT - Tiki,NV17,Đã giao
DH010753,KH0442,2025-06-23 13:25:00,TMĐT - Tiki,NV19,Đã giao
DH007054,KH0359,2025-06-23 14:15:00,TMĐT - Shopee,NV21,Đã giao
DH001463,KH0262,2025-06-23 14:17:00,Showroom,NV13,Đã giao
DH008325,KH0141,2025-06-23 14:20:00,Bán lẻ trực tiếp,NV14,Đang xử lý
DH006067,KH0442,2025-06-23 14:56:00,Đại lý,NV13,Đã giao
DH005863,KH0433,2025-06-23 16:33:00,Đại lý,NV16,Đã giao
DH000173,KH0081,2025-06-23 19:36:00,Bán lẻ trực tiếp,NV17,Đã giao
DH004337,KH0368,2025-06-23 20:35:00,TMĐT - Shopee,NV25,Đã giao
DH000281,KH0271,2025-06-23 22:28:00,Bán lẻ trực tiếp,NV24,Đang xử lý
DH006765,KH0012,2025-06-24 01:14:00,Bán lẻ trực tiếp,NV11,Đã giao
DH010427,KH0325,2025-06-24 02:56:00,TMĐT - Tiki,NV03,Đã giao
DH001278,KH0070,2025-06-24 03:09:00,Đại lý,NV13,Đã hủy
DH011652,KH0446,2025-06-24 06:17:00,Bán lẻ trực tiếp,NV27,Đã hủy
DH001516,KH0442,2025-06-24 07:03:00,Bán lẻ trực tiếp,NV03,Đã giao
DH011204,KH0280,2025-06-24 09:20:00,Bán lẻ trực tiếp,NV21,Đã giao
DH006458,KH0140,2025-06-24 16:48:00,Bán lẻ trực tiếp,NV24,Mới
DH002517,KH0175,2025-06-24 19:41:00,Bán lẻ trực tiếp,NV15,Đã giao
DH006133,KH0113,2025-06-24 20:27:00,Showroom,NV19,Đã giao
DH009319,KH0012,2025-06-24 21:09:00,TMĐT - Lazada,NV12,Đang xử lý
DH008463,KH0248,2025-06-24 21:46:00,TMĐT - Lazada,NV27,Mới
DH007726,KH0325,2025-06-24 22:43:00,Showroom,NV29,Đang xử lý
DH001678,KH0179,2025-06-24 23:13:00,Bán lẻ trực tiếp,NV11,Đã hủy
DH011341,KH0442,2025-06-25 00:22:00,Bán lẻ trực tiếp,NV21,Đã giao
DH004769,KH0012,2025-06-25 01:30:00,Showroom,NV09,Đã giao
DH001828,KH0402,2025-06-25 03:19:00,TMĐT - Shopee,NV30,Đang xử lý
DH007689,KH0031,2025-06-25 04:02:00,TMĐT - Lazada,NV18,Đã giao
DH004255,KH0029,2025-06-25 07:23:00,TMĐT - Lazada,NV17,Đã giao
DH001830,KH0198,2025-06-25 07:39:00,TMĐT - Shopee,NV20,Đã hủy
DH005154,KH0351,2025-06-25 08:59:00,Showroom,NV14,Đã giao
DH002569,KH0277,2025-06-25 12:03:00,Showroom,NV24,Đã giao
DH000955,KH0077,2025-06-25 13:59:00,TMĐT - Lazada,NV03,Đã giao
DH011118,KH0262,2025-06-25 14:06:00,TMĐT - Lazada,NV14,Đã giao
DH009889,KH0151,2025-06-25 16:37:00,TMĐT - Tiki,NV14,Đã giao
DH003134,KH0447,2025-06-25 17:18:00,TMĐT - Lazada,NV09,Đã giao
DH005953,KH0241,2025-06-25 17:41:00,TMĐT - Lazada,NV24,Đã giao
DH009423,KH0183,2025-06-25 17:47:00,Đại lý,NV05,Trả hàng
DH006767,KH0105,2025-06-25 17:51:00,TMĐT - Shopee,NV19,Mới
DH003163,KH0391,2025-06-25 18:13:00,TMĐT - Tiki,NV27,Đã giao
DH003924,KH0154,2025-06-25 18:30:00,TMĐT - Shopee,NV22,Đã giao
DH005113,KH0268,2025-06-25 22:18:00,TMĐT - Tiki,NV09,Đang xử lý
DH007275,KH0186,2025-06-25 22:38:00,TMĐT - Shopee,NV21,Đã giao
DH011596,KH0183,2025-06-26 01:26:00,Đại lý,NV03,Đã giao
DH007427,KH0044,2025-06-26 01:28:00,TMĐT - Tiki,NV22,Đã giao
DH006270,KH0151,2025-06-26 02:02:00,Showroom,NV12,Đã giao
DH005496,KH0242,2025-06-26 02:22:00,TMĐT - Shopee,NV22,Trả hàng
DH002146,KH0367,2025-06-26 03:11:00,TMĐT - Shopee,NV19,Mới
DH002258,KH0447,2025-06-26 03:44:00,TMĐT - Tiki,NV13,Đã giao
DH006200,KH0442,2025-06-26 07:23:00,Bán lẻ trực tiếp,NV09,Đang xử lý
DH011293,KH0151,2025-06-26 07:52:00,TMĐT - Tiki,NV09,Đã giao
DH011327,KH0406,2025-06-26 10:51:00,TMĐT - Lazada,NV14,Mới
DH007391,KH0285,2025-06-26 14:25:00,Đại lý,NV26,Đã giao
DH007236,KH0447,2025-06-26 17:28:00,TMĐT - Tiki,NV15,Đã giao
DH001326,KH0306,2025-06-26 17:37:00,Đại lý,NV06,Đã giao
DH000502,KH0447,2025-06-26 17:41:00,TMĐT - Tiki,NV04,Đã giao
DH005778,KH0241,2025-06-26 17:41:00,TMĐT - Shopee,NV09,Đã giao
DH005293,KH0198,2025-06-26 19:29:00,TMĐT - Tiki,NV24,Mới
DH003834,KH0002,2025-06-26 19:53:00,TMĐT - Lazada,NV28,Đã hủy
DH008629,KH0442,2025-06-26 20:13:00,TMĐT - Tiki,NV11,Trả hàng
DH011523,KH0442,2025-06-27 00:31:00,TMĐT - Lazada,NV22,Đã giao
DH009049,KH0074,2025-06-27 01:33:00,Showroom,NV25,Đang xử lý
DH010108,KH0360,2025-06-27 02:21:00,TMĐT - Shopee,NV12,Đã giao
DH011122,KH0002,2025-06-27 04:37:00,Showroom,NV02,Đã giao
DH001740,KH0227,2025-06-27 05:26:00,TMĐT - Tiki,NV12,Đã giao
DH007499,KH0219,2025-06-27 07:50:00,TMĐT - Tiki,NV14,Đã giao
DH011006,KH0113,2025-06-27 07:51:00,Showroom,NV11,Đã giao
DH007329,KH0420,2025-06-27 08:04:00,TMĐT - Tiki,NV09,Đang xử lý
DH004524,KH0436,2025-06-27 12:49:00,Bán lẻ trực tiếp,NV19,Đã giao
DH004411,KH0036,2025-06-27 12:50:00,TMĐT - Tiki,NV22,Đã giao
DH009391,KH0128,2025-06-27 16:34:00,TMĐT - Shopee,NV19,Đã giao
DH011643,KH0167,2025-06-27 17:50:00,Showroom,NV23,Đã giao
DH009066,KH0273,2025-06-27 18:12:00,Bán lẻ trực tiếp,NV01,Đã giao
DH009443,KH0325,2025-06-27 19:46:00,Showroom,NV19,Đã giao
DH002074,KH0070,2025-06-27 20:24:00,Bán lẻ trực tiếp,NV07,Đã giao
DH006720,KH0207,2025-06-27 22:01:00,TMĐT - Shopee,NV05,Đã hủy
DH004191,KH0281,2025-06-27 22:09:00,TMĐT - Shopee,NV16,Đã giao
DH004992,KH0052,2025-06-27 22:40:00,TMĐT - Lazada,NV28,Đã giao
DH007556,KH0258,2025-06-27 23:30:00,TMĐT - Lazada,NV22,Đã giao
DH008695,KH0140,2025-06-28 00:07:00,Showroom,NV04,Đã giao
DH004677,KH0008,2025-06-28 01:28:00,TMĐT - Shopee,NV09,Đang xử lý
DH000039,KH0127,2025-06-28 03:01:00,Đại lý,NV20,Đã giao
DH011593,KH0367,2025-06-28 08:06:00,Đại lý,NV19,Đã giao
DH011605,KH0155,2025-06-28 08:09:00,Đại lý,NV01,Đã giao
DH005769,KH0056,2025-06-28 10:01:00,Showroom,NV06,Mới
DH000297,KH0337,2025-06-28 10:29:00,TMĐT - Shopee,NV09,Đã giao
DH009518,KH0406,2025-06-28 11:05:00,TMĐT - Tiki,NV28,Trả hàng
DH006884,KH0229,2025-06-28 12:28:00,Đại lý,NV07,Đã giao
DH007064,KH0391,2025-06-28 14:56:00,TMĐT - Tiki,NV30,Đã hủy
DH000562,KH0116,2025-06-28 15:31:00,TMĐT - Tiki,NV10,Đã giao
DH004940,KH0227,2025-06-28 18:08:00,Đại lý,NV11,Đã giao
DH002097,KH0249,2025-06-28 19:44:00,Đại lý,NV14,Đã giao
DH009673,KH0070,2025-06-28 20:09:00,TMĐT - Shopee,NV11,Đã giao
DH003135,KH0130,2025-06-28 20:15:00,Showroom,NV21,Đã giao
DH002775,KH0447,2025-06-28 20:58:00,TMĐT - Shopee,NV19,Đã giao
DH008447,KH0272,2025-06-28 22:49:00,TMĐT - Tiki,NV25,Đang xử lý
DH000948,KH0306,2025-06-29 00:40:00,Đại lý,NV17,Đang xử lý
DH007310,KH0327,2025-06-29 01:26:00,TMĐT - Lazada,NV14,Đã giao
DH009831,KH0013,2025-06-29 05:08:00,TMĐT - Tiki,NV27,Đã giao
DH003036,KH0412,2025-06-29 05:46:00,Đại lý,NV06,Đã giao
DH004600,KH0149,2025-06-29 07:07:00,TMĐT - Tiki,NV24,Đã giao
DH011777,KH0246,2025-06-29 07:53:00,Bán lẻ trực tiếp,NV30,Đã giao
DH000705,KH0122,2025-06-29 09:48:00,Đại lý,NV07,Đang xử lý
DH001644,KH0325,2025-06-29 12:36:00,Showroom,NV21,Đã giao
DH009348,KH0119,2025-06-29 12:54:00,Đại lý,NV16,Đã giao
DH002390,KH0442,2025-06-29 13:09:00,TMĐT - Lazada,NV13,Đã giao
DH007317,KH0377,2025-06-29 18:06:00,Đại lý,NV24,Trả hàng
DH009900,KH0265,2025-06-29 19:19:00,TMĐT - Tiki,NV07,Đã giao
DH007735,KH0227,2025-06-29 20:05:00,Đại lý,NV20,Đã giao
DH003842,KH0234,2025-06-29 22:34:00,TMĐT - Tiki,NV21,Đã giao
DH009216,KH0313,2025-06-30 02:23:00,Đại lý,NV30,Đã giao
DH000020,KH0088,2025-06-30 04:55:00,TMĐT - Tiki,NV11,Đã giao
DH006153,KH0447,2025-06-30 05:04:00,Đại lý,NV23,Đã giao
DH001579,KH0271,2025-06-30 06:50:00,TMĐT - Tiki,NV03,Mới
DH006717,KH0051,2025-06-30 08:20:00,Bán lẻ trực tiếp,NV02,Trả hàng
DH005279,KH0314,2025-06-30 12:56:00,Bán lẻ trực tiếp,NV11,Đã hủy
DH004947,KH0409,2025-06-30 17:42:00,Đại lý,NV08,Đã giao
DH001009,KH0076,2025-06-30 21:15:00,Showroom,NV11,Đã giao
DH002900,KH0402,2025-06-30 21:22:00,Đại lý,NV21,Đã giao
DH003826,KH0274,2025-06-30 22:58:00,Showroom,NV14,Đã giao
DH009633,KH0057,2025-07-01 04:23:00,Đại lý,NV27,Mới
DH008332,KH0249,2025-07-01 04:31:00,TMĐT - Tiki,NV05,Đã giao
DH008575,KH0242,2025-07-01 04:45:00,Bán lẻ trực tiếp,NV26,Đã giao
DH006040,KH0415,2025-07-01 05:30:00,TMĐT - Tiki,NV02,Đã giao
DH011847,KH0231,2025-07-01 08:46:00,Showroom,NV29,Đã hủy
DH009921,KH0368,2025-07-01 09:20:00,Showroom,NV10,Đang xử lý
DH011863,KH0034,2025-07-01 10:17:00,TMĐT - Lazada,NV28,Đang xử lý
DH001034,KH0246,2025-07-01 12:12:00,TMĐT - Shopee,NV19,Đã giao
DH006974,KH0135,2025-07-01 14:34:00,Đại lý,NV11,Đã hủy
DH010945,KH0012,2025-07-01 14:58:00,Showroom,NV26,Đã hủy
DH005235,KH0051,2025-07-01 16:32:00,Bán lẻ trực tiếp,NV04,Đã giao
DH006019,KH0256,2025-07-01 17:51:00,Bán lẻ trực tiếp,NV13,Mới
DH007406,KH0122,2025-07-01 18:21:00,TMĐT - Shopee,NV18,Đã giao
DH007063,KH0002,2025-07-01 19:11:00,TMĐT - Lazada,NV02,Đã giao
DH008298,KH0353,2025-07-01 20:21:00,Showroom,NV28,Đã hủy
DH002573,KH0253,2025-07-01 21:27:00,Showroom,NV01,Đang xử lý
DH007312,KH0105,2025-07-01 21:52:00,Bán lẻ trực tiếp,NV10,Đã giao
DH011163,KH0367,2025-07-01 22:51:00,TMĐT - Lazada,NV20,Đã giao
DH008523,KH0439,2025-07-02 00:01:00,Showroom,NV09,Đã giao
DH004827,KH0262,2025-07-02 01:14:00,Bán lẻ trực tiếp,NV13,Đã giao
DH008424,KH0325,2025-07-02 01:38:00,Đại lý,NV01,Đã giao
DH010749,KH0365,2025-07-02 03:06:00,TMĐT - Tiki,NV23,Đã giao
DH003168,KH0054,2025-07-02 03:35:00,Showroom,NV20,Đã giao
DH005968,KH0264,2025-07-02 03:42:00,Đại lý,NV29,Đã giao
DH010107,KH0143,2025-07-02 04:36:00,Bán lẻ trực tiếp,NV26,Đã giao
DH007479,KH0155,2025-07-02 06:07:00,Bán lẻ trực tiếp,NV26,Đã giao
DH000972,KH0394,2025-07-02 06:10:00,TMĐT - Shopee,NV01,Đã giao
DH009502,KH0070,2025-07-02 06:19:00,Showroom,NV19,Đã giao
DH002786,KH0074,2025-07-02 08:56:00,TMĐT - Shopee,NV03,Đã giao
DH009845,KH0302,2025-07-02 10:42:00,Showroom,NV28,Đã giao
DH005412,KH0446,2025-07-02 11:10:00,TMĐT - Shopee,NV27,Đã hủy
DH009383,KH0416,2025-07-02 11:22:00,Bán lẻ trực tiếp,NV04,Đã giao
DH000957,KH0095,2025-07-02 16:12:00,Bán lẻ trực tiếp,NV29,Đã giao
DH002385,KH0306,2025-07-02 17:44:00,Đại lý,NV08,Đã giao
DH004863,KH0320,2025-07-02 20:40:00,TMĐT - Shopee,NV01,Đã giao
DH011018,KH0349,2025-07-02 22:56:00,TMĐT - Lazada,NV07,Đang xử lý
DH008937,KH0391,2025-07-02 23:25:00,TMĐT - Lazada,NV17,Đã giao
DH008147,KH0262,2025-07-03 01:21:00,TMĐT - Lazada,NV28,Đang xử lý
DH011932,KH0239,2025-07-03 02:18:00,TMĐT - Shopee,NV03,Đã giao
DH007403,KH0352,2025-07-03 05:21:00,TMĐT - Tiki,NV11,Đã giao
DH008245,KH0044,2025-07-03 05:46:00,TMĐT - Shopee,NV22,Đã giao
DH006651,KH0122,2025-07-03 05:53:00,Showroom,NV20,Đã giao
DH005316,KH0008,2025-07-03 05:54:00,TMĐT - Shopee,NV09,Đã giao
DH011890,KH0262,2025-07-03 06:58:00,TMĐT - Tiki,NV10,Đã giao
DH004991,KH0085,2025-07-03 07:46:00,Đại lý,NV26,Đang xử lý
DH002821,KH0044,2025-07-03 08:27:00,Showroom,NV18,Đã giao
DH000841,KH0391,2025-07-03 10:31:00,TMĐT - Shopee,NV04,Đã giao
DH000805,KH0155,2025-07-03 13:44:00,Đại lý,NV06,Đã giao
DH001051,KH0070,2025-07-03 14:12:00,Đại lý,NV15,Đang xử lý
DH004647,KH0140,2025-07-03 14:58:00,TMĐT - Lazada,NV24,Đã giao
DH003726,KH0394,2025-07-03 17:06:00,Bán lẻ trực tiếp,NV18,Đang xử lý
DH001474,KH0155,2025-07-03 20:41:00,Showroom,NV24,Đã giao
DH003333,KH0365,2025-07-03 22:44:00,TMĐT - Lazada,NV06,Đã giao
DH002777,KH0389,2025-07-04 00:14:00,Đại lý,NV15,Đã hủy
DH001955,KH0184,2025-07-04 00:29:00,TMĐT - Tiki,NV03,Đã giao
DH001608,KH0246,2025-07-04 00:53:00,TMĐT - Shopee,NV27,Đã hủy
DH002845,KH0397,2025-07-04 01:57:00,Showroom,NV29,Mới
DH002682,KH0208,2025-07-04 03:29:00,TMĐT - Shopee,NV02,Đã giao
DH011929,KH0258,2025-07-04 05:04:00,TMĐT - Tiki,NV19,Đã giao
DH004969,KH0008,2025-07-04 06:11:00,Showroom,NV12,Đã giao
DH007133,KH0447,2025-07-04 07:06:00,TMĐT - Tiki,NV23,Đã giao
DH010539,KH0012,2025-07-04 07:22:00,TMĐT - Lazada,NV10,Đã giao
DH005164,KH0215,2025-07-04 07:54:00,TMĐT - Lazada,NV03,Đã giao
DH005643,KH0309,2025-07-04 08:55:00,TMĐT - Shopee,NV05,Đang xử lý
DH007420,KH0412,2025-07-04 09:03:00,Bán lẻ trực tiếp,NV23,Đã giao
DH001148,KH0367,2025-07-04 09:31:00,TMĐT - Shopee,NV19,Đang xử lý
DH001096,KH0155,2025-07-04 10:02:00,TMĐT - Shopee,NV24,Đã giao
DH007155,KH0227,2025-07-04 10:13:00,TMĐT - Shopee,NV28,Đã giao
DH006223,KH0438,2025-07-04 10:25:00,Showroom,NV05,Đã giao
DH006258,KH0304,2025-07-04 10:52:00,Showroom,NV05,Đã giao
DH002185,KH0051,2025-07-04 12:00:00,Đại lý,NV23,Đã giao
DH008775,KH0239,2025-07-04 13:57:00,Đại lý,NV08,Đã giao
DH004962,KH0262,2025-07-04 15:09:00,Bán lẻ trực tiếp,NV26,Đã giao
DH007062,KH0070,2025-07-04 18:23:00,Showroom,NV22,Đã giao
DH002368,KH0447,2025-07-04 23:33:00,Bán lẻ trực tiếp,NV23,Đã giao
DH010260,KH0406,2025-07-05 00:25:00,TMĐT - Lazada,NV20,Đã giao
DH010545,KH0391,2025-07-05 00:50:00,TMĐT - Tiki,NV01,Đã giao
DH006404,KH0036,2025-07-05 00:51:00,Đại lý,NV03,Đã giao
DH006566,KH0236,2025-07-05 02:22:00,Bán lẻ trực tiếp,NV24,Mới
DH005877,KH0262,2025-07-05 03:05:00,Bán lẻ trực tiếp,NV11,Đã giao
DH000995,KH0447,2025-07-05 03:11:00,Đại lý,NV13,Trả hàng
DH007834,KH0446,2025-07-05 03:24:00,TMĐT - Tiki,NV29,Đang xử lý
DH001169,KH0436,2025-07-05 04:43:00,TMĐT - Lazada,NV29,Đã giao
DH000546,KH0113,2025-07-05 06:09:00,TMĐT - Shopee,NV21,Đang xử lý
DH002302,KH0070,2025-07-05 06:26:00,TMĐT - Shopee,NV08,Đã giao
DH006912,KH0193,2025-07-05 08:24:00,Bán lẻ trực tiếp,NV18,Đã giao
DH002331,KH0311,2025-07-05 08:59:00,Showroom,NV06,Đã giao
DH004538,KH0218,2025-07-05 09:40:00,Showroom,NV23,Đã giao
DH000073,KH0359,2025-07-05 13:58:00,Showroom,NV06,Đang xử lý
DH002660,KH0309,2025-07-05 16:07:00,TMĐT - Lazada,NV20,Trả hàng
DH007909,KH0162,2025-07-05 21:00:00,Đại lý,NV12,Đã giao
DH009170,KH0391,2025-07-06 01:56:00,Showroom,NV25,Đã giao
DH011555,KH0377,2025-07-06 03:52:00,TMĐT - Tiki,NV18,Đã giao
DH006446,KH0420,2025-07-06 03:55:00,TMĐT - Shopee,NV09,Đã giao
DH007832,KH0151,2025-07-06 05:01:00,Showroom,NV18,Đang xử lý
DH002359,KH0309,2025-07-06 05:12:00,TMĐT - Tiki,NV17,Trả hàng
DH007043,KH0119,2025-07-06 06:52:00,TMĐT - Shopee,NV27,Mới
DH007280,KH0140,2025-07-06 16:17:00,Bán lẻ trực tiếp,NV25,Đã giao
DH006230,KH0204,2025-07-06 18:10:00,Đại lý,NV23,Đã giao
DH007209,KH0303,2025-07-06 20:22:00,Đại lý,NV04,Đã giao
DH004043,KH0128,2025-07-06 20:36:00,TMĐT - Shopee,NV27,Đã giao
DH011966,KH0108,2025-07-06 21:16:00,TMĐT - Lazada,NV14,Đã giao
DH001985,KH0367,2025-07-06 21:44:00,TMĐT - Lazada,NV22,Đã giao
DH007053,KH0002,2025-07-06 22:16:00,TMĐT - Tiki,NV05,Đang xử lý
DH010729,KH0155,2025-07-07 00:02:00,TMĐT - Shopee,NV07,Đã giao
DH011443,KH0135,2025-07-07 00:18:00,TMĐT - Shopee,NV25,Đã giao
DH008419,KH0114,2025-07-07 01:30:00,Đại lý,NV08,Đã giao
DH011008,KH0277,2025-07-07 02:31:00,TMĐT - Lazada,NV27,Đã giao
DH010843,KH0397,2025-07-07 04:16:00,TMĐT - Tiki,NV16,Đã giao
DH009723,KH0302,2025-07-07 04:44:00,TMĐT - Shopee,NV27,Đang xử lý
DH010917,KH0200,2025-07-07 05:57:00,TMĐT - Tiki,NV24,Đã giao
DH004084,KH0247,2025-07-07 06:05:00,TMĐT - Lazada,NV09,Đã giao
DH004365,KH0071,2025-07-07 07:38:00,Showroom,NV07,Đã giao
DH010949,KH0428,2025-07-07 09:43:00,Đại lý,NV14,Đã hủy
DH005184,KH0402,2025-07-07 11:09:00,TMĐT - Lazada,NV12,Đã giao
DH009923,KH0199,2025-07-07 11:48:00,Bán lẻ trực tiếp,NV07,Đã giao
DH009759,KH0051,2025-07-07 17:14:00,Bán lẻ trực tiếp,NV20,Đã giao
DH009100,KH0081,2025-07-07 18:48:00,Đại lý,NV14,Đã giao
DH004353,KH0442,2025-07-07 21:28:00,Đại lý,NV11,Đã giao
DH000951,KH0229,2025-07-07 21:52:00,Bán lẻ trực tiếp,NV11,Đã giao
DH005459,KH0070,2025-07-08 01:14:00,TMĐT - Tiki,NV24,Đã giao
DH005209,KH0227,2025-07-08 02:45:00,Showroom,NV20,Đã giao
DH003030,KH0135,2025-07-08 03:42:00,Đại lý,NV11,Đã giao
DH011885,KH0274,2025-07-08 11:05:00,TMĐT - Shopee,NV02,Đã giao
DH000105,KH0384,2025-07-08 13:25:00,Bán lẻ trực tiếp,NV25,Mới
DH011369,KH0262,2025-07-08 13:34:00,TMĐT - Lazada,NV17,Đã giao
DH003437,KH0446,2025-07-08 14:23:00,Đại lý,NV07,Đã giao
DH009205,KH0271,2025-07-08 14:32:00,TMĐT - Tiki,NV13,Đã giao
DH007473,KH0299,2025-07-08 18:44:00,TMĐT - Tiki,NV07,Đã giao
DH008771,KH0075,2025-07-08 18:54:00,TMĐT - Lazada,NV22,Đã giao
DH007599,KH0274,2025-07-08 20:59:00,Bán lẻ trực tiếp,NV11,Đã giao
DH001464,KH0249,2025-07-08 21:20:00,Bán lẻ trực tiếp,NV04,Đã giao
DH002142,KH0296,2025-07-09 04:55:00,Showroom,NV19,Đã giao
DH011603,KH0438,2025-07-09 05:18:00,TMĐT - Tiki,NV28,Đã giao
DH009173,KH0141,2025-07-09 08:04:00,Bán lẻ trực tiếp,NV24,Đã giao
DH004020,KH0447,2025-07-09 08:38:00,TMĐT - Lazada,NV30,Đã giao
DH011767,KH0241,2025-07-09 12:32:00,Đại lý,NV11,Đã giao
DH006558,KH0053,2025-07-09 15:01:00,TMĐT - Tiki,NV16,Đã giao
DH003429,KH0128,2025-07-09 15:18:00,TMĐT - Tiki,NV28,Đã giao
DH003543,KH0257,2025-07-09 16:58:00,Bán lẻ trực tiếp,NV16,Đang xử lý
DH001394,KH0227,2025-07-09 20:05:00,TMĐT - Tiki,NV02,Đã hủy
DH002839,KH0396,2025-07-10 06:25:00,Đại lý,NV26,Đã giao
DH005853,KH0383,2025-07-10 06:55:00,TMĐT - Lazada,NV25,Đã giao
DH009048,KH0137,2025-07-10 07:42:00,TMĐT - Tiki,NV01,Đã giao
DH001696,KH0023,2025-07-10 10:37:00,TMĐT - Shopee,NV01,Đã giao
DH009541,KH0447,2025-07-10 10:57:00,Bán lẻ trực tiếp,NV03,Đã giao
DH003847,KH0248,2025-07-10 12:53:00,Bán lẻ trực tiếp,NV22,Đã giao
DH003427,KH0006,2025-07-10 13:05:00,TMĐT - Shopee,NV25,Đã giao
DH003739,KH0186,2025-07-10 13:25:00,TMĐT - Tiki,NV01,Đã giao
DH009336,KH0402,2025-07-10 16:20:00,TMĐT - Shopee,NV27,Đã giao
DH011296,KH0227,2025-07-10 16:22:00,Bán lẻ trực tiếp,NV08,Mới
DH006982,KH0070,2025-07-10 17:09:00,Showroom,NV10,Đang xử lý
DH009259,KH0391,2025-07-10 18:08:00,TMĐT - Lazada,NV14,Trả hàng
DH000933,KH0114,2025-07-10 18:25:00,TMĐT - Lazada,NV18,Đã giao
DH000066,KH0409,2025-07-10 19:21:00,TMĐT - Lazada,NV03,Đang xử lý
DH010147,KH0412,2025-07-10 21:40:00,TMĐT - Lazada,NV09,Đã giao
DH002038,KH0135,2025-07-10 21:58:00,Showroom,NV17,Đã giao
DH010258,KH0204,2025-07-10 23:06:00,Showroom,NV19,Đã giao
DH004115,KH0204,2025-07-11 00:50:00,Đại lý,NV01,Đã giao
DH010075,KH0227,2025-07-11 01:12:00,Showroom,NV03,Đã giao
DH001134,KH0141,2025-07-11 01:41:00,Đại lý,NV15,Đã giao
DH010626,KH0003,2025-07-11 10:29:00,Showroom,NV26,Đã giao
DH000227,KH0141,2025-07-11 11:04:00,Showroom,NV24,Đã giao
DH003797,KH0063,2025-07-11 11:40:00,TMĐT - Shopee,NV18,Đã giao
DH008872,KH0163,2025-07-11 11:49:00,TMĐT - Tiki,NV12,Đã giao
DH007687,KH0140,2025-07-11 15:51:00,Đại lý,NV28,Đã giao
DH008139,KH0018,2025-07-11 17:20:00,Đại lý,NV11,Đã giao
DH007951,KH0447,2025-07-11 20:02:00,Bán lẻ trực tiếp,NV07,Đã giao
DH006755,KH0231,2025-07-11 21:03:00,TMĐT - Lazada,NV22,Đã giao
DH006145,KH0240,2025-07-11 21:10:00,TMĐT - Lazada,NV13,Trả hàng
DH001635,KH0438,2025-07-11 22:23:00,TMĐT - Tiki,NV11,Đang xử lý
DH008846,KH0089,2025-07-11 22:29:00,TMĐT - Lazada,NV15,Đã giao
DH009493,KH0236,2025-07-12 01:14:00,Showroom,NV22,Đã giao
DH000139,KH0227,2025-07-12 02:33:00,TMĐT - Shopee,NV21,Đã giao
DH001778,KH0092,2025-07-12 05:13:00,Bán lẻ trực tiếp,NV25,Đã giao
DH002222,KH0322,2025-07-12 09:23:00,Bán lẻ trực tiếp,NV03,Đã hủy
DH008974,KH0063,2025-07-12 09:56:00,TMĐT - Shopee,NV06,Đã giao
DH000728,KH0122,2025-07-12 11:19:00,Showroom,NV24,Đã giao
DH000908,KH0297,2025-07-12 11:26:00,TMĐT - Tiki,NV01,Đang xử lý
DH006670,KH0250,2025-07-12 13:02:00,Bán lẻ trực tiếp,NV23,Đã giao
DH002881,KH0389,2025-07-12 14:00:00,Showroom,NV24,Đã giao
DH010851,KH0315,2025-07-12 16:45:00,TMĐT - Lazada,NV10,Đã giao
DH009001,KH0227,2025-07-12 18:47:00,Đại lý,NV14,Đang xử lý
DH007850,KH0396,2025-07-12 19:43:00,TMĐT - Lazada,NV11,Đã giao
DH008950,KH0089,2025-07-12 20:03:00,TMĐT - Shopee,NV01,Đã giao
DH005461,KH0183,2025-07-13 00:27:00,Showroom,NV06,Đang xử lý
DH007140,KH0010,2025-07-13 01:43:00,Đại lý,NV02,Đã giao
DH009489,KH0414,2025-07-13 03:00:00,Showroom,NV25,Đang xử lý
DH004803,KH0034,2025-07-13 05:20:00,TMĐT - Shopee,NV06,Mới
DH009267,KH0235,2025-07-13 06:11:00,TMĐT - Shopee,NV17,Đã giao
DH010762,KH0281,2025-07-13 10:59:00,Bán lẻ trực tiếp,NV23,Đã giao
DH005351,KH0204,2025-07-13 13:09:00,TMĐT - Shopee,NV18,Đã hủy
DH011001,KH0157,2025-07-13 15:36:00,TMĐT - Shopee,NV10,Đã giao
DH010510,KH0012,2025-07-13 16:41:00,TMĐT - Shopee,NV10,Đã giao
DH011968,KH0391,2025-07-13 17:09:00,TMĐT - Tiki,NV21,Đã giao
DH007335,KH0262,2025-07-13 17:56:00,Đại lý,NV26,Đã hủy
DH001913,KH0246,2025-07-13 18:19:00,Bán lẻ trực tiếp,NV17,Đã giao
DH007324,KH0155,2025-07-13 19:02:00,Bán lẻ trực tiếp,NV24,Đã giao
DH008763,KH0325,2025-07-13 19:42:00,TMĐT - Tiki,NV05,Đã hủy
DH001212,KH0406,2025-07-14 00:07:00,TMĐT - Lazada,NV18,Đã giao
DH001160,KH0141,2025-07-14 02:02:00,TMĐT - Tiki,NV12,Đã giao
DH001157,KH0021,2025-07-14 02:48:00,TMĐT - Tiki,NV16,Đã giao
DH005147,KH0055,2025-07-14 06:02:00,TMĐT - Lazada,NV21,Đã giao
DH000580,KH0277,2025-07-14 06:24:00,Showroom,NV19,Đã giao
DH005584,KH0009,2025-07-14 06:39:00,TMĐT - Shopee,NV19,Đã giao
DH000847,KH0303,2025-07-14 06:54:00,Bán lẻ trực tiếp,NV26,Đã hủy
DH007860,KH0290,2025-07-14 07:17:00,TMĐT - Shopee,NV18,Đã giao
DH011403,KH0070,2025-07-14 07:17:00,TMĐT - Shopee,NV20,Đã giao
DH011957,KH0177,2025-07-14 09:43:00,TMĐT - Tiki,NV02,Đã giao
DH000945,KH0155,2025-07-14 12:16:00,Đại lý,NV02,Đã giao
DH004956,KH0394,2025-07-14 22:48:00,TMĐT - Tiki,NV22,Đã giao
DH000734,KH0353,2025-07-14 23:57:00,TMĐT - Lazada,NV04,Đã giao
DH001211,KH0316,2025-07-15 04:30:00,TMĐT - Lazada,NV19,Đã giao
DH007443,KH0447,2025-07-15 08:17:00,TMĐT - Lazada,NV29,Đã giao
DH005976,KH0199,2025-07-15 08:37:00,TMĐT - Tiki,NV13,Đã giao
DH001334,KH0122,2025-07-15 09:36:00,Bán lẻ trực tiếp,NV10,Đã giao
DH001550,KH0053,2025-07-15 12:29:00,TMĐT - Shopee,NV23,Đã giao
DH010963,KH0335,2025-07-15 13:18:00,Showroom,NV08,Đã giao
DH005624,KH0155,2025-07-15 16:18:00,Đại lý,NV16,Đã hủy
DH008601,KH0151,2025-07-15 19:11:00,TMĐT - Lazada,NV13,Đã giao
DH001387,KH0229,2025-07-15 21:28:00,TMĐT - Tiki,NV19,Đang xử lý
DH004274,KH0179,2025-07-15 22:40:00,TMĐT - Shopee,NV27,Đã giao
DH000413,KH0204,2025-07-15 23:40:00,Showroom,NV23,Đã giao
DH006111,KH0171,2025-07-15 23:50:00,TMĐT - Tiki,NV16,Đã giao
DH002271,KH0135,2025-07-16 01:32:00,Bán lẻ trực tiếp,NV21,Đã giao
DH002564,KH0034,2025-07-16 03:17:00,TMĐT - Shopee,NV27,Đang xử lý
DH000700,KH0119,2025-07-16 04:29:00,TMĐT - Tiki,NV13,Đã giao
DH005884,KH0002,2025-07-16 06:08:00,Showroom,NV22,Đã giao
DH009725,KH0031,2025-07-16 06:50:00,Showroom,NV01,Đã giao
DH005789,KH0019,2025-07-16 09:31:00,Bán lẻ trực tiếp,NV04,Đã hủy
DH010020,KH0121,2025-07-16 12:05:00,Đại lý,NV20,Mới
DH010936,KH0379,2025-07-16 15:29:00,Showroom,NV03,Đã giao
DH010563,KH0053,2025-07-16 17:26:00,TMĐT - Shopee,NV27,Đã giao
DH011713,KH0244,2025-07-16 21:18:00,TMĐT - Lazada,NV06,Đã giao
DH008392,KH0397,2025-07-16 22:37:00,TMĐT - Shopee,NV01,Đã giao
DH005790,KH0164,2025-07-17 02:09:00,Đại lý,NV21,Đã giao
DH007799,KH0141,2025-07-17 02:11:00,TMĐT - Tiki,NV13,Đã giao
DH008320,KH0265,2025-07-17 02:24:00,TMĐT - Lazada,NV11,Đã giao
DH006886,KH0227,2025-07-17 02:53:00,TMĐT - Shopee,NV02,Đã giao
DH005213,KH0177,2025-07-17 08:28:00,Bán lẻ trực tiếp,NV13,Đã giao
DH004513,KH0064,2025-07-17 09:35:00,Bán lẻ trực tiếp,NV26,Đã giao
DH005842,KH0376,2025-07-17 13:13:00,Bán lẻ trực tiếp,NV05,Đã giao
DH001495,KH0233,2025-07-17 15:10:00,TMĐT - Tiki,NV11,Đã giao
DH010063,KH0365,2025-07-17 15:39:00,TMĐT - Tiki,NV11,Đã giao
DH002704,KH0306,2025-07-17 16:48:00,Đại lý,NV05,Đã giao
DH010423,KH0018,2025-07-17 17:53:00,Đại lý,NV02,Đã giao
DH001783,KH0262,2025-07-17 20:42:00,Showroom,NV16,Đã hủy
DH009253,KH0273,2025-07-17 22:39:00,Bán lẻ trực tiếp,NV29,Đã giao
DH003057,KH0035,2025-07-18 02:21:00,TMĐT - Tiki,NV28,Đã giao
DH002669,KH0268,2025-07-18 02:36:00,Đại lý,NV14,Đã giao
DH005556,KH0281,2025-07-18 02:51:00,Đại lý,NV15,Đã giao
DH010639,KH0326,2025-07-18 04:33:00,TMĐT - Shopee,NV08,Đang xử lý
DH001855,KH0389,2025-07-18 06:15:00,Showroom,NV27,Đang xử lý
DH001496,KH0447,2025-07-18 06:42:00,TMĐT - Lazada,NV01,Đã giao
DH008063,KH0126,2025-07-18 06:55:00,TMĐT - Tiki,NV08,Đã giao
DH002431,KH0051,2025-07-18 07:24:00,Bán lẻ trực tiếp,NV21,Đang xử lý
DH006241,KH0201,2025-07-18 10:01:00,TMĐT - Tiki,NV01,Đang xử lý
DH006901,KH0179,2025-07-18 14:32:00,Đại lý,NV14,Đã giao
DH009651,KH0259,2025-07-18 19:18:00,TMĐT - Tiki,NV30,Đã giao
DH007515,KH0141,2025-07-18 20:11:00,TMĐT - Lazada,NV18,Đã giao
DH003614,KH0034,2025-07-18 23:50:00,Showroom,NV29,Đã giao
DH007038,KH0366,2025-07-19 00:46:00,Showroom,NV12,Đã giao
DH009982,KH0391,2025-07-19 00:59:00,Showroom,NV14,Đã giao
DH002632,KH0448,2025-07-19 01:42:00,Bán lẻ trực tiếp,NV22,Đã giao
DH001090,KH0257,2025-07-19 05:16:00,Bán lẻ trực tiếp,NV28,Đã giao
DH006926,KH0447,2025-07-19 06:11:00,TMĐT - Tiki,NV19,Đã giao
DH003288,KH0204,2025-07-19 11:43:00,TMĐT - Lazada,NV23,Đã giao
DH004955,KH0028,2025-07-19 11:47:00,Đại lý,NV11,Đã giao
DH006025,KH0262,2025-07-19 12:22:00,TMĐT - Lazada,NV19,Đã giao
DH004246,KH0426,2025-07-19 13:42:00,Đại lý,NV02,Đã giao
DH011572,KH0034,2025-07-19 13:44:00,Showroom,NV08,Đã giao
DH007279,KH0438,2025-07-19 15:57:00,Đại lý,NV11,Đã giao
DH010532,KH0192,2025-07-19 19:19:00,TMĐT - Shopee,NV06,Đã hủy
DH000319,KH0122,2025-07-19 19:29:00,Đại lý,NV05,Đã giao
DH003963,KH0386,2025-07-19 21:09:00,Showroom,NV28,Đã giao
DH000031,KH0249,2025-07-19 21:33:00,TMĐT - Shopee,NV29,Đã giao
DH000128,KH0262,2025-07-19 22:34:00,TMĐT - Lazada,NV15,Trả hàng
DH003351,KH0199,2025-07-20 06:45:00,Showroom,NV10,Đã giao
DH007928,KH0166,2025-07-20 08:34:00,TMĐT - Lazada,NV02,Đã giao
DH007123,KH0213,2025-07-20 10:22:00,Bán lẻ trực tiếp,NV06,Đã giao
DH004938,KH0412,2025-07-20 10:34:00,TMĐT - Shopee,NV30,Đã giao
DH005240,KH0071,2025-07-20 11:36:00,TMĐT - Lazada,NV16,Đã giao
DH005177,KH0105,2025-07-20 12:01:00,TMĐT - Tiki,NV17,Đã giao
DH009008,KH0035,2025-07-20 12:20:00,TMĐT - Tiki,NV22,Đã giao
DH000865,KH0200,2025-07-20 12:31:00,Showroom,NV25,Đã giao
DH004740,KH0249,2025-07-20 13:39:00,Bán lẻ trực tiếp,NV16,Đã giao
DH004795,KH0135,2025-07-20 14:18:00,TMĐT - Lazada,NV11,Mới
DH004286,KH0360,2025-07-20 15:40:00,Đại lý,NV08,Đang xử lý
DH010593,KH0274,2025-07-20 17:27:00,Đại lý,NV24,Đã giao
DH000110,KH0296,2025-07-20 17:33:00,TMĐT - Lazada,NV19,Đã giao
DH002955,KH0122,2025-07-20 17:57:00,Bán lẻ trực tiếp,NV08,Đã giao
DH003844,KH0281,2025-07-20 20:34:00,TMĐT - Lazada,NV15,Đã giao
DH005816,KH0242,2025-07-20 20:54:00,TMĐT - Lazada,NV29,Đã giao
DH008987,KH0442,2025-07-20 23:14:00,Đại lý,NV04,Đã giao
DH008149,KH0262,2025-07-21 01:23:00,TMĐT - Shopee,NV17,Trả hàng
DH002962,KH0070,2025-07-21 03:21:00,TMĐT - Shopee,NV13,Đang xử lý
DH003475,KH0428,2025-07-21 05:09:00,Showroom,NV29,Đã giao
DH007533,KH0442,2025-07-21 05:11:00,Đại lý,NV07,Đã giao
DH004738,KH0223,2025-07-21 05:21:00,TMĐT - Shopee,NV21,Trả hàng
DH008384,KH0155,2025-07-21 05:55:00,TMĐT - Tiki,NV04,Đã giao
DH001035,KH0220,2025-07-21 09:20:00,TMĐT - Shopee,NV14,Đã giao
DH005268,KH0105,2025-07-21 09:25:00,Bán lẻ trực tiếp,NV12,Đã giao
DH005122,KH0306,2025-07-21 10:11:00,TMĐT - Shopee,NV02,Đã giao
DH006990,KH0297,2025-07-21 18:07:00,Bán lẻ trực tiếp,NV17,Đã giao
DH004322,KH0262,2025-07-21 18:56:00,TMĐT - Tiki,NV10,Trả hàng
DH004455,KH0422,2025-07-21 19:00:00,Đại lý,NV13,Đã giao
DH006246,KH0076,2025-07-21 19:07:00,Showroom,NV05,Đang xử lý
DH009203,KH0135,2025-07-21 20:26:00,Đại lý,NV04,Đã giao
DH002001,KH0299,2025-07-21 20:50:00,TMĐT - Tiki,NV06,Mới
DH003955,KH0442,2025-07-21 21:34:00,Đại lý,NV09,Đã giao
DH001893,KH0029,2025-07-21 22:23:00,TMĐT - Lazada,NV28,Đã giao
DH010856,KH0365,2025-07-21 23:47:00,Đại lý,NV13,Đã giao
DH010061,KH0179,2025-07-22 01:22:00,TMĐT - Tiki,NV04,Đã giao
DH007066,KH0288,2025-07-22 02:20:00,TMĐT - Tiki,NV13,Đã giao
DH004601,KH0089,2025-07-22 04:58:00,Bán lẻ trực tiếp,NV20,Đã giao
DH007882,KH0049,2025-07-22 05:02:00,Đại lý,NV18,Đã giao
DH005614,KH0332,2025-07-22 06:54:00,TMĐT - Lazada,NV18,Đã giao
DH007032,KH0362,2025-07-22 09:23:00,Bán lẻ trực tiếp,NV01,Đang xử lý
DH010719,KH0447,2025-07-22 15:07:00,Bán lẻ trực tiếp,NV21,Đã giao
DH008050,KH0243,2025-07-22 20:32:00,TMĐT - Shopee,NV27,Đã giao
DH006627,KH0070,2025-07-22 22:48:00,Đại lý,NV26,Đang xử lý
DH000657,KH0082,2025-07-22 22:51:00,TMĐT - Lazada,NV04,Mới
DH008753,KH0262,2025-07-22 23:45:00,TMĐT - Tiki,NV08,Đã hủy
DH005672,KH0299,2025-07-23 02:06:00,TMĐT - Lazada,NV14,Đã giao
DH002380,KH0135,2025-07-23 02:12:00,Đại lý,NV19,Đã hủy
DH005973,KH0242,2025-07-23 02:51:00,TMĐT - Lazada,NV24,Đã giao
DH011861,KH0089,2025-07-23 05:31:00,Đại lý,NV05,Đã giao
DH010979,KH0008,2025-07-23 09:30:00,Showroom,NV02,Đang xử lý
DH001911,KH0056,2025-07-23 09:32:00,TMĐT - Lazada,NV09,Đã giao
DH001583,KH0309,2025-07-23 10:54:00,Showroom,NV05,Trả hàng
DH003075,KH0002,2025-07-23 11:04:00,Đại lý,NV19,Đang xử lý
DH007814,KH0438,2025-07-23 11:44:00,TMĐT - Tiki,NV27,Đã hủy
DH006300,KH0233,2025-07-23 13:21:00,Showroom,NV25,Đã giao
DH002606,KH0391,2025-07-23 17:49:00,TMĐT - Lazada,NV01,Đang xử lý
DH003708,KH0391,2025-07-23 18:16:00,TMĐT - Lazada,NV26,Đã hủy
DH011535,KH0035,2025-07-23 19:53:00,TMĐT - Lazada,NV21,Đã giao
DH002749,KH0116,2025-07-23 19:56:00,TMĐT - Shopee,NV20,Đã giao
DH006584,KH0416,2025-07-23 20:44:00,Bán lẻ trực tiếp,NV15,Đã giao
DH011043,KH0316,2025-07-24 00:51:00,Bán lẻ trực tiếp,NV02,Đã giao
DH011332,KH0041,2025-07-24 01:46:00,TMĐT - Tiki,NV21,Đã hủy
DH000871,KH0327,2025-07-24 01:53:00,Bán lẻ trực tiếp,NV01,Đã giao
DH010144,KH0391,2025-07-24 04:37:00,TMĐT - Lazada,NV22,Trả hàng
DH004708,KH0160,2025-07-24 06:14:00,TMĐT - Lazada,NV23,Đã giao
DH001847,KH0009,2025-07-24 07:38:00,TMĐT - Tiki,NV28,Đã giao
DH003497,KH0119,2025-07-24 09:23:00,TMĐT - Lazada,NV07,Đã giao
DH003975,KH0325,2025-07-24 10:28:00,TMĐT - Lazada,NV26,Đã giao
DH003279,KH0070,2025-07-24 11:28:00,Bán lẻ trực tiếp,NV27,Đã giao
DH003974,KH0063,2025-07-24 11:53:00,Đại lý,NV27,Đã giao
DH001593,KH0413,2025-07-24 12:13:00,TMĐT - Lazada,NV08,Đã giao
DH001925,KH0070,2025-07-24 13:10:00,TMĐT - Lazada,NV03,Mới
DH006263,KH0212,2025-07-24 16:06:00,TMĐT - Tiki,NV20,Trả hàng
DH009614,KH0391,2025-07-24 17:19:00,Bán lẻ trực tiếp,NV28,Đã giao
DH010286,KH0400,2025-07-24 19:16:00,TMĐT - Shopee,NV14,Đã giao
DH007988,KH0098,2025-07-24 22:01:00,TMĐT - Lazada,NV02,Đã giao
DH010578,KH0167,2025-07-24 22:28:00,Bán lẻ trực tiếp,NV02,Đã giao
DH002993,KH0029,2025-07-24 22:34:00,TMĐT - Shopee,NV13,Đã giao
DH005064,KH0252,2025-07-25 02:30:00,TMĐT - Lazada,NV08,Đang xử lý
DH008899,KH0243,2025-07-25 02:53:00,Showroom,NV29,Đã giao
DH003957,KH0155,2025-07-25 03:48:00,TMĐT - Tiki,NV26,Đã giao
DH003298,KH0018,2025-07-25 05:09:00,Bán lẻ trực tiếp,NV02,Đã giao
DH005947,KH0095,2025-07-25 06:16:00,Showroom,NV14,Đã giao
DH004766,KH0357,2025-07-25 06:50:00,Bán lẻ trực tiếp,NV17,Đã hủy
DH009199,KH0421,2025-07-25 07:30:00,TMĐT - Tiki,NV19,Đã giao
DH001328,KH0035,2025-07-25 09:46:00,TMĐT - Tiki,NV27,Đã giao
DH011026,KH0155,2025-07-25 10:17:00,TMĐT - Tiki,NV07,Mới
DH002535,KH0314,2025-07-25 14:16:00,TMĐT - Shopee,NV01,Mới
DH007763,KH0035,2025-07-25 15:39:00,TMĐT - Lazada,NV26,Đã giao
DH006732,KH0318,2025-07-25 16:08:00,Showroom,NV01,Mới
DH009063,KH0232,2025-07-25 17:30:00,TMĐT - Tiki,NV29,Đã giao
DH011845,KH0383,2025-07-25 20:26:00,TMĐT - Tiki,NV10,Trả hàng
DH000934,KH0171,2025-07-26 07:39:00,TMĐT - Shopee,NV21,Đã giao
DH011183,KH0409,2025-07-26 09:35:00,Bán lẻ trực tiếp,NV01,Đã hủy
DH002109,KH0227,2025-07-26 09:42:00,Showroom,NV21,Đã giao
DH002426,KH0311,2025-07-26 20:21:00,Showroom,NV03,Đã giao
DH006234,KH0297,2025-07-26 21:23:00,Đại lý,NV16,Đã hủy
DH005367,KH0332,2025-07-26 22:41:00,Showroom,NV22,Trả hàng
DH010145,KH0325,2025-07-26 23:55:00,Đại lý,NV23,Đã giao
DH009353,KH0421,2025-07-27 00:15:00,Bán lẻ trực tiếp,NV24,Đã giao
DH009623,KH0155,2025-07-27 00:23:00,Đại lý,NV23,Đã giao
DH005333,KH0406,2025-07-27 00:27:00,TMĐT - Lazada,NV02,Trả hàng
DH011642,KH0314,2025-07-27 02:40:00,TMĐT - Tiki,NV21,Đã giao
DH006867,KH0379,2025-07-27 02:57:00,TMĐT - Tiki,NV04,Đã giao
DH009419,KH0365,2025-07-27 04:37:00,Showroom,NV08,Đã giao
DH004040,KH0304,2025-07-27 08:29:00,Showroom,NV09,Đã giao
DH004114,KH0141,2025-07-27 08:39:00,Bán lẻ trực tiếp,NV19,Đã giao
DH000214,KH0051,2025-07-27 10:59:00,Bán lẻ trực tiếp,NV22,Đã giao
DH003131,KH0141,2025-07-27 11:57:00,Showroom,NV22,Đang xử lý
DH002458,KH0043,2025-07-27 13:09:00,TMĐT - Tiki,NV20,Đã giao
DH010006,KH0367,2025-07-27 14:47:00,Đại lý,NV23,Đã giao
DH010405,KH0142,2025-07-27 15:42:00,TMĐT - Lazada,NV11,Đã giao
DH005873,KH0446,2025-07-27 16:16:00,Bán lẻ trực tiếp,NV13,Đã giao
DH008907,KH0337,2025-07-27 17:25:00,TMĐT - Lazada,NV26,Đã giao
DH003337,KH0179,2025-07-27 17:42:00,Đại lý,NV16,Đã giao
DH004878,KH0028,2025-07-28 00:17:00,TMĐT - Lazada,NV25,Đã giao
DH007151,KH0171,2025-07-28 01:00:00,Bán lẻ trực tiếp,NV18,Đã giao
DH002103,KH0390,2025-07-28 01:05:00,Đại lý,NV13,Đã hủy
DH005061,KH0391,2025-07-28 02:09:00,Showroom,NV29,Trả hàng
DH006997,KH0297,2025-07-28 02:36:00,Đại lý,NV10,Đã giao
DH001021,KH0077,2025-07-28 02:52:00,Đại lý,NV03,Đã giao
DH007950,KH0070,2025-07-28 03:00:00,TMĐT - Tiki,NV10,Đã hủy
DH008188,KH0035,2025-07-28 03:22:00,TMĐT - Tiki,NV30,Đã giao
DH009039,KH0170,2025-07-28 04:17:00,TMĐT - Lazada,NV09,Đã giao
DH010948,KH0013,2025-07-28 08:09:00,TMĐT - Shopee,NV16,Đã giao
DH009909,KH0056,2025-07-28 08:47:00,Đại lý,NV20,Đã giao
DH008013,KH0077,2025-07-28 11:36:00,TMĐT - Lazada,NV04,Đã giao
DH003879,KH0308,2025-07-28 12:16:00,Bán lẻ trực tiếp,NV28,Đã giao
DH001848,KH0239,2025-07-28 12:33:00,TMĐT - Lazada,NV19,Trả hàng
DH000246,KH0219,2025-07-28 16:19:00,Showroom,NV13,Đã giao
DH000510,KH0253,2025-07-28 17:09:00,TMĐT - Lazada,NV24,Đã giao
DH004718,KH0446,2025-07-28 20:09:00,TMĐT - Shopee,NV01,Đã giao
DH007448,KH0120,2025-07-28 20:59:00,TMĐT - Lazada,NV17,Đã giao
DH006232,KH0095,2025-07-28 22:14:00,Bán lẻ trực tiếp,NV11,Đã giao
DH001887,KH0249,2025-07-29 01:58:00,TMĐT - Lazada,NV11,Đã giao
DH011628,KH0271,2025-07-29 02:01:00,Bán lẻ trực tiếp,NV17,Đã giao
DH005954,KH0253,2025-07-29 04:39:00,Đại lý,NV02,Đã giao
DH010618,KH0160,2025-07-29 08:11:00,Đại lý,NV18,Đang xử lý
DH004850,KH0298,2025-07-29 08:25:00,Showroom,NV08,Đã giao
DH000648,KH0351,2025-07-29 08:32:00,TMĐT - Shopee,NV19,Đã giao
DH001950,KH0155,2025-07-29 10:20:00,Bán lẻ trực tiếp,NV04,Đã giao
DH003466,KH0008,2025-07-29 13:31:00,Bán lẻ trực tiếp,NV28,Đã giao
DH006385,KH0242,2025-07-29 15:14:00,TMĐT - Tiki,NV07,Đã giao
DH002849,KH0035,2025-07-29 19:44:00,Đại lý,NV18,Đang xử lý
DH008093,KH0249,2025-07-29 22:07:00,TMĐT - Shopee,NV11,Đang xử lý
DH002214,KH0035,2025-07-29 23:11:00,Đại lý,NV11,Mới
DH009512,KH0233,2025-07-30 00:44:00,TMĐT - Tiki,NV28,Đã giao
DH002494,KH0246,2025-07-30 01:15:00,TMĐT - Shopee,NV05,Đã giao
DH004963,KH0087,2025-07-30 02:44:00,Showroom,NV25,Đã giao
DH005741,KH0026,2025-07-30 02:55:00,TMĐT - Lazada,NV21,Đã giao
DH006249,KH0276,2025-07-30 03:58:00,TMĐT - Shopee,NV28,Đã giao
DH010377,KH0018,2025-07-30 06:38:00,Bán lẻ trực tiếp,NV24,Đã giao
DH001523,KH0309,2025-07-30 07:12:00,TMĐT - Tiki,NV02,Đã giao
DH002412,KH0412,2025-07-30 08:51:00,TMĐT - Shopee,NV07,Đã giao
DH001092,KH0395,2025-07-30 10:56:00,TMĐT - Lazada,NV05,Đã giao
DH008080,KH0051,2025-07-30 11:24:00,TMĐT - Tiki,NV23,Đã giao
DH010488,KH0081,2025-07-30 11:27:00,Bán lẻ trực tiếp,NV03,Đã giao
DH006601,KH0155,2025-07-30 12:06:00,Showroom,NV06,Đã giao
DH007923,KH0198,2025-07-30 13:51:00,Đại lý,NV28,Trả hàng
DH008869,KH0012,2025-07-30 16:25:00,TMĐT - Tiki,NV07,Đã giao
DH006222,KH0413,2025-07-30 18:59:00,Bán lẻ trực tiếp,NV06,Đã giao
DH000430,KH0166,2025-07-30 20:54:00,TMĐT - Tiki,NV29,Đã giao
DH010548,KH0307,2025-07-30 21:23:00,Đại lý,NV26,Đã giao
DH004300,KH0212,2025-07-30 21:25:00,Showroom,NV07,Đã hủy
DH009133,KH0063,2025-07-30 21:47:00,Showroom,NV27,Đã giao
DH000189,KH0262,2025-07-30 22:18:00,TMĐT - Tiki,NV16,Đã giao
DH007061,KH0249,2025-07-31 01:05:00,TMĐT - Shopee,NV20,Đã giao
DH011283,KH0028,2025-07-31 02:27:00,Bán lẻ trực tiếp,NV09,Trả hàng
DH005311,KH0299,2025-07-31 04:12:00,Đại lý,NV27,Đã giao
DH004829,KH0262,2025-07-31 04:32:00,TMĐT - Tiki,NV14,Đã giao
DH002344,KH0170,2025-07-31 08:11:00,TMĐT - Lazada,NV13,Đã giao
DH003307,KH0183,2025-07-31 08:38:00,Đại lý,NV26,Đã hủy
DH001531,KH0447,2025-07-31 10:53:00,TMĐT - Tiki,NV20,Đã giao
DH002907,KH0092,2025-07-31 11:18:00,Showroom,NV25,Trả hàng
DH001864,KH0008,2025-07-31 11:25:00,TMĐT - Lazada,NV02,Đã giao
DH003190,KH0391,2025-07-31 11:30:00,Đại lý,NV14,Đang xử lý
DH002719,KH0016,2025-07-31 12:06:00,TMĐT - Lazada,NV19,Đã giao
DH009333,KH0077,2025-07-31 13:35:00,TMĐT - Lazada,NV01,Đã giao
DH009696,KH0184,2025-07-31 14:37:00,TMĐT - Tiki,NV17,Đã giao
DH001836,KH0053,2025-07-31 14:47:00,TMĐT - Shopee,NV14,Đang xử lý
DH002971,KH0119,2025-07-31 15:08:00,Showroom,NV21,Đã giao
DH004387,KH0220,2025-07-31 16:00:00,Showroom,NV01,Đã giao
DH004028,KH0246,2025-07-31 16:55:00,Đại lý,NV02,Trả hàng
DH005639,KH0249,2025-07-31 17:32:00,Showroom,NV05,Đã giao
DH008429,KH0442,2025-07-31 17:37:00,TMĐT - Tiki,NV22,Đã giao
DH001245,KH0227,2025-07-31 21:41:00,TMĐT - Lazada,NV29,Trả hàng
DH011504,KH0447,2025-07-31 22:20:00,Đại lý,NV06,Đã giao
DH010830,KH0449,2025-07-31 22:34:00,Đại lý,NV02,Đã giao
DH002594,KH0009,2025-07-31 23:47:00,Bán lẻ trực tiếp,NV08,Đã giao
DH009703,KH0246,2025-07-31 23:59:00,Showroom,NV13,Đã giao
DH009438,KH0248,2025-08-01 00:00:00,TMĐT - Lazada,NV19,Đã giao
DH011142,KH0442,2025-08-01 02:41:00,Showroom,NV01,Đang xử lý
DH006301,KH0094,2025-08-01 04:59:00,TMĐT - Tiki,NV01,Đã giao
DH006162,KH0047,2025-08-01 05:08:00,TMĐT - Lazada,NV19,Đã giao
DH001235,KH0359,2025-08-01 05:18:00,Showroom,NV05,Đã giao
DH009180,KH0246,2025-08-01 05:22:00,Bán lẻ trực tiếp,NV09,Trả hàng
DH003222,KH0249,2025-08-01 05:23:00,Showroom,NV22,Đã giao
DH001601,KH0051,2025-08-01 06:12:00,Showroom,NV12,Đang xử lý
DH002891,KH0151,2025-08-01 07:36:00,Đại lý,NV26,Mới
DH004771,KH0228,2025-08-01 10:22:00,Showroom,NV16,Đã giao
DH001945,KH0155,2025-08-01 12:38:00,Bán lẻ trực tiếp,NV07,Đang xử lý
DH006131,KH0034,2025-08-01 15:50:00,TMĐT - Shopee,NV10,Đã giao
DH008731,KH0315,2025-08-01 15:59:00,TMĐT - Tiki,NV24,Đã giao
DH004060,KH0074,2025-08-01 17:38:00,Showroom,NV21,Đã giao
DH009108,KH0447,2025-08-01 19:44:00,TMĐT - Lazada,NV11,Đã giao
DH001557,KH0143,2025-08-01 19:45:00,Showroom,NV28,Đã giao
DH007527,KH0314,2025-08-01 20:06:00,TMĐT - Shopee,NV09,Đã giao
DH004528,KH0035,2025-08-01 20:52:00,Showroom,NV16,Đã giao
DH007154,KH0346,2025-08-02 02:20:00,TMĐT - Tiki,NV23,Đã giao
DH009740,KH0070,2025-08-02 04:15:00,TMĐT - Tiki,NV22,Đã giao
DH009644,KH0034,2025-08-02 04:55:00,TMĐT - Lazada,NV05,Đã giao
DH004603,KH0141,2025-08-02 04:56:00,TMĐT - Tiki,NV29,Mới
DH004152,KH0141,2025-08-02 06:11:00,Bán lẻ trực tiếp,NV09,Đã hủy
DH011939,KH0403,2025-08-02 09:18:00,Bán lẻ trực tiếp,NV09,Đã giao
DH011374,KH0227,2025-08-02 10:06:00,TMĐT - Shopee,NV29,Đang xử lý
DH002773,KH0105,2025-08-02 12:19:00,Bán lẻ trực tiếp,NV04,Trả hàng
DH005444,KH0257,2025-08-02 14:46:00,Showroom,NV25,Đang xử lý
DH011943,KH0132,2025-08-02 19:56:00,TMĐT - Tiki,NV12,Đã giao
DH004385,KH0219,2025-08-02 21:23:00,TMĐT - Tiki,NV28,Đã giao
DH001300,KH0012,2025-08-02 21:59:00,TMĐT - Tiki,NV24,Đã hủy
DH000446,KH0262,2025-08-03 01:38:00,TMĐT - Shopee,NV06,Đã giao
DH002665,KH0412,2025-08-03 02:01:00,Showroom,NV03,Đã giao
DH008440,KH0337,2025-08-03 03:13:00,Đại lý,NV15,Đã hủy
DH010334,KH0155,2025-08-03 05:41:00,Bán lẻ trực tiếp,NV17,Đang xử lý
DH009910,KH0391,2025-08-03 06:17:00,Đại lý,NV13,Đã giao
DH002532,KH0246,2025-08-03 08:36:00,TMĐT - Tiki,NV05,Đang xử lý
DH006964,KH0447,2025-08-03 10:01:00,TMĐT - Shopee,NV24,Đã hủy
DH009195,KH0322,2025-08-03 12:46:00,Showroom,NV16,Đã giao
DH009884,KH0262,2025-08-03 13:24:00,Showroom,NV15,Đã giao
DH002729,KH0122,2025-08-03 14:10:00,Đại lý,NV02,Đã giao
DH011502,KH0409,2025-08-03 15:13:00,Bán lẻ trực tiếp,NV08,Đã giao
DH002453,KH0035,2025-08-03 15:53:00,Showroom,NV19,Đã giao
DH008367,KH0052,2025-08-03 16:31:00,Bán lẻ trực tiếp,NV23,Đã giao
DH009056,KH0446,2025-08-03 16:34:00,TMĐT - Lazada,NV01,Trả hàng
DH001908,KH0272,2025-08-03 16:58:00,Showroom,NV24,Đã giao
DH001475,KH0233,2025-08-03 17:01:00,TMĐT - Tiki,NV15,Đã giao
DH010910,KH0391,2025-08-03 21:21:00,Bán lẻ trực tiếp,NV17,Đã giao
DH002545,KH0116,2025-08-03 21:26:00,Bán lẻ trực tiếp,NV16,Đã giao
DH006914,KH0054,2025-08-03 23:38:00,TMĐT - Shopee,NV14,Đã giao
DH010887,KH0401,2025-08-04 02:36:00,Đại lý,NV15,Đã giao
DH006299,KH0306,2025-08-04 02:51:00,TMĐT - Shopee,NV04,Đang xử lý
DH011427,KH0079,2025-08-04 04:47:00,Showroom,NV02,Đã giao
DH006545,KH0070,2025-08-04 07:03:00,Showroom,NV28,Đang xử lý
DH000023,KH0246,2025-08-04 09:28:00,Showroom,NV29,Đã giao
DH004090,KH0447,2025-08-04 11:23:00,Đại lý,NV21,Đã giao
DH000764,KH0306,2025-08-04 11:32:00,Bán lẻ trực tiếp,NV18,Đã giao
DH002371,KH0081,2025-08-04 12:24:00,TMĐT - Lazada,NV27,Đã giao
DH001888,KH0141,2025-08-04 12:59:00,Đại lý,NV03,Đã giao
DH010378,KH0189,2025-08-04 14:08:00,TMĐT - Tiki,NV10,Đang xử lý
DH003713,KH0262,2025-08-04 15:29:00,TMĐT - Lazada,NV15,Đã giao
DH003212,KH0351,2025-08-04 16:04:00,Bán lẻ trực tiếp,NV19,Đã giao
DH002104,KH0227,2025-08-04 16:19:00,TMĐT - Lazada,NV15,Đã giao
DH008187,KH0107,2025-08-04 16:36:00,Bán lẻ trực tiếp,NV22,Trả hàng
DH006771,KH0293,2025-08-04 16:37:00,TMĐT - Lazada,NV24,Đang xử lý
DH005598,KH0051,2025-08-04 21:15:00,Bán lẻ trực tiếp,NV26,Đã giao
DH000442,KH0113,2025-08-04 21:28:00,TMĐT - Shopee,NV11,Đã giao
DH000663,KH0115,2025-08-04 22:09:00,TMĐT - Tiki,NV06,Đã giao
DH011378,KH0447,2025-08-05 00:06:00,Đại lý,NV11,Mới
DH007680,KH0302,2025-08-05 01:44:00,Đại lý,NV14,Đã giao
DH003065,KH0122,2025-08-05 02:28:00,Showroom,NV20,Đã giao
DH007698,KH0380,2025-08-05 03:13:00,Đại lý,NV21,Đã giao
DH004616,KH0327,2025-08-05 03:59:00,Đại lý,NV14,Đã giao
DH004714,KH0002,2025-08-05 04:47:00,TMĐT - Lazada,NV14,Đã hủy
DH007920,KH0309,2025-08-05 06:18:00,TMĐT - Lazada,NV12,Đang xử lý
DH002262,KH0306,2025-08-05 07:07:00,Bán lẻ trực tiếp,NV30,Mới
DH011238,KH0241,2025-08-05 07:42:00,TMĐT - Lazada,NV22,Đã giao
DH000680,KH0018,2025-08-05 09:10:00,Bán lẻ trực tiếp,NV21,Đã giao
DH008285,KH0158,2025-08-05 09:13:00,Showroom,NV28,Đã giao
DH005801,KH0306,2025-08-05 12:24:00,Bán lẻ trực tiếp,NV09,Đã giao
DH000797,KH0447,2025-08-05 14:56:00,Showroom,NV22,Đang xử lý
DH010925,KH0406,2025-08-05 16:23:00,TMĐT - Tiki,NV30,Đã giao
DH004149,KH0412,2025-08-05 18:47:00,Đại lý,NV01,Đã giao
DH003888,KH0314,2025-08-05 18:54:00,Đại lý,NV06,Đã giao
DH001189,KH0394,2025-08-06 02:47:00,TMĐT - Shopee,NV08,Đã hủy
DH003304,KH0327,2025-08-06 03:18:00,Đại lý,NV17,Đã hủy
DH003966,KH0442,2025-08-06 05:39:00,TMĐT - Tiki,NV06,Đã giao
DH009093,KH0446,2025-08-06 05:55:00,Showroom,NV12,Đã giao
DH008517,KH0347,2025-08-06 06:47:00,Bán lẻ trực tiếp,NV20,Đã giao
DH004205,KH0141,2025-08-06 07:25:00,Bán lẻ trực tiếp,NV17,Đã giao
DH010758,KH0314,2025-08-06 08:20:00,TMĐT - Lazada,NV09,Đã giao
DH000301,KH0306,2025-08-06 09:49:00,Bán lẻ trực tiếp,NV30,Đã giao
DH007241,KH0409,2025-08-06 12:02:00,TMĐT - Lazada,NV13,Đã giao
DH007067,KH0423,2025-08-06 13:05:00,TMĐT - Lazada,NV10,Trả hàng
DH004481,KH0151,2025-08-06 17:20:00,Bán lẻ trực tiếp,NV12,Đã giao
DH005347,KH0063,2025-08-06 19:30:00,TMĐT - Lazada,NV17,Mới
DH006006,KH0400,2025-08-06 23:13:00,Showroom,NV03,Đã giao
DH011510,KH0052,2025-08-06 23:55:00,Bán lẻ trực tiếp,NV18,Đã giao
DH003315,KH0391,2025-08-07 00:31:00,Đại lý,NV30,Đã giao
DH008438,KH0391,2025-08-07 01:41:00,TMĐT - Tiki,NV24,Đã giao
DH006047,KH0047,2025-08-07 02:05:00,Đại lý,NV11,Đã giao
DH008659,KH0157,2025-08-07 09:03:00,TMĐT - Tiki,NV06,Đã giao
DH011747,KH0053,2025-08-07 10:32:00,TMĐT - Tiki,NV09,Đang xử lý
DH008154,KH0035,2025-08-07 11:49:00,Bán lẻ trực tiếp,NV13,Đã giao
DH009500,KH0227,2025-08-07 16:30:00,Showroom,NV09,Đã giao
DH003709,KH0070,2025-08-07 16:52:00,Bán lẻ trực tiếp,NV21,Đã giao
DH001834,KH0442,2025-08-07 20:02:00,Đại lý,NV25,Đã giao
DH011383,KH0305,2025-08-07 21:46:00,TMĐT - Shopee,NV08,Đã giao
DH000184,KH0413,2025-08-07 22:13:00,TMĐT - Lazada,NV13,Đã giao
DH000312,KH0367,2025-08-07 22:37:00,Bán lẻ trực tiếp,NV16,Đã giao
DH000250,KH0070,2025-08-07 23:02:00,Showroom,NV12,Đã giao
DH011356,KH0034,2025-08-07 23:19:00,Đại lý,NV25,Đã giao
DH011938,KH0413,2025-08-08 01:12:00,Showroom,NV24,Đang xử lý
DH011927,KH0323,2025-08-08 01:53:00,TMĐT - Tiki,NV12,Đã giao
DH003897,KH0128,2025-08-08 04:17:00,Showroom,NV19,Đã giao
DH000367,KH0158,2025-08-08 05:27:00,TMĐT - Shopee,NV13,Đã giao
DH007756,KH0151,2025-08-08 06:16:00,Bán lẻ trực tiếp,NV14,Đã giao
DH007379,KH0404,2025-08-08 07:16:00,Bán lẻ trực tiếp,NV10,Đã giao
DH006743,KH0127,2025-08-08 10:39:00,Showroom,NV05,Đã giao
DH004749,KH0242,2025-08-08 10:40:00,TMĐT - Tiki,NV06,Mới
DH007942,KH0421,2025-08-08 13:27:00,Đại lý,NV26,Đã giao
DH000380,KH0011,2025-08-08 15:40:00,Showroom,NV26,Đã giao
DH010282,KH0367,2025-08-08 20:11:00,TMĐT - Lazada,NV25,Đã giao
DH006667,KH0029,2025-08-08 22:07:00,TMĐT - Shopee,NV18,Đã giao
DH004452,KH0432,2025-08-08 22:20:00,TMĐT - Tiki,NV30,Mới
DH011744,KH0446,2025-08-08 23:26:00,TMĐT - Shopee,NV16,Đã giao
DH007290,KH0015,2025-08-09 02:17:00,TMĐT - Shopee,NV27,Đang xử lý
DH009189,KH0155,2025-08-09 02:41:00,Showroom,NV12,Đã giao
DH007419,KH0031,2025-08-09 05:24:00,Đại lý,NV28,Đã giao
DH008453,KH0306,2025-08-09 09:15:00,Bán lẻ trực tiếp,NV23,Đang xử lý
DH008060,KH0140,2025-08-09 11:33:00,Bán lẻ trực tiếp,NV06,Đang xử lý
DH007559,KH0265,2025-08-09 15:02:00,TMĐT - Lazada,NV13,Đã giao
DH007291,KH0409,2025-08-09 15:17:00,Showroom,NV03,Đã giao
DH003940,KH0184,2025-08-09 15:40:00,Đại lý,NV30,Mới
DH007088,KH0409,2025-08-09 15:49:00,TMĐT - Tiki,NV26,Đã giao
DH004645,KH0247,2025-08-09 17:12:00,Bán lẻ trực tiếp,NV07,Đã giao
DH010407,KH0199,2025-08-09 17:50:00,Showroom,NV04,Đang xử lý
DH011714,KH0242,2025-08-09 18:56:00,Showroom,NV05,Đang xử lý
DH005688,KH0227,2025-08-09 19:34:00,Bán lẻ trực tiếp,NV21,Đang xử lý
DH005825,KH0446,2025-08-09 20:11:00,TMĐT - Tiki,NV12,Đã giao
DH002255,KH0183,2025-08-09 22:15:00,TMĐT - Tiki,NV29,Đã giao
DH011576,KH0053,2025-08-09 23:02:00,TMĐT - Tiki,NV21,Đã giao
DH004572,KH0204,2025-08-09 23:43:00,Bán lẻ trực tiếp,NV06,Đã giao
DH004786,KH0111,2025-08-10 00:01:00,TMĐT - Tiki,NV22,Đã giao
DH000258,KH0254,2025-08-10 00:36:00,TMĐT - Shopee,NV11,Đã giao
DH001369,KH0114,2025-08-10 01:33:00,TMĐT - Lazada,NV15,Đã giao
DH002011,KH0135,2025-08-10 01:37:00,TMĐT - Tiki,NV24,Đang xử lý
DH009762,KH0044,2025-08-10 07:13:00,TMĐT - Tiki,NV26,Đã hủy
DH006375,KH0438,2025-08-10 07:35:00,TMĐT - Tiki,NV08,Đã giao
DH003755,KH0155,2025-08-10 08:00:00,TMĐT - Tiki,NV16,Đã giao
DH011285,KH0391,2025-08-10 10:02:00,Showroom,NV30,Đã giao
DH011997,KH0391,2025-08-10 10:11:00,TMĐT - Shopee,NV27,Đang xử lý
DH000322,KH0322,2025-08-10 12:04:00,Bán lẻ trực tiếp,NV10,Đã giao
DH007016,KH0367,2025-08-10 12:38:00,Bán lẻ trực tiếp,NV14,Đã giao
DH003685,KH0253,2025-08-10 12:43:00,TMĐT - Lazada,NV07,Đã giao
DH001172,KH0215,2025-08-10 18:03:00,Bán lẻ trực tiếp,NV21,Đã giao
DH001861,KH0314,2025-08-10 18:28:00,Bán lẻ trực tiếp,NV02,Mới
DH005994,KH0359,2025-08-10 18:39:00,Showroom,NV21,Đã giao
DH008016,KH0262,2025-08-10 19:32:00,TMĐT - Lazada,NV16,Đã giao
DH009367,KH0413,2025-08-10 21:59:00,TMĐT - Lazada,NV08,Đang xử lý
DH010473,KH0108,2025-08-11 01:26:00,TMĐT - Tiki,NV02,Đang xử lý
DH008774,KH0184,2025-08-11 01:47:00,TMĐT - Tiki,NV03,Đã giao
DH000532,KH0012,2025-08-11 02:07:00,Đại lý,NV06,Đã giao
DH002087,KH0232,2025-08-11 02:45:00,TMĐT - Shopee,NV11,Đã giao
DH009559,KH0091,2025-08-11 02:57:00,TMĐT - Shopee,NV04,Đã giao
DH011794,KH0368,2025-08-11 04:37:00,Bán lẻ trực tiếp,NV30,Đang xử lý
DH007281,KH0442,2025-08-11 09:55:00,TMĐT - Tiki,NV16,Đã giao
DH003456,KH0314,2025-08-11 20:15:00,Đại lý,NV21,Đã giao
DH006071,KH0075,2025-08-12 00:35:00,TMĐT - Shopee,NV17,Đã giao
DH003714,KH0262,2025-08-12 01:56:00,TMĐT - Shopee,NV30,Đã hủy
DH003629,KH0216,2025-08-12 09:10:00,TMĐT - Lazada,NV08,Đang xử lý
DH003676,KH0170,2025-08-12 10:32:00,TMĐT - Lazada,NV28,Đã giao
DH000904,KH0402,2025-08-12 11:51:00,Bán lẻ trực tiếp,NV15,Đã giao
DH002869,KH0314,2025-08-12 15:37:00,Showroom,NV12,Đã giao
DH000535,KH0242,2025-08-12 17:10:00,TMĐT - Tiki,NV20,Đã giao
DH010990,KH0141,2025-08-12 17:36:00,TMĐT - Shopee,NV05,Đã giao
DH005714,KH0122,2025-08-12 20:48:00,TMĐT - Shopee,NV19,Trả hàng
DH002227,KH0253,2025-08-12 23:27:00,Đại lý,NV05,Đang xử lý
DH003894,KH0028,2025-08-13 00:42:00,TMĐT - Shopee,NV07,Đã giao
DH006819,KH0271,2025-08-13 01:00:00,TMĐT - Tiki,NV20,Trả hàng
DH000277,KH0068,2025-08-13 01:05:00,Bán lẻ trực tiếp,NV06,Mới
DH009413,KH0306,2025-08-13 02:29:00,TMĐT - Lazada,NV03,Đã giao
DH002291,KH0092,2025-08-13 02:56:00,TMĐT - Shopee,NV02,Trả hàng
DH004552,KH0236,2025-08-13 04:46:00,TMĐT - Lazada,NV26,Đã giao
DH006985,KH0363,2025-08-13 05:24:00,Đại lý,NV26,Đã giao
DH004379,KH0155,2025-08-13 06:14:00,Showroom,NV24,Đã giao
DH006745,KH0242,2025-08-13 08:34:00,TMĐT - Shopee,NV17,Đã giao
DH005262,KH0155,2025-08-13 09:23:00,TMĐT - Lazada,NV13,Đã hủy
DH011005,KH0013,2025-08-13 09:43:00,Bán lẻ trực tiếp,NV21,Đã giao
DH004155,KH0257,2025-08-13 10:00:00,TMĐT - Shopee,NV17,Đã giao
DH007122,KH0113,2025-08-13 11:28:00,TMĐT - Shopee,NV22,Đã giao
DH007652,KH0323,2025-08-13 11:59:00,Bán lẻ trực tiếp,NV08,Đã giao
DH003571,KH0314,2025-08-13 13:53:00,TMĐT - Lazada,NV24,Đã giao
DH002084,KH0163,2025-08-13 15:41:00,TMĐT - Tiki,NV21,Đã giao
DH010331,KH0249,2025-08-13 15:59:00,TMĐT - Shopee,NV29,Đã giao
DH004297,KH0446,2025-08-13 19:44:00,TMĐT - Shopee,NV21,Đã giao
DH004871,KH0052,2025-08-13 19:48:00,Showroom,NV11,Đã giao
DH006866,KH0325,2025-08-13 21:10:00,Showroom,NV05,Mới
DH008670,KH0229,2025-08-13 21:44:00,TMĐT - Lazada,NV08,Đang xử lý
DH008044,KH0211,2025-08-13 23:37:00,TMĐT - Shopee,NV23,Đã giao
DH007108,KH0388,2025-08-14 01:47:00,TMĐT - Tiki,NV16,Đã giao
DH009494,KH0192,2025-08-14 02:48:00,Showroom,NV21,Đã giao
DH004999,KH0034,2025-08-14 03:00:00,Bán lẻ trực tiếp,NV20,Đã hủy
DH010664,KH0349,2025-08-14 03:42:00,TMĐT - Lazada,NV05,Đã giao
DH009983,KH0395,2025-08-14 04:15:00,Showroom,NV15,Đã giao
DH011764,KH0262,2025-08-14 06:16:00,Showroom,NV18,Đã giao
DH002485,KH0222,2025-08-14 06:17:00,TMĐT - Lazada,NV19,Đã giao
DH009357,KH0422,2025-08-14 06:43:00,Đại lý,NV07,Đã giao
DH004747,KH0171,2025-08-14 07:13:00,Đại lý,NV30,Đã giao
DH010342,KH0314,2025-08-14 07:42:00,Đại lý,NV10,Đã giao
DH004067,KH0248,2025-08-14 08:14:00,Showroom,NV19,Đã giao
DH003986,KH0074,2025-08-14 12:20:00,TMĐT - Tiki,NV02,Đã giao
DH004089,KH0229,2025-08-14 12:54:00,TMĐT - Lazada,NV14,Đã giao
DH002615,KH0230,2025-08-14 13:22:00,TMĐT - Tiki,NV27,Mới
DH007757,KH0054,2025-08-14 14:28:00,Đại lý,NV18,Đã giao
DH001971,KH0141,2025-08-14 15:42:00,TMĐT - Lazada,NV12,Đã giao
DH000971,KH0253,2025-08-14 20:57:00,TMĐT - Lazada,NV19,Đang xử lý
DH010391,KH0365,2025-08-14 21:56:00,TMĐT - Tiki,NV24,Đã giao
DH008589,KH0368,2025-08-15 00:00:00,TMĐT - Tiki,NV17,Đã giao
DH004911,KH0018,2025-08-15 00:41:00,TMĐT - Tiki,NV12,Trả hàng
DH007073,KH0352,2025-08-15 02:51:00,Đại lý,NV11,Đã giao
DH000621,KH0193,2025-08-15 04:55:00,Bán lẻ trực tiếp,NV06,Mới
DH004998,KH0391,2025-08-15 06:39:00,Bán lẻ trực tiếp,NV03,Trả hàng
DH007416,KH0306,2025-08-15 08:08:00,Showroom,NV18,Đã giao
DH000491,KH0391,2025-08-15 09:41:00,TMĐT - Tiki,NV22,Đã giao
DH003320,KH0405,2025-08-15 09:58:00,Đại lý,NV01,Đã giao
DH011911,KH0386,2025-08-15 11:48:00,Showroom,NV12,Đã giao
DH001014,KH0391,2025-08-15 12:00:00,Đại lý,NV21,Đã giao
DH010601,KH0070,2025-08-15 13:05:00,TMĐT - Lazada,NV22,Đã giao
DH005675,KH0204,2025-08-15 13:34:00,Showroom,NV14,Đã giao
DH004934,KH0306,2025-08-15 17:55:00,Đại lý,NV19,Đang xử lý
DH008085,KH0442,2025-08-15 18:03:00,TMĐT - Tiki,NV26,Đã giao
DH003204,KH0391,2025-08-15 18:20:00,TMĐT - Lazada,NV29,Trả hàng
DH006065,KH0070,2025-08-15 19:18:00,TMĐT - Tiki,NV22,Đã giao
DH000263,KH0447,2025-08-15 21:07:00,TMĐT - Tiki,NV26,Đã giao
DH007779,KH0054,2025-08-15 22:10:00,Bán lẻ trực tiếp,NV30,Đã giao
DH008230,KH0442,2025-08-15 23:34:00,TMĐT - Lazada,NV16,Đã giao
DH002250,KH0147,2025-08-16 02:48:00,Bán lẻ trực tiếp,NV22,Đã giao
DH001994,KH0314,2025-08-16 02:50:00,TMĐT - Tiki,NV08,Đã giao
DH008631,KH0135,2025-08-16 04:16:00,TMĐT - Shopee,NV16,Đã giao
DH004536,KH0184,2025-08-16 04:29:00,Showroom,NV09,Đã giao
DH001725,KH0412,2025-08-16 05:38:00,Bán lẻ trực tiếp,NV05,Đã giao
DH011071,KH0155,2025-08-16 06:38:00,Showroom,NV02,Đã giao
DH009722,KH0254,2025-08-16 07:13:00,Showroom,NV14,Đã giao
DH010213,KH0189,2025-08-16 09:37:00,Bán lẻ trực tiếp,NV09,Đã giao
DH000501,KH0277,2025-08-16 12:04:00,TMĐT - Shopee,NV13,Đã giao
DH009157,KH0239,2025-08-16 13:57:00,TMĐT - Shopee,NV30,Đã giao
DH006239,KH0396,2025-08-16 16:16:00,Đại lý,NV14,Đang xử lý
DH003942,KH0035,2025-08-16 16:18:00,Đại lý,NV22,Đã giao
DH003356,KH0391,2025-08-16 16:42:00,TMĐT - Shopee,NV09,Đã giao
DH003455,KH0383,2025-08-16 17:31:00,TMĐT - Shopee,NV30,Đã giao
DH011120,KH0297,2025-08-16 17:37:00,Showroom,NV10,Đang xử lý
DH002859,KH0446,2025-08-16 23:19:00,Showroom,NV30,Đã giao
DH010483,KH0179,2025-08-16 23:51:00,Đại lý,NV01,Đã giao
DH007106,KH0012,2025-08-17 01:25:00,Đại lý,NV24,Đã giao
DH005218,KH0426,2025-08-17 02:14:00,TMĐT - Lazada,NV01,Đã giao
DH008214,KH0155,2025-08-17 09:57:00,Bán lẻ trực tiếp,NV02,Đã giao
DH002518,KH0171,2025-08-17 10:28:00,TMĐT - Lazada,NV22,Đã hủy
DH001555,KH0004,2025-08-17 10:37:00,Bán lẻ trực tiếp,NV12,Đã giao
DH002150,KH0175,2025-08-17 11:44:00,Bán lẻ trực tiếp,NV30,Đã giao
DH011143,KH0092,2025-08-17 12:53:00,Showroom,NV12,Đã giao
DH010487,KH0442,2025-08-17 16:58:00,Bán lẻ trực tiếp,NV01,Đã giao
DH006778,KH0128,2025-08-17 18:16:00,TMĐT - Lazada,NV11,Đã giao
DH010997,KH0262,2025-08-17 22:13:00,TMĐT - Shopee,NV16,Đã giao
DH005823,KH0199,2025-08-17 23:00:00,TMĐT - Shopee,NV13,Đã giao
DH000180,KH0267,2025-08-18 02:18:00,TMĐT - Lazada,NV15,Đã giao
DH006739,KH0077,2025-08-18 04:06:00,Đại lý,NV23,Trả hàng
DH005900,KH0204,2025-08-18 04:53:00,Bán lẻ trực tiếp,NV21,Đã giao
DH004537,KH0386,2025-08-18 11:14:00,TMĐT - Tiki,NV18,Đã giao
DH006280,KH0010,2025-08-18 11:25:00,TMĐT - Lazada,NV17,Mới
DH001704,KH0213,2025-08-18 12:12:00,TMĐT - Lazada,NV15,Đã giao
DH008179,KH0220,2025-08-18 13:11:00,Showroom,NV12,Đã giao
DH006411,KH0155,2025-08-18 15:38:00,TMĐT - Lazada,NV07,Đã hủy
DH006718,KH0447,2025-08-18 16:06:00,Bán lẻ trực tiếp,NV15,Đã giao
DH008062,KH0359,2025-08-18 17:36:00,Showroom,NV14,Đã giao
DH001339,KH0035,2025-08-18 19:14:00,Đại lý,NV10,Mới
DH007744,KH0227,2025-08-18 19:17:00,Showroom,NV12,Đã giao
DH001877,KH0039,2025-08-18 19:30:00,Bán lẻ trực tiếp,NV19,Đã hủy
DH000640,KH0391,2025-08-18 22:49:00,Đại lý,NV25,Đã giao
DH004997,KH0325,2025-08-18 22:54:00,TMĐT - Tiki,NV22,Đã giao
DH011577,KH0012,2025-08-18 23:39:00,TMĐT - Tiki,NV13,Đã giao
DH004837,KH0246,2025-08-19 01:13:00,Đại lý,NV24,Đã giao
DH002509,KH0391,2025-08-19 01:18:00,TMĐT - Tiki,NV20,Đang xử lý
DH007216,KH0391,2025-08-19 01:40:00,TMĐT - Lazada,NV04,Đã giao
DH001735,KH0314,2025-08-19 01:47:00,TMĐT - Lazada,NV29,Đã giao
DH006567,KH0274,2025-08-19 02:33:00,TMĐT - Shopee,NV06,Đã giao
DH006374,KH0070,2025-08-19 02:40:00,Đại lý,NV08,Đã giao
DH001179,KH0412,2025-08-19 02:49:00,Bán lẻ trực tiếp,NV21,Trả hàng
DH002058,KH0115,2025-08-19 03:43:00,Đại lý,NV07,Đã giao
DH010846,KH0281,2025-08-19 06:23:00,Showroom,NV18,Đã giao
DH011255,KH0141,2025-08-19 07:20:00,TMĐT - Tiki,NV10,Đã giao
DH001939,KH0326,2025-08-19 07:30:00,Đại lý,NV12,Đã giao
DH001726,KH0163,2025-08-19 09:37:00,Đại lý,NV13,Đã giao
DH010828,KH0194,2025-08-19 12:01:00,TMĐT - Tiki,NV21,Đã giao
DH007623,KH0035,2025-08-19 14:59:00,TMĐT - Tiki,NV20,Đã giao
DH008959,KH0026,2025-08-19 15:16:00,Đại lý,NV17,Đã giao
DH008656,KH0442,2025-08-19 15:19:00,TMĐT - Tiki,NV07,Trả hàng
DH009106,KH0229,2025-08-19 18:11:00,Showroom,NV20,Đang xử lý
DH003026,KH0012,2025-08-19 18:22:00,Showroom,NV04,Đang xử lý
DH008017,KH0155,2025-08-19 18:57:00,TMĐT - Lazada,NV03,Đang xử lý
DH003818,KH0171,2025-08-19 20:30:00,TMĐT - Shopee,NV10,Đã giao
DH001903,KH0155,2025-08-19 21:53:00,Đại lý,NV03,Đã giao
DH002162,KH0306,2025-08-19 23:17:00,Bán lẻ trực tiếp,NV17,Trả hàng
DH010670,KH0198,2025-08-20 01:00:00,Showroom,NV18,Đã giao
DH000979,KH0374,2025-08-20 09:55:00,TMĐT - Shopee,NV05,Đã giao
DH010096,KH0283,2025-08-20 10:30:00,TMĐT - Tiki,NV06,Đã giao
DH005361,KH0280,2025-08-20 10:37:00,TMĐT - Tiki,NV12,Đã giao
DH002157,KH0347,2025-08-20 12:30:00,Showroom,NV08,Đang xử lý
DH008039,KH0035,2025-08-20 16:54:00,Showroom,NV01,Đã giao
DH005866,KH0123,2025-08-20 22:03:00,TMĐT - Tiki,NV07,Mới
DH003382,KH0316,2025-08-21 01:19:00,TMĐT - Shopee,NV11,Đã giao
DH006507,KH0447,2025-08-21 03:21:00,TMĐT - Shopee,NV26,Đã giao
DH010921,KH0236,2025-08-21 07:16:00,Đại lý,NV04,Đang xử lý
DH001207,KH0265,2025-08-21 07:27:00,Đại lý,NV05,Đã giao
DH002855,KH0074,2025-08-21 09:45:00,TMĐT - Lazada,NV01,Đang xử lý
DH001806,KH0404,2025-08-21 10:00:00,TMĐT - Tiki,NV10,Đã giao
DH004097,KH0399,2025-08-21 10:02:00,TMĐT - Lazada,NV17,Đã giao
DH001279,KH0155,2025-08-21 11:21:00,TMĐT - Lazada,NV06,Đang xử lý
DH009658,KH0116,2025-08-21 11:33:00,Showroom,NV11,Đã giao
DH009211,KH0205,2025-08-21 11:56:00,TMĐT - Shopee,NV24,Đã giao
DH007593,KH0365,2025-08-21 12:43:00,TMĐT - Tiki,NV18,Đang xử lý
DH006324,KH0044,2025-08-21 13:09:00,Đại lý,NV24,Đã giao
DH006060,KH0390,2025-08-21 13:40:00,TMĐT - Lazada,NV30,Đã giao
DH008665,KH0189,2025-08-21 13:53:00,TMĐT - Lazada,NV05,Đã hủy
DH003554,KH0391,2025-08-21 17:51:00,TMĐT - Shopee,NV15,Đã giao
DH006573,KH0054,2025-08-21 18:01:00,TMĐT - Lazada,NV01,Mới
DH004094,KH0122,2025-08-21 20:51:00,TMĐT - Lazada,NV19,Đã giao
DH005883,KH0262,2025-08-21 21:12:00,Đại lý,NV07,Đã giao
DH002897,KH0262,2025-08-21 21:34:00,Bán lẻ trực tiếp,NV10,Đã giao
DH002805,KH0391,2025-08-21 23:54:00,TMĐT - Tiki,NV19,Mới
DH007577,KH0108,2025-08-22 00:04:00,Đại lý,NV25,Đã hủy
DH010777,KH0413,2025-08-22 01:55:00,TMĐT - Shopee,NV29,Đã giao
DH000631,KH0012,2025-08-22 02:39:00,Showroom,NV07,Đã giao
DH010133,KH0035,2025-08-22 03:25:00,Đại lý,NV03,Đã giao
DH002542,KH0314,2025-08-22 04:28:00,Showroom,NV21,Mới
DH010804,KH0217,2025-08-22 04:49:00,Đại lý,NV02,Đã giao
DH007921,KH0396,2025-08-22 05:07:00,Bán lẻ trực tiếp,NV02,Đã giao
DH003876,KH0391,2025-08-22 09:09:00,Đại lý,NV28,Đã giao
DH000817,KH0193,2025-08-22 11:01:00,TMĐT - Tiki,NV14,Đã giao
DH002406,KH0402,2025-08-22 13:09:00,TMĐT - Lazada,NV03,Đã giao
DH009945,KH0192,2025-08-22 14:30:00,Showroom,NV16,Đã giao
DH006441,KH0338,2025-08-22 18:31:00,Đại lý,NV19,Đã giao
DH000528,KH0446,2025-08-22 18:34:00,TMĐT - Tiki,NV23,Đã giao
DH002514,KH0122,2025-08-22 20:09:00,TMĐT - Lazada,NV28,Đã giao
DH011624,KH0232,2025-08-22 20:39:00,Đại lý,NV02,Đã giao
DH009459,KH0271,2025-08-22 22:08:00,TMĐT - Lazada,NV19,Đã giao
DH002238,KH0114,2025-08-22 22:08:00,Bán lẻ trực tiếp,NV09,Đã giao
DH005717,KH0262,2025-08-23 02:53:00,Đại lý,NV13,Đã giao
DH011400,KH0155,2025-08-23 03:49:00,TMĐT - Tiki,NV09,Đã giao
DH000890,KH0413,2025-08-23 05:31:00,Bán lẻ trực tiếp,NV01,Đã giao
DH004826,KH0155,2025-08-23 07:30:00,Đại lý,NV14,Đã giao
DH005662,KH0337,2025-08-23 08:37:00,TMĐT - Lazada,NV15,Đã giao
DH008486,KH0056,2025-08-23 09:46:00,TMĐT - Lazada,NV17,Đã giao
DH011286,KH0396,2025-08-23 10:46:00,Đại lý,NV17,Mới
DH004361,KH0147,2025-08-23 11:37:00,TMĐT - Lazada,NV25,Đã giao
DH007639,KH0204,2025-08-23 12:14:00,Bán lẻ trực tiếp,NV09,Đã giao
DH011635,KH0421,2025-08-23 12:27:00,Bán lẻ trực tiếp,NV24,Trả hàng
DH009761,KH0070,2025-08-23 12:50:00,Showroom,NV13,Đang xử lý
DH006557,KH0400,2025-08-23 13:38:00,TMĐT - Tiki,NV12,Đã giao
DH008131,KH0367,2025-08-23 15:15:00,Đại lý,NV23,Đã giao
DH009925,KH0400,2025-08-23 15:19:00,Showroom,NV22,Đã giao
DH003023,KH0368,2025-08-23 16:49:00,TMĐT - Shopee,NV17,Đã giao
DH004860,KH0141,2025-08-23 21:13:00,Đại lý,NV15,Đã giao
DH004371,KH0366,2025-08-23 21:24:00,Bán lẻ trực tiếp,NV16,Đã giao
DH008734,KH0143,2025-08-24 00:30:00,Bán lẻ trực tiếp,NV16,Đã giao
DH000222,KH0398,2025-08-24 01:53:00,TMĐT - Lazada,NV03,Đã giao
DH001629,KH0053,2025-08-24 02:50:00,TMĐT - Shopee,NV20,Đã giao
DH002339,KH0314,2025-08-24 04:26:00,TMĐT - Tiki,NV28,Đã hủy
DH011933,KH0233,2025-08-24 12:05:00,Bán lẻ trực tiếp,NV12,Đã giao
DH000150,KH0155,2025-08-24 14:18:00,Bán lẻ trực tiếp,NV04,Đã giao
DH005199,KH0391,2025-08-24 14:58:00,Showroom,NV27,Đã giao
DH007167,KH0273,2025-08-24 18:43:00,Bán lẻ trực tiếp,NV06,Đã giao
DH008294,KH0003,2025-08-24 19:25:00,TMĐT - Shopee,NV15,Đã giao
DH004222,KH0034,2025-08-24 19:29:00,TMĐT - Shopee,NV08,Đã giao
DH000195,KH0196,2025-08-24 20:31:00,Đại lý,NV21,Đã giao
DH008701,KH0374,2025-08-24 20:55:00,Bán lẻ trực tiếp,NV20,Đã giao
DH010985,KH0412,2025-08-24 22:06:00,Showroom,NV14,Đã giao
DH011690,KH0229,2025-08-24 23:39:00,TMĐT - Lazada,NV22,Đã giao
DH006481,KH0367,2025-08-24 23:41:00,Bán lẻ trực tiếp,NV12,Đã giao
DH002347,KH0352,2025-08-24 23:44:00,TMĐT - Lazada,NV29,Đã giao
DH002254,KH0082,2025-08-25 03:55:00,Bán lẻ trực tiếp,NV04,Đã giao
DH011638,KH0442,2025-08-25 05:36:00,Đại lý,NV24,Đã giao
DH011809,KH0138,2025-08-25 06:03:00,Đại lý,NV22,Trả hàng
DH005637,KH0184,2025-08-25 07:41:00,Bán lẻ trực tiếp,NV11,Đã giao
DH002492,KH0012,2025-08-25 09:12:00,Showroom,NV01,Đã giao
DH010137,KH0141,2025-08-25 09:53:00,TMĐT - Shopee,NV02,Đã giao
DH005229,KH0442,2025-08-25 11:46:00,TMĐT - Lazada,NV22,Đã giao
DH001473,KH0328,2025-08-25 12:34:00,Bán lẻ trực tiếp,NV08,Đã giao
DH004076,KH0034,2025-08-25 12:37:00,Bán lẻ trực tiếp,NV17,Đang xử lý
DH008300,KH0035,2025-08-25 13:05:00,Bán lẻ trực tiếp,NV03,Đã giao
DH004559,KH0070,2025-08-25 13:23:00,Bán lẻ trực tiếp,NV25,Đang xử lý
DH010733,KH0409,2025-08-25 17:36:00,TMĐT - Tiki,NV29,Đang xử lý
DH009197,KH0212,2025-08-25 18:38:00,Bán lẻ trực tiếp,NV09,Mới
DH005978,KH0413,2025-08-25 19:45:00,TMĐT - Shopee,NV07,Đã giao
DH001554,KH0120,2025-08-26 00:29:00,Đại lý,NV05,Đã giao
DH005815,KH0092,2025-08-26 00:49:00,Showroom,NV22,Đã giao
DH004575,KH0337,2025-08-26 06:09:00,TMĐT - Tiki,NV17,Đang xử lý
DH002143,KH0306,2025-08-26 07:17:00,TMĐT - Lazada,NV10,Đã giao
DH004655,KH0034,2025-08-26 07:49:00,TMĐT - Lazada,NV26,Đã giao
DH008117,KH0243,2025-08-26 10:23:00,TMĐT - Shopee,NV11,Đã giao
DH003219,KH0282,2025-08-26 11:21:00,Đại lý,NV15,Đang xử lý
DH004818,KH0306,2025-08-26 12:44:00,Showroom,NV05,Đã giao
DH009992,KH0026,2025-08-26 13:20:00,Bán lẻ trực tiếp,NV10,Mới
DH004372,KH0265,2025-08-26 13:24:00,Đại lý,NV07,Đã giao
DH006024,KH0388,2025-08-26 17:24:00,Bán lẻ trực tiếp,NV25,Đã giao
DH006952,KH0262,2025-08-26 17:41:00,Bán lẻ trực tiếp,NV01,Trả hàng
DH002083,KH0130,2025-08-26 18:11:00,Đại lý,NV10,Đã giao
DH009956,KH0306,2025-08-26 20:33:00,Showroom,NV01,Đang xử lý
DH005044,KH0442,2025-08-26 21:11:00,TMĐT - Shopee,NV17,Đã giao
DH011528,KH0070,2025-08-26 22:12:00,Showroom,NV05,Đã giao
DH009941,KH0250,2025-08-27 00:29:00,Showroom,NV13,Đã giao
DH009540,KH0281,2025-08-27 00:45:00,Đại lý,NV20,Mới
DH009471,KH0012,2025-08-27 01:41:00,Bán lẻ trực tiếp,NV08,Đã giao
DH006706,KH0039,2025-08-27 02:05:00,Bán lẻ trực tiếp,NV01,Đã giao
DH007355,KH0116,2025-08-27 03:05:00,TMĐT - Tiki,NV07,Đang xử lý
DH008806,KH0391,2025-08-27 03:56:00,Bán lẻ trực tiếp,NV27,Đã giao
DH003526,KH0087,2025-08-27 08:45:00,TMĐT - Tiki,NV17,Đã giao
DH004607,KH0071,2025-08-27 11:59:00,TMĐT - Lazada,NV26,Đã giao
DH004071,KH0337,2025-08-27 12:01:00,Showroom,NV24,Đã giao
DH005282,KH0070,2025-08-27 16:35:00,TMĐT - Shopee,NV29,Đã giao
DH005464,KH0039,2025-08-27 17:26:00,Bán lẻ trực tiếp,NV23,Đã giao
DH008066,KH0447,2025-08-27 17:35:00,Showroom,NV12,Đã giao
DH007791,KH0445,2025-08-27 19:59:00,TMĐT - Tiki,NV01,Đã giao
DH004419,KH0262,2025-08-27 21:45:00,TMĐT - Shopee,NV26,Đã giao
DH002187,KH0113,2025-08-27 23:00:00,Bán lẻ trực tiếp,NV10,Đã giao
DH010447,KH0436,2025-08-28 00:08:00,Đại lý,NV01,Đã giao
DH003910,KH0299,2025-08-28 02:51:00,Đại lý,NV21,Đã giao
DH005011,KH0117,2025-08-28 05:02:00,Bán lẻ trực tiếp,NV09,Đang xử lý
DH005216,KH0242,2025-08-28 05:14:00,TMĐT - Lazada,NV19,Đã giao
DH002036,KH0390,2025-08-28 05:54:00,TMĐT - Lazada,NV09,Đã giao
DH007276,KH0070,2025-08-28 06:04:00,Showroom,NV08,Đang xử lý
DH010735,KH0391,2025-08-28 07:44:00,Đại lý,NV25,Đã giao
DH004270,KH0391,2025-08-28 08:22:00,TMĐT - Shopee,NV29,Đã giao
DH009027,KH0116,2025-08-28 08:30:00,Đại lý,NV11,Đã giao
DH010420,KH0302,2025-08-28 09:41:00,TMĐT - Tiki,NV29,Đã giao
DH009050,KH0337,2025-08-28 14:31:00,Showroom,NV07,Đã giao
DH008162,KH0199,2025-08-28 19:13:00,TMĐT - Lazada,NV04,Đã giao
DH011302,KH0155,2025-08-28 21:09:00,Đại lý,NV11,Trả hàng
DH002860,KH0220,2025-08-28 22:15:00,Showroom,NV02,Đã giao
DH001956,KH0445,2025-08-28 22:25:00,TMĐT - Lazada,NV26,Đã giao
DH008600,KH0141,2025-08-29 01:03:00,TMĐT - Tiki,NV02,Đang xử lý
DH011237,KH0371,2025-08-29 03:07:00,Đại lý,NV18,Mới
DH011084,KH0108,2025-08-29 04:42:00,TMĐT - Lazada,NV17,Đã giao
DH007184,KH0141,2025-08-29 05:34:00,TMĐT - Tiki,NV07,Đã giao
DH005940,KH0151,2025-08-29 06:23:00,TMĐT - Tiki,NV30,Đang xử lý
DH006973,KH0220,2025-08-29 07:18:00,TMĐT - Tiki,NV26,Đã giao
DH009358,KH0413,2025-08-29 08:17:00,Showroom,NV27,Đã giao
DH005426,KH0359,2025-08-29 10:09:00,TMĐT - Lazada,NV14,Đã hủy
DH009193,KH0439,2025-08-29 10:30:00,TMĐT - Tiki,NV11,Đã giao
DH004211,KH0098,2025-08-29 12:07:00,Đại lý,NV05,Đã giao
DH008200,KH0166,2025-08-29 12:40:00,Bán lẻ trực tiếp,NV03,Trả hàng
DH002582,KH0053,2025-08-29 13:21:00,Showroom,NV15,Đã giao
DH004070,KH0279,2025-08-29 14:07:00,Showroom,NV27,Đã giao
DH001393,KH0390,2025-08-29 14:47:00,Bán lẻ trực tiếp,NV01,Đã giao
DH007590,KH0384,2025-08-29 15:14:00,Bán lẻ trực tiếp,NV07,Đã giao
DH005441,KH0447,2025-08-29 16:37:00,Đại lý,NV09,Mới
DH002784,KH0183,2025-08-29 17:00:00,TMĐT - Tiki,NV13,Đã giao
DH001569,KH0039,2025-08-29 17:49:00,TMĐT - Shopee,NV17,Đang xử lý
DH009750,KH0262,2025-08-29 19:00:00,Showroom,NV27,Đã giao
DH010149,KH0096,2025-08-30 00:51:00,TMĐT - Tiki,NV07,Đã giao
DH000633,KH0031,2025-08-30 01:32:00,Showroom,NV30,Đã giao
DH000193,KH0249,2025-08-30 04:39:00,TMĐT - Tiki,NV10,Đã giao
DH002045,KH0002,2025-08-30 06:44:00,TMĐT - Shopee,NV09,Đã giao
DH000015,KH0436,2025-08-30 07:12:00,TMĐT - Shopee,NV24,Đã giao
DH004327,KH0054,2025-08-30 07:20:00,TMĐT - Tiki,NV16,Đã giao
DH010732,KH0227,2025-08-30 07:36:00,TMĐT - Tiki,NV10,Đã giao
DH000515,KH0051,2025-08-30 19:02:00,Bán lẻ trực tiếp,NV13,Đã giao
DH009420,KH0114,2025-08-30 23:38:00,TMĐT - Shopee,NV28,Đã giao
DH011501,KH0179,2025-08-31 00:27:00,TMĐT - Tiki,NV04,Đã giao
DH010573,KH0075,2025-08-31 00:43:00,TMĐT - Tiki,NV19,Đã giao
DH004972,KH0391,2025-08-31 03:27:00,TMĐT - Lazada,NV19,Đã hủy
DH008353,KH0241,2025-08-31 11:07:00,TMĐT - Tiki,NV17,Đã giao
DH007412,KH0070,2025-08-31 11:36:00,Showroom,NV05,Trả hàng
DH008719,KH0229,2025-08-31 11:43:00,TMĐT - Lazada,NV29,Đang xử lý
DH004644,KH0445,2025-08-31 11:46:00,TMĐT - Tiki,NV11,Đã giao
DH003646,KH0079,2025-08-31 16:12:00,Showroom,NV10,Đã giao
DH005859,KH0179,2025-08-31 16:32:00,TMĐT - Tiki,NV12,Đã giao
DH007008,KH0446,2025-08-31 18:23:00,Bán lẻ trực tiếp,NV08,Đã hủy
DH003608,KH0157,2025-08-31 18:24:00,Đại lý,NV27,Đã giao
DH004778,KH0278,2025-08-31 19:38:00,Showroom,NV13,Đã hủy
DH003339,KH0314,2025-08-31 20:40:00,Showroom,NV30,Đã giao
DH000645,KH0227,2025-08-31 22:13:00,Đại lý,NV10,Đã giao
DH008607,KH0141,2025-09-01 02:46:00,TMĐT - Tiki,NV04,Đã hủy
DH004893,KH0135,2025-09-01 03:05:00,TMĐT - Lazada,NV12,Đã giao
DH008914,KH0064,2025-09-01 05:47:00,TMĐT - Lazada,NV09,Đang xử lý
DH011459,KH0309,2025-09-01 06:24:00,TMĐT - Shopee,NV11,Đã giao
DH005544,KH0166,2025-09-01 09:20:00,Đại lý,NV12,Đã giao
DH008805,KH0428,2025-09-01 10:01:00,TMĐT - Shopee,NV05,Mới
DH008881,KH0054,2025-09-01 10:12:00,Đại lý,NV10,Đang xử lý
DH005263,KH0122,2025-09-01 10:31:00,Bán lẻ trực tiếp,NV10,Đã hủy
DH008318,KH0442,2025-09-01 10:58:00,TMĐT - Tiki,NV29,Đã giao
DH008767,KH0344,2025-09-01 12:51:00,TMĐT - Tiki,NV08,Đã giao
DH005083,KH0052,2025-09-01 13:04:00,TMĐT - Tiki,NV13,Đã hủy
DH010839,KH0158,2025-09-01 17:23:00,Đại lý,NV30,Đang xử lý
DH010968,KH0280,2025-09-01 19:45:00,Bán lẻ trực tiếp,NV07,Mới
DH009655,KH0095,2025-09-01 20:35:00,Showroom,NV18,Đã giao
DH004844,KH0326,2025-09-01 20:47:00,TMĐT - Lazada,NV04,Đã hủy
DH001470,KH0399,2025-09-01 21:11:00,Đại lý,NV20,Đang xử lý
DH002742,KH0062,2025-09-01 22:21:00,Bán lẻ trực tiếp,NV25,Mới
DH001255,KH0384,2025-09-02 00:22:00,Đại lý,NV07,Đã giao
DH009118,KH0105,2025-09-02 00:45:00,TMĐT - Tiki,NV04,Đang xử lý
DH000650,KH0034,2025-09-02 02:23:00,Showroom,NV06,Đã giao
DH000499,KH0002,2025-09-02 06:01:00,TMĐT - Shopee,NV14,Đã hủy
DH002572,KH0213,2025-09-02 06:55:00,Showroom,NV07,Đã giao
DH000241,KH0265,2025-09-02 06:58:00,TMĐT - Tiki,NV04,Đã giao
DH006785,KH0406,2025-09-02 10:50:00,TMĐT - Shopee,NV28,Đã giao
DH008909,KH0031,2025-09-02 11:11:00,Đại lý,NV15,Đã giao
DH005806,KH0432,2025-09-02 11:19:00,Bán lẻ trực tiếp,NV16,Đã giao
DH005278,KH0002,2025-09-02 11:29:00,TMĐT - Lazada,NV29,Đang xử lý
DH004456,KH0274,2025-09-02 12:13:00,Bán lẻ trực tiếp,NV11,Đã hủy
DH000493,KH0155,2025-09-02 12:42:00,Đại lý,NV08,Đã giao
DH000607,KH0120,2025-09-02 15:46:00,TMĐT - Tiki,NV22,Đã giao
DH010964,KH0412,2025-09-02 19:39:00,TMĐT - Tiki,NV17,Đã giao
DH005810,KH0056,2025-09-02 20:30:00,TMĐT - Tiki,NV06,Đã giao
DH003040,KH0445,2025-09-02 23:04:00,Đại lý,NV14,Mới
DH008233,KH0374,2025-09-03 04:19:00,Showroom,NV30,Đã giao
DH000398,KH0053,2025-09-03 04:32:00,Đại lý,NV22,Đã hủy
DH002940,KH0446,2025-09-03 09:36:00,TMĐT - Lazada,NV30,Đã giao
DH010196,KH0446,2025-09-03 09:38:00,TMĐT - Shopee,NV28,Đang xử lý
DH004381,KH0093,2025-09-03 10:28:00,Showroom,NV04,Đã giao
DH010476,KH0309,2025-09-03 13:35:00,TMĐT - Shopee,NV04,Đã giao
DH002043,KH0166,2025-09-03 16:46:00,Đại lý,NV28,Đã giao
DH009126,KH0262,2025-09-03 18:14:00,TMĐT - Lazada,NV24,Đã giao
DH008386,KH0442,2025-09-03 19:02:00,Showroom,NV25,Đã giao
DH003679,KH0391,2025-09-03 20:14:00,Showroom,NV30,Mới
DH000941,KH0409,2025-09-03 20:52:00,TMĐT - Shopee,NV09,Đã giao
DH011267,KH0383,2025-09-03 21:20:00,TMĐT - Lazada,NV02,Đã giao
DH010706,KH0227,2025-09-03 22:41:00,Bán lẻ trực tiếp,NV20,Đã hủy
DH008673,KH0394,2025-09-04 03:42:00,Bán lẻ trực tiếp,NV28,Đang xử lý
DH002242,KH0002,2025-09-04 03:50:00,Showroom,NV26,Đã giao
DH010776,KH0391,2025-09-04 04:52:00,Bán lẻ trực tiếp,NV16,Trả hàng
DH001437,KH0399,2025-09-04 07:48:00,TMĐT - Lazada,NV08,Mới
DH010136,KH0046,2025-09-04 07:50:00,Bán lẻ trực tiếp,NV16,Trả hàng
DH010368,KH0127,2025-09-04 09:25:00,TMĐT - Shopee,NV24,Đã giao
DH010099,KH0241,2025-09-04 11:37:00,TMĐT - Tiki,NV15,Đã giao
DH010712,KH0365,2025-09-04 12:30:00,TMĐT - Shopee,NV26,Đã giao
DH010397,KH0028,2025-09-04 12:49:00,Đại lý,NV17,Đã giao
DH002530,KH0192,2025-09-04 14:20:00,TMĐT - Shopee,NV14,Đã giao
DH001530,KH0185,2025-09-04 15:15:00,TMĐT - Tiki,NV26,Đã giao
DH002078,KH0070,2025-09-04 15:41:00,Showroom,NV07,Trả hàng
DH000653,KH0406,2025-09-04 15:45:00,Bán lẻ trực tiếp,NV16,Đã giao
DH008705,KH0036,2025-09-04 19:28:00,TMĐT - Shopee,NV05,Đã giao
DH004851,KH0391,2025-09-04 20:18:00,TMĐT - Lazada,NV11,Đã giao
DH009656,KH0120,2025-09-04 22:35:00,TMĐT - Lazada,NV09,Đã giao
DH005526,KH0070,2025-09-05 03:38:00,Đại lý,NV08,Đã giao
DH000984,KH0177,2025-09-05 07:07:00,Đại lý,NV25,Đã giao
DH000341,KH0113,2025-09-05 09:03:00,Bán lẻ trực tiếp,NV01,Đã hủy
DH000059,KH0096,2025-09-05 10:57:00,Showroom,NV15,Đã hủy
DH000615,KH0155,2025-09-05 11:18:00,TMĐT - Shopee,NV13,Mới
DH002263,KH0039,2025-09-05 12:02:00,TMĐT - Lazada,NV20,Đã giao
DH006443,KH0199,2025-09-05 12:03:00,Bán lẻ trực tiếp,NV06,Đã giao
DH011110,KH0314,2025-09-05 13:20:00,TMĐT - Lazada,NV08,Đang xử lý
DH009339,KH0367,2025-09-05 16:32:00,TMĐT - Shopee,NV03,Đã giao
DH004396,KH0013,2025-09-05 19:23:00,Showroom,NV14,Đã giao
DH011591,KH0447,2025-09-05 20:10:00,Showroom,NV27,Đã giao
DH000404,KH0008,2025-09-05 21:28:00,TMĐT - Tiki,NV05,Đã giao
DH006907,KH0262,2025-09-05 22:38:00,TMĐT - Tiki,NV04,Đã hủy
DH000051,KH0442,2025-09-06 00:22:00,TMĐT - Lazada,NV12,Đã giao
DH011277,KH0155,2025-09-06 00:37:00,Đại lý,NV18,Đã giao
DH006362,KH0140,2025-09-06 02:29:00,TMĐT - Lazada,NV13,Đã hủy
DH009116,KH0367,2025-09-06 02:30:00,TMĐT - Shopee,NV20,Đã giao
DH006368,KH0227,2025-09-06 05:09:00,TMĐT - Tiki,NV10,Đã giao
DH000213,KH0010,2025-09-06 06:21:00,TMĐT - Tiki,NV25,Đang xử lý
DH001037,KH0296,2025-09-06 07:33:00,TMĐT - Shopee,NV17,Đã giao
DH006224,KH0187,2025-09-06 08:05:00,Showroom,NV08,Đã giao
DH005059,KH0072,2025-09-06 12:35:00,TMĐT - Lazada,NV18,Mới
DH005498,KH0447,2025-09-06 12:51:00,Đại lý,NV02,Đã giao
DH007589,KH0274,2025-09-06 13:31:00,TMĐT - Tiki,NV30,Đã giao
DH000131,KH0326,2025-09-06 14:37:00,Bán lẻ trực tiếp,NV17,Đã giao
DH001365,KH0274,2025-09-06 17:23:00,TMĐT - Tiki,NV19,Đã giao
DH011056,KH0199,2025-09-06 17:58:00,Đại lý,NV30,Đã giao
DH000927,KH0139,2025-09-06 19:19:00,Đại lý,NV15,Đang xử lý
DH010610,KH0365,2025-09-06 20:39:00,Bán lẻ trực tiếp,NV18,Mới
DH004376,KH0272,2025-09-06 22:27:00,Showroom,NV18,Đã giao
DH010672,KH0074,2025-09-06 22:37:00,TMĐT - Shopee,NV13,Trả hàng
DH004948,KH0121,2025-09-06 23:14:00,Showroom,NV11,Đã giao
DH002808,KH0250,2025-09-07 00:42:00,Showroom,NV22,Đã giao
DH001556,KH0231,2025-09-07 03:06:00,TMĐT - Lazada,NV02,Đang xử lý
DH001017,KH0429,2025-09-07 05:58:00,TMĐT - Shopee,NV09,Đã giao
DH007754,KH0003,2025-09-07 06:56:00,TMĐT - Lazada,NV18,Trả hàng
DH001427,KH0262,2025-09-07 07:48:00,TMĐT - Shopee,NV03,Đã giao
DH005274,KH0409,2025-09-07 14:08:00,Bán lẻ trực tiếp,NV24,Đã giao
DH006714,KH0262,2025-09-07 15:46:00,TMĐT - Shopee,NV09,Đang xử lý
DH011919,KH0442,2025-09-07 17:04:00,Bán lẻ trực tiếp,NV06,Trả hàng
DH004848,KH0367,2025-09-07 19:16:00,Đại lý,NV19,Đã giao
DH011618,KH0141,2025-09-07 19:34:00,Đại lý,NV11,Đang xử lý
DH011546,KH0222,2025-09-07 19:40:00,TMĐT - Shopee,NV08,Trả hàng
DH004019,KH0257,2025-09-07 21:45:00,TMĐT - Lazada,NV24,Đã giao
DH005595,KH0394,2025-09-07 23:16:00,Đại lý,NV10,Đã giao
DH008794,KH0242,2025-09-08 01:09:00,Đại lý,NV17,Đã giao
DH007303,KH0070,2025-09-08 04:08:00,TMĐT - Shopee,NV28,Đang xử lý
DH005751,KH0447,2025-09-08 04:15:00,Đại lý,NV23,Đã giao
DH001108,KH0220,2025-09-08 05:02:00,Đại lý,NV11,Đã giao
DH002781,KH0227,2025-09-08 05:05:00,Đại lý,NV19,Đang xử lý
DH001741,KH0316,2025-09-08 05:57:00,TMĐT - Lazada,NV19,Đã giao
DH010902,KH0223,2025-09-08 11:15:00,Showroom,NV04,Mới
DH000237,KH0391,2025-09-08 11:28:00,TMĐT - Tiki,NV03,Trả hàng
DH002428,KH0051,2025-09-08 12:26:00,TMĐT - Tiki,NV05,Đã giao
DH003802,KH0447,2025-09-08 12:31:00,TMĐT - Lazada,NV30,Đã giao
DH011387,KH0391,2025-09-08 13:53:00,Đại lý,NV07,Đã giao
DH004415,KH0092,2025-09-08 15:12:00,TMĐT - Tiki,NV17,Đang xử lý
DH011248,KH0448,2025-09-08 16:12:00,TMĐT - Shopee,NV03,Đã giao
DH000115,KH0082,2025-09-08 16:34:00,TMĐT - Shopee,NV23,Đã giao
DH001444,KH0413,2025-09-08 17:27:00,TMĐT - Tiki,NV13,Đã giao
DH006919,KH0249,2025-09-08 18:28:00,TMĐT - Tiki,NV30,Đã giao
DH001996,KH0141,2025-09-08 18:49:00,TMĐT - Tiki,NV30,Đã giao
DH005966,KH0157,2025-09-08 20:23:00,TMĐT - Lazada,NV23,Đã giao
DH003324,KH0031,2025-09-09 02:55:00,TMĐT - Lazada,NV13,Đã giao
DH000533,KH0012,2025-09-09 04:48:00,Showroom,NV09,Đã giao
DH005797,KH0253,2025-09-09 07:24:00,TMĐT - Shopee,NV17,Đã giao
DH005190,KH0263,2025-09-09 07:45:00,Bán lẻ trực tiếp,NV25,Đã giao
DH010067,KH0368,2025-09-09 08:02:00,Bán lẻ trực tiếp,NV22,Mới
DH000974,KH0280,2025-09-09 08:42:00,Bán lẻ trực tiếp,NV28,Đã giao
DH000454,KH0391,2025-09-09 09:29:00,TMĐT - Shopee,NV25,Đã giao
DH003745,KH0199,2025-09-09 09:39:00,TMĐT - Lazada,NV10,Đã giao
DH002756,KH0278,2025-09-09 13:07:00,Đại lý,NV12,Đang xử lý
DH006741,KH0208,2025-09-09 13:33:00,Bán lẻ trực tiếp,NV13,Đã giao
DH006564,KH0257,2025-09-09 13:56:00,Bán lẻ trực tiếp,NV08,Đã hủy
DH006523,KH0246,2025-09-09 15:53:00,Bán lẻ trực tiếp,NV16,Đã giao
DH001086,KH0386,2025-09-09 16:39:00,TMĐT - Lazada,NV14,Đang xử lý
DH004625,KH0368,2025-09-09 16:57:00,TMĐT - Tiki,NV12,Mới
DH008135,KH0315,2025-09-09 17:41:00,TMĐT - Shopee,NV12,Đang xử lý
DH008082,KH0093,2025-09-09 18:12:00,Showroom,NV26,Đã giao
DH002678,KH0096,2025-09-09 21:03:00,Đại lý,NV07,Đã giao
DH008020,KH0088,2025-09-09 21:27:00,TMĐT - Tiki,NV04,Đã giao
DH008584,KH0148,2025-09-09 22:20:00,Đại lý,NV26,Đã giao
DH010649,KH0173,2025-09-10 02:26:00,Đại lý,NV29,Mới
DH003346,KH0130,2025-09-10 04:12:00,Showroom,NV15,Đã giao
DH005838,KH0424,2025-09-10 05:01:00,TMĐT - Lazada,NV15,Đã giao
DH007426,KH0418,2025-09-10 06:45:00,Đại lý,NV19,Đã giao
DH005295,KH0241,2025-09-10 11:03:00,TMĐT - Lazada,NV30,Đã giao
DH006174,KH0044,2025-09-10 11:28:00,Showroom,NV07,Đang xử lý
DH002520,KH0379,2025-09-10 11:39:00,Bán lẻ trực tiếp,NV01,Đã giao
DH009074,KH0314,2025-09-10 13:17:00,TMĐT - Lazada,NV05,Đã giao
DH003293,KH0012,2025-09-10 15:21:00,TMĐT - Shopee,NV18,Mới
DH011044,KH0199,2025-09-10 17:02:00,TMĐT - Lazada,NV25,Đã giao
DH010388,KH0442,2025-09-10 18:29:00,Đại lý,NV09,Đang xử lý
DH001812,KH0409,2025-09-10 19:31:00,Đại lý,NV21,Đã giao
DH008697,KH0249,2025-09-10 19:47:00,Showroom,NV21,Đang xử lý
DH005537,KH0128,2025-09-10 21:08:00,Showroom,NV19,Đã giao
DH011438,KH0141,2025-09-10 21:24:00,Showroom,NV30,Đã giao
DH004531,KH0148,2025-09-10 21:39:00,Showroom,NV14,Đã giao
DH003669,KH0187,2025-09-10 21:46:00,Showroom,NV24,Đã giao
DH000209,KH0012,2025-09-11 00:07:00,TMĐT - Tiki,NV13,Đã giao
DH009231,KH0012,2025-09-11 01:14:00,Đại lý,NV18,Mới
DH003195,KH0052,2025-09-11 02:28:00,Đại lý,NV06,Đã giao
DH006474,KH0135,2025-09-11 04:09:00,Bán lẻ trực tiếp,NV12,Đã giao
DH003945,KH0122,2025-09-11 08:43:00,TMĐT - Lazada,NV04,Đã giao
DH000778,KH0391,2025-09-11 10:52:00,Đại lý,NV04,Đã giao
DH003297,KH0151,2025-09-11 12:20:00,Showroom,NV25,Đã giao
DH007711,KH0248,2025-09-11 12:24:00,Bán lẻ trực tiếp,NV11,Đã giao
DH001410,KH0367,2025-09-11 12:37:00,TMĐT - Lazada,NV19,Đã hủy
DH008883,KH0352,2025-09-11 13:28:00,Showroom,NV23,Đã giao
DH005670,KH0140,2025-09-11 15:14:00,Đại lý,NV17,Đã giao
DH011540,KH0116,2025-09-11 16:14:00,Bán lẻ trực tiếp,NV19,Đang xử lý
DH000882,KH0272,2025-09-11 17:34:00,TMĐT - Lazada,NV30,Đang xử lý
DH007884,KH0200,2025-09-11 21:16:00,TMĐT - Lazada,NV02,Đã giao
DH004131,KH0056,2025-09-11 21:34:00,TMĐT - Shopee,NV09,Đã giao
DH008680,KH0399,2025-09-11 21:37:00,Đại lý,NV29,Đã giao
DH002593,KH0204,2025-09-11 21:52:00,TMĐT - Shopee,NV24,Đã giao
DH003566,KH0155,2025-09-11 21:54:00,Bán lẻ trực tiếp,NV04,Đang xử lý
DH011541,KH0277,2025-09-11 22:26:00,TMĐT - Lazada,NV14,Đã giao
DH000727,KH0215,2025-09-12 00:18:00,Đại lý,NV10,Đã giao
DH002451,KH0136,2025-09-12 01:44:00,TMĐT - Tiki,NV17,Đã giao
DH010696,KH0347,2025-09-12 06:43:00,TMĐT - Tiki,NV11,Đang xử lý
DH011748,KH0262,2025-09-12 07:01:00,TMĐT - Tiki,NV03,Đã hủy
DH005782,KH0447,2025-09-12 10:24:00,Bán lẻ trực tiếp,NV25,Đã giao
DH011239,KH0213,2025-09-12 18:01:00,Bán lẻ trực tiếp,NV09,Trả hàng
DH011467,KH0367,2025-09-12 18:11:00,TMĐT - Tiki,NV11,Đã hủy
DH004105,KH0157,2025-09-12 19:26:00,TMĐT - Shopee,NV09,Đã giao
DH002997,KH0391,2025-09-12 21:17:00,TMĐT - Shopee,NV20,Đang xử lý
DH005371,KH0266,2025-09-12 21:43:00,Showroom,NV26,Đã giao
DH004449,KH0365,2025-09-12 21:44:00,TMĐT - Shopee,NV14,Đang xử lý
DH011538,KH0262,2025-09-12 23:18:00,Bán lẻ trực tiếp,NV14,Đã giao
DH000859,KH0387,2025-09-13 03:14:00,Đại lý,NV11,Đang xử lý
DH004856,KH0012,2025-09-13 03:47:00,Đại lý,NV24,Đã giao
DH005539,KH0197,2025-09-13 04:17:00,Showroom,NV20,Đã giao
DH008381,KH0391,2025-09-13 04:22:00,Bán lẻ trực tiếp,NV25,Đã hủy
DH003411,KH0321,2025-09-13 04:52:00,Showroom,NV28,Đã giao
DH005187,KH0070,2025-09-13 05:50:00,TMĐT - Tiki,NV28,Đã giao
DH007040,KH0392,2025-09-13 07:59:00,Đại lý,NV02,Đã giao
DH003379,KH0396,2025-09-13 08:58:00,TMĐT - Lazada,NV18,Đã giao
DH005616,KH0262,2025-09-13 11:12:00,Đại lý,NV12,Đã giao
DH003433,KH0257,2025-09-13 11:48:00,TMĐT - Shopee,NV18,Đã giao
DH010375,KH0180,2025-09-13 22:18:00,TMĐT - Tiki,NV09,Đang xử lý
DH003521,KH0364,2025-09-13 22:30:00,TMĐT - Tiki,NV25,Đang xử lý
DH009602,KH0215,2025-09-13 23:04:00,Bán lẻ trực tiếp,NV26,Đã giao
DH005425,KH0102,2025-09-14 02:31:00,TMĐT - Lazada,NV01,Đã hủy
DH007706,KH0192,2025-09-14 02:59:00,Showroom,NV21,Đã giao
DH009146,KH0325,2025-09-14 03:00:00,Bán lẻ trực tiếp,NV04,Đã giao
DH002065,KH0442,2025-09-14 04:40:00,TMĐT - Tiki,NV02,Đã giao
DH002281,KH0391,2025-09-14 05:16:00,TMĐT - Shopee,NV02,Mới
DH009212,KH0262,2025-09-14 08:57:00,Đại lý,NV20,Mới
DH008502,KH0397,2025-09-14 09:02:00,Bán lẻ trực tiếp,NV11,Đã giao
DH000846,KH0002,2025-09-14 09:54:00,Bán lẻ trực tiếp,NV15,Đã giao
DH003248,KH0163,2025-09-14 11:05:00,Đại lý,NV13,Đã giao
DH010961,KH0436,2025-09-14 11:49:00,TMĐT - Lazada,NV09,Đã giao
DH008855,KH0036,2025-09-14 13:16:00,Bán lẻ trực tiếp,NV14,Đã giao
DH008954,KH0359,2025-09-14 14:25:00,Bán lẻ trực tiếp,NV06,Đã giao
DH002906,KH0183,2025-09-14 14:36:00,TMĐT - Shopee,NV18,Đã giao
DH003158,KH0241,2025-09-14 17:03:00,Bán lẻ trực tiếp,NV06,Đã giao
DH001924,KH0248,2025-09-14 20:18:00,TMĐT - Tiki,NV03,Đã giao
DH001420,KH0185,2025-09-14 21:10:00,TMĐT - Tiki,NV29,Đang xử lý
DH008867,KH0288,2025-09-14 21:44:00,Bán lẻ trực tiếp,NV26,Mới
DH008641,KH0135,2025-09-14 22:51:00,TMĐT - Lazada,NV17,Trả hàng
DH010053,KH0247,2025-09-15 00:51:00,TMĐT - Shopee,NV20,Đã giao
DH010599,KH0438,2025-09-15 01:05:00,Bán lẻ trực tiếp,NV03,Đã giao
DH000837,KH0262,2025-09-15 03:33:00,TMĐT - Lazada,NV03,Đã giao
DH007454,KH0306,2025-09-15 04:36:00,Bán lẻ trực tiếp,NV30,Đã giao
DH006082,KH0262,2025-09-15 07:05:00,Bán lẻ trực tiếp,NV27,Đã giao
DH008041,KH0390,2025-09-15 07:18:00,TMĐT - Shopee,NV03,Đã hủy
DH007738,KH0120,2025-09-15 08:12:00,Đại lý,NV03,Đã giao
DH010180,KH0034,2025-09-15 09:54:00,Showroom,NV29,Đã giao
DH004018,KH0003,2025-09-15 11:21:00,Showroom,NV09,Đã giao
DH002947,KH0262,2025-09-15 11:27:00,Đại lý,NV14,Đã giao
DH004880,KH0066,2025-09-15 12:46:00,Đại lý,NV15,Đã giao
DH006860,KH0130,2025-09-15 12:48:00,TMĐT - Shopee,NV15,Đã giao
DH008388,KH0115,2025-09-15 14:08:00,Đại lý,NV09,Đang xử lý
DH003491,KH0248,2025-09-15 19:10:00,TMĐT - Tiki,NV16,Đã giao
DH003154,KH0155,2025-09-16 00:55:00,Showroom,NV24,Đã giao
DH011495,KH0162,2025-09-16 03:07:00,Bán lẻ trực tiếp,NV22,Đã giao
DH000096,KH0262,2025-09-16 04:10:00,Bán lẻ trực tiếp,NV07,Đã giao
DH009082,KH0052,2025-09-16 04:25:00,TMĐT - Lazada,NV23,Đã giao
DH011985,KH0141,2025-09-16 04:48:00,Bán lẻ trực tiếp,NV21,Đã giao
DH011931,KH0140,2025-09-16 06:18:00,TMĐT - Shopee,NV19,Trả hàng
DH005324,KH0243,2025-09-16 08:36:00,TMĐT - Shopee,NV23,Đang xử lý
DH004983,KH0102,2025-09-16 12:48:00,TMĐT - Tiki,NV06,Đã giao
DH001752,KH0012,2025-09-16 13:48:00,TMĐT - Tiki,NV12,Đã giao
DH004491,KH0277,2025-09-16 15:06:00,TMĐT - Tiki,NV29,Đã hủy
DH003099,KH0071,2025-09-16 16:14:00,Showroom,NV28,Mới
DH009065,KH0359,2025-09-16 20:24:00,TMĐT - Tiki,NV29,Đã giao
DH003846,KH0198,2025-09-16 23:03:00,Đại lý,NV20,Đã giao
DH002037,KH0054,2025-09-16 23:25:00,TMĐT - Lazada,NV29,Đã giao
DH009596,KH0021,2025-09-16 23:44:00,Bán lẻ trực tiếp,NV16,Đang xử lý
DH004691,KH0272,2025-09-17 00:41:00,Đại lý,NV14,Đã giao
DH006104,KH0071,2025-09-17 01:52:00,Showroom,NV21,Đã giao
DH001515,KH0306,2025-09-17 01:56:00,TMĐT - Lazada,NV07,Đã giao
DH000378,KH0012,2025-09-17 02:33:00,TMĐT - Lazada,NV22,Đã giao
DH000267,KH0009,2025-09-17 03:13:00,Bán lẻ trực tiếp,NV25,Đã giao
DH004218,KH0314,2025-09-17 03:49:00,TMĐT - Tiki,NV01,Đã giao
DH004100,KH0163,2025-09-17 04:08:00,Đại lý,NV01,Mới
DH003912,KH0147,2025-09-17 07:15:00,TMĐT - Shopee,NV01,Đã giao
DH009895,KH0026,2025-09-17 07:53:00,Showroom,NV03,Đã giao
DH003959,KH0300,2025-09-17 09:20:00,Bán lẻ trực tiếp,NV06,Đã giao
DH004163,KH0299,2025-09-17 10:21:00,TMĐT - Tiki,NV13,Đã giao
DH011247,KH0406,2025-09-17 11:31:00,TMĐT - Lazada,NV25,Đang xử lý
DH002546,KH0054,2025-09-17 14:16:00,TMĐT - Shopee,NV15,Đã giao
DH000878,KH0257,2025-09-17 15:50:00,TMĐT - Shopee,NV03,Đã hủy
DH001225,KH0261,2025-09-17 18:46:00,TMĐT - Shopee,NV03,Mới
DH011785,KH0143,2025-09-17 19:57:00,TMĐT - Tiki,NV12,Đã giao
DH007051,KH0260,2025-09-17 20:58:00,Đại lý,NV19,Đã giao
DH003483,KH0330,2025-09-17 22:53:00,Showroom,NV11,Đã giao
DH003291,KH0262,2025-09-17 23:37:00,TMĐT - Lazada,NV27,Đã giao
DH010415,KH0337,2025-09-18 02:06:00,TMĐT - Lazada,NV29,Đang xử lý
DH008249,KH0224,2025-09-18 03:49:00,TMĐT - Lazada,NV18,Đã giao
DH004402,KH0358,2025-09-18 03:51:00,Showroom,NV02,Đã giao
DH009278,KH0135,2025-09-18 04:26:00,TMĐT - Shopee,NV14,Đã giao
DH010392,KH0047,2025-09-18 07:13:00,TMĐT - Shopee,NV13,Đã giao
DH003171,KH0249,2025-09-18 14:27:00,Showroom,NV27,Đã giao
DH008524,KH0391,2025-09-18 16:24:00,Showroom,NV21,Đã giao
DH002091,KH0070,2025-09-18 16:31:00,TMĐT - Lazada,NV15,Đã giao
DH003987,KH0391,2025-09-18 17:47:00,TMĐT - Lazada,NV17,Đã giao
DH004873,KH0404,2025-09-18 19:18:00,TMĐT - Tiki,NV08,Đã giao
DH001401,KH0365,2025-09-19 01:36:00,Đại lý,NV21,Đã giao
DH001302,KH0391,2025-09-19 01:40:00,Đại lý,NV29,Đã giao
DH000855,KH0242,2025-09-19 03:47:00,TMĐT - Tiki,NV01,Đã giao
DH004397,KH0237,2025-09-19 05:57:00,Showroom,NV20,Đã giao
DH009972,KH0413,2025-09-19 06:42:00,Showroom,NV03,Đã giao
DH006752,KH0317,2025-09-19 09:44:00,Bán lẻ trực tiếp,NV11,Đã giao
DH006021,KH0381,2025-09-19 11:34:00,TMĐT - Tiki,NV30,Đã giao
DH005005,KH0442,2025-09-19 12:51:00,TMĐT - Shopee,NV07,Đã giao
DH006669,KH0306,2025-09-19 13:07:00,Bán lẻ trực tiếp,NV25,Đã hủy
DH002902,KH0253,2025-09-19 13:17:00,TMĐT - Tiki,NV01,Mới
DH010931,KH0187,2025-09-19 15:08:00,TMĐT - Tiki,NV30,Đang xử lý
DH009749,KH0204,2025-09-19 16:09:00,Đại lý,NV20,Đã giao
DH003507,KH0262,2025-09-19 18:38:00,Đại lý,NV22,Đã giao
DH003874,KH0140,2025-09-19 20:19:00,TMĐT - Tiki,NV11,Đã giao
DH003810,KH0262,2025-09-19 20:26:00,Đại lý,NV12,Đang xử lý
DH009346,KH0008,2025-09-19 21:07:00,Đại lý,NV22,Đã giao
DH000706,KH0405,2025-09-19 21:09:00,Showroom,NV27,Trả hàng
DH002967,KH0428,2025-09-19 21:32:00,Đại lý,NV15,Mới
DH007392,KH0128,2025-09-19 22:57:00,TMĐT - Tiki,NV06,Đã giao
DH000637,KH0332,2025-09-20 01:23:00,TMĐT - Shopee,NV27,Đã giao
DH002192,KH0140,2025-09-20 01:38:00,Showroom,NV13,Đã giao
DH007321,KH0306,2025-09-20 02:26:00,TMĐT - Lazada,NV29,Đã giao
DH011680,KH0092,2025-09-20 03:53:00,TMĐT - Lazada,NV13,Đã giao
DH000524,KH0279,2025-09-20 07:04:00,TMĐT - Lazada,NV25,Đã giao
DH002136,KH0447,2025-09-20 07:04:00,Bán lẻ trực tiếp,NV29,Đã hủy
DH010042,KH0140,2025-09-20 07:14:00,TMĐT - Tiki,NV01,Đã giao
DH004160,KH0246,2025-09-20 08:34:00,TMĐT - Lazada,NV09,Đã giao
DH008474,KH0248,2025-09-20 09:46:00,TMĐT - Tiki,NV28,Đã giao
DH006242,KH0447,2025-09-20 10:48:00,Showroom,NV26,Đã giao
DH009488,KH0116,2025-09-20 10:54:00,TMĐT - Tiki,NV16,Đã giao
DH004918,KH0231,2025-09-20 11:29:00,TMĐT - Shopee,NV26,Đã giao
DH004557,KH0262,2025-09-20 11:57:00,Bán lẻ trực tiếp,NV05,Đã giao
DH002790,KH0304,2025-09-20 12:17:00,TMĐT - Tiki,NV15,Đã giao
DH010669,KH0400,2025-09-20 15:05:00,TMĐT - Shopee,NV12,Đã giao
DH000044,KH0199,2025-09-20 17:05:00,TMĐT - Shopee,NV30,Đã giao
DH005732,KH0411,2025-09-20 17:42:00,TMĐT - Tiki,NV29,Đã giao
DH008487,KH0438,2025-09-20 17:56:00,TMĐT - Shopee,NV25,Đã giao
DH009733,KH0070,2025-09-20 18:41:00,Đại lý,NV01,Đang xử lý
DH000172,KH0306,2025-09-20 21:44:00,TMĐT - Lazada,NV11,Đã giao
DH003509,KH0155,2025-09-20 21:58:00,TMĐT - Tiki,NV28,Đã giao
DH007881,KH0423,2025-09-20 23:18:00,Showroom,NV15,Đã giao
DH006510,KH0245,2025-09-21 00:14:00,Đại lý,NV30,Đã giao
DH001610,KH0035,2025-09-21 03:21:00,TMĐT - Shopee,NV24,Đã giao
DH000448,KH0409,2025-09-21 03:45:00,TMĐT - Tiki,NV16,Đã giao
DH003936,KH0413,2025-09-21 06:37:00,TMĐT - Shopee,NV09,Trả hàng
DH009343,KH0436,2025-09-21 08:05:00,TMĐT - Tiki,NV03,Đã hủy
DH001998,KH0306,2025-09-21 10:24:00,Showroom,NV18,Đã giao
DH000348,KH0262,2025-09-21 10:45:00,TMĐT - Lazada,NV05,Đã giao
DH009903,KH0141,2025-09-21 13:03:00,TMĐT - Lazada,NV19,Đã giao
DH004958,KH0160,2025-09-21 14:09:00,Bán lẻ trực tiếp,NV03,Đã giao
DH003289,KH0030,2025-09-21 14:24:00,Bán lẻ trực tiếp,NV26,Đã giao
DH004598,KH0232,2025-09-21 15:44:00,TMĐT - Lazada,NV19,Đã giao
DH008715,KH0250,2025-09-21 17:26:00,Đại lý,NV26,Đã giao
DH009801,KH0262,2025-09-21 18:13:00,TMĐT - Lazada,NV12,Đã giao
DH001006,KH0148,2025-09-21 19:02:00,TMĐT - Shopee,NV10,Đã giao
DH000675,KH0359,2025-09-21 20:50:00,TMĐT - Shopee,NV04,Đã giao
DH002306,KH0012,2025-09-21 22:07:00,TMĐT - Lazada,NV08,Đã giao
DH007788,KH0186,2025-09-21 22:31:00,Đại lý,NV20,Đã giao
DH001759,KH0155,2025-09-21 22:43:00,TMĐT - Lazada,NV08,Đang xử lý
DH007992,KH0199,2025-09-21 23:23:00,Đại lý,NV03,Đã giao
DH011448,KH0386,2025-09-22 03:23:00,TMĐT - Shopee,NV10,Đã giao
DH006449,KH0321,2025-09-22 04:03:00,Đại lý,NV16,Đã giao
DH005000,KH0359,2025-09-22 04:37:00,Showroom,NV16,Đã giao
DH011651,KH0215,2025-09-22 05:32:00,Showroom,NV06,Đã giao
DH004405,KH0446,2025-09-22 05:37:00,TMĐT - Shopee,NV23,Đã giao
DH004215,KH0053,2025-09-22 08:48:00,Showroom,NV19,Đã giao
DH000458,KH0199,2025-09-22 10:16:00,Đại lý,NV26,Đã giao
DH008142,KH0197,2025-09-22 11:08:00,TMĐT - Shopee,NV30,Đã giao
DH010466,KH0070,2025-09-22 12:07:00,Showroom,NV26,Đã giao
DH003366,KH0447,2025-09-22 13:07:00,TMĐT - Lazada,NV12,Đã giao
DH004632,KH0003,2025-09-22 14:42:00,TMĐT - Tiki,NV23,Đã giao
DH000894,KH0140,2025-09-22 15:42:00,TMĐT - Shopee,NV03,Đã giao
DH010603,KH0262,2025-09-22 17:04:00,Đại lý,NV06,Đã giao
DH007172,KH0220,2025-09-22 19:13:00,Bán lẻ trực tiếp,NV01,Đã giao
DH000677,KH0163,2025-09-22 22:33:00,Đại lý,NV25,Đã giao
DH007669,KH0229,2025-09-22 22:35:00,Bán lẻ trực tiếp,NV28,Đã giao
DH007718,KH0155,2025-09-22 23:08:00,TMĐT - Shopee,NV10,Đã giao
DH011521,KH0266,2025-09-23 01:07:00,Bán lẻ trực tiếp,NV27,Đã giao
DH007272,KH0296,2025-09-23 01:48:00,Đại lý,NV15,Trả hàng
DH001779,KH0034,2025-09-23 01:57:00,Đại lý,NV11,Đang xử lý
DH007198,KH0163,2025-09-23 07:30:00,TMĐT - Lazada,NV04,Đã giao
DH006733,KH0262,2025-09-23 08:38:00,Showroom,NV30,Đã hủy
DH003133,KH0391,2025-09-23 09:23:00,TMĐT - Tiki,NV21,Đã giao
DH001879,KH0198,2025-09-23 15:12:00,TMĐT - Lazada,NV11,Đã giao
DH006608,KH0051,2025-09-23 16:42:00,TMĐT - Shopee,NV28,Đã giao
DH002338,KH0004,2025-09-23 17:16:00,TMĐT - Shopee,NV07,Đã giao
DH006165,KH0416,2025-09-23 23:14:00,Bán lẻ trực tiếp,NV25,Đã giao
DH008087,KH0116,2025-09-24 00:41:00,TMĐT - Lazada,NV13,Đã hủy
DH004657,KH0044,2025-09-24 00:47:00,Đại lý,NV23,Đã giao
DH011206,KH0442,2025-09-24 01:38:00,Đại lý,NV29,Đã giao
DH011993,KH0308,2025-09-24 04:16:00,TMĐT - Shopee,NV16,Đã giao
DH002656,KH0362,2025-09-24 05:25:00,Showroom,NV08,Đã giao
DH003575,KH0199,2025-09-24 08:05:00,Showroom,NV25,Trả hàng
DH005837,KH0367,2025-09-24 09:26:00,Showroom,NV04,Đang xử lý
DH010623,KH0259,2025-09-24 10:21:00,TMĐT - Shopee,NV27,Đã giao
DH011023,KH0367,2025-09-24 12:50:00,Đại lý,NV12,Đã giao
DH009738,KH0265,2025-09-24 17:55:00,TMĐT - Lazada,NV15,Đã giao
DH000905,KH0108,2025-09-24 18:01:00,TMĐT - Tiki,NV11,Mới
DH005305,KH0141,2025-09-24 23:40:00,TMĐT - Lazada,NV07,Đã giao
DH005841,KH0032,2025-09-24 23:54:00,Showroom,NV15,Đã giao
DH004034,KH0267,2025-09-25 03:34:00,Showroom,NV12,Đang xử lý
DH005307,KH0029,2025-09-25 06:05:00,Showroom,NV28,Đang xử lý
DH010750,KH0249,2025-09-25 08:42:00,Bán lẻ trực tiếp,NV25,Đã giao
DH007163,KH0102,2025-09-25 14:45:00,TMĐT - Shopee,NV24,Đã giao
DH007676,KH0364,2025-09-25 16:37:00,TMĐT - Lazada,NV10,Đã giao
DH005422,KH0368,2025-09-25 18:55:00,Bán lẻ trực tiếp,NV16,Đã giao
DH009700,KH0273,2025-09-25 20:59:00,Showroom,NV25,Đã giao
DH002434,KH0218,2025-09-25 22:51:00,TMĐT - Lazada,NV29,Đã giao
DH002333,KH0123,2025-09-26 01:41:00,Đại lý,NV17,Đã hủy
DH004620,KH0338,2025-09-26 02:22:00,Đại lý,NV29,Đã giao
DH003327,KH0155,2025-09-26 02:47:00,TMĐT - Tiki,NV17,Đã giao
DH003855,KH0391,2025-09-26 03:46:00,TMĐT - Shopee,NV30,Đang xử lý
DH008759,KH0215,2025-09-26 04:13:00,Showroom,NV22,Đã giao
DH010682,KH0002,2025-09-26 04:14:00,TMĐT - Lazada,NV12,Đã giao
DH005112,KH0198,2025-09-26 04:51:00,Bán lẻ trực tiếp,NV04,Trả hàng
DH009892,KH0442,2025-09-26 06:12:00,Đại lý,NV19,Đã giao
DH000525,KH0026,2025-09-26 06:27:00,Showroom,NV24,Đã giao
DH007219,KH0155,2025-09-26 07:19:00,TMĐT - Tiki,NV11,Đã giao
DH007115,KH0442,2025-09-26 07:24:00,TMĐT - Lazada,NV03,Đã giao
DH009281,KH0248,2025-09-26 07:29:00,Bán lẻ trực tiếp,NV29,Đã giao
DH002034,KH0008,2025-09-26 07:44:00,TMĐT - Shopee,NV02,Đã giao
DH002914,KH0400,2025-09-26 09:00:00,Showroom,NV17,Đã hủy
DH006518,KH0184,2025-09-26 09:39:00,TMĐT - Tiki,NV11,Trả hàng
DH000623,KH0262,2025-09-26 11:40:00,Showroom,NV01,Đã giao
DH004783,KH0106,2025-09-26 12:27:00,Đại lý,NV06,Đã giao
DH006529,KH0438,2025-09-26 16:07:00,TMĐT - Tiki,NV21,Đã giao
DH006425,KH0175,2025-09-26 18:20:00,Showroom,NV01,Đã giao
DH005253,KH0077,2025-09-26 19:36:00,TMĐT - Lazada,NV28,Đã giao
DH010745,KH0201,2025-09-26 21:31:00,TMĐT - Tiki,NV17,Đã giao
DH006872,KH0034,2025-09-27 01:16:00,Showroom,NV10,Đã giao
DH003093,KH0249,2025-09-27 01:22:00,TMĐT - Lazada,NV21,Đã giao
DH008014,KH0273,2025-09-27 03:08:00,Bán lẻ trực tiếp,NV01,Đã giao
DH003956,KH0314,2025-09-27 05:12:00,TMĐT - Tiki,NV24,Đang xử lý
DH007896,KH0254,2025-09-27 05:50:00,TMĐT - Lazada,NV07,Đang xử lý
DH005807,KH0248,2025-09-27 05:50:00,TMĐT - Tiki,NV29,Trả hàng
DH001101,KH0227,2025-09-27 08:33:00,TMĐT - Lazada,NV19,Đã giao
DH009004,KH0070,2025-09-27 08:48:00,Bán lẻ trực tiếp,NV16,Đang xử lý
DH003276,KH0008,2025-09-27 10:37:00,TMĐT - Lazada,NV02,Đã hủy
DH005932,KH0268,2025-09-27 11:40:00,TMĐT - Shopee,NV28,Đã hủy
DH007383,KH0443,2025-09-27 11:54:00,Bán lẻ trực tiếp,NV10,Đã giao
DH008714,KH0183,2025-09-27 14:48:00,TMĐT - Shopee,NV28,Đã giao
DH010004,KH0082,2025-09-27 17:34:00,Showroom,NV15,Mới
DH003417,KH0063,2025-09-27 17:38:00,Bán lẻ trực tiếp,NV10,Đang xử lý
DH006658,KH0356,2025-09-27 18:17:00,Showroom,NV16,Đang xử lý
DH003854,KH0268,2025-09-27 18:48:00,Showroom,NV04,Đã giao
DH006841,KH0391,2025-09-27 20:10:00,Showroom,NV18,Đã giao
DH005578,KH0384,2025-09-27 21:32:00,Showroom,NV08,Đã giao
DH001980,KH0227,2025-09-27 21:35:00,TMĐT - Tiki,NV21,Đã giao
DH006493,KH0281,2025-09-28 00:16:00,TMĐT - Shopee,NV21,Đã giao
DH003402,KH0314,2025-09-28 00:48:00,TMĐT - Shopee,NV11,Đã giao
DH004585,KH0402,2025-09-28 02:20:00,TMĐT - Shopee,NV24,Đã hủy
DH011627,KH0242,2025-09-28 02:42:00,TMĐT - Tiki,NV29,Đã giao
DH010037,KH0281,2025-09-28 03:03:00,TMĐT - Lazada,NV30,Đã giao
DH008750,KH0248,2025-09-28 03:57:00,TMĐT - Shopee,NV12,Đã giao
DH007893,KH0306,2025-09-28 05:04:00,Đại lý,NV09,Đã hủy
DH002118,KH0093,2025-09-28 06:08:00,Đại lý,NV14,Đã giao
DH010301,KH0192,2025-09-28 07:17:00,TMĐT - Lazada,NV12,Đã hủy
DH008385,KH0262,2025-09-28 07:57:00,Bán lẻ trực tiếp,NV14,Đã giao
DH007628,KH0299,2025-09-28 10:02:00,TMĐT - Tiki,NV23,Đã giao
DH003166,KH0147,2025-09-28 13:50:00,Bán lẻ trực tiếp,NV19,Đã giao
DH005525,KH0321,2025-09-28 14:05:00,TMĐT - Lazada,NV21,Đã giao
DH008879,KH0232,2025-09-28 14:27:00,TMĐT - Tiki,NV27,Đã giao
DH002823,KH0409,2025-09-28 18:41:00,TMĐT - Tiki,NV09,Đã giao
DH009915,KH0249,2025-09-28 18:56:00,Bán lẻ trực tiếp,NV19,Đang xử lý
DH000355,KH0442,2025-09-28 21:08:00,TMĐT - Shopee,NV06,Đã giao
DH002033,KH0056,2025-09-28 23:59:00,Showroom,NV29,Đã giao
DH006933,KH0262,2025-09-29 00:01:00,TMĐT - Shopee,NV25,Đã giao
DH000152,KH0002,2025-09-29 04:12:00,Bán lẻ trực tiếp,NV20,Đang xử lý
DH005996,KH0365,2025-09-29 06:06:00,TMĐT - Shopee,NV10,Đã hủy
DH004377,KH0242,2025-09-29 08:31:00,Showroom,NV29,Đã giao
DH008202,KH0064,2025-09-29 10:03:00,Showroom,NV29,Đã hủy
DH008691,KH0248,2025-09-29 11:19:00,Bán lẻ trực tiếp,NV08,Đã giao
DH006642,KH0249,2025-09-29 11:33:00,TMĐT - Lazada,NV19,Đã hủy
DH004323,KH0160,2025-09-29 12:47:00,Đại lý,NV15,Đang xử lý
DH001982,KH0181,2025-09-29 14:07:00,TMĐT - Lazada,NV28,Đã giao
DH009606,KH0241,2025-09-29 15:51:00,TMĐT - Lazada,NV30,Mới
DH001047,KH0034,2025-09-29 18:14:00,Bán lẻ trực tiếp,NV26,Đã giao
DH004467,KH0272,2025-09-29 20:19:00,TMĐT - Tiki,NV25,Đã giao
DH007445,KH0199,2025-09-29 21:31:00,Bán lẻ trực tiếp,NV17,Đã hủy
DH009611,KH0199,2025-09-30 00:23:00,Đại lý,NV12,Đã giao
DH003482,KH0001,2025-09-30 04:10:00,TMĐT - Shopee,NV02,Đã giao
DH008924,KH0193,2025-09-30 06:28:00,TMĐT - Shopee,NV28,Đã giao
DH004068,KH0166,2025-09-30 06:49:00,TMĐT - Lazada,NV09,Đã giao
DH008383,KH0019,2025-09-30 08:04:00,Bán lẻ trực tiếp,NV08,Đã giao
DH007145,KH0116,2025-09-30 08:44:00,TMĐT - Lazada,NV09,Đã giao
DH002307,KH0391,2025-09-30 13:04:00,Bán lẻ trực tiếp,NV22,Đã giao
DH008336,KH0159,2025-09-30 16:55:00,TMĐT - Shopee,NV21,Đã hủy
DH010198,KH0364,2025-09-30 17:20:00,TMĐT - Tiki,NV30,Đã giao
DH005006,KH0012,2025-09-30 17:41:00,Đại lý,NV09,Đã giao
DH009051,KH0367,2025-09-30 18:29:00,TMĐT - Tiki,NV16,Đã giao
DH010877,KH0248,2025-09-30 19:02:00,TMĐT - Shopee,NV11,Trả hàng
DH002941,KH0262,2025-09-30 20:29:00,Bán lẻ trực tiếp,NV19,Đã giao
DH006636,KH0422,2025-09-30 21:32:00,Showroom,NV30,Đã giao
DH007904,KH0135,2025-10-01 03:48:00,TMĐT - Tiki,NV27,Đã giao
DH010265,KH0217,2025-10-01 03:55:00,Bán lẻ trực tiếp,NV21,Đã giao
DH010293,KH0242,2025-10-01 05:16:00,TMĐT - Tiki,NV17,Đã giao
DH001145,KH0044,2025-10-01 06:10:00,TMĐT - Shopee,NV30,Đã giao
DH008468,KH0155,2025-10-01 06:43:00,Đại lý,NV23,Đã giao
DH003001,KH0119,2025-10-01 09:29:00,Bán lẻ trực tiếp,NV09,Đã giao
DH000397,KH0119,2025-10-01 09:31:00,Đại lý,NV15,Đã giao
DH004116,KH0184,2025-10-01 10:01:00,TMĐT - Lazada,NV27,Đã giao
DH006979,KH0155,2025-10-01 11:49:00,TMĐT - Tiki,NV11,Đã giao
DH010813,KH0262,2025-10-01 12:12:00,TMĐT - Lazada,NV01,Đã giao
DH009412,KH0262,2025-10-01 12:26:00,TMĐT - Lazada,NV25,Đã giao
DH005026,KH0151,2025-10-01 14:31:00,TMĐT - Lazada,NV05,Đã giao
DH011344,KH0396,2025-10-01 14:41:00,Đại lý,NV16,Đã giao
DH000386,KH0166,2025-10-01 15:29:00,TMĐT - Tiki,NV18,Đang xử lý
DH002870,KH0035,2025-10-01 15:55:00,TMĐT - Lazada,NV24,Đã giao
DH004343,KH0250,2025-10-01 17:28:00,Showroom,NV15,Đang xử lý
DH008542,KH0442,2025-10-01 17:50:00,TMĐT - Tiki,NV19,Đã giao
DH005432,KH0341,2025-10-01 20:23:00,Đại lý,NV30,Đã giao
DH002450,KH0107,2025-10-01 22:27:00,TMĐT - Shopee,NV10,Đã giao
DH003837,KH0352,2025-10-01 23:02:00,TMĐT - Lazada,NV01,Đã giao
DH000445,KH0266,2025-10-02 00:39:00,Bán lẻ trực tiếp,NV14,Đang xử lý
DH008604,KH0186,2025-10-02 02:08:00,Đại lý,NV07,Đã giao
DH011700,KH0392,2025-10-02 02:54:00,Showroom,NV03,Đã giao
DH003098,KH0218,2025-10-02 03:02:00,Bán lẻ trực tiếp,NV08,Đã giao
DH007446,KH0140,2025-10-02 03:31:00,TMĐT - Lazada,NV21,Đã giao
DH010184,KH0384,2025-10-02 03:35:00,TMĐT - Lazada,NV22,Đã giao
DH001978,KH0243,2025-10-02 04:31:00,Đại lý,NV08,Đã giao
DH008972,KH0244,2025-10-02 05:11:00,Đại lý,NV18,Đã giao
DH011536,KH0004,2025-10-02 07:30:00,Showroom,NV17,Đã giao
DH010857,KH0053,2025-10-02 09:16:00,TMĐT - Lazada,NV06,Đã giao
DH009131,KH0377,2025-10-02 10:25:00,TMĐT - Shopee,NV16,Đã giao
DH009697,KH0391,2025-10-02 10:46:00,TMĐT - Lazada,NV21,Đã giao
DH006456,KH0241,2025-10-02 14:08:00,TMĐT - Shopee,NV18,Đã giao
DH005050,KH0070,2025-10-02 16:50:00,TMĐT - Lazada,NV15,Đã giao
DH005809,KH0249,2025-10-02 17:45:00,Showroom,NV09,Đã giao
DH002403,KH0155,2025-10-02 19:09:00,Bán lẻ trực tiếp,NV04,Đã giao
DH010847,KH0183,2025-10-02 20:56:00,Đại lý,NV17,Đã giao
DH011318,KH0077,2025-10-02 21:41:00,TMĐT - Tiki,NV22,Trả hàng
DH008896,KH0158,2025-10-02 22:11:00,TMĐT - Shopee,NV09,Đã giao
DH005888,KH0034,2025-10-03 02:58:00,Đại lý,NV23,Đã giao
DH002419,KH0262,2025-10-03 03:36:00,TMĐT - Tiki,NV03,Đã giao
DH004653,KH0198,2025-10-03 05:23:00,Showroom,NV19,Đang xử lý
DH005757,KH0442,2025-10-03 08:16:00,TMĐT - Shopee,NV04,Trả hàng
DH000813,KH0257,2025-10-03 09:42:00,TMĐT - Lazada,NV03,Đang xử lý
DH001878,KH0198,2025-10-03 10:08:00,TMĐT - Shopee,NV24,Đã giao
DH002803,KH0274,2025-10-03 11:35:00,Showroom,NV04,Đã giao
DH003492,KH0044,2025-10-03 11:40:00,TMĐT - Lazada,NV28,Đã giao
DH004007,KH0026,2025-10-03 14:15:00,TMĐT - Lazada,NV11,Đã giao
DH000236,KH0413,2025-10-03 15:56:00,Đại lý,NV25,Đã giao
DH001322,KH0070,2025-10-03 16:35:00,Bán lẻ trực tiếp,NV11,Đã giao
DH008645,KH0261,2025-10-03 19:56:00,Đại lý,NV29,Đã giao
DH002174,KH0442,2025-10-03 20:05:00,TMĐT - Tiki,NV09,Mới
DH004039,KH0391,2025-10-03 21:27:00,TMĐT - Tiki,NV16,Đã giao
DH000877,KH0390,2025-10-03 21:48:00,TMĐT - Tiki,NV10,Đã giao
DH010411,KH0447,2025-10-03 23:03:00,TMĐT - Tiki,NV17,Đã giao
DH010709,KH0114,2025-10-03 23:39:00,TMĐT - Lazada,NV20,Trả hàng
DH002213,KH0104,2025-10-04 00:22:00,TMĐT - Shopee,NV25,Đã giao
DH000199,KH0402,2025-10-04 00:29:00,Đại lý,NV09,Đã giao
DH006089,KH0449,2025-10-04 02:38:00,Showroom,NV21,Đã giao
DH011507,KH0014,2025-10-04 05:38:00,TMĐT - Tiki,NV30,Đã giao
DH000579,KH0428,2025-10-04 07:47:00,Showroom,NV13,Đã giao
DH010408,KH0139,2025-10-04 09:02:00,TMĐT - Shopee,NV08,Đã giao
DH008906,KH0157,2025-10-04 09:17:00,TMĐT - Shopee,NV08,Đã giao
DH002811,KH0070,2025-10-04 10:13:00,TMĐT - Tiki,NV30,Đang xử lý
DH010849,KH0327,2025-10-04 10:18:00,Bán lẻ trực tiếp,NV01,Đã giao
DH003723,KH0299,2025-10-04 11:46:00,Bán lẻ trực tiếp,NV08,Đã giao
DH004370,KH0429,2025-10-04 12:36:00,Bán lẻ trực tiếp,NV11,Đã giao
DH007660,KH0229,2025-10-04 12:36:00,TMĐT - Tiki,NV03,Đã giao
DH002757,KH0262,2025-10-04 14:10:00,Đại lý,NV06,Đã giao
DH009478,KH0248,2025-10-04 16:27:00,Đại lý,NV10,Đã giao
DH009095,KH0412,2025-10-04 17:11:00,TMĐT - Shopee,NV26,Mới
DH000782,KH0277,2025-10-04 17:37:00,Đại lý,NV01,Đã giao
DH004562,KH0204,2025-10-04 17:41:00,Bán lẻ trực tiếp,NV02,Đã giao
DH008400,KH0063,2025-10-04 20:59:00,Đại lý,NV04,Đã giao
DH006844,KH0053,2025-10-04 21:35:00,Showroom,NV13,Đã giao
DH011470,KH0397,2025-10-04 21:41:00,Đại lý,NV10,Đã giao
DH004167,KH0184,2025-10-04 21:54:00,Đại lý,NV16,Đã giao
DH003321,KH0044,2025-10-04 22:45:00,TMĐT - Shopee,NV07,Đã giao
DH007575,KH0155,2025-10-05 00:16:00,Đại lý,NV23,Đã giao
DH008613,KH0338,2025-10-05 00:41:00,TMĐT - Shopee,NV30,Đã giao
DH004811,KH0391,2025-10-05 03:33:00,Showroom,NV20,Đã giao
DH007981,KH0093,2025-10-05 03:43:00,TMĐT - Tiki,NV28,Đã giao
DH008103,KH0262,2025-10-05 04:07:00,TMĐT - Lazada,NV29,Đang xử lý
DH003869,KH0044,2025-10-05 04:33:00,Showroom,NV21,Đã giao
DH004463,KH0051,2025-10-05 04:38:00,TMĐT - Shopee,NV03,Đã hủy
DH011547,KH0242,2025-10-05 04:58:00,Đại lý,NV12,Đã giao
DH006640,KH0012,2025-10-05 05:48:00,TMĐT - Shopee,NV18,Đã giao
DH010543,KH0306,2025-10-05 05:49:00,TMĐT - Shopee,NV09,Đang xử lý
DH005239,KH0113,2025-10-05 07:55:00,TMĐT - Shopee,NV12,Đã giao
DH003758,KH0051,2025-10-05 08:17:00,Bán lẻ trực tiếp,NV03,Đã giao
DH008155,KH0409,2025-10-05 09:28:00,Đại lý,NV27,Đã giao
DH008434,KH0337,2025-10-05 10:51:00,TMĐT - Shopee,NV14,Trả hàng
DH004768,KH0393,2025-10-05 11:54:00,TMĐT - Lazada,NV14,Đang xử lý
DH002763,KH0365,2025-10-05 12:02:00,Showroom,NV17,Đang xử lý
DH008072,KH0204,2025-10-05 14:50:00,TMĐT - Tiki,NV12,Đã giao
DH007829,KH0074,2025-10-05 15:24:00,Đại lý,NV06,Đã giao
DH002598,KH0262,2025-10-05 15:55:00,Showroom,NV14,Đã giao
DH003224,KH0212,2025-10-05 18:01:00,Bán lẻ trực tiếp,NV21,Đã giao
DH004005,KH0198,2025-10-05 18:19:00,Showroom,NV14,Trả hàng
DH002376,KH0325,2025-10-05 20:38:00,Đại lý,NV28,Đã giao
DH000802,KH0356,2025-10-05 22:09:00,TMĐT - Tiki,NV23,Đã giao
DH011922,KH0293,2025-10-05 22:38:00,Bán lẻ trực tiếp,NV19,Đã giao
DH007488,KH0187,2025-10-05 23:23:00,TMĐT - Tiki,NV05,Đã giao
DH002398,KH0446,2025-10-06 03:14:00,TMĐT - Shopee,NV12,Đã giao
DH007895,KH0242,2025-10-06 04:06:00,Bán lẻ trực tiếp,NV14,Trả hàng
DH003951,KH0399,2025-10-06 05:04:00,Showroom,NV19,Đã giao
DH004291,KH0257,2025-10-06 05:20:00,Showroom,NV23,Đã giao
DH007743,KH0166,2025-10-06 05:52:00,Showroom,NV21,Đã giao
DH001182,KH0391,2025-10-06 05:53:00,Bán lẻ trực tiếp,NV23,Đã giao
DH007125,KH0346,2025-10-06 06:36:00,TMĐT - Lazada,NV09,Đã giao
DH005997,KH0155,2025-10-06 07:18:00,Đại lý,NV26,Đang xử lý
DH009302,KH0447,2025-10-06 08:14:00,Đại lý,NV11,Đang xử lý
DH008395,KH0246,2025-10-06 08:23:00,TMĐT - Lazada,NV25,Đã hủy
DH009427,KH0265,2025-10-06 11:58:00,TMĐT - Tiki,NV22,Đã hủy
DH011665,KH0160,2025-10-06 12:39:00,Bán lẻ trực tiếp,NV30,Đã giao
DH003688,KH0281,2025-10-06 12:43:00,Đại lý,NV13,Đã giao
DH009241,KH0155,2025-10-06 13:26:00,TMĐT - Shopee,NV26,Đã hủy
DH000102,KH0396,2025-10-06 14:55:00,Showroom,NV27,Mới
DH011471,KH0271,2025-10-06 15:59:00,Bán lẻ trực tiếp,NV05,Đã giao
DH004796,KH0246,2025-10-06 18:08:00,Bán lẻ trực tiếp,NV23,Đã giao
DH010304,KH0307,2025-10-06 19:30:00,TMĐT - Tiki,NV09,Đã giao
DH011211,KH0242,2025-10-06 19:48:00,Đại lý,NV01,Đã giao
DH008897,KH0279,2025-10-06 20:09:00,TMĐT - Tiki,NV21,Đã giao
DH000595,KH0003,2025-10-06 20:39:00,TMĐT - Lazada,NV16,Đã giao
DH005768,KH0053,2025-10-06 21:17:00,Bán lẻ trực tiếp,NV13,Đã giao
DH011755,KH0314,2025-10-07 00:48:00,TMĐT - Lazada,NV23,Trả hàng
DH002365,KH0140,2025-10-07 02:09:00,Showroom,NV24,Đang xử lý
DH008923,KH0356,2025-10-07 02:25:00,Đại lý,NV15,Đã giao
DH001712,KH0399,2025-10-07 02:58:00,Đại lý,NV28,Đã giao
DH005946,KH0347,2025-10-07 03:11:00,TMĐT - Shopee,NV13,Đã giao
DH001442,KH0096,2025-10-07 04:23:00,Đại lý,NV22,Đã hủy
DH000492,KH0060,2025-10-07 05:35:00,Đại lý,NV22,Đã giao
DH005708,KH0391,2025-10-07 06:12:00,Bán lẻ trực tiếp,NV20,Đã giao
DH000026,KH0274,2025-10-07 06:34:00,TMĐT - Shopee,NV15,Đang xử lý
DH007491,KH0445,2025-10-07 07:09:00,TMĐT - Lazada,NV05,Đã giao
DH001407,KH0119,2025-10-07 07:53:00,TMĐT - Lazada,NV09,Đã giao
DH010202,KH0280,2025-10-07 08:49:00,TMĐT - Shopee,NV22,Đã giao
DH007522,KH0193,2025-10-07 10:28:00,Bán lẻ trực tiếp,NV19,Đang xử lý
DH009862,KH0365,2025-10-07 12:51:00,Showroom,NV12,Đã giao
DH004214,KH0081,2025-10-07 14:09:00,TMĐT - Shopee,NV22,Đã giao
DH008246,KH0241,2025-10-07 20:01:00,Bán lẻ trực tiếp,NV05,Đã giao
DH000068,KH0391,2025-10-07 20:08:00,TMĐT - Lazada,NV24,Đã giao
DH004554,KH0171,2025-10-07 22:12:00,TMĐT - Tiki,NV12,Đang xử lý
DH006260,KH0293,2025-10-07 23:11:00,Đại lý,NV28,Đã giao
DH001919,KH0120,2025-10-07 23:25:00,TMĐT - Tiki,NV08,Đã hủy
DH011229,KH0321,2025-10-08 02:08:00,TMĐT - Lazada,NV19,Đã giao
DH011450,KH0365,2025-10-08 03:38:00,Đại lý,NV13,Đã hủy
DH007964,KH0199,2025-10-08 05:54:00,Đại lý,NV04,Đã giao
DH000717,KH0367,2025-10-08 08:12:00,TMĐT - Shopee,NV28,Đã giao
DH011821,KH0389,2025-10-08 10:11:00,Bán lẻ trực tiếp,NV10,Đã giao
DH002145,KH0262,2025-10-08 12:06:00,Đại lý,NV14,Đã giao
DH009183,KH0034,2025-10-08 12:53:00,TMĐT - Tiki,NV21,Đã giao
DH007953,KH0246,2025-10-08 16:57:00,Bán lẻ trực tiếp,NV08,Đã giao
DH011219,KH0262,2025-10-08 17:59:00,TMĐT - Tiki,NV26,Đã giao
DH000604,KH0018,2025-10-08 18:09:00,Showroom,NV01,Đã giao
DH007349,KH0227,2025-10-08 18:26:00,TMĐT - Lazada,NV16,Trả hàng
DH007807,KH0044,2025-10-08 20:12:00,Showroom,NV06,Đã giao
DH010074,KH0249,2025-10-08 20:50:00,Đại lý,NV09,Đã giao
DH003731,KH0056,2025-10-08 23:52:00,TMĐT - Tiki,NV16,Đã giao
DH000154,KH0193,2025-10-09 00:29:00,Đại lý,NV07,Đã giao
DH011797,KH0111,2025-10-09 00:48:00,Showroom,NV08,Đã giao
DH005145,KH0035,2025-10-09 04:50:00,TMĐT - Tiki,NV19,Đã giao
DH009285,KH0071,2025-10-09 05:25:00,Đại lý,NV05,Đã giao
DH001667,KH0227,2025-10-09 06:45:00,Đại lý,NV04,Đã giao
DH006063,KH0439,2025-10-09 08:01:00,Đại lý,NV02,Đã giao
DH009935,KH0198,2025-10-09 08:09:00,Đại lý,NV10,Đang xử lý
DH005454,KH0449,2025-10-09 09:57:00,TMĐT - Shopee,NV23,Đang xử lý
DH006772,KH0036,2025-10-09 10:23:00,TMĐT - Lazada,NV26,Đã giao
DH001654,KH0151,2025-10-09 12:01:00,TMĐT - Shopee,NV10,Đã giao
DH010529,KH0242,2025-10-09 15:20:00,Đại lý,NV03,Đã giao
DH002663,KH0074,2025-10-09 17:10:00,TMĐT - Tiki,NV06,Đã hủy
DH009583,KH0018,2025-10-09 17:21:00,Đại lý,NV21,Đã giao
DH001355,KH0204,2025-10-09 18:31:00,Bán lẻ trực tiếp,NV16,Đã giao
DH005128,KH0447,2025-10-09 19:04:00,TMĐT - Lazada,NV24,Đã giao
DH009313,KH0154,2025-10-09 21:14:00,Bán lẻ trực tiếp,NV27,Đã giao
DH010680,KH0402,2025-10-10 00:46:00,Đại lý,NV05,Đang xử lý
DH004001,KH0179,2025-10-10 03:30:00,TMĐT - Shopee,NV27,Đang xử lý
DH004221,KH0155,2025-10-10 03:34:00,TMĐT - Shopee,NV19,Đã giao
DH003650,KH0248,2025-10-10 04:51:00,Showroom,NV25,Đã giao
DH004629,KH0212,2025-10-10 08:28:00,TMĐT - Tiki,NV15,Đã giao
DH011623,KH0447,2025-10-10 10:05:00,TMĐT - Shopee,NV02,Đang xử lý
DH008123,KH0070,2025-10-10 10:46:00,Showroom,NV28,Đang xử lý
DH008845,KH0280,2025-10-10 16:54:00,TMĐT - Tiki,NV29,Đang xử lý
DH001974,KH0298,2025-10-10 19:12:00,TMĐT - Shopee,NV03,Đã giao
DH002933,KH0087,2025-10-10 19:19:00,Showroom,NV18,Đã giao
DH008500,KH0140,2025-10-10 19:54:00,Bán lẻ trực tiếp,NV26,Mới
DH010616,KH0095,2025-10-10 21:11:00,TMĐT - Shopee,NV28,Đã giao
DH009148,KH0228,2025-10-10 22:05:00,Đại lý,NV20,Đã giao
DH000796,KH0027,2025-10-10 22:23:00,Showroom,NV05,Đã giao
DH001243,KH0447,2025-10-10 23:45:00,TMĐT - Tiki,NV28,Đã giao
DH001965,KH0332,2025-10-11 00:40:00,Đại lý,NV26,Đã hủy
DH002650,KH0367,2025-10-11 05:36:00,Showroom,NV07,Đã giao
DH000283,KH0077,2025-10-11 06:45:00,TMĐT - Lazada,NV17,Đã giao
DH007906,KH0035,2025-10-11 08:35:00,Đại lý,NV12,Mới
DH007875,KH0193,2025-10-11 10:48:00,TMĐT - Lazada,NV13,Đã giao
DH010052,KH0116,2025-10-11 11:44:00,Showroom,NV28,Đã giao
DH004641,KH0155,2025-10-11 11:51:00,Đại lý,NV02,Đã giao
DH000478,KH0306,2025-10-11 12:36:00,TMĐT - Tiki,NV23,Đã hủy
DH003598,KH0034,2025-10-11 13:14:00,Showroom,NV24,Đã giao
DH003422,KH0160,2025-10-11 13:32:00,Showroom,NV21,Đã giao
DH002562,KH0273,2025-10-11 19:31:00,Bán lẻ trực tiếp,NV29,Đã giao
DH011891,KH0368,2025-10-12 02:32:00,TMĐT - Tiki,NV10,Đã giao
DH002687,KH0323,2025-10-12 06:25:00,TMĐT - Shopee,NV20,Đã giao
DH009370,KH0051,2025-10-12 06:26:00,Bán lẻ trực tiếp,NV06,Mới
DH002289,KH0139,2025-10-12 07:41:00,TMĐT - Tiki,NV29,Đã giao
DH002637,KH0183,2025-10-12 14:26:00,TMĐT - Shopee,NV04,Đã hủy
DH011431,KH0198,2025-10-12 15:13:00,Bán lẻ trực tiếp,NV01,Đã giao
DH002244,KH0446,2025-10-12 16:00:00,Bán lẻ trực tiếp,NV17,Đã giao
DH008159,KH0192,2025-10-12 18:19:00,TMĐT - Shopee,NV08,Đã giao
DH005989,KH0066,2025-10-12 18:24:00,TMĐT - Lazada,NV16,Đã giao
DH002057,KH0035,2025-10-12 23:54:00,TMĐT - Shopee,NV20,Đã giao
DH008532,KH0222,2025-10-13 00:01:00,Bán lẻ trực tiếp,NV11,Đang xử lý
DH004561,KH0306,2025-10-13 04:30:00,Đại lý,NV04,Mới
DH002206,KH0239,2025-10-13 06:59:00,Bán lẻ trực tiếp,NV27,Đã giao
DH008372,KH0155,2025-10-13 09:48:00,Bán lẻ trực tiếp,NV03,Đang xử lý
DH010157,KH0012,2025-10-13 14:29:00,Showroom,NV16,Đã hủy
DH005793,KH0442,2025-10-13 15:02:00,Showroom,NV22,Đang xử lý
DH011080,KH0053,2025-10-13 15:27:00,TMĐT - Lazada,NV08,Đã giao
DH007476,KH0012,2025-10-13 16:51:00,Showroom,NV30,Đã giao
DH011013,KH0246,2025-10-13 17:21:00,Showroom,NV14,Đã giao
DH007753,KH0115,2025-10-13 18:06:00,Đại lý,NV02,Đã giao
DH006663,KH0442,2025-10-13 18:42:00,Showroom,NV16,Đã giao
DH010609,KH0391,2025-10-13 19:39:00,TMĐT - Tiki,NV02,Đã hủy
DH009390,KH0155,2025-10-13 22:17:00,TMĐT - Shopee,NV13,Đã giao
DH003273,KH0044,2025-10-13 22:35:00,TMĐT - Shopee,NV16,Đã giao
DH000993,KH0428,2025-10-13 23:47:00,Showroom,NV07,Đã giao
DH001260,KH0035,2025-10-14 03:39:00,TMĐT - Shopee,NV04,Trả hàng
DH005407,KH0155,2025-10-14 03:59:00,TMĐT - Shopee,NV02,Đã giao
DH003485,KH0127,2025-10-14 05:09:00,TMĐT - Lazada,NV11,Đã giao
DH005734,KH0406,2025-10-14 05:39:00,Bán lẻ trực tiếp,NV22,Đang xử lý
DH009385,KH0249,2025-10-14 08:32:00,Đại lý,NV17,Đã giao
DH004576,KH0262,2025-10-14 10:29:00,Đại lý,NV24,Đã giao
DH007455,KH0140,2025-10-14 12:43:00,TMĐT - Lazada,NV06,Đã giao
DH006966,KH0023,2025-10-14 13:57:00,TMĐT - Lazada,NV18,Trả hàng
DH007034,KH0173,2025-10-14 16:08:00,TMĐT - Tiki,NV09,Đang xử lý
DH005671,KH0122,2025-10-14 17:01:00,Bán lẻ trực tiếp,NV26,Đã giao
DH008262,KH0114,2025-10-14 18:13:00,TMĐT - Lazada,NV08,Đã giao
DH009757,KH0155,2025-10-14 18:44:00,Bán lẻ trực tiếp,NV02,Đã giao
DH008003,KH0243,2025-10-14 18:54:00,Bán lẻ trực tiếp,NV08,Đã giao
DH009744,KH0141,2025-10-14 19:12:00,Đại lý,NV18,Đã giao
DH011613,KH0107,2025-10-14 21:04:00,Showroom,NV22,Mới
DH010700,KH0428,2025-10-14 22:27:00,Đại lý,NV02,Đã giao
DH004852,KH0262,2025-10-15 00:28:00,TMĐT - Lazada,NV08,Đã giao
DH000463,KH0042,2025-10-15 02:31:00,TMĐT - Lazada,NV15,Đã giao
DH004161,KH0384,2025-10-15 03:47:00,Showroom,NV30,Đã giao
DH002602,KH0003,2025-10-15 04:40:00,TMĐT - Tiki,NV17,Đã giao
DH011210,KH0399,2025-10-15 06:17:00,Showroom,NV13,Đã hủy
DH008358,KH0053,2025-10-15 08:56:00,Showroom,NV04,Đã giao
DH003712,KH0035,2025-10-15 09:02:00,Showroom,NV13,Đã giao
DH005273,KH0010,2025-10-15 11:56:00,TMĐT - Tiki,NV29,Đã giao
DH001743,KH0242,2025-10-15 12:58:00,TMĐT - Tiki,NV02,Trả hàng
DH004903,KH0391,2025-10-15 13:11:00,Đại lý,NV12,Đã giao
DH007084,KH0208,2025-10-15 13:37:00,TMĐT - Shopee,NV02,Đã giao
DH007120,KH0262,2025-10-15 14:59:00,Showroom,NV28,Đã giao
DH001292,KH0199,2025-10-15 16:50:00,Bán lẻ trực tiếp,NV10,Đã giao
DH007808,KH0305,2025-10-15 18:49:00,TMĐT - Shopee,NV21,Đã giao
DH002051,KH0413,2025-10-15 20:10:00,TMĐT - Tiki,NV04,Đã hủy
DH005088,KH0213,2025-10-15 20:51:00,TMĐT - Tiki,NV30,Đã giao
DH008182,KH0232,2025-10-15 22:19:00,TMĐT - Lazada,NV14,Đã giao
DH011454,KH0447,2025-10-16 00:53:00,TMĐT - Tiki,NV20,Đã giao
DH008919,KH0173,2025-10-16 02:03:00,Đại lý,NV12,Đã giao
DH002439,KH0265,2025-10-16 04:58:00,Showroom,NV29,Đã giao
DH002300,KH0243,2025-10-16 06:34:00,TMĐT - Shopee,NV02,Đã giao
DH007013,KH0275,2025-10-16 14:18:00,Showroom,NV17,Đã giao
DH004763,KH0314,2025-10-16 14:38:00,Showroom,NV19,Đã giao
DH009426,KH0187,2025-10-16 14:39:00,TMĐT - Shopee,NV22,Đã giao
DH005015,KH0070,2025-10-16 15:15:00,TMĐT - Shopee,NV11,Đã giao
DH007862,KH0009,2025-10-16 15:20:00,Đại lý,NV28,Đang xử lý
DH007283,KH0272,2025-10-17 04:10:00,TMĐT - Lazada,NV30,Đã giao
DH004121,KH0052,2025-10-17 05:10:00,TMĐT - Lazada,NV30,Đã giao
DH011481,KH0213,2025-10-17 06:01:00,Đại lý,NV06,Đã giao
DH002114,KH0383,2025-10-17 06:44:00,TMĐT - Tiki,NV10,Mới
DH003143,KH0114,2025-10-17 07:19:00,TMĐT - Shopee,NV03,Đã giao
DH004642,KH0275,2025-10-17 13:26:00,TMĐT - Shopee,NV27,Đã giao
DH011134,KH0447,2025-10-17 14:35:00,TMĐT - Shopee,NV24,Đã giao
DH007845,KH0155,2025-10-17 16:31:00,TMĐT - Shopee,NV15,Đã giao
DH004145,KH0367,2025-10-17 16:36:00,TMĐT - Tiki,NV09,Đã giao
DH002813,KH0140,2025-10-17 16:54:00,TMĐT - Lazada,NV22,Đã giao
DH005547,KH0070,2025-10-17 19:38:00,TMĐT - Shopee,NV16,Đang xử lý
DH003833,KH0140,2025-10-17 20:07:00,Bán lẻ trực tiếp,NV06,Đang xử lý
DH008475,KH0352,2025-10-18 00:43:00,TMĐT - Shopee,NV20,Đã giao
DH009864,KH0034,2025-10-18 01:36:00,TMĐT - Shopee,NV20,Đã giao
DH002285,KH0428,2025-10-18 04:21:00,TMĐT - Shopee,NV22,Đã giao
DH003493,KH0257,2025-10-18 07:22:00,Showroom,NV17,Đã giao
DH007215,KH0051,2025-10-18 08:11:00,Showroom,NV02,Đã giao
DH004896,KH0012,2025-10-18 08:17:00,TMĐT - Tiki,NV04,Đang xử lý
DH008754,KH0197,2025-10-18 11:50:00,TMĐT - Shopee,NV17,Đã giao
DH005657,KH0442,2025-10-18 13:36:00,Đại lý,NV10,Đã giao
DH011354,KH0447,2025-10-18 15:35:00,TMĐT - Shopee,NV30,Đã giao
DH000003,KH0042,2025-10-18 19:47:00,Showroom,NV27,Đã giao
DH011500,KH0179,2025-10-18 21:06:00,TMĐT - Lazada,NV09,Đã giao
DH000840,KH0367,2025-10-18 23:02:00,Đại lý,NV17,Đã giao
DH002189,KH0013,2025-10-18 23:22:00,TMĐT - Tiki,NV20,Đã giao
DH008204,KH0002,2025-10-19 00:44:00,Showroom,NV01,Đã giao
DH006353,KH0442,2025-10-19 01:20:00,Bán lẻ trực tiếp,NV19,Đã giao
DH002568,KH0442,2025-10-19 01:38:00,TMĐT - Lazada,NV28,Đã giao
DH011337,KH0213,2025-10-19 02:50:00,TMĐT - Lazada,NV21,Đã giao
DH001745,KH0246,2025-10-19 03:25:00,Bán lẻ trực tiếp,NV12,Đã giao
DH005951,KH0053,2025-10-19 03:31:00,Bán lẻ trực tiếp,NV08,Đã giao
DH001128,KH0035,2025-10-19 03:53:00,TMĐT - Tiki,NV08,Đã giao
DH006580,KH0391,2025-10-19 07:34:00,Showroom,NV10,Đã giao
DH009539,KH0012,2025-10-19 07:57:00,TMĐT - Lazada,NV23,Đã giao
DH009691,KH0409,2025-10-19 08:03:00,Bán lẻ trực tiếp,NV16,Đang xử lý
DH010383,KH0306,2025-10-19 08:32:00,Đại lý,NV09,Đã giao
DH007651,KH0063,2025-10-19 10:39:00,Showroom,NV16,Đã giao
DH005874,KH0135,2025-10-19 10:56:00,Đại lý,NV26,Đã giao
DH007428,KH0089,2025-10-19 13:14:00,TMĐT - Shopee,NV12,Đang xử lý
DH010217,KH0034,2025-10-19 14:33:00,TMĐT - Shopee,NV14,Đã hủy
DH011905,KH0267,2025-10-19 16:19:00,TMĐT - Tiki,NV05,Đã giao
DH007004,KH0249,2025-10-19 17:53:00,TMĐT - Tiki,NV30,Mới
DH007707,KH0075,2025-10-19 19:13:00,TMĐT - Tiki,NV04,Đã giao
DH007824,KH0442,2025-10-19 19:39:00,TMĐT - Tiki,NV17,Đã giao
DH000985,KH0046,2025-10-19 23:32:00,Bán lẻ trực tiếp,NV06,Đã giao
DH008534,KH0239,2025-10-19 23:40:00,TMĐT - Shopee,NV26,Đã hủy
DH006794,KH0179,2025-10-20 00:27:00,Bán lẻ trực tiếp,NV10,Đã giao
DH000384,KH0385,2025-10-20 01:57:00,Đại lý,NV02,Đã giao
DH011309,KH0231,2025-10-20 02:07:00,Bán lẻ trực tiếp,NV24,Đã hủy
DH007603,KH0035,2025-10-20 02:40:00,Đại lý,NV24,Trả hàng
DH006900,KH0013,2025-10-20 03:09:00,TMĐT - Shopee,NV28,Đã giao
DH006724,KH0250,2025-10-20 03:27:00,Showroom,NV20,Trả hàng
DH002454,KH0227,2025-10-20 05:01:00,Đại lý,NV25,Đã giao
DH003039,KH0140,2025-10-20 08:07:00,Showroom,NV29,Đã giao
DH001199,KH0063,2025-10-20 11:44:00,Showroom,NV17,Đã giao
DH009657,KH0200,2025-10-20 12:22:00,TMĐT - Lazada,NV12,Đã giao
DH007597,KH0306,2025-10-20 15:41:00,Bán lẻ trực tiếp,NV04,Đã giao
DH005206,KH0128,2025-10-20 16:51:00,Bán lẻ trực tiếp,NV23,Trả hàng
DH006628,KH0242,2025-10-20 18:32:00,TMĐT - Tiki,NV07,Đang xử lý
DH011287,KH0314,2025-10-20 18:34:00,Bán lẻ trực tiếp,NV15,Đang xử lý
DH009758,KH0391,2025-10-20 19:04:00,TMĐT - Lazada,NV16,Đã giao
DH001233,KH0365,2025-10-20 20:22:00,Showroom,NV06,Đã giao
DH006711,KH0215,2025-10-20 20:52:00,Đại lý,NV22,Đã giao
DH001867,KH0358,2025-10-20 23:27:00,Bán lẻ trực tiếp,NV25,Đã giao
DH003898,KH0113,2025-10-20 23:50:00,TMĐT - Tiki,NV07,Đã giao
DH011487,KH0006,2025-10-20 23:50:00,Showroom,NV05,Đã giao
DH008090,KH0242,2025-10-21 01:01:00,Bán lẻ trực tiếp,NV02,Đã giao
DH011581,KH0307,2025-10-21 02:26:00,TMĐT - Lazada,NV03,Đã hủy
DH011137,KH0345,2025-10-21 07:41:00,Đại lý,NV14,Đang xử lý
DH009362,KH0447,2025-10-21 08:21:00,Đại lý,NV04,Đã giao
DH003760,KH0384,2025-10-21 10:06:00,Showroom,NV03,Đã giao
DH008857,KH0412,2025-10-21 12:43:00,TMĐT - Shopee,NV24,Đã giao
DH011974,KH0447,2025-10-21 12:53:00,TMĐT - Shopee,NV11,Mới
DH007586,KH0400,2025-10-21 14:25:00,TMĐT - Tiki,NV08,Đã giao
DH008170,KH0028,2025-10-21 16:58:00,Đại lý,NV24,Đã giao
DH002761,KH0262,2025-10-21 18:00:00,Đại lý,NV17,Đã giao
DH007256,KH0131,2025-10-21 19:46:00,TMĐT - Lazada,NV19,Đã giao
DH005060,KH0432,2025-10-21 20:34:00,Showroom,NV20,Đã giao
DH004648,KH0442,2025-10-22 02:51:00,Showroom,NV23,Đã giao
DH011291,KH0446,2025-10-22 03:11:00,TMĐT - Tiki,NV27,Đã giao
DH009314,KH0421,2025-10-22 03:21:00,TMĐT - Lazada,NV13,Đã giao
DH007200,KH0002,2025-10-22 04:45:00,TMĐT - Lazada,NV29,Đã giao
DH005062,KH0171,2025-10-22 04:54:00,Đại lý,NV22,Đã giao
DH000351,KH0325,2025-10-22 05:30:00,Đại lý,NV22,Đang xử lý
DH011946,KH0304,2025-10-22 10:20:00,TMĐT - Lazada,NV12,Đã giao
DH004053,KH0098,2025-10-22 10:34:00,Đại lý,NV25,Đã giao
DH009201,KH0140,2025-10-22 13:03:00,TMĐT - Shopee,NV06,Đã giao
DH006013,KH0402,2025-10-22 17:48:00,TMĐT - Lazada,NV23,Đã hủy
DH009911,KH0199,2025-10-22 18:00:00,Đại lý,NV14,Đã hủy
DH003572,KH0193,2025-10-22 21:03:00,Bán lẻ trực tiếp,NV19,Đang xử lý
DH002072,KH0114,2025-10-22 21:05:00,Showroom,NV23,Mới
DH011612,KH0447,2025-10-22 23:32:00,Showroom,NV27,Đã giao
DH011181,KH0140,2025-10-22 23:55:00,TMĐT - Shopee,NV05,Đã giao
DH002322,KH0386,2025-10-23 00:56:00,Đại lý,NV12,Mới
DH005243,KH0328,2025-10-23 03:45:00,Showroom,NV30,Đã giao
DH006192,KH0420,2025-10-23 04:53:00,TMĐT - Lazada,NV16,Đã giao
DH005726,KH0140,2025-10-23 05:17:00,Showroom,NV27,Đã giao
DH006613,KH0070,2025-10-23 08:10:00,TMĐT - Lazada,NV20,Đã giao
DH000704,KH0242,2025-10-23 09:30:00,Bán lẻ trực tiếp,NV29,Đã giao
DH009279,KH0248,2025-10-23 10:56:00,TMĐT - Tiki,NV01,Đã giao
DH002850,KH0105,2025-10-23 12:25:00,TMĐT - Lazada,NV28,Đã giao
DH003369,KH0306,2025-10-23 12:45:00,TMĐT - Lazada,NV12,Đã giao
DH000140,KH0053,2025-10-23 12:46:00,Bán lẻ trực tiếp,NV17,Đã giao
DH004835,KH0151,2025-10-23 13:35:00,Đại lý,NV11,Đã giao
DH002425,KH0089,2025-10-23 13:38:00,Đại lý,NV13,Đang xử lý
DH002774,KH0447,2025-10-23 14:31:00,TMĐT - Shopee,NV09,Đã giao
DH000092,KH0153,2025-10-23 15:08:00,Bán lẻ trực tiếp,NV07,Đã giao
DH000072,KH0144,2025-10-23 16:58:00,Đại lý,NV06,Đã giao
DH005094,KH0077,2025-10-23 17:59:00,TMĐT - Lazada,NV17,Đã giao
DH008674,KH0365,2025-10-23 19:31:00,TMĐT - Shopee,NV09,Đã giao
DH011594,KH0051,2025-10-23 19:33:00,Showroom,NV26,Đã giao
DH000094,KH0359,2025-10-23 20:23:00,TMĐT - Shopee,NV09,Đã giao
DH001338,KH0368,2025-10-23 20:42:00,TMĐT - Lazada,NV25,Đã giao
DH009577,KH0070,2025-10-23 20:56:00,TMĐT - Shopee,NV19,Đã giao
DH001738,KH0111,2025-10-23 22:50:00,TMĐT - Lazada,NV28,Đã giao
DH006358,KH0447,2025-10-24 03:25:00,Bán lẻ trực tiếp,NV25,Đã giao
DH011468,KH0273,2025-10-24 04:49:00,TMĐT - Tiki,NV22,Đã giao
DH004118,KH0418,2025-10-24 04:58:00,TMĐT - Lazada,NV04,Đã giao
DH010051,KH0314,2025-10-24 07:12:00,Đại lý,NV13,Đã giao
DH011598,KH0179,2025-10-24 07:27:00,Đại lý,NV20,Đã giao
DH011434,KH0384,2025-10-24 09:52:00,Showroom,NV15,Đã giao
DH010480,KH0397,2025-10-24 09:57:00,Bán lẻ trực tiếp,NV03,Đã giao
DH001307,KH0129,2025-10-24 10:58:00,Bán lẻ trực tiếp,NV28,Đã giao
DH003636,KH0042,2025-10-24 11:38:00,Bán lẻ trực tiếp,NV05,Đã giao
DH006433,KH0442,2025-10-24 11:42:00,Showroom,NV25,Đã giao
DH004549,KH0115,2025-10-24 14:28:00,Bán lẻ trực tiếp,NV24,Đang xử lý
DH007284,KH0034,2025-10-24 15:10:00,TMĐT - Shopee,NV14,Đã giao
DH006121,KH0391,2025-10-24 15:50:00,TMĐT - Shopee,NV24,Đã giao
DH009002,KH0325,2025-10-24 17:41:00,Đại lý,NV22,Đã giao
DH001384,KH0442,2025-10-24 19:08:00,TMĐT - Shopee,NV12,Đã giao
DH004082,KH0224,2025-10-24 19:22:00,TMĐT - Shopee,NV14,Đã giao
DH007367,KH0137,2025-10-24 19:59:00,Bán lẻ trực tiếp,NV06,Đã giao
DH010153,KH0442,2025-10-24 20:37:00,Đại lý,NV12,Đã giao
DH006141,KH0368,2025-10-25 00:24:00,TMĐT - Lazada,NV23,Đã giao
DH000893,KH0374,2025-10-25 03:36:00,Bán lẻ trực tiếp,NV07,Đã giao
DH000248,KH0442,2025-10-25 03:52:00,Bán lẻ trực tiếp,NV22,Đã giao
DH009939,KH0359,2025-10-25 04:21:00,TMĐT - Shopee,NV17,Đã hủy
DH010651,KH0272,2025-10-25 05:57:00,Đại lý,NV20,Đã giao
DH004828,KH0412,2025-10-25 07:09:00,Đại lý,NV15,Đã giao
DH008396,KH0229,2025-10-25 07:53:00,TMĐT - Lazada,NV11,Đã giao
DH002957,KH0002,2025-10-25 12:08:00,TMĐT - Tiki,NV25,Đã giao
DH011484,KH0313,2025-10-25 12:41:00,TMĐT - Shopee,NV02,Đã giao
DH009428,KH0338,2025-10-25 13:00:00,Showroom,NV09,Đã giao
DH004473,KH0262,2025-10-25 15:16:00,TMĐT - Shopee,NV16,Đã giao
DH007400,KH0262,2025-10-25 16:24:00,TMĐT - Lazada,NV05,Đã giao
DH007253,KH0081,2025-10-25 17:00:00,Showroom,NV26,Đã giao
DH005740,KH0442,2025-10-25 17:29:00,TMĐT - Tiki,NV18,Đã giao
DH009804,KH0063,2025-10-25 18:43:00,TMĐT - Lazada,NV13,Đã giao
DH006156,KH0391,2025-10-25 19:02:00,TMĐT - Lazada,NV27,Đã giao
DH011768,KH0155,2025-10-25 19:24:00,Showroom,NV12,Mới
DH003594,KH0189,2025-10-25 23:08:00,Bán lẻ trực tiếp,NV22,Đã giao
DH010812,KH0192,2025-10-25 23:28:00,Bán lẻ trực tiếp,NV19,Đã giao
DH006857,KH0262,2025-10-25 23:46:00,Bán lẻ trực tiếp,NV30,Đã giao
DH003748,KH0012,2025-10-26 01:23:00,TMĐT - Lazada,NV17,Đã giao
DH004582,KH0446,2025-10-26 02:05:00,Bán lẻ trực tiếp,NV22,Đã hủy
DH008817,KH0002,2025-10-26 03:08:00,TMĐT - Lazada,NV26,Đã giao
DH002999,KH0012,2025-10-26 03:29:00,Showroom,NV03,Đã giao
DH005395,KH0119,2025-10-26 07:50:00,Showroom,NV20,Đã giao
DH011840,KH0402,2025-10-26 08:25:00,Showroom,NV24,Đã hủy
DH000969,KH0447,2025-10-26 09:29:00,TMĐT - Shopee,NV18,Mới
DH004952,KH0421,2025-10-26 11:35:00,Đại lý,NV13,Đã giao
DH003701,KH0096,2025-10-26 14:32:00,Bán lẻ trực tiếp,NV28,Đã giao
DH006995,KH0175,2025-10-26 18:27:00,Đại lý,NV01,Đã giao
DH000954,KH0442,2025-10-26 19:54:00,Đại lý,NV01,Đã giao
DH003937,KH0396,2025-10-26 20:39:00,Đại lý,NV18,Đã giao
DH011166,KH0051,2025-10-26 20:48:00,Bán lẻ trực tiếp,NV18,Đã giao
DH006940,KH0105,2025-10-26 21:30:00,Đại lý,NV11,Đã giao
DH006678,KH0233,2025-10-26 21:42:00,Showroom,NV02,Đã giao
DH001488,KH0166,2025-10-26 22:14:00,Đại lý,NV30,Đang xử lý
DH010410,KH0391,2025-10-26 22:16:00,Đại lý,NV22,Đã giao
DH000396,KH0354,2025-10-26 23:39:00,TMĐT - Tiki,NV13,Đã giao
DH006708,KH0197,2025-10-27 03:37:00,TMĐT - Tiki,NV29,Mới
DH006877,KH0370,2025-10-27 04:17:00,TMĐT - Shopee,NV16,Đã giao
DH005339,KH0281,2025-10-27 04:35:00,TMĐT - Shopee,NV27,Đã giao
DH004488,KH0365,2025-10-27 06:05:00,TMĐT - Tiki,NV19,Đã hủy
DH001098,KH0239,2025-10-27 08:47:00,Đại lý,NV04,Đã hủy
DH000021,KH0155,2025-10-27 09:00:00,Đại lý,NV17,Đã giao
DH009117,KH0047,2025-10-27 09:41:00,TMĐT - Lazada,NV21,Trả hàng
DH007765,KH0445,2025-10-27 10:15:00,TMĐT - Tiki,NV30,Đã giao
DH001799,KH0239,2025-10-27 10:20:00,TMĐT - Lazada,NV06,Đã giao
DH011707,KH0035,2025-10-27 11:26:00,TMĐT - Tiki,NV05,Đã giao
DH004493,KH0155,2025-10-27 12:11:00,Đại lý,NV01,Đã giao
DH010516,KH0447,2025-10-27 13:26:00,Đại lý,NV17,Đã giao
DH005183,KH0396,2025-10-27 14:38:00,Bán lẻ trực tiếp,NV24,Đang xử lý
DH001227,KH0276,2025-10-27 15:14:00,Bán lẻ trực tiếp,NV24,Đã giao
DH009603,KH0447,2025-10-27 19:36:00,Showroom,NV15,Trả hàng
DH009931,KH0091,2025-10-27 20:48:00,TMĐT - Tiki,NV28,Đã giao
DH007539,KH0150,2025-10-27 20:50:00,Showroom,NV16,Đang xử lý
DH005943,KH0122,2025-10-28 00:24:00,TMĐT - Tiki,NV25,Đã giao
DH000976,KH0365,2025-10-28 01:46:00,Bán lẻ trực tiếp,NV18,Đã hủy
DH008921,KH0248,2025-10-28 02:28:00,TMĐT - Tiki,NV10,Đang xử lý
DH008130,KH0239,2025-10-28 02:59:00,TMĐT - Shopee,NV16,Đã giao
DH008644,KH0179,2025-10-28 04:17:00,Bán lẻ trực tiếp,NV25,Đã giao
DH010915,KH0293,2025-10-28 06:00:00,Bán lẻ trực tiếp,NV01,Đã giao
DH010995,KH0374,2025-10-28 06:14:00,TMĐT - Lazada,NV04,Đang xử lý
DH006726,KH0034,2025-10-28 06:44:00,TMĐT - Shopee,NV24,Đã giao
DH011991,KH0135,2025-10-28 08:35:00,Đại lý,NV01,Đã giao
DH002488,KH0035,2025-10-28 10:01:00,Bán lẻ trực tiếp,NV14,Đã giao
DH009192,KH0249,2025-10-28 10:40:00,TMĐT - Tiki,NV22,Đã giao
DH004662,KH0155,2025-10-28 10:50:00,TMĐT - Shopee,NV18,Đã giao
DH004157,KH0319,2025-10-28 11:12:00,Đại lý,NV29,Đã giao
DH009786,KH0227,2025-10-28 13:30:00,TMĐT - Tiki,NV07,Đã giao
DH010246,KH0037,2025-10-28 13:52:00,TMĐT - Shopee,NV10,Đã giao
DH007684,KH0257,2025-10-28 16:22:00,TMĐT - Lazada,NV26,Đã giao
DH006279,KH0411,2025-10-28 16:33:00,Showroom,NV14,Đã giao
DH002922,KH0077,2025-10-28 16:42:00,TMĐT - Tiki,NV22,Đã giao
DH008545,KH0012,2025-10-28 17:27:00,Bán lẻ trực tiếp,NV03,Đã giao
DH010272,KH0306,2025-10-28 18:08:00,TMĐT - Shopee,NV20,Đã giao
DH005753,KH0034,2025-10-28 19:34:00,TMĐT - Lazada,NV04,Đang xử lý
DH006881,KH0442,2025-10-28 22:50:00,Showroom,NV29,Đã giao
DH006428,KH0023,2025-10-28 23:36:00,Showroom,NV21,Đã giao
DH000635,KH0327,2025-10-29 01:07:00,TMĐT - Tiki,NV08,Đã giao
DH006126,KH0140,2025-10-29 03:54:00,TMĐT - Lazada,NV16,Đã giao
DH009865,KH0268,2025-10-29 04:26:00,TMĐT - Shopee,NV20,Đang xử lý
DH001265,KH0314,2025-10-29 04:54:00,TMĐT - Tiki,NV03,Đã giao
DH011761,KH0447,2025-10-29 06:24:00,Showroom,NV27,Trả hàng
DH009145,KH0442,2025-10-29 06:50:00,TMĐT - Tiki,NV18,Đã giao
DH005571,KH0428,2025-10-29 07:05:00,TMĐT - Tiki,NV30,Đã hủy
DH007659,KH0402,2025-10-29 09:39:00,TMĐT - Shopee,NV26,Đã giao
DH009930,KH0236,2025-10-29 10:37:00,Đại lý,NV29,Đã giao
DH001155,KH0298,2025-10-29 12:30:00,TMĐT - Shopee,NV19,Đã giao
DH001508,KH0297,2025-10-29 14:00:00,TMĐT - Tiki,NV04,Đã giao
DH009592,KH0314,2025-10-29 15:43:00,TMĐT - Shopee,NV21,Mới
DH006947,KH0155,2025-10-29 17:18:00,Đại lý,NV16,Đã giao
DH009836,KH0215,2025-10-29 20:10:00,TMĐT - Lazada,NV07,Đã giao
DH001748,KH0016,2025-10-29 20:34:00,Đại lý,NV21,Đã giao
DH006466,KH0356,2025-10-29 21:51:00,Đại lý,NV15,Đã giao
DH011103,KH0119,2025-10-29 22:34:00,Đại lý,NV16,Đã giao
DH007766,KH0122,2025-10-29 23:03:00,TMĐT - Tiki,NV06,Đã giao
DH003008,KH0184,2025-10-29 23:29:00,Showroom,NV09,Đã giao
DH008608,KH0253,2025-10-29 23:58:00,TMĐT - Lazada,NV05,Đã giao
DH003176,KH0306,2025-10-30 00:17:00,Bán lẻ trực tiếp,NV08,Đã giao
DH004626,KH0065,2025-10-30 00:31:00,Bán lẻ trực tiếp,NV17,Đã giao
DH009283,KH0189,2025-10-30 00:34:00,TMĐT - Lazada,NV19,Đã giao
DH010561,KH0384,2025-10-30 03:59:00,TMĐT - Tiki,NV07,Đã giao
DH007030,KH0140,2025-10-30 04:06:00,TMĐT - Tiki,NV21,Đã giao
DH011689,KH0070,2025-10-30 08:18:00,Showroom,NV18,Đã giao
DH004793,KH0035,2025-10-30 08:29:00,Bán lẻ trực tiếp,NV30,Đã giao
DH001872,KH0367,2025-10-30 09:38:00,Đại lý,NV03,Đã giao
DH009771,KH0322,2025-10-30 09:46:00,TMĐT - Shopee,NV15,Mới
DH004403,KH0241,2025-10-30 09:59:00,Showroom,NV16,Đã giao
DH005562,KH0421,2025-10-30 13:05:00,TMĐT - Tiki,NV22,Đã giao
DH009791,KH0246,2025-10-30 13:53:00,TMĐT - Tiki,NV01,Đang xử lý
DH006228,KH0002,2025-10-30 15:11:00,Showroom,NV29,Mới
DH004892,KH0448,2025-10-30 15:11:00,TMĐT - Tiki,NV27,Đã giao
DH002179,KH0262,2025-10-30 15:51:00,TMĐT - Lazada,NV29,Đã giao
DH002088,KH0412,2025-10-30 17:11:00,Đại lý,NV24,Đã giao
DH003962,KH0154,2025-10-30 19:13:00,TMĐT - Lazada,NV26,Đã giao
DH011984,KH0227,2025-10-30 20:22:00,TMĐT - Lazada,NV26,Đã hủy
DH007116,KH0242,2025-10-30 20:54:00,TMĐT - Lazada,NV26,Đã hủy
DH004484,KH0365,2025-10-30 22:25:00,Bán lẻ trực tiếp,NV06,Đã giao
DH004061,KH0055,2025-10-31 01:49:00,TMĐT - Shopee,NV13,Đã giao
DH007134,KH0155,2025-10-31 02:06:00,Showroom,NV14,Đã giao
DH003193,KH0183,2025-10-31 02:17:00,TMĐT - Lazada,NV13,Đã giao
DH000142,KH0391,2025-10-31 05:24:00,Showroom,NV29,Đã giao
DH006101,KH0053,2025-10-31 05:55:00,Đại lý,NV24,Đã giao
DH002499,KH0367,2025-10-31 09:00:00,Đại lý,NV30,Đã giao
DH010926,KH0384,2025-10-31 09:27:00,Bán lẻ trực tiếp,NV27,Đã giao
DH010984,KH0077,2025-10-31 10:02:00,TMĐT - Tiki,NV07,Đã giao
DH010511,KH0342,2025-10-31 13:55:00,TMĐT - Lazada,NV12,Đã giao
DH007635,KH0018,2025-10-31 14:28:00,Bán lẻ trực tiếp,NV07,Đã giao
DH007139,KH0128,2025-10-31 14:43:00,Bán lẻ trực tiếp,NV20,Đã giao
DH011227,KH0035,2025-10-31 17:06:00,Đại lý,NV06,Đang xử lý
DH008430,KH0184,2025-11-01 00:21:00,TMĐT - Lazada,NV02,Đã giao
DH007137,KH0337,2025-11-01 04:21:00,TMĐT - Tiki,NV08,Đã giao
DH008420,KH0274,2025-11-01 04:34:00,TMĐT - Tiki,NV21,Đã giao
DH008709,KH0407,2025-11-01 06:19:00,TMĐT - Lazada,NV22,Đã giao
DH005224,KH0089,2025-11-01 06:38:00,TMĐT - Shopee,NV09,Đã giao
DH000346,KH0432,2025-11-01 07:27:00,Đại lý,NV21,Đã giao
DH001406,KH0405,2025-11-01 08:50:00,TMĐT - Shopee,NV28,Đã giao
DH011650,KH0446,2025-11-01 12:27:00,Showroom,NV11,Đã giao
DH000795,KH0449,2025-11-01 15:22:00,Đại lý,NV08,Đã giao
DH011586,KH0268,2025-11-01 15:44:00,Showroom,NV28,Đã hủy
DH008464,KH0135,2025-11-01 18:17:00,TMĐT - Tiki,NV16,Đã giao
DH002457,KH0311,2025-11-01 18:53:00,TMĐT - Lazada,NV21,Đã giao
DH002159,KH0212,2025-11-01 21:32:00,TMĐT - Shopee,NV26,Trả hàng
DH004897,KH0324,2025-11-01 22:36:00,Showroom,NV11,Đã giao
DH003029,KH0439,2025-11-01 23:10:00,TMĐT - Shopee,NV06,Mới
DH009642,KH0140,2025-11-02 01:39:00,TMĐT - Tiki,NV26,Đã giao
DH003618,KH0262,2025-11-02 03:33:00,TMĐT - Shopee,NV30,Đang xử lý
DH002388,KH0037,2025-11-02 03:34:00,TMĐT - Lazada,NV24,Đã giao
DH002374,KH0198,2025-11-02 04:15:00,Đại lý,NV14,Đã giao
DH003115,KH0386,2025-11-02 07:14:00,Đại lý,NV17,Đã giao
DH011868,KH0338,2025-11-02 11:04:00,Showroom,NV07,Đã giao
DH010274,KH0155,2025-11-02 11:24:00,TMĐT - Lazada,NV07,Đã giao
DH007538,KH0034,2025-11-02 12:15:00,TMĐT - Shopee,NV29,Đã giao
DH002835,KH0413,2025-11-02 14:17:00,Đại lý,NV11,Mới
DH004543,KH0155,2025-11-02 14:26:00,TMĐT - Lazada,NV24,Đã giao
DH006617,KH0257,2025-11-02 16:29:00,Bán lẻ trực tiếp,NV30,Đã giao
DH010870,KH0326,2025-11-02 19:40:00,Bán lẻ trực tiếp,NV01,Đã giao
DH010550,KH0221,2025-11-02 19:48:00,TMĐT - Shopee,NV04,Đã giao
DH001333,KH0419,2025-11-02 20:07:00,Bán lẻ trực tiếp,NV23,Đã giao
DH007460,KH0117,2025-11-02 20:44:00,Đại lý,NV16,Đã giao
DH011223,KH0056,2025-11-02 21:08:00,TMĐT - Tiki,NV17,Trả hàng
DH005710,KH0412,2025-11-02 21:28:00,TMĐT - Lazada,NV15,Đang xử lý
DH008983,KH0122,2025-11-03 01:09:00,Showroom,NV12,Đã giao
DH011829,KH0367,2025-11-03 01:47:00,TMĐT - Lazada,NV10,Đã giao
DH009654,KH0012,2025-11-03 03:35:00,Showroom,NV24,Đã giao
DH009372,KH0070,2025-11-03 04:14:00,Showroom,NV08,Đã giao
DH005302,KH0095,2025-11-03 04:59:00,Bán lẻ trực tiếp,NV14,Đã giao
DH002862,KH0385,2025-11-03 05:11:00,TMĐT - Lazada,NV29,Đã giao
DH004679,KH0227,2025-11-03 05:12:00,Đại lý,NV30,Đã giao
DH006543,KH0135,2025-11-03 06:32:00,Bán lẻ trực tiếp,NV03,Đã giao
DH010976,KH0051,2025-11-03 08:15:00,Đại lý,NV28,Đã giao
DH001166,KH0306,2025-11-03 09:29:00,Đại lý,NV06,Đang xử lý
DH009321,KH0227,2025-11-03 10:00:00,Đại lý,NV18,Đã giao
DH001938,KH0140,2025-11-03 10:01:00,Showroom,NV29,Đang xử lý
DH010232,KH0265,2025-11-03 10:05:00,TMĐT - Shopee,NV02,Đã giao
DH004699,KH0367,2025-11-03 10:37:00,TMĐT - Shopee,NV16,Đang xử lý
DH008664,KH0337,2025-11-03 10:50:00,Showroom,NV07,Mới
DH009753,KH0271,2025-11-03 10:53:00,Showroom,NV07,Đã giao
DH007866,KH0155,2025-11-03 12:22:00,Showroom,NV25,Đã giao
DH003077,KH0306,2025-11-03 17:36:00,TMĐT - Lazada,NV02,Đang xử lý
DH009019,KH0187,2025-11-03 18:13:00,TMĐT - Tiki,NV03,Đã giao
DH009121,KH0127,2025-11-03 18:14:00,Bán lẻ trực tiếp,NV27,Đang xử lý
DH001520,KH0306,2025-11-03 18:51:00,Đại lý,NV30,Đã giao
DH011833,KH0088,2025-11-03 19:44:00,Showroom,NV17,Đã giao
DH003524,KH0350,2025-11-03 19:53:00,TMĐT - Lazada,NV30,Đang xử lý
DH002924,KH0262,2025-11-03 22:17:00,TMĐT - Lazada,NV01,Đã giao
DH002591,KH0099,2025-11-03 23:42:00,TMĐT - Shopee,NV05,Đã giao
DH010770,KH0377,2025-11-04 00:19:00,Showroom,NV23,Đã hủy
DH002908,KH0242,2025-11-04 00:31:00,TMĐT - Shopee,NV11,Đã giao
DH010394,KH0391,2025-11-04 01:06:00,Bán lẻ trực tiếp,NV26,Đã giao
DH006813,KH0220,2025-11-04 02:11:00,TMĐT - Shopee,NV16,Đã giao
DH008727,KH0002,2025-11-04 02:13:00,Đại lý,NV12,Đã giao
DH002876,KH0070,2025-11-04 03:19:00,Bán lẻ trực tiếp,NV05,Đã giao
DH010938,KH0073,2025-11-04 03:56:00,TMĐT - Tiki,NV14,Đã giao
DH005479,KH0281,2025-11-04 04:59:00,TMĐT - Lazada,NV14,Đã giao
DH002702,KH0267,2025-11-04 06:38:00,TMĐT - Tiki,NV22,Đã giao
DH004492,KH0018,2025-11-04 07:02:00,TMĐT - Lazada,NV13,Đã hủy
DH003519,KH0322,2025-11-04 07:35:00,Đại lý,NV22,Đã giao
DH010659,KH0391,2025-11-04 07:37:00,TMĐT - Tiki,NV25,Đã giao
DH004957,KH0220,2025-11-04 07:40:00,Đại lý,NV12,Đã giao
DH006315,KH0394,2025-11-04 09:19:00,Showroom,NV11,Đã giao
DH009294,KH0257,2025-11-04 09:22:00,Showroom,NV02,Đã giao
DH011000,KH0011,2025-11-04 09:36:00,TMĐT - Tiki,NV28,Đã giao
DH010259,KH0262,2025-11-04 09:50:00,Showroom,NV11,Đã giao
DH011527,KH0390,2025-11-04 12:14:00,TMĐT - Tiki,NV13,Đã giao
DH011330,KH0155,2025-11-04 13:09:00,Showroom,NV11,Đã giao
DH008903,KH0034,2025-11-04 13:10:00,Showroom,NV18,Đã giao
DH007089,KH0412,2025-11-04 13:53:00,TMĐT - Shopee,NV21,Đã giao
DH005491,KH0070,2025-11-04 14:21:00,TMĐT - Tiki,NV02,Mới
DH001481,KH0155,2025-11-04 14:23:00,Bán lẻ trực tiếp,NV26,Trả hàng
DH005892,KH0155,2025-11-04 14:32:00,Đại lý,NV20,Đang xử lý
DH008450,KH0402,2025-11-04 18:10:00,TMĐT - Tiki,NV01,Đã giao
DH005703,KH0442,2025-11-04 20:36:00,TMĐT - Lazada,NV21,Đã giao
DH010547,KH0215,2025-11-04 20:44:00,Bán lẻ trực tiếp,NV19,Đã giao
DH003843,KH0049,2025-11-04 22:49:00,TMĐT - Shopee,NV04,Đã hủy
DH003502,KH0447,2025-11-04 23:13:00,Bán lẻ trực tiếp,NV21,Đang xử lý
DH005399,KH0052,2025-11-05 01:05:00,Showroom,NV11,Đã giao
DH004012,KH0122,2025-11-05 02:55:00,Showroom,NV02,Đã giao
DH011587,KH0155,2025-11-05 03:30:00,Showroom,NV10,Đã giao
DH010648,KH0227,2025-11-05 04:01:00,TMĐT - Tiki,NV12,Mới
DH002422,KH0442,2025-11-05 05:49:00,TMĐT - Lazada,NV12,Đã giao
DH001880,KH0035,2025-11-05 06:00:00,TMĐT - Lazada,NV16,Đang xử lý
DH007524,KH0104,2025-11-05 06:13:00,TMĐT - Shopee,NV05,Đã giao
DH000737,KH0394,2025-11-05 06:19:00,TMĐT - Tiki,NV02,Đã giao
DH010737,KH0089,2025-11-05 08:27:00,Bán lẻ trực tiếp,NV02,Đã giao
DH003097,KH0268,2025-11-05 08:46:00,Showroom,NV10,Đã giao
DH005214,KH0447,2025-11-05 09:09:00,TMĐT - Tiki,NV01,Trả hàng
DH005709,KH0446,2025-11-05 09:29:00,TMĐT - Tiki,NV09,Đã giao
DH000071,KH0229,2025-11-05 09:44:00,TMĐT - Shopee,NV22,Đã giao
DH005370,KH0403,2025-11-05 09:53:00,TMĐT - Tiki,NV14,Mới
DH009730,KH0242,2025-11-05 10:15:00,TMĐT - Lazada,NV26,Đã giao
DH004717,KH0227,2025-11-05 10:24:00,Đại lý,NV11,Đã giao
DH004932,KH0155,2025-11-05 10:59:00,Bán lẻ trực tiếp,NV23,Đã giao
DH009815,KH0029,2025-11-05 13:49:00,TMĐT - Shopee,NV17,Đã giao
DH011666,KH0052,2025-11-05 17:21:00,Đại lý,NV27,Mới
DH010146,KH0262,2025-11-05 17:25:00,TMĐT - Lazada,NV15,Đã giao
DH009469,KH0262,2025-11-05 18:52:00,Đại lý,NV29,Đang xử lý
DH002680,KH0120,2025-11-05 20:01:00,Bán lẻ trực tiếp,NV16,Đã giao
DH004310,KH0017,2025-11-05 21:17:00,Đại lý,NV23,Đã hủy
DH000376,KH0276,2025-11-05 23:46:00,TMĐT - Lazada,NV22,Đã giao
DH006960,KH0362,2025-11-06 00:23:00,TMĐT - Tiki,NV24,Đã giao
DH006090,KH0140,2025-11-06 00:24:00,TMĐT - Tiki,NV12,Đang xử lý
DH009904,KH0171,2025-11-06 01:51:00,TMĐT - Lazada,NV27,Đã giao
DH007871,KH0262,2025-11-06 04:37:00,TMĐT - Shopee,NV21,Đã giao
DH001213,KH0291,2025-11-06 04:47:00,TMĐT - Tiki,NV08,Đã giao
DH007435,KH0386,2025-11-06 04:59:00,TMĐT - Tiki,NV25,Đang xử lý
DH004107,KH0001,2025-11-06 05:59:00,TMĐT - Tiki,NV22,Đã giao
DH008982,KH0070,2025-11-06 07:22:00,TMĐT - Tiki,NV03,Đã giao
DH000965,KH0433,2025-11-06 08:43:00,TMĐT - Shopee,NV08,Đã giao
DH002531,KH0259,2025-11-06 09:10:00,TMĐT - Tiki,NV26,Đã giao
DH000593,KH0151,2025-11-06 10:14:00,Showroom,NV30,Đã giao
DH003856,KH0213,2025-11-06 11:26:00,Showroom,NV27,Đã giao
DH006996,KH0140,2025-11-06 11:29:00,TMĐT - Tiki,NV26,Đã giao
DH003887,KH0306,2025-11-06 11:41:00,Đại lý,NV28,Đã giao
DH004920,KH0296,2025-11-06 11:42:00,TMĐT - Lazada,NV10,Trả hàng
DH005835,KH0044,2025-11-06 16:36:00,Bán lẻ trực tiếp,NV02,Đã giao
DH001614,KH0026,2025-11-06 16:51:00,Đại lý,NV20,Đã giao
DH002361,KH0094,2025-11-06 20:18:00,Bán lẻ trực tiếp,NV17,Đã giao
DH005597,KH0447,2025-11-06 20:37:00,TMĐT - Shopee,NV26,Đã giao
DH005692,KH0230,2025-11-06 21:48:00,Showroom,NV05,Đã giao
DH009013,KH0155,2025-11-07 02:30:00,TMĐT - Lazada,NV29,Đang xử lý
DH010187,KH0327,2025-11-07 02:36:00,TMĐT - Lazada,NV19,Đã giao
DH007940,KH0409,2025-11-07 03:47:00,Đại lý,NV29,Trả hàng
DH001203,KH0246,2025-11-07 03:52:00,Showroom,NV10,Trả hàng
DH000097,KH0366,2025-11-07 07:02:00,TMĐT - Shopee,NV13,Đã giao
DH005603,KH0035,2025-11-07 08:07:00,Showroom,NV22,Đang xử lý
DH002716,KH0409,2025-11-07 08:11:00,TMĐT - Tiki,NV15,Đang xử lý
DH001643,KH0242,2025-11-07 09:27:00,Đại lý,NV20,Trả hàng
DH001217,KH0002,2025-11-07 09:36:00,Showroom,NV13,Đã giao
DH007715,KH0128,2025-11-07 09:56:00,Đại lý,NV03,Đã giao
DH002608,KH0241,2025-11-07 11:13:00,TMĐT - Tiki,NV27,Đã giao
DH010531,KH0114,2025-11-07 11:38:00,Đại lý,NV24,Đã giao
DH011717,KH0365,2025-11-07 11:39:00,TMĐT - Lazada,NV30,Đã giao
DH011557,KH0155,2025-11-07 12:51:00,TMĐT - Tiki,NV10,Đã giao
DH006097,KH0447,2025-11-07 14:04:00,TMĐT - Shopee,NV30,Đã giao
DH003928,KH0116,2025-11-07 15:07:00,Showroom,NV30,Đã giao
DH010358,KH0231,2025-11-07 15:08:00,Bán lẻ trực tiếp,NV28,Đã giao
DH003087,KH0086,2025-11-07 17:52:00,Đại lý,NV13,Đã giao
DH008912,KH0257,2025-11-07 18:54:00,Bán lẻ trực tiếp,NV09,Đã giao
DH003610,KH0192,2025-11-07 22:27:00,TMĐT - Lazada,NV20,Đã giao
DH005576,KH0273,2025-11-07 23:45:00,Bán lẻ trực tiếp,NV14,Đã giao
DH008789,KH0306,2025-11-08 00:00:00,Showroom,NV28,Đang xử lý
DH010860,KH0317,2025-11-08 02:22:00,TMĐT - Tiki,NV17,Đã giao
DH009003,KH0191,2025-11-08 03:08:00,Showroom,NV29,Đã giao
DH003665,KH0186,2025-11-08 03:24:00,Showroom,NV03,Đang xử lý
DH009640,KH0151,2025-11-08 03:36:00,TMĐT - Tiki,NV11,Đã giao
DH006307,KH0359,2025-11-08 04:41:00,Bán lẻ trực tiếp,NV22,Đã giao
DH006672,KH0193,2025-11-08 05:31:00,TMĐT - Lazada,NV16,Đang xử lý
DH009068,KH0009,2025-11-08 05:37:00,TMĐT - Shopee,NV30,Mới
DH004728,KH0227,2025-11-08 06:31:00,Đại lý,NV19,Đang xử lý
DH000910,KH0257,2025-11-08 07:15:00,Showroom,NV09,Trả hàng
DH003923,KH0246,2025-11-08 07:37:00,TMĐT - Lazada,NV22,Đã giao
DH005600,KH0293,2025-11-08 07:47:00,TMĐT - Lazada,NV25,Đã giao
DH008319,KH0391,2025-11-08 09:11:00,TMĐT - Shopee,NV16,Đã giao
DH008263,KH0075,2025-11-08 11:05:00,TMĐT - Tiki,NV11,Đã giao
DH005918,KH0028,2025-11-08 12:33:00,TMĐT - Tiki,NV13,Đã giao
DH010298,KH0262,2025-11-08 13:48:00,Showroom,NV05,Đã giao
DH005341,KH0389,2025-11-08 14:57:00,Đại lý,NV09,Đã giao
DH008274,KH0436,2025-11-08 17:08:00,TMĐT - Tiki,NV19,Đã giao
DH007662,KH0278,2025-11-08 19:15:00,TMĐT - Lazada,NV22,Đã giao
DH004995,KH0277,2025-11-08 19:30:00,Bán lẻ trực tiếp,NV21,Đã giao
DH009057,KH0391,2025-11-08 22:52:00,Showroom,NV14,Mới
DH011664,KH0442,2025-11-08 23:35:00,Showroom,NV22,Trả hàng
DH006668,KH0135,2025-11-09 02:50:00,TMĐT - Tiki,NV05,Đã giao
DH000265,KH0075,2025-11-09 03:00:00,TMĐT - Lazada,NV21,Đã giao
DH000973,KH0248,2025-11-09 04:01:00,TMĐT - Tiki,NV04,Đã giao
DH007228,KH0242,2025-11-09 07:00:00,TMĐT - Lazada,NV04,Đang xử lý
DH002123,KH0262,2025-11-09 08:24:00,TMĐT - Tiki,NV29,Đang xử lý
DH007398,KH0155,2025-11-09 12:24:00,TMĐT - Lazada,NV07,Mới
DH001459,KH0409,2025-11-09 13:13:00,Showroom,NV14,Đã giao
DH011695,KH0274,2025-11-09 14:01:00,TMĐT - Shopee,NV03,Đã giao
DH007390,KH0258,2025-11-09 15:21:00,TMĐT - Lazada,NV01,Mới
DH003867,KH0211,2025-11-09 18:17:00,TMĐT - Lazada,NV14,Đã giao
DH002731,KH0035,2025-11-09 18:26:00,Bán lẻ trực tiếp,NV13,Đã hủy
DH007837,KH0001,2025-11-09 18:56:00,TMĐT - Lazada,NV05,Đang xử lý
DH008666,KH0105,2025-11-09 19:47:00,TMĐT - Lazada,NV07,Đang xử lý
DH005824,KH0111,2025-11-09 20:46:00,Showroom,NV14,Đã giao
DH003182,KH0054,2025-11-09 21:16:00,Bán lẻ trực tiếp,NV18,Đã giao
DH003913,KH0374,2025-11-09 23:11:00,TMĐT - Lazada,NV22,Đã giao
DH010090,KH0328,2025-11-10 00:58:00,Showroom,NV26,Đã giao
DH009949,KH0065,2025-11-10 02:32:00,TMĐT - Lazada,NV18,Đã giao
DH011878,KH0314,2025-11-10 04:00:00,TMĐT - Lazada,NV21,Đã giao
DH011228,KH0413,2025-11-10 06:21:00,TMĐT - Lazada,NV16,Đã giao
DH010223,KH0391,2025-11-10 07:28:00,TMĐT - Lazada,NV21,Đã hủy
DH004964,KH0089,2025-11-10 07:48:00,TMĐT - Tiki,NV19,Đã giao
DH009888,KH0399,2025-11-10 08:04:00,Showroom,NV09,Đã giao
DH004917,KH0211,2025-11-10 11:05:00,TMĐT - Tiki,NV29,Đã giao
DH011440,KH0087,2025-11-10 12:56:00,Đại lý,NV09,Đã giao
DH010448,KH0249,2025-11-10 14:42:00,TMĐT - Shopee,NV02,Đã giao
DH010071,KH0071,2025-11-10 15:03:00,Đại lý,NV01,Đã giao
DH008788,KH0406,2025-11-10 16:04:00,TMĐT - Shopee,NV06,Đã giao
DH006316,KH0147,2025-11-10 16:33:00,Showroom,NV13,Đang xử lý
DH000208,KH0306,2025-11-10 16:35:00,Đại lý,NV27,Đang xử lý
DH007112,KH0012,2025-11-10 17:32:00,TMĐT - Tiki,NV08,Đã giao
DH007080,KH0306,2025-11-10 17:45:00,Bán lẻ trực tiếp,NV29,Trả hàng
DH010627,KH0227,2025-11-10 18:59:00,Đại lý,NV03,Đã hủy
DH005631,KH0377,2025-11-10 20:14:00,TMĐT - Tiki,NV27,Đã giao
DH009225,KH0349,2025-11-11 01:44:00,TMĐT - Lazada,NV10,Đã giao
DH008284,KH0262,2025-11-11 01:56:00,Showroom,NV10,Đã giao
DH007439,KH0359,2025-11-11 05:13:00,Showroom,NV11,Đã giao
DH006226,KH0413,2025-11-11 05:34:00,TMĐT - Tiki,NV12,Đã giao
DH008803,KH0412,2025-11-11 07:19:00,Showroom,NV06,Trả hàng
DH009191,KH0396,2025-11-11 07:32:00,Showroom,NV23,Đã giao
DH005091,KH0366,2025-11-11 09:54:00,TMĐT - Tiki,NV01,Đã hủy
DH009837,KH0227,2025-11-11 12:45:00,Đại lý,NV25,Đã giao
DH005899,KH0189,2025-11-11 13:07:00,TMĐT - Shopee,NV03,Đã giao
DH000043,KH0234,2025-11-11 15:55:00,TMĐT - Shopee,NV15,Đã giao
DH004168,KH0200,2025-11-11 16:16:00,TMĐT - Lazada,NV25,Đã giao
DH010909,KH0314,2025-11-11 17:02:00,Bán lẻ trực tiếp,NV29,Đã giao
DH004566,KH0002,2025-11-11 17:56:00,TMĐT - Lazada,NV25,Đã giao
DH009800,KH0249,2025-11-11 19:31:00,TMĐT - Tiki,NV06,Đã giao
DH008138,KH0367,2025-11-11 22:43:00,TMĐT - Lazada,NV04,Đã giao
DH000372,KH0382,2025-11-12 01:02:00,Showroom,NV01,Đã giao
DH010658,KH0053,2025-11-12 01:13:00,TMĐT - Lazada,NV13,Đã giao
DH008408,KH0367,2025-11-12 02:31:00,TMĐT - Lazada,NV04,Đang xử lý
DH002706,KH0368,2025-11-12 03:57:00,TMĐT - Shopee,NV09,Đã giao
DH000696,KH0063,2025-11-12 04:23:00,Đại lý,NV25,Đã giao
DH006427,KH0391,2025-11-12 05:13:00,TMĐT - Tiki,NV30,Trả hàng
DH006178,KH0227,2025-11-12 05:15:00,Bán lẻ trực tiếp,NV14,Đang xử lý
DH010283,KH0113,2025-11-12 05:33:00,TMĐT - Tiki,NV16,Đã giao
DH008821,KH0245,2025-11-12 08:09:00,TMĐT - Tiki,NV11,Mới
DH000684,KH0344,2025-11-12 09:29:00,TMĐT - Shopee,NV19,Đã giao
DH006850,KH0034,2025-11-12 09:41:00,TMĐT - Lazada,NV01,Đã giao
DH003604,KH0241,2025-11-12 11:49:00,TMĐT - Shopee,NV11,Đã giao
DH003890,KH0448,2025-11-12 12:55:00,TMĐT - Tiki,NV22,Mới
DH001653,KH0273,2025-11-12 15:20:00,TMĐT - Shopee,NV16,Đã giao
DH010571,KH0116,2025-11-12 15:58:00,TMĐT - Lazada,NV17,Đã giao
DH010497,KH0035,2025-11-12 16:18:00,Showroom,NV24,Đã giao
DH000342,KH0447,2025-11-12 17:03:00,TMĐT - Shopee,NV20,Đã giao
DH010960,KH0204,2025-11-12 22:39:00,TMĐT - Lazada,NV19,Đã giao
DH004690,KH0243,2025-11-12 23:15:00,Showroom,NV04,Đã giao
DH008270,KH0155,2025-11-13 00:47:00,Bán lẻ trực tiếp,NV09,Đã giao
DH005362,KH0173,2025-11-13 02:06:00,Bán lẻ trực tiếp,NV13,Đang xử lý
DH002635,KH0113,2025-11-13 03:12:00,TMĐT - Lazada,NV23,Trả hàng
DH007512,KH0070,2025-11-13 03:22:00,TMĐT - Shopee,NV10,Đã giao
DH000465,KH0314,2025-11-13 05:41:00,Showroom,NV27,Đang xử lý
DH010943,KH0103,2025-11-13 06:00:00,TMĐT - Lazada,NV07,Đã giao
DH010640,KH0035,2025-11-13 07:02:00,TMĐT - Lazada,NV15,Đã giao
DH007555,KH0166,2025-11-13 07:36:00,Bán lẻ trực tiếp,NV30,Đã giao
DH004226,KH0042,2025-11-13 08:07:00,TMĐT - Shopee,NV13,Đã giao
DH007633,KH0327,2025-11-13 08:36:00,TMĐT - Tiki,NV28,Đã hủy
DH000461,KH0341,2025-11-13 10:03:00,TMĐT - Tiki,NV05,Đã giao
DH000636,KH0406,2025-11-13 11:29:00,Đại lý,NV27,Đã giao
DH009979,KH0447,2025-11-13 11:52:00,TMĐT - Lazada,NV12,Đã giao
DH010740,KH0194,2025-11-13 12:39:00,Bán lẻ trực tiếp,NV14,Đã giao
DH003108,KH0262,2025-11-13 12:44:00,Đại lý,NV18,Đã giao
DH003520,KH0325,2025-11-13 12:49:00,TMĐT - Lazada,NV13,Đã giao
DH011659,KH0422,2025-11-13 13:57:00,Bán lẻ trực tiếp,NV19,Đã giao
DH011799,KH0258,2025-11-13 14:26:00,TMĐT - Tiki,NV26,Đã giao
DH008421,KH0217,2025-11-13 14:44:00,TMĐT - Shopee,NV04,Trả hàng
DH011520,KH0218,2025-11-13 16:10:00,Bán lẻ trực tiếp,NV07,Đã giao
DH009879,KH0141,2025-11-13 16:28:00,TMĐT - Lazada,NV03,Mới
DH010872,KH0055,2025-11-13 16:59:00,TMĐT - Lazada,NV23,Đã giao
DH011456,KH0430,2025-11-13 17:36:00,TMĐT - Lazada,NV16,Đã hủy
DH009178,KH0179,2025-11-13 18:16:00,Đại lý,NV02,Đang xử lý
DH001632,KH0262,2025-11-13 20:48:00,Đại lý,NV19,Đã giao
DH007553,KH0051,2025-11-13 21:03:00,TMĐT - Lazada,NV29,Mới
DH003816,KH0359,2025-11-14 00:20:00,Đại lý,NV01,Đã giao
DH001123,KH0248,2025-11-14 02:15:00,Bán lẻ trực tiếp,NV18,Đã giao
DH002139,KH0239,2025-11-14 02:21:00,TMĐT - Shopee,NV08,Đang xử lý
DH001025,KH0179,2025-11-14 03:52:00,TMĐT - Tiki,NV02,Đã giao
DH009789,KH0010,2025-11-14 04:23:00,TMĐT - Lazada,NV19,Đã giao
DH011452,KH0227,2025-11-14 06:56:00,Đại lý,NV04,Đã giao
DH011505,KH0306,2025-11-14 07:06:00,TMĐT - Tiki,NV15,Đã giao
DH007745,KH0063,2025-11-14 12:21:00,Bán lẻ trực tiếp,NV06,Trả hàng
DH008603,KH0306,2025-11-14 13:01:00,Đại lý,NV26,Đã giao
DH001693,KH0141,2025-11-14 13:43:00,TMĐT - Tiki,NV13,Đã giao
DH003641,KH0140,2025-11-14 13:49:00,Bán lẻ trực tiếp,NV22,Mới
DH010261,KH0402,2025-11-14 15:02:00,TMĐT - Lazada,NV30,Đã giao
DH010590,KH0140,2025-11-14 18:40:00,TMĐT - Lazada,NV25,Đang xử lý
DH011512,KH0412,2025-11-14 19:19:00,TMĐT - Lazada,NV22,Đã giao
DH003766,KH0140,2025-11-14 20:38:00,TMĐT - Tiki,NV21,Trả hàng
DH001724,KH0070,2025-11-14 22:42:00,Showroom,NV22,Đã giao
DH007844,KH0315,2025-11-15 00:19:00,Bán lẻ trực tiếp,NV19,Đã giao
DH001073,KH0367,2025-11-15 02:00:00,Showroom,NV28,Đang xử lý
DH003929,KH0198,2025-11-15 02:30:00,Bán lẻ trực tiếp,NV24,Đã giao
DH011432,KH0134,2025-11-15 03:12:00,TMĐT - Tiki,NV30,Đã giao
DH003925,KH0212,2025-11-15 03:34:00,Bán lẻ trực tiếp,NV01,Đã giao
DH004412,KH0052,2025-11-15 03:42:00,Showroom,NV17,Đã giao
DH005636,KH0222,2025-11-15 04:01:00,TMĐT - Tiki,NV17,Đã giao
DH005398,KH0155,2025-11-15 04:45:00,TMĐT - Tiki,NV12,Đã giao
DH001612,KH0179,2025-11-15 07:23:00,TMĐT - Tiki,NV23,Đã giao
DH008495,KH0442,2025-11-15 08:01:00,TMĐT - Tiki,NV22,Đã giao
DH005271,KH0199,2025-11-15 08:31:00,TMĐT - Shopee,NV13,Đã giao
DH009566,KH0262,2025-11-15 09:16:00,Bán lẻ trực tiếp,NV30,Đã giao
DH003383,KH0391,2025-11-15 13:14:00,TMĐT - Lazada,NV05,Đã giao
DH000548,KH0314,2025-11-15 13:15:00,TMĐT - Shopee,NV30,Đã giao
DH010169,KH0305,2025-11-15 13:35:00,TMĐT - Shopee,NV07,Đã giao
DH004175,KH0081,2025-11-15 13:35:00,Đại lý,NV13,Đã giao
DH003630,KH0267,2025-11-15 17:11:00,TMĐT - Lazada,NV01,Đã giao
DH005701,KH0306,2025-11-15 17:44:00,TMĐT - Tiki,NV06,Đã giao
DH001536,KH0428,2025-11-15 18:07:00,TMĐT - Lazada,NV17,Đã giao
DH006213,KH0155,2025-11-15 18:25:00,Bán lẻ trực tiếp,NV03,Đã giao
DH004261,KH0207,2025-11-15 18:55:00,Showroom,NV27,Đã giao
DH009857,KH0262,2025-11-15 19:17:00,TMĐT - Lazada,NV23,Đã giao
DH007999,KH0126,2025-11-15 19:28:00,Đại lý,NV13,Đã giao
DH000832,KH0241,2025-11-15 21:06:00,TMĐT - Lazada,NV22,Đã giao
DH002796,KH0325,2025-11-15 21:07:00,Đại lý,NV29,Đã giao
DH007783,KH0323,2025-11-15 23:26:00,TMĐT - Tiki,NV19,Đã giao
DH006440,KH0201,2025-11-16 02:13:00,Bán lẻ trực tiếp,NV21,Đã giao
DH008443,KH0253,2025-11-16 02:41:00,TMĐT - Shopee,NV02,Đã giao
DH000299,KH0262,2025-11-16 03:22:00,Showroom,NV12,Đã giao
DH009916,KH0155,2025-11-16 04:53:00,Showroom,NV09,Đang xử lý
DH001074,KH0003,2025-11-16 04:55:00,TMĐT - Shopee,NV09,Đã giao
DH002358,KH0297,2025-11-16 05:29:00,TMĐT - Shopee,NV13,Đang xử lý
DH004736,KH0413,2025-11-16 06:26:00,Bán lẻ trực tiếp,NV17,Đã giao
DH010230,KH0154,2025-11-16 07:05:00,TMĐT - Shopee,NV18,Đã giao
DH003635,KH0391,2025-11-16 07:16:00,Showroom,NV17,Đã giao
DH004086,KH0402,2025-11-16 08:32:00,Đại lý,NV04,Đã giao
DH006760,KH0306,2025-11-16 11:15:00,TMĐT - Tiki,NV16,Đã giao
DH005934,KH0390,2025-11-16 12:27:00,Đại lý,NV30,Đã giao
DH002585,KH0157,2025-11-16 15:34:00,TMĐT - Shopee,NV23,Đã giao
DH005529,KH0105,2025-11-16 15:35:00,TMĐT - Tiki,NV30,Đã giao
DH002411,KH0353,2025-11-16 21:23:00,TMĐT - Tiki,NV14,Trả hàng
DH003875,KH0196,2025-11-16 22:28:00,Bán lẻ trực tiếp,NV16,Đang xử lý
DH000369,KH0035,2025-11-16 23:15:00,Đại lý,NV05,Đã giao
DH002629,KH0183,2025-11-16 23:48:00,TMĐT - Shopee,NV07,Đã giao
DH000408,KH0314,2025-11-17 01:21:00,TMĐT - Shopee,NV14,Đã giao
DH007334,KH0429,2025-11-17 01:23:00,Bán lẻ trực tiếp,NV19,Đã giao
DH005065,KH0314,2025-11-17 02:36:00,Bán lẻ trực tiếp,NV15,Đã giao
DH010802,KH0108,2025-11-17 04:05:00,Đại lý,NV27,Đã giao
DH005118,KH0391,2025-11-17 05:07:00,Showroom,NV23,Đã giao
DH003431,KH0285,2025-11-17 07:24:00,TMĐT - Tiki,NV01,Đang xử lý
DH006549,KH0442,2025-11-17 08:31:00,Bán lẻ trực tiếp,NV30,Đã giao
DH007199,KH0175,2025-11-17 08:44:00,Đại lý,NV08,Đang xử lý
DH001959,KH0242,2025-11-17 08:44:00,Bán lẻ trực tiếp,NV13,Mới
DH004026,KH0409,2025-11-17 11:01:00,Showroom,NV10,Đang xử lý
DH010459,KH0227,2025-11-17 11:31:00,Showroom,NV05,Đã giao
DH011193,KH0391,2025-11-17 15:00:00,TMĐT - Shopee,NV14,Đã giao
DH003468,KH0155,2025-11-17 15:08:00,TMĐT - Tiki,NV25,Đã giao
DH005009,KH0330,2025-11-17 15:11:00,Showroom,NV03,Đã giao
DH004251,KH0442,2025-11-17 21:24:00,TMĐT - Lazada,NV14,Đã giao
DH005936,KH0054,2025-11-17 22:06:00,Bán lẻ trực tiếp,NV03,Đã giao
DH001636,KH0193,2025-11-17 22:30:00,TMĐT - Shopee,NV11,Mới
DH004294,KH0359,2025-11-17 22:41:00,TMĐT - Shopee,NV13,Đã hủy
DH010431,KH0138,2025-11-17 23:59:00,TMĐT - Lazada,NV22,Đã giao
DH006464,KH0070,2025-11-18 00:42:00,TMĐT - Shopee,NV18,Trả hàng
DH004445,KH0140,2025-11-18 01:52:00,Đại lý,NV15,Đã giao
DH008676,KH0448,2025-11-18 02:33:00,Bán lẻ trực tiếp,NV30,Đã giao
DH011941,KH0135,2025-11-18 02:42:00,TMĐT - Lazada,NV09,Đang xử lý
DH001753,KH0365,2025-11-18 03:23:00,Đại lý,NV08,Đã giao
DH000975,KH0047,2025-11-18 05:41:00,Bán lẻ trực tiếp,NV23,Đã giao
DH010896,KH0135,2025-11-18 06:23:00,TMĐT - Tiki,NV25,Đã hủy
DH005583,KH0157,2025-11-18 07:03:00,Đại lý,NV08,Đã giao
DH008605,KH0337,2025-11-18 07:33:00,TMĐT - Tiki,NV03,Đã giao
DH010117,KH0113,2025-11-18 07:37:00,TMĐT - Tiki,NV03,Đang xử lý
DH009717,KH0063,2025-11-18 08:15:00,TMĐT - Shopee,NV28,Đã giao
DH000655,KH0447,2025-11-18 09:28:00,Showroom,NV06,Đã giao
DH003376,KH0212,2025-11-18 10:16:00,TMĐT - Shopee,NV26,Mới
DH008299,KH0262,2025-11-18 10:55:00,TMĐT - Tiki,NV10,Đã hủy
DH004328,KH0155,2025-11-18 11:04:00,TMĐT - Shopee,NV07,Đã giao
DH006491,KH0349,2025-11-18 11:24:00,Bán lẻ trực tiếp,NV12,Đã giao
DH008222,KH0391,2025-11-18 11:52:00,Đại lý,NV09,Đã giao
DH002429,KH0002,2025-11-18 15:34:00,TMĐT - Shopee,NV03,Đã giao
DH004433,KH0262,2025-11-18 15:39:00,Đại lý,NV08,Đã giao
DH007982,KH0200,2025-11-18 16:46:00,Showroom,NV30,Đã giao
DH003311,KH0391,2025-11-18 16:48:00,TMĐT - Tiki,NV12,Đã giao
DH010206,KH0148,2025-11-18 17:14:00,Đại lý,NV01,Đã giao
DH003314,KH0114,2025-11-18 17:51:00,TMĐT - Shopee,NV25,Đã giao
DH008706,KH0122,2025-11-18 18:39:00,TMĐT - Lazada,NV11,Trả hàng
DH009506,KH0035,2025-11-18 19:00:00,Đại lý,NV15,Đã giao
DH005160,KH0250,2025-11-18 19:01:00,TMĐT - Shopee,NV01,Đã giao
DH008397,KH0127,2025-11-18 20:04:00,Showroom,NV21,Đã giao
DH000537,KH0314,2025-11-19 01:08:00,TMĐT - Tiki,NV09,Đã giao
DH010575,KH0088,2025-11-19 03:42:00,Showroom,NV06,Đã giao
DH009649,KH0325,2025-11-19 04:02:00,TMĐT - Tiki,NV16,Đã giao
DH001889,KH0037,2025-11-19 05:12:00,TMĐT - Tiki,NV23,Mới
DH006462,KH0229,2025-11-19 06:27:00,Showroom,NV04,Trả hàng
DH000436,KH0076,2025-11-19 06:33:00,Showroom,NV01,Đã hủy
DH005552,KH0326,2025-11-19 06:37:00,TMĐT - Tiki,NV15,Đã giao
DH011641,KH0275,2025-11-19 08:05:00,TMĐT - Tiki,NV25,Đã giao
DH008028,KH0265,2025-11-19 09:04:00,TMĐT - Shopee,NV24,Đã giao
DH008560,KH0353,2025-11-19 09:09:00,TMĐT - Lazada,NV20,Đã giao
DH001381,KH0227,2025-11-19 09:36:00,TMĐT - Shopee,NV17,Mới
DH008341,KH0140,2025-11-19 10:50:00,Showroom,NV05,Đã giao
DH004359,KH0345,2025-11-19 10:55:00,Showroom,NV13,Đã giao
DH003997,KH0052,2025-11-19 12:03:00,TMĐT - Shopee,NV13,Đã giao
DH002798,KH0307,2025-11-19 15:42:00,TMĐT - Tiki,NV05,Đã giao
DH001453,KH0446,2025-11-19 16:18:00,Bán lẻ trực tiếp,NV30,Đã giao
DH007110,KH0248,2025-11-19 17:14:00,Bán lẻ trực tiếp,NV17,Đã giao
DH011632,KH0265,2025-11-19 18:11:00,Đại lý,NV13,Đã hủy
DH005267,KH0314,2025-11-19 23:08:00,TMĐT - Lazada,NV09,Đã hủy
DH011393,KH0262,2025-11-20 00:29:00,TMĐT - Shopee,NV04,Đã giao
DH004474,KH0367,2025-11-20 00:40:00,Showroom,NV25,Đã giao
DH010277,KH0034,2025-11-20 01:54:00,Showroom,NV23,Đã giao
DH001970,KH0325,2025-11-20 02:22:00,Đại lý,NV27,Đã giao
DH002319,KH0337,2025-11-20 08:13:00,TMĐT - Lazada,NV13,Đã giao
DH004845,KH0052,2025-11-20 09:17:00,Bán lẻ trực tiếp,NV23,Đã giao
DH008030,KH0262,2025-11-20 12:31:00,Showroom,NV02,Đã giao
DH008437,KH0070,2025-11-20 14:05:00,TMĐT - Lazada,NV22,Mới
DH006160,KH0198,2025-11-20 17:18:00,Đại lý,NV22,Đã giao
DH011945,KH0421,2025-11-20 17:19:00,Showroom,NV13,Đã giao
DH006599,KH0241,2025-11-20 17:47:00,TMĐT - Lazada,NV10,Đã giao
DH008347,KH0051,2025-11-20 20:44:00,Đại lý,NV30,Đã giao
DH005967,KH0419,2025-11-20 23:07:00,Bán lẻ trực tiếp,NV05,Đã giao
DH011675,KH0231,2025-11-21 00:15:00,Đại lý,NV13,Đang xử lý
DH000200,KH0442,2025-11-21 03:47:00,Bán lẻ trực tiếp,NV26,Trả hàng
DH011629,KH0051,2025-11-21 06:20:00,Bán lẻ trực tiếp,NV28,Đã giao
DH011792,KH0366,2025-11-21 07:18:00,Showroom,NV26,Đang xử lý
DH008955,KH0189,2025-11-21 10:52:00,TMĐT - Shopee,NV19,Đã giao
DH000166,KH0204,2025-11-21 11:02:00,TMĐT - Tiki,NV02,Đang xử lý
DH009236,KH0192,2025-11-21 14:42:00,Đại lý,NV01,Đã giao
DH003546,KH0391,2025-11-21 15:25:00,Đại lý,NV22,Đã giao
DH005952,KH0198,2025-11-21 15:27:00,TMĐT - Lazada,NV26,Đã giao
DH010942,KH0119,2025-11-21 16:58:00,TMĐT - Shopee,NV27,Đã giao
DH006175,KH0421,2025-11-21 17:32:00,Showroom,NV16,Đã hủy
DH003500,KH0051,2025-11-21 21:12:00,TMĐT - Shopee,NV01,Đang xử lý
DH003697,KH0041,2025-11-21 21:25:00,Showroom,NV07,Đã giao
DH005386,KH0242,2025-11-21 22:32:00,TMĐT - Lazada,NV11,Đã giao
DH009554,KH0131,2025-11-21 22:47:00,TMĐT - Shopee,NV19,Đang xử lý
DH007060,KH0255,2025-11-21 22:48:00,TMĐT - Lazada,NV19,Đã giao
DH007299,KH0204,2025-11-21 23:00:00,TMĐT - Tiki,NV29,Đã giao
DH002868,KH0173,2025-11-22 00:38:00,TMĐT - Tiki,NV20,Đã giao
DH004891,KH0159,2025-11-22 00:56:00,TMĐT - Tiki,NV11,Đã giao
DH010350,KH0442,2025-11-22 02:26:00,Bán lẻ trực tiếp,NV12,Đã giao
DH009748,KH0044,2025-11-22 02:38:00,TMĐT - Shopee,NV25,Đã giao
DH001477,KH0227,2025-11-22 03:22:00,Đại lý,NV10,Đã giao
DH005783,KH0214,2025-11-22 03:50:00,TMĐT - Lazada,NV25,Đã giao
DH009535,KH0070,2025-11-22 03:58:00,TMĐT - Tiki,NV23,Đã hủy
DH004242,KH0260,2025-11-22 08:22:00,Showroom,NV18,Mới
DH004200,KH0391,2025-11-22 09:13:00,TMĐT - Lazada,NV07,Trả hàng
DH009217,KH0412,2025-11-22 09:56:00,TMĐT - Lazada,NV01,Đã giao
DH008099,KH0194,2025-11-22 10:27:00,TMĐT - Lazada,NV19,Đã giao
DH011366,KH0257,2025-11-22 11:19:00,TMĐT - Lazada,NV24,Đã giao
DH005522,KH0297,2025-11-22 11:41:00,TMĐT - Shopee,NV20,Đã giao
DH008075,KH0248,2025-11-22 11:46:00,Đại lý,NV04,Đã giao
DH008918,KH0198,2025-11-22 12:17:00,Bán lẻ trực tiếp,NV27,Đã hủy
DH001451,KH0389,2025-11-22 12:22:00,Đại lý,NV21,Đã giao
DH003662,KH0063,2025-11-22 12:44:00,TMĐT - Tiki,NV14,Đã giao
DH009214,KH0442,2025-11-22 12:48:00,Showroom,NV08,Đang xử lý
DH003203,KH0070,2025-11-22 16:55:00,TMĐT - Lazada,NV03,Đã giao
DH005788,KH0198,2025-11-22 18:34:00,Bán lẻ trực tiếp,NV15,Đã giao
DH000451,KH0412,2025-11-22 20:36:00,Bán lẻ trực tiếp,NV13,Đã giao
DH002024,KH0229,2025-11-22 22:02:00,TMĐT - Tiki,NV25,Đang xử lý
DH011289,KH0248,2025-11-22 22:46:00,Showroom,NV19,Trả hàng
DH003106,KH0438,2025-11-22 23:01:00,TMĐT - Lazada,NV21,Đã giao
DH008839,KH0140,2025-11-22 23:03:00,Đại lý,NV08,Đã giao
DH005073,KH0391,2025-11-22 23:59:00,Showroom,NV28,Đã giao
DH001746,KH0445,2025-11-23 01:15:00,Đại lý,NV26,Đang xử lý
DH008212,KH0222,2025-11-23 02:34:00,Showroom,NV11,Đang xử lý
DH000709,KH0177,2025-11-23 03:46:00,Bán lẻ trực tiếp,NV10,Đã giao
DH007774,KH0201,2025-11-23 04:02:00,Đại lý,NV02,Đã giao
DH009737,KH0135,2025-11-23 05:14:00,TMĐT - Shopee,NV25,Đã giao
DH011117,KH0404,2025-11-23 09:07:00,TMĐT - Shopee,NV13,Đã giao
DH002030,KH0367,2025-11-23 12:03:00,Bán lẻ trực tiếp,NV10,Đã giao
DH011158,KH0442,2025-11-23 13:08:00,Bán lẻ trực tiếp,NV02,Đã giao
DH004476,KH0409,2025-11-23 14:08:00,Đại lý,NV20,Trả hàng
DH001769,KH0253,2025-11-23 14:08:00,TMĐT - Tiki,NV15,Đã giao
DH010436,KH0051,2025-11-23 15:36:00,TMĐT - Shopee,NV28,Đã giao
DH001357,KH0350,2025-11-23 15:46:00,TMĐT - Lazada,NV20,Đã giao
DH003578,KH0055,2025-11-23 16:26:00,TMĐT - Tiki,NV06,Đã giao
DH006391,KH0442,2025-11-23 23:07:00,Bán lẻ trực tiếp,NV05,Đã giao
DH007944,KH0052,2025-11-23 23:10:00,TMĐT - Shopee,NV25,Đang xử lý
DH005254,KH0303,2025-11-23 23:25:00,Đại lý,NV02,Đã giao
DH006416,KH0009,2025-11-23 23:46:00,TMĐT - Lazada,NV08,Đã giao
DH007484,KH0442,2025-11-24 00:38:00,Đại lý,NV06,Đã hủy
DH004442,KH0402,2025-11-24 01:34:00,TMĐT - Tiki,NV18,Đã giao
DH010500,KH0044,2025-11-24 02:29:00,TMĐT - Lazada,NV01,Đã hủy
DH003742,KH0002,2025-11-24 02:53:00,Đại lý,NV23,Đang xử lý
DH007786,KH0070,2025-11-24 03:53:00,Showroom,NV20,Mới
DH006833,KH0056,2025-11-24 03:58:00,TMĐT - Shopee,NV14,Đã giao
DH002447,KH0356,2025-11-24 04:07:00,TMĐT - Lazada,NV19,Đã giao
DH004497,KH0105,2025-11-24 04:28:00,TMĐT - Shopee,NV04,Đang xử lý
DH011051,KH0055,2025-11-24 07:03:00,TMĐT - Tiki,NV13,Đã giao
DH011304,KH0280,2025-11-24 07:06:00,Showroom,NV13,Đã giao
DH011883,KH0141,2025-11-24 07:50:00,TMĐT - Shopee,NV03,Đã giao
DH011842,KH0447,2025-11-24 09:30:00,Bán lẻ trực tiếp,NV29,Đã giao
DH010322,KH0275,2025-11-24 10:42:00,TMĐT - Tiki,NV25,Đã giao
DH011570,KH0447,2025-11-24 10:49:00,Đại lý,NV05,Đã giao
DH006676,KH0135,2025-11-24 12:22:00,Bán lẻ trực tiếp,NV14,Đã giao
DH011944,KH0140,2025-11-24 13:23:00,Showroom,NV29,Đã giao
DH006293,KH0442,2025-11-24 18:27:00,Showroom,NV15,Đã giao
DH003419,KH0396,2025-11-24 18:50:00,Bán lẻ trực tiếp,NV14,Đã giao
DH009481,KH0412,2025-11-24 20:49:00,Bán lẻ trực tiếp,NV27,Đã giao
DH004676,KH0252,2025-11-24 21:37:00,TMĐT - Shopee,NV01,Đang xử lý
DH000188,KH0234,2025-11-24 22:38:00,Bán lẻ trực tiếp,NV04,Đang xử lý
DH003751,KH0051,2025-11-24 22:49:00,TMĐT - Tiki,NV10,Đã giao
DH005480,KH0442,2025-11-24 23:16:00,Bán lẻ trực tiếp,NV14,Đang xử lý
DH009529,KH0095,2025-11-24 23:51:00,Bán lẻ trực tiếp,NV15,Đã giao
DH009337,KH0012,2025-11-25 00:42:00,Đại lý,NV30,Đã giao
DH000613,KH0262,2025-11-25 00:44:00,TMĐT - Tiki,NV01,Đã giao
DH011130,KH0193,2025-11-25 01:00:00,Đại lý,NV06,Đã giao
DH004683,KH0140,2025-11-25 02:12:00,Showroom,NV26,Đã giao
DH006574,KH0249,2025-11-25 02:50:00,TMĐT - Lazada,NV30,Trả hàng
DH006430,KH0412,2025-11-25 04:41:00,Showroom,NV09,Đang xử lý
DH010073,KH0115,2025-11-25 04:59:00,Bán lẻ trực tiếp,NV01,Đã giao
DH000085,KH0070,2025-11-25 06:06:00,TMĐT - Tiki,NV03,Đã giao
DH003616,KH0267,2025-11-25 06:16:00,TMĐT - Shopee,NV29,Đã hủy
DH009280,KH0220,2025-11-25 06:49:00,Showroom,NV10,Đã giao
DH007523,KH0155,2025-11-25 08:08:00,Showroom,NV22,Đã giao
DH000259,KH0288,2025-11-25 09:40:00,Bán lẻ trực tiếp,NV26,Đã giao
DH009335,KH0239,2025-11-25 09:53:00,TMĐT - Shopee,NV28,Đã giao
DH006227,KH0390,2025-11-25 10:46:00,Showroom,NV12,Đã giao
DH007425,KH0249,2025-11-25 10:56:00,Showroom,NV01,Đã giao
DH009674,KH0325,2025-11-25 13:57:00,Bán lẻ trực tiếp,NV23,Đã giao
DH005986,KH0204,2025-11-25 14:05:00,Showroom,NV24,Đã giao
DH005436,KH0081,2025-11-25 16:12:00,TMĐT - Tiki,NV13,Đã giao
DH000644,KH0391,2025-11-25 18:55:00,Bán lẻ trực tiếp,NV03,Đã hủy
DH003994,KH0391,2025-11-25 21:24:00,Bán lẻ trực tiếp,NV28,Đã giao
DH000017,KH0262,2025-11-25 23:54:00,TMĐT - Tiki,NV20,Đã giao
DH011405,KH0198,2025-11-26 00:50:00,Bán lẻ trực tiếp,NV24,Đã giao
DH005532,KH0197,2025-11-26 01:50:00,Đại lý,NV10,Đã giao
DH009597,KH0233,2025-11-26 01:55:00,Bán lẻ trực tiếp,NV02,Đã giao
DH000207,KH0336,2025-11-26 02:19:00,TMĐT - Lazada,NV10,Trả hàng
DH008792,KH0010,2025-11-26 02:52:00,Đại lý,NV19,Đã giao
DH010164,KH0128,2025-11-26 04:08:00,TMĐT - Shopee,NV23,Đã giao
DH001373,KH0249,2025-11-26 04:09:00,TMĐT - Lazada,NV24,Đã giao
DH004206,KH0297,2025-11-26 05:41:00,TMĐT - Shopee,NV21,Đã giao
DH004103,KH0117,2025-11-26 06:55:00,TMĐT - Lazada,NV25,Đã giao
DH001289,KH0291,2025-11-26 07:08:00,Showroom,NV12,Đã giao
DH009305,KH0222,2025-11-26 07:51:00,TMĐT - Tiki,NV03,Đã giao
DH003529,KH0222,2025-11-26 08:43:00,TMĐT - Shopee,NV13,Đã giao
DH006830,KH0308,2025-11-26 08:54:00,Đại lý,NV07,Đã giao
DH011647,KH0204,2025-11-26 09:08:00,TMĐT - Shopee,NV01,Đã giao
DH010635,KH0012,2025-11-26 10:43:00,Bán lẻ trực tiếp,NV24,Đã giao
DH004029,KH0068,2025-11-26 10:50:00,TMĐT - Shopee,NV08,Trả hàng
DH006406,KH0082,2025-11-26 11:25:00,Bán lẻ trực tiếp,NV01,Đã giao
DH009526,KH0436,2025-11-26 11:32:00,Đại lý,NV19,Đã hủy
DH007613,KH0406,2025-11-26 12:17:00,TMĐT - Shopee,NV01,Đã hủy
DH008201,KH0427,2025-11-26 13:16:00,TMĐT - Lazada,NV19,Mới
DH001840,KH0413,2025-11-26 13:41:00,Đại lý,NV07,Đã giao
DH001149,KH0280,2025-11-26 13:47:00,TMĐT - Lazada,NV21,Đã giao
DH000732,KH0074,2025-11-26 14:18:00,Đại lý,NV20,Đã giao
DH003866,KH0265,2025-11-26 14:44:00,Đại lý,NV01,Đã giao
DH010886,KH0262,2025-11-26 16:27:00,Showroom,NV09,Đã giao
DH005509,KH0093,2025-11-26 16:49:00,TMĐT - Lazada,NV18,Đã giao
DH001209,KH0141,2025-11-26 17:12:00,TMĐT - Shopee,NV15,Đã giao
DH002590,KH0413,2025-11-26 19:12:00,TMĐT - Tiki,NV11,Đã giao
DH003632,KH0442,2025-11-26 19:29:00,TMĐT - Lazada,NV29,Đã giao
DH005331,KH0304,2025-11-26 19:49:00,TMĐT - Shopee,NV10,Đã giao
DH007730,KH0442,2025-11-26 20:20:00,TMĐT - Lazada,NV21,Đã giao
DH004617,KH0447,2025-11-26 21:12:00,Bán lẻ trực tiếp,NV14,Đã giao
DH011979,KH0322,2025-11-26 22:05:00,TMĐT - Shopee,NV11,Đã giao
DH000406,KH0212,2025-11-26 22:15:00,TMĐT - Shopee,NV10,Đã giao
DH007027,KH0200,2025-11-26 22:56:00,Đại lý,NV14,Đã giao
DH002877,KH0044,2025-11-26 23:21:00,Đại lý,NV07,Đã giao
DH003718,KH0028,2025-11-27 00:34:00,Showroom,NV13,Đã giao
DH011669,KH0383,2025-11-27 00:36:00,TMĐT - Shopee,NV16,Đã giao
DH010820,KH0241,2025-11-27 01:57:00,Đại lý,NV04,Đang xử lý
DH008672,KH0253,2025-11-27 02:49:00,Đại lý,NV16,Đã giao
DH007842,KH0306,2025-11-27 06:12:00,TMĐT - Shopee,NV06,Mới
DH004512,KH0391,2025-11-27 07:38:00,Bán lẻ trực tiếp,NV23,Đã giao
DH006244,KH0108,2025-11-27 08:14:00,TMĐT - Tiki,NV05,Đã giao
DH003074,KH0034,2025-11-27 08:24:00,Showroom,NV30,Đã giao
DH004283,KH0197,2025-11-27 09:06:00,TMĐT - Shopee,NV20,Đã giao
DH000964,KH0384,2025-11-27 09:41:00,Showroom,NV15,Đã giao
DH000221,KH0339,2025-11-27 13:59:00,Showroom,NV25,Đã giao
DH011864,KH0155,2025-11-27 15:43:00,Showroom,NV26,Đã giao
DH004178,KH0070,2025-11-27 16:12:00,TMĐT - Tiki,NV01,Đã giao
DH006116,KH0406,2025-11-27 18:34:00,Đại lý,NV25,Đã giao
DH005606,KH0306,2025-11-27 22:00:00,TMĐT - Tiki,NV11,Trả hàng
DH004959,KH0257,2025-11-27 22:57:00,TMĐT - Shopee,NV12,Đã giao
DH002595,KH0383,2025-11-27 23:46:00,TMĐT - Shopee,NV26,Đã giao
DH000978,KH0391,2025-11-28 02:20:00,Bán lẻ trực tiếp,NV08,Đã giao
DH002326,KH0402,2025-11-28 07:18:00,Showroom,NV06,Đã giao
DH004064,KH0436,2025-11-28 10:59:00,TMĐT - Lazada,NV07,Đã giao
DH011670,KH0070,2025-11-28 11:10:00,TMĐT - Shopee,NV25,Đã giao
DH009957,KH0391,2025-11-28 12:44:00,Bán lẻ trực tiếp,NV27,Đã giao
DH009816,KH0396,2025-11-28 13:18:00,Bán lẻ trực tiếp,NV05,Đã giao
DH001718,KH0271,2025-11-28 13:25:00,Bán lẻ trực tiếp,NV03,Đã giao
DH008261,KH0193,2025-11-28 13:59:00,TMĐT - Tiki,NV01,Đã giao
DH010173,KH0404,2025-11-28 14:39:00,Showroom,NV16,Đã giao
DH000719,KH0446,2025-11-28 14:43:00,TMĐT - Tiki,NV30,Đã giao
DH006073,KH0262,2025-11-28 15:46:00,TMĐT - Tiki,NV28,Đã giao
DH007003,KH0412,2025-11-28 20:33:00,Đại lý,NV24,Đã giao
DH000063,KH0306,2025-11-28 20:43:00,Showroom,NV10,Đã giao
DH001196,KH0442,2025-11-28 21:47:00,Showroom,NV23,Đã giao
DH011314,KH0052,2025-11-28 22:12:00,Bán lẻ trực tiếp,NV06,Đã giao
DH011723,KH0306,2025-11-28 22:36:00,TMĐT - Tiki,NV19,Trả hàng
DH007156,KH0399,2025-11-28 23:59:00,TMĐT - Lazada,NV29,Đã giao
DH008925,KH0135,2025-11-29 01:56:00,TMĐT - Tiki,NV16,Mới
DH009439,KH0155,2025-11-29 02:18:00,TMĐT - Tiki,NV15,Đã giao
DH008917,KH0081,2025-11-29 08:11:00,Bán lẻ trực tiếp,NV10,Đã giao
DH005626,KH0409,2025-11-29 09:09:00,TMĐT - Tiki,NV29,Trả hàng
DH004306,KH0227,2025-11-29 09:39:00,TMĐT - Shopee,NV15,Đang xử lý
DH002921,KH0442,2025-11-29 09:50:00,Đại lý,NV01,Trả hàng
DH002657,KH0387,2025-11-29 10:33:00,TMĐT - Tiki,NV13,Đã giao
DH009416,KH0274,2025-11-29 11:24:00,Showroom,NV28,Đã giao
DH006614,KH0280,2025-11-29 13:54:00,TMĐT - Tiki,NV08,Đã giao
DH004196,KH0290,2025-11-29 15:29:00,Bán lẻ trực tiếp,NV18,Đã giao
DH003295,KH0003,2025-11-29 16:37:00,Đại lý,NV20,Đã giao
DH007785,KH0442,2025-11-29 17:29:00,Đại lý,NV07,Đã giao
DH004861,KH0257,2025-11-29 18:52:00,TMĐT - Shopee,NV18,Đã giao
DH011787,KH0114,2025-11-29 19:31:00,Bán lẻ trực tiếp,NV11,Đã giao
DH010190,KH0273,2025-11-29 19:40:00,TMĐT - Tiki,NV06,Đã giao
DH006291,KH0249,2025-11-29 21:17:00,Bán lẻ trực tiếp,NV11,Đã giao
DH001476,KH0391,2025-11-29 21:28:00,Bán lẻ trực tiếp,NV30,Đang xử lý
DH009859,KH0413,2025-11-29 21:34:00,Showroom,NV22,Đã giao
DH005148,KH0262,2025-11-29 21:36:00,TMĐT - Shopee,NV06,Đã giao
DH005029,KH0447,2025-11-29 22:23:00,Đại lý,NV22,Đã giao
DH003862,KH0094,2025-11-29 22:31:00,Đại lý,NV29,Đã giao
DH005326,KH0314,2025-11-29 23:21:00,Showroom,NV28,Đã hủy
DH006782,KH0219,2025-11-29 23:55:00,TMĐT - Tiki,NV29,Đã hủy
DH005860,KH0393,2025-11-30 00:49:00,Showroom,NV22,Đã giao
DH009158,KH0250,2025-11-30 01:27:00,Showroom,NV24,Đã giao
DH007475,KH0442,2025-11-30 06:48:00,TMĐT - Tiki,NV17,Đã giao
DH005686,KH0446,2025-11-30 07:39:00,TMĐT - Shopee,NV10,Trả hàng
DH003971,KH0442,2025-11-30 08:30:00,TMĐT - Tiki,NV06,Đã giao
DH008238,KH0281,2025-11-30 10:48:00,Showroom,NV04,Đã giao
DH011453,KH0267,2025-11-30 13:16:00,TMĐT - Shopee,NV20,Trả hàng
DH004750,KH0155,2025-11-30 15:50:00,Showroom,NV28,Đã giao
DH010450,KH0220,2025-11-30 16:35:00,TMĐT - Shopee,NV18,Đang xử lý
DH002683,KH0420,2025-11-30 19:07:00,TMĐT - Lazada,NV23,Đã giao
DH001999,KH0356,2025-11-30 22:47:00,Bán lẻ trực tiếp,NV02,Đã giao
DH004201,KH0186,2025-11-30 23:39:00,Bán lẻ trực tiếp,NV14,Đã giao
DH000541,KH0211,2025-12-01 00:11:00,Đại lý,NV08,Đã giao
DH005566,KH0394,2025-12-01 03:57:00,Bán lẻ trực tiếp,NV29,Đang xử lý
DH008826,KH0229,2025-12-01 04:18:00,TMĐT - Tiki,NV16,Đã giao
DH006245,KH0141,2025-12-01 06:19:00,TMĐT - Tiki,NV25,Đã giao
DH006482,KH0051,2025-12-01 06:45:00,TMĐT - Tiki,NV17,Mới
DH008699,KH0382,2025-12-01 07:31:00,TMĐT - Tiki,NV15,Đã giao
DH006560,KH0206,2025-12-01 10:12:00,Bán lẻ trực tiếp,NV28,Đã giao
DH001595,KH0273,2025-12-01 11:00:00,Bán lẻ trực tiếp,NV28,Đã giao
DH009235,KH0427,2025-12-01 12:30:00,Bán lẻ trực tiếp,NV16,Đã giao
DH004470,KH0438,2025-12-01 13:52:00,TMĐT - Lazada,NV04,Đã giao
DH010357,KH0070,2025-12-01 15:51:00,Bán lẻ trực tiếp,NV26,Mới
DH000825,KH0272,2025-12-01 16:13:00,Bán lẻ trực tiếp,NV29,Đang xử lý
DH005002,KH0140,2025-12-01 16:28:00,TMĐT - Lazada,NV23,Đã hủy
DH009245,KH0227,2025-12-01 16:28:00,TMĐT - Shopee,NV12,Đã giao
DH000479,KH0396,2025-12-01 16:45:00,Bán lẻ trực tiếp,NV20,Đã giao
DH002703,KH0135,2025-12-01 17:01:00,Đại lý,NV07,Đang xử lý
DH003933,KH0420,2025-12-01 18:27:00,Đại lý,NV14,Đang xử lý
DH006473,KH0368,2025-12-01 18:42:00,Đại lý,NV14,Đã giao
DH003161,KH0186,2025-12-01 19:48:00,TMĐT - Shopee,NV10,Đang xử lý
DH009908,KH0414,2025-12-01 19:49:00,TMĐT - Shopee,NV12,Đã giao
DH001964,KH0072,2025-12-01 20:52:00,Bán lẻ trực tiếp,NV24,Đã giao
DH006042,KH0116,2025-12-01 21:54:00,Đại lý,NV11,Đang xử lý
DH009366,KH0162,2025-12-01 23:47:00,Bán lẻ trực tiếp,NV29,Đã giao
DH006303,KH0034,2025-12-02 01:09:00,TMĐT - Lazada,NV04,Đã giao
DH007190,KH0093,2025-12-02 01:26:00,Showroom,NV17,Đã hủy
DH000327,KH0427,2025-12-02 02:13:00,TMĐT - Tiki,NV28,Đã giao
DH011558,KH0044,2025-12-02 03:44:00,Bán lẻ trực tiếp,NV07,Đã giao
DH011299,KH0128,2025-12-02 04:23:00,TMĐT - Shopee,NV14,Đã giao
DH009327,KH0413,2025-12-02 06:01:00,Đại lý,NV20,Đã giao
DH000019,KH0367,2025-12-02 07:39:00,Đại lý,NV29,Đã giao
DH007739,KH0248,2025-12-02 09:13:00,Bán lẻ trực tiếp,NV02,Đã giao
DH006284,KH0002,2025-12-02 10:55:00,Showroom,NV24,Đã giao
DH003849,KH0093,2025-12-02 11:25:00,Bán lẻ trực tiếp,NV07,Đã giao
DH007910,KH0034,2025-12-02 12:11:00,TMĐT - Tiki,NV21,Đã giao
DH003911,KH0439,2025-12-02 14:36:00,TMĐT - Tiki,NV30,Mới
DH004340,KH0214,2025-12-02 14:39:00,Showroom,NV02,Mới
DH000811,KH0391,2025-12-02 15:07:00,Showroom,NV29,Đã giao
DH009490,KH0391,2025-12-02 15:31:00,Showroom,NV08,Đã giao
DH004945,KH0204,2025-12-02 16:06:00,TMĐT - Tiki,NV28,Đã giao
DH002329,KH0141,2025-12-02 17:15:00,Đại lý,NV10,Đã giao
DH005376,KH0365,2025-12-02 18:05:00,Đại lý,NV06,Đã giao
DH000055,KH0262,2025-12-02 20:16:00,Bán lẻ trực tiếp,NV23,Đã hủy
DH000476,KH0409,2025-12-02 21:24:00,TMĐT - Shopee,NV18,Đã giao
DH004836,KH0082,2025-12-03 01:12:00,TMĐT - Lazada,NV08,Đã giao
DH006337,KH0250,2025-12-03 01:24:00,Đại lý,NV29,Đã giao
DH005363,KH0379,2025-12-03 02:50:00,Đại lý,NV20,Trả hàng
DH008554,KH0135,2025-12-03 03:33:00,Bán lẻ trực tiếp,NV02,Mới
DH001079,KH0365,2025-12-03 03:35:00,TMĐT - Tiki,NV14,Trả hàng
DH007636,KH0095,2025-12-03 03:56:00,TMĐT - Lazada,NV03,Đã giao
DH000818,KH0323,2025-12-03 04:54:00,Showroom,NV15,Đã giao
DH010220,KH0041,2025-12-03 04:55:00,TMĐT - Shopee,NV02,Đã giao
DH011874,KH0111,2025-12-03 08:29:00,TMĐT - Lazada,NV26,Đang xử lý
DH010209,KH0051,2025-12-03 08:59:00,TMĐT - Shopee,NV07,Đã giao
DH010009,KH0089,2025-12-03 10:31:00,Đại lý,NV29,Đã giao
DH011807,KH0105,2025-12-03 10:48:00,Đại lý,NV01,Đã giao
DH008612,KH0442,2025-12-03 11:05:00,TMĐT - Tiki,NV15,Trả hàng
DH004813,KH0227,2025-12-03 11:22:00,Bán lẻ trực tiếp,NV16,Đã giao
DH010212,KH0042,2025-12-03 11:43:00,TMĐT - Tiki,NV11,Trả hàng
DH007897,KH0428,2025-12-03 11:47:00,Bán lẻ trực tiếp,NV13,Đã giao
DH007056,KH0070,2025-12-03 12:59:00,TMĐT - Shopee,NV01,Đã giao
DH000980,KH0327,2025-12-03 13:57:00,Showroom,NV01,Đã giao
DH005003,KH0295,2025-12-03 16:11:00,Đại lý,NV06,Đã giao
DH002475,KH0135,2025-12-03 16:24:00,Đại lý,NV07,Đã giao
DH009975,KH0107,2025-12-03 16:59:00,Bán lẻ trực tiếp,NV12,Đã hủy
DH011710,KH0413,2025-12-03 17:46:00,Đại lý,NV01,Đã giao
DH009264,KH0002,2025-12-03 17:55:00,Showroom,NV20,Đang xử lý
DH000938,KH0386,2025-12-03 18:51:00,TMĐT - Tiki,NV21,Đã giao
DH010833,KH0314,2025-12-03 22:13:00,Showroom,NV04,Trả hàng
DH006934,KH0416,2025-12-03 22:33:00,Bán lẻ trực tiếp,NV26,Đã giao
DH004876,KH0036,2025-12-04 00:54:00,TMĐT - Tiki,NV08,Đã giao
DH006632,KH0214,2025-12-04 02:28:00,Đại lý,NV20,Đã giao
DH002486,KH0304,2025-12-04 03:04:00,Đại lý,NV24,Đã giao
DH009011,KH0247,2025-12-04 04:15:00,TMĐT - Lazada,NV07,Đã giao
DH010351,KH0325,2025-12-04 11:55:00,Đại lý,NV18,Đã giao
DH005492,KH0143,2025-12-04 16:49:00,TMĐT - Tiki,NV23,Đã giao
DH002506,KH0087,2025-12-04 16:51:00,TMĐT - Tiki,NV07,Đã giao
DH003002,KH0029,2025-12-04 18:24:00,Bán lẻ trực tiếp,NV24,Đã giao
DH004139,KH0122,2025-12-04 22:25:00,Đại lý,NV04,Trả hàng
DH011020,KH0306,2025-12-05 00:34:00,Showroom,NV10,Đã giao
DH009634,KH0448,2025-12-05 00:38:00,TMĐT - Tiki,NV26,Đã giao
DH010704,KH0217,2025-12-05 00:50:00,TMĐT - Tiki,NV01,Đã giao
DH005368,KH0406,2025-12-05 01:00:00,Đại lý,NV30,Đang xử lý
DH005749,KH0365,2025-12-05 01:33:00,Đại lý,NV02,Đã giao
DH007300,KH0413,2025-12-05 01:40:00,TMĐT - Lazada,NV14,Đã giao
DH005384,KH0193,2025-12-05 02:29:00,Đại lý,NV06,Trả hàng
DH006930,KH0140,2025-12-05 03:02:00,TMĐT - Tiki,NV08,Đã giao
DH004332,KH0236,2025-12-05 03:58:00,TMĐT - Shopee,NV15,Đang xử lý
DH007924,KH0420,2025-12-05 05:04:00,TMĐT - Tiki,NV24,Đã giao
DH006852,KH0246,2025-12-05 06:54:00,TMĐT - Tiki,NV30,Đã giao
DH002708,KH0088,2025-12-05 07:05:00,TMĐT - Shopee,NV11,Đã giao
DH009985,KH0187,2025-12-05 07:41:00,TMĐT - Lazada,NV20,Đã giao
DH008476,KH0199,2025-12-05 08:22:00,TMĐT - Tiki,NV16,Mới
DH007411,KH0155,2025-12-05 10:50:00,TMĐT - Lazada,NV24,Đã giao
DH006472,KH0063,2025-12-05 10:55:00,TMĐT - Tiki,NV13,Đã giao
DH000129,KH0324,2025-12-05 12:26:00,Bán lẻ trực tiếp,NV13,Đã giao
DH003527,KH0012,2025-12-05 13:35:00,TMĐT - Shopee,NV30,Đã giao
DH002938,KH0140,2025-12-05 13:35:00,Đại lý,NV01,Đã giao
DH007354,KH0199,2025-12-05 13:56:00,Đại lý,NV20,Đã giao
DH004809,KH0367,2025-12-05 15:04:00,Showroom,NV01,Đã giao
DH004183,KH0368,2025-12-05 18:55:00,Showroom,NV13,Đã giao
DH000400,KH0140,2025-12-05 19:17:00,Showroom,NV01,Đã giao
DH006017,KH0183,2025-12-05 22:36:00,TMĐT - Shopee,NV07,Đã hủy
DH007293,KH0060,2025-12-05 23:55:00,TMĐT - Shopee,NV27,Đã giao
DH005702,KH0158,2025-12-06 00:47:00,TMĐT - Shopee,NV08,Đã giao
DH003352,KH0119,2025-12-06 01:26:00,Showroom,NV19,Đã giao
DH008871,KH0088,2025-12-06 01:44:00,Showroom,NV03,Đã giao
DH007238,KH0384,2025-12-06 02:10:00,Bán lẻ trực tiếp,NV19,Đã giao
DH000459,KH0183,2025-12-06 02:17:00,Đại lý,NV30,Đã giao
DH000272,KH0261,2025-12-06 02:19:00,TMĐT - Tiki,NV08,Đã giao
DH008129,KH0056,2025-12-06 02:59:00,Showroom,NV27,Đã giao
DH008109,KH0367,2025-12-06 03:38:00,Bán lẻ trực tiếp,NV22,Đã giao
DH001708,KH0379,2025-12-06 03:43:00,TMĐT - Lazada,NV01,Đã giao
DH007331,KH0338,2025-12-06 04:36:00,TMĐT - Lazada,NV22,Mới
DH007254,KH0040,2025-12-06 06:27:00,TMĐT - Shopee,NV24,Đã giao
DH000414,KH0409,2025-12-06 06:36:00,TMĐT - Lazada,NV18,Đã giao
DH011149,KH0365,2025-12-06 07:54:00,Bán lẻ trực tiếp,NV27,Đã giao
DH005360,KH0051,2025-12-06 10:10:00,TMĐT - Shopee,NV13,Đã giao
DH002737,KH0399,2025-12-06 11:15:00,Đại lý,NV26,Đã giao
DH001921,KH0391,2025-12-06 15:00:00,Showroom,NV09,Đã giao
DH004731,KH0121,2025-12-06 15:42:00,TMĐT - Shopee,NV30,Đang xử lý
DH004678,KH0128,2025-12-06 16:00:00,TMĐT - Tiki,NV02,Đã giao
DH011045,KH0102,2025-12-06 16:41:00,Bán lẻ trực tiếp,NV18,Đang xử lý
DH008732,KH0141,2025-12-06 17:33:00,TMĐT - Tiki,NV22,Đã giao
DH006216,KH0438,2025-12-06 20:15:00,TMĐT - Tiki,NV22,Đã giao
DH008596,KH0025,2025-12-06 20:20:00,Bán lẻ trực tiếp,NV18,Đã giao
DH003579,KH0262,2025-12-06 20:47:00,Showroom,NV30,Đã giao
DH005481,KH0262,2025-12-06 21:18:00,TMĐT - Tiki,NV21,Đã giao
DH006509,KH0105,2025-12-06 21:40:00,TMĐT - Tiki,NV20,Đã giao
DH003058,KH0051,2025-12-06 21:46:00,TMĐT - Shopee,NV03,Mới
DH005545,KH0367,2025-12-06 22:05:00,TMĐT - Shopee,NV29,Đã giao
DH008730,KH0012,2025-12-06 22:07:00,TMĐT - Shopee,NV28,Đã giao
DH008125,KH0220,2025-12-06 22:53:00,TMĐT - Lazada,NV20,Đã giao
DH004142,KH0397,2025-12-06 23:42:00,TMĐT - Tiki,NV16,Đang xử lý
DH009300,KH0067,2025-12-07 00:23:00,TMĐT - Shopee,NV16,Đã giao
DH002754,KH0016,2025-12-07 01:51:00,TMĐT - Shopee,NV03,Đã giao
DH003790,KH0257,2025-12-07 06:07:00,TMĐT - Lazada,NV27,Đã giao
DH004910,KH0220,2025-12-07 07:44:00,Bán lẻ trực tiếp,NV20,Đã giao
DH009942,KH0362,2025-12-07 09:09:00,TMĐT - Tiki,NV08,Đã giao
DH008190,KH0279,2025-12-07 09:17:00,TMĐT - Shopee,NV15,Đã giao
DH002939,KH0433,2025-12-07 09:19:00,TMĐT - Shopee,NV25,Đã giao
DH002820,KH0205,2025-12-07 12:12:00,TMĐT - Lazada,NV10,Đã giao
DH002477,KH0413,2025-12-07 12:39:00,Đại lý,NV19,Đã hủy
DH007457,KH0056,2025-12-07 14:00:00,Đại lý,NV01,Đã giao
DH000133,KH0262,2025-12-07 14:05:00,TMĐT - Shopee,NV11,Đã giao
DH011657,KH0377,2025-12-07 15:23:00,Bán lẻ trực tiếp,NV22,Đang xử lý
DH009487,KH0115,2025-12-07 15:42:00,Showroom,NV21,Đã giao
DH001757,KH0054,2025-12-07 16:02:00,Showroom,NV09,Đã giao
DH008247,KH0248,2025-12-07 16:32:00,TMĐT - Lazada,NV15,Đang xử lý
DH001944,KH0358,2025-12-07 16:50:00,TMĐT - Lazada,NV22,Đã giao
DH010439,KH0141,2025-12-07 17:24:00,TMĐT - Tiki,NV01,Đã giao
DH002675,KH0236,2025-12-07 17:53:00,TMĐT - Shopee,NV11,Đã giao
DH011212,KH0108,2025-12-07 18:02:00,TMĐT - Tiki,NV01,Đã giao
DH001065,KH0063,2025-12-07 19:13:00,TMĐT - Lazada,NV17,Đã giao
DH001493,KH0170,2025-12-07 20:25:00,Showroom,NV02,Đã giao
DH004392,KH0429,2025-12-07 20:39:00,TMĐT - Lazada,NV22,Đang xử lý
DH004468,KH0040,2025-12-07 20:47:00,Bán lẻ trực tiếp,NV19,Đã giao
DH005605,KH0265,2025-12-07 22:07:00,TMĐT - Tiki,NV15,Đã giao
DH007888,KH0266,2025-12-07 23:06:00,TMĐT - Tiki,NV27,Đã giao
DH000025,KH0053,2025-12-07 23:34:00,TMĐT - Tiki,NV26,Đã giao
DH004522,KH0325,2025-12-08 00:24:00,TMĐT - Lazada,NV11,Đã giao
DH006387,KH0387,2025-12-08 00:36:00,TMĐT - Tiki,NV19,Đã giao
DH008547,KH0251,2025-12-08 01:03:00,TMĐT - Lazada,NV09,Đã giao
DH002844,KH0391,2025-12-08 03:14:00,Đại lý,NV24,Đã hủy
DH005156,KH0179,2025-12-08 04:01:00,Bán lẻ trực tiếp,NV14,Đã giao
DH002195,KH0219,2025-12-08 05:04:00,Bán lẻ trực tiếp,NV11,Đã giao
DH007423,KH0262,2025-12-08 05:26:00,Đại lý,NV03,Đã hủy
DH003832,KH0248,2025-12-08 05:29:00,Đại lý,NV02,Đã giao
DH003958,KH0243,2025-12-08 06:19:00,Đại lý,NV03,Đã giao
DH007373,KH0019,2025-12-08 06:35:00,Đại lý,NV22,Đã giao
DH001984,KH0032,2025-12-08 07:13:00,Showroom,NV02,Đã giao
DH004141,KH0074,2025-12-08 07:16:00,Đại lý,NV03,Đã giao
DH011830,KH0391,2025-12-08 09:37:00,TMĐT - Shopee,NV12,Trả hàng
DH006009,KH0261,2025-12-08 10:42:00,Showroom,NV13,Đã giao
DH009609,KH0178,2025-12-08 10:44:00,TMĐT - Lazada,NV09,Đã giao
DH004545,KH0193,2025-12-08 12:08:00,Đại lý,NV01,Đã giao
DH000994,KH0243,2025-12-08 13:13:00,TMĐT - Tiki,NV28,Đã giao
DH006264,KH0060,2025-12-08 13:28:00,TMĐT - Lazada,NV16,Mới
DH000558,KH0139,2025-12-08 14:49:00,TMĐT - Lazada,NV26,Đã giao
DH002221,KH0155,2025-12-08 15:25:00,Showroom,NV09,Đã giao
DH002745,KH0377,2025-12-08 17:04:00,TMĐT - Tiki,NV05,Đã giao
DH007954,KH0396,2025-12-08 17:45:00,Đại lý,NV04,Đã hủy
DH004838,KH0155,2025-12-08 18:31:00,Bán lẻ trực tiếp,NV21,Đã giao
DH009119,KH0246,2025-12-08 19:04:00,Showroom,NV05,Đã giao
DH002165,KH0193,2025-12-08 21:38:00,Bán lẻ trực tiếp,NV15,Đã giao
DH007339,KH0322,2025-12-08 22:25:00,Bán lẻ trực tiếp,NV08,Đã hủy
DH003147,KH0177,2025-12-08 22:28:00,TMĐT - Lazada,NV02,Đã giao
DH011003,KH0116,2025-12-08 22:32:00,Showroom,NV03,Đã giao
DH007980,KH0106,2025-12-08 22:38:00,TMĐT - Shopee,NV01,Đã giao
DH000435,KH0447,2025-12-08 23:43:00,Đại lý,NV24,Đã giao
DH001431,KH0424,2025-12-09 01:20:00,TMĐT - Shopee,NV03,Đã giao
DH011687,KH0391,2025-12-09 04:35:00,TMĐT - Shopee,NV02,Đã giao
DH010373,KH0432,2025-12-09 04:47:00,TMĐT - Shopee,NV29,Đã giao
DH009207,KH0034,2025-12-09 06:29:00,Bán lẻ trực tiếp,NV16,Đã giao
DH005831,KH0095,2025-12-09 07:09:00,TMĐT - Tiki,NV27,Trả hàng
DH003548,KH0243,2025-12-09 08:40:00,TMĐT - Lazada,NV12,Đã giao
DH005956,KH0075,2025-12-09 09:47:00,Bán lẻ trực tiếp,NV05,Đã giao
DH002789,KH0325,2025-12-09 10:44:00,TMĐT - Tiki,NV12,Đã giao
DH008352,KH0406,2025-12-09 10:48:00,TMĐT - Tiki,NV08,Đã giao
DH003774,KH0194,2025-12-09 12:02:00,Showroom,NV02,Đã giao
DH005087,KH0283,2025-12-09 12:17:00,Bán lẻ trực tiếp,NV25,Trả hàng
DH006911,KH0310,2025-12-09 14:43:00,TMĐT - Shopee,NV07,Đã giao
DH003305,KH0137,2025-12-09 15:28:00,TMĐT - Lazada,NV15,Đã giao
DH009929,KH0049,2025-12-09 21:01:00,Đại lý,NV12,Đã giao
DH002642,KH0306,2025-12-09 21:16:00,Đại lý,NV25,Mới
DH011791,KH0076,2025-12-09 21:18:00,Đại lý,NV24,Đã giao
DH011231,KH0035,2025-12-09 21:43:00,Đại lý,NV10,Đã giao
DH007825,KH0087,2025-12-09 22:22:00,Showroom,NV20,Đang xử lý
DH009482,KH0119,2025-12-10 00:19:00,Đại lý,NV26,Đã giao
DH010528,KH0155,2025-12-10 00:34:00,Bán lẻ trực tiếp,NV23,Đã giao
DH004389,KH0262,2025-12-10 00:51:00,Showroom,NV26,Đã giao
DH001456,KH0307,2025-12-10 02:25:00,Bán lẻ trực tiếp,NV14,Đang xử lý
DH009429,KH0119,2025-12-10 03:15:00,Đại lý,NV25,Đã giao
DH005019,KH0070,2025-12-10 05:14:00,TMĐT - Lazada,NV30,Đã giao
DH010647,KH0272,2025-12-10 05:38:00,TMĐT - Lazada,NV20,Đã giao
DH005870,KH0273,2025-12-10 07:13:00,Showroom,NV26,Đã giao
DH002769,KH0436,2025-12-10 08:20:00,TMĐT - Lazada,NV30,Đã giao
DH006099,KH0409,2025-12-10 09:16:00,Showroom,NV24,Đã giao
DH002995,KH0258,2025-12-10 09:42:00,TMĐT - Shopee,NV15,Đã giao
DH007908,KH0076,2025-12-10 09:48:00,Showroom,NV21,Đã giao
DH007404,KH0315,2025-12-10 11:01:00,TMĐT - Tiki,NV13,Đã hủy
DH005170,KH0282,2025-12-10 13:37:00,Showroom,NV14,Đã giao
DH009202,KH0248,2025-12-10 15:54:00,Showroom,NV02,Đã giao
DH005222,KH0262,2025-12-10 17:30:00,Đại lý,NV24,Đã giao
DH010766,KH0246,2025-12-10 18:27:00,TMĐT - Shopee,NV21,Trả hàng
DH002964,KH0167,2025-12-10 18:30:00,TMĐT - Shopee,NV14,Đã giao
DH011105,KH0447,2025-12-10 18:37:00,TMĐT - Lazada,NV09,Đã hủy
DH010507,KH0271,2025-12-10 20:58:00,TMĐT - Tiki,NV09,Đã giao
DH010203,KH0262,2025-12-10 21:16:00,TMĐT - Shopee,NV29,Đã giao
DH009647,KH0241,2025-12-10 21:20:00,TMĐT - Shopee,NV21,Đã giao
DH000844,KH0009,2025-12-10 21:53:00,Đại lý,NV14,Đã giao
DH008598,KH0140,2025-12-10 21:55:00,TMĐT - Shopee,NV24,Đã giao
DH005410,KH0174,2025-12-10 22:13:00,Đại lý,NV26,Đã giao
DH002624,KH0254,2025-12-10 22:39:00,Showroom,NV05,Đã giao
DH004619,KH0051,2025-12-10 22:50:00,Bán lẻ trực tiếp,NV27,Đã giao
DH008465,KH0368,2025-12-10 23:52:00,Showroom,NV08,Đã giao
DH003072,KH0391,2025-12-11 00:14:00,TMĐT - Shopee,NV01,Đã giao
DH011251,KH0391,2025-12-11 02:16:00,Showroom,NV20,Đã giao
DH010922,KH0413,2025-12-11 02:40:00,TMĐT - Shopee,NV05,Đã giao
DH006975,KH0071,2025-12-11 03:25:00,Showroom,NV17,Mới
DH008241,KH0352,2025-12-11 03:50:00,TMĐT - Lazada,NV29,Đã giao
DH011679,KH0035,2025-12-11 06:20:00,TMĐT - Shopee,NV29,Đã giao
DH001465,KH0337,2025-12-11 06:29:00,TMĐT - Lazada,NV24,Đang xử lý
DH009434,KH0157,2025-12-11 06:38:00,Showroom,NV27,Đã giao
DH008508,KH0385,2025-12-11 07:17:00,TMĐT - Shopee,NV07,Mới
DH006769,KH0140,2025-12-11 07:26:00,Bán lẻ trực tiếp,NV27,Đã giao
DH001529,KH0257,2025-12-11 08:15:00,Đại lý,NV30,Đã hủy
DH006846,KH0391,2025-12-11 08:23:00,Bán lẻ trực tiếp,NV08,Mới
DH003999,KH0309,2025-12-11 08:34:00,Showroom,NV01,Đã giao
DH002814,KH0428,2025-12-11 09:45:00,TMĐT - Lazada,NV27,Đã giao
DH003769,KH0447,2025-12-11 10:20:00,Bán lẻ trực tiếp,NV28,Đã giao
DH005353,KH0398,2025-12-11 11:07:00,TMĐT - Tiki,NV17,Đã giao
DH011706,KH0362,2025-12-11 12:30:00,Bán lẻ trực tiếp,NV21,Đã giao
DH000575,KH0365,2025-12-11 13:12:00,TMĐT - Shopee,NV08,Đang xử lý
DH011722,KH0442,2025-12-11 13:26:00,TMĐT - Shopee,NV27,Đã giao
DH010494,KH0365,2025-12-11 13:28:00,TMĐT - Lazada,NV25,Đã giao
DH008248,KH0391,2025-12-11 13:54:00,Đại lý,NV07,Đã giao
DH004704,KH0374,2025-12-11 14:22:00,TMĐT - Lazada,NV05,Mới
DH004165,KH0257,2025-12-11 15:49:00,TMĐT - Lazada,NV22,Đã giao
DH007025,KH0442,2025-12-11 16:37:00,Bán lẻ trực tiếp,NV21,Đang xử lý
DH003767,KH0166,2025-12-11 17:24:00,Bán lẻ trực tiếp,NV23,Đang xử lý
DH005477,KH0248,2025-12-11 20:15:00,Đại lý,NV02,Đã giao
DH007836,KH0352,2025-12-11 21:51:00,TMĐT - Shopee,NV06,Đã giao
DH000022,KH0209,2025-12-11 22:51:00,Đại lý,NV06,Đã giao
DH002197,KH0248,2025-12-12 01:27:00,TMĐT - Tiki,NV19,Đã giao
DH005720,KH0262,2025-12-12 01:34:00,Bán lẻ trực tiếp,NV17,Đã hủy
DH006278,KH0115,2025-12-12 04:15:00,TMĐT - Tiki,NV06,Đang xử lý
DH011894,KH0415,2025-12-12 06:17:00,TMĐT - Tiki,NV17,Đã giao
DH007069,KH0306,2025-12-12 07:52:00,TMĐT - Tiki,NV26,Đang xử lý
DH005106,KH0183,2025-12-12 09:12:00,Bán lẻ trực tiếp,NV28,Đã hủy
DH006521,KH0262,2025-12-12 11:18:00,Showroom,NV16,Đã giao
DH011250,KH0394,2025-12-12 11:18:00,TMĐT - Lazada,NV15,Đang xử lý
DH004303,KH0249,2025-12-12 12:08:00,TMĐT - Shopee,NV26,Đã giao
DH009115,KH0255,2025-12-12 13:12:00,TMĐT - Shopee,NV15,Mới
DH002832,KH0387,2025-12-12 13:13:00,TMĐT - Lazada,NV09,Đang xử lý
DH000651,KH0122,2025-12-12 14:31:00,Đại lý,NV03,Đang xử lý
DH003672,KH0027,2025-12-12 15:42:00,Showroom,NV02,Đã giao
DH003478,KH0197,2025-12-12 16:38:00,Bán lẻ trực tiếp,NV09,Đã giao
DH004132,KH0035,2025-12-12 19:42:00,TMĐT - Lazada,NV10,Đã giao
DH006710,KH0047,2025-12-12 21:48:00,TMĐT - Shopee,NV02,Đã giao
DH002286,KH0322,2025-12-12 23:51:00,TMĐT - Shopee,NV03,Đã giao
DH003028,KH0307,2025-12-13 02:02:00,Bán lẻ trực tiếp,NV28,Đã giao
DH008287,KH0299,2025-12-13 02:57:00,TMĐT - Tiki,NV25,Đã giao
DH001426,KH0383,2025-12-13 03:03:00,TMĐT - Shopee,NV07,Đã giao
DH005847,KH0396,2025-12-13 05:22:00,Showroom,NV21,Đã giao
DH003754,KH0347,2025-12-13 05:43:00,TMĐT - Lazada,NV22,Đã giao
DH005188,KH0002,2025-12-13 06:13:00,Showroom,NV07,Đang xử lý
DH005413,KH0184,2025-12-13 06:22:00,TMĐT - Tiki,NV28,Đã giao
DH010691,KH0367,2025-12-13 09:28:00,TMĐT - Lazada,NV26,Đã giao
DH004671,KH0391,2025-12-13 10:40:00,Đại lý,NV16,Đã giao
DH010181,KH0244,2025-12-13 11:27:00,Showroom,NV28,Đã giao
DH011124,KH0083,2025-12-13 11:51:00,Bán lẻ trực tiếp,NV16,Đã giao
DH004506,KH0391,2025-12-13 12:09:00,TMĐT - Shopee,NV12,Đã giao
DH001702,KH0396,2025-12-13 12:13:00,TMĐT - Shopee,NV10,Đã giao
DH009549,KH0254,2025-12-13 12:49:00,Bán lẻ trực tiếp,NV13,Đã giao
DH002013,KH0008,2025-12-13 13:20:00,Đại lý,NV30,Đã giao
DH006571,KH0391,2025-12-13 13:27:00,TMĐT - Tiki,NV21,Đã giao
DH006565,KH0158,2025-12-13 13:52:00,TMĐT - Lazada,NV05,Đã giao
DH011208,KH0211,2025-12-13 14:10:00,TMĐT - Tiki,NV18,Trả hàng
DH004532,KH0447,2025-12-13 14:58:00,Đại lý,NV25,Đã giao
DH001383,KH0071,2025-12-13 15:53:00,Showroom,NV16,Đã giao
DH011692,KH0157,2025-12-13 16:27:00,TMĐT - Lazada,NV13,Đã giao
DH003787,KH0321,2025-12-13 17:08:00,TMĐT - Tiki,NV17,Đang xử lý
DH006983,KH0035,2025-12-13 17:46:00,Bán lẻ trực tiếp,NV25,Đã giao
DH005473,KH0053,2025-12-13 17:46:00,Bán lẻ trực tiếp,NV15,Đã giao
DH002348,KH0198,2025-12-13 20:16:00,TMĐT - Tiki,NV17,Trả hàng
DH002089,KH0326,2025-12-13 22:01:00,Đại lý,NV26,Đã giao
DH008799,KH0248,2025-12-13 22:18:00,TMĐT - Shopee,NV23,Đã giao
DH006705,KH0055,2025-12-14 00:39:00,TMĐT - Shopee,NV11,Đang xử lý
DH000808,KH0366,2025-12-14 01:12:00,TMĐT - Lazada,NV21,Đã giao
DH006620,KH0394,2025-12-14 01:53:00,Đại lý,NV25,Đã giao
DH004124,KH0141,2025-12-14 02:07:00,Showroom,NV16,Đã giao
DH010957,KH0365,2025-12-14 03:43:00,Showroom,NV19,Mới
DH005013,KH0424,2025-12-14 03:43:00,TMĐT - Lazada,NV13,Đã giao
DH000354,KH0446,2025-12-14 04:18:00,Đại lý,NV05,Đã giao
DH005313,KH0443,2025-12-14 04:27:00,Showroom,NV25,Đã giao
DH006371,KH0377,2025-12-14 05:06:00,Đại lý,NV11,Đã giao
DH003756,KH0193,2025-12-14 06:01:00,Đại lý,NV10,Đã giao
DH008488,KH0273,2025-12-14 08:30:00,Đại lý,NV12,Đã giao
DH000628,KH0051,2025-12-14 08:44:00,TMĐT - Lazada,NV04,Đã giao
DH009247,KH0056,2025-12-14 10:13:00,Showroom,NV17,Đã giao
DH001425,KH0140,2025-12-14 10:16:00,TMĐT - Lazada,NV24,Đã giao
DH009868,KH0048,2025-12-14 10:22:00,Bán lẻ trực tiếp,NV21,Đã giao
DH010746,KH0150,2025-12-14 10:36:00,TMĐT - Shopee,NV10,Đã giao
DH002619,KH0414,2025-12-14 11:11:00,Bán lẻ trực tiếp,NV19,Đã giao
DH006887,KH0089,2025-12-14 11:11:00,TMĐT - Tiki,NV27,Đã giao
DH004471,KH0262,2025-12-14 12:17:00,TMĐT - Tiki,NV06,Đã giao
DH008565,KH0352,2025-12-14 13:01:00,Bán lẻ trực tiếp,NV03,Đã giao
DH001562,KH0027,2025-12-14 15:46:00,Đại lý,NV13,Đã giao
DH000674,KH0346,2025-12-14 18:21:00,Đại lý,NV08,Đã giao
DH005980,KH0400,2025-12-14 19:36:00,TMĐT - Tiki,NV24,Đang xử lý
DH008791,KH0314,2025-12-14 19:51:00,Đại lý,NV13,Đã giao
DH009188,KH0262,2025-12-14 23:45:00,TMĐT - Tiki,NV30,Đã giao
DH009261,KH0391,2025-12-15 01:16:00,Đại lý,NV28,Đã giao
DH001767,KH0188,2025-12-15 02:05:00,TMĐT - Shopee,NV02,Đã giao
DH007776,KH0316,2025-12-15 02:51:00,Showroom,NV22,Đã giao
DH005319,KH0306,2025-12-15 05:59:00,TMĐT - Lazada,NV13,Đã giao
DH008025,KH0248,2025-12-15 08:40:00,Bán lẻ trực tiếp,NV11,Đã giao
DH004563,KH0325,2025-12-15 09:57:00,TMĐT - Shopee,NV24,Đã giao
DH009373,KH0113,2025-12-15 11:15:00,TMĐT - Tiki,NV04,Đã giao
DH011759,KH0135,2025-12-15 11:33:00,TMĐT - Tiki,NV07,Mới
DH003539,KH0044,2025-12-15 11:33:00,Đại lý,NV06,Đã giao
DH004926,KH0241,2025-12-15 11:49:00,Bán lẻ trực tiếp,NV30,Đã giao
DH000366,KH0324,2025-12-15 12:22:00,Đại lý,NV19,Đã giao
DH006180,KH0035,2025-12-15 12:30:00,Bán lẻ trực tiếp,NV06,Đã giao
DH006356,KH0242,2025-12-15 12:57:00,TMĐT - Shopee,NV18,Đã giao
DH002948,KH0396,2025-12-15 13:26:00,Showroom,NV08,Đã giao
DH009767,KH0140,2025-12-15 14:13:00,TMĐT - Lazada,NV16,Đang xử lý
DH004711,KH0113,2025-12-15 14:20:00,TMĐT - Lazada,NV15,Đã giao
DH009394,KH0116,2025-12-15 15:15:00,TMĐT - Shopee,NV12,Đang xử lý
DH011192,KH0008,2025-12-15 15:23:00,TMĐT - Tiki,NV29,Mới
DH008431,KH0262,2025-12-15 15:38:00,TMĐT - Shopee,NV21,Đã giao
DH006840,KH0438,2025-12-15 17:22:00,Showroom,NV05,Đã giao
DH000574,KH0396,2025-12-15 18:37:00,TMĐT - Tiki,NV18,Đã giao
DH010536,KH0424,2025-12-15 19:51:00,TMĐT - Tiki,NV18,Đang xử lý
DH002209,KH0265,2025-12-15 19:54:00,Đại lý,NV10,Đã giao
DH002815,KH0262,2025-12-15 20:09:00,Bán lẻ trực tiếp,NV01,Đã giao
DH008302,KH0268,2025-12-15 21:15:00,TMĐT - Tiki,NV14,Đã giao
DH001195,KH0447,2025-12-15 22:25:00,TMĐT - Tiki,NV07,Đã giao
DH008962,KH0323,2025-12-15 23:00:00,TMĐT - Tiki,NV26,Đã giao
DH011926,KH0012,2025-12-15 23:53:00,TMĐT - Tiki,NV21,Đã giao
DH000977,KH0056,2025-12-16 00:03:00,Đại lý,NV30,Đã hủy
DH000298,KH0141,2025-12-16 00:04:00,TMĐT - Shopee,NV11,Đã giao
DH001469,KH0088,2025-12-16 00:57:00,TMĐT - Shopee,NV28,Đã giao
DH011420,KH0257,2025-12-16 02:15:00,TMĐT - Lazada,NV21,Trả hàng
DH010205,KH0421,2025-12-16 04:11:00,Bán lẻ trực tiếp,NV01,Đã giao
DH002985,KH0012,2025-12-16 05:52:00,TMĐT - Lazada,NV07,Đang xử lý
DH010208,KH0257,2025-12-16 07:14:00,TMĐT - Lazada,NV03,Đang xử lý
DH005334,KH0274,2025-12-16 08:21:00,Showroom,NV17,Đã giao
DH004646,KH0227,2025-12-16 09:17:00,Đại lý,NV19,Mới
DH000419,KH0447,2025-12-16 09:30:00,Đại lý,NV27,Đã giao
DH003932,KH0377,2025-12-16 09:36:00,TMĐT - Lazada,NV14,Đang xử lý
DH005124,KH0425,2025-12-16 11:15:00,Showroom,NV27,Đã giao
DH009255,KH0249,2025-12-16 12:01:00,Showroom,NV02,Đã giao
DH010311,KH0321,2025-12-16 12:10:00,TMĐT - Lazada,NV25,Đã giao
DH005638,KH0179,2025-12-16 12:14:00,TMĐT - Tiki,NV08,Trả hàng
DH001969,KH0442,2025-12-16 12:47:00,TMĐT - Tiki,NV17,Đã giao
DH011396,KH0212,2025-12-16 13:30:00,TMĐT - Lazada,NV22,Đã hủy
DH008164,KH0248,2025-12-16 16:34:00,Đại lý,NV28,Đã giao
DH001429,KH0385,2025-12-16 16:48:00,Showroom,NV24,Đã giao
DH003768,KH0376,2025-12-16 17:00:00,Showroom,NV08,Đã giao
DH000970,KH0433,2025-12-16 17:27:00,Đại lý,NV06,Đang xử lý
DH005138,KH0447,2025-12-16 19:06:00,TMĐT - Lazada,NV24,Đang xử lý
DH001630,KH0158,2025-12-16 21:39:00,Bán lẻ trực tiếp,NV17,Đã giao
DH001940,KH0035,2025-12-16 21:48:00,Đại lý,NV20,Đã giao
DH010122,KH0158,2025-12-16 22:16:00,TMĐT - Shopee,NV04,Đã giao
DH004437,KH0179,2025-12-17 01:12:00,Showroom,NV25,Đã giao
DH001296,KH0265,2025-12-17 02:05:00,TMĐT - Tiki,NV12,Đã hủy
DH005328,KH0367,2025-12-17 04:42:00,TMĐT - Shopee,NV07,Mới
DH006127,KH0445,2025-12-17 05:34:00,Đại lý,NV23,Đã giao
DH004672,KH0442,2025-12-17 06:30:00,Showroom,NV10,Đã hủy
DH011977,KH0071,2025-12-17 06:40:00,Đại lý,NV10,Đã giao
DH011704,KH0140,2025-12-17 08:50:00,TMĐT - Tiki,NV09,Đã giao
DH000049,KH0056,2025-12-17 09:21:00,Đại lý,NV05,Đã giao
DH008655,KH0082,2025-12-17 09:32:00,Showroom,NV03,Đã giao
DH002617,KH0190,2025-12-17 10:07:00,Đại lý,NV23,Đang xử lý
DH002954,KH0406,2025-12-17 11:08:00,Showroom,NV15,Đã giao
DH009395,KH0070,2025-12-17 11:17:00,Showroom,NV25,Đã giao
DH010227,KH0035,2025-12-17 11:32:00,Bán lẻ trực tiếp,NV09,Đã giao
DH003516,KH0286,2025-12-17 14:27:00,Showroom,NV22,Đã giao
DH005960,KH0325,2025-12-17 14:49:00,Đại lý,NV13,Đã giao
DH008529,KH0314,2025-12-17 16:36:00,TMĐT - Tiki,NV06,Đã giao
DH008234,KH0365,2025-12-17 17:12:00,TMĐT - Lazada,NV03,Đã giao
DH008963,KH0052,2025-12-17 17:27:00,TMĐT - Lazada,NV30,Đã giao
DH011856,KH0265,2025-12-17 20:39:00,TMĐT - Lazada,NV24,Đã giao
DH007363,KH0122,2025-12-17 20:56:00,Đại lý,NV13,Đã giao
DH009363,KH0409,2025-12-17 21:52:00,TMĐT - Tiki,NV21,Đã giao
DH002858,KH0365,2025-12-17 22:39:00,Đại lý,NV29,Đã giao
DH001503,KH0077,2025-12-17 23:50:00,TMĐT - Shopee,NV03,Đã giao
DH007007,KH0360,2025-12-18 00:48:00,Đại lý,NV19,Đã giao
DH009584,KH0198,2025-12-18 01:21:00,TMĐT - Tiki,NV14,Đang xử lý
DH001646,KH0063,2025-12-18 02:08:00,TMĐT - Shopee,NV28,Trả hàng
DH008252,KH0014,2025-12-18 02:17:00,Bán lẻ trực tiếp,NV03,Đã giao
DH011107,KH0056,2025-12-18 03:08:00,TMĐT - Lazada,NV01,Đã giao
DH011601,KH0432,2025-12-18 03:41:00,Đại lý,NV19,Đã giao
DH000310,KH0268,2025-12-18 05:30:00,Bán lẻ trực tiếp,NV05,Đã giao
DH006929,KH0448,2025-12-18 06:10:00,Bán lẻ trực tiếp,NV26,Đã giao
DH005917,KH0233,2025-12-18 09:14:00,Showroom,NV09,Đã giao
DH011114,KH0347,2025-12-18 11:47:00,TMĐT - Tiki,NV30,Mới
DH003396,KH0051,2025-12-18 12:55:00,TMĐT - Tiki,NV04,Mới
DH009894,KH0116,2025-12-18 13:01:00,TMĐT - Shopee,NV04,Đã giao
DH003794,KH0066,2025-12-18 13:22:00,Đại lý,NV10,Mới
DH006342,KH0390,2025-12-18 14:22:00,Bán lẻ trực tiếp,NV27,Đang xử lý
DH004489,KH0236,2025-12-18 15:12:00,TMĐT - Tiki,NV03,Đang xử lý
DH011800,KH0273,2025-12-18 15:18:00,TMĐT - Lazada,NV28,Đã giao
DH004296,KH0108,2025-12-18 17:11:00,TMĐT - Lazada,NV17,Đã giao
DH005325,KH0035,2025-12-18 17:56:00,TMĐT - Tiki,NV11,Đã giao
DH001455,KH0447,2025-12-18 18:04:00,Đại lý,NV21,Đã giao
DH009628,KH0177,2025-12-18 18:07:00,TMĐT - Tiki,NV09,Đã giao
DH006157,KH0093,2025-12-18 18:34:00,Đại lý,NV16,Đã giao
DH006734,KH0198,2025-12-18 18:48:00,Bán lẻ trực tiếp,NV15,Đã giao
DH011025,KH0132,2025-12-19 00:35:00,Đại lý,NV23,Đã giao
DH001943,KH0122,2025-12-19 01:06:00,Bán lẻ trực tiếp,NV07,Đã giao
DH007734,KH0253,2025-12-19 01:09:00,Bán lẻ trực tiếp,NV23,Đang xử lý
DH007175,KH0391,2025-12-19 03:00:00,TMĐT - Shopee,NV13,Đã giao
DH011477,KH0012,2025-12-19 03:05:00,Đại lý,NV13,Đã giao
DH004254,KH0409,2025-12-19 03:07:00,Bán lẻ trực tiếp,NV16,Đã giao
DH010787,KH0207,2025-12-19 03:19:00,TMĐT - Shopee,NV12,Đã giao
DH002158,KH0051,2025-12-19 04:16:00,TMĐT - Shopee,NV24,Đang xử lý
DH011279,KH0257,2025-12-19 07:05:00,TMĐT - Shopee,NV28,Đã giao
DH006253,KH0105,2025-12-19 07:17:00,Showroom,NV30,Đã giao
DH005457,KH0248,2025-12-19 08:25:00,Bán lẻ trực tiếp,NV03,Đã giao
DH008933,KH0075,2025-12-19 08:50:00,Bán lẻ trực tiếp,NV12,Đã giao
DH004349,KH0262,2025-12-19 08:57:00,TMĐT - Tiki,NV27,Đã giao
DH007267,KH0248,2025-12-19 10:36:00,Showroom,NV17,Đã giao
DH010899,KH0051,2025-12-19 11:27:00,TMĐT - Lazada,NV01,Đã giao
DH009858,KH0035,2025-12-19 12:12:00,TMĐT - Lazada,NV13,Đã giao
DH006155,KH0108,2025-12-19 12:29:00,Bán lẻ trực tiếp,NV06,Đã giao
DH004027,KH0246,2025-12-19 13:02:00,TMĐT - Shopee,NV08,Đã giao
DH009959,KH0105,2025-12-19 13:10:00,Đại lý,NV06,Đã giao
DH008877,KH0070,2025-12-19 13:47:00,Bán lẻ trực tiếp,NV30,Đã giao
DH003749,KH0155,2025-12-19 15:13:00,Đại lý,NV27,Đã giao
DH004978,KH0352,2025-12-19 15:40:00,TMĐT - Lazada,NV19,Đã giao
DH010134,KH0442,2025-12-19 17:04:00,TMĐT - Tiki,NV27,Đã giao
DH010485,KH0391,2025-12-19 17:38:00,Showroom,NV16,Đã giao
DH005205,KH0201,2025-12-19 20:33:00,TMĐT - Tiki,NV29,Đã giao
DH011518,KH0274,2025-12-19 20:37:00,Showroom,NV05,Đã giao
DH008481,KH0256,2025-12-19 21:07:00,Bán lẻ trực tiếp,NV16,Đã giao
DH011389,KH0056,2025-12-19 21:42:00,Bán lẻ trực tiếp,NV03,Đã giao
DH006520,KH0273,2025-12-19 21:49:00,TMĐT - Lazada,NV11,Đang xử lý
DH009371,KH0428,2025-12-20 00:37:00,Showroom,NV23,Đã giao
DH008297,KH0265,2025-12-20 01:45:00,TMĐT - Shopee,NV05,Đã giao
DH008146,KH0327,2025-12-20 02:28:00,TMĐT - Lazada,NV30,Đã giao
DH009275,KH0141,2025-12-20 02:43:00,Đại lý,NV12,Đã giao
DH000876,KH0241,2025-12-20 03:48:00,Showroom,NV19,Đã giao
DH000713,KH0446,2025-12-20 07:28:00,TMĐT - Shopee,NV08,Đã giao
DH011753,KH0070,2025-12-20 10:05:00,TMĐT - Lazada,NV17,Đã giao
DH003452,KH0249,2025-12-20 13:55:00,TMĐT - Tiki,NV14,Đã giao
DH006986,KH0364,2025-12-20 14:50:00,Đại lý,NV16,Đã giao
DH011111,KH0141,2025-12-20 15:24:00,TMĐT - Tiki,NV25,Đã giao
DH009778,KH0314,2025-12-20 16:50:00,Bán lẻ trực tiếp,NV04,Đã giao
DH002350,KH0377,2025-12-20 17:13:00,TMĐT - Shopee,NV30,Đã giao
DH008941,KH0325,2025-12-20 17:20:00,Đại lý,NV30,Đã giao
DH006750,KH0332,2025-12-20 17:28:00,Showroom,NV08,Đang xử lý
DH008785,KH0400,2025-12-20 17:55:00,TMĐT - Shopee,NV25,Đã giao
DH006704,KH0272,2025-12-20 18:04:00,Đại lý,NV30,Đang xử lý
DH011543,KH0447,2025-12-20 18:35:00,TMĐT - Tiki,NV14,Đã giao
DH010428,KH0391,2025-12-20 19:02:00,TMĐT - Tiki,NV14,Đã giao
DH005153,KH0326,2025-12-20 19:36:00,Đại lý,NV04,Đã giao
DH007936,KH0199,2025-12-20 19:39:00,TMĐT - Shopee,NV26,Đã giao
DH001226,KH0352,2025-12-20 21:57:00,TMĐT - Tiki,NV18,Đã hủy
DH003565,KH0010,2025-12-20 23:01:00,TMĐT - Shopee,NV30,Đã giao
DH008506,KH0095,2025-12-20 23:40:00,Bán lẻ trực tiếp,NV26,Đã giao
DH007985,KH0183,2025-12-20 23:54:00,TMĐT - Lazada,NV06,Mới
DH000011,KH0391,2025-12-21 00:49:00,TMĐT - Shopee,NV06,Đã giao
DH006665,KH0170,2025-12-21 01:17:00,TMĐT - Shopee,NV21,Đã giao
DH005487,KH0359,2025-12-21 02:04:00,Bán lẻ trực tiếp,NV21,Đã giao
DH000306,KH0134,2025-12-21 02:50:00,TMĐT - Lazada,NV24,Đang xử lý
DH007078,KH0359,2025-12-21 02:56:00,Showroom,NV23,Đang xử lý
DH002124,KH0130,2025-12-21 05:25:00,TMĐT - Lazada,NV14,Đã giao
DH001032,KH0215,2025-12-21 05:40:00,Đại lý,NV28,Mới
DH011580,KH0446,2025-12-21 06:21:00,Bán lẻ trực tiếp,NV24,Đã giao
DH002130,KH0089,2025-12-21 06:45:00,Đại lý,NV22,Đã giao
DH008838,KH0274,2025-12-21 07:30:00,TMĐT - Lazada,NV04,Đã giao
DH005101,KH0287,2025-12-21 08:59:00,Showroom,NV19,Đang xử lý
DH002064,KH0442,2025-12-21 10:37:00,Showroom,NV27,Đã giao
DH000565,KH0306,2025-12-21 11:18:00,Đại lý,NV28,Đã hủy
DH003590,KH0196,2025-12-21 11:29:00,Đại lý,NV13,Đã giao
DH006679,KH0326,2025-12-21 12:11:00,Showroom,NV19,Đã giao
DH006694,KH0396,2025-12-21 13:17:00,Đại lý,NV14,Đã giao
DH007223,KH0386,2025-12-21 13:53:00,TMĐT - Shopee,NV13,Đã giao
DH011136,KH0053,2025-12-21 14:03:00,TMĐT - Shopee,NV20,Đang xử lý
DH010723,KH0306,2025-12-21 16:46:00,TMĐT - Tiki,NV30,Đã hủy
DH005775,KH0267,2025-12-21 18:05:00,TMĐT - Lazada,NV19,Đã giao
DH007160,KH0051,2025-12-21 19:21:00,Bán lẻ trực tiếp,NV25,Đã giao
DH009342,KH0348,2025-12-21 20:29:00,Showroom,NV09,Đã giao
DH008264,KH0307,2025-12-21 21:20:00,TMĐT - Tiki,NV16,Đã giao
DH000754,KH0070,2025-12-21 21:57:00,TMĐT - Lazada,NV02,Mới
DH001220,KH0447,2025-12-21 22:27:00,TMĐT - Tiki,NV12,Đã giao
DH005904,KH0409,2025-12-21 22:31:00,Bán lẻ trực tiếp,NV06,Đang xử lý
DH000111,KH0322,2025-12-21 22:50:00,Showroom,NV03,Đã giao
DH006898,KH0034,2025-12-21 23:42:00,TMĐT - Shopee,NV17,Đã giao
DH010540,KH0187,2025-12-22 00:52:00,TMĐT - Tiki,NV19,Đã giao
DH001267,KH0135,2025-12-22 03:45:00,TMĐT - Tiki,NV13,Đã giao
DH006022,KH0111,2025-12-22 04:27:00,Bán lẻ trực tiếp,NV08,Đã giao
DH003022,KH0249,2025-12-22 05:36:00,TMĐT - Lazada,NV17,Đã giao
DH007243,KH0252,2025-12-22 05:51:00,Đại lý,NV25,Đã giao
DH006023,KH0314,2025-12-22 08:05:00,TMĐT - Tiki,NV04,Đã giao
DH007421,KH0402,2025-12-22 08:41:00,Đại lý,NV12,Đã giao
DH009059,KH0087,2025-12-22 10:44:00,TMĐT - Tiki,NV26,Đã giao
DH003648,KH0018,2025-12-22 10:50:00,TMĐT - Shopee,NV19,Đã giao
DH002752,KH0280,2025-12-22 13:20:00,Đại lý,NV18,Đã giao
DH002623,KH0192,2025-12-22 13:40:00,Bán lẻ trực tiếp,NV14,Trả hàng
DH006939,KH0156,2025-12-22 17:58:00,TMĐT - Shopee,NV01,Đã giao
DH010568,KH0407,2025-12-22 17:59:00,TMĐT - Lazada,NV23,Đã giao
DH011331,KH0306,2025-12-22 19:05:00,TMĐT - Tiki,NV30,Đã hủy
DH005495,KH0127,2025-12-22 19:17:00,Bán lẻ trực tiếp,NV03,Đã giao
DH004422,KH0034,2025-12-22 20:20:00,Đại lý,NV24,Đã hủy
DH003799,KH0442,2025-12-22 20:48:00,Đại lý,NV11,Đã giao
DH009289,KH0306,2025-12-22 21:15:00,TMĐT - Shopee,NV14,Đã giao
DH001163,KH0262,2025-12-22 22:09:00,TMĐT - Shopee,NV16,Đã hủy
DH004477,KH0304,2025-12-22 22:14:00,TMĐT - Tiki,NV21,Đã giao
DH005304,KH0396,2025-12-22 22:28:00,Bán lẻ trực tiếp,NV29,Trả hàng
DH004697,KH0274,2025-12-22 22:28:00,TMĐT - Tiki,NV12,Mới
DH005329,KH0242,2025-12-22 22:37:00,Đại lý,NV19,Đã giao
DH002396,KH0135,2025-12-22 22:52:00,TMĐT - Shopee,NV19,Đã giao
DH001987,KH0391,2025-12-23 00:10:00,TMĐT - Lazada,NV22,Đã giao
DH007627,KH0277,2025-12-23 01:16:00,TMĐT - Tiki,NV27,Đã giao
DH001616,KH0140,2025-12-23 02:07:00,TMĐT - Lazada,NV15,Đã giao
DH009218,KH0389,2025-12-23 02:33:00,Showroom,NV03,Đã giao
DH009574,KH0155,2025-12-23 03:38:00,TMĐT - Shopee,NV28,Đã giao
DH004682,KH0447,2025-12-23 03:44:00,TMĐT - Lazada,NV13,Đã giao
DH001457,KH0289,2025-12-23 03:53:00,Đại lý,NV01,Đã giao
DH002473,KH0262,2025-12-23 07:27:00,TMĐT - Tiki,NV09,Đã giao
DH006845,KH0274,2025-12-23 07:32:00,Bán lẻ trực tiếp,NV18,Đã giao
DH009595,KH0391,2025-12-23 08:18:00,TMĐT - Shopee,NV14,Đang xử lý
DH005538,KH0157,2025-12-23 08:52:00,Đại lý,NV08,Đã giao
DH002471,KH0183,2025-12-23 08:58:00,Bán lẻ trực tiếp,NV21,Đã giao
DH003762,KH0257,2025-12-23 10:14:00,TMĐT - Shopee,NV26,Đã giao
DH007002,KH0262,2025-12-23 11:29:00,TMĐT - Shopee,NV15,Đã giao
DH005833,KH0236,2025-12-23 12:39:00,TMĐT - Tiki,NV07,Mới
DH001286,KH0439,2025-12-23 13:23:00,Bán lẻ trực tiếp,NV29,Đã giao
DH002188,KH0016,2025-12-23 13:44:00,Showroom,NV27,Đã giao
DH007493,KH0204,2025-12-23 14:14:00,TMĐT - Lazada,NV15,Đã giao
DH001110,KH0392,2025-12-23 14:27:00,TMĐT - Lazada,NV30,Đã giao
DH002481,KH0283,2025-12-23 14:30:00,TMĐT - Shopee,NV06,Đã giao
DH007196,KH0447,2025-12-23 14:30:00,TMĐT - Tiki,NV30,Đã giao
DH000830,KH0402,2025-12-23 15:23:00,TMĐT - Lazada,NV13,Đã giao
DH011096,KH0288,2025-12-23 16:00:00,Bán lẻ trực tiếp,NV11,Trả hàng
DH009821,KH0122,2025-12-23 17:37:00,TMĐT - Tiki,NV02,Đã giao
DH005557,KH0055,2025-12-23 17:59:00,Đại lý,NV22,Đã giao
DH009288,KH0365,2025-12-23 18:34:00,TMĐT - Shopee,NV13,Đã giao
DH010110,KH0096,2025-12-23 21:19:00,TMĐT - Tiki,NV01,Đã giao
DH001472,KH0253,2025-12-23 22:31:00,TMĐT - Shopee,NV14,Đã giao
DH010250,KH0140,2025-12-23 23:12:00,Đại lý,NV29,Trả hàng
DH003227,KH0070,2025-12-23 23:32:00,TMĐT - Tiki,NV17,Đã giao
DH011209,KH0290,2025-12-24 00:03:00,Bán lẻ trực tiếp,NV19,Đã giao
DH004021,KH0181,2025-12-24 00:08:00,TMĐT - Shopee,NV20,Đã giao
DH003423,KH0241,2025-12-24 00:19:00,TMĐT - Tiki,NV12,Đã giao
DH010152,KH0034,2025-12-24 00:36:00,Showroom,NV15,Đã giao
DH004350,KH0399,2025-12-24 00:45:00,Showroom,NV26,Đang xử lý
DH006338,KH0001,2025-12-24 00:56:00,Đại lý,NV21,Đã giao
DH003278,KH0272,2025-12-24 01:04:00,Showroom,NV15,Đã giao
DH005007,KH0262,2025-12-24 01:16:00,Đại lý,NV14,Đã giao
DH007068,KH0105,2025-12-24 01:47:00,TMĐT - Lazada,NV20,Đã giao
DH010055,KH0322,2025-12-24 03:49:00,Đại lý,NV13,Đã giao
DH008773,KH0119,2025-12-24 04:05:00,TMĐT - Shopee,NV21,Đang xử lý
DH002671,KH0412,2025-12-24 04:29:00,Bán lẻ trực tiếp,NV11,Đã giao
DH005865,KH0036,2025-12-24 04:29:00,TMĐT - Shopee,NV15,Trả hàng
DH002182,KH0119,2025-12-24 04:30:00,TMĐT - Shopee,NV22,Đã giao
DH003300,KH0193,2025-12-24 06:27:00,TMĐT - Lazada,NV08,Đã hủy
DH008371,KH0070,2025-12-24 07:13:00,Đại lý,NV05,Đã hủy
DH001825,KH0248,2025-12-24 07:32:00,TMĐT - Lazada,NV19,Đã giao
DH009818,KH0442,2025-12-24 07:37:00,Showroom,NV02,Đã giao
DH005876,KH0044,2025-12-24 07:51:00,Showroom,NV25,Đã giao
DH005660,KH0033,2025-12-24 09:46:00,TMĐT - Tiki,NV15,Đã giao
DH008543,KH0035,2025-12-24 10:19:00,TMĐT - Shopee,NV05,Đã giao
DH004884,KH0274,2025-12-24 11:04:00,TMĐT - Lazada,NV30,Trả hàng
DH011796,KH0121,2025-12-24 14:50:00,Đại lý,NV25,Đã giao
DH011394,KH0302,2025-12-24 16:37:00,TMĐT - Tiki,NV27,Đang xử lý
DH003144,KH0274,2025-12-24 17:13:00,TMĐT - Shopee,NV29,Đã giao
DH000500,KH0140,2025-12-24 18:15:00,Đại lý,NV14,Mới
DH001177,KH0055,2025-12-24 18:52:00,Đại lý,NV29,Đã giao
DH001078,KH0130,2025-12-24 19:16:00,Đại lý,NV23,Đã giao
DH009811,KH0125,2025-12-24 19:56:00,Đại lý,NV17,Đang xử lý
DH004104,KH0391,2025-12-24 21:18:00,Đại lý,NV27,Đang xử lý
DH000576,KH0281,2025-12-24 21:57:00,TMĐT - Lazada,NV18,Đã giao
DH005929,KH0428,2025-12-24 23:18:00,Showroom,NV16,Đã giao
DH010211,KH0183,2025-12-24 23:44:00,Showroom,NV13,Đã giao
DH006958,KH0220,2025-12-25 00:29:00,TMĐT - Shopee,NV27,Đã giao
DH010401,KH0135,2025-12-25 02:12:00,TMĐT - Tiki,NV12,Đã giao
DH002375,KH0355,2025-12-25 02:17:00,Showroom,NV03,Đã giao
DH008814,KH0389,2025-12-25 03:08:00,TMĐT - Tiki,NV02,Đã giao
DH005226,KH0122,2025-12-25 03:17:00,Bán lẻ trực tiếp,NV14,Đã giao
DH010032,KH0222,2025-12-25 04:52:00,Showroom,NV09,Đã giao
DH000101,KH0053,2025-12-25 06:04:00,Showroom,NV07,Đã giao
DH011522,KH0116,2025-12-25 06:41:00,Đại lý,NV18,Đã giao
DH006693,KH0253,2025-12-25 07:52:00,TMĐT - Tiki,NV13,Đã giao
DH005550,KH0070,2025-12-25 10:20:00,TMĐT - Shopee,NV25,Đã giao
DH008667,KH0287,2025-12-25 11:10:00,Bán lẻ trực tiếp,NV11,Đã giao
DH006271,KH0391,2025-12-25 11:11:00,Bán lẻ trực tiếp,NV26,Đã giao
DH006046,KH0201,2025-12-25 12:32:00,TMĐT - Tiki,NV27,Đã giao
DH005067,KH0281,2025-12-25 13:53:00,TMĐT - Shopee,NV26,Đang xử lý
DH000286,KH0187,2025-12-25 14:36:00,TMĐT - Shopee,NV05,Đã giao
DH000608,KH0447,2025-12-25 16:02:00,Đại lý,NV29,Đã giao
DH010939,KH0012,2025-12-25 16:18:00,Đại lý,NV19,Đã giao
DH010535,KH0414,2025-12-25 17:17:00,TMĐT - Tiki,NV06,Đang xử lý
DH005889,KH0365,2025-12-25 19:48:00,TMĐT - Shopee,NV21,Đã giao
DH010086,KH0302,2025-12-25 20:17:00,Bán lẻ trực tiếp,NV25,Đã giao
DH008823,KH0166,2025-12-25 21:51:00,Bán lẻ trực tiếp,NV23,Đang xử lý
DH001891,KH0384,2025-12-25 23:22:00,TMĐT - Shopee,NV22,Đã giao
DH011205,KH0391,2025-12-26 01:23:00,Đại lý,NV03,Đã giao
DH007474,KH0183,2025-12-26 03:49:00,Showroom,NV16,Đã giao
DH005610,KH0092,2025-12-26 03:55:00,TMĐT - Tiki,NV23,Đang xử lý
DH008782,KH0281,2025-12-26 05:18:00,TMĐT - Tiki,NV11,Đã giao
DH010406,KH0249,2025-12-26 06:43:00,Showroom,NV27,Đang xử lý
DH003328,KH0193,2025-12-26 07:46:00,Showroom,NV16,Đã giao
DH005649,KH0303,2025-12-26 07:48:00,Đại lý,NV28,Đã giao
DH008321,KH0126,2025-12-26 08:16:00,TMĐT - Tiki,NV29,Đã giao
DH006525,KH0391,2025-12-26 08:29:00,Bán lẻ trực tiếp,NV16,Đã giao
DH006304,KH0200,2025-12-26 09:23:00,TMĐT - Lazada,NV18,Đã giao
DH009695,KH0002,2025-12-26 10:44:00,TMĐT - Lazada,NV05,Đã giao
DH007451,KH0141,2025-12-26 10:56:00,Bán lẻ trực tiếp,NV21,Đã giao
DH007742,KH0447,2025-12-26 11:03:00,Bán lẻ trực tiếp,NV16,Đã giao
DH001613,KH0235,2025-12-26 11:42:00,TMĐT - Tiki,NV28,Đã giao
DH008484,KH0243,2025-12-26 13:34:00,TMĐT - Shopee,NV22,Đã giao
DH001551,KH0325,2025-12-26 13:56:00,Đại lý,NV20,Đã giao
DH004085,KH0402,2025-12-26 16:23:00,TMĐT - Shopee,NV27,Đã giao
DH006793,KH0422,2025-12-26 16:51:00,Bán lẻ trực tiếp,NV17,Đã hủy
DH004185,KH0281,2025-12-26 17:23:00,TMĐT - Tiki,NV02,Đã giao
DH003177,KH0446,2025-12-26 21:17:00,Đại lý,NV25,Mới
DH000336,KH0306,2025-12-26 21:19:00,TMĐT - Tiki,NV06,Đang xử lý
DH009994,KH0225,2025-12-26 22:34:00,TMĐT - Shopee,NV25,Đã giao
DH000034,KH0065,2025-12-26 22:39:00,Showroom,NV03,Đã giao
DH007091,KH0274,2025-12-26 23:32:00,TMĐT - Lazada,NV07,Đã hủy
DH010245,KH0400,2025-12-27 00:09:00,Đại lý,NV02,Đã giao
DH003146,KH0262,2025-12-27 04:02:00,TMĐT - Tiki,NV21,Đã giao
DH010642,KH0247,2025-12-27 04:38:00,TMĐT - Lazada,NV08,Mới
DH011626,KH0412,2025-12-27 05:24:00,TMĐT - Shopee,NV16,Đã hủy
DH003599,KH0391,2025-12-27 06:17:00,TMĐT - Lazada,NV04,Đã giao
DH006034,KH0147,2025-12-27 06:49:00,Đại lý,NV10,Đã giao
DH010305,KH0358,2025-12-27 07:22:00,TMĐT - Tiki,NV06,Đã giao
DH010219,KH0391,2025-12-27 10:13:00,Bán lẻ trực tiếp,NV13,Đã giao
DH010309,KH0227,2025-12-27 10:36:00,Bán lẻ trực tiếp,NV28,Đã giao
DH006959,KH0414,2025-12-27 12:58:00,Đại lý,NV26,Đã giao
DH007962,KH0113,2025-12-27 14:48:00,TMĐT - Lazada,NV09,Đã giao
DH007031,KH0447,2025-12-27 17:22:00,Bán lẻ trực tiếp,NV10,Đã giao
DH008538,KH0315,2025-12-27 18:43:00,TMĐT - Lazada,NV20,Đã giao
DH005906,KH0326,2025-12-27 19:07:00,TMĐT - Tiki,NV17,Đã giao
DH004772,KH0111,2025-12-27 19:30:00,Bán lẻ trực tiếp,NV05,Đã giao
DH004271,KH0160,2025-12-27 21:22:00,TMĐT - Shopee,NV09,Đang xử lý
DH010449,KH0364,2025-12-28 00:10:00,TMĐT - Lazada,NV14,Đã giao
DH010797,KH0063,2025-12-28 04:23:00,TMĐT - Tiki,NV21,Đã giao
DH007105,KH0155,2025-12-28 04:26:00,TMĐT - Tiki,NV30,Đã hủy
DH000201,KH0183,2025-12-28 06:51:00,TMĐT - Shopee,NV14,Đã giao
DH001117,KH0293,2025-12-28 09:11:00,Showroom,NV02,Đã giao
DH004374,KH0306,2025-12-28 10:11:00,Showroom,NV29,Trả hàng
DH007648,KH0359,2025-12-28 10:39:00,Đại lý,NV30,Đã giao
DH003659,KH0044,2025-12-28 11:00:00,TMĐT - Shopee,NV17,Đã giao
DH011790,KH0141,2025-12-28 11:39:00,Đại lý,NV17,Đã giao
DH007901,KH0193,2025-12-28 13:34:00,Đại lý,NV17,Đang xử lý
DH010827,KH0034,2025-12-28 14:43:00,Đại lý,NV30,Đã giao
DH009167,KH0412,2025-12-28 15:39:00,TMĐT - Lazada,NV23,Mới
DH008682,KH0166,2025-12-28 16:51:00,Đại lý,NV24,Đã giao
DH003563,KH0177,2025-12-28 17:17:00,Bán lẻ trực tiếp,NV28,Đã giao
DH004895,KH0438,2025-12-28 18:44:00,Bán lẻ trực tiếp,NV14,Đã hủy
DH007934,KH0070,2025-12-28 19:28:00,TMĐT - Shopee,NV04,Đã giao
DH011698,KH0173,2025-12-28 20:01:00,Bán lẻ trực tiếp,NV27,Đã giao
DH010384,KH0386,2025-12-28 21:05:00,Bán lẻ trực tiếp,NV24,Đang xử lý
DH004235,KH0433,2025-12-28 21:31:00,Đại lý,NV15,Đã giao
DH007444,KH0306,2025-12-28 21:41:00,TMĐT - Lazada,NV18,Đã giao
DH005912,KH0442,2025-12-29 01:04:00,TMĐT - Lazada,NV19,Đã hủy
DH002730,KH0262,2025-12-29 01:32:00,TMĐT - Tiki,NV12,Đã giao
DH005754,KH0134,2025-12-29 02:15:00,Bán lẻ trực tiếp,NV01,Đã giao
DH006308,KH0391,2025-12-29 03:51:00,TMĐT - Tiki,NV02,Đã giao
DH001747,KH0187,2025-12-29 05:17:00,Bán lẻ trực tiếp,NV20,Đang xử lý
DH010421,KH0442,2025-12-29 05:57:00,TMĐT - Lazada,NV20,Đã giao
DH007201,KH0391,2025-12-29 06:42:00,Showroom,NV01,Đã giao
DH008743,KH0364,2025-12-29 06:43:00,Showroom,NV22,Đã giao
DH000581,KH0384,2025-12-29 07:04:00,Showroom,NV24,Đã giao
DH004225,KH0189,2025-12-29 08:02:00,Đại lý,NV04,Đã giao
DH010785,KH0447,2025-12-29 08:55:00,Showroom,NV08,Đã giao
DH003217,KH0426,2025-12-29 09:09:00,Bán lẻ trực tiếp,NV07,Đang xử lý
DH000594,KH0227,2025-12-29 09:38:00,TMĐT - Tiki,NV07,Đã giao
DH004986,KH0061,2025-12-29 11:43:00,Showroom,NV07,Đang xử lý
DH006203,KH0278,2025-12-29 11:48:00,Bán lẻ trực tiếp,NV21,Đã giao
DH007213,KH0257,2025-12-29 12:11:00,TMĐT - Tiki,NV04,Đang xử lý
DH008115,KH0262,2025-12-29 12:19:00,TMĐT - Tiki,NV03,Đã giao
DH010654,KH0026,2025-12-29 12:24:00,Showroom,NV04,Trả hàng
DH000568,KH0236,2025-12-29 14:02:00,TMĐT - Tiki,NV08,Đã giao
DH005355,KH0049,2025-12-29 15:59:00,Bán lẻ trực tiếp,NV19,Đã giao
DH005964,KH0249,2025-12-29 16:08:00,Showroom,NV19,Đã giao
DH006012,KH0116,2025-12-29 16:08:00,TMĐT - Lazada,NV20,Đang xử lý
DH010204,KH0140,2025-12-29 17:25:00,Bán lẻ trực tiếp,NV09,Đã giao
DH002764,KH0222,2025-12-29 17:58:00,Đại lý,NV17,Đã giao
DH004439,KH0367,2025-12-29 18:47:00,TMĐT - Shopee,NV04,Đã giao
DH003112,KH0155,2025-12-29 19:57:00,Đại lý,NV07,Đã giao
DH009320,KH0391,2025-12-29 20:32:00,TMĐT - Tiki,NV02,Đã giao
DH001120,KH0248,2025-12-29 21:37:00,TMĐT - Shopee,NV05,Đã giao
DH011998,KH0365,2025-12-29 22:51:00,Showroom,NV04,Đã hủy
DH006731,KH0035,2025-12-29 23:04:00,TMĐT - Shopee,NV03,Đã giao
DH006367,KH0135,2025-12-30 00:20:00,TMĐT - Shopee,NV21,Đã giao
DH008348,KH0391,2025-12-30 00:36:00,Đại lý,NV17,Đã giao
DH008483,KH0066,2025-12-30 02:10:00,Showroom,NV04,Đã giao
DH008998,KH0113,2025-12-30 05:37:00,Showroom,NV01,Đã giao
DH000686,KH0406,2025-12-30 05:45:00,TMĐT - Tiki,NV23,Đang xử lý
DH004889,KH0140,2025-12-30 06:07:00,TMĐT - Shopee,NV10,Đã giao
DH004857,KH0293,2025-12-30 06:12:00,Bán lẻ trực tiếp,NV14,Trả hàng
DH003858,KH0422,2025-12-30 07:50:00,TMĐT - Lazada,NV13,Đang xử lý
DH009375,KH0367,2025-12-30 08:36:00,Bán lẻ trực tiếp,NV15,Trả hàng
DH007784,KH0221,2025-12-30 08:42:00,Bán lẻ trực tiếp,NV01,Đã giao
DH007028,KH0316,2025-12-30 08:46:00,TMĐT - Shopee,NV03,Đã giao
DH009826,KH0071,2025-12-30 10:14:00,Bán lẻ trực tiếp,NV07,Trả hàng
DH001988,KH0396,2025-12-30 10:57:00,TMĐT - Lazada,NV01,Đã giao
DH009618,KH0051,2025-12-30 12:33:00,TMĐT - Shopee,NV02,Đang xử lý
DH003743,KH0309,2025-12-30 13:07:00,Đại lý,NV29,Trả hàng
DH008537,KH0244,2025-12-30 14:47:00,TMĐT - Lazada,NV02,Đã giao
DH009129,KH0200,2025-12-30 16:09:00,Showroom,NV20,Đã giao
DH002309,KH0325,2025-12-30 16:50:00,TMĐT - Shopee,NV01,Đã giao
DH002194,KH0262,2025-12-30 16:57:00,Đại lý,NV24,Mới
DH005652,KH0248,2025-12-30 16:58:00,TMĐT - Lazada,NV22,Đã hủy
DH000605,KH0241,2025-12-30 18:57:00,Showroom,NV03,Đã giao
DH010838,KH0070,2025-12-30 19:08:00,Đại lý,NV11,Đang xử lý
DH005501,KH0034,2025-12-30 19:51:00,TMĐT - Tiki,NV18,Đã giao
DH011464,KH0053,2025-12-30 20:14:00,Showroom,NV05,Đã giao
DH009809,KH0242,2025-12-30 22:32:00,TMĐT - Shopee,NV20,Đã giao
DH007519,KH0248,2025-12-30 22:48:00,Showroom,NV15,Đã giao
DH010956,KH0035,2025-12-30 22:57:00,Đại lý,NV18,Đã hủy
DH005449,KH0135,2025-12-31 02:30:00,TMĐT - Lazada,NV04,Đang xử lý
DH004176,KH0192,2025-12-31 02:55:00,Bán lẻ trực tiếp,NV13,Đã giao
DH006267,KH0155,2025-12-31 04:44:00,Showroom,NV24,Mới
DH009103,KH0077,2025-12-31 05:50:00,Đại lý,NV05,Đã giao
DH003357,KH0193,2025-12-31 05:56:00,TMĐT - Shopee,NV23,Đã giao
DH008980,KH0095,2025-12-31 06:15:00,TMĐT - Shopee,NV08,Đã giao
DH008880,KH0442,2025-12-31 08:49:00,TMĐT - Lazada,NV18,Đã giao
DH002664,KH0092,2025-12-31 10:13:00,Bán lẻ trực tiếp,NV17,Đã hủy
DH003907,KH0199,2025-12-31 10:32:00,TMĐT - Shopee,NV03,Đã giao
DH010662,KH0070,2025-12-31 11:00:00,Showroom,NV23,Đang xử lý
DH008738,KH0250,2025-12-31 13:06:00,Showroom,NV23,Trả hàng
DH008360,KH0209,2025-12-31 13:51:00,TMĐT - Lazada,NV23,Đã hủy
DH005460,KH0140,2025-12-31 14:15:00,TMĐT - Tiki,NV07,Đã giao
DH004661,KH0128,2025-12-31 14:40:00,TMĐT - Shopee,NV04,Đã giao
DH010119,KH0337,2025-12-31 14:58:00,Showroom,NV03,Đã giao
DH007076,KH0271,2025-12-31 15:16:00,Bán lẻ trực tiếp,NV12,Đã giao
DH007191,KH0034,2025-12-31 15:36:00,TMĐT - Tiki,NV04,Đã giao
DH004187,KH0070,2025-12-31 16:10:00,TMĐT - Tiki,NV10,Đã giao
DH002516,KH0250,2025-12-31 16:33:00,Showroom,NV08,Đã giao
DH002923,KH0262,2025-12-31 17:09:00,Đại lý,NV05,Đã giao
DH011916,KH0135,2025-12-31 18:05:00,TMĐT - Lazada,NV30,Đang xử lý
DH008567,KH0009,2025-12-31 18:38:00,Showroom,NV21,Đã giao
DH000266,KH0138,2025-12-31 19:35:00,TMĐT - Tiki,NV30,Đã giao
DH006615,KH0104,2025-12-31 21:08:00,TMĐT - Tiki,NV08,Đã giao
DH009520,KH0068,2025-12-31 21:10:00,Bán lẻ trực tiếp,NV15,Đã giao
DH002235,KH0249,2025-12-31 21:17:00,TMĐT - Tiki,NV18,Đã giao
DH011168,KH0368,2025-12-31 21:38:00,Bán lẻ trực tiếp,NV10,Đang xử lý
DH004329,KH0391,2025-12-31 22:08:00,TMĐT - Shopee,NV22,Đang xử lý
DH004914,KH0325,2025-12-31 22:31:00,TMĐT - Tiki,NV13,Đang xử lý
DH005907,KH0428,2025-12-31 23:58:00,TMĐT - Tiki,NV01,Đang xử lý
DH001792,KH0409,2026-01-01 00:21:00,TMĐT - Tiki,NV12,Mới
DH001048,KH0323,2026-01-01 00:59:00,Đại lý,NV09,Đã giao
DH011826,KH0447,2026-01-01 01:16:00,Showroom,NV05,Đã giao
DH004292,KH0098,2026-01-01 03:12:00,Đại lý,NV29,Đã giao
DH002243,KH0349,2026-01-01 04:09:00,TMĐT - Shopee,NV03,Đã giao
DH007696,KH0367,2026-01-01 04:57:00,Bán lẻ trực tiếp,NV11,Đã giao
DH002310,KH0446,2026-01-01 05:38:00,Showroom,NV24,Đã giao
DH006114,KH0155,2026-01-01 05:40:00,TMĐT - Lazada,NV29,Mới
DH006616,KH0246,2026-01-01 06:29:00,Đại lý,NV29,Đã giao
DH001842,KH0412,2026-01-01 07:54:00,TMĐT - Shopee,NV20,Đã giao
DH000666,KH0305,2026-01-01 09:26:00,TMĐT - Shopee,NV04,Đã giao
DH002741,KH0199,2026-01-01 10:44:00,Bán lẻ trực tiếp,NV28,Đã giao
DH008793,KH0352,2026-01-01 10:54:00,TMĐT - Tiki,NV09,Đã giao
DH010521,KH0273,2026-01-01 15:26:00,Showroom,NV16,Đã giao
DH004961,KH0365,2026-01-01 16:51:00,TMĐT - Tiki,NV16,Đã giao
DH002018,KH0200,2026-01-01 17:54:00,TMĐT - Tiki,NV15,Đã giao
DH005898,KH0262,2026-01-01 18:06:00,TMĐT - Shopee,NV16,Mới
DH006553,KH0063,2026-01-01 18:27:00,TMĐT - Lazada,NV27,Đã hủy
DH009036,KH0076,2026-01-01 18:37:00,Bán lẻ trực tiếp,NV04,Đã giao
DH007127,KH0442,2026-01-01 19:02:00,TMĐT - Tiki,NV21,Đã giao
DH006266,KH0237,2026-01-01 19:17:00,TMĐT - Lazada,NV12,Đã giao
DH010025,KH0411,2026-01-01 20:54:00,Bán lẻ trực tiếp,NV17,Đã giao
DH009855,KH0200,2026-01-01 21:20:00,TMĐT - Shopee,NV01,Đã giao
DH009785,KH0391,2026-01-01 21:41:00,TMĐT - Shopee,NV13,Mới
DH000343,KH0442,2026-01-01 22:35:00,TMĐT - Shopee,NV25,Đã giao
DH001295,KH0262,2026-01-01 22:51:00,Bán lẻ trực tiếp,NV12,Đang xử lý
DH010197,KH0015,2026-01-02 00:13:00,TMĐT - Shopee,NV06,Đã giao
DH005770,KH0249,2026-01-02 00:49:00,TMĐT - Tiki,NV11,Đã giao
DH001698,KH0262,2026-01-02 04:09:00,TMĐT - Tiki,NV20,Đã giao
DH004565,KH0246,2026-01-02 06:13:00,Bán lẻ trực tiếp,NV10,Đã giao
DH002116,KH0120,2026-01-02 07:02:00,TMĐT - Shopee,NV17,Đang xử lý
DH009943,KH0070,2026-01-02 07:06:00,TMĐT - Lazada,NV16,Đã giao
DH008094,KH0413,2026-01-02 07:17:00,TMĐT - Lazada,NV24,Đã giao
DH002478,KH0306,2026-01-02 07:25:00,TMĐT - Shopee,NV29,Đã giao
DH000048,KH0446,2026-01-02 07:59:00,TMĐT - Tiki,NV04,Đã giao
DH003380,KH0095,2026-01-02 08:31:00,TMĐT - Lazada,NV05,Đã giao
DH000033,KH0156,2026-01-02 09:12:00,Bán lẻ trực tiếp,NV19,Đã giao
DH011493,KH0257,2026-01-02 10:10:00,TMĐT - Tiki,NV02,Đã giao
DH004732,KH0446,2026-01-02 11:06:00,TMĐT - Lazada,NV01,Đã giao
DH009685,KH0218,2026-01-02 11:33:00,TMĐT - Lazada,NV07,Đã giao
DH001299,KH0155,2026-01-02 12:48:00,Bán lẻ trực tiếp,NV04,Đã giao
DH010708,KH0231,2026-01-02 13:42:00,Showroom,NV01,Đã giao
DH007991,KH0218,2026-01-02 13:48:00,Showroom,NV07,Đã giao
DH001268,KH0391,2026-01-02 14:51:00,TMĐT - Tiki,NV23,Đã giao
DH011485,KH0268,2026-01-02 15:21:00,TMĐT - Tiki,NV15,Đã giao
DH009329,KH0193,2026-01-02 16:40:00,Showroom,NV10,Đã giao
DH006536,KH0084,2026-01-02 17:00:00,Đại lý,NV17,Đã giao
DH005220,KH0227,2026-01-02 18:41:00,TMĐT - Tiki,NV08,Đã giao
DH010239,KH0394,2026-01-02 19:42:00,TMĐT - Shopee,NV27,Đã giao
DH008721,KH0442,2026-01-02 23:32:00,Đại lý,NV26,Đã giao
DH010481,KH0012,2026-01-03 00:08:00,Showroom,NV11,Đã giao
DH010356,KH0262,2026-01-03 00:15:00,TMĐT - Lazada,NV22,Trả hàng
DH001831,KH0391,2026-01-03 01:08:00,Đại lý,NV09,Đã giao
DH005034,KH0126,2026-01-03 02:16:00,TMĐT - Lazada,NV25,Đã giao
DH007382,KH0077,2026-01-03 02:45:00,Đại lý,NV04,Đã giao
DH003068,KH0362,2026-01-03 04:50:00,TMĐT - Lazada,NV25,Đã giao
DH003178,KH0262,2026-01-03 07:49:00,Bán lẻ trực tiếp,NV25,Đã giao
DH008708,KH0199,2026-01-03 08:02:00,TMĐT - Lazada,NV28,Đã giao
DH005490,KH0391,2026-01-03 08:11:00,TMĐT - Tiki,NV25,Đã giao
DH011002,KH0070,2026-01-03 08:24:00,TMĐT - Lazada,NV20,Đã giao
DH006945,KH0121,2026-01-03 09:03:00,TMĐT - Tiki,NV29,Đã giao
DH001822,KH0097,2026-01-03 10:01:00,TMĐT - Shopee,NV06,Đã giao
DH003329,KH0249,2026-01-03 10:10:00,TMĐT - Shopee,NV04,Mới
DH007409,KH0183,2026-01-03 10:11:00,TMĐT - Tiki,NV27,Đang xử lý
DH005945,KH0051,2026-01-03 10:47:00,TMĐT - Lazada,NV12,Trả hàng
DH008563,KH0436,2026-01-03 11:13:00,Showroom,NV06,Đã giao
DH003250,KH0389,2026-01-03 11:41:00,TMĐT - Lazada,NV13,Đang xử lý
DH009866,KH0212,2026-01-03 12:25:00,TMĐT - Lazada,NV04,Đã giao
DH004900,KH0447,2026-01-03 12:43:00,TMĐT - Lazada,NV15,Đang xử lý
DH009269,KH0406,2026-01-03 12:48:00,Showroom,NV07,Đã giao
DH005765,KH0368,2026-01-03 13:46:00,TMĐT - Tiki,NV14,Đã hủy
DH008237,KH0293,2026-01-03 14:00:00,TMĐT - Tiki,NV13,Đã giao
DH002807,KH0444,2026-01-03 15:03:00,Bán lẻ trực tiếp,NV11,Đã giao
DH002686,KH0037,2026-01-03 15:54:00,TMĐT - Tiki,NV22,Đã giao
DH007195,KH0155,2026-01-03 17:24:00,Đại lý,NV18,Đã giao
DH009298,KH0053,2026-01-03 19:21:00,TMĐT - Tiki,NV02,Mới
DH004299,KH0442,2026-01-03 22:38:00,Đại lý,NV12,Đã giao
DH010810,KH0391,2026-01-03 22:59:00,Đại lý,NV21,Đang xử lý
DH002604,KH0250,2026-01-04 01:13:00,Showroom,NV25,Mới
DH009886,KH0248,2026-01-04 04:11:00,TMĐT - Lazada,NV29,Đang xử lý
DH002292,KH0163,2026-01-04 04:40:00,TMĐT - Tiki,NV27,Đã giao
DH000078,KH0257,2026-01-04 05:20:00,TMĐT - Shopee,NV13,Đã giao
DH008471,KH0198,2026-01-04 07:59:00,TMĐT - Shopee,NV21,Đã giao
DH010674,KH0406,2026-01-04 12:09:00,TMĐT - Shopee,NV28,Đang xử lý
DH006598,KH0188,2026-01-04 13:24:00,TMĐT - Shopee,NV09,Đã giao
DH000611,KH0277,2026-01-04 14:31:00,TMĐT - Tiki,NV30,Đã giao
DH009802,KH0397,2026-01-04 16:59:00,Đại lý,NV02,Đã giao
DH003530,KH0277,2026-01-04 17:57:00,TMĐT - Shopee,NV19,Đã giao
DH005528,KH0394,2026-01-04 18:08:00,Đại lý,NV28,Đã giao
DH000815,KH0155,2026-01-04 19:13:00,Đại lý,NV04,Đã giao
DH009587,KH0265,2026-01-04 19:41:00,TMĐT - Tiki,NV07,Đã giao
DH007136,KH0052,2026-01-04 19:43:00,TMĐT - Shopee,NV23,Đã giao
DH001973,KH0374,2026-01-04 23:24:00,Bán lẻ trực tiếp,NV10,Trả hàng
DH009351,KH0079,2026-01-05 00:35:00,Bán lẻ trực tiếp,NV28,Đã giao
DH003287,KH0433,2026-01-05 00:37:00,Bán lẻ trực tiếp,NV05,Đã giao
DH009454,KH0337,2026-01-05 01:37:00,Bán lẻ trực tiếp,NV19,Đã giao
DH008427,KH0141,2026-01-05 02:36:00,Đại lý,NV20,Đã giao
DH010721,KH0003,2026-01-05 02:55:00,Showroom,NV18,Đã hủy
DH009664,KH0322,2026-01-05 03:31:00,TMĐT - Shopee,NV16,Đã giao
DH002538,KH0359,2026-01-05 03:36:00,TMĐT - Shopee,NV12,Đang xử lý
DH000591,KH0135,2026-01-05 03:54:00,TMĐT - Lazada,NV27,Đã giao
DH009022,KH0220,2026-01-05 05:25:00,Showroom,NV23,Trả hàng
DH010790,KH0404,2026-01-05 06:18:00,Showroom,NV01,Đã giao
DH011436,KH0396,2026-01-05 06:43:00,TMĐT - Tiki,NV09,Đã giao
DH004735,KH0166,2026-01-05 07:33:00,TMĐT - Lazada,NV07,Đã giao
DH010021,KH0344,2026-01-05 07:37:00,Showroom,NV03,Đang xử lý
DH004724,KH0262,2026-01-05 08:21:00,TMĐT - Tiki,NV06,Đã giao
DH002332,KH0384,2026-01-05 08:55:00,Bán lẻ trực tiếp,NV23,Mới
DH001501,KH0315,2026-01-05 08:59:00,TMĐT - Lazada,NV09,Đang xử lý
DH008460,KH0442,2026-01-05 10:11:00,Bán lẻ trực tiếp,NV10,Đã giao
DH010161,KH0115,2026-01-05 10:47:00,TMĐT - Lazada,NV04,Đã giao
DH004174,KH0021,2026-01-05 11:19:00,Đại lý,NV20,Đã giao
DH006103,KH0291,2026-01-05 12:18:00,TMĐT - Shopee,NV22,Đã giao
DH010501,KH0394,2026-01-05 12:25:00,Showroom,NV01,Mới
DH011425,KH0277,2026-01-05 13:15:00,Đại lý,NV14,Mới
DH005266,KH0352,2026-01-05 14:55:00,Showroom,NV13,Đã giao
DH002970,KH0104,2026-01-05 17:47:00,TMĐT - Shopee,NV19,Đã giao
DH005988,KH0155,2026-01-05 17:50:00,TMĐT - Shopee,NV22,Đã giao
DH005764,KH0248,2026-01-05 19:28:00,TMĐT - Lazada,NV22,Mới
DH003532,KH0093,2026-01-06 00:55:00,TMĐT - Lazada,NV15,Đã giao
DH007147,KH0127,2026-01-06 00:57:00,Showroom,NV07,Đã giao
DH010023,KH0442,2026-01-06 03:59:00,TMĐT - Shopee,NV06,Đã giao
DH009590,KH0044,2026-01-06 04:01:00,TMĐT - Lazada,NV24,Đã giao
DH010663,KH0412,2026-01-06 04:02:00,TMĐT - Lazada,NV14,Đang xử lý
DH004721,KH0070,2026-01-06 04:37:00,Showroom,NV26,Đã giao
DH002875,KH0402,2026-01-06 04:49:00,Đại lý,NV07,Mới
DH006341,KH0123,2026-01-06 06:45:00,TMĐT - Tiki,NV22,Đã giao
DH001417,KH0052,2026-01-06 09:09:00,TMĐT - Tiki,NV11,Đang xử lý
DH009098,KH0365,2026-01-06 09:28:00,TMĐT - Tiki,NV02,Đã giao
DH010675,KH0179,2026-01-06 10:24:00,Showroom,NV24,Đã giao
DH001103,KH0413,2026-01-06 10:47:00,TMĐT - Shopee,NV26,Đã giao
DH001645,KH0447,2026-01-06 11:16:00,TMĐT - Lazada,NV18,Đã giao
DH009331,KH0183,2026-01-06 12:09:00,Showroom,NV04,Đã giao
DH000095,KH0012,2026-01-06 12:31:00,TMĐT - Lazada,NV29,Đã giao
DH011157,KH0158,2026-01-06 12:41:00,TMĐT - Tiki,NV28,Đã giao
DH004569,KH0015,2026-01-06 14:01:00,Đại lý,NV25,Đã giao
DH008314,KH0259,2026-01-06 14:01:00,TMĐT - Tiki,NV03,Đã giao
DH004872,KH0304,2026-01-06 15:30:00,Showroom,NV15,Đã giao
DH003893,KH0409,2026-01-06 15:57:00,TMĐT - Tiki,NV29,Đã giao
DH006920,KH0036,2026-01-06 16:15:00,TMĐT - Shopee,NV13,Đã giao
DH003892,KH0140,2026-01-06 16:30:00,Bán lẻ trực tiếp,NV05,Đã giao
DH004035,KH0201,2026-01-06 16:54:00,Đại lý,NV02,Đã giao
DH003014,KH0119,2026-01-06 20:09:00,Showroom,NV16,Đã hủy
DH004441,KH0446,2026-01-06 20:20:00,TMĐT - Tiki,NV09,Đã giao
DH005653,KH0257,2026-01-06 20:31:00,Đại lý,NV23,Đã giao
DH006621,KH0339,2026-01-06 21:42:00,TMĐT - Shopee,NV14,Đã giao
DH009934,KH0421,2026-01-06 22:39:00,Showroom,NV29,Đã giao
DH001729,KH0300,2026-01-07 00:09:00,TMĐT - Lazada,NV21,Đã giao
DH011313,KH0249,2026-01-07 02:33:00,Showroom,NV02,Đã giao
DH003930,KH0135,2026-01-07 03:34:00,TMĐT - Shopee,NV01,Đã giao
DH009694,KH0404,2026-01-07 03:43:00,Đại lý,NV16,Đã giao
DH002117,KH0443,2026-01-07 04:19:00,TMĐT - Shopee,NV16,Đã giao
DH011027,KH0229,2026-01-07 04:31:00,TMĐT - Lazada,NV03,Đã giao
DH001578,KH0391,2026-01-07 06:40:00,TMĐT - Tiki,NV10,Đã giao
DH002296,KH0325,2026-01-07 06:45:00,Đại lý,NV09,Đã giao
DH005667,KH0074,2026-01-07 07:20:00,Đại lý,NV17,Đang xử lý
DH001789,KH0242,2026-01-07 07:23:00,TMĐT - Shopee,NV24,Đang xử lý
DH008169,KH0428,2026-01-07 07:52:00,TMĐT - Shopee,NV06,Mới
DH001248,KH0266,2026-01-07 09:44:00,Đại lý,NV21,Đã giao
DH011716,KH0102,2026-01-07 09:44:00,TMĐT - Tiki,NV14,Đã giao
DH004509,KH0253,2026-01-07 10:42:00,Đại lý,NV23,Đã giao
DH002584,KH0054,2026-01-07 11:26:00,TMĐT - Tiki,NV28,Đã giao
DH007537,KH0056,2026-01-07 11:41:00,TMĐT - Shopee,NV21,Đã hủy
DH003663,KH0220,2026-01-07 15:42:00,Đại lý,NV21,Đã giao
DH010608,KH0272,2026-01-07 15:46:00,TMĐT - Shopee,NV05,Đã hủy
DH008378,KH0262,2026-01-07 16:52:00,TMĐT - Tiki,NV09,Đã giao
DH009774,KH0446,2026-01-07 17:23:00,TMĐT - Shopee,NV09,Đã giao
DH003242,KH0137,2026-01-07 18:18:00,TMĐT - Shopee,NV22,Đã giao
DH009273,KH0004,2026-01-07 18:37:00,Đại lý,NV26,Đã giao
DH004055,KH0113,2026-01-07 18:59:00,Đại lý,NV30,Đã giao
DH003477,KH0051,2026-01-07 19:45:00,Đại lý,NV05,Đã hủy
DH007347,KH0236,2026-01-07 21:19:00,Showroom,NV20,Đã giao
DH007297,KH0140,2026-01-07 22:00:00,TMĐT - Shopee,NV15,Đã giao
DH001827,KH0262,2026-01-08 00:39:00,TMĐT - Lazada,NV21,Đã giao
DH000750,KH0439,2026-01-08 00:50:00,TMĐT - Lazada,NV02,Đã hủy
DH010509,KH0297,2026-01-08 00:52:00,TMĐT - Shopee,NV17,Đã giao
DH009860,KH0012,2026-01-08 00:54:00,TMĐT - Shopee,NV19,Đã giao
DH011567,KH0367,2026-01-08 00:57:00,TMĐT - Tiki,NV19,Đã giao
DH001625,KH0002,2026-01-08 01:40:00,Bán lẻ trực tiếp,NV29,Đã giao
DH006913,KH0002,2026-01-08 01:51:00,Showroom,NV13,Đã giao
DH000967,KH0194,2026-01-08 03:09:00,Đại lý,NV24,Đã giao
DH001344,KH0070,2026-01-08 03:20:00,Đại lý,NV29,Đã giao
DH010329,KH0128,2026-01-08 04:18:00,Đại lý,NV28,Trả hàng
DH003991,KH0248,2026-01-08 05:20:00,Đại lý,NV12,Đã giao
DH002513,KH0151,2026-01-08 06:51:00,TMĐT - Lazada,NV17,Đang xử lý
DH009175,KH0053,2026-01-08 08:22:00,Đại lý,NV09,Đang xử lý
DH002270,KH0021,2026-01-08 10:27:00,TMĐT - Tiki,NV25,Đã giao
DH001391,KH0035,2026-01-08 12:21:00,TMĐT - Shopee,NV08,Đã giao
DH005925,KH0360,2026-01-08 14:17:00,Đại lý,NV16,Đã giao
DH002874,KH0160,2026-01-08 16:32:00,Showroom,NV17,Đã giao
DH001575,KH0398,2026-01-08 16:52:00,Showroom,NV02,Đang xử lý
DH006921,KH0089,2026-01-08 18:50:00,Bán lẻ trực tiếp,NV16,Đã giao
DH003674,KH0391,2026-01-08 19:11:00,Bán lẻ trực tiếp,NV14,Đã hủy
DH009544,KH0262,2026-01-08 19:59:00,Đại lý,NV20,Đã hủy
DH003904,KH0365,2026-01-08 23:12:00,TMĐT - Shopee,NV27,Đã giao
DH008825,KH0302,2026-01-08 23:24:00,Showroom,NV26,Đang xử lý
DH011392,KH0383,2026-01-08 23:24:00,Bán lẻ trực tiếp,NV06,Đã giao
DH008687,KH0391,2026-01-09 00:22:00,Showroom,NV06,Đang xử lý
DH009627,KH0406,2026-01-09 00:39:00,Đại lý,NV10,Đã giao
DH005819,KH0208,2026-01-09 01:59:00,Bán lẻ trực tiếp,NV29,Mới
DH007658,KH0415,2026-01-09 02:50:00,Bán lẻ trực tiếp,NV19,Đang xử lý
DH006108,KH0227,2026-01-09 03:25:00,TMĐT - Shopee,NV12,Đã giao
DH010433,KH0367,2026-01-09 04:03:00,Bán lẻ trực tiếp,NV04,Đã giao
DH011240,KH0003,2026-01-09 05:25:00,Đại lý,NV13,Đã giao
DH002204,KH0204,2026-01-09 06:00:00,Đại lý,NV11,Đã giao
DH009045,KH0241,2026-01-09 06:46:00,Đại lý,NV20,Đã giao
DH008930,KH0194,2026-01-09 08:24:00,TMĐT - Tiki,NV30,Đã hủy
DH010504,KH0322,2026-01-09 12:55:00,TMĐT - Tiki,NV30,Đã giao
DH006687,KH0447,2026-01-09 14:32:00,TMĐT - Tiki,NV17,Đã giao
DH010166,KH0446,2026-01-09 19:37:00,Bán lẻ trực tiếp,NV15,Đã giao
DH002386,KH0446,2026-01-09 20:34:00,TMĐT - Lazada,NV14,Đang xử lý
DH005683,KH0013,2026-01-09 20:37:00,Bán lẻ trực tiếp,NV11,Đã giao
DH010216,KH0322,2026-01-09 22:50:00,TMĐT - Shopee,NV19,Đã giao
DH011159,KH0071,2026-01-09 22:51:00,Đại lý,NV19,Đã giao
DH001052,KH0055,2026-01-09 22:54:00,TMĐT - Tiki,NV24,Đã giao
DH003409,KH0367,2026-01-09 23:07:00,TMĐT - Shopee,NV08,Đang xử lý
DH006880,KH0325,2026-01-10 00:02:00,Đại lý,NV28,Đã giao
DH006106,KH0140,2026-01-10 01:15:00,TMĐT - Lazada,NV20,Đã giao
DH006707,KH0249,2026-01-10 02:13:00,TMĐT - Shopee,NV26,Đã giao
DH009780,KH0447,2026-01-10 02:46:00,Bán lẻ trực tiếp,NV10,Đã giao
DH002283,KH0332,2026-01-10 03:06:00,TMĐT - Tiki,NV23,Đã giao
DH002465,KH0095,2026-01-10 03:09:00,TMĐT - Shopee,NV30,Đã giao
DH006600,KH0171,2026-01-10 03:26:00,TMĐT - Shopee,NV30,Đang xử lý
DH008790,KH0160,2026-01-10 03:47:00,Bán lẻ trực tiếp,NV09,Đang xử lý
DH011663,KH0411,2026-01-10 05:18:00,TMĐT - Lazada,NV15,Đã giao
DH007469,KH0253,2026-01-10 05:20:00,Bán lẻ trực tiếp,NV22,Trả hàng
DH000012,KH0128,2026-01-10 05:22:00,TMĐT - Lazada,NV16,Trả hàng
DH007605,KH0248,2026-01-10 06:01:00,TMĐT - Lazada,NV17,Đã giao
DH007647,KH0403,2026-01-10 07:05:00,TMĐT - Shopee,NV18,Đang xử lý
DH003358,KH0070,2026-01-10 07:56:00,Bán lẻ trực tiếp,NV12,Đã giao
DH006727,KH0070,2026-01-10 08:01:00,TMĐT - Tiki,NV25,Đã giao
DH004427,KH0394,2026-01-10 10:08:00,Đại lý,NV04,Đã hủy
DH005081,KH0121,2026-01-10 15:49:00,TMĐT - Tiki,NV05,Đã hủy
DH001284,KH0352,2026-01-10 16:10:00,TMĐT - Lazada,NV14,Đã giao
DH005286,KH0280,2026-01-10 16:10:00,Bán lẻ trực tiếp,NV28,Đã giao
DH007287,KH0309,2026-01-10 17:08:00,TMĐT - Lazada,NV09,Đã giao
DH004485,KH0314,2026-01-10 17:18:00,Đại lý,NV09,Mới
DH006856,KH0274,2026-01-10 17:39:00,Đại lý,NV17,Đã giao
DH005559,KH0374,2026-01-10 17:42:00,TMĐT - Shopee,NV02,Đã giao
DH005012,KH0242,2026-01-10 19:21:00,TMĐT - Tiki,NV22,Đã giao
DH003592,KH0412,2026-01-10 21:41:00,Đại lý,NV12,Đang xử lý
DH003873,KH0107,2026-01-10 22:10:00,TMĐT - Shopee,NV10,Đã hủy
DH007173,KH0035,2026-01-10 23:00:00,TMĐT - Shopee,NV22,Đã giao
DH005181,KH0070,2026-01-11 00:31:00,Showroom,NV22,Đã giao
DH009514,KH0183,2026-01-11 02:49:00,TMĐT - Tiki,NV12,Đã giao
DH000914,KH0243,2026-01-11 05:01:00,TMĐT - Shopee,NV18,Đã giao
DH006792,KH0179,2026-01-11 07:12:00,TMĐT - Tiki,NV22,Đã giao
DH007212,KH0227,2026-01-11 08:08:00,TMĐT - Tiki,NV18,Đã giao
DH006257,KH0198,2026-01-11 09:29:00,Bán lẻ trực tiếp,NV12,Trả hàng
DH010002,KH0108,2026-01-11 10:12:00,TMĐT - Lazada,NV18,Đang xử lý
DH001949,KH0394,2026-01-11 11:43:00,Showroom,NV10,Đã giao
DH005540,KH0031,2026-01-11 13:04:00,TMĐT - Tiki,NV05,Đã giao
DH002247,KH0359,2026-01-11 13:38:00,Đại lý,NV25,Đã giao
DH000220,KH0121,2026-01-11 14:50:00,TMĐT - Tiki,NV27,Đã giao
DH000768,KH0325,2026-01-11 14:56:00,Đại lý,NV10,Đã giao
DH009896,KH0325,2026-01-11 15:55:00,TMĐT - Lazada,NV21,Đã giao
DH003587,KH0448,2026-01-11 18:40:00,TMĐT - Tiki,NV28,Đã giao
DH010993,KH0282,2026-01-11 19:29:00,Bán lẻ trực tiếp,NV27,Đã giao
DH005518,KH0141,2026-01-11 20:23:00,TMĐT - Lazada,NV16,Đã giao
DH005020,KH0301,2026-01-11 21:37:00,TMĐT - Lazada,NV14,Đã giao
DH004591,KH0098,2026-01-11 22:11:00,Đại lý,NV07,Đã giao
DH000506,KH0253,2026-01-11 23:02:00,Bán lẻ trực tiếp,NV30,Đã giao
DH008073,KH0215,2026-01-12 00:03:00,Bán lẻ trực tiếp,NV06,Đã hủy
DH006238,KH0386,2026-01-12 00:41:00,Showroom,NV29,Đã giao
DH007852,KH0208,2026-01-12 02:39:00,Bán lẻ trực tiếp,NV02,Đang xử lý
DH007305,KH0248,2026-01-12 04:44:00,Đại lý,NV09,Đã giao
DH002503,KH0070,2026-01-12 04:44:00,Đại lý,NV04,Đã giao
DH011348,KH0391,2026-01-12 06:03:00,Đại lý,NV27,Đã giao
DH011639,KH0076,2026-01-12 07:14:00,TMĐT - Lazada,NV10,Đã giao
DH002929,KH0183,2026-01-12 07:51:00,Đại lý,NV30,Trả hàng
DH002500,KH0199,2026-01-12 09:25:00,TMĐT - Shopee,NV23,Đã giao
DH000009,KH0446,2026-01-12 11:12:00,TMĐT - Tiki,NV02,Đã giao
DH002441,KH0293,2026-01-12 11:54:00,TMĐT - Shopee,NV18,Đã hủy
DH006085,KH0002,2026-01-12 12:06:00,TMĐT - Lazada,NV04,Đã giao
DH010725,KH0379,2026-01-12 13:14:00,Showroom,NV27,Đã giao
DH001099,KH0183,2026-01-12 13:18:00,TMĐT - Tiki,NV16,Đã giao
DH010087,KH0082,2026-01-12 13:32:00,TMĐT - Tiki,NV26,Đã giao
DH007336,KH0179,2026-01-12 13:53:00,TMĐT - Lazada,NV29,Đã giao
DH003702,KH0189,2026-01-12 15:45:00,Đại lý,NV12,Đã giao
DH002616,KH0036,2026-01-12 17:27:00,TMĐT - Tiki,NV22,Đã hủy
DH009552,KH0344,2026-01-12 17:35:00,TMĐT - Lazada,NV05,Đã giao
DH003015,KH0314,2026-01-12 20:46:00,Showroom,NV24,Đã giao
DH008035,KH0135,2026-01-12 21:39:00,Bán lẻ trực tiếp,NV22,Đã giao
DH011065,KH0227,2026-01-12 22:14:00,Showroom,NV14,Đã giao
DH009054,KH0352,2026-01-12 22:47:00,Bán lẻ trực tiếp,NV21,Đã giao
DH010952,KH0139,2026-01-12 23:42:00,Showroom,NV05,Đã hủy
DH005719,KH0140,2026-01-13 00:10:00,Đại lý,NV07,Đã giao
DH007385,KH0386,2026-01-13 00:23:00,TMĐT - Lazada,NV09,Đã giao
DH010834,KH0159,2026-01-13 00:54:00,Đại lý,NV29,Đã giao
DH006420,KH0044,2026-01-13 01:51:00,Đại lý,NV11,Đã giao
DH002983,KH0391,2026-01-13 01:59:00,Bán lẻ trực tiếp,NV28,Đã giao
DH000507,KH0371,2026-01-13 03:13:00,TMĐT - Tiki,NV10,Trả hàng
DH001937,KH0026,2026-01-13 03:17:00,TMĐT - Shopee,NV13,Đã giao
DH011418,KH0262,2026-01-13 03:38:00,TMĐT - Lazada,NV02,Mới
DH001865,KH0355,2026-01-13 05:30:00,Showroom,NV18,Đã giao
DH011441,KH0053,2026-01-13 05:31:00,Showroom,NV29,Đã giao
DH004847,KH0390,2026-01-13 05:53:00,Showroom,NV14,Đã giao
DH002652,KH0035,2026-01-13 06:39:00,Bán lẻ trực tiếp,NV13,Đang xử lý
DH004461,KH0262,2026-01-13 07:23:00,Bán lẻ trực tiếp,NV18,Đã giao
DH008037,KH0359,2026-01-13 08:04:00,TMĐT - Shopee,NV19,Đã hủy
DH001201,KH0391,2026-01-13 09:05:00,Showroom,NV25,Đã giao
DH002746,KH0262,2026-01-13 09:38:00,Bán lẻ trực tiếp,NV10,Mới
DH008046,KH0396,2026-01-13 09:49:00,Showroom,NV01,Đã giao
DH004719,KH0262,2026-01-13 11:00:00,Bán lẻ trực tiếp,NV14,Đã giao
DH010503,KH0442,2026-01-13 11:01:00,TMĐT - Shopee,NV15,Đã giao
DH011870,KH0047,2026-01-13 12:02:00,TMĐT - Shopee,NV25,Đang xử lý
DH001883,KH0390,2026-01-13 13:25:00,Showroom,NV08,Mới
DH006702,KH0287,2026-01-13 15:09:00,TMĐT - Tiki,NV26,Đã giao
DH003788,KH0070,2026-01-13 19:54:00,Đại lý,NV09,Mới
DH008822,KH0022,2026-01-13 20:02:00,TMĐT - Shopee,NV29,Đã hủy
DH009265,KH0147,2026-01-13 21:46:00,TMĐT - Lazada,NV15,Đã giao
DH009848,KH0257,2026-01-13 22:04:00,TMĐT - Shopee,NV25,Đã giao
DH001619,KH0241,2026-01-13 22:23:00,Đại lý,NV16,Đã giao
DH010154,KH0059,2026-01-13 22:52:00,Bán lẻ trực tiếp,NV14,Đã giao
DH000211,KH0116,2026-01-13 23:36:00,TMĐT - Tiki,NV21,Đã giao
DH001282,KH0113,2026-01-14 00:15:00,Showroom,NV17,Đã giao
DH005674,KH0391,2026-01-14 01:13:00,TMĐT - Tiki,NV23,Đã hủy
DH010160,KH0249,2026-01-14 02:00:00,TMĐT - Lazada,NV06,Đã hủy
DH008323,KH0158,2026-01-14 02:02:00,Đại lý,NV22,Đã giao
DH003682,KH0270,2026-01-14 02:21:00,Đại lý,NV13,Đã giao
DH010225,KH0274,2026-01-14 03:32:00,Đại lý,NV28,Đã giao
DH007264,KH0157,2026-01-14 06:34:00,Bán lẻ trực tiếp,NV21,Đã giao
DH002651,KH0257,2026-01-14 07:35:00,Đại lý,NV21,Đã giao
DH002251,KH0155,2026-01-14 07:39:00,Bán lẻ trực tiếp,NV12,Đã giao
DH007667,KH0442,2026-01-14 08:01:00,Đại lý,NV17,Đã giao
DH004630,KH0012,2026-01-14 10:02:00,TMĐT - Shopee,NV27,Đang xử lý
DH008617,KH0274,2026-01-14 10:14:00,Bán lẻ trực tiếp,NV05,Đã giao
DH000006,KH0447,2026-01-14 10:43:00,TMĐT - Shopee,NV21,Đã giao
DH002587,KH0321,2026-01-14 11:58:00,TMĐT - Lazada,NV07,Đã giao
DH004023,KH0162,2026-01-14 12:51:00,Đại lý,NV08,Đang xử lý
DH003784,KH0389,2026-01-14 13:48:00,Đại lý,NV06,Đã giao
DH005031,KH0141,2026-01-14 15:02:00,Đại lý,NV09,Đã giao
DH007621,KH0446,2026-01-14 15:25:00,Bán lẻ trực tiếp,NV04,Đã giao
DH001221,KH0051,2026-01-14 15:47:00,Đại lý,NV05,Trả hàng
DH000598,KH0241,2026-01-14 16:31:00,Bán lẻ trực tiếp,NV26,Đã giao
DH003050,KH0131,2026-01-14 16:51:00,TMĐT - Shopee,NV02,Đang xử lý
DH003531,KH0396,2026-01-14 20:22:00,TMĐT - Tiki,NV30,Đã giao
DH002106,KH0216,2026-01-14 21:00:00,Showroom,NV23,Đã giao
DH007564,KH0265,2026-01-14 23:17:00,Showroom,NV21,Đang xử lý
DH005344,KH0246,2026-01-14 23:25:00,TMĐT - Tiki,NV22,Đã giao
DH011409,KH0012,2026-01-15 00:33:00,TMĐT - Tiki,NV27,Đã giao
DH011064,KH0237,2026-01-15 00:55:00,Showroom,NV29,Đã giao
DH000274,KH0391,2026-01-15 01:08:00,Đại lý,NV24,Trả hàng
DH010243,KH0096,2026-01-15 01:26:00,Bán lẻ trực tiếp,NV01,Đã giao
DH001756,KH0413,2026-01-15 05:16:00,Đại lý,NV26,Đã giao
DH011264,KH0070,2026-01-15 06:15:00,Đại lý,NV01,Đã giao
DH003435,KH0141,2026-01-15 07:36:00,TMĐT - Shopee,NV17,Đang xử lý
DH006123,KH0194,2026-01-15 07:48:00,TMĐT - Tiki,NV13,Đã giao
DH003602,KH0442,2026-01-15 08:05:00,Bán lẻ trực tiếp,NV12,Đã giao
DH003365,KH0070,2026-01-15 10:15:00,Showroom,NV15,Đã giao
DH008646,KH0051,2026-01-15 13:54:00,Showroom,NV14,Đã giao
DH001432,KH0249,2026-01-15 17:26:00,TMĐT - Tiki,NV05,Đã giao
DH004608,KH0155,2026-01-15 18:36:00,Đại lý,NV28,Đã giao
DH005814,KH0003,2026-01-15 19:22:00,Showroom,NV28,Đã giao
DH000843,KH0442,2026-01-15 19:47:00,Bán lẻ trực tiếp,NV26,Đã giao
DH001033,KH0154,2026-01-15 20:08:00,Showroom,NV15,Đã giao
DH004054,KH0204,2026-01-15 20:42:00,Bán lẻ trực tiếp,NV30,Đã giao
DH010335,KH0032,2026-01-15 20:44:00,Bán lẻ trực tiếp,NV06,Đã giao
DH008369,KH0352,2026-01-15 20:47:00,Đại lý,NV13,Đã giao
DH009226,KH0051,2026-01-15 20:53:00,Đại lý,NV28,Đã giao
DH000434,KH0435,2026-01-15 21:47:00,Đại lý,NV29,Mới
DH004041,KH0204,2026-01-15 23:09:00,TMĐT - Shopee,NV20,Đã giao
DH009838,KH0248,2026-01-15 23:32:00,TMĐT - Lazada,NV16,Đã giao
DH007574,KH0199,2026-01-16 00:51:00,Bán lẻ trực tiếp,NV29,Đã hủy
DH000710,KH0266,2026-01-16 01:08:00,TMĐT - Tiki,NV28,Đã giao
DH006496,KH0031,2026-01-16 01:27:00,Đại lý,NV15,Đã giao
DH008122,KH0034,2026-01-16 02:08:00,TMĐT - Tiki,NV16,Đang xử lý
DH005369,KH0056,2026-01-16 05:02:00,Đại lý,NV20,Mới
DH008243,KH0406,2026-01-16 05:33:00,TMĐT - Shopee,NV04,Đã giao
DH000196,KH0262,2026-01-16 05:56:00,Đại lý,NV01,Đã giao
DH002799,KH0391,2026-01-16 08:20:00,TMĐT - Lazada,NV23,Đã giao
DH006951,KH0402,2026-01-16 08:26:00,Showroom,NV12,Đã giao
DH002249,KH0205,2026-01-16 09:18:00,Đại lý,NV20,Đã giao
DH008114,KH0306,2026-01-16 09:30:00,TMĐT - Tiki,NV16,Đã giao
DH009967,KH0224,2026-01-16 09:59:00,Đại lý,NV03,Đã giao
DH005919,KH0089,2026-01-16 10:53:00,Showroom,NV13,Đã giao
DH006868,KH0166,2026-01-16 11:45:00,Bán lẻ trực tiếp,NV10,Đã giao
DH002183,KH0089,2026-01-16 16:43:00,Đại lý,NV29,Đã giao
DH004734,KH0122,2026-01-16 19:18:00,TMĐT - Shopee,NV10,Trả hàng
DH010913,KH0413,2026-01-16 19:55:00,TMĐT - Lazada,NV03,Đã giao
DH007547,KH0262,2026-01-16 21:20:00,Bán lẻ trực tiếp,NV14,Đang xử lý
DH006195,KH0249,2026-01-16 23:02:00,TMĐT - Lazada,NV05,Mới
DH003570,KH0155,2026-01-17 00:42:00,TMĐT - Lazada,NV06,Đã giao
DH008756,KH0368,2026-01-17 01:00:00,TMĐT - Lazada,NV21,Đã hủy
DH004025,KH0220,2026-01-17 01:58:00,TMĐT - Tiki,NV20,Đã giao
DH005494,KH0183,2026-01-17 03:30:00,TMĐT - Lazada,NV04,Đã giao
DH003319,KH0157,2026-01-17 04:53:00,Bán lẻ trực tiếp,NV27,Đã giao
DH002325,KH0063,2026-01-17 08:19:00,TMĐT - Shopee,NV27,Đã giao
DH001119,KH0035,2026-01-17 08:36:00,TMĐT - Tiki,NV29,Đã giao
DH000239,KH0130,2026-01-17 09:11:00,Showroom,NV17,Đã giao
DH002842,KH0035,2026-01-17 13:06:00,Showroom,NV13,Đã giao
DH009165,KH0054,2026-01-17 17:28:00,Bán lẻ trực tiếp,NV15,Đã giao
DH005527,KH0121,2026-01-17 17:49:00,TMĐT - Tiki,NV07,Đã giao
DH009328,KH0442,2026-01-17 20:34:00,TMĐT - Tiki,NV01,Đã giao
DH005915,KH0309,2026-01-17 20:49:00,Bán lẻ trực tiếp,NV16,Đã hủy
DH011152,KH0306,2026-01-18 00:24:00,TMĐT - Lazada,NV17,Đã giao
DH004801,KH0315,2026-01-18 00:40:00,TMĐT - Tiki,NV22,Mới
DH007907,KH0314,2026-01-18 01:24:00,TMĐT - Tiki,NV21,Đã giao
DH002942,KH0070,2026-01-18 05:24:00,Showroom,NV20,Đã giao
DH006080,KH0199,2026-01-18 08:04:00,TMĐT - Lazada,NV28,Đang xử lý
DH009997,KH0002,2026-01-18 08:51:00,Bán lẻ trực tiếp,NV08,Đã giao
DH005042,KH0446,2026-01-18 11:35:00,Bán lẻ trực tiếp,NV04,Đang xử lý
DH010109,KH0384,2026-01-18 11:58:00,TMĐT - Tiki,NV11,Đã giao
DH002318,KH0246,2026-01-18 12:25:00,TMĐT - Lazada,NV03,Mới
DH009556,KH0257,2026-01-18 17:00:00,Bán lẻ trực tiếp,NV21,Đã giao
DH009185,KH0402,2026-01-18 18:02:00,TMĐT - Tiki,NV29,Đã giao
DH004681,KH0352,2026-01-18 18:12:00,Đại lý,NV12,Đã giao
DH007422,KH0222,2026-01-18 18:12:00,TMĐT - Tiki,NV12,Đã hủy
DH006735,KH0179,2026-01-18 20:02:00,TMĐT - Lazada,NV20,Đã giao
DH000888,KH0199,2026-01-18 21:55:00,TMĐT - Shopee,NV10,Đã giao
DH006218,KH0176,2026-01-18 23:36:00,TMĐT - Lazada,NV12,Đã giao
DH004099,KH0325,2026-01-19 00:08:00,Đại lý,NV26,Đã giao
DH005604,KH0257,2026-01-19 00:41:00,TMĐT - Shopee,NV10,Đã hủy
DH007561,KH0097,2026-01-19 02:51:00,TMĐT - Lazada,NV14,Đã giao
DH007262,KH0367,2026-01-19 03:27:00,Showroom,NV18,Đã giao
DH002086,KH0141,2026-01-19 04:06:00,Đại lý,NV11,Đã giao
DH003384,KH0262,2026-01-19 05:34:00,Showroom,NV24,Đã giao
DH005453,KH0002,2026-01-19 07:28:00,TMĐT - Lazada,NV10,Đã giao
DH008272,KH0192,2026-01-19 07:50:00,Showroom,NV01,Đã giao
DH005589,KH0391,2026-01-19 09:17:00,TMĐT - Shopee,NV18,Đã giao
DH004293,KH0141,2026-01-19 09:58:00,Đại lý,NV28,Đã giao
DH006102,KH0404,2026-01-19 10:03:00,TMĐT - Tiki,NV21,Đã giao
DH009479,KH0399,2026-01-19 10:30:00,Showroom,NV18,Trả hàng
DH001043,KH0374,2026-01-19 10:51:00,TMĐT - Lazada,NV03,Đã giao
DH002008,KH0034,2026-01-19 11:08:00,TMĐT - Lazada,NV30,Mới
DH011426,KH0087,2026-01-19 11:25:00,TMĐT - Tiki,NV05,Đã hủy
DH004925,KH0177,2026-01-19 12:23:00,Đại lý,NV11,Trả hàng
DH006905,KH0002,2026-01-19 13:37:00,Bán lẻ trực tiếp,NV17,Trả hàng
DH009912,KH0447,2026-01-19 13:40:00,TMĐT - Shopee,NV22,Đang xử lý
DH005630,KH0153,2026-01-19 14:22:00,Showroom,NV24,Đã giao
DH002382,KH0241,2026-01-19 14:52:00,TMĐT - Tiki,NV10,Đang xử lý
DH010294,KH0171,2026-01-19 16:27:00,Đại lý,NV27,Trả hàng
DH008478,KH0198,2026-01-19 17:22:00,Bán lẻ trực tiếp,NV14,Đã hủy
DH004253,KH0268,2026-01-19 20:06:00,Bán lẻ trực tiếp,NV13,Đã giao
DH010347,KH0309,2026-01-19 20:15:00,TMĐT - Tiki,NV04,Đã giao
DH006516,KH0428,2026-01-19 20:28:00,Bán lẻ trực tiếp,NV28,Đã giao
DH010081,KH0211,2026-01-19 20:28:00,TMĐT - Shopee,NV04,Đã giao
DH005558,KH0447,2026-01-19 22:34:00,Đại lý,NV11,Đã giao
DH011928,KH0220,2026-01-19 23:59:00,TMĐT - Shopee,NV16,Đang xử lý
DH007870,KH0409,2026-01-19 23:59:00,TMĐT - Tiki,NV08,Đã hủy
DH008528,KH0442,2026-01-20 00:00:00,TMĐT - Tiki,NV12,Mới
DH008376,KH0012,2026-01-20 00:39:00,TMĐT - Shopee,NV10,Đã giao
DH009249,KH0012,2026-01-20 01:24:00,Bán lẻ trực tiếp,NV01,Đã giao
DH011278,KH0138,2026-01-20 01:27:00,TMĐT - Tiki,NV30,Đang xử lý
DH006501,KH0241,2026-01-20 01:28:00,Showroom,NV21,Đã giao
DH010010,KH0140,2026-01-20 01:35:00,Bán lẻ trực tiếp,NV08,Đã giao
DH011578,KH0051,2026-01-20 05:44:00,Đại lý,NV02,Đã giao
DH008118,KH0352,2026-01-20 07:38:00,Bán lẻ trực tiếp,NV07,Đã giao
DH005281,KH0070,2026-01-20 09:22:00,Bán lẻ trực tiếp,NV26,Đang xử lý
DH008649,KH0304,2026-01-20 09:30:00,TMĐT - Tiki,NV06,Đã giao
DH011673,KH0160,2026-01-20 11:38:00,TMĐT - Lazada,NV04,Mới
DH007099,KH0051,2026-01-20 12:14:00,TMĐT - Shopee,NV06,Đã giao
DH010831,KH0151,2026-01-20 12:31:00,TMĐT - Lazada,NV29,Đã giao
DH005261,KH0039,2026-01-20 13:24:00,TMĐT - Shopee,NV25,Đã giao
DH008213,KH0012,2026-01-20 13:42:00,TMĐT - Shopee,NV21,Đã giao
DH009914,KH0259,2026-01-20 15:55:00,TMĐT - Lazada,NV21,Đã giao
DH000946,KH0309,2026-01-20 16:29:00,Showroom,NV11,Đã giao
DH009455,KH0035,2026-01-20 17:27:00,TMĐT - Shopee,NV10,Đã giao
DH008744,KH0053,2026-01-20 18:40:00,TMĐT - Tiki,NV26,Mới
DH005984,KH0081,2026-01-20 19:47:00,TMĐT - Lazada,NV25,Đã giao
DH010977,KH0170,2026-01-20 22:00:00,Đại lý,NV07,Đã giao
DH011144,KH0070,2026-01-21 01:31:00,Đại lý,NV07,Đã giao
DH000774,KH0224,2026-01-21 02:32:00,Đại lý,NV06,Đã giao
DH001621,KH0274,2026-01-21 07:58:00,TMĐT - Shopee,NV14,Đã giao
DH008985,KH0248,2026-01-21 10:22:00,Đại lý,NV25,Đã giao
DH002837,KH0447,2026-01-21 12:46:00,TMĐT - Lazada,NV16,Đã giao
DH006177,KH0201,2026-01-21 14:05:00,TMĐT - Shopee,NV09,Đã giao
DH011276,KH0391,2026-01-21 14:25:00,Đại lý,NV20,Đã giao
DH006635,KH0018,2026-01-21 18:18:00,TMĐT - Shopee,NV30,Đã giao
DH001700,KH0348,2026-01-21 19:58:00,TMĐT - Tiki,NV07,Đã giao
DH005327,KH0246,2026-01-21 21:20:00,Showroom,NV17,Đã giao
DH007886,KH0314,2026-01-21 21:35:00,TMĐT - Tiki,NV27,Trả hàng
DH005836,KH0390,2026-01-21 21:42:00,TMĐT - Lazada,NV12,Đang xử lý
DH009680,KH0242,2026-01-22 00:04:00,Showroom,NV11,Đã giao
DH009883,KH0262,2026-01-22 01:22:00,TMĐT - Shopee,NV18,Trả hàng
DH007361,KH0171,2026-01-22 04:06:00,Bán lẻ trực tiếp,NV08,Đã giao
DH002910,KH0242,2026-01-22 04:33:00,TMĐT - Lazada,NV08,Mới
DH011882,KH0065,2026-01-22 05:58:00,Bán lẻ trực tiếp,NV28,Đã giao
DH009548,KH0155,2026-01-22 06:37:00,TMĐT - Lazada,NV06,Đang xử lý
DH003048,KH0039,2026-01-22 09:14:00,TMĐT - Lazada,NV02,Mới
DH008084,KH0076,2026-01-22 09:27:00,TMĐT - Tiki,NV17,Đã giao
DH005563,KH0260,2026-01-22 10:17:00,Bán lẻ trực tiếp,NV26,Đã giao
DH007372,KH0135,2026-01-22 12:16:00,Bán lẻ trực tiếp,NV16,Đã giao
DH005716,KH0281,2026-01-22 13:09:00,Showroom,NV05,Đã giao
DH000008,KH0193,2026-01-22 13:27:00,TMĐT - Shopee,NV19,Đã giao
DH001962,KH0325,2026-01-22 15:32:00,TMĐT - Tiki,NV07,Đang xử lý
DH005677,KH0138,2026-01-22 17:28:00,Bán lẻ trực tiếp,NV30,Đã giao
DH008331,KH0422,2026-01-22 17:34:00,TMĐT - Lazada,NV05,Đã giao
DH005963,KH0306,2026-01-22 17:47:00,Đại lý,NV30,Đang xử lý
DH002315,KH0257,2026-01-22 17:55:00,TMĐT - Tiki,NV26,Đang xử lý
DH011606,KH0192,2026-01-22 21:01:00,TMĐT - Shopee,NV02,Đã giao
DH005110,KH0117,2026-01-22 21:12:00,Bán lẻ trực tiếp,NV02,Đã giao
DH007322,KH0115,2026-01-22 21:47:00,TMĐT - Shopee,NV26,Đã giao
DH004436,KH0052,2026-01-22 22:03:00,Showroom,NV10,Đã giao
DH007876,KH0248,2026-01-22 22:37:00,TMĐT - Shopee,NV26,Đã giao
DH010221,KH0397,2026-01-23 00:18:00,Bán lẻ trực tiếp,NV06,Đã giao
DH006542,KH0075,2026-01-23 01:29:00,Đại lý,NV27,Đã giao
DH003461,KH0137,2026-01-23 02:24:00,Đại lý,NV12,Đã giao
DH003861,KH0135,2026-01-23 02:29:00,Showroom,NV05,Đã giao
DH009041,KH0088,2026-01-23 03:04:00,TMĐT - Lazada,NV02,Đã giao
DH004899,KH0391,2026-01-23 04:13:00,Đại lý,NV01,Đang xử lý
DH007218,KH0193,2026-01-23 04:14:00,Showroom,NV09,Đã giao
DH005678,KH0447,2026-01-23 04:14:00,TMĐT - Tiki,NV03,Đã giao
DH001975,KH0027,2026-01-23 04:55:00,TMĐT - Lazada,NV17,Đang xử lý
DH011047,KH0036,2026-01-23 08:04:00,Showroom,NV11,Đã giao
DH006916,KH0314,2026-01-23 08:11:00,Bán lẻ trực tiếp,NV22,Mới
DH003596,KH0221,2026-01-23 09:11:00,TMĐT - Shopee,NV09,Đã giao
DH004643,KH0433,2026-01-23 10:08:00,Showroom,NV23,Đã giao
DH009692,KH0412,2026-01-23 12:16:00,TMĐT - Tiki,NV30,Đã giao
DH005098,KH0035,2026-01-23 15:21:00,TMĐT - Lazada,NV17,Đã giao
DH006699,KH0089,2026-01-23 16:14:00,TMĐT - Shopee,NV19,Đang xử lý
DH009575,KH0135,2026-01-23 19:05:00,Showroom,NV15,Trả hàng
DH007494,KH0241,2026-01-23 19:12:00,TMĐT - Lazada,NV30,Đã giao
DH001899,KH0389,2026-01-23 21:41:00,TMĐT - Shopee,NV06,Đã giao
DH001303,KH0138,2026-01-23 21:56:00,TMĐT - Shopee,NV21,Đã giao
DH000781,KH0243,2026-01-23 22:23:00,Bán lẻ trực tiếp,NV22,Đã giao
DH007731,KH0243,2026-01-23 22:57:00,Showroom,NV01,Đã giao
DH004541,KH0442,2026-01-24 00:27:00,TMĐT - Shopee,NV04,Đã giao
DH010595,KH0346,2026-01-24 01:24:00,Bán lẻ trực tiếp,NV18,Đã giao
DH001330,KH0140,2026-01-24 01:53:00,TMĐT - Shopee,NV21,Đã giao
DH011551,KH0036,2026-01-24 05:20:00,TMĐT - Lazada,NV09,Đã giao
DH004539,KH0404,2026-01-24 05:24:00,Bán lẻ trực tiếp,NV30,Mới
DH003381,KH0439,2026-01-24 07:21:00,TMĐT - Tiki,NV28,Đã giao
DH010065,KH0179,2026-01-24 07:33:00,Bán lẻ trực tiếp,NV08,Đã giao
DH009850,KH0325,2026-01-24 08:36:00,TMĐT - Tiki,NV09,Mới
DH010366,KH0442,2026-01-24 08:36:00,Showroom,NV13,Đang xử lý
DH007393,KH0442,2026-01-24 08:46:00,Bán lẻ trực tiếp,NV14,Đã giao
DH001246,KH0339,2026-01-24 11:50:00,Đại lý,NV01,Đã giao
DH001023,KH0194,2026-01-24 13:59:00,TMĐT - Shopee,NV03,Trả hàng
DH003673,KH0391,2026-01-24 18:01:00,Đại lý,NV17,Đã giao
DH002649,KH0389,2026-01-24 19:20:00,TMĐT - Tiki,NV26,Đã giao
DH002205,KH0373,2026-01-24 20:36:00,Bán lẻ trực tiếp,NV27,Mới
DH006186,KH0155,2026-01-24 20:42:00,TMĐT - Shopee,NV28,Đã giao
DH011715,KH0227,2026-01-24 21:11:00,TMĐT - Tiki,NV15,Đang xử lý
DH006122,KH0147,2026-01-24 21:38:00,TMĐT - Lazada,NV18,Đã giao
DH005985,KH0119,2026-01-24 21:43:00,TMĐT - Shopee,NV03,Đã giao
DH007549,KH0141,2026-01-25 03:41:00,Showroom,NV09,Đã hủy
DH010186,KH0262,2026-01-25 04:24:00,TMĐT - Shopee,NV10,Đã giao
DH002937,KH0391,2026-01-25 06:16:00,TMĐT - Tiki,NV06,Đã giao
DH009035,KH0163,2026-01-25 07:01:00,Showroom,NV24,Đang xử lý
DH010091,KH0026,2026-01-25 07:52:00,TMĐT - Tiki,NV23,Đã giao
DH000758,KH0442,2026-01-25 08:31:00,Bán lẻ trực tiếp,NV24,Đang xử lý
DH002802,KH0369,2026-01-25 09:45:00,Showroom,NV13,Trả hàng
DH010763,KH0447,2026-01-25 12:39:00,TMĐT - Lazada,NV26,Đã giao
DH005661,KH0013,2026-01-25 13:16:00,Showroom,NV21,Đã giao
DH007240,KH0242,2026-01-25 13:19:00,Bán lẻ trực tiếp,NV15,Đã giao
DH004578,KH0402,2026-01-25 15:20:00,Đại lý,NV06,Đã giao
DH001124,KH0314,2026-01-25 15:43:00,TMĐT - Lazada,NV01,Đã giao
DH007226,KH0396,2026-01-25 17:35:00,Showroom,NV15,Đã giao
DH008819,KH0051,2026-01-25 18:31:00,TMĐT - Tiki,NV17,Đã giao
DH007394,KH0074,2026-01-25 20:21:00,TMĐT - Shopee,NV23,Đã giao
DH000906,KH0051,2026-01-25 20:21:00,Đại lý,NV26,Đang xử lý
DH008712,KH0143,2026-01-25 22:31:00,Bán lẻ trực tiếp,NV05,Đã giao
DH003415,KH0113,2026-01-25 23:26:00,Đại lý,NV15,Đã giao
DH010033,KH0071,2026-01-26 00:41:00,Đại lý,NV16,Đã giao
DH011741,KH0306,2026-01-26 02:40:00,Bán lẻ trực tiếp,NV10,Đã giao
DH002626,KH0035,2026-01-26 03:05:00,TMĐT - Shopee,NV03,Đã giao
DH003852,KH0262,2026-01-26 03:06:00,Bán lẻ trực tiếp,NV21,Đã giao
DH010819,KH0365,2026-01-26 04:01:00,TMĐT - Shopee,NV12,Trả hàng
DH009083,KH0242,2026-01-26 05:01:00,TMĐT - Lazada,NV10,Đã giao
DH003744,KH0297,2026-01-26 06:36:00,Bán lẻ trực tiếp,NV13,Đã giao
DH008994,KH0017,2026-01-26 06:39:00,TMĐT - Shopee,NV24,Đã hủy
DH000070,KH0184,2026-01-26 06:55:00,Showroom,NV14,Đã giao
DH001533,KH0205,2026-01-26 07:04:00,TMĐT - Shopee,NV14,Đã giao
DH005762,KH0442,2026-01-26 07:44:00,Showroom,NV27,Đã giao
DH001626,KH0002,2026-01-26 08:55:00,TMĐT - Tiki,NV16,Đã giao
DH000991,KH0271,2026-01-26 10:21:00,Đại lý,NV14,Đã giao
DH007059,KH0439,2026-01-26 11:35:00,TMĐT - Lazada,NV29,Trả hàng
DH004416,KH0246,2026-01-26 12:02:00,TMĐT - Shopee,NV15,Đã giao
DH010121,KH0379,2026-01-26 12:54:00,TMĐT - Shopee,NV29,Đã giao
DH002168,KH0025,2026-01-26 14:32:00,Bán lẻ trực tiếp,NV04,Đã giao
DH011154,KH0380,2026-01-26 15:40:00,Bán lẻ trực tiếp,NV07,Đã giao
DH004593,KH0262,2026-01-26 17:10:00,TMĐT - Shopee,NV09,Đã giao
DH006728,KH0413,2026-01-26 18:26:00,TMĐT - Tiki,NV24,Đang xử lý
DH010451,KH0359,2026-01-26 20:05:00,Showroom,NV03,Đã giao
DH001528,KH0402,2026-01-26 20:59:00,Bán lẻ trực tiếp,NV18,Đã giao
DH007854,KH0211,2026-01-26 21:28:00,Đại lý,NV10,Đã giao
DH006412,KH0367,2026-01-26 21:56:00,Showroom,NV18,Đã giao
DH006674,KH0242,2026-01-26 22:35:00,TMĐT - Tiki,NV15,Đã giao
DH005897,KH0325,2026-01-27 00:51:00,Showroom,NV30,Trả hàng
DH004004,KH0053,2026-01-27 04:55:00,TMĐT - Lazada,NV20,Đã giao
DH000794,KH0306,2026-01-27 04:59:00,TMĐT - Shopee,NV18,Đã giao
DH003061,KH0070,2026-01-27 06:36:00,TMĐT - Shopee,NV13,Đã giao
DH009993,KH0410,2026-01-27 08:55:00,Showroom,NV22,Đã giao
DH000553,KH0215,2026-01-27 09:22:00,Đại lý,NV14,Đã giao
DH004943,KH0391,2026-01-27 13:56:00,Bán lẻ trực tiếp,NV20,Đã giao
DH003062,KH0446,2026-01-27 15:32:00,Showroom,NV04,Đã giao
DH008891,KH0391,2026-01-27 16:16:00,TMĐT - Tiki,NV18,Đã giao
DH005130,KH0070,2026-01-27 17:25:00,Đại lý,NV02,Đã giao
DH010409,KH0063,2026-01-27 18:34:00,TMĐT - Tiki,NV15,Đã giao
DH004564,KH0199,2026-01-27 19:26:00,Showroom,NV14,Đã hủy
DH006766,KH0413,2026-01-27 19:34:00,Đại lý,NV07,Đã giao
DH006335,KH0166,2026-01-27 20:00:00,TMĐT - Lazada,NV01,Đã giao
DH003215,KH0412,2026-01-27 21:26:00,Showroom,NV16,Đã giao
DH006030,KH0141,2026-01-27 21:56:00,Đại lý,NV15,Đã giao
DH007663,KH0387,2026-01-27 22:54:00,Bán lẻ trực tiếp,NV13,Đã giao
DH011534,KH0367,2026-01-28 01:19:00,TMĐT - Lazada,NV14,Đã hủy
DH002267,KH0374,2026-01-28 01:24:00,TMĐT - Tiki,NV14,Đã giao
DH007819,KH0116,2026-01-28 01:55:00,Bán lẻ trực tiếp,NV20,Đang xử lý
DH010310,KH0262,2026-01-28 02:17:00,TMĐT - Tiki,NV09,Trả hàng
DH005219,KH0386,2026-01-28 02:39:00,TMĐT - Lazada,NV08,Đã giao
DH009824,KH0068,2026-01-28 03:21:00,Bán lẻ trực tiếp,NV03,Đang xử lý
DH002442,KH0120,2026-01-28 04:18:00,TMĐT - Shopee,NV27,Trả hàng
DH003076,KH0105,2026-01-28 05:18:00,Bán lẻ trực tiếp,NV22,Đã giao
DH001395,KH0031,2026-01-28 05:45:00,Showroom,NV15,Đã giao
DH005358,KH0060,2026-01-28 07:18:00,TMĐT - Shopee,NV14,Đã giao
DH005396,KH0384,2026-01-28 09:42:00,Showroom,NV23,Mới
DH002354,KH0155,2026-01-28 12:09:00,TMĐT - Tiki,NV02,Đã giao
DH009505,KH0086,2026-01-28 14:18:00,TMĐT - Shopee,NV07,Đã giao
DH001851,KH0321,2026-01-28 15:04:00,TMĐT - Lazada,NV20,Mới
DH008275,KH0147,2026-01-28 18:30:00,TMĐT - Tiki,NV03,Mới
DH008126,KH0198,2026-01-28 19:03:00,TMĐT - Shopee,NV30,Đã hủy
DH001935,KH0001,2026-01-28 20:10:00,Showroom,NV06,Đã giao
DH011129,KH0063,2026-01-28 20:23:00,TMĐT - Lazada,NV24,Đã giao
DH009159,KH0367,2026-01-28 22:13:00,TMĐT - Tiki,NV09,Đã giao
DH001972,KH0052,2026-01-28 22:57:00,TMĐT - Lazada,NV10,Đã giao
DH008057,KH0198,2026-01-29 01:01:00,Đại lý,NV08,Đã giao
DH008990,KH0391,2026-01-29 01:14:00,Bán lẻ trực tiếp,NV28,Đã hủy
DH007818,KH0248,2026-01-29 02:29:00,TMĐT - Lazada,NV15,Đã giao
DH011028,KH0433,2026-01-29 03:25:00,TMĐT - Lazada,NV22,Đã giao
DH008552,KH0265,2026-01-29 03:46:00,Showroom,NV13,Đã giao
DH006631,KH0060,2026-01-29 04:57:00,Đại lý,NV12,Đang xử lý
DH003654,KH0241,2026-01-29 05:19:00,Bán lẻ trực tiếp,NV15,Đang xử lý
DH004399,KH0428,2026-01-29 05:32:00,Bán lẻ trực tiếp,NV09,Đã giao
DH010381,KH0012,2026-01-29 09:00:00,Showroom,NV10,Đã hủy
DH001170,KH0113,2026-01-29 09:53:00,Showroom,NV07,Đã giao
DH004590,KH0409,2026-01-29 14:30:00,Showroom,NV30,Đã giao
DH000157,KH0163,2026-01-29 15:15:00,Showroom,NV25,Đã giao
DH010821,KH0442,2026-01-29 23:43:00,TMĐT - Shopee,NV07,Đã giao
DH001915,KH0262,2026-01-29 23:55:00,TMĐT - Lazada,NV05,Đã giao
DH001435,KH0383,2026-01-30 00:17:00,TMĐT - Tiki,NV10,Đã giao
DH008493,KH0367,2026-01-30 00:32:00,Đại lý,NV08,Đã giao
DH001366,KH0166,2026-01-30 03:38:00,TMĐT - Lazada,NV20,Đã giao
DH005315,KH0070,2026-01-30 06:00:00,TMĐT - Lazada,NV16,Đã giao
DH005871,KH0089,2026-01-30 06:13:00,Showroom,NV27,Đã hủy
DH009088,KH0447,2026-01-30 06:55:00,TMĐT - Tiki,NV09,Đã giao
DH001790,KH0197,2026-01-30 07:12:00,Đại lý,NV26,Đã giao
DH005055,KH0062,2026-01-30 07:55:00,TMĐT - Tiki,NV09,Đã giao
DH005037,KH0413,2026-01-30 07:58:00,Đại lý,NV24,Đã giao
DH004409,KH0241,2026-01-30 10:29:00,TMĐT - Tiki,NV04,Đã giao
DH000772,KH0051,2026-01-30 11:03:00,TMĐT - Lazada,NV21,Đã giao
DH004586,KH0241,2026-01-30 11:12:00,Đại lý,NV26,Trả hàng
DH010035,KH0051,2026-01-30 12:24:00,Bán lẻ trực tiếp,NV18,Đang xử lý
DH004712,KH0246,2026-01-30 12:29:00,Đại lý,NV04,Đã giao
DH005256,KH0337,2026-01-30 13:10:00,TMĐT - Tiki,NV08,Đã giao
DH003280,KH0117,2026-01-30 13:40:00,Showroom,NV15,Mới
DH004659,KH0220,2026-01-30 19:04:00,Bán lẻ trực tiếp,NV16,Đã giao
DH009009,KH0246,2026-01-30 19:38:00,TMĐT - Lazada,NV23,Mới
DH006889,KH0249,2026-01-30 21:23:00,TMĐT - Shopee,NV12,Đã giao
DH010404,KH0026,2026-01-30 21:26:00,TMĐT - Shopee,NV03,Đã giao
DH001485,KH0051,2026-01-30 22:22:00,Đại lý,NV26,Đã giao
DH006855,KH0171,2026-01-30 22:28:00,Bán lẻ trực tiếp,NV28,Đã giao
DH004716,KH0248,2026-01-31 00:55:00,Showroom,NV24,Đã giao
DH002176,KH0175,2026-01-31 02:10:00,Showroom,NV25,Mới
DH009797,KH0208,2026-01-31 08:26:00,TMĐT - Lazada,NV06,Đã giao
DH004906,KH0058,2026-01-31 08:45:00,Showroom,NV16,Đã giao
DH005891,KH0119,2026-01-31 10:24:00,TMĐT - Tiki,NV15,Đã giao
DH001703,KH0321,2026-01-31 12:04:00,TMĐT - Tiki,NV22,Đã giao
DH004930,KH0334,2026-01-31 13:05:00,Showroom,NV27,Đang xử lý
DH000480,KH0404,2026-01-31 15:30:00,Bán lẻ trực tiếp,NV23,Mới
DH008698,KH0389,2026-01-31 16:27:00,TMĐT - Lazada,NV17,Đã giao
DH003386,KH0008,2026-01-31 19:39:00,Bán lẻ trực tiếp,NV21,Đã giao
DH011754,KH0230,2026-01-31 19:41:00,Showroom,NV12,Đang xử lý
DH003053,KH0442,2026-01-31 21:06:00,TMĐT - Shopee,NV17,Đã giao
DH004213,KH0386,2026-01-31 21:09:00,Showroom,NV18,Đã giao
DH011391,KH0442,2026-01-31 22:30:00,TMĐT - Tiki,NV27,Đã giao
DH011469,KH0051,2026-01-31 22:38:00,TMĐT - Lazada,NV28,Đã giao
DH000109,KH0338,2026-01-31 23:36:00,Bán lẻ trực tiếp,NV14,Đã giao
DH005466,KH0051,2026-01-31 23:50:00,TMĐT - Lazada,NV27,Đã giao
DH000883,KH0391,2026-02-01 01:27:00,Bán lẻ trực tiếp,NV11,Đã giao
DH005646,KH0439,2026-02-01 02:36:00,TMĐT - Shopee,NV10,Đã giao
DH002857,KH0447,2026-02-01 03:11:00,Bán lẻ trực tiếp,NV24,Đã giao
DH007752,KH0127,2026-02-01 04:21:00,Bán lẻ trực tiếp,NV12,Đã giao
DH001717,KH0183,2026-02-01 05:20:00,Bán lẻ trực tiếp,NV02,Đã giao
DH008751,KH0432,2026-02-01 05:51:00,TMĐT - Shopee,NV15,Đã giao
DH009450,KH0365,2026-02-01 06:33:00,Bán lẻ trực tiếp,NV10,Đã giao
DH005169,KH0272,2026-02-01 07:42:00,TMĐT - Tiki,NV29,Đã giao
DH006422,KH0430,2026-02-01 08:19:00,Đại lý,NV04,Đã giao
DH001412,KH0035,2026-02-01 10:27:00,Showroom,NV30,Mới
DH006198,KH0081,2026-02-01 12:41:00,Showroom,NV03,Đã giao
DH000699,KH0081,2026-02-01 12:59:00,Showroom,NV15,Đã giao
DH004311,KH0447,2026-02-01 15:14:00,Bán lẻ trực tiếp,NV28,Đã giao
DH004877,KH0053,2026-02-01 19:03:00,Đại lý,NV13,Đã giao
DH008049,KH0412,2026-02-01 19:10:00,TMĐT - Tiki,NV25,Đang xử lý
DH005028,KH0198,2026-02-01 22:33:00,Bán lẻ trực tiếp,NV28,Đã giao
DH003550,KH0126,2026-02-01 22:59:00,Đại lý,NV09,Đã giao
DH005796,KH0034,2026-02-02 00:42:00,TMĐT - Shopee,NV22,Đã giao
DH003121,KH0108,2026-02-02 02:03:00,TMĐT - Tiki,NV17,Đã giao
DH010989,KH0183,2026-02-02 04:25:00,TMĐT - Tiki,NV03,Mới
DH006500,KH0120,2026-02-02 05:38:00,Showroom,NV26,Đã giao
DH009793,KH0447,2026-02-02 07:45:00,Showroom,NV27,Đã giao
DH005212,KH0281,2026-02-02 08:05:00,Đại lý,NV06,Trả hàng
DH005310,KH0262,2026-02-02 09:00:00,TMĐT - Tiki,NV27,Đã giao
DH011621,KH0212,2026-02-02 10:19:00,TMĐT - Tiki,NV24,Đã giao
DH009208,KH0183,2026-02-02 12:46:00,TMĐT - Tiki,NV26,Mới
DH009569,KH0391,2026-02-02 13:31:00,Bán lẻ trực tiếp,NV17,Đã giao
DH006052,KH0036,2026-02-02 19:41:00,Đại lý,NV01,Đã giao
DH010140,KH0268,2026-02-02 22:37:00,TMĐT - Shopee,NV24,Đang xử lý
DH002163,KH0054,2026-02-02 23:40:00,TMĐT - Lazada,NV20,Đã giao
DH004656,KH0262,2026-02-03 02:00:00,TMĐT - Tiki,NV14,Đã giao
DH011066,KH0326,2026-02-03 02:02:00,TMĐT - Tiki,NV25,Đã giao
DH002577,KH0243,2026-02-03 09:55:00,Showroom,NV10,Trả hàng
DH002366,KH0140,2026-02-03 13:15:00,TMĐT - Shopee,NV15,Đã giao
DH010412,KH0155,2026-02-03 13:31:00,Bán lẻ trực tiếp,NV22,Đã giao
DH001130,KH0004,2026-02-03 14:53:00,Bán lẻ trực tiếp,NV15,Đã giao
DH007986,KH0227,2026-02-03 16:30:00,Đại lý,NV26,Trả hàng
DH001141,KH0306,2026-02-03 17:38:00,Đại lý,NV24,Đã giao
DH003763,KH0237,2026-02-03 19:18:00,Showroom,NV08,Đã giao
DH002175,KH0262,2026-02-03 23:15:00,Đại lý,NV17,Đã giao
DH010236,KH0199,2026-02-04 00:31:00,Bán lẻ trực tiếp,NV16,Đã giao
DH008283,KH0002,2026-02-04 01:18:00,Đại lý,NV11,Đã hủy
DH007579,KH0422,2026-02-04 04:46:00,Bán lẻ trực tiếp,NV28,Đã giao
DH002826,KH0105,2026-02-04 07:01:00,TMĐT - Shopee,NV10,Đã giao
DH000868,KH0314,2026-02-04 08:31:00,TMĐT - Tiki,NV15,Đã giao
DH002886,KH0280,2026-02-04 08:43:00,TMĐT - Lazada,NV25,Đang xử lý
DH002004,KH0094,2026-02-04 09:05:00,Đại lý,NV03,Đã giao
DH002236,KH0034,2026-02-04 13:31:00,TMĐT - Shopee,NV12,Đã giao
DH008227,KH0155,2026-02-04 18:03:00,Đại lý,NV26,Đã giao
DH006495,KH0329,2026-02-05 00:09:00,TMĐT - Lazada,NV12,Đã giao
DH009240,KH0012,2026-02-05 05:47:00,TMĐT - Shopee,NV09,Đã giao
DH007806,KH0325,2026-02-05 07:31:00,TMĐT - Tiki,NV21,Đã giao
DH008581,KH0021,2026-02-05 12:09:00,Bán lẻ trực tiếp,NV21,Đang xử lý
DH002417,KH0199,2026-02-05 12:28:00,Đại lý,NV12,Đã giao
DH001064,KH0211,2026-02-05 13:54:00,TMĐT - Tiki,NV22,Đã giao
DH000838,KH0250,2026-02-05 15:48:00,TMĐT - Tiki,NV13,Mới
DH000303,KH0352,2026-02-05 16:06:00,Showroom,NV21,Đã giao
DH001627,KH0113,2026-02-05 16:37:00,Bán lẻ trực tiếp,NV23,Đã giao
DH004358,KH0034,2026-02-05 17:43:00,Showroom,NV20,Đã giao
DH004614,KH0412,2026-02-05 19:19:00,Showroom,NV07,Mới
DH011851,KH0034,2026-02-05 22:39:00,Showroom,NV09,Đã giao
DH010132,KH0391,2026-02-06 02:32:00,TMĐT - Lazada,NV29,Đã giao
DH011924,KH0210,2026-02-06 03:44:00,TMĐT - Shopee,NV01,Đã giao
DH008140,KH0056,2026-02-06 05:37:00,Bán lẻ trực tiếp,NV17,Đã giao
DH001524,KH0262,2026-02-06 10:19:00,TMĐT - Shopee,NV06,Đã giao
DH011731,KH0359,2026-02-06 10:51:00,Showroom,NV30,Đã giao
DH002934,KH0140,2026-02-06 18:27:00,Showroom,NV18,Đã giao
DH009334,KH0273,2026-02-06 20:55:00,TMĐT - Tiki,NV15,Đã giao
DH007526,KH0155,2026-02-06 22:32:00,Showroom,NV10,Đã giao
DH007126,KH0002,2026-02-06 23:52:00,Bán lẻ trực tiếp,NV21,Đã giao
DH008333,KH0344,2026-02-07 00:16:00,TMĐT - Tiki,NV08,Đã hủy
DH002977,KH0242,2026-02-07 03:04:00,TMĐT - Shopee,NV28,Đã giao
DH010367,KH0274,2026-02-07 03:08:00,TMĐT - Lazada,NV16,Đã giao
DH007471,KH0054,2026-02-07 03:27:00,TMĐT - Lazada,NV22,Đã giao
DH004081,KH0160,2026-02-07 03:31:00,TMĐT - Shopee,NV17,Đã giao
DH006330,KH0279,2026-02-07 05:45:00,Showroom,NV01,Đã hủy
DH006861,KH0044,2026-02-07 07:42:00,Đại lý,NV19,Đã giao
DH000260,KH0128,2026-02-07 10:12:00,Bán lẻ trực tiếp,NV14,Đã giao
DH011150,KH0151,2026-02-07 13:38:00,TMĐT - Tiki,NV18,Đã giao
DH011068,KH0299,2026-02-07 21:49:00,Bán lẻ trực tiếp,NV08,Đã giao
DH009422,KH0070,2026-02-08 06:20:00,Bán lẻ trực tiếp,NV21,Đã giao
DH008525,KH0391,2026-02-08 09:47:00,TMĐT - Shopee,NV01,Đã giao
DH003243,KH0002,2026-02-08 10:15:00,TMĐT - Shopee,NV27,Đã giao
DH008632,KH0243,2026-02-08 11:35:00,Showroom,NV16,Mới
DH006837,KH0201,2026-02-08 13:22:00,Showroom,NV06,Đã giao
DH003355,KH0312,2026-02-08 20:22:00,TMĐT - Tiki,NV16,Đã hủy
DH006419,KH0151,2026-02-08 20:34:00,TMĐT - Lazada,NV02,Đã giao
DH003292,KH0192,2026-02-09 03:14:00,TMĐT - Lazada,NV22,Đã giao
DH007529,KH0262,2026-02-09 04:22:00,Bán lẻ trực tiếp,NV20,Đã giao
DH009359,KH0306,2026-02-09 06:20:00,Đại lý,NV25,Đã giao
DH009152,KH0362,2026-02-09 09:07:00,Bán lẻ trực tiếp,NV28,Đã giao
DH006722,KH0012,2026-02-09 09:31:00,Đại lý,NV13,Đang xử lý
DH009819,KH0281,2026-02-09 12:06:00,TMĐT - Tiki,NV16,Đã giao
DH004469,KH0314,2026-02-09 13:44:00,Đại lý,NV27,Đã giao
DH003153,KH0390,2026-02-09 19:24:00,Bán lẻ trực tiếp,NV28,Đã giao
DH008448,KH0447,2026-02-09 23:26:00,Bán lẻ trực tiếp,NV17,Đã giao
DH003870,KH0046,2026-02-10 00:14:00,Showroom,NV16,Đã giao
DH003922,KH0103,2026-02-10 01:13:00,TMĐT - Shopee,NV08,Đã giao
DH002023,KH0003,2026-02-10 04:47:00,TMĐT - Shopee,NV11,Đã giao
DH004059,KH0359,2026-02-10 05:06:00,TMĐT - Lazada,NV16,Đã giao
DH010754,KH0249,2026-02-10 05:27:00,TMĐT - Shopee,NV08,Đã giao
DH002953,KH0112,2026-02-10 07:37:00,Đại lý,NV21,Đang xử lý
DH001739,KH0447,2026-02-10 12:39:00,Showroom,NV09,Đã giao
DH006954,KH0318,2026-02-10 13:55:00,Bán lẻ trực tiếp,NV02,Đã giao
DH010950,KH0070,2026-02-10 15:13:00,Showroom,NV23,Mới
DH007622,KH0322,2026-02-10 18:28:00,TMĐT - Shopee,NV28,Đã giao
DH010604,KH0053,2026-02-10 18:57:00,Bán lẻ trực tiếp,NV11,Đã giao
DH001571,KH0384,2026-02-10 19:21:00,TMĐT - Tiki,NV09,Đã giao
DH006673,KH0322,2026-02-10 21:57:00,TMĐT - Lazada,NV07,Đang xử lý
DH004197,KH0173,2026-02-11 04:46:00,Bán lẻ trực tiếp,NV04,Đã giao
DH011876,KH0051,2026-02-11 05:16:00,TMĐT - Lazada,NV14,Đã giao
DH008860,KH0442,2026-02-11 06:46:00,TMĐT - Shopee,NV05,Đã giao
DH008564,KH0227,2026-02-11 07:17:00,TMĐT - Lazada,NV10,Đã hủy
DH001102,KH0377,2026-02-11 13:57:00,TMĐT - Tiki,NV05,Đã giao
DH007703,KH0193,2026-02-11 18:21:00,Đại lý,NV28,Trả hàng
DH007150,KH0262,2026-02-11 18:22:00,Bán lẻ trực tiếp,NV23,Đã giao
DH003613,KH0105,2026-02-11 22:32:00,TMĐT - Tiki,NV18,Đã giao
DH007747,KH0368,2026-02-11 23:55:00,TMĐT - Shopee,NV14,Đã giao
DH011203,KH0155,2026-02-12 00:48:00,Showroom,NV21,Đã hủy
DH004417,KH0367,2026-02-12 01:58:00,Showroom,NV22,Đã giao
DH008458,KH0271,2026-02-12 04:05:00,TMĐT - Shopee,NV09,Đã giao
DH002893,KH0034,2026-02-12 06:47:00,Đại lý,NV30,Đã giao
DH009885,KH0361,2026-02-12 08:20:00,TMĐT - Lazada,NV20,Đã giao
DH001692,KH0204,2026-02-12 10:14:00,TMĐT - Shopee,NV21,Đã giao
DH007265,KH0135,2026-02-12 10:35:00,Đại lý,NV19,Trả hàng
DH006517,KH0266,2026-02-12 13:57:00,TMĐT - Tiki,NV19,Đã giao
DH011498,KH0364,2026-02-12 16:47:00,TMĐT - Shopee,NV11,Mới
DH005972,KH0384,2026-02-12 18:37:00,Bán lẻ trực tiếp,NV15,Mới
DH003124,KH0356,2026-02-12 19:41:00,TMĐT - Tiki,NV04,Đang xử lý
DH010738,KH0262,2026-02-12 19:42:00,TMĐT - Lazada,NV21,Đã hủy
DH002728,KH0396,2026-02-12 20:52:00,TMĐT - Tiki,NV08,Đã hủy
DH010495,KH0155,2026-02-12 21:58:00,TMĐT - Shopee,NV04,Đã giao
DH004056,KH0001,2026-02-12 22:55:00,TMĐT - Lazada,NV22,Đã giao
DH004695,KH0248,2026-02-12 23:03:00,Bán lẻ trực tiếp,NV16,Đang xử lý
DH006096,KH0419,2026-02-13 03:12:00,TMĐT - Lazada,NV28,Đã hủy
DH007877,KH0387,2026-02-13 07:27:00,TMĐT - Tiki,NV10,Đã giao
DH010570,KH0140,2026-02-13 07:48:00,Đại lý,NV29,Đã giao
DH001015,KH0063,2026-02-13 08:19:00,TMĐT - Tiki,NV23,Đã giao
DH009381,KH0391,2026-02-13 10:08:00,Đại lý,NV10,Đã giao
DH011630,KH0187,2026-02-13 10:39:00,Bán lẻ trực tiếp,NV09,Đang xử lý
DH006044,KH0391,2026-02-13 12:04:00,Showroom,NV21,Đã giao
DH004095,KH0253,2026-02-13 15:01:00,TMĐT - Lazada,NV21,Đã giao
DH001305,KH0141,2026-02-13 21:44:00,Đại lý,NV07,Đã giao
DH000116,KH0420,2026-02-13 23:02:00,Bán lẻ trực tiếp,NV25,Đã giao
DH008454,KH0413,2026-02-14 01:09:00,TMĐT - Tiki,NV22,Đã giao
DH004342,KH0326,2026-02-14 02:10:00,TMĐT - Shopee,NV14,Đã giao
DH009397,KH0314,2026-02-14 04:12:00,TMĐT - Tiki,NV17,Đã giao
DH001095,KH0070,2026-02-14 04:16:00,Showroom,NV13,Đã giao
DH004689,KH0397,2026-02-14 08:52:00,TMĐT - Shopee,NV29,Đã giao
DH001040,KH0305,2026-02-14 10:28:00,Bán lẻ trực tiếp,NV07,Đã giao
DH002579,KH0405,2026-02-14 16:13:00,Đại lý,NV17,Đã giao
DH003006,KH0140,2026-02-15 01:58:00,Bán lẻ trực tiếp,NV24,Đang xử lý
DH001535,KH0358,2026-02-15 03:40:00,TMĐT - Shopee,NV28,Đã giao
DH011683,KH0127,2026-02-15 03:51:00,TMĐT - Tiki,NV04,Đã giao
DH005731,KH0314,2026-02-15 05:53:00,TMĐT - Tiki,NV20,Đã hủy
DH010755,KH0391,2026-02-15 07:55:00,TMĐT - Lazada,NV01,Đã hủy
DH007665,KH0377,2026-02-15 09:14:00,TMĐT - Shopee,NV14,Đã giao
DH000885,KH0115,2026-02-15 10:54:00,Showroom,NV21,Đang xử lý
DH002317,KH0031,2026-02-15 16:24:00,TMĐT - Tiki,NV24,Đã giao
DH007572,KH0314,2026-02-15 17:31:00,Đại lý,NV13,Đã giao
DH004558,KH0412,2026-02-15 17:55:00,TMĐT - Lazada,NV08,Đã giao
DH002537,KH0400,2026-02-15 20:59:00,Bán lẻ trực tiếp,NV07,Đã hủy
DH008768,KH0116,2026-02-15 21:43:00,TMĐT - Lazada,NV11,Trả hàng
DH005195,KH0337,2026-02-15 22:51:00,TMĐT - Shopee,NV26,Trả hàng
DH000024,KH0120,2026-02-16 00:21:00,Bán lẻ trực tiếp,NV10,Đang xử lý
DH001232,KH0002,2026-02-16 03:31:00,TMĐT - Tiki,NV13,Đã giao
DH002767,KH0115,2026-02-16 03:53:00,TMĐT - Tiki,NV30,Đã giao
DH001104,KH0442,2026-02-16 04:35:00,Đại lý,NV04,Đã giao
DH001247,KH0412,2026-02-16 05:39:00,TMĐT - Shopee,NV13,Đã giao
DH004454,KH0242,2026-02-16 06:36:00,Showroom,NV05,Đã hủy
DH011808,KH0183,2026-02-16 06:41:00,TMĐT - Lazada,NV30,Đã giao
DH001109,KH0127,2026-02-16 08:10:00,Bán lẻ trực tiếp,NV03,Đã giao
DH004706,KH0384,2026-02-16 09:48:00,Showroom,NV15,Đã giao
DH010316,KH0107,2026-02-16 11:14:00,Showroom,NV09,Đã giao
DH004638,KH0192,2026-02-16 12:24:00,Bán lẻ trực tiếp,NV30,Đã giao
DH008634,KH0246,2026-02-16 13:34:00,Bán lẻ trực tiếp,NV12,Đã giao
DH001734,KH0152,2026-02-16 14:29:00,Đại lý,NV01,Đã giao
DH010791,KH0119,2026-02-16 14:35:00,Đại lý,NV10,Đã giao
DH005092,KH0442,2026-02-16 16:31:00,TMĐT - Tiki,NV24,Đã giao
DH006109,KH0447,2026-02-16 17:06:00,Đại lý,NV30,Đã giao
DH003438,KH0029,2026-02-16 18:06:00,TMĐT - Tiki,NV03,Đã giao
DH011531,KH0155,2026-02-16 19:55:00,TMĐT - Shopee,NV21,Đã giao
DH000756,KH0446,2026-02-16 22:41:00,TMĐT - Shopee,NV08,Đang xử lý
DH007498,KH0315,2026-02-16 22:44:00,TMĐT - Lazada,NV10,Đã giao
DH004134,KH0089,2026-02-16 23:53:00,Bán lẻ trực tiếp,NV16,Đã giao
DH006950,KH0220,2026-02-17 01:50:00,TMĐT - Lazada,NV05,Đã giao
DH000187,KH0013,2026-02-17 02:30:00,Bán lẻ trực tiếp,NV14,Đã giao
DH005924,KH0397,2026-02-17 04:04:00,Showroom,NV25,Đã giao
DH004177,KH0442,2026-02-17 05:25:00,Bán lẻ trực tiếp,NV13,Đã hủy
DH001058,KH0447,2026-02-17 13:49:00,Bán lẻ trực tiếp,NV10,Đã giao
DH011655,KH0095,2026-02-17 17:38:00,TMĐT - Shopee,NV11,Đã giao
DH006248,KH0421,2026-02-17 18:04:00,TMĐT - Lazada,NV25,Đã giao
DH003732,KH0248,2026-02-17 18:29:00,TMĐT - Tiki,NV06,Đã giao
DH008544,KH0197,2026-02-18 02:54:00,TMĐT - Shopee,NV17,Đã giao
DH005365,KH0293,2026-02-18 13:31:00,TMĐT - Tiki,NV06,Trả hàng
DH008177,KH0439,2026-02-18 15:12:00,TMĐT - Shopee,NV17,Đã giao
DH004922,KH0249,2026-02-18 17:09:00,TMĐT - Tiki,NV05,Đã giao
DH011178,KH0391,2026-02-18 17:42:00,TMĐT - Lazada,NV23,Trả hàng
DH011752,KH0218,2026-02-18 18:24:00,Đại lý,NV06,Đã giao
DH009598,KH0193,2026-02-18 21:57:00,Showroom,NV22,Đã giao
DH007405,KH0391,2026-02-18 22:58:00,Bán lẻ trực tiếp,NV03,Đã giao
DH011952,KH0400,2026-02-18 23:11:00,TMĐT - Lazada,NV10,Đã giao
DH003623,KH0262,2026-02-19 01:20:00,Bán lẻ trực tiếp,NV01,Đã giao
DH005673,KH0305,2026-02-19 04:14:00,Bán lẻ trực tiếp,NV07,Đã giao
DH003016,KH0262,2026-02-19 10:29:00,Bán lẻ trực tiếp,NV08,Mới
DH004530,KH0140,2026-02-19 20:24:00,TMĐT - Shopee,NV04,Đã giao
DH004079,KH0192,2026-02-19 23:33:00,Bán lẻ trực tiếp,NV08,Đã giao
DH000212,KH0310,2026-02-20 00:53:00,Bán lẻ trực tiếp,NV26,Đã giao
DH005792,KH0315,2026-02-20 01:20:00,TMĐT - Shopee,NV26,Đã giao
DH000123,KH0246,2026-02-20 01:44:00,TMĐT - Shopee,NV21,Đã giao
DH010129,KH0367,2026-02-20 03:27:00,Showroom,NV15,Đã hủy
DH009354,KH0002,2026-02-20 03:29:00,TMĐT - Lazada,NV22,Đã giao
DH011195,KH0379,2026-02-20 09:15:00,Showroom,NV07,Đã giao
DH010695,KH0121,2026-02-20 09:48:00,TMĐT - Tiki,NV06,Đã giao
DH004589,KH0204,2026-02-20 10:37:00,TMĐT - Tiki,NV15,Đã giao
DH001135,KH0166,2026-02-20 14:20:00,Bán lẻ trực tiếp,NV15,Đã giao
DH007318,KH0227,2026-02-20 17:14:00,TMĐT - Tiki,NV21,Đã giao
DH004622,KH0086,2026-02-20 18:26:00,TMĐT - Tiki,NV09,Đã giao
DH011282,KH0063,2026-02-20 19:21:00,Showroom,NV24,Đã giao
DH000391,KH0406,2026-02-20 23:19:00,Bán lẻ trực tiếp,NV22,Đang xử lý
DH001742,KH0070,2026-02-20 23:27:00,Showroom,NV10,Mới
DH001197,KH0021,2026-02-20 23:31:00,Showroom,NV20,Đã giao
DH003812,KH0234,2026-02-21 00:39:00,Showroom,NV25,Trả hàng
DH006949,KH0446,2026-02-21 02:37:00,Bán lẻ trực tiếp,NV22,Đã giao
DH011743,KH0107,2026-02-21 09:36:00,Showroom,NV29,Đã giao
DH004260,KH0428,2026-02-21 14:54:00,Bán lẻ trực tiếp,NV09,Đang xử lý
DH003605,KH0272,2026-02-21 16:28:00,Showroom,NV12,Đã giao
DH002132,KH0420,2026-02-21 16:38:00,TMĐT - Tiki,NV15,Đã giao
DH001399,KH0071,2026-02-21 17:05:00,Đại lý,NV09,Đã giao
DH006054,KH0212,2026-02-21 19:04:00,TMĐT - Tiki,NV21,Đã giao
DH010493,KH0391,2026-02-21 22:46:00,Showroom,NV12,Đã giao
DH011437,KH0365,2026-02-21 22:48:00,Bán lẻ trực tiếp,NV23,Đã giao
DH003368,KH0384,2026-02-22 03:22:00,Đại lý,NV06,Đã giao
DH001609,KH0288,2026-02-22 04:24:00,Đại lý,NV11,Đã giao
DH002909,KH0359,2026-02-22 04:29:00,Đại lý,NV22,Đã giao
DH002015,KH0157,2026-02-22 04:33:00,TMĐT - Lazada,NV16,Đã giao
DH001992,KH0409,2026-02-22 04:59:00,TMĐT - Lazada,NV07,Đã giao
DH009741,KH0384,2026-02-22 05:01:00,Bán lẻ trực tiếp,NV29,Đã giao
DH009252,KH0404,2026-02-22 05:44:00,TMĐT - Shopee,NV02,Đang xử lý
DH003612,KH0352,2026-02-22 09:13:00,TMĐT - Tiki,NV11,Đã giao
DH004355,KH0438,2026-02-22 09:21:00,Showroom,NV16,Đã giao
DH011838,KH0442,2026-02-22 10:32:00,TMĐT - Shopee,NV23,Đã giao
DH011781,KH0409,2026-02-22 13:56:00,TMĐT - Shopee,NV09,Đã giao
DH002880,KH0262,2026-02-22 15:16:00,TMĐT - Tiki,NV21,Đã giao
DH009340,KH0365,2026-02-22 18:21:00,Đại lý,NV25,Đã giao
DH007366,KH0051,2026-02-22 19:06:00,Showroom,NV24,Đã giao
DH006010,KH0249,2026-02-22 19:58:00,Đại lý,NV03,Đã giao
DH000038,KH0391,2026-02-22 21:23:00,Đại lý,NV28,Đã giao
DH011853,KH0303,2026-02-23 04:23:00,Đại lý,NV21,Trả hàng
DH005596,KH0244,2026-02-23 04:36:00,TMĐT - Shopee,NV06,Đã giao
DH002160,KH0012,2026-02-23 04:42:00,Showroom,NV25,Đã giao
DH010307,KH0442,2026-02-23 05:24:00,Showroom,NV10,Đã giao
DH008945,KH0447,2026-02-23 05:48:00,TMĐT - Shopee,NV04,Trả hàng
DH004302,KH0413,2026-02-23 10:34:00,Showroom,NV20,Đã giao
DH007961,KH0314,2026-02-23 13:10:00,TMĐT - Lazada,NV14,Đã giao
DH006823,KH0157,2026-02-23 15:35:00,Đại lý,NV15,Đã giao
DH008412,KH0232,2026-02-23 20:43:00,Đại lý,NV22,Đã hủy
DH007302,KH0293,2026-02-23 22:09:00,Showroom,NV02,Đang xử lý
DH001335,KH0137,2026-02-24 00:29:00,Đại lý,NV06,Đã giao
DH011776,KH0002,2026-02-24 01:28:00,TMĐT - Shopee,NV19,Đã giao
DH009444,KH0242,2026-02-24 02:50:00,TMĐT - Lazada,NV03,Đang xử lý
DH008271,KH0229,2026-02-24 03:07:00,Showroom,NV01,Đã giao
DH004073,KH0013,2026-02-24 06:24:00,Showroom,NV25,Đã giao
DH009632,KH0391,2026-02-24 07:40:00,TMĐT - Shopee,NV21,Đã giao
DH002724,KH0155,2026-02-24 08:52:00,Đại lý,NV26,Đã hủy
DH007268,KH0262,2026-02-24 14:44:00,Showroom,NV20,Đã giao
DH010268,KH0094,2026-02-24 16:09:00,TMĐT - Shopee,NV27,Đã giao
DH010297,KH0070,2026-02-24 18:22:00,TMĐT - Shopee,NV13,Đã giao
DH003165,KH0227,2026-02-24 19:27:00,TMĐT - Tiki,NV11,Đã giao
DH009347,KH0002,2026-02-24 19:56:00,Showroom,NV09,Đã giao
DH010565,KH0088,2026-02-24 20:08:00,TMĐT - Tiki,NV30,Mới
DH004212,KH0231,2026-02-24 23:37:00,Showroom,NV26,Đã giao
DH008636,KH0069,2026-02-25 03:47:00,Đại lý,NV27,Đã giao
DH007186,KH0204,2026-02-25 07:58:00,Bán lẻ trực tiếp,NV16,Đang xử lý
DH008938,KH0242,2026-02-25 10:16:00,TMĐT - Shopee,NV05,Đã giao
DH011271,KH0049,2026-02-25 13:16:00,Bán lẻ trực tiếp,NV07,Đã giao
DH003952,KH0367,2026-02-25 13:43:00,Showroom,NV25,Đã giao
DH002073,KH0093,2026-02-25 14:55:00,TMĐT - Tiki,NV08,Đã giao
DH006581,KH0397,2026-02-25 17:04:00,Đại lý,NV12,Đã giao
DH011671,KH0306,2026-02-25 17:40:00,Đại lý,NV07,Đã giao
DH009295,KH0242,2026-02-25 18:39:00,Showroom,NV03,Đã hủy
DH001534,KH0021,2026-02-25 19:39:00,TMĐT - Lazada,NV26,Đã giao
DH001020,KH0367,2026-02-26 01:17:00,Showroom,NV26,Đã giao
DH010344,KH0127,2026-02-26 03:25:00,Đại lý,NV18,Đã giao
DH002224,KH0306,2026-02-26 08:06:00,Showroom,NV06,Đã giao
DH003197,KH0200,2026-02-26 08:16:00,Showroom,NV24,Đã giao
DH009432,KH0277,2026-02-26 08:57:00,Bán lẻ trực tiếp,NV23,Đã giao
DH005248,KH0306,2026-02-26 15:43:00,Đại lý,NV01,Đang xử lý
DH005296,KH0413,2026-02-26 16:37:00,TMĐT - Lazada,NV16,Đang xử lý
DH004331,KH0193,2026-02-26 17:37:00,Bán lẻ trực tiếp,NV21,Đã giao
DH006623,KH0052,2026-02-26 21:40:00,Bán lẻ trực tiếp,NV08,Trả hàng
DH008625,KH0442,2026-02-27 00:06:00,TMĐT - Lazada,NV07,Đã hủy
DH000057,KH0070,2026-02-27 00:35:00,Bán lẻ trực tiếp,NV12,Đã giao
DH002589,KH0192,2026-02-27 00:35:00,TMĐT - Shopee,NV26,Đã giao
DH004673,KH0049,2026-02-27 06:45:00,Showroom,NV30,Đang xử lý
DH000238,KH0160,2026-02-27 09:13:00,Bán lẻ trực tiếp,NV27,Đã giao
DH004460,KH0397,2026-02-27 10:11:00,TMĐT - Tiki,NV06,Đang xử lý
DH005382,KH0442,2026-02-27 16:04:00,TMĐT - Lazada,NV03,Trả hàng
DH003286,KH0404,2026-02-27 16:05:00,Showroom,NV19,Đã giao
DH008312,KH0304,2026-02-27 16:58:00,TMĐT - Lazada,NV23,Đang xử lý
DH005493,KH0122,2026-02-27 17:29:00,TMĐT - Shopee,NV30,Đã hủy
DH010438,KH0249,2026-02-27 18:06:00,Bán lẻ trực tiếp,NV30,Đã giao
DH007894,KH0409,2026-02-27 20:05:00,TMĐT - Tiki,NV25,Đã giao
DH000147,KH0265,2026-02-28 04:11:00,Đại lý,NV11,Đã giao
DH010084,KH0305,2026-02-28 04:14:00,TMĐT - Tiki,NV05,Đã giao
DH006288,KH0314,2026-02-28 05:08:00,Bán lẻ trực tiếp,NV09,Đã giao
DH009813,KH0367,2026-02-28 09:38:00,TMĐT - Shopee,NV16,Đã giao
DH007414,KH0052,2026-02-28 14:11:00,TMĐT - Tiki,NV03,Đã giao
DH002816,KH0266,2026-02-28 16:06:00,TMĐT - Shopee,NV29,Đã giao
DH001362,KH0262,2026-02-28 16:07:00,Bán lẻ trực tiếp,NV13,Đã giao
DH011745,KH0070,2026-02-28 17:55:00,Showroom,NV22,Đã giao
DH011735,KH0448,2026-02-28 21:54:00,TMĐT - Shopee,NV30,Đã giao
DH004395,KH0353,2026-02-28 21:58:00,Đại lý,NV11,Đã giao
DH003348,KH0413,2026-02-28 23:47:00,TMĐT - Tiki,NV07,Đã giao
DH002646,KH0306,2026-03-01 00:09:00,TMĐT - Lazada,NV26,Đang xử lý
DH003416,KH0034,2026-03-01 00:47:00,Đại lý,NV14,Đã giao
DH007729,KH0399,2026-03-01 01:35:00,Showroom,NV30,Mới
DH009474,KH0193,2026-03-01 02:30:00,TMĐT - Lazada,NV19,Đã giao
DH009615,KH0053,2026-03-01 04:23:00,TMĐT - Tiki,NV28,Đã giao
DH002978,KH0213,2026-03-01 04:38:00,TMĐT - Tiki,NV11,Đang xử lý
DH002695,KH0442,2026-03-01 05:42:00,TMĐT - Tiki,NV12,Đã hủy
DH010199,KH0249,2026-03-01 05:47:00,Bán lẻ trực tiếp,NV28,Đã giao
DH008389,KH0113,2026-03-01 08:48:00,Đại lý,NV19,Đã giao
DH007463,KH0446,2026-03-01 11:20:00,Đại lý,NV13,Đã giao
DH010251,KH0337,2026-03-01 12:02:00,TMĐT - Shopee,NV11,Đã giao
DH008833,KH0262,2026-03-01 14:13:00,Đại lý,NV10,Đã giao
DH010505,KH0442,2026-03-01 15:01:00,TMĐT - Shopee,NV16,Đã giao
DH002211,KH0155,2026-03-01 19:29:00,Bán lẻ trực tiếp,NV14,Đang xử lý
DH010986,KH0274,2026-03-02 02:25:00,Đại lý,NV26,Đã hủy
DH001716,KH0262,2026-03-02 11:33:00,TMĐT - Shopee,NV03,Đã giao
DH007161,KH0095,2026-03-02 14:18:00,TMĐT - Lazada,NV18,Đã giao
DH002928,KH0258,2026-03-02 15:59:00,Bán lẻ trực tiếp,NV08,Đã giao
DH006978,KH0095,2026-03-02 16:39:00,TMĐT - Lazada,NV07,Đã giao
DH009630,KH0396,2026-03-02 18:07:00,TMĐT - Shopee,NV10,Đã giao
DH003004,KH0053,2026-03-02 20:41:00,Showroom,NV01,Đã giao
DH005707,KH0359,2026-03-02 23:11:00,TMĐT - Tiki,NV03,Đã giao
DH010419,KH0227,2026-03-03 00:03:00,Showroom,NV09,Đã hủy
DH007811,KH0002,2026-03-03 02:03:00,TMĐT - Lazada,NV16,Mới
DH001986,KH0202,2026-03-03 03:27:00,TMĐT - Shopee,NV06,Đã giao
DH000409,KH0112,2026-03-03 04:38:00,TMĐT - Tiki,NV13,Đã giao
DH010174,KH0141,2026-03-03 10:09:00,Bán lẻ trực tiếp,NV26,Đã giao
DH008878,KH0012,2026-03-03 10:38:00,TMĐT - Shopee,NV15,Đã giao
DH007563,KH0384,2026-03-03 11:05:00,TMĐT - Lazada,NV15,Đã giao
DH004431,KH0227,2026-03-03 15:01:00,Bán lẻ trực tiếp,NV15,Đã giao
DH007438,KH0243,2026-03-03 17:17:00,TMĐT - Shopee,NV16,Trả hàng
DH007591,KH0044,2026-03-03 19:49:00,TMĐT - Shopee,NV18,Đã giao
DH003138,KH0165,2026-03-04 01:22:00,Showroom,NV06,Đã giao
DH004487,KH0085,2026-03-04 03:25:00,TMĐT - Lazada,NV22,Đã giao
DH007609,KH0193,2026-03-04 04:02:00,TMĐT - Shopee,NV13,Đang xử lý
DH005401,KH0442,2026-03-04 04:06:00,TMĐT - Shopee,NV16,Đang xử lý
DH000127,KH0438,2026-03-04 05:49:00,Đại lý,NV29,Đã giao
DH008512,KH0199,2026-03-04 07:36:00,TMĐT - Shopee,NV30,Đã giao
DH008835,KH0184,2026-03-04 11:24:00,Đại lý,NV19,Đã hủy
DH002559,KH0052,2026-03-04 12:49:00,Đại lý,NV01,Đã giao
DH005297,KH0420,2026-03-04 14:48:00,TMĐT - Shopee,NV13,Đã giao
DH006641,KH0446,2026-03-04 14:56:00,TMĐT - Lazada,NV01,Đã giao
DH009061,KH0068,2026-03-04 18:11:00,Showroom,NV19,Đang xử lý
DH003082,KH0420,2026-03-04 18:30:00,Showroom,NV07,Đang xử lý
DH002996,KH0220,2026-03-04 18:31:00,TMĐT - Lazada,NV07,Đã giao
DH011411,KH0262,2026-03-04 18:48:00,Bán lẻ trực tiếp,NV16,Đã giao
DH006455,KH0199,2026-03-04 19:46:00,Bán lẻ trực tiếp,NV19,Đã giao
DH010158,KH0432,2026-03-04 19:47:00,TMĐT - Lazada,NV08,Đã giao
DH006450,KH0262,2026-03-04 19:49:00,TMĐT - Shopee,NV15,Đã giao
DH000538,KH0227,2026-03-04 20:39:00,TMĐT - Lazada,NV29,Đã giao
DH002138,KH0070,2026-03-04 21:35:00,Đại lý,NV15,Đã giao
DH005937,KH0060,2026-03-04 23:08:00,TMĐT - Shopee,NV15,Đã giao
DH000086,KH0384,2026-03-05 05:01:00,Đại lý,NV02,Đã giao
DH003853,KH0412,2026-03-05 08:48:00,TMĐT - Tiki,NV20,Đã giao
DH003973,KH0400,2026-03-05 09:21:00,TMĐT - Lazada,NV01,Đã giao
DH001439,KH0140,2026-03-05 09:36:00,TMĐT - Shopee,NV16,Đã giao
DH011734,KH0135,2026-03-05 10:03:00,TMĐT - Tiki,NV22,Đã giao
DH011221,KH0314,2026-03-05 10:35:00,TMĐT - Shopee,NV22,Đã giao
DH008677,KH0363,2026-03-05 14:15:00,Đại lý,NV26,Đang xử lý
DH008876,KH0052,2026-03-05 15:12:00,Bán lẻ trực tiếp,NV03,Đã giao
DH002792,KH0070,2026-03-05 18:29:00,TMĐT - Shopee,NV27,Đang xử lý
DH011342,KH0155,2026-03-05 18:32:00,TMĐT - Shopee,NV01,Đã giao
DH002952,KH0113,2026-03-05 19:58:00,Đại lý,NV07,Đã giao
DH001388,KH0199,2026-03-05 23:20:00,Showroom,NV26,Đã giao
DH005975,KH0135,2026-03-06 00:45:00,Showroom,NV29,Đã giao
DH009792,KH0249,2026-03-06 00:53:00,Showroom,NV28,Đã giao
DH009124,KH0135,2026-03-06 04:10:00,Showroom,NV30,Đã giao
DH000563,KH0105,2026-03-06 05:42:00,Showroom,NV09,Đang xử lý
DH010468,KH0413,2026-03-06 07:41:00,TMĐT - Tiki,NV13,Đã giao
DH001926,KH0368,2026-03-06 11:11:00,Showroom,NV17,Đã giao
DH009087,KH0121,2026-03-06 11:19:00,Showroom,NV18,Trả hàng
DH001068,KH0092,2026-03-06 13:50:00,TMĐT - Lazada,NV02,Đã giao
DH011187,KH0249,2026-03-06 13:53:00,TMĐT - Shopee,NV21,Trả hàng
DH008089,KH0105,2026-03-06 13:56:00,TMĐT - Lazada,NV04,Đã giao
DH006392,KH0248,2026-03-06 14:38:00,TMĐT - Tiki,NV26,Trả hàng
DH007939,KH0295,2026-03-06 16:44:00,Đại lý,NV21,Đã giao
DH008957,KH0267,2026-03-06 17:41:00,TMĐT - Lazada,NV24,Mới
DH010056,KH0193,2026-03-06 21:57:00,TMĐT - Tiki,NV11,Đã giao
DH000136,KH0353,2026-03-06 22:46:00,Đại lý,NV17,Đã giao
DH002707,KH0365,2026-03-07 00:20:00,Showroom,NV24,Đang xử lý
DH000671,KH0128,2026-03-07 02:01:00,TMĐT - Tiki,NV01,Đã giao
DH001486,KH0119,2026-03-07 02:52:00,Bán lẻ trực tiếp,NV03,Đã giao
DH002446,KH0409,2026-03-07 07:03:00,TMĐT - Shopee,NV13,Đã giao
DH007710,KH0206,2026-03-07 08:44:00,Đại lý,NV08,Đã giao
DH011173,KH0412,2026-03-07 11:41:00,Đại lý,NV22,Đã giao
DH005625,KH0404,2026-03-07 13:07:00,TMĐT - Shopee,NV02,Đã giao
DH011585,KH0384,2026-03-07 13:28:00,Đại lý,NV14,Đã giao
DH001351,KH0445,2026-03-07 14:04:00,TMĐT - Tiki,NV30,Đã giao
DH001312,KH0387,2026-03-07 17:39:00,Showroom,NV03,Đã giao
DH003385,KH0370,2026-03-07 20:07:00,Showroom,NV14,Đã giao
DH009937,KH0304,2026-03-08 02:22:00,TMĐT - Lazada,NV06,Đã giao
DH010657,KH0222,2026-03-08 04:52:00,Đại lý,NV29,Đã giao
DH008679,KH0305,2026-03-08 09:14:00,Bán lẻ trực tiếp,NV22,Đã giao
DH005534,KH0305,2026-03-08 09:34:00,TMĐT - Tiki,NV05,Đã giao
DH010624,KH0350,2026-03-08 12:38:00,TMĐT - Tiki,NV22,Đang xử lý
DH001859,KH0002,2026-03-08 13:11:00,TMĐT - Lazada,NV11,Đã giao
DH009172,KH0447,2026-03-08 14:19:00,Đại lý,NV27,Mới
DH007631,KH0379,2026-03-08 15:12:00,TMĐT - Lazada,NV20,Đã giao
DH007274,KH0070,2026-03-08 15:34:00,TMĐT - Lazada,NV08,Đã giao
DH002021,KH0249,2026-03-08 15:43:00,Đại lý,NV28,Đã giao
DH005359,KH0338,2026-03-08 19:51:00,Đại lý,NV20,Đã giao
DH002190,KH0077,2026-03-08 23:42:00,TMĐT - Shopee,NV12,Đã giao
DH002676,KH0337,2026-03-08 23:49:00,Showroom,NV01,Đã giao
DH001942,KH0002,2026-03-09 00:42:00,TMĐT - Tiki,NV27,Mới
DH006624,KH0242,2026-03-09 03:54:00,TMĐT - Shopee,NV07,Đã giao
DH006917,KH0204,2026-03-09 04:57:00,Đại lý,NV14,Đã giao
DH004540,KH0081,2026-03-09 05:23:00,TMĐT - Shopee,NV28,Đang xử lý
DH001504,KH0398,2026-03-09 06:54:00,Đại lý,NV12,Đã giao
DH005151,KH0394,2026-03-09 09:27:00,Showroom,NV08,Đã giao
DH005102,KH0338,2026-03-09 09:38:00,TMĐT - Shopee,NV20,Đang xử lý
DH011701,KH0029,2026-03-09 19:28:00,TMĐT - Shopee,NV07,Mới
DH009891,KH0054,2026-03-10 00:09:00,TMĐT - Lazada,NV12,Đã giao
DH007581,KH0428,2026-03-10 02:12:00,TMĐT - Tiki,NV16,Mới
DH007976,KH0227,2026-03-10 03:00:00,Bán lẻ trực tiếp,NV30,Đã giao
DH011889,KH0409,2026-03-10 03:13:00,Đại lý,NV18,Đang xử lý
DH008023,KH0135,2026-03-10 04:37:00,Showroom,NV19,Trả hàng
DH007602,KH0053,2026-03-10 06:07:00,Đại lý,NV29,Đã giao
DH009578,KH0379,2026-03-10 07:05:00,TMĐT - Tiki,NV04,Đã giao
DH011174,KH0309,2026-03-10 08:23:00,TMĐT - Tiki,NV15,Mới
DH008456,KH0445,2026-03-10 09:54:00,Đại lý,NV21,Đã giao
DH005375,KH0325,2026-03-10 10:06:00,Showroom,NV23,Đã giao
DH010724,KH0274,2026-03-10 20:32:00,TMĐT - Tiki,NV04,Mới
DH002622,KH0409,2026-03-10 21:44:00,TMĐT - Shopee,NV22,Đã giao
DH010772,KH0257,2026-03-11 00:26:00,TMĐT - Tiki,NV20,Đã giao
DH007188,KH0116,2026-03-11 04:02:00,Đại lý,NV01,Đã hủy
DH000786,KH0438,2026-03-11 05:06:00,TMĐT - Tiki,NV20,Mới
DH007640,KH0247,2026-03-11 06:03:00,Bán lẻ trực tiếp,NV25,Đã giao
DH008019,KH0113,2026-03-11 07:38:00,Đại lý,NV15,Đã giao
DH002352,KH0216,2026-03-11 08:13:00,TMĐT - Tiki,NV12,Đã giao
DH009661,KH0330,2026-03-11 12:25:00,TMĐT - Tiki,NV23,Đã hủy
DH009706,KH0242,2026-03-11 12:56:00,TMĐT - Lazada,NV22,Đã giao
DH007011,KH0442,2026-03-11 16:20:00,TMĐT - Shopee,NV13,Đã giao
DH003451,KH0141,2026-03-11 22:36:00,TMĐT - Shopee,NV17,Đã giao
DH004069,KH0183,2026-03-12 00:08:00,Bán lẻ trực tiếp,NV05,Đã giao
DH003777,KH0081,2026-03-12 02:13:00,Bán lẻ trực tiếp,NV04,Đã giao
DH002836,KH0280,2026-03-12 03:03:00,TMĐT - Tiki,NV15,Đã giao
DH000374,KH0281,2026-03-12 03:37:00,Showroom,NV26,Mới
DH007768,KH0012,2026-03-12 06:03:00,TMĐT - Shopee,NV10,Trả hàng
DH000857,KH0140,2026-03-12 06:21:00,Showroom,NV11,Đã giao
DH007500,KH0092,2026-03-12 07:08:00,Bán lẻ trực tiếp,NV29,Đã giao
DH009534,KH0155,2026-03-12 07:38:00,Bán lẻ trực tiếp,NV14,Đã giao
DH010312,KH0266,2026-03-12 07:55:00,TMĐT - Shopee,NV02,Đã giao
DH000389,KH0241,2026-03-12 09:18:00,TMĐT - Shopee,NV30,Đã giao
DH005700,KH0391,2026-03-12 11:48:00,Showroom,NV15,Đã giao
DH005074,KH0447,2026-03-12 12:28:00,Bán lẻ trực tiếp,NV21,Đã giao
DH011169,KH0051,2026-03-12 13:43:00,Showroom,NV15,Đã giao
DH008221,KH0138,2026-03-12 14:10:00,Showroom,NV07,Đã giao
DH005969,KH0044,2026-03-12 14:44:00,TMĐT - Tiki,NV12,Đang xử lý
DH002105,KH0257,2026-03-12 17:10:00,TMĐT - Shopee,NV10,Đã giao
DH003249,KH0309,2026-03-12 17:32:00,TMĐT - Shopee,NV25,Đã giao
DH000740,KH0404,2026-03-13 02:00:00,Bán lẻ trực tiếp,NV23,Đã giao
DH011976,KH0199,2026-03-13 04:01:00,Đại lý,NV21,Mới
DH001594,KH0222,2026-03-13 05:52:00,TMĐT - Shopee,NV23,Đã giao
DH009622,KH0002,2026-03-13 07:27:00,Showroom,NV01,Đã giao
DH008098,KH0056,2026-03-13 15:17:00,Bán lẻ trực tiếp,NV10,Đã hủy
DH002666,KH0360,2026-03-14 00:40:00,Bán lẻ trực tiếp,NV21,Đang xử lý
DH009962,KH0359,2026-03-14 00:47:00,Đại lý,NV16,Đã giao
DH003560,KH0089,2026-03-14 03:03:00,Bán lẻ trực tiếp,NV17,Đã giao
DH000534,KH0155,2026-03-14 05:44:00,TMĐT - Lazada,NV09,Đã giao
DH010461,KH0368,2026-03-14 06:38:00,TMĐT - Lazada,NV30,Đã giao
DH007963,KH0013,2026-03-14 07:54:00,TMĐT - Shopee,NV01,Đã giao
DH010774,KH0224,2026-03-14 10:24:00,TMĐT - Lazada,NV28,Đã giao
DH011849,KH0208,2026-03-14 12:42:00,TMĐT - Lazada,NV15,Đã giao
DH011693,KH0287,2026-03-14 14:37:00,TMĐT - Lazada,NV25,Đã giao
DH002268,KH0262,2026-03-14 16:19:00,Đại lý,NV16,Đã giao
DH005180,KH0246,2026-03-14 16:21:00,Showroom,NV23,Đã giao
DH011969,KH0199,2026-03-14 16:59:00,TMĐT - Tiki,NV07,Đã giao
DH008343,KH0044,2026-03-14 18:51:00,Đại lý,NV03,Đã giao
DH005265,KH0192,2026-03-14 20:48:00,Showroom,NV04,Mới
DH010788,KH0151,2026-03-14 21:23:00,Bán lẻ trực tiếp,NV20,Đã giao
DH003781,KH0204,2026-03-15 00:09:00,Bán lẻ trực tiếp,NV25,Đã giao
DH009617,KH0212,2026-03-15 00:13:00,Showroom,NV30,Đã giao
DH011126,KH0406,2026-03-15 02:41:00,Showroom,NV05,Đã giao
DH008571,KH0155,2026-03-15 04:45:00,Showroom,NV12,Đã giao
DH011872,KH0211,2026-03-15 07:13:00,TMĐT - Lazada,NV04,Đã giao
DH010320,KH0314,2026-03-15 08:59:00,TMĐT - Lazada,NV17,Đã giao
DH003245,KH0446,2026-03-15 10:47:00,Showroom,NV23,Đã giao
DH010779,KH0008,2026-03-15 13:45:00,TMĐT - Shopee,NV13,Đã giao
DH001234,KH0013,2026-03-15 22:27:00,Đại lý,NV26,Mới
DH000407,KH0187,2026-03-16 05:51:00,TMĐT - Lazada,NV13,Trả hàng
DH000869,KH0082,2026-03-16 07:40:00,TMĐT - Shopee,NV08,Đã giao
DH007545,KH0184,2026-03-16 08:06:00,TMĐT - Tiki,NV29,Đã giao
DH007855,KH0252,2026-03-16 08:39:00,Bán lẻ trực tiếp,NV19,Đã giao
DH009875,KH0418,2026-03-16 11:06:00,Bán lẻ trực tiếp,NV29,Đã giao
DH011306,KH0400,2026-03-16 11:49:00,Đại lý,NV23,Đã giao
DH011803,KH0141,2026-03-16 13:29:00,TMĐT - Tiki,NV30,Đã giao
DH002722,KH0413,2026-03-16 13:56:00,Đại lý,NV02,Đã giao
DH005619,KH0446,2026-03-16 15:17:00,Đại lý,NV26,Đã giao
DH003445,KH0271,2026-03-16 16:46:00,TMĐT - Tiki,NV23,Đã giao
DH006671,KH0442,2026-03-16 17:41:00,TMĐT - Lazada,NV26,Đã hủy
DH009616,KH0053,2026-03-16 17:58:00,Bán lẻ trực tiếp,NV15,Đã giao
DH000028,KH0262,2026-03-16 19:46:00,Bán lẻ trực tiếp,NV07,Đã giao
DH001991,KH0234,2026-03-16 21:07:00,TMĐT - Shopee,NV30,Trả hàng
DH011081,KH0250,2026-03-16 22:55:00,TMĐT - Shopee,NV27,Đã giao
DH009805,KH0332,2026-03-16 23:36:00,TMĐT - Shopee,NV20,Đã giao
DH008842,KH0249,2026-03-17 00:49:00,Showroom,NV17,Đang xử lý
DH001715,KH0155,2026-03-17 02:29:00,Bán lẻ trực tiếp,NV06,Đã giao
DH007246,KH0121,2026-03-17 05:04:00,TMĐT - Tiki,NV26,Đã giao
DH006312,KH0250,2026-03-17 06:40:00,TMĐT - Tiki,NV30,Trả hàng
DH006038,KH0257,2026-03-17 08:40:00,Bán lẻ trực tiếp,NV28,Đã giao
DH010822,KH0141,2026-03-17 09:32:00,Đại lý,NV01,Đã giao
DH007554,KH0413,2026-03-17 09:42:00,TMĐT - Shopee,NV01,Đã giao
DH003889,KH0438,2026-03-17 10:33:00,TMĐT - Shopee,NV30,Đã giao
DH006032,KH0359,2026-03-17 10:36:00,TMĐT - Tiki,NV13,Đã hủy
DH008725,KH0184,2026-03-17 10:55:00,Bán lẻ trực tiếp,NV25,Đã giao
DH008702,KH0089,2026-03-17 12:03:00,Đại lý,NV23,Đã giao
DH004854,KH0227,2026-03-17 12:13:00,Bán lẻ trực tiếp,NV06,Đã giao
DH008640,KH0167,2026-03-17 12:54:00,Bán lẻ trực tiếp,NV07,Đã giao
DH006414,KH0241,2026-03-17 18:28:00,TMĐT - Shopee,NV21,Đã giao
DH005330,KH0070,2026-03-17 21:17:00,TMĐT - Shopee,NV08,Đã giao
DH004984,KH0170,2026-03-18 03:27:00,Bán lẻ trực tiếp,NV15,Mới
DH008936,KH0368,2026-03-18 07:36:00,TMĐT - Tiki,NV17,Đã giao
DH001013,KH0296,2026-03-18 07:54:00,TMĐT - Shopee,NV16,Đã giao
DH000698,KH0420,2026-03-18 09:07:00,Bán lẻ trực tiếp,NV03,Đã giao
DH004295,KH0241,2026-03-18 09:48:00,TMĐT - Tiki,NV02,Đã giao
DH000262,KH0391,2026-03-18 10:49:00,Đại lý,NV02,Đã giao
DH004929,KH0306,2026-03-18 13:23:00,Showroom,NV19,Đã giao
DH007815,KH0338,2026-03-18 13:51:00,TMĐT - Lazada,NV11,Mới
DH005343,KH0447,2026-03-18 16:23:00,TMĐT - Shopee,NV05,Đã hủy
DH009844,KH0222,2026-03-18 20:30:00,Đại lý,NV19,Đã giao
DH008327,KH0071,2026-03-18 20:58:00,TMĐT - Tiki,NV09,Đã giao
DH007620,KH0248,2026-03-18 21:48:00,TMĐT - Lazada,NV28,Trả hàng
DH004173,KH0170,2026-03-18 22:18:00,TMĐT - Tiki,NV09,Đã giao
DH001774,KH0391,2026-03-18 23:25:00,TMĐT - Tiki,NV22,Đã giao
DH006100,KH0155,2026-03-19 01:46:00,TMĐT - Shopee,NV16,Đã giao
DH008273,KH0402,2026-03-19 02:00:00,TMĐT - Shopee,NV03,Đã giao
DH000521,KH0035,2026-03-19 02:52:00,Đại lý,NV27,Đã hủy
DH005802,KH0391,2026-03-19 03:15:00,TMĐT - Shopee,NV21,Đã giao
DH007688,KH0249,2026-03-19 04:54:00,TMĐT - Tiki,NV16,Đang xử lý
DH008961,KH0070,2026-03-19 11:01:00,TMĐT - Tiki,NV02,Mới
DH004250,KH0158,2026-03-19 12:38:00,TMĐT - Shopee,NV04,Đã giao
DH002795,KH0081,2026-03-19 13:40:00,Bán lẻ trực tiếp,NV17,Đã giao
DH001706,KH0140,2026-03-19 14:40:00,Bán lẻ trực tiếp,NV30,Đã giao
DH002288,KH0402,2026-03-19 16:38:00,TMĐT - Tiki,NV16,Đã giao
DH007911,KH0135,2026-03-19 16:58:00,Showroom,NV01,Đã giao
DH001584,KH0391,2026-03-19 18:21:00,Đại lý,NV09,Đã giao
DH002592,KH0246,2026-03-19 19:09:00,TMĐT - Lazada,NV22,Đang xử lý
DH001222,KH0197,2026-03-19 19:46:00,TMĐT - Tiki,NV23,Đã giao
DH010374,KH0331,2026-03-19 20:10:00,TMĐT - Tiki,NV02,Đã giao
DH009243,KH0051,2026-03-19 20:17:00,TMĐT - Lazada,NV09,Mới
DH008870,KH0266,2026-03-19 21:14:00,Đại lý,NV15,Đã giao
DH010668,KH0081,2026-03-20 07:31:00,TMĐT - Tiki,NV26,Đã giao
DH001585,KH0409,2026-03-20 09:26:00,TMĐT - Shopee,NV13,Đã giao
DH007764,KH0402,2026-03-20 11:48:00,Đại lý,NV22,Đã giao
DH006686,KH0365,2026-03-20 13:01:00,TMĐT - Tiki,NV27,Đã giao
DH008105,KH0442,2026-03-20 13:55:00,TMĐT - Shopee,NV15,Đã giao
DH000798,KH0198,2026-03-20 16:48:00,TMĐT - Lazada,NV24,Đã giao
DH004579,KH0227,2026-03-20 19:33:00,TMĐT - Shopee,NV24,Mới
DH008231,KH0179,2026-03-20 21:57:00,Bán lẻ trực tiếp,NV13,Đã giao
DH009461,KH0447,2026-03-20 22:41:00,Bán lẻ trực tiếp,NV10,Đã giao
DH005100,KH0422,2026-03-21 02:16:00,Showroom,NV26,Đã giao
DH009928,KH0274,2026-03-21 07:36:00,Showroom,NV16,Đã hủy
DH004628,KH0273,2026-03-21 07:44:00,Đại lý,NV27,Mới
DH008723,KH0117,2026-03-21 09:54:00,TMĐT - Tiki,NV01,Đã giao
DH008317,KH0184,2026-03-21 12:26:00,Showroom,NV09,Đã giao
DH011691,KH0368,2026-03-21 12:42:00,Bán lẻ trực tiếp,NV22,Đã giao
DH001386,KH0308,2026-03-21 14:48:00,Bán lẻ trực tiếp,NV21,Đã giao
DH008724,KH0346,2026-03-21 14:52:00,Showroom,NV28,Đã giao
DH000753,KH0020,2026-03-21 15:07:00,TMĐT - Lazada,NV02,Đã giao
DH010125,KH0076,2026-03-21 18:22:00,Đại lý,NV17,Đã giao
DH010327,KH0433,2026-03-21 18:35:00,Showroom,NV16,Đã giao
DH000135,KH0208,2026-03-21 22:50:00,Đại lý,NV15,Đã giao
DH007569,KH0281,2026-03-22 02:36:00,TMĐT - Lazada,NV02,Đã giao
DH010437,KH0379,2026-03-22 03:31:00,Showroom,NV30,Trả hàng
DH003967,KH0155,2026-03-22 05:20:00,TMĐT - Tiki,NV10,Đã giao
DH004189,KH0427,2026-03-22 05:40:00,Đại lý,NV29,Đã giao
DH001088,KH0242,2026-03-22 11:08:00,Bán lẻ trực tiếp,NV03,Đã giao
DH005585,KH0196,2026-03-22 12:12:00,TMĐT - Shopee,NV27,Đã giao
DH002126,KH0266,2026-03-22 13:44:00,TMĐT - Tiki,NV18,Đã giao
DH002181,KH0306,2026-03-22 16:59:00,Bán lẻ trực tiếp,NV19,Đã giao
DH010302,KH0442,2026-03-22 18:35:00,TMĐT - Shopee,NV01,Đã giao
DH001341,KH0012,2026-03-22 22:36:00,Bán lẻ trực tiếp,NV08,Đã giao
DH005970,KH0227,2026-03-23 00:38:00,Showroom,NV11,Đã giao
DH006136,KH0385,2026-03-23 01:25:00,Đại lý,NV25,Đã giao
DH001894,KH0035,2026-03-23 01:41:00,TMĐT - Lazada,NV16,Đã giao
DH004133,KH0421,2026-03-23 03:30:00,Đại lý,NV09,Đã giao
DH003624,KH0420,2026-03-23 03:40:00,Đại lý,NV02,Đã giao
DH002969,KH0141,2026-03-23 06:33:00,TMĐT - Shopee,NV04,Đã giao
DH011310,KH0140,2026-03-23 10:18:00,Đại lý,NV21,Đã giao
DH006237,KH0116,2026-03-23 12:23:00,Showroom,NV28,Đã giao
DH001923,KH0258,2026-03-23 13:33:00,Showroom,NV14,Đã giao
DH007583,KH0003,2026-03-23 13:57:00,Đại lý,NV20,Đã giao
DH011260,KH0119,2026-03-23 14:44:00,Đại lý,NV26,Đã giao
DH005406,KH0013,2026-03-23 15:27:00,TMĐT - Lazada,NV25,Đã giao
DH000370,KH0155,2026-03-23 16:17:00,Đại lý,NV18,Đã giao
DH000347,KH0081,2026-03-23 18:25:00,Showroom,NV25,Đã giao
DH006132,KH0053,2026-03-23 18:34:00,TMĐT - Shopee,NV17,Mới
DH010013,KH0122,2026-03-23 20:24:00,Showroom,NV29,Đã giao
DH003914,KH0367,2026-03-23 20:54:00,Đại lý,NV15,Đã giao
DH006511,KH0117,2026-03-23 22:55:00,TMĐT - Lazada,NV13,Đã giao
DH005748,KH0424,2026-03-23 23:52:00,TMĐT - Tiki,NV01,Đã giao
DH003970,KH0391,2026-03-24 08:14:00,Bán lẻ trực tiếp,NV19,Đang xử lý
DH006685,KH0074,2026-03-24 08:59:00,Bán lẻ trực tiếp,NV21,Đã giao
DH004510,KH0422,2026-03-24 14:01:00,Showroom,NV08,Đã giao
DH008356,KH0186,2026-03-24 14:08:00,TMĐT - Tiki,NV26,Đã giao
DH008784,KH0089,2026-03-24 22:07:00,TMĐT - Shopee,NV12,Đã giao
DH002709,KH0046,2026-03-24 22:08:00,TMĐT - Shopee,NV05,Đã giao
DH005738,KH0155,2026-03-25 00:12:00,Bán lẻ trực tiếp,NV23,Đã giao
DH011721,KH0314,2026-03-25 00:41:00,TMĐT - Tiki,NV10,Đã giao
DH003308,KH0257,2026-03-25 03:59:00,TMĐT - Tiki,NV15,Đã giao
DH004366,KH0184,2026-03-25 05:53:00,TMĐT - Lazada,NV25,Đã giao
DH006041,KH0051,2026-03-25 07:00:00,TMĐT - Shopee,NV19,Trả hàng
DH001592,KH0272,2026-03-25 10:51:00,TMĐT - Lazada,NV06,Đã giao
DH006630,KH0293,2026-03-25 18:28:00,TMĐT - Tiki,NV23,Đã giao
DH006158,KH0106,2026-03-25 21:17:00,TMĐT - Lazada,NV01,Đã hủy
DH001818,KH0402,2026-03-25 22:08:00,Showroom,NV11,Đã giao
DH004224,KH0119,2026-03-25 23:21:00,TMĐT - Lazada,NV12,Đã giao
DH002800,KH0074,2026-03-25 23:30:00,TMĐT - Lazada,NV26,Đã giao
DH002527,KH0442,2026-03-26 00:09:00,Đại lý,NV26,Đã giao
DH006140,KH0155,2026-03-26 00:23:00,TMĐT - Lazada,NV06,Đã giao
DH005553,KH0089,2026-03-26 02:14:00,TMĐT - Tiki,NV15,Đã giao
DH001979,KH0216,2026-03-26 02:19:00,TMĐT - Lazada,NV14,Đã giao
DH001259,KH0297,2026-03-26 02:21:00,TMĐT - Shopee,NV02,Đã giao
DH003690,KH0087,2026-03-26 02:22:00,Bán lẻ trực tiếp,NV22,Đã hủy
DH008362,KH0328,2026-03-26 03:48:00,Bán lẻ trực tiếp,NV20,Đã giao
DH005914,KH0044,2026-03-26 03:55:00,Showroom,NV02,Trả hàng
DH006847,KH0140,2026-03-26 08:03:00,TMĐT - Lazada,NV18,Đã giao
DH011156,KH0141,2026-03-26 08:50:00,Showroom,NV29,Đã hủy
DH008051,KH0155,2026-03-26 12:56:00,TMĐT - Shopee,NV11,Đã giao
DH001168,KH0158,2026-03-26 15:19:00,Bán lẻ trực tiếp,NV20,Đã giao
DH002714,KH0130,2026-03-26 15:27:00,Showroom,NV11,Đã giao
DH009451,KH0010,2026-03-26 18:31:00,Đại lý,NV17,Đang xử lý
DH010094,KH0114,2026-03-27 00:04:00,TMĐT - Lazada,NV02,Mới
DH004077,KH0089,2026-03-27 03:05:00,Đại lý,NV01,Đã giao
DH011113,KH0332,2026-03-27 06:58:00,Showroom,NV18,Đã hủy
DH008455,KH0192,2026-03-27 07:48:00,TMĐT - Tiki,NV11,Đang xử lý
DH005415,KH0121,2026-03-27 08:24:00,Bán lẻ trực tiếp,NV05,Đã giao
DH011920,KH0337,2026-03-27 08:55:00,Showroom,NV10,Đã giao
DH005107,KH0281,2026-03-27 10:33:00,TMĐT - Tiki,NV21,Đã giao
DH008355,KH0248,2026-03-27 10:34:00,TMĐT - Lazada,NV20,Đã giao
DH011179,KH0155,2026-03-27 13:22:00,TMĐT - Lazada,NV30,Đã giao
DH003496,KH0192,2026-03-27 13:37:00,TMĐT - Lazada,NV13,Đang xử lý
DH008953,KH0192,2026-03-27 13:45:00,TMĐT - Tiki,NV26,Mới
DH005450,KH0310,2026-03-27 13:59:00,TMĐT - Lazada,NV29,Đã giao
DH006215,KH0442,2026-03-27 19:18:00,TMĐT - Shopee,NV14,Đang xử lý
DH005383,KH0250,2026-03-27 19:18:00,TMĐT - Shopee,NV26,Đã giao
DH007019,KH0151,2026-03-27 20:35:00,TMĐT - Shopee,NV27,Đã giao
DH004970,KH0028,2026-03-27 21:04:00,TMĐT - Lazada,NV03,Đã giao
DH005845,KH0247,2026-03-28 01:52:00,TMĐT - Tiki,NV03,Đã giao
DH003792,KH0248,2026-03-28 05:49:00,Đại lý,NV10,Đã giao
DH009043,KH0128,2026-03-28 10:22:00,Showroom,NV16,Đã giao
DH003011,KH0362,2026-03-28 16:13:00,Bán lẻ trực tiếp,NV18,Đã giao
DH006903,KH0070,2026-03-28 17:47:00,TMĐT - Shopee,NV30,Đã hủy
DH000293,KH0121,2026-03-28 19:16:00,TMĐT - Shopee,NV05,Đã giao
DH011070,KH0141,2026-03-28 19:27:00,Bán lẻ trực tiếp,NV25,Đã giao
DH001441,KH0070,2026-03-28 20:32:00,TMĐT - Lazada,NV21,Đã giao
DH000779,KH0442,2026-03-28 21:51:00,Showroom,NV13,Mới
DH009272,KH0034,2026-03-29 00:30:00,Bán lẻ trực tiếp,NV18,Đã giao
DH003086,KH0089,2026-03-29 01:08:00,Đại lý,NV09,Mới
DH005054,KH0070,2026-03-29 04:20:00,TMĐT - Lazada,NV18,Mới
DH004164,KH0070,2026-03-29 05:16:00,TMĐT - Tiki,NV11,Đã giao
DH008996,KH0359,2026-03-29 05:18:00,TMĐT - Lazada,NV15,Đã giao
DH008614,KH0046,2026-03-29 08:34:00,TMĐT - Tiki,NV19,Đã giao
DH001707,KH0151,2026-03-29 09:05:00,Đại lý,NV13,Đã giao
DH005987,KH0125,2026-03-29 16:18:00,TMĐT - Shopee,NV02,Đã giao
DH007442,KH0150,2026-03-29 16:51:00,Showroom,NV13,Đã giao
DH011519,KH0248,2026-03-29 18:03:00,Bán lẻ trực tiếp,NV26,Đã giao
DH004440,KH0446,2026-03-29 18:34:00,Bán lẻ trực tiếp,NV02,Đang xử lý
DH002733,KH0448,2026-03-29 20:33:00,Đại lý,NV15,Đã giao
DH008717,KH0422,2026-03-29 20:48:00,Showroom,NV08,Đã giao
DH010951,KH0258,2026-03-29 21:03:00,TMĐT - Tiki,NV20,Đã giao
DH007048,KH0428,2026-03-29 23:56:00,TMĐT - Lazada,NV02,Đã giao
DH004150,KH0095,2026-03-30 01:47:00,Đại lý,NV07,Đã giao
DH006110,KH0034,2026-03-30 04:57:00,Bán lẻ trực tiếp,NV06,Đã giao
DH003805,KH0309,2026-03-30 05:25:00,TMĐT - Shopee,NV13,Đã giao
DH004499,KH0098,2026-03-30 16:49:00,TMĐT - Shopee,NV23,Đã giao
DH010689,KH0362,2026-03-30 17:49:00,TMĐT - Shopee,NV30,Đã giao
DH004635,KH0216,2026-03-30 19:00:00,Bán lẻ trực tiếp,NV08,Đã giao
DH000953,KH0262,2026-03-30 20:34:00,Đại lý,NV29,Đã giao
DH010734,KH0204,2026-03-30 22:09:00,TMĐT - Lazada,NV04,Đã giao
DH000549,KH0306,2026-03-31 05:39:00,TMĐT - Tiki,NV20,Đã giao
DH001722,KH0072,2026-03-31 06:08:00,TMĐT - Lazada,NV13,Đã giao
DH000058,KH0384,2026-03-31 08:14:00,Đại lý,NV11,Đã giao
DH008633,KH0396,2026-03-31 13:05:00,Showroom,NV05,Đã giao
DH000504,KH0130,2026-03-31 14:01:00,TMĐT - Tiki,NV12,Đã giao
DH002470,KH0035,2026-03-31 14:35:00,TMĐT - Lazada,NV16,Đã giao
DH009637,KH0420,2026-03-31 14:48:00,Đại lý,NV20,Đã giao
DH009012,KH0012,2026-03-31 15:25:00,Showroom,NV25,Đang xử lý
DH010829,KH0136,2026-03-31 16:10:00,Bán lẻ trực tiếp,NV26,Đang xử lý
DH005729,KH0220,2026-03-31 18:57:00,TMĐT - Lazada,NV25,Đã giao
DH009571,KH0257,2026-03-31 19:35:00,TMĐT - Tiki,NV12,Đã giao
DH000634,KH0253,2026-03-31 21:23:00,Showroom,NV07,Đã giao
DH001690,KH0070,2026-03-31 23:00:00,Showroom,NV14,Đã giao
DH001325,KH0362,2026-04-01 00:56:00,Đại lý,NV10,Đang xử lý
DH010172,KH0233,2026-04-01 03:30:00,Showroom,NV20,Đã giao
DH010871,KH0391,2026-04-01 03:59:00,TMĐT - Lazada,NV12,Đã giao
DH005039,KH0306,2026-04-01 05:05:00,Bán lẻ trực tiếp,NV17,Trả hàng
DH003511,KH0197,2026-04-01 07:13:00,TMĐT - Tiki,NV05,Đã giao
DH006129,KH0051,2026-04-01 10:14:00,Bán lẻ trực tiếp,NV11,Đã giao
DH004723,KH0404,2026-04-01 12:30:00,TMĐT - Lazada,NV10,Đã giao
DH007629,KH0012,2026-04-01 13:15:00,TMĐT - Lazada,NV24,Đã giao
DH000617,KH0046,2026-04-01 15:42:00,Đại lý,NV04,Đã giao
DH008031,KH0436,2026-04-01 17:00:00,TMĐT - Lazada,NV11,Đã giao
DH001396,KH0377,2026-04-01 18:40:00,TMĐT - Lazada,NV11,Đã giao
DH007568,KH0383,2026-04-01 18:59:00,Đại lý,NV06,Đã giao
DH007616,KH0396,2026-04-01 22:03:00,TMĐT - Shopee,NV14,Đã giao
DH001204,KH0392,2026-04-01 22:12:00,TMĐT - Lazada,NV18,Đã giao
DH004269,KH0366,2026-04-01 23:29:00,Đại lý,NV13,Đã giao
DH005149,KH0436,2026-04-02 00:07:00,TMĐT - Lazada,NV04,Đã giao
DH009040,KH0261,2026-04-02 06:10:00,TMĐT - Tiki,NV22,Đã hủy
DH005554,KH0179,2026-04-02 08:19:00,TMĐT - Lazada,NV09,Đang xử lý
DH000235,KH0204,2026-04-02 08:26:00,Bán lẻ trực tiếp,NV11,Đã giao
DH006410,KH0356,2026-04-02 08:48:00,TMĐT - Shopee,NV10,Đã giao
DH008927,KH0243,2026-04-02 09:37:00,TMĐT - Lazada,NV01,Đã giao
DH003223,KH0314,2026-04-02 09:59:00,Đại lý,NV23,Đang xử lý
DH007313,KH0316,2026-04-02 11:45:00,Đại lý,NV12,Trả hàng
DH007535,KH0306,2026-04-02 12:11:00,Showroom,NV16,Đã giao
DH001538,KH0399,2026-04-02 12:20:00,TMĐT - Lazada,NV21,Đã giao
DH009770,KH0162,2026-04-02 12:25:00,Bán lẻ trực tiếp,NV25,Đã giao
DH005377,KH0052,2026-04-02 19:00:00,TMĐT - Lazada,NV05,Đã giao
DH005881,KH0155,2026-04-02 19:12:00,Showroom,NV11,Đã giao
DH011633,KH0162,2026-04-02 20:11:00,Bán lẻ trực tiếp,NV05,Đã giao
DH008690,KH0315,2026-04-03 05:52:00,TMĐT - Lazada,NV20,Mới
DH006596,KH0040,2026-04-03 06:29:00,TMĐT - Tiki,NV19,Đã hủy
DH009579,KH0447,2026-04-03 06:43:00,TMĐT - Lazada,NV01,Đã giao
DH002436,KH0218,2026-04-03 07:23:00,TMĐT - Lazada,NV15,Đã giao
DH003908,KH0105,2026-04-03 08:35:00,Đại lý,NV26,Đã giao
DH007708,KH0114,2026-04-03 08:45:00,TMĐT - Tiki,NV26,Đã giao
DH010070,KH0092,2026-04-03 09:04:00,TMĐT - Tiki,NV05,Đã giao
DH001936,KH0248,2026-04-03 09:05:00,Showroom,NV21,Đang xử lý
DH010747,KH0432,2026-04-03 10:57:00,Bán lẻ trực tiếp,NV08,Đang xử lý
DH010621,KH0265,2026-04-03 14:45:00,TMĐT - Lazada,NV12,Mới
DH009282,KH0311,2026-04-03 14:47:00,Đại lý,NV18,Đã giao
DH010443,KH0012,2026-04-03 15:07:00,TMĐT - Lazada,NV18,Đã giao
DH000872,KH0052,2026-04-03 15:43:00,TMĐT - Shopee,NV06,Đã giao
DH002102,KH0140,2026-04-03 17:16:00,Showroom,NV01,Đã giao
DH002771,KH0160,2026-04-03 17:49:00,TMĐT - Shopee,NV03,Đã giao
DH008889,KH0325,2026-04-03 18:45:00,TMĐT - Shopee,NV26,Trả hàng
DH004840,KH0229,2026-04-03 18:56:00,Showroom,NV09,Đã giao
DH006173,KH0055,2026-04-03 20:05:00,Showroom,NV19,Đã giao
DH008120,KH0307,2026-04-04 07:34:00,Showroom,NV05,Đã hủy
DH003425,KH0155,2026-04-04 08:41:00,TMĐT - Lazada,NV22,Đã giao
DH001125,KH0020,2026-04-04 10:01:00,TMĐT - Lazada,NV09,Đã giao
DH001000,KH0391,2026-04-04 10:34:00,TMĐT - Tiki,NV20,Đã giao
DH001804,KH0339,2026-04-04 11:20:00,TMĐT - Lazada,NV18,Đã giao
DH008932,KH0367,2026-04-04 14:10:00,TMĐT - Shopee,NV30,Đã giao
DH006533,KH0248,2026-04-04 14:25:00,TMĐT - Shopee,NV08,Trả hàng
DH005228,KH0155,2026-04-04 14:35:00,TMĐT - Shopee,NV14,Đã giao
DH007996,KH0262,2026-04-04 20:52:00,Đại lý,NV05,Đã giao
DH001513,KH0012,2026-04-04 21:33:00,TMĐT - Lazada,NV05,Đã giao
DH010276,KH0314,2026-04-04 21:47:00,TMĐT - Tiki,NV29,Đã giao
DH008418,KH0447,2026-04-04 22:24:00,TMĐT - Shopee,NV26,Đã giao
DH001764,KH0140,2026-04-04 22:58:00,TMĐT - Lazada,NV24,Mới
DH007000,KH0160,2026-04-05 00:05:00,Showroom,NV02,Trả hàng
DH011802,KH0314,2026-04-05 00:55:00,Bán lẻ trực tiếp,NV13,Đã giao
DH006061,KH0227,2026-04-05 01:46:00,Bán lẻ trực tiếp,NV04,Đã giao
DH002551,KH0248,2026-04-05 03:18:00,Showroom,NV10,Đã giao
DH011970,KH0359,2026-04-05 04:43:00,Bán lẻ trực tiếp,NV03,Đã giao
DH001853,KH0141,2026-04-05 06:08:00,Bán lẻ trực tiếp,NV05,Đã giao
DH000352,KH0141,2026-04-05 06:35:00,Đại lý,NV07,Đã giao
DH009398,KH0363,2026-04-05 07:27:00,Đại lý,NV20,Đã giao
DH006795,KH0183,2026-04-05 07:54:00,TMĐT - Tiki,NV01,Đã giao
DH000228,KH0413,2026-04-05 08:53:00,Showroom,NV07,Đã giao
DH007781,KH0314,2026-04-05 09:03:00,TMĐT - Tiki,NV25,Đã giao
DH009670,KH0400,2026-04-05 09:34:00,TMĐT - Tiki,NV07,Đã hủy
DH009557,KH0326,2026-04-05 12:20:00,Đại lý,NV20,Đã giao
DH007001,KH0367,2026-04-05 13:56:00,Đại lý,NV26,Đang xử lý
DH004400,KH0004,2026-04-05 14:01:00,Showroom,NV29,Đã giao
DH009984,KH0262,2026-04-05 14:46:00,Showroom,NV20,Đã giao
DH002381,KH0102,2026-04-05 15:48:00,TMĐT - Lazada,NV29,Đã giao
DH004204,KH0119,2026-04-05 15:52:00,Đại lý,NV07,Đang xử lý
DH003270,KH0204,2026-04-05 16:55:00,TMĐT - Shopee,NV04,Đã giao
DH004819,KH0274,2026-04-05 17:52:00,TMĐT - Lazada,NV26,Đã giao
DH002369,KH0035,2026-04-05 23:48:00,Bán lẻ trực tiếp,NV11,Đã giao
DH001904,KH0239,2026-04-06 00:07:00,TMĐT - Tiki,NV10,Đã giao
DH002320,KH0402,2026-04-06 00:10:00,Đại lý,NV29,Đã giao
DH003312,KH0390,2026-04-06 00:38:00,TMĐT - Lazada,NV17,Đã giao
DH006619,KH0442,2026-04-06 03:05:00,Đại lý,NV25,Đã giao
DH005141,KH0071,2026-04-06 03:23:00,TMĐT - Tiki,NV14,Đã giao
DH007592,KH0084,2026-04-06 04:28:00,Bán lẻ trực tiếp,NV22,Đang xử lý
DH004722,KH0262,2026-04-06 06:06:00,Showroom,NV25,Đã giao
DH005511,KH0266,2026-04-06 06:39:00,Showroom,NV13,Đang xử lý
DH006716,KH0155,2026-04-06 07:02:00,TMĐT - Tiki,NV22,Trả hàng
DH004868,KH0409,2026-04-06 10:13:00,TMĐT - Lazada,NV08,Đã giao
DH005018,KH0421,2026-04-06 12:02:00,TMĐT - Shopee,NV26,Đã hủy
DH009270,KH0360,2026-04-06 18:59:00,Showroom,NV10,Đã hủy
DH000171,KH0005,2026-04-06 21:18:00,TMĐT - Lazada,NV05,Đã giao
DH008858,KH0051,2026-04-07 04:30:00,Showroom,NV18,Đã giao
DH010444,KH0218,2026-04-07 04:50:00,Bán lẻ trực tiếp,NV03,Đã giao
DH001618,KH0155,2026-04-07 06:34:00,TMĐT - Lazada,NV22,Đã giao
DH011934,KH0192,2026-04-07 07:05:00,TMĐT - Shopee,NV25,Đã giao
DH008161,KH0161,2026-04-07 08:18:00,TMĐT - Lazada,NV16,Đã giao
DH000996,KH0396,2026-04-07 08:28:00,TMĐT - Tiki,NV18,Đã giao
DH008779,KH0155,2026-04-07 11:02:00,TMĐT - Tiki,NV04,Đã giao
DH009803,KH0390,2026-04-07 18:44:00,TMĐT - Tiki,NV04,Đã giao
DH002101,KH0036,2026-04-07 20:10:00,TMĐT - Shopee,NV14,Đã giao
DH007174,KH0229,2026-04-07 22:57:00,Showroom,NV19,Đã giao
DH011839,KH0095,2026-04-07 23:28:00,TMĐT - Tiki,NV21,Đã giao
DH010711,KH0209,2026-04-08 02:43:00,Đại lý,NV18,Đã giao
DH003363,KH0043,2026-04-08 03:56:00,Bán lẻ trực tiếp,NV11,Đã giao
DH008944,KH0051,2026-04-08 04:29:00,Đại lý,NV24,Đã giao
DH003306,KH0416,2026-04-08 05:18:00,Showroom,NV11,Đã giao
DH009961,KH0261,2026-04-08 05:57:00,TMĐT - Tiki,NV15,Mới
DH008197,KH0204,2026-04-08 06:52:00,TMĐT - Lazada,NV29,Đã giao
DH008873,KH0166,2026-04-08 08:00:00,Bán lẻ trực tiếp,NV04,Đang xử lý
DH008729,KH0242,2026-04-08 10:33:00,TMĐT - Lazada,NV23,Mới
DH008153,KH0056,2026-04-08 11:40:00,Showroom,NV04,Đã giao
DH007552,KH0089,2026-04-08 12:11:00,TMĐT - Tiki,NV20,Đã giao
DH006159,KH0314,2026-04-08 13:39:00,TMĐT - Lazada,NV02,Đã giao
DH008737,KH0116,2026-04-08 14:07:00,TMĐT - Tiki,NV26,Đang xử lý
DH001489,KH0227,2026-04-08 15:23:00,TMĐT - Lazada,NV16,Trả hàng
DH001649,KH0204,2026-04-08 18:02:00,TMĐT - Tiki,NV13,Đã giao
DH005882,KH0249,2026-04-08 18:05:00,TMĐT - Shopee,NV02,Trả hàng
DH008527,KH0356,2026-04-08 18:07:00,TMĐT - Shopee,NV20,Đã giao
DH003199,KH0306,2026-04-08 20:11:00,Đại lý,NV19,Đã giao
DH004065,KH0214,2026-04-08 21:13:00,Showroom,NV20,Đã giao
DH008375,KH0227,2026-04-08 22:00:00,Đại lý,NV16,Đã giao
DH000516,KH0442,2026-04-08 22:41:00,Đại lý,NV28,Đã giao
DH011214,KH0001,2026-04-08 23:31:00,Showroom,NV25,Đã giao
DH009827,KH0249,2026-04-09 00:00:00,Đại lý,NV25,Đã giao
DH002345,KH0279,2026-04-09 00:34:00,TMĐT - Shopee,NV16,Đã hủy
DH003503,KH0224,2026-04-09 05:16:00,Bán lẻ trực tiếp,NV07,Đã hủy
DH003187,KH0171,2026-04-09 05:28:00,Showroom,NV15,Đã giao
DH001070,KH0200,2026-04-09 07:39:00,TMĐT - Shopee,NV04,Đã giao
DH007997,KH0326,2026-04-09 07:49:00,Đại lý,NV25,Đã giao
DH010177,KH0264,2026-04-09 09:01:00,TMĐT - Tiki,NV02,Đã giao
DH011818,KH0035,2026-04-09 10:15:00,Showroom,NV10,Đã giao
DH010263,KH0105,2026-04-09 10:47:00,TMĐT - Tiki,NV30,Đã giao
DH009233,KH0070,2026-04-09 13:37:00,TMĐT - Shopee,NV13,Đã hủy
DH005043,KH0227,2026-04-09 15:04:00,TMĐT - Shopee,NV09,Đã giao
DH000088,KH0250,2026-04-09 19:36:00,TMĐT - Tiki,NV23,Đã giao
DH008550,KH0056,2026-04-09 21:14:00,Showroom,NV05,Đã giao
DH005346,KH0364,2026-04-10 02:15:00,TMĐT - Shopee,NV16,Đã giao
DH008215,KH0391,2026-04-10 05:41:00,TMĐT - Lazada,NV18,Đã giao
DH002903,KH0391,2026-04-10 06:02:00,Đại lý,NV14,Đã giao
DH010280,KH0449,2026-04-10 06:14:00,TMĐT - Lazada,NV26,Đã giao
DH005785,KH0419,2026-04-10 09:16:00,Đại lý,NV19,Đã giao
DH002612,KH0084,2026-04-10 09:32:00,Bán lẻ trực tiếp,NV27,Đã giao
DH005393,KH0242,2026-04-10 09:41:00,TMĐT - Shopee,NV20,Đã giao
DH003258,KH0306,2026-04-10 10:20:00,Đại lý,NV12,Đã giao
DH008958,KH0406,2026-04-10 11:13:00,TMĐT - Tiki,NV08,Mới
DH011345,KH0105,2026-04-10 11:54:00,TMĐT - Shopee,NV24,Đã hủy
DH000755,KH0447,2026-04-10 13:11:00,TMĐT - Tiki,NV20,Đã hủy
DH010803,KH0448,2026-04-10 14:35:00,Đại lý,NV08,Đang xử lý
DH008056,KH0342,2026-04-10 17:38:00,TMĐT - Shopee,NV26,Đã giao
DH005468,KH0439,2026-04-10 19:42:00,Showroom,NV14,Đã hủy
DH001126,KH0044,2026-04-10 21:43:00,TMĐT - Shopee,NV23,Đã giao
DH009704,KH0229,2026-04-10 22:25:00,TMĐT - Lazada,NV19,Đã giao
DH006164,KH0428,2026-04-11 01:38:00,TMĐT - Tiki,NV07,Đang xử lý
DH006547,KH0262,2026-04-11 02:03:00,Đại lý,NV20,Đã giao
DH004815,KH0322,2026-04-11 02:31:00,Bán lẻ trực tiếp,NV03,Đang xử lý
DH007220,KH0195,2026-04-11 03:04:00,TMĐT - Lazada,NV09,Đã giao
DH004627,KH0231,2026-04-11 05:03:00,TMĐT - Tiki,NV29,Đã giao
DH009591,KH0314,2026-04-11 07:38:00,TMĐT - Shopee,NV19,Đã giao
DH010996,KH0173,2026-04-11 09:32:00,Bán lẻ trực tiếp,NV07,Đã giao
DH009874,KH0367,2026-04-11 11:56:00,Đại lý,NV14,Đang xử lý
DH006311,KH0092,2026-04-11 15:02:00,Đại lý,NV02,Đã giao
DH000245,KH0258,2026-04-11 15:46:00,Showroom,NV16,Đã giao
DH002482,KH0122,2026-04-11 20:41:00,TMĐT - Lazada,NV25,Đang xử lý
DH004277,KH0280,2026-04-11 23:25:00,Showroom,NV08,Đã giao
DH000526,KH0406,2026-04-11 23:43:00,TMĐT - Shopee,NV24,Đã giao
DH003985,KH0187,2026-04-12 00:20:00,Showroom,NV06,Đã hủy
DH006062,KH0113,2026-04-12 07:40:00,TMĐT - Shopee,NV26,Đang xử lý
DH002830,KH0353,2026-04-12 08:07:00,Bán lẻ trực tiếp,NV24,Đã hủy
DH011509,KH0241,2026-04-12 14:52:00,Đại lý,NV08,Đã giao
DH009219,KH0085,2026-04-12 16:47:00,Showroom,NV08,Đã giao
DH002543,KH0081,2026-04-12 16:54:00,Đại lý,NV24,Đã giao
DH002113,KH0447,2026-04-12 19:34:00,TMĐT - Lazada,NV10,Đã giao
DH001012,KH0447,2026-04-12 21:07:00,Showroom,NV22,Đã giao
DH009619,KH0278,2026-04-13 01:21:00,TMĐT - Shopee,NV05,Đã giao
DH011099,KH0003,2026-04-13 02:25:00,Đại lý,NV24,Mới
DH008291,KH0135,2026-04-13 04:58:00,Bán lẻ trực tiếp,NV23,Đã giao
DH002759,KH0402,2026-04-13 07:36:00,TMĐT - Shopee,NV24,Đã giao
DH010600,KH0135,2026-04-13 10:09:00,Bán lẻ trực tiếp,NV06,Đã giao
DH011908,KH0254,2026-04-13 10:23:00,TMĐT - Tiki,NV14,Đã giao
DH004976,KH0139,2026-04-13 11:13:00,TMĐT - Shopee,NV17,Đã giao
DH011815,KH0356,2026-04-13 11:46:00,TMĐT - Shopee,NV15,Đã giao
DH008642,KH0166,2026-04-13 11:59:00,TMĐT - Tiki,NV28,Đang xử lý
DH000854,KH0051,2026-04-13 12:44:00,Đại lý,NV20,Đã giao
DH010266,KH0089,2026-04-13 13:57:00,Bán lẻ trực tiếp,NV14,Đã giao
DH010105,KH0107,2026-04-13 17:49:00,Showroom,NV13,Đang xử lý
DH002958,KH0405,2026-04-13 21:00:00,TMĐT - Tiki,NV09,Đã giao
DH006715,KH0315,2026-04-14 00:21:00,Bán lẻ trực tiếp,NV12,Đã giao
DH004119,KH0242,2026-04-14 01:34:00,TMĐT - Shopee,NV18,Đã giao
DH009871,KH0051,2026-04-14 08:21:00,TMĐT - Lazada,NV19,Đã giao
DH009402,KH0390,2026-04-14 09:37:00,TMĐT - Lazada,NV09,Đã giao
DH011862,KH0306,2026-04-14 09:54:00,Đại lý,NV26,Đã giao
DH009176,KH0198,2026-04-14 10:50:00,TMĐT - Tiki,NV10,Đã giao
DH008189,KH0262,2026-04-14 21:30:00,TMĐT - Lazada,NV07,Đã giao
DH006176,KH0090,2026-04-15 01:44:00,TMĐT - Shopee,NV27,Đã giao
DH004172,KH0442,2026-04-15 03:07:00,Showroom,NV25,Đã giao
DH004602,KH0060,2026-04-15 03:48:00,TMĐT - Shopee,NV05,Đã giao
DH006577,KH0308,2026-04-15 03:58:00,Bán lẻ trực tiếp,NV19,Đã giao
DH007376,KH0051,2026-04-15 05:56:00,TMĐT - Lazada,NV23,Đã giao
DH000879,KH0022,2026-04-15 06:18:00,TMĐT - Lazada,NV16,Đã giao
DH011549,KH0051,2026-04-15 08:04:00,TMĐT - Shopee,NV12,Đã giao
DH011242,KH0272,2026-04-15 08:09:00,TMĐT - Shopee,NV17,Đã giao
DH007101,KH0246,2026-04-15 09:13:00,Showroom,NV12,Đã giao
DH009947,KH0436,2026-04-15 11:39:00,TMĐT - Shopee,NV10,Đã giao
DH008900,KH0391,2026-04-15 11:41:00,Đại lý,NV24,Đã giao
DH011508,KH0273,2026-04-15 11:53:00,TMĐT - Lazada,NV30,Đã giao
DH000251,KH0404,2026-04-15 12:45:00,TMĐT - Lazada,NV23,Trả hàng
DH006004,KH0035,2026-04-15 13:57:00,Showroom,NV24,Đã giao
DH009998,KH0121,2026-04-15 14:37:00,Bán lẻ trực tiếp,NV23,Đã giao
DH005879,KH0070,2026-04-15 16:29:00,TMĐT - Tiki,NV28,Đang xử lý
DH010083,KH0262,2026-04-15 17:03:00,Bán lẻ trực tiếp,NV03,Đang xử lý
DH005451,KH0031,2026-04-15 19:36:00,TMĐT - Lazada,NV27,Đã giao
DH001961,KH0287,2026-04-15 19:43:00,Showroom,NV08,Đã giao
DH001186,KH0126,2026-04-15 21:28:00,Đại lý,NV29,Đã giao
DH006662,KH0402,2026-04-15 23:48:00,Bán lẻ trực tiếp,NV21,Đã giao
DH003405,KH0314,2026-04-16 01:10:00,TMĐT - Lazada,NV16,Đã giao
DH005318,KH0438,2026-04-16 02:14:00,TMĐT - Lazada,NV18,Đang xử lý
DH004432,KH0262,2026-04-16 03:20:00,Đại lý,NV06,Đã giao
DH007507,KH0117,2026-04-16 03:48:00,Bán lẻ trực tiếp,NV28,Đã giao
DH000664,KH0447,2026-04-16 04:55:00,Bán lẻ trực tiếp,NV02,Đã hủy
DH006864,KH0243,2026-04-16 05:01:00,TMĐT - Shopee,NV18,Đã hủy
DH006810,KH0227,2026-04-16 09:25:00,Showroom,NV11,Trả hàng
DH005634,KH0368,2026-04-16 12:17:00,TMĐT - Tiki,NV19,Đã giao
DH011554,KH0242,2026-04-16 13:57:00,TMĐT - Shopee,NV02,Mới
DH000600,KH0141,2026-04-16 14:17:00,TMĐT - Tiki,NV21,Đã giao
DH000738,KH0390,2026-04-16 16:21:00,Showroom,NV29,Đã hủy
DH008866,KH0221,2026-04-16 19:03:00,TMĐT - Shopee,NV20,Đã hủy
DH003551,KH0151,2026-04-16 19:40:00,TMĐT - Tiki,NV16,Đã giao
DH003360,KH0178,2026-04-16 20:25:00,Bán lẻ trực tiếp,NV23,Đã hủy
DH000610,KH0243,2026-04-16 22:52:00,Bán lẻ trực tiếp,NV06,Đã giao
DH007813,KH0435,2026-04-17 01:15:00,TMĐT - Shopee,NV17,Đang xử lý
DH006883,KH0306,2026-04-17 02:45:00,Bán lẻ trực tiếp,NV23,Đang xử lý
DH003374,KH0278,2026-04-17 06:56:00,TMĐT - Lazada,NV10,Đã giao
DH005642,KH0249,2026-04-17 08:44:00,TMĐT - Shopee,NV02,Đã giao
DH005335,KH0070,2026-04-17 09:31:00,Bán lẻ trực tiếp,NV08,Đã giao
DH006290,KH0442,2026-04-17 10:47:00,Bán lẻ trực tiếp,NV12,Đã giao
DH004425,KH0025,2026-04-17 12:48:00,Đại lý,NV19,Đã giao
DH003404,KH0272,2026-04-17 12:50:00,Bán lẻ trực tiếp,NV14,Đã giao
DH000183,KH0105,2026-04-17 13:33:00,TMĐT - Tiki,NV10,Đã giao
DH009425,KH0391,2026-04-17 14:45:00,TMĐT - Lazada,NV24,Đã giao
DH001573,KH0262,2026-04-17 18:42:00,Đại lý,NV02,Mới
DH012000,KH0051,2026-04-17 20:01:00,TMĐT - Lazada,NV17,Đang xử lý
DH008594,KH0287,2026-04-18 03:43:00,TMĐT - Lazada,NV01,Đã giao
DH003046,KH0154,2026-04-18 06:12:00,Bán lẻ trực tiếp,NV17,Đang xử lý
DH009846,KH0242,2026-04-18 09:04:00,TMĐT - Tiki,NV23,Trả hàng
DH010775,KH0241,2026-04-18 10:54:00,Bán lẻ trực tiếp,NV21,Đã giao
DH006988,KH0309,2026-04-18 13:35:00,Bán lẻ trực tiếp,NV05,Đang xử lý
DH002002,KH0193,2026-04-18 13:51:00,TMĐT - Lazada,NV22,Đang xử lý
DH002110,KH0105,2026-04-18 14:08:00,TMĐT - Tiki,NV04,Đã giao
DH011295,KH0257,2026-04-18 16:02:00,TMĐT - Tiki,NV18,Đã giao
DH006989,KH0240,2026-04-18 16:57:00,TMĐT - Shopee,NV02,Đang xử lý
DH008977,KH0376,2026-04-18 18:58:00,Showroom,NV16,Đã giao
DH010517,KH0049,2026-04-18 19:03:00,TMĐT - Tiki,NV21,Đang xử lý
DH008005,KH0034,2026-04-18 22:19:00,TMĐT - Shopee,NV13,Đã giao
DH005250,KH0262,2026-04-18 23:25:00,Bán lẻ trực tiếp,NV19,Đã giao
DH000749,KH0227,2026-04-18 23:29:00,Bán lẻ trực tiếp,NV29,Đã giao
DH008499,KH0136,2026-04-19 01:31:00,Showroom,NV16,Đã giao
DH008762,KH0089,2026-04-19 01:50:00,Đại lý,NV03,Đã giao
DH008533,KH0271,2026-04-19 02:24:00,TMĐT - Shopee,NV24,Đã giao
DH009705,KH0448,2026-04-19 06:27:00,TMĐT - Shopee,NV11,Mới
DH010011,KH0239,2026-04-19 09:23:00,TMĐT - Shopee,NV24,Mới
DH004031,KH0122,2026-04-19 10:40:00,Bán lẻ trực tiếp,NV23,Đã giao
DH003993,KH0229,2026-04-19 15:02:00,TMĐT - Lazada,NV04,Đã giao
DH003027,KH0445,2026-04-19 19:53:00,TMĐT - Tiki,NV02,Đã hủy
DH003256,KH0012,2026-04-19 21:08:00,Đại lý,NV16,Đã giao
DH011097,KH0128,2026-04-19 22:44:00,TMĐT - Tiki,NV01,Đã giao
DH002010,KH0248,2026-04-19 23:00:00,TMĐT - Shopee,NV16,Đã giao
DH007239,KH0193,2026-04-19 23:37:00,Showroom,NV17,Đã giao
DH007249,KH0053,2026-04-20 04:00:00,Đại lý,NV19,Đang xử lý
DH007922,KH0002,2026-04-20 04:45:00,Bán lẻ trực tiếp,NV01,Đang xử lý
DH002186,KH0246,2026-04-20 06:58:00,Showroom,NV19,Đã giao
DH000966,KH0117,2026-04-20 07:25:00,Showroom,NV30,Trả hàng
DH010399,KH0248,2026-04-20 08:46:00,Showroom,NV02,Đã giao
DH000282,KH0306,2026-04-20 11:19:00,Đại lý,NV09,Đã hủy
DH006317,KH0213,2026-04-20 12:24:00,Showroom,NV24,Đã giao
DH000202,KH0136,2026-04-20 13:26:00,Bán lẻ trực tiếp,NV21,Đã giao
DH007919,KH0248,2026-04-20 13:46:00,Đại lý,NV16,Đã hủy
DH009709,KH0391,2026-04-20 15:16:00,Showroom,NV18,Đang xử lý
DH009409,KH0034,2026-04-20 16:24:00,Đại lý,NV06,Đã giao
DH008199,KH0304,2026-04-20 18:16:00,Showroom,NV09,Đang xử lý
DH001701,KH0306,2026-04-20 18:55:00,Showroom,NV12,Đang xử lý
DH001487,KH0070,2026-04-20 20:19:00,Bán lẻ trực tiếp,NV17,Đã giao
DH000900,KH0227,2026-04-20 21:22:00,Đại lý,NV02,Đã giao
DH003715,KH0409,2026-04-20 21:23:00,Showroom,NV29,Đã giao
DH003735,KH0447,2026-04-20 23:40:00,Showroom,NV29,Đã giao
DH000036,KH0447,2026-04-21 00:04:00,Bán lẻ trực tiếp,NV05,Đã giao
DH004170,KH0139,2026-04-21 00:34:00,Bán lẻ trực tiếp,NV16,Mới
DH009823,KH0117,2026-04-21 02:42:00,Bán lẻ trực tiếp,NV17,Đang xử lý
DH005615,KH0104,2026-04-21 04:13:00,Showroom,NV08,Đã giao
DH004314,KH0391,2026-04-21 06:09:00,Showroom,NV03,Mới
DH006306,KH0219,2026-04-21 07:04:00,Bán lẻ trực tiếp,NV24,Đã giao
DH007288,KH0391,2026-04-21 07:08:00,Đại lý,NV06,Đã giao
DH005030,KH0141,2026-04-21 17:06:00,TMĐT - Shopee,NV26,Đã giao
DH008235,KH0273,2026-04-21 19:58:00,TMĐT - Tiki,NV15,Đã giao
DH009995,KH0265,2026-04-21 20:28:00,Bán lẻ trực tiếp,NV23,Đã giao
DH010024,KH0090,2026-04-21 21:38:00,Bán lẻ trực tiếp,NV28,Đã giao
DH011031,KH0063,2026-04-21 22:46:00,TMĐT - Tiki,NV24,Đang xử lý
DH010806,KH0082,2026-04-21 23:56:00,TMĐT - Tiki,NV16,Đã giao
DH001544,KH0445,2026-04-22 01:35:00,Showroom,NV18,Mới
DH003128,KH0051,2026-04-22 02:04:00,TMĐT - Tiki,NV10,Đã giao
DH011712,KH0262,2026-04-22 03:24:00,TMĐT - Tiki,NV09,Đã giao
DH010475,KH0010,2026-04-22 05:24:00,TMĐT - Tiki,NV09,Đã giao
DH011892,KH0122,2026-04-22 06:00:00,Bán lẻ trực tiếp,NV06,Đã giao
DH010892,KH0127,2026-04-22 06:10:00,Đại lý,NV18,Mới
DH007724,KH0335,2026-04-22 14:45:00,TMĐT - Shopee,NV28,Đã giao
DH000810,KH0218,2026-04-22 16:37:00,TMĐT - Lazada,NV02,Mới
DH001506,KH0391,2026-04-22 17:39:00,Bán lẻ trực tiếp,NV01,Đã giao
DH007675,KH0446,2026-04-22 17:41:00,Đại lý,NV02,Đã giao
DH000667,KH0095,2026-04-22 17:59:00,Bán lẻ trực tiếp,NV06,Đã giao
DH002346,KH0155,2026-04-22 18:06:00,TMĐT - Shopee,NV22,Đã giao
DH001498,KH0056,2026-04-22 19:36:00,Bán lẻ trực tiếp,NV03,Đã giao
DH008969,KH0220,2026-04-22 22:59:00,TMĐT - Lazada,NV16,Đang xử lý
DH003845,KH0257,2026-04-23 00:28:00,TMĐT - Lazada,NV09,Đã giao
DH006587,KH0029,2026-04-23 02:20:00,TMĐT - Tiki,NV11,Đã giao
DH000769,KH0096,2026-04-23 04:22:00,Showroom,NV21,Đã giao
DH011009,KH0250,2026-04-23 04:52:00,TMĐT - Shopee,NV03,Mới
DH002945,KH0179,2026-04-23 10:32:00,Showroom,NV28,Đã giao
DH004475,KH0198,2026-04-23 12:02:00,TMĐT - Tiki,NV18,Đã giao
DH007686,KH0155,2026-04-23 13:23:00,TMĐT - Lazada,NV10,Đã giao
DH003916,KH0446,2026-04-23 14:11:00,TMĐT - Tiki,NV06,Đã giao
DH003044,KH0280,2026-04-23 14:24:00,TMĐT - Lazada,NV16,Đã giao
DH007304,KH0419,2026-04-23 14:31:00,TMĐT - Shopee,NV09,Đã giao
DH001582,KH0421,2026-04-23 14:38:00,TMĐT - Lazada,NV09,Đã giao
DH004101,KH0002,2026-04-23 15:48:00,Showroom,NV11,Đã hủy
DH005505,KH0248,2026-04-23 17:12:00,Đại lý,NV08,Đã giao
DH010881,KH0081,2026-04-23 17:41:00,Đại lý,NV02,Đã giao
DH005745,KH0094,2026-04-23 17:54:00,Đại lý,NV28,Đang xử lý
DH002069,KH0445,2026-04-23 19:11:00,Showroom,NV25,Đã giao
DH010486,KH0151,2026-04-23 19:17:00,Bán lẻ trực tiếp,NV14,Đã giao
DH000924,KH0051,2026-04-23 21:13:00,TMĐT - Shopee,NV17,Đã giao
DH010852,KH0008,2026-04-23 22:41:00,TMĐT - Shopee,NV06,Đã giao
DH006325,KH0436,2026-04-24 00:08:00,Showroom,NV22,Đã hủy
DH005676,KH0035,2026-04-24 02:06:00,TMĐT - Shopee,NV24,Đã giao
DH005403,KH0074,2026-04-24 02:18:00,Bán lẻ trực tiếp,NV18,Đã giao
DH000402,KH0117,2026-04-24 03:38:00,TMĐT - Lazada,NV15,Đã giao
DH004364,KH0271,2026-04-24 05:46:00,TMĐT - Shopee,NV22,Đã giao
DH002435,KH0128,2026-04-24 07:44:00,TMĐT - Tiki,NV19,Đã giao
DH001884,KH0442,2026-04-24 11:24:00,TMĐT - Tiki,NV27,Đang xử lý
DH004336,KH0046,2026-04-24 11:45:00,TMĐT - Shopee,NV09,Đã giao
DH002356,KH0183,2026-04-24 13:23:00,TMĐT - Shopee,NV30,Trả hàng
DH007326,KH0138,2026-04-24 16:13:00,TMĐT - Shopee,NV10,Đã giao
DH011353,KH0397,2026-04-24 16:15:00,TMĐT - Tiki,NV06,Đã giao
DH003778,KH0385,2026-04-24 16:23:00,Showroom,NV13,Đã hủy
DH009509,KH0281,2026-04-24 17:26:00,TMĐT - Shopee,NV11,Đang xử lý
DH007437,KH0094,2026-04-24 17:28:00,TMĐT - Shopee,NV28,Đã giao
DH002293,KH0155,2026-04-24 19:07:00,Showroom,NV21,Đang xử lý
DH002056,KH0147,2026-04-24 20:00:00,Bán lẻ trực tiếp,NV13,Đã giao
DH010586,KH0442,2026-04-25 00:34:00,TMĐT - Lazada,NV23,Đã giao
DH000683,KH0220,2026-04-25 01:09:00,TMĐT - Shopee,NV29,Đã giao
DH002459,KH0442,2026-04-25 05:30:00,TMĐT - Shopee,NV14,Đã hủy
DH004960,KH0049,2026-04-25 06:45:00,TMĐT - Tiki,NV03,Đã giao
DH008781,KH0227,2026-04-25 08:57:00,TMĐT - Tiki,NV16,Đã giao
DH007129,KH0117,2026-04-25 10:06:00,Showroom,NV26,Đang xử lý
DH005404,KH0229,2026-04-25 10:44:00,Bán lẻ trực tiếp,NV27,Đã giao
DH008850,KH0193,2026-04-25 12:43:00,TMĐT - Shopee,NV20,Đã giao
DH001694,KH0242,2026-04-25 12:48:00,Bán lẻ trực tiếp,NV14,Đã giao
DH009224,KH0337,2026-04-25 16:19:00,Showroom,NV03,Đã giao
DH009515,KH0294,2026-04-25 19:04:00,Showroom,NV04,Đã giao
DH011834,KH0306,2026-04-25 19:32:00,Đại lý,NV14,Đang xử lý
DH005467,KH0199,2026-04-25 20:50:00,Bán lẻ trực tiếp,NV17,Đã hủy
DH003693,KH0367,2026-04-26 00:10:00,TMĐT - Tiki,NV27,Đã hủy
DH002787,KH0243,2026-04-26 01:07:00,TMĐT - Lazada,NV14,Đã giao
DH002854,KH0051,2026-04-26 06:22:00,Showroom,NV11,Đã giao
DH005322,KH0254,2026-04-26 10:39:00,Đại lý,NV24,Đã giao
DH003841,KH0077,2026-04-26 13:16:00,TMĐT - Tiki,NV01,Đã giao
DH001869,KH0364,2026-04-26 15:01:00,Showroom,NV11,Đã giao
DH004230,KH0421,2026-04-26 15:48:00,TMĐT - Shopee,NV20,Đã giao
DH001270,KH0037,2026-04-26 19:39:00,Showroom,NV09,Đã giao
DH009545,KH0419,2026-04-26 22:34:00,Showroom,NV07,Đã giao
DH002639,KH0183,2026-04-26 23:25:00,TMĐT - Shopee,NV30,Đã giao
DH005971,KH0365,2026-04-27 01:32:00,TMĐT - Lazada,NV18,Trả hàng
DH003152,KH0179,2026-04-27 02:03:00,TMĐT - Shopee,NV10,Đã giao
DH000328,KH0068,2026-04-27 04:56:00,Đại lý,NV16,Đã hủy
DH010214,KH0271,2026-04-27 06:09:00,TMĐT - Tiki,NV28,Đã giao
DH008553,KH0249,2026-04-27 07:28:00,TMĐT - Lazada,NV17,Đã giao
DH005260,KH0413,2026-04-27 09:07:00,TMĐT - Lazada,NV22,Đã hủy
DH007969,KH0273,2026-04-27 15:26:00,TMĐT - Tiki,NV01,Đã giao
DH009405,KH0447,2026-04-27 15:58:00,TMĐT - Shopee,NV03,Đã hủy
DH005821,KH0272,2026-04-27 16:07:00,Bán lẻ trực tiếp,NV23,Đã giao
DH001241,KH0151,2026-04-27 22:42:00,Đại lý,NV27,Đã giao
DH002697,KH0155,2026-04-28 01:07:00,TMĐT - Shopee,NV23,Đã giao
DH001689,KH0250,2026-04-28 04:19:00,Bán lẻ trực tiếp,NV21,Đã giao
DH008071,KH0271,2026-04-28 07:00:00,TMĐT - Lazada,NV08,Đã giao
DH000234,KH0262,2026-04-28 10:45:00,Showroom,NV07,Đang xử lý
DH000821,KH0119,2026-04-28 16:49:00,Bán lẻ trực tiếp,NV24,Đã giao
DH011202,KH0193,2026-04-28 17:02:00,Bán lẻ trực tiếp,NV17,Đã giao
DH004135,KH0391,2026-04-28 18:12:00,Bán lẻ trực tiếp,NV19,Đã hủy
DH005813,KH0280,2026-04-28 19:35:00,TMĐT - Shopee,NV16,Đã giao
DH005171,KH0204,2026-04-28 19:54:00,TMĐT - Lazada,NV15,Đã giao
DH001821,KH0140,2026-04-28 21:30:00,TMĐT - Shopee,NV28,Đã giao
DH001105,KH0379,2026-04-28 21:40:00,TMĐT - Tiki,NV15,Đã giao
DH001977,KH0442,2026-04-28 22:32:00,TMĐT - Shopee,NV10,Đã giao
DH010934,KH0390,2026-04-28 22:54:00,Showroom,NV24,Đã hủy
DH006753,KH0192,2026-04-29 02:20:00,TMĐT - Lazada,NV20,Đã giao
DH007306,KH0070,2026-04-29 03:15:00,TMĐT - Shopee,NV25,Đã giao
DH011542,KH0247,2026-04-29 07:43:00,TMĐT - Shopee,NV29,Đã giao
DH005270,KH0140,2026-04-29 07:57:00,TMĐT - Lazada,NV17,Đã giao
DH002901,KH0155,2026-04-29 10:25:00,TMĐT - Lazada,NV15,Đã giao
DH010328,KH0325,2026-04-29 10:47:00,TMĐT - Shopee,NV11,Đã giao
DH004548,KH0359,2026-04-29 13:29:00,TMĐT - Tiki,NV24,Đã giao
DH011895,KH0188,2026-04-29 13:49:00,TMĐT - Shopee,NV06,Đang xử lý
DH000540,KH0448,2026-04-29 15:05:00,Bán lẻ trực tiếp,NV25,Đã giao
DH009784,KH0415,2026-04-29 15:17:00,TMĐT - Tiki,NV04,Đang xử lý
DH004357,KH0128,2026-04-29 16:26:00,TMĐT - Lazada,NV08,Đã giao
DH002547,KH0071,2026-04-29 21:02:00,TMĐT - Tiki,NV12,Đã giao
DH000689,KH0140,2026-04-29 21:50:00,TMĐT - Shopee,NV23,Đã giao
DH004879,KH0128,2026-04-30 00:19:00,TMĐT - Tiki,NV26,Đang xử lý
DH008172,KH0397,2026-04-30 01:32:00,Showroom,NV04,Đang xử lý
DH003418,KH0273,2026-04-30 04:06:00,Đại lý,NV24,Đã giao
DH002817,KH0171,2026-04-30 04:14:00,Đại lý,NV28,Đã giao
DH000856,KH0128,2026-04-30 05:04:00,Showroom,NV06,Đang xử lý
DH005896,KH0173,2026-04-30 05:13:00,Showroom,NV16,Đã giao
DH001188,KH0229,2026-04-30 05:13:00,Đại lý,NV20,Đã giao
DH006027,KH0306,2026-04-30 06:00:00,Showroom,NV06,Đã hủy
DH001482,KH0076,2026-04-30 06:28:00,Showroom,NV05,Đã giao
DH009834,KH0155,2026-04-30 09:31:00,Showroom,NV01,Đã giao
DH000701,KH0446,2026-04-30 10:09:00,Bán lẻ trực tiếp,NV28,Đã giao
DH006692,KH0227,2026-04-30 11:37:00,Bán lẻ trực tiếp,NV28,Đã giao
DH009030,KH0391,2026-04-30 12:16:00,Bán lẻ trực tiếp,NV01,Đang xử lý
DH007931,KH0204,2026-04-30 18:49:00,Bán lẻ trực tiếp,NV02,Đã giao
DH001239,KH0155,2026-04-30 21:21:00,TMĐT - Shopee,NV28,Đã giao
DH005372,KH0056,2026-04-30 22:22:00,TMĐT - Lazada,NV05,Đang xử lý
DH011758,KH0266,2026-04-30 22:31:00,Bán lẻ trực tiếp,NV12,Đã giao
DH003430,KH0012,2026-04-30 22:34:00,TMĐT - Tiki,NV18,Đã giao
DH007431,KH0391,2026-05-01 00:34:00,TMĐT - Lazada,NV05,Đã giao
DH005051,KH0051,2026-05-01 03:33:00,TMĐT - Lazada,NV03,Đã giao
DH007617,KH0221,2026-05-01 04:26:00,TMĐT - Shopee,NV05,Mới
DH002888,KH0242,2026-05-01 04:26:00,Đại lý,NV25,Đã giao
DH002866,KH0061,2026-05-01 05:16:00,Bán lẻ trực tiếp,NV23,Đang xử lý
DH003740,KH0261,2026-05-01 05:47:00,TMĐT - Shopee,NV08,Đã giao
DH009287,KH0359,2026-05-01 06:45:00,TMĐT - Lazada,NV10,Đã giao
DH011281,KH0447,2026-05-01 07:59:00,Bán lẻ trực tiếp,NV29,Mới
DH008411,KH0157,2026-05-01 08:53:00,TMĐT - Lazada,NV21,Đã giao
DH000229,KH0004,2026-05-01 10:24:00,TMĐT - Tiki,NV11,Đang xử lý
DH007612,KH0447,2026-05-01 11:31:00,Đại lý,NV27,Đã giao
DH004088,KH0368,2026-05-01 12:51:00,TMĐT - Lazada,NV18,Đã giao
DH004746,KH0188,2026-05-01 14:23:00,Đại lý,NV05,Đã giao
DH006470,KH0056,2026-05-01 17:43:00,Đại lý,NV24,Đã giao
DH009033,KH0335,2026-05-01 19:27:00,TMĐT - Lazada,NV16,Đã giao
DH009258,KH0449,2026-05-01 21:40:00,TMĐT - Shopee,NV23,Đã giao
DH004102,KH0198,2026-05-02 01:38:00,TMĐT - Tiki,NV02,Đang xử lý
DH006513,KH0372,2026-05-02 03:01:00,TMĐT - Tiki,NV30,Mới
DH010981,KH0177,2026-05-02 03:21:00,Showroom,NV02,Đã giao
DH010252,KH0267,2026-05-02 05:12:00,Đại lý,NV24,Đã giao
DH007719,KH0267,2026-05-02 07:12:00,Showroom,NV02,Trả hàng
DH009775,KH0135,2026-05-02 07:24:00,Showroom,NV05,Đã giao
DH005868,KH0412,2026-05-02 09:43:00,Bán lẻ trực tiếp,NV29,Đã giao
DH009447,KH0051,2026-05-02 09:46:00,Bán lẻ trực tiếp,NV09,Đã hủy
DH001532,KH0053,2026-05-02 10:33:00,Showroom,NV18,Đã giao
DH011472,KH0444,2026-05-02 12:21:00,Đại lý,NV09,Đã giao
DH004074,KH0447,2026-05-02 14:28:00,Bán lẻ trực tiếp,NV12,Đã giao
DH004988,KH0400,2026-05-02 15:48:00,TMĐT - Shopee,NV25,Đã giao
DH000112,KH0256,2026-05-02 16:06:00,Bán lẻ trực tiếp,NV09,Đã giao
DH002654,KH0262,2026-05-02 18:27:00,TMĐT - Shopee,NV13,Đã giao
DH005400,KH0119,2026-05-02 18:56:00,Đại lý,NV21,Trả hàng
DH008311,KH0365,2026-05-02 21:08:00,Bán lẻ trực tiếp,NV22,Đã giao
DH009306,KH0087,2026-05-02 22:09:00,Bán lẻ trực tiếp,NV17,Đã hủy
DH011171,KH0004,2026-05-02 23:24:00,TMĐT - Tiki,NV02,Đã giao
DH008777,KH0446,2026-05-03 00:30:00,TMĐT - Tiki,NV07,Đã giao
DH005414,KH0128,2026-05-03 01:02:00,Bán lẻ trực tiếp,NV28,Đã giao
DH010946,KH0377,2026-05-03 04:04:00,TMĐT - Lazada,NV25,Đã giao
DH004378,KH0249,2026-05-03 05:16:00,Showroom,NV28,Đã giao
DH004495,KH0070,2026-05-03 07:27:00,Bán lẻ trực tiếp,NV17,Đã giao
DH000399,KH0171,2026-05-03 08:16:00,Showroom,NV20,Đã giao
DH008796,KH0442,2026-05-03 12:30:00,TMĐT - Shopee,NV25,Đã giao
DH006115,KH0348,2026-05-03 15:57:00,TMĐT - Tiki,NV06,Đã giao
DH002092,KH0002,2026-05-03 16:53:00,Bán lẻ trực tiếp,NV01,Đã giao
DH003512,KH0311,2026-05-03 19:09:00,TMĐT - Tiki,NV15,Đã giao
DH004494,KH0231,2026-05-03 22:51:00,Showroom,NV21,Đã giao
DH006972,KH0155,2026-05-03 22:53:00,Bán lẻ trực tiếp,NV11,Đã giao
DH003998,KH0391,2026-05-04 01:40:00,TMĐT - Tiki,NV18,Trả hàng
DH004664,KH0147,2026-05-04 01:45:00,TMĐT - Tiki,NV07,Đã giao
DH006469,KH0308,2026-05-04 02:18:00,TMĐT - Lazada,NV16,Đã giao
DH002684,KH0246,2026-05-04 04:18:00,Showroom,NV06,Đã giao
DH003628,KH0070,2026-05-04 05:58:00,Showroom,NV13,Đã giao
DH005843,KH0396,2026-05-04 09:49:00,Đại lý,NV24,Đã giao
DH009684,KH0391,2026-05-04 10:27:00,TMĐT - Shopee,NV11,Mới
DH010077,KH0409,2026-05-04 10:40:00,TMĐT - Lazada,NV29,Đã giao
DH000240,KH0184,2026-05-04 11:50:00,Đại lý,NV12,Đã giao
DH002216,KH0442,2026-05-04 13:31:00,Showroom,NV08,Đã giao
DH005387,KH0234,2026-05-04 15:38:00,Showroom,NV08,Đã giao
DH008088,KH0155,2026-05-04 16:30:00,Đại lý,NV16,Đã giao
DH007259,KH0367,2026-05-04 16:36:00,Đại lý,NV09,Đã giao
DH005746,KH0208,2026-05-04 17:30:00,Showroom,NV26,Đang xử lý
DH011914,KH0391,2026-05-04 18:14:00,Showroom,NV25,Đã giao
DH004335,KH0404,2026-05-04 19:14:00,Đại lý,NV02,Đã giao
DH008942,KH0122,2026-05-04 22:38:00,Đại lý,NV09,Đã giao
DH000167,KH0424,2026-05-05 01:42:00,Showroom,NV22,Đã giao
DH007229,KH0128,2026-05-05 03:05:00,Bán lẻ trực tiếp,NV05,Đã giao
DH009820,KH0155,2026-05-05 03:10:00,Showroom,NV22,Đã giao
DH010576,KH0367,2026-05-05 03:14:00,Đại lý,NV22,Đã giao
DH004171,KH0442,2026-05-05 03:14:00,Đại lý,NV10,Đã giao
DH001765,KH0444,2026-05-05 10:42:00,Bán lẻ trực tiếp,NV19,Đã giao
DH002890,KH0227,2026-05-05 11:31:00,Đại lý,NV13,Đã giao
DH011326,KH0002,2026-05-05 12:57:00,Bán lẻ trực tiếp,NV24,Đã giao
DH011954,KH0096,2026-05-05 13:39:00,Đại lý,NV30,Đã giao
DH010150,KH0213,2026-05-05 13:54:00,TMĐT - Lazada,NV03,Đã giao
DH009766,KH0179,2026-05-05 15:28:00,Bán lẻ trực tiếp,NV08,Đã giao
DH002220,KH0391,2026-05-05 21:16:00,Showroom,NV01,Đã giao
DH010103,KH0218,2026-05-05 21:28:00,Showroom,NV10,Đã giao
DH002252,KH0331,2026-05-05 23:32:00,Bán lẻ trực tiếp,NV25,Đã giao
DH011153,KH0219,2026-05-06 01:00:00,TMĐT - Lazada,NV05,Đã giao
DH008761,KH0391,2026-05-06 03:25:00,Showroom,NV29,Đã giao
DH000438,KH0365,2026-05-06 10:35:00,TMĐT - Tiki,NV11,Đã giao
DH000745,KH0249,2026-05-06 12:18:00,Đại lý,NV16,Đã giao
DH003652,KH0442,2026-05-06 14:00:00,Showroom,NV13,Trả hàng
DH003263,KH0280,2026-05-06 14:00:00,TMĐT - Tiki,NV18,Đã giao
DH000231,KH0104,2026-05-06 18:38:00,Showroom,NV15,Đã giao
DH001194,KH0257,2026-05-06 20:30:00,TMĐT - Tiki,NV14,Đang xử lý
DH009037,KH0002,2026-05-06 21:47:00,TMĐT - Lazada,NV27,Đã giao
DH004812,KH0141,2026-05-06 22:15:00,TMĐT - Lazada,NV28,Đã giao
DH002711,KH0180,2026-05-07 02:22:00,Bán lẻ trực tiếp,NV23,Đã giao
DH007749,KH0365,2026-05-07 04:33:00,Bán lẻ trực tiếp,NV13,Đã giao
DH004066,KH0054,2026-05-07 09:10:00,TMĐT - Lazada,NV19,Đã giao
DH007093,KH0192,2026-05-07 09:51:00,Showroom,NV07,Đã giao
DH005961,KH0199,2026-05-07 10:19:00,Showroom,NV30,Đã giao
DH003480,KH0371,2026-05-07 10:59:00,Showroom,NV11,Trả hàng
DH007480,KH0126,2026-05-07 12:39:00,TMĐT - Lazada,NV08,Đã giao
DH002743,KH0012,2026-05-07 14:36:00,TMĐT - Tiki,NV13,Đã giao
DH008864,KH0395,2026-05-07 16:27:00,TMĐT - Lazada,NV17,Đã giao
DH006918,KH0350,2026-05-07 17:41:00,TMĐT - Shopee,NV02,Đã giao
DH005470,KH0386,2026-05-07 17:42:00,TMĐT - Lazada,NV22,Đã giao
DH005121,KH0135,2026-05-07 19:50:00,TMĐT - Lazada,NV11,Đã hủy
DH008111,KH0070,2026-05-07 20:41:00,Showroom,NV19,Đã giao
DH002691,KH0384,2026-05-07 21:26:00,TMĐT - Lazada,NV08,Đã giao
DH002563,KH0121,2026-05-07 22:47:00,Showroom,NV01,Mới
DH002055,KH0193,2026-05-07 23:12:00,TMĐT - Lazada,NV05,Đã giao
DH005737,KH0155,2026-05-07 23:51:00,Đại lý,NV03,Đã giao
DH003206,KH0204,2026-05-08 01:45:00,Bán lẻ trực tiếp,NV25,Đã giao
DH000959,KH0051,2026-05-08 04:47:00,TMĐT - Shopee,NV15,Đã giao
DH001564,KH0397,2026-05-08 04:51:00,TMĐT - Lazada,NV20,Trả hàng
DH011656,KH0381,2026-05-08 07:16:00,Đại lý,NV22,Đã giao
DH003896,KH0413,2026-05-08 09:13:00,TMĐT - Lazada,NV17,Trả hàng
DH004414,KH0119,2026-05-08 11:09:00,Đại lý,NV26,Đã giao
DH004308,KH0102,2026-05-08 14:52:00,TMĐT - Lazada,NV08,Đã giao
DH001262,KH0262,2026-05-08 15:16:00,Bán lẻ trực tiếp,NV23,Đã giao
DH004864,KH0384,2026-05-08 18:56:00,Đại lý,NV12,Đã giao
DH009384,KH0199,2026-05-08 22:48:00,Bán lẻ trực tiếp,NV14,Trả hàng
DH007369,KH0164,2026-05-08 23:19:00,Bán lẻ trực tiếp,NV29,Đã giao
DH003009,KH0386,2026-05-09 00:10:00,Đại lý,NV14,Đã giao
DH005844,KH0385,2026-05-09 02:29:00,Showroom,NV11,Đang xử lý
DH010743,KH0035,2026-05-09 03:31:00,Showroom,NV18,Đã giao
DH001777,KH0129,2026-05-09 04:28:00,Đại lý,NV25,Đã giao
DH003085,KH0137,2026-05-09 06:21:00,TMĐT - Shopee,NV11,Đã giao
DH004624,KH0012,2026-05-09 06:32:00,TMĐT - Tiki,NV24,Trả hàng
DH010579,KH0179,2026-05-09 07:52:00,Bán lẻ trực tiếp,NV12,Đã giao
DH001327,KH0442,2026-05-09 07:53:00,Bán lẻ trực tiếp,NV25,Đã hủy
DH006639,KH0379,2026-05-09 09:34:00,Đại lý,NV22,Đã giao
DH007311,KH0095,2026-05-09 12:12:00,Bán lẻ trực tiếp,NV09,Đã giao
DH004990,KH0281,2026-05-09 17:05:00,Showroom,NV09,Đã giao
DH010016,KH0141,2026-05-09 17:32:00,TMĐT - Lazada,NV19,Đã giao
DH003642,KH0442,2026-05-09 18:25:00,TMĐT - Lazada,NV10,Đã giao
DH001656,KH0442,2026-05-09 20:04:00,TMĐT - Lazada,NV21,Đã giao
DH009058,KH0100,2026-05-09 20:51:00,TMĐT - Shopee,NV04,Đã giao
DH009186,KH0241,2026-05-09 22:29:00,TMĐT - Shopee,NV03,Đang xử lý
DH010043,KH0442,2026-05-09 22:32:00,TMĐT - Lazada,NV15,Đã giao
DH010470,KH0447,2026-05-10 01:04:00,TMĐT - Tiki,NV24,Đã giao
DH003655,KH0391,2026-05-10 02:11:00,Bán lẻ trực tiếp,NV04,Trả hàng
DH007624,KH0089,2026-05-10 02:26:00,TMĐT - Tiki,NV08,Đã giao
DH008040,KH0341,2026-05-10 03:26:00,Bán lẻ trực tiếp,NV18,Đã giao
DH008081,KH0274,2026-05-10 03:35:00,Showroom,NV06,Đã giao
DH006688,KH0442,2026-05-10 04:04:00,Showroom,NV24,Đã giao
DH004693,KH0257,2026-05-10 05:04:00,Bán lẻ trực tiếp,NV13,Đang xử lý
DH000773,KH0311,2026-05-10 09:33:00,Đại lý,NV04,Đã giao
DH003779,KH0155,2026-05-10 09:48:00,TMĐT - Shopee,NV14,Đã giao
DH004143,KH0005,2026-05-10 10:45:00,Bán lẻ trực tiếp,NV04,Mới
DH001572,KH0012,2026-05-10 11:00:00,TMĐT - Lazada,NV06,Đã giao
DH009125,KH0248,2026-05-10 14:05:00,TMĐT - Lazada,NV29,Mới
DH003518,KH0262,2026-05-10 16:48:00,Đại lý,NV24,Đã giao
DH000942,KH0305,2026-05-10 16:51:00,Showroom,NV22,Đã giao
DH001276,KH0248,2026-05-10 22:28:00,Bán lẻ trực tiếp,NV14,Đã giao
DH008660,KH0391,2026-05-10 23:26:00,TMĐT - Tiki,NV16,Đã giao
DH005531,KH0325,2026-05-11 03:39:00,TMĐT - Tiki,NV30,Đã hủy
DH001129,KH0035,2026-05-11 04:01:00,TMĐT - Tiki,NV10,Đã giao
DH009028,KH0359,2026-05-11 04:42:00,TMĐT - Shopee,NV24,Đã giao
DH001586,KH0262,2026-05-11 05:06:00,Đại lý,NV01,Đã giao
DH007952,KH0081,2026-05-11 05:17:00,TMĐT - Tiki,NV07,Đã giao
DH010864,KH0056,2026-05-11 06:33:00,Đại lý,NV15,Mới
DH008425,KH0248,2026-05-11 07:25:00,TMĐT - Lazada,NV16,Mới
DH001336,KH0365,2026-05-11 07:51:00,TMĐT - Lazada,NV28,Đã giao
DH008658,KH0105,2026-05-11 08:51:00,TMĐT - Shopee,NV26,Đã giao
DH007119,KH0012,2026-05-11 10:03:00,Showroom,NV10,Trả hàng
DH005805,KH0332,2026-05-11 11:42:00,Showroom,NV23,Đã giao
DH010583,KH0413,2026-05-11 11:58:00,Bán lẻ trực tiếp,NV09,Đang xử lý
DH002863,KH0155,2026-05-11 14:09:00,Showroom,NV19,Đã hủy
DH004044,KH0362,2026-05-11 14:33:00,TMĐT - Shopee,NV05,Đã giao
DH003457,KH0314,2026-05-11 14:45:00,Đại lý,NV10,Mới
DH002463,KH0438,2026-05-11 14:50:00,Bán lẻ trực tiếp,NV19,Đã giao
DH009927,KH0257,2026-05-11 15:40:00,Đại lý,NV24,Đã giao
DH002725,KH0413,2026-05-11 19:06:00,TMĐT - Tiki,NV27,Đã giao
DH011935,KH0391,2026-05-11 20:22:00,Đại lý,NV28,Đã giao
DH008926,KH0183,2026-05-11 21:00:00,Đại lý,NV29,Đã giao
DH010026,KH0391,2026-05-11 23:05:00,Bán lẻ trực tiếp,NV14,Đã giao
DH008185,KH0241,2026-05-11 23:14:00,TMĐT - Lazada,NV03,Đã giao
DH001379,KH0257,2026-05-12 02:55:00,TMĐT - Tiki,NV20,Đã giao
DH000783,KH0404,2026-05-12 04:00:00,Đại lý,NV01,Đã giao
DH009388,KH0368,2026-05-12 08:43:00,TMĐT - Tiki,NV10,Đang xử lý
DH005285,KH0025,2026-05-12 10:12:00,Showroom,NV05,Đã giao
DH004289,KH0087,2026-05-12 10:51:00,Bán lẻ trực tiếp,NV05,Đang xử lý
DH000178,KH0447,2026-05-12 12:52:00,TMĐT - Shopee,NV16,Mới
DH003651,KH0262,2026-05-12 14:25:00,Bán lẻ trực tiếp,NV18,Đã giao
DH001832,KH0367,2026-05-12 15:18:00,TMĐT - Lazada,NV19,Đã giao
DH000489,KH0406,2026-05-12 17:54:00,Bán lẻ trực tiếp,NV07,Đã hủy
DH011061,KH0328,2026-05-12 18:19:00,TMĐT - Shopee,NV18,Đã giao
DH002287,KH0347,2026-05-12 23:49:00,Đại lý,NV15,Đã giao
DH009667,KH0122,2026-05-13 00:15:00,Showroom,NV25,Đã giao
DH009112,KH0192,2026-05-13 00:16:00,Showroom,NV13,Đang xử lý
DH010850,KH0397,2026-05-13 03:30:00,TMĐT - Shopee,NV18,Đã giao
DH008198,KH0262,2026-05-13 04:37:00,TMĐT - Shopee,NV23,Đã giao
DH006352,KH0391,2026-05-13 04:55:00,Showroom,NV03,Đã giao
DH006066,KH0262,2026-05-13 05:03:00,Đại lý,NV03,Đã giao
DH004444,KH0325,2026-05-13 06:22:00,TMĐT - Shopee,NV11,Đang xử lý
DH001807,KH0063,2026-05-13 06:29:00,TMĐT - Tiki,NV14,Đã giao
DH005856,KH0448,2026-05-13 09:26:00,Đại lý,NV08,Đã giao
DH010460,KH0396,2026-05-13 09:55:00,TMĐT - Tiki,NV22,Đang xử lý
DH001244,KH0179,2026-05-13 13:53:00,TMĐT - Tiki,NV10,Đã giao
DH006963,KH0155,2026-05-13 14:53:00,TMĐT - Tiki,NV20,Đang xử lý
DH002068,KH0257,2026-05-13 15:19:00,Showroom,NV24,Đã giao
DH005125,KH0246,2026-05-13 15:45:00,Bán lẻ trực tiếp,NV24,Đã giao
DH010715,KH0140,2026-05-13 20:52:00,TMĐT - Shopee,NV27,Trả hàng
DH009317,KH0155,2026-05-13 20:54:00,TMĐT - Tiki,NV22,Đã giao
DH010906,KH0070,2026-05-13 21:09:00,Showroom,NV24,Đã giao
DH002364,KH0051,2026-05-13 21:38:00,Showroom,NV12,Đã giao
DH000554,KH0442,2026-05-14 00:35:00,TMĐT - Lazada,NV20,Đã giao
DH007943,KH0447,2026-05-14 00:47:00,Bán lẻ trực tiếp,NV08,Đã giao
DH009134,KH0314,2026-05-14 01:30:00,Bán lẻ trực tiếp,NV22,Đã giao
DH006713,KH0447,2026-05-14 03:14:00,Showroom,NV10,Đã giao
DH004595,KH0446,2026-05-14 03:34:00,Đại lý,NV19,Mới
DH009564,KH0236,2026-05-14 04:12:00,TMĐT - Shopee,NV16,Đã giao
DH007880,KH0051,2026-05-14 05:52:00,TMĐT - Shopee,NV09,Đã giao
DH007717,KH0447,2026-05-14 05:59:00,TMĐT - Shopee,NV17,Trả hàng
DH002560,KH0113,2026-05-14 06:25:00,TMĐT - Shopee,NV26,Trả hàng
DH007654,KH0221,2026-05-14 07:19:00,TMĐT - Tiki,NV26,Đã giao
DH009284,KH0125,2026-05-14 09:39:00,Showroom,NV20,Trả hàng
DH011497,KH0401,2026-05-14 10:26:00,Đại lý,NV04,Đã giao
DH011054,KH0262,2026-05-14 13:05:00,TMĐT - Shopee,NV26,Đã giao
DH006286,KH0177,2026-05-14 14:34:00,TMĐT - Shopee,NV09,Đã giao
DH009683,KH0052,2026-05-14 15:51:00,Đại lý,NV29,Đã giao
DH001798,KH0017,2026-05-14 16:06:00,TMĐT - Tiki,NV03,Trả hàng
DH005448,KH0447,2026-05-14 18:40:00,TMĐT - Lazada,NV09,Đã giao
DH002541,KH0070,2026-05-14 19:58:00,Đại lý,NV07,Đang xử lý
DH003372,KH0141,2026-05-14 21:15:00,TMĐT - Shopee,NV10,Đã giao
DH007848,KH0430,2026-05-15 00:51:00,Bán lẻ trực tiếp,NV06,Đã giao
DH002443,KH0332,2026-05-15 04:53:00,TMĐT - Lazada,NV25,Trả hàng
DH005520,KH0070,2026-05-15 06:00:00,Bán lẻ trực tiếp,NV16,Đã giao
DH000536,KH0367,2026-05-15 07:59:00,TMĐT - Shopee,NV29,Mới
DH007737,KH0002,2026-05-15 09:04:00,TMĐT - Tiki,NV17,Đã giao
DH006851,KH0182,2026-05-15 10:47:00,TMĐT - Tiki,NV27,Đã giao
DH007316,KH0374,2026-05-15 11:25:00,Showroom,NV17,Đã giao
DH005392,KH0155,2026-05-15 11:32:00,TMĐT - Shopee,NV07,Đang xử lý
DH004290,KH0360,2026-05-15 11:48:00,Showroom,NV24,Đang xử lý
DH003830,KH0204,2026-05-15 14:15:00,Bán lẻ trực tiếp,NV22,Đang xử lý
DH002959,KH0383,2026-05-15 16:29:00,TMĐT - Lazada,NV17,Mới
DH006206,KH0218,2026-05-15 18:02:00,Đại lý,NV03,Đã giao
DH001216,KH0229,2026-05-15 18:15:00,Showroom,NV25,Đã giao
DH001781,KH0135,2026-05-15 22:03:00,Showroom,NV29,Đã giao
DH006323,KH0119,2026-05-15 23:18:00,Đại lý,NV01,Đã giao
DH004072,KH0053,2026-05-15 23:54:00,TMĐT - Shopee,NV18,Đã giao
DH004898,KH0344,2026-05-16 02:46:00,Bán lẻ trực tiếp,NV04,Đã giao
DH002384,KH0140,2026-05-16 04:15:00,TMĐT - Shopee,NV19,Đang xử lý
DH004393,KH0246,2026-05-16 05:34:00,TMĐT - Tiki,NV16,Đã giao
DH008034,KH0119,2026-05-16 08:35:00,Đại lý,NV20,Đã giao
DH011545,KH0290,2026-05-16 08:46:00,TMĐT - Shopee,NV02,Đã giao
DH000861,KH0152,2026-05-16 08:48:00,Showroom,NV17,Đã giao
DH010919,KH0377,2026-05-16 12:27:00,Showroom,NV27,Đã giao
DH011083,KH0353,2026-05-16 12:55:00,TMĐT - Tiki,NV23,Đã giao
DH003251,KH0442,2026-05-16 19:14:00,Showroom,NV08,Đã giao
DH005506,KH0249,2026-05-16 20:22:00,Đại lý,NV24,Đã giao
DH008616,KH0352,2026-05-16 23:27:00,Showroom,NV20,Đã giao
DH004866,KH0051,2026-05-17 00:19:00,Showroom,NV29,Đã giao
DH004108,KH0151,2026-05-17 04:47:00,Bán lẻ trực tiếp,NV17,Đã giao
DH003301,KH0447,2026-05-17 08:36:00,TMĐT - Shopee,NV02,Đã giao
DH000054,KH0359,2026-05-17 08:51:00,Đại lý,NV19,Đã giao
DH001946,KH0051,2026-05-17 08:59:00,TMĐT - Lazada,NV23,Đã giao
DH001304,KH0248,2026-05-17 09:26:00,Đại lý,NV10,Đã giao
DH003330,KH0070,2026-05-17 10:17:00,Đại lý,NV20,Đang xử lý
DH003473,KH0051,2026-05-17 10:39:00,TMĐT - Tiki,NV10,Đã giao
DH006418,KH0277,2026-05-17 11:11:00,Đại lý,NV11,Đã giao
DH001430,KH0193,2026-05-17 12:07:00,Bán lẻ trực tiếp,NV17,Đã giao
DH009893,KH0049,2026-05-17 13:58:00,Đại lý,NV12,Đã giao
DH002797,KH0227,2026-05-17 16:15:00,Đại lý,NV06,Đang xử lý
DH008875,KH0155,2026-05-17 19:49:00,TMĐT - Tiki,NV08,Đã giao
DH003463,KH0306,2026-05-17 23:07:00,TMĐT - Lazada,NV07,Đã giao
DH007294,KH0231,2026-05-17 23:07:00,Đại lý,NV30,Đã giao
DH002887,KH0138,2026-05-17 23:40:00,TMĐT - Shopee,NV19,Đã giao
DH008815,KH0413,2026-05-18 02:57:00,Showroom,NV18,Đã giao
DH004773,KH0064,2026-05-18 04:50:00,TMĐT - Lazada,NV11,Đã giao
DH010126,KH0159,2026-05-18 09:41:00,TMĐT - Tiki,NV10,Mới
DH000999,KH0054,2026-05-18 11:44:00,Đại lý,NV29,Đã giao
DH009702,KH0417,2026-05-18 12:27:00,TMĐT - Shopee,NV16,Đã giao
DH008441,KH0442,2026-05-18 12:36:00,Showroom,NV24,Đã giao
DH010238,KH0200,2026-05-18 14:06:00,TMĐT - Tiki,NV03,Đã giao
DH003107,KH0391,2026-05-18 15:03:00,Showroom,NV02,Đã giao
DH005826,KH0063,2026-05-18 15:31:00,TMĐT - Lazada,NV23,Đã giao
DH004319,KH0350,2026-05-18 18:12:00,Showroom,NV16,Mới
DH006095,KH0383,2026-05-18 18:22:00,TMĐT - Lazada,NV07,Đã giao
DH006154,KH0446,2026-05-19 04:20:00,TMĐT - Lazada,NV18,Đã giao
DH011216,KH0053,2026-05-19 10:17:00,TMĐT - Tiki,NV29,Đã giao
DH009727,KH0246,2026-05-19 12:18:00,TMĐT - Tiki,NV14,Trả hàng
DH005682,KH0248,2026-05-19 13:07:00,TMĐT - Shopee,NV19,Đã giao
DH002111,KH0029,2026-05-19 15:44:00,Showroom,NV24,Đã giao
DH002720,KH0306,2026-05-19 18:19:00,TMĐT - Tiki,NV21,Đã giao
DH009411,KH0265,2026-05-19 19:08:00,Bán lẻ trực tiếp,NV29,Đã hủy
DH006076,KH0447,2026-05-19 22:59:00,TMĐT - Lazada,NV23,Đã hủy
DH004202,KH0063,2026-05-20 02:03:00,TMĐT - Tiki,NV17,Đã giao
DH001801,KH0114,2026-05-20 06:59:00,Đại lý,NV11,Đã giao
DH006205,KH0398,2026-05-20 10:43:00,TMĐT - Tiki,NV12,Đã giao
DH008137,KH0200,2026-05-20 11:35:00,TMĐT - Tiki,NV13,Đã giao
DH011280,KH0339,2026-05-20 13:15:00,Đại lý,NV12,Đã giao
DH011805,KH0314,2026-05-20 14:22:00,Đại lý,NV24,Đã giao
DH000874,KH0128,2026-05-20 21:20:00,Bán lẻ trực tiếp,NV02,Đã giao
DH010474,KH0367,2026-05-20 21:27:00,TMĐT - Tiki,NV11,Đã giao
DH008960,KH0188,2026-05-20 23:40:00,TMĐT - Tiki,NV11,Đang xử lý
DH002627,KH0304,2026-05-21 00:39:00,Đại lý,NV18,Đã giao
DH007798,KH0248,2026-05-21 04:21:00,TMĐT - Tiki,NV22,Đã giao
DH006595,KH0390,2026-05-21 07:41:00,Bán lẻ trực tiếp,NV03,Đã giao
DH000053,KH0035,2026-05-21 09:15:00,Bán lẻ trực tiếp,NV08,Đã giao
DH010175,KH0060,2026-05-21 09:17:00,TMĐT - Lazada,NV21,Đã giao
DH010135,KH0447,2026-05-21 09:57:00,Showroom,NV08,Trả hàng
DH010673,KH0187,2026-05-21 10:27:00,Bán lẻ trực tiếp,NV30,Mới
DH007916,KH0232,2026-05-21 12:18:00,TMĐT - Lazada,NV18,Đã giao
DH009379,KH0365,2026-05-21 14:00:00,TMĐT - Lazada,NV06,Mới
DH008837,KH0046,2026-05-21 15:34:00,TMĐT - Lazada,NV27,Đã giao
DH010313,KH0409,2026-05-21 16:03:00,Showroom,NV13,Đã giao
DH007513,KH0035,2026-05-21 17:14:00,TMĐT - Lazada,NV25,Đã giao
DH009262,KH0051,2026-05-21 17:27:00,Showroom,NV12,Đã giao
DH001599,KH0119,2026-05-21 18:58:00,TMĐT - Lazada,NV03,Đã giao
DH009710,KH0368,2026-05-21 21:35:00,TMĐT - Shopee,NV16,Đã giao
DH008224,KH0242,2026-05-21 22:36:00,Bán lẻ trực tiếp,NV29,Đã giao
DH007075,KH0229,2026-05-22 00:00:00,TMĐT - Shopee,NV21,Đã giao
DH002843,KH0447,2026-05-22 01:41:00,Bán lẻ trực tiếp,NV03,Đã giao
DH001342,KH0035,2026-05-22 04:45:00,TMĐT - Lazada,NV17,Đã giao
DH001067,KH0227,2026-05-22 06:26:00,TMĐT - Shopee,NV19,Đã giao
DH005482,KH0253,2026-05-22 08:26:00,Bán lẻ trực tiếp,NV16,Đã giao
DH003170,KH0314,2026-05-22 09:54:00,TMĐT - Shopee,NV24,Đang xử lý
DH006128,KH0155,2026-05-22 10:26:00,Showroom,NV02,Đã giao
DH004649,KH0070,2026-05-22 10:55:00,Đại lý,NV05,Mới
DH000724,KH0248,2026-05-22 11:25:00,Bán lẻ trực tiếp,NV30,Trả hàng
DH000649,KH0044,2026-05-22 13:17:00,TMĐT - Tiki,NV18,Đang xử lý
DH010044,KH0366,2026-05-22 13:42:00,TMĐT - Tiki,NV13,Đã giao
DH010744,KH0051,2026-05-22 17:12:00,Bán lẻ trực tiếp,NV10,Đã giao
DH006166,KH0070,2026-05-22 17:27:00,TMĐT - Lazada,NV23,Đã giao
DH000316,KH0243,2026-05-22 21:04:00,Showroom,NV09,Đã giao
DH009743,KH0119,2026-05-23 00:04:00,TMĐT - Tiki,NV09,Đã giao
DH005023,KH0314,2026-05-23 03:06:00,TMĐT - Shopee,NV08,Đã giao
DH001363,KH0229,2026-05-23 06:29:00,Showroom,NV10,Đã giao
DH006478,KH0113,2026-05-23 11:22:00,TMĐT - Lazada,NV21,Trả hàng
DH011730,KH0116,2026-05-23 17:37:00,Đại lý,NV05,Đã giao
DH007389,KH0241,2026-05-23 18:43:00,Bán lẻ trực tiếp,NV09,Đã giao
DH006838,KH0155,2026-05-23 18:46:00,Showroom,NV03,Đã giao
DH007143,KH0051,2026-05-23 19:23:00,TMĐT - Tiki,NV24,Đang xử lý
DH000279,KH0406,2026-05-23 19:57:00,Đại lý,NV27,Đã giao
DH010799,KH0105,2026-05-23 20:03:00,TMĐT - Tiki,NV11,Đã giao
DH006770,KH0056,2026-05-23 20:08:00,TMĐT - Lazada,NV25,Đã giao
DH001898,KH0140,2026-05-23 21:01:00,Bán lẻ trực tiếp,NV11,Đã giao
DH001131,KH0442,2026-05-23 21:30:00,Showroom,NV17,Đã giao
DH011906,KH0162,2026-05-23 21:50:00,TMĐT - Shopee,NV17,Đã giao
DH002035,KH0367,2026-05-24 01:59:00,TMĐT - Tiki,NV07,Mới
DH007879,KH0191,2026-05-24 04:41:00,TMĐT - Tiki,NV20,Mới
DH003558,KH0296,2026-05-24 05:55:00,TMĐT - Tiki,NV06,Đã giao
DH010106,KH0002,2026-05-24 06:45:00,TMĐT - Tiki,NV08,Trả hàng
DH010686,KH0063,2026-05-24 07:05:00,Bán lẻ trực tiếp,NV17,Đang xử lý
DH004859,KH0218,2026-05-24 09:53:00,TMĐT - Tiki,NV03,Đã hủy
DH004014,KH0141,2026-05-24 10:54:00,Đại lý,NV24,Đã giao
DH011078,KH0021,2026-05-24 11:41:00,TMĐT - Tiki,NV27,Đã giao
DH009613,KH0432,2026-05-24 12:04:00,TMĐT - Lazada,NV15,Đã giao
DH009682,KH0316,2026-05-24 20:05:00,TMĐT - Shopee,NV19,Đã giao
DH004808,KH0322,2026-05-24 22:45:00,TMĐT - Shopee,NV09,Đã giao
DH006502,KH0412,2026-05-24 23:05:00,Showroom,NV20,Trả hàng
DH004239,KH0359,2026-05-24 23:17:00,TMĐT - Lazada,NV30,Đã giao
DH004181,KH0447,2026-05-24 23:22:00,TMĐT - Shopee,NV08,Đã giao
DH009693,KH0442,2026-05-24 23:23:00,TMĐT - Shopee,NV24,Đang xử lý
DH003167,KH0438,2026-05-24 23:48:00,Showroom,NV15,Mới
DH007170,KH0404,2026-05-25 02:03:00,Bán lẻ trực tiếp,NV04,Đã giao
DH000776,KH0079,2026-05-25 03:38:00,TMĐT - Lazada,NV07,Đã giao
DH003104,KH0352,2026-05-25 06:34:00,TMĐT - Lazada,NV27,Đã giao
DH002528,KH0407,2026-05-25 09:35:00,TMĐT - Lazada,NV13,Đang xử lý
DH010370,KH0368,2026-05-25 09:50:00,Bán lẻ trực tiếp,NV13,Đã giao
DH006069,KH0119,2026-05-25 13:42:00,TMĐT - Tiki,NV02,Đã giao
DH010092,KH0199,2026-05-25 13:46:00,TMĐT - Tiki,NV08,Đã giao
DH008830,KH0108,2026-05-25 14:29:00,Showroom,NV25,Mới
DH009470,KH0259,2026-05-25 17:58:00,TMĐT - Lazada,NV13,Đang xử lý
DH004858,KH0044,2026-05-25 18:47:00,TMĐT - Lazada,NV30,Đã giao
DH002048,KH0447,2026-05-25 18:55:00,Bán lẻ trực tiếp,NV25,Đã giao
DH003184,KH0442,2026-05-25 19:00:00,Showroom,NV15,Đã giao
DH008741,KH0070,2026-05-25 19:30:00,Đại lý,NV13,Đã giao
DH008219,KH0151,2026-05-25 21:39:00,Bán lẻ trực tiếp,NV27,Đã giao
DH002071,KH0179,2026-05-25 22:50:00,Showroom,NV07,Đã giao
DH010615,KH0409,2026-05-26 00:34:00,TMĐT - Shopee,NV01,Đã giao
DH011811,KH0391,2026-05-26 01:41:00,Bán lẻ trực tiếp,NV21,Đã hủy
DH001008,KH0198,2026-05-26 01:44:00,Showroom,NV13,Mới
DH003736,KH0314,2026-05-26 03:24:00,Showroom,NV05,Đã giao
DH007049,KH0210,2026-05-26 08:00:00,Đại lý,NV21,Đang xử lý
DH000681,KH0403,2026-05-26 08:14:00,Đại lý,NV11,Đã giao
DH006828,KH0396,2026-05-26 08:28:00,TMĐT - Shopee,NV03,Đang xử lý
DH006797,KH0391,2026-05-26 12:56:00,TMĐT - Lazada,NV11,Đã hủy
DH009669,KH0166,2026-05-26 13:53:00,TMĐT - Lazada,NV14,Đã giao
DH000923,KH0058,2026-05-26 15:06:00,TMĐT - Shopee,NV16,Đã giao
DH004333,KH0397,2026-05-26 16:45:00,TMĐT - Shopee,NV28,Đã giao
DH006896,KH0413,2026-05-26 17:06:00,TMĐT - Lazada,NV22,Đã giao
DH006161,KH0438,2026-05-26 17:55:00,Showroom,NV05,Đã hủy
DH003228,KH0391,2026-05-26 18:45:00,Đại lý,NV04,Đã giao
DH000707,KH0227,2026-05-26 18:46:00,Bán lẻ trực tiếp,NV25,Đã giao
DH000288,KH0026,2026-05-26 22:29:00,TMĐT - Lazada,NV01,Trả hàng
DH002613,KH0397,2026-05-27 03:44:00,Showroom,NV14,Đã giao
DH001280,KH0218,2026-05-27 04:07:00,TMĐT - Lazada,NV26,Đã giao
DH011923,KH0190,2026-05-27 05:19:00,Đại lý,NV03,Đã giao
DH001951,KH0379,2026-05-27 07:23:00,Đại lý,NV23,Đã giao
DH009660,KH0406,2026-05-27 09:48:00,Bán lẻ trực tiếp,NV11,Đã giao
DH003073,KH0365,2026-05-27 09:59:00,Showroom,NV03,Đã giao
DH011832,KH0008,2026-05-27 13:04:00,Bán lẻ trực tiếp,NV15,Đã giao
DH000321,KH0385,2026-05-27 14:11:00,Đại lý,NV14,Đã giao
DH010875,KH0227,2026-05-27 14:35:00,TMĐT - Tiki,NV12,Đã giao
DH003903,KH0119,2026-05-27 16:57:00,Đại lý,NV28,Đã giao
DH009299,KH0360,2026-05-27 17:28:00,Đại lý,NV23,Đã giao
DH006393,KH0314,2026-05-27 18:28:00,TMĐT - Tiki,NV28,Đã giao
DH008549,KH0396,2026-05-27 18:32:00,Showroom,NV24,Đã giao
DH003446,KH0159,2026-05-27 18:48:00,TMĐT - Tiki,NV02,Đã giao
DH011334,KH0367,2026-05-27 19:09:00,Showroom,NV29,Đã giao
DH009338,KH0297,2026-05-28 00:29:00,TMĐT - Tiki,NV28,Đã giao
DH009567,KH0367,2026-05-28 00:32:00,TMĐT - Tiki,NV28,Đã giao
DH009316,KH0262,2026-05-28 01:06:00,TMĐT - Shopee,NV06,Đã giao
DH010894,KH0215,2026-05-28 01:46:00,TMĐT - Lazada,NV16,Trả hàng
DH002973,KH0231,2026-05-28 04:19:00,TMĐT - Shopee,NV01,Đã giao
DH008315,KH0003,2026-05-28 05:34:00,TMĐT - Tiki,NV27,Đã giao
DH007325,KH0054,2026-05-28 05:37:00,Đại lý,NV20,Đã giao
DH005233,KH0061,2026-05-28 05:49:00,TMĐT - Lazada,NV29,Đã giao
DH001762,KH0391,2026-05-28 06:25:00,Showroom,NV15,Đang xử lý
DH002889,KH0044,2026-05-28 07:42:00,Bán lẻ trực tiếp,NV07,Đã giao
DH006879,KH0391,2026-05-28 07:56:00,Showroom,NV01,Đã giao
DH001954,KH0421,2026-05-28 10:51:00,TMĐT - Tiki,NV16,Đang xử lý
DH008304,KH0040,2026-05-28 12:52:00,Showroom,NV09,Đã giao
DH010093,KH0325,2026-05-28 13:19:00,Showroom,NV15,Đang xử lý
DH003954,KH0317,2026-05-28 14:21:00,TMĐT - Tiki,NV12,Đã giao
DH006569,KH0306,2026-05-28 15:01:00,TMĐT - Lazada,NV20,Đang xử lý
DH006268,KH0367,2026-05-28 20:51:00,Đại lý,NV29,Đã giao
DH003459,KH0141,2026-05-28 23:46:00,TMĐT - Lazada,NV24,Đang xử lý
DH003313,KH0113,2026-05-29 01:57:00,TMĐT - Lazada,NV20,Đã giao
DH008308,KH0338,2026-05-29 03:06:00,Showroom,NV23,Đã hủy
DH010538,KH0115,2026-05-29 03:45:00,Đại lý,NV08,Đã giao
DH010498,KH0105,2026-05-29 04:54:00,TMĐT - Shopee,NV18,Đã giao
DH004130,KH0290,2026-05-29 08:08:00,TMĐT - Shopee,NV16,Đã giao
DH001837,KH0397,2026-05-29 10:08:00,TMĐT - Tiki,NV11,Đã giao
DH005948,KH0183,2026-05-29 10:22:00,Showroom,NV17,Đã giao
DH009869,KH0262,2026-05-29 10:46:00,TMĐT - Tiki,NV23,Đã giao
DH010756,KH0179,2026-05-29 11:04:00,TMĐT - Lazada,NV25,Đã giao
DH006515,KH0115,2026-05-29 12:31:00,Đại lý,NV08,Đã giao
DH003139,KH0029,2026-05-29 13:45:00,Showroom,NV12,Đã giao
DH010424,KH0155,2026-05-29 13:54:00,Showroom,NV10,Đã giao
DH010082,KH0273,2026-05-29 14:39:00,TMĐT - Tiki,NV19,Đã giao
DH009006,KH0262,2026-05-29 18:03:00,TMĐT - Lazada,NV21,Đã giao
DH009418,KH0203,2026-05-29 19:42:00,TMĐT - Lazada,NV26,Đã giao
DH003005,KH0273,2026-05-29 21:39:00,TMĐT - Lazada,NV19,Đã hủy
DH007077,KH0075,2026-05-29 22:53:00,TMĐT - Tiki,NV24,Đã giao
DH011595,KH0368,2026-05-29 23:14:00,Đại lý,NV14,Đã giao
DH007761,KH0094,2026-05-30 00:28:00,TMĐT - Lazada,NV18,Đã giao
DH006937,KH0088,2026-05-30 00:32:00,TMĐT - Tiki,NV04,Đã giao
DH006827,KH0035,2026-05-30 00:59:00,TMĐT - Shopee,NV12,Đã giao
DH006721,KH0305,2026-05-30 05:23:00,TMĐT - Lazada,NV20,Đã giao
DH002618,KH0389,2026-05-30 05:29:00,TMĐT - Shopee,NV24,Đã giao
DH001611,KH0127,2026-05-30 06:19:00,TMĐT - Shopee,NV20,Đã hủy
DH006748,KH0082,2026-05-30 07:44:00,Bán lẻ trực tiếp,NV10,Đã giao
DH010387,KH0271,2026-05-30 12:45:00,Showroom,NV30,Đã giao
DH006283,KH0227,2026-05-30 13:26:00,TMĐT - Lazada,NV28,Đã giao
DH010714,KH0316,2026-05-30 14:01:00,Đại lý,NV15,Đang xử lý
DH007250,KH0199,2026-05-30 14:07:00,Đại lý,NV12,Đã hủy
DH000425,KH0116,2026-05-30 14:24:00,TMĐT - Shopee,NV07,Đã giao
DH000469,KH0241,2026-05-30 14:45:00,TMĐT - Shopee,NV21,Đã giao
DH006664,KH0248,2026-05-30 15:42:00,TMĐT - Shopee,NV17,Đang xử lý
DH009568,KH0155,2026-05-30 16:57:00,TMĐT - Lazada,NV01,Đã giao
DH000075,KH0116,2026-05-30 18:58:00,TMĐT - Lazada,NV27,Đã giao
DH011254,KH0447,2026-05-30 20:05:00,Showroom,NV21,Mới
DH008132,KH0128,2026-05-30 20:09:00,Showroom,NV26,Đã giao
DH003020,KH0009,2026-05-30 20:30:00,TMĐT - Lazada,NV25,Đã giao
DH004410,KH0213,2026-05-30 21:35:00,TMĐT - Shopee,NV29,Trả hàng
DH009699,KH0271,2026-05-30 23:05:00,TMĐT - Tiki,NV23,Đã giao
DH008256,KH0267,2026-05-30 23:36:00,TMĐT - Lazada,NV27,Đã giao
DH004438,KH0051,2026-05-31 02:19:00,Đại lý,NV03,Đã giao
DH003895,KH0116,2026-05-31 02:21:00,Bán lẻ trực tiếp,NV25,Đã giao
DH009876,KH0199,2026-05-31 05:16:00,TMĐT - Lazada,NV09,Trả hàng
DH007395,KH0446,2026-05-31 06:23:00,TMĐT - Lazada,NV04,Đang xử lý
DH007380,KH0068,2026-05-31 06:52:00,Bán lẻ trực tiếp,NV22,Đã giao
DH010761,KH0090,2026-05-31 11:43:00,TMĐT - Tiki,NV08,Trả hàng
DH005356,KH0135,2026-05-31 12:37:00,TMĐT - Tiki,NV06,Đã giao
DH007346,KH0367,2026-05-31 13:25:00,TMĐT - Lazada,NV09,Đã giao
DH006390,KH0421,2026-05-31 15:39:00,Bán lẻ trực tiếp,NV05,Đã giao
DH011584,KH0250,2026-05-31 19:30:00,TMĐT - Shopee,NV14,Đã hủy
DH011029,KH0414,2026-05-31 20:12:00,Bán lẻ trực tiếp,NV10,Đã giao
DH005348,KH0257,2026-05-31 21:04:00,Showroom,NV17,Đang xử lý
DH002448,KH0006,2026-05-31 22:45:00,TMĐT - Lazada,NV16,Đã hủy
DH001031,KH0446,2026-06-01 01:41:00,Bán lẻ trực tiếp,NV26,Đã giao
DH009365,KH0306,2026-06-01 02:11:00,Đại lý,NV23,Đã giao
DH001404,KH0409,2026-06-01 03:42:00,Bán lẻ trực tiếp,NV17,Đã giao
DH000751,KH0155,2026-06-01 04:16:00,TMĐT - Tiki,NV28,Đã hủy
DH008074,KH0034,2026-06-01 06:02:00,TMĐT - Tiki,NV09,Đã giao
DH007755,KH0062,2026-06-01 07:01:00,TMĐT - Tiki,NV07,Đã giao
DH011720,KH0131,2026-06-01 08:20:00,TMĐT - Shopee,NV08,Đã giao
DH002362,KH0204,2026-06-01 09:10:00,TMĐT - Shopee,NV03,Đang xử lý
DH008110,KH0158,2026-06-01 10:15:00,TMĐT - Tiki,NV10,Trả hàng
DH004388,KH0140,2026-06-01 10:24:00,Đại lý,NV10,Mới
DH008520,KH0391,2026-06-01 11:57:00,Bán lẻ trực tiếp,NV19,Đã giao
DH005621,KH0070,2026-06-01 13:29:00,TMĐT - Tiki,NV10,Đã giao
DH011940,KH0412,2026-06-01 14:28:00,TMĐT - Lazada,NV08,Đã hủy
DH007679,KH0231,2026-06-01 18:28:00,Showroom,NV05,Đã giao
DH003556,KH0350,2026-06-01 19:57:00,TMĐT - Shopee,NV28,Đã giao
DH007320,KH0391,2026-06-01 20:10:00,TMĐT - Lazada,NV20,Đã giao
DH000205,KH0012,2026-06-01 20:12:00,TMĐT - Tiki,NV06,Đang xử lý
DH005704,KH0422,2026-06-01 21:17:00,TMĐT - Tiki,NV11,Đã giao
DH011079,KH0121,2026-06-01 23:06:00,Đại lý,NV07,Đã giao
DH008127,KH0068,2026-06-01 23:15:00,TMĐT - Lazada,NV20,Đã giao
DH010533,KH0273,2026-06-02 00:17:00,Bán lẻ trực tiếp,NV26,Đã giao
DH001565,KH0307,2026-06-02 01:08:00,Đại lý,NV27,Đã hủy
DH006570,KH0218,2026-06-02 01:17:00,Showroom,NV02,Đã giao
DH009221,KH0337,2026-06-02 04:28:00,Đại lý,NV09,Đã giao
DH009496,KH0056,2026-06-02 04:44:00,TMĐT - Tiki,NV26,Đã giao
DH000903,KH0353,2026-06-02 04:53:00,TMĐT - Shopee,NV01,Đã giao
DH009399,KH0246,2026-06-02 12:25:00,Showroom,NV29,Mới
DH009128,KH0299,2026-06-02 13:01:00,Bán lẻ trực tiếp,NV02,Đã giao
DH010853,KH0108,2026-06-02 17:56:00,TMĐT - Shopee,NV16,Đã giao
DH001421,KH0368,2026-06-02 19:20:00,TMĐT - Tiki,NV18,Đã giao
DH007282,KH0035,2026-06-02 21:06:00,Bán lẻ trực tiếp,NV04,Đang xử lý
DH000254,KH0386,2026-06-02 21:54:00,TMĐT - Tiki,NV12,Trả hàng
DH004243,KH0250,2026-06-03 00:06:00,Đại lý,NV10,Đã giao
DH000471,KH0391,2026-06-03 02:36:00,Bán lẻ trực tiếp,NV23,Đang xử lý
DH004820,KH0424,2026-06-03 06:28:00,TMĐT - Lazada,NV25,Đã giao
DH010233,KH0380,2026-06-03 08:14:00,TMĐT - Shopee,NV27,Đã giao
DH011399,KH0402,2026-06-03 08:44:00,TMĐT - Lazada,NV05,Đã giao
DH001210,KH0262,2026-06-03 09:49:00,TMĐT - Lazada,NV08,Đã giao
DH006051,KH0367,2026-06-03 12:33:00,Đại lý,NV07,Đã giao
DH000848,KH0413,2026-06-03 15:43:00,TMĐT - Lazada,NV27,Đã giao
DH009091,KH0432,2026-06-03 18:25:00,TMĐT - Lazada,NV08,Đã giao
DH002400,KH0314,2026-06-03 19:21:00,TMĐT - Lazada,NV04,Đã giao
DH007148,KH0442,2026-06-03 21:08:00,Đại lý,NV19,Trả hàng
DH008556,KH0434,2026-06-03 21:38:00,TMĐT - Lazada,NV07,Đã giao
DH008577,KH0242,2026-06-03 22:32:00,Bán lẻ trực tiếp,NV24,Trả hàng
DH000126,KH0406,2026-06-03 23:32:00,TMĐT - Tiki,NV30,Đã giao
DH008053,KH0113,2026-06-04 01:10:00,TMĐT - Tiki,NV25,Đang xử lý
DH009863,KH0442,2026-06-04 01:53:00,TMĐT - Shopee,NV30,Đã giao
DH000449,KH0135,2026-06-04 02:54:00,TMĐT - Shopee,NV26,Đã giao
DH008414,KH0365,2026-06-04 03:34:00,Đại lý,NV21,Đang xử lý
DH002047,KH0302,2026-06-04 04:20:00,Bán lẻ trực tiếp,NV12,Đang xử lý
DH001347,KH0164,2026-06-04 04:45:00,TMĐT - Shopee,NV06,Đã giao
DH007644,KH0273,2026-06-04 05:33:00,Showroom,NV08,Đã hủy
DH009349,KH0051,2026-06-04 05:51:00,TMĐT - Lazada,NV26,Đã giao
DH002735,KH0359,2026-06-04 05:51:00,TMĐT - Tiki,NV02,Đã giao
DH008061,KH0077,2026-06-04 07:00:00,Showroom,NV26,Đã giao
DH008337,KH0143,2026-06-04 08:40:00,TMĐT - Shopee,NV14,Đã giao
DH005992,KH0221,2026-06-04 09:01:00,Đại lý,NV23,Đang xử lý
DH010625,KH0021,2026-06-04 10:34:00,TMĐT - Tiki,NV02,Đã hủy
DH003303,KH0140,2026-06-04 11:18:00,Showroom,NV05,Đã giao
DH002401,KH0326,2026-06-04 11:59:00,TMĐT - Tiki,NV23,Đã giao
DH000842,KH0337,2026-06-04 12:18:00,TMĐT - Shopee,NV04,Đã giao
DH005594,KH0447,2026-06-04 12:37:00,TMĐT - Lazada,NV28,Đã giao
DH002219,KH0391,2026-06-04 15:00:00,TMĐT - Shopee,NV01,Đã giao
DH006821,KH0053,2026-06-04 15:37:00,Đại lý,NV02,Đã giao
DH002688,KH0187,2026-06-04 15:50:00,TMĐT - Shopee,NV09,Mới
DH006361,KH0306,2026-06-04 20:30:00,TMĐT - Tiki,NV14,Đã giao
DH003462,KH0111,2026-06-05 00:10:00,Showroom,NV13,Đã giao
DH003055,KH0183,2026-06-05 00:23:00,Showroom,NV10,Đã giao
DH009546,KH0377,2026-06-05 05:05:00,TMĐT - Tiki,NV29,Đã giao
DH009150,KH0170,2026-06-05 06:45:00,TMĐT - Lazada,NV26,Đã giao
DH003325,KH0242,2026-06-05 08:46:00,Bán lẻ trực tiếp,NV15,Đã giao
DH010028,KH0241,2026-06-05 18:41:00,Bán lẻ trực tiếp,NV06,Đã giao
DH006354,KH0383,2026-06-05 19:05:00,TMĐT - Shopee,NV07,Đã hủy
DH000029,KH0070,2026-06-05 22:44:00,TMĐT - Shopee,NV07,Đã giao
DH006151,KH0241,2026-06-05 23:04:00,TMĐT - Tiki,NV11,Đã giao
DH009573,KH0239,2026-06-06 01:43:00,TMĐT - Shopee,NV25,Đã giao
DH010646,KH0370,2026-06-06 03:31:00,Showroom,NV11,Đã giao
DH004821,KH0070,2026-06-06 03:48:00,Showroom,NV22,Đã giao
DH007492,KH0056,2026-06-06 04:40:00,TMĐT - Shopee,NV15,Đã giao
DH008979,KH0265,2026-06-06 05:22:00,TMĐT - Shopee,NV12,Đã giao
DH006607,KH0144,2026-06-06 06:47:00,Đại lý,NV24,Đã giao
DH002253,KH0391,2026-06-06 07:17:00,Showroom,NV02,Đã giao
DH011449,KH0379,2026-06-06 09:32:00,TMĐT - Shopee,NV14,Đã giao
DH009788,KH0183,2026-06-06 13:29:00,TMĐT - Shopee,NV14,Đã giao
DH002133,KH0442,2026-06-06 13:52:00,Showroom,NV23,Trả hàng
DH009277,KH0155,2026-06-06 15:07:00,TMĐT - Shopee,NV12,Đã giao
DH000827,KH0278,2026-06-06 17:00:00,TMĐT - Shopee,NV07,Đã giao
DH007780,KH0377,2026-06-06 21:51:00,Đại lý,NV09,Đã giao
DH008683,KH0407,2026-06-06 23:04:00,Showroom,NV05,Đã giao
DH002479,KH0379,2026-06-06 23:35:00,Showroom,NV27,Đã giao
DH009550,KH0049,2026-06-06 23:46:00,TMĐT - Tiki,NV27,Đã giao
DH005939,KH0442,2026-06-07 01:33:00,TMĐT - Lazada,NV25,Đã giao
DH001852,KH0065,2026-06-07 01:40:00,TMĐT - Tiki,NV02,Đã giao
DH009817,KH0003,2026-06-07 04:08:00,Bán lẻ trực tiếp,NV07,Đã giao
DH010120,KH0162,2026-06-07 09:18:00,Showroom,NV01,Mới
DH010619,KH0220,2026-06-07 09:32:00,TMĐT - Tiki,NV02,Mới
DH007685,KH0093,2026-06-07 09:40:00,Đại lý,NV05,Đang xử lý
DH011879,KH0297,2026-06-07 10:38:00,TMĐT - Tiki,NV29,Đã giao
DH000566,KH0180,2026-06-07 13:16:00,TMĐT - Lazada,NV18,Đã giao
DH006262,KH0051,2026-06-07 13:30:00,TMĐT - Shopee,NV17,Đã giao
DH002809,KH0242,2026-06-07 14:52:00,Đại lý,NV09,Đã giao
DH010748,KH0183,2026-06-07 16:08:00,TMĐT - Shopee,NV28,Đã giao
DH001727,KH0070,2026-06-07 16:45:00,Showroom,NV10,Đã giao
DH005955,KH0391,2026-06-07 16:53:00,Đại lý,NV07,Đã giao
DH008461,KH0121,2026-06-07 18:17:00,Showroom,NV16,Đã giao
DH001588,KH0214,2026-06-08 00:40:00,TMĐT - Tiki,NV16,Đã giao
DH010491,KH0126,2026-06-08 01:01:00,Showroom,NV28,Đã giao
DH004823,KH0262,2026-06-08 01:41:00,TMĐT - Shopee,NV27,Đã giao
DH003447,KH0427,2026-06-08 01:49:00,Showroom,NV06,Đã giao
DH009745,KH0442,2026-06-08 05:33:00,Showroom,NV06,Đã giao
DH005244,KH0204,2026-06-08 05:40:00,Bán lẻ trực tiếp,NV17,Đã giao
DH004313,KH0306,2026-06-08 07:28:00,TMĐT - Tiki,NV03,Đã giao
DH004770,KH0394,2026-06-08 07:40:00,Bán lẻ trực tiếp,NV29,Đã giao
DH009511,KH0314,2026-06-08 10:04:00,Showroom,NV09,Đang xử lý
DH006008,KH0127,2026-06-08 16:38:00,Showroom,NV22,Đã giao
DH011736,KH0035,2026-06-08 17:20:00,Đại lý,NV12,Đã hủy
DH000616,KH0248,2026-06-08 20:05:00,Showroom,NV07,Đã giao
DH011361,KH0246,2026-06-08 20:49:00,Đại lý,NV08,Trả hàng
DH010248,KH0243,2026-06-08 23:04:00,Bán lẻ trực tiếp,NV02,Đã giao
DH001055,KH0321,2026-06-09 04:05:00,TMĐT - Tiki,NV01,Đã giao
DH003597,KH0304,2026-06-09 04:36:00,TMĐT - Shopee,NV28,Đã giao
DH000477,KH0384,2026-06-09 04:44:00,Đại lý,NV27,Đã giao
DH001902,KH0419,2026-06-09 07:38:00,TMĐT - Shopee,NV14,Đã giao
DH002574,KH0324,2026-06-09 08:40:00,Bán lẻ trực tiếp,NV07,Trả hàng
DH003984,KH0396,2026-06-09 09:53:00,Bán lẻ trực tiếp,NV21,Đã giao
DH005202,KH0119,2026-06-09 11:58:00,TMĐT - Tiki,NV27,Đang xử lý
DH007733,KH0262,2026-06-09 12:48:00,TMĐT - Shopee,NV05,Đã giao
DH004885,KH0391,2026-06-09 13:41:00,Đại lý,NV30,Đã giao
DH008151,KH0044,2026-06-09 14:29:00,Bán lẻ trực tiếp,NV26,Mới
DH005203,KH0281,2026-06-09 15:10:00,Đại lý,NV09,Đã giao
DH005135,KH0184,2026-06-09 16:36:00,Bán lẻ trực tiếp,NV11,Đã giao
DH004751,KH0089,2026-06-09 17:21:00,TMĐT - Tiki,NV29,Đã giao
DH004339,KH0082,2026-06-09 18:53:00,Bán lẻ trực tiếp,NV20,Đã giao
DH000762,KH0248,2026-06-09 20:43:00,TMĐT - Lazada,NV28,Mới
DH011589,KH0250,2026-06-10 00:45:00,TMĐT - Tiki,NV13,Đã giao
DH000519,KH0143,2026-06-10 03:29:00,TMĐT - Shopee,NV06,Đã giao
DH010905,KH0374,2026-06-10 05:24:00,TMĐT - Lazada,NV20,Đang xử lý
DH005191,KH0227,2026-06-10 07:24:00,TMĐT - Tiki,NV06,Đã giao
DH005354,KH0051,2026-06-10 07:31:00,TMĐT - Tiki,NV04,Đã giao
DH010340,KH0175,2026-06-10 13:35:00,Bán lẻ trực tiếp,NV26,Đã giao
DH000544,KH0384,2026-06-10 13:44:00,TMĐT - Shopee,NV26,Đã giao
DH006751,KH0093,2026-06-10 16:24:00,TMĐT - Tiki,NV01,Mới
DH002911,KH0241,2026-06-10 19:35:00,TMĐT - Tiki,NV14,Đã giao
DH001542,KH0389,2026-06-10 19:40:00,TMĐT - Shopee,NV06,Đã giao
DH006169,KH0070,2026-06-10 20:08:00,TMĐT - Lazada,NV07,Đã giao
DH001011,KH0163,2026-06-10 20:44:00,Bán lẻ trực tiếp,NV03,Đã giao
DH004011,KH0136,2026-06-10 22:01:00,Showroom,NV25,Đã giao
DH010556,KH0207,2026-06-10 22:21:00,Đại lý,NV12,Đã giao
DH005645,KH0140,2026-06-10 23:25:00,TMĐT - Shopee,NV11,Mới
DH009445,KH0051,2026-06-10 23:41:00,TMĐT - Shopee,NV23,Đã giao
DH001849,KH0315,2026-06-11 05:28:00,Bán lẻ trực tiếp,NV30,Đã hủy
DH004849,KH0053,2026-06-11 06:20:00,TMĐT - Shopee,NV09,Đã giao
DH004830,KH0285,2026-06-11 10:24:00,TMĐT - Lazada,NV13,Đã giao
DH005926,KH0138,2026-06-11 10:26:00,TMĐT - Tiki,NV27,Đã giao
DH009752,KH0227,2026-06-11 10:55:00,TMĐT - Shopee,NV10,Đã hủy
DH000108,KH0339,2026-06-11 12:39:00,TMĐT - Lazada,NV26,Đã giao
DH008207,KH0051,2026-06-11 15:14:00,TMĐT - Lazada,NV13,Đã giao
DH006233,KH0013,2026-06-11 16:38:00,Showroom,NV18,Đã giao
DH002112,KH0394,2026-06-11 16:58:00,Đại lý,NV27,Đã giao
DH008482,KH0243,2026-06-11 17:37:00,Đại lý,NV02,Đang xử lý
DH002405,KH0269,2026-06-11 19:11:00,Bán lẻ trực tiếp,NV30,Đã giao
DH009666,KH0377,2026-06-11 22:26:00,TMĐT - Lazada,NV27,Đã giao
DH008288,KH0396,2026-06-11 22:50:00,TMĐT - Tiki,NV13,Đã giao
DH009604,KH0046,2026-06-11 23:15:00,TMĐT - Shopee,NV16,Đã giao
DH007573,KH0012,2026-06-12 05:03:00,Đại lý,NV04,Đang xử lý
DH000405,KH0447,2026-06-12 05:16:00,Showroom,NV10,Đã giao
DH008176,KH0352,2026-06-12 05:30:00,TMĐT - Tiki,NV26,Đã giao
DH001056,KH0035,2026-06-12 05:36:00,TMĐT - Lazada,NV10,Đang xử lý
DH000638,KH0386,2026-06-12 05:41:00,TMĐT - Tiki,NV13,Đã giao
DH003537,KH0262,2026-06-12 05:59:00,Đại lý,NV24,Đã giao
DH005611,KH0391,2026-06-12 10:26:00,Đại lý,NV29,Mới
DH003063,KH0227,2026-06-12 11:39:00,Showroom,NV27,Đã giao
DH007189,KH0068,2026-06-12 12:04:00,TMĐT - Lazada,NV19,Đã giao
DH001237,KH0442,2026-06-12 14:14:00,TMĐT - Shopee,NV08,Đã giao
DH004281,KH0193,2026-06-12 19:34:00,Bán lẻ trực tiếp,NV01,Đã giao
DH000302,KH0442,2026-06-12 19:36:00,Đại lý,NV19,Mới
DH006415,KH0303,2026-06-12 21:13:00,Showroom,NV16,Đã giao
DH011067,KH0280,2026-06-12 21:35:00,Showroom,NV08,Đã giao
DH004901,KH0447,2026-06-13 00:02:00,TMĐT - Shopee,NV01,Đã giao
DH002552,KH0070,2026-06-13 05:36:00,Bán lẻ trực tiếp,NV06,Đã giao
DH010496,KH0250,2026-06-13 06:23:00,TMĐT - Shopee,NV23,Đã giao
DH003420,KH0025,2026-06-13 06:53:00,Đại lý,NV16,Đã giao
DH011854,KH0198,2026-06-13 10:38:00,Showroom,NV25,Đã giao
DH000353,KH0432,2026-06-13 11:53:00,Showroom,NV20,Đã giao
DH009581,KH0325,2026-06-13 12:06:00,Showroom,NV12,Đã giao
DH002483,KH0325,2026-06-13 12:10:00,TMĐT - Lazada,NV12,Đang xử lý
DH005941,KH0404,2026-06-13 12:56:00,TMĐT - Lazada,NV06,Đã hủy
DH011428,KH0406,2026-06-13 12:59:00,TMĐT - Lazada,NV17,Đã giao
DH003977,KH0314,2026-06-13 13:00:00,TMĐT - Tiki,NV17,Đã giao
DH008639,KH0071,2026-06-13 14:00:00,Bán lẻ trực tiếp,NV27,Đã giao
DH002554,KH0009,2026-06-13 14:42:00,TMĐT - Shopee,NV20,Đang xử lý
DH003664,KH0298,2026-06-13 14:45:00,TMĐT - Shopee,NV05,Đã giao
DH005666,KH0359,2026-06-13 15:39:00,Showroom,NV03,Đã giao
DH011569,KH0155,2026-06-13 16:42:00,Showroom,NV14,Đã giao
DH004120,KH0155,2026-06-13 19:46:00,Đại lý,NV05,Đã hủy
DH002662,KH0359,2026-06-13 20:58:00,TMĐT - Tiki,NV16,Đã giao
DH003169,KH0439,2026-06-13 23:59:00,Showroom,NV20,Đã giao
DH005628,KH0044,2026-06-14 00:30:00,TMĐT - Lazada,NV19,Đã giao
DH008739,KH0094,2026-06-14 00:35:00,Đại lý,NV20,Đã hủy
DH000098,KH0409,2026-06-14 00:59:00,TMĐT - Lazada,NV09,Đã giao
DH003684,KH0442,2026-06-14 04:18:00,TMĐT - Lazada,NV21,Đã giao
DH005223,KH0242,2026-06-14 05:15:00,TMĐT - Shopee,NV27,Đã giao
DH010095,KH0384,2026-06-14 06:08:00,TMĐT - Lazada,NV30,Đang xử lý
DH011506,KH0314,2026-06-14 06:53:00,TMĐT - Shopee,NV23,Đã giao
DH010118,KH0002,2026-06-14 12:01:00,TMĐT - Shopee,NV22,Đã giao
DH009213,KH0179,2026-06-14 14:08:00,Bán lẻ trực tiếp,NV22,Đã giao
DH002834,KH0012,2026-06-14 16:21:00,Showroom,NV28,Đã giao
DH008911,KH0139,2026-06-14 18:00:00,TMĐT - Shopee,NV22,Đã giao
DH000917,KH0323,2026-06-14 18:32:00,Bán lẻ trực tiếp,NV30,Đang xử lý
DH007957,KH0140,2026-06-14 19:10:00,Showroom,NV12,Đã giao
DH010814,KH0262,2026-06-14 20:14:00,TMĐT - Shopee,NV06,Đã giao
DH003220,KH0198,2026-06-14 20:23:00,Đại lý,NV10,Đã giao
DH002060,KH0241,2026-06-14 21:53:00,TMĐT - Shopee,NV11,Trả hàng
DH002505,KH0035,2026-06-14 23:32:00,Bán lẻ trực tiếp,NV13,Đã giao
DH009601,KH0187,2026-06-15 02:18:00,Bán lẻ trực tiếp,NV09,Mới
DH010874,KH0241,2026-06-15 03:31:00,Showroom,NV18,Đã giao
DH005402,KH0150,2026-06-15 04:09:00,TMĐT - Lazada,NV27,Đang xử lý
DH002019,KH0242,2026-06-15 10:09:00,TMĐT - Shopee,NV15,Đã giao
DH003241,KH0017,2026-06-15 10:17:00,TMĐT - Shopee,NV28,Đã giao
DH007960,KH0315,2026-06-15 12:34:00,Bán lẻ trực tiếp,NV19,Đã giao
DH003252,KH0195,2026-06-15 13:14:00,Bán lẻ trực tiếp,NV17,Đã giao
DH008816,KH0280,2026-06-15 15:21:00,TMĐT - Shopee,NV16,Đã giao
DH004341,KH0071,2026-06-15 15:37:00,TMĐT - Tiki,NV19,Trả hàng
DH003730,KH0056,2026-06-15 22:39:00,TMĐT - Tiki,NV04,Đang xử lý
DH004398,KH0156,2026-06-15 22:54:00,Showroom,NV21,Đã hủy
DH009309,KH0442,2026-06-15 23:34:00,Showroom,NV22,Đang xử lý
DH011848,KH0447,2026-06-15 23:37:00,Đại lý,NV16,Đã giao
DH006384,KH0241,2026-06-15 23:47:00,Bán lẻ trực tiếp,NV08,Đã giao
DH003281,KH0012,2026-06-15 23:53:00,TMĐT - Lazada,NV13,Đã giao
DH001711,KH0391,2026-06-16 00:11:00,TMĐT - Lazada,NV11,Đã giao
DH007511,KH0002,2026-06-16 03:09:00,TMĐT - Tiki,NV28,Đã giao
DH005380,KH0442,2026-06-16 03:17:00,Đại lý,NV18,Đã hủy
DH001705,KH0311,2026-06-16 03:21:00,TMĐT - Tiki,NV30,Đã giao
DH003660,KH0391,2026-06-16 05:22:00,Showroom,NV19,Đang xử lý
DH007588,KH0447,2026-06-16 06:04:00,Đại lý,NV02,Đang xử lý
DH005056,KH0297,2026-06-16 06:12:00,Đại lý,NV02,Đã giao
DH007211,KH0034,2026-06-16 06:24:00,TMĐT - Lazada,NV06,Mới
DH003603,KH0070,2026-06-16 11:37:00,TMĐT - Lazada,NV09,Đã giao
DH001224,KH0098,2026-06-16 12:31:00,TMĐT - Shopee,NV20,Đã giao
DH009877,KH0442,2026-06-16 13:17:00,TMĐT - Lazada,NV02,Đã giao
DH002755,KH0391,2026-06-16 15:02:00,TMĐT - Shopee,NV17,Đã giao
DH000155,KH0252,2026-06-16 15:34:00,Showroom,NV07,Đã giao
DH006885,KH0283,2026-06-16 16:18:00,Bán lẻ trực tiếp,NV19,Đã giao
DH000899,KH0280,2026-06-16 18:24:00,Showroom,NV03,Đã giao
DH002976,KH0070,2026-06-16 19:44:00,TMĐT - Shopee,NV22,Đã giao
DH000326,KH0050,2026-06-16 20:42:00,Bán lẻ trực tiếp,NV20,Đã giao
DH001691,KH0003,2026-06-16 21:53:00,Đại lý,NV20,Đã giao
DH009519,KH0075,2026-06-16 22:15:00,TMĐT - Lazada,NV18,Đã giao
DH002257,KH0390,2026-06-16 22:50:00,Showroom,NV10,Đã giao
DH004869,KH0249,2026-06-16 23:24:00,TMĐT - Lazada,NV17,Đã giao
DH001027,KH0012,2026-06-17 02:22:00,TMĐT - Tiki,NV13,Đã giao
DH011370,KH0103,2026-06-17 03:02:00,Đại lý,NV17,Đã hủy
DH006537,KH0127,2026-06-17 03:51:00,Đại lý,NV15,Đã giao
DH011816,KH0105,2026-06-17 04:15:00,TMĐT - Shopee,NV23,Đang xử lý
DH000124,KH0274,2026-06-17 04:29:00,TMĐT - Tiki,NV05,Đã giao
DH004553,KH0074,2026-06-17 06:15:00,TMĐT - Shopee,NV15,Đã giao
DH004241,KH0412,2026-06-17 10:26:00,Showroom,NV14,Đã giao
DH003523,KH0243,2026-06-17 10:33:00,Showroom,NV23,Trả hàng
DH009248,KH0105,2026-06-17 10:43:00,TMĐT - Shopee,NV09,Đã giao
DH002715,KH0012,2026-06-17 12:59:00,TMĐT - Tiki,NV14,Đã hủy
DH003950,KH0400,2026-06-17 15:31:00,Showroom,NV15,Đã giao
DH005890,KH0442,2026-06-17 15:48:00,TMĐT - Shopee,NV19,Đã giao
DH004184,KH0160,2026-06-17 16:03:00,Bán lẻ trực tiếp,NV24,Đã giao
DH006172,KH0072,2026-06-17 17:40:00,Đại lý,NV17,Đang xử lý
DH005697,KH0175,2026-06-17 18:14:00,TMĐT - Shopee,NV18,Đã giao
DH005428,KH0397,2026-06-17 19:31:00,Showroom,NV19,Mới
DH001567,KH0413,2026-06-17 20:48:00,Showroom,NV25,Mới
DH011552,KH0035,2026-06-18 02:40:00,Showroom,NV21,Đã giao
DH001597,KH0265,2026-06-18 03:09:00,Bán lẻ trực tiếp,NV30,Đã giao
DH006142,KH0031,2026-06-18 04:05:00,TMĐT - Lazada,NV19,Đã hủy
DH008350,KH0306,2026-06-18 08:39:00,Đại lý,NV13,Đã giao
DH004846,KH0368,2026-06-18 11:32:00,Đại lý,NV28,Đã giao
DH009964,KH0179,2026-06-18 12:45:00,TMĐT - Tiki,NV05,Đã hủy
DH000467,KH0396,2026-06-18 13:13:00,TMĐT - Tiki,NV16,Đã giao
DH011186,KH0054,2026-06-18 13:40:00,Đại lý,NV22,Đã giao
DH004249,KH0365,2026-06-18 19:53:00,Showroom,NV24,Đang xử lý
DH004426,KH0220,2026-06-18 20:12:00,Đại lý,NV19,Đã giao
DH007530,KH0035,2026-06-18 21:54:00,Showroom,NV07,Đã giao
DH000639,KH0158,2026-06-18 22:04:00,TMĐT - Shopee,NV21,Đã giao
DH007192,KH0094,2026-06-19 00:41:00,TMĐT - Tiki,NV29,Đang xử lý
DH006540,KH0384,2026-06-19 00:55:00,Bán lẻ trực tiếp,NV13,Đã giao
DH003504,KH0249,2026-06-19 03:08:00,TMĐT - Lazada,NV26,Trả hàng
DH007905,KH0402,2026-06-19 03:33:00,Đại lý,NV12,Mới
DH008501,KH0136,2026-06-19 04:05:00,Đại lý,NV28,Đã giao
DH006431,KH0002,2026-06-19 05:49:00,Đại lý,NV16,Đã giao
DH002321,KH0081,2026-06-19 06:37:00,Showroom,NV09,Đã giao
DH008295,KH0262,2026-06-19 07:13:00,Showroom,NV18,Trả hàng
DH010666,KH0262,2026-06-19 07:41:00,TMĐT - Shopee,NV13,Đã giao
DH008931,KH0009,2026-06-19 07:54:00,TMĐT - Lazada,NV08,Trả hàng
DH009605,KH0428,2026-06-19 08:26:00,TMĐT - Lazada,NV16,Đã giao
DH007159,KH0262,2026-06-19 08:28:00,Đại lý,NV28,Đã giao
DH000748,KH0056,2026-06-19 09:31:00,Bán lẻ trực tiếp,NV06,Đã hủy
DH011855,KH0008,2026-06-19 11:01:00,TMĐT - Lazada,NV13,Đã giao
DH002120,KH0447,2026-06-19 11:17:00,TMĐT - Shopee,NV04,Đã giao
DH000333,KH0406,2026-06-19 14:12:00,Showroom,NV26,Đã giao
DH000373,KH0155,2026-06-19 15:45:00,Đại lý,NV15,Đã giao
DH006274,KH0026,2026-06-19 16:30:00,Bán lẻ trực tiếp,NV21,Đã giao
DH000069,KH0220,2026-06-19 17:43:00,Đại lý,NV03,Trả hàng
DH010264,KH0368,2026-06-19 18:09:00,Bán lẻ trực tiếp,NV27,Đã giao
DH011835,KH0183,2026-06-19 18:47:00,TMĐT - Lazada,NV30,Đã giao
DH006369,KH0252,2026-06-19 18:58:00,TMĐT - Tiki,NV13,Đã giao
DH000192,KH0227,2026-06-19 19:22:00,Showroom,NV22,Đã giao
DH001674,KH0171,2026-06-19 20:00:00,Bán lẻ trực tiếp,NV08,Đã giao
DH004256,KH0128,2026-06-19 21:45:00,TMĐT - Shopee,NV03,Đã giao
DH004466,KH0184,2026-06-19 22:55:00,TMĐT - Lazada,NV27,Đã giao
DH003172,KH0012,2026-06-19 23:36:00,Đại lý,NV19,Đã hủy
DH007959,KH0140,2026-06-20 01:03:00,TMĐT - Lazada,NV14,Đã giao
DH000520,KH0326,2026-06-20 05:53:00,TMĐT - Tiki,NV17,Đã giao
DH010413,KH0186,2026-06-20 06:02:00,TMĐT - Tiki,NV14,Đã giao
DH002266,KH0074,2026-06-20 06:05:00,TMĐT - Shopee,NV08,Đã giao
DH004975,KH0268,2026-06-20 09:21:00,Bán lẻ trực tiếp,NV29,Đã giao
DH008824,KH0081,2026-06-20 14:10:00,TMĐT - Shopee,NV28,Đã giao
DH008251,KH0249,2026-06-20 15:53:00,TMĐT - Lazada,NV28,Đã giao
DH006976,KH0316,2026-06-20 18:17:00,Đại lý,NV15,Đã giao
DH008097,KH0382,2026-06-20 19:02:00,Bán lẻ trực tiếp,NV06,Trả hàng
DH011035,KH0070,2026-06-20 22:48:00,TMĐT - Lazada,NV26,Mới
DH007859,KH0314,2026-06-20 23:20:00,Bán lẻ trực tiếp,NV08,Mới
DH003710,KH0246,2026-06-20 23:55:00,Đại lý,NV21,Trả hàng
DH003042,KH0337,2026-06-21 00:59:00,Bán lẻ trực tiếp,NV11,Đã giao
DH000518,KH0035,2026-06-21 01:57:00,Đại lý,NV13,Đã giao
DH009719,KH0404,2026-06-21 03:36:00,TMĐT - Tiki,NV24,Đã giao
DH006118,KH0389,2026-06-21 06:16:00,Showroom,NV20,Trả hàng
DH011489,KH0192,2026-06-21 08:53:00,TMĐT - Tiki,NV14,Đã giao
DH011357,KH0360,2026-06-21 11:56:00,TMĐT - Tiki,NV11,Trả hàng
DH011850,KH0272,2026-06-21 12:35:00,TMĐT - Tiki,NV05,Đang xử lý
DH011962,KH0012,2026-06-21 12:44:00,TMĐT - Lazada,NV01,Đã giao
DH010030,KH0183,2026-06-21 12:54:00,TMĐT - Shopee,NV16,Trả hàng
DH008379,KH0442,2026-06-21 13:01:00,TMĐT - Tiki,NV11,Đã giao
DH003148,KH0391,2026-06-21 14:07:00,TMĐT - Lazada,NV07,Đang xử lý
DH003776,KH0447,2026-06-21 15:35:00,Showroom,NV23,Đã giao
DH005252,KH0446,2026-06-21 16:22:00,TMĐT - Shopee,NV12,Đã giao
DH009453,KH0412,2026-06-21 17:30:00,Đại lý,NV30,Đã giao
DH010713,KH0273,2026-06-21 17:43:00,TMĐT - Shopee,NV30,Đã giao
DH004787,KH0179,2026-06-21 20:48:00,Bán lẻ trực tiếp,NV07,Đã giao
DH007477,KH0147,2026-06-21 22:05:00,Bán lẻ trực tiếp,NV04,Trả hàng
DH001505,KH0114,2026-06-22 00:44:00,Showroom,NV19,Đã giao
DH004138,KH0442,2026-06-22 02:47:00,TMĐT - Tiki,NV19,Đã giao
DH003653,KH0311,2026-06-22 04:12:00,Bán lẻ trực tiếp,NV12,Đã giao
DH007257,KH0397,2026-06-22 05:04:00,Bán lẻ trực tiếp,NV10,Đã giao
DH006363,KH0262,2026-06-22 06:12:00,Đại lý,NV07,Đã giao
DH003377,KH0155,2026-06-22 10:26:00,Đại lý,NV27,Đã giao
DH001293,KH0391,2026-06-22 11:01:00,TMĐT - Shopee,NV09,Đã giao
DH000016,KH0262,2026-06-22 11:09:00,Đại lý,NV18,Đã giao
DH007429,KH0221,2026-06-22 14:14:00,Đại lý,NV09,Đã giao
DH009829,KH0141,2026-06-22 14:27:00,TMĐT - Tiki,NV24,Đã giao
DH001780,KH0160,2026-06-22 17:13:00,TMĐT - Shopee,NV15,Đã hủy
DH007958,KH0402,2026-06-22 18:49:00,Đại lý,NV22,Đã giao
DH011232,KH0447,2026-06-22 21:14:00,Bán lẻ trực tiếp,NV24,Đã giao
DH004949,KH0257,2026-06-22 22:50:00,TMĐT - Tiki,NV14,Đã giao
DH010782,KH0279,2026-06-23 00:39:00,TMĐT - Shopee,NV28,Đã giao
DH007014,KH0241,2026-06-23 02:42:00,Đại lý,NV22,Đã giao
DH010445,KH0262,2026-06-23 03:37:00,TMĐT - Tiki,NV15,Đã giao
DH001927,KH0137,2026-06-23 04:12:00,TMĐT - Lazada,NV20,Đã giao
DH003017,KH0436,2026-06-23 04:17:00,Đại lý,NV23,Đã giao
DH005743,KH0399,2026-06-23 04:57:00,Showroom,NV05,Đã giao
DH002586,KH0070,2026-06-23 05:44:00,TMĐT - Shopee,NV13,Đã hủy
DH003568,KH0367,2026-06-23 05:57:00,TMĐT - Shopee,NV20,Đang xử lý
DH004570,KH0179,2026-06-23 06:24:00,Showroom,NV20,Đã giao
DH007131,KH0013,2026-06-23 09:46:00,Showroom,NV21,Đã giao
DH008593,KH0315,2026-06-23 10:06:00,Bán lẻ trực tiếp,NV20,Đã giao
DH008293,KH0227,2026-06-23 11:32:00,Đại lý,NV28,Đã giao
DH006761,KH0140,2026-06-23 12:56:00,TMĐT - Shopee,NV04,Đã giao
DH011705,KH0421,2026-06-23 14:06:00,Bán lẻ trực tiếp,NV01,Đã giao
DH006485,KH0135,2026-06-23 18:31:00,Showroom,NV10,Đã giao
DH004229,KH0048,2026-06-23 22:55:00,Đại lý,NV13,Đã giao
DH011749,KH0374,2026-06-24 02:01:00,Đại lý,NV03,Mới
DH006859,KH0295,2026-06-24 02:28:00,TMĐT - Lazada,NV08,Đã giao
DH001249,KH0192,2026-06-24 02:42:00,Bán lẻ trực tiếp,NV06,Trả hàng
DH011959,KH0262,2026-06-24 03:01:00,Đại lý,NV28,Đã giao
DH003237,KH0248,2026-06-24 03:54:00,Showroom,NV22,Đang xử lý
DH007452,KH0281,2026-06-24 04:14:00,TMĐT - Lazada,NV29,Đang xử lý
DH009952,KH0141,2026-06-24 05:12:00,TMĐT - Tiki,NV11,Đã giao
DH007441,KH0243,2026-06-24 05:27:00,Đại lý,NV12,Đang xử lý
DH005679,KH0268,2026-06-24 06:13:00,Showroom,NV28,Đã giao
DH001751,KH0070,2026-06-24 06:58:00,Đại lý,NV13,Đã giao
DH003120,KH0447,2026-06-24 07:52:00,Bán lẻ trực tiếp,NV03,Đã giao
DH009194,KH0390,2026-06-24 08:11:00,TMĐT - Lazada,NV14,Đã giao
DH006457,KH0035,2026-06-24 10:42:00,TMĐT - Tiki,NV25,Đã giao
DH007697,KH0227,2026-06-24 11:06:00,Bán lẻ trực tiếp,NV04,Đã giao
DH001063,KH0249,2026-06-24 15:24:00,TMĐT - Lazada,NV18,Đã giao
DH008217,KH0344,2026-06-24 16:49:00,TMĐT - Tiki,NV16,Đã giao
DH003469,KH0306,2026-06-24 17:26:00,TMĐT - Shopee,NV18,Đang xử lý
DH006579,KH0070,2026-06-24 20:16:00,Bán lẻ trực tiếp,NV11,Đang xử lý
DH008387,KH0400,2026-06-24 20:22:00,Showroom,NV28,Đã giao
DH010965,KH0155,2026-06-24 21:24:00,TMĐT - Shopee,NV15,Đã giao
DH000381,KH0406,2026-06-24 21:42:00,TMĐT - Tiki,NV11,Đã giao
DH005288,KH0181,2026-06-24 22:35:00,TMĐT - Shopee,NV01,Đã hủy
DH000317,KH0316,2026-06-24 22:36:00,Bán lẻ trực tiếp,NV03,Đã giao
DH010832,KH0412,2026-06-24 23:40:00,Showroom,NV28,Đang xử lý
DH006407,KH0262,2026-06-24 23:55:00,Đại lý,NV06,Đã giao
DH011146,KH0248,2026-06-25 00:25:00,TMĐT - Lazada,NV07,Đã giao
DH007594,KH0012,2026-06-25 00:29:00,TMĐT - Lazada,NV08,Đã giao
DH011751,KH0447,2026-06-25 04:28:00,Bán lẻ trực tiếp,NV01,Trả hàng
DH004761,KH0273,2026-06-25 04:39:00,Đại lý,NV21,Đang xử lý
DH007748,KH0262,2026-06-25 05:12:00,TMĐT - Shopee,NV17,Đã giao
DH001298,KH0179,2026-06-25 05:27:00,Đại lý,NV23,Đã giao
DH002095,KH0065,2026-06-25 06:42:00,TMĐT - Lazada,NV09,Đã giao
DH000177,KH0044,2026-06-25 09:20:00,TMĐT - Shopee,NV21,Đã giao
DH004833,KH0116,2026-06-25 09:31:00,Đại lý,NV21,Đã giao
DH000836,KH0194,2026-06-25 10:07:00,Showroom,NV25,Đã giao
DH004278,KH0359,2026-06-25 11:49:00,TMĐT - Tiki,NV25,Đã giao
DH008022,KH0306,2026-06-25 14:47:00,Bán lẻ trực tiếp,NV26,Đã hủy
DH008576,KH0424,2026-06-25 17:58:00,TMĐT - Lazada,NV23,Đã giao
DH011386,KH0248,2026-06-25 20:26:00,TMĐT - Tiki,NV15,Đã giao
DH004045,KH0248,2026-06-25 22:47:00,TMĐT - Lazada,NV26,Đã giao
DH008828,KH0212,2026-06-25 23:53:00,TMĐT - Lazada,NV25,Đang xử lý
DH001839,KH0396,2026-06-26 01:33:00,TMĐT - Tiki,NV06,Đã giao
DH005502,KH0281,2026-06-26 02:04:00,Bán lẻ trực tiếp,NV08,Đã hủy
DH006480,KH0277,2026-06-26 02:51:00,Đại lý,NV17,Đang xử lý
DH000930,KH0413,2026-06-26 02:53:00,TMĐT - Lazada,NV02,Đang xử lý
DH009021,KH0446,2026-06-26 03:37:00,Bán lẻ trực tiếp,NV14,Đã giao
DH006777,KH0262,2026-06-26 04:19:00,TMĐT - Tiki,NV21,Đã giao
DH002059,KH0122,2026-06-26 04:24:00,Bán lẻ trực tiếp,NV19,Đã giao
DH011994,KH0306,2026-06-26 06:35:00,TMĐT - Lazada,NV07,Đã giao
DH006697,KH0242,2026-06-26 07:17:00,TMĐT - Shopee,NV16,Trả hàng
DH005338,KH0035,2026-06-26 08:06:00,Bán lẻ trực tiếp,NV21,Đã giao
DH005132,KH0051,2026-06-26 08:59:00,TMĐT - Tiki,NV13,Đã giao
DH000314,KH0036,2026-06-26 10:34:00,TMĐT - Lazada,NV14,Đã giao
DH006871,KH0089,2026-06-26 12:15:00,Showroom,NV06,Đã giao
DH001106,KH0155,2026-06-26 14:03:00,TMĐT - Tiki,NV14,Mới
DH007010,KH0034,2026-06-26 14:23:00,Bán lẻ trực tiếp,NV13,Đã giao
DH010380,KH0072,2026-06-26 18:40:00,TMĐT - Tiki,NV29,Đã giao
DH008255,KH0070,2026-06-26 19:42:00,TMĐT - Tiki,NV21,Đã giao
DH007153,KH0199,2026-06-26 22:58:00,Showroom,NV09,Đã giao
DH006050,KH0141,2026-06-27 00:03:00,TMĐT - Lazada,NV13,Đã giao
DH009114,KH0442,2026-06-27 01:37:00,Đại lý,NV30,Đã giao
DH002208,KH0100,2026-06-27 01:59:00,Đại lý,NV22,Đã giao
DH005761,KH0338,2026-06-27 06:08:00,TMĐT - Shopee,NV17,Đang xử lý
DH004472,KH0056,2026-06-27 06:52:00,Showroom,NV28,Đã giao
DH011530,KH0314,2026-06-27 07:04:00,TMĐT - Lazada,NV12,Đã giao
DH001841,KH0035,2026-06-27 09:48:00,Bán lẻ trực tiếp,NV26,Mới
DH002611,KH0227,2026-06-27 11:01:00,Đại lý,NV22,Đã giao
DH004046,KH0155,2026-06-27 13:56:00,Bán lẻ trực tiếp,NV08,Đang xử lý
DH010918,KH0024,2026-06-27 14:11:00,TMĐT - Lazada,NV03,Đã giao
DH005983,KH0155,2026-06-27 17:41:00,Bán lẻ trực tiếp,NV18,Đã giao
DH011550,KH0155,2026-06-27 19:44:00,TMĐT - Lazada,NV16,Đã giao
DH003848,KH0413,2026-06-27 23:49:00,Bán lẻ trực tiếp,NV11,Đã giao
DH000599,KH0271,2026-06-28 06:37:00,TMĐT - Tiki,NV08,Đang xử lý
DH008997,KH0026,2026-06-28 07:25:00,TMĐT - Shopee,NV25,Đã giao
DH000766,KH0012,2026-06-28 08:10:00,TMĐT - Tiki,NV24,Đã giao
DH006219,KH0070,2026-06-28 08:50:00,Đại lý,NV11,Đã giao
DH000345,KH0325,2026-06-28 09:55:00,TMĐT - Lazada,NV12,Đang xử lý
DH008236,KH0281,2026-06-28 14:57:00,Showroom,NV01,Đã giao
DH003198,KH0314,2026-06-28 15:08:00,Đại lý,NV17,Đã giao
DH003885,KH0227,2026-06-28 16:25:00,TMĐT - Lazada,NV12,Đã giao
DH000219,KH0051,2026-06-28 17:57:00,TMĐT - Lazada,NV10,Trả hàng
DH004092,KH0447,2026-06-28 20:19:00,TMĐT - Shopee,NV27,Đã giao
DH006171,KH0423,2026-06-28 23:39:00,Showroom,NV13,Đã giao
DH005236,KH0280,2026-06-29 01:25:00,Showroom,NV25,Đã giao
DH005366,KH0117,2026-06-29 02:59:00,TMĐT - Shopee,NV12,Đã giao
DH000596,KH0035,2026-06-29 05:36:00,TMĐT - Lazada,NV16,Mới
DH010156,KH0246,2026-06-29 06:26:00,TMĐT - Shopee,NV26,Trả hàng
DH003593,KH0200,2026-06-29 06:47:00,Đại lý,NV08,Đã giao
DH008209,KH0183,2026-06-29 07:53:00,TMĐT - Tiki,NV11,Đang xử lý
DH004865,KH0070,2026-06-29 08:13:00,TMĐT - Lazada,NV18,Đã giao
DH008621,KH0248,2026-06-29 09:41:00,Đại lý,NV25,Đã hủy
DH000056,KH0394,2026-06-29 12:56:00,Bán lẻ trực tiếp,NV26,Mới
DH005722,KH0200,2026-06-29 13:06:00,Showroom,NV26,Đã giao
DH011033,KH0052,2026-06-29 13:54:00,TMĐT - Tiki,NV23,Đã giao
DH005684,KH0262,2026-06-29 14:57:00,TMĐT - Lazada,NV20,Đã giao
DH006064,KH0162,2026-06-29 15:28:00,Bán lẻ trực tiếp,NV12,Đã giao
DH011677,KH0070,2026-06-29 19:55:00,TMĐT - Lazada,NV27,Đã giao
DH001315,KH0063,2026-06-29 20:25:00,TMĐT - Lazada,NV11,Đã hủy
DH011718,KH0227,2026-06-29 20:27:00,Bán lẻ trực tiếp,NV26,Đã giao
DH001539,KH0141,2026-06-29 22:04:00,Showroom,NV05,Đã giao
DH007102,KH0327,2026-06-29 23:23:00,TMĐT - Shopee,NV11,Đã giao
DH000410,KH0442,2026-06-30 04:53:00,TMĐT - Tiki,NV13,Đã giao
DH006656,KH0091,2026-06-30 05:32:00,Showroom,NV16,Đã giao
DH008194,KH0276,2026-06-30 05:37:00,TMĐT - Shopee,NV16,Đang xử lý
DH010338,KH0409,2026-06-30 07:20:00,Đại lý,NV16,Đã hủy
DH010823,KH0201,2026-06-30 08:08:00,Bán lẻ trực tiếp,NV22,Đang xử lý
DH004304,KH0326,2026-06-30 12:06:00,Đại lý,NV18,Đã giao
DH009442,KH0013,2026-06-30 12:09:00,Đại lý,NV11,Đã giao
DH004953,KH0391,2026-06-30 12:33:00,TMĐT - Lazada,NV21,Đang xử lý
DH004037,KH0377,2026-06-30 14:39:00,Showroom,NV25,Đã giao
DH007260,KH0074,2026-06-30 15:46:00,TMĐT - Tiki,NV12,Đang xử lý
DH008710,KH0141,2026-06-30 15:52:00,Đại lý,NV11,Đã giao
DH008175,KH0009,2026-06-30 17:04:00,TMĐT - Tiki,NV23,Đã giao
DH006625,KH0070,2026-06-30 17:51:00,TMĐT - Lazada,NV12,Mới
DH002638,KH0035,2026-06-30 20:45:00,TMĐT - Lazada,NV21,Đã hủy
DH004890,KH0293,2026-06-30 20:47:00,TMĐT - Shopee,NV12,Đang xử lý
DH005854,KH0088,2026-06-30 23:01:00,TMĐT - Shopee,NV08,Đã giao
DH010937,KH0167,2026-06-30 23:48:00,Bán lẻ trực tiếp,NV11,Đã giao
DH005131,KH0141,2026-07-01 02:12:00,Showroom,NV11,Đã giao
DH009166,KH0008,2026-07-01 02:53:00,Bán lẻ trực tiếp,NV24,Mới
DH009102,KH0158,2026-07-01 02:54:00,TMĐT - Lazada,NV27,Đã giao
DH011116,KH0405,2026-07-01 02:58:00,TMĐT - Tiki,NV30,Đang xử lý
DH006648,KH0306,2026-07-01 08:34:00,Bán lẻ trực tiếp,NV24,Đã giao
DH011024,KH0436,2026-07-01 10:05:00,Đại lý,NV22,Đã giao
DH004759,KH0314,2026-07-01 10:32:00,TMĐT - Lazada,NV03,Đã giao
DH007171,KH0262,2026-07-01 12:18:00,TMĐT - Shopee,NV10,Đã giao
DH005016,KH0365,2026-07-01 12:49:00,TMĐT - Lazada,NV05,Đang xử lý
DH001229,KH0173,2026-07-01 13:36:00,Bán lẻ trực tiếp,NV14,Mới
DH000243,KH0280,2026-07-01 15:57:00,Showroom,NV24,Đang xử lý
DH007035,KH0028,2026-07-01 18:09:00,Đại lý,NV15,Đã giao
DH006439,KH0409,2026-07-01 18:26:00,TMĐT - Tiki,NV30,Đã giao
DH002080,KH0290,2026-07-01 18:36:00,TMĐT - Shopee,NV22,Đang xử lý
DH001697,KH0056,2026-07-01 18:50:00,Đại lý,NV28,Đã giao
DH004518,KH0179,2026-07-01 19:46:00,Bán lẻ trực tiếp,NV14,Đã giao
DH008548,KH0421,2026-07-01 19:52:00,Showroom,NV15,Mới
DH000439,KH0323,2026-07-01 21:00:00,TMĐT - Tiki,NV11,Đã hủy
DH008678,KH0402,2026-07-01 21:27:00,TMĐT - Tiki,NV04,Đã giao
DH004698,KH0183,2026-07-01 23:43:00,TMĐT - Lazada,NV05,Đã giao
DH011038,KH0447,2026-07-02 01:46:00,TMĐT - Lazada,NV14,Đã giao
DH005744,KH0193,2026-07-02 07:47:00,Showroom,NV26,Đã hủy
DH008976,KH0311,2026-07-02 08:16:00,Đại lý,NV17,Đã giao
DH008163,KH0338,2026-07-02 10:14:00,TMĐT - Tiki,NV11,Đã giao
DH001897,KH0116,2026-07-02 11:40:00,TMĐT - Shopee,NV08,Đã giao
DH006649,KH0222,2026-07-02 13:30:00,Showroom,NV23,Đang xử lý
DH001449,KH0044,2026-07-02 15:17:00,Đại lý,NV02,Đã giao
DH011401,KH0229,2026-07-02 15:58:00,Đại lý,NV16,Đã giao
DH001264,KH0272,2026-07-02 17:17:00,Đại lý,NV05,Đã giao
DH007671,KH0391,2026-07-02 18:21:00,Đại lý,NV08,Đã hủy
DH006666,KH0117,2026-07-02 18:22:00,TMĐT - Tiki,NV28,Đã giao
DH003549,KH0316,2026-07-02 18:52:00,TMĐT - Shopee,NV21,Đang xử lý
DH002313,KH0325,2026-07-02 22:12:00,TMĐT - Tiki,NV20,Mới
DH010591,KH0138,2026-07-02 22:19:00,Bán lẻ trực tiếp,NV13,Đã hủy
DH009991,KH0233,2026-07-02 22:52:00,TMĐT - Lazada,NV21,Đã giao
DH001791,KH0447,2026-07-03 00:26:00,Showroom,NV24,Đã giao
DH001349,KH0012,2026-07-03 01:27:00,Đại lý,NV04,Đã giao
DH001285,KH0448,2026-07-03 08:23:00,TMĐT - Tiki,NV06,Đã giao
DH010690,KH0265,2026-07-03 09:21:00,TMĐT - Tiki,NV05,Đang xử lý
DH005773,KH0341,2026-07-03 10:10:00,Bán lẻ trực tiếp,NV16,Mới
DH001580,KH0053,2026-07-03 10:12:00,TMĐT - Lazada,NV09,Đã giao
DH000660,KH0243,2026-07-03 12:57:00,Bán lẻ trực tiếp,NV30,Đã giao
DH000242,KH0135,2026-07-03 14:32:00,TMĐT - Shopee,NV26,Đang xử lý
DH003350,KH0116,2026-07-03 15:35:00,TMĐT - Shopee,NV13,Đã giao
DH001057,KH0248,2026-07-04 00:45:00,TMĐT - Shopee,NV21,Đã giao
DH006575,KH0140,2026-07-04 01:28:00,TMĐT - Shopee,NV02,Đã giao
DH007933,KH0402,2026-07-04 02:30:00,TMĐT - Shopee,NV07,Đang xử lý
DH001922,KH0389,2026-07-04 02:49:00,TMĐT - Shopee,NV29,Đã giao
DH002932,KH0262,2026-07-04 08:58:00,TMĐT - Tiki,NV07,Mới
DH004369,KH0347,2026-07-04 10:05:00,TMĐT - Tiki,NV01,Đã giao
DH001424,KH0249,2026-07-04 10:09:00,TMĐT - Tiki,NV11,Đã hủy
DH000305,KH0012,2026-07-04 10:35:00,TMĐT - Lazada,NV27,Đã giao
DH003860,KH0081,2026-07-04 10:41:00,TMĐT - Lazada,NV27,Đã giao
DH008479,KH0199,2026-07-04 12:02:00,TMĐT - Shopee,NV25,Đã giao
DH001127,KH0337,2026-07-04 12:23:00,Bán lẻ trực tiếp,NV12,Đã giao
DH001111,KH0015,2026-07-04 15:02:00,Showroom,NV29,Đã giao
DH004217,KH0160,2026-07-04 16:19:00,Đại lý,NV10,Đã hủy
DH008282,KH0391,2026-07-04 16:45:00,Bán lẻ trực tiếp,NV30,Đã giao
DH011499,KH0259,2026-07-04 17:39:00,Bán lẻ trực tiếp,NV25,Đã giao
DH003899,KH0068,2026-07-04 20:12:00,TMĐT - Tiki,NV12,Đã giao
DH003335,KH0070,2026-07-04 22:50:00,Bán lẻ trực tiếp,NV25,Đã giao
DH002659,KH0070,2026-07-04 22:51:00,TMĐT - Lazada,NV24,Đã giao
DH000569,KH0446,2026-07-04 23:03:00,TMĐT - Tiki,NV23,Đang xử lý
DH010975,KH0135,2026-07-05 02:37:00,TMĐT - Shopee,NV06,Đã giao
DH000287,KH0248,2026-07-05 02:52:00,Bán lẻ trực tiếp,NV03,Đã giao
DH005342,KH0391,2026-07-05 03:44:00,TMĐT - Tiki,NV27,Đã giao
DH010718,KH0391,2026-07-05 04:12:00,Showroom,NV29,Đã giao
DH008657,KH0365,2026-07-05 04:15:00,TMĐT - Lazada,NV09,Đã giao
DH006602,KH0445,2026-07-05 06:31:00,TMĐT - Tiki,NV10,Đã giao
DH004136,KH0257,2026-07-05 07:32:00,TMĐT - Shopee,NV23,Đã giao
DH003666,KH0034,2026-07-05 10:48:00,TMĐT - Shopee,NV07,Đã giao
DH000331,KH0087,2026-07-05 14:34:00,TMĐT - Shopee,NV03,Đang xử lý
DH010878,KH0442,2026-07-05 14:50:00,Đại lý,NV27,Đã giao
DH003344,KH0090,2026-07-05 15:52:00,Bán lẻ trực tiếp,NV25,Đã hủy
DH001039,KH0278,2026-07-05 19:43:00,TMĐT - Tiki,NV13,Đã giao
DH002098,KH0120,2026-07-06 00:35:00,TMĐT - Lazada,NV05,Đã giao
DH007849,KH0227,2026-07-06 00:55:00,TMĐT - Lazada,NV25,Đã giao
DH002061,KH0359,2026-07-06 01:06:00,Bán lẻ trực tiếp,NV12,Đã giao
DH011335,KH0249,2026-07-06 03:37:00,Bán lẻ trực tiếp,NV19,Đã giao
DH007670,KH0377,2026-07-06 04:14:00,Đại lý,NV06,Đã giao
DH006281,KH0363,2026-07-06 04:59:00,Bán lẻ trực tiếp,NV22,Đã giao
DH009714,KH0402,2026-07-06 07:47:00,TMĐT - Shopee,NV19,Đã giao
DH005706,KH0017,2026-07-06 07:47:00,Showroom,NV02,Đã giao
DH010637,KH0442,2026-07-06 07:54:00,Đại lý,NV13,Trả hàng
DH006208,KH0089,2026-07-06 08:57:00,TMĐT - Shopee,NV19,Đã giao
DH006843,KH0012,2026-07-06 09:08:00,TMĐT - Lazada,NV11,Đã giao
DH009485,KH0384,2026-07-06 10:14:00,TMĐT - Lazada,NV18,Đã giao
DH006554,KH0145,2026-07-06 11:34:00,Đại lý,NV17,Đã giao
DH006386,KH0054,2026-07-06 12:18:00,Bán lẻ trực tiếp,NV16,Trả hàng
DH008467,KH0306,2026-07-06 12:39:00,Showroom,NV09,Đã giao
DH001413,KH0229,2026-07-06 13:01:00,TMĐT - Shopee,NV22,Mới
DH001655,KH0391,2026-07-06 14:14:00,Bán lẻ trực tiếp,NV24,Đã giao
DH000418,KH0072,2026-07-06 14:25:00,Showroom,NV22,Đã giao
DH005750,KH0246,2026-07-06 17:56:00,TMĐT - Lazada,NV18,Đã giao
DH007826,KH0447,2026-07-06 19:20:00,Showroom,NV06,Đã giao
DH010702,KH0120,2026-07-06 21:30:00,TMĐT - Lazada,NV18,Đã giao
DH007217,KH0105,2026-07-06 21:36:00,TMĐT - Lazada,NV13,Đang xử lý
DH000688,KH0204,2026-07-06 22:44:00,Showroom,NV01,Đã giao
DH009458,KH0396,2026-07-06 23:50:00,Bán lẻ trực tiếp,NV01,Đang xử lý
DH003349,KH0141,2026-07-07 00:27:00,TMĐT - Tiki,NV30,Đã hủy
DH009768,KH0244,2026-07-07 02:26:00,TMĐT - Lazada,NV16,Đã giao
DH007929,KH0248,2026-07-07 03:18:00,TMĐT - Shopee,NV20,Đang xử lý
DH007164,KH0408,2026-07-07 04:29:00,TMĐT - Lazada,NV14,Đã giao
DH003525,KH0278,2026-07-07 05:40:00,Bán lẻ trực tiếp,NV23,Đã giao
DH007858,KH0374,2026-07-07 05:56:00,Showroom,NV22,Đã giao
DH008928,KH0161,2026-07-07 06:11:00,TMĐT - Lazada,NV01,Đang xử lý
DH009689,KH0051,2026-07-07 07:37:00,TMĐT - Shopee,NV15,Đã giao
DH010897,KH0002,2026-07-07 08:22:00,TMĐT - Shopee,NV25,Đã giao
DH010784,KH0194,2026-07-07 08:43:00,Showroom,NV22,Đã giao
DH009449,KH0051,2026-07-07 09:07:00,TMĐT - Tiki,NV27,Đã giao
DH009747,KH0325,2026-07-07 09:31:00,Bán lẻ trực tiếp,NV29,Đã giao
DH003317,KH0051,2026-07-07 09:36:00,TMĐT - Shopee,NV08,Đã giao
DH006652,KH0249,2026-07-07 12:36:00,TMĐT - Tiki,NV13,Đang xử lý
DH003617,KH0406,2026-07-07 14:16:00,Đại lý,NV30,Đã giao
DH004781,KH0141,2026-07-07 16:51:00,Bán lẻ trực tiếp,NV29,Đã giao
DH006181,KH0114,2026-07-07 17:49:00,TMĐT - Tiki,NV03,Đã giao
DH005886,KH0332,2026-07-08 01:56:00,TMĐT - Shopee,NV01,Đã giao
DH001808,KH0382,2026-07-08 02:42:00,Bán lẻ trực tiếp,NV15,Đã hủy
DH005173,KH0051,2026-07-08 03:54:00,Showroom,NV14,Đã giao
DH005269,KH0119,2026-07-08 04:01:00,TMĐT - Shopee,NV02,Đã giao
DH009483,KH0140,2026-07-08 09:31:00,TMĐT - Tiki,NV17,Đã giao
DH005452,KH0053,2026-07-08 10:53:00,TMĐT - Tiki,NV21,Đã giao
DH007501,KH0391,2026-07-08 13:27:00,Showroom,NV20,Đang xử lý
DH005812,KH0241,2026-07-08 13:38:00,Đại lý,NV06,Đang xử lý
DH010574,KH0210,2026-07-08 14:35:00,Đại lý,NV04,Đã giao
DH002641,KH0341,2026-07-08 16:18:00,TMĐT - Tiki,NV17,Đã giao
DH007795,KH0447,2026-07-08 17:55:00,Đại lý,NV28,Đã giao
DH005105,KH0012,2026-07-08 18:12:00,TMĐT - Tiki,NV11,Đã giao
DH010903,KH0045,2026-07-08 18:41:00,Bán lẻ trực tiếp,NV07,Đang xử lý
DH005458,KH0142,2026-07-09 00:33:00,Đại lý,NV01,Đã giao
DH006053,KH0391,2026-07-09 02:18:00,Đại lý,NV02,Đã giao
DH011631,KH0442,2026-07-09 05:47:00,Bán lẻ trực tiếp,NV28,Đã giao
DH008242,KH0368,2026-07-09 06:27:00,Bán lẻ trực tiếp,NV02,Đã giao
DH009196,KH0002,2026-07-09 07:20:00,TMĐT - Tiki,NV26,Đã giao
DH004465,KH0445,2026-07-09 13:43:00,TMĐT - Shopee,NV05,Đã giao
DH011462,KH0138,2026-07-09 17:14:00,Bán lẻ trực tiếp,NV11,Đã giao
DH008059,KH0173,2026-07-09 17:53:00,TMĐT - Lazada,NV12,Mới
DH006814,KH0243,2026-07-09 22:06:00,Showroom,NV05,Đã giao
DH008590,KH0061,2026-07-10 02:10:00,TMĐT - Lazada,NV21,Đã giao
DH004588,KH0257,2026-07-10 02:23:00,Bán lẻ trực tiếp,NV05,Đã giao
DH009779,KH0239,2026-07-10 04:40:00,Bán lẻ trực tiếp,NV14,Đang xử lý
DH010967,KH0274,2026-07-10 08:01:00,TMĐT - Lazada,NV20,Đã giao
DH010088,KH0361,2026-07-10 08:26:00,Bán lẻ trực tiếp,NV09,Đã giao
DH007691,KH0391,2026-07-10 08:36:00,TMĐT - Lazada,NV20,Đã hủy
DH007843,KH0331,2026-07-10 09:19:00,Đại lý,NV05,Đã giao
DH003541,KH0052,2026-07-10 10:06:00,Showroom,NV07,Đã giao
DH011301,KH0051,2026-07-10 11:02:00,Showroom,NV26,Mới
DH003976,KH0359,2026-07-10 13:36:00,Showroom,NV06,Đã giao
DH010837,KH0412,2026-07-10 13:56:00,TMĐT - Lazada,NV30,Đã giao
DH006007,KH0288,2026-07-10 17:46:00,Đại lý,NV06,Trả hàng
DH001566,KH0266,2026-07-10 18:27:00,TMĐT - Tiki,NV21,Đã giao
DH011491,KH0184,2026-07-10 18:39:00,Showroom,NV20,Trả hàng
DH010465,KH0262,2026-07-10 19:07:00,TMĐT - Tiki,NV21,Đã giao
DH006680,KH0442,2026-07-10 20:02:00,Showroom,NV30,Đã giao
DH001749,KH0012,2026-07-10 21:58:00,TMĐT - Lazada,NV08,Đã giao
DH002276,KH0051,2026-07-11 01:11:00,Bán lẻ trực tiếp,NV05,Đã giao
DH004762,KH0046,2026-07-11 02:33:00,TMĐT - Tiki,NV08,Trả hàng
DH009164,KH0447,2026-07-11 10:06:00,Đại lý,NV23,Đã giao
DH001297,KH0086,2026-07-11 10:25:00,Showroom,NV26,Đang xử lý
DH007873,KH0389,2026-07-11 13:13:00,TMĐT - Lazada,NV17,Đã giao
DH006650,KH0442,2026-07-11 15:42:00,Đại lý,NV04,Đang xử lý
DH010341,KH0248,2026-07-11 16:47:00,Đại lý,NV04,Đã giao
DH008281,KH0140,2026-07-11 17:51:00,TMĐT - Shopee,NV24,Đã giao
DH011992,KH0272,2026-07-11 19:31:00,Showroom,NV24,Đã giao
DH006725,KH0140,2026-07-11 20:02:00,TMĐT - Tiki,NV29,Đã giao
DH007081,KH0070,2026-07-11 22:18:00,TMĐT - Tiki,NV21,Đã giao
DH001094,KH0242,2026-07-11 22:33:00,Bán lẻ trực tiếp,NV19,Đã giao
DH001761,KH0272,2026-07-11 23:25:00,Showroom,NV25,Đã giao
DH004003,KH0344,2026-07-11 23:26:00,Bán lẻ trực tiếp,NV14,Đã giao
DH000909,KH0273,2026-07-12 01:42:00,Đại lý,NV17,Đã giao
DH010215,KH0248,2026-07-12 02:07:00,Showroom,NV23,Đã giao
DH011011,KH0070,2026-07-12 04:49:00,Showroom,NV08,Đã giao
DH011241,KH0433,2026-07-12 05:56:00,TMĐT - Tiki,NV11,Đã giao
DH011525,KH0152,2026-07-12 06:50:00,TMĐT - Lazada,NV20,Đã giao
DH002343,KH0151,2026-07-12 07:46:00,Showroom,NV25,Đã giao
DH010210,KH0438,2026-07-12 08:24:00,Đại lý,NV17,Đã giao
DH001340,KH0242,2026-07-12 09:18:00,Đại lý,NV13,Đang xử lý
DH007560,KH0249,2026-07-12 10:16:00,TMĐT - Shopee,NV21,Đã giao
DH011415,KH0036,2026-07-12 13:38:00,Bán lẻ trực tiếp,NV08,Mới
DH002131,KH0383,2026-07-12 18:42:00,Bán lẻ trực tiếp,NV05,Đã giao
DH010171,KH0397,2026-07-12 19:47:00,Bán lẻ trực tiếp,NV27,Đã giao
DH008301,KH0054,2026-07-12 20:18:00,Bán lẻ trực tiếp,NV04,Đã giao
DH009096,KH0108,2026-07-12 23:50:00,Bán lẻ trực tiếp,NV30,Đã giao
DH001183,KH0402,2026-07-13 01:05:00,Đại lý,NV29,Đã giao
DH002553,KH0044,2026-07-13 02:14:00,Đại lý,NV25,Đã giao
DH010306,KH0227,2026-07-13 02:21:00,TMĐT - Tiki,NV06,Đã giao
DH009209,KH0338,2026-07-13 02:34:00,Đại lý,NV11,Đã giao
DH009026,KH0258,2026-07-13 04:27:00,TMĐT - Tiki,NV11,Đã giao
DH004726,KH0183,2026-07-13 05:19:00,Đại lý,NV15,Đã giao
DH000527,KH0447,2026-07-13 10:07:00,Bán lẻ trực tiếp,NV17,Mới
DH006935,KH0155,2026-07-13 14:27:00,Showroom,NV11,Đã giao
DH011582,KH0368,2026-07-13 16:04:00,Bán lẻ trực tiếp,NV05,Đã giao
DH008417,KH0194,2026-07-13 16:27:00,Showroom,NV29,Đã giao
DH006839,KH0273,2026-07-13 17:03:00,TMĐT - Lazada,NV25,Đã giao
DH003444,KH0048,2026-07-13 19:53:00,Bán lẻ trực tiếp,NV11,Đã hủy
DH003906,KH0154,2026-07-13 20:06:00,TMĐT - Shopee,NV15,Đã giao
DH006802,KH0015,2026-07-13 20:21:00,TMĐT - Shopee,NV23,Đã giao
DH006471,KH0442,2026-07-13 20:33:00,TMĐT - Tiki,NV08,Đang xử lý
DH010022,KH0035,2026-07-13 21:06:00,TMĐT - Lazada,NV26,Đã giao
DH008076,KH0246,2026-07-13 21:25:00,TMĐT - Lazada,NV08,Đã giao
DH001077,KH0009,2026-07-13 22:27:00,Bán lẻ trực tiếp,NV11,Đang xử lý
DH004994,KH0262,2026-07-13 23:21:00,Showroom,NV17,Đã giao
DH006526,KH0254,2026-07-14 00:07:00,TMĐT - Shopee,NV09,Đã giao
DH003192,KH0274,2026-07-14 01:37:00,Đại lý,NV21,Đã giao
DH001167,KH0057,2026-07-14 02:58:00,TMĐT - Tiki,NV20,Đã giao
DH006522,KH0242,2026-07-14 05:15:00,TMĐT - Lazada,NV09,Mới
DH004320,KH0367,2026-07-14 05:54:00,TMĐT - Lazada,NV27,Đã giao
DH003535,KH0053,2026-07-14 06:39:00,Bán lẻ trực tiếp,NV16,Đã giao
DH006124,KH0155,2026-07-14 07:55:00,Showroom,NV15,Đang xử lý
DH005999,KH0070,2026-07-14 12:36:00,TMĐT - Lazada,NV27,Đã giao
DH010912,KH0123,2026-07-14 13:35:00,TMĐT - Tiki,NV09,Đã giao
DH004730,KH0403,2026-07-14 13:54:00,TMĐT - Shopee,NV20,Đã giao
DH009296,KH0262,2026-07-14 14:01:00,Bán lẻ trực tiếp,NV07,Đã hủy
DH008929,KH0120,2026-07-14 14:11:00,TMĐT - Shopee,NV11,Đã giao
DH002571,KH0201,2026-07-14 15:13:00,Đại lý,NV16,Mới
DH010234,KH0306,2026-07-14 15:34:00,TMĐT - Lazada,NV09,Đã hủy
DH007194,KH0281,2026-07-14 17:03:00,Đại lý,NV14,Đã giao
DH003110,KH0413,2026-07-14 17:08:00,TMĐT - Shopee,NV09,Đang xử lý
DH000350,KH0012,2026-07-14 17:13:00,Bán lẻ trực tiếp,NV29,Đã giao
DH010771,KH0141,2026-07-14 20:08:00,Showroom,NV18,Đã giao
DH007857,KH0224,2026-07-14 20:42:00,TMĐT - Lazada,NV28,Đã giao
DH011738,KH0110,2026-07-14 23:11:00,Bán lẻ trực tiếp,NV28,Đã giao
DH002949,KH0384,2026-07-15 00:58:00,TMĐT - Shopee,NV15,Mới
DH011987,KH0353,2026-07-15 01:45:00,TMĐT - Lazada,NV09,Đã giao
DH011373,KH0395,2026-07-15 05:04:00,Đại lý,NV10,Đã giao
DH011308,KH0427,2026-07-15 05:38:00,TMĐT - Shopee,NV30,Mới
DH006459,KH0155,2026-07-15 07:12:00,Bán lẻ trực tiếp,NV30,Đã giao
DH001518,KH0367,2026-07-15 10:00:00,Bán lẻ trực tiếp,NV02,Đã giao
DH010868,KH0246,2026-07-15 10:22:00,TMĐT - Shopee,NV08,Đã giao
DH011360,KH0151,2026-07-15 12:03:00,TMĐT - Lazada,NV27,Đã giao
DH010001,KH0420,2026-07-15 13:31:00,Showroom,NV13,Đang xử lý
DH010292,KH0249,2026-07-15 13:50:00,TMĐT - Shopee,NV30,Đã giao
DH005175,KH0406,2026-07-15 14:09:00,TMĐT - Lazada,NV09,Đang xử lý
DH011042,KH0054,2026-07-15 16:07:00,Đại lý,NV12,Đang xử lý
DH009843,KH0155,2026-07-15 16:41:00,Đại lý,NV14,Đã giao
DH011492,KH0281,2026-07-15 19:38:00,TMĐT - Tiki,NV09,Đã giao
DH001018,KH0242,2026-07-15 20:20:00,Bán lẻ trực tiếp,NV28,Đã giao
DH002988,KH0248,2026-07-15 21:39:00,TMĐT - Tiki,NV16,Đã giao
DH000731,KH0073,2026-07-15 23:26:00,TMĐT - Lazada,NV14,Đã giao
DH009064,KH0377,2026-07-16 01:27:00,Showroom,NV02,Đã giao
DH000466,KH0036,2026-07-16 03:09:00,Showroom,NV06,Đang xử lý
DH008106,KH0056,2026-07-16 04:20:00,Đại lý,NV15,Đã giao
DH001928,KH0243,2026-07-16 05:32:00,TMĐT - Shopee,NV16,Đã giao
DH011188,KH0175,2026-07-16 06:27:00,Bán lẻ trực tiếp,NV29,Đã giao
DH004799,KH0396,2026-07-16 11:09:00,Showroom,NV12,Đã giao
DH005036,KH0135,2026-07-16 12:32:00,TMĐT - Tiki,NV02,Đã hủy
DH002462,KH0391,2026-07-16 13:46:00,Bán lẻ trực tiếp,NV03,Đã giao
DH004902,KH0035,2026-07-16 13:53:00,TMĐT - Lazada,NV24,Trả hàng
DH008373,KH0447,2026-07-16 14:00:00,TMĐT - Shopee,NV28,Đã giao
DH006991,KH0015,2026-07-16 16:43:00,TMĐT - Tiki,NV01,Đang xử lý
DH006250,KH0199,2026-07-16 19:30:00,TMĐT - Tiki,NV23,Trả hàng
DH001675,KH0442,2026-07-16 20:32:00,TMĐT - Tiki,NV19,Đã giao
DH006243,KH0095,2026-07-16 21:18:00,TMĐT - Tiki,NV22,Đã giao
DH006383,KH0438,2026-07-16 23:41:00,TMĐT - Tiki,NV14,Đã hủy
DH000627,KH0074,2026-07-17 01:18:00,Đại lý,NV19,Đã giao
DH011012,KH0119,2026-07-17 04:19:00,TMĐT - Tiki,NV29,Đã giao
DH008505,KH0139,2026-07-17 06:25:00,Đại lý,NV01,Đã giao
DH005290,KH0391,2026-07-17 06:40:00,Đại lý,NV05,Đã giao
DH010862,KH0044,2026-07-17 10:04:00,TMĐT - Lazada,NV26,Đã giao
DH006822,KH0193,2026-07-17 12:30:00,TMĐT - Tiki,NV25,Đã giao
DH006119,KH0396,2026-07-17 13:10:00,Đại lý,NV11,Đã giao
DH006043,KH0327,2026-07-17 13:38:00,TMĐT - Tiki,NV03,Đã giao
DH006927,KH0105,2026-07-17 16:59:00,TMĐT - Tiki,NV12,Đang xử lý
DH011899,KH0262,2026-07-17 17:23:00,TMĐT - Shopee,NV03,Đã hủy
DH007079,KH0147,2026-07-17 18:50:00,Bán lẻ trực tiếp,NV28,Đã giao
DH005182,KH0442,2026-07-17 19:24:00,TMĐT - Lazada,NV24,Đã giao
DH006902,KH0255,2026-07-17 21:16:00,TMĐT - Tiki,NV25,Đã giao
DH009795,KH0070,2026-07-17 21:22:00,Bán lẻ trực tiếp,NV16,Đã giao
DH003414,KH0359,2026-07-17 23:45:00,TMĐT - Shopee,NV11,Đã giao
DH003388,KH0018,2026-07-18 00:46:00,TMĐT - Shopee,NV20,Đã giao
DH005959,KH0262,2026-07-18 00:50:00,Bán lẻ trực tiếp,NV07,Đã giao
DH009932,KH0105,2026-07-18 01:08:00,TMĐT - Shopee,NV22,Đã giao
DH006000,KH0062,2026-07-18 01:26:00,Đại lý,NV13,Đã giao
DH001392,KH0248,2026-07-18 01:42:00,Đại lý,NV28,Đã giao
DH008804,KH0104,2026-07-18 02:05:00,Bán lẻ trực tiếp,NV07,Đang xử lý
DH007286,KH0249,2026-07-18 06:39:00,Showroom,NV29,Đã giao
DH004186,KH0089,2026-07-18 07:44:00,Đại lý,NV25,Đã giao
DH007550,KH0352,2026-07-18 10:09:00,TMĐT - Tiki,NV23,Đã giao
DH007948,KH0051,2026-07-18 10:12:00,TMĐT - Shopee,NV17,Đã giao
DH001802,KH0445,2026-07-18 12:27:00,Showroom,NV27,Đã giao
DH008489,KH0306,2026-07-18 13:50:00,TMĐT - Shopee,NV05,Đã giao
DH006002,KH0390,2026-07-18 15:09:00,TMĐT - Shopee,NV24,Đã giao
DH006188,KH0140,2026-07-18 15:24:00,Showroom,NV10,Đã giao
DH009977,KH0412,2026-07-18 16:09:00,TMĐT - Lazada,NV27,Đã giao
DH009303,KH0442,2026-07-18 16:47:00,TMĐT - Lazada,NV24,Đang xử lý
DH011460,KH0229,2026-07-18 17:49:00,TMĐT - Tiki,NV27,Đã giao
DH007085,KH0122,2026-07-18 18:13:00,Đại lý,NV30,Mới
DH000383,KH0442,2026-07-18 18:19:00,TMĐT - Lazada,NV20,Đã giao
DH002620,KH0097,2026-07-18 19:10:00,TMĐT - Tiki,NV11,Đang xử lý
DH000791,KH0193,2026-07-18 22:35:00,Showroom,NV09,Đã giao
DH010581,KH0259,2026-07-19 00:20:00,Showroom,NV19,Đã giao
DH009790,KH0249,2026-07-19 00:53:00,Bán lẻ trực tiếp,NV11,Đang xử lý
DH010665,KH0071,2026-07-19 01:06:00,TMĐT - Shopee,NV19,Đã giao
DH011533,KH0063,2026-07-19 01:48:00,TMĐT - Lazada,NV09,Đã giao
DH009223,KH0391,2026-07-19 03:00:00,Bán lẻ trực tiếp,NV21,Đã giao
DH011324,KH0013,2026-07-19 03:43:00,TMĐT - Lazada,NV14,Đã giao
DH005742,KH0170,2026-07-19 03:50:00,TMĐT - Shopee,NV21,Đã giao
DH010773,KH0113,2026-07-19 04:36:00,Showroom,NV23,Đã giao
DH004709,KH0391,2026-07-19 05:02:00,TMĐT - Lazada,NV24,Đang xử lý
DH011093,KH0262,2026-07-19 05:11:00,TMĐT - Lazada,NV01,Đã giao
DH000394,KH0204,2026-07-19 05:36:00,Showroom,NV25,Đã giao
DH001930,KH0064,2026-07-19 06:11:00,Bán lẻ trực tiếp,NV16,Đã giao
DH000816,KH0179,2026-07-19 06:11:00,Bán lẻ trực tiếp,NV04,Đã hủy
DH005733,KH0097,2026-07-19 06:28:00,TMĐT - Tiki,NV16,Mới
DH004555,KH0195,2026-07-19 06:55:00,TMĐT - Tiki,NV14,Đã giao
DH001917,KH0035,2026-07-19 11:52:00,Showroom,NV13,Đã giao
DH011160,KH0021,2026-07-19 14:23:00,TMĐT - Shopee,NV15,Mới
DH006130,KH0249,2026-07-19 14:47:00,Bán lẻ trực tiếp,NV12,Đã giao
DH003426,KH0230,2026-07-19 15:24:00,TMĐT - Lazada,NV14,Đã giao
DH006576,KH0026,2026-07-19 15:42:00,Bán lẻ trực tiếp,NV11,Đã giao
DH002472,KH0428,2026-07-19 16:19:00,TMĐT - Shopee,NV02,Đang xử lý
DH011719,KH0442,2026-07-19 16:20:00,Đại lý,NV09,Đã giao
DH011686,KH0105,2026-07-19 18:21:00,TMĐT - Lazada,NV15,Đã giao
DH010958,KH0242,2026-07-19 18:40:00,TMĐT - Shopee,NV29,Đã giao
DH010247,KH0052,2026-07-19 21:12:00,TMĐT - Lazada,NV11,Đã giao
DH011828,KH0255,2026-07-19 23:05:00,Showroom,NV23,Đã giao
DH009107,KH0252,2026-07-20 00:50:00,Showroom,NV01,Đã giao
DH004498,KH0062,2026-07-20 01:42:00,TMĐT - Shopee,NV24,Đã giao
DH000552,KH0070,2026-07-20 02:40:00,Đại lý,NV17,Đã hủy
DH002963,KH0227,2026-07-20 03:52:00,TMĐT - Tiki,NV12,Đã hủy
DH001668,KH0181,2026-07-20 04:54:00,TMĐT - Shopee,NV11,Đã giao
DH007348,KH0277,2026-07-20 06:45:00,TMĐT - Tiki,NV17,Đã giao
DH003817,KH0012,2026-07-20 07:10:00,Đại lý,NV17,Đã giao
DH006875,KH0072,2026-07-20 07:20:00,Bán lẻ trực tiếp,NV16,Đã giao
DH009920,KH0070,2026-07-20 08:33:00,Showroom,NV30,Đã giao
DH004496,KH0447,2026-07-20 11:28:00,TMĐT - Shopee,NV10,Đã giao
DH006514,KH0367,2026-07-20 11:58:00,Đại lý,NV14,Đã giao
DH003105,KH0306,2026-07-20 12:43:00,Bán lẻ trực tiếp,NV19,Đã giao
DH003498,KH0051,2026-07-20 12:59:00,Showroom,NV18,Đã hủy
DH004696,KH0447,2026-07-20 13:05:00,TMĐT - Shopee,NV15,Đang xử lý
DH001390,KH0257,2026-07-20 13:24:00,Showroom,NV12,Đã giao
DH009665,KH0071,2026-07-20 15:03:00,Đại lý,NV13,Đã giao
DH005077,KH0314,2026-07-20 16:56:00,Showroom,NV24,Đã giao
DH008905,KH0184,2026-07-20 17:23:00,TMĐT - Tiki,NV04,Đã giao
DH001428,KH0289,2026-07-20 18:15:00,Bán lẻ trực tiếp,NV01,Đã hủy
DH001552,KH0253,2026-07-20 19:06:00,TMĐT - Tiki,NV18,Đã giao
DH001133,KH0170,2026-07-20 21:00:00,Showroom,NV06,Đã giao
DH007142,KH0034,2026-07-21 00:25:00,TMĐT - Lazada,NV02,Đã giao
DH009936,KH0104,2026-07-21 01:51:00,Đại lý,NV29,Đã giao
DH002140,KH0337,2026-07-21 02:23:00,TMĐT - Tiki,NV02,Đã giao
DH003347,KH0412,2026-07-21 02:33:00,TMĐT - Tiki,NV03,Đã giao
DH004038,KH0092,2026-07-21 06:48:00,TMĐT - Shopee,NV06,Đã giao
DH010085,KH0070,2026-07-21 09:51:00,TMĐT - Shopee,NV20,Đã giao
DH009963,KH0113,2026-07-21 11:46:00,TMĐT - Lazada,NV26,Trả hàng
DH004285,KH0227,2026-07-21 12:20:00,TMĐT - Shopee,NV12,Đã giao
DH002631,KH0217,2026-07-21 14:32:00,Showroom,NV21,Đang xử lý
DH003728,KH0038,2026-07-21 15:27:00,Showroom,NV13,Trả hàng
DH006074,KH0402,2026-07-21 15:59:00,TMĐT - Tiki,NV24,Đã giao
DH009076,KH0315,2026-07-21 16:50:00,Đại lý,NV04,Đã giao
DH005990,KH0141,2026-07-21 18:15:00,Showroom,NV06,Đang xử lý
DH006622,KH0039,2026-07-22 00:40:00,TMĐT - Tiki,NV11,Đã giao
DH003819,KH0373,2026-07-22 02:23:00,Showroom,NV17,Đã giao
DH010634,KH0054,2026-07-22 04:39:00,TMĐT - Tiki,NV02,Đã hủy
DH008184,KH0316,2026-07-22 06:59:00,TMĐT - Shopee,NV07,Đã hủy
DH011597,KH0017,2026-07-22 07:11:00,TMĐT - Tiki,NV10,Đã giao
DH009446,KH0075,2026-07-22 07:54:00,TMĐT - Lazada,NV28,Đã giao
DH000960,KH0227,2026-07-22 09:54:00,Đại lý,NV06,Đã giao
DH000426,KH0078,2026-07-22 10:33:00,TMĐT - Lazada,NV17,Đã giao
DH005421,KH0204,2026-07-22 10:58:00,Showroom,NV15,Đã giao
DH009475,KH0281,2026-07-22 11:15:00,Bán lẻ trực tiếp,NV05,Đã giao
DH003534,KH0445,2026-07-22 11:46:00,TMĐT - Tiki,NV09,Đã giao
DH004954,KH0365,2026-07-22 12:14:00,Bán lẻ trực tiếp,NV06,Đã giao
DH011820,KH0383,2026-07-22 13:23:00,TMĐT - Shopee,NV25,Đang xử lý
DH004980,KH0262,2026-07-22 15:02:00,Bán lẻ trực tiếp,NV07,Đã hủy
DH009097,KH0288,2026-07-22 20:25:00,Bán lẻ trực tiếp,NV11,Đã giao
DH000290,KH0355,2026-07-22 20:45:00,Showroom,NV06,Đã giao
DH007821,KH0391,2026-07-23 01:51:00,TMĐT - Shopee,NV23,Đã giao
DH009828,KH0265,2026-07-23 02:11:00,Đại lý,NV28,Đã giao
DH004346,KH0105,2026-07-23 04:04:00,TMĐT - Tiki,NV20,Đã giao
DH006552,KH0121,2026-07-23 06:01:00,Bán lẻ trực tiếp,NV19,Đã giao
DH009652,KH0127,2026-07-23 09:59:00,Đại lý,NV09,Mới
DH008643,KH0326,2026-07-23 12:09:00,Đại lý,NV12,Đã giao
DH005394,KH0262,2026-07-23 12:26:00,Showroom,NV24,Đang xử lý
DH008286,KH0155,2026-07-23 14:13:00,Bán lẻ trực tiếp,NV05,Đã giao
DH010891,KH0200,2026-07-23 16:12:00,Showroom,NV15,Đã giao
DH008160,KH0134,2026-07-23 18:29:00,Bán lẻ trực tiếp,NV04,Đã giao
DH001907,KH0447,2026-07-23 18:57:00,TMĐT - Shopee,NV14,Đã hủy
DH009639,KH0420,2026-07-23 19:23:00,TMĐT - Tiki,NV18,Đang xử lý
DH001784,KH0164,2026-07-23 21:57:00,TMĐT - Shopee,NV29,Đang xử lý
DH009062,KH0359,2026-07-24 00:19:00,TMĐT - Shopee,NV05,Đang xử lý
DH004666,KH0442,2026-07-24 02:11:00,TMĐT - Tiki,NV13,Đã giao
DH003586,KH0306,2026-07-24 02:11:00,Showroom,NV01,Đã giao
DH009798,KH0178,2026-07-24 02:18:00,Bán lẻ trực tiếp,NV11,Đã giao
DH002301,KH0185,2026-07-24 04:02:00,Bán lẻ trực tiếp,NV22,Đã giao
DH006276,KH0367,2026-07-24 04:48:00,Bán lẻ trực tiếp,NV10,Đã giao
DH011860,KH0089,2026-07-24 05:36:00,TMĐT - Tiki,NV16,Đã giao
DH011184,KH0365,2026-07-24 07:42:00,Bán lẻ trực tiếp,NV19,Trả hàng
DH007386,KH0193,2026-07-24 08:23:00,Đại lý,NV28,Đã giao
DH001990,KH0306,2026-07-24 08:42:00,TMĐT - Tiki,NV20,Đã giao
DH002178,KH0124,2026-07-24 09:35:00,Đại lý,NV20,Đã hủy
DH003786,KH0034,2026-07-24 15:15:00,Bán lẻ trực tiếp,NV05,Đã giao
DH007930,KH0306,2026-07-24 15:32:00,Showroom,NV19,Đã giao
DH003884,KH0412,2026-07-24 16:47:00,TMĐT - Lazada,NV14,Đang xử lý
DH007694,KH0227,2026-07-24 19:14:00,Bán lẻ trực tiếp,NV30,Đã giao
DH004580,KH0237,2026-07-24 20:56:00,TMĐT - Tiki,NV18,Đã giao
DH000224,KH0193,2026-07-24 21:20:00,Đại lý,NV10,Đã giao
DH006538,KH0198,2026-07-24 21:23:00,TMĐT - Tiki,NV15,Đã giao
DH003877,KH0007,2026-07-24 22:08:00,TMĐT - Lazada,NV30,Đã giao
DH002852,KH0231,2026-07-24 22:17:00,TMĐT - Tiki,NV11,Đã giao
DH008157,KH0305,2026-07-24 23:18:00,TMĐT - Lazada,NV18,Đã giao
DH003481,KH0054,2026-07-24 23:54:00,Đại lý,NV15,Đã giao
DH011566,KH0446,2026-07-25 01:38:00,Showroom,NV25,Đã giao
DH008736,KH0198,2026-07-25 01:45:00,Showroom,NV20,Đã giao
DH005998,KH0359,2026-07-25 04:49:00,TMĐT - Shopee,NV15,Đã giao
DH007104,KH0155,2026-07-25 07:21:00,TMĐT - Tiki,NV17,Đã giao
DH009304,KH0034,2026-07-25 08:42:00,Showroom,NV03,Mới
DH007273,KH0414,2026-07-25 10:58:00,TMĐT - Tiki,NV29,Đã giao
DH005872,KH0389,2026-07-25 11:12:00,TMĐT - Shopee,NV05,Đã giao
DH007604,KH0265,2026-07-25 12:21:00,TMĐT - Lazada,NV04,Đã giao
DH003938,KH0083,2026-07-25 14:00:00,TMĐT - Tiki,NV11,Đã giao
DH010371,KH0262,2026-07-25 14:25:00,Đại lý,NV28,Đã giao
DH008029,KH0233,2026-07-25 14:36:00,Showroom,NV09,Đã giao
DH010613,KH0446,2026-07-25 15:55:00,Showroom,NV04,Đã giao
DH004420,KH0054,2026-07-25 18:06:00,TMĐT - Lazada,NV03,Đã giao
DH000118,KH0196,2026-07-25 20:03:00,TMĐT - Shopee,NV23,Đã giao
DH010479,KH0402,2026-07-25 20:31:00,Showroom,NV26,Đã giao
DH000148,KH0194,2026-07-25 22:03:00,Đại lý,NV22,Đã giao
DH006612,KH0034,2026-07-26 00:04:00,TMĐT - Shopee,NV07,Đã giao
DH005497,KH0198,2026-07-26 02:22:00,Bán lẻ trực tiếp,NV28,Đã giao
DH003747,KH0201,2026-07-26 07:44:00,Đại lý,NV02,Đã giao
DH002031,KH0248,2026-07-26 10:09:00,TMĐT - Tiki,NV11,Đã giao
DH002783,KH0314,2026-07-26 11:52:00,TMĐT - Shopee,NV08,Đã giao
DH003505,KH0406,2026-07-26 16:37:00,Đại lý,NV06,Đã giao
DH009360,KH0311,2026-07-26 19:24:00,TMĐT - Tiki,NV27,Đã giao
DH004754,KH0199,2026-07-26 20:36:00,Bán lẻ trực tiếp,NV05,Đã giao
DH004874,KH0391,2026-07-26 21:54:00,Showroom,NV06,Đã giao
DH001397,KH0095,2026-07-26 22:19:00,TMĐT - Lazada,NV26,Đã hủy
DH008989,KH0297,2026-07-26 22:43:00,Đại lý,NV29,Đã giao
DH010694,KH0183,2026-07-26 23:07:00,Showroom,NV05,Đã giao
DH011516,KH0332,2026-07-27 06:33:00,TMĐT - Shopee,NV08,Đã giao
DH011036,KH0290,2026-07-27 06:51:00,Showroom,NV09,Đã giao
DH008748,KH0135,2026-07-27 07:02:00,Bán lẻ trực tiếp,NV15,Trả hàng
DH008374,KH0128,2026-07-27 08:06:00,TMĐT - Shopee,NV25,Đã giao
DH001005,KH0381,2026-07-27 09:01:00,Đại lý,NV06,Đã giao
DH001153,KH0275,2026-07-27 11:32:00,Bán lẻ trực tiếp,NV09,Đã giao
DH010034,KH0447,2026-07-27 15:00:00,Showroom,NV26,Đã giao
DH003686,KH0273,2026-07-27 15:02:00,Bán lẻ trực tiếp,NV10,Đã giao
DH001283,KH0269,2026-07-27 15:21:00,Bán lẻ trực tiếp,NV18,Đã giao
DH006592,KH0089,2026-07-27 19:52:00,TMĐT - Tiki,NV11,Đã giao
DH005533,KH0428,2026-07-27 20:20:00,Đại lý,NV05,Đã hủy
DH001666,KH0187,2026-07-27 21:54:00,Bán lẻ trực tiếp,NV18,Đã giao
DH004236,KH0070,2026-07-27 22:27:00,Bán lẻ trực tiếp,NV12,Đã giao
DH005186,KH0366,2026-07-27 22:43:00,TMĐT - Lazada,NV17,Đang xử lý
DH003934,KH0183,2026-07-28 03:46:00,Showroom,NV15,Đã giao
DH008971,KH0241,2026-07-28 05:38:00,Showroom,NV19,Đã giao
DH001281,KH0046,2026-07-28 06:28:00,Đại lý,NV28,Đã giao
DH009018,KH0141,2026-07-28 08:41:00,Bán lẻ trực tiếp,NV26,Đã giao
DH008277,KH0374,2026-07-28 10:22:00,TMĐT - Shopee,NV25,Đã giao
DH002521,KH0151,2026-07-28 13:02:00,Bán lẻ trực tiếp,NV27,Đã giao
DH009608,KH0391,2026-07-28 13:11:00,Bán lẻ trực tiếp,NV04,Đã giao
DH004511,KH0191,2026-07-28 14:04:00,Đại lý,NV02,Đang xử lý
DH006137,KH0356,2026-07-28 15:15:00,Showroom,NV02,Đã giao
DH001687,KH0415,2026-07-28 17:01:00,Đại lý,NV25,Đang xử lý
DH007650,KH0243,2026-07-28 17:53:00,Đại lý,NV12,Đã giao
DH009729,KH0246,2026-07-28 17:58:00,TMĐT - Lazada,NV14,Mới
DH010994,KH0384,2026-07-28 17:58:00,Đại lý,NV28,Đã giao
DH008036,KH0246,2026-07-28 18:18:00,Đại lý,NV21,Đã giao
DH008024,KH0004,2026-07-28 19:01:00,Bán lẻ trực tiếp,NV10,Đã giao
DH011737,KH0023,2026-07-28 22:31:00,Bán lẻ trực tiếp,NV02,Đã giao
DH006039,KH0306,2026-07-29 01:54:00,Đại lý,NV25,Đã giao
DH009290,KH0117,2026-07-29 02:43:00,Bán lẻ trực tiếp,NV05,Đã giao
DH011272,KH0060,2026-07-29 03:11:00,TMĐT - Tiki,NV09,Đang xử lý
DH009032,KH0108,2026-07-29 04:44:00,TMĐT - Lazada,NV08,Mới
DH008174,KH0407,2026-07-29 05:51:00,TMĐT - Shopee,NV10,Đã giao
DH004123,KH0034,2026-07-29 07:05:00,TMĐT - Lazada,NV15,Đã giao
DH005827,KH0183,2026-07-29 07:33:00,Showroom,NV22,Đã giao
DH005648,KH0262,2026-07-29 09:16:00,Bán lẻ trực tiếp,NV03,Đã giao
DH007782,KH0053,2026-07-29 11:03:00,Showroom,NV07,Đã giao
DH003474,KH0391,2026-07-29 11:36:00,TMĐT - Shopee,NV20,Đã giao
DH008599,KH0070,2026-07-29 12:07:00,TMĐT - Lazada,NV21,Đang xử lý
DH007967,KH0386,2026-07-29 12:43:00,TMĐT - Tiki,NV10,Đã giao
DH003323,KH0363,2026-07-29 13:31:00,TMĐT - Tiki,NV01,Đã giao
DH008852,KH0274,2026-07-29 14:11:00,Đại lý,NV04,Đang xử lý
DH007453,KH0054,2026-07-29 14:29:00,TMĐT - Shopee,NV17,Đã giao
DH009364,KH0413,2026-07-29 15:57:00,Đại lý,NV02,Mới
DH006179,KH0271,2026-07-29 17:25:00,Showroom,NV01,Đã giao
DH000789,KH0108,2026-07-29 17:39:00,TMĐT - Lazada,NV07,Đã giao
DH007514,KH0447,2026-07-29 17:43:00,TMĐT - Tiki,NV13,Đã giao
DH000379,KH0404,2026-07-29 19:05:00,TMĐT - Shopee,NV19,Đã giao
DH006646,KH0447,2026-07-30 00:34:00,TMĐT - Lazada,NV17,Đã giao
DH009922,KH0281,2026-07-30 01:29:00,Bán lẻ trực tiếp,NV27,Đã giao
DH004993,KH0391,2026-07-30 03:29:00,TMĐT - Lazada,NV11,Đã giao
DH000986,KH0442,2026-07-30 03:33:00,TMĐT - Lazada,NV03,Đã giao
DH008654,KH0213,2026-07-30 03:51:00,Bán lẻ trực tiếp,NV09,Đang xử lý
DH007092,KH0046,2026-07-30 04:30:00,TMĐT - Shopee,NV18,Đã hủy
DH006454,KH0409,2026-07-30 05:02:00,TMĐT - Shopee,NV01,Đã giao
DH009902,KH0396,2026-07-30 06:32:00,TMĐT - Tiki,NV08,Mới
DH009113,KH0323,2026-07-30 10:52:00,TMĐT - Tiki,NV26,Đã giao
DH000338,KH0396,2026-07-30 11:05:00,TMĐT - Lazada,NV18,Đã giao
DH007337,KH0365,2026-07-30 12:29:00,Bán lẻ trực tiếp,NV04,Đã giao
DH011004,KH0419,2026-07-30 13:40:00,TMĐT - Lazada,NV05,Đã giao
DH000337,KH0321,2026-07-30 13:45:00,TMĐT - Shopee,NV19,Đã giao
DH002762,KH0447,2026-07-30 14:18:00,TMĐT - Lazada,NV08,Đã giao
DH000708,KH0248,2026-07-30 14:21:00,TMĐT - Lazada,NV06,Đã giao
DH011230,KH0056,2026-07-30 14:38:00,Đại lý,NV02,Đã giao
DH001164,KH0359,2026-07-30 15:33:00,TMĐT - Tiki,NV06,Đang xử lý
DH004423,KH0391,2026-07-30 16:36:00,Bán lẻ trực tiếp,NV14,Đã giao
DH009938,KH0406,2026-07-30 16:38:00,TMĐT - Shopee,NV17,Đã giao
DH002831,KH0140,2026-07-30 17:05:00,Bán lẻ trực tiếp,NV27,Trả hàng
DH000570,KH0087,2026-07-30 17:11:00,Đại lý,NV21,Đã giao
DH007995,KH0261,2026-07-30 17:33:00,TMĐT - Tiki,NV09,Đã giao
DH010879,KH0257,2026-07-30 21:06:00,Bán lẻ trực tiếp,NV12,Đã hủy
DH004284,KH0314,2026-07-30 23:05:00,Showroom,NV25,Đã giao
DH005713,KH0012,2026-07-30 23:13:00,Đại lý,NV16,Đã giao
DH002610,KH0382,2026-07-31 00:23:00,TMĐT - Shopee,NV01,Đang xử lý
DH006633,KH0140,2026-07-31 00:46:00,Showroom,NV16,Đã giao
DH001795,KH0279,2026-07-31 03:51:00,Đại lý,NV24,Đã giao
DH002476,KH0180,2026-07-31 04:47:00,Đại lý,NV13,Đã giao
DH011046,KH0197,2026-07-31 07:21:00,Đại lý,NV19,Đã giao
DH006817,KH0204,2026-07-31 08:34:00,Đại lý,NV07,Đã giao
DH001699,KH0161,2026-07-31 10:36:00,Đại lý,NV14,Đã giao
DH009149,KH0179,2026-07-31 13:19:00,Showroom,NV25,Đã giao
DH009645,KH0327,2026-07-31 14:22:00,TMĐT - Shopee,NV12,Đã giao
DH003403,KH0267,2026-07-31 16:06:00,Đại lý,NV24,Đã hủy
DH010825,KH0257,2026-07-31 17:13:00,Bán lẻ trực tiếp,NV02,Đã giao
DH009341,KH0412,2026-07-31 18:11:00,Đại lý,NV16,Đang xử lý
DH011898,KH0034,2026-07-31 19:59:00,TMĐT - Lazada,NV08,Đã giao
DH001862,KH0391,2026-07-31 20:12:00,Bán lẻ trực tiếp,NV15,Đã giao
DH011444,KH0391,2026-07-31 21:07:00,Showroom,NV04,Đã giao
DH005618,KH0215,2026-07-31 21:15:00,TMĐT - Lazada,NV17,Đã giao
DH004483,KH0420,2026-07-31 21:45:00,Bán lẻ trực tiếp,NV21,Đã giao
